time_sec,source,valid,manual_enabled,left_target_elbow_x,left_target_elbow_y,left_target_elbow_z,left_target_wrist_x,left_target_wrist_y,left_target_wrist_z,right_target_elbow_x,right_target_elbow_y,right_target_elbow_z,right_target_wrist_x,right_target_wrist_y,right_target_wrist_z,left_shoulder_loss,left_elbow_loss,left_elbow_error,left_wrist_error,right_shoulder_loss,right_elbow_loss,right_elbow_error,right_wrist_error,torso_joint,neck_joint,head_joint,left_shoulder_pitch_joint,left_shoulder_roll_joint,left_shoulder_yaw_joint,left_elbow_joint,right_shoulder_pitch_joint,right_shoulder_roll_joint,right_shoulder_yaw_joint,right_elbow_joint,left_hip_joint,left_knee_joint,left_ankle_joint,right_hip_joint,right_knee_joint,right_ankle_joint
1778537461.518878,sequential_ik_elbow_then_wrist,0,0,-0.147747,0.069806,-0.251591,-0.365371,0.095754,-0.456448,0.003067,-0.169491,-0.247514,-0.178568,-0.214700,-0.481960,0.024349,0.075874,0.122574,0.274520,0.010405,0.037790,0.070878,0.187756,0.000000,0.000000,0.000000,0.125912,-0.194559,-0.753600,0.254377,0.002293,-0.176049,0.753600,0.320891,0.000000,0.000000,0.000000,0.000000,0.000000,0.000000
1778537461.576406,sequential_ik_elbow_then_wrist,0,0,-0.130213,0.054787,-0.264656,-0.343032,0.080735,-0.474502,0.016243,-0.166047,-0.249328,-0.175665,-0.186855,-0.478976,0.005062,0.045110,0.063462,0.209349,0.000741,0.037541,0.019004,0.193726,0.000000,0.000000,0.000000,0.271512,-0.401320,-1.326336,0.209744,0.013044,-0.355758,1.326336,0.404747,0.000000,0.000000,0.000000,0.000000,0.000000,0.000000
1778537461.629485,sequential_ik_elbow_then_wrist,0,0,-0.129185,0.078250,-0.259207,-0.348484,0.050696,-0.462058,0.019986,-0.185178,-0.235180,-0.153612,-0.277488,-0.461769,0.000999,0.042897,0.030232,0.206771,0.000053,0.035140,0.006502,0.185863,0.000000,0.000000,0.000000,0.404352,-0.558242,-1.761615,0.147140,0.027614,-0.488002,1.761615,0.409959,0.000000,0.000000,0.000000,0.000000,0.000000,0.000000
1778537461.686228,sequential_ik_elbow_then_wrist,0,0,-0.113518,0.070258,-0.268658,-0.350337,0.058369,-0.452439,0.010925,-0.190124,-0.231805,-0.168194,-0.318569,-0.435319,0.000406,0.035068,0.018917,0.186671,0.000009,0.040829,0.002351,0.201200,0.000000,0.000000,0.000000,0.517874,-0.688470,-2.092428,0.063826,0.036897,-0.584123,2.092428,0.369158,0.000000,0.000000,0.000000,0.000000,0.000000,0.000000
1778537461.754781,sequential_ik_elbow_then_wrist,0,0,-0.087170,0.066871,-0.279159,-0.340046,0.072042,-0.440488,0.002171,-0.184037,-0.236908,-0.150290,-0.311680,-0.461548,0.000109,0.033180,0.007363,0.182155,0.000042,0.028669,0.005781,0.169258,0.000000,0.000000,0.000000,0.606092,-0.805058,-2.343845,0.000508,0.038160,-0.661275,2.343845,0.327298,0.000000,0.000000,0.000000,0.000000,0.000000,0.000000
1778537461.823542,sequential_ik_elbow_then_wrist,1,0,-0.057341,0.080509,-0.283250,-0.282843,0.131212,-0.474503,-0.006543,-0.171387,-0.246137,-0.128152,-0.236867,-0.512452,0.000546,0.014224,0.022326,0.119265,0.000112,0.018012,0.009044,0.133346,0.000000,0.000000,0.000000,0.662675,-0.906518,-2.534922,-0.047614,0.031286,-0.730533,2.534922,0.331968,0.000000,0.000000,0.000000,0.000000,0.000000,0.000000
1778537461.875719,sequential_ik_elbow_then_wrist,1,0,-0.037093,0.093407,-0.282665,-0.242108,0.149774,-0.494305,-0.015540,-0.141213,-0.264230,-0.131728,-0.210052,-0.532113,0.001553,0.008359,0.038724,0.091425,0.000323,0.016221,0.014474,0.127289,0.000000,0.000000,0.000000,0.689037,-0.988932,-2.680141,-0.084187,0.016939,-0.807108,2.680141,0.325170,0.000000,0.000000,0.000000,0.000000,0.000000,0.000000
1778537461.943373,sequential_ik_elbow_then_wrist,1,0,-0.043498,0.096769,-0.280613,-0.259226,0.143275,-0.483834,-0.020336,-0.109391,-0.278604,-0.139853,-0.162925,-0.548510,0.000986,0.014085,0.030832,0.118679,0.000412,0.017257,0.016639,0.131228,0.000000,0.000000,0.000000,0.695529,-1.047059,-2.790507,-0.111982,-0.002146,-0.891977,2.790507,0.305569,0.000000,0.000000,0.000000,0.000000,0.000000,0.000000
1778537461.994864,sequential_ik_elbow_then_wrist,1,0,-0.035598,0.109906,-0.276864,-0.257064,0.175678,-0.468245,-0.018167,-0.099068,-0.282587,-0.131341,-0.166750,-0.552051,0.001470,0.015129,0.037527,0.122998,0.000153,0.014304,0.010941,0.119083,0.000000,0.000000,0.000000,0.682713,-1.085084,-2.874385,-0.133106,-0.021587,-0.969323,2.874385,0.263995,0.000000,0.000000,0.000000,0.000000,0.000000,0.000000
1778537462.067867,sequential_ik_elbow_then_wrist,1,0,-0.026168,0.125407,-0.271272,-0.251390,0.190190,-0.458564,-0.013980,-0.089009,-0.286150,-0.131777,-0.145537,-0.556203,0.001981,0.017579,0.043337,0.132587,0.000062,0.014315,0.006657,0.119595,0.000000,0.000000,0.000000,0.650319,-1.104997,-2.938133,-0.149161,-0.038803,-1.037751,2.938133,0.223974,0.000000,0.000000,0.000000,0.000000,0.000000,0.000000
1778537462.129136,sequential_ik_elbow_then_wrist,1,0,-0.013666,0.140960,-0.264468,-0.227679,0.216832,-0.460535,-0.012168,-0.074305,-0.290398,-0.133201,-0.158874,-0.551547,0.002375,0.016227,0.047122,0.127387,0.000065,0.014389,0.006355,0.119300,0.000000,0.000000,0.000000,0.597922,-1.109185,-2.986581,-0.161362,-0.053600,-1.101446,2.986581,0.163499,0.000000,0.000000,0.000000,0.000000,0.000000,0.000000
1778537462.174914,sequential_ik_elbow_then_wrist,1,0,-0.014062,0.107655,-0.279665,-0.207190,0.198978,-0.490288,-0.038889,-0.089640,-0.283641,-0.188348,-0.207420,-0.515567,0.000800,0.016286,0.026785,0.127615,0.000717,0.026154,0.026145,0.160937,0.000000,0.000000,0.000000,0.543969,-1.128924,-3.023402,-0.170635,-0.074788,-1.140265,3.023402,0.079369,0.000000,0.000000,0.000000,0.000000,0.000000,0.000000
1778537462.244983,sequential_ik_elbow_then_wrist,0,0,-0.002063,0.081077,-0.288829,-0.177069,0.190604,-0.506492,-0.066044,-0.096598,-0.276237,-0.247524,-0.207614,-0.487756,0.000759,0.013428,0.025651,0.115880,0.001985,0.040621,0.043539,0.201542,0.000000,0.000000,0.000000,0.492849,-1.165874,-3.051385,-0.177683,-0.110316,-1.158047,3.051385,0.012320,0.000000,0.000000,0.000000,0.000000,0.000000,0.000000
1778537462.305958,sequential_ik_elbow_then_wrist,1,0,-0.009926,0.073437,-0.290703,-0.167580,0.194671,-0.515309,-0.039843,-0.098186,-0.280664,-0.222808,-0.213512,-0.488567,0.000194,0.012774,0.013415,0.113023,0.000210,0.028750,0.014210,0.169559,0.000000,0.000000,0.000000,0.449493,-1.201793,-3.072653,-0.183039,-0.144087,-1.171351,3.072653,-0.038637,0.000000,0.000000,0.000000,0.000000,0.000000,0.000000
1778537462.362688,sequential_ik_elbow_then_wrist,1,0,-0.019336,0.063112,-0.292648,-0.154985,0.193916,-0.526079,-0.056083,-0.098718,-0.277686,-0.242021,-0.201137,-0.489671,0.000013,0.010815,0.002468,0.103993,0.000622,0.031246,0.024382,0.176766,0.000000,0.000000,0.000000,0.416265,-1.235280,-3.088816,-0.187110,-0.181754,-1.177519,3.088816,-0.077364,0.000000,0.000000,0.000000,0.000000,0.000000,0.000000
1778537462.421389,sequential_ik_elbow_then_wrist,1,0,0.001855,0.050066,-0.295787,-0.110453,0.195532,-0.532909,-0.028828,-0.106638,-0.278922,-0.189999,-0.223316,-0.503444,0.000322,0.007414,0.016998,0.086104,0.000012,0.014499,0.003324,0.120414,0.000000,0.000000,0.000000,0.387020,-1.273854,-3.101100,-0.190203,-0.208705,-1.181620,3.101100,-0.106797,0.000000,0.000000,0.000000,0.000000,0.000000,0.000000
1778537462.476337,sequential_ik_elbow_then_wrist,1,0,0.000730,0.050448,-0.295727,-0.110768,0.200358,-0.530450,-0.004812,-0.108459,-0.279667,-0.151672,-0.234450,-0.508923,0.000220,0.009187,0.014740,0.095851,0.000508,0.008605,0.022060,0.092765,0.000000,0.000000,0.000000,0.361671,-1.305619,-3.110436,-0.192554,-0.218311,-1.187329,3.110436,-0.129165,0.000000,0.000000,0.000000,0.000000,0.000000,0.000000
1778537462.551911,sequential_ik_elbow_then_wrist,1,0,-0.001587,0.051834,-0.295484,-0.131061,0.200790,-0.521423,-0.002757,-0.117409,-0.276057,-0.151508,-0.251337,-0.499522,0.000153,0.013217,0.012332,0.114965,0.000475,0.010310,0.021192,0.101539,0.000000,0.000000,0.000000,0.339810,-1.329000,-3.117531,-0.194341,-0.214792,-1.186130,3.117531,-0.146166,0.000000,0.000000,0.000000,0.000000,0.000000,0.000000
1778537462.613342,sequential_ik_elbow_then_wrist,1,0,-0.003474,0.079056,-0.289375,-0.164609,0.223589,-0.497092,-0.000922,-0.122497,-0.273850,-0.142620,-0.249869,-0.505578,0.000365,0.018545,0.017594,0.136179,0.000378,0.010804,0.018845,0.103916,0.000000,0.000000,0.000000,0.318687,-1.329511,-3.122924,-0.195699,-0.201862,-1.180242,3.122924,-0.153372,0.000000,0.000000,0.000000,0.000000,0.000000,0.000000
1778537462.670982,sequential_ik_elbow_then_wrist,1,0,-0.001692,0.086843,-0.287151,-0.168354,0.236106,-0.487011,0.000875,-0.128224,-0.271215,-0.143093,-0.244943,-0.507118,0.000350,0.019357,0.018175,0.139129,0.000293,0.013592,0.016515,0.116412,0.000000,0.000000,0.000000,0.296525,-1.321091,-3.127022,-0.196732,-0.182492,-1.170482,3.127022,-0.143556,0.000000,0.000000,0.000000,0.000000,0.000000,0.000000
1778537462.728170,sequential_ik_elbow_then_wrist,1,0,-0.008830,0.094380,-0.284630,-0.157206,0.248969,-0.494599,0.025964,-0.126777,-0.270654,-0.090153,-0.231252,-0.526782,0.000142,0.014768,0.011313,0.121525,0.001053,0.007139,0.031514,0.083857,0.000000,0.000000,0.000000,0.275414,-1.306754,-3.130137,-0.197516,-0.149147,-1.162984,3.130137,-0.111250,0.000000,0.000000,0.000000,0.000000,0.000000,0.000000
1778537462.783411,sequential_ik_elbow_then_wrist,1,0,-0.002099,0.095322,-0.284446,-0.166393,0.239159,-0.490160,0.014103,-0.134530,-0.267774,-0.135010,-0.237450,-0.506882,0.000240,0.018149,0.015246,0.134717,0.000246,0.019513,0.014995,0.139643,0.000000,0.000000,0.000000,0.253076,-1.294069,-3.132504,-0.198112,-0.114572,-1.151147,3.132504,-0.078215,0.000000,0.000000,0.000000,0.000000,0.000000,0.000000
1778537462.851648,sequential_ik_elbow_then_wrist,1,0,-0.045022,0.096695,-0.280398,-0.218000,0.226621,-0.488239,0.010280,-0.135098,-0.267662,-0.136231,-0.260781,-0.497310,0.000538,0.029007,0.022620,0.170316,0.000071,0.021346,0.008078,0.146044,0.000000,0.000000,0.000000,0.246110,-1.277383,-3.134303,-0.198565,-0.083096,-1.140196,3.134303,-0.062894,0.000000,0.000000,0.000000,0.000000,0.000000,0.000000
1778537462.903452,sequential_ik_elbow_then_wrist,1,0,-0.045058,0.099843,-0.279287,-0.224803,0.221734,-0.486251,0.014829,-0.135069,-0.267463,-0.127806,-0.266417,-0.496380,0.000340,0.028043,0.017997,0.167460,0.000091,0.020803,0.009202,0.144224,0.000000,0.000000,0.000000,0.249380,-1.260589,-3.135670,-0.198910,-0.053163,-1.131206,3.135670,-0.054544,0.000000,0.000000,0.000000,0.000000,0.000000,0.000000
1778537462.983096,sequential_ik_elbow_then_wrist,1,0,-0.039981,0.101791,-0.279357,-0.220697,0.223308,-0.485695,0.014859,-0.131972,-0.269003,-0.124886,-0.266462,-0.497878,0.000110,0.024797,0.010236,0.157469,0.000052,0.021313,0.006927,0.145988,0.000000,0.000000,0.000000,0.256902,-1.246340,-3.136709,-0.199171,-0.025963,-1.126249,3.136709,-0.050132,0.000000,0.000000,0.000000,0.000000,0.000000,0.000000
1778537463.025097,sequential_ik_elbow_then_wrist,1,0,-0.029775,0.106099,-0.279027,-0.201433,0.236157,-0.487878,0.016168,-0.130213,-0.269784,-0.122878,-0.258563,-0.502576,0.000001,0.018491,0.000781,0.135981,0.000041,0.021801,0.006195,0.147640,0.000000,0.000000,0.000000,0.262299,-1.234298,-3.137499,-0.199370,-0.001376,-1.123982,3.137499,-0.042198,0.000000,0.000000,0.000000,0.000000,0.000000,0.000000
1778537463.090081,sequential_ik_elbow_then_wrist,1,0,-0.033672,0.105411,-0.278845,-0.211540,0.225996,-0.488183,0.012296,-0.132363,-0.268940,-0.130246,-0.259963,-0.500025,0.000008,0.021260,0.002682,0.145808,0.000003,0.024464,0.001625,0.156407,0.000000,0.000000,0.000000,0.267754,-1.224584,-3.138099,-0.199521,0.018319,-1.121328,3.138099,-0.034359,0.000000,0.000000,0.000000,0.000000,0.000000,0.000000
1778537463.148243,sequential_ik_elbow_then_wrist,1,0,-0.040954,0.101615,-0.279280,-0.229314,0.200242,-0.490924,0.016876,-0.139810,-0.264893,-0.122768,-0.275396,-0.493182,0.000080,0.027111,0.008735,0.164654,0.000027,0.023443,0.004515,0.153110,0.000000,0.000000,0.000000,0.276296,-1.218014,-3.138556,-0.199636,0.035951,-1.113657,3.138556,-0.029768,0.000000,0.000000,0.000000,0.000000,0.000000,0.000000
1778537463.200988,sequential_ik_elbow_then_wrist,1,0,-0.047599,0.098030,-0.279508,-0.241402,0.193383,-0.487710,0.020194,-0.143201,-0.262842,-0.116707,-0.280248,-0.491918,0.000182,0.029499,0.013193,0.171754,0.000031,0.022891,0.005134,0.151290,0.000000,0.000000,0.000000,0.289356,-1.213893,-3.138902,-0.199724,0.052787,-1.103894,3.138902,-0.022843,0.000000,0.000000,0.000000,0.000000,0.000000,0.000000
1778537463.278704,sequential_ik_elbow_then_wrist,1,0,-0.037117,0.099798,-0.280469,-0.222572,0.204989,-0.491517,0.033935,-0.146046,-0.259844,-0.099216,-0.273993,-0.496277,0.000006,0.022188,0.002271,0.148957,0.000179,0.020658,0.012699,0.143597,0.000000,0.000000,0.000000,0.300368,-1.212095,-3.139166,-0.199790,0.074762,-1.092123,3.139166,-0.002805,0.000000,0.000000,0.000000,0.000000,0.000000,0.000000
1778537463.325982,sequential_ik_elbow_then_wrist,1,0,-0.034577,0.101202,-0.280290,-0.223699,0.205206,-0.488656,0.035709,-0.147676,-0.258682,-0.095075,-0.276707,-0.495846,0.000000,0.022803,0.000528,0.151007,0.000103,0.021763,0.009612,0.147479,0.000000,0.000000,0.000000,0.308480,-1.210709,-3.139366,-0.199840,0.098658,-1.080596,3.139366,0.020877,0.000000,0.000000,0.000000,0.000000,0.000000,0.000000
1778537463.379772,sequential_ik_elbow_then_wrist,1,0,-0.022693,0.102686,-0.280964,-0.207252,0.211153,-0.491137,0.038655,-0.144376,-0.260118,-0.092502,-0.273277,-0.497146,0.000107,0.019392,0.010133,0.139256,0.000087,0.022994,0.008890,0.151623,0.000000,0.000000,0.000000,0.309774,-1.211149,-3.139518,-0.199879,0.123495,-1.072981,3.139518,0.043991,0.000000,0.000000,0.000000,0.000000,0.000000,0.000000
1778537463.441251,sequential_ik_elbow_then_wrist,1,0,-0.012796,0.103915,-0.281137,-0.186947,0.225280,-0.493132,0.042221,-0.144217,-0.259651,-0.081133,-0.286073,-0.493448,0.000285,0.015675,0.016558,0.125200,0.000078,0.022429,0.008447,0.149741,0.000000,0.000000,0.000000,0.302930,-1.212677,-3.139634,-0.199908,0.148715,-1.066861,3.139634,0.055580,0.000000,0.000000,0.000000,0.000000,0.000000,0.000000
1778537463.508019,sequential_ik_elbow_then_wrist,1,0,-0.006332,0.104662,-0.281080,-0.177441,0.229984,-0.493250,0.039658,-0.143018,-0.260717,-0.085943,-0.297256,-0.485294,0.000380,0.015594,0.019140,0.124877,0.000020,0.026019,0.004275,0.161244,0.000000,0.000000,0.000000,0.288765,-1.214305,-3.139722,-0.199930,0.171058,-1.063328,3.139722,0.053854,0.000000,0.000000,0.000000,0.000000,0.000000,0.000000
1778537463.570801,sequential_ik_elbow_then_wrist,1,0,0.002458,0.100758,-0.282563,-0.157477,0.228704,-0.501767,0.047195,-0.140808,-0.260664,-0.068635,-0.297964,-0.488447,0.000530,0.013332,0.022591,0.115465,0.000076,0.022790,0.008303,0.150958,0.000000,0.000000,0.000000,0.267779,-1.218834,-3.139788,-0.199947,0.194198,-1.060955,3.139788,0.049387,0.000000,0.000000,0.000000,0.000000,0.000000,0.000000
1778537463.639030,sequential_ik_elbow_then_wrist,1,0,0.003627,0.100813,-0.282531,-0.153874,0.240430,-0.496307,0.046490,-0.138456,-0.262047,-0.069990,-0.297468,-0.488205,0.000416,0.014792,0.020058,0.121624,0.000036,0.024671,0.005738,0.157069,0.000000,0.000000,0.000000,0.242896,-1.222614,-3.139839,-0.199960,0.215960,-1.060874,3.139839,0.044406,0.000000,0.000000,0.000000,0.000000,0.000000,0.000000
1778537463.686518,sequential_ik_elbow_then_wrist,1,0,0.009871,0.098181,-0.283308,-0.124577,0.252032,-0.502974,0.041796,-0.137291,-0.263447,-0.081672,-0.292282,-0.488688,0.000499,0.010462,0.021969,0.102283,0.000003,0.028306,0.001324,0.168243,0.000000,0.000000,0.000000,0.214390,-1.227302,-3.139878,-0.199969,0.233265,-1.062921,3.139878,0.042350,0.000000,0.000000,0.000000,0.000000,0.000000,0.000000
1778537463.748908,sequential_ik_elbow_then_wrist,1,0,0.017872,0.096395,-0.283529,-0.130698,0.241818,-0.499814,0.043870,-0.130235,-0.266672,-0.075710,-0.281353,-0.496594,0.000668,0.014428,0.025434,0.120116,0.000021,0.026110,0.004035,0.161583,0.000000,0.000000,0.000000,0.181862,-1.232270,-3.139907,-0.199977,0.248915,-1.069240,3.139907,0.042508,0.000000,0.000000,0.000000,0.000000,0.000000,0.000000
1778537463.805891,sequential_ik_elbow_then_wrist,1,0,0.008267,0.093581,-0.284911,-0.145950,0.237127,-0.498480,0.045977,-0.126528,-0.268098,-0.070560,-0.263669,-0.508122,0.000187,0.019865,0.013444,0.140942,0.000029,0.023707,0.005039,0.153920,0.000000,0.000000,0.000000,0.151505,-1.237468,-3.139929,-0.199982,0.264063,-1.077101,3.139929,0.052247,0.000000,0.000000,0.000000,0.000000,0.000000,0.000000
1778537463.873433,sequential_ik_elbow_then_wrist,1,0,0.011597,0.093212,-0.284916,-0.145338,0.235108,-0.497606,0.045210,-0.126215,-0.268376,-0.074026,-0.258624,-0.509728,0.000215,0.021477,0.014432,0.146550,0.000011,0.024875,0.003161,0.157699,0.000000,0.000000,0.000000,0.122446,-1.241852,-3.139946,-0.199986,0.277619,-1.084121,3.139946,0.065539,0.000000,0.000000,0.000000,0.000000,0.000000,0.000000
1778537463.935965,sequential_ik_elbow_then_wrist,0,0,-0.001652,0.089458,-0.286347,-0.156030,0.227846,-0.503179,0.025324,-0.125994,-0.271080,-0.118521,-0.237148,-0.509729,0.000002,0.024416,0.001252,0.156257,0.000153,0.035686,0.011847,0.188826,0.000000,0.000000,0.000000,0.099985,-1.247447,-3.139959,-0.199990,0.280564,-1.093849,3.139959,0.089069,0.000000,0.000000,0.000000,0.000000,0.000000,0.000000
1778537464.005628,sequential_ik_elbow_then_wrist,0,0,-0.003433,0.087448,-0.286951,-0.150058,0.230377,-0.506206,0.021980,-0.125897,-0.271416,-0.134878,-0.228091,-0.505835,0.000002,0.022442,0.001033,0.149808,0.000136,0.039209,0.011287,0.197996,0.000000,0.000000,0.000000,0.083227,-1.253480,-3.139969,-0.199992,0.275915,-1.102707,3.139969,0.113082,0.000000,0.000000,0.000000,0.000000,0.000000,0.000000
1778537464.058532,sequential_ik_elbow_then_wrist,0,0,-0.004981,0.080220,-0.289033,-0.143293,0.224107,-0.513011,0.021138,-0.130133,-0.269478,-0.155853,-0.227810,-0.491139,0.000013,0.020274,0.002939,0.142385,0.000105,0.047117,0.009895,0.217059,0.000000,0.000000,0.000000,0.071333,-1.263080,-3.139976,-0.199994,0.266274,-1.106924,3.139976,0.134818,0.000000,0.000000,0.000000,0.000000,0.000000,0.000000
1778537464.127930,sequential_ik_elbow_then_wrist,0,0,-0.003442,0.074590,-0.290559,-0.140569,0.216398,-0.516583,0.031045,-0.132721,-0.267248,-0.139087,-0.247570,-0.486028,0.000008,0.019672,0.001959,0.140257,0.000005,0.042035,0.001567,0.204982,0.000000,0.000000,0.000000,0.062580,-1.275150,-3.139982,-0.199995,0.258563,-1.106221,3.139982,0.141300,0.000000,0.000000,0.000000,0.000000,0.000000,0.000000
1778537464.171748,sequential_ik_elbow_then_wrist,0,0,0.001326,0.072751,-0.291042,-0.133719,0.220932,-0.514213,0.051049,-0.133471,-0.263779,-0.104381,-0.263715,-0.484863,0.000014,0.018833,0.003622,0.137232,0.000201,0.033482,0.013490,0.182956,0.000000,0.000000,0.000000,0.054791,-1.286679,-3.139986,-0.199997,0.261757,-1.100632,3.139986,0.138993,0.000000,0.000000,0.000000,0.000000,0.000000,0.000000
1778537464.231536,sequential_ik_elbow_then_wrist,0,0,-0.003040,0.073471,-0.290848,-0.135734,0.225746,-0.512669,0.053649,-0.132289,-0.263859,-0.093641,-0.285788,-0.475386,0.000001,0.019639,0.000752,0.140140,0.000143,0.035029,0.011460,0.187054,0.000000,0.000000,0.000000,0.049111,-1.295439,-3.139990,-0.199997,0.272140,-1.095215,3.139990,0.122202,0.000000,0.000000,0.000000,0.000000,0.000000,0.000000
1778537464.300067,sequential_ik_elbow_then_wrist,0,0,-0.011314,0.077173,-0.289683,-0.159993,0.241590,-0.491826,0.052989,-0.132508,-0.263882,-0.128406,-0.278031,-0.453405,0.000068,0.028450,0.008112,0.168671,0.000063,0.053435,0.007598,0.231153,0.000000,0.000000,0.000000,0.047444,-1.299514,-3.139992,-0.199998,0.285348,-1.090680,3.139992,0.113944,0.000000,0.000000,0.000000,0.000000,0.000000,0.000000
1778537464.358962,sequential_ik_elbow_then_wrist,0,0,-0.010724,0.083312,-0.288000,-0.169106,0.280480,-0.449368,0.042417,-0.140074,-0.261878,-0.156695,-0.289835,-0.428989,0.000049,0.039779,0.006638,0.199447,0.000015,0.070405,0.003532,0.265331,0.000000,0.000000,0.000000,0.048434,-1.298066,-3.139994,-0.199998,0.292969,-1.084457,3.139994,0.102843,0.000000,0.000000,0.000000,0.000000,0.000000,0.000000
1778537464.415213,sequential_ik_elbow_then_wrist,0,0,-0.026483,0.088332,-0.285475,-0.220953,0.279460,-0.410582,0.032852,-0.153195,-0.255836,-0.177417,-0.312289,-0.398931,0.000386,0.062632,0.019287,0.250264,0.000154,0.082966,0.011461,0.287942,0.000000,0.000000,0.000000,0.056489,-1.291774,-3.139995,-0.199999,0.290310,-1.071968,3.139995,0.076546,0.000000,0.000000,0.000000,0.000000,0.000000,0.000000
1778537464.472434,sequential_ik_elbow_then_wrist,0,0,-0.036434,0.088072,-0.284457,-0.231866,0.297194,-0.374315,-0.020160,-0.159799,-0.253097,-0.264779,-0.295853,-0.361034,0.000659,0.075008,0.025306,0.273876,0.002034,0.117400,0.042909,0.342456,0.000000,0.000000,0.000000,0.072709,-1.284707,-3.139997,-0.199999,0.254978,-1.061396,3.139997,0.029834,0.000000,0.000000,0.000000,0.000000,0.000000,0.000000
1778537464.536398,sequential_ik_elbow_then_wrist,0,0,-0.058916,0.109006,-0.273215,-0.269378,0.318217,-0.317221,-0.060721,-0.164256,-0.243583,-0.305699,-0.326761,-0.303400,0.001500,0.093090,0.037295,0.305106,0.003309,0.112473,0.054348,0.335270,0.000000,0.000000,0.000000,0.102556,-1.261353,-3.139997,-0.199999,0.183684,-1.044756,3.139997,-0.025327,0.000000,0.000000,0.000000,0.000000,0.000000,0.000000
1778537464.589268,sequential_ik_elbow_then_wrist,0,0,-0.070053,0.137523,-0.257255,-0.299203,0.330591,-0.242603,-0.047672,-0.169887,-0.242622,-0.286025,-0.348340,-0.279261,0.001195,0.106454,0.031695,0.326273,0.000711,0.086014,0.024804,0.293282,0.000000,0.000000,0.000000,0.144489,-1.216650,-3.139998,-0.199999,0.107393,-1.024130,3.139998,-0.067248,0.000000,0.000000,0.000000,0.000000,0.000000,0.000000
1778537464.658518,sequential_ik_elbow_then_wrist,0,0,-0.107265,0.137522,-0.244094,-0.359482,0.294786,-0.203419,-0.058784,-0.167742,-0.241675,-0.312457,-0.326823,-0.260207,0.002130,0.114202,0.043203,0.337938,0.000526,0.090028,0.021327,0.300047,0.000000,0.000000,0.000000,0.210244,-1.163471,-3.139998,-0.200000,0.029479,-1.005310,3.139998,-0.099109,0.000000,0.000000,0.000000,0.000000,0.000000,0.000000
1778537464.717599,sequential_ik_elbow_then_wrist,0,0,-0.104019,0.155803,-0.234319,-0.352531,0.299795,-0.147670,-0.050350,-0.177111,-0.236847,-0.303594,-0.337552,-0.225613,0.000487,0.113172,0.019509,0.336411,0.000059,0.089866,0.006723,0.299776,0.000000,0.000000,0.000000,0.277680,-1.105477,-3.139999,-0.200000,-0.035920,-0.984474,3.139999,-0.123323,0.000000,0.000000,0.000000,0.000000,0.000000,0.000000
1778537464.774917,sequential_ik_elbow_then_wrist,0,0,-0.108472,0.165477,-0.225502,-0.350918,0.296508,-0.106964,-0.044683,-0.195016,-0.223545,-0.286145,-0.361046,-0.159281,0.000158,0.117617,0.010533,0.342953,0.000069,0.101278,0.005653,0.318243,0.000000,0.000000,0.000000,0.339008,-1.048390,-3.139999,-0.200000,-0.083581,-0.954259,3.139999,-0.141725,0.000000,0.000000,0.000000,0.000000,0.000000,0.000000
1778537464.834765,sequential_ik_elbow_then_wrist,0,0,-0.128488,0.171232,-0.210167,-0.363877,0.293312,-0.069851,-0.041071,-0.202649,-0.217363,-0.281108,-0.360161,-0.130344,0.000250,0.049841,0.012957,0.195972,0.000040,0.109821,0.004837,0.331393,0.000000,0.000000,0.000000,0.399494,-0.988327,-2.386399,0.056653,-0.115599,-0.922397,3.139999,-0.155711,0.000000,0.000000,0.000000,0.000000,0.000000,0.000000
1778537464.903676,sequential_ik_elbow_then_wrist,0,0,-0.141229,0.193606,-0.180474,-0.367902,0.310716,-0.022662,-0.059823,-0.205909,-0.209816,-0.307956,-0.333993,-0.100157,0.000268,0.016951,0.011167,0.126032,0.000079,0.127262,0.007348,0.356738,0.000000,0.000000,0.000000,0.451083,-0.914464,-1.813663,0.330109,-0.148341,-0.889572,3.139999,-0.166340,0.000000,0.000000,0.000000,0.000000,0.000000,0.000000
1778537464.960655,sequential_ik_elbow_then_wrist,0,0,-0.142212,0.208065,-0.162741,-0.354904,0.322962,0.014913,-0.133399,-0.187382,-0.192595,-0.389822,-0.267445,-0.059038,0.000125,0.012015,0.007486,0.109352,0.001832,0.090643,0.036900,0.284830,0.000000,0.000000,0.000000,0.487998,-0.838496,-1.378384,0.556005,-0.223371,-0.850628,2.386400,0.059695,0.000000,0.000000,0.000000,0.000000,0.000000,0.000000
1778537465.026127,sequential_ik_elbow_then_wrist,0,0,-0.143901,0.218360,-0.147009,-0.340577,0.306595,0.061638,-0.141923,-0.191603,-0.182061,-0.380400,-0.270665,-0.018116,0.000084,0.013071,0.006197,0.113988,0.000452,0.036363,0.017526,0.185662,0.000000,0.000000,0.000000,0.512470,-0.764886,-1.047572,0.748789,-0.305986,-0.807607,1.813664,0.335897,0.000000,0.000000,0.000000,0.000000,0.000000,0.000000
1778537465.079364,sequential_ik_elbow_then_wrist,1,0,-0.146068,0.229785,-0.125948,-0.328152,0.286003,0.105752,-0.159369,-0.194583,-0.163520,-0.379749,-0.264997,0.027462,0.000110,0.015031,0.007043,0.122328,0.000269,0.021943,0.012583,0.147480,0.000000,0.000000,0.000000,0.527082,-0.690714,-0.796155,0.914860,-0.387043,-0.757543,1.378384,0.579095,0.000000,0.000000,0.000000,0.000000,0.000000,0.000000
1778537465.145849,sequential_ik_elbow_then_wrist,1,0,-0.145356,0.236073,-0.114635,-0.301570,0.275126,0.138490,-0.171312,-0.205320,-0.136000,-0.389949,-0.245952,0.065362,0.000049,0.012556,0.004695,0.111754,0.000208,0.023020,0.009868,0.151705,0.000000,0.000000,0.000000,0.534502,-0.622549,-0.605078,1.060705,-0.457119,-0.695747,1.047572,0.769391,0.000000,0.000000,0.000000,0.000000,0.000000,0.000000
1778537465.198812,sequential_ik_elbow_then_wrist,1,0,-0.145775,0.243433,-0.097417,-0.284180,0.268514,0.167564,-0.170739,-0.219231,-0.113074,-0.373311,-0.225968,0.108104,0.000065,0.011044,0.005405,0.104996,0.000141,0.024938,0.007927,0.157804,0.000000,0.000000,0.000000,0.536905,-0.556685,-0.459859,1.182200,-0.507407,-0.627764,0.796155,0.928498,0.000000,0.000000,0.000000,0.000000,0.000000,0.000000
1778537465.253274,sequential_ik_elbow_then_wrist,1,0,-0.142902,0.253760,-0.072008,-0.277922,0.269745,0.195413,-0.163202,-0.235090,-0.089988,-0.362903,-0.215710,0.133045,0.000130,0.011597,0.007629,0.107676,0.000164,0.030877,0.008701,0.175686,0.000000,0.000000,0.000000,0.533052,-0.487070,-0.349493,1.270373,-0.535069,-0.556168,0.605078,1.057540,0.000000,0.000000,0.000000,0.000000,0.000000,0.000000
1778537465.321634,sequential_ik_elbow_then_wrist,0,0,-0.140517,0.263954,-0.024153,-0.260297,0.270116,0.250829,-0.167781,-0.241523,-0.059295,-0.351604,-0.197095,0.173590,0.000380,0.010116,0.012991,0.100418,0.000184,0.032945,0.009037,0.181474,0.000000,0.000000,0.000000,0.524309,-0.399758,-0.265615,1.323762,-0.553285,-0.477612,0.459859,1.163876,0.000000,0.000000,0.000000,0.000000,0.000000,0.000000
1778537465.385649,sequential_ik_elbow_then_wrist,1,0,-0.125966,0.272177,0.007239,-0.243745,0.267352,0.283110,-0.175122,-0.241217,-0.033862,-0.333763,-0.173392,0.211562,0.000274,0.010958,0.011030,0.104528,0.000146,0.030705,0.008041,0.175179,0.000000,0.000000,0.000000,0.505983,-0.306134,-0.201867,1.350796,-0.570247,-0.396495,0.349493,1.254865,0.000000,0.000000,0.000000,0.000000,0.000000,0.000000
1778537465.437860,sequential_ik_elbow_then_wrist,1,0,-0.122285,0.273394,0.017375,-0.232013,0.260341,0.296283,-0.172889,-0.244375,-0.019762,-0.318612,-0.159684,0.228416,0.000057,0.010910,0.005008,0.104433,0.000059,0.030150,0.005093,0.173603,0.000000,0.000000,0.000000,0.486996,-0.222467,-0.153419,1.366775,-0.581618,-0.321206,0.265615,1.332437,0.000000,0.000000,0.000000,0.000000,0.000000,0.000000
1778537465.493051,sequential_ik_elbow_then_wrist,1,0,-0.129541,0.270051,0.017075,-0.230240,0.251221,0.299041,-0.183483,-0.237237,-0.007251,-0.320545,-0.140560,0.241480,0.000007,0.010345,0.001719,0.101708,0.000054,0.031271,0.004903,0.176835,0.000000,0.000000,0.000000,0.476337,-0.156202,-0.116598,1.380370,-0.597786,-0.253139,0.201867,1.392580,0.000000,0.000000,0.000000,0.000000,0.000000,0.000000
1778537465.566209,sequential_ik_elbow_then_wrist,1,0,-0.127816,0.270887,0.016824,-0.230713,0.248608,0.297743,-0.175153,-0.243521,0.004338,-0.307576,-0.137597,0.251814,0.000000,0.010815,0.000207,0.103992,0.000036,0.030495,0.003978,0.174625,0.000000,0.000000,0.000000,0.467919,-0.105383,-0.088615,1.392045,-0.605363,-0.191774,0.153419,1.441040,0.000000,0.000000,0.000000,0.000000,0.000000,0.000000
1778537465.617718,sequential_ik_elbow_then_wrist,1,0,-0.128131,0.270740,0.016805,-0.232893,0.244522,0.296693,-0.170549,-0.246152,0.017962,-0.301079,-0.130117,0.261884,0.000000,0.011602,0.000063,0.107708,0.000041,0.032176,0.004255,0.179375,0.000000,0.000000,0.000000,0.461663,-0.066668,-0.067347,1.402845,-0.606788,-0.134521,0.116598,1.479813,0.000000,0.000000,0.000000,0.000000,0.000000,0.000000
1778537465.685595,sequential_ik_elbow_then_wrist,0,0,-0.128822,0.270181,0.020181,-0.234868,0.235619,0.298676,-0.171776,-0.244813,0.023659,-0.294085,-0.116094,0.265469,0.000001,0.012698,0.000810,0.112679,0.000011,0.033181,0.002208,0.182134,0.000000,0.000000,0.000000,0.457474,-0.035136,-0.051184,1.414279,-0.607970,-0.085055,0.088615,1.516173,0.000000,0.000000,0.000000,0.000000,0.000000,0.000000
1778537465.736705,sequential_ik_elbow_then_wrist,0,0,-0.131654,0.267528,0.033103,-0.227840,0.219507,0.313179,-0.197127,-0.224097,0.030353,-0.337506,-0.083692,0.255253,0.000024,0.012041,0.003276,0.109715,0.000138,0.047469,0.007857,0.217812,0.000000,0.000000,0.000000,0.456708,-0.002685,-0.038900,1.427469,-0.629103,-0.041934,0.067347,1.531338,0.000000,0.000000,0.000000,0.000000,0.000000,0.000000
1778537465.807064,sequential_ik_elbow_then_wrist,0,0,-0.131498,0.262376,0.062187,-0.220883,0.177768,0.335777,-0.209031,-0.208992,0.051265,-0.368033,-0.069496,0.264007,0.000127,0.014335,0.007503,0.119668,0.000149,0.054512,0.008184,0.233089,0.000000,0.000000,0.000000,0.458007,0.042097,-0.029564,1.446553,-0.661560,0.005127,0.051184,1.510508,0.000000,0.000000,0.000000,0.000000,0.000000,0.000000
1778537465.859774,sequential_ik_elbow_then_wrist,0,0,-0.151662,0.246332,0.079494,-0.237188,0.121087,0.338335,-0.215400,-0.194956,0.074799,-0.381797,-0.053368,0.280383,0.000163,0.021392,0.008654,0.146190,0.000156,0.057385,0.008399,0.239144,0.000000,0.000000,0.000000,0.475178,0.091761,-0.022469,1.471962,-0.699053,0.059016,0.038900,1.461142,0.000000,0.000000,0.000000,0.000000,0.000000,0.000000
1778537465.925319,sequential_ik_elbow_then_wrist,0,0,-0.157830,0.234706,0.100014,-0.238734,0.096349,0.353612,-0.205192,-0.191723,0.105540,-0.353929,-0.045235,0.320990,0.000131,0.022762,0.007754,0.150863,0.000180,0.049435,0.008921,0.222258,0.000000,0.000000,0.000000,0.499293,0.146340,-0.017076,1.487217,-0.727819,0.123994,0.029564,1.409168,0.000000,0.000000,0.000000,0.000000,0.000000,0.000000
1778537465.984386,sequential_ik_elbow_then_wrist,1,0,-0.148557,0.223645,0.133842,-0.221097,0.080526,0.387328,-0.202928,-0.179618,0.128677,-0.273986,-0.012971,0.367799,0.000220,0.020339,0.009881,0.142472,0.000146,0.032517,0.008081,0.179977,0.000000,0.000000,0.000000,0.519437,0.214330,-0.012978,1.483472,-0.754362,0.194393,0.022469,1.396523,0.000000,0.000000,0.000000,0.000000,0.000000,0.000000
1778537466.049409,sequential_ik_elbow_then_wrist,1,0,-0.153951,0.199889,0.162308,-0.216793,0.050832,0.414959,-0.189705,-0.166388,0.162257,-0.215297,0.013378,0.401065,0.000276,0.021729,0.011479,0.147161,0.000255,0.024311,0.010644,0.155807,0.000000,0.000000,0.000000,0.546492,0.292333,-0.009863,1.460175,-0.776527,0.276412,0.017076,1.401262,0.000000,0.000000,0.000000,0.000000,0.000000,0.000000
1778537466.105129,sequential_ik_elbow_then_wrist,1,0,-0.147251,0.173921,0.195112,-0.171597,0.017861,0.450167,-0.134478,-0.175341,0.202907,-0.082251,-0.002187,0.442261,0.000362,0.015305,0.013185,0.123573,0.000890,0.003616,0.022378,0.059925,0.000000,0.000000,0.000000,0.577297,0.382895,-0.007496,1.428299,-0.766125,0.377480,0.012978,1.416814,0.000000,0.000000,0.000000,0.000000,0.000000,0.000000
1778537466.167698,sequential_ik_elbow_then_wrist,1,0,-0.123037,0.156261,0.224598,-0.120039,0.005863,0.484158,-0.108654,-0.156878,0.231481,-0.030523,0.003941,0.472381,0.000333,0.008317,0.012152,0.090769,0.000553,0.000890,0.017587,0.028822,0.000000,0.000000,0.000000,0.599729,0.484348,-0.005697,1.382843,-0.743098,0.488586,0.009863,1.410085,0.000000,0.000000,0.000000,0.000000,0.000000,0.000000
1778537466.226053,sequential_ik_elbow_then_wrist,1,0,-0.122301,0.137034,0.237201,-0.119272,-0.014615,0.496032,-0.124078,-0.139672,0.234726,-0.102847,0.027389,0.483000,0.000161,0.010388,0.009291,0.101534,0.000075,0.009761,0.006926,0.097840,0.000000,0.000000,0.000000,0.623138,0.581187,-0.004330,1.326958,-0.731790,0.583849,0.007496,1.372067,0.000000,0.000000,0.000000,0.000000,0.000000,0.000000
1778537466.290364,sequential_ik_elbow_then_wrist,1,0,-0.122163,0.119523,0.246557,-0.120225,-0.029299,0.507034,-0.130155,-0.135541,0.233855,-0.140315,0.035863,0.479859,0.000180,0.012097,0.011306,0.109651,0.000061,0.017331,0.007122,0.131370,0.000000,0.000000,0.000000,0.650632,0.669216,-0.003291,1.263827,-0.730721,0.657902,0.005697,1.322680,0.000000,0.000000,0.000000,0.000000,0.000000,0.000000
1778537466.350054,sequential_ik_elbow_then_wrist,1,0,-0.124313,0.106735,0.251304,-0.119139,-0.051928,0.505861,-0.138908,-0.131990,0.230831,-0.118324,0.036757,0.478017,0.000203,0.014982,0.012979,0.122359,0.000091,0.012633,0.008685,0.112380,0.000000,0.000000,0.000000,0.682709,0.744809,-0.002501,1.207992,-0.739167,0.711659,0.004330,1.289560,0.000000,0.000000,0.000000,0.000000,0.000000,0.000000
1778537466.404490,sequential_ik_elbow_then_wrist,1,0,-0.123772,0.104165,0.252646,-0.116461,-0.054398,0.507213,-0.139201,-0.131126,0.231147,-0.131480,0.036817,0.479614,0.000093,0.014682,0.009012,0.121139,0.000031,0.014628,0.005071,0.120923,0.000000,0.000000,0.000000,0.714683,0.805600,-0.001901,1.159243,-0.751068,0.752145,0.003291,1.258621,0.000000,0.000000,0.000000,0.000000,0.000000,0.000000
1778537466.474940,sequential_ik_elbow_then_wrist,1,0,-0.118824,0.107522,0.253614,-0.112864,-0.040460,0.514508,-0.136981,-0.130630,0.232749,-0.132876,0.033918,0.483561,0.000005,0.011692,0.002089,0.108049,0.000006,0.014216,0.002154,0.119202,0.000000,0.000000,0.000000,0.740645,0.853507,-0.001444,1.112159,-0.762353,0.784344,0.002501,1.228577,0.000000,0.000000,0.000000,0.000000,0.000000,0.000000
1778537466.524292,sequential_ik_elbow_then_wrist,1,0,-0.135174,0.111108,0.243686,-0.151561,-0.025847,0.510097,-0.140861,-0.128599,0.231561,-0.142237,0.031174,0.485472,0.000081,0.015055,0.007471,0.122569,0.000014,0.015091,0.003386,0.122805,0.000000,0.000000,0.000000,0.766053,0.879426,-0.001098,1.062730,-0.774555,0.808000,0.001901,1.198330,0.000000,0.000000,0.000000,0.000000,0.000000,0.000000
1778537466.592460,sequential_ik_elbow_then_wrist,1,0,-0.125347,0.145795,0.230287,-0.150631,0.042119,0.510665,-0.085776,-0.140200,0.250971,-0.048839,0.000895,0.513131,0.000325,0.006277,0.015669,0.079141,0.000940,0.001422,0.027457,0.037656,0.000000,0.000000,0.000000,0.770688,0.883564,-0.000834,1.016166,-0.759223,0.847517,0.001444,1.170625,0.000000,0.000000,0.000000,0.000000,0.000000,0.000000
1778537466.652987,sequential_ik_elbow_then_wrist,1,0,-0.096844,0.165911,0.230423,-0.155907,0.107593,0.518713,-0.061324,-0.145505,0.255084,-0.058742,-0.069948,0.545401,0.000855,0.003557,0.026752,0.058470,0.001158,0.001043,0.031933,0.022394,0.000000,0.000000,0.000000,0.745950,0.884286,-0.000634,0.952565,-0.721340,0.887976,0.001098,1.093736,0.000000,0.000000,0.000000,0.000000,0.000000,0.000000
1778537466.710540,sequential_ik_elbow_then_wrist,1,0,-0.074395,0.188824,0.220932,-0.146565,0.232820,0.508779,-0.059692,-0.166728,0.242154,-0.100390,-0.149001,0.538851,0.001160,0.001053,0.030710,0.023365,0.000922,0.001107,0.028140,0.026053,0.000000,0.000000,0.000000,0.692995,0.875762,-0.000482,0.850192,-0.668233,0.906148,0.000834,0.985663,0.000000,0.000000,0.000000,0.000000,0.000000,0.000000
1778537466.769989,sequential_ik_elbow_then_wrist,1,0,-0.033751,0.210550,0.211020,-0.084124,0.336987,0.478371,-0.060686,-0.183113,0.229754,-0.114847,-0.199766,0.524354,0.001822,0.001672,0.038016,0.036107,0.000518,0.000738,0.020193,0.025758,0.000000,0.000000,0.000000,0.607266,0.859277,-0.000366,0.726361,-0.608488,0.903799,0.000634,0.882795,0.000000,0.000000,0.000000,0.000000,0.000000,0.000000
1778537466.832067,sequential_ik_elbow_then_wrist,1,0,-0.017555,0.231811,0.189620,-0.066797,0.440267,0.399671,-0.023048,-0.195428,0.226443,0.030253,-0.229032,0.519752,0.001044,0.001240,0.027183,0.026129,0.001207,0.008595,0.031649,0.092534,0.000000,0.000000,0.000000,0.506161,0.825220,-0.000278,0.575615,-0.529121,0.896397,0.000482,0.818348,0.000000,0.000000,0.000000,0.000000,0.000000,0.000000
1778537466.887440,sequential_ik_elbow_then_wrist,0,0,-0.041844,0.250943,0.158987,-0.106698,0.486624,0.332907,-0.098254,-0.228686,0.167478,-0.314395,-0.365546,0.324171,0.000274,0.000590,0.011085,0.022772,0.001061,0.035353,0.023214,0.181353,0.000000,0.000000,0.000000,0.426119,0.769961,-0.000212,0.440754,-0.487433,0.839192,0.000366,0.650242,0.000000,0.000000,0.000000,0.000000,0.000000,0.000000
1778537466.952438,sequential_ik_elbow_then_wrist,1,0,-0.024016,0.268294,0.132067,-0.110274,0.522386,0.266218,-0.034204,-0.273589,0.118235,-0.167248,-0.497697,0.266810,0.000289,0.002514,0.011897,0.049915,0.001329,0.004891,0.026511,0.069504,0.000000,0.000000,0.000000,0.351517,0.702301,-0.000161,0.326859,-0.417311,0.749582,0.000278,0.503865,0.000000,0.000000,0.000000,0.000000,0.000000,0.000000
1778537467.009432,sequential_ik_elbow_then_wrist,1,0,0.000244,0.286141,0.090129,-0.086471,0.559624,0.177809,0.027250,-0.291918,0.063570,-0.061428,-0.552145,0.183646,0.000510,0.004938,0.015527,0.070165,0.001619,0.005561,0.028137,0.074442,0.000000,0.000000,0.000000,0.274475,0.617157,-0.000122,0.231144,-0.312575,0.635425,0.000212,0.403239,0.000000,0.000000,0.000000,0.000000,0.000000,0.000000
1778537467.067385,sequential_ik_elbow_then_wrist,1,0,-0.002355,0.298100,0.033629,-0.092727,0.573121,0.112346,0.025058,-0.297390,0.030520,-0.066606,-0.570934,0.112808,0.000596,0.007626,0.016282,0.086792,0.000362,0.011696,0.012698,0.108124,0.000000,0.000000,0.000000,0.211795,0.508963,-0.000093,0.181568,-0.221064,0.516861,0.000161,0.332410,0.000000,0.000000,0.000000,0.000000,0.000000,0.000000
1778537467.145910,sequential_ik_elbow_then_wrist,1,0,0.014528,0.299648,0.000348,-0.090464,0.575835,0.052285,0.044759,-0.296499,-0.009217,-0.038104,-0.580198,0.042250,0.000332,0.012797,0.012139,0.112949,0.000387,0.013654,0.013099,0.116830,0.000000,0.000000,0.000000,0.152748,0.396184,-0.000071,0.159014,-0.136521,0.394918,0.000122,0.283719,0.000000,0.000000,0.000000,0.000000,0.000000,0.000000
1778537467.198227,sequential_ik_elbow_then_wrist,1,0,0.001897,0.299589,-0.015580,-0.113766,0.575033,0.011857,0.032261,-0.297560,-0.020429,-0.074494,-0.575930,0.012939,0.000097,0.015315,0.006538,0.123742,0.000069,0.020547,0.005517,0.143328,0.000000,0.000000,0.000000,0.113033,0.293630,-0.000054,0.145609,-0.076558,0.288007,0.000093,0.251485,0.000000,0.000000,0.000000,0.000000,0.000000,0.000000
1778537467.248534,sequential_ik_elbow_then_wrist,1,0,-0.011941,0.299036,-0.020848,-0.137844,0.570060,0.005510,0.027542,-0.297301,-0.029213,-0.110269,-0.562719,-0.005511,0.000045,0.015504,0.004481,0.124470,0.000028,0.029390,0.003535,0.171431,0.000000,0.000000,0.000000,0.092578,0.208575,-0.000041,0.143316,-0.034851,0.198058,0.000071,0.230264,0.000000,0.000000,0.000000,0.000000,0.000000,0.000000
1778537467.305420,sequential_ik_elbow_then_wrist,1,0,-0.005797,0.299713,-0.011763,-0.134463,0.568835,0.020148,0.027463,-0.297648,-0.025525,-0.101154,-0.566538,0.008470,0.000006,0.015655,0.001590,0.125100,0.000000,0.025341,0.000376,0.159139,0.000000,0.000000,0.000000,0.075466,0.147920,-0.000031,0.147007,-0.004116,0.129992,0.000054,0.223750,0.000000,0.000000,0.000000,0.000000,0.000000,0.000000
1778537467.391280,sequential_ik_elbow_then_wrist,1,0,-0.014048,0.299651,0.003450,-0.139061,0.565905,0.062445,0.015487,-0.299554,-0.005273,-0.123185,-0.560834,0.044753,0.000040,0.013922,0.004205,0.117873,0.000068,0.026488,0.005474,0.162721,0.000000,0.000000,0.000000,0.067193,0.112123,-0.000024,0.162489,0.011555,0.090840,0.000041,0.226383,0.000000,0.000000,0.000000,0.000000,0.000000,0.000000
1778537467.444731,sequential_ik_elbow_then_wrist,1,0,-0.002851,0.299318,0.020009,-0.133224,0.564483,0.071883,0.011014,-0.299638,-0.009771,-0.114627,-0.562512,0.061724,0.000060,0.016077,0.005145,0.126732,0.000006,0.020273,0.001680,0.142291,0.000000,0.000000,0.000000,0.055088,0.097499,-0.000018,0.164572,0.018944,0.061188,0.000031,0.240648,0.000000,0.000000,0.000000,0.000000,0.000000,0.000000
1778537467.503270,sequential_ik_elbow_then_wrist,1,0,-0.013329,0.282340,0.100530,-0.131459,0.521603,0.237639,-0.005070,-0.296926,0.042532,-0.119042,-0.549349,0.157829,0.000912,0.012716,0.020164,0.112297,0.000364,0.014156,0.012714,0.118821,0.000000,0.000000,0.000000,0.051330,0.140073,-0.000014,0.190827,0.013619,0.071020,0.000024,0.266137,0.000000,0.000000,0.000000,0.000000,0.000000,0.000000
1778537467.560645,sequential_ik_elbow_then_wrist,1,0,-0.034600,0.253200,0.157140,-0.136597,0.469479,0.338301,-0.030321,-0.269843,0.127536,-0.137445,-0.512516,0.267658,0.000919,0.007496,0.020518,0.086562,0.001343,0.009256,0.024635,0.095774,0.000000,0.000000,0.000000,0.064397,0.223588,-0.000010,0.206777,-0.009356,0.140775,0.000018,0.263637,0.000000,0.000000,0.000000,0.000000,0.000000,0.000000
1778537467.620529,sequential_ik_elbow_then_wrist,1,0,-0.000256,0.232798,0.189222,0.010465,0.426442,0.418104,0.016736,-0.217782,0.205648,0.052355,-0.393138,0.446441,0.000531,0.000779,0.016181,0.027871,0.001943,0.002341,0.030453,0.047667,0.000000,0.000000,0.000000,0.058676,0.323159,-0.000008,0.222181,-0.003759,0.266714,0.000014,0.281598,0.000000,0.000000,0.000000,0.000000,0.000000,0.000000
1778537467.677722,sequential_ik_elbow_then_wrist,0,0,0.081018,0.156961,0.242486,0.235813,0.144790,0.499177,0.010680,-0.164115,0.250903,0.288261,-0.142506,0.362625,0.004043,0.044398,0.053368,0.208538,0.001159,0.113449,0.022955,0.335798,0.000000,0.000000,0.000000,-0.002086,0.459647,-0.000006,0.306301,0.005790,0.422518,0.000010,0.358250,0.000000,0.000000,0.000000,0.000000,0.000000,0.000000
1778537467.726977,sequential_ik_elbow_then_wrist,0,0,0.046769,0.129664,0.266458,0.138404,0.050160,0.540834,-0.008278,-0.122627,0.273668,0.207135,-0.090395,0.479965,0.000666,0.015443,0.019871,0.123468,0.000676,0.049449,0.018504,0.222303,0.000000,0.000000,0.000000,-0.059881,0.601153,-0.000005,0.404095,0.006199,0.584201,0.000008,0.429750,0.000000,0.000000,0.000000,0.000000,0.000000,0.000000
1778537467.796317,sequential_ik_elbow_then_wrist,1,0,0.031564,0.098722,0.281527,0.168964,-0.027406,0.516502,0.011198,-0.113767,0.277366,0.166907,0.016049,0.498505,0.000337,0.030807,0.012859,0.175454,0.000145,0.030567,0.009937,0.173617,0.000000,0.000000,0.000000,-0.107032,0.740016,-0.000003,0.489996,0.011260,0.722754,0.000006,0.533540,0.000000,0.000000,0.000000,0.000000,0.000000,0.000000
1778537467.851055,sequential_ik_elbow_then_wrist,1,0,0.012267,0.067922,0.291952,0.111195,-0.097849,0.521589,-0.002267,-0.108038,0.279862,0.159342,0.042818,0.482655,0.000295,0.018063,0.011960,0.134296,0.000037,0.028060,0.005071,0.167153,0.000000,0.000000,0.000000,-0.140943,0.875054,-0.000003,0.567901,0.012901,0.835661,0.000005,0.638663,0.000000,0.000000,0.000000,0.000000,0.000000,0.000000
1778537467.916919,sequential_ik_elbow_then_wrist,1,0,-0.013563,0.056449,0.294329,0.057088,-0.115850,0.529534,-0.004125,-0.094711,0.284627,0.151184,0.062580,0.487454,0.000750,0.006796,0.026248,0.082421,0.000059,0.024702,0.006273,0.157157,0.000000,0.000000,0.000000,-0.159575,0.994962,-0.000002,0.622796,0.011868,0.931934,0.000003,0.723164,0.000000,0.000000,0.000000,0.000000,0.000000,0.000000
1778537467.987881,sequential_ik_elbow_then_wrist,1,0,-0.038076,0.041431,0.294676,0.041006,-0.139432,0.520584,-0.005642,-0.093334,0.285056,0.144066,0.068614,0.488428,0.002115,0.004707,0.045397,0.068598,0.000035,0.022246,0.005652,0.149152,0.000000,0.000000,0.000000,-0.165069,1.101476,-0.000002,0.661612,0.008718,1.008361,0.000003,0.788330,0.000000,0.000000,0.000000,0.000000,0.000000,0.000000
1778537468.041574,sequential_ik_elbow_then_wrist,1,0,-0.046141,0.050423,0.292111,0.031585,-0.125421,0.522410,-0.007390,-0.088820,0.286455,0.142138,0.072320,0.490600,0.002840,0.002938,0.053147,0.054187,0.000045,0.021382,0.006462,0.146222,0.000000,0.000000,0.000000,-0.160098,1.180109,-0.000001,0.687525,0.003749,1.070066,0.000002,0.835609,0.000000,0.000000,0.000000,0.000000,0.000000,0.000000
1778537468.104773,sequential_ik_elbow_then_wrist,1,0,-0.063761,0.056045,0.287739,0.005123,-0.102462,0.532954,-0.020449,-0.097654,0.282923,0.124846,0.052030,0.498524,0.004800,0.000611,0.069034,0.024495,0.000288,0.016357,0.016582,0.127868,0.000000,0.000000,0.000000,-0.143093,1.235070,-0.000001,0.699303,-0.006972,1.111621,0.000002,0.865158,0.000000,0.000000,0.000000,0.000000,0.000000,0.000000
1778537468.163549,sequential_ik_elbow_then_wrist,0,0,-0.138796,0.081738,0.253090,-0.138925,-0.059905,0.517547,-0.085384,-0.092513,0.272307,0.019778,0.055461,0.511147,0.019363,0.021743,0.137770,0.147393,0.004958,0.000477,0.069181,0.021838,0.000000,0.000000,0.000000,-0.091825,1.249780,-0.000001,0.718618,-0.046052,1.137316,0.000001,0.888773,0.000000,0.000000,0.000000,0.000000,0.000000,0.000000
1778537468.220855,sequential_ik_elbow_then_wrist,0,0,-0.164349,0.171319,0.183409,-0.210379,0.010401,0.432380,-0.138196,-0.148837,0.220792,-0.107617,0.029955,0.459745,0.013744,0.043817,0.105044,0.207566,0.007099,0.014321,0.076986,0.117824,0.000000,0.000000,0.000000,0.020466,1.159812,-0.000001,0.798267,-0.129604,1.094791,0.000001,0.956969,0.000000,0.000000,0.000000,0.000000,0.000000,0.000000
1778537468.281476,sequential_ik_elbow_then_wrist,0,0,-0.151781,0.246648,0.078277,-0.223454,0.200499,0.365911,-0.212308,-0.182922,0.107075,-0.376163,-0.073382,0.333244,0.004433,0.012966,0.045958,0.113725,0.006895,0.071669,0.063461,0.266954,0.000000,0.000000,0.000000,0.135302,0.979630,-0.000000,0.872470,-0.266463,0.956932,0.000001,0.960534,0.000000,0.000000,0.000000,0.000000,0.000000,0.000000
1778537468.340369,sequential_ik_elbow_then_wrist,1,0,-0.160015,0.253708,-0.005220,-0.274925,0.320310,0.263779,-0.173291,-0.237713,0.058844,-0.343659,-0.228151,0.305589,0.001995,0.005785,0.029970,0.075857,0.001171,0.021563,0.022961,0.146697,0.000000,0.000000,0.000000,0.234264,0.764056,-0.000000,0.915622,-0.357995,0.792541,0.000001,0.947438,0.000000,0.000000,0.000000,0.000000,0.000000,0.000000
1778537468.395863,sequential_ik_elbow_then_wrist,0,0,-0.153988,0.223303,-0.128154,-0.366752,0.370490,0.023726,-0.184957,-0.217353,-0.092459,-0.454152,-0.276357,0.026086,0.002975,0.012528,0.036736,0.110420,0.003731,0.037965,0.041261,0.193280,0.000000,0.000000,0.000000,0.319316,0.503968,-0.000000,0.904439,-0.437893,0.560011,0.000000,0.878330,0.000000,0.000000,0.000000,0.000000,0.000000,0.000000
1778537468.460311,sequential_ik_elbow_then_wrist,1,0,-0.109819,0.209799,-0.184185,-0.299955,0.441677,-0.175179,-0.177352,-0.196716,-0.140886,-0.401313,-0.391335,-0.096559,0.001374,0.025738,0.025175,0.124225,0.001064,0.017413,0.021824,0.100363,0.000000,0.000000,0.000000,0.367397,0.243142,-0.753600,0.652293,-0.505918,0.325540,0.753600,0.620183,0.000000,0.000000,0.000000,0.000000,0.000000,0.000000
1778537468.528047,sequential_ik_elbow_then_wrist,1,0,-0.015494,0.158180,-0.254439,-0.178624,0.385753,-0.362137,-0.123738,-0.155983,-0.224407,-0.361729,-0.332625,-0.270857,0.003861,0.007818,0.048637,0.088256,0.001995,0.012284,0.030056,0.110834,0.000000,0.000000,0.000000,0.361150,-0.037459,-1.326336,0.447742,-0.550856,0.068349,1.326336,0.423339,0.000000,0.000000,0.000000,0.000000,0.000000,0.000000
1778537468.577429,sequential_ik_elbow_then_wrist,1,0,-0.027655,0.134957,-0.266499,-0.177539,0.292067,-0.473505,-0.092111,-0.118336,-0.259831,-0.337051,-0.254535,-0.366856,0.000497,0.007440,0.017516,0.086258,0.000981,0.019729,0.021004,0.140459,0.000000,0.000000,0.000000,0.345964,-0.282165,-1.761615,0.292284,-0.582114,-0.182800,1.761616,0.273738,0.000000,0.000000,0.000000,0.000000,0.000000,0.000000
1778537468.637202,sequential_ik_elbow_then_wrist,1,0,-0.010186,0.063595,-0.293005,-0.110544,0.218566,-0.529463,-0.013293,-0.105065,-0.280686,-0.162979,-0.199998,-0.522723,0.001020,0.002941,0.022091,0.054231,0.002907,0.001217,0.048493,0.034607,0.000000,0.000000,0.000000,0.330714,-0.523394,-2.092428,0.174136,-0.578424,-0.423121,2.092428,0.170478,0.000000,0.000000,0.000000,0.000000,0.000000,0.000000
1778537468.710035,sequential_ik_elbow_then_wrist,1,0,-0.026619,0.037010,-0.296516,-0.189173,0.152334,-0.520740,0.007061,-0.075407,-0.290283,-0.140411,-0.152813,-0.539802,0.000419,0.022856,0.017375,0.151183,0.002158,0.002979,0.043929,0.054411,0.000000,0.000000,0.000000,0.323044,-0.732444,-2.343845,0.084343,-0.559503,-0.638269,2.343845,0.081563,0.000000,0.000000,0.000000,0.000000,0.000000,0.000000
1778537468.764300,sequential_ik_elbow_then_wrist,1,0,-0.028279,0.024496,-0.297658,-0.188434,0.123548,-0.531194,0.019890,-0.072317,-0.290473,-0.113346,-0.160173,-0.544500,0.000428,0.024485,0.019932,0.156476,0.002478,0.001984,0.049227,0.044543,0.000000,0.000000,0.000000,0.320642,-0.904175,-2.534922,0.016101,-0.531459,-0.813024,2.534922,0.013988,0.000000,0.000000,0.000000,0.000000,0.000000,0.000000
1778537468.839772,sequential_ik_elbow_then_wrist,1,0,-0.009513,0.032376,-0.298096,-0.155705,0.149553,-0.532398,0.023958,-0.078369,-0.288590,-0.107320,-0.161044,-0.545361,0.000002,0.016994,0.001137,0.130360,0.002726,0.002088,0.051897,0.045699,0.000000,0.000000,0.000000,0.318684,-1.036565,-2.680141,-0.035763,-0.496463,-0.944164,2.680141,-0.037369,0.000000,0.000000,0.000000,0.000000,0.000000,0.000000
1778537468.881382,sequential_ik_elbow_then_wrist,1,0,0.011490,0.060336,-0.293645,-0.102811,0.246615,-0.499158,0.003355,-0.088770,-0.286546,-0.189280,-0.172832,-0.500615,0.000858,0.018348,0.028734,0.135454,0.001161,0.018004,0.033397,0.134178,0.000000,0.000000,0.000000,0.311876,-1.124655,-2.790507,-0.075180,-0.459439,-1.031412,2.790507,-0.076401,0.000000,0.000000,0.000000,0.000000,0.000000,0.000000
1778537468.943225,sequential_ik_elbow_then_wrist,0,0,0.000423,0.130329,-0.270211,-0.130067,0.346127,-0.432703,-0.053932,-0.094253,-0.279657,-0.302186,-0.170305,-0.429942,0.001796,0.020707,0.036631,0.143898,0.000385,0.060626,0.017712,0.246223,0.000000,0.000000,0.000000,0.294112,-1.142051,-2.874385,-0.105137,-0.438065,-1.078674,2.874385,-0.106064,0.000000,0.000000,0.000000,0.000000,0.000000,0.000000
1778537469.006428,sequential_ik_elbow_then_wrist,0,0,-0.013740,0.191745,-0.230315,-0.151920,0.452383,-0.284849,-0.095530,-0.136087,-0.249709,-0.346970,-0.285514,-0.316411,0.001520,0.038557,0.029670,0.196360,0.001433,0.067708,0.032340,0.260208,0.000000,0.000000,0.000000,0.264955,-1.096602,-2.938133,-0.127904,-0.440022,-1.071000,2.938133,-0.128609,0.000000,0.000000,0.000000,0.000000,0.000000,0.000000
1778537469.056427,sequential_ik_elbow_then_wrist,0,0,-0.105289,0.241446,-0.143590,-0.288776,0.477536,-0.119212,-0.147044,-0.183148,-0.186641,-0.409537,-0.325296,-0.156785,0.003003,0.045078,0.039961,0.212315,0.002291,0.073693,0.036521,0.271465,0.000000,0.000000,0.000000,0.278607,-0.979496,-2.986581,-0.145207,-0.471201,-0.997119,2.986581,-0.145743,0.000000,0.000000,0.000000,0.000000,0.000000,0.000000
1778537469.117368,sequential_ik_elbow_then_wrist,0,0,-0.164687,0.238169,-0.078446,-0.358382,0.413316,0.069223,-0.174889,-0.216759,-0.111487,-0.433032,-0.328152,-0.006826,0.002211,0.024928,0.033241,0.132519,0.001715,0.066962,0.028242,0.258770,0.000000,0.000000,0.000000,0.338300,-0.827718,-2.269802,0.047633,-0.512912,-0.870546,3.023402,-0.158765,0.000000,0.000000,0.000000,0.000000,0.000000,0.000000
1778537469.185364,sequential_ik_elbow_then_wrist,0,0,-0.204148,0.219556,0.010906,-0.378716,0.266191,0.250387,-0.189248,-0.231450,0.024820,-0.417518,-0.259224,0.217489,0.002113,0.016525,0.030984,0.123495,0.003308,0.043920,0.038783,0.190754,0.000000,0.000000,0.000000,0.424401,-0.641772,-1.725049,0.279858,-0.552005,-0.672698,2.297785,0.039648,0.000000,0.000000,0.000000,0.000000,0.000000,0.000000
1778537469.249204,sequential_ik_elbow_then_wrist,0,0,-0.164859,0.241745,0.066186,-0.323442,0.154873,0.305570,-0.123843,-0.262953,0.074287,-0.288261,-0.167272,0.306261,0.000914,0.032687,0.020201,0.179234,0.001535,0.039060,0.026329,0.190113,0.000000,0.000000,0.000000,0.471829,-0.449544,-1.311037,0.513247,-0.538848,-0.467486,1.746317,0.320065,0.000000,0.000000,0.000000,0.000000,0.000000,0.000000
1778537469.305496,sequential_ik_elbow_then_wrist,1,0,-0.160593,0.243672,0.069526,-0.142865,0.097135,0.330701,-0.105921,-0.253773,0.119917,-0.033630,-0.045041,0.322907,0.000076,0.007539,0.005838,0.075242,0.000672,0.007279,0.017474,0.057480,0.000000,0.000000,0.000000,0.500740,-0.289621,-0.996388,0.794629,-0.511063,-0.269152,1.327201,0.684503,0.000000,0.000000,0.000000,0.000000,0.000000,0.000000
1778537469.373229,sequential_ik_elbow_then_wrist,0,0,-0.189878,0.231053,0.023680,-0.220068,0.068032,0.273706,-0.179815,-0.227672,0.076367,-0.247918,0.013284,0.241602,0.000301,0.018914,0.011605,0.136747,0.000777,0.051180,0.019609,0.225669,0.000000,0.000000,0.000000,0.540301,-0.193546,-0.757255,1.043569,-0.533779,-0.136839,1.008673,0.999687,0.000000,0.000000,0.000000,0.000000,0.000000,0.000000
1778537469.421112,sequential_ik_elbow_then_wrist,0,0,-0.239785,0.173673,-0.048381,-0.380685,0.123347,0.211648,-0.207670,-0.216069,0.013702,-0.375050,-0.020548,0.167830,0.001626,0.026521,0.027033,0.159536,0.000874,0.096968,0.019849,0.311040,0.000000,0.000000,0.000000,0.621494,-0.170927,-0.575514,1.154290,-0.580434,-0.079914,0.766591,1.203465,0.000000,0.000000,0.000000,0.000000,0.000000,0.000000
1778537469.487916,sequential_ik_elbow_then_wrist,0,0,-0.190564,0.145512,-0.180310,-0.352572,0.166059,0.071348,-0.203443,-0.203738,-0.084273,-0.445095,-0.118535,0.071755,0.003222,0.010153,0.038281,0.100569,0.001623,0.081353,0.026975,0.282232,0.000000,0.000000,0.000000,0.689647,-0.254123,-0.437391,1.253340,-0.626138,-0.107726,0.582609,1.259439,0.000000,0.000000,0.000000,0.000000,0.000000,0.000000
1778537469.545041,sequential_ik_elbow_then_wrist,0,0,-0.131764,0.112632,-0.244851,-0.319719,0.196091,-0.026430,-0.162128,-0.158618,-0.196354,-0.435594,-0.148101,-0.073449,0.002070,0.003985,0.030602,0.062290,0.002891,0.054529,0.036202,0.232660,0.000000,0.000000,0.000000,0.736624,-0.397996,-0.332417,1.353233,-0.664778,-0.224195,0.442783,1.254050,0.000000,0.000000,0.000000,0.000000,0.000000,0.000000
1778537469.615858,sequential_ik_elbow_then_wrist,0,0,-0.064753,0.128889,-0.263049,-0.200919,0.280018,-0.483545,-0.160996,-0.145791,-0.206943,-0.450773,-0.127753,-0.282467,0.002341,0.044814,0.042574,0.169014,0.000329,0.088104,0.012367,0.282722,0.000000,0.000000,0.000000,0.738622,-0.551041,-1.006237,1.123231,-0.700740,-0.343863,1.090115,1.032991,0.000000,0.000000,0.000000,0.000000,0.000000,0.000000
1778537469.670343,sequential_ik_elbow_then_wrist,1,0,-0.038054,0.113170,-0.275217,-0.143322,0.226345,-0.532336,-0.043147,-0.151976,-0.255033,-0.223906,-0.200960,-0.489397,0.001746,0.002987,0.038977,0.040095,0.004087,0.006161,0.054983,0.076952,0.000000,0.000000,0.000000,0.716532,-0.694728,-1.518340,0.859308,-0.677796,-0.494810,1.582087,0.827833,0.000000,0.000000,0.000000,0.000000,0.000000,0.000000
1778537469.729459,sequential_ik_elbow_then_wrist,1,0,-0.044965,0.081586,-0.285170,-0.185109,0.163968,-0.537307,-0.004779,-0.117398,-0.276034,-0.171863,-0.180882,-0.516975,0.000253,0.003449,0.013367,0.056820,0.003151,0.006390,0.051482,0.078383,0.000000,0.000000,0.000000,0.694325,-0.823856,-1.907538,0.623110,-0.628626,-0.652819,1.955986,0.634293,0.000000,0.000000,0.000000,0.000000,0.000000,0.000000
1778537469.789138,sequential_ik_elbow_then_wrist,1,0,-0.055601,0.042409,-0.291736,-0.218076,0.070112,-0.542404,0.018926,-0.071911,-0.290638,-0.168687,-0.085737,-0.524326,0.000479,0.017725,0.019944,0.133094,0.002620,0.018102,0.047728,0.134460,0.000000,0.000000,0.000000,0.684141,-0.942587,-2.203329,0.435605,-0.573528,-0.813569,2.240150,0.475802,0.000000,0.000000,0.000000,0.000000,0.000000,0.000000
1778537469.856038,sequential_ik_elbow_then_wrist,1,0,-0.055117,0.029337,-0.293430,-0.218894,0.022753,-0.544695,0.006432,-0.063810,-0.293065,-0.179043,-0.042937,-0.527933,0.000639,0.025319,0.024702,0.159117,0.000875,0.026917,0.029066,0.164027,0.000000,0.000000,0.000000,0.683290,-1.043826,-2.428130,0.294412,-0.523602,-0.946114,2.456114,0.363813,0.000000,0.000000,0.000000,0.000000,0.000000,0.000000
1778537469.918460,sequential_ik_elbow_then_wrist,1,0,-0.028314,0.003406,-0.298641,-0.176742,-0.042250,-0.555321,0.011099,-0.031027,-0.298185,-0.130728,0.024530,-0.556639,0.000585,0.028033,0.021713,0.167372,0.000600,0.019144,0.022608,0.137931,0.000000,0.000000,0.000000,0.685996,-1.146150,-2.598979,0.197663,-0.481862,-1.069120,2.620246,0.304839,0.000000,0.000000,0.000000,0.000000,0.000000,0.000000
1778537469.960702,sequential_ik_elbow_then_wrist,1,0,-0.026610,0.008209,-0.298705,-0.183763,-0.024857,-0.552101,0.004205,-0.038259,-0.297521,-0.141263,0.016857,-0.554039,0.000232,0.025892,0.015108,0.160764,0.000281,0.021184,0.016723,0.145544,0.000000,0.000000,0.000000,0.689727,-1.228062,-2.728824,0.107598,-0.447752,-1.161928,2.744987,0.261826,0.000000,0.000000,0.000000,0.000000,0.000000,0.000000
1778537470.038731,sequential_ik_elbow_then_wrist,1,0,-0.034590,0.015475,-0.297597,-0.205561,-0.000012,-0.543624,-0.001538,-0.046364,-0.296392,-0.151317,-0.010387,-0.553825,0.000272,0.026113,0.016302,0.161579,0.000198,0.021371,0.013789,0.146145,0.000000,0.000000,0.000000,0.694565,-1.284548,-2.827506,0.033774,-0.419576,-1.226279,2.839790,0.220511,0.000000,0.000000,0.000000,0.000000,0.000000,0.000000
1778537470.087598,sequential_ik_elbow_then_wrist,1,0,-0.027922,0.016775,-0.298226,-0.203983,0.037788,-0.540220,0.003133,-0.048732,-0.295999,-0.161235,-0.032855,-0.546460,0.000102,0.020377,0.010077,0.142746,0.000333,0.022790,0.018170,0.150836,0.000000,0.000000,0.000000,0.699571,-1.328206,-2.902505,-0.022332,-0.394822,-1.273159,2.911841,0.174260,0.000000,0.000000,0.000000,0.000000,0.000000,0.000000
1778537470.149930,sequential_ik_elbow_then_wrist,1,0,-0.035124,0.019277,-0.297313,-0.217259,0.078399,-0.528248,-0.059104,-0.055436,-0.288849,-0.200672,-0.045867,-0.553172,0.000190,0.020406,0.013649,0.142851,0.001433,0.030930,0.036950,0.175863,0.000000,0.000000,0.000000,0.705335,-1.357379,-2.959504,-0.064972,-0.385100,-1.291257,2.966599,0.142429,0.000000,0.000000,0.000000,0.000000,0.000000,0.000000
1778537470.221833,sequential_ik_elbow_then_wrist,1,0,-0.059438,0.023110,-0.293143,-0.227908,0.141444,-0.511352,-0.074343,-0.084167,-0.278189,-0.212834,-0.143874,-0.537525,0.000844,0.018270,0.028430,0.135168,0.001463,0.019624,0.036233,0.139637,0.000000,0.000000,0.000000,0.715254,-1.366377,-3.002823,-0.097379,-0.391120,-1.278799,3.008215,0.091371,0.000000,0.000000,0.000000,0.000000,0.000000,0.000000
1778537470.280770,sequential_ik_elbow_then_wrist,1,0,-0.048556,0.076714,-0.285932,-0.170571,0.249306,-0.498827,-0.087561,-0.117059,-0.261974,-0.225015,-0.216433,-0.509423,0.000396,0.011344,0.017214,0.106509,0.000980,0.010635,0.027803,0.103033,0.000000,0.000000,0.000000,0.718195,-1.349666,-3.035745,-0.122008,-0.410215,-1.238020,3.039844,0.042073,0.000000,0.000000,0.000000,0.000000,0.000000,0.000000
1778537470.328925,sequential_ik_elbow_then_wrist,1,0,-0.052262,0.077494,-0.285067,-0.180927,0.249156,-0.494775,-0.095813,-0.142006,-0.246280,-0.275498,-0.271676,-0.448516,0.000139,0.008640,0.011249,0.092951,0.000425,0.011664,0.016811,0.107656,0.000000,0.000000,0.000000,0.716228,-1.329461,-3.060766,-0.140726,-0.435352,-1.180442,3.063881,-0.016025,0.000000,0.000000,0.000000,0.000000,0.000000,0.000000
1778537470.401472,sequential_ik_elbow_then_wrist,0,0,-0.071874,0.104036,-0.272049,-0.259883,0.315497,-0.371734,-0.132756,-0.150911,-0.222715,-0.407272,-0.238635,-0.306053,0.000292,0.037293,0.013780,0.193115,0.000864,0.051598,0.025071,0.227153,0.000000,0.000000,0.000000,0.709426,-1.290393,-3.079782,-0.154952,-0.477332,-1.107807,3.082150,-0.060179,0.000000,0.000000,0.000000,0.000000,0.000000,0.000000
1778537470.456649,sequential_ik_elbow_then_wrist,0,0,-0.091286,0.103862,-0.266232,-0.305223,0.313423,-0.248468,-0.138029,-0.156272,-0.215701,-0.420531,-0.257165,-0.219392,0.000072,0.081012,0.006155,0.284627,0.000229,0.059942,0.012770,0.244830,0.000000,0.000000,0.000000,0.706345,-1.246866,-3.094235,-0.165763,-0.523018,-1.038907,3.096034,-0.093736,0.000000,0.000000,0.000000,0.000000,0.000000,0.000000
1778537470.521334,sequential_ik_elbow_then_wrist,0,0,-0.092823,0.100006,-0.267175,-0.322584,0.276286,-0.188846,-0.120430,-0.176046,-0.210961,-0.388914,-0.274583,-0.120367,0.000029,0.112287,0.005178,0.335092,0.000077,0.090442,0.007356,0.300736,0.000000,0.000000,0.000000,0.707359,-1.211927,-3.105218,-0.173980,-0.549123,-0.979072,3.106586,-0.119239,0.000000,0.000000,0.000000,0.000000,0.000000,0.000000
1778537470.572766,sequential_ik_elbow_then_wrist,0,0,-0.097998,0.101028,-0.264933,-0.340840,0.262202,-0.193865,-0.118772,-0.174018,-0.213567,-0.385902,-0.242284,-0.095324,0.000043,0.107787,0.006145,0.328310,0.000014,0.113930,0.003266,0.337535,0.000000,0.000000,0.000000,0.712187,-1.181977,-3.113566,-0.180225,-0.564786,-0.934098,3.114605,-0.138622,0.000000,0.000000,0.000000,0.000000,0.000000,0.000000
1778537470.634019,sequential_ik_elbow_then_wrist,0,0,-0.096333,0.091647,-0.268925,-0.341759,0.263987,-0.276991,-0.138856,-0.166875,-0.207055,-0.416808,-0.222738,-0.108964,0.000077,0.068152,0.008248,0.261059,0.000090,0.107233,0.008151,0.327465,0.000000,0.000000,0.000000,0.721161,-1.163916,-3.119910,-0.184971,-0.587091,-0.894492,3.120700,-0.153353,0.000000,0.000000,0.000000,0.000000,0.000000,0.000000
1778537470.694499,sequential_ik_elbow_then_wrist,0,0,-0.086490,0.067950,-0.279110,-0.320724,0.251653,-0.316360,-0.138275,-0.171998,-0.203216,-0.429626,-0.224296,-0.154437,0.000282,0.061256,0.014888,0.247499,0.000011,0.083150,0.002554,0.288357,0.000000,0.000000,0.000000,0.735621,-1.167157,-3.124732,-0.188578,-0.606639,-0.859796,3.125332,-0.164548,0.000000,0.000000,0.000000,0.000000,0.000000,0.000000
1778537470.755818,sequential_ik_elbow_then_wrist,0,0,0.001174,0.044339,-0.296703,-0.176881,0.181045,-0.495720,-0.132338,-0.161390,-0.215500,-0.402732,-0.211418,-0.335433,0.001839,0.014857,0.036539,0.121891,0.000032,0.036621,0.003959,0.191367,0.000000,0.000000,0.000000,0.737002,-1.222609,-3.128396,-0.191319,-0.623824,-0.842960,3.128852,-0.173056,0.000000,0.000000,0.000000,0.000000,0.000000,0.000000
1778537470.810396,sequential_ik_elbow_then_wrist,1,0,0.005358,0.045263,-0.296517,-0.174259,0.124058,-0.523518,-0.039616,-0.145106,-0.259567,-0.163699,-0.113537,-0.530872,0.001202,0.012211,0.034158,0.110505,0.002508,0.013015,0.042842,0.101702,0.000000,0.000000,0.000000,0.732262,-1.277794,-3.131181,-0.193403,-0.600948,-0.880999,3.131528,-0.055458,0.000000,0.000000,0.000000,0.000000,0.000000,0.000000
1778537470.873074,sequential_ik_elbow_then_wrist,1,0,-0.005148,0.046213,-0.296374,-0.191885,0.093701,-0.526319,-0.001014,-0.110280,-0.278993,-0.158005,-0.035677,-0.523509,0.000674,0.014275,0.025895,0.119479,0.002556,0.019871,0.046175,0.140522,0.000000,0.000000,0.000000,0.724649,-1.317717,-3.133298,-0.194986,-0.556915,-0.951518,3.133561,0.060759,0.000000,0.000000,0.000000,0.000000,0.000000,0.000000
1778537470.934126,sequential_ik_elbow_then_wrist,1,0,-0.014271,0.045248,-0.296225,-0.206088,0.061937,-0.526285,-0.008950,-0.080378,-0.288893,-0.162102,0.025483,-0.524133,0.000320,0.018483,0.017770,0.135951,0.000660,0.028929,0.023240,0.170003,0.000000,0.000000,0.000000,0.715812,-1.344248,-3.134906,-0.196189,-0.514283,-1.029726,3.135106,0.161838,0.000000,0.000000,0.000000,0.000000,0.000000,0.000000
1778537470.991874,sequential_ik_elbow_then_wrist,0,0,-0.011456,0.045504,-0.296308,-0.210266,0.055734,-0.520741,-0.016072,-0.066429,-0.292111,-0.166359,0.044087,-0.527058,0.000380,0.021250,0.019430,0.145774,0.000125,0.032582,0.009899,0.180503,0.000000,0.000000,0.000000,0.705612,-1.364352,-3.136129,-0.197104,-0.478930,-1.101293,3.136281,0.236193,0.000000,0.000000,0.000000,0.000000,0.000000,0.000000
1778537471.059038,sequential_ik_elbow_then_wrist,0,0,-0.006332,0.040335,-0.297209,-0.210994,0.036575,-0.516524,-0.032989,-0.050199,-0.293925,-0.191709,0.061238,-0.522813,0.000397,0.025765,0.019790,0.160515,0.000167,0.044594,0.012349,0.211134,0.000000,0.000000,0.000000,0.694620,-1.383952,-3.137058,-0.197799,-0.455412,-1.164084,3.137173,0.282978,0.000000,0.000000,0.000000,0.000000,0.000000,0.000000
1778537471.118145,sequential_ik_elbow_then_wrist,0,0,-0.010919,0.036596,-0.297559,-0.214190,0.039224,-0.518182,-0.039144,-0.052987,-0.292677,-0.195710,0.061985,-0.521301,0.000183,0.026579,0.013505,0.163031,0.000245,0.046282,0.015539,0.215128,0.000000,0.000000,0.000000,0.684201,-1.399851,-3.137764,-0.198327,-0.441729,-1.210478,3.137852,0.314753,0.000000,0.000000,0.000000,0.000000,0.000000,0.000000
1778537471.185971,sequential_ik_elbow_then_wrist,0,0,-0.016317,0.034334,-0.297582,-0.212469,0.038917,-0.524525,-0.038387,-0.050864,-0.293154,-0.196667,0.058921,-0.523143,0.000059,0.025428,0.007657,0.159461,0.000217,0.045995,0.014641,0.214441,0.000000,0.000000,0.000000,0.675106,-1.411224,-3.138301,-0.198729,-0.435262,-1.246697,3.138367,0.331449,0.000000,0.000000,0.000000,0.000000,0.000000,0.000000
1778537471.232976,sequential_ik_elbow_then_wrist,0,0,0.011026,0.060263,-0.293678,-0.162686,0.070795,-0.538041,-0.037884,-0.064102,-0.290613,-0.199927,0.031207,-0.524404,0.001945,0.010345,0.043967,0.101711,0.000084,0.042429,0.008562,0.205930,0.000000,0.000000,0.000000,0.660876,-1.416246,-3.138708,-0.199034,-0.432738,-1.266841,3.138759,0.332751,0.000000,0.000000,0.000000,0.000000,0.000000,0.000000
1778537471.308939,sequential_ik_elbow_then_wrist,0,0,0.007908,0.059108,-0.294013,-0.203114,0.089254,-0.505107,-0.037420,-0.077635,-0.287354,-0.210974,0.012862,-0.514707,0.001561,0.021458,0.039388,0.146485,0.000031,0.044293,0.003980,0.210452,0.000000,0.000000,0.000000,0.642945,-1.417958,-3.139018,-0.199266,-0.431467,-1.272684,3.139057,0.329662,0.000000,0.000000,0.000000,0.000000,0.000000,0.000000
1778537471.358003,sequential_ik_elbow_then_wrist,0,0,-0.060270,0.061736,-0.287326,-0.301474,0.109449,-0.459209,-0.079907,-0.081264,-0.277509,-0.294768,-0.004144,-0.472156,0.000427,0.047655,0.017550,0.218300,0.001205,0.078358,0.033455,0.279732,0.000000,0.000000,0.000000,0.633425,-1.393369,-3.139254,-0.199442,-0.444669,-1.259955,3.139283,0.302404,0.000000,0.000000,0.000000,0.000000,0.000000,0.000000
1778537471.422070,sequential_ik_elbow_then_wrist,0,0,-0.083177,0.063997,-0.281044,-0.323566,0.099435,-0.456992,-0.084015,-0.118018,-0.262704,-0.297747,-0.063121,-0.465940,0.000875,0.047597,0.028411,0.218168,0.000454,0.059651,0.017548,0.244182,0.000000,0.000000,0.000000,0.637109,-1.358236,-3.139433,-0.199576,-0.463111,-1.222496,3.139455,0.269358,0.000000,0.000000,0.000000,0.000000,0.000000,0.000000
1778537471.481512,sequential_ik_elbow_then_wrist,1,0,-0.074381,0.077311,-0.280162,-0.300097,0.121918,-0.472678,-0.048444,-0.125042,-0.268361,-0.233542,-0.150181,-0.503109,0.000130,0.030023,0.010805,0.173270,0.000240,0.020855,0.014948,0.144093,0.000000,0.000000,0.000000,0.644698,-1.324119,-3.139569,-0.199678,-0.467469,-1.195255,3.139586,0.221189,0.000000,0.000000,0.000000,0.000000,0.000000,0.000000
1778537471.544272,sequential_ik_elbow_then_wrist,0,0,-0.106559,0.079168,-0.269031,-0.338694,0.123863,-0.453735,-0.052072,-0.130602,-0.265012,-0.244844,-0.149786,-0.494078,0.000849,0.033070,0.027551,0.181852,0.000121,0.026391,0.010443,0.162452,0.000000,0.000000,0.000000,0.665156,-1.280872,-3.139673,-0.199755,-0.463909,-1.170008,3.139685,0.182634,0.000000,0.000000,0.000000,0.000000,0.000000,0.000000
1778537471.606941,sequential_ik_elbow_then_wrist,1,0,-0.094016,0.070515,-0.276023,-0.289285,0.074722,-0.503734,-0.054147,-0.151730,-0.253074,-0.183450,-0.232497,-0.511448,0.000356,0.025265,0.018241,0.158883,0.000229,0.005649,0.013126,0.075154,0.000000,0.000000,0.000000,0.690859,-1.253459,-3.139751,-0.188870,-0.452284,-1.135189,3.139761,0.155380,0.000000,0.000000,0.000000,0.000000,0.000000,0.000000
1778537471.675066,sequential_ik_elbow_then_wrist,1,0,-0.085445,0.082826,-0.275389,-0.261498,0.067274,-0.517800,-0.029507,-0.121730,-0.272601,-0.201231,-0.163875,-0.514953,0.000008,0.020559,0.002693,0.143079,0.000440,0.017891,0.018279,0.133749,0.000000,0.000000,0.000000,0.711876,-1.231953,-3.139811,-0.158149,-0.432404,-1.130768,3.139818,0.138221,0.000000,0.000000,0.000000,0.000000,0.000000,0.000000
1778537471.726513,sequential_ik_elbow_then_wrist,1,0,-0.055528,0.093828,-0.279487,-0.181764,0.104151,-0.551439,-0.013781,-0.072682,-0.290736,-0.175348,-0.106845,-0.541193,0.000499,0.004624,0.021609,0.067402,0.000604,0.017838,0.018496,0.133458,0.000000,0.000000,0.000000,0.716770,-1.223499,-3.139856,-0.113219,-0.411965,-1.165895,3.139862,0.112757,0.000000,0.000000,0.000000,0.000000,0.000000,0.000000
1778537471.793959,sequential_ik_elbow_then_wrist,1,0,0.003823,0.112311,-0.278158,-0.093663,0.140421,-0.560481,0.002022,-0.061612,-0.293598,-0.141397,-0.074175,-0.556796,0.004783,0.000229,0.067834,0.014972,0.000565,0.013287,0.022322,0.115268,0.000000,0.000000,0.000000,0.690852,-1.229971,-3.139891,-0.073947,-0.389831,-1.211026,3.139895,0.092863,0.000000,0.000000,0.000000,0.000000,0.000000,0.000000
1778537471.843946,sequential_ik_elbow_then_wrist,1,0,0.036836,0.119758,-0.272582,-0.048510,0.124732,-0.560143,0.004125,-0.059253,-0.294061,-0.123119,-0.071007,-0.565485,0.007869,0.000784,0.087507,0.026798,0.000469,0.010021,0.021394,0.100102,0.000000,0.000000,0.000000,0.636340,-1.237432,-3.139917,-0.024618,-0.367573,-1.251059,3.139920,0.076682,0.000000,0.000000,0.000000,0.000000,0.000000,0.000000
1778537471.905337,sequential_ik_elbow_then_wrist,0,0,0.013536,0.109338,-0.279038,-0.062522,0.098600,-0.569037,-0.047427,-0.068634,-0.288167,-0.216095,-0.080973,-0.535955,0.002861,0.000881,0.052683,0.028081,0.000604,0.033992,0.023657,0.184331,0.000000,0.000000,0.000000,0.573011,-1.239591,-3.139937,0.035917,-0.357529,-1.267123,3.139939,0.055271,0.000000,0.000000,0.000000,0.000000,0.000000,0.000000
1778537471.967972,sequential_ik_elbow_then_wrist,0,0,-0.001351,0.111656,-0.278444,-0.051732,0.111271,-0.574183,-0.171282,-0.112254,-0.219229,-0.442451,-0.036913,-0.115351,0.001137,0.000323,0.032993,0.017199,0.010551,0.261799,0.094805,0.511320,0.000000,0.000000,0.000000,0.509872,-1.233955,-3.139952,0.094339,-0.405860,-1.202696,3.139954,-0.005994,0.000000,0.000000,0.000000,0.000000,0.000000,0.000000
1778537472.021726,sequential_ik_elbow_then_wrist,0,0,-0.097800,0.128562,-0.252798,-0.208957,0.169909,-0.528360,-0.195302,-0.142171,-0.177889,-0.464311,-0.103205,-0.050942,0.002014,0.015666,0.041013,0.124869,0.003556,0.110557,0.048869,0.317356,0.000000,0.000000,0.000000,0.486426,-1.193459,-3.139964,0.118185,-0.493834,-1.089715,2.386365,0.185547,0.000000,0.000000,0.000000,0.000000,0.000000,0.000000
1778537472.083651,sequential_ik_elbow_then_wrist,0,0,-0.059193,0.138478,-0.259461,-0.236069,0.176928,-0.498703,-0.178046,-0.108665,-0.215619,-0.469161,-0.037268,-0.228033,0.000005,0.022913,0.001632,0.151217,0.000830,0.113762,0.024886,0.327590,0.000000,0.000000,0.000000,0.467979,-1.158921,-3.139972,0.119988,-0.592575,-1.017930,2.567237,0.138411,0.000000,0.000000,0.000000,0.000000,0.000000,0.000000
1778537472.150830,sequential_ik_elbow_then_wrist,0,0,-0.076961,0.140857,-0.253449,-0.318930,0.118226,-0.429343,-0.096052,-0.073881,-0.274437,-0.343930,0.001627,-0.425617,0.000119,0.067869,0.009950,0.260512,0.001422,0.054498,0.025233,0.233247,0.000000,0.000000,0.000000,0.461481,-1.124861,-3.139979,0.117564,-0.668318,-1.030644,2.704700,0.079363,0.000000,0.000000,0.000000,0.000000,0.000000,0.000000
1778537472.206255,sequential_ik_elbow_then_wrist,0,0,-0.056559,0.145986,-0.255908,-0.288927,0.134772,-0.445328,-0.073107,-0.112349,-0.268390,-0.299957,-0.121259,-0.464502,0.000060,0.052603,0.007332,0.229346,0.001144,0.015501,0.032405,0.124159,0.000000,0.000000,0.000000,0.450668,-1.099979,-3.139984,0.119896,-0.704684,-1.049805,2.809172,0.012316,0.000000,0.000000,0.000000,0.000000,0.000000,0.000000
1778537472.268291,sequential_ik_elbow_then_wrist,0,0,-0.020106,0.138557,-0.265325,-0.236563,0.140822,-0.473031,-0.030596,-0.096994,-0.282234,-0.252835,-0.097359,-0.483753,0.000832,0.037708,0.027110,0.194159,0.002058,0.018479,0.043026,0.135939,0.000000,0.000000,0.000000,0.423173,-1.094708,-3.139988,0.129313,-0.710958,-1.091444,2.888571,-0.038640,0.000000,0.000000,0.000000,0.000000,0.000000,0.000000
1778537472.329216,sequential_ik_elbow_then_wrist,0,0,-0.021371,0.129325,-0.269849,-0.219877,0.145533,-0.494198,-0.029245,-0.113796,-0.276035,-0.241256,-0.159339,-0.483345,0.000316,0.032637,0.016859,0.180656,0.002100,0.012136,0.044915,0.110165,0.000000,0.000000,0.000000,0.391416,-1.098941,-3.139991,0.136510,-0.694356,-1.118841,2.948914,-0.077366,0.000000,0.000000,0.000000,0.000000,0.000000,0.000000
1778537472.379966,sequential_ik_elbow_then_wrist,1,0,-0.013510,0.125266,-0.272261,-0.203127,0.130018,-0.504689,-0.008314,-0.101113,-0.282324,-0.211461,-0.120183,-0.502250,0.000333,0.031200,0.017555,0.176568,0.002268,0.016151,0.046637,0.127082,0.000000,0.000000,0.000000,0.356620,-1.107619,-3.139993,0.153716,-0.661418,-1.150738,2.994775,-0.104034,0.000000,0.000000,0.000000,0.000000,0.000000,0.000000
1778537472.448235,sequential_ik_elbow_then_wrist,1,0,-0.020483,0.124299,-0.272269,-0.193232,0.137464,-0.517186,-0.012023,-0.099517,-0.282758,-0.190022,-0.113019,-0.523868,0.000067,0.027225,0.007967,0.164993,0.001383,0.014935,0.036643,0.121879,0.000000,0.000000,0.000000,0.325413,-1.114820,-3.139995,0.170052,-0.621159,-1.175500,3.029629,-0.102758,0.000000,0.000000,0.000000,0.000000,0.000000,0.000000
1778537472.498402,sequential_ik_elbow_then_wrist,1,0,-0.022014,0.115214,-0.276118,-0.189718,0.116433,-0.524863,-0.008767,-0.095180,-0.284366,-0.181117,-0.105059,-0.529718,0.000023,0.027875,0.004089,0.166923,0.001090,0.016174,0.032542,0.127029,0.000000,0.000000,0.000000,0.299724,-1.126150,-3.139996,0.190515,-0.577371,-1.196662,3.056118,-0.087065,0.000000,0.000000,0.000000,0.000000,0.000000,0.000000
1778537472.568699,sequential_ik_elbow_then_wrist,1,0,-0.017833,0.108703,-0.279044,-0.187348,0.102580,-0.526485,-0.005562,-0.095924,-0.284197,-0.181272,-0.104547,-0.527202,0.000037,0.028802,0.005436,0.169706,0.000992,0.018783,0.031071,0.137010,0.000000,0.000000,0.000000,0.277588,-1.140903,-3.139997,0.209725,-0.531609,-1.212603,3.076250,-0.066997,0.000000,0.000000,0.000000,0.000000,0.000000,0.000000
1778537472.622752,sequential_ik_elbow_then_wrist,0,0,-0.015720,0.118136,-0.275312,-0.235265,0.113724,-0.479715,-0.024803,-0.092643,-0.284257,-0.216584,-0.082968,-0.514749,0.000059,0.052383,0.007277,0.228844,0.000111,0.033504,0.010336,0.182984,0.000000,0.000000,0.000000,0.256961,-1.147564,-3.139998,0.215513,-0.492558,-1.221806,3.091550,-0.040899,0.000000,0.000000,0.000000,0.000000,0.000000,0.000000
1778537472.700146,sequential_ik_elbow_then_wrist,0,0,-0.038335,0.113925,-0.274867,-0.273203,0.115876,-0.461503,-0.037206,-0.089932,-0.283774,-0.238902,-0.072273,-0.505149,0.000165,0.069595,0.012515,0.263727,0.000005,0.043617,0.002067,0.208834,0.000000,0.000000,0.000000,0.248198,-1.151196,-3.139998,0.204085,-0.463712,-1.226861,3.103178,-0.015679,0.000000,0.000000,0.000000,0.000000,0.000000,0.000000
1778537472.744423,sequential_ik_elbow_then_wrist,0,0,-0.069768,0.114760,-0.268258,-0.320209,0.120490,-0.433324,-0.077637,-0.082630,-0.277749,-0.370381,-0.030009,-0.316894,0.001156,0.087474,0.032891,0.295523,0.001300,0.158658,0.035283,0.397442,0.000000,0.000000,0.000000,0.260821,-1.146361,-3.139999,0.166973,-0.458028,-1.223373,3.112015,-0.059916,0.000000,0.000000,0.000000,0.000000,0.000000,0.000000
1778537472.820172,sequential_ik_elbow_then_wrist,0,0,-0.051636,0.124892,-0.267835,-0.298017,0.147764,-0.437462,-0.053872,-0.083164,-0.283163,-0.326487,-0.052233,-0.404508,0.000096,0.066183,0.009283,0.257127,0.000136,0.094712,0.011320,0.307754,0.000000,0.000000,0.000000,0.276161,-1.137797,-3.139999,0.118830,-0.458853,-1.225184,3.118731,-0.093536,0.000000,0.000000,0.000000,0.000000,0.000000,0.000000
1778537472.880927,sequential_ik_elbow_then_wrist,0,0,-0.044246,0.128148,-0.267620,-0.286041,0.157787,-0.442710,-0.044809,-0.083501,-0.284640,-0.307508,-0.048153,-0.425137,0.000001,0.057656,0.000974,0.240101,0.000010,0.082426,0.002815,0.287099,0.000000,0.000000,0.000000,0.288317,-1.129665,-3.139999,0.075428,-0.460576,-1.230005,3.123836,-0.119088,0.000000,0.000000,0.000000,0.000000,0.000000,0.000000
1778537472.939069,sequential_ik_elbow_then_wrist,0,0,-0.046443,0.128100,-0.267271,-0.291006,0.151954,-0.439374,-0.038606,-0.083272,-0.285614,-0.296134,-0.050688,-0.436006,0.000005,0.060795,0.002107,0.246567,0.000009,0.075061,0.002718,0.273972,0.000000,0.000000,0.000000,0.298926,-1.122647,-3.139999,0.041822,-0.460829,-1.236392,3.127715,-0.137858,0.000000,0.000000,0.000000,0.000000,0.000000,0.000000
1778537472.989642,sequential_ik_elbow_then_wrist,0,0,-0.052428,0.125454,-0.267419,-0.308546,0.144286,-0.422496,-0.033761,-0.088941,-0.284517,-0.283042,-0.094565,-0.451333,0.000042,0.070544,0.006270,0.265575,0.000067,0.056008,0.008075,0.236661,0.000000,0.000000,0.000000,0.311117,-1.117412,-3.140000,0.007309,-0.457647,-1.239896,3.130664,-0.152772,0.000000,0.000000,0.000000,0.000000,0.000000,0.000000
1778537501.858886,sequential_ik_elbow_then_wrist,0,0,-0.214524,0.193922,-0.079835,-0.319700,0.150599,0.197764,-0.142351,-0.256150,-0.064215,-0.108385,-0.303883,0.230010,0.011240,0.076842,0.080536,0.234294,0.011970,0.062449,0.076639,0.194663,0.000000,0.000000,0.000000,0.396695,-0.966610,-2.386400,0.336638,-0.464531,-1.055392,2.379304,0.211979,0.000000,0.000000,0.000000,0.000000,0.000000,0.000000
1778537501.927050,sequential_ik_elbow_then_wrist,1,0,-0.191689,0.230629,-0.008097,-0.272340,0.189791,0.277959,-0.098328,-0.281007,0.036965,-0.127396,-0.291857,0.335356,0.002300,0.009155,0.032203,0.093506,0.004067,0.002093,0.043210,0.043707,0.000000,0.000000,0.000000,0.466429,-0.766834,-1.813664,0.635650,-0.442410,-0.805972,1.808271,0.521641,0.000000,0.000000,0.000000,0.000000,0.000000,0.000000
1778537501.976384,sequential_ik_elbow_then_wrist,1,0,-0.179955,0.231735,0.062570,-0.269054,0.183442,0.344933,-0.102763,-0.273610,0.067655,-0.166368,-0.244626,0.359398,0.001277,0.010003,0.023884,0.098962,0.000636,0.004870,0.016808,0.069518,0.000000,0.000000,0.000000,0.514487,-0.551420,-1.378384,0.828149,-0.423210,-0.571373,1.374286,0.742418,0.000000,0.000000,0.000000,0.000000,0.000000,0.000000
1778537502.039004,sequential_ik_elbow_then_wrist,1,0,-0.161469,0.219726,0.125093,-0.231223,0.163903,0.411481,-0.121075,-0.245389,0.122984,-0.221545,-0.185317,0.399204,0.000970,0.007963,0.020808,0.087957,0.000772,0.015631,0.018697,0.124339,0.000000,0.000000,0.000000,0.545268,-0.332381,-1.047572,0.938329,-0.425344,-0.346651,1.044458,0.878846,0.000000,0.000000,0.000000,0.000000,0.000000,0.000000
1778537502.107030,sequential_ik_elbow_then_wrist,1,0,-0.130114,0.204178,0.177149,-0.181398,0.151627,0.468024,-0.101339,-0.235780,0.155365,-0.190075,-0.138213,0.424821,0.000845,0.004791,0.019655,0.067364,0.000351,0.014209,0.012517,0.119173,0.000000,0.000000,0.000000,0.556803,-0.115872,-0.796155,0.983904,-0.422670,-0.142671,0.793788,0.976483,0.000000,0.000000,0.000000,0.000000,0.000000,0.000000
1778537502.168453,sequential_ik_elbow_then_wrist,1,0,-0.107354,0.194381,0.201720,-0.140307,0.145893,0.495936,-0.093974,-0.226065,0.173388,-0.191007,-0.129286,0.440256,0.000393,0.002296,0.014052,0.046446,0.000141,0.016282,0.007952,0.127359,0.000000,0.000000,0.000000,0.553020,0.079811,-0.605078,0.990299,-0.417493,0.033262,0.603279,1.031814,0.000000,0.000000,0.000000,0.000000,0.000000,0.000000
1778537502.223054,sequential_ik_elbow_then_wrist,1,0,-0.096542,0.182371,0.217762,-0.124028,0.129977,0.511870,-0.064175,-0.207317,0.207126,-0.099994,-0.063134,0.467756,0.000171,0.002084,0.009329,0.044968,0.000435,0.005415,0.014993,0.073211,0.000000,0.000000,0.000000,0.543210,0.249459,-0.459859,0.976320,-0.399640,0.198881,0.458492,1.091677,0.000000,0.000000,0.000000,0.000000,0.000000,0.000000
1778537502.286668,sequential_ik_elbow_then_wrist,1,0,-0.097628,0.169726,0.227293,-0.126287,0.110750,0.520039,-0.042550,-0.199409,0.220058,-0.048823,-0.040192,0.474245,0.000058,0.003078,0.005107,0.055239,0.000323,0.001323,0.014598,0.036290,0.000000,0.000000,0.000000,0.536919,0.391907,-0.349493,0.953230,-0.369402,0.343600,0.348454,1.143230,0.000000,0.000000,0.000000,0.000000,0.000000,0.000000
1778537502.349296,sequential_ik_elbow_then_wrist,1,0,-0.101424,0.159444,0.233004,-0.140901,0.107505,0.525825,-0.050356,-0.192433,0.224575,-0.074659,-0.027148,0.473754,0.000053,0.004418,0.005934,0.066036,0.000025,0.004243,0.003502,0.065125,0.000000,0.000000,0.000000,0.537661,0.508803,-0.265615,0.917558,-0.344306,0.461745,0.264825,1.179175,0.000000,0.000000,0.000000,0.000000,0.000000,0.000000
1778537502.397181,sequential_ik_elbow_then_wrist,1,0,-0.094284,0.150499,0.241786,-0.120541,0.094206,0.535285,-0.019570,-0.189065,0.232102,0.014666,-0.025767,0.481424,0.000041,0.002903,0.004472,0.053820,0.000351,0.000379,0.016672,0.019478,0.000000,0.000000,0.000000,0.540244,0.608444,-0.201867,0.884595,-0.307099,0.561093,0.201267,1.205793,0.000000,0.000000,0.000000,0.000000,0.000000,0.000000
1778537502.469797,sequential_ik_elbow_then_wrist,1,0,-0.089607,0.146568,0.245944,-0.106907,0.081320,0.538251,-0.015443,-0.187685,0.233529,0.032778,-0.021123,0.478339,0.000015,0.002388,0.002548,0.048867,0.000147,0.001254,0.011029,0.035413,0.000000,0.000000,0.000000,0.542237,0.691040,-0.153419,0.859987,-0.267093,0.639889,0.152963,1.226859,0.000000,0.000000,0.000000,0.000000,0.000000,0.000000
1778537502.526858,sequential_ik_elbow_then_wrist,1,0,-0.084027,0.144708,0.248996,-0.101832,0.074783,0.540190,-0.010425,-0.186235,0.234963,0.047470,-0.024279,0.480765,0.000014,0.002402,0.002938,0.049011,0.000091,0.002481,0.008710,0.049778,0.000000,0.000000,0.000000,0.541671,0.758728,-0.116598,0.839967,-0.227586,0.701854,0.116252,1.238615,0.000000,0.000000,0.000000,0.000000,0.000000,0.000000
1778537502.592396,sequential_ik_elbow_then_wrist,1,0,-0.090602,0.139754,0.249520,-0.117741,0.069710,0.539963,-0.020684,-0.190721,0.230647,0.013044,-0.028939,0.481025,0.000016,0.004079,0.003700,0.063825,0.000005,0.000260,0.001556,0.016119,0.000000,0.000000,0.000000,0.544456,0.811893,-0.088615,0.819286,-0.198175,0.745046,0.088351,1.246210,0.000000,0.000000,0.000000,0.000000,0.000000,0.000000
1778537502.645716,sequential_ik_elbow_then_wrist,1,0,-0.094677,0.141016,0.247287,-0.126013,0.070824,0.537272,-0.023415,-0.191750,0.229529,0.006139,-0.029673,0.480243,0.000019,0.004699,0.004034,0.068547,0.000005,0.000090,0.001844,0.009492,0.000000,0.000000,0.000000,0.550098,0.850241,-0.067347,0.801416,-0.177673,0.775911,0.067147,1.253193,0.000000,0.000000,0.000000,0.000000,0.000000,0.000000
1778537502.708581,sequential_ik_elbow_then_wrist,1,0,-0.092349,0.141800,0.247719,-0.123730,0.072262,0.537856,-0.016062,-0.189015,0.232412,0.026360,-0.027089,0.481370,0.000001,0.004270,0.000964,0.065342,0.000012,0.000837,0.002989,0.028931,0.000000,0.000000,0.000000,0.555249,0.879353,-0.051184,0.787189,-0.158999,0.801717,0.051032,1.258354,0.000000,0.000000,0.000000,0.000000,0.000000,0.000000
1778537502.765423,sequential_ik_elbow_then_wrist,1,0,-0.093268,0.142752,0.246826,-0.125496,0.075145,0.537327,-0.009092,-0.189619,0.232297,0.042233,-0.033348,0.483186,0.000001,0.004215,0.000830,0.064923,0.000034,0.002004,0.005337,0.044737,0.000000,0.000000,0.000000,0.559836,0.900498,-0.038900,0.775377,-0.139084,0.821796,0.038784,1.258177,0.000000,0.000000,0.000000,0.000000,0.000000,0.000000
1778537502.829027,sequential_ik_elbow_then_wrist,1,0,-0.085913,0.147848,0.246495,-0.104935,0.083717,0.538943,0.006991,-0.185019,0.236049,0.092799,-0.039053,0.483701,0.000028,0.002048,0.004988,0.045230,0.000167,0.008920,0.011748,0.094377,0.000000,0.000000,0.000000,0.558806,0.916038,-0.029564,0.769727,-0.111776,0.841088,0.029476,1.249285,0.000000,0.000000,0.000000,0.000000,0.000000,0.000000
1778537502.882026,sequential_ik_elbow_then_wrist,1,0,-0.088697,0.147733,0.245577,-0.116134,0.084803,0.537616,-0.006723,-0.187217,0.234317,0.048336,-0.036146,0.487588,0.000003,0.003027,0.001603,0.055018,0.000002,0.002462,0.001164,0.049621,0.000000,0.000000,0.000000,0.556611,0.926688,-0.022469,0.763832,-0.092163,0.854675,0.022402,1.241406,0.000000,0.000000,0.000000,0.000000,0.000000,0.000000
1778537502.944023,sequential_ik_elbow_then_wrist,1,0,-0.086964,0.144996,0.247817,-0.119076,0.083921,0.539774,-0.011776,-0.186698,0.234531,0.035509,-0.037165,0.490273,0.000003,0.003419,0.001259,0.058449,0.000014,0.001388,0.003395,0.037248,0.000000,0.000000,0.000000,0.554064,0.936942,-0.017076,0.755530,-0.080807,0.864988,0.017025,1.233850,0.000000,0.000000,0.000000,0.000000,0.000000,0.000000
1778537503.004772,sequential_ik_elbow_then_wrist,1,0,-0.083762,0.142938,0.250105,-0.101341,0.082153,0.543356,-0.007831,-0.187020,0.234440,0.042097,-0.041960,0.492248,0.000006,0.002006,0.001987,0.044781,0.000000,0.001939,0.000312,0.044016,0.000000,0.000000,0.000000,0.550682,0.947764,-0.012978,0.750753,-0.071853,0.872709,0.012939,1.224798,0.000000,0.000000,0.000000,0.000000,0.000000,0.000000
1778537503.072747,sequential_ik_elbow_then_wrist,1,0,-0.082789,0.141548,0.251217,-0.105126,0.081097,0.544213,-0.010242,-0.187840,0.233690,0.035263,-0.041453,0.491566,0.000003,0.002414,0.001320,0.049121,0.000002,0.001394,0.001167,0.037330,0.000000,0.000000,0.000000,0.547156,0.957927,-0.009863,0.744245,-0.066238,0.877813,0.009834,1.218399,0.000000,0.000000,0.000000,0.000000,0.000000,0.000000
1778537503.136241,sequential_ik_elbow_then_wrist,1,0,-0.083652,0.141744,0.250821,-0.104564,0.080835,0.543827,-0.011980,-0.189915,0.231924,0.030874,-0.041606,0.489155,0.000000,0.002393,0.000294,0.048915,0.000004,0.001106,0.001658,0.033242,0.000000,0.000000,0.000000,0.544224,0.965645,-0.007496,0.739034,-0.063569,0.879791,0.007474,1.216320,0.000000,0.000000,0.000000,0.000000,0.000000,0.000000
1778537503.191531,sequential_ik_elbow_then_wrist,1,0,-0.082613,0.141295,0.251417,-0.104505,0.083125,0.544908,-0.012993,-0.190455,0.231426,0.026740,-0.043891,0.490155,0.000001,0.002300,0.000655,0.047954,0.000002,0.000866,0.001380,0.029432,0.000000,0.000000,0.000000,0.541477,0.972183,-0.005697,0.732866,-0.062980,0.880375,0.005680,1.214762,0.000000,0.000000,0.000000,0.000000,0.000000,0.000000
1778537503.245964,sequential_ik_elbow_then_wrist,1,0,-0.083071,0.142872,0.250373,-0.111048,0.085971,0.543596,-0.015060,-0.190497,0.231266,0.021484,-0.041260,0.488935,0.000001,0.002760,0.000740,0.052528,0.000004,0.000593,0.001831,0.024336,0.000000,0.000000,0.000000,0.538843,0.976131,-0.004330,0.725662,-0.064506,0.880458,0.004317,1.215692,0.000000,0.000000,0.000000,0.000000,0.000000,0.000000
1778537503.313364,sequential_ik_elbow_then_wrist,1,0,-0.088417,0.141818,0.249139,-0.120211,0.091587,0.543190,-0.025427,-0.190861,0.230056,-0.006806,-0.038001,0.487519,0.000010,0.003160,0.002869,0.056181,0.000051,0.000012,0.006501,0.003227,0.000000,0.000000,0.000000,0.539287,0.977540,-0.003291,0.715554,-0.072729,0.879347,0.003281,1.219177,0.000000,0.000000,0.000000,0.000000,0.000000,0.000000
1778537503.372608,sequential_ik_elbow_then_wrist,1,0,-0.094112,0.138393,0.248979,-0.131681,0.093640,0.543233,-0.033723,-0.192984,0.227200,-0.036548,-0.039029,0.484669,0.000039,0.003823,0.005870,0.061782,0.000073,0.000966,0.007710,0.031077,0.000000,0.000000,0.000000,0.544774,0.978127,-0.002501,0.701836,-0.087457,0.875544,0.002493,1.223680,0.000000,0.000000,0.000000,0.000000,0.000000,0.000000
1778537503.434017,sequential_ik_elbow_then_wrist,1,0,-0.088573,0.138218,0.251099,-0.122745,0.104819,0.547269,-0.034269,-0.196840,0.223785,-0.047333,-0.040736,0.479638,0.000002,0.002288,0.001137,0.047732,0.000024,0.001665,0.004185,0.040773,0.000000,0.000000,0.000000,0.549635,0.980756,-0.001901,0.683808,-0.103137,0.868697,0.001895,1.231055,0.000000,0.000000,0.000000,0.000000,0.000000,0.000000
1778537503.492335,sequential_ik_elbow_then_wrist,1,0,-0.087758,0.132961,0.254204,-0.118046,0.111078,0.551868,-0.046996,-0.197954,0.220467,-0.089544,-0.047124,0.476280,0.000009,0.001566,0.002407,0.039372,0.000088,0.006317,0.008299,0.079473,0.000000,0.000000,0.000000,0.554903,0.986813,-0.001444,0.660651,-0.124701,0.859641,0.001440,1.233803,0.000000,0.000000,0.000000,0.000000,0.000000,0.000000
1778537503.565070,sequential_ik_elbow_then_wrist,1,0,-0.084618,0.130535,0.256516,-0.110924,0.127592,0.555346,-0.045955,-0.204652,0.214489,-0.079739,-0.057556,0.473759,0.000004,0.000636,0.001397,0.024565,0.000023,0.004461,0.003675,0.066786,0.000000,0.000000,0.000000,0.559199,0.995056,-0.001098,0.629433,-0.144569,0.846408,0.001095,1.237249,0.000000,0.000000,0.000000,0.000000,0.000000,0.000000
1778537503.613543,sequential_ik_elbow_then_wrist,1,0,-0.083467,0.136312,0.253874,-0.111045,0.141469,0.552560,-0.042513,-0.209131,0.210848,-0.067281,-0.061669,0.470929,0.000008,0.000345,0.002565,0.018329,0.000007,0.002904,0.001859,0.053845,0.000000,0.000000,0.000000,0.560493,0.999065,-0.000834,0.598659,-0.158781,0.831699,0.000832,1.245008,0.000000,0.000000,0.000000,0.000000,0.000000,0.000000
1778537503.680719,sequential_ik_elbow_then_wrist,1,0,-0.082400,0.141614,0.251308,-0.108557,0.159408,0.549635,-0.041798,-0.213750,0.206310,-0.070493,-0.066578,0.466150,0.000021,0.000091,0.004125,0.009293,0.000009,0.003198,0.002120,0.056518,0.000000,0.000000,0.000000,0.558191,0.998683,-0.000634,0.570047,-0.168180,0.815561,0.000632,1.255563,0.000000,0.000000,0.000000,0.000000,0.000000,0.000000
1778537503.741967,sequential_ik_elbow_then_wrist,1,0,-0.085417,0.145464,0.248081,-0.120790,0.181385,0.543815,-0.037061,-0.215818,0.205058,-0.054450,-0.069162,0.466190,0.000011,0.000128,0.002652,0.010403,0.000011,0.001701,0.002845,0.041213,0.000000,0.000000,0.000000,0.554623,0.993990,-0.000482,0.537690,-0.171618,0.801113,0.000480,1.267489,0.000000,0.000000,0.000000,0.000000,0.000000,0.000000
1778537503.791950,sequential_ik_elbow_then_wrist,1,0,-0.087462,0.146597,0.246697,-0.133271,0.204049,0.537560,-0.059034,-0.214022,0.201766,-0.109175,-0.075613,0.463163,0.000002,0.000153,0.001093,0.010634,0.000098,0.008076,0.008515,0.089821,0.000000,0.000000,0.000000,0.551407,0.987899,-0.000366,0.497961,-0.185920,0.786984,0.000365,1.269766,0.000000,0.000000,0.000000,0.000000,0.000000,0.000000
1778537503.853303,sequential_ik_elbow_then_wrist,1,0,-0.083076,0.157863,0.241200,-0.144179,0.262362,0.515693,-0.051494,-0.219444,0.197971,-0.085905,-0.077433,0.459980,0.000054,0.000315,0.006422,0.012157,0.000005,0.004430,0.001481,0.066525,0.000000,0.000000,0.000000,0.543353,0.976938,-0.000278,0.436771,-0.196690,0.772258,0.000278,1.276760,0.000000,0.000000,0.000000,0.000000,0.000000,0.000000
1778537503.914696,sequential_ik_elbow_then_wrist,1,0,-0.090678,0.192282,0.211672,-0.170165,0.327741,0.467275,-0.021543,-0.223992,0.198402,-0.036728,-0.071713,0.456434,0.000351,0.000071,0.013653,0.005849,0.000228,0.000701,0.012948,0.025925,0.000000,0.000000,0.000000,0.527870,0.939322,-0.000212,0.375651,-0.186306,0.760809,0.000211,1.294928,0.000000,0.000000,0.000000,0.000000,0.000000,0.000000
1778537503.977404,sequential_ik_elbow_then_wrist,1,0,-0.089555,0.231006,0.169163,-0.184479,0.412118,0.388680,0.008891,-0.225880,0.197229,0.016764,-0.053448,0.442596,0.000677,0.000065,0.018574,0.006557,0.000466,0.000494,0.018515,0.020469,0.000000,0.000000,0.000000,0.500082,0.870042,-0.000161,0.317840,-0.151804,0.751401,0.000160,1.329455,0.000000,0.000000,0.000000,0.000000,0.000000,0.000000
1778537504.040637,sequential_ik_elbow_then_wrist,1,0,-0.139051,0.259921,0.055733,-0.338122,0.443723,0.184526,-0.018659,-0.234133,0.186638,-0.073012,-0.020233,0.389844,0.002384,0.010557,0.032909,0.102598,0.000044,0.005926,0.004911,0.074534,0.000000,0.000000,0.000000,0.492933,0.731964,-0.000122,0.260659,-0.130889,0.734990,0.000122,1.401891,0.000000,0.000000,0.000000,0.000000,0.000000,0.000000
1778537504.091446,sequential_ik_elbow_then_wrist,0,0,-0.146382,0.167881,-0.200968,-0.352782,0.323581,-0.353142,-0.121053,-0.235076,0.141723,-0.301795,-0.046038,0.288682,0.012424,0.009403,0.078331,0.095038,0.002490,0.088497,0.039489,0.297425,0.000000,0.000000,0.000000,0.526282,0.440709,-0.753693,0.263428,-0.180293,0.689451,0.000093,1.471105,0.000000,0.000000,0.000000,0.000000,0.000000,0.000000
1778537504.159026,sequential_ik_elbow_then_wrist,0,0,-0.129386,0.136465,-0.233745,-0.325215,0.271147,-0.416807,-0.123249,-0.246667,0.118173,-0.262623,-0.034067,0.277472,0.001996,0.006688,0.030736,0.078518,0.000397,0.060944,0.014187,0.246646,0.000000,0.000000,0.000000,0.567465,0.143164,-1.326407,0.210666,-0.239274,0.629030,0.000070,1.548889,0.000000,0.000000,0.000000,0.000000,0.000000,0.000000
1778537504.223555,sequential_ik_elbow_then_wrist,0,0,-0.134302,0.110150,-0.244602,-0.339348,0.215273,-0.436709,-0.140218,-0.246801,0.097099,-0.284946,-0.038492,0.257291,0.000660,0.008818,0.021145,0.092547,0.000217,0.066363,0.010217,0.257586,0.000000,0.000000,0.000000,0.618014,-0.112212,-1.761669,0.132411,-0.299960,0.563169,0.000053,1.616332,0.000000,0.000000,0.000000,0.000000,0.000000,0.000000
1778537504.277261,sequential_ik_elbow_then_wrist,0,0,-0.134674,0.091178,-0.252090,-0.347433,0.189608,-0.439293,-0.142681,-0.248047,0.090083,-0.289672,-0.049354,0.260127,0.000521,0.008009,0.020623,0.089094,0.000036,0.063145,0.004078,0.251276,0.000000,0.000000,0.000000,0.674342,-0.321420,-2.092468,0.052632,-0.351376,0.503936,0.000041,1.662020,0.000000,0.000000,0.000000,0.000000,0.000000,0.000000
1778537504.330045,sequential_ik_elbow_then_wrist,0,0,-0.133748,0.077355,-0.257153,-0.352574,0.182388,-0.433457,-0.142077,-0.248410,0.090035,-0.286867,-0.056971,0.269998,0.000454,0.007504,0.019863,0.086623,0.000002,0.058380,0.000886,0.241590,0.000000,0.000000,0.000000,0.733105,-0.489795,-2.343876,-0.008000,-0.391402,0.456781,0.000031,1.687665,0.000000,0.000000,0.000000,0.000000,0.000000,0.000000
1778537504.393786,sequential_ik_elbow_then_wrist,0,0,-0.126286,0.068102,-0.263465,-0.342751,0.161030,-0.449227,-0.145906,-0.248388,0.083755,-0.300616,-0.066541,0.265404,0.000294,0.006604,0.015958,0.081263,0.000008,0.061946,0.001935,0.248844,0.000000,0.000000,0.000000,0.789323,-0.627449,-2.534946,-0.054080,-0.424137,0.416407,0.000023,1.695830,0.000000,0.000000,0.000000,0.000000,0.000000,0.000000
1778537504.456417,sequential_ik_elbow_then_wrist,0,0,-0.114177,0.061099,-0.270611,-0.342914,0.140099,-0.447921,-0.142445,-0.251043,0.081773,-0.301127,-0.073567,0.264317,0.000164,0.010344,0.011492,0.101706,0.000003,0.061310,0.001211,0.247596,0.000000,0.000000,0.000000,0.839119,-0.743679,-2.680159,-0.089101,-0.446923,0.383413,0.000018,1.696298,0.000000,0.000000,0.000000,0.000000,0.000000,0.000000
1778537504.525970,sequential_ik_elbow_then_wrist,0,0,-0.080406,0.058292,-0.283085,-0.288589,0.148807,-0.479214,-0.134688,-0.255358,0.081557,-0.293409,-0.077022,0.263227,0.000178,0.007216,0.009427,0.084948,0.000013,0.059419,0.002478,0.243756,0.000000,0.000000,0.000000,0.874663,-0.854585,-2.790521,-0.115716,-0.458197,0.357675,0.000014,1.699726,0.000000,0.000000,0.000000,0.000000,0.000000,0.000000
1778537504.575874,sequential_ik_elbow_then_wrist,0,0,-0.059046,0.057001,-0.288556,-0.254190,0.155360,-0.494089,-0.127788,-0.259338,0.080087,-0.296995,-0.087214,0.258251,0.000268,0.008186,0.014577,0.090476,0.000015,0.062309,0.002665,0.249617,0.000000,0.000000,0.000000,0.896200,-0.955827,-2.874396,-0.135944,-0.460294,0.337022,0.000010,1.702241,0.000000,0.000000,0.000000,0.000000,0.000000,0.000000
1778537504.644783,sequential_ik_elbow_then_wrist,0,0,-0.044589,0.062828,-0.289939,-0.215955,0.171732,-0.510786,-0.125824,-0.261748,0.075210,-0.306129,-0.098263,0.250604,0.000597,0.006874,0.023915,0.082910,0.000007,0.066754,0.001854,0.258363,0.000000,0.000000,0.000000,0.904307,-1.041573,-2.938141,-0.151318,-0.458496,0.317956,0.000008,1.700350,0.000000,0.000000,0.000000,0.000000,0.000000,0.000000
1778537504.701246,sequential_ik_elbow_then_wrist,0,0,-0.050843,0.068659,-0.287578,-0.237352,0.167173,-0.500907,-0.122910,-0.265068,0.068058,-0.296944,-0.093322,0.241884,0.000501,0.008454,0.022097,0.091947,0.000013,0.064683,0.002386,0.254278,0.000000,0.000000,0.000000,0.902809,-1.102851,-2.986587,-0.163002,-0.453762,0.298150,0.000006,1.711118,0.000000,0.000000,0.000000,0.000000,0.000000,0.000000
1778537504.761087,sequential_ik_elbow_then_wrist,0,0,-0.052991,0.074964,-0.285609,-0.225183,0.177976,-0.508630,-0.128805,-0.266911,0.046556,-0.299478,-0.100391,0.228605,0.000528,0.005189,0.022612,0.072038,0.000069,0.063049,0.005521,0.251072,0.000000,0.000000,0.000000,0.893224,-1.144376,-3.023406,-0.171881,-0.452146,0.268364,0.000005,1.727612,0.000000,0.000000,0.000000,0.000000,0.000000,0.000000
1778537504.814483,sequential_ik_elbow_then_wrist,0,0,-0.062247,0.076044,-0.283448,-0.241002,0.174064,-0.503536,-0.133463,-0.266616,0.033218,-0.297677,-0.108741,0.228434,0.000240,0.005341,0.015044,0.073081,0.000046,0.057186,0.004493,0.239135,0.000000,0.000000,0.000000,0.879831,-1.169490,-3.051389,-0.178630,-0.454059,0.234051,0.000003,1.741363,0.000000,0.000000,0.000000,0.000000,0.000000,0.000000
1778537504.878114,sequential_ik_elbow_then_wrist,0,0,-0.065216,0.075507,-0.282923,-0.244683,0.171846,-0.503174,-0.137535,-0.265949,0.018841,-0.310808,-0.123951,0.218373,0.000117,0.005294,0.010603,0.072757,0.000045,0.058327,0.004456,0.241484,0.000000,0.000000,0.000000,0.865054,-1.185751,-3.072655,-0.183759,-0.458680,0.196398,0.000003,1.743418,0.000000,0.000000,0.000000,0.000000,0.000000,0.000000
1778537504.943497,sequential_ik_elbow_then_wrist,0,0,-0.066312,0.072900,-0.283352,-0.251938,0.165985,-0.499866,-0.142309,-0.264086,0.002605,-0.334216,-0.154467,0.205472,0.000046,0.006845,0.006682,0.082735,0.000055,0.060138,0.004918,0.244989,0.000000,0.000000,0.000000,0.850871,-1.198044,-3.088818,-0.187657,-0.466067,0.155108,0.000002,1.718875,0.000000,0.000000,0.000000,0.000000,0.000000,0.000000
1778537505.001082,sequential_ik_elbow_then_wrist,0,0,-0.066891,0.067347,-0.284587,-0.262850,0.153140,-0.494919,-0.143859,-0.263253,-0.001529,-0.339265,-0.170453,0.206329,0.000005,0.010134,0.002107,0.100669,0.000010,0.055974,0.002150,0.236440,0.000000,0.000000,0.000000,0.839252,-1.209601,-3.101102,-0.190619,-0.473656,0.118277,0.000002,1.680093,0.000000,0.000000,0.000000,0.000000,0.000000,0.000000
1778537505.064879,sequential_ik_elbow_then_wrist,0,0,-0.076896,0.066845,-0.282168,-0.265241,0.139742,-0.504006,-0.146185,-0.261132,-0.020980,-0.368269,-0.230178,0.178319,0.000026,0.009056,0.004759,0.095164,0.000056,0.053380,0.004995,0.230051,0.000000,0.000000,0.000000,0.832435,-1.214393,-3.110437,-0.192870,-0.481763,0.077027,0.000001,1.599370,0.000000,0.000000,0.000000,0.000000,0.000000,0.000000
1778537505.126286,sequential_ik_elbow_then_wrist,0,0,-0.066409,0.076109,-0.282484,-0.233810,0.155537,-0.518425,-0.141530,-0.261984,-0.036518,-0.390664,-0.247067,0.129943,0.000065,0.003630,0.007917,0.060251,0.000051,0.062836,0.004773,0.250205,0.000000,0.000000,0.000000,0.823662,-1.217836,-3.117532,-0.194582,-0.485690,0.033012,0.000001,1.501365,0.000000,0.000000,0.000000,0.000000,0.000000,0.000000
1778537505.198345,sequential_ik_elbow_then_wrist,0,0,-0.064245,0.077541,-0.282595,-0.256650,0.089830,-0.512441,-0.078445,-0.150753,-0.247225,-0.325102,-0.200539,-0.410570,0.000080,0.015157,0.008789,0.123112,0.008149,0.050988,0.062131,0.217748,0.000000,0.000000,0.000000,0.813011,-1.220660,-3.122925,-0.195882,-0.486388,-0.157594,0.753601,1.283405,0.000000,0.000000,0.000000,0.000000,0.000000,0.000000
1778537505.246352,sequential_ik_elbow_then_wrist,1,0,-0.020695,0.090532,-0.285264,-0.221776,0.088809,-0.507893,-0.039545,-0.096195,-0.281394,-0.195394,-0.166311,-0.527960,0.001954,0.014505,0.043342,0.120436,0.002300,0.013384,0.032624,0.109130,0.000000,0.000000,0.000000,0.787638,-1.234563,-3.127023,-0.196870,-0.480923,-0.386617,1.326337,1.025589,0.000000,0.000000,0.000000,0.000000,0.000000,0.000000
1778537505.307540,sequential_ik_elbow_then_wrist,1,0,-0.036322,0.118435,-0.273228,-0.240979,0.121972,-0.492553,-0.015831,-0.125773,-0.271902,-0.147153,-0.232410,-0.519657,0.001840,0.017662,0.041337,0.132883,0.001122,0.003700,0.032373,0.056015,0.000000,0.000000,0.000000,0.749604,-1.225018,-3.130137,-0.192696,-0.457338,-0.567712,1.761616,0.772714,0.000000,0.000000,0.000000,0.000000,0.000000,0.000000
1778537505.363691,sequential_ik_elbow_then_wrist,1,0,-0.044199,0.146997,-0.257756,-0.280832,0.187460,-0.437667,-0.014376,-0.154515,-0.256746,-0.159604,-0.250697,-0.500995,0.001685,0.025779,0.038334,0.160546,0.001169,0.006944,0.032069,0.083331,0.000000,0.000000,0.000000,0.697578,-1.191143,-3.132504,-0.194449,-0.418154,-0.686501,2.092428,0.581583,0.000000,0.000000,0.000000,0.000000,0.000000,0.000000
1778537505.421300,sequential_ik_elbow_then_wrist,0,0,-0.067815,0.209122,-0.204130,-0.312132,0.345537,-0.095961,-0.003229,-0.190775,-0.231505,-0.110059,-0.439075,-0.101372,0.001920,0.111602,0.034096,0.334069,0.001417,0.119017,0.033308,0.344538,0.000000,0.000000,0.000000,0.632213,-1.104617,-3.134303,-0.195781,-0.360583,-0.745213,2.343845,0.394003,0.000000,0.000000,0.000000,0.000000,0.000000,0.000000
1778537505.481266,sequential_ik_elbow_then_wrist,0,0,-0.178323,0.198031,-0.137784,-0.410502,0.296215,0.024860,0.011099,-0.276912,-0.114877,-0.073845,-0.493465,0.074567,0.002582,0.050680,0.038415,0.199482,0.003769,0.029110,0.043404,0.128732,0.000000,0.000000,0.000000,0.630559,-0.975091,-2.382070,0.053626,-0.282146,-0.691587,1.781322,0.520173,0.000000,0.000000,0.000000,0.000000,0.000000,0.000000
1778537505.545745,sequential_ik_elbow_then_wrist,0,0,-0.197660,0.211667,-0.078279,-0.418753,0.164631,0.118965,-0.003917,-0.285475,-0.092135,-0.105077,-0.432184,0.149202,0.001152,0.049583,0.023084,0.218995,0.000474,0.011717,0.014514,0.102023,0.000000,0.000000,0.000000,0.651385,-0.821187,-1.810374,0.339909,-0.219039,-0.612070,1.353805,0.702886,0.000000,0.000000,0.000000,0.000000,0.000000,0.000000
1778537505.615714,sequential_ik_elbow_then_wrist,1,0,-0.127005,0.270383,-0.027616,-0.267878,0.236201,0.235037,0.003565,-0.254974,-0.158037,0.059260,-0.193062,0.130173,0.001472,0.015893,0.026125,0.123541,0.000416,0.015819,0.013649,0.099268,0.000000,0.000000,0.000000,0.616390,-0.659886,-1.375884,0.617726,-0.165653,-0.587631,1.028892,1.027109,0.000000,0.000000,0.000000,0.000000,0.000000,0.000000
1778537505.675934,sequential_ik_elbow_then_wrist,0,0,-0.059885,0.291581,0.037342,-0.109459,0.294121,0.333207,0.042833,-0.251747,-0.157445,0.241817,-0.298174,0.062214,0.001788,0.000913,0.028364,0.030125,0.000337,0.048514,0.014279,0.219658,0.000000,0.000000,0.000000,0.534030,-0.486737,-1.045672,0.823073,-0.098625,-0.577180,0.781958,1.234496,0.000000,0.000000,0.000000,0.000000,0.000000,0.000000
1778537505.735392,sequential_ik_elbow_then_wrist,1,0,-0.012455,0.207079,0.216710,-0.115311,0.122622,0.485573,-0.016989,-0.244049,-0.173641,-0.123408,-0.167832,0.096296,0.006534,0.010424,0.055812,0.100728,0.000453,0.019118,0.016768,0.131564,0.000000,0.000000,0.000000,0.440357,-0.218299,-0.794711,0.939137,-0.075871,-0.583194,0.594288,1.494192,0.000000,0.000000,0.000000,0.000000,0.000000,0.000000
1778537505.795011,sequential_ik_elbow_then_wrist,0,0,-0.262929,0.144454,-0.001123,-0.388151,0.163060,-0.273103,-0.093772,-0.176951,-0.223372,-0.341899,-0.314936,-0.320292,0.015008,0.022883,0.091452,0.150813,0.003388,0.224975,0.048515,0.466390,0.000000,0.000000,0.000000,0.531623,-0.123274,-1.357580,1.055599,-0.119170,-0.635576,1.205259,1.484326,0.000000,0.000000,0.000000,0.000000,0.000000,0.000000
1778537505.840995,sequential_ik_elbow_then_wrist,0,0,-0.090737,0.161813,-0.235761,-0.315038,0.177207,-0.434387,-0.052818,-0.211477,-0.206125,-0.267968,-0.386125,-0.321053,0.014073,0.029741,0.084271,0.161451,0.000022,0.071191,0.003230,0.242157,0.000000,0.000000,0.000000,0.558317,-0.246854,-1.785361,0.998622,-0.150569,-0.667248,1.669597,1.207953,0.000000,0.000000,0.000000,0.000000,0.000000,0.000000
1778537505.904007,sequential_ik_elbow_then_wrist,0,0,-0.117943,0.144251,-0.235119,-0.355006,0.144002,-0.418970,-0.035902,-0.199233,-0.221398,-0.211316,-0.305787,-0.440205,0.000757,0.045897,0.018527,0.209059,0.000105,0.021792,0.008265,0.147294,0.000000,0.000000,0.000000,0.583643,-0.389320,-2.110474,0.842965,-0.165615,-0.702991,2.022493,0.974306,0.000000,0.000000,0.000000,0.000000,0.000000,0.000000
1778537505.967660,sequential_ik_elbow_then_wrist,0,0,-0.107990,0.171853,-0.220918,-0.359673,0.214396,-0.378543,0.007100,-0.176923,-0.242173,-0.157088,-0.285401,-0.468612,0.000137,0.035483,0.010467,0.185572,0.000930,0.017811,0.026600,0.133407,0.000000,0.000000,0.000000,0.590546,-0.495447,-2.357560,0.647046,-0.150597,-0.754295,2.290695,0.787799,0.000000,0.000000,0.000000,0.000000,0.000000,0.000000
1778537506.038641,sequential_ik_elbow_then_wrist,1,0,-0.125814,0.145414,-0.230273,-0.373214,0.205582,-0.388932,-0.009358,-0.202324,-0.221308,-0.185247,-0.315155,-0.436558,0.000147,0.031079,0.010598,0.175654,0.000123,0.028581,0.008436,0.169049,0.000000,0.000000,0.000000,0.607284,-0.584368,-2.545346,0.462141,-0.132570,-0.777235,2.494528,0.641299,0.000000,0.000000,0.000000,0.000000,0.000000,0.000000
1778537506.087743,sequential_ik_elbow_then_wrist,0,0,-0.102000,0.131795,-0.249451,-0.359292,0.156732,-0.401699,-0.018727,-0.203816,-0.219337,-0.239361,-0.167432,-0.419328,0.000143,0.040067,0.007961,0.200075,0.000013,0.065545,0.002629,0.252737,0.000000,0.000000,0.000000,0.619846,-0.673386,-2.688063,0.306990,-0.120819,-0.789138,2.649441,0.628025,0.000000,0.000000,0.000000,0.000000,0.000000,0.000000
1778537506.156299,sequential_ik_elbow_then_wrist,0,0,-0.074937,0.112340,-0.267888,-0.322575,0.137259,-0.435383,-0.040954,-0.139783,-0.262266,-0.267990,-0.083767,-0.450194,0.000287,0.035963,0.012242,0.189632,0.001023,0.073821,0.025039,0.271532,0.000000,0.000000,0.000000,0.624253,-0.768649,-2.796528,0.185312,-0.128875,-0.842854,2.767176,0.640816,0.000000,0.000000,0.000000,0.000000,0.000000,0.000000
1778537506.218846,sequential_ik_elbow_then_wrist,0,0,-0.066580,0.083595,-0.280319,-0.302254,0.081413,-0.465935,-0.050628,-0.109957,-0.274493,-0.268491,-0.076070,-0.477932,0.000207,0.041982,0.009811,0.204894,0.000912,0.069475,0.026974,0.263013,0.000000,0.000000,0.000000,0.629301,-0.866284,-2.878961,0.092837,-0.151510,-0.911794,2.856653,0.608997,0.000000,0.000000,0.000000,0.000000,0.000000,0.000000
1778537506.270859,sequential_ik_elbow_then_wrist,0,0,-0.029454,0.078605,-0.288017,-0.254980,0.073038,-0.485772,-0.040120,-0.088552,-0.283811,-0.230567,-0.082554,-0.515531,0.000595,0.032968,0.022232,0.181570,0.000416,0.045826,0.018015,0.213014,0.000000,0.000000,0.000000,0.624112,-0.962828,-2.941610,0.022556,-0.176955,-0.985560,2.924657,0.533863,0.000000,0.000000,0.000000,0.000000,0.000000,0.000000
1778537506.331886,sequential_ik_elbow_then_wrist,0,0,-0.024070,0.067241,-0.291375,-0.230506,0.078218,-0.508777,-0.031669,-0.074597,-0.288847,-0.208645,-0.064787,-0.530886,0.000343,0.025186,0.017572,0.158702,0.000176,0.036725,0.011607,0.191376,0.000000,0.000000,0.000000,0.614337,-1.048950,-2.989224,-0.030857,-0.200440,-1.056494,2.976339,0.452704,0.000000,0.000000,0.000000,0.000000,0.000000,0.000000
1778537506.384916,sequential_ik_elbow_then_wrist,0,0,-0.039585,0.057322,-0.291800,-0.229772,0.078142,-0.522874,-0.040096,-0.081360,-0.285960,-0.228424,-0.076150,-0.519424,0.000004,0.023714,0.001683,0.153994,0.000216,0.042327,0.014470,0.205589,0.000000,0.000000,0.000000,0.607324,-1.117147,-3.025410,-0.071451,-0.223884,-1.107921,3.015618,0.372363,0.000000,0.000000,0.000000,0.000000,0.000000,0.000000
1778537506.452022,sequential_ik_elbow_then_wrist,0,0,-0.052764,0.055399,-0.290081,-0.256663,0.056608,-0.510135,-0.022004,-0.068710,-0.291195,-0.210575,-0.067946,-0.524520,0.000154,0.035032,0.012239,0.187170,0.000035,0.036510,0.003999,0.191003,0.000000,0.000000,0.000000,0.605859,-1.165867,-3.052912,-0.102303,-0.241971,-1.157585,3.045469,0.298587,0.000000,0.000000,0.000000,0.000000,0.000000,0.000000
1778537506.509058,sequential_ik_elbow_then_wrist,0,0,-0.037558,0.045816,-0.294092,-0.239851,0.067657,-0.514548,-0.044514,-0.074718,-0.287116,-0.254557,-0.063369,-0.501016,0.000052,0.028150,0.005938,0.167780,0.000351,0.055098,0.018390,0.234703,0.000000,0.000000,0.000000,0.606095,-1.212613,-3.073813,-0.125750,-0.262159,-1.189513,3.068157,0.234087,0.000000,0.000000,0.000000,0.000000,0.000000,0.000000
1778537506.586738,sequential_ik_elbow_then_wrist,0,0,-0.033080,0.041039,-0.295333,-0.228866,0.071677,-0.520564,-0.043573,-0.079516,-0.285969,-0.260846,-0.117703,-0.489278,0.000025,0.024744,0.004268,0.157303,0.000202,0.047448,0.013943,0.217227,0.000000,0.000000,0.000000,0.607149,-1.254422,-3.089698,-0.143570,-0.282783,-1.209496,3.085399,0.146374,0.000000,0.000000,0.000000,0.000000,0.000000,0.000000
1778537506.632333,sequential_ik_elbow_then_wrist,0,0,-0.061359,0.044374,-0.290286,-0.279581,0.073714,-0.494046,-0.059411,-0.066751,-0.286382,-0.271472,-0.139739,-0.485638,0.000574,0.038859,0.023368,0.197127,0.000878,0.043417,0.029251,0.208254,0.000000,0.000000,0.000000,0.614233,-1.275301,-3.101770,-0.157113,-0.309535,-1.227040,3.098503,0.063244,0.000000,0.000000,0.000000,0.000000,0.000000,0.000000
1778537506.698444,sequential_ik_elbow_then_wrist,1,0,-0.055525,0.063295,-0.287942,-0.250212,0.107015,-0.511964,-0.030705,-0.065136,-0.291229,-0.222804,-0.140875,-0.508856,0.000072,0.020736,0.007317,0.143999,0.000032,0.025473,0.004368,0.159604,0.000000,0.000000,0.000000,0.621711,-1.281122,-3.110945,-0.167406,-0.330897,-1.248890,3.108463,0.000066,0.000000,0.000000,0.000000,0.000000,0.000000,0.000000
1778537506.758895,sequential_ik_elbow_then_wrist,1,0,-0.042931,0.062241,-0.290315,-0.207195,0.129609,-0.532139,-0.019808,-0.065107,-0.292179,-0.192205,-0.148387,-0.523142,0.000011,0.008908,0.003059,0.094384,0.000049,0.016638,0.006669,0.128989,0.000000,0.000000,0.000000,0.626430,-1.288626,-3.117919,-0.175229,-0.345146,-1.270111,3.116032,-0.047950,0.000000,0.000000,0.000000,0.000000,0.000000,0.000000
1778537506.822819,sequential_ik_elbow_then_wrist,1,0,-0.017548,0.063736,-0.292626,-0.169402,0.150842,-0.536250,0.002354,-0.063396,-0.293216,-0.139976,-0.153291,-0.541532,0.000533,0.004687,0.022600,0.068463,0.000631,0.006854,0.024799,0.082791,0.000000,0.000000,0.000000,0.623357,-1.303499,-3.123218,-0.181174,-0.349244,-1.293168,3.121784,-0.084442,0.000000,0.000000,0.000000,0.000000,0.000000,0.000000
1778537506.874999,sequential_ik_elbow_then_wrist,1,0,-0.018151,0.063638,-0.292610,-0.155125,0.160922,-0.541154,0.010184,-0.077878,-0.289536,-0.145452,-0.173238,-0.527620,0.000420,0.003561,0.020358,0.059672,0.001210,0.008601,0.034461,0.092742,0.000000,0.000000,0.000000,0.615423,-1.316422,-3.127246,-0.185692,-0.342658,-1.304576,3.126156,-0.112176,0.000000,0.000000,0.000000,0.000000,0.000000,0.000000
1778537506.933550,sequential_ik_elbow_then_wrist,1,0,0.002840,0.068537,-0.292052,-0.116105,0.173699,-0.546597,0.043801,-0.084150,-0.284605,-0.094040,-0.165748,-0.538261,0.001487,0.001862,0.038310,0.043148,0.004057,0.003458,0.063212,0.058799,0.000000,0.000000,0.000000,0.599609,-1.330408,-3.130307,-0.189126,-0.318927,-1.311607,3.129478,-0.132006,0.000000,0.000000,0.000000,0.000000,0.000000,0.000000
1778537507.004728,sequential_ik_elbow_then_wrist,1,0,-0.019879,0.092827,-0.284584,-0.162682,0.195323,-0.527693,0.015344,-0.081844,-0.288212,-0.130184,-0.145172,-0.542792,0.000943,0.003613,0.029240,0.060106,0.001016,0.010766,0.031551,0.103504,0.000000,0.000000,0.000000,0.578400,-1.320521,-3.132633,-0.191736,-0.290833,-1.312709,3.132004,-0.129673,0.000000,0.000000,0.000000,0.000000,0.000000,0.000000
1778537507.055264,sequential_ik_elbow_then_wrist,1,0,-0.042347,0.104560,-0.277982,-0.178793,0.213223,-0.522061,0.005296,-0.078570,-0.289480,-0.147997,-0.140989,-0.539690,0.000255,0.003544,0.013742,0.059532,0.000367,0.015925,0.018966,0.126161,0.000000,0.000000,0.000000,0.557034,-1.294189,-3.134401,-0.193719,-0.263217,-1.312993,3.133923,-0.120973,0.000000,0.000000,0.000000,0.000000,0.000000,0.000000
1778537507.137494,sequential_ik_elbow_then_wrist,1,0,-0.019064,0.122568,-0.273155,-0.137498,0.239221,-0.522886,-0.003557,-0.073176,-0.290917,-0.166521,-0.122832,-0.537852,0.001138,0.000869,0.032756,0.029397,0.000074,0.022574,0.008502,0.150206,0.000000,0.000000,0.000000,0.523866,-1.264844,-3.135745,-0.189923,-0.239495,-1.315410,3.135381,-0.106018,0.000000,0.000000,0.000000,0.000000,0.000000,0.000000
1778537507.181019,sequential_ik_elbow_then_wrist,1,0,-0.032466,0.108435,-0.277827,-0.174040,0.204053,-0.524432,0.015444,-0.071367,-0.290978,-0.149176,-0.168187,-0.522335,0.000142,0.007086,0.011607,0.084108,0.000626,0.017870,0.024792,0.133075,0.000000,0.000000,0.000000,0.492535,-1.245159,-3.136766,-0.178823,-0.213875,-1.320346,3.136490,-0.125064,0.000000,0.000000,0.000000,0.000000,0.000000,0.000000
1778537507.234375,sequential_ik_elbow_then_wrist,1,0,-0.026100,0.125953,-0.271025,-0.168546,0.232185,-0.512735,0.006083,-0.054492,-0.294947,-0.166537,-0.135777,-0.526452,0.000394,0.006504,0.018965,0.080643,0.000191,0.024647,0.013077,0.156986,0.000000,0.000000,0.000000,0.458169,-1.220918,-3.137542,-0.169230,-0.191124,-1.334449,3.137332,-0.142933,0.000000,0.000000,0.000000,0.000000,0.000000,0.000000
1778537507.296577,sequential_ik_elbow_then_wrist,0,0,-0.032505,0.120743,-0.272699,-0.179979,0.208868,-0.518637,-0.007753,-0.041991,-0.296946,-0.188059,-0.104724,-0.528363,0.000072,0.011101,0.008265,0.105200,0.000033,0.033272,0.004265,0.182402,0.000000,0.000000,0.000000,0.427191,-1.202073,-3.138132,-0.147950,-0.174382,-1.354262,3.137972,-0.153242,0.000000,0.000000,0.000000,0.000000,0.000000,0.000000
1778537507.355987,sequential_ik_elbow_then_wrist,1,0,-0.047283,0.104428,-0.277235,-0.194078,0.174543,-0.529297,0.012728,-0.054077,-0.294811,-0.176967,-0.107647,-0.520966,0.000094,0.015594,0.009057,0.124801,0.000345,0.031071,0.018428,0.176249,0.000000,0.000000,0.000000,0.408478,-1.194694,-3.138580,-0.121296,-0.157835,-1.365271,3.138459,-0.154792,0.000000,0.000000,0.000000,0.000000,0.000000,0.000000
1778537507.418080,sequential_ik_elbow_then_wrist,1,0,-0.050490,0.086275,-0.282856,-0.203803,0.128921,-0.537171,0.006475,-0.063831,-0.293059,-0.175493,-0.108070,-0.527432,0.000274,0.020856,0.015523,0.144385,0.000173,0.030602,0.012696,0.174802,0.000000,0.000000,0.000000,0.401544,-1.200881,-3.138921,-0.093670,-0.142248,-1.366097,3.138829,-0.139581,0.000000,0.000000,0.000000,0.000000,0.000000,0.000000
1778537507.474236,sequential_ik_elbow_then_wrist,1,0,-0.052527,0.088038,-0.281940,-0.197636,0.140088,-0.539300,0.016369,-0.068159,-0.291696,-0.170348,-0.082326,-0.526080,0.000190,0.016471,0.013528,0.128315,0.000455,0.031603,0.021113,0.177278,0.000000,0.000000,0.000000,0.402529,-1.206466,-3.139180,-0.078698,-0.124666,-1.362531,3.139110,-0.096242,0.000000,0.000000,0.000000,0.000000,0.000000,0.000000
1778537507.544143,sequential_ik_elbow_then_wrist,0,0,-0.066552,0.083668,-0.280304,-0.213312,0.132447,-0.537369,0.015253,-0.096265,-0.283726,-0.178719,-0.105702,-0.512386,0.000571,0.018508,0.023443,0.136040,0.000495,0.035931,0.020533,0.189262,0.000000,0.000000,0.000000,0.414215,-1.209148,-3.139377,-0.070146,-0.104481,-1.340465,3.139324,-0.038043,0.000000,0.000000,0.000000,0.000000,0.000000,0.000000
1778537507.597272,sequential_ik_elbow_then_wrist,0,0,-0.067458,0.081959,-0.280593,-0.220691,0.132792,-0.533447,0.021009,-0.093697,-0.284217,-0.171387,-0.120207,-0.512868,0.000448,0.017879,0.020760,0.133683,0.000476,0.034189,0.021480,0.184879,0.000000,0.000000,0.000000,0.432872,-1.210966,-3.139526,-0.070430,-0.080454,-1.320537,3.139486,0.013408,0.000000,0.000000,0.000000,0.000000,0.000000,0.000000
1778537507.671257,sequential_ik_elbow_then_wrist,1,0,-0.048430,0.088754,-0.282449,-0.192158,0.167921,-0.533596,0.041286,-0.106938,-0.277236,-0.143255,-0.124008,-0.513145,0.000002,0.008327,0.000954,0.091040,0.001291,0.027433,0.035022,0.165335,0.000000,0.000000,0.000000,0.447349,-1.214259,-3.139640,-0.085517,-0.046354,-1.294411,3.139609,0.076238,0.000000,0.000000,0.000000,0.000000,0.000000,0.000000
1778537507.723989,sequential_ik_elbow_then_wrist,0,0,-0.041616,0.110444,-0.275808,-0.160768,0.243306,-0.516953,0.029677,-0.104231,-0.279741,-0.171247,-0.121856,-0.501820,0.000198,0.001397,0.013142,0.036777,0.000381,0.039569,0.019130,0.198808,0.000000,0.000000,0.000000,0.452003,-1.206434,-3.139726,-0.112993,-0.011205,-1.273743,3.139703,0.139989,0.000000,0.000000,0.000000,0.000000,0.000000,0.000000
1778537507.782437,sequential_ik_elbow_then_wrist,0,0,-0.031140,0.122866,-0.271908,-0.144521,0.314115,-0.473325,0.038852,-0.108119,-0.277129,-0.184479,-0.155242,-0.471816,0.000498,0.004416,0.021533,0.066450,0.000538,0.053378,0.022649,0.231024,0.000000,0.000000,0.000000,0.443600,-1.193008,-3.139792,-0.133875,0.026854,-1.253891,3.139774,0.182507,0.000000,0.000000,0.000000,0.000000,0.000000,0.000000
1778537507.847194,sequential_ik_elbow_then_wrist,0,0,-0.078405,0.111043,-0.267436,-0.249124,0.293921,-0.432997,-0.018381,-0.085924,-0.286843,-0.238046,-0.186591,-0.464645,0.000445,0.017264,0.020180,0.131392,0.000839,0.078659,0.027555,0.279389,0.000000,0.000000,0.000000,0.449456,-1.174576,-3.139842,-0.149745,0.044212,-1.256773,3.139828,0.155982,0.000000,0.000000,0.000000,0.000000,0.000000,0.000000
1778537507.897598,sequential_ik_elbow_then_wrist,0,0,-0.091528,0.104785,-0.265787,-0.290205,0.309253,-0.359168,-0.075172,-0.087760,-0.276853,-0.326873,-0.172590,-0.416318,0.000687,0.037567,0.025261,0.193822,0.005617,0.126504,0.073984,0.355083,0.000000,0.000000,0.000000,0.470240,-1.157049,-3.139880,-0.161806,0.028712,-1.259533,3.139870,0.086604,0.000000,0.000000,0.000000,0.000000,0.000000,0.000000
1778537507.963758,sequential_ik_elbow_then_wrist,0,0,-0.100222,0.115292,-0.258192,-0.325920,0.300513,-0.189245,-0.064807,-0.091242,-0.278343,-0.348203,-0.159747,-0.349008,0.000428,0.106863,0.019347,0.326898,0.003049,0.147785,0.054368,0.384370,0.000000,0.000000,0.000000,0.499502,-1.132529,-3.139909,-0.170973,-0.005529,-1.256069,3.139901,0.017819,0.000000,0.000000,0.000000,0.000000,0.000000,0.000000
1778537508.020589,sequential_ik_elbow_then_wrist,0,0,-0.121698,0.148586,-0.230460,-0.334660,0.282288,-0.066841,-0.040802,-0.109570,-0.276278,-0.322814,-0.207682,-0.247244,0.000463,0.048779,0.016110,0.184494,0.000594,0.162110,0.023376,0.402629,0.000000,0.000000,0.000000,0.531403,-1.081029,-2.386331,0.113449,-0.042585,-1.241138,3.139925,-0.034458,0.000000,0.000000,0.000000,0.000000,0.000000,0.000000
1778537508.085645,sequential_ik_elbow_then_wrist,0,0,-0.151721,0.181791,-0.184209,-0.367313,0.269044,0.005282,-0.038901,-0.126719,-0.269126,-0.283298,-0.259728,-0.156972,0.000759,0.017134,0.018864,0.125891,0.000270,0.178840,0.014917,0.422895,0.000000,0.000000,0.000000,0.564280,-0.994498,-1.813611,0.415662,-0.078718,-1.215354,3.139943,-0.074188,0.000000,0.000000,0.000000,0.000000,0.000000,0.000000
1778537508.143176,sequential_ik_elbow_then_wrist,0,0,-0.179902,0.201815,-0.130024,-0.383144,0.264586,0.081524,-0.031994,-0.170783,-0.244560,-0.144444,-0.313060,-0.005579,0.000836,0.014098,0.019516,0.118725,0.000349,0.077273,0.012455,0.241181,0.000000,0.000000,0.000000,0.598956,-0.878471,-1.378345,0.648801,-0.105489,-1.162348,2.386357,0.227349,0.000000,0.000000,0.000000,0.000000,0.000000,0.000000
1778537508.219735,sequential_ik_elbow_then_wrist,1,0,-0.174515,0.214785,-0.115811,-0.359256,0.255040,0.117106,-0.056828,-0.196343,-0.219590,-0.075327,-0.323306,0.051589,0.000148,0.013438,0.008165,0.115879,0.000435,0.006858,0.015505,0.055082,0.000000,0.000000,0.000000,0.620801,-0.769068,-1.047542,0.833773,-0.136229,-1.090201,1.813631,0.604932,0.000000,0.000000,0.000000,0.000000,0.000000,0.000000
1778537508.265126,sequential_ik_elbow_then_wrist,1,0,-0.164058,0.235968,-0.086047,-0.330839,0.266361,0.161462,-0.061527,-0.233883,-0.177520,-0.088371,-0.330016,0.105390,0.000261,0.012479,0.011025,0.111700,0.000565,0.000354,0.015915,0.017018,0.000000,0.000000,0.000000,0.622826,-0.661599,-0.796132,0.977518,-0.162956,-0.993124,1.378360,0.911078,0.000000,0.000000,0.000000,0.000000,0.000000,0.000000
1778537508.323301,sequential_ik_elbow_then_wrist,1,0,-0.150291,0.256897,-0.037635,-0.314844,0.271308,0.212794,-0.082353,-0.255986,-0.133001,-0.120009,-0.313823,0.158952,0.000517,0.016049,0.015257,0.126614,0.000597,0.000848,0.016573,0.028995,0.000000,0.000000,0.000000,0.606129,-0.543809,-0.605060,1.076669,-0.193622,-0.877534,1.047553,1.137306,0.000000,0.000000,0.000000,0.000000,0.000000,0.000000
1778537508.387529,sequential_ik_elbow_then_wrist,0,0,-0.134208,0.268275,-0.004075,-0.295978,0.256574,0.248301,-0.161944,-0.228841,-0.106799,-0.353714,-0.213488,0.123394,0.000349,0.021118,0.012464,0.145318,0.001455,0.042440,0.028186,0.205379,0.000000,0.000000,0.000000,0.576927,-0.425217,-0.459846,1.149660,-0.272693,-0.763360,0.796140,1.270603,0.000000,0.000000,0.000000,0.000000,0.000000,0.000000
1778537508.442772,sequential_ik_elbow_then_wrist,0,0,-0.130105,0.270310,0.002248,-0.271396,0.226930,0.263313,-0.198864,-0.202120,-0.097983,-0.416432,-0.174003,0.106647,0.000049,0.021866,0.004634,0.147660,0.000776,0.045519,0.020134,0.212329,0.000000,0.000000,0.000000,0.548096,-0.324508,-0.349483,1.224183,-0.377305,-0.664271,0.605067,1.321815,0.000000,0.000000,0.000000,0.000000,0.000000,0.000000
1778537508.505174,sequential_ik_elbow_then_wrist,0,0,-0.129756,0.270487,0.000114,-0.264441,0.198692,0.258387,-0.202344,-0.199970,-0.095229,-0.408703,-0.164857,0.119674,0.000001,0.024961,0.000771,0.157683,0.000084,0.034864,0.006508,0.186620,0.000000,0.000000,0.000000,0.524424,-0.246863,-0.265607,1.304484,-0.471417,-0.583923,0.459851,1.346106,0.000000,0.000000,0.000000,0.000000,0.000000,0.000000
1778537508.571915,sequential_ik_elbow_then_wrist,1,0,-0.128218,0.271189,0.004061,-0.248241,0.182501,0.264308,-0.210213,-0.194309,-0.089747,-0.409053,-0.152939,0.131050,0.000003,0.022814,0.001132,0.150823,0.000041,0.031700,0.004478,0.178036,0.000000,0.000000,0.000000,0.504987,-0.185165,-0.201861,1.385049,-0.552757,-0.518125,0.349487,1.360557,0.000000,0.000000,0.000000,0.000000,0.000000,0.000000
1778537508.647792,sequential_ik_elbow_then_wrist,1,0,-0.129471,0.270268,0.013864,-0.238488,0.163852,0.272303,-0.220035,-0.187193,-0.080891,-0.414815,-0.135312,0.141300,0.000014,0.022134,0.002483,0.148663,0.000048,0.031741,0.004805,0.178155,0.000000,0.000000,0.000000,0.490827,-0.131608,-0.153415,1.460181,-0.624514,-0.461334,0.265610,1.368038,0.000000,0.000000,0.000000,0.000000,0.000000,0.000000
1778537508.692800,sequential_ik_elbow_then_wrist,0,0,-0.136128,0.266982,0.013781,-0.244600,0.154954,0.270069,-0.222733,-0.185701,-0.076847,-0.418818,-0.121002,0.140788,0.000008,0.023652,0.001838,0.153779,0.000012,0.034647,0.002336,0.186134,0.000000,0.000000,0.000000,0.484787,-0.089430,-0.116595,1.521884,-0.683376,-0.414020,0.201863,1.370909,0.000000,0.000000,0.000000,0.000000,0.000000,0.000000
1778537508.753483,sequential_ik_elbow_then_wrist,0,0,-0.131497,0.269201,0.015471,-0.241521,0.156109,0.270627,-0.221888,-0.186716,-0.076832,-0.424931,-0.113800,0.131632,0.000002,0.023377,0.000930,0.152893,0.000000,0.039043,0.000373,0.197584,0.000000,0.000000,0.000000,0.478111,-0.055994,-0.088612,1.570170,-0.728380,-0.377098,0.153416,1.368412,0.000000,0.000000,0.000000,0.000000,0.000000,0.000000
1778537508.816699,sequential_ik_elbow_then_wrist,0,0,-0.131021,0.269249,0.018396,-0.242172,0.156056,0.273018,-0.224486,-0.184288,-0.075125,-0.430447,-0.105974,0.128460,0.000002,0.023806,0.000836,0.154291,0.000002,0.041762,0.001030,0.204350,0.000000,0.000000,0.000000,0.472282,-0.028460,-0.067345,1.605779,-0.764839,-0.347731,0.116596,1.362260,0.000000,0.000000,0.000000,0.000000,0.000000,0.000000
1778537508.861732,sequential_ik_elbow_then_wrist,0,0,-0.130884,0.269092,0.021422,-0.240453,0.154115,0.275931,-0.226913,-0.181383,-0.074904,-0.432913,-0.103684,0.128878,0.000002,0.023624,0.000877,0.153701,0.000003,0.041015,0.001181,0.202517,0.000000,0.000000,0.000000,0.467645,-0.005177,-0.051182,1.632432,-0.795461,-0.324971,0.088613,1.354251,0.000000,0.000000,0.000000,0.000000,0.000000,0.000000
1778537508.923208,sequential_ik_elbow_then_wrist,0,0,-0.131419,0.268565,0.024537,-0.239313,0.152757,0.279385,-0.229359,-0.178692,-0.073915,-0.437276,-0.100830,0.127848,0.000002,0.023330,0.000927,0.152742,0.000003,0.040972,0.001224,0.202407,0.000000,0.000000,0.000000,0.464512,0.014986,-0.038899,1.651538,-0.821709,-0.306943,0.067346,1.343607,0.000000,0.000000,0.000000,0.000000,0.000000,0.000000
1778537508.981193,sequential_ik_elbow_then_wrist,0,0,-0.135392,0.266638,0.023942,-0.243446,0.147965,0.277400,-0.232256,-0.175749,-0.071900,-0.447359,-0.100179,0.123087,0.000002,0.024382,0.001055,0.156149,0.000004,0.041489,0.001419,0.203640,0.000000,0.000000,0.000000,0.464948,0.030505,-0.029563,1.666384,-0.844942,-0.291794,0.051183,1.324747,0.000000,0.000000,0.000000,0.000000,0.000000,0.000000
1778537509.049939,sequential_ik_elbow_then_wrist,0,0,-0.136907,0.265880,0.023762,-0.243633,0.144381,0.276442,-0.231922,-0.176202,-0.071868,-0.444068,-0.100191,0.126164,0.000001,0.024442,0.000634,0.156338,0.000000,0.040238,0.000227,0.200594,0.000000,0.000000,0.000000,0.466974,0.042233,-0.022468,1.679284,-0.863065,-0.279927,0.038899,1.309274,0.000000,0.000000,0.000000,0.000000,0.000000,0.000000
1778537509.107358,sequential_ik_elbow_then_wrist,0,0,-0.137870,0.265392,0.023648,-0.244641,0.142830,0.275796,-0.230482,-0.177521,-0.073242,-0.440578,-0.099919,0.126351,0.000000,0.024646,0.000397,0.156989,0.000001,0.040337,0.000521,0.200838,0.000000,0.000000,0.000000,0.469573,0.051061,-0.017076,1.689840,-0.875760,-0.271702,0.029563,1.300304,0.000000,0.000000,0.000000,0.000000,0.000000,0.000000
1778537509.185421,sequential_ik_elbow_then_wrist,0,0,-0.135849,0.266560,0.022148,-0.243027,0.145782,0.274983,-0.228548,-0.178987,-0.075692,-0.435180,-0.099623,0.126803,0.000001,0.024156,0.000568,0.155421,0.000002,0.040353,0.000945,0.200864,0.000000,0.000000,0.000000,0.470352,0.056822,-0.012977,1.698015,-0.883688,-0.267193,0.022468,1.299729,0.000000,0.000000,0.000000,0.000000,0.000000,0.000000
1778537509.231629,sequential_ik_elbow_then_wrist,0,0,-0.136377,0.266389,0.020931,-0.245180,0.146530,0.273509,-0.227222,-0.179715,-0.077927,-0.439446,-0.103569,0.119969,0.000000,0.024662,0.000360,0.157043,0.000002,0.041167,0.000854,0.202895,0.000000,0.000000,0.000000,0.471007,0.060230,-0.009863,1.703964,-0.888422,-0.265590,0.017076,1.297490,0.000000,0.000000,0.000000,0.000000,0.000000,0.000000
1778537509.293478,sequential_ik_elbow_then_wrist,0,0,-0.136783,0.266280,0.019628,-0.245092,0.144950,0.271716,-0.224065,-0.181797,-0.082126,-0.433448,-0.108729,0.119913,0.000000,0.024793,0.000394,0.157455,0.000005,0.039614,0.001550,0.199024,0.000000,0.000000,0.000000,0.471773,0.061794,-0.007496,1.710138,-0.889464,-0.267478,0.012978,1.300251,0.000000,0.000000,0.000000,0.000000,0.000000,0.000000
1778537509.344074,sequential_ik_elbow_then_wrist,0,0,-0.136532,0.266474,0.018729,-0.244563,0.146015,0.271353,-0.223719,-0.180999,-0.084789,-0.426885,-0.108715,0.123774,0.000000,0.024502,0.000297,0.156530,0.000002,0.037874,0.000912,0.194581,0.000000,0.000000,0.000000,0.472224,0.062191,-0.005697,1.715394,-0.889863,-0.271334,0.009863,1.310651,0.000000,0.000000,0.000000,0.000000,0.000000,0.000000
1778537509.405307,sequential_ik_elbow_then_wrist,0,0,-0.140035,0.264708,0.017880,-0.250074,0.144934,0.269962,-0.224546,-0.178622,-0.087598,-0.429045,-0.109805,0.120835,0.000002,0.025505,0.000928,0.159701,0.000002,0.036943,0.001043,0.192205,0.000000,0.000000,0.000000,0.474958,0.061787,-0.004330,1.718122,-0.891538,-0.276627,0.007496,1.320051,0.000000,0.000000,0.000000,0.000000,0.000000,0.000000
1778537509.477110,sequential_ik_elbow_then_wrist,0,0,-0.142529,0.263376,0.017846,-0.260682,0.146215,0.267472,-0.225517,-0.176807,-0.088777,-0.429374,-0.108513,0.120456,0.000002,0.027852,0.000858,0.166877,0.000001,0.036207,0.000823,0.190281,0.000000,0.000000,0.000000,0.479331,0.061298,-0.003290,1.715243,-0.894422,-0.281952,0.005697,1.328262,0.000000,0.000000,0.000000,0.000000,0.000000,0.000000
1778537509.533302,sequential_ik_elbow_then_wrist,0,0,-0.143450,0.262877,0.017831,-0.264651,0.147519,0.266835,-0.226804,-0.175026,-0.089028,-0.428906,-0.108600,0.122496,0.000000,0.028490,0.000438,0.168782,0.000001,0.034671,0.000758,0.186202,0.000000,0.000000,0.000000,0.483828,0.060875,-0.002501,1.709226,-0.898394,-0.286459,0.004330,1.335317,0.000000,0.000000,0.000000,0.000000,0.000000,0.000000
1778537509.605320,sequential_ik_elbow_then_wrist,0,0,-0.147139,0.260854,0.017478,-0.274082,0.147920,0.264726,-0.229602,-0.172839,-0.086077,-0.435764,-0.109456,0.122441,0.000003,0.030411,0.001071,0.174372,0.000003,0.034160,0.001263,0.184807,0.000000,0.000000,0.000000,0.490112,0.060324,-0.001901,1.699319,-0.904008,-0.288087,0.003290,1.334505,0.000000,0.000000,0.000000,0.000000,0.000000,0.000000
1778537509.660681,sequential_ik_elbow_then_wrist,0,0,-0.146250,0.261505,0.015042,-0.279653,0.150645,0.259815,-0.227366,-0.175128,-0.087380,-0.434981,-0.112393,0.119888,0.000001,0.031979,0.000578,0.178821,0.000001,0.034128,0.000563,0.184734,0.000000,0.000000,0.000000,0.494873,0.058347,-0.001444,1.688283,-0.906969,-0.289752,0.002501,1.331452,0.000000,0.000000,0.000000,0.000000,0.000000,0.000000
1778537509.711807,sequential_ik_elbow_then_wrist,0,0,-0.149477,0.260089,0.003184,-0.300219,0.154305,0.240010,-0.237702,-0.162502,-0.084208,-0.454064,-0.100615,0.114180,0.000020,0.038203,0.002958,0.195445,0.000034,0.035304,0.004094,0.187805,0.000000,0.000000,0.000000,0.500650,0.049169,-0.001098,1.674905,-0.919012,-0.289089,0.001901,1.315236,0.000000,0.000000,0.000000,0.000000,0.000000,0.000000
1778537509.777672,sequential_ik_elbow_then_wrist,0,0,-0.164897,0.250514,-0.007193,-0.321811,0.136761,0.221801,-0.239812,-0.157533,-0.087598,-0.466201,-0.109825,0.103378,0.000063,0.044563,0.005291,0.211100,0.000012,0.030848,0.002471,0.175484,0.000000,0.000000,0.000000,0.516736,0.034035,-0.000834,1.665323,-0.933952,-0.290316,0.001444,1.285323,0.000000,0.000000,0.000000,0.000000,0.000000,0.000000
1778537509.837438,sequential_ik_elbow_then_wrist,0,0,-0.168431,0.246550,-0.029056,-0.340181,0.137900,0.191619,-0.233652,-0.163398,-0.093317,-0.462130,-0.124474,0.097162,0.000084,0.049379,0.006110,0.222213,0.000010,0.028126,0.002159,0.167696,0.000000,0.000000,0.000000,0.534804,0.007150,-0.000634,1.656400,-0.941624,-0.295342,0.001098,1.257907,0.000000,0.000000,0.000000,0.000000,0.000000,0.000000
1778537509.896640,sequential_ik_elbow_then_wrist,0,0,-0.157226,0.248662,-0.058712,-0.303680,0.152781,0.184923,-0.225258,-0.170680,-0.100633,-0.422811,-0.135819,0.122432,0.000160,0.034276,0.008409,0.184931,0.000031,0.022163,0.003885,0.148298,0.000000,0.000000,0.000000,0.543379,-0.035302,-0.000482,1.670610,-0.939777,-0.304877,0.000834,1.268397,0.000000,0.000000,0.000000,0.000000,0.000000,0.000000
1778537509.946091,sequential_ik_elbow_then_wrist,1,0,-0.155326,0.244672,-0.077522,-0.294007,0.167702,0.177121,-0.218500,-0.176424,-0.105511,-0.400568,-0.136535,0.129564,0.000090,0.027634,0.006303,0.166173,0.000026,0.021594,0.003614,0.146501,0.000000,0.000000,0.000000,0.549012,-0.084524,-0.000366,1.692312,-0.930944,-0.316637,0.000634,1.303826,0.000000,0.000000,0.000000,0.000000,0.000000,0.000000
1778537510.012847,sequential_ik_elbow_then_wrist,1,0,-0.149790,0.244391,-0.088522,-0.296885,0.191045,0.167442,-0.215426,-0.182334,-0.101714,-0.419084,-0.141273,0.114705,0.000040,0.025204,0.004245,0.158746,0.000014,0.027516,0.002675,0.165856,0.000000,0.000000,0.000000,0.550255,-0.132879,-0.000278,1.704279,-0.918160,-0.324107,0.000482,1.323935,0.000000,0.000000,0.000000,0.000000,0.000000,0.000000
1778537510.069894,sequential_ik_elbow_then_wrist,0,0,-0.149692,0.241126,-0.097213,-0.285750,0.184592,0.164115,-0.206063,-0.193114,-0.101219,-0.434269,-0.149506,0.088571,0.000021,0.022861,0.003022,0.151134,0.000040,0.037044,0.004532,0.192328,0.000000,0.000000,0.000000,0.551445,-0.177772,-0.000212,1.724037,-0.897924,-0.329139,0.000366,1.321518,0.000000,0.000000,0.000000,0.000000,0.000000,0.000000
1778537510.145165,sequential_ik_elbow_then_wrist,0,0,-0.143507,0.242678,-0.102533,-0.272953,0.197144,0.164244,-0.214077,-0.189229,-0.091452,-0.442934,-0.137515,0.095498,0.000014,0.018795,0.002542,0.137082,0.000015,0.041184,0.002614,0.202905,0.000000,0.000000,0.000000,0.548623,-0.217238,-0.000161,1.743598,-0.884864,-0.326430,0.000278,1.310866,0.000000,0.000000,0.000000,0.000000,0.000000,0.000000
1778537510.197995,sequential_ik_elbow_then_wrist,0,0,-0.141036,0.241912,-0.107643,-0.266839,0.204702,0.162151,-0.211877,-0.192562,-0.089600,-0.439661,-0.144124,0.099525,0.000008,0.016884,0.001924,0.129935,0.000003,0.039648,0.001262,0.199111,0.000000,0.000000,0.000000,0.544405,-0.251819,-0.000122,1.760503,-0.873091,-0.321678,0.000212,1.298845,0.000000,0.000000,0.000000,0.000000,0.000000,0.000000
1778537510.265763,sequential_ik_elbow_then_wrist,0,0,-0.149690,0.231679,-0.117973,-0.283500,0.197628,0.148364,-0.209955,-0.193585,-0.091891,-0.433591,-0.145578,0.102228,0.000040,0.019237,0.004407,0.138696,0.000001,0.038806,0.000799,0.196987,0.000000,0.000000,0.000000,0.548557,-0.286041,-0.000093,1.772606,-0.862391,-0.318932,0.000161,1.293293,0.000000,0.000000,0.000000,0.000000,0.000000,0.000000
1778537510.315282,sequential_ik_elbow_then_wrist,0,0,-0.162041,0.224524,-0.115463,-0.309749,0.198313,0.144336,-0.214102,-0.192826,-0.083537,-0.436487,-0.136051,0.109651,0.000045,0.021077,0.004928,0.145051,0.000009,0.041356,0.002040,0.203360,0.000000,0.000000,0.000000,0.562668,-0.312204,-0.000071,1.767258,-0.855889,-0.311654,0.000122,1.289947,0.000000,0.000000,0.000000,0.000000,0.000000,0.000000
1778537510.389302,sequential_ik_elbow_then_wrist,0,0,-0.170232,0.218550,-0.115139,-0.322220,0.204153,0.143110,-0.210472,-0.199756,-0.076152,-0.432488,-0.135689,0.115171,0.000033,0.018965,0.004225,0.137566,0.000017,0.044094,0.002798,0.209986,0.000000,0.000000,0.000000,0.582788,-0.331898,-0.000054,1.747887,-0.846673,-0.300211,0.000093,1.288246,0.000000,0.000000,0.000000,0.000000,0.000000,0.000000
1778537510.434696,sequential_ik_elbow_then_wrist,0,0,-0.173311,0.216780,-0.113884,-0.327853,0.214857,0.143240,-0.206385,-0.204822,-0.073845,-0.425138,-0.140594,0.121147,0.000009,0.016309,0.002190,0.127582,0.000011,0.044292,0.002303,0.210451,0.000000,0.000000,0.000000,0.602909,-0.345968,-0.000041,1.719550,-0.834571,-0.288692,0.000071,1.290596,0.000000,0.000000,0.000000,0.000000,0.000000,0.000000
1778537510.499032,sequential_ik_elbow_then_wrist,0,0,-0.176065,0.212657,-0.117380,-0.337802,0.205021,0.135173,-0.205120,-0.203200,-0.081460,-0.430270,-0.143992,0.107754,0.000008,0.018377,0.002090,0.135549,0.000006,0.046073,0.001626,0.214641,0.000000,0.000000,0.000000,0.622496,-0.358791,-0.000031,1.693747,-0.824270,-0.284152,0.000054,1.289244,0.000000,0.000000,0.000000,0.000000,0.000000,0.000000
1778537510.564303,sequential_ik_elbow_then_wrist,0,0,-0.177115,0.207139,-0.125394,-0.347812,0.197117,0.121105,-0.204033,-0.200489,-0.090414,-0.442070,-0.149523,0.084916,0.000017,0.020490,0.002830,0.143143,0.000014,0.048134,0.002503,0.219341,0.000000,0.000000,0.000000,0.641291,-0.374431,-0.000024,1.672237,-0.816888,-0.287433,0.000041,1.276532,0.000000,0.000000,0.000000,0.000000,0.000000,0.000000
1778537510.619210,sequential_ik_elbow_then_wrist,0,0,-0.175919,0.208838,-0.124255,-0.354617,0.198611,0.116499,-0.202200,-0.200985,-0.093382,-0.444068,-0.155864,0.078268,0.000000,0.021848,0.000220,0.147797,0.000004,0.047152,0.001339,0.217128,0.000000,0.000000,0.000000,0.655446,-0.386889,-0.000018,1.651242,-0.810372,-0.293389,0.000031,1.260477,0.000000,0.000000,0.000000,0.000000,0.000000,0.000000
1778537510.685423,sequential_ik_elbow_then_wrist,0,0,-0.173725,0.212660,-0.120811,-0.361963,0.205085,0.112661,-0.201573,-0.200905,-0.094896,-0.444895,-0.157487,0.075132,0.000004,0.023743,0.001455,0.154044,0.000001,0.047168,0.000688,0.217180,0.000000,0.000000,0.000000,0.663585,-0.394162,-0.000014,1.626433,-0.804946,-0.299693,0.000024,1.245765,0.000000,0.000000,0.000000,0.000000,0.000000,0.000000
1778537510.750506,sequential_ik_elbow_then_wrist,0,0,-0.176800,0.212199,-0.117104,-0.376181,0.201468,0.106798,-0.197146,-0.204732,-0.096011,-0.441165,-0.167440,0.074470,0.000003,0.027896,0.001186,0.166963,0.000005,0.045716,0.001641,0.213812,0.000000,0.000000,0.000000,0.670681,-0.396694,-0.000010,1.596987,-0.797064,-0.305618,0.000018,1.233865,0.000000,0.000000,0.000000,0.000000,0.000000,0.000000
1778537510.803321,sequential_ik_elbow_then_wrist,0,0,-0.179246,0.211395,-0.114817,-0.381987,0.198169,0.105911,-0.193483,-0.207974,-0.096494,-0.437804,-0.177686,0.074940,0.000003,0.029289,0.001139,0.171120,0.000006,0.044466,0.001718,0.210870,0.000000,0.000000,0.000000,0.677823,-0.396404,-0.000008,1.568205,-0.787046,-0.310696,0.000014,1.224418,0.000000,0.000000,0.000000,0.000000,0.000000,0.000000
1778537510.863136,sequential_ik_elbow_then_wrist,0,0,-0.177188,0.213715,-0.113713,-0.378051,0.200754,0.108741,-0.192276,-0.209666,-0.095236,-0.437091,-0.187869,0.076783,0.000001,0.028494,0.000787,0.168800,0.000002,0.042617,0.001017,0.206436,0.000000,0.000000,0.000000,0.681830,-0.394939,-0.000006,1.545366,-0.777103,-0.313866,0.000010,1.214479,0.000000,0.000000,0.000000,0.000000,0.000000,0.000000
1778537510.915242,sequential_ik_elbow_then_wrist,0,0,-0.174107,0.217913,-0.110456,-0.374872,0.205913,0.112141,-0.177228,-0.222580,-0.095123,-0.402593,-0.202422,0.101865,0.000007,0.028554,0.001818,0.168978,0.000059,0.037159,0.005470,0.192541,0.000000,0.000000,0.000000,0.681333,-0.391378,-0.000005,1.527106,-0.756599,-0.316075,0.000008,1.229342,0.000000,0.000000,0.000000,0.000000,0.000000,0.000000
1778537510.978564,sequential_ik_elbow_then_wrist,0,0,-0.164871,0.227507,-0.105159,-0.356928,0.216388,0.125037,-0.179403,-0.224333,-0.086541,-0.395046,-0.202722,0.120899,0.000036,0.026538,0.004305,0.162885,0.000013,0.035992,0.002445,0.189639,0.000000,0.000000,0.000000,0.671757,-0.384626,-0.000003,1.519087,-0.737970,-0.312121,0.000006,1.253580,0.000000,0.000000,0.000000,0.000000,0.000000,0.000000
1778537511.035712,sequential_ik_elbow_then_wrist,0,0,-0.159802,0.234124,-0.098230,-0.330560,0.226748,0.148321,-0.184516,-0.224070,-0.075806,-0.381918,-0.193933,0.148078,0.000029,0.021123,0.003809,0.145269,0.000022,0.032445,0.003116,0.180032,0.000000,0.000000,0.000000,0.656997,-0.374018,-0.000003,1.523824,-0.725592,-0.300946,0.000005,1.285967,0.000000,0.000000,0.000000,0.000000,0.000000,0.000000
1778537511.102548,sequential_ik_elbow_then_wrist,1,0,-0.164023,0.233934,-0.091494,-0.328021,0.228742,0.159659,-0.161385,-0.241134,-0.076219,-0.344640,-0.220411,0.160399,0.000010,0.019845,0.002096,0.140873,0.000102,0.026193,0.007044,0.161732,0.000000,0.000000,0.000000,0.646000,-0.360309,-0.000002,1.528407,-0.698807,-0.290893,0.000003,1.325033,0.000000,0.000000,0.000000,0.000000,0.000000,0.000000
1778537511.166508,sequential_ik_elbow_then_wrist,1,0,-0.157104,0.239461,-0.089312,-0.317545,0.233403,0.164109,-0.115760,-0.266104,-0.076082,-0.247177,-0.253644,0.193314,0.000013,0.019129,0.002479,0.138303,0.000452,0.012902,0.014813,0.112529,0.000000,0.000000,0.000000,0.632210,-0.347192,-0.000002,1.534280,-0.641820,-0.282963,0.000003,1.391841,0.000000,0.000000,0.000000,0.000000,0.000000,0.000000
1778537511.224444,sequential_ik_elbow_then_wrist,1,0,-0.156609,0.244079,-0.076805,-0.297027,0.239273,0.188260,-0.147755,-0.252112,-0.067882,-0.294588,-0.236345,0.193253,0.000027,0.014682,0.003472,0.121158,0.000061,0.020698,0.005359,0.143861,0.000000,0.000000,0.000000,0.618486,-0.328572,-0.000001,1.542561,-0.610944,-0.271479,0.000002,1.439540,0.000000,0.000000,0.000000,0.000000,0.000000,0.000000
1778537511.285304,sequential_ik_elbow_then_wrist,1,0,-0.148691,0.251551,-0.067921,-0.276289,0.235463,0.203114,-0.147843,-0.251623,-0.069484,-0.293644,-0.233260,0.192059,0.000037,0.013590,0.004107,0.116520,0.000004,0.019682,0.001300,0.140294,0.000000,0.000000,0.000000,0.600613,-0.306798,-0.000001,1.557700,-0.590744,-0.262497,0.000002,1.475459,0.000000,0.000000,0.000000,0.000000,0.000000,0.000000
1778537511.347304,sequential_ik_elbow_then_wrist,1,0,-0.144110,0.259789,-0.041736,-0.276998,0.217903,0.223945,-0.166844,-0.241166,-0.063260,-0.326922,-0.220560,0.189625,0.000118,0.018533,0.007255,0.136131,0.000072,0.023951,0.005808,0.154660,0.000000,0.000000,0.000000,0.580156,-0.272069,-0.000001,1.572318,-0.589626,-0.251700,0.000001,1.489440,0.000000,0.000000,0.000000,0.000000,0.000000,0.000000
1778537511.416081,sequential_ik_elbow_then_wrist,0,0,-0.145299,0.260338,-0.033354,-0.284279,0.201491,0.225917,-0.179081,-0.233595,-0.057997,-0.390961,-0.212694,0.153356,0.000028,0.023722,0.003507,0.154017,0.000056,0.039470,0.005087,0.197965,0.000000,0.000000,0.000000,0.563446,-0.236295,-0.000001,1.585309,-0.601151,-0.239262,0.000001,1.459916,0.000000,0.000000,0.000000,0.000000,0.000000,0.000000
1778537511.462409,sequential_ik_elbow_then_wrist,0,0,-0.143762,0.261204,-0.033239,-0.286716,0.195031,0.222075,-0.178859,-0.234058,-0.056799,-0.393526,-0.214932,0.151893,0.000002,0.026432,0.000970,0.162577,0.000003,0.037611,0.001235,0.193798,0.000000,0.000000,0.000000,0.549385,-0.206888,-0.000000,1.597612,-0.612618,-0.228071,0.000001,1.419983,0.000000,0.000000,0.000000,0.000000,0.000000,0.000000
1778537511.522624,sequential_ik_elbow_then_wrist,0,0,-0.152647,0.256764,-0.027773,-0.300264,0.181825,0.222414,-0.201647,-0.215814,-0.052561,-0.426090,-0.199598,0.145839,0.000015,0.030358,0.002618,0.174235,0.000116,0.038076,0.007336,0.194862,0.000000,0.000000,0.000000,0.544507,-0.180643,-0.000000,1.605627,-0.640058,-0.216543,0.000001,1.365085,0.000000,0.000000,0.000000,0.000000,0.000000,0.000000
1778537511.588056,sequential_ik_elbow_then_wrist,0,0,-0.148108,0.259051,-0.030933,-0.277632,0.182855,0.228716,-0.193777,-0.222778,-0.053108,-0.413048,-0.211178,0.151307,0.000001,0.024064,0.000779,0.155086,0.000001,0.032541,0.000793,0.180381,0.000000,0.000000,0.000000,0.539015,-0.161763,-0.000000,1.620083,-0.658892,-0.207399,0.000000,1.318669,0.000000,0.000000,0.000000,0.000000,0.000000,0.000000
1778537511.670853,sequential_ik_elbow_then_wrist,1,0,-0.135380,0.265094,-0.037382,-0.251145,0.183253,0.227005,-0.187502,-0.226525,-0.059411,-0.384200,-0.235875,0.166913,0.000032,0.020233,0.003777,0.142066,0.000013,0.021909,0.002395,0.147955,0.000000,0.000000,0.000000,0.525739,-0.151668,-0.000000,1.648018,-0.668265,-0.204323,0.000000,1.293712,0.000000,0.000000,0.000000,0.000000,0.000000,0.000000
1778537511.716654,sequential_ik_elbow_then_wrist,1,0,-0.135282,0.264454,-0.041984,-0.266494,0.189723,0.217243,-0.184343,-0.228379,-0.062137,-0.379175,-0.252352,0.164724,0.000006,0.024305,0.001610,0.155901,0.000006,0.019227,0.001650,0.138661,0.000000,0.000000,0.000000,0.513656,-0.147828,-0.000000,1.668469,-0.671961,-0.204587,0.000000,1.275125,0.000000,0.000000,0.000000,0.000000,0.000000,0.000000
1778537511.772864,sequential_ik_elbow_then_wrist,1,0,-0.133505,0.265617,-0.040300,-0.280804,0.198421,0.212262,-0.158341,-0.247423,-0.060907,-0.294681,-0.317063,0.197089,0.000001,0.028221,0.000676,0.167948,0.000141,0.004438,0.008139,0.066331,0.000000,0.000000,0.000000,0.502699,-0.144738,-0.000000,1.674818,-0.653968,-0.204656,0.000000,1.275732,0.000000,0.000000,0.000000,0.000000,0.000000,0.000000
1778537511.837689,sequential_ik_elbow_then_wrist,1,0,-0.130612,0.267373,-0.038110,-0.281343,0.205536,0.213796,-0.082007,-0.281731,-0.062471,-0.143041,-0.420143,0.196598,0.000003,0.028370,0.001081,0.168411,0.001068,0.000203,0.022475,0.014160,0.000000,0.000000,0.000000,0.491873,-0.140988,-0.000000,1.672849,-0.583385,-0.205996,0.000000,1.272132,0.000000,0.000000,0.000000,0.000000,0.000000,0.000000
1778537511.891479,sequential_ik_elbow_then_wrist,1,0,-0.130420,0.268119,-0.033211,-0.282778,0.201555,0.216502,-0.097736,-0.278031,-0.056091,-0.218559,-0.456676,0.152447,0.000004,0.029880,0.001293,0.172856,0.000010,0.003559,0.002172,0.055608,0.000000,0.000000,0.000000,0.482750,-0.134773,-0.000000,1.669788,-0.525762,-0.202914,0.000000,1.217556,0.000000,0.000000,0.000000,0.000000,0.000000,0.000000
1778537511.955966,sequential_ik_elbow_then_wrist,0,0,-0.142673,0.262282,-0.029199,-0.299406,0.178944,0.212647,-0.080585,-0.282819,-0.059328,-0.197398,-0.502394,0.108426,0.000024,0.035855,0.003302,0.189353,0.000047,0.002562,0.004677,0.046951,0.000000,0.000000,0.000000,0.483989,-0.126794,-0.000000,1.669563,-0.470001,-0.201682,0.000000,1.130680,0.000000,0.000000,0.000000,0.000000,0.000000,0.000000
1778537512.000133,sequential_ik_elbow_then_wrist,0,0,-0.154539,0.255550,-0.028499,-0.319202,0.159161,0.203008,-0.076118,-0.284243,-0.058411,-0.174857,-0.535766,0.071922,0.000034,0.042529,0.003900,0.206225,0.000011,0.001132,0.002256,0.029571,0.000000,0.000000,0.000000,0.495252,-0.119553,-0.000000,1.668961,-0.421835,-0.200412,0.000000,1.026155,0.000000,0.000000,0.000000,0.000000,0.000000,0.000000
1778537512.063905,sequential_ik_elbow_then_wrist,0,0,-0.164948,0.248492,-0.032304,-0.336823,0.130464,0.183401,-0.065216,-0.286540,-0.060348,-0.175447,-0.547284,0.038958,0.000034,0.052278,0.003894,0.228630,0.000023,0.002141,0.003258,0.044728,0.000000,0.000000,0.000000,0.513963,-0.116141,-0.000000,1.674450,-0.376942,-0.200592,0.000000,0.918294,0.000000,0.000000,0.000000,0.000000,0.000000,0.000000
1778537512.131269,sequential_ik_elbow_then_wrist,0,0,-0.166781,0.246814,-0.035599,-0.340869,0.131788,0.179952,-0.063583,-0.285483,-0.066761,-0.170501,-0.549260,0.028056,0.000007,0.051437,0.001733,0.226797,0.000008,0.002043,0.001947,0.045112,0.000000,0.000000,0.000000,0.532057,-0.116067,-0.000000,1.677027,-0.339986,-0.205034,0.000000,0.829527,0.000000,0.000000,0.000000,0.000000,0.000000,0.000000
1778537512.197615,sequential_ik_elbow_then_wrist,0,0,-0.174393,0.240125,-0.043898,-0.350466,0.132056,0.173631,-0.074097,-0.282219,-0.069727,-0.202621,-0.530347,0.039427,0.000026,0.050698,0.003440,0.225146,0.000015,0.004449,0.002644,0.066535,0.000000,0.000000,0.000000,0.552929,-0.121756,-0.000000,1.672786,-0.318018,-0.211277,0.000000,0.773340,0.000000,0.000000,0.000000,0.000000,0.000000,0.000000
1778537512.249703,sequential_ik_elbow_then_wrist,0,0,-0.164792,0.245716,-0.049671,-0.343050,0.152258,0.172792,-0.078028,-0.280756,-0.071327,-0.229660,-0.509848,0.049191,0.000016,0.045314,0.002691,0.212861,0.000006,0.007943,0.001740,0.088946,0.000000,0.000000,0.000000,0.563615,-0.130999,-0.000000,1.664558,-0.305413,-0.217692,0.000000,0.744121,0.000000,0.000000,0.000000,0.000000,0.000000,0.000000
1778537512.314581,sequential_ik_elbow_then_wrist,0,0,-0.164167,0.245047,-0.054785,-0.347720,0.181156,0.173745,-0.090625,-0.277216,-0.070274,-0.261379,-0.491022,0.052731,0.000006,0.039859,0.001683,0.199520,0.000028,0.010837,0.003631,0.104066,0.000000,0.000000,0.000000,0.570423,-0.142351,-0.000000,1.641278,-0.304957,-0.222289,0.000000,0.728275,0.000000,0.000000,0.000000,0.000000,0.000000,0.000000
1778537512.370618,sequential_ik_elbow_then_wrist,1,0,-0.159929,0.242091,-0.076255,-0.337128,0.220437,0.164849,-0.127293,-0.262838,-0.068649,-0.324088,-0.444847,0.066053,0.000067,0.028004,0.005436,0.167248,0.000237,0.014195,0.010619,0.119062,0.000000,0.000000,0.000000,0.574119,-0.165544,-0.000000,1.609949,-0.331292,-0.224773,0.000000,0.726644,0.000000,0.000000,0.000000,0.000000,0.000000,0.000000
1778537512.428293,sequential_ik_elbow_then_wrist,1,0,-0.155588,0.240935,-0.087994,-0.323577,0.261218,0.159733,-0.129785,-0.261685,-0.068385,-0.303530,-0.409307,0.126603,0.000038,0.017785,0.004130,0.133258,0.000023,0.010099,0.003287,0.098510,0.000000,0.000000,0.000000,0.574705,-0.194036,-0.000000,1.573627,-0.359584,-0.226176,0.000000,0.773103,0.000000,0.000000,0.000000,0.000000,0.000000,0.000000
1778537512.486921,sequential_ik_elbow_then_wrist,1,0,-0.156148,0.242599,-0.082242,-0.319746,0.299122,0.162790,-0.125864,-0.266131,-0.057727,-0.275776,-0.383756,0.173986,0.000001,0.011849,0.000565,0.108504,0.000015,0.007747,0.002594,0.086368,0.000000,0.000000,0.000000,0.574314,-0.214475,-0.000000,1.525081,-0.379738,-0.220397,0.000000,0.849117,0.000000,0.000000,0.000000,0.000000,0.000000,0.000000
1778537512.545625,sequential_ik_elbow_then_wrist,1,0,-0.146562,0.248801,-0.081349,-0.310337,0.323452,0.158661,-0.122007,-0.270533,-0.043889,-0.273586,-0.356062,0.200464,0.000018,0.010117,0.002995,0.100405,0.000037,0.010562,0.004045,0.102348,0.000000,0.000000,0.000000,0.566717,-0.229166,-0.000000,1.473907,-0.391413,-0.205776,0.000000,0.929262,0.000000,0.000000,0.000000,0.000000,0.000000,0.000000
1778537512.614316,sequential_ik_elbow_then_wrist,1,0,-0.149320,0.247965,-0.078847,-0.301414,0.336269,0.164196,-0.131423,-0.268346,-0.026802,-0.262313,-0.310628,0.239807,0.000001,0.007318,0.000670,0.085496,0.000060,0.010697,0.005163,0.102748,0.000000,0.000000,0.000000,0.560828,-0.238529,-0.000000,1.428170,-0.405265,-0.181707,0.000000,1.018588,0.000000,0.000000,0.000000,0.000000,0.000000,0.000000
1778537512.681318,sequential_ik_elbow_then_wrist,1,0,-0.131633,0.255699,-0.085387,-0.275724,0.335416,0.165377,-0.128777,-0.270755,-0.010393,-0.225367,-0.226046,0.270091,0.000053,0.007393,0.005083,0.085836,0.000054,0.012532,0.004877,0.109363,0.000000,0.000000,0.000000,0.544410,-0.249450,-0.000000,1.405515,-0.414836,-0.150305,0.000000,1.143865,0.000000,0.000000,0.000000,0.000000,0.000000,0.000000
1778537512.746031,sequential_ik_elbow_then_wrist,1,0,-0.127678,0.256873,-0.087831,-0.258863,0.340983,0.168520,-0.140482,-0.265054,-0.003362,-0.241969,-0.151956,0.255306,0.000012,0.006035,0.002460,0.077597,0.000036,0.022832,0.003979,0.149942,0.000000,0.000000,0.000000,0.526377,-0.260178,-0.000000,1.397081,-0.429924,-0.119101,0.000000,1.283926,0.000000,0.000000,0.000000,0.000000,0.000000,0.000000
1778537512.808051,sequential_ik_elbow_then_wrist,0,0,-0.101729,0.271566,-0.076833,-0.221102,0.404370,0.164233,-0.161517,-0.252741,0.005852,-0.278872,-0.095579,0.232850,0.000148,0.002965,0.008465,0.053409,0.000105,0.039145,0.006818,0.197600,0.000000,0.000000,0.000000,0.492769,-0.261890,-0.000000,1.365163,-0.458220,-0.088020,0.000000,1.414248,0.000000,0.000000,0.000000,0.000000,0.000000,0.000000
1778537512.862517,sequential_ik_elbow_then_wrist,0,0,-0.053305,0.292193,-0.042213,-0.167478,0.505449,0.135231,-0.139121,-0.265052,0.019818,-0.266177,-0.083776,0.222292,0.000630,0.004198,0.017080,0.055957,0.000077,0.042852,0.005855,0.206794,0.000000,0.000000,0.000000,0.429632,-0.240021,-0.000000,1.262529,-0.467807,-0.054087,0.000000,1.535888,0.000000,0.000000,0.000000,0.000000,0.000000,0.000000
1778537512.916773,sequential_ik_elbow_then_wrist,0,0,-0.047481,0.295928,-0.013113,-0.161284,0.554831,0.086978,-0.143293,-0.262324,0.025557,-0.270413,-0.062452,0.209655,0.000226,0.006401,0.010014,0.070674,0.000011,0.049811,0.002195,0.223029,0.000000,0.000000,0.000000,0.368617,-0.199904,-0.000000,1.094525,-0.475424,-0.022388,0.000000,1.648270,0.000000,0.000000,0.000000,0.000000,0.000000,0.000000
1778537512.978921,sequential_ik_elbow_then_wrist,0,0,-0.053148,0.295138,-0.008311,-0.185261,0.557600,0.052183,-0.160514,-0.251259,0.033226,-0.319872,-0.065572,0.206793,0.000022,0.008138,0.003106,0.087208,0.000062,0.068677,0.005281,0.261928,0.000000,0.000000,0.000000,0.322757,-0.161057,-0.000000,0.911464,-0.493918,0.007816,0.000000,1.713486,0.000000,0.000000,0.000000,0.000000,0.000000,0.000000
1778537513.046048,sequential_ik_elbow_then_wrist,0,0,-0.018744,0.298925,-0.017105,-0.123863,0.578462,0.011338,-0.162827,-0.248230,0.043233,-0.354490,-0.083664,0.205047,0.000145,0.005663,0.008016,0.073917,0.000026,0.081960,0.003434,0.285839,0.000000,0.000000,0.000000,0.266664,-0.135062,-0.000000,0.738449,-0.513130,0.038390,0.000000,1.724627,0.000000,0.000000,0.000000,0.000000,0.000000,0.000000
1778537513.091090,sequential_ik_elbow_then_wrist,0,0,-0.001465,0.298981,-0.024658,-0.092521,0.584505,-0.011064,-0.156213,-0.250983,0.051040,-0.357270,-0.101722,0.216259,0.000085,0.006341,0.006145,0.079423,0.000017,0.079608,0.002735,0.281824,0.000000,0.000000,0.000000,0.208498,-0.120782,-0.000000,0.593276,-0.524575,0.068245,0.000000,1.700615,0.000000,0.000000,0.000000,0.000000,0.000000,0.000000
1778537513.164800,sequential_ik_elbow_then_wrist,0,0,-0.000642,0.298423,-0.030716,-0.087589,0.584995,-0.012919,-0.161253,-0.247349,0.053066,-0.380192,-0.125239,0.217853,0.000013,0.007104,0.002404,0.084274,0.000005,0.082287,0.001575,0.286253,0.000000,0.000000,0.000000,0.160207,-0.114928,-0.000000,0.486305,-0.536364,0.093718,0.000000,1.637734,0.000000,0.000000,0.000000,0.000000,0.000000,0.000000
1778537513.216433,sequential_ik_elbow_then_wrist,0,0,0.000042,0.295827,-0.049865,-0.103362,0.573663,-0.003880,-0.152495,-0.253217,0.051249,-0.370655,-0.153885,0.231636,0.000054,0.011127,0.004875,0.104871,0.000011,0.069834,0.002235,0.263979,0.000000,0.000000,0.000000,0.122144,-0.123545,-0.000000,0.432306,-0.539539,0.112580,0.000000,1.560653,0.000000,0.000000,0.000000,0.000000,0.000000,0.000000
1778537513.285528,sequential_ik_elbow_then_wrist,1,0,-0.015026,0.292706,-0.064009,-0.113758,0.568413,0.001091,-0.136218,-0.262194,0.051953,-0.280570,-0.187778,0.304192,0.000070,0.008822,0.005633,0.093194,0.000053,0.027099,0.004961,0.164546,0.000000,0.000000,0.000000,0.102260,-0.141981,-0.000000,0.419347,-0.529075,0.127253,0.000000,1.513811,0.000000,0.000000,0.000000,0.000000,0.000000,0.000000
1778537513.342270,sequential_ik_elbow_then_wrist,1,0,-0.049282,0.289168,-0.062875,-0.149776,0.554128,0.035598,-0.109291,-0.274399,0.052543,-0.183612,-0.271930,0.343181,0.000182,0.005619,0.009249,0.073795,0.000147,0.003826,0.008242,0.061665,0.000000,0.000000,0.000000,0.110684,-0.158052,-0.000000,0.441075,-0.499762,0.138880,0.000000,1.466599,0.000000,0.000000,0.000000,0.000000,0.000000,0.000000
1778537513.391344,sequential_ik_elbow_then_wrist,1,0,-0.112481,0.272342,-0.056371,-0.260103,0.458620,0.126682,-0.086276,-0.283253,0.048211,-0.155972,-0.410182,0.310949,0.000704,0.011074,0.018177,0.101274,0.000135,0.002115,0.007890,0.033405,0.000000,0.000000,0.000000,0.163368,-0.166821,-0.000000,0.526223,-0.457121,0.145109,0.000000,1.354849,0.000000,0.000000,0.000000,0.000000,0.000000,0.000000
1778537513.454870,sequential_ik_elbow_then_wrist,1,0,-0.150720,0.246807,-0.079810,-0.308695,0.354846,0.151213,-0.067327,-0.289661,0.039543,-0.091566,-0.476919,0.272668,0.000575,0.012695,0.016523,0.108795,0.000106,0.001549,0.006930,0.034193,0.000000,0.000000,0.000000,0.242662,-0.187508,-0.000000,0.661254,-0.407510,0.143827,0.000000,1.223118,0.000000,0.000000,0.000000,0.000000,0.000000,0.000000
1778537513.518653,sequential_ik_elbow_then_wrist,1,0,-0.166023,0.237331,-0.078168,-0.341784,0.238310,0.164951,0.005531,-0.299717,0.011802,-0.035954,-0.544218,0.180615,0.000149,0.026937,0.008500,0.161978,0.000883,0.001054,0.019929,0.023821,0.000000,0.000000,0.000000,0.323902,-0.205256,-0.000000,0.827392,-0.320211,0.124400,0.000000,1.070064,0.000000,0.000000,0.000000,0.000000,0.000000,0.000000
1778537513.594407,sequential_ik_elbow_then_wrist,0,0,-0.174332,0.227727,-0.088029,-0.361287,0.192293,0.143903,0.021965,-0.299159,-0.004654,-0.044062,-0.558582,0.130771,0.000071,0.034754,0.005846,0.186056,0.000212,0.005210,0.009687,0.071618,0.000000,0.000000,0.000000,0.398542,-0.225499,-0.000000,0.981765,-0.232209,0.095134,0.000000,0.932204,0.000000,0.000000,0.000000,0.000000,0.000000,0.000000
1778537513.642473,sequential_ik_elbow_then_wrist,0,0,-0.176945,0.221461,-0.098211,-0.368215,0.162529,0.125268,0.031103,-0.298318,-0.006254,-0.037344,-0.566033,0.110551,0.000037,0.040883,0.004192,0.202039,0.000041,0.008106,0.004255,0.089905,0.000000,0.000000,0.000000,0.462209,-0.249021,-0.000000,1.118099,-0.154701,0.068578,0.000000,0.815848,0.000000,0.000000,0.000000,0.000000,0.000000,0.000000
1778537513.695401,sequential_ik_elbow_then_wrist,0,0,-0.172630,0.219850,-0.108926,-0.379278,0.160469,0.100288,0.032297,-0.298160,-0.007569,-0.061825,-0.556273,0.112926,0.000025,0.045999,0.003303,0.214473,0.000004,0.014874,0.001354,0.121942,0.000000,0.000000,0.000000,0.510918,-0.275795,-0.000000,1.223799,-0.092620,0.046597,0.000000,0.732339,0.000000,0.000000,0.000000,0.000000,0.000000,0.000000
1778537513.769352,sequential_ik_elbow_then_wrist,0,0,-0.159279,0.224765,-0.118789,-0.358562,0.168075,0.098173,-0.022077,-0.298662,-0.017706,-0.144532,-0.535081,0.120536,0.000049,0.042021,0.004929,0.204896,0.000351,0.016788,0.012492,0.129360,0.000000,0.000000,0.000000,0.539538,-0.304774,-0.000000,1.319050,-0.078284,0.023198,0.000000,0.686502,0.000000,0.000000,0.000000,0.000000,0.000000,0.000000
1778537513.825695,sequential_ik_elbow_then_wrist,0,0,-0.152694,0.229947,-0.117512,-0.350428,0.182827,0.103126,-0.074143,-0.289840,-0.022256,-0.264853,-0.460035,0.134790,0.000022,0.039432,0.003449,0.198561,0.000512,0.030480,0.015113,0.174105,0.000000,0.000000,0.000000,0.553712,-0.327913,-0.000000,1.397098,-0.107541,0.001040,0.000000,0.682755,0.000000,0.000000,0.000000,0.000000,0.000000,0.000000
1778537513.883991,sequential_ik_elbow_then_wrist,0,0,-0.169397,0.219521,-0.114521,-0.354547,0.167299,0.115679,-0.128667,-0.270847,-0.009300,-0.374211,-0.326971,0.153666,0.000040,0.037426,0.004605,0.193447,0.000648,0.056714,0.017005,0.237675,0.000000,0.000000,0.000000,0.574611,-0.343765,-0.000000,1.461463,-0.174726,-0.008802,0.000000,0.715875,0.000000,0.000000,0.000000,0.000000,0.000000,0.000000
1778537513.935503,sequential_ik_elbow_then_wrist,0,0,-0.177036,0.214804,-0.111881,-0.337802,0.147502,0.132301,-0.162335,-0.252233,0.005067,-0.393536,-0.214763,0.192530,0.000028,0.031971,0.003841,0.178673,0.000397,0.062998,0.013277,0.250056,0.000000,0.000000,0.000000,0.598904,-0.353648,-0.000000,1.526821,-0.259887,-0.005769,0.000000,0.793079,0.000000,0.000000,0.000000,0.000000,0.000000,0.000000
1778537514.003945,sequential_ik_elbow_then_wrist,0,0,-0.181845,0.219790,-0.092870,-0.338290,0.127364,0.145840,-0.165119,-0.250254,0.010417,-0.357665,-0.122513,0.201750,0.000055,0.035710,0.004959,0.188940,0.000041,0.069776,0.004253,0.262138,0.000000,0.000000,0.000000,0.620079,-0.348168,-0.000000,1.584663,-0.334540,0.002255,0.000000,0.929871,0.000000,0.000000,0.000000,0.000000,0.000000,0.000000
1778537514.062192,sequential_ik_elbow_then_wrist,0,0,-0.192357,0.218545,-0.072367,-0.341318,0.093599,0.156104,-0.176465,-0.242259,0.013053,-0.337034,-0.065573,0.194711,0.000094,0.043124,0.006507,0.207637,0.000039,0.070762,0.004172,0.264608,0.000000,0.000000,0.000000,0.642392,-0.327874,-0.000000,1.636576,-0.402115,0.011291,0.000000,1.099323,0.000000,0.000000,0.000000,0.000000,0.000000,0.000000
1778537514.125880,sequential_ik_elbow_then_wrist,0,0,-0.202208,0.211458,-0.066314,-0.350468,0.072899,0.154640,-0.192896,-0.229339,0.013959,-0.342164,-0.031567,0.183091,0.000045,0.048476,0.004563,0.220173,0.000074,0.075670,0.005740,0.274735,0.000000,0.000000,0.000000,0.668395,-0.304925,-0.000000,1.676050,-0.468857,0.019393,0.000000,1.261232,0.000000,0.000000,0.000000,0.000000,0.000000,0.000000
1778537514.186380,sequential_ik_elbow_then_wrist,0,0,-0.205827,0.208876,-0.063293,-0.352567,0.073898,0.160869,-0.190564,-0.230758,0.020881,-0.338265,-0.033380,0.191839,0.000012,0.046061,0.002375,0.214603,0.000008,0.071540,0.001826,0.267443,0.000000,0.000000,0.000000,0.693115,-0.283844,-0.000000,1.699678,-0.521443,0.030106,0.000000,1.393195,0.000000,0.000000,0.000000,0.000000,0.000000,0.000000
1778537514.247351,sequential_ik_elbow_then_wrist,0,0,-0.198059,0.215638,-0.065367,-0.351202,0.096232,0.163302,-0.186050,-0.233173,0.031865,-0.321212,-0.054127,0.231048,0.000009,0.041701,0.002040,0.204169,0.000021,0.055125,0.003078,0.234742,0.000000,0.000000,0.000000,0.706737,-0.268301,-0.000000,1.707955,-0.558735,0.046093,0.000000,1.482423,0.000000,0.000000,0.000000,0.000000,0.000000,0.000000
1778537514.299442,sequential_ik_elbow_then_wrist,0,0,-0.195391,0.217132,-0.068382,-0.348637,0.106200,0.164448,-0.182254,-0.234525,0.042209,-0.325938,-0.064013,0.242909,0.000004,0.039389,0.001436,0.198459,0.000024,0.055576,0.003252,0.235649,0.000000,0.000000,0.000000,0.713987,-0.258503,-0.000000,1.710136,-0.584100,0.066470,0.000000,1.534070,0.000000,0.000000,0.000000,0.000000,0.000000,0.000000
1778537514.355893,sequential_ik_elbow_then_wrist,0,0,-0.189494,0.214737,-0.089331,-0.344639,0.116913,0.148073,-0.181649,-0.234795,0.043299,-0.355437,-0.177337,0.280988,0.000062,0.036706,0.005240,0.191585,0.000002,0.035556,0.001037,0.184961,0.000000,0.000000,0.000000,0.717009,-0.264915,-0.000000,1.714660,-0.602284,0.084518,0.000000,1.485307,0.000000,0.000000,0.000000,0.000000,0.000000,0.000000
1778537514.431319,sequential_ik_elbow_then_wrist,0,0,-0.182545,0.213123,-0.106094,-0.359545,0.119976,0.117501,-0.140212,-0.262125,0.040384,-0.338477,-0.386845,0.227831,0.000066,0.043349,0.005411,0.208204,0.000306,0.015593,0.011798,0.112237,0.000000,0.000000,0.000000,0.716086,-0.283901,-0.000000,1.716356,-0.585136,0.097077,0.000000,1.316885,0.000000,0.000000,0.000000,0.000000,0.000000,0.000000
1778537514.488831,sequential_ik_elbow_then_wrist,0,0,-0.181501,0.215558,-0.102919,-0.385738,0.129723,0.099367,-0.045807,-0.295541,0.023608,-0.154533,-0.525235,0.183042,0.000002,0.052029,0.001093,0.227960,0.001566,0.001719,0.026694,0.033510,0.000000,0.000000,0.000000,0.713044,-0.299470,-0.000000,1.698551,-0.502763,0.096171,0.000000,1.130275,0.000000,0.000000,0.000000,0.000000,0.000000,0.000000
1778537514.549495,sequential_ik_elbow_then_wrist,0,0,-0.182568,0.214884,-0.102440,-0.399456,0.136579,0.089467,-0.028302,-0.298473,0.010632,-0.126514,-0.563521,0.111150,0.000000,0.055285,0.000068,0.234994,0.000268,0.003578,0.010919,0.056638,0.000000,0.000000,0.000000,0.710883,-0.311248,-0.000000,1.666044,-0.412923,0.084802,0.000000,0.942258,0.000000,0.000000,0.000000,0.000000,0.000000,0.000000
1778537514.608086,sequential_ik_elbow_then_wrist,0,0,-0.183707,0.213298,-0.103709,-0.406950,0.138457,0.082198,-0.015252,-0.299406,-0.011109,-0.121680,-0.572906,0.051106,0.000001,0.056817,0.000609,0.238298,0.000143,0.007130,0.007947,0.083851,0.000000,0.000000,0.000000,0.710461,-0.321021,-0.000000,1.628074,-0.330301,0.060278,0.000000,0.775468,0.000000,0.000000,0.000000,0.000000,0.000000,0.000000
1778537514.669272,sequential_ik_elbow_then_wrist,0,0,-0.186785,0.210771,-0.103378,-0.411486,0.134970,0.080372,-0.009995,-0.298657,-0.026535,-0.119421,-0.573592,0.022828,0.000003,0.057432,0.001214,0.239630,0.000067,0.009430,0.005456,0.097101,0.000000,0.000000,0.000000,0.712949,-0.328420,-0.000000,1.591963,-0.261006,0.028464,0.000000,0.645657,0.000000,0.000000,0.000000,0.000000,0.000000,0.000000
1778537514.727428,sequential_ik_elbow_then_wrist,0,0,-0.183639,0.211549,-0.107348,-0.406817,0.135062,0.077967,-0.006597,-0.298495,-0.029279,-0.120446,-0.569447,0.030914,0.000003,0.056667,0.001067,0.238048,0.000011,0.011533,0.002206,0.107268,0.000000,0.000000,0.000000,0.713803,-0.336651,-0.000000,1.565801,-0.204750,-0.000429,0.000000,0.559259,0.000000,0.000000,0.000000,0.000000,0.000000,0.000000
1778537514.794787,sequential_ik_elbow_then_wrist,0,0,-0.181881,0.211786,-0.109844,-0.396703,0.132656,0.084036,-0.008582,-0.298328,-0.030446,-0.124990,-0.563093,0.049231,0.000002,0.054057,0.000988,0.232461,0.000001,0.012425,0.000685,0.111211,0.000000,0.000000,0.000000,0.713245,-0.345155,-0.000000,1.556462,-0.162392,-0.024190,0.000000,0.511783,0.000000,0.000000,0.000000,0.000000,0.000000,0.000000
1778537514.851480,sequential_ik_elbow_then_wrist,0,0,-0.166918,0.220484,-0.116299,-0.353301,0.126850,0.099325,-0.104115,-0.279913,-0.028437,-0.336000,-0.450923,0.055138,0.000052,0.047265,0.005217,0.216772,0.001154,0.042790,0.022842,0.206760,0.000000,0.000000,0.000000,0.701846,-0.356463,-0.000000,1.589158,-0.190524,-0.041608,0.000000,0.490876,0.000000,0.000000,0.000000,0.000000,0.000000,0.000000
1778537514.899083,sequential_ik_elbow_then_wrist,0,0,-0.162578,0.221923,-0.119660,-0.323427,0.119637,0.111998,-0.156451,-0.255748,-0.010773,-0.417975,-0.305159,0.127660,0.000016,0.040486,0.002888,0.200617,0.000817,0.059314,0.019119,0.242500,0.000000,0.000000,0.000000,0.687426,-0.368399,-0.000000,1.651106,-0.261639,-0.043679,0.000000,0.529052,0.000000,0.000000,0.000000,0.000000,0.000000,0.000000
1778537514.966546,sequential_ik_elbow_then_wrist,0,0,-0.161208,0.231521,-0.102029,-0.301279,0.129618,0.142912,-0.175557,-0.243263,-0.001729,-0.380887,-0.152002,0.197044,0.000050,0.031825,0.004813,0.178289,0.000225,0.068930,0.009991,0.258223,0.000000,0.000000,0.000000,0.670607,-0.366527,-0.000000,1.713051,-0.341268,-0.037033,0.000000,0.671938,0.000000,0.000000,0.000000,0.000000,0.000000,0.000000
1778537515.025505,sequential_ik_elbow_then_wrist,0,0,-0.179245,0.227330,-0.078693,-0.323588,0.123480,0.162927,-0.174611,-0.243794,0.008694,-0.327055,-0.070865,0.200674,0.000125,0.035701,0.007536,0.188859,0.000030,0.066603,0.003641,0.254312,0.000000,0.000000,0.000000,0.666814,-0.347505,-0.000000,1.746312,-0.406987,-0.023659,0.000000,0.885918,0.000000,0.000000,0.000000,0.000000,0.000000,0.000000
1778537515.088885,sequential_ik_elbow_then_wrist,0,0,-0.188438,0.225607,-0.059936,-0.340684,0.104253,0.168306,-0.190682,-0.231184,0.013937,-0.321030,-0.019105,0.181365,0.000097,0.043471,0.006617,0.208430,0.000068,0.071722,0.005470,0.266487,0.000000,0.000000,0.000000,0.671376,-0.317117,-0.000000,1.758938,-0.470728,-0.008350,0.000000,1.112339,0.000000,0.000000,0.000000,0.000000,0.000000,0.000000
1778537515.152191,sequential_ik_elbow_then_wrist,0,0,-0.193552,0.222069,-0.056772,-0.343697,0.093287,0.168775,-0.190499,-0.231055,0.017992,-0.334628,-0.024750,0.181287,0.000020,0.045260,0.003044,0.212732,0.000007,0.074096,0.001793,0.272163,0.000000,0.000000,0.000000,0.680501,-0.288381,-0.000000,1.763128,-0.522298,0.006965,0.000000,1.295969,0.000000,0.000000,0.000000,0.000000,0.000000,0.000000
1778537515.224800,sequential_ik_elbow_then_wrist,0,0,-0.190662,0.223377,-0.061244,-0.339593,0.100328,0.168275,-0.183865,-0.235280,0.028932,-0.276344,-0.030056,0.227252,0.000001,0.042278,0.000599,0.205613,0.000023,0.044790,0.003214,0.211559,0.000000,0.000000,0.000000,0.686918,-0.268060,-0.000000,1.763758,-0.557383,0.026217,0.000000,1.449197,0.000000,0.000000,0.000000,0.000000,0.000000,0.000000
1778537515.271155,sequential_ik_elbow_then_wrist,0,0,-0.189911,0.222775,-0.065614,-0.339524,0.104494,0.165958,-0.180535,-0.236796,0.036537,-0.258191,-0.033754,0.243283,0.000003,0.041113,0.001156,0.202762,0.000016,0.037734,0.002673,0.194246,0.000000,0.000000,0.000000,0.691558,-0.255723,-0.000000,1.762904,-0.580901,0.047311,0.000000,1.569201,0.000000,0.000000,0.000000,0.000000,0.000000,0.000000
1778537515.332304,sequential_ik_elbow_then_wrist,0,0,-0.190062,0.221905,-0.068078,-0.337047,0.106077,0.166399,-0.184958,-0.233374,0.036429,-0.249141,-0.024593,0.242077,0.000002,0.039404,0.000854,0.198504,0.000003,0.036135,0.001153,0.190065,0.000000,0.000000,0.000000,0.695447,-0.248617,-0.000000,1.763123,-0.601498,0.064753,0.000000,1.667956,0.000000,0.000000,0.000000,0.000000,0.000000,0.000000
1778537515.387464,sequential_ik_elbow_then_wrist,0,0,-0.187022,0.223564,-0.071004,-0.334795,0.117267,0.167458,-0.183737,-0.234226,0.037129,-0.250070,-0.025804,0.242458,0.000003,0.036503,0.001189,0.191055,0.000000,0.036326,0.000301,0.190592,0.000000,0.000000,0.000000,0.696390,-0.245592,-0.000000,1.760923,-0.616869,0.078767,0.000000,1.744047,0.000000,0.000000,0.000000,0.000000,0.000000,0.000000
1778537515.439798,sequential_ik_elbow_then_wrist,0,0,-0.176809,0.230096,-0.076120,-0.337091,0.174512,0.171307,-0.181797,-0.237322,0.025066,-0.266255,-0.042129,0.236648,0.000026,0.027246,0.003487,0.164706,0.000018,0.038842,0.002833,0.197055,0.000000,0.000000,0.000000,0.689141,-0.247101,-0.000000,1.733151,-0.626364,0.082109,0.000000,1.793664,0.000000,0.000000,0.000000,0.000000,0.000000,0.000000
1778537515.514843,sequential_ik_elbow_then_wrist,0,0,-0.154915,0.244951,-0.077462,-0.317694,0.288367,0.170767,-0.170930,-0.244948,0.027987,-0.283355,-0.065034,0.240099,0.000115,0.012136,0.007444,0.108036,0.000024,0.042613,0.003262,0.206296,0.000000,0.000000,0.000000,0.665233,-0.250016,-0.000000,1.660354,-0.624881,0.084788,0.000000,1.813608,0.000000,0.000000,0.000000,0.000000,0.000000,0.000000
1778537515.568599,sequential_ik_elbow_then_wrist,0,0,-0.113417,0.268748,-0.070080,-0.253240,0.424895,0.144553,-0.159365,-0.252441,0.029604,-0.334683,-0.174523,0.260238,0.000400,0.003467,0.013865,0.051694,0.000035,0.042191,0.003967,0.202106,0.000000,0.000000,0.000000,0.612738,-0.248057,-0.000000,1.537359,-0.613231,0.087860,0.000000,1.740793,0.000000,0.000000,0.000000,0.000000,0.000000,0.000000
1778537515.641371,sequential_ik_elbow_then_wrist,1,0,-0.075446,0.285711,-0.051743,-0.191874,0.522510,0.090984,-0.125633,-0.270576,0.031697,-0.334639,-0.359609,0.227631,0.000435,0.002820,0.014246,0.040489,0.000215,0.026729,0.009837,0.153830,0.000000,0.000000,0.000000,0.538529,-0.234029,-0.000000,1.361426,-0.578285,0.091762,0.000000,1.552586,0.000000,0.000000,0.000000,0.000000,0.000000,0.000000
1778537515.691306,sequential_ik_elbow_then_wrist,1,0,-0.033772,0.293330,-0.053074,-0.152532,0.563793,-0.000674,-0.071757,-0.290109,0.026219,-0.244823,-0.505978,0.142188,0.000386,0.005847,0.013396,0.068743,0.000546,0.012278,0.015667,0.100336,0.000000,0.000000,0.000000,0.447657,-0.221313,-0.000000,1.147352,-0.510237,0.091743,0.000000,1.296709,0.000000,0.000000,0.000000,0.000000,0.000000,0.000000
1778537515.761647,sequential_ik_elbow_then_wrist,1,0,-0.014007,0.294249,-0.056755,-0.135478,0.564195,-0.105483,-0.047509,-0.296039,0.010186,-0.207654,-0.547841,0.040995,0.000137,0.011490,0.007968,0.100862,0.000232,0.012579,0.010161,0.107252,0.000000,0.000000,0.000000,0.358109,-0.213410,-0.753600,0.897555,-0.433452,0.081067,0.000000,1.023529,0.000000,0.000000,0.000000,0.000000,0.000000,0.000000
1778537515.820362,sequential_ik_elbow_then_wrist,1,0,-0.008133,0.281732,-0.102768,-0.155416,0.523599,-0.201803,-0.056775,-0.293026,-0.030206,-0.215630,-0.545482,-0.062322,0.000300,0.018985,0.011577,0.137785,0.000234,0.012115,0.010181,0.109926,0.000000,0.000000,0.000000,0.281947,-0.237245,-1.326336,0.708299,-0.375296,0.045550,0.753600,0.802604,0.000000,0.000000,0.000000,0.000000,0.000000,0.000000
1778537515.873582,sequential_ik_elbow_then_wrist,1,0,-0.013487,0.248556,-0.167446,-0.168569,0.482740,-0.272836,-0.056192,-0.282366,-0.084334,-0.226181,-0.526787,-0.121234,0.000837,0.022575,0.019304,0.149838,0.000508,0.015273,0.015015,0.123086,0.000000,0.000000,0.000000,0.226236,-0.307005,-1.761615,0.537818,-0.332055,-0.021762,1.326336,0.608119,0.000000,0.000000,0.000000,0.000000,0.000000,0.000000
1778537515.938773,sequential_ik_elbow_then_wrist,1,0,-0.016327,0.230964,-0.190759,-0.167383,0.462182,-0.307892,-0.036664,-0.272923,-0.119034,-0.207812,-0.513504,-0.172223,0.000282,0.020585,0.011234,0.143021,0.000361,0.017786,0.012763,0.133084,0.000000,0.000000,0.000000,0.186964,-0.389852,-2.092428,0.380897,-0.288457,-0.104959,1.761615,0.439577,0.000000,0.000000,0.000000,0.000000,0.000000,0.000000
1778537515.986148,sequential_ik_elbow_then_wrist,1,0,-0.018177,0.228473,-0.193571,-0.170674,0.459567,-0.309072,-0.042961,-0.270840,-0.121656,-0.208554,-0.515112,-0.175604,0.000029,0.020012,0.003714,0.141213,0.000026,0.016897,0.003415,0.129776,0.000000,0.000000,0.000000,0.159514,-0.461913,-2.343845,0.241482,-0.256511,-0.177283,2.092428,0.293637,0.000000,0.000000,0.000000,0.000000,0.000000,0.000000
1778537516.055727,sequential_ik_elbow_then_wrist,1,0,-0.018167,0.240835,-0.177957,-0.167904,0.489936,-0.252303,-0.078043,-0.266175,-0.114281,-0.271555,-0.493328,-0.145180,0.000032,0.020711,0.003790,0.143914,0.000192,0.021619,0.010178,0.147001,0.000000,0.000000,0.000000,0.139053,-0.506484,-2.534922,0.135526,-0.254648,-0.229513,2.343845,0.175164,0.000000,0.000000,0.000000,0.000000,0.000000,0.000000
1778537516.114179,sequential_ik_elbow_then_wrist,1,0,-0.007569,0.262566,-0.144921,-0.140694,0.521505,-0.217225,-0.068817,-0.283591,-0.069571,-0.258255,-0.507794,-0.131588,0.000245,0.015322,0.010639,0.123781,0.000277,0.017865,0.011089,0.133366,0.000000,0.000000,0.000000,0.116208,-0.513840,-2.680141,0.055000,-0.251317,-0.239447,2.534922,0.106399,0.000000,0.000000,0.000000,0.000000,0.000000,0.000000
1778537516.181357,sequential_ik_elbow_then_wrist,1,0,-0.021663,0.282926,-0.097383,-0.159547,0.549020,-0.083885,-0.044244,-0.292707,-0.048632,-0.205770,-0.544102,-0.021985,0.000468,0.021599,0.014452,0.146967,0.000214,0.013601,0.009865,0.116286,0.000000,0.000000,0.000000,0.104487,-0.481244,-2.790507,-0.006200,-0.232244,-0.227031,2.680141,0.032863,0.000000,0.000000,0.000000,0.000000,0.000000,0.000000
1778537516.239786,sequential_ik_elbow_then_wrist,1,0,-0.030113,0.287998,-0.078423,-0.159605,0.539475,0.021535,-0.040155,-0.296656,-0.019567,-0.212063,-0.506503,0.108543,0.000152,0.020485,0.008272,0.127629,0.000175,0.027609,0.008806,0.155171,0.000000,0.000000,0.000000,0.102146,-0.435469,-2.120785,0.102752,-0.210872,-0.194942,2.036907,0.119590,0.000000,0.000000,0.000000,0.000000,0.000000,0.000000
1778537516.298686,sequential_ik_elbow_then_wrist,0,0,-0.051815,0.292636,-0.040980,-0.162504,0.494011,0.151883,-0.104862,-0.280998,0.006652,-0.331977,-0.382830,0.174131,0.000322,0.009432,0.012024,0.089939,0.000632,0.045633,0.016772,0.211530,0.000000,0.000000,0.000000,0.115071,-0.372312,-1.611797,0.273525,-0.234181,-0.149219,1.548049,0.257041,0.000000,0.000000,0.000000,0.000000,0.000000,0.000000
1778537516.350641,sequential_ik_elbow_then_wrist,0,0,-0.147800,0.260811,-0.011526,-0.274730,0.272040,0.260067,-0.128665,-0.260064,0.076238,-0.297573,-0.181413,0.311364,0.001585,0.022526,0.026825,0.142870,0.000976,0.046727,0.020929,0.210222,0.000000,0.000000,0.000000,0.191099,-0.299821,-1.224966,0.513655,-0.279418,-0.066112,1.176518,0.482314,0.000000,0.000000,0.000000,0.000000,0.000000,0.000000
1778537516.415680,sequential_ik_elbow_then_wrist,0,0,-0.170718,0.243618,0.038805,-0.255861,0.115368,0.296298,-0.150039,-0.241416,0.095950,-0.305246,-0.066782,0.284135,0.000771,0.026088,0.018536,0.158052,0.000369,0.063859,0.013126,0.250971,0.000000,0.000000,0.000000,0.281928,-0.207734,-0.930974,0.776014,-0.337573,0.020909,0.894153,0.724426,0.000000,0.000000,0.000000,0.000000,0.000000,0.000000
1778537516.484905,sequential_ik_elbow_then_wrist,0,0,-0.175839,0.239572,0.041057,-0.251853,0.054713,0.264773,-0.158203,-0.224356,0.120979,-0.216449,0.016486,0.290102,0.000074,0.033348,0.005739,0.181512,0.000244,0.041125,0.010761,0.200145,0.000000,0.000000,0.000000,0.362656,-0.127855,-0.707540,1.023465,-0.397774,0.109049,0.679557,0.986834,0.000000,0.000000,0.000000,0.000000,0.000000,0.000000
1778537516.535993,sequential_ik_elbow_then_wrist,1,0,-0.167201,0.248405,0.018405,-0.257718,0.095246,0.259960,-0.148781,-0.235630,0.111098,-0.148718,-0.010679,0.309585,0.000050,0.027988,0.004726,0.167295,0.000008,0.015146,0.002037,0.122658,0.000000,0.000000,0.000000,0.419236,-0.078936,-0.537731,1.210671,-0.439151,0.174411,0.516463,1.210360,0.000000,0.000000,0.000000,0.000000,0.000000,0.000000
1778537516.598277,sequential_ik_elbow_then_wrist,0,0,-0.171130,0.244647,-0.029363,-0.312559,0.200791,0.231548,-0.151795,-0.237152,0.103522,-0.256724,-0.054698,0.317299,0.000325,0.023742,0.011995,0.152033,0.000009,0.040266,0.001997,0.199730,0.000000,0.000000,0.000000,0.464450,-0.073946,-0.408675,1.292803,-0.470456,0.218706,0.392512,1.333853,0.000000,0.000000,0.000000,0.000000,0.000000,0.000000
1778537516.655660,sequential_ik_elbow_then_wrist,0,0,-0.190931,0.218002,-0.077592,-0.337422,0.279758,0.176823,-0.149758,-0.245472,0.085535,-0.391557,-0.175014,0.248534,0.000576,0.008006,0.016067,0.086864,0.000057,0.084015,0.005065,0.285650,0.000000,0.000000,0.000000,0.519064,-0.107816,-0.310593,1.303717,-0.490373,0.239446,0.298309,1.309683,0.000000,0.000000,0.000000,0.000000,0.000000,0.000000
1778537516.730944,sequential_ik_elbow_then_wrist,1,0,-0.122102,0.257272,-0.094352,-0.281701,0.474454,0.037407,-0.121071,-0.274079,0.014917,-0.332120,-0.456970,0.124505,0.000792,0.004156,0.019587,0.045465,0.000902,0.022257,0.020147,0.130243,0.000000,0.000000,0.000000,0.516258,-0.153267,-0.236051,1.202318,-0.480260,0.208070,0.226715,1.116697,0.000000,0.000000,0.000000,0.000000,0.000000,0.000000
1778537516.779977,sequential_ik_elbow_then_wrist,1,0,-0.038357,0.269132,-0.126872,-0.186971,0.527237,-0.162871,-0.116962,-0.271854,-0.049143,-0.337388,-0.475165,-0.040344,0.001697,0.017610,0.029848,0.102992,0.000817,0.016442,0.019068,0.123992,0.000000,0.000000,0.000000,0.451472,-0.214560,-0.932999,0.924417,-0.464862,0.133719,0.172303,0.891596,0.000000,0.000000,0.000000,0.000000,0.000000,0.000000
1778537516.860264,sequential_ik_elbow_then_wrist,1,0,-0.047937,0.211161,-0.207637,-0.217999,0.433080,-0.316406,-0.112728,-0.255182,-0.110339,-0.322713,-0.468105,-0.134224,0.001361,0.014112,0.024694,0.117489,0.000808,0.013069,0.018959,0.111453,0.000000,0.000000,0.000000,0.398929,-0.326838,-1.462679,0.671035,-0.453138,0.026403,0.884550,0.659455,0.000000,0.000000,0.000000,0.000000,0.000000,0.000000
1778537516.905320,sequential_ik_elbow_then_wrist,1,0,-0.013061,0.163516,-0.251181,-0.143793,0.368613,-0.426808,-0.050032,-0.213355,-0.204882,-0.242200,-0.427808,-0.289031,0.001283,0.006960,0.025734,0.083333,0.002445,0.012311,0.034228,0.110336,0.000000,0.000000,0.000000,0.343319,-0.469856,-1.865236,0.468896,-0.416994,-0.136361,1.425858,0.454940,0.000000,0.000000,0.000000,0.000000,0.000000,0.000000
1778537516.960813,sequential_ik_elbow_then_wrist,1,0,-0.003349,0.109947,-0.279107,-0.123603,0.293798,-0.483405,-0.027949,-0.172216,-0.244050,-0.219354,-0.364347,-0.372307,0.000944,0.007829,0.022040,0.088435,0.001177,0.018974,0.024499,0.137744,0.000000,0.000000,0.000000,0.293153,-0.629327,-2.171179,0.308361,-0.373889,-0.315550,1.837252,0.297754,0.000000,0.000000,0.000000,0.000000,0.000000,0.000000
1778537517.025069,sequential_ik_elbow_then_wrist,1,0,-0.030273,0.071753,-0.289715,-0.182823,0.206525,-0.510090,-0.033585,-0.167141,-0.246852,-0.180029,-0.364794,-0.418571,0.000677,0.022934,0.021704,0.151438,0.000092,0.009980,0.006949,0.099897,0.000000,0.000000,0.000000,0.263039,-0.784012,-2.403696,0.186354,-0.337296,-0.467203,2.149912,0.178293,0.000000,0.000000,0.000000,0.000000,0.000000,0.000000
1778537517.077168,sequential_ik_elbow_then_wrist,1,0,-0.010148,0.077996,-0.289506,-0.131330,0.233009,-0.515970,-0.018618,-0.168023,-0.247834,-0.138353,-0.383278,-0.419091,0.000018,0.011182,0.003463,0.105746,0.000156,0.006244,0.011551,0.079020,0.000000,0.000000,0.000000,0.239173,-0.907464,-2.580409,0.093629,-0.299067,-0.587322,2.387533,0.087503,0.000000,0.000000,0.000000,0.000000,0.000000,0.000000
1778537517.153097,sequential_ik_elbow_then_wrist,1,0,-0.007827,0.102571,-0.281812,-0.127029,0.295097,-0.478597,-0.039062,-0.173665,-0.241484,-0.152147,-0.410334,-0.387086,0.000123,0.014429,0.009295,0.120123,0.000035,0.009504,0.005045,0.097489,0.000000,0.000000,0.000000,0.217888,-0.987115,-2.714711,0.023158,-0.274276,-0.672712,2.568125,0.018502,0.000000,0.000000,0.000000,0.000000,0.000000,0.000000
1778537517.202553,sequential_ik_elbow_then_wrist,1,0,-0.010812,0.130206,-0.270055,-0.133068,0.367140,-0.407589,-0.043905,-0.190425,-0.227620,-0.213661,-0.420003,-0.319686,0.000199,0.025823,0.010658,0.160695,0.000084,0.025772,0.006489,0.160538,0.000000,0.000000,0.000000,0.198037,-1.025725,-2.816780,-0.030400,-0.258849,-0.722501,2.705375,-0.033938,0.000000,0.000000,0.000000,0.000000,0.000000,0.000000
1778537517.264459,sequential_ik_elbow_then_wrist,0,0,-0.011486,0.175323,-0.243166,-0.150337,0.433923,-0.305185,-0.056658,-0.202356,-0.214108,-0.246011,-0.423778,-0.285645,0.000506,0.041188,0.016015,0.202947,0.000130,0.030377,0.008751,0.174289,0.000000,0.000000,0.000000,0.176872,-1.017677,-2.894353,-0.071104,-0.254857,-0.744615,2.809685,-0.073793,0.000000,0.000000,0.000000,0.000000,0.000000,0.000000
1778537517.324616,sequential_ik_elbow_then_wrist,0,0,-0.021042,0.218123,-0.204889,-0.158861,0.484531,-0.210614,-0.083289,-0.234382,-0.167714,-0.310548,-0.428368,-0.140827,0.000620,0.045110,0.016625,0.212392,0.000651,0.056887,0.018038,0.238510,0.000000,0.000000,0.000000,0.159105,-0.967123,-2.953308,-0.102039,-0.266483,-0.720644,2.888961,-0.104083,0.000000,0.000000,0.000000,0.000000,0.000000,0.000000
1778537517.380624,sequential_ik_elbow_then_wrist,0,0,-0.039548,0.249190,-0.162296,-0.189901,0.496377,-0.082968,-0.126926,-0.218744,-0.161372,-0.391006,-0.346337,-0.098273,0.000630,0.061471,0.017044,0.247933,0.000666,0.076323,0.020669,0.276266,0.000000,0.000000,0.000000,0.153788,-0.885221,-2.998114,-0.125550,-0.309841,-0.688877,2.949210,-0.127103,0.000000,0.000000,0.000000,0.000000,0.000000,0.000000
1778537517.441555,sequential_ik_elbow_then_wrist,0,0,-0.133152,0.225840,-0.145831,-0.325850,0.369734,0.033506,-0.168543,-0.226410,-0.101646,-0.422699,-0.300407,0.039525,0.002057,0.051296,0.036002,0.201346,0.001065,0.055492,0.023067,0.219256,0.000000,0.000000,0.000000,0.212885,-0.803067,-2.278567,0.105480,-0.375818,-0.620248,2.241400,0.062122,0.000000,0.000000,0.000000,0.000000,0.000000,0.000000
1778537517.503616,sequential_ik_elbow_then_wrist,0,0,-0.151304,0.226417,-0.125868,-0.316807,0.235776,0.124174,-0.182514,-0.232246,-0.052447,-0.386523,-0.190862,0.163580,0.000546,0.032058,0.017394,0.168074,0.000624,0.046654,0.016768,0.209319,0.000000,0.000000,0.000000,0.289479,-0.720648,-1.731711,0.429186,-0.440651,-0.526119,1.703464,0.333828,0.000000,0.000000,0.000000,0.000000,0.000000,0.000000
1778537517.562800,sequential_ik_elbow_then_wrist,0,0,-0.178043,0.208947,-0.121003,-0.327860,0.148480,0.131778,-0.186374,-0.233843,-0.024120,-0.303363,-0.102240,0.218767,0.000365,0.031872,0.014217,0.176474,0.000240,0.036923,0.010317,0.187128,0.000000,0.000000,0.000000,0.377271,-0.650043,-1.316100,0.740011,-0.494882,-0.427284,1.294632,0.645104,0.000000,0.000000,0.000000,0.000000,0.000000,0.000000
1778537517.620065,sequential_ik_elbow_then_wrist,0,0,-0.184519,0.198534,-0.128596,-0.336024,0.111241,0.115179,-0.194467,-0.226030,-0.033061,-0.320165,-0.057027,0.180569,0.000102,0.035239,0.007528,0.187429,0.000021,0.050678,0.003055,0.224371,0.000000,0.000000,0.000000,0.459848,-0.599520,-1.000236,1.001314,-0.544175,-0.351455,0.983921,0.925618,0.000000,0.000000,0.000000,0.000000,0.000000,0.000000
1778537517.688781,sequential_ik_elbow_then_wrist,0,0,-0.176276,0.192083,-0.148428,-0.337291,0.152579,0.101598,-0.190684,-0.226478,-0.048448,-0.332563,-0.072630,0.166496,0.000070,0.023683,0.005629,0.153833,0.000028,0.050644,0.003492,0.225031,0.000000,0.000000,0.000000,0.526090,-0.575568,-0.760179,1.189565,-0.581553,-0.303241,0.747780,1.144156,0.000000,0.000000,0.000000,0.000000,0.000000,0.000000
1778537517.740810,sequential_ik_elbow_then_wrist,0,0,-0.169078,0.191953,-0.156738,-0.343448,0.210824,0.086653,-0.205847,-0.214328,-0.041111,-0.424828,-0.120271,0.141099,0.000029,0.014660,0.003622,0.120443,0.000048,0.065900,0.004651,0.254431,0.000000,0.000000,0.000000,0.574224,-0.566623,-0.577736,1.302890,-0.621948,-0.264186,0.568313,1.228342,0.000000,0.000000,0.000000,0.000000,0.000000,0.000000
1778537517.818106,sequential_ik_elbow_then_wrist,0,0,-0.149526,0.160704,-0.204490,-0.346069,0.299173,-0.025055,-0.181316,-0.192065,-0.142252,-0.455578,-0.170217,-0.022656,0.000484,0.004338,0.014713,0.061358,0.001338,0.062321,0.024460,0.247462,0.000000,0.000000,0.000000,0.614013,-0.598981,-0.439080,1.331532,-0.653803,-0.299778,0.431918,1.213321,0.000000,0.000000,0.000000,0.000000,0.000000,0.000000
1778537517.871207,sequential_ik_elbow_then_wrist,0,0,-0.073358,0.163240,-0.240772,-0.231707,0.417112,-0.218983,-0.162650,-0.197561,-0.156571,-0.436326,-0.290210,-0.075838,0.001738,0.097997,0.034385,0.281645,0.000248,0.023594,0.010820,0.151419,0.000000,0.000000,0.000000,0.609273,-0.668019,-1.087301,1.025341,-0.667283,-0.352143,0.328257,1.139970,0.000000,0.000000,0.000000,0.000000,0.000000,0.000000
1778537517.927531,sequential_ik_elbow_then_wrist,1,0,-0.024107,0.145396,-0.261302,-0.135020,0.402953,-0.367898,-0.126747,-0.215429,-0.165909,-0.358108,-0.405301,-0.186416,0.002301,0.020715,0.043265,0.141638,0.000421,0.028026,0.015978,0.133697,0.000000,0.000000,0.000000,0.571044,-0.756174,-1.579948,0.731259,-0.649503,-0.404899,1.003076,0.842421,0.000000,0.000000,0.000000,0.000000,0.000000,0.000000
1778537517.987165,sequential_ik_elbow_then_wrist,1,0,-0.019892,0.145227,-0.261751,-0.117870,0.364538,-0.441481,-0.099241,-0.200061,-0.200317,-0.332262,-0.374481,-0.272974,0.001107,0.004484,0.031714,0.066964,0.000479,0.014982,0.016253,0.121992,0.000000,0.000000,0.000000,0.518852,-0.830218,-1.954361,0.507757,-0.617151,-0.474692,1.515937,0.592240,0.000000,0.000000,0.000000,0.000000,0.000000,0.000000
1778537518.038576,sequential_ik_elbow_then_wrist,1,0,-0.015663,0.110319,-0.278540,-0.108749,0.310340,-0.481829,-0.089801,-0.165273,-0.233710,-0.338245,-0.307661,-0.323160,0.000542,0.003335,0.020471,0.057747,0.000419,0.028394,0.013680,0.168504,0.000000,0.000000,0.000000,0.468179,-0.910749,-2.238914,0.337895,-0.590573,-0.564253,1.905712,0.402102,0.000000,0.000000,0.000000,0.000000,0.000000,0.000000
1778537518.109612,sequential_ik_elbow_then_wrist,1,0,-0.015439,0.054663,-0.294574,-0.133601,0.178439,-0.540982,-0.023245,-0.134613,-0.267094,-0.200464,-0.315963,-0.427422,0.000495,0.006077,0.014870,0.077958,0.001786,0.007730,0.035503,0.087923,0.000000,0.000000,0.000000,0.429026,-1.011643,-2.455175,0.208801,-0.544674,-0.680963,2.201941,0.257598,0.000000,0.000000,0.000000,0.000000,0.000000,0.000000
1778537518.158206,sequential_ik_elbow_then_wrist,1,0,-0.042216,0.033272,-0.295145,-0.190550,0.098760,-0.547551,-0.012256,-0.100877,-0.282265,-0.192822,-0.257908,-0.463199,0.000928,0.022571,0.029555,0.150236,0.000894,0.014407,0.025783,0.120030,0.000000,0.000000,0.000000,0.406396,-1.104630,-2.619533,0.110688,-0.496870,-0.803640,2.427076,0.147774,0.000000,0.000000,0.000000,0.000000,0.000000,0.000000
1778537518.229153,sequential_ik_elbow_then_wrist,1,0,-0.055077,0.025658,-0.293782,-0.220248,0.089877,-0.535846,-0.016468,-0.100727,-0.282104,-0.189174,-0.244669,-0.480734,0.001797,0.031915,0.042207,0.178647,0.000263,0.015032,0.015675,0.122605,0.000000,0.000000,0.000000,0.397595,-1.179959,-2.744445,0.036123,-0.453103,-0.903490,2.598177,0.064309,0.000000,0.000000,0.000000,0.000000,0.000000,0.000000
1778537518.289089,sequential_ik_elbow_then_wrist,1,0,-0.057209,0.033149,-0.292623,-0.226973,0.121867,-0.523511,-0.020107,-0.100224,-0.282048,-0.182857,-0.247204,-0.486765,0.001593,0.030237,0.039721,0.173888,0.000103,0.014281,0.009939,0.119503,0.000000,0.000000,0.000000,0.399132,-1.232567,-2.839378,-0.020546,-0.415235,-0.980327,2.728215,0.000874,0.000000,0.000000,0.000000,0.000000,0.000000,0.000000
1778537518.355060,sequential_ik_elbow_then_wrist,1,0,-0.048187,0.046991,-0.292352,-0.200846,0.179558,-0.513985,-0.013798,-0.106140,-0.280257,-0.187020,-0.259123,-0.471543,0.000615,0.019644,0.024490,0.140157,0.000225,0.017938,0.014684,0.133933,0.000000,0.000000,0.000000,0.406213,-1.265314,-2.911527,-0.063615,-0.379529,-1.036122,2.827043,-0.047335,0.000000,0.000000,0.000000,0.000000,0.000000,0.000000
1778537518.413770,sequential_ik_elbow_then_wrist,1,0,-0.047360,0.070460,-0.287737,-0.197997,0.236444,-0.487130,-0.003960,-0.110703,-0.278800,-0.167970,-0.297696,-0.446532,0.000230,0.018235,0.013673,0.135038,0.000452,0.020366,0.020800,0.142710,0.000000,0.000000,0.000000,0.415506,-1.275039,-2.966361,-0.096348,-0.342255,-1.076094,2.902153,-0.083975,0.000000,0.000000,0.000000,0.000000,0.000000,0.000000
1778537518.480196,sequential_ik_elbow_then_wrist,1,0,-0.039654,0.111499,-0.275673,-0.172395,0.288852,-0.477974,0.000249,-0.126139,-0.272193,-0.146373,-0.345379,-0.415145,0.000311,0.008247,0.013870,0.090812,0.000554,0.023363,0.022557,0.152849,0.000000,0.000000,0.000000,0.418067,-1.256715,-3.008034,-0.121224,-0.301920,-1.095623,2.959236,-0.111821,0.000000,0.000000,0.000000,0.000000,0.000000,0.000000
1778537518.535085,sequential_ik_elbow_then_wrist,1,0,-0.025269,0.136030,-0.266190,-0.157395,0.333829,-0.448996,0.001181,-0.143632,-0.263379,-0.136292,-0.367975,-0.407502,0.000774,0.007681,0.026058,0.087641,0.000458,0.019998,0.019824,0.141415,0.000000,0.000000,0.000000,0.405396,-1.224537,-3.039706,-0.140130,-0.259185,-1.095443,3.002620,-0.132984,0.000000,0.000000,0.000000,0.000000,0.000000,0.000000
1778537518.583826,sequential_ik_elbow_then_wrist,1,0,-0.007278,0.151566,-0.258795,-0.146414,0.359515,-0.424320,0.000565,-0.156357,-0.256032,-0.127152,-0.390787,-0.392892,0.001271,0.009039,0.033959,0.095075,0.000252,0.019293,0.014346,0.138899,0.000000,0.000000,0.000000,0.372915,-1.187540,-3.063777,-0.154499,-0.216778,-1.082340,3.035591,-0.149068,0.000000,0.000000,0.000000,0.000000,0.000000,0.000000
1778537518.661085,sequential_ik_elbow_then_wrist,1,0,-0.004838,0.150001,-0.259762,-0.152242,0.357039,-0.419159,-0.004101,-0.165677,-0.250069,-0.124034,-0.404308,-0.386711,0.000659,0.012518,0.024554,0.111884,0.000074,0.017818,0.007192,0.133484,0.000000,0.000000,0.000000,0.330474,-1.156503,-3.082070,-0.165419,-0.179528,-1.062226,3.060649,-0.161292,0.000000,0.000000,0.000000,0.000000,0.000000,0.000000
1778537518.715704,sequential_ik_elbow_then_wrist,1,0,-0.009358,0.140620,-0.264837,-0.173902,0.343108,-0.412903,-0.009254,-0.167844,-0.248481,-0.145748,-0.398207,-0.383768,0.000187,0.021718,0.013004,0.147370,0.000006,0.021489,0.001688,0.146593,0.000000,0.000000,0.000000,0.289106,-1.137686,-3.095973,-0.173719,-0.150629,-1.042772,3.079693,-0.170582,0.000000,0.000000,0.000000,0.000000,0.000000,0.000000
1778537518.779622,sequential_ik_elbow_then_wrist,0,0,-0.030847,0.110959,-0.277014,-0.244868,0.237462,-0.444918,-0.025231,-0.143961,-0.261990,-0.204810,-0.325954,-0.418929,0.000215,0.044838,0.012178,0.211750,0.000213,0.034057,0.012589,0.184544,0.000000,0.000000,0.000000,0.263743,-1.141944,-3.106540,-0.180026,-0.137543,-1.043241,3.094167,-0.177642,0.000000,0.000000,0.000000,0.000000,0.000000,0.000000
1778537518.832950,sequential_ik_elbow_then_wrist,0,0,-0.064678,0.079060,-0.282075,-0.306902,0.135879,-0.449702,-0.034831,-0.120432,-0.272549,-0.280453,-0.205264,-0.422460,0.001897,0.077749,0.042061,0.278834,0.000423,0.073872,0.018486,0.271793,0.000000,0.000000,0.000000,0.264448,-1.163525,-3.114570,-0.184820,-0.138947,-1.061976,3.105167,-0.181036,0.000000,0.000000,0.000000,0.000000,0.000000,0.000000
1778537518.894392,sequential_ik_elbow_then_wrist,0,0,-0.066499,0.054026,-0.287505,-0.285788,0.055642,-0.492225,-0.070395,-0.116293,-0.267433,-0.320541,-0.135643,-0.431910,0.002159,0.070849,0.045364,0.266003,0.001708,0.091955,0.040024,0.303038,0.000000,0.000000,0.000000,0.281834,-1.197192,-3.120673,-0.165519,-0.164711,-1.076504,3.113527,-0.156976,0.000000,0.000000,0.000000,0.000000,0.000000,0.000000
1778537518.958036,sequential_ik_elbow_then_wrist,0,0,-0.077333,0.038420,-0.287304,-0.266056,0.002505,-0.517725,-0.067134,-0.113030,-0.269662,-0.295175,-0.129686,-0.463877,0.003195,0.064437,0.055956,0.253586,0.000857,0.065370,0.028357,0.255586,0.000000,0.000000,0.000000,0.312333,-1.231169,-3.125312,-0.123375,-0.201693,-1.088680,3.119880,-0.122416,0.000000,0.000000,0.000000,0.000000,0.000000,0.000000
1778537519.021969,sequential_ik_elbow_then_wrist,0,0,-0.073009,0.029547,-0.289477,-0.252606,0.013377,-0.529233,-0.062664,-0.109218,-0.272295,-0.271114,-0.116526,-0.487922,0.002751,0.051330,0.052056,0.226508,0.000398,0.049604,0.019334,0.222638,0.000000,0.000000,0.000000,0.349636,-1.263141,-3.128837,-0.103070,-0.241356,-1.100876,3.124709,-0.081674,0.000000,0.000000,0.000000,0.000000,0.000000,0.000000
1778537519.078283,sequential_ik_elbow_then_wrist,0,0,-0.061012,0.026916,-0.292495,-0.208193,0.034955,-0.553786,-0.046664,-0.113212,-0.273871,-0.239026,-0.114218,-0.504079,0.001646,0.028132,0.040308,0.167660,0.000007,0.036322,0.002385,0.190499,0.000000,0.000000,0.000000,0.387743,-1.292656,-3.131516,-0.099034,-0.272823,-1.112167,3.128379,-0.037032,0.000000,0.000000,0.000000,0.000000,0.000000,0.000000
1778537519.130005,sequential_ik_elbow_then_wrist,1,0,-0.051932,0.022526,-0.294611,-0.194731,0.046285,-0.557373,-0.042178,-0.120281,-0.271576,-0.227756,-0.148411,-0.505605,0.001114,0.021252,0.033166,0.145629,0.000015,0.027966,0.003581,0.167195,0.000000,0.000000,0.000000,0.423741,-1.320819,-3.133552,-0.111980,-0.294710,-1.117828,3.131168,-0.011475,0.000000,0.000000,0.000000,0.000000,0.000000,0.000000
1778537519.200159,sequential_ik_elbow_then_wrist,1,0,-0.041842,0.023238,-0.296157,-0.178164,0.076053,-0.558125,-0.040786,-0.121821,-0.271102,-0.222853,-0.174272,-0.503697,0.000550,0.013047,0.023327,0.114125,0.000017,0.023903,0.004003,0.154497,0.000000,0.000000,0.000000,0.455495,-1.346101,-3.135100,-0.133105,-0.308936,-1.120787,3.133288,-0.005979,0.000000,0.000000,0.000000,0.000000,0.000000,0.000000
1778537519.258478,sequential_ik_elbow_then_wrist,1,0,-0.033109,0.028885,-0.296765,-0.165235,0.114960,-0.551978,-0.041021,-0.127066,-0.268648,-0.208454,-0.178361,-0.512235,0.000157,0.008675,0.012486,0.093139,0.000023,0.019804,0.004362,0.140704,0.000000,0.000000,0.000000,0.481870,-1.366010,-3.136276,-0.149160,-0.317155,-1.119263,3.134899,0.004328,0.000000,0.000000,0.000000,0.000000,0.000000,0.000000
1778537519.318008,sequential_ik_elbow_then_wrist,1,0,-0.033320,0.033663,-0.296237,-0.169486,0.137530,-0.542552,-0.036548,-0.134964,-0.265422,-0.193812,-0.230326,-0.502433,0.000098,0.009313,0.009795,0.096502,0.000076,0.013079,0.008179,0.114118,0.000000,0.000000,0.000000,0.503739,-1.378665,-3.137170,-0.161361,-0.318146,-1.112988,3.136123,-0.005764,0.000000,0.000000,0.000000,0.000000,0.000000,0.000000
1778537519.375201,sequential_ik_elbow_then_wrist,1,0,-0.042576,0.045821,-0.293407,-0.175049,0.156005,-0.538989,-0.031090,-0.139246,-0.263902,-0.183192,-0.246332,-0.499268,0.000140,0.007532,0.011012,0.086784,0.000118,0.011482,0.010359,0.107126,0.000000,0.000000,0.000000,0.522720,-1.378096,-3.137849,-0.170635,-0.311828,-1.105158,3.137053,-0.019186,0.000000,0.000000,0.000000,0.000000,0.000000,0.000000
1778537519.439489,sequential_ik_elbow_then_wrist,1,0,-0.047200,0.047162,-0.292486,-0.184920,0.155140,-0.536153,-0.022533,-0.141446,-0.263601,-0.170840,-0.266237,-0.492582,0.000167,0.007612,0.012679,0.087244,0.000199,0.010309,0.013530,0.101465,0.000000,0.000000,0.000000,0.540469,-1.372906,-3.138365,-0.177682,-0.297588,-1.098306,3.137761,-0.038249,0.000000,0.000000,0.000000,0.000000,0.000000,0.000000
1778537519.501073,sequential_ik_elbow_then_wrist,1,0,-0.045047,0.052115,-0.291984,-0.172417,0.158337,-0.541972,-0.020946,-0.142412,-0.263211,-0.166152,-0.272271,-0.491360,0.000058,0.004579,0.007466,0.067671,0.000126,0.011010,0.010775,0.104923,0.000000,0.000000,0.000000,0.556062,-1.366000,-3.138758,-0.183039,-0.279180,-1.092225,3.138298,-0.054868,0.000000,0.000000,0.000000,0.000000,0.000000,0.000000
1778537519.567705,sequential_ik_elbow_then_wrist,1,0,-0.039695,0.053373,-0.292533,-0.157548,0.161222,-0.546461,-0.031490,-0.145894,-0.260237,-0.172502,-0.272071,-0.493035,0.000005,0.002805,0.002107,0.052961,0.000006,0.012446,0.001788,0.111531,0.000000,0.000000,0.000000,0.568516,-1.361345,-3.139056,-0.187109,-0.264567,-1.083366,3.138707,-0.061283,0.000000,0.000000,0.000000,0.000000,0.000000,0.000000
1778537519.621649,sequential_ik_elbow_then_wrist,1,0,-0.037185,0.054718,-0.292614,-0.142777,0.157533,-0.553918,-0.043247,-0.148130,-0.257269,-0.188419,-0.267037,-0.491333,0.000001,0.001366,0.000690,0.036965,0.000057,0.014802,0.007018,0.121626,0.000000,0.000000,0.000000,0.577787,-1.358149,-3.139282,-0.190203,-0.258655,-1.072151,3.139017,-0.058870,0.000000,0.000000,0.000000,0.000000,0.000000,0.000000
1778537519.676385,sequential_ik_elbow_then_wrist,0,0,-0.040251,0.058293,-0.291516,-0.148551,0.151684,-0.555238,-0.052583,-0.149306,-0.254839,-0.250077,-0.199418,-0.475031,0.000003,0.001515,0.001088,0.038921,0.000121,0.038534,0.010362,0.195960,0.000000,0.000000,0.000000,0.584778,-1.352830,-3.139455,-0.192554,-0.262294,-1.059857,3.139253,-0.029291,0.000000,0.000000,0.000000,0.000000,0.000000,0.000000
1778537519.740921,sequential_ik_elbow_then_wrist,0,0,-0.035506,0.056192,-0.292544,-0.140937,0.134965,-0.562134,-0.075535,-0.137695,-0.255606,-0.299871,-0.102875,-0.451720,0.000009,0.001573,0.002782,0.039659,0.000614,0.071271,0.023530,0.266447,0.000000,0.000000,0.000000,0.589310,-1.350930,-3.139585,-0.194341,-0.283697,-1.051584,3.139432,0.033103,0.000000,0.000000,0.000000,0.000000,0.000000,0.000000
1778537519.806216,sequential_ik_elbow_then_wrist,0,0,-0.039391,0.050067,-0.293158,-0.194698,0.093672,-0.546097,-0.097654,-0.116068,-0.258828,-0.331051,-0.028677,-0.425827,0.000016,0.011777,0.003823,0.108520,0.001397,0.098038,0.035579,0.312995,0.000000,0.000000,0.000000,0.593801,-1.351759,-3.139685,-0.195699,-0.326778,-1.051117,3.139568,0.100994,0.000000,0.000000,0.000000,0.000000,0.000000,0.000000
1778537519.864538,sequential_ik_elbow_then_wrist,0,0,-0.041795,0.052980,-0.292312,-0.221253,0.098854,-0.528300,-0.102903,-0.108328,-0.260146,-0.328967,0.018873,-0.410862,0.000015,0.017186,0.003806,0.131096,0.001005,0.106437,0.030310,0.326173,0.000000,0.000000,0.000000,0.598275,-1.350517,-3.139761,-0.196732,-0.381721,-1.052922,3.139672,0.169219,0.000000,0.000000,0.000000,0.000000,0.000000,0.000000
1778537519.929243,sequential_ik_elbow_then_wrist,0,0,-0.048332,0.053126,-0.291276,-0.240915,0.100448,-0.516381,-0.102471,-0.092324,-0.266413,-0.323839,0.039373,-0.420205,0.000072,0.021672,0.008350,0.147215,0.000852,0.101558,0.027882,0.318669,0.000000,0.000000,0.000000,0.604143,-1.346632,-3.139818,-0.197516,-0.442483,-1.062619,3.139751,0.214405,0.000000,0.000000,0.000000,0.000000,0.000000,0.000000
1778537519.987903,sequential_ik_elbow_then_wrist,0,0,-0.051061,0.047956,-0.291707,-0.253574,0.093878,-0.508224,-0.107785,-0.089578,-0.265251,-0.333865,0.034510,-0.418515,0.000157,0.025969,0.012440,0.161149,0.000640,0.096656,0.024361,0.310686,0.000000,0.000000,0.000000,0.612337,-1.344533,-3.139862,-0.198112,-0.504975,-1.069880,3.139811,0.221355,0.000000,0.000000,0.000000,0.000000,0.000000,0.000000
1778537520.046753,sequential_ik_elbow_then_wrist,0,0,-0.043721,0.047675,-0.292943,-0.250734,0.092038,-0.505493,-0.107816,-0.093325,-0.263943,-0.338915,0.011473,-0.423976,0.000042,0.026091,0.006329,0.161528,0.000267,0.081066,0.015679,0.284406,0.000000,0.000000,0.000000,0.620352,-1.346012,-3.139895,-0.198565,-0.563179,-1.072779,3.139856,0.194507,0.000000,0.000000,0.000000,0.000000,0.000000,0.000000
1778537520.095993,sequential_ik_elbow_then_wrist,0,0,-0.043542,0.060055,-0.290685,-0.252213,0.106386,-0.501184,-0.106905,-0.102815,-0.260769,-0.339563,-0.004103,-0.422405,0.000011,0.024013,0.002392,0.154962,0.000046,0.072008,0.006207,0.268250,0.000000,0.000000,0.000000,0.626066,-1.341636,-3.139920,-0.198910,-0.611652,-1.069824,3.139891,0.157153,0.000000,0.000000,0.000000,0.000000,0.000000,0.000000
1778537520.164895,sequential_ik_elbow_then_wrist,0,0,-0.041709,0.062664,-0.290402,-0.244838,0.114159,-0.505081,-0.084182,-0.096462,-0.271309,-0.309368,-0.030705,-0.458304,0.000017,0.020660,0.003955,0.143734,0.000074,0.049298,0.006564,0.221977,0.000000,0.000000,0.000000,0.629163,-1.336410,-3.139939,-0.199171,-0.645515,-1.080480,3.139917,0.116938,0.000000,0.000000,0.000000,0.000000,0.000000,0.000000
1778537520.223109,sequential_ik_elbow_then_wrist,0,0,-0.038743,0.068593,-0.289472,-0.235737,0.123622,-0.508938,-0.062862,-0.088203,-0.279765,-0.275666,-0.029141,-0.482807,0.000082,0.017266,0.008897,0.131401,0.000225,0.040600,0.013044,0.201489,0.000000,0.000000,0.000000,0.628571,-1.330024,-3.139954,-0.199370,-0.664847,-1.105123,3.139937,0.083113,0.000000,0.000000,0.000000,0.000000,0.000000,0.000000
1778537520.287532,sequential_ik_elbow_then_wrist,1,0,-0.022768,0.063236,-0.292374,-0.203683,0.140588,-0.518840,-0.026948,-0.076181,-0.288912,-0.177420,0.007027,-0.534747,0.000320,0.011372,0.017457,0.106640,0.000923,0.023551,0.028281,0.152611,0.000000,0.000000,0.000000,0.622845,-1.333079,-3.139965,-0.199521,-0.668327,-1.148062,3.139952,0.096146,0.000000,0.000000,0.000000,0.000000,0.000000,0.000000
1778537520.341513,sequential_ik_elbow_then_wrist,1,0,-0.007175,0.059043,-0.294045,-0.188083,0.133619,-0.521445,-0.003979,-0.074822,-0.290492,-0.159016,0.009005,-0.533261,0.000719,0.011684,0.026388,0.108093,0.001739,0.021379,0.040941,0.146211,0.000000,0.000000,0.000000,0.611751,-1.344487,-3.139973,-0.199636,-0.658099,-1.194637,3.139963,0.109153,0.000000,0.000000,0.000000,0.000000,0.000000,0.000000
1778537520.395121,sequential_ik_elbow_then_wrist,1,0,0.012984,0.058009,-0.294052,-0.176490,0.128655,-0.515657,-0.029089,-0.096283,-0.282637,-0.174074,0.004509,-0.525165,0.001722,0.013696,0.041184,0.117031,0.000952,0.025792,0.029583,0.160269,0.000000,0.000000,0.000000,0.594730,-1.361720,-3.139980,-0.199724,-0.639892,-1.211824,3.139972,0.143755,0.000000,0.000000,0.000000,0.000000,0.000000,0.000000
1778537520.462764,sequential_ik_elbow_then_wrist,1,0,-0.008273,0.052759,-0.295208,-0.200162,0.111230,-0.518278,-0.030207,-0.124001,-0.271498,-0.172748,-0.004147,-0.506694,0.000376,0.018869,0.019296,0.137364,0.001399,0.027490,0.035595,0.164822,0.000000,0.000000,0.000000,0.577888,-1.372546,-3.139985,-0.199790,-0.609138,-1.203162,3.139979,0.213199,0.000000,0.000000,0.000000,0.000000,0.000000,0.000000
1778537520.521895,sequential_ik_elbow_then_wrist,1,0,-0.044840,0.071479,-0.287889,-0.213708,0.101352,-0.534042,-0.012535,-0.181031,-0.238895,-0.145227,-0.117272,-0.500291,0.000164,0.018687,0.008754,0.136701,0.003514,0.012061,0.054478,0.109376,0.000000,0.000000,0.000000,0.565882,-1.358386,-3.139988,-0.199061,-0.547983,-1.155138,3.139984,0.289768,0.000000,0.000000,0.000000,0.000000,0.000000,0.000000
1778537520.608759,sequential_ik_elbow_then_wrist,0,0,-0.117142,0.050540,-0.271521,-0.305011,0.033153,-0.504765,-0.014095,-0.228364,-0.194040,-0.134841,-0.311836,-0.455674,0.004459,0.053633,0.065198,0.231470,0.002194,0.006118,0.038191,0.076860,0.000000,0.000000,0.000000,0.583419,-1.325573,-3.139991,-0.180756,-0.464356,-1.065180,3.139988,0.313171,0.000000,0.000000,0.000000,0.000000,0.000000,0.000000
1778537520.646152,sequential_ik_elbow_then_wrist,0,0,-0.112878,0.048306,-0.273724,-0.305627,0.050728,-0.503598,-0.012911,-0.226984,-0.195734,-0.135957,-0.336363,-0.446524,0.002706,0.038039,0.050930,0.195013,0.000312,0.009583,0.014786,0.097883,0.000000,0.000000,0.000000,0.621424,-1.294565,-3.139993,-0.173962,-0.381265,-0.984305,3.139991,0.327978,0.000000,0.000000,0.000000,0.000000,0.000000,0.000000
1778537520.730505,sequential_ik_elbow_then_wrist,1,0,-0.083194,0.084012,-0.275719,-0.294146,0.105706,-0.487918,-0.046132,-0.246446,-0.164731,-0.140902,-0.470073,-0.340827,0.000024,0.021957,0.004196,0.148103,0.000286,0.005691,0.011862,0.069479,0.000000,0.000000,0.000000,0.652230,-1.265358,-3.139995,-0.180211,-0.328278,-0.895726,3.139993,0.268692,0.000000,0.000000,0.000000,0.000000,0.000000,0.000000
1778537520.768544,sequential_ik_elbow_then_wrist,0,0,-0.188756,0.122279,-0.198542,-0.466388,0.066922,-0.297820,-0.059326,-0.239516,-0.170624,-0.231467,-0.456863,-0.285200,0.003132,0.075043,0.042955,0.273939,0.000083,0.018234,0.007381,0.133640,0.000000,0.000000,0.000000,0.704104,-1.161894,-3.139996,-0.184960,-0.300622,-0.826599,3.139995,0.177222,0.000000,0.000000,0.000000,0.000000,0.000000,0.000000
1778537520.825884,sequential_ik_elbow_then_wrist,1,0,-0.200289,0.120258,-0.188209,-0.472947,0.160290,-0.306762,-0.059806,-0.222890,-0.191686,-0.262247,-0.355055,-0.369310,0.000603,0.020918,0.019405,0.144632,0.000107,0.031679,0.007372,0.177078,0.000000,0.000000,0.000000,0.765884,-1.054857,-3.139997,-0.188570,-0.286725,-0.789909,3.139996,0.150822,0.000000,0.000000,0.000000,0.000000,0.000000,0.000000
1778537520.886009,sequential_ik_elbow_then_wrist,0,0,-0.181552,0.155851,-0.180968,-0.423462,0.138788,-0.357569,-0.071752,-0.164350,-0.240501,-0.281540,-0.236938,-0.442292,0.000175,0.027213,0.010522,0.163616,0.001029,0.040111,0.023838,0.200116,0.000000,0.000000,0.000000,0.798219,-0.961011,-3.139998,-0.140845,-0.295152,-0.809930,3.139997,0.150007,0.000000,0.000000,0.000000,0.000000,0.000000,0.000000
1778537520.942795,sequential_ik_elbow_then_wrist,1,0,-0.136587,0.145194,-0.224194,-0.319189,0.132646,-0.461888,-0.050091,-0.143357,-0.258727,-0.207010,-0.193768,-0.509396,0.000599,0.016053,0.018568,0.124519,0.000299,0.018777,0.011546,0.136863,0.000000,0.000000,0.000000,0.804573,-0.923378,-3.139998,-0.048386,-0.302798,-0.855990,3.139998,0.165587,0.000000,0.000000,0.000000,0.000000,0.000000,0.000000
1778537521.005107,sequential_ik_elbow_then_wrist,0,0,-0.176614,0.102842,-0.219616,-0.399735,0.088934,-0.419675,-0.049814,-0.144290,-0.258262,-0.249105,-0.192491,-0.477259,0.000610,0.029202,0.021978,0.170263,0.000013,0.033301,0.002473,0.182261,0.000000,0.000000,0.000000,0.836094,-0.898872,-3.139999,-0.013082,-0.309047,-0.897499,3.139998,0.155681,0.000000,0.000000,0.000000,0.000000,0.000000,0.000000
1778537521.069432,sequential_ik_elbow_then_wrist,0,0,-0.200991,0.102727,-0.197610,-0.479035,0.090264,-0.309575,0.013986,-0.043908,-0.296440,-0.185001,0.005176,-0.515517,0.000455,0.032911,0.017697,0.178938,0.002511,0.038213,0.038449,0.195062,0.000000,0.000000,0.000000,0.881845,-0.861823,-3.139999,-0.057942,-0.303006,-1.005412,3.139999,0.178889,0.000000,0.000000,0.000000,0.000000,0.000000,0.000000
1778537521.138850,sequential_ik_elbow_then_wrist,0,0,-0.236106,0.126854,-0.134767,-0.523019,0.075750,-0.205967,-0.041512,-0.038694,-0.294584,-0.282429,0.130366,-0.352701,0.000862,0.040089,0.019769,0.200223,0.000806,0.143468,0.027901,0.376918,0.000000,0.000000,0.000000,0.924810,-0.782212,-3.139999,-0.092036,-0.305207,-1.098102,3.139999,0.286370,0.000000,0.000000,0.000000,0.000000,0.000000,0.000000
1778537521.187529,sequential_ik_elbow_then_wrist,0,0,-0.131894,0.121375,-0.240566,-0.391474,0.069074,-0.381572,-0.123974,-0.014425,-0.272805,-0.415612,0.052540,-0.251289,0.002323,0.035991,0.034952,0.189467,0.012073,0.288305,0.109308,0.536441,0.000000,0.000000,0.000000,0.929983,-0.796450,-3.139999,-0.094747,-0.332940,-1.162157,3.139999,0.312444,0.000000,0.000000,0.000000,0.000000,0.000000,0.000000
1778537521.264219,sequential_ik_elbow_then_wrist,0,0,-0.171069,0.116549,-0.217144,-0.456747,0.042289,-0.270751,-0.173179,-0.016996,-0.244377,-0.463767,0.026939,-0.184144,0.000020,0.069260,0.003470,0.262996,0.019197,0.282108,0.136272,0.527795,0.000000,0.000000,0.000000,0.937147,-0.801321,-3.140000,-0.120008,-0.403144,-1.176256,3.139999,0.189457,0.000000,0.000000,0.000000,0.000000,0.000000,0.000000
1778537521.307587,sequential_ik_elbow_then_wrist,0,0,-0.162748,0.130012,-0.215893,-0.447934,0.089603,-0.299774,-0.188932,-0.016675,-0.232436,-0.478078,0.046733,-0.183709,0.000053,0.048385,0.006399,0.219965,0.013053,0.206458,0.109889,0.454376,0.000000,0.000000,0.000000,0.934743,-0.802609,-3.140000,-0.139206,-0.521321,-1.149165,3.140000,0.095988,0.000000,0.000000,0.000000,0.000000,0.000000,0.000000
1778537521.373051,sequential_ik_elbow_then_wrist,0,0,-0.077682,0.127713,-0.260105,-0.341233,0.104937,-0.401604,-0.137106,-0.077599,-0.255305,-0.420880,-0.072955,-0.352520,0.002172,0.034793,0.039834,0.186528,0.000331,0.051341,0.017076,0.226585,0.000000,0.000000,0.000000,0.900085,-0.851460,-3.140000,-0.153797,-0.623987,-1.120809,3.140000,0.024951,0.000000,0.000000,0.000000,0.000000,0.000000,0.000000
1778537521.429960,sequential_ik_elbow_then_wrist,1,0,-0.024742,0.081441,-0.287672,-0.184799,0.096731,-0.540947,-0.117629,-0.109778,-0.253204,-0.358833,-0.112814,-0.431562,0.002211,0.006829,0.040125,0.081623,0.000209,0.019648,0.013604,0.140172,0.000000,0.000000,0.000000,0.855192,-0.944430,-3.140000,-0.133933,-0.691132,-1.094803,3.140000,-0.029038,0.000000,0.000000,0.000000,0.000000,0.000000,0.000000
1778537521.488832,sequential_ik_elbow_then_wrist,1,0,-0.023797,0.089647,-0.285302,-0.165532,0.114140,-0.548572,-0.109225,-0.118600,-0.252990,-0.353731,-0.130593,-0.426406,0.001322,0.004210,0.035706,0.064885,0.000307,0.020826,0.016568,0.144313,0.000000,0.000000,0.000000,0.806685,-1.022950,-3.140000,-0.119469,-0.728561,-1.073980,3.140000,-0.070069,0.000000,0.000000,0.000000,0.000000,0.000000,0.000000
1778537521.552793,sequential_ik_elbow_then_wrist,1,0,-0.025334,0.095775,-0.283170,-0.154869,0.118043,-0.552845,-0.087882,-0.118000,-0.261444,-0.313942,-0.139933,-0.457444,0.001125,0.004118,0.033052,0.064042,0.000502,0.017000,0.020984,0.130385,0.000000,0.000000,0.000000,0.756522,-1.079407,-3.140000,-0.098714,-0.741201,-1.068468,3.140000,-0.100472,0.000000,0.000000,0.000000,0.000000,0.000000,0.000000
1778537521.617699,sequential_ik_elbow_then_wrist,1,0,-0.014538,0.091002,-0.285495,-0.141474,0.125665,-0.555097,-0.050522,-0.096216,-0.279625,-0.250282,-0.116757,-0.502501,0.001227,0.003451,0.034520,0.058742,0.000945,0.013764,0.027474,0.117265,0.000000,0.000000,0.000000,0.704921,-1.126714,-3.140000,-0.084473,-0.735834,-1.093837,3.140000,-0.114872,0.000000,0.000000,0.000000,0.000000,0.000000,0.000000
1778537521.677428,sequential_ik_elbow_then_wrist,1,0,-0.020424,0.086637,-0.286491,-0.142759,0.124696,-0.557757,-0.035916,-0.086542,-0.284992,-0.219816,-0.108858,-0.520964,0.000588,0.004416,0.023941,0.066454,0.000764,0.012009,0.026266,0.109584,0.000000,0.000000,0.000000,0.656605,-1.163500,-3.140000,-0.073240,-0.719974,-1.130043,3.140000,-0.125967,0.000000,0.000000,0.000000,0.000000,0.000000,0.000000
1778537521.741279,sequential_ik_elbow_then_wrist,1,0,-0.005300,0.088815,-0.286503,-0.123918,0.131374,-0.558750,-0.042568,-0.092669,-0.282135,-0.234377,-0.121627,-0.510982,0.001187,0.003169,0.034036,0.056293,0.000434,0.014927,0.020470,0.122132,0.000000,0.000000,0.000000,0.607371,-1.193909,-3.140000,-0.064699,-0.698920,-1.155082,3.140000,-0.142392,0.000000,0.000000,0.000000,0.000000,0.000000,0.000000
1778537521.803955,sequential_ik_elbow_then_wrist,1,0,-0.012340,0.079584,-0.288988,-0.143331,0.120692,-0.555731,-0.042162,-0.090237,-0.282983,-0.244093,-0.114190,-0.503551,0.000464,0.007025,0.021259,0.083802,0.000277,0.020462,0.016360,0.143046,0.000000,0.000000,0.000000,0.562513,-1.220477,-3.140000,-0.061985,-0.675669,-1.174628,3.140000,-0.156218,0.000000,0.000000,0.000000,0.000000,0.000000,0.000000
1778537521.864624,sequential_ik_elbow_then_wrist,1,0,-0.004855,0.081074,-0.288796,-0.135278,0.118259,-0.556391,-0.041148,-0.096255,-0.281144,-0.238873,-0.125778,-0.504825,0.000684,0.007023,0.025889,0.083798,0.000311,0.019484,0.017289,0.139583,0.000000,0.000000,0.000000,0.519648,-1.241909,-3.140000,-0.057509,-0.650141,-1.186325,3.140000,-0.164763,0.000000,0.000000,0.000000,0.000000,0.000000,0.000000
1778537521.911367,sequential_ik_elbow_then_wrist,1,0,-0.006360,0.076822,-0.289927,-0.134836,0.116850,-0.558054,-0.058139,-0.105692,-0.274680,-0.280417,-0.145504,-0.472183,0.000441,0.007768,0.020791,0.088133,0.000089,0.029030,0.007813,0.170381,0.000000,0.000000,0.000000,0.480235,-1.260235,-3.140000,-0.053991,-0.627453,-1.183046,3.140000,-0.173220,0.000000,0.000000,0.000000,0.000000,0.000000,0.000000
1778537521.973605,sequential_ik_elbow_then_wrist,1,0,-0.006471,0.078088,-0.289586,-0.139740,0.114543,-0.555877,-0.052182,-0.111340,-0.273643,-0.268991,-0.148985,-0.477546,0.000373,0.009606,0.019142,0.098005,0.000138,0.027294,0.011319,0.165208,0.000000,0.000000,0.000000,0.444008,-1.273513,-3.140000,-0.048873,-0.603939,-1.176426,3.140000,-0.179497,0.000000,0.000000,0.000000,0.000000,0.000000,0.000000
1778537522.038169,sequential_ik_elbow_then_wrist,1,0,-0.014070,0.078554,-0.289191,-0.151173,0.117392,-0.553188,-0.045046,-0.110226,-0.275356,-0.245691,-0.140886,-0.496267,0.000122,0.012167,0.010913,0.110303,0.000184,0.024401,0.013187,0.156037,0.000000,0.000000,0.000000,0.412801,-1.281488,-3.140000,-0.044531,-0.578708,-1.173216,3.140000,-0.166649,0.000000,0.000000,0.000000,0.000000,0.000000,0.000000
1778537522.102470,sequential_ik_elbow_then_wrist,1,0,-0.015763,0.084146,-0.287526,-0.172499,0.124346,-0.540147,-0.027004,-0.105540,-0.279521,-0.218174,-0.133630,-0.509010,0.000103,0.017565,0.009896,0.132528,0.000516,0.021294,0.021973,0.145842,0.000000,0.000000,0.000000,0.385580,-1.283221,-3.140000,-0.044044,-0.548269,-1.178922,3.140000,-0.145020,0.000000,0.000000,0.000000,0.000000,0.000000,0.000000
1778537522.153723,sequential_ik_elbow_then_wrist,1,0,-0.020131,0.095225,-0.283773,-0.182384,0.132053,-0.533408,-0.018824,-0.102455,-0.281334,-0.201484,-0.127410,-0.518003,0.000084,0.020366,0.008287,0.142686,0.000565,0.020321,0.023221,0.142500,0.000000,0.000000,0.000000,0.361825,-1.275790,-3.140000,-0.037528,-0.514072,-1.188527,3.140000,-0.119279,0.000000,0.000000,0.000000,0.000000,0.000000,0.000000
1778537522.224674,sequential_ik_elbow_then_wrist,1,0,-0.028388,0.094376,-0.283350,-0.187388,0.121486,-0.536301,-0.019089,-0.097626,-0.283028,-0.198950,-0.124499,-0.521623,0.000003,0.022540,0.001205,0.150044,0.000330,0.021674,0.017779,0.147215,0.000000,0.000000,0.000000,0.343973,-1.267147,-3.140000,-0.020136,-0.480053,-1.199440,3.140000,-0.096678,0.000000,0.000000,0.000000,0.000000,0.000000,0.000000
1778537522.270296,sequential_ik_elbow_then_wrist,0,0,-0.030811,0.103710,-0.279812,-0.215007,0.114722,-0.516352,-0.021169,-0.088479,-0.285873,-0.196201,-0.109556,-0.528606,0.000015,0.033247,0.002606,0.182295,0.000129,0.023352,0.010959,0.152801,0.000000,0.000000,0.000000,0.330462,-1.253558,-3.140000,0.002667,-0.449659,-1.213460,3.140000,-0.074749,0.000000,0.000000,0.000000,0.000000,0.000000,0.000000
1778537522.349831,sequential_ik_elbow_then_wrist,0,0,-0.034807,0.116290,-0.274345,-0.233649,0.137555,-0.497973,-0.016053,-0.088588,-0.286172,-0.199926,-0.100729,-0.522907,0.000034,0.038245,0.003877,0.195560,0.000191,0.027280,0.013600,0.165160,0.000000,0.000000,0.000000,0.320353,-1.232812,-3.140000,0.017050,-0.421101,-1.226290,3.140000,-0.054493,0.000000,0.000000,0.000000,0.000000,0.000000,0.000000
