time_sec,source,valid,manual_enabled,is_calibrated,torso_joint,neck_joint,head_joint,left_shoulder_pitch_joint,left_shoulder_roll_joint,left_shoulder_yaw_joint,left_elbow_joint,right_shoulder_pitch_joint,right_shoulder_roll_joint,right_shoulder_yaw_joint,right_elbow_joint,left_hip_joint,left_knee_joint,left_ankle_joint,right_hip_joint,right_knee_joint,right_ankle_joint
1778064002.305549,zero_waiting,0,0,0,0.000000,0.000000,0.000000,0.000000,0.000000,0.000000,0.200000,0.000000,0.000000,0.000000,0.200000,0.000000,0.000000,0.000000,0.000000,0.000000,0.000000
1778064002.355474,zero_waiting,0,0,0,0.000000,0.000000,0.000000,0.000000,0.000000,0.000000,0.200000,0.000000,0.000000,0.000000,0.200000,0.000000,0.000000,0.000000,0.000000,0.000000,0.000000
1778064002.405649,zero_waiting,0,0,0,0.000000,0.000000,0.000000,0.000000,0.000000,0.000000,0.200000,0.000000,0.000000,0.000000,0.200000,0.000000,0.000000,0.000000,0.000000,0.000000,0.000000
1778064002.455584,zero_waiting,0,0,0,0.000000,0.000000,0.000000,0.000000,0.000000,0.000000,0.200000,0.000000,0.000000,0.000000,0.200000,0.000000,0.000000,0.000000,0.000000,0.000000,0.000000
1778064002.505703,zero_waiting,0,0,0,0.000000,0.000000,0.000000,0.000000,0.000000,0.000000,0.200000,0.000000,0.000000,0.000000,0.200000,0.000000,0.000000,0.000000,0.000000,0.000000,0.000000
1778064002.555529,zero_waiting,0,0,0,0.000000,0.000000,0.000000,0.000000,0.000000,0.000000,0.200000,0.000000,0.000000,0.000000,0.200000,0.000000,0.000000,0.000000,0.000000,0.000000,0.000000
1778064002.605599,zero_waiting,0,0,0,0.000000,0.000000,0.000000,0.000000,0.000000,0.000000,0.200000,0.000000,0.000000,0.000000,0.200000,0.000000,0.000000,0.000000,0.000000,0.000000,0.000000
1778064002.655523,zero_waiting,0,0,0,0.000000,0.000000,0.000000,0.000000,0.000000,0.000000,0.200000,0.000000,0.000000,0.000000,0.200000,0.000000,0.000000,0.000000,0.000000,0.000000,0.000000
1778064002.705487,zero_waiting,0,0,0,0.000000,0.000000,0.000000,0.000000,0.000000,0.000000,0.200000,0.000000,0.000000,0.000000,0.200000,0.000000,0.000000,0.000000,0.000000,0.000000,0.000000
1778064002.755793,zero_waiting,0,0,0,0.000000,0.000000,0.000000,0.000000,0.000000,0.000000,0.200000,0.000000,0.000000,0.000000,0.200000,0.000000,0.000000,0.000000,0.000000,0.000000,0.000000
1778064002.805626,zero_waiting,0,0,0,0.000000,0.000000,0.000000,0.000000,0.000000,0.000000,0.200000,0.000000,0.000000,0.000000,0.200000,0.000000,0.000000,0.000000,0.000000,0.000000,0.000000
1778064002.856557,zero_waiting,0,0,0,0.000000,0.000000,0.000000,0.000000,0.000000,0.000000,0.200000,0.000000,0.000000,0.000000,0.200000,0.000000,0.000000,0.000000,0.000000,0.000000,0.000000
1778064002.905791,zero_waiting,0,0,0,0.000000,0.000000,0.000000,0.000000,0.000000,0.000000,0.200000,0.000000,0.000000,0.000000,0.200000,0.000000,0.000000,0.000000,0.000000,0.000000,0.000000
1778064002.955625,zero_waiting,0,0,0,0.000000,0.000000,0.000000,0.000000,0.000000,0.000000,0.200000,0.000000,0.000000,0.000000,0.200000,0.000000,0.000000,0.000000,0.000000,0.000000,0.000000
1778064003.005684,zero_waiting,0,0,0,0.000000,0.000000,0.000000,0.000000,0.000000,0.000000,0.200000,0.000000,0.000000,0.000000,0.200000,0.000000,0.000000,0.000000,0.000000,0.000000,0.000000
1778064003.055907,zero_waiting,0,0,0,0.000000,0.000000,0.000000,0.000000,0.000000,0.000000,0.200000,0.000000,0.000000,0.000000,0.200000,0.000000,0.000000,0.000000,0.000000,0.000000,0.000000
1778064003.105776,zero_waiting,0,0,0,0.000000,0.000000,0.000000,0.000000,0.000000,0.000000,0.200000,0.000000,0.000000,0.000000,0.200000,0.000000,0.000000,0.000000,0.000000,0.000000,0.000000
1778064003.155614,zero_waiting,0,0,0,0.000000,0.000000,0.000000,0.000000,0.000000,0.000000,0.200000,0.000000,0.000000,0.000000,0.200000,0.000000,0.000000,0.000000,0.000000,0.000000,0.000000
1778064003.205571,zero_waiting,0,0,0,0.000000,0.000000,0.000000,0.000000,0.000000,0.000000,0.200000,0.000000,0.000000,0.000000,0.200000,0.000000,0.000000,0.000000,0.000000,0.000000,0.000000
1778064003.255731,zero_waiting,0,0,0,0.000000,0.000000,0.000000,0.000000,0.000000,0.000000,0.200000,0.000000,0.000000,0.000000,0.200000,0.000000,0.000000,0.000000,0.000000,0.000000,0.000000
1778064003.305918,zero_waiting,0,0,0,0.000000,0.000000,0.000000,0.000000,0.000000,0.000000,0.200000,0.000000,0.000000,0.000000,0.200000,0.000000,0.000000,0.000000,0.000000,0.000000,0.000000
1778064003.355835,zero_waiting,0,0,0,0.000000,0.000000,0.000000,0.000000,0.000000,0.000000,0.200000,0.000000,0.000000,0.000000,0.200000,0.000000,0.000000,0.000000,0.000000,0.000000,0.000000
1778064003.405772,zero_waiting,0,0,0,0.000000,0.000000,0.000000,0.000000,0.000000,0.000000,0.200000,0.000000,0.000000,0.000000,0.200000,0.000000,0.000000,0.000000,0.000000,0.000000,0.000000
1778064003.456716,zero_waiting,0,0,0,0.000000,0.000000,0.000000,0.000000,0.000000,0.000000,0.200000,0.000000,0.000000,0.000000,0.200000,0.000000,0.000000,0.000000,0.000000,0.000000,0.000000
1778064003.464214,zero_not_calibrated,0,0,0,0.000000,0.000000,0.000000,0.000000,0.000000,0.000000,0.200000,0.000000,0.000000,0.000000,0.200000,0.000000,0.000000,0.000000,0.000000,0.000000,0.000000
1778064003.505621,zero_waiting,0,0,0,0.000000,0.000000,0.000000,0.000000,0.000000,0.000000,0.200000,0.000000,0.000000,0.000000,0.200000,0.000000,0.000000,0.000000,0.000000,0.000000,0.000000
1778064003.534153,zero_not_calibrated,0,0,0,0.000000,0.000000,0.000000,0.000000,0.000000,0.000000,0.200000,0.000000,0.000000,0.000000,0.200000,0.000000,0.000000,0.000000,0.000000,0.000000,0.000000
1778064003.555527,zero_waiting,0,0,0,0.000000,0.000000,0.000000,0.000000,0.000000,0.000000,0.200000,0.000000,0.000000,0.000000,0.200000,0.000000,0.000000,0.000000,0.000000,0.000000,0.000000
1778064003.605417,zero_waiting,0,0,0,0.000000,0.000000,0.000000,0.000000,0.000000,0.000000,0.200000,0.000000,0.000000,0.000000,0.200000,0.000000,0.000000,0.000000,0.000000,0.000000,0.000000
1778064003.655396,zero_waiting,0,0,0,0.000000,0.000000,0.000000,0.000000,0.000000,0.000000,0.200000,0.000000,0.000000,0.000000,0.200000,0.000000,0.000000,0.000000,0.000000,0.000000,0.000000
1778064003.705769,zero_waiting,0,0,0,0.000000,0.000000,0.000000,0.000000,0.000000,0.000000,0.200000,0.000000,0.000000,0.000000,0.200000,0.000000,0.000000,0.000000,0.000000,0.000000,0.000000
1778064003.755519,zero_waiting,0,0,0,0.000000,0.000000,0.000000,0.000000,0.000000,0.000000,0.200000,0.000000,0.000000,0.000000,0.200000,0.000000,0.000000,0.000000,0.000000,0.000000,0.000000
1778064003.807545,zero_waiting,0,0,0,0.000000,0.000000,0.000000,0.000000,0.000000,0.000000,0.200000,0.000000,0.000000,0.000000,0.200000,0.000000,0.000000,0.000000,0.000000,0.000000,0.000000
1778064003.855448,zero_waiting,0,0,0,0.000000,0.000000,0.000000,0.000000,0.000000,0.000000,0.200000,0.000000,0.000000,0.000000,0.200000,0.000000,0.000000,0.000000,0.000000,0.000000,0.000000
1778064003.906150,zero_waiting,0,0,0,0.000000,0.000000,0.000000,0.000000,0.000000,0.000000,0.200000,0.000000,0.000000,0.000000,0.200000,0.000000,0.000000,0.000000,0.000000,0.000000,0.000000
1778064003.955594,zero_waiting,0,0,0,0.000000,0.000000,0.000000,0.000000,0.000000,0.000000,0.200000,0.000000,0.000000,0.000000,0.200000,0.000000,0.000000,0.000000,0.000000,0.000000,0.000000
1778064004.005681,zero_waiting,0,0,0,0.000000,0.000000,0.000000,0.000000,0.000000,0.000000,0.200000,0.000000,0.000000,0.000000,0.200000,0.000000,0.000000,0.000000,0.000000,0.000000,0.000000
1778064004.055373,zero_waiting,0,0,0,0.000000,0.000000,0.000000,0.000000,0.000000,0.000000,0.200000,0.000000,0.000000,0.000000,0.200000,0.000000,0.000000,0.000000,0.000000,0.000000,0.000000
1778064004.105686,zero_waiting,0,0,0,0.000000,0.000000,0.000000,0.000000,0.000000,0.000000,0.200000,0.000000,0.000000,0.000000,0.200000,0.000000,0.000000,0.000000,0.000000,0.000000,0.000000
1778064004.155458,zero_waiting,0,0,0,0.000000,0.000000,0.000000,0.000000,0.000000,0.000000,0.200000,0.000000,0.000000,0.000000,0.200000,0.000000,0.000000,0.000000,0.000000,0.000000,0.000000
1778064004.205581,zero_waiting,0,0,0,0.000000,0.000000,0.000000,0.000000,0.000000,0.000000,0.200000,0.000000,0.000000,0.000000,0.200000,0.000000,0.000000,0.000000,0.000000,0.000000,0.000000
1778064004.255653,zero_waiting,0,0,0,0.000000,0.000000,0.000000,0.000000,0.000000,0.000000,0.200000,0.000000,0.000000,0.000000,0.200000,0.000000,0.000000,0.000000,0.000000,0.000000,0.000000
1778064004.305665,zero_waiting,0,0,0,0.000000,0.000000,0.000000,0.000000,0.000000,0.000000,0.200000,0.000000,0.000000,0.000000,0.200000,0.000000,0.000000,0.000000,0.000000,0.000000,0.000000
1778064004.355492,zero_waiting,0,0,0,0.000000,0.000000,0.000000,0.000000,0.000000,0.000000,0.200000,0.000000,0.000000,0.000000,0.200000,0.000000,0.000000,0.000000,0.000000,0.000000,0.000000
1778064004.405559,zero_waiting,0,0,0,0.000000,0.000000,0.000000,0.000000,0.000000,0.000000,0.200000,0.000000,0.000000,0.000000,0.200000,0.000000,0.000000,0.000000,0.000000,0.000000,0.000000
1778064004.455326,zero_waiting,0,0,0,0.000000,0.000000,0.000000,0.000000,0.000000,0.000000,0.200000,0.000000,0.000000,0.000000,0.200000,0.000000,0.000000,0.000000,0.000000,0.000000,0.000000
1778064004.505531,zero_waiting,0,0,0,0.000000,0.000000,0.000000,0.000000,0.000000,0.000000,0.200000,0.000000,0.000000,0.000000,0.200000,0.000000,0.000000,0.000000,0.000000,0.000000,0.000000
1778064004.555387,zero_waiting,0,0,0,0.000000,0.000000,0.000000,0.000000,0.000000,0.000000,0.200000,0.000000,0.000000,0.000000,0.200000,0.000000,0.000000,0.000000,0.000000,0.000000,0.000000
1778064004.605593,zero_waiting,0,0,0,0.000000,0.000000,0.000000,0.000000,0.000000,0.000000,0.200000,0.000000,0.000000,0.000000,0.200000,0.000000,0.000000,0.000000,0.000000,0.000000,0.000000
1778064004.656130,zero_waiting,0,0,0,0.000000,0.000000,0.000000,0.000000,0.000000,0.000000,0.200000,0.000000,0.000000,0.000000,0.200000,0.000000,0.000000,0.000000,0.000000,0.000000,0.000000
1778064004.705612,zero_waiting,0,0,0,0.000000,0.000000,0.000000,0.000000,0.000000,0.000000,0.200000,0.000000,0.000000,0.000000,0.200000,0.000000,0.000000,0.000000,0.000000,0.000000,0.000000
1778064004.755463,zero_waiting,0,0,0,0.000000,0.000000,0.000000,0.000000,0.000000,0.000000,0.200000,0.000000,0.000000,0.000000,0.200000,0.000000,0.000000,0.000000,0.000000,0.000000,0.000000
1778064004.805760,zero_waiting,0,0,0,0.000000,0.000000,0.000000,0.000000,0.000000,0.000000,0.200000,0.000000,0.000000,0.000000,0.200000,0.000000,0.000000,0.000000,0.000000,0.000000,0.000000
1778064004.855387,zero_waiting,0,0,0,0.000000,0.000000,0.000000,0.000000,0.000000,0.000000,0.200000,0.000000,0.000000,0.000000,0.200000,0.000000,0.000000,0.000000,0.000000,0.000000,0.000000
1778064004.905485,zero_waiting,0,0,0,0.000000,0.000000,0.000000,0.000000,0.000000,0.000000,0.200000,0.000000,0.000000,0.000000,0.200000,0.000000,0.000000,0.000000,0.000000,0.000000,0.000000
1778064004.955436,zero_waiting,0,0,0,0.000000,0.000000,0.000000,0.000000,0.000000,0.000000,0.200000,0.000000,0.000000,0.000000,0.200000,0.000000,0.000000,0.000000,0.000000,0.000000,0.000000
1778064005.005848,zero_waiting,0,0,0,0.000000,0.000000,0.000000,0.000000,0.000000,0.000000,0.200000,0.000000,0.000000,0.000000,0.200000,0.000000,0.000000,0.000000,0.000000,0.000000,0.000000
1778064005.055644,zero_waiting,0,0,0,0.000000,0.000000,0.000000,0.000000,0.000000,0.000000,0.200000,0.000000,0.000000,0.000000,0.200000,0.000000,0.000000,0.000000,0.000000,0.000000,0.000000
1778064005.105547,zero_waiting,0,0,0,0.000000,0.000000,0.000000,0.000000,0.000000,0.000000,0.200000,0.000000,0.000000,0.000000,0.200000,0.000000,0.000000,0.000000,0.000000,0.000000,0.000000
1778064005.155551,zero_waiting,0,0,0,0.000000,0.000000,0.000000,0.000000,0.000000,0.000000,0.200000,0.000000,0.000000,0.000000,0.200000,0.000000,0.000000,0.000000,0.000000,0.000000,0.000000
1778064005.205794,zero_waiting,0,0,0,0.000000,0.000000,0.000000,0.000000,0.000000,0.000000,0.200000,0.000000,0.000000,0.000000,0.200000,0.000000,0.000000,0.000000,0.000000,0.000000,0.000000
1778064005.255396,zero_waiting,0,0,0,0.000000,0.000000,0.000000,0.000000,0.000000,0.000000,0.200000,0.000000,0.000000,0.000000,0.200000,0.000000,0.000000,0.000000,0.000000,0.000000,0.000000
1778064005.305556,zero_waiting,0,0,0,0.000000,0.000000,0.000000,0.000000,0.000000,0.000000,0.200000,0.000000,0.000000,0.000000,0.200000,0.000000,0.000000,0.000000,0.000000,0.000000,0.000000
1778064005.355662,zero_waiting,0,0,0,0.000000,0.000000,0.000000,0.000000,0.000000,0.000000,0.200000,0.000000,0.000000,0.000000,0.200000,0.000000,0.000000,0.000000,0.000000,0.000000,0.000000
1778064005.406929,zero_waiting,0,0,0,0.000000,0.000000,0.000000,0.000000,0.000000,0.000000,0.200000,0.000000,0.000000,0.000000,0.200000,0.000000,0.000000,0.000000,0.000000,0.000000,0.000000
1778064005.455621,zero_waiting,0,0,0,0.000000,0.000000,0.000000,0.000000,0.000000,0.000000,0.200000,0.000000,0.000000,0.000000,0.200000,0.000000,0.000000,0.000000,0.000000,0.000000,0.000000
1778064005.505881,zero_waiting,0,0,0,0.000000,0.000000,0.000000,0.000000,0.000000,0.000000,0.200000,0.000000,0.000000,0.000000,0.200000,0.000000,0.000000,0.000000,0.000000,0.000000,0.000000
1778064005.555350,zero_waiting,0,0,0,0.000000,0.000000,0.000000,0.000000,0.000000,0.000000,0.200000,0.000000,0.000000,0.000000,0.200000,0.000000,0.000000,0.000000,0.000000,0.000000,0.000000
1778064005.605561,zero_waiting,0,0,0,0.000000,0.000000,0.000000,0.000000,0.000000,0.000000,0.200000,0.000000,0.000000,0.000000,0.200000,0.000000,0.000000,0.000000,0.000000,0.000000,0.000000
1778064005.651517,zero_not_calibrated,0,0,0,0.000000,0.000000,0.000000,0.000000,0.000000,0.000000,0.200000,0.000000,0.000000,0.000000,0.200000,0.000000,0.000000,0.000000,0.000000,0.000000,0.000000
1778064005.655435,zero_waiting,0,0,0,0.000000,0.000000,0.000000,0.000000,0.000000,0.000000,0.200000,0.000000,0.000000,0.000000,0.200000,0.000000,0.000000,0.000000,0.000000,0.000000,0.000000
1778064005.684766,zero_not_calibrated,0,0,0,0.000000,0.000000,0.000000,0.000000,0.000000,0.000000,0.200000,0.000000,0.000000,0.000000,0.200000,0.000000,0.000000,0.000000,0.000000,0.000000,0.000000
1778064005.705567,zero_waiting,0,0,0,0.000000,0.000000,0.000000,0.000000,0.000000,0.000000,0.200000,0.000000,0.000000,0.000000,0.200000,0.000000,0.000000,0.000000,0.000000,0.000000,0.000000
1778064005.715558,zero_not_calibrated,0,0,0,0.000000,0.000000,0.000000,0.000000,0.000000,0.000000,0.200000,0.000000,0.000000,0.000000,0.200000,0.000000,0.000000,0.000000,0.000000,0.000000,0.000000
1778064005.755378,zero_waiting,0,0,0,0.000000,0.000000,0.000000,0.000000,0.000000,0.000000,0.200000,0.000000,0.000000,0.000000,0.200000,0.000000,0.000000,0.000000,0.000000,0.000000,0.000000
1778064005.805654,zero_waiting,0,0,0,0.000000,0.000000,0.000000,0.000000,0.000000,0.000000,0.200000,0.000000,0.000000,0.000000,0.200000,0.000000,0.000000,0.000000,0.000000,0.000000,0.000000
1778064005.855669,zero_waiting,0,0,0,0.000000,0.000000,0.000000,0.000000,0.000000,0.000000,0.200000,0.000000,0.000000,0.000000,0.200000,0.000000,0.000000,0.000000,0.000000,0.000000,0.000000
1778064005.905560,zero_waiting,0,0,0,0.000000,0.000000,0.000000,0.000000,0.000000,0.000000,0.200000,0.000000,0.000000,0.000000,0.200000,0.000000,0.000000,0.000000,0.000000,0.000000,0.000000
1778064005.955584,zero_waiting,0,0,0,0.000000,0.000000,0.000000,0.000000,0.000000,0.000000,0.200000,0.000000,0.000000,0.000000,0.200000,0.000000,0.000000,0.000000,0.000000,0.000000,0.000000
1778064006.005610,zero_waiting,0,0,0,0.000000,0.000000,0.000000,0.000000,0.000000,0.000000,0.200000,0.000000,0.000000,0.000000,0.200000,0.000000,0.000000,0.000000,0.000000,0.000000,0.000000
1778064006.055517,zero_waiting,0,0,0,0.000000,0.000000,0.000000,0.000000,0.000000,0.000000,0.200000,0.000000,0.000000,0.000000,0.200000,0.000000,0.000000,0.000000,0.000000,0.000000,0.000000
1778064006.105899,zero_waiting,0,0,0,0.000000,0.000000,0.000000,0.000000,0.000000,0.000000,0.200000,0.000000,0.000000,0.000000,0.200000,0.000000,0.000000,0.000000,0.000000,0.000000,0.000000
1778064006.155638,zero_waiting,0,0,0,0.000000,0.000000,0.000000,0.000000,0.000000,0.000000,0.200000,0.000000,0.000000,0.000000,0.200000,0.000000,0.000000,0.000000,0.000000,0.000000,0.000000
1778064006.205775,zero_waiting,0,0,0,0.000000,0.000000,0.000000,0.000000,0.000000,0.000000,0.200000,0.000000,0.000000,0.000000,0.200000,0.000000,0.000000,0.000000,0.000000,0.000000,0.000000
1778064006.255963,zero_waiting,0,0,0,0.000000,0.000000,0.000000,0.000000,0.000000,0.000000,0.200000,0.000000,0.000000,0.000000,0.200000,0.000000,0.000000,0.000000,0.000000,0.000000,0.000000
1778064006.305512,zero_waiting,0,0,0,0.000000,0.000000,0.000000,0.000000,0.000000,0.000000,0.200000,0.000000,0.000000,0.000000,0.200000,0.000000,0.000000,0.000000,0.000000,0.000000,0.000000
1778064006.355458,zero_waiting,0,0,0,0.000000,0.000000,0.000000,0.000000,0.000000,0.000000,0.200000,0.000000,0.000000,0.000000,0.200000,0.000000,0.000000,0.000000,0.000000,0.000000,0.000000
1778064006.405602,zero_waiting,0,0,0,0.000000,0.000000,0.000000,0.000000,0.000000,0.000000,0.200000,0.000000,0.000000,0.000000,0.200000,0.000000,0.000000,0.000000,0.000000,0.000000,0.000000
1778064006.455397,zero_waiting,0,0,0,0.000000,0.000000,0.000000,0.000000,0.000000,0.000000,0.200000,0.000000,0.000000,0.000000,0.200000,0.000000,0.000000,0.000000,0.000000,0.000000,0.000000
1778064006.505498,zero_waiting,0,0,0,0.000000,0.000000,0.000000,0.000000,0.000000,0.000000,0.200000,0.000000,0.000000,0.000000,0.200000,0.000000,0.000000,0.000000,0.000000,0.000000,0.000000
1778064006.555461,zero_waiting,0,0,0,0.000000,0.000000,0.000000,0.000000,0.000000,0.000000,0.200000,0.000000,0.000000,0.000000,0.200000,0.000000,0.000000,0.000000,0.000000,0.000000,0.000000
1778064006.605471,zero_waiting,0,0,0,0.000000,0.000000,0.000000,0.000000,0.000000,0.000000,0.200000,0.000000,0.000000,0.000000,0.200000,0.000000,0.000000,0.000000,0.000000,0.000000,0.000000
1778064006.655685,zero_waiting,0,0,0,0.000000,0.000000,0.000000,0.000000,0.000000,0.000000,0.200000,0.000000,0.000000,0.000000,0.200000,0.000000,0.000000,0.000000,0.000000,0.000000,0.000000
1778064006.705562,zero_waiting,0,0,0,0.000000,0.000000,0.000000,0.000000,0.000000,0.000000,0.200000,0.000000,0.000000,0.000000,0.200000,0.000000,0.000000,0.000000,0.000000,0.000000,0.000000
1778064006.755485,zero_waiting,0,0,0,0.000000,0.000000,0.000000,0.000000,0.000000,0.000000,0.200000,0.000000,0.000000,0.000000,0.200000,0.000000,0.000000,0.000000,0.000000,0.000000,0.000000
1778064006.805563,zero_waiting,0,0,0,0.000000,0.000000,0.000000,0.000000,0.000000,0.000000,0.200000,0.000000,0.000000,0.000000,0.200000,0.000000,0.000000,0.000000,0.000000,0.000000,0.000000
1778064006.855373,zero_waiting,0,0,0,0.000000,0.000000,0.000000,0.000000,0.000000,0.000000,0.200000,0.000000,0.000000,0.000000,0.200000,0.000000,0.000000,0.000000,0.000000,0.000000,0.000000
1778064006.905674,zero_waiting,0,0,0,0.000000,0.000000,0.000000,0.000000,0.000000,0.000000,0.200000,0.000000,0.000000,0.000000,0.200000,0.000000,0.000000,0.000000,0.000000,0.000000,0.000000
1778064006.955365,zero_waiting,0,0,0,0.000000,0.000000,0.000000,0.000000,0.000000,0.000000,0.200000,0.000000,0.000000,0.000000,0.200000,0.000000,0.000000,0.000000,0.000000,0.000000,0.000000
1778064007.006000,zero_waiting,0,0,0,0.000000,0.000000,0.000000,0.000000,0.000000,0.000000,0.200000,0.000000,0.000000,0.000000,0.200000,0.000000,0.000000,0.000000,0.000000,0.000000,0.000000
1778064007.055575,zero_waiting,0,0,0,0.000000,0.000000,0.000000,0.000000,0.000000,0.000000,0.200000,0.000000,0.000000,0.000000,0.200000,0.000000,0.000000,0.000000,0.000000,0.000000,0.000000
1778064007.085674,zero_not_calibrated,0,0,0,0.000000,0.000000,0.000000,0.000000,0.000000,0.000000,0.200000,0.000000,0.000000,0.000000,0.200000,0.000000,0.000000,0.000000,0.000000,0.000000,0.000000
1778064007.106061,zero_waiting,0,0,0,0.000000,0.000000,0.000000,0.000000,0.000000,0.000000,0.200000,0.000000,0.000000,0.000000,0.200000,0.000000,0.000000,0.000000,0.000000,0.000000,0.000000
1778064007.121083,zero_not_calibrated,0,0,0,0.000000,0.000000,0.000000,0.000000,0.000000,0.000000,0.200000,0.000000,0.000000,0.000000,0.200000,0.000000,0.000000,0.000000,0.000000,0.000000,0.000000
1778064007.153099,zero_not_calibrated,0,0,0,0.000000,0.000000,0.000000,0.000000,0.000000,0.000000,0.200000,0.000000,0.000000,0.000000,0.200000,0.000000,0.000000,0.000000,0.000000,0.000000,0.000000
1778064007.155467,zero_waiting,0,0,0,0.000000,0.000000,0.000000,0.000000,0.000000,0.000000,0.200000,0.000000,0.000000,0.000000,0.200000,0.000000,0.000000,0.000000,0.000000,0.000000,0.000000
1778064007.185753,zero_not_calibrated,0,0,0,0.000000,0.000000,0.000000,0.000000,0.000000,0.000000,0.200000,0.000000,0.000000,0.000000,0.200000,0.000000,0.000000,0.000000,0.000000,0.000000,0.000000
1778064007.205612,zero_waiting,0,0,0,0.000000,0.000000,0.000000,0.000000,0.000000,0.000000,0.200000,0.000000,0.000000,0.000000,0.200000,0.000000,0.000000,0.000000,0.000000,0.000000,0.000000
1778064007.219964,zero_not_calibrated,0,0,0,0.000000,0.000000,0.000000,0.000000,0.000000,0.000000,0.200000,0.000000,0.000000,0.000000,0.200000,0.000000,0.000000,0.000000,0.000000,0.000000,0.000000
1778064007.252649,zero_not_calibrated,0,0,0,0.000000,0.000000,0.000000,0.000000,0.000000,0.000000,0.200000,0.000000,0.000000,0.000000,0.200000,0.000000,0.000000,0.000000,0.000000,0.000000,0.000000
1778064007.255317,zero_waiting,0,0,0,0.000000,0.000000,0.000000,0.000000,0.000000,0.000000,0.200000,0.000000,0.000000,0.000000,0.200000,0.000000,0.000000,0.000000,0.000000,0.000000,0.000000
1778064007.284657,zero_not_calibrated,0,0,0,0.000000,0.000000,0.000000,0.000000,0.000000,0.000000,0.200000,0.000000,0.000000,0.000000,0.200000,0.000000,0.000000,0.000000,0.000000,0.000000,0.000000
1778064007.305615,zero_waiting,0,0,0,0.000000,0.000000,0.000000,0.000000,0.000000,0.000000,0.200000,0.000000,0.000000,0.000000,0.200000,0.000000,0.000000,0.000000,0.000000,0.000000,0.000000
1778064007.318413,zero_not_calibrated,0,0,0,0.000000,0.000000,0.000000,0.000000,0.000000,0.000000,0.200000,0.000000,0.000000,0.000000,0.200000,0.000000,0.000000,0.000000,0.000000,0.000000,0.000000
1778064007.348669,zero_not_calibrated,0,0,0,0.000000,0.000000,0.000000,0.000000,0.000000,0.000000,0.200000,0.000000,0.000000,0.000000,0.200000,0.000000,0.000000,0.000000,0.000000,0.000000,0.000000
1778064007.355523,zero_waiting,0,0,0,0.000000,0.000000,0.000000,0.000000,0.000000,0.000000,0.200000,0.000000,0.000000,0.000000,0.200000,0.000000,0.000000,0.000000,0.000000,0.000000,0.000000
1778064007.383530,zero_not_calibrated,0,0,0,0.000000,0.000000,0.000000,0.000000,0.000000,0.000000,0.200000,0.000000,0.000000,0.000000,0.200000,0.000000,0.000000,0.000000,0.000000,0.000000,0.000000
1778064007.405525,zero_waiting,0,0,0,0.000000,0.000000,0.000000,0.000000,0.000000,0.000000,0.200000,0.000000,0.000000,0.000000,0.200000,0.000000,0.000000,0.000000,0.000000,0.000000,0.000000
1778064007.413906,zero_not_calibrated,0,0,0,0.000000,0.000000,0.000000,0.000000,0.000000,0.000000,0.200000,0.000000,0.000000,0.000000,0.200000,0.000000,0.000000,0.000000,0.000000,0.000000,0.000000
1778064007.447650,zero_not_calibrated,0,0,0,0.000000,0.000000,0.000000,0.000000,0.000000,0.000000,0.200000,0.000000,0.000000,0.000000,0.200000,0.000000,0.000000,0.000000,0.000000,0.000000,0.000000
1778064007.455730,zero_waiting,0,0,0,0.000000,0.000000,0.000000,0.000000,0.000000,0.000000,0.200000,0.000000,0.000000,0.000000,0.200000,0.000000,0.000000,0.000000,0.000000,0.000000,0.000000
1778064007.481369,zero_not_calibrated,0,0,0,0.000000,0.000000,0.000000,0.000000,0.000000,0.000000,0.200000,0.000000,0.000000,0.000000,0.200000,0.000000,0.000000,0.000000,0.000000,0.000000,0.000000
1778064007.505480,zero_waiting,0,0,0,0.000000,0.000000,0.000000,0.000000,0.000000,0.000000,0.200000,0.000000,0.000000,0.000000,0.200000,0.000000,0.000000,0.000000,0.000000,0.000000,0.000000
1778064007.514489,zero_not_calibrated,0,0,0,0.000000,0.000000,0.000000,0.000000,0.000000,0.000000,0.200000,0.000000,0.000000,0.000000,0.200000,0.000000,0.000000,0.000000,0.000000,0.000000,0.000000
1778064007.551733,zero_not_calibrated,0,0,0,0.000000,0.000000,0.000000,0.000000,0.000000,0.000000,0.200000,0.000000,0.000000,0.000000,0.200000,0.000000,0.000000,0.000000,0.000000,0.000000,0.000000
1778064007.555441,zero_waiting,0,0,0,0.000000,0.000000,0.000000,0.000000,0.000000,0.000000,0.200000,0.000000,0.000000,0.000000,0.200000,0.000000,0.000000,0.000000,0.000000,0.000000,0.000000
1778064007.581248,zero_not_calibrated,0,0,0,0.000000,0.000000,0.000000,0.000000,0.000000,0.000000,0.200000,0.000000,0.000000,0.000000,0.200000,0.000000,0.000000,0.000000,0.000000,0.000000,0.000000
1778064007.605561,zero_waiting,0,0,0,0.000000,0.000000,0.000000,0.000000,0.000000,0.000000,0.200000,0.000000,0.000000,0.000000,0.200000,0.000000,0.000000,0.000000,0.000000,0.000000,0.000000
1778064007.613613,zero_not_calibrated,0,0,0,0.000000,0.000000,0.000000,0.000000,0.000000,0.000000,0.200000,0.000000,0.000000,0.000000,0.200000,0.000000,0.000000,0.000000,0.000000,0.000000,0.000000
1778064007.653054,zero_not_calibrated,0,0,0,0.000000,0.000000,0.000000,0.000000,0.000000,0.000000,0.200000,0.000000,0.000000,0.000000,0.200000,0.000000,0.000000,0.000000,0.000000,0.000000,0.000000
1778064007.655265,zero_waiting,0,0,0,0.000000,0.000000,0.000000,0.000000,0.000000,0.000000,0.200000,0.000000,0.000000,0.000000,0.200000,0.000000,0.000000,0.000000,0.000000,0.000000,0.000000
1778064007.684667,zero_not_calibrated,0,0,0,0.000000,0.000000,0.000000,0.000000,0.000000,0.000000,0.200000,0.000000,0.000000,0.000000,0.200000,0.000000,0.000000,0.000000,0.000000,0.000000,0.000000
1778064007.705536,zero_waiting,0,0,0,0.000000,0.000000,0.000000,0.000000,0.000000,0.000000,0.200000,0.000000,0.000000,0.000000,0.200000,0.000000,0.000000,0.000000,0.000000,0.000000,0.000000
1778064007.720881,zero_not_calibrated,0,0,0,0.000000,0.000000,0.000000,0.000000,0.000000,0.000000,0.200000,0.000000,0.000000,0.000000,0.200000,0.000000,0.000000,0.000000,0.000000,0.000000,0.000000
1778064007.754499,zero_not_calibrated,0,0,0,0.000000,0.000000,0.000000,0.000000,0.000000,0.000000,0.200000,0.000000,0.000000,0.000000,0.200000,0.000000,0.000000,0.000000,0.000000,0.000000,0.000000
1778064007.755280,zero_waiting,0,0,0,0.000000,0.000000,0.000000,0.000000,0.000000,0.000000,0.200000,0.000000,0.000000,0.000000,0.200000,0.000000,0.000000,0.000000,0.000000,0.000000,0.000000
1778064007.785075,zero_not_calibrated,0,0,0,0.000000,0.000000,0.000000,0.000000,0.000000,0.000000,0.200000,0.000000,0.000000,0.000000,0.200000,0.000000,0.000000,0.000000,0.000000,0.000000,0.000000
1778064007.806817,zero_waiting,0,0,0,0.000000,0.000000,0.000000,0.000000,0.000000,0.000000,0.200000,0.000000,0.000000,0.000000,0.200000,0.000000,0.000000,0.000000,0.000000,0.000000,0.000000
1778064007.819957,zero_not_calibrated,0,0,0,0.000000,0.000000,0.000000,0.000000,0.000000,0.000000,0.200000,0.000000,0.000000,0.000000,0.200000,0.000000,0.000000,0.000000,0.000000,0.000000,0.000000
1778064007.849758,zero_not_calibrated,0,0,0,0.000000,0.000000,0.000000,0.000000,0.000000,0.000000,0.200000,0.000000,0.000000,0.000000,0.200000,0.000000,0.000000,0.000000,0.000000,0.000000,0.000000
1778064007.855373,zero_waiting,0,0,0,0.000000,0.000000,0.000000,0.000000,0.000000,0.000000,0.200000,0.000000,0.000000,0.000000,0.200000,0.000000,0.000000,0.000000,0.000000,0.000000,0.000000
1778064007.884416,zero_not_calibrated,0,0,0,0.000000,0.000000,0.000000,0.000000,0.000000,0.000000,0.200000,0.000000,0.000000,0.000000,0.200000,0.000000,0.000000,0.000000,0.000000,0.000000,0.000000
1778064007.905746,zero_waiting,0,0,0,0.000000,0.000000,0.000000,0.000000,0.000000,0.000000,0.200000,0.000000,0.000000,0.000000,0.200000,0.000000,0.000000,0.000000,0.000000,0.000000,0.000000
1778064007.919486,zero_not_calibrated,0,0,0,0.000000,0.000000,0.000000,0.000000,0.000000,0.000000,0.200000,0.000000,0.000000,0.000000,0.200000,0.000000,0.000000,0.000000,0.000000,0.000000,0.000000
1778064007.950330,zero_not_calibrated,0,0,0,0.000000,0.000000,0.000000,0.000000,0.000000,0.000000,0.200000,0.000000,0.000000,0.000000,0.200000,0.000000,0.000000,0.000000,0.000000,0.000000,0.000000
1778064007.955312,zero_waiting,0,0,0,0.000000,0.000000,0.000000,0.000000,0.000000,0.000000,0.200000,0.000000,0.000000,0.000000,0.200000,0.000000,0.000000,0.000000,0.000000,0.000000,0.000000
1778064007.985440,zero_not_calibrated,0,0,0,0.000000,0.000000,0.000000,0.000000,0.000000,0.000000,0.200000,0.000000,0.000000,0.000000,0.200000,0.000000,0.000000,0.000000,0.000000,0.000000,0.000000
1778064008.005564,zero_waiting,0,0,0,0.000000,0.000000,0.000000,0.000000,0.000000,0.000000,0.200000,0.000000,0.000000,0.000000,0.200000,0.000000,0.000000,0.000000,0.000000,0.000000,0.000000
1778064008.020473,zero_not_calibrated,0,0,0,0.000000,0.000000,0.000000,0.000000,0.000000,0.000000,0.200000,0.000000,0.000000,0.000000,0.200000,0.000000,0.000000,0.000000,0.000000,0.000000,0.000000
1778064008.054855,zero_not_calibrated,0,0,0,0.000000,0.000000,0.000000,0.000000,0.000000,0.000000,0.200000,0.000000,0.000000,0.000000,0.200000,0.000000,0.000000,0.000000,0.000000,0.000000,0.000000
1778064008.055256,zero_waiting,0,0,0,0.000000,0.000000,0.000000,0.000000,0.000000,0.000000,0.200000,0.000000,0.000000,0.000000,0.200000,0.000000,0.000000,0.000000,0.000000,0.000000,0.000000
1778064008.083675,zero_not_calibrated,0,0,0,0.000000,0.000000,0.000000,0.000000,0.000000,0.000000,0.200000,0.000000,0.000000,0.000000,0.200000,0.000000,0.000000,0.000000,0.000000,0.000000,0.000000
1778064008.105518,zero_waiting,0,0,0,0.000000,0.000000,0.000000,0.000000,0.000000,0.000000,0.200000,0.000000,0.000000,0.000000,0.200000,0.000000,0.000000,0.000000,0.000000,0.000000,0.000000
1778064008.116026,zero_not_calibrated,0,0,0,0.000000,0.000000,0.000000,0.000000,0.000000,0.000000,0.200000,0.000000,0.000000,0.000000,0.200000,0.000000,0.000000,0.000000,0.000000,0.000000,0.000000
1778064008.155477,zero_waiting,0,0,0,0.000000,0.000000,0.000000,0.000000,0.000000,0.000000,0.200000,0.000000,0.000000,0.000000,0.200000,0.000000,0.000000,0.000000,0.000000,0.000000,0.000000
1778064008.166812,zero_not_calibrated,0,0,0,0.000000,0.000000,0.000000,0.000000,0.000000,0.000000,0.200000,0.000000,0.000000,0.000000,0.200000,0.000000,0.000000,0.000000,0.000000,0.000000,0.000000
1778064008.192716,zero_not_calibrated,0,0,0,0.000000,0.000000,0.000000,0.000000,0.000000,0.000000,0.200000,0.000000,0.000000,0.000000,0.200000,0.000000,0.000000,0.000000,0.000000,0.000000,0.000000
1778064008.205760,zero_waiting,0,0,0,0.000000,0.000000,0.000000,0.000000,0.000000,0.000000,0.200000,0.000000,0.000000,0.000000,0.200000,0.000000,0.000000,0.000000,0.000000,0.000000,0.000000
1778064008.215615,zero_not_calibrated,0,0,0,0.000000,0.000000,0.000000,0.000000,0.000000,0.000000,0.200000,0.000000,0.000000,0.000000,0.200000,0.000000,0.000000,0.000000,0.000000,0.000000,0.000000
1778064008.247099,zero_not_calibrated,0,0,0,0.000000,0.000000,0.000000,0.000000,0.000000,0.000000,0.200000,0.000000,0.000000,0.000000,0.200000,0.000000,0.000000,0.000000,0.000000,0.000000,0.000000
1778064008.255523,zero_waiting,0,0,0,0.000000,0.000000,0.000000,0.000000,0.000000,0.000000,0.200000,0.000000,0.000000,0.000000,0.200000,0.000000,0.000000,0.000000,0.000000,0.000000,0.000000
1778064008.280101,zero_not_calibrated,0,0,0,0.000000,0.000000,0.000000,0.000000,0.000000,0.000000,0.200000,0.000000,0.000000,0.000000,0.200000,0.000000,0.000000,0.000000,0.000000,0.000000,0.000000
1778064008.305625,zero_waiting,0,0,0,0.000000,0.000000,0.000000,0.000000,0.000000,0.000000,0.200000,0.000000,0.000000,0.000000,0.200000,0.000000,0.000000,0.000000,0.000000,0.000000,0.000000
1778064008.313228,zero_not_calibrated,0,0,0,0.000000,0.000000,0.000000,0.000000,0.000000,0.000000,0.200000,0.000000,0.000000,0.000000,0.200000,0.000000,0.000000,0.000000,0.000000,0.000000,0.000000
1778064008.347172,zero_not_calibrated,0,0,0,0.000000,0.000000,0.000000,0.000000,0.000000,0.000000,0.200000,0.000000,0.000000,0.000000,0.200000,0.000000,0.000000,0.000000,0.000000,0.000000,0.000000
1778064008.355485,zero_waiting,0,0,0,0.000000,0.000000,0.000000,0.000000,0.000000,0.000000,0.200000,0.000000,0.000000,0.000000,0.200000,0.000000,0.000000,0.000000,0.000000,0.000000,0.000000
1778064008.388016,zero_not_calibrated,0,0,0,0.000000,0.000000,0.000000,0.000000,0.000000,0.000000,0.200000,0.000000,0.000000,0.000000,0.200000,0.000000,0.000000,0.000000,0.000000,0.000000,0.000000
1778064008.405636,zero_waiting,0,0,0,0.000000,0.000000,0.000000,0.000000,0.000000,0.000000,0.200000,0.000000,0.000000,0.000000,0.200000,0.000000,0.000000,0.000000,0.000000,0.000000,0.000000
1778064008.415110,zero_not_calibrated,0,0,0,0.000000,0.000000,0.000000,0.000000,0.000000,0.000000,0.200000,0.000000,0.000000,0.000000,0.200000,0.000000,0.000000,0.000000,0.000000,0.000000,0.000000
1778064008.451142,zero_not_calibrated,0,0,0,0.000000,0.000000,0.000000,0.000000,0.000000,0.000000,0.200000,0.000000,0.000000,0.000000,0.200000,0.000000,0.000000,0.000000,0.000000,0.000000,0.000000
1778064008.455336,zero_waiting,0,0,0,0.000000,0.000000,0.000000,0.000000,0.000000,0.000000,0.200000,0.000000,0.000000,0.000000,0.200000,0.000000,0.000000,0.000000,0.000000,0.000000,0.000000
1778064008.482908,zero_not_calibrated,0,0,0,0.000000,0.000000,0.000000,0.000000,0.000000,0.000000,0.200000,0.000000,0.000000,0.000000,0.200000,0.000000,0.000000,0.000000,0.000000,0.000000,0.000000
1778064008.505678,zero_waiting,0,0,0,0.000000,0.000000,0.000000,0.000000,0.000000,0.000000,0.200000,0.000000,0.000000,0.000000,0.200000,0.000000,0.000000,0.000000,0.000000,0.000000,0.000000
1778064008.516152,zero_not_calibrated,0,0,0,0.000000,0.000000,0.000000,0.000000,0.000000,0.000000,0.200000,0.000000,0.000000,0.000000,0.200000,0.000000,0.000000,0.000000,0.000000,0.000000,0.000000
1778064008.551399,zero_not_calibrated,0,0,0,0.000000,0.000000,0.000000,0.000000,0.000000,0.000000,0.200000,0.000000,0.000000,0.000000,0.200000,0.000000,0.000000,0.000000,0.000000,0.000000,0.000000
1778064008.555392,zero_waiting,0,0,0,0.000000,0.000000,0.000000,0.000000,0.000000,0.000000,0.200000,0.000000,0.000000,0.000000,0.200000,0.000000,0.000000,0.000000,0.000000,0.000000,0.000000
1778064008.584129,zero_not_calibrated,0,0,0,0.000000,0.000000,0.000000,0.000000,0.000000,0.000000,0.200000,0.000000,0.000000,0.000000,0.200000,0.000000,0.000000,0.000000,0.000000,0.000000,0.000000
1778064008.607661,zero_waiting,0,0,0,0.000000,0.000000,0.000000,0.000000,0.000000,0.000000,0.200000,0.000000,0.000000,0.000000,0.200000,0.000000,0.000000,0.000000,0.000000,0.000000,0.000000
1778064008.619242,zero_not_calibrated,0,0,0,0.000000,0.000000,0.000000,0.000000,0.000000,0.000000,0.200000,0.000000,0.000000,0.000000,0.200000,0.000000,0.000000,0.000000,0.000000,0.000000,0.000000
1778064008.653017,zero_not_calibrated,0,0,0,0.000000,0.000000,0.000000,0.000000,0.000000,0.000000,0.200000,0.000000,0.000000,0.000000,0.200000,0.000000,0.000000,0.000000,0.000000,0.000000,0.000000
1778064008.655336,zero_waiting,0,0,0,0.000000,0.000000,0.000000,0.000000,0.000000,0.000000,0.200000,0.000000,0.000000,0.000000,0.200000,0.000000,0.000000,0.000000,0.000000,0.000000,0.000000
1778064008.683267,zero_not_calibrated,0,0,0,0.000000,0.000000,0.000000,0.000000,0.000000,0.000000,0.200000,0.000000,0.000000,0.000000,0.200000,0.000000,0.000000,0.000000,0.000000,0.000000,0.000000
1778064008.705572,zero_waiting,0,0,0,0.000000,0.000000,0.000000,0.000000,0.000000,0.000000,0.200000,0.000000,0.000000,0.000000,0.200000,0.000000,0.000000,0.000000,0.000000,0.000000,0.000000
1778064008.722202,zero_not_calibrated,0,0,0,0.000000,0.000000,0.000000,0.000000,0.000000,0.000000,0.200000,0.000000,0.000000,0.000000,0.200000,0.000000,0.000000,0.000000,0.000000,0.000000,0.000000
1778064008.752078,zero_not_calibrated,0,0,0,0.000000,0.000000,0.000000,0.000000,0.000000,0.000000,0.200000,0.000000,0.000000,0.000000,0.200000,0.000000,0.000000,0.000000,0.000000,0.000000,0.000000
1778064008.755484,zero_waiting,0,0,0,0.000000,0.000000,0.000000,0.000000,0.000000,0.000000,0.200000,0.000000,0.000000,0.000000,0.200000,0.000000,0.000000,0.000000,0.000000,0.000000,0.000000
1778064008.783800,zero_not_calibrated,0,0,0,0.000000,0.000000,0.000000,0.000000,0.000000,0.000000,0.200000,0.000000,0.000000,0.000000,0.200000,0.000000,0.000000,0.000000,0.000000,0.000000,0.000000
1778064008.805694,zero_waiting,0,0,0,0.000000,0.000000,0.000000,0.000000,0.000000,0.000000,0.200000,0.000000,0.000000,0.000000,0.200000,0.000000,0.000000,0.000000,0.000000,0.000000,0.000000
1778064008.818324,zero_not_calibrated,0,0,0,0.000000,0.000000,0.000000,0.000000,0.000000,0.000000,0.200000,0.000000,0.000000,0.000000,0.200000,0.000000,0.000000,0.000000,0.000000,0.000000,0.000000
1778064008.851643,zero_not_calibrated,0,0,0,0.000000,0.000000,0.000000,0.000000,0.000000,0.000000,0.200000,0.000000,0.000000,0.000000,0.200000,0.000000,0.000000,0.000000,0.000000,0.000000,0.000000
1778064008.855280,zero_waiting,0,0,0,0.000000,0.000000,0.000000,0.000000,0.000000,0.000000,0.200000,0.000000,0.000000,0.000000,0.200000,0.000000,0.000000,0.000000,0.000000,0.000000,0.000000
1778064008.885310,zero_not_calibrated,0,0,0,0.000000,0.000000,0.000000,0.000000,0.000000,0.000000,0.200000,0.000000,0.000000,0.000000,0.200000,0.000000,0.000000,0.000000,0.000000,0.000000,0.000000
1778064008.905651,zero_waiting,0,0,0,0.000000,0.000000,0.000000,0.000000,0.000000,0.000000,0.200000,0.000000,0.000000,0.000000,0.200000,0.000000,0.000000,0.000000,0.000000,0.000000,0.000000
1778064008.917453,zero_not_calibrated,0,0,0,0.000000,0.000000,0.000000,0.000000,0.000000,0.000000,0.200000,0.000000,0.000000,0.000000,0.200000,0.000000,0.000000,0.000000,0.000000,0.000000,0.000000
1778064008.950408,zero_not_calibrated,0,0,0,0.000000,0.000000,0.000000,0.000000,0.000000,0.000000,0.200000,0.000000,0.000000,0.000000,0.200000,0.000000,0.000000,0.000000,0.000000,0.000000,0.000000
1778064008.955498,zero_waiting,0,0,0,0.000000,0.000000,0.000000,0.000000,0.000000,0.000000,0.200000,0.000000,0.000000,0.000000,0.200000,0.000000,0.000000,0.000000,0.000000,0.000000,0.000000
1778064008.984725,zero_not_calibrated,0,0,0,0.000000,0.000000,0.000000,0.000000,0.000000,0.000000,0.200000,0.000000,0.000000,0.000000,0.200000,0.000000,0.000000,0.000000,0.000000,0.000000,0.000000
1778064009.005625,zero_waiting,0,0,0,0.000000,0.000000,0.000000,0.000000,0.000000,0.000000,0.200000,0.000000,0.000000,0.000000,0.200000,0.000000,0.000000,0.000000,0.000000,0.000000,0.000000
1778064009.015438,zero_not_calibrated,0,0,0,0.000000,0.000000,0.000000,0.000000,0.000000,0.000000,0.200000,0.000000,0.000000,0.000000,0.200000,0.000000,0.000000,0.000000,0.000000,0.000000,0.000000
1778064009.048537,zero_not_calibrated,0,0,0,0.000000,0.000000,0.000000,0.000000,0.000000,0.000000,0.200000,0.000000,0.000000,0.000000,0.200000,0.000000,0.000000,0.000000,0.000000,0.000000,0.000000
1778064009.055969,zero_waiting,0,0,0,0.000000,0.000000,0.000000,0.000000,0.000000,0.000000,0.200000,0.000000,0.000000,0.000000,0.200000,0.000000,0.000000,0.000000,0.000000,0.000000,0.000000
1778064009.082813,zero_not_calibrated,0,0,0,0.000000,0.000000,0.000000,0.000000,0.000000,0.000000,0.200000,0.000000,0.000000,0.000000,0.200000,0.000000,0.000000,0.000000,0.000000,0.000000,0.000000
1778064009.105725,zero_waiting,0,0,0,0.000000,0.000000,0.000000,0.000000,0.000000,0.000000,0.200000,0.000000,0.000000,0.000000,0.200000,0.000000,0.000000,0.000000,0.000000,0.000000,0.000000
1778064009.115247,zero_not_calibrated,0,0,0,0.000000,0.000000,0.000000,0.000000,0.000000,0.000000,0.200000,0.000000,0.000000,0.000000,0.200000,0.000000,0.000000,0.000000,0.000000,0.000000,0.000000
1778064009.148088,zero_not_calibrated,0,0,0,0.000000,0.000000,0.000000,0.000000,0.000000,0.000000,0.200000,0.000000,0.000000,0.000000,0.200000,0.000000,0.000000,0.000000,0.000000,0.000000,0.000000
1778064009.155649,zero_waiting,0,0,0,0.000000,0.000000,0.000000,0.000000,0.000000,0.000000,0.200000,0.000000,0.000000,0.000000,0.200000,0.000000,0.000000,0.000000,0.000000,0.000000,0.000000
1778064009.181995,zero_not_calibrated,0,0,0,0.000000,0.000000,0.000000,0.000000,0.000000,0.000000,0.200000,0.000000,0.000000,0.000000,0.200000,0.000000,0.000000,0.000000,0.000000,0.000000,0.000000
1778064009.205598,zero_waiting,0,0,0,0.000000,0.000000,0.000000,0.000000,0.000000,0.000000,0.200000,0.000000,0.000000,0.000000,0.200000,0.000000,0.000000,0.000000,0.000000,0.000000,0.000000
1778064009.214686,zero_not_calibrated,0,0,0,0.000000,0.000000,0.000000,0.000000,0.000000,0.000000,0.200000,0.000000,0.000000,0.000000,0.200000,0.000000,0.000000,0.000000,0.000000,0.000000,0.000000
1778064009.251961,zero_not_calibrated,0,0,0,0.000000,0.000000,0.000000,0.000000,0.000000,0.000000,0.200000,0.000000,0.000000,0.000000,0.200000,0.000000,0.000000,0.000000,0.000000,0.000000,0.000000
1778064009.255382,zero_waiting,0,0,0,0.000000,0.000000,0.000000,0.000000,0.000000,0.000000,0.200000,0.000000,0.000000,0.000000,0.200000,0.000000,0.000000,0.000000,0.000000,0.000000,0.000000
1778064009.284840,zero_not_calibrated,0,0,0,0.000000,0.000000,0.000000,0.000000,0.000000,0.000000,0.200000,0.000000,0.000000,0.000000,0.200000,0.000000,0.000000,0.000000,0.000000,0.000000,0.000000
1778064009.305547,zero_waiting,0,0,0,0.000000,0.000000,0.000000,0.000000,0.000000,0.000000,0.200000,0.000000,0.000000,0.000000,0.200000,0.000000,0.000000,0.000000,0.000000,0.000000,0.000000
1778064009.315088,zero_not_calibrated,0,0,0,0.000000,0.000000,0.000000,0.000000,0.000000,0.000000,0.200000,0.000000,0.000000,0.000000,0.200000,0.000000,0.000000,0.000000,0.000000,0.000000,0.000000
1778064009.354295,zero_not_calibrated,0,0,0,0.000000,0.000000,0.000000,0.000000,0.000000,0.000000,0.200000,0.000000,0.000000,0.000000,0.200000,0.000000,0.000000,0.000000,0.000000,0.000000,0.000000
1778064009.355273,zero_waiting,0,0,0,0.000000,0.000000,0.000000,0.000000,0.000000,0.000000,0.200000,0.000000,0.000000,0.000000,0.200000,0.000000,0.000000,0.000000,0.000000,0.000000,0.000000
1778064009.385590,zero_not_calibrated,0,0,0,0.000000,0.000000,0.000000,0.000000,0.000000,0.000000,0.200000,0.000000,0.000000,0.000000,0.200000,0.000000,0.000000,0.000000,0.000000,0.000000,0.000000
1778064009.406621,zero_waiting,0,0,0,0.000000,0.000000,0.000000,0.000000,0.000000,0.000000,0.200000,0.000000,0.000000,0.000000,0.200000,0.000000,0.000000,0.000000,0.000000,0.000000,0.000000
1778064009.418368,zero_not_calibrated,0,0,0,0.000000,0.000000,0.000000,0.000000,0.000000,0.000000,0.200000,0.000000,0.000000,0.000000,0.200000,0.000000,0.000000,0.000000,0.000000,0.000000,0.000000
1778064009.455367,zero_waiting,0,0,0,0.000000,0.000000,0.000000,0.000000,0.000000,0.000000,0.200000,0.000000,0.000000,0.000000,0.200000,0.000000,0.000000,0.000000,0.000000,0.000000,0.000000
1778064009.505759,zero_waiting,0,0,0,0.000000,0.000000,0.000000,0.000000,0.000000,0.000000,0.200000,0.000000,0.000000,0.000000,0.200000,0.000000,0.000000,0.000000,0.000000,0.000000,0.000000
1778064009.555322,zero_waiting,0,0,0,0.000000,0.000000,0.000000,0.000000,0.000000,0.000000,0.200000,0.000000,0.000000,0.000000,0.200000,0.000000,0.000000,0.000000,0.000000,0.000000,0.000000
1778064009.605515,zero_waiting,0,0,0,0.000000,0.000000,0.000000,0.000000,0.000000,0.000000,0.200000,0.000000,0.000000,0.000000,0.200000,0.000000,0.000000,0.000000,0.000000,0.000000,0.000000
1778064009.655363,zero_waiting,0,0,0,0.000000,0.000000,0.000000,0.000000,0.000000,0.000000,0.200000,0.000000,0.000000,0.000000,0.200000,0.000000,0.000000,0.000000,0.000000,0.000000,0.000000
1778064009.705542,zero_waiting,0,0,0,0.000000,0.000000,0.000000,0.000000,0.000000,0.000000,0.200000,0.000000,0.000000,0.000000,0.200000,0.000000,0.000000,0.000000,0.000000,0.000000,0.000000
1778064009.755401,zero_waiting,0,0,0,0.000000,0.000000,0.000000,0.000000,0.000000,0.000000,0.200000,0.000000,0.000000,0.000000,0.200000,0.000000,0.000000,0.000000,0.000000,0.000000,0.000000
1778064009.805501,zero_waiting,0,0,0,0.000000,0.000000,0.000000,0.000000,0.000000,0.000000,0.200000,0.000000,0.000000,0.000000,0.200000,0.000000,0.000000,0.000000,0.000000,0.000000,0.000000
1778064009.856023,zero_waiting,0,0,0,0.000000,0.000000,0.000000,0.000000,0.000000,0.000000,0.200000,0.000000,0.000000,0.000000,0.200000,0.000000,0.000000,0.000000,0.000000,0.000000,0.000000
1778064009.905465,zero_waiting,0,0,0,0.000000,0.000000,0.000000,0.000000,0.000000,0.000000,0.200000,0.000000,0.000000,0.000000,0.200000,0.000000,0.000000,0.000000,0.000000,0.000000,0.000000
1778064009.914481,zero_not_calibrated,0,0,0,0.000000,0.000000,0.000000,0.000000,0.000000,0.000000,0.200000,0.000000,0.000000,0.000000,0.200000,0.000000,0.000000,0.000000,0.000000,0.000000,0.000000
1778064009.955491,zero_waiting,0,0,0,0.000000,0.000000,0.000000,0.000000,0.000000,0.000000,0.200000,0.000000,0.000000,0.000000,0.200000,0.000000,0.000000,0.000000,0.000000,0.000000,0.000000
1778064009.957855,zero_not_calibrated,0,0,0,0.000000,0.000000,0.000000,0.000000,0.000000,0.000000,0.200000,0.000000,0.000000,0.000000,0.200000,0.000000,0.000000,0.000000,0.000000,0.000000,0.000000
1778064009.987476,zero_not_calibrated,0,0,0,0.000000,0.000000,0.000000,0.000000,0.000000,0.000000,0.200000,0.000000,0.000000,0.000000,0.200000,0.000000,0.000000,0.000000,0.000000,0.000000,0.000000
1778064010.005585,zero_waiting,0,0,0,0.000000,0.000000,0.000000,0.000000,0.000000,0.000000,0.200000,0.000000,0.000000,0.000000,0.200000,0.000000,0.000000,0.000000,0.000000,0.000000,0.000000
1778064010.014885,zero_not_calibrated,0,0,0,0.000000,0.000000,0.000000,0.000000,0.000000,0.000000,0.200000,0.000000,0.000000,0.000000,0.200000,0.000000,0.000000,0.000000,0.000000,0.000000,0.000000
1778064010.048395,zero_not_calibrated,0,0,0,0.000000,0.000000,0.000000,0.000000,0.000000,0.000000,0.200000,0.000000,0.000000,0.000000,0.200000,0.000000,0.000000,0.000000,0.000000,0.000000,0.000000
1778064010.055600,zero_waiting,0,0,0,0.000000,0.000000,0.000000,0.000000,0.000000,0.000000,0.200000,0.000000,0.000000,0.000000,0.200000,0.000000,0.000000,0.000000,0.000000,0.000000,0.000000
1778064010.088514,zero_not_calibrated,0,0,0,0.000000,0.000000,0.000000,0.000000,0.000000,0.000000,0.200000,0.000000,0.000000,0.000000,0.200000,0.000000,0.000000,0.000000,0.000000,0.000000,0.000000
1778064010.105803,zero_waiting,0,0,0,0.000000,0.000000,0.000000,0.000000,0.000000,0.000000,0.200000,0.000000,0.000000,0.000000,0.200000,0.000000,0.000000,0.000000,0.000000,0.000000,0.000000
1778064010.155325,zero_waiting,0,0,0,0.000000,0.000000,0.000000,0.000000,0.000000,0.000000,0.200000,0.000000,0.000000,0.000000,0.200000,0.000000,0.000000,0.000000,0.000000,0.000000,0.000000
1778064010.205616,zero_waiting,0,0,0,0.000000,0.000000,0.000000,0.000000,0.000000,0.000000,0.200000,0.000000,0.000000,0.000000,0.200000,0.000000,0.000000,0.000000,0.000000,0.000000,0.000000
1778064010.255518,zero_waiting,0,0,0,0.000000,0.000000,0.000000,0.000000,0.000000,0.000000,0.200000,0.000000,0.000000,0.000000,0.200000,0.000000,0.000000,0.000000,0.000000,0.000000,0.000000
1778064010.305795,zero_waiting,0,0,0,0.000000,0.000000,0.000000,0.000000,0.000000,0.000000,0.200000,0.000000,0.000000,0.000000,0.200000,0.000000,0.000000,0.000000,0.000000,0.000000,0.000000
1778064010.355356,zero_waiting,0,0,0,0.000000,0.000000,0.000000,0.000000,0.000000,0.000000,0.200000,0.000000,0.000000,0.000000,0.200000,0.000000,0.000000,0.000000,0.000000,0.000000,0.000000
1778064010.405586,zero_waiting,0,0,0,0.000000,0.000000,0.000000,0.000000,0.000000,0.000000,0.200000,0.000000,0.000000,0.000000,0.200000,0.000000,0.000000,0.000000,0.000000,0.000000,0.000000
1778064010.455503,zero_waiting,0,0,0,0.000000,0.000000,0.000000,0.000000,0.000000,0.000000,0.200000,0.000000,0.000000,0.000000,0.200000,0.000000,0.000000,0.000000,0.000000,0.000000,0.000000
1778064010.505545,zero_waiting,0,0,0,0.000000,0.000000,0.000000,0.000000,0.000000,0.000000,0.200000,0.000000,0.000000,0.000000,0.200000,0.000000,0.000000,0.000000,0.000000,0.000000,0.000000
1778064010.555435,zero_waiting,0,0,0,0.000000,0.000000,0.000000,0.000000,0.000000,0.000000,0.200000,0.000000,0.000000,0.000000,0.200000,0.000000,0.000000,0.000000,0.000000,0.000000,0.000000
1778064010.605480,zero_waiting,0,0,0,0.000000,0.000000,0.000000,0.000000,0.000000,0.000000,0.200000,0.000000,0.000000,0.000000,0.200000,0.000000,0.000000,0.000000,0.000000,0.000000,0.000000
1778064010.655568,zero_waiting,0,0,0,0.000000,0.000000,0.000000,0.000000,0.000000,0.000000,0.200000,0.000000,0.000000,0.000000,0.200000,0.000000,0.000000,0.000000,0.000000,0.000000,0.000000
1778064010.705550,zero_waiting,0,0,0,0.000000,0.000000,0.000000,0.000000,0.000000,0.000000,0.200000,0.000000,0.000000,0.000000,0.200000,0.000000,0.000000,0.000000,0.000000,0.000000,0.000000
1778064010.755542,zero_waiting,0,0,0,0.000000,0.000000,0.000000,0.000000,0.000000,0.000000,0.200000,0.000000,0.000000,0.000000,0.200000,0.000000,0.000000,0.000000,0.000000,0.000000,0.000000
1778064010.805556,zero_waiting,0,0,0,0.000000,0.000000,0.000000,0.000000,0.000000,0.000000,0.200000,0.000000,0.000000,0.000000,0.200000,0.000000,0.000000,0.000000,0.000000,0.000000,0.000000
1778064010.855547,zero_waiting,0,0,0,0.000000,0.000000,0.000000,0.000000,0.000000,0.000000,0.200000,0.000000,0.000000,0.000000,0.200000,0.000000,0.000000,0.000000,0.000000,0.000000,0.000000
1778064010.905534,zero_waiting,0,0,0,0.000000,0.000000,0.000000,0.000000,0.000000,0.000000,0.200000,0.000000,0.000000,0.000000,0.200000,0.000000,0.000000,0.000000,0.000000,0.000000,0.000000
1778064010.955461,zero_waiting,0,0,0,0.000000,0.000000,0.000000,0.000000,0.000000,0.000000,0.200000,0.000000,0.000000,0.000000,0.200000,0.000000,0.000000,0.000000,0.000000,0.000000,0.000000
1778064011.008005,zero_waiting,0,0,0,0.000000,0.000000,0.000000,0.000000,0.000000,0.000000,0.200000,0.000000,0.000000,0.000000,0.200000,0.000000,0.000000,0.000000,0.000000,0.000000,0.000000
1778064011.055481,zero_waiting,0,0,0,0.000000,0.000000,0.000000,0.000000,0.000000,0.000000,0.200000,0.000000,0.000000,0.000000,0.200000,0.000000,0.000000,0.000000,0.000000,0.000000,0.000000
1778064011.105927,zero_waiting,0,0,0,0.000000,0.000000,0.000000,0.000000,0.000000,0.000000,0.200000,0.000000,0.000000,0.000000,0.200000,0.000000,0.000000,0.000000,0.000000,0.000000,0.000000
1778064011.155520,zero_waiting,0,0,0,0.000000,0.000000,0.000000,0.000000,0.000000,0.000000,0.200000,0.000000,0.000000,0.000000,0.200000,0.000000,0.000000,0.000000,0.000000,0.000000,0.000000
1778064011.205677,zero_waiting,0,0,0,0.000000,0.000000,0.000000,0.000000,0.000000,0.000000,0.200000,0.000000,0.000000,0.000000,0.200000,0.000000,0.000000,0.000000,0.000000,0.000000,0.000000
1778064011.255450,zero_waiting,0,0,0,0.000000,0.000000,0.000000,0.000000,0.000000,0.000000,0.200000,0.000000,0.000000,0.000000,0.200000,0.000000,0.000000,0.000000,0.000000,0.000000,0.000000
1778064011.305535,zero_waiting,0,0,0,0.000000,0.000000,0.000000,0.000000,0.000000,0.000000,0.200000,0.000000,0.000000,0.000000,0.200000,0.000000,0.000000,0.000000,0.000000,0.000000,0.000000
1778064011.355435,zero_waiting,0,0,0,0.000000,0.000000,0.000000,0.000000,0.000000,0.000000,0.200000,0.000000,0.000000,0.000000,0.200000,0.000000,0.000000,0.000000,0.000000,0.000000,0.000000
1778064011.405550,zero_waiting,0,0,0,0.000000,0.000000,0.000000,0.000000,0.000000,0.000000,0.200000,0.000000,0.000000,0.000000,0.200000,0.000000,0.000000,0.000000,0.000000,0.000000,0.000000
1778064011.455511,zero_waiting,0,0,0,0.000000,0.000000,0.000000,0.000000,0.000000,0.000000,0.200000,0.000000,0.000000,0.000000,0.200000,0.000000,0.000000,0.000000,0.000000,0.000000,0.000000
1778064011.505464,zero_waiting,0,0,0,0.000000,0.000000,0.000000,0.000000,0.000000,0.000000,0.200000,0.000000,0.000000,0.000000,0.200000,0.000000,0.000000,0.000000,0.000000,0.000000,0.000000
1778064011.555578,zero_waiting,0,0,0,0.000000,0.000000,0.000000,0.000000,0.000000,0.000000,0.200000,0.000000,0.000000,0.000000,0.200000,0.000000,0.000000,0.000000,0.000000,0.000000,0.000000
1778064011.605480,zero_waiting,0,0,0,0.000000,0.000000,0.000000,0.000000,0.000000,0.000000,0.200000,0.000000,0.000000,0.000000,0.200000,0.000000,0.000000,0.000000,0.000000,0.000000,0.000000
1778064011.655424,zero_waiting,0,0,0,0.000000,0.000000,0.000000,0.000000,0.000000,0.000000,0.200000,0.000000,0.000000,0.000000,0.200000,0.000000,0.000000,0.000000,0.000000,0.000000,0.000000
1778064011.705525,zero_waiting,0,0,0,0.000000,0.000000,0.000000,0.000000,0.000000,0.000000,0.200000,0.000000,0.000000,0.000000,0.200000,0.000000,0.000000,0.000000,0.000000,0.000000,0.000000
1778064011.755345,zero_waiting,0,0,0,0.000000,0.000000,0.000000,0.000000,0.000000,0.000000,0.200000,0.000000,0.000000,0.000000,0.200000,0.000000,0.000000,0.000000,0.000000,0.000000,0.000000
1778064011.806739,zero_waiting,0,0,0,0.000000,0.000000,0.000000,0.000000,0.000000,0.000000,0.200000,0.000000,0.000000,0.000000,0.200000,0.000000,0.000000,0.000000,0.000000,0.000000,0.000000
1778064011.855346,zero_waiting,0,0,0,0.000000,0.000000,0.000000,0.000000,0.000000,0.000000,0.200000,0.000000,0.000000,0.000000,0.200000,0.000000,0.000000,0.000000,0.000000,0.000000,0.000000
1778064011.905661,zero_waiting,0,0,0,0.000000,0.000000,0.000000,0.000000,0.000000,0.000000,0.200000,0.000000,0.000000,0.000000,0.200000,0.000000,0.000000,0.000000,0.000000,0.000000,0.000000
1778064011.955594,zero_waiting,0,0,0,0.000000,0.000000,0.000000,0.000000,0.000000,0.000000,0.200000,0.000000,0.000000,0.000000,0.200000,0.000000,0.000000,0.000000,0.000000,0.000000,0.000000
1778064012.005513,zero_waiting,0,0,0,0.000000,0.000000,0.000000,0.000000,0.000000,0.000000,0.200000,0.000000,0.000000,0.000000,0.200000,0.000000,0.000000,0.000000,0.000000,0.000000,0.000000
1778064012.055370,zero_waiting,0,0,0,0.000000,0.000000,0.000000,0.000000,0.000000,0.000000,0.200000,0.000000,0.000000,0.000000,0.200000,0.000000,0.000000,0.000000,0.000000,0.000000,0.000000
1778064012.105615,zero_waiting,0,0,0,0.000000,0.000000,0.000000,0.000000,0.000000,0.000000,0.200000,0.000000,0.000000,0.000000,0.200000,0.000000,0.000000,0.000000,0.000000,0.000000,0.000000
1778064012.155426,zero_waiting,0,0,0,0.000000,0.000000,0.000000,0.000000,0.000000,0.000000,0.200000,0.000000,0.000000,0.000000,0.200000,0.000000,0.000000,0.000000,0.000000,0.000000,0.000000
1778064012.205602,zero_waiting,0,0,0,0.000000,0.000000,0.000000,0.000000,0.000000,0.000000,0.200000,0.000000,0.000000,0.000000,0.200000,0.000000,0.000000,0.000000,0.000000,0.000000,0.000000
1778064012.255630,zero_waiting,0,0,0,0.000000,0.000000,0.000000,0.000000,0.000000,0.000000,0.200000,0.000000,0.000000,0.000000,0.200000,0.000000,0.000000,0.000000,0.000000,0.000000,0.000000
1778064012.305479,zero_waiting,0,0,0,0.000000,0.000000,0.000000,0.000000,0.000000,0.000000,0.200000,0.000000,0.000000,0.000000,0.200000,0.000000,0.000000,0.000000,0.000000,0.000000,0.000000
1778064012.355536,zero_waiting,0,0,0,0.000000,0.000000,0.000000,0.000000,0.000000,0.000000,0.200000,0.000000,0.000000,0.000000,0.200000,0.000000,0.000000,0.000000,0.000000,0.000000,0.000000
1778064012.405522,zero_waiting,0,0,0,0.000000,0.000000,0.000000,0.000000,0.000000,0.000000,0.200000,0.000000,0.000000,0.000000,0.200000,0.000000,0.000000,0.000000,0.000000,0.000000,0.000000
1778064012.455631,zero_waiting,0,0,0,0.000000,0.000000,0.000000,0.000000,0.000000,0.000000,0.200000,0.000000,0.000000,0.000000,0.200000,0.000000,0.000000,0.000000,0.000000,0.000000,0.000000
1778064012.505450,zero_waiting,0,0,0,0.000000,0.000000,0.000000,0.000000,0.000000,0.000000,0.200000,0.000000,0.000000,0.000000,0.200000,0.000000,0.000000,0.000000,0.000000,0.000000,0.000000
1778064012.555652,zero_waiting,0,0,0,0.000000,0.000000,0.000000,0.000000,0.000000,0.000000,0.200000,0.000000,0.000000,0.000000,0.200000,0.000000,0.000000,0.000000,0.000000,0.000000,0.000000
1778064012.605531,zero_waiting,0,0,0,0.000000,0.000000,0.000000,0.000000,0.000000,0.000000,0.200000,0.000000,0.000000,0.000000,0.200000,0.000000,0.000000,0.000000,0.000000,0.000000,0.000000
1778064012.655492,zero_waiting,0,0,0,0.000000,0.000000,0.000000,0.000000,0.000000,0.000000,0.200000,0.000000,0.000000,0.000000,0.200000,0.000000,0.000000,0.000000,0.000000,0.000000,0.000000
1778064012.685828,zero_not_calibrated,0,0,0,0.000000,0.000000,0.000000,0.000000,0.000000,0.000000,0.200000,0.000000,0.000000,0.000000,0.200000,0.000000,0.000000,0.000000,0.000000,0.000000,0.000000
1778064012.705719,zero_waiting,0,0,0,0.000000,0.000000,0.000000,0.000000,0.000000,0.000000,0.200000,0.000000,0.000000,0.000000,0.200000,0.000000,0.000000,0.000000,0.000000,0.000000,0.000000
1778064012.717639,zero_not_calibrated,0,0,0,0.000000,0.000000,0.000000,0.000000,0.000000,0.000000,0.200000,0.000000,0.000000,0.000000,0.200000,0.000000,0.000000,0.000000,0.000000,0.000000,0.000000
1778064012.754515,zero_not_calibrated,0,0,0,0.000000,0.000000,0.000000,0.000000,0.000000,0.000000,0.200000,0.000000,0.000000,0.000000,0.200000,0.000000,0.000000,0.000000,0.000000,0.000000,0.000000
1778064012.755352,zero_waiting,0,0,0,0.000000,0.000000,0.000000,0.000000,0.000000,0.000000,0.200000,0.000000,0.000000,0.000000,0.200000,0.000000,0.000000,0.000000,0.000000,0.000000,0.000000
1778064012.787725,zero_not_calibrated,0,0,0,0.000000,0.000000,0.000000,0.000000,0.000000,0.000000,0.200000,0.000000,0.000000,0.000000,0.200000,0.000000,0.000000,0.000000,0.000000,0.000000,0.000000
1778064012.805532,zero_waiting,0,0,0,0.000000,0.000000,0.000000,0.000000,0.000000,0.000000,0.200000,0.000000,0.000000,0.000000,0.200000,0.000000,0.000000,0.000000,0.000000,0.000000,0.000000
1778064012.818425,zero_not_calibrated,0,0,0,0.000000,0.000000,0.000000,0.000000,0.000000,0.000000,0.200000,0.000000,0.000000,0.000000,0.200000,0.000000,0.000000,0.000000,0.000000,0.000000,0.000000
1778064012.852908,zero_not_calibrated,0,0,0,0.000000,0.000000,0.000000,0.000000,0.000000,0.000000,0.200000,0.000000,0.000000,0.000000,0.200000,0.000000,0.000000,0.000000,0.000000,0.000000,0.000000
1778064012.855381,zero_waiting,0,0,0,0.000000,0.000000,0.000000,0.000000,0.000000,0.000000,0.200000,0.000000,0.000000,0.000000,0.200000,0.000000,0.000000,0.000000,0.000000,0.000000,0.000000
1778064012.886812,zero_not_calibrated,0,0,0,0.000000,0.000000,0.000000,0.000000,0.000000,0.000000,0.200000,0.000000,0.000000,0.000000,0.200000,0.000000,0.000000,0.000000,0.000000,0.000000,0.000000
1778064012.905668,zero_waiting,0,0,0,0.000000,0.000000,0.000000,0.000000,0.000000,0.000000,0.200000,0.000000,0.000000,0.000000,0.200000,0.000000,0.000000,0.000000,0.000000,0.000000,0.000000
1778064012.917295,zero_not_calibrated,0,0,0,0.000000,0.000000,0.000000,0.000000,0.000000,0.000000,0.200000,0.000000,0.000000,0.000000,0.200000,0.000000,0.000000,0.000000,0.000000,0.000000,0.000000
1778064012.948660,zero_not_calibrated,0,0,0,0.000000,0.000000,0.000000,0.000000,0.000000,0.000000,0.200000,0.000000,0.000000,0.000000,0.200000,0.000000,0.000000,0.000000,0.000000,0.000000,0.000000
1778064012.955649,zero_waiting,0,0,0,0.000000,0.000000,0.000000,0.000000,0.000000,0.000000,0.200000,0.000000,0.000000,0.000000,0.200000,0.000000,0.000000,0.000000,0.000000,0.000000,0.000000
1778064012.985714,zero_not_calibrated,0,0,0,0.000000,0.000000,0.000000,0.000000,0.000000,0.000000,0.200000,0.000000,0.000000,0.000000,0.200000,0.000000,0.000000,0.000000,0.000000,0.000000,0.000000
1778064013.005742,zero_waiting,0,0,0,0.000000,0.000000,0.000000,0.000000,0.000000,0.000000,0.200000,0.000000,0.000000,0.000000,0.200000,0.000000,0.000000,0.000000,0.000000,0.000000,0.000000
1778064013.019444,zero_not_calibrated,0,0,0,0.000000,0.000000,0.000000,0.000000,0.000000,0.000000,0.200000,0.000000,0.000000,0.000000,0.200000,0.000000,0.000000,0.000000,0.000000,0.000000,0.000000
1778064013.048648,zero_not_calibrated,0,0,0,0.000000,0.000000,0.000000,0.000000,0.000000,0.000000,0.200000,0.000000,0.000000,0.000000,0.200000,0.000000,0.000000,0.000000,0.000000,0.000000,0.000000
1778064013.055544,zero_waiting,0,0,0,0.000000,0.000000,0.000000,0.000000,0.000000,0.000000,0.200000,0.000000,0.000000,0.000000,0.200000,0.000000,0.000000,0.000000,0.000000,0.000000,0.000000
1778064013.084589,zero_not_calibrated,0,0,0,0.000000,0.000000,0.000000,0.000000,0.000000,0.000000,0.200000,0.000000,0.000000,0.000000,0.200000,0.000000,0.000000,0.000000,0.000000,0.000000,0.000000
1778064013.105616,zero_waiting,0,0,0,0.000000,0.000000,0.000000,0.000000,0.000000,0.000000,0.200000,0.000000,0.000000,0.000000,0.200000,0.000000,0.000000,0.000000,0.000000,0.000000,0.000000
1778064013.115416,zero_not_calibrated,0,0,0,0.000000,0.000000,0.000000,0.000000,0.000000,0.000000,0.200000,0.000000,0.000000,0.000000,0.200000,0.000000,0.000000,0.000000,0.000000,0.000000,0.000000
1778064013.149718,zero_not_calibrated,0,0,0,0.000000,0.000000,0.000000,0.000000,0.000000,0.000000,0.200000,0.000000,0.000000,0.000000,0.200000,0.000000,0.000000,0.000000,0.000000,0.000000,0.000000
1778064013.155570,zero_waiting,0,0,0,0.000000,0.000000,0.000000,0.000000,0.000000,0.000000,0.200000,0.000000,0.000000,0.000000,0.200000,0.000000,0.000000,0.000000,0.000000,0.000000,0.000000
1778064013.182656,zero_not_calibrated,0,0,0,0.000000,0.000000,0.000000,0.000000,0.000000,0.000000,0.200000,0.000000,0.000000,0.000000,0.200000,0.000000,0.000000,0.000000,0.000000,0.000000,0.000000
1778064013.205929,zero_waiting,0,0,0,0.000000,0.000000,0.000000,0.000000,0.000000,0.000000,0.200000,0.000000,0.000000,0.000000,0.200000,0.000000,0.000000,0.000000,0.000000,0.000000,0.000000
1778064013.220938,zero_not_calibrated,0,0,0,0.000000,0.000000,0.000000,0.000000,0.000000,0.000000,0.200000,0.000000,0.000000,0.000000,0.200000,0.000000,0.000000,0.000000,0.000000,0.000000,0.000000
1778064013.251266,zero_not_calibrated,0,0,0,0.000000,0.000000,0.000000,0.000000,0.000000,0.000000,0.200000,0.000000,0.000000,0.000000,0.200000,0.000000,0.000000,0.000000,0.000000,0.000000,0.000000
1778064013.255356,zero_waiting,0,0,0,0.000000,0.000000,0.000000,0.000000,0.000000,0.000000,0.200000,0.000000,0.000000,0.000000,0.200000,0.000000,0.000000,0.000000,0.000000,0.000000,0.000000
1778064013.283355,zero_not_calibrated,0,0,0,0.000000,0.000000,0.000000,0.000000,0.000000,0.000000,0.200000,0.000000,0.000000,0.000000,0.200000,0.000000,0.000000,0.000000,0.000000,0.000000,0.000000
1778064013.305543,zero_waiting,0,0,0,0.000000,0.000000,0.000000,0.000000,0.000000,0.000000,0.200000,0.000000,0.000000,0.000000,0.200000,0.000000,0.000000,0.000000,0.000000,0.000000,0.000000
1778064013.317323,zero_not_calibrated,0,0,0,0.000000,0.000000,0.000000,0.000000,0.000000,0.000000,0.200000,0.000000,0.000000,0.000000,0.200000,0.000000,0.000000,0.000000,0.000000,0.000000,0.000000
1778064013.350277,zero_not_calibrated,0,0,0,0.000000,0.000000,0.000000,0.000000,0.000000,0.000000,0.200000,0.000000,0.000000,0.000000,0.200000,0.000000,0.000000,0.000000,0.000000,0.000000,0.000000
1778064013.355289,zero_waiting,0,0,0,0.000000,0.000000,0.000000,0.000000,0.000000,0.000000,0.200000,0.000000,0.000000,0.000000,0.200000,0.000000,0.000000,0.000000,0.000000,0.000000,0.000000
1778064013.384633,zero_not_calibrated,0,0,0,0.000000,0.000000,0.000000,0.000000,0.000000,0.000000,0.200000,0.000000,0.000000,0.000000,0.200000,0.000000,0.000000,0.000000,0.000000,0.000000,0.000000
1778064013.405930,zero_waiting,0,0,0,0.000000,0.000000,0.000000,0.000000,0.000000,0.000000,0.200000,0.000000,0.000000,0.000000,0.200000,0.000000,0.000000,0.000000,0.000000,0.000000,0.000000
1778064013.422002,zero_not_calibrated,0,0,0,0.000000,0.000000,0.000000,0.000000,0.000000,0.000000,0.200000,0.000000,0.000000,0.000000,0.200000,0.000000,0.000000,0.000000,0.000000,0.000000,0.000000
1778064013.455677,zero_waiting,0,0,0,0.000000,0.000000,0.000000,0.000000,0.000000,0.000000,0.200000,0.000000,0.000000,0.000000,0.200000,0.000000,0.000000,0.000000,0.000000,0.000000,0.000000
1778064013.456585,zero_not_calibrated,0,0,0,0.000000,0.000000,0.000000,0.000000,0.000000,0.000000,0.200000,0.000000,0.000000,0.000000,0.200000,0.000000,0.000000,0.000000,0.000000,0.000000,0.000000
1778064013.492607,zero_not_calibrated,0,0,0,0.000000,0.000000,0.000000,0.000000,0.000000,0.000000,0.200000,0.000000,0.000000,0.000000,0.200000,0.000000,0.000000,0.000000,0.000000,0.000000,0.000000
1778064013.505806,zero_waiting,0,0,0,0.000000,0.000000,0.000000,0.000000,0.000000,0.000000,0.200000,0.000000,0.000000,0.000000,0.200000,0.000000,0.000000,0.000000,0.000000,0.000000,0.000000
1778064013.521631,zero_not_calibrated,0,0,0,0.000000,0.000000,0.000000,0.000000,0.000000,0.000000,0.200000,0.000000,0.000000,0.000000,0.200000,0.000000,0.000000,0.000000,0.000000,0.000000,0.000000
1778064013.551847,zero_not_calibrated,0,0,0,0.000000,0.000000,0.000000,0.000000,0.000000,0.000000,0.200000,0.000000,0.000000,0.000000,0.200000,0.000000,0.000000,0.000000,0.000000,0.000000,0.000000
1778064013.555463,zero_waiting,0,0,0,0.000000,0.000000,0.000000,0.000000,0.000000,0.000000,0.200000,0.000000,0.000000,0.000000,0.200000,0.000000,0.000000,0.000000,0.000000,0.000000,0.000000
1778064013.586037,zero_not_calibrated,0,0,0,0.000000,0.000000,0.000000,0.000000,0.000000,0.000000,0.200000,0.000000,0.000000,0.000000,0.200000,0.000000,0.000000,0.000000,0.000000,0.000000,0.000000
1778064013.605839,zero_waiting,0,0,0,0.000000,0.000000,0.000000,0.000000,0.000000,0.000000,0.200000,0.000000,0.000000,0.000000,0.200000,0.000000,0.000000,0.000000,0.000000,0.000000,0.000000
1778064013.617271,zero_not_calibrated,0,0,0,0.000000,0.000000,0.000000,0.000000,0.000000,0.000000,0.200000,0.000000,0.000000,0.000000,0.200000,0.000000,0.000000,0.000000,0.000000,0.000000,0.000000
1778064013.652579,zero_not_calibrated,0,0,0,0.000000,0.000000,0.000000,0.000000,0.000000,0.000000,0.200000,0.000000,0.000000,0.000000,0.200000,0.000000,0.000000,0.000000,0.000000,0.000000,0.000000
1778064013.655427,zero_waiting,0,0,0,0.000000,0.000000,0.000000,0.000000,0.000000,0.000000,0.200000,0.000000,0.000000,0.000000,0.200000,0.000000,0.000000,0.000000,0.000000,0.000000,0.000000
1778064013.686653,zero_not_calibrated,0,0,0,0.000000,0.000000,0.000000,0.000000,0.000000,0.000000,0.200000,0.000000,0.000000,0.000000,0.200000,0.000000,0.000000,0.000000,0.000000,0.000000,0.000000
1778064013.705539,zero_waiting,0,0,0,0.000000,0.000000,0.000000,0.000000,0.000000,0.000000,0.200000,0.000000,0.000000,0.000000,0.200000,0.000000,0.000000,0.000000,0.000000,0.000000,0.000000
1778064013.722423,zero_not_calibrated,0,0,0,0.000000,0.000000,0.000000,0.000000,0.000000,0.000000,0.200000,0.000000,0.000000,0.000000,0.200000,0.000000,0.000000,0.000000,0.000000,0.000000,0.000000
1778064013.750470,zero_not_calibrated,0,0,0,0.000000,0.000000,0.000000,0.000000,0.000000,0.000000,0.200000,0.000000,0.000000,0.000000,0.200000,0.000000,0.000000,0.000000,0.000000,0.000000,0.000000
1778064013.755442,zero_waiting,0,0,0,0.000000,0.000000,0.000000,0.000000,0.000000,0.000000,0.200000,0.000000,0.000000,0.000000,0.200000,0.000000,0.000000,0.000000,0.000000,0.000000,0.000000
1778064013.782392,zero_not_calibrated,0,0,0,0.000000,0.000000,0.000000,0.000000,0.000000,0.000000,0.200000,0.000000,0.000000,0.000000,0.200000,0.000000,0.000000,0.000000,0.000000,0.000000,0.000000
1778064013.805729,zero_waiting,0,0,0,0.000000,0.000000,0.000000,0.000000,0.000000,0.000000,0.200000,0.000000,0.000000,0.000000,0.200000,0.000000,0.000000,0.000000,0.000000,0.000000,0.000000
1778064013.818009,zero_not_calibrated,0,0,0,0.000000,0.000000,0.000000,0.000000,0.000000,0.000000,0.200000,0.000000,0.000000,0.000000,0.200000,0.000000,0.000000,0.000000,0.000000,0.000000,0.000000
1778064013.849415,zero_not_calibrated,0,0,0,0.000000,0.000000,0.000000,0.000000,0.000000,0.000000,0.200000,0.000000,0.000000,0.000000,0.200000,0.000000,0.000000,0.000000,0.000000,0.000000,0.000000
1778064013.855716,zero_waiting,0,0,0,0.000000,0.000000,0.000000,0.000000,0.000000,0.000000,0.200000,0.000000,0.000000,0.000000,0.200000,0.000000,0.000000,0.000000,0.000000,0.000000,0.000000
1778064013.883235,zero_not_calibrated,0,0,0,0.000000,0.000000,0.000000,0.000000,0.000000,0.000000,0.200000,0.000000,0.000000,0.000000,0.200000,0.000000,0.000000,0.000000,0.000000,0.000000,0.000000
1778064013.905679,zero_waiting,0,0,0,0.000000,0.000000,0.000000,0.000000,0.000000,0.000000,0.200000,0.000000,0.000000,0.000000,0.200000,0.000000,0.000000,0.000000,0.000000,0.000000,0.000000
1778064013.916444,zero_not_calibrated,0,0,0,0.000000,0.000000,0.000000,0.000000,0.000000,0.000000,0.200000,0.000000,0.000000,0.000000,0.200000,0.000000,0.000000,0.000000,0.000000,0.000000,0.000000
1778064013.948634,zero_not_calibrated,0,0,0,0.000000,0.000000,0.000000,0.000000,0.000000,0.000000,0.200000,0.000000,0.000000,0.000000,0.200000,0.000000,0.000000,0.000000,0.000000,0.000000,0.000000
1778064013.955545,zero_waiting,0,0,0,0.000000,0.000000,0.000000,0.000000,0.000000,0.000000,0.200000,0.000000,0.000000,0.000000,0.200000,0.000000,0.000000,0.000000,0.000000,0.000000,0.000000
1778064013.983926,zero_not_calibrated,0,0,0,0.000000,0.000000,0.000000,0.000000,0.000000,0.000000,0.200000,0.000000,0.000000,0.000000,0.200000,0.000000,0.000000,0.000000,0.000000,0.000000,0.000000
1778064014.005688,zero_waiting,0,0,0,0.000000,0.000000,0.000000,0.000000,0.000000,0.000000,0.200000,0.000000,0.000000,0.000000,0.200000,0.000000,0.000000,0.000000,0.000000,0.000000,0.000000
1778064014.015922,zero_not_calibrated,0,0,0,0.000000,0.000000,0.000000,0.000000,0.000000,0.000000,0.200000,0.000000,0.000000,0.000000,0.200000,0.000000,0.000000,0.000000,0.000000,0.000000,0.000000
1778064014.052260,zero_not_calibrated,0,0,0,0.000000,0.000000,0.000000,0.000000,0.000000,0.000000,0.200000,0.000000,0.000000,0.000000,0.200000,0.000000,0.000000,0.000000,0.000000,0.000000,0.000000
1778064014.055338,zero_waiting,0,0,0,0.000000,0.000000,0.000000,0.000000,0.000000,0.000000,0.200000,0.000000,0.000000,0.000000,0.200000,0.000000,0.000000,0.000000,0.000000,0.000000,0.000000
1778064014.084777,zero_not_calibrated,0,0,0,0.000000,0.000000,0.000000,0.000000,0.000000,0.000000,0.200000,0.000000,0.000000,0.000000,0.200000,0.000000,0.000000,0.000000,0.000000,0.000000,0.000000
1778064014.106162,zero_waiting,0,0,0,0.000000,0.000000,0.000000,0.000000,0.000000,0.000000,0.200000,0.000000,0.000000,0.000000,0.200000,0.000000,0.000000,0.000000,0.000000,0.000000,0.000000
1778064014.122240,zero_not_calibrated,0,0,0,0.000000,0.000000,0.000000,0.000000,0.000000,0.000000,0.200000,0.000000,0.000000,0.000000,0.200000,0.000000,0.000000,0.000000,0.000000,0.000000,0.000000
1778064014.152459,zero_not_calibrated,0,0,0,0.000000,0.000000,0.000000,0.000000,0.000000,0.000000,0.200000,0.000000,0.000000,0.000000,0.200000,0.000000,0.000000,0.000000,0.000000,0.000000,0.000000
1778064014.155478,zero_waiting,0,0,0,0.000000,0.000000,0.000000,0.000000,0.000000,0.000000,0.200000,0.000000,0.000000,0.000000,0.200000,0.000000,0.000000,0.000000,0.000000,0.000000,0.000000
1778064014.186545,zero_not_calibrated,0,0,0,0.000000,0.000000,0.000000,0.000000,0.000000,0.000000,0.200000,0.000000,0.000000,0.000000,0.200000,0.000000,0.000000,0.000000,0.000000,0.000000,0.000000
1778064014.205668,zero_waiting,0,0,0,0.000000,0.000000,0.000000,0.000000,0.000000,0.000000,0.200000,0.000000,0.000000,0.000000,0.200000,0.000000,0.000000,0.000000,0.000000,0.000000,0.000000
1778064014.217658,zero_not_calibrated,0,0,0,0.000000,0.000000,0.000000,0.000000,0.000000,0.000000,0.200000,0.000000,0.000000,0.000000,0.200000,0.000000,0.000000,0.000000,0.000000,0.000000,0.000000
1778064014.255152,zero_not_calibrated,0,0,0,0.000000,0.000000,0.000000,0.000000,0.000000,0.000000,0.200000,0.000000,0.000000,0.000000,0.200000,0.000000,0.000000,0.000000,0.000000,0.000000,0.000000
1778064014.255884,zero_waiting,0,0,0,0.000000,0.000000,0.000000,0.000000,0.000000,0.000000,0.200000,0.000000,0.000000,0.000000,0.200000,0.000000,0.000000,0.000000,0.000000,0.000000,0.000000
1778064014.288046,zero_not_calibrated,0,0,0,0.000000,0.000000,0.000000,0.000000,0.000000,0.000000,0.200000,0.000000,0.000000,0.000000,0.200000,0.000000,0.000000,0.000000,0.000000,0.000000,0.000000
1778064014.306365,zero_waiting,0,0,0,0.000000,0.000000,0.000000,0.000000,0.000000,0.000000,0.200000,0.000000,0.000000,0.000000,0.200000,0.000000,0.000000,0.000000,0.000000,0.000000,0.000000
1778064014.318007,zero_not_calibrated,0,0,0,0.000000,0.000000,0.000000,0.000000,0.000000,0.000000,0.200000,0.000000,0.000000,0.000000,0.200000,0.000000,0.000000,0.000000,0.000000,0.000000,0.000000
1778064014.353631,zero_not_calibrated,0,0,0,0.000000,0.000000,0.000000,0.000000,0.000000,0.000000,0.200000,0.000000,0.000000,0.000000,0.200000,0.000000,0.000000,0.000000,0.000000,0.000000,0.000000
1778064014.355411,zero_waiting,0,0,0,0.000000,0.000000,0.000000,0.000000,0.000000,0.000000,0.200000,0.000000,0.000000,0.000000,0.200000,0.000000,0.000000,0.000000,0.000000,0.000000,0.000000
1778064014.386491,zero_not_calibrated,0,0,0,0.000000,0.000000,0.000000,0.000000,0.000000,0.000000,0.200000,0.000000,0.000000,0.000000,0.200000,0.000000,0.000000,0.000000,0.000000,0.000000,0.000000
1778064014.405540,zero_waiting,0,0,0,0.000000,0.000000,0.000000,0.000000,0.000000,0.000000,0.200000,0.000000,0.000000,0.000000,0.200000,0.000000,0.000000,0.000000,0.000000,0.000000,0.000000
1778064014.420271,zero_not_calibrated,0,0,0,0.000000,0.000000,0.000000,0.000000,0.000000,0.000000,0.200000,0.000000,0.000000,0.000000,0.200000,0.000000,0.000000,0.000000,0.000000,0.000000,0.000000
1778064014.450243,zero_not_calibrated,0,0,0,0.000000,0.000000,0.000000,0.000000,0.000000,0.000000,0.200000,0.000000,0.000000,0.000000,0.200000,0.000000,0.000000,0.000000,0.000000,0.000000,0.000000
1778064014.455664,zero_waiting,0,0,0,0.000000,0.000000,0.000000,0.000000,0.000000,0.000000,0.200000,0.000000,0.000000,0.000000,0.200000,0.000000,0.000000,0.000000,0.000000,0.000000,0.000000
1778064014.487455,zero_not_calibrated,0,0,0,0.000000,0.000000,0.000000,0.000000,0.000000,0.000000,0.200000,0.000000,0.000000,0.000000,0.200000,0.000000,0.000000,0.000000,0.000000,0.000000,0.000000
1778064014.505724,zero_waiting,0,0,0,0.000000,0.000000,0.000000,0.000000,0.000000,0.000000,0.200000,0.000000,0.000000,0.000000,0.200000,0.000000,0.000000,0.000000,0.000000,0.000000,0.000000
1778064014.522434,zero_not_calibrated,0,0,0,0.000000,0.000000,0.000000,0.000000,0.000000,0.000000,0.200000,0.000000,0.000000,0.000000,0.200000,0.000000,0.000000,0.000000,0.000000,0.000000,0.000000
1778064014.549754,zero_not_calibrated,0,0,0,0.000000,0.000000,0.000000,0.000000,0.000000,0.000000,0.200000,0.000000,0.000000,0.000000,0.200000,0.000000,0.000000,0.000000,0.000000,0.000000,0.000000
1778064014.555627,zero_waiting,0,0,0,0.000000,0.000000,0.000000,0.000000,0.000000,0.000000,0.200000,0.000000,0.000000,0.000000,0.200000,0.000000,0.000000,0.000000,0.000000,0.000000,0.000000
1778064014.582884,zero_not_calibrated,0,0,0,0.000000,0.000000,0.000000,0.000000,0.000000,0.000000,0.200000,0.000000,0.000000,0.000000,0.200000,0.000000,0.000000,0.000000,0.000000,0.000000,0.000000
1778064014.605642,zero_waiting,0,0,0,0.000000,0.000000,0.000000,0.000000,0.000000,0.000000,0.200000,0.000000,0.000000,0.000000,0.200000,0.000000,0.000000,0.000000,0.000000,0.000000,0.000000
1778064014.617319,zero_not_calibrated,0,0,0,0.000000,0.000000,0.000000,0.000000,0.000000,0.000000,0.200000,0.000000,0.000000,0.000000,0.200000,0.000000,0.000000,0.000000,0.000000,0.000000,0.000000
1778064014.650424,zero_not_calibrated,0,0,0,0.000000,0.000000,0.000000,0.000000,0.000000,0.000000,0.200000,0.000000,0.000000,0.000000,0.200000,0.000000,0.000000,0.000000,0.000000,0.000000,0.000000
1778064014.655647,zero_waiting,0,0,0,0.000000,0.000000,0.000000,0.000000,0.000000,0.000000,0.200000,0.000000,0.000000,0.000000,0.200000,0.000000,0.000000,0.000000,0.000000,0.000000,0.000000
1778064014.683560,zero_not_calibrated,0,0,0,0.000000,0.000000,0.000000,0.000000,0.000000,0.000000,0.200000,0.000000,0.000000,0.000000,0.200000,0.000000,0.000000,0.000000,0.000000,0.000000,0.000000
1778064014.705513,zero_waiting,0,0,0,0.000000,0.000000,0.000000,0.000000,0.000000,0.000000,0.200000,0.000000,0.000000,0.000000,0.200000,0.000000,0.000000,0.000000,0.000000,0.000000,0.000000
1778064014.715925,zero_not_calibrated,0,0,0,0.000000,0.000000,0.000000,0.000000,0.000000,0.000000,0.200000,0.000000,0.000000,0.000000,0.200000,0.000000,0.000000,0.000000,0.000000,0.000000,0.000000
1778064014.750909,zero_not_calibrated,0,0,0,0.000000,0.000000,0.000000,0.000000,0.000000,0.000000,0.200000,0.000000,0.000000,0.000000,0.200000,0.000000,0.000000,0.000000,0.000000,0.000000,0.000000
1778064014.755461,zero_waiting,0,0,0,0.000000,0.000000,0.000000,0.000000,0.000000,0.000000,0.200000,0.000000,0.000000,0.000000,0.200000,0.000000,0.000000,0.000000,0.000000,0.000000,0.000000
1778064014.781338,zero_not_calibrated,0,0,0,0.000000,0.000000,0.000000,0.000000,0.000000,0.000000,0.200000,0.000000,0.000000,0.000000,0.200000,0.000000,0.000000,0.000000,0.000000,0.000000,0.000000
1778064014.805534,zero_waiting,0,0,0,0.000000,0.000000,0.000000,0.000000,0.000000,0.000000,0.200000,0.000000,0.000000,0.000000,0.200000,0.000000,0.000000,0.000000,0.000000,0.000000,0.000000
1778064014.815950,zero_not_calibrated,0,0,0,0.000000,0.000000,0.000000,0.000000,0.000000,0.000000,0.200000,0.000000,0.000000,0.000000,0.200000,0.000000,0.000000,0.000000,0.000000,0.000000,0.000000
1778064014.848417,zero_not_calibrated,0,0,0,0.000000,0.000000,0.000000,0.000000,0.000000,0.000000,0.200000,0.000000,0.000000,0.000000,0.200000,0.000000,0.000000,0.000000,0.000000,0.000000,0.000000
1778064014.855589,zero_waiting,0,0,0,0.000000,0.000000,0.000000,0.000000,0.000000,0.000000,0.200000,0.000000,0.000000,0.000000,0.200000,0.000000,0.000000,0.000000,0.000000,0.000000,0.000000
1778064014.888880,zero_not_calibrated,0,0,0,0.000000,0.000000,0.000000,0.000000,0.000000,0.000000,0.200000,0.000000,0.000000,0.000000,0.200000,0.000000,0.000000,0.000000,0.000000,0.000000,0.000000
1778064014.905608,zero_waiting,0,0,0,0.000000,0.000000,0.000000,0.000000,0.000000,0.000000,0.200000,0.000000,0.000000,0.000000,0.200000,0.000000,0.000000,0.000000,0.000000,0.000000,0.000000
1778064014.919321,zero_not_calibrated,0,0,0,0.000000,0.000000,0.000000,0.000000,0.000000,0.000000,0.200000,0.000000,0.000000,0.000000,0.200000,0.000000,0.000000,0.000000,0.000000,0.000000,0.000000
1778064014.952244,zero_not_calibrated,0,0,0,0.000000,0.000000,0.000000,0.000000,0.000000,0.000000,0.200000,0.000000,0.000000,0.000000,0.200000,0.000000,0.000000,0.000000,0.000000,0.000000,0.000000
1778064014.955426,zero_waiting,0,0,0,0.000000,0.000000,0.000000,0.000000,0.000000,0.000000,0.200000,0.000000,0.000000,0.000000,0.200000,0.000000,0.000000,0.000000,0.000000,0.000000,0.000000
1778064014.985294,zero_not_calibrated,0,0,0,0.000000,0.000000,0.000000,0.000000,0.000000,0.000000,0.200000,0.000000,0.000000,0.000000,0.200000,0.000000,0.000000,0.000000,0.000000,0.000000,0.000000
1778064015.005473,zero_waiting,0,0,0,0.000000,0.000000,0.000000,0.000000,0.000000,0.000000,0.200000,0.000000,0.000000,0.000000,0.200000,0.000000,0.000000,0.000000,0.000000,0.000000,0.000000
1778064015.017579,zero_not_calibrated,0,0,0,0.000000,0.000000,0.000000,0.000000,0.000000,0.000000,0.200000,0.000000,0.000000,0.000000,0.200000,0.000000,0.000000,0.000000,0.000000,0.000000,0.000000
1778064015.050946,zero_not_calibrated,0,0,0,0.000000,0.000000,0.000000,0.000000,0.000000,0.000000,0.200000,0.000000,0.000000,0.000000,0.200000,0.000000,0.000000,0.000000,0.000000,0.000000,0.000000
1778064015.055325,zero_waiting,0,0,0,0.000000,0.000000,0.000000,0.000000,0.000000,0.000000,0.200000,0.000000,0.000000,0.000000,0.200000,0.000000,0.000000,0.000000,0.000000,0.000000,0.000000
1778064015.083339,zero_not_calibrated,0,0,0,0.000000,0.000000,0.000000,0.000000,0.000000,0.000000,0.200000,0.000000,0.000000,0.000000,0.200000,0.000000,0.000000,0.000000,0.000000,0.000000,0.000000
1778064015.106333,zero_waiting,0,0,0,0.000000,0.000000,0.000000,0.000000,0.000000,0.000000,0.200000,0.000000,0.000000,0.000000,0.200000,0.000000,0.000000,0.000000,0.000000,0.000000,0.000000
1778064015.121500,zero_not_calibrated,0,0,0,0.000000,0.000000,0.000000,0.000000,0.000000,0.000000,0.200000,0.000000,0.000000,0.000000,0.200000,0.000000,0.000000,0.000000,0.000000,0.000000,0.000000
1778064015.149830,zero_not_calibrated,0,0,0,0.000000,0.000000,0.000000,0.000000,0.000000,0.000000,0.200000,0.000000,0.000000,0.000000,0.200000,0.000000,0.000000,0.000000,0.000000,0.000000,0.000000
1778064015.155499,zero_waiting,0,0,0,0.000000,0.000000,0.000000,0.000000,0.000000,0.000000,0.200000,0.000000,0.000000,0.000000,0.200000,0.000000,0.000000,0.000000,0.000000,0.000000,0.000000
1778064015.185635,zero_not_calibrated,0,0,0,0.000000,0.000000,0.000000,0.000000,0.000000,0.000000,0.200000,0.000000,0.000000,0.000000,0.200000,0.000000,0.000000,0.000000,0.000000,0.000000,0.000000
1778064015.205547,zero_waiting,0,0,0,0.000000,0.000000,0.000000,0.000000,0.000000,0.000000,0.200000,0.000000,0.000000,0.000000,0.200000,0.000000,0.000000,0.000000,0.000000,0.000000,0.000000
1778064015.220484,zero_not_calibrated,0,0,0,0.000000,0.000000,0.000000,0.000000,0.000000,0.000000,0.200000,0.000000,0.000000,0.000000,0.200000,0.000000,0.000000,0.000000,0.000000,0.000000,0.000000
1778064015.254745,zero_not_calibrated,0,0,0,0.000000,0.000000,0.000000,0.000000,0.000000,0.000000,0.200000,0.000000,0.000000,0.000000,0.200000,0.000000,0.000000,0.000000,0.000000,0.000000,0.000000
1778064015.255276,zero_waiting,0,0,0,0.000000,0.000000,0.000000,0.000000,0.000000,0.000000,0.200000,0.000000,0.000000,0.000000,0.200000,0.000000,0.000000,0.000000,0.000000,0.000000,0.000000
1778064015.285521,zero_not_calibrated,0,0,0,0.000000,0.000000,0.000000,0.000000,0.000000,0.000000,0.200000,0.000000,0.000000,0.000000,0.200000,0.000000,0.000000,0.000000,0.000000,0.000000,0.000000
1778064015.305537,zero_waiting,0,0,0,0.000000,0.000000,0.000000,0.000000,0.000000,0.000000,0.200000,0.000000,0.000000,0.000000,0.200000,0.000000,0.000000,0.000000,0.000000,0.000000,0.000000
1778064015.318496,zero_not_calibrated,0,0,0,0.000000,0.000000,0.000000,0.000000,0.000000,0.000000,0.200000,0.000000,0.000000,0.000000,0.200000,0.000000,0.000000,0.000000,0.000000,0.000000,0.000000
1778064015.351759,zero_not_calibrated,0,0,0,0.000000,0.000000,0.000000,0.000000,0.000000,0.000000,0.200000,0.000000,0.000000,0.000000,0.200000,0.000000,0.000000,0.000000,0.000000,0.000000,0.000000
1778064015.355338,zero_waiting,0,0,0,0.000000,0.000000,0.000000,0.000000,0.000000,0.000000,0.200000,0.000000,0.000000,0.000000,0.200000,0.000000,0.000000,0.000000,0.000000,0.000000,0.000000
1778064015.383822,zero_not_calibrated,0,0,0,0.000000,0.000000,0.000000,0.000000,0.000000,0.000000,0.200000,0.000000,0.000000,0.000000,0.200000,0.000000,0.000000,0.000000,0.000000,0.000000,0.000000
1778064015.405494,zero_waiting,0,0,0,0.000000,0.000000,0.000000,0.000000,0.000000,0.000000,0.200000,0.000000,0.000000,0.000000,0.200000,0.000000,0.000000,0.000000,0.000000,0.000000,0.000000
1778064015.417313,zero_not_calibrated,0,0,0,0.000000,0.000000,0.000000,0.000000,0.000000,0.000000,0.200000,0.000000,0.000000,0.000000,0.200000,0.000000,0.000000,0.000000,0.000000,0.000000,0.000000
1778064015.447884,zero_not_calibrated,0,0,0,0.000000,0.000000,0.000000,0.000000,0.000000,0.000000,0.200000,0.000000,0.000000,0.000000,0.200000,0.000000,0.000000,0.000000,0.000000,0.000000,0.000000
1778064015.456486,zero_waiting,0,0,0,0.000000,0.000000,0.000000,0.000000,0.000000,0.000000,0.200000,0.000000,0.000000,0.000000,0.200000,0.000000,0.000000,0.000000,0.000000,0.000000,0.000000
1778064015.482131,zero_not_calibrated,0,0,0,0.000000,0.000000,0.000000,0.000000,0.000000,0.000000,0.200000,0.000000,0.000000,0.000000,0.200000,0.000000,0.000000,0.000000,0.000000,0.000000,0.000000
1778064015.505655,zero_waiting,0,0,0,0.000000,0.000000,0.000000,0.000000,0.000000,0.000000,0.200000,0.000000,0.000000,0.000000,0.200000,0.000000,0.000000,0.000000,0.000000,0.000000,0.000000
1778064015.515564,zero_not_calibrated,0,0,0,0.000000,0.000000,0.000000,0.000000,0.000000,0.000000,0.200000,0.000000,0.000000,0.000000,0.200000,0.000000,0.000000,0.000000,0.000000,0.000000,0.000000
1778064015.551179,zero_not_calibrated,0,0,0,0.000000,0.000000,0.000000,0.000000,0.000000,0.000000,0.200000,0.000000,0.000000,0.000000,0.200000,0.000000,0.000000,0.000000,0.000000,0.000000,0.000000
1778064015.555533,zero_waiting,0,0,0,0.000000,0.000000,0.000000,0.000000,0.000000,0.000000,0.200000,0.000000,0.000000,0.000000,0.200000,0.000000,0.000000,0.000000,0.000000,0.000000,0.000000
1778064015.582236,zero_not_calibrated,0,0,0,0.000000,0.000000,0.000000,0.000000,0.000000,0.000000,0.200000,0.000000,0.000000,0.000000,0.200000,0.000000,0.000000,0.000000,0.000000,0.000000,0.000000
1778064015.605513,zero_waiting,0,0,0,0.000000,0.000000,0.000000,0.000000,0.000000,0.000000,0.200000,0.000000,0.000000,0.000000,0.200000,0.000000,0.000000,0.000000,0.000000,0.000000,0.000000
1778064015.617604,zero_not_calibrated,0,0,0,0.000000,0.000000,0.000000,0.000000,0.000000,0.000000,0.200000,0.000000,0.000000,0.000000,0.200000,0.000000,0.000000,0.000000,0.000000,0.000000,0.000000
1778064015.653252,zero_not_calibrated,0,0,0,0.000000,0.000000,0.000000,0.000000,0.000000,0.000000,0.200000,0.000000,0.000000,0.000000,0.200000,0.000000,0.000000,0.000000,0.000000,0.000000,0.000000
1778064015.655369,zero_waiting,0,0,0,0.000000,0.000000,0.000000,0.000000,0.000000,0.000000,0.200000,0.000000,0.000000,0.000000,0.200000,0.000000,0.000000,0.000000,0.000000,0.000000,0.000000
1778064015.687343,zero_not_calibrated,0,0,0,0.000000,0.000000,0.000000,0.000000,0.000000,0.000000,0.200000,0.000000,0.000000,0.000000,0.200000,0.000000,0.000000,0.000000,0.000000,0.000000,0.000000
1778064015.705604,zero_waiting,0,0,0,0.000000,0.000000,0.000000,0.000000,0.000000,0.000000,0.200000,0.000000,0.000000,0.000000,0.200000,0.000000,0.000000,0.000000,0.000000,0.000000,0.000000
1778064015.720051,zero_not_calibrated,0,0,0,0.000000,0.000000,0.000000,0.000000,0.000000,0.000000,0.200000,0.000000,0.000000,0.000000,0.200000,0.000000,0.000000,0.000000,0.000000,0.000000,0.000000
1778064015.752222,zero_not_calibrated,0,0,0,0.000000,0.000000,0.000000,0.000000,0.000000,0.000000,0.200000,0.000000,0.000000,0.000000,0.200000,0.000000,0.000000,0.000000,0.000000,0.000000,0.000000
1778064015.755300,zero_waiting,0,0,0,0.000000,0.000000,0.000000,0.000000,0.000000,0.000000,0.200000,0.000000,0.000000,0.000000,0.200000,0.000000,0.000000,0.000000,0.000000,0.000000,0.000000
1778064015.784645,zero_not_calibrated,0,0,0,0.000000,0.000000,0.000000,0.000000,0.000000,0.000000,0.200000,0.000000,0.000000,0.000000,0.200000,0.000000,0.000000,0.000000,0.000000,0.000000,0.000000
1778064015.806365,zero_waiting,0,0,0,0.000000,0.000000,0.000000,0.000000,0.000000,0.000000,0.200000,0.000000,0.000000,0.000000,0.200000,0.000000,0.000000,0.000000,0.000000,0.000000,0.000000
1778064015.817514,zero_not_calibrated,0,0,0,0.000000,0.000000,0.000000,0.000000,0.000000,0.000000,0.200000,0.000000,0.000000,0.000000,0.200000,0.000000,0.000000,0.000000,0.000000,0.000000,0.000000
1778064015.850261,zero_not_calibrated,0,0,0,0.000000,0.000000,0.000000,0.000000,0.000000,0.000000,0.200000,0.000000,0.000000,0.000000,0.200000,0.000000,0.000000,0.000000,0.000000,0.000000,0.000000
1778064015.855375,zero_waiting,0,0,0,0.000000,0.000000,0.000000,0.000000,0.000000,0.000000,0.200000,0.000000,0.000000,0.000000,0.200000,0.000000,0.000000,0.000000,0.000000,0.000000,0.000000
1778064015.885016,zero_not_calibrated,0,0,0,0.000000,0.000000,0.000000,0.000000,0.000000,0.000000,0.200000,0.000000,0.000000,0.000000,0.200000,0.000000,0.000000,0.000000,0.000000,0.000000,0.000000
1778064015.905967,zero_waiting,0,0,0,0.000000,0.000000,0.000000,0.000000,0.000000,0.000000,0.200000,0.000000,0.000000,0.000000,0.200000,0.000000,0.000000,0.000000,0.000000,0.000000,0.000000
1778064015.918850,zero_not_calibrated,0,0,0,0.000000,0.000000,0.000000,0.000000,0.000000,0.000000,0.200000,0.000000,0.000000,0.000000,0.200000,0.000000,0.000000,0.000000,0.000000,0.000000,0.000000
1778064015.952302,zero_not_calibrated,0,0,0,0.000000,0.000000,0.000000,0.000000,0.000000,0.000000,0.200000,0.000000,0.000000,0.000000,0.200000,0.000000,0.000000,0.000000,0.000000,0.000000,0.000000
1778064015.955306,zero_waiting,0,0,0,0.000000,0.000000,0.000000,0.000000,0.000000,0.000000,0.200000,0.000000,0.000000,0.000000,0.200000,0.000000,0.000000,0.000000,0.000000,0.000000,0.000000
1778064015.985959,zero_not_calibrated,0,0,0,0.000000,0.000000,0.000000,0.000000,0.000000,0.000000,0.200000,0.000000,0.000000,0.000000,0.200000,0.000000,0.000000,0.000000,0.000000,0.000000,0.000000
1778064016.005524,zero_waiting,0,0,0,0.000000,0.000000,0.000000,0.000000,0.000000,0.000000,0.200000,0.000000,0.000000,0.000000,0.200000,0.000000,0.000000,0.000000,0.000000,0.000000,0.000000
1778064016.018256,zero_not_calibrated,0,0,0,0.000000,0.000000,0.000000,0.000000,0.000000,0.000000,0.200000,0.000000,0.000000,0.000000,0.200000,0.000000,0.000000,0.000000,0.000000,0.000000,0.000000
1778064016.055054,zero_not_calibrated,0,0,0,0.000000,0.000000,0.000000,0.000000,0.000000,0.000000,0.200000,0.000000,0.000000,0.000000,0.200000,0.000000,0.000000,0.000000,0.000000,0.000000,0.000000
1778064016.055414,zero_waiting,0,0,0,0.000000,0.000000,0.000000,0.000000,0.000000,0.000000,0.200000,0.000000,0.000000,0.000000,0.200000,0.000000,0.000000,0.000000,0.000000,0.000000,0.000000
1778064016.084374,zero_not_calibrated,0,0,0,0.000000,0.000000,0.000000,0.000000,0.000000,0.000000,0.200000,0.000000,0.000000,0.000000,0.200000,0.000000,0.000000,0.000000,0.000000,0.000000,0.000000
1778064016.105629,zero_waiting,0,0,0,0.000000,0.000000,0.000000,0.000000,0.000000,0.000000,0.200000,0.000000,0.000000,0.000000,0.200000,0.000000,0.000000,0.000000,0.000000,0.000000,0.000000
1778064016.122018,zero_not_calibrated,0,0,0,0.000000,0.000000,0.000000,0.000000,0.000000,0.000000,0.200000,0.000000,0.000000,0.000000,0.200000,0.000000,0.000000,0.000000,0.000000,0.000000,0.000000
1778064016.148913,zero_not_calibrated,0,0,0,0.000000,0.000000,0.000000,0.000000,0.000000,0.000000,0.200000,0.000000,0.000000,0.000000,0.200000,0.000000,0.000000,0.000000,0.000000,0.000000,0.000000
1778064016.155469,zero_waiting,0,0,0,0.000000,0.000000,0.000000,0.000000,0.000000,0.000000,0.200000,0.000000,0.000000,0.000000,0.200000,0.000000,0.000000,0.000000,0.000000,0.000000,0.000000
1778064016.185557,zero_not_calibrated,0,0,0,0.000000,0.000000,0.000000,0.000000,0.000000,0.000000,0.200000,0.000000,0.000000,0.000000,0.200000,0.000000,0.000000,0.000000,0.000000,0.000000,0.000000
1778064016.205467,zero_waiting,0,0,0,0.000000,0.000000,0.000000,0.000000,0.000000,0.000000,0.200000,0.000000,0.000000,0.000000,0.200000,0.000000,0.000000,0.000000,0.000000,0.000000,0.000000
1778064016.216910,zero_not_calibrated,0,0,0,0.000000,0.000000,0.000000,0.000000,0.000000,0.000000,0.200000,0.000000,0.000000,0.000000,0.200000,0.000000,0.000000,0.000000,0.000000,0.000000,0.000000
1778064016.251312,zero_not_calibrated,0,0,0,0.000000,0.000000,0.000000,0.000000,0.000000,0.000000,0.200000,0.000000,0.000000,0.000000,0.200000,0.000000,0.000000,0.000000,0.000000,0.000000,0.000000
1778064016.255626,zero_waiting,0,0,0,0.000000,0.000000,0.000000,0.000000,0.000000,0.000000,0.200000,0.000000,0.000000,0.000000,0.200000,0.000000,0.000000,0.000000,0.000000,0.000000,0.000000
1778064016.282518,zero_not_calibrated,0,0,0,0.000000,0.000000,0.000000,0.000000,0.000000,0.000000,0.200000,0.000000,0.000000,0.000000,0.200000,0.000000,0.000000,0.000000,0.000000,0.000000,0.000000
1778064016.305522,zero_waiting,0,0,0,0.000000,0.000000,0.000000,0.000000,0.000000,0.000000,0.200000,0.000000,0.000000,0.000000,0.200000,0.000000,0.000000,0.000000,0.000000,0.000000,0.000000
1778064016.315997,zero_not_calibrated,0,0,0,0.000000,0.000000,0.000000,0.000000,0.000000,0.000000,0.200000,0.000000,0.000000,0.000000,0.200000,0.000000,0.000000,0.000000,0.000000,0.000000,0.000000
1778064016.351094,zero_not_calibrated,0,0,0,0.000000,0.000000,0.000000,0.000000,0.000000,0.000000,0.200000,0.000000,0.000000,0.000000,0.200000,0.000000,0.000000,0.000000,0.000000,0.000000,0.000000
1778064016.355568,zero_waiting,0,0,0,0.000000,0.000000,0.000000,0.000000,0.000000,0.000000,0.200000,0.000000,0.000000,0.000000,0.200000,0.000000,0.000000,0.000000,0.000000,0.000000,0.000000
1778064016.382204,zero_not_calibrated,0,0,0,0.000000,0.000000,0.000000,0.000000,0.000000,0.000000,0.200000,0.000000,0.000000,0.000000,0.200000,0.000000,0.000000,0.000000,0.000000,0.000000,0.000000
1778064016.405647,zero_waiting,0,0,0,0.000000,0.000000,0.000000,0.000000,0.000000,0.000000,0.200000,0.000000,0.000000,0.000000,0.200000,0.000000,0.000000,0.000000,0.000000,0.000000,0.000000
1778064016.413933,zero_not_calibrated,0,0,0,0.000000,0.000000,0.000000,0.000000,0.000000,0.000000,0.200000,0.000000,0.000000,0.000000,0.200000,0.000000,0.000000,0.000000,0.000000,0.000000,0.000000
1778064016.455492,zero_waiting,0,0,0,0.000000,0.000000,0.000000,0.000000,0.000000,0.000000,0.200000,0.000000,0.000000,0.000000,0.200000,0.000000,0.000000,0.000000,0.000000,0.000000,0.000000
1778064016.455997,zero_not_calibrated,0,0,0,0.000000,0.000000,0.000000,0.000000,0.000000,0.000000,0.200000,0.000000,0.000000,0.000000,0.200000,0.000000,0.000000,0.000000,0.000000,0.000000,0.000000
1778064016.486024,zero_not_calibrated,0,0,0,0.000000,0.000000,0.000000,0.000000,0.000000,0.000000,0.200000,0.000000,0.000000,0.000000,0.200000,0.000000,0.000000,0.000000,0.000000,0.000000,0.000000
1778064016.505516,zero_waiting,0,0,0,0.000000,0.000000,0.000000,0.000000,0.000000,0.000000,0.200000,0.000000,0.000000,0.000000,0.200000,0.000000,0.000000,0.000000,0.000000,0.000000,0.000000
1778064016.518614,zero_not_calibrated,0,0,0,0.000000,0.000000,0.000000,0.000000,0.000000,0.000000,0.200000,0.000000,0.000000,0.000000,0.200000,0.000000,0.000000,0.000000,0.000000,0.000000,0.000000
1778064016.555593,zero_waiting,0,0,0,0.000000,0.000000,0.000000,0.000000,0.000000,0.000000,0.200000,0.000000,0.000000,0.000000,0.200000,0.000000,0.000000,0.000000,0.000000,0.000000,0.000000
1778064016.556797,zero_not_calibrated,0,0,0,0.000000,0.000000,0.000000,0.000000,0.000000,0.000000,0.200000,0.000000,0.000000,0.000000,0.200000,0.000000,0.000000,0.000000,0.000000,0.000000,0.000000
1778064016.587032,zero_not_calibrated,0,0,0,0.000000,0.000000,0.000000,0.000000,0.000000,0.000000,0.200000,0.000000,0.000000,0.000000,0.200000,0.000000,0.000000,0.000000,0.000000,0.000000,0.000000
1778064016.605709,zero_waiting,0,0,0,0.000000,0.000000,0.000000,0.000000,0.000000,0.000000,0.200000,0.000000,0.000000,0.000000,0.200000,0.000000,0.000000,0.000000,0.000000,0.000000,0.000000
1778064016.624579,zero_not_calibrated,0,0,0,0.000000,0.000000,0.000000,0.000000,0.000000,0.000000,0.200000,0.000000,0.000000,0.000000,0.200000,0.000000,0.000000,0.000000,0.000000,0.000000,0.000000
1778064016.654157,zero_not_calibrated,0,0,0,0.000000,0.000000,0.000000,0.000000,0.000000,0.000000,0.200000,0.000000,0.000000,0.000000,0.200000,0.000000,0.000000,0.000000,0.000000,0.000000,0.000000
1778064016.655380,zero_waiting,0,0,0,0.000000,0.000000,0.000000,0.000000,0.000000,0.000000,0.200000,0.000000,0.000000,0.000000,0.200000,0.000000,0.000000,0.000000,0.000000,0.000000,0.000000
1778064016.691098,zero_not_calibrated,0,0,0,0.000000,0.000000,0.000000,0.000000,0.000000,0.000000,0.200000,0.000000,0.000000,0.000000,0.200000,0.000000,0.000000,0.000000,0.000000,0.000000,0.000000
1778064016.705570,zero_waiting,0,0,0,0.000000,0.000000,0.000000,0.000000,0.000000,0.000000,0.200000,0.000000,0.000000,0.000000,0.200000,0.000000,0.000000,0.000000,0.000000,0.000000,0.000000
1778064016.721104,zero_not_calibrated,0,0,0,0.000000,0.000000,0.000000,0.000000,0.000000,0.000000,0.200000,0.000000,0.000000,0.000000,0.200000,0.000000,0.000000,0.000000,0.000000,0.000000,0.000000
1778064016.750425,zero_not_calibrated,0,0,0,0.000000,0.000000,0.000000,0.000000,0.000000,0.000000,0.200000,0.000000,0.000000,0.000000,0.200000,0.000000,0.000000,0.000000,0.000000,0.000000,0.000000
1778064016.755443,zero_waiting,0,0,0,0.000000,0.000000,0.000000,0.000000,0.000000,0.000000,0.200000,0.000000,0.000000,0.000000,0.200000,0.000000,0.000000,0.000000,0.000000,0.000000,0.000000
1778064016.784941,zero_not_calibrated,0,0,0,0.000000,0.000000,0.000000,0.000000,0.000000,0.000000,0.200000,0.000000,0.000000,0.000000,0.200000,0.000000,0.000000,0.000000,0.000000,0.000000,0.000000
1778064016.805560,zero_waiting,0,0,0,0.000000,0.000000,0.000000,0.000000,0.000000,0.000000,0.200000,0.000000,0.000000,0.000000,0.200000,0.000000,0.000000,0.000000,0.000000,0.000000,0.000000
1778064016.819525,zero_not_calibrated,0,0,0,0.000000,0.000000,0.000000,0.000000,0.000000,0.000000,0.200000,0.000000,0.000000,0.000000,0.200000,0.000000,0.000000,0.000000,0.000000,0.000000,0.000000
1778064016.853199,zero_not_calibrated,0,0,0,0.000000,0.000000,0.000000,0.000000,0.000000,0.000000,0.200000,0.000000,0.000000,0.000000,0.200000,0.000000,0.000000,0.000000,0.000000,0.000000,0.000000
1778064016.855440,zero_waiting,0,0,0,0.000000,0.000000,0.000000,0.000000,0.000000,0.000000,0.200000,0.000000,0.000000,0.000000,0.200000,0.000000,0.000000,0.000000,0.000000,0.000000,0.000000
1778064016.885748,zero_not_calibrated,0,0,0,0.000000,0.000000,0.000000,0.000000,0.000000,0.000000,0.200000,0.000000,0.000000,0.000000,0.200000,0.000000,0.000000,0.000000,0.000000,0.000000,0.000000
1778064016.905556,zero_waiting,0,0,0,0.000000,0.000000,0.000000,0.000000,0.000000,0.000000,0.200000,0.000000,0.000000,0.000000,0.200000,0.000000,0.000000,0.000000,0.000000,0.000000,0.000000
1778064016.917647,zero_not_calibrated,0,0,0,0.000000,0.000000,0.000000,0.000000,0.000000,0.000000,0.200000,0.000000,0.000000,0.000000,0.200000,0.000000,0.000000,0.000000,0.000000,0.000000,0.000000
1778064016.951198,zero_not_calibrated,0,0,0,0.000000,0.000000,0.000000,0.000000,0.000000,0.000000,0.200000,0.000000,0.000000,0.000000,0.200000,0.000000,0.000000,0.000000,0.000000,0.000000,0.000000
1778064016.955425,zero_waiting,0,0,0,0.000000,0.000000,0.000000,0.000000,0.000000,0.000000,0.200000,0.000000,0.000000,0.000000,0.200000,0.000000,0.000000,0.000000,0.000000,0.000000,0.000000
1778064016.983757,zero_not_calibrated,0,0,0,0.000000,0.000000,0.000000,0.000000,0.000000,0.000000,0.200000,0.000000,0.000000,0.000000,0.200000,0.000000,0.000000,0.000000,0.000000,0.000000,0.000000
1778064017.005602,zero_waiting,0,0,0,0.000000,0.000000,0.000000,0.000000,0.000000,0.000000,0.200000,0.000000,0.000000,0.000000,0.200000,0.000000,0.000000,0.000000,0.000000,0.000000,0.000000
1778064017.017440,zero_not_calibrated,0,0,0,0.000000,0.000000,0.000000,0.000000,0.000000,0.000000,0.200000,0.000000,0.000000,0.000000,0.200000,0.000000,0.000000,0.000000,0.000000,0.000000,0.000000
1778064017.048431,zero_not_calibrated,0,0,0,0.000000,0.000000,0.000000,0.000000,0.000000,0.000000,0.200000,0.000000,0.000000,0.000000,0.200000,0.000000,0.000000,0.000000,0.000000,0.000000,0.000000
1778064017.055463,zero_waiting,0,0,0,0.000000,0.000000,0.000000,0.000000,0.000000,0.000000,0.200000,0.000000,0.000000,0.000000,0.200000,0.000000,0.000000,0.000000,0.000000,0.000000,0.000000
1778064017.086699,zero_not_calibrated,0,0,0,0.000000,0.000000,0.000000,0.000000,0.000000,0.000000,0.200000,0.000000,0.000000,0.000000,0.200000,0.000000,0.000000,0.000000,0.000000,0.000000,0.000000
1778064017.105787,zero_waiting,0,0,0,0.000000,0.000000,0.000000,0.000000,0.000000,0.000000,0.200000,0.000000,0.000000,0.000000,0.200000,0.000000,0.000000,0.000000,0.000000,0.000000,0.000000
1778064017.116872,zero_not_calibrated,0,0,0,0.000000,0.000000,0.000000,0.000000,0.000000,0.000000,0.200000,0.000000,0.000000,0.000000,0.200000,0.000000,0.000000,0.000000,0.000000,0.000000,0.000000
1778064017.149209,zero_not_calibrated,0,0,0,0.000000,0.000000,0.000000,0.000000,0.000000,0.000000,0.200000,0.000000,0.000000,0.000000,0.200000,0.000000,0.000000,0.000000,0.000000,0.000000,0.000000
1778064017.155796,zero_waiting,0,0,0,0.000000,0.000000,0.000000,0.000000,0.000000,0.000000,0.200000,0.000000,0.000000,0.000000,0.200000,0.000000,0.000000,0.000000,0.000000,0.000000,0.000000
1778064017.191679,zero_not_calibrated,0,0,0,0.000000,0.000000,0.000000,0.000000,0.000000,0.000000,0.200000,0.000000,0.000000,0.000000,0.200000,0.000000,0.000000,0.000000,0.000000,0.000000,0.000000
1778064017.205720,zero_waiting,0,0,0,0.000000,0.000000,0.000000,0.000000,0.000000,0.000000,0.200000,0.000000,0.000000,0.000000,0.200000,0.000000,0.000000,0.000000,0.000000,0.000000,0.000000
1778064017.223050,zero_not_calibrated,0,0,0,0.000000,0.000000,0.000000,0.000000,0.000000,0.000000,0.200000,0.000000,0.000000,0.000000,0.200000,0.000000,0.000000,0.000000,0.000000,0.000000,0.000000
1778064017.249375,zero_not_calibrated,0,0,0,0.000000,0.000000,0.000000,0.000000,0.000000,0.000000,0.200000,0.000000,0.000000,0.000000,0.200000,0.000000,0.000000,0.000000,0.000000,0.000000,0.000000
1778064017.255562,zero_waiting,0,0,0,0.000000,0.000000,0.000000,0.000000,0.000000,0.000000,0.200000,0.000000,0.000000,0.000000,0.200000,0.000000,0.000000,0.000000,0.000000,0.000000,0.000000
1778064017.283172,zero_not_calibrated,0,0,0,0.000000,0.000000,0.000000,0.000000,0.000000,0.000000,0.200000,0.000000,0.000000,0.000000,0.200000,0.000000,0.000000,0.000000,0.000000,0.000000,0.000000
1778064017.305604,zero_waiting,0,0,0,0.000000,0.000000,0.000000,0.000000,0.000000,0.000000,0.200000,0.000000,0.000000,0.000000,0.200000,0.000000,0.000000,0.000000,0.000000,0.000000,0.000000
1778064017.320349,zero_not_calibrated,0,0,0,0.000000,0.000000,0.000000,0.000000,0.000000,0.000000,0.200000,0.000000,0.000000,0.000000,0.200000,0.000000,0.000000,0.000000,0.000000,0.000000,0.000000
1778064017.355493,zero_waiting,0,0,0,0.000000,0.000000,0.000000,0.000000,0.000000,0.000000,0.200000,0.000000,0.000000,0.000000,0.200000,0.000000,0.000000,0.000000,0.000000,0.000000,0.000000
1778064017.358795,zero_not_calibrated,0,0,0,0.000000,0.000000,0.000000,0.000000,0.000000,0.000000,0.200000,0.000000,0.000000,0.000000,0.200000,0.000000,0.000000,0.000000,0.000000,0.000000,0.000000
1778064017.389014,zero_not_calibrated,0,0,0,0.000000,0.000000,0.000000,0.000000,0.000000,0.000000,0.200000,0.000000,0.000000,0.000000,0.200000,0.000000,0.000000,0.000000,0.000000,0.000000,0.000000
1778064017.406361,zero_waiting,0,0,0,0.000000,0.000000,0.000000,0.000000,0.000000,0.000000,0.200000,0.000000,0.000000,0.000000,0.200000,0.000000,0.000000,0.000000,0.000000,0.000000,0.000000
1778064017.418860,zero_not_calibrated,0,0,0,0.000000,0.000000,0.000000,0.000000,0.000000,0.000000,0.200000,0.000000,0.000000,0.000000,0.200000,0.000000,0.000000,0.000000,0.000000,0.000000,0.000000
1778064017.451016,zero_not_calibrated,0,0,0,0.000000,0.000000,0.000000,0.000000,0.000000,0.000000,0.200000,0.000000,0.000000,0.000000,0.200000,0.000000,0.000000,0.000000,0.000000,0.000000,0.000000
1778064017.455510,zero_waiting,0,0,0,0.000000,0.000000,0.000000,0.000000,0.000000,0.000000,0.200000,0.000000,0.000000,0.000000,0.200000,0.000000,0.000000,0.000000,0.000000,0.000000,0.000000
1778064017.487286,zero_not_calibrated,0,0,0,0.000000,0.000000,0.000000,0.000000,0.000000,0.000000,0.200000,0.000000,0.000000,0.000000,0.200000,0.000000,0.000000,0.000000,0.000000,0.000000,0.000000
1778064017.506069,zero_waiting,0,0,0,0.000000,0.000000,0.000000,0.000000,0.000000,0.000000,0.200000,0.000000,0.000000,0.000000,0.200000,0.000000,0.000000,0.000000,0.000000,0.000000,0.000000
1778064017.520012,zero_not_calibrated,0,0,0,0.000000,0.000000,0.000000,0.000000,0.000000,0.000000,0.200000,0.000000,0.000000,0.000000,0.200000,0.000000,0.000000,0.000000,0.000000,0.000000,0.000000
1778064017.554620,zero_not_calibrated,0,0,0,0.000000,0.000000,0.000000,0.000000,0.000000,0.000000,0.200000,0.000000,0.000000,0.000000,0.200000,0.000000,0.000000,0.000000,0.000000,0.000000,0.000000
1778064017.555282,zero_waiting,0,0,0,0.000000,0.000000,0.000000,0.000000,0.000000,0.000000,0.200000,0.000000,0.000000,0.000000,0.200000,0.000000,0.000000,0.000000,0.000000,0.000000,0.000000
1778064017.584324,zero_not_calibrated,0,0,0,0.000000,0.000000,0.000000,0.000000,0.000000,0.000000,0.200000,0.000000,0.000000,0.000000,0.200000,0.000000,0.000000,0.000000,0.000000,0.000000,0.000000
1778064017.605591,zero_waiting,0,0,0,0.000000,0.000000,0.000000,0.000000,0.000000,0.000000,0.200000,0.000000,0.000000,0.000000,0.200000,0.000000,0.000000,0.000000,0.000000,0.000000,0.000000
1778064017.619223,zero_not_calibrated,0,0,0,0.000000,0.000000,0.000000,0.000000,0.000000,0.000000,0.200000,0.000000,0.000000,0.000000,0.200000,0.000000,0.000000,0.000000,0.000000,0.000000,0.000000
1778064017.651773,zero_not_calibrated,0,0,0,0.000000,0.000000,0.000000,0.000000,0.000000,0.000000,0.200000,0.000000,0.000000,0.000000,0.200000,0.000000,0.000000,0.000000,0.000000,0.000000,0.000000
1778064017.655368,zero_waiting,0,0,0,0.000000,0.000000,0.000000,0.000000,0.000000,0.000000,0.200000,0.000000,0.000000,0.000000,0.200000,0.000000,0.000000,0.000000,0.000000,0.000000,0.000000
1778064017.688130,zero_not_calibrated,0,0,0,0.000000,0.000000,0.000000,0.000000,0.000000,0.000000,0.200000,0.000000,0.000000,0.000000,0.200000,0.000000,0.000000,0.000000,0.000000,0.000000,0.000000
1778064017.705615,zero_waiting,0,0,0,0.000000,0.000000,0.000000,0.000000,0.000000,0.000000,0.200000,0.000000,0.000000,0.000000,0.200000,0.000000,0.000000,0.000000,0.000000,0.000000,0.000000
1778064017.718411,zero_not_calibrated,0,0,0,0.000000,0.000000,0.000000,0.000000,0.000000,0.000000,0.200000,0.000000,0.000000,0.000000,0.200000,0.000000,0.000000,0.000000,0.000000,0.000000,0.000000
1778064017.751607,zero_not_calibrated,0,0,0,0.000000,0.000000,0.000000,0.000000,0.000000,0.000000,0.200000,0.000000,0.000000,0.000000,0.200000,0.000000,0.000000,0.000000,0.000000,0.000000,0.000000
1778064017.755358,zero_waiting,0,0,0,0.000000,0.000000,0.000000,0.000000,0.000000,0.000000,0.200000,0.000000,0.000000,0.000000,0.200000,0.000000,0.000000,0.000000,0.000000,0.000000,0.000000
1778064017.783666,zero_not_calibrated,0,0,0,0.000000,0.000000,0.000000,0.000000,0.000000,0.000000,0.200000,0.000000,0.000000,0.000000,0.200000,0.000000,0.000000,0.000000,0.000000,0.000000,0.000000
1778064017.805619,zero_waiting,0,0,0,0.000000,0.000000,0.000000,0.000000,0.000000,0.000000,0.200000,0.000000,0.000000,0.000000,0.200000,0.000000,0.000000,0.000000,0.000000,0.000000,0.000000
1778064017.816423,zero_not_calibrated,0,0,0,0.000000,0.000000,0.000000,0.000000,0.000000,0.000000,0.200000,0.000000,0.000000,0.000000,0.200000,0.000000,0.000000,0.000000,0.000000,0.000000,0.000000
1778064017.847910,zero_not_calibrated,0,0,0,0.000000,0.000000,0.000000,0.000000,0.000000,0.000000,0.200000,0.000000,0.000000,0.000000,0.200000,0.000000,0.000000,0.000000,0.000000,0.000000,0.000000
1778064017.855820,zero_waiting,0,0,0,0.000000,0.000000,0.000000,0.000000,0.000000,0.000000,0.200000,0.000000,0.000000,0.000000,0.200000,0.000000,0.000000,0.000000,0.000000,0.000000,0.000000
1778064017.882731,zero_not_calibrated,0,0,0,0.000000,0.000000,0.000000,0.000000,0.000000,0.000000,0.200000,0.000000,0.000000,0.000000,0.200000,0.000000,0.000000,0.000000,0.000000,0.000000,0.000000
1778064017.905630,zero_waiting,0,0,0,0.000000,0.000000,0.000000,0.000000,0.000000,0.000000,0.200000,0.000000,0.000000,0.000000,0.200000,0.000000,0.000000,0.000000,0.000000,0.000000,0.000000
1778064017.919338,zero_not_calibrated,0,0,0,0.000000,0.000000,0.000000,0.000000,0.000000,0.000000,0.200000,0.000000,0.000000,0.000000,0.200000,0.000000,0.000000,0.000000,0.000000,0.000000,0.000000
1778064017.949713,zero_not_calibrated,0,0,0,0.000000,0.000000,0.000000,0.000000,0.000000,0.000000,0.200000,0.000000,0.000000,0.000000,0.200000,0.000000,0.000000,0.000000,0.000000,0.000000,0.000000
1778064017.955751,zero_waiting,0,0,0,0.000000,0.000000,0.000000,0.000000,0.000000,0.000000,0.200000,0.000000,0.000000,0.000000,0.200000,0.000000,0.000000,0.000000,0.000000,0.000000,0.000000
1778064017.989291,zero_not_calibrated,0,0,0,0.000000,0.000000,0.000000,0.000000,0.000000,0.000000,0.200000,0.000000,0.000000,0.000000,0.200000,0.000000,0.000000,0.000000,0.000000,0.000000,0.000000
1778064018.005754,zero_waiting,0,0,0,0.000000,0.000000,0.000000,0.000000,0.000000,0.000000,0.200000,0.000000,0.000000,0.000000,0.200000,0.000000,0.000000,0.000000,0.000000,0.000000,0.000000
1778064018.016134,zero_not_calibrated,0,0,0,0.000000,0.000000,0.000000,0.000000,0.000000,0.000000,0.200000,0.000000,0.000000,0.000000,0.200000,0.000000,0.000000,0.000000,0.000000,0.000000,0.000000
1778064018.053549,zero_not_calibrated,0,0,0,0.000000,0.000000,0.000000,0.000000,0.000000,0.000000,0.200000,0.000000,0.000000,0.000000,0.200000,0.000000,0.000000,0.000000,0.000000,0.000000,0.000000
1778064018.055304,zero_waiting,0,0,0,0.000000,0.000000,0.000000,0.000000,0.000000,0.000000,0.200000,0.000000,0.000000,0.000000,0.200000,0.000000,0.000000,0.000000,0.000000,0.000000,0.000000
1778064018.084822,zero_not_calibrated,0,0,0,0.000000,0.000000,0.000000,0.000000,0.000000,0.000000,0.200000,0.000000,0.000000,0.000000,0.200000,0.000000,0.000000,0.000000,0.000000,0.000000,0.000000
1778064018.105791,zero_waiting,0,0,0,0.000000,0.000000,0.000000,0.000000,0.000000,0.000000,0.200000,0.000000,0.000000,0.000000,0.200000,0.000000,0.000000,0.000000,0.000000,0.000000,0.000000
1778064018.119303,zero_not_calibrated,0,0,0,0.000000,0.000000,0.000000,0.000000,0.000000,0.000000,0.200000,0.000000,0.000000,0.000000,0.200000,0.000000,0.000000,0.000000,0.000000,0.000000,0.000000
1778064018.151133,zero_not_calibrated,0,0,0,0.000000,0.000000,0.000000,0.000000,0.000000,0.000000,0.200000,0.000000,0.000000,0.000000,0.200000,0.000000,0.000000,0.000000,0.000000,0.000000,0.000000
1778064018.155591,zero_waiting,0,0,0,0.000000,0.000000,0.000000,0.000000,0.000000,0.000000,0.200000,0.000000,0.000000,0.000000,0.200000,0.000000,0.000000,0.000000,0.000000,0.000000,0.000000
1778064018.191515,zero_not_calibrated,0,0,0,0.000000,0.000000,0.000000,0.000000,0.000000,0.000000,0.200000,0.000000,0.000000,0.000000,0.200000,0.000000,0.000000,0.000000,0.000000,0.000000,0.000000
1778064018.205529,zero_waiting,0,0,0,0.000000,0.000000,0.000000,0.000000,0.000000,0.000000,0.200000,0.000000,0.000000,0.000000,0.200000,0.000000,0.000000,0.000000,0.000000,0.000000,0.000000
1778064018.220119,zero_not_calibrated,0,0,0,0.000000,0.000000,0.000000,0.000000,0.000000,0.000000,0.200000,0.000000,0.000000,0.000000,0.200000,0.000000,0.000000,0.000000,0.000000,0.000000,0.000000
1778064018.253343,zero_not_calibrated,0,0,0,0.000000,0.000000,0.000000,0.000000,0.000000,0.000000,0.200000,0.000000,0.000000,0.000000,0.200000,0.000000,0.000000,0.000000,0.000000,0.000000,0.000000
1778064018.255334,zero_waiting,0,0,0,0.000000,0.000000,0.000000,0.000000,0.000000,0.000000,0.200000,0.000000,0.000000,0.000000,0.200000,0.000000,0.000000,0.000000,0.000000,0.000000,0.000000
1778064018.285035,zero_not_calibrated,0,0,0,0.000000,0.000000,0.000000,0.000000,0.000000,0.000000,0.200000,0.000000,0.000000,0.000000,0.200000,0.000000,0.000000,0.000000,0.000000,0.000000,0.000000
1778064018.305657,zero_waiting,0,0,0,0.000000,0.000000,0.000000,0.000000,0.000000,0.000000,0.200000,0.000000,0.000000,0.000000,0.200000,0.000000,0.000000,0.000000,0.000000,0.000000,0.000000
1778064018.319170,zero_not_calibrated,0,0,0,0.000000,0.000000,0.000000,0.000000,0.000000,0.000000,0.200000,0.000000,0.000000,0.000000,0.200000,0.000000,0.000000,0.000000,0.000000,0.000000,0.000000
1778064018.351041,zero_not_calibrated,0,0,0,0.000000,0.000000,0.000000,0.000000,0.000000,0.000000,0.200000,0.000000,0.000000,0.000000,0.200000,0.000000,0.000000,0.000000,0.000000,0.000000,0.000000
1778064018.355407,zero_waiting,0,0,0,0.000000,0.000000,0.000000,0.000000,0.000000,0.000000,0.200000,0.000000,0.000000,0.000000,0.200000,0.000000,0.000000,0.000000,0.000000,0.000000,0.000000
1778064018.385801,zero_not_calibrated,0,0,0,0.000000,0.000000,0.000000,0.000000,0.000000,0.000000,0.200000,0.000000,0.000000,0.000000,0.200000,0.000000,0.000000,0.000000,0.000000,0.000000,0.000000
1778064018.405607,zero_waiting,0,0,0,0.000000,0.000000,0.000000,0.000000,0.000000,0.000000,0.200000,0.000000,0.000000,0.000000,0.200000,0.000000,0.000000,0.000000,0.000000,0.000000,0.000000
1778064018.419291,zero_not_calibrated,0,0,0,0.000000,0.000000,0.000000,0.000000,0.000000,0.000000,0.200000,0.000000,0.000000,0.000000,0.200000,0.000000,0.000000,0.000000,0.000000,0.000000,0.000000
1778064018.452291,zero_not_calibrated,0,0,0,0.000000,0.000000,0.000000,0.000000,0.000000,0.000000,0.200000,0.000000,0.000000,0.000000,0.200000,0.000000,0.000000,0.000000,0.000000,0.000000,0.000000
1778064018.455417,zero_waiting,0,0,0,0.000000,0.000000,0.000000,0.000000,0.000000,0.000000,0.200000,0.000000,0.000000,0.000000,0.200000,0.000000,0.000000,0.000000,0.000000,0.000000,0.000000
1778064018.484544,zero_not_calibrated,0,0,0,0.000000,0.000000,0.000000,0.000000,0.000000,0.000000,0.200000,0.000000,0.000000,0.000000,0.200000,0.000000,0.000000,0.000000,0.000000,0.000000,0.000000
1778064018.505581,zero_waiting,0,0,0,0.000000,0.000000,0.000000,0.000000,0.000000,0.000000,0.200000,0.000000,0.000000,0.000000,0.200000,0.000000,0.000000,0.000000,0.000000,0.000000,0.000000
1778064018.518038,zero_not_calibrated,0,0,0,0.000000,0.000000,0.000000,0.000000,0.000000,0.000000,0.200000,0.000000,0.000000,0.000000,0.200000,0.000000,0.000000,0.000000,0.000000,0.000000,0.000000
1778064018.550575,zero_not_calibrated,0,0,0,0.000000,0.000000,0.000000,0.000000,0.000000,0.000000,0.200000,0.000000,0.000000,0.000000,0.200000,0.000000,0.000000,0.000000,0.000000,0.000000,0.000000
1778064018.555450,zero_waiting,0,0,0,0.000000,0.000000,0.000000,0.000000,0.000000,0.000000,0.200000,0.000000,0.000000,0.000000,0.200000,0.000000,0.000000,0.000000,0.000000,0.000000,0.000000
1778064018.605537,zero_waiting,0,0,0,0.000000,0.000000,0.000000,0.000000,0.000000,0.000000,0.200000,0.000000,0.000000,0.000000,0.200000,0.000000,0.000000,0.000000,0.000000,0.000000,0.000000
1778064018.655656,zero_waiting,0,0,0,0.000000,0.000000,0.000000,0.000000,0.000000,0.000000,0.200000,0.000000,0.000000,0.000000,0.200000,0.000000,0.000000,0.000000,0.000000,0.000000,0.000000
1778064018.705648,zero_waiting,0,0,0,0.000000,0.000000,0.000000,0.000000,0.000000,0.000000,0.200000,0.000000,0.000000,0.000000,0.200000,0.000000,0.000000,0.000000,0.000000,0.000000,0.000000
1778064018.755516,zero_waiting,0,0,0,0.000000,0.000000,0.000000,0.000000,0.000000,0.000000,0.200000,0.000000,0.000000,0.000000,0.200000,0.000000,0.000000,0.000000,0.000000,0.000000,0.000000
1778064018.805556,zero_waiting,0,0,0,0.000000,0.000000,0.000000,0.000000,0.000000,0.000000,0.200000,0.000000,0.000000,0.000000,0.200000,0.000000,0.000000,0.000000,0.000000,0.000000,0.000000
1778064018.855386,zero_waiting,0,0,0,0.000000,0.000000,0.000000,0.000000,0.000000,0.000000,0.200000,0.000000,0.000000,0.000000,0.200000,0.000000,0.000000,0.000000,0.000000,0.000000,0.000000
1778064018.905577,zero_waiting,0,0,0,0.000000,0.000000,0.000000,0.000000,0.000000,0.000000,0.200000,0.000000,0.000000,0.000000,0.200000,0.000000,0.000000,0.000000,0.000000,0.000000,0.000000
1778064018.955435,zero_waiting,0,0,0,0.000000,0.000000,0.000000,0.000000,0.000000,0.000000,0.200000,0.000000,0.000000,0.000000,0.200000,0.000000,0.000000,0.000000,0.000000,0.000000,0.000000
1778064019.005621,zero_waiting,0,0,0,0.000000,0.000000,0.000000,0.000000,0.000000,0.000000,0.200000,0.000000,0.000000,0.000000,0.200000,0.000000,0.000000,0.000000,0.000000,0.000000,0.000000
1778064019.055463,zero_waiting,0,0,0,0.000000,0.000000,0.000000,0.000000,0.000000,0.000000,0.200000,0.000000,0.000000,0.000000,0.200000,0.000000,0.000000,0.000000,0.000000,0.000000,0.000000
1778064019.105726,zero_waiting,0,0,0,0.000000,0.000000,0.000000,0.000000,0.000000,0.000000,0.200000,0.000000,0.000000,0.000000,0.200000,0.000000,0.000000,0.000000,0.000000,0.000000,0.000000
1778064019.155413,zero_waiting,0,0,0,0.000000,0.000000,0.000000,0.000000,0.000000,0.000000,0.200000,0.000000,0.000000,0.000000,0.200000,0.000000,0.000000,0.000000,0.000000,0.000000,0.000000
1778064019.205670,zero_waiting,0,0,0,0.000000,0.000000,0.000000,0.000000,0.000000,0.000000,0.200000,0.000000,0.000000,0.000000,0.200000,0.000000,0.000000,0.000000,0.000000,0.000000,0.000000
1778064019.255584,zero_waiting,0,0,0,0.000000,0.000000,0.000000,0.000000,0.000000,0.000000,0.200000,0.000000,0.000000,0.000000,0.200000,0.000000,0.000000,0.000000,0.000000,0.000000,0.000000
1778064019.305575,zero_waiting,0,0,0,0.000000,0.000000,0.000000,0.000000,0.000000,0.000000,0.200000,0.000000,0.000000,0.000000,0.200000,0.000000,0.000000,0.000000,0.000000,0.000000,0.000000
1778064019.355492,zero_waiting,0,0,0,0.000000,0.000000,0.000000,0.000000,0.000000,0.000000,0.200000,0.000000,0.000000,0.000000,0.200000,0.000000,0.000000,0.000000,0.000000,0.000000,0.000000
1778064019.405625,zero_waiting,0,0,0,0.000000,0.000000,0.000000,0.000000,0.000000,0.000000,0.200000,0.000000,0.000000,0.000000,0.200000,0.000000,0.000000,0.000000,0.000000,0.000000,0.000000
1778064019.416779,zero_not_calibrated,0,0,0,0.000000,0.000000,0.000000,0.000000,0.000000,0.000000,0.200000,0.000000,0.000000,0.000000,0.200000,0.000000,0.000000,0.000000,0.000000,0.000000,0.000000
1778064019.448360,zero_not_calibrated,0,0,0,0.000000,0.000000,0.000000,0.000000,0.000000,0.000000,0.200000,0.000000,0.000000,0.000000,0.200000,0.000000,0.000000,0.000000,0.000000,0.000000,0.000000
1778064019.455648,zero_waiting,0,0,0,0.000000,0.000000,0.000000,0.000000,0.000000,0.000000,0.200000,0.000000,0.000000,0.000000,0.200000,0.000000,0.000000,0.000000,0.000000,0.000000,0.000000
1778064019.480294,zero_not_calibrated,0,0,0,0.000000,0.000000,0.000000,0.000000,0.000000,0.000000,0.200000,0.000000,0.000000,0.000000,0.200000,0.000000,0.000000,0.000000,0.000000,0.000000,0.000000
1778064019.505486,zero_waiting,0,0,0,0.000000,0.000000,0.000000,0.000000,0.000000,0.000000,0.200000,0.000000,0.000000,0.000000,0.200000,0.000000,0.000000,0.000000,0.000000,0.000000,0.000000
1778064019.515699,zero_not_calibrated,0,0,0,0.000000,0.000000,0.000000,0.000000,0.000000,0.000000,0.200000,0.000000,0.000000,0.000000,0.200000,0.000000,0.000000,0.000000,0.000000,0.000000,0.000000
1778064019.547709,zero_not_calibrated,0,0,0,0.000000,0.000000,0.000000,0.000000,0.000000,0.000000,0.200000,0.000000,0.000000,0.000000,0.200000,0.000000,0.000000,0.000000,0.000000,0.000000,0.000000
1778064019.555676,zero_waiting,0,0,0,0.000000,0.000000,0.000000,0.000000,0.000000,0.000000,0.200000,0.000000,0.000000,0.000000,0.200000,0.000000,0.000000,0.000000,0.000000,0.000000,0.000000
1778064019.581913,zero_not_calibrated,0,0,0,0.000000,0.000000,0.000000,0.000000,0.000000,0.000000,0.200000,0.000000,0.000000,0.000000,0.200000,0.000000,0.000000,0.000000,0.000000,0.000000,0.000000
1778064019.605638,zero_waiting,0,0,0,0.000000,0.000000,0.000000,0.000000,0.000000,0.000000,0.200000,0.000000,0.000000,0.000000,0.200000,0.000000,0.000000,0.000000,0.000000,0.000000,0.000000
1778064019.617752,zero_not_calibrated,0,0,0,0.000000,0.000000,0.000000,0.000000,0.000000,0.000000,0.200000,0.000000,0.000000,0.000000,0.200000,0.000000,0.000000,0.000000,0.000000,0.000000,0.000000
1778064019.655450,zero_waiting,0,0,0,0.000000,0.000000,0.000000,0.000000,0.000000,0.000000,0.200000,0.000000,0.000000,0.000000,0.200000,0.000000,0.000000,0.000000,0.000000,0.000000,0.000000
1778064019.705499,zero_waiting,0,0,0,0.000000,0.000000,0.000000,0.000000,0.000000,0.000000,0.200000,0.000000,0.000000,0.000000,0.200000,0.000000,0.000000,0.000000,0.000000,0.000000,0.000000
1778064019.755898,zero_waiting,0,0,0,0.000000,0.000000,0.000000,0.000000,0.000000,0.000000,0.200000,0.000000,0.000000,0.000000,0.200000,0.000000,0.000000,0.000000,0.000000,0.000000,0.000000
1778064019.806002,zero_waiting,0,0,0,0.000000,0.000000,0.000000,0.000000,0.000000,0.000000,0.200000,0.000000,0.000000,0.000000,0.200000,0.000000,0.000000,0.000000,0.000000,0.000000,0.000000
1778064019.852680,zero_not_calibrated,0,0,0,0.000000,0.000000,0.000000,0.000000,0.000000,0.000000,0.200000,0.000000,0.000000,0.000000,0.200000,0.000000,0.000000,0.000000,0.000000,0.000000,0.000000
1778064019.855374,zero_waiting,0,0,0,0.000000,0.000000,0.000000,0.000000,0.000000,0.000000,0.200000,0.000000,0.000000,0.000000,0.200000,0.000000,0.000000,0.000000,0.000000,0.000000,0.000000
1778064019.884006,zero_not_calibrated,0,0,0,0.000000,0.000000,0.000000,0.000000,0.000000,0.000000,0.200000,0.000000,0.000000,0.000000,0.200000,0.000000,0.000000,0.000000,0.000000,0.000000,0.000000
1778064019.906134,zero_waiting,0,0,0,0.000000,0.000000,0.000000,0.000000,0.000000,0.000000,0.200000,0.000000,0.000000,0.000000,0.200000,0.000000,0.000000,0.000000,0.000000,0.000000,0.000000
1778064019.920320,zero_not_calibrated,0,0,0,0.000000,0.000000,0.000000,0.000000,0.000000,0.000000,0.200000,0.000000,0.000000,0.000000,0.200000,0.000000,0.000000,0.000000,0.000000,0.000000,0.000000
1778064019.952943,zero_not_calibrated,0,0,0,0.000000,0.000000,0.000000,0.000000,0.000000,0.000000,0.200000,0.000000,0.000000,0.000000,0.200000,0.000000,0.000000,0.000000,0.000000,0.000000,0.000000
1778064019.955344,zero_waiting,0,0,0,0.000000,0.000000,0.000000,0.000000,0.000000,0.000000,0.200000,0.000000,0.000000,0.000000,0.200000,0.000000,0.000000,0.000000,0.000000,0.000000,0.000000
1778064019.986518,zero_not_calibrated,0,0,0,0.000000,0.000000,0.000000,0.000000,0.000000,0.000000,0.200000,0.000000,0.000000,0.000000,0.200000,0.000000,0.000000,0.000000,0.000000,0.000000,0.000000
1778064020.005511,zero_waiting,0,0,0,0.000000,0.000000,0.000000,0.000000,0.000000,0.000000,0.200000,0.000000,0.000000,0.000000,0.200000,0.000000,0.000000,0.000000,0.000000,0.000000,0.000000
1778064020.019214,zero_not_calibrated,0,0,0,0.000000,0.000000,0.000000,0.000000,0.000000,0.000000,0.200000,0.000000,0.000000,0.000000,0.200000,0.000000,0.000000,0.000000,0.000000,0.000000,0.000000
1778064020.051808,zero_not_calibrated,0,0,0,0.000000,0.000000,0.000000,0.000000,0.000000,0.000000,0.200000,0.000000,0.000000,0.000000,0.200000,0.000000,0.000000,0.000000,0.000000,0.000000,0.000000
1778064020.055362,zero_waiting,0,0,0,0.000000,0.000000,0.000000,0.000000,0.000000,0.000000,0.200000,0.000000,0.000000,0.000000,0.200000,0.000000,0.000000,0.000000,0.000000,0.000000,0.000000
1778064020.084448,zero_not_calibrated,0,0,0,0.000000,0.000000,0.000000,0.000000,0.000000,0.000000,0.200000,0.000000,0.000000,0.000000,0.200000,0.000000,0.000000,0.000000,0.000000,0.000000,0.000000
1778064020.105611,zero_waiting,0,0,0,0.000000,0.000000,0.000000,0.000000,0.000000,0.000000,0.200000,0.000000,0.000000,0.000000,0.200000,0.000000,0.000000,0.000000,0.000000,0.000000,0.000000
1778064020.121606,zero_not_calibrated,0,0,0,0.000000,0.000000,0.000000,0.000000,0.000000,0.000000,0.200000,0.000000,0.000000,0.000000,0.200000,0.000000,0.000000,0.000000,0.000000,0.000000,0.000000
1778064020.151948,zero_not_calibrated,0,0,0,0.000000,0.000000,0.000000,0.000000,0.000000,0.000000,0.200000,0.000000,0.000000,0.000000,0.200000,0.000000,0.000000,0.000000,0.000000,0.000000,0.000000
1778064020.155421,zero_waiting,0,0,0,0.000000,0.000000,0.000000,0.000000,0.000000,0.000000,0.200000,0.000000,0.000000,0.000000,0.200000,0.000000,0.000000,0.000000,0.000000,0.000000,0.000000
1778064020.184996,zero_not_calibrated,0,0,0,0.000000,0.000000,0.000000,0.000000,0.000000,0.000000,0.200000,0.000000,0.000000,0.000000,0.200000,0.000000,0.000000,0.000000,0.000000,0.000000,0.000000
1778064020.205527,zero_waiting,0,0,0,0.000000,0.000000,0.000000,0.000000,0.000000,0.000000,0.200000,0.000000,0.000000,0.000000,0.200000,0.000000,0.000000,0.000000,0.000000,0.000000,0.000000
1778064020.216549,zero_not_calibrated,0,0,0,0.000000,0.000000,0.000000,0.000000,0.000000,0.000000,0.200000,0.000000,0.000000,0.000000,0.200000,0.000000,0.000000,0.000000,0.000000,0.000000,0.000000
1778064020.250041,zero_not_calibrated,0,0,0,0.000000,0.000000,0.000000,0.000000,0.000000,0.000000,0.200000,0.000000,0.000000,0.000000,0.200000,0.000000,0.000000,0.000000,0.000000,0.000000,0.000000
1778064020.255528,zero_waiting,0,0,0,0.000000,0.000000,0.000000,0.000000,0.000000,0.000000,0.200000,0.000000,0.000000,0.000000,0.200000,0.000000,0.000000,0.000000,0.000000,0.000000,0.000000
1778064020.283659,zero_not_calibrated,0,0,0,0.000000,0.000000,0.000000,0.000000,0.000000,0.000000,0.200000,0.000000,0.000000,0.000000,0.200000,0.000000,0.000000,0.000000,0.000000,0.000000,0.000000
1778064020.305648,zero_waiting,0,0,0,0.000000,0.000000,0.000000,0.000000,0.000000,0.000000,0.200000,0.000000,0.000000,0.000000,0.200000,0.000000,0.000000,0.000000,0.000000,0.000000,0.000000
1778064020.313818,zero_not_calibrated,0,0,0,0.000000,0.000000,0.000000,0.000000,0.000000,0.000000,0.200000,0.000000,0.000000,0.000000,0.200000,0.000000,0.000000,0.000000,0.000000,0.000000,0.000000
1778064020.348049,zero_not_calibrated,0,0,0,0.000000,0.000000,0.000000,0.000000,0.000000,0.000000,0.200000,0.000000,0.000000,0.000000,0.200000,0.000000,0.000000,0.000000,0.000000,0.000000,0.000000
1778064020.355507,zero_waiting,0,0,0,0.000000,0.000000,0.000000,0.000000,0.000000,0.000000,0.200000,0.000000,0.000000,0.000000,0.200000,0.000000,0.000000,0.000000,0.000000,0.000000,0.000000
1778064020.379995,zero_not_calibrated,0,0,0,0.000000,0.000000,0.000000,0.000000,0.000000,0.000000,0.200000,0.000000,0.000000,0.000000,0.200000,0.000000,0.000000,0.000000,0.000000,0.000000,0.000000
1778064020.405606,zero_waiting,0,0,0,0.000000,0.000000,0.000000,0.000000,0.000000,0.000000,0.200000,0.000000,0.000000,0.000000,0.200000,0.000000,0.000000,0.000000,0.000000,0.000000,0.000000
1778064020.417999,zero_not_calibrated,0,0,0,0.000000,0.000000,0.000000,0.000000,0.000000,0.000000,0.200000,0.000000,0.000000,0.000000,0.200000,0.000000,0.000000,0.000000,0.000000,0.000000,0.000000
1778064020.449783,zero_not_calibrated,0,0,0,0.000000,0.000000,0.000000,0.000000,0.000000,0.000000,0.200000,0.000000,0.000000,0.000000,0.200000,0.000000,0.000000,0.000000,0.000000,0.000000,0.000000
1778064020.455652,zero_waiting,0,0,0,0.000000,0.000000,0.000000,0.000000,0.000000,0.000000,0.200000,0.000000,0.000000,0.000000,0.200000,0.000000,0.000000,0.000000,0.000000,0.000000,0.000000
1778064020.486046,zero_not_calibrated,0,0,0,0.000000,0.000000,0.000000,0.000000,0.000000,0.000000,0.200000,0.000000,0.000000,0.000000,0.200000,0.000000,0.000000,0.000000,0.000000,0.000000,0.000000
1778064020.505581,zero_waiting,0,0,0,0.000000,0.000000,0.000000,0.000000,0.000000,0.000000,0.200000,0.000000,0.000000,0.000000,0.200000,0.000000,0.000000,0.000000,0.000000,0.000000,0.000000
1778064020.520596,zero_not_calibrated,0,0,0,0.000000,0.000000,0.000000,0.000000,0.000000,0.000000,0.200000,0.000000,0.000000,0.000000,0.200000,0.000000,0.000000,0.000000,0.000000,0.000000,0.000000
1778064020.551885,zero_not_calibrated,0,0,0,0.000000,0.000000,0.000000,0.000000,0.000000,0.000000,0.200000,0.000000,0.000000,0.000000,0.200000,0.000000,0.000000,0.000000,0.000000,0.000000,0.000000
1778064020.555474,zero_waiting,0,0,0,0.000000,0.000000,0.000000,0.000000,0.000000,0.000000,0.200000,0.000000,0.000000,0.000000,0.200000,0.000000,0.000000,0.000000,0.000000,0.000000,0.000000
1778064020.583698,zero_not_calibrated,0,0,0,0.000000,0.000000,0.000000,0.000000,0.000000,0.000000,0.200000,0.000000,0.000000,0.000000,0.200000,0.000000,0.000000,0.000000,0.000000,0.000000,0.000000
1778064020.605645,zero_waiting,0,0,0,0.000000,0.000000,0.000000,0.000000,0.000000,0.000000,0.200000,0.000000,0.000000,0.000000,0.200000,0.000000,0.000000,0.000000,0.000000,0.000000,0.000000
1778064020.631941,zero_not_calibrated,0,0,0,0.000000,0.000000,0.000000,0.000000,0.000000,0.000000,0.200000,0.000000,0.000000,0.000000,0.200000,0.000000,0.000000,0.000000,0.000000,0.000000,0.000000
1778064020.655513,zero_waiting,0,0,0,0.000000,0.000000,0.000000,0.000000,0.000000,0.000000,0.200000,0.000000,0.000000,0.000000,0.200000,0.000000,0.000000,0.000000,0.000000,0.000000,0.000000
1778064020.663620,zero_not_calibrated,0,0,0,0.000000,0.000000,0.000000,0.000000,0.000000,0.000000,0.200000,0.000000,0.000000,0.000000,0.200000,0.000000,0.000000,0.000000,0.000000,0.000000,0.000000
1778064020.691571,zero_not_calibrated,0,0,0,0.000000,0.000000,0.000000,0.000000,0.000000,0.000000,0.200000,0.000000,0.000000,0.000000,0.200000,0.000000,0.000000,0.000000,0.000000,0.000000,0.000000
1778064020.705587,zero_waiting,0,0,0,0.000000,0.000000,0.000000,0.000000,0.000000,0.000000,0.200000,0.000000,0.000000,0.000000,0.200000,0.000000,0.000000,0.000000,0.000000,0.000000,0.000000
1778064020.724548,zero_not_calibrated,0,0,0,0.000000,0.000000,0.000000,0.000000,0.000000,0.000000,0.200000,0.000000,0.000000,0.000000,0.200000,0.000000,0.000000,0.000000,0.000000,0.000000,0.000000
1778064020.755840,zero_waiting,0,0,0,0.000000,0.000000,0.000000,0.000000,0.000000,0.000000,0.200000,0.000000,0.000000,0.000000,0.200000,0.000000,0.000000,0.000000,0.000000,0.000000,0.000000
1778064020.756447,zero_not_calibrated,0,0,0,0.000000,0.000000,0.000000,0.000000,0.000000,0.000000,0.200000,0.000000,0.000000,0.000000,0.200000,0.000000,0.000000,0.000000,0.000000,0.000000,0.000000
1778064020.785012,zero_not_calibrated,0,0,0,0.000000,0.000000,0.000000,0.000000,0.000000,0.000000,0.200000,0.000000,0.000000,0.000000,0.200000,0.000000,0.000000,0.000000,0.000000,0.000000,0.000000
1778064020.805492,zero_waiting,0,0,0,0.000000,0.000000,0.000000,0.000000,0.000000,0.000000,0.200000,0.000000,0.000000,0.000000,0.200000,0.000000,0.000000,0.000000,0.000000,0.000000,0.000000
1778064020.819977,zero_not_calibrated,0,0,0,0.000000,0.000000,0.000000,0.000000,0.000000,0.000000,0.200000,0.000000,0.000000,0.000000,0.200000,0.000000,0.000000,0.000000,0.000000,0.000000,0.000000
1778064020.852299,zero_not_calibrated,0,0,0,0.000000,0.000000,0.000000,0.000000,0.000000,0.000000,0.200000,0.000000,0.000000,0.000000,0.200000,0.000000,0.000000,0.000000,0.000000,0.000000,0.000000
1778064020.855400,zero_waiting,0,0,0,0.000000,0.000000,0.000000,0.000000,0.000000,0.000000,0.200000,0.000000,0.000000,0.000000,0.200000,0.000000,0.000000,0.000000,0.000000,0.000000,0.000000
1778064020.887217,zero_not_calibrated,0,0,0,0.000000,0.000000,0.000000,0.000000,0.000000,0.000000,0.200000,0.000000,0.000000,0.000000,0.200000,0.000000,0.000000,0.000000,0.000000,0.000000,0.000000
1778064020.905522,zero_waiting,0,0,0,0.000000,0.000000,0.000000,0.000000,0.000000,0.000000,0.200000,0.000000,0.000000,0.000000,0.200000,0.000000,0.000000,0.000000,0.000000,0.000000,0.000000
1778064020.918557,zero_not_calibrated,0,0,0,0.000000,0.000000,0.000000,0.000000,0.000000,0.000000,0.200000,0.000000,0.000000,0.000000,0.200000,0.000000,0.000000,0.000000,0.000000,0.000000,0.000000
1778064020.950948,zero_not_calibrated,0,0,0,0.000000,0.000000,0.000000,0.000000,0.000000,0.000000,0.200000,0.000000,0.000000,0.000000,0.200000,0.000000,0.000000,0.000000,0.000000,0.000000,0.000000
1778064020.955483,zero_waiting,0,0,0,0.000000,0.000000,0.000000,0.000000,0.000000,0.000000,0.200000,0.000000,0.000000,0.000000,0.200000,0.000000,0.000000,0.000000,0.000000,0.000000,0.000000
1778064020.986288,zero_not_calibrated,0,0,0,0.000000,0.000000,0.000000,0.000000,0.000000,0.000000,0.200000,0.000000,0.000000,0.000000,0.200000,0.000000,0.000000,0.000000,0.000000,0.000000,0.000000
1778064021.005535,zero_waiting,0,0,0,0.000000,0.000000,0.000000,0.000000,0.000000,0.000000,0.200000,0.000000,0.000000,0.000000,0.200000,0.000000,0.000000,0.000000,0.000000,0.000000,0.000000
1778064021.018801,zero_not_calibrated,0,0,0,0.000000,0.000000,0.000000,0.000000,0.000000,0.000000,0.200000,0.000000,0.000000,0.000000,0.200000,0.000000,0.000000,0.000000,0.000000,0.000000,0.000000
1778064021.048557,zero_not_calibrated,0,0,0,0.000000,0.000000,0.000000,0.000000,0.000000,0.000000,0.200000,0.000000,0.000000,0.000000,0.200000,0.000000,0.000000,0.000000,0.000000,0.000000,0.000000
1778064021.055796,zero_waiting,0,0,0,0.000000,0.000000,0.000000,0.000000,0.000000,0.000000,0.200000,0.000000,0.000000,0.000000,0.200000,0.000000,0.000000,0.000000,0.000000,0.000000,0.000000
1778064021.081998,zero_not_calibrated,0,0,0,0.000000,0.000000,0.000000,0.000000,0.000000,0.000000,0.200000,0.000000,0.000000,0.000000,0.200000,0.000000,0.000000,0.000000,0.000000,0.000000,0.000000
1778064021.105655,zero_waiting,0,0,0,0.000000,0.000000,0.000000,0.000000,0.000000,0.000000,0.200000,0.000000,0.000000,0.000000,0.200000,0.000000,0.000000,0.000000,0.000000,0.000000,0.000000
1778064021.116974,zero_not_calibrated,0,0,0,0.000000,0.000000,0.000000,0.000000,0.000000,0.000000,0.200000,0.000000,0.000000,0.000000,0.200000,0.000000,0.000000,0.000000,0.000000,0.000000,0.000000
1778064021.151956,zero_not_calibrated,0,0,0,0.000000,0.000000,0.000000,0.000000,0.000000,0.000000,0.200000,0.000000,0.000000,0.000000,0.200000,0.000000,0.000000,0.000000,0.000000,0.000000,0.000000
1778064021.155548,zero_waiting,0,0,0,0.000000,0.000000,0.000000,0.000000,0.000000,0.000000,0.200000,0.000000,0.000000,0.000000,0.200000,0.000000,0.000000,0.000000,0.000000,0.000000,0.000000
1778064021.181213,zero_not_calibrated,0,0,0,0.000000,0.000000,0.000000,0.000000,0.000000,0.000000,0.200000,0.000000,0.000000,0.000000,0.200000,0.000000,0.000000,0.000000,0.000000,0.000000,0.000000
1778064021.205554,zero_waiting,0,0,0,0.000000,0.000000,0.000000,0.000000,0.000000,0.000000,0.200000,0.000000,0.000000,0.000000,0.200000,0.000000,0.000000,0.000000,0.000000,0.000000,0.000000
1778064021.217002,zero_not_calibrated,0,0,0,0.000000,0.000000,0.000000,0.000000,0.000000,0.000000,0.200000,0.000000,0.000000,0.000000,0.200000,0.000000,0.000000,0.000000,0.000000,0.000000,0.000000
1778064021.255587,zero_waiting,0,0,0,0.000000,0.000000,0.000000,0.000000,0.000000,0.000000,0.200000,0.000000,0.000000,0.000000,0.200000,0.000000,0.000000,0.000000,0.000000,0.000000,0.000000
1778064021.256641,zero_not_calibrated,0,0,0,0.000000,0.000000,0.000000,0.000000,0.000000,0.000000,0.200000,0.000000,0.000000,0.000000,0.200000,0.000000,0.000000,0.000000,0.000000,0.000000,0.000000
1778064021.283886,zero_not_calibrated,0,0,0,0.000000,0.000000,0.000000,0.000000,0.000000,0.000000,0.200000,0.000000,0.000000,0.000000,0.200000,0.000000,0.000000,0.000000,0.000000,0.000000,0.000000
1778064021.305562,zero_waiting,0,0,0,0.000000,0.000000,0.000000,0.000000,0.000000,0.000000,0.200000,0.000000,0.000000,0.000000,0.200000,0.000000,0.000000,0.000000,0.000000,0.000000,0.000000
1778064021.319519,zero_not_calibrated,0,0,0,0.000000,0.000000,0.000000,0.000000,0.000000,0.000000,0.200000,0.000000,0.000000,0.000000,0.200000,0.000000,0.000000,0.000000,0.000000,0.000000,0.000000
1778064021.354678,zero_not_calibrated,0,0,0,0.000000,0.000000,0.000000,0.000000,0.000000,0.000000,0.200000,0.000000,0.000000,0.000000,0.200000,0.000000,0.000000,0.000000,0.000000,0.000000,0.000000
1778064021.355263,zero_waiting,0,0,0,0.000000,0.000000,0.000000,0.000000,0.000000,0.000000,0.200000,0.000000,0.000000,0.000000,0.200000,0.000000,0.000000,0.000000,0.000000,0.000000,0.000000
1778064021.385040,zero_not_calibrated,0,0,0,0.000000,0.000000,0.000000,0.000000,0.000000,0.000000,0.200000,0.000000,0.000000,0.000000,0.200000,0.000000,0.000000,0.000000,0.000000,0.000000,0.000000
1778064021.406756,zero_waiting,0,0,0,0.000000,0.000000,0.000000,0.000000,0.000000,0.000000,0.200000,0.000000,0.000000,0.000000,0.200000,0.000000,0.000000,0.000000,0.000000,0.000000,0.000000
1778064021.421589,zero_not_calibrated,0,0,0,0.000000,0.000000,0.000000,0.000000,0.000000,0.000000,0.200000,0.000000,0.000000,0.000000,0.200000,0.000000,0.000000,0.000000,0.000000,0.000000,0.000000
1778064021.451538,zero_not_calibrated,0,0,0,0.000000,0.000000,0.000000,0.000000,0.000000,0.000000,0.200000,0.000000,0.000000,0.000000,0.200000,0.000000,0.000000,0.000000,0.000000,0.000000,0.000000
1778064021.455542,zero_waiting,0,0,0,0.000000,0.000000,0.000000,0.000000,0.000000,0.000000,0.200000,0.000000,0.000000,0.000000,0.200000,0.000000,0.000000,0.000000,0.000000,0.000000,0.000000
1778064021.487665,zero_not_calibrated,0,0,0,0.000000,0.000000,0.000000,0.000000,0.000000,0.000000,0.200000,0.000000,0.000000,0.000000,0.200000,0.000000,0.000000,0.000000,0.000000,0.000000,0.000000
1778064021.505695,zero_waiting,0,0,0,0.000000,0.000000,0.000000,0.000000,0.000000,0.000000,0.200000,0.000000,0.000000,0.000000,0.200000,0.000000,0.000000,0.000000,0.000000,0.000000,0.000000
1778064021.519058,zero_not_calibrated,0,0,0,0.000000,0.000000,0.000000,0.000000,0.000000,0.000000,0.200000,0.000000,0.000000,0.000000,0.200000,0.000000,0.000000,0.000000,0.000000,0.000000,0.000000
1778064021.551126,zero_not_calibrated,0,0,0,0.000000,0.000000,0.000000,0.000000,0.000000,0.000000,0.200000,0.000000,0.000000,0.000000,0.200000,0.000000,0.000000,0.000000,0.000000,0.000000,0.000000
1778064021.555519,zero_waiting,0,0,0,0.000000,0.000000,0.000000,0.000000,0.000000,0.000000,0.200000,0.000000,0.000000,0.000000,0.200000,0.000000,0.000000,0.000000,0.000000,0.000000,0.000000
1778064021.586702,zero_not_calibrated,0,0,0,0.000000,0.000000,0.000000,0.000000,0.000000,0.000000,0.200000,0.000000,0.000000,0.000000,0.200000,0.000000,0.000000,0.000000,0.000000,0.000000,0.000000
1778064021.605539,zero_waiting,0,0,0,0.000000,0.000000,0.000000,0.000000,0.000000,0.000000,0.200000,0.000000,0.000000,0.000000,0.200000,0.000000,0.000000,0.000000,0.000000,0.000000,0.000000
1778064021.621975,zero_not_calibrated,0,0,0,0.000000,0.000000,0.000000,0.000000,0.000000,0.000000,0.200000,0.000000,0.000000,0.000000,0.200000,0.000000,0.000000,0.000000,0.000000,0.000000,0.000000
1778064021.650869,zero_not_calibrated,0,0,0,0.000000,0.000000,0.000000,0.000000,0.000000,0.000000,0.200000,0.000000,0.000000,0.000000,0.200000,0.000000,0.000000,0.000000,0.000000,0.000000,0.000000
1778064021.655550,zero_waiting,0,0,0,0.000000,0.000000,0.000000,0.000000,0.000000,0.000000,0.200000,0.000000,0.000000,0.000000,0.200000,0.000000,0.000000,0.000000,0.000000,0.000000,0.000000
1778064021.685742,zero_not_calibrated,0,0,0,0.000000,0.000000,0.000000,0.000000,0.000000,0.000000,0.200000,0.000000,0.000000,0.000000,0.200000,0.000000,0.000000,0.000000,0.000000,0.000000,0.000000
1778064021.705500,zero_waiting,0,0,0,0.000000,0.000000,0.000000,0.000000,0.000000,0.000000,0.200000,0.000000,0.000000,0.000000,0.200000,0.000000,0.000000,0.000000,0.000000,0.000000,0.000000
1778064021.717639,zero_not_calibrated,0,0,0,0.000000,0.000000,0.000000,0.000000,0.000000,0.000000,0.200000,0.000000,0.000000,0.000000,0.200000,0.000000,0.000000,0.000000,0.000000,0.000000,0.000000
1778064021.749915,zero_not_calibrated,0,0,0,0.000000,0.000000,0.000000,0.000000,0.000000,0.000000,0.200000,0.000000,0.000000,0.000000,0.200000,0.000000,0.000000,0.000000,0.000000,0.000000,0.000000
1778064021.755523,zero_waiting,0,0,0,0.000000,0.000000,0.000000,0.000000,0.000000,0.000000,0.200000,0.000000,0.000000,0.000000,0.200000,0.000000,0.000000,0.000000,0.000000,0.000000,0.000000
1778064021.783191,zero_not_calibrated,0,0,0,0.000000,0.000000,0.000000,0.000000,0.000000,0.000000,0.200000,0.000000,0.000000,0.000000,0.200000,0.000000,0.000000,0.000000,0.000000,0.000000,0.000000
1778064021.805594,zero_waiting,0,0,0,0.000000,0.000000,0.000000,0.000000,0.000000,0.000000,0.200000,0.000000,0.000000,0.000000,0.200000,0.000000,0.000000,0.000000,0.000000,0.000000,0.000000
1778064021.815103,zero_not_calibrated,0,0,0,0.000000,0.000000,0.000000,0.000000,0.000000,0.000000,0.200000,0.000000,0.000000,0.000000,0.200000,0.000000,0.000000,0.000000,0.000000,0.000000,0.000000
1778064021.848647,zero_not_calibrated,0,0,0,0.000000,0.000000,0.000000,0.000000,0.000000,0.000000,0.200000,0.000000,0.000000,0.000000,0.200000,0.000000,0.000000,0.000000,0.000000,0.000000,0.000000
1778064021.855967,zero_waiting,0,0,0,0.000000,0.000000,0.000000,0.000000,0.000000,0.000000,0.200000,0.000000,0.000000,0.000000,0.200000,0.000000,0.000000,0.000000,0.000000,0.000000,0.000000
1778064021.883542,zero_not_calibrated,0,0,0,0.000000,0.000000,0.000000,0.000000,0.000000,0.000000,0.200000,0.000000,0.000000,0.000000,0.200000,0.000000,0.000000,0.000000,0.000000,0.000000,0.000000
1778064021.905583,zero_waiting,0,0,0,0.000000,0.000000,0.000000,0.000000,0.000000,0.000000,0.200000,0.000000,0.000000,0.000000,0.200000,0.000000,0.000000,0.000000,0.000000,0.000000,0.000000
1778064021.915684,zero_not_calibrated,0,0,0,0.000000,0.000000,0.000000,0.000000,0.000000,0.000000,0.200000,0.000000,0.000000,0.000000,0.200000,0.000000,0.000000,0.000000,0.000000,0.000000,0.000000
1778064021.948552,zero_not_calibrated,0,0,0,0.000000,0.000000,0.000000,0.000000,0.000000,0.000000,0.200000,0.000000,0.000000,0.000000,0.200000,0.000000,0.000000,0.000000,0.000000,0.000000,0.000000
1778064021.955899,zero_waiting,0,0,0,0.000000,0.000000,0.000000,0.000000,0.000000,0.000000,0.200000,0.000000,0.000000,0.000000,0.200000,0.000000,0.000000,0.000000,0.000000,0.000000,0.000000
1778064021.982372,zero_not_calibrated,0,0,0,0.000000,0.000000,0.000000,0.000000,0.000000,0.000000,0.200000,0.000000,0.000000,0.000000,0.200000,0.000000,0.000000,0.000000,0.000000,0.000000,0.000000
1778064022.005608,zero_waiting,0,0,0,0.000000,0.000000,0.000000,0.000000,0.000000,0.000000,0.200000,0.000000,0.000000,0.000000,0.200000,0.000000,0.000000,0.000000,0.000000,0.000000,0.000000
1778064022.016430,zero_not_calibrated,0,0,0,0.000000,0.000000,0.000000,0.000000,0.000000,0.000000,0.200000,0.000000,0.000000,0.000000,0.200000,0.000000,0.000000,0.000000,0.000000,0.000000,0.000000
1778064022.049841,zero_not_calibrated,0,0,0,0.000000,0.000000,0.000000,0.000000,0.000000,0.000000,0.200000,0.000000,0.000000,0.000000,0.200000,0.000000,0.000000,0.000000,0.000000,0.000000,0.000000
1778064022.055500,zero_waiting,0,0,0,0.000000,0.000000,0.000000,0.000000,0.000000,0.000000,0.200000,0.000000,0.000000,0.000000,0.200000,0.000000,0.000000,0.000000,0.000000,0.000000,0.000000
1778064022.086203,zero_not_calibrated,0,0,0,0.000000,0.000000,0.000000,0.000000,0.000000,0.000000,0.200000,0.000000,0.000000,0.000000,0.200000,0.000000,0.000000,0.000000,0.000000,0.000000,0.000000
1778064022.105637,zero_waiting,0,0,0,0.000000,0.000000,0.000000,0.000000,0.000000,0.000000,0.200000,0.000000,0.000000,0.000000,0.200000,0.000000,0.000000,0.000000,0.000000,0.000000,0.000000
1778064022.117285,zero_not_calibrated,0,0,0,0.000000,0.000000,0.000000,0.000000,0.000000,0.000000,0.200000,0.000000,0.000000,0.000000,0.200000,0.000000,0.000000,0.000000,0.000000,0.000000,0.000000
1778064022.150948,zero_not_calibrated,0,0,0,0.000000,0.000000,0.000000,0.000000,0.000000,0.000000,0.200000,0.000000,0.000000,0.000000,0.200000,0.000000,0.000000,0.000000,0.000000,0.000000,0.000000
1778064022.155298,zero_waiting,0,0,0,0.000000,0.000000,0.000000,0.000000,0.000000,0.000000,0.200000,0.000000,0.000000,0.000000,0.200000,0.000000,0.000000,0.000000,0.000000,0.000000,0.000000
1778064022.188975,zero_not_calibrated,0,0,0,0.000000,0.000000,0.000000,0.000000,0.000000,0.000000,0.200000,0.000000,0.000000,0.000000,0.200000,0.000000,0.000000,0.000000,0.000000,0.000000,0.000000
1778064022.205515,zero_waiting,0,0,0,0.000000,0.000000,0.000000,0.000000,0.000000,0.000000,0.200000,0.000000,0.000000,0.000000,0.200000,0.000000,0.000000,0.000000,0.000000,0.000000,0.000000
1778064022.218295,zero_not_calibrated,0,0,0,0.000000,0.000000,0.000000,0.000000,0.000000,0.000000,0.200000,0.000000,0.000000,0.000000,0.200000,0.000000,0.000000,0.000000,0.000000,0.000000,0.000000
1778064022.250255,zero_not_calibrated,0,0,0,0.000000,0.000000,0.000000,0.000000,0.000000,0.000000,0.200000,0.000000,0.000000,0.000000,0.200000,0.000000,0.000000,0.000000,0.000000,0.000000,0.000000
1778064022.255373,zero_waiting,0,0,0,0.000000,0.000000,0.000000,0.000000,0.000000,0.000000,0.200000,0.000000,0.000000,0.000000,0.200000,0.000000,0.000000,0.000000,0.000000,0.000000,0.000000
1778064022.286118,zero_not_calibrated,0,0,0,0.000000,0.000000,0.000000,0.000000,0.000000,0.000000,0.200000,0.000000,0.000000,0.000000,0.200000,0.000000,0.000000,0.000000,0.000000,0.000000,0.000000
1778064022.306834,zero_waiting,0,0,0,0.000000,0.000000,0.000000,0.000000,0.000000,0.000000,0.200000,0.000000,0.000000,0.000000,0.200000,0.000000,0.000000,0.000000,0.000000,0.000000,0.000000
1778064022.320999,zero_not_calibrated,0,0,0,0.000000,0.000000,0.000000,0.000000,0.000000,0.000000,0.200000,0.000000,0.000000,0.000000,0.200000,0.000000,0.000000,0.000000,0.000000,0.000000,0.000000
1778064022.352616,zero_not_calibrated,0,0,0,0.000000,0.000000,0.000000,0.000000,0.000000,0.000000,0.200000,0.000000,0.000000,0.000000,0.200000,0.000000,0.000000,0.000000,0.000000,0.000000,0.000000
1778064022.355321,zero_waiting,0,0,0,0.000000,0.000000,0.000000,0.000000,0.000000,0.000000,0.200000,0.000000,0.000000,0.000000,0.200000,0.000000,0.000000,0.000000,0.000000,0.000000,0.000000
1778064022.384246,zero_not_calibrated,0,0,0,0.000000,0.000000,0.000000,0.000000,0.000000,0.000000,0.200000,0.000000,0.000000,0.000000,0.200000,0.000000,0.000000,0.000000,0.000000,0.000000,0.000000
1778064022.405529,zero_waiting,0,0,0,0.000000,0.000000,0.000000,0.000000,0.000000,0.000000,0.200000,0.000000,0.000000,0.000000,0.200000,0.000000,0.000000,0.000000,0.000000,0.000000,0.000000
1778064022.420104,zero_not_calibrated,0,0,0,0.000000,0.000000,0.000000,0.000000,0.000000,0.000000,0.200000,0.000000,0.000000,0.000000,0.200000,0.000000,0.000000,0.000000,0.000000,0.000000,0.000000
1778064022.451434,zero_not_calibrated,0,0,0,0.000000,0.000000,0.000000,0.000000,0.000000,0.000000,0.200000,0.000000,0.000000,0.000000,0.200000,0.000000,0.000000,0.000000,0.000000,0.000000,0.000000
1778064022.455268,zero_waiting,0,0,0,0.000000,0.000000,0.000000,0.000000,0.000000,0.000000,0.200000,0.000000,0.000000,0.000000,0.200000,0.000000,0.000000,0.000000,0.000000,0.000000,0.000000
1778064022.485230,zero_not_calibrated,0,0,0,0.000000,0.000000,0.000000,0.000000,0.000000,0.000000,0.200000,0.000000,0.000000,0.000000,0.200000,0.000000,0.000000,0.000000,0.000000,0.000000,0.000000
1778064022.505540,zero_waiting,0,0,0,0.000000,0.000000,0.000000,0.000000,0.000000,0.000000,0.200000,0.000000,0.000000,0.000000,0.200000,0.000000,0.000000,0.000000,0.000000,0.000000,0.000000
1778064022.518092,zero_not_calibrated,0,0,0,0.000000,0.000000,0.000000,0.000000,0.000000,0.000000,0.200000,0.000000,0.000000,0.000000,0.200000,0.000000,0.000000,0.000000,0.000000,0.000000,0.000000
1778064022.549363,zero_not_calibrated,0,0,0,0.000000,0.000000,0.000000,0.000000,0.000000,0.000000,0.200000,0.000000,0.000000,0.000000,0.200000,0.000000,0.000000,0.000000,0.000000,0.000000,0.000000
1778064022.555336,zero_waiting,0,0,0,0.000000,0.000000,0.000000,0.000000,0.000000,0.000000,0.200000,0.000000,0.000000,0.000000,0.200000,0.000000,0.000000,0.000000,0.000000,0.000000,0.000000
1778064022.582928,zero_not_calibrated,0,0,0,0.000000,0.000000,0.000000,0.000000,0.000000,0.000000,0.200000,0.000000,0.000000,0.000000,0.200000,0.000000,0.000000,0.000000,0.000000,0.000000,0.000000
1778064022.605561,zero_waiting,0,0,0,0.000000,0.000000,0.000000,0.000000,0.000000,0.000000,0.200000,0.000000,0.000000,0.000000,0.200000,0.000000,0.000000,0.000000,0.000000,0.000000,0.000000
1778064022.615662,zero_not_calibrated,0,0,0,0.000000,0.000000,0.000000,0.000000,0.000000,0.000000,0.200000,0.000000,0.000000,0.000000,0.200000,0.000000,0.000000,0.000000,0.000000,0.000000,0.000000
1778064022.653773,zero_not_calibrated,0,0,0,0.000000,0.000000,0.000000,0.000000,0.000000,0.000000,0.200000,0.000000,0.000000,0.000000,0.200000,0.000000,0.000000,0.000000,0.000000,0.000000,0.000000
1778064022.655437,zero_waiting,0,0,0,0.000000,0.000000,0.000000,0.000000,0.000000,0.000000,0.200000,0.000000,0.000000,0.000000,0.200000,0.000000,0.000000,0.000000,0.000000,0.000000,0.000000
1778064022.682535,zero_not_calibrated,0,0,0,0.000000,0.000000,0.000000,0.000000,0.000000,0.000000,0.200000,0.000000,0.000000,0.000000,0.200000,0.000000,0.000000,0.000000,0.000000,0.000000,0.000000
1778064022.705630,zero_waiting,0,0,0,0.000000,0.000000,0.000000,0.000000,0.000000,0.000000,0.200000,0.000000,0.000000,0.000000,0.200000,0.000000,0.000000,0.000000,0.000000,0.000000,0.000000
1778064022.716641,zero_not_calibrated,0,0,0,0.000000,0.000000,0.000000,0.000000,0.000000,0.000000,0.200000,0.000000,0.000000,0.000000,0.200000,0.000000,0.000000,0.000000,0.000000,0.000000,0.000000
1778064022.748986,zero_not_calibrated,0,0,0,0.000000,0.000000,0.000000,0.000000,0.000000,0.000000,0.200000,0.000000,0.000000,0.000000,0.200000,0.000000,0.000000,0.000000,0.000000,0.000000,0.000000
1778064022.755658,zero_waiting,0,0,0,0.000000,0.000000,0.000000,0.000000,0.000000,0.000000,0.200000,0.000000,0.000000,0.000000,0.200000,0.000000,0.000000,0.000000,0.000000,0.000000,0.000000
1778064022.784507,zero_not_calibrated,0,0,0,0.000000,0.000000,0.000000,0.000000,0.000000,0.000000,0.200000,0.000000,0.000000,0.000000,0.200000,0.000000,0.000000,0.000000,0.000000,0.000000,0.000000
1778064022.805612,zero_waiting,0,0,0,0.000000,0.000000,0.000000,0.000000,0.000000,0.000000,0.200000,0.000000,0.000000,0.000000,0.200000,0.000000,0.000000,0.000000,0.000000,0.000000,0.000000
1778064022.818183,zero_not_calibrated,0,0,0,0.000000,0.000000,0.000000,0.000000,0.000000,0.000000,0.200000,0.000000,0.000000,0.000000,0.200000,0.000000,0.000000,0.000000,0.000000,0.000000,0.000000
1778064022.849229,zero_not_calibrated,0,0,0,0.000000,0.000000,0.000000,0.000000,0.000000,0.000000,0.200000,0.000000,0.000000,0.000000,0.200000,0.000000,0.000000,0.000000,0.000000,0.000000,0.000000
1778064022.855567,zero_waiting,0,0,0,0.000000,0.000000,0.000000,0.000000,0.000000,0.000000,0.200000,0.000000,0.000000,0.000000,0.200000,0.000000,0.000000,0.000000,0.000000,0.000000,0.000000
1778064022.886882,zero_not_calibrated,0,0,0,0.000000,0.000000,0.000000,0.000000,0.000000,0.000000,0.200000,0.000000,0.000000,0.000000,0.200000,0.000000,0.000000,0.000000,0.000000,0.000000,0.000000
1778064022.905981,zero_waiting,0,0,0,0.000000,0.000000,0.000000,0.000000,0.000000,0.000000,0.200000,0.000000,0.000000,0.000000,0.200000,0.000000,0.000000,0.000000,0.000000,0.000000,0.000000
1778064022.919198,zero_not_calibrated,0,0,0,0.000000,0.000000,0.000000,0.000000,0.000000,0.000000,0.200000,0.000000,0.000000,0.000000,0.200000,0.000000,0.000000,0.000000,0.000000,0.000000,0.000000
1778064022.952388,zero_not_calibrated,0,0,0,0.000000,0.000000,0.000000,0.000000,0.000000,0.000000,0.200000,0.000000,0.000000,0.000000,0.200000,0.000000,0.000000,0.000000,0.000000,0.000000,0.000000
1778064022.955389,zero_waiting,0,0,0,0.000000,0.000000,0.000000,0.000000,0.000000,0.000000,0.200000,0.000000,0.000000,0.000000,0.200000,0.000000,0.000000,0.000000,0.000000,0.000000,0.000000
1778064022.985930,zero_not_calibrated,0,0,0,0.000000,0.000000,0.000000,0.000000,0.000000,0.000000,0.200000,0.000000,0.000000,0.000000,0.200000,0.000000,0.000000,0.000000,0.000000,0.000000,0.000000
1778064023.005574,zero_waiting,0,0,0,0.000000,0.000000,0.000000,0.000000,0.000000,0.000000,0.200000,0.000000,0.000000,0.000000,0.200000,0.000000,0.000000,0.000000,0.000000,0.000000,0.000000
1778064023.022044,zero_not_calibrated,0,0,0,0.000000,0.000000,0.000000,0.000000,0.000000,0.000000,0.200000,0.000000,0.000000,0.000000,0.200000,0.000000,0.000000,0.000000,0.000000,0.000000,0.000000
1778064023.051986,zero_not_calibrated,0,0,0,0.000000,0.000000,0.000000,0.000000,0.000000,0.000000,0.200000,0.000000,0.000000,0.000000,0.200000,0.000000,0.000000,0.000000,0.000000,0.000000,0.000000
1778064023.055326,zero_waiting,0,0,0,0.000000,0.000000,0.000000,0.000000,0.000000,0.000000,0.200000,0.000000,0.000000,0.000000,0.200000,0.000000,0.000000,0.000000,0.000000,0.000000,0.000000
1778064023.090578,zero_not_calibrated,0,0,0,0.000000,0.000000,0.000000,0.000000,0.000000,0.000000,0.200000,0.000000,0.000000,0.000000,0.200000,0.000000,0.000000,0.000000,0.000000,0.000000,0.000000
1778064023.107831,zero_waiting,0,0,0,0.000000,0.000000,0.000000,0.000000,0.000000,0.000000,0.200000,0.000000,0.000000,0.000000,0.200000,0.000000,0.000000,0.000000,0.000000,0.000000,0.000000
1778064023.121211,zero_not_calibrated,0,0,0,0.000000,0.000000,0.000000,0.000000,0.000000,0.000000,0.200000,0.000000,0.000000,0.000000,0.200000,0.000000,0.000000,0.000000,0.000000,0.000000,0.000000
1778064023.150556,zero_not_calibrated,0,0,0,0.000000,0.000000,0.000000,0.000000,0.000000,0.000000,0.200000,0.000000,0.000000,0.000000,0.200000,0.000000,0.000000,0.000000,0.000000,0.000000,0.000000
1778064023.155674,zero_waiting,0,0,0,0.000000,0.000000,0.000000,0.000000,0.000000,0.000000,0.200000,0.000000,0.000000,0.000000,0.200000,0.000000,0.000000,0.000000,0.000000,0.000000,0.000000
1778064023.185098,zero_not_calibrated,0,0,0,0.000000,0.000000,0.000000,0.000000,0.000000,0.000000,0.200000,0.000000,0.000000,0.000000,0.200000,0.000000,0.000000,0.000000,0.000000,0.000000,0.000000
1778064023.206282,zero_waiting,0,0,0,0.000000,0.000000,0.000000,0.000000,0.000000,0.000000,0.200000,0.000000,0.000000,0.000000,0.200000,0.000000,0.000000,0.000000,0.000000,0.000000,0.000000
1778064023.218785,zero_not_calibrated,0,0,0,0.000000,0.000000,0.000000,0.000000,0.000000,0.000000,0.200000,0.000000,0.000000,0.000000,0.200000,0.000000,0.000000,0.000000,0.000000,0.000000,0.000000
1778064023.253748,zero_not_calibrated,0,0,0,0.000000,0.000000,0.000000,0.000000,0.000000,0.000000,0.200000,0.000000,0.000000,0.000000,0.200000,0.000000,0.000000,0.000000,0.000000,0.000000,0.000000
1778064023.255364,zero_waiting,0,0,0,0.000000,0.000000,0.000000,0.000000,0.000000,0.000000,0.200000,0.000000,0.000000,0.000000,0.200000,0.000000,0.000000,0.000000,0.000000,0.000000,0.000000
1778064023.294517,zero_not_calibrated,0,0,0,0.000000,0.000000,0.000000,0.000000,0.000000,0.000000,0.200000,0.000000,0.000000,0.000000,0.200000,0.000000,0.000000,0.000000,0.000000,0.000000,0.000000
1778064023.305598,zero_waiting,0,0,0,0.000000,0.000000,0.000000,0.000000,0.000000,0.000000,0.200000,0.000000,0.000000,0.000000,0.200000,0.000000,0.000000,0.000000,0.000000,0.000000,0.000000
1778064023.338554,zero_not_calibrated,0,0,0,0.000000,0.000000,0.000000,0.000000,0.000000,0.000000,0.200000,0.000000,0.000000,0.000000,0.200000,0.000000,0.000000,0.000000,0.000000,0.000000,0.000000
1778064023.355528,zero_waiting,0,0,0,0.000000,0.000000,0.000000,0.000000,0.000000,0.000000,0.200000,0.000000,0.000000,0.000000,0.200000,0.000000,0.000000,0.000000,0.000000,0.000000,0.000000
1778064023.367266,zero_not_calibrated,0,0,0,0.000000,0.000000,0.000000,0.000000,0.000000,0.000000,0.200000,0.000000,0.000000,0.000000,0.200000,0.000000,0.000000,0.000000,0.000000,0.000000,0.000000
1778064023.399191,zero_not_calibrated,0,0,0,0.000000,0.000000,0.000000,0.000000,0.000000,0.000000,0.200000,0.000000,0.000000,0.000000,0.200000,0.000000,0.000000,0.000000,0.000000,0.000000,0.000000
1778064023.405476,zero_waiting,0,0,0,0.000000,0.000000,0.000000,0.000000,0.000000,0.000000,0.200000,0.000000,0.000000,0.000000,0.200000,0.000000,0.000000,0.000000,0.000000,0.000000,0.000000
1778064023.428159,zero_not_calibrated,0,0,0,0.000000,0.000000,0.000000,0.000000,0.000000,0.000000,0.200000,0.000000,0.000000,0.000000,0.200000,0.000000,0.000000,0.000000,0.000000,0.000000,0.000000
1778064023.455517,zero_waiting,0,0,0,0.000000,0.000000,0.000000,0.000000,0.000000,0.000000,0.200000,0.000000,0.000000,0.000000,0.200000,0.000000,0.000000,0.000000,0.000000,0.000000,0.000000
1778064023.461986,zero_not_calibrated,0,0,0,0.000000,0.000000,0.000000,0.000000,0.000000,0.000000,0.200000,0.000000,0.000000,0.000000,0.200000,0.000000,0.000000,0.000000,0.000000,0.000000,0.000000
1778064023.490828,zero_not_calibrated,0,0,0,0.000000,0.000000,0.000000,0.000000,0.000000,0.000000,0.200000,0.000000,0.000000,0.000000,0.200000,0.000000,0.000000,0.000000,0.000000,0.000000,0.000000
1778064023.505524,zero_waiting,0,0,0,0.000000,0.000000,0.000000,0.000000,0.000000,0.000000,0.200000,0.000000,0.000000,0.000000,0.200000,0.000000,0.000000,0.000000,0.000000,0.000000,0.000000
1778064023.519989,zero_not_calibrated,0,0,0,0.000000,0.000000,0.000000,0.000000,0.000000,0.000000,0.200000,0.000000,0.000000,0.000000,0.200000,0.000000,0.000000,0.000000,0.000000,0.000000,0.000000
1778064023.552763,zero_not_calibrated,0,0,0,0.000000,0.000000,0.000000,0.000000,0.000000,0.000000,0.200000,0.000000,0.000000,0.000000,0.200000,0.000000,0.000000,0.000000,0.000000,0.000000,0.000000
1778064023.555347,zero_waiting,0,0,0,0.000000,0.000000,0.000000,0.000000,0.000000,0.000000,0.200000,0.000000,0.000000,0.000000,0.200000,0.000000,0.000000,0.000000,0.000000,0.000000,0.000000
1778064023.584295,zero_not_calibrated,0,0,0,0.000000,0.000000,0.000000,0.000000,0.000000,0.000000,0.200000,0.000000,0.000000,0.000000,0.200000,0.000000,0.000000,0.000000,0.000000,0.000000,0.000000
1778064023.605655,zero_waiting,0,0,0,0.000000,0.000000,0.000000,0.000000,0.000000,0.000000,0.200000,0.000000,0.000000,0.000000,0.200000,0.000000,0.000000,0.000000,0.000000,0.000000,0.000000
1778064023.618451,zero_not_calibrated,0,0,0,0.000000,0.000000,0.000000,0.000000,0.000000,0.000000,0.200000,0.000000,0.000000,0.000000,0.200000,0.000000,0.000000,0.000000,0.000000,0.000000,0.000000
1778064023.649091,zero_not_calibrated,0,0,0,0.000000,0.000000,0.000000,0.000000,0.000000,0.000000,0.200000,0.000000,0.000000,0.000000,0.200000,0.000000,0.000000,0.000000,0.000000,0.000000,0.000000
1778064023.655298,zero_waiting,0,0,0,0.000000,0.000000,0.000000,0.000000,0.000000,0.000000,0.200000,0.000000,0.000000,0.000000,0.200000,0.000000,0.000000,0.000000,0.000000,0.000000,0.000000
1778064023.685265,zero_not_calibrated,0,0,0,0.000000,0.000000,0.000000,0.000000,0.000000,0.000000,0.200000,0.000000,0.000000,0.000000,0.200000,0.000000,0.000000,0.000000,0.000000,0.000000,0.000000
1778064023.705654,zero_waiting,0,0,0,0.000000,0.000000,0.000000,0.000000,0.000000,0.000000,0.200000,0.000000,0.000000,0.000000,0.200000,0.000000,0.000000,0.000000,0.000000,0.000000,0.000000
1778064023.724553,zero_not_calibrated,0,0,0,0.000000,0.000000,0.000000,0.000000,0.000000,0.000000,0.200000,0.000000,0.000000,0.000000,0.200000,0.000000,0.000000,0.000000,0.000000,0.000000,0.000000
1778064023.752159,zero_not_calibrated,0,0,0,0.000000,0.000000,0.000000,0.000000,0.000000,0.000000,0.200000,0.000000,0.000000,0.000000,0.200000,0.000000,0.000000,0.000000,0.000000,0.000000,0.000000
1778064023.755277,zero_waiting,0,0,0,0.000000,0.000000,0.000000,0.000000,0.000000,0.000000,0.200000,0.000000,0.000000,0.000000,0.200000,0.000000,0.000000,0.000000,0.000000,0.000000,0.000000
1778064023.786244,zero_not_calibrated,0,0,0,0.000000,0.000000,0.000000,0.000000,0.000000,0.000000,0.200000,0.000000,0.000000,0.000000,0.200000,0.000000,0.000000,0.000000,0.000000,0.000000,0.000000
1778064023.806861,zero_waiting,0,0,0,0.000000,0.000000,0.000000,0.000000,0.000000,0.000000,0.200000,0.000000,0.000000,0.000000,0.200000,0.000000,0.000000,0.000000,0.000000,0.000000,0.000000
1778064023.822177,zero_not_calibrated,0,0,0,0.000000,0.000000,0.000000,0.000000,0.000000,0.000000,0.200000,0.000000,0.000000,0.000000,0.200000,0.000000,0.000000,0.000000,0.000000,0.000000,0.000000
1778064023.850639,zero_not_calibrated,0,0,0,0.000000,0.000000,0.000000,0.000000,0.000000,0.000000,0.200000,0.000000,0.000000,0.000000,0.200000,0.000000,0.000000,0.000000,0.000000,0.000000,0.000000
1778064023.855505,zero_waiting,0,0,0,0.000000,0.000000,0.000000,0.000000,0.000000,0.000000,0.200000,0.000000,0.000000,0.000000,0.200000,0.000000,0.000000,0.000000,0.000000,0.000000,0.000000
1778064023.889834,zero_not_calibrated,0,0,0,0.000000,0.000000,0.000000,0.000000,0.000000,0.000000,0.200000,0.000000,0.000000,0.000000,0.200000,0.000000,0.000000,0.000000,0.000000,0.000000,0.000000
1778064023.905819,zero_waiting,0,0,0,0.000000,0.000000,0.000000,0.000000,0.000000,0.000000,0.200000,0.000000,0.000000,0.000000,0.200000,0.000000,0.000000,0.000000,0.000000,0.000000,0.000000
1778064023.919745,zero_not_calibrated,0,0,0,0.000000,0.000000,0.000000,0.000000,0.000000,0.000000,0.200000,0.000000,0.000000,0.000000,0.200000,0.000000,0.000000,0.000000,0.000000,0.000000,0.000000
1778064023.949721,zero_not_calibrated,0,0,0,0.000000,0.000000,0.000000,0.000000,0.000000,0.000000,0.200000,0.000000,0.000000,0.000000,0.200000,0.000000,0.000000,0.000000,0.000000,0.000000,0.000000
1778064023.955422,zero_waiting,0,0,0,0.000000,0.000000,0.000000,0.000000,0.000000,0.000000,0.200000,0.000000,0.000000,0.000000,0.200000,0.000000,0.000000,0.000000,0.000000,0.000000,0.000000
1778064023.983793,zero_not_calibrated,0,0,0,0.000000,0.000000,0.000000,0.000000,0.000000,0.000000,0.200000,0.000000,0.000000,0.000000,0.200000,0.000000,0.000000,0.000000,0.000000,0.000000,0.000000
1778064024.005501,zero_waiting,0,0,0,0.000000,0.000000,0.000000,0.000000,0.000000,0.000000,0.200000,0.000000,0.000000,0.000000,0.200000,0.000000,0.000000,0.000000,0.000000,0.000000,0.000000
1778064024.021653,zero_not_calibrated,0,0,0,0.000000,0.000000,0.000000,0.000000,0.000000,0.000000,0.200000,0.000000,0.000000,0.000000,0.200000,0.000000,0.000000,0.000000,0.000000,0.000000,0.000000
1778064024.052570,zero_not_calibrated,0,0,0,0.000000,0.000000,0.000000,0.000000,0.000000,0.000000,0.200000,0.000000,0.000000,0.000000,0.200000,0.000000,0.000000,0.000000,0.000000,0.000000,0.000000
1778064024.055299,zero_waiting,0,0,0,0.000000,0.000000,0.000000,0.000000,0.000000,0.000000,0.200000,0.000000,0.000000,0.000000,0.200000,0.000000,0.000000,0.000000,0.000000,0.000000,0.000000
1778064024.084958,zero_not_calibrated,0,0,0,0.000000,0.000000,0.000000,0.000000,0.000000,0.000000,0.200000,0.000000,0.000000,0.000000,0.200000,0.000000,0.000000,0.000000,0.000000,0.000000,0.000000
1778064024.105562,zero_waiting,0,0,0,0.000000,0.000000,0.000000,0.000000,0.000000,0.000000,0.200000,0.000000,0.000000,0.000000,0.200000,0.000000,0.000000,0.000000,0.000000,0.000000,0.000000
1778064024.116697,zero_not_calibrated,0,0,0,0.000000,0.000000,0.000000,0.000000,0.000000,0.000000,0.200000,0.000000,0.000000,0.000000,0.200000,0.000000,0.000000,0.000000,0.000000,0.000000,0.000000
1778064024.148421,zero_not_calibrated,0,0,0,0.000000,0.000000,0.000000,0.000000,0.000000,0.000000,0.200000,0.000000,0.000000,0.000000,0.200000,0.000000,0.000000,0.000000,0.000000,0.000000,0.000000
1778064024.155435,zero_waiting,0,0,0,0.000000,0.000000,0.000000,0.000000,0.000000,0.000000,0.200000,0.000000,0.000000,0.000000,0.200000,0.000000,0.000000,0.000000,0.000000,0.000000,0.000000
1778064024.181834,zero_not_calibrated,0,0,0,0.000000,0.000000,0.000000,0.000000,0.000000,0.000000,0.200000,0.000000,0.000000,0.000000,0.200000,0.000000,0.000000,0.000000,0.000000,0.000000,0.000000
1778064024.205970,zero_waiting,0,0,0,0.000000,0.000000,0.000000,0.000000,0.000000,0.000000,0.200000,0.000000,0.000000,0.000000,0.200000,0.000000,0.000000,0.000000,0.000000,0.000000,0.000000
1778064024.214434,zero_not_calibrated,0,0,0,0.000000,0.000000,0.000000,0.000000,0.000000,0.000000,0.200000,0.000000,0.000000,0.000000,0.200000,0.000000,0.000000,0.000000,0.000000,0.000000,0.000000
1778064024.248947,zero_not_calibrated,0,0,0,0.000000,0.000000,0.000000,0.000000,0.000000,0.000000,0.200000,0.000000,0.000000,0.000000,0.200000,0.000000,0.000000,0.000000,0.000000,0.000000,0.000000
1778064024.255467,zero_waiting,0,0,0,0.000000,0.000000,0.000000,0.000000,0.000000,0.000000,0.200000,0.000000,0.000000,0.000000,0.200000,0.000000,0.000000,0.000000,0.000000,0.000000,0.000000
1778064024.280579,zero_not_calibrated,0,0,0,0.000000,0.000000,0.000000,0.000000,0.000000,0.000000,0.200000,0.000000,0.000000,0.000000,0.200000,0.000000,0.000000,0.000000,0.000000,0.000000,0.000000
1778064024.305545,zero_waiting,0,0,0,0.000000,0.000000,0.000000,0.000000,0.000000,0.000000,0.200000,0.000000,0.000000,0.000000,0.200000,0.000000,0.000000,0.000000,0.000000,0.000000,0.000000
1778064024.315166,zero_not_calibrated,0,0,0,0.000000,0.000000,0.000000,0.000000,0.000000,0.000000,0.200000,0.000000,0.000000,0.000000,0.200000,0.000000,0.000000,0.000000,0.000000,0.000000,0.000000
1778064024.350343,zero_not_calibrated,0,0,0,0.000000,0.000000,0.000000,0.000000,0.000000,0.000000,0.200000,0.000000,0.000000,0.000000,0.200000,0.000000,0.000000,0.000000,0.000000,0.000000,0.000000
1778064024.355409,zero_waiting,0,0,0,0.000000,0.000000,0.000000,0.000000,0.000000,0.000000,0.200000,0.000000,0.000000,0.000000,0.200000,0.000000,0.000000,0.000000,0.000000,0.000000,0.000000
1778064024.382353,zero_not_calibrated,0,0,0,0.000000,0.000000,0.000000,0.000000,0.000000,0.000000,0.200000,0.000000,0.000000,0.000000,0.200000,0.000000,0.000000,0.000000,0.000000,0.000000,0.000000
1778064024.405600,zero_waiting,0,0,0,0.000000,0.000000,0.000000,0.000000,0.000000,0.000000,0.200000,0.000000,0.000000,0.000000,0.200000,0.000000,0.000000,0.000000,0.000000,0.000000,0.000000
1778064024.415706,zero_not_calibrated,0,0,0,0.000000,0.000000,0.000000,0.000000,0.000000,0.000000,0.200000,0.000000,0.000000,0.000000,0.200000,0.000000,0.000000,0.000000,0.000000,0.000000,0.000000
1778064024.450314,zero_not_calibrated,0,0,0,0.000000,0.000000,0.000000,0.000000,0.000000,0.000000,0.200000,0.000000,0.000000,0.000000,0.200000,0.000000,0.000000,0.000000,0.000000,0.000000,0.000000
1778064024.455403,zero_waiting,0,0,0,0.000000,0.000000,0.000000,0.000000,0.000000,0.000000,0.200000,0.000000,0.000000,0.000000,0.200000,0.000000,0.000000,0.000000,0.000000,0.000000,0.000000
1778064024.485299,zero_not_calibrated,0,0,0,0.000000,0.000000,0.000000,0.000000,0.000000,0.000000,0.200000,0.000000,0.000000,0.000000,0.200000,0.000000,0.000000,0.000000,0.000000,0.000000,0.000000
1778064024.505594,zero_waiting,0,0,0,0.000000,0.000000,0.000000,0.000000,0.000000,0.000000,0.200000,0.000000,0.000000,0.000000,0.200000,0.000000,0.000000,0.000000,0.000000,0.000000,0.000000
1778064024.520067,zero_not_calibrated,0,0,0,0.000000,0.000000,0.000000,0.000000,0.000000,0.000000,0.200000,0.000000,0.000000,0.000000,0.200000,0.000000,0.000000,0.000000,0.000000,0.000000,0.000000
1778064024.551511,zero_not_calibrated,0,0,0,0.000000,0.000000,0.000000,0.000000,0.000000,0.000000,0.200000,0.000000,0.000000,0.000000,0.200000,0.000000,0.000000,0.000000,0.000000,0.000000,0.000000
1778064024.555330,zero_waiting,0,0,0,0.000000,0.000000,0.000000,0.000000,0.000000,0.000000,0.200000,0.000000,0.000000,0.000000,0.200000,0.000000,0.000000,0.000000,0.000000,0.000000,0.000000
1778064024.582515,zero_not_calibrated,0,0,0,0.000000,0.000000,0.000000,0.000000,0.000000,0.000000,0.200000,0.000000,0.000000,0.000000,0.200000,0.000000,0.000000,0.000000,0.000000,0.000000,0.000000
1778064024.606710,zero_waiting,0,0,0,0.000000,0.000000,0.000000,0.000000,0.000000,0.000000,0.200000,0.000000,0.000000,0.000000,0.200000,0.000000,0.000000,0.000000,0.000000,0.000000,0.000000
1778064024.619844,zero_not_calibrated,0,0,0,0.000000,0.000000,0.000000,0.000000,0.000000,0.000000,0.200000,0.000000,0.000000,0.000000,0.200000,0.000000,0.000000,0.000000,0.000000,0.000000,0.000000
1778064024.652344,zero_not_calibrated,0,0,0,0.000000,0.000000,0.000000,0.000000,0.000000,0.000000,0.200000,0.000000,0.000000,0.000000,0.200000,0.000000,0.000000,0.000000,0.000000,0.000000,0.000000
1778064024.655583,zero_waiting,0,0,0,0.000000,0.000000,0.000000,0.000000,0.000000,0.000000,0.200000,0.000000,0.000000,0.000000,0.200000,0.000000,0.000000,0.000000,0.000000,0.000000,0.000000
1778064024.684079,zero_not_calibrated,0,0,0,0.000000,0.000000,0.000000,0.000000,0.000000,0.000000,0.200000,0.000000,0.000000,0.000000,0.200000,0.000000,0.000000,0.000000,0.000000,0.000000,0.000000
1778064024.705612,zero_waiting,0,0,0,0.000000,0.000000,0.000000,0.000000,0.000000,0.000000,0.200000,0.000000,0.000000,0.000000,0.200000,0.000000,0.000000,0.000000,0.000000,0.000000,0.000000
1778064024.718870,zero_not_calibrated,0,0,0,0.000000,0.000000,0.000000,0.000000,0.000000,0.000000,0.200000,0.000000,0.000000,0.000000,0.200000,0.000000,0.000000,0.000000,0.000000,0.000000,0.000000
1778064024.752922,zero_not_calibrated,0,0,0,0.000000,0.000000,0.000000,0.000000,0.000000,0.000000,0.200000,0.000000,0.000000,0.000000,0.200000,0.000000,0.000000,0.000000,0.000000,0.000000,0.000000
1778064024.755358,zero_waiting,0,0,0,0.000000,0.000000,0.000000,0.000000,0.000000,0.000000,0.200000,0.000000,0.000000,0.000000,0.200000,0.000000,0.000000,0.000000,0.000000,0.000000,0.000000
1778064024.785481,zero_not_calibrated,0,0,0,0.000000,0.000000,0.000000,0.000000,0.000000,0.000000,0.200000,0.000000,0.000000,0.000000,0.200000,0.000000,0.000000,0.000000,0.000000,0.000000,0.000000
1778064024.805574,zero_waiting,0,0,0,0.000000,0.000000,0.000000,0.000000,0.000000,0.000000,0.200000,0.000000,0.000000,0.000000,0.200000,0.000000,0.000000,0.000000,0.000000,0.000000,0.000000
1778064024.819719,zero_not_calibrated,0,0,0,0.000000,0.000000,0.000000,0.000000,0.000000,0.000000,0.200000,0.000000,0.000000,0.000000,0.200000,0.000000,0.000000,0.000000,0.000000,0.000000,0.000000
1778064024.850403,zero_not_calibrated,0,0,0,0.000000,0.000000,0.000000,0.000000,0.000000,0.000000,0.200000,0.000000,0.000000,0.000000,0.200000,0.000000,0.000000,0.000000,0.000000,0.000000,0.000000
1778064024.855400,zero_waiting,0,0,0,0.000000,0.000000,0.000000,0.000000,0.000000,0.000000,0.200000,0.000000,0.000000,0.000000,0.200000,0.000000,0.000000,0.000000,0.000000,0.000000,0.000000
1778064024.884664,zero_not_calibrated,0,0,0,0.000000,0.000000,0.000000,0.000000,0.000000,0.000000,0.200000,0.000000,0.000000,0.000000,0.200000,0.000000,0.000000,0.000000,0.000000,0.000000,0.000000
1778064024.905620,zero_waiting,0,0,0,0.000000,0.000000,0.000000,0.000000,0.000000,0.000000,0.200000,0.000000,0.000000,0.000000,0.200000,0.000000,0.000000,0.000000,0.000000,0.000000,0.000000
1778064024.918190,zero_not_calibrated,0,0,0,0.000000,0.000000,0.000000,0.000000,0.000000,0.000000,0.200000,0.000000,0.000000,0.000000,0.200000,0.000000,0.000000,0.000000,0.000000,0.000000,0.000000
1778064024.949268,zero_not_calibrated,0,0,0,0.000000,0.000000,0.000000,0.000000,0.000000,0.000000,0.200000,0.000000,0.000000,0.000000,0.200000,0.000000,0.000000,0.000000,0.000000,0.000000,0.000000
1778064024.955549,zero_waiting,0,0,0,0.000000,0.000000,0.000000,0.000000,0.000000,0.000000,0.200000,0.000000,0.000000,0.000000,0.200000,0.000000,0.000000,0.000000,0.000000,0.000000,0.000000
1778064024.982993,zero_not_calibrated,0,0,0,0.000000,0.000000,0.000000,0.000000,0.000000,0.000000,0.200000,0.000000,0.000000,0.000000,0.200000,0.000000,0.000000,0.000000,0.000000,0.000000,0.000000
1778064025.005700,zero_waiting,0,0,0,0.000000,0.000000,0.000000,0.000000,0.000000,0.000000,0.200000,0.000000,0.000000,0.000000,0.200000,0.000000,0.000000,0.000000,0.000000,0.000000,0.000000
1778064025.015340,zero_not_calibrated,0,0,0,0.000000,0.000000,0.000000,0.000000,0.000000,0.000000,0.200000,0.000000,0.000000,0.000000,0.200000,0.000000,0.000000,0.000000,0.000000,0.000000,0.000000
1778064025.050909,zero_not_calibrated,0,0,0,0.000000,0.000000,0.000000,0.000000,0.000000,0.000000,0.200000,0.000000,0.000000,0.000000,0.200000,0.000000,0.000000,0.000000,0.000000,0.000000,0.000000
1778064025.055602,zero_waiting,0,0,0,0.000000,0.000000,0.000000,0.000000,0.000000,0.000000,0.200000,0.000000,0.000000,0.000000,0.200000,0.000000,0.000000,0.000000,0.000000,0.000000,0.000000
1778064025.082216,zero_not_calibrated,0,0,0,0.000000,0.000000,0.000000,0.000000,0.000000,0.000000,0.200000,0.000000,0.000000,0.000000,0.200000,0.000000,0.000000,0.000000,0.000000,0.000000,0.000000
1778064025.105485,zero_waiting,0,0,0,0.000000,0.000000,0.000000,0.000000,0.000000,0.000000,0.200000,0.000000,0.000000,0.000000,0.200000,0.000000,0.000000,0.000000,0.000000,0.000000,0.000000
1778064025.117813,zero_not_calibrated,0,0,0,0.000000,0.000000,0.000000,0.000000,0.000000,0.000000,0.200000,0.000000,0.000000,0.000000,0.200000,0.000000,0.000000,0.000000,0.000000,0.000000,0.000000
1778064025.150314,zero_not_calibrated,0,0,0,0.000000,0.000000,0.000000,0.000000,0.000000,0.000000,0.200000,0.000000,0.000000,0.000000,0.200000,0.000000,0.000000,0.000000,0.000000,0.000000,0.000000
1778064025.155582,zero_waiting,0,0,0,0.000000,0.000000,0.000000,0.000000,0.000000,0.000000,0.200000,0.000000,0.000000,0.000000,0.200000,0.000000,0.000000,0.000000,0.000000,0.000000,0.000000
1778064025.181138,zero_not_calibrated,0,0,0,0.000000,0.000000,0.000000,0.000000,0.000000,0.000000,0.200000,0.000000,0.000000,0.000000,0.200000,0.000000,0.000000,0.000000,0.000000,0.000000,0.000000
1778064025.205452,zero_waiting,0,0,0,0.000000,0.000000,0.000000,0.000000,0.000000,0.000000,0.200000,0.000000,0.000000,0.000000,0.200000,0.000000,0.000000,0.000000,0.000000,0.000000,0.000000
1778064025.217635,zero_not_calibrated,0,0,0,0.000000,0.000000,0.000000,0.000000,0.000000,0.000000,0.200000,0.000000,0.000000,0.000000,0.200000,0.000000,0.000000,0.000000,0.000000,0.000000,0.000000
1778064025.252380,zero_not_calibrated,0,0,0,0.000000,0.000000,0.000000,0.000000,0.000000,0.000000,0.200000,0.000000,0.000000,0.000000,0.200000,0.000000,0.000000,0.000000,0.000000,0.000000,0.000000
1778064025.255383,zero_waiting,0,0,0,0.000000,0.000000,0.000000,0.000000,0.000000,0.000000,0.200000,0.000000,0.000000,0.000000,0.200000,0.000000,0.000000,0.000000,0.000000,0.000000,0.000000
1778064025.283421,zero_not_calibrated,0,0,0,0.000000,0.000000,0.000000,0.000000,0.000000,0.000000,0.200000,0.000000,0.000000,0.000000,0.200000,0.000000,0.000000,0.000000,0.000000,0.000000,0.000000
1778064025.305694,zero_waiting,0,0,0,0.000000,0.000000,0.000000,0.000000,0.000000,0.000000,0.200000,0.000000,0.000000,0.000000,0.200000,0.000000,0.000000,0.000000,0.000000,0.000000,0.000000
1778064025.317481,zero_not_calibrated,0,0,0,0.000000,0.000000,0.000000,0.000000,0.000000,0.000000,0.200000,0.000000,0.000000,0.000000,0.200000,0.000000,0.000000,0.000000,0.000000,0.000000,0.000000
1778064025.351717,zero_not_calibrated,0,0,0,0.000000,0.000000,0.000000,0.000000,0.000000,0.000000,0.200000,0.000000,0.000000,0.000000,0.200000,0.000000,0.000000,0.000000,0.000000,0.000000,0.000000
1778064025.355433,zero_waiting,0,0,0,0.000000,0.000000,0.000000,0.000000,0.000000,0.000000,0.200000,0.000000,0.000000,0.000000,0.200000,0.000000,0.000000,0.000000,0.000000,0.000000,0.000000
1778064025.385599,zero_not_calibrated,0,0,0,0.000000,0.000000,0.000000,0.000000,0.000000,0.000000,0.200000,0.000000,0.000000,0.000000,0.200000,0.000000,0.000000,0.000000,0.000000,0.000000,0.000000
1778064025.405630,zero_waiting,0,0,0,0.000000,0.000000,0.000000,0.000000,0.000000,0.000000,0.200000,0.000000,0.000000,0.000000,0.200000,0.000000,0.000000,0.000000,0.000000,0.000000,0.000000
1778064025.417557,zero_not_calibrated,0,0,0,0.000000,0.000000,0.000000,0.000000,0.000000,0.000000,0.200000,0.000000,0.000000,0.000000,0.200000,0.000000,0.000000,0.000000,0.000000,0.000000,0.000000
1778064025.452057,zero_not_calibrated,0,0,0,0.000000,0.000000,0.000000,0.000000,0.000000,0.000000,0.200000,0.000000,0.000000,0.000000,0.200000,0.000000,0.000000,0.000000,0.000000,0.000000,0.000000
1778064025.455429,zero_waiting,0,0,0,0.000000,0.000000,0.000000,0.000000,0.000000,0.000000,0.200000,0.000000,0.000000,0.000000,0.200000,0.000000,0.000000,0.000000,0.000000,0.000000,0.000000
1778064025.487619,zero_not_calibrated,0,0,0,0.000000,0.000000,0.000000,0.000000,0.000000,0.000000,0.200000,0.000000,0.000000,0.000000,0.200000,0.000000,0.000000,0.000000,0.000000,0.000000,0.000000
1778064025.505517,zero_waiting,0,0,0,0.000000,0.000000,0.000000,0.000000,0.000000,0.000000,0.200000,0.000000,0.000000,0.000000,0.200000,0.000000,0.000000,0.000000,0.000000,0.000000,0.000000
1778064025.516474,zero_not_calibrated,0,0,0,0.000000,0.000000,0.000000,0.000000,0.000000,0.000000,0.200000,0.000000,0.000000,0.000000,0.200000,0.000000,0.000000,0.000000,0.000000,0.000000,0.000000
1778064025.553754,zero_not_calibrated,0,0,0,0.000000,0.000000,0.000000,0.000000,0.000000,0.000000,0.200000,0.000000,0.000000,0.000000,0.200000,0.000000,0.000000,0.000000,0.000000,0.000000,0.000000
1778064025.555336,zero_waiting,0,0,0,0.000000,0.000000,0.000000,0.000000,0.000000,0.000000,0.200000,0.000000,0.000000,0.000000,0.200000,0.000000,0.000000,0.000000,0.000000,0.000000,0.000000
1778064025.586964,zero_not_calibrated,0,0,0,0.000000,0.000000,0.000000,0.000000,0.000000,0.000000,0.200000,0.000000,0.000000,0.000000,0.200000,0.000000,0.000000,0.000000,0.000000,0.000000,0.000000
1778064025.605536,zero_waiting,0,0,0,0.000000,0.000000,0.000000,0.000000,0.000000,0.000000,0.200000,0.000000,0.000000,0.000000,0.200000,0.000000,0.000000,0.000000,0.000000,0.000000,0.000000
1778064025.619481,zero_not_calibrated,0,0,0,0.000000,0.000000,0.000000,0.000000,0.000000,0.000000,0.200000,0.000000,0.000000,0.000000,0.200000,0.000000,0.000000,0.000000,0.000000,0.000000,0.000000
1778064025.654474,zero_not_calibrated,0,0,0,0.000000,0.000000,0.000000,0.000000,0.000000,0.000000,0.200000,0.000000,0.000000,0.000000,0.200000,0.000000,0.000000,0.000000,0.000000,0.000000,0.000000
1778064025.655282,zero_waiting,0,0,0,0.000000,0.000000,0.000000,0.000000,0.000000,0.000000,0.200000,0.000000,0.000000,0.000000,0.200000,0.000000,0.000000,0.000000,0.000000,0.000000,0.000000
1778064025.686120,zero_not_calibrated,0,0,0,0.000000,0.000000,0.000000,0.000000,0.000000,0.000000,0.200000,0.000000,0.000000,0.000000,0.200000,0.000000,0.000000,0.000000,0.000000,0.000000,0.000000
1778064025.705483,zero_waiting,0,0,0,0.000000,0.000000,0.000000,0.000000,0.000000,0.000000,0.200000,0.000000,0.000000,0.000000,0.200000,0.000000,0.000000,0.000000,0.000000,0.000000,0.000000
1778064025.717778,zero_not_calibrated,0,0,0,0.000000,0.000000,0.000000,0.000000,0.000000,0.000000,0.200000,0.000000,0.000000,0.000000,0.200000,0.000000,0.000000,0.000000,0.000000,0.000000,0.000000
1778064025.750103,zero_not_calibrated,0,0,0,0.000000,0.000000,0.000000,0.000000,0.000000,0.000000,0.200000,0.000000,0.000000,0.000000,0.200000,0.000000,0.000000,0.000000,0.000000,0.000000,0.000000
1778064025.755383,zero_waiting,0,0,0,0.000000,0.000000,0.000000,0.000000,0.000000,0.000000,0.200000,0.000000,0.000000,0.000000,0.200000,0.000000,0.000000,0.000000,0.000000,0.000000,0.000000
1778064025.783006,zero_not_calibrated,0,0,0,0.000000,0.000000,0.000000,0.000000,0.000000,0.000000,0.200000,0.000000,0.000000,0.000000,0.200000,0.000000,0.000000,0.000000,0.000000,0.000000,0.000000
1778064025.805598,zero_waiting,0,0,0,0.000000,0.000000,0.000000,0.000000,0.000000,0.000000,0.200000,0.000000,0.000000,0.000000,0.200000,0.000000,0.000000,0.000000,0.000000,0.000000,0.000000
1778064025.817706,zero_not_calibrated,0,0,0,0.000000,0.000000,0.000000,0.000000,0.000000,0.000000,0.200000,0.000000,0.000000,0.000000,0.200000,0.000000,0.000000,0.000000,0.000000,0.000000,0.000000
1778064025.847745,zero_not_calibrated,0,0,0,0.000000,0.000000,0.000000,0.000000,0.000000,0.000000,0.200000,0.000000,0.000000,0.000000,0.200000,0.000000,0.000000,0.000000,0.000000,0.000000,0.000000
1778064025.855520,zero_waiting,0,0,0,0.000000,0.000000,0.000000,0.000000,0.000000,0.000000,0.200000,0.000000,0.000000,0.000000,0.200000,0.000000,0.000000,0.000000,0.000000,0.000000,0.000000
1778064025.883897,zero_not_calibrated,0,0,0,0.000000,0.000000,0.000000,0.000000,0.000000,0.000000,0.200000,0.000000,0.000000,0.000000,0.200000,0.000000,0.000000,0.000000,0.000000,0.000000,0.000000
1778064025.905550,zero_waiting,0,0,0,0.000000,0.000000,0.000000,0.000000,0.000000,0.000000,0.200000,0.000000,0.000000,0.000000,0.200000,0.000000,0.000000,0.000000,0.000000,0.000000,0.000000
1778064025.915356,zero_not_calibrated,0,0,0,0.000000,0.000000,0.000000,0.000000,0.000000,0.000000,0.200000,0.000000,0.000000,0.000000,0.200000,0.000000,0.000000,0.000000,0.000000,0.000000,0.000000
1778064025.948333,zero_not_calibrated,0,0,0,0.000000,0.000000,0.000000,0.000000,0.000000,0.000000,0.200000,0.000000,0.000000,0.000000,0.200000,0.000000,0.000000,0.000000,0.000000,0.000000,0.000000
1778064025.955456,zero_waiting,0,0,0,0.000000,0.000000,0.000000,0.000000,0.000000,0.000000,0.200000,0.000000,0.000000,0.000000,0.200000,0.000000,0.000000,0.000000,0.000000,0.000000,0.000000
1778064025.984039,zero_not_calibrated,0,0,0,0.000000,0.000000,0.000000,0.000000,0.000000,0.000000,0.200000,0.000000,0.000000,0.000000,0.200000,0.000000,0.000000,0.000000,0.000000,0.000000,0.000000
1778064026.005502,zero_waiting,0,0,0,0.000000,0.000000,0.000000,0.000000,0.000000,0.000000,0.200000,0.000000,0.000000,0.000000,0.200000,0.000000,0.000000,0.000000,0.000000,0.000000,0.000000
1778064026.019666,zero_not_calibrated,0,0,0,0.000000,0.000000,0.000000,0.000000,0.000000,0.000000,0.200000,0.000000,0.000000,0.000000,0.200000,0.000000,0.000000,0.000000,0.000000,0.000000,0.000000
1778064026.052913,zero_not_calibrated,0,0,0,0.000000,0.000000,0.000000,0.000000,0.000000,0.000000,0.200000,0.000000,0.000000,0.000000,0.200000,0.000000,0.000000,0.000000,0.000000,0.000000,0.000000
1778064026.055432,zero_waiting,0,0,0,0.000000,0.000000,0.000000,0.000000,0.000000,0.000000,0.200000,0.000000,0.000000,0.000000,0.200000,0.000000,0.000000,0.000000,0.000000,0.000000,0.000000
1778064026.084883,zero_not_calibrated,0,0,0,0.000000,0.000000,0.000000,0.000000,0.000000,0.000000,0.200000,0.000000,0.000000,0.000000,0.200000,0.000000,0.000000,0.000000,0.000000,0.000000,0.000000
1778064026.105434,zero_waiting,0,0,0,0.000000,0.000000,0.000000,0.000000,0.000000,0.000000,0.200000,0.000000,0.000000,0.000000,0.200000,0.000000,0.000000,0.000000,0.000000,0.000000,0.000000
1778064026.118982,zero_not_calibrated,0,0,0,0.000000,0.000000,0.000000,0.000000,0.000000,0.000000,0.200000,0.000000,0.000000,0.000000,0.200000,0.000000,0.000000,0.000000,0.000000,0.000000,0.000000
1778064026.152055,zero_not_calibrated,0,0,0,0.000000,0.000000,0.000000,0.000000,0.000000,0.000000,0.200000,0.000000,0.000000,0.000000,0.200000,0.000000,0.000000,0.000000,0.000000,0.000000,0.000000
1778064026.155458,zero_waiting,0,0,0,0.000000,0.000000,0.000000,0.000000,0.000000,0.000000,0.200000,0.000000,0.000000,0.000000,0.200000,0.000000,0.000000,0.000000,0.000000,0.000000,0.000000
1778064026.189440,zero_not_calibrated,0,0,0,0.000000,0.000000,0.000000,0.000000,0.000000,0.000000,0.200000,0.000000,0.000000,0.000000,0.200000,0.000000,0.000000,0.000000,0.000000,0.000000,0.000000
1778064026.205599,zero_waiting,0,0,0,0.000000,0.000000,0.000000,0.000000,0.000000,0.000000,0.200000,0.000000,0.000000,0.000000,0.200000,0.000000,0.000000,0.000000,0.000000,0.000000,0.000000
1778064026.217428,zero_not_calibrated,0,0,0,0.000000,0.000000,0.000000,0.000000,0.000000,0.000000,0.200000,0.000000,0.000000,0.000000,0.200000,0.000000,0.000000,0.000000,0.000000,0.000000,0.000000
1778064026.252324,zero_not_calibrated,0,0,0,0.000000,0.000000,0.000000,0.000000,0.000000,0.000000,0.200000,0.000000,0.000000,0.000000,0.200000,0.000000,0.000000,0.000000,0.000000,0.000000,0.000000
1778064026.255483,zero_waiting,0,0,0,0.000000,0.000000,0.000000,0.000000,0.000000,0.000000,0.200000,0.000000,0.000000,0.000000,0.200000,0.000000,0.000000,0.000000,0.000000,0.000000,0.000000
1778064026.285087,zero_not_calibrated,0,0,0,0.000000,0.000000,0.000000,0.000000,0.000000,0.000000,0.200000,0.000000,0.000000,0.000000,0.200000,0.000000,0.000000,0.000000,0.000000,0.000000,0.000000
1778064026.305543,zero_waiting,0,0,0,0.000000,0.000000,0.000000,0.000000,0.000000,0.000000,0.200000,0.000000,0.000000,0.000000,0.200000,0.000000,0.000000,0.000000,0.000000,0.000000,0.000000
1778064026.319305,zero_not_calibrated,0,0,0,0.000000,0.000000,0.000000,0.000000,0.000000,0.000000,0.200000,0.000000,0.000000,0.000000,0.200000,0.000000,0.000000,0.000000,0.000000,0.000000,0.000000
1778064026.350298,zero_not_calibrated,0,0,0,0.000000,0.000000,0.000000,0.000000,0.000000,0.000000,0.200000,0.000000,0.000000,0.000000,0.200000,0.000000,0.000000,0.000000,0.000000,0.000000,0.000000
1778064026.355436,zero_waiting,0,0,0,0.000000,0.000000,0.000000,0.000000,0.000000,0.000000,0.200000,0.000000,0.000000,0.000000,0.200000,0.000000,0.000000,0.000000,0.000000,0.000000,0.000000
1778064026.385958,zero_not_calibrated,0,0,0,0.000000,0.000000,0.000000,0.000000,0.000000,0.000000,0.200000,0.000000,0.000000,0.000000,0.200000,0.000000,0.000000,0.000000,0.000000,0.000000,0.000000
1778064026.405552,zero_waiting,0,0,0,0.000000,0.000000,0.000000,0.000000,0.000000,0.000000,0.200000,0.000000,0.000000,0.000000,0.200000,0.000000,0.000000,0.000000,0.000000,0.000000,0.000000
1778064026.418067,zero_not_calibrated,0,0,0,0.000000,0.000000,0.000000,0.000000,0.000000,0.000000,0.200000,0.000000,0.000000,0.000000,0.200000,0.000000,0.000000,0.000000,0.000000,0.000000,0.000000
1778064026.452942,zero_not_calibrated,0,0,0,0.000000,0.000000,0.000000,0.000000,0.000000,0.000000,0.200000,0.000000,0.000000,0.000000,0.200000,0.000000,0.000000,0.000000,0.000000,0.000000,0.000000
1778064026.455297,zero_waiting,0,0,0,0.000000,0.000000,0.000000,0.000000,0.000000,0.000000,0.200000,0.000000,0.000000,0.000000,0.200000,0.000000,0.000000,0.000000,0.000000,0.000000,0.000000
1778064026.482328,zero_not_calibrated,0,0,0,0.000000,0.000000,0.000000,0.000000,0.000000,0.000000,0.200000,0.000000,0.000000,0.000000,0.200000,0.000000,0.000000,0.000000,0.000000,0.000000,0.000000
1778064026.505480,zero_waiting,0,0,0,0.000000,0.000000,0.000000,0.000000,0.000000,0.000000,0.200000,0.000000,0.000000,0.000000,0.200000,0.000000,0.000000,0.000000,0.000000,0.000000,0.000000
1778064026.516098,zero_not_calibrated,0,0,0,0.000000,0.000000,0.000000,0.000000,0.000000,0.000000,0.200000,0.000000,0.000000,0.000000,0.200000,0.000000,0.000000,0.000000,0.000000,0.000000,0.000000
1778064026.548531,zero_not_calibrated,0,0,0,0.000000,0.000000,0.000000,0.000000,0.000000,0.000000,0.200000,0.000000,0.000000,0.000000,0.200000,0.000000,0.000000,0.000000,0.000000,0.000000,0.000000
1778064026.555474,zero_waiting,0,0,0,0.000000,0.000000,0.000000,0.000000,0.000000,0.000000,0.200000,0.000000,0.000000,0.000000,0.200000,0.000000,0.000000,0.000000,0.000000,0.000000,0.000000
1778064026.584451,zero_not_calibrated,0,0,0,0.000000,0.000000,0.000000,0.000000,0.000000,0.000000,0.200000,0.000000,0.000000,0.000000,0.200000,0.000000,0.000000,0.000000,0.000000,0.000000,0.000000
1778064026.605561,zero_waiting,0,0,0,0.000000,0.000000,0.000000,0.000000,0.000000,0.000000,0.200000,0.000000,0.000000,0.000000,0.200000,0.000000,0.000000,0.000000,0.000000,0.000000,0.000000
1778064026.616202,zero_not_calibrated,0,0,0,0.000000,0.000000,0.000000,0.000000,0.000000,0.000000,0.200000,0.000000,0.000000,0.000000,0.200000,0.000000,0.000000,0.000000,0.000000,0.000000,0.000000
1778064026.647445,zero_not_calibrated,0,0,0,0.000000,0.000000,0.000000,0.000000,0.000000,0.000000,0.200000,0.000000,0.000000,0.000000,0.200000,0.000000,0.000000,0.000000,0.000000,0.000000,0.000000
1778064026.655540,zero_waiting,0,0,0,0.000000,0.000000,0.000000,0.000000,0.000000,0.000000,0.200000,0.000000,0.000000,0.000000,0.200000,0.000000,0.000000,0.000000,0.000000,0.000000,0.000000
1778064026.683244,zero_not_calibrated,0,0,0,0.000000,0.000000,0.000000,0.000000,0.000000,0.000000,0.200000,0.000000,0.000000,0.000000,0.200000,0.000000,0.000000,0.000000,0.000000,0.000000,0.000000
1778064026.705549,zero_waiting,0,0,0,0.000000,0.000000,0.000000,0.000000,0.000000,0.000000,0.200000,0.000000,0.000000,0.000000,0.200000,0.000000,0.000000,0.000000,0.000000,0.000000,0.000000
1778064026.715047,zero_not_calibrated,0,0,0,0.000000,0.000000,0.000000,0.000000,0.000000,0.000000,0.200000,0.000000,0.000000,0.000000,0.200000,0.000000,0.000000,0.000000,0.000000,0.000000,0.000000
1778064026.746984,zero_not_calibrated,0,0,0,0.000000,0.000000,0.000000,0.000000,0.000000,0.000000,0.200000,0.000000,0.000000,0.000000,0.200000,0.000000,0.000000,0.000000,0.000000,0.000000,0.000000
1778064026.755565,zero_waiting,0,0,0,0.000000,0.000000,0.000000,0.000000,0.000000,0.000000,0.200000,0.000000,0.000000,0.000000,0.200000,0.000000,0.000000,0.000000,0.000000,0.000000,0.000000
1778064026.785350,zero_not_calibrated,0,0,0,0.000000,0.000000,0.000000,0.000000,0.000000,0.000000,0.200000,0.000000,0.000000,0.000000,0.200000,0.000000,0.000000,0.000000,0.000000,0.000000,0.000000
1778064026.805615,zero_waiting,0,0,0,0.000000,0.000000,0.000000,0.000000,0.000000,0.000000,0.200000,0.000000,0.000000,0.000000,0.200000,0.000000,0.000000,0.000000,0.000000,0.000000,0.000000
1778064026.814547,zero_not_calibrated,0,0,0,0.000000,0.000000,0.000000,0.000000,0.000000,0.000000,0.200000,0.000000,0.000000,0.000000,0.200000,0.000000,0.000000,0.000000,0.000000,0.000000,0.000000
1778064026.854314,zero_not_calibrated,0,0,0,0.000000,0.000000,0.000000,0.000000,0.000000,0.000000,0.200000,0.000000,0.000000,0.000000,0.200000,0.000000,0.000000,0.000000,0.000000,0.000000,0.000000
1778064026.855297,zero_waiting,0,0,0,0.000000,0.000000,0.000000,0.000000,0.000000,0.000000,0.200000,0.000000,0.000000,0.000000,0.200000,0.000000,0.000000,0.000000,0.000000,0.000000,0.000000
1778064026.888917,zero_not_calibrated,0,0,0,0.000000,0.000000,0.000000,0.000000,0.000000,0.000000,0.200000,0.000000,0.000000,0.000000,0.200000,0.000000,0.000000,0.000000,0.000000,0.000000,0.000000
1778064026.905607,zero_waiting,0,0,0,0.000000,0.000000,0.000000,0.000000,0.000000,0.000000,0.200000,0.000000,0.000000,0.000000,0.200000,0.000000,0.000000,0.000000,0.000000,0.000000,0.000000
1778064026.917407,zero_not_calibrated,0,0,0,0.000000,0.000000,0.000000,0.000000,0.000000,0.000000,0.200000,0.000000,0.000000,0.000000,0.200000,0.000000,0.000000,0.000000,0.000000,0.000000,0.000000
1778064026.955300,zero_not_calibrated,0,0,0,0.000000,0.000000,0.000000,0.000000,0.000000,0.000000,0.200000,0.000000,0.000000,0.000000,0.200000,0.000000,0.000000,0.000000,0.000000,0.000000,0.000000
1778064026.955740,zero_waiting,0,0,0,0.000000,0.000000,0.000000,0.000000,0.000000,0.000000,0.200000,0.000000,0.000000,0.000000,0.200000,0.000000,0.000000,0.000000,0.000000,0.000000,0.000000
1778064026.989294,zero_not_calibrated,0,0,0,0.000000,0.000000,0.000000,0.000000,0.000000,0.000000,0.200000,0.000000,0.000000,0.000000,0.200000,0.000000,0.000000,0.000000,0.000000,0.000000,0.000000
1778064027.005597,zero_waiting,0,0,0,0.000000,0.000000,0.000000,0.000000,0.000000,0.000000,0.200000,0.000000,0.000000,0.000000,0.200000,0.000000,0.000000,0.000000,0.000000,0.000000,0.000000
1778064027.022210,zero_not_calibrated,0,0,0,0.000000,0.000000,0.000000,0.000000,0.000000,0.000000,0.200000,0.000000,0.000000,0.000000,0.200000,0.000000,0.000000,0.000000,0.000000,0.000000,0.000000
1778064027.050196,zero_not_calibrated,0,0,0,0.000000,0.000000,0.000000,0.000000,0.000000,0.000000,0.200000,0.000000,0.000000,0.000000,0.200000,0.000000,0.000000,0.000000,0.000000,0.000000,0.000000
1778064027.055377,zero_waiting,0,0,0,0.000000,0.000000,0.000000,0.000000,0.000000,0.000000,0.200000,0.000000,0.000000,0.000000,0.200000,0.000000,0.000000,0.000000,0.000000,0.000000,0.000000
1778064027.084243,zero_not_calibrated,0,0,0,0.000000,0.000000,0.000000,0.000000,0.000000,0.000000,0.200000,0.000000,0.000000,0.000000,0.200000,0.000000,0.000000,0.000000,0.000000,0.000000,0.000000
1778064027.105688,zero_waiting,0,0,0,0.000000,0.000000,0.000000,0.000000,0.000000,0.000000,0.200000,0.000000,0.000000,0.000000,0.200000,0.000000,0.000000,0.000000,0.000000,0.000000,0.000000
1778064027.120293,zero_not_calibrated,0,0,0,0.000000,0.000000,0.000000,0.000000,0.000000,0.000000,0.200000,0.000000,0.000000,0.000000,0.200000,0.000000,0.000000,0.000000,0.000000,0.000000,0.000000
1778064027.151258,zero_not_calibrated,0,0,0,0.000000,0.000000,0.000000,0.000000,0.000000,0.000000,0.200000,0.000000,0.000000,0.000000,0.200000,0.000000,0.000000,0.000000,0.000000,0.000000,0.000000
1778064027.155633,zero_waiting,0,0,0,0.000000,0.000000,0.000000,0.000000,0.000000,0.000000,0.200000,0.000000,0.000000,0.000000,0.200000,0.000000,0.000000,0.000000,0.000000,0.000000,0.000000
1778064027.185640,zero_not_calibrated,0,0,0,0.000000,0.000000,0.000000,0.000000,0.000000,0.000000,0.200000,0.000000,0.000000,0.000000,0.200000,0.000000,0.000000,0.000000,0.000000,0.000000,0.000000
1778064027.205536,zero_waiting,0,0,0,0.000000,0.000000,0.000000,0.000000,0.000000,0.000000,0.200000,0.000000,0.000000,0.000000,0.200000,0.000000,0.000000,0.000000,0.000000,0.000000,0.000000
1778064027.218002,zero_not_calibrated,0,0,0,0.000000,0.000000,0.000000,0.000000,0.000000,0.000000,0.200000,0.000000,0.000000,0.000000,0.200000,0.000000,0.000000,0.000000,0.000000,0.000000,0.000000
1778064027.250724,zero_not_calibrated,0,0,0,0.000000,0.000000,0.000000,0.000000,0.000000,0.000000,0.200000,0.000000,0.000000,0.000000,0.200000,0.000000,0.000000,0.000000,0.000000,0.000000,0.000000
1778064027.255445,zero_waiting,0,0,0,0.000000,0.000000,0.000000,0.000000,0.000000,0.000000,0.200000,0.000000,0.000000,0.000000,0.200000,0.000000,0.000000,0.000000,0.000000,0.000000,0.000000
1778064027.283857,zero_not_calibrated,0,0,0,0.000000,0.000000,0.000000,0.000000,0.000000,0.000000,0.200000,0.000000,0.000000,0.000000,0.200000,0.000000,0.000000,0.000000,0.000000,0.000000,0.000000
1778064027.305497,zero_waiting,0,0,0,0.000000,0.000000,0.000000,0.000000,0.000000,0.000000,0.200000,0.000000,0.000000,0.000000,0.200000,0.000000,0.000000,0.000000,0.000000,0.000000,0.000000
1778064027.316924,zero_not_calibrated,0,0,0,0.000000,0.000000,0.000000,0.000000,0.000000,0.000000,0.200000,0.000000,0.000000,0.000000,0.200000,0.000000,0.000000,0.000000,0.000000,0.000000,0.000000
1778064027.349043,zero_not_calibrated,0,0,0,0.000000,0.000000,0.000000,0.000000,0.000000,0.000000,0.200000,0.000000,0.000000,0.000000,0.200000,0.000000,0.000000,0.000000,0.000000,0.000000,0.000000
1778064027.355594,zero_waiting,0,0,0,0.000000,0.000000,0.000000,0.000000,0.000000,0.000000,0.200000,0.000000,0.000000,0.000000,0.200000,0.000000,0.000000,0.000000,0.000000,0.000000,0.000000
1778064027.383980,zero_not_calibrated,0,0,0,0.000000,0.000000,0.000000,0.000000,0.000000,0.000000,0.200000,0.000000,0.000000,0.000000,0.200000,0.000000,0.000000,0.000000,0.000000,0.000000,0.000000
1778064027.405461,zero_waiting,0,0,0,0.000000,0.000000,0.000000,0.000000,0.000000,0.000000,0.200000,0.000000,0.000000,0.000000,0.200000,0.000000,0.000000,0.000000,0.000000,0.000000,0.000000
1778064027.417515,zero_not_calibrated,0,0,0,0.000000,0.000000,0.000000,0.000000,0.000000,0.000000,0.200000,0.000000,0.000000,0.000000,0.200000,0.000000,0.000000,0.000000,0.000000,0.000000,0.000000
1778064027.448637,zero_not_calibrated,0,0,0,0.000000,0.000000,0.000000,0.000000,0.000000,0.000000,0.200000,0.000000,0.000000,0.000000,0.200000,0.000000,0.000000,0.000000,0.000000,0.000000,0.000000
1778064027.455467,zero_waiting,0,0,0,0.000000,0.000000,0.000000,0.000000,0.000000,0.000000,0.200000,0.000000,0.000000,0.000000,0.200000,0.000000,0.000000,0.000000,0.000000,0.000000,0.000000
1778064027.482454,zero_not_calibrated,0,0,0,0.000000,0.000000,0.000000,0.000000,0.000000,0.000000,0.200000,0.000000,0.000000,0.000000,0.200000,0.000000,0.000000,0.000000,0.000000,0.000000,0.000000
1778064027.505573,zero_waiting,0,0,0,0.000000,0.000000,0.000000,0.000000,0.000000,0.000000,0.200000,0.000000,0.000000,0.000000,0.200000,0.000000,0.000000,0.000000,0.000000,0.000000,0.000000
1778064027.515915,zero_not_calibrated,0,0,0,0.000000,0.000000,0.000000,0.000000,0.000000,0.000000,0.200000,0.000000,0.000000,0.000000,0.200000,0.000000,0.000000,0.000000,0.000000,0.000000,0.000000
1778064027.548823,zero_not_calibrated,0,0,0,0.000000,0.000000,0.000000,0.000000,0.000000,0.000000,0.200000,0.000000,0.000000,0.000000,0.200000,0.000000,0.000000,0.000000,0.000000,0.000000,0.000000
1778064027.555456,zero_waiting,0,0,0,0.000000,0.000000,0.000000,0.000000,0.000000,0.000000,0.200000,0.000000,0.000000,0.000000,0.200000,0.000000,0.000000,0.000000,0.000000,0.000000,0.000000
1778064027.583076,zero_not_calibrated,0,0,0,0.000000,0.000000,0.000000,0.000000,0.000000,0.000000,0.200000,0.000000,0.000000,0.000000,0.200000,0.000000,0.000000,0.000000,0.000000,0.000000,0.000000
1778064027.605664,zero_waiting,0,0,0,0.000000,0.000000,0.000000,0.000000,0.000000,0.000000,0.200000,0.000000,0.000000,0.000000,0.200000,0.000000,0.000000,0.000000,0.000000,0.000000,0.000000
1778064027.617712,zero_not_calibrated,0,0,0,0.000000,0.000000,0.000000,0.000000,0.000000,0.000000,0.200000,0.000000,0.000000,0.000000,0.200000,0.000000,0.000000,0.000000,0.000000,0.000000,0.000000
1778064027.650574,zero_not_calibrated,0,0,0,0.000000,0.000000,0.000000,0.000000,0.000000,0.000000,0.200000,0.000000,0.000000,0.000000,0.200000,0.000000,0.000000,0.000000,0.000000,0.000000,0.000000
1778064027.655387,zero_waiting,0,0,0,0.000000,0.000000,0.000000,0.000000,0.000000,0.000000,0.200000,0.000000,0.000000,0.000000,0.200000,0.000000,0.000000,0.000000,0.000000,0.000000,0.000000
1778064027.686148,zero_not_calibrated,0,0,0,0.000000,0.000000,0.000000,0.000000,0.000000,0.000000,0.200000,0.000000,0.000000,0.000000,0.200000,0.000000,0.000000,0.000000,0.000000,0.000000,0.000000
1778064027.705623,zero_waiting,0,0,0,0.000000,0.000000,0.000000,0.000000,0.000000,0.000000,0.200000,0.000000,0.000000,0.000000,0.200000,0.000000,0.000000,0.000000,0.000000,0.000000,0.000000
1778064027.718530,zero_not_calibrated,0,0,0,0.000000,0.000000,0.000000,0.000000,0.000000,0.000000,0.200000,0.000000,0.000000,0.000000,0.200000,0.000000,0.000000,0.000000,0.000000,0.000000,0.000000
1778064027.751209,zero_not_calibrated,0,0,0,0.000000,0.000000,0.000000,0.000000,0.000000,0.000000,0.200000,0.000000,0.000000,0.000000,0.200000,0.000000,0.000000,0.000000,0.000000,0.000000,0.000000
1778064027.755472,zero_waiting,0,0,0,0.000000,0.000000,0.000000,0.000000,0.000000,0.000000,0.200000,0.000000,0.000000,0.000000,0.200000,0.000000,0.000000,0.000000,0.000000,0.000000,0.000000
1778064027.785923,zero_not_calibrated,0,0,0,0.000000,0.000000,0.000000,0.000000,0.000000,0.000000,0.200000,0.000000,0.000000,0.000000,0.200000,0.000000,0.000000,0.000000,0.000000,0.000000,0.000000
1778064027.806035,zero_waiting,0,0,0,0.000000,0.000000,0.000000,0.000000,0.000000,0.000000,0.200000,0.000000,0.000000,0.000000,0.200000,0.000000,0.000000,0.000000,0.000000,0.000000,0.000000
1778064027.817905,zero_not_calibrated,0,0,0,0.000000,0.000000,0.000000,0.000000,0.000000,0.000000,0.200000,0.000000,0.000000,0.000000,0.200000,0.000000,0.000000,0.000000,0.000000,0.000000,0.000000
1778064027.849895,zero_not_calibrated,0,0,0,0.000000,0.000000,0.000000,0.000000,0.000000,0.000000,0.200000,0.000000,0.000000,0.000000,0.200000,0.000000,0.000000,0.000000,0.000000,0.000000,0.000000
1778064027.855706,zero_waiting,0,0,0,0.000000,0.000000,0.000000,0.000000,0.000000,0.000000,0.200000,0.000000,0.000000,0.000000,0.200000,0.000000,0.000000,0.000000,0.000000,0.000000,0.000000
1778064027.883278,zero_not_calibrated,0,0,0,0.000000,0.000000,0.000000,0.000000,0.000000,0.000000,0.200000,0.000000,0.000000,0.000000,0.200000,0.000000,0.000000,0.000000,0.000000,0.000000,0.000000
1778064027.905664,zero_waiting,0,0,0,0.000000,0.000000,0.000000,0.000000,0.000000,0.000000,0.200000,0.000000,0.000000,0.000000,0.200000,0.000000,0.000000,0.000000,0.000000,0.000000,0.000000
1778064027.917682,zero_not_calibrated,0,0,0,0.000000,0.000000,0.000000,0.000000,0.000000,0.000000,0.200000,0.000000,0.000000,0.000000,0.200000,0.000000,0.000000,0.000000,0.000000,0.000000,0.000000
1778064027.953913,zero_not_calibrated,0,0,0,0.000000,0.000000,0.000000,0.000000,0.000000,0.000000,0.200000,0.000000,0.000000,0.000000,0.200000,0.000000,0.000000,0.000000,0.000000,0.000000,0.000000
1778064027.955428,zero_waiting,0,0,0,0.000000,0.000000,0.000000,0.000000,0.000000,0.000000,0.200000,0.000000,0.000000,0.000000,0.200000,0.000000,0.000000,0.000000,0.000000,0.000000,0.000000
1778064027.988282,zero_not_calibrated,0,0,0,0.000000,0.000000,0.000000,0.000000,0.000000,0.000000,0.200000,0.000000,0.000000,0.000000,0.200000,0.000000,0.000000,0.000000,0.000000,0.000000,0.000000
1778064028.006264,zero_waiting,0,0,0,0.000000,0.000000,0.000000,0.000000,0.000000,0.000000,0.200000,0.000000,0.000000,0.000000,0.200000,0.000000,0.000000,0.000000,0.000000,0.000000,0.000000
1778064028.023665,zero_not_calibrated,0,0,0,0.000000,0.000000,0.000000,0.000000,0.000000,0.000000,0.200000,0.000000,0.000000,0.000000,0.200000,0.000000,0.000000,0.000000,0.000000,0.000000,0.000000
1778064028.051155,zero_not_calibrated,0,0,0,0.000000,0.000000,0.000000,0.000000,0.000000,0.000000,0.200000,0.000000,0.000000,0.000000,0.200000,0.000000,0.000000,0.000000,0.000000,0.000000,0.000000
1778064028.055526,zero_waiting,0,0,0,0.000000,0.000000,0.000000,0.000000,0.000000,0.000000,0.200000,0.000000,0.000000,0.000000,0.200000,0.000000,0.000000,0.000000,0.000000,0.000000,0.000000
1778064028.083999,zero_not_calibrated,0,0,0,0.000000,0.000000,0.000000,0.000000,0.000000,0.000000,0.200000,0.000000,0.000000,0.000000,0.200000,0.000000,0.000000,0.000000,0.000000,0.000000,0.000000
1778064028.105574,zero_waiting,0,0,0,0.000000,0.000000,0.000000,0.000000,0.000000,0.000000,0.200000,0.000000,0.000000,0.000000,0.200000,0.000000,0.000000,0.000000,0.000000,0.000000,0.000000
1778064028.115885,zero_not_calibrated,0,0,0,0.000000,0.000000,0.000000,0.000000,0.000000,0.000000,0.200000,0.000000,0.000000,0.000000,0.200000,0.000000,0.000000,0.000000,0.000000,0.000000,0.000000
1778064028.150034,zero_not_calibrated,0,0,0,0.000000,0.000000,0.000000,0.000000,0.000000,0.000000,0.200000,0.000000,0.000000,0.000000,0.200000,0.000000,0.000000,0.000000,0.000000,0.000000,0.000000
1778064028.155616,zero_waiting,0,0,0,0.000000,0.000000,0.000000,0.000000,0.000000,0.000000,0.200000,0.000000,0.000000,0.000000,0.200000,0.000000,0.000000,0.000000,0.000000,0.000000,0.000000
1778064028.181364,zero_not_calibrated,0,0,0,0.000000,0.000000,0.000000,0.000000,0.000000,0.000000,0.200000,0.000000,0.000000,0.000000,0.200000,0.000000,0.000000,0.000000,0.000000,0.000000,0.000000
1778064028.205631,zero_waiting,0,0,0,0.000000,0.000000,0.000000,0.000000,0.000000,0.000000,0.200000,0.000000,0.000000,0.000000,0.200000,0.000000,0.000000,0.000000,0.000000,0.000000,0.000000
1778064028.216166,zero_not_calibrated,0,0,0,0.000000,0.000000,0.000000,0.000000,0.000000,0.000000,0.200000,0.000000,0.000000,0.000000,0.200000,0.000000,0.000000,0.000000,0.000000,0.000000,0.000000
1778064028.249564,zero_not_calibrated,0,0,0,0.000000,0.000000,0.000000,0.000000,0.000000,0.000000,0.200000,0.000000,0.000000,0.000000,0.200000,0.000000,0.000000,0.000000,0.000000,0.000000,0.000000
1778064028.255591,zero_waiting,0,0,0,0.000000,0.000000,0.000000,0.000000,0.000000,0.000000,0.200000,0.000000,0.000000,0.000000,0.200000,0.000000,0.000000,0.000000,0.000000,0.000000,0.000000
1778064028.281259,zero_not_calibrated,0,0,0,0.000000,0.000000,0.000000,0.000000,0.000000,0.000000,0.200000,0.000000,0.000000,0.000000,0.200000,0.000000,0.000000,0.000000,0.000000,0.000000,0.000000
1778064028.305669,zero_waiting,0,0,0,0.000000,0.000000,0.000000,0.000000,0.000000,0.000000,0.200000,0.000000,0.000000,0.000000,0.200000,0.000000,0.000000,0.000000,0.000000,0.000000,0.000000
1778064028.314698,zero_not_calibrated,0,0,0,0.000000,0.000000,0.000000,0.000000,0.000000,0.000000,0.200000,0.000000,0.000000,0.000000,0.200000,0.000000,0.000000,0.000000,0.000000,0.000000,0.000000
1778064028.349234,zero_not_calibrated,0,0,0,0.000000,0.000000,0.000000,0.000000,0.000000,0.000000,0.200000,0.000000,0.000000,0.000000,0.200000,0.000000,0.000000,0.000000,0.000000,0.000000,0.000000
1778064028.355441,zero_waiting,0,0,0,0.000000,0.000000,0.000000,0.000000,0.000000,0.000000,0.200000,0.000000,0.000000,0.000000,0.200000,0.000000,0.000000,0.000000,0.000000,0.000000,0.000000
1778064028.382188,zero_not_calibrated,0,0,0,0.000000,0.000000,0.000000,0.000000,0.000000,0.000000,0.200000,0.000000,0.000000,0.000000,0.200000,0.000000,0.000000,0.000000,0.000000,0.000000,0.000000
1778064028.405621,zero_waiting,0,0,0,0.000000,0.000000,0.000000,0.000000,0.000000,0.000000,0.200000,0.000000,0.000000,0.000000,0.200000,0.000000,0.000000,0.000000,0.000000,0.000000,0.000000
1778064028.428137,zero_not_calibrated,0,0,0,0.000000,0.000000,0.000000,0.000000,0.000000,0.000000,0.200000,0.000000,0.000000,0.000000,0.200000,0.000000,0.000000,0.000000,0.000000,0.000000,0.000000
1778064028.455681,zero_waiting,0,0,0,0.000000,0.000000,0.000000,0.000000,0.000000,0.000000,0.200000,0.000000,0.000000,0.000000,0.200000,0.000000,0.000000,0.000000,0.000000,0.000000,0.000000
1778064028.457061,zero_not_calibrated,0,0,0,0.000000,0.000000,0.000000,0.000000,0.000000,0.000000,0.200000,0.000000,0.000000,0.000000,0.200000,0.000000,0.000000,0.000000,0.000000,0.000000,0.000000
1778064028.482044,zero_not_calibrated,0,0,0,0.000000,0.000000,0.000000,0.000000,0.000000,0.000000,0.200000,0.000000,0.000000,0.000000,0.200000,0.000000,0.000000,0.000000,0.000000,0.000000,0.000000
1778064028.505599,zero_waiting,0,0,0,0.000000,0.000000,0.000000,0.000000,0.000000,0.000000,0.200000,0.000000,0.000000,0.000000,0.200000,0.000000,0.000000,0.000000,0.000000,0.000000,0.000000
1778064028.523171,zero_not_calibrated,0,0,0,0.000000,0.000000,0.000000,0.000000,0.000000,0.000000,0.200000,0.000000,0.000000,0.000000,0.200000,0.000000,0.000000,0.000000,0.000000,0.000000,0.000000
1778064028.555463,zero_waiting,0,0,0,0.000000,0.000000,0.000000,0.000000,0.000000,0.000000,0.200000,0.000000,0.000000,0.000000,0.200000,0.000000,0.000000,0.000000,0.000000,0.000000,0.000000
1778064028.556331,zero_not_calibrated,0,0,0,0.000000,0.000000,0.000000,0.000000,0.000000,0.000000,0.200000,0.000000,0.000000,0.000000,0.200000,0.000000,0.000000,0.000000,0.000000,0.000000,0.000000
1778064028.586814,zero_not_calibrated,0,0,0,0.000000,0.000000,0.000000,0.000000,0.000000,0.000000,0.200000,0.000000,0.000000,0.000000,0.200000,0.000000,0.000000,0.000000,0.000000,0.000000,0.000000
1778064028.605910,zero_waiting,0,0,0,0.000000,0.000000,0.000000,0.000000,0.000000,0.000000,0.200000,0.000000,0.000000,0.000000,0.200000,0.000000,0.000000,0.000000,0.000000,0.000000,0.000000
1778064028.618684,zero_not_calibrated,0,0,0,0.000000,0.000000,0.000000,0.000000,0.000000,0.000000,0.200000,0.000000,0.000000,0.000000,0.200000,0.000000,0.000000,0.000000,0.000000,0.000000,0.000000
1778064028.655134,zero_not_calibrated,0,0,0,0.000000,0.000000,0.000000,0.000000,0.000000,0.000000,0.200000,0.000000,0.000000,0.000000,0.200000,0.000000,0.000000,0.000000,0.000000,0.000000,0.000000
1778064028.655529,zero_waiting,0,0,0,0.000000,0.000000,0.000000,0.000000,0.000000,0.000000,0.200000,0.000000,0.000000,0.000000,0.200000,0.000000,0.000000,0.000000,0.000000,0.000000,0.000000
1778064028.682702,zero_not_calibrated,0,0,0,0.000000,0.000000,0.000000,0.000000,0.000000,0.000000,0.200000,0.000000,0.000000,0.000000,0.200000,0.000000,0.000000,0.000000,0.000000,0.000000,0.000000
1778064028.705729,zero_waiting,0,0,0,0.000000,0.000000,0.000000,0.000000,0.000000,0.000000,0.200000,0.000000,0.000000,0.000000,0.200000,0.000000,0.000000,0.000000,0.000000,0.000000,0.000000
1778064028.723645,zero_not_calibrated,0,0,0,0.000000,0.000000,0.000000,0.000000,0.000000,0.000000,0.200000,0.000000,0.000000,0.000000,0.200000,0.000000,0.000000,0.000000,0.000000,0.000000,0.000000
1778064028.752479,zero_not_calibrated,0,0,0,0.000000,0.000000,0.000000,0.000000,0.000000,0.000000,0.200000,0.000000,0.000000,0.000000,0.200000,0.000000,0.000000,0.000000,0.000000,0.000000,0.000000
1778064028.755337,zero_waiting,0,0,0,0.000000,0.000000,0.000000,0.000000,0.000000,0.000000,0.200000,0.000000,0.000000,0.000000,0.200000,0.000000,0.000000,0.000000,0.000000,0.000000,0.000000
1778064028.784477,zero_not_calibrated,0,0,0,0.000000,0.000000,0.000000,0.000000,0.000000,0.000000,0.200000,0.000000,0.000000,0.000000,0.200000,0.000000,0.000000,0.000000,0.000000,0.000000,0.000000
1778064028.805437,zero_waiting,0,0,0,0.000000,0.000000,0.000000,0.000000,0.000000,0.000000,0.200000,0.000000,0.000000,0.000000,0.200000,0.000000,0.000000,0.000000,0.000000,0.000000,0.000000
1778064028.818218,zero_not_calibrated,0,0,0,0.000000,0.000000,0.000000,0.000000,0.000000,0.000000,0.200000,0.000000,0.000000,0.000000,0.200000,0.000000,0.000000,0.000000,0.000000,0.000000,0.000000
1778064028.851203,zero_not_calibrated,0,0,0,0.000000,0.000000,0.000000,0.000000,0.000000,0.000000,0.200000,0.000000,0.000000,0.000000,0.200000,0.000000,0.000000,0.000000,0.000000,0.000000,0.000000
1778064028.855488,zero_waiting,0,0,0,0.000000,0.000000,0.000000,0.000000,0.000000,0.000000,0.200000,0.000000,0.000000,0.000000,0.200000,0.000000,0.000000,0.000000,0.000000,0.000000,0.000000
1778064028.883182,zero_not_calibrated,0,0,0,0.000000,0.000000,0.000000,0.000000,0.000000,0.000000,0.200000,0.000000,0.000000,0.000000,0.200000,0.000000,0.000000,0.000000,0.000000,0.000000,0.000000
1778064028.905643,zero_waiting,0,0,0,0.000000,0.000000,0.000000,0.000000,0.000000,0.000000,0.200000,0.000000,0.000000,0.000000,0.200000,0.000000,0.000000,0.000000,0.000000,0.000000,0.000000
1778064028.926247,zero_not_calibrated,0,0,0,0.000000,0.000000,0.000000,0.000000,0.000000,0.000000,0.200000,0.000000,0.000000,0.000000,0.200000,0.000000,0.000000,0.000000,0.000000,0.000000,0.000000
1778064028.956048,zero_waiting,0,0,0,0.000000,0.000000,0.000000,0.000000,0.000000,0.000000,0.200000,0.000000,0.000000,0.000000,0.200000,0.000000,0.000000,0.000000,0.000000,0.000000,0.000000
1778064028.964339,zero_not_calibrated,0,0,0,0.000000,0.000000,0.000000,0.000000,0.000000,0.000000,0.200000,0.000000,0.000000,0.000000,0.200000,0.000000,0.000000,0.000000,0.000000,0.000000,0.000000
1778064028.999011,zero_not_calibrated,0,0,0,0.000000,0.000000,0.000000,0.000000,0.000000,0.000000,0.200000,0.000000,0.000000,0.000000,0.200000,0.000000,0.000000,0.000000,0.000000,0.000000,0.000000
1778064029.005440,zero_waiting,0,0,0,0.000000,0.000000,0.000000,0.000000,0.000000,0.000000,0.200000,0.000000,0.000000,0.000000,0.200000,0.000000,0.000000,0.000000,0.000000,0.000000,0.000000
1778064029.040991,zero_not_calibrated,0,0,0,0.000000,0.000000,0.000000,0.000000,0.000000,0.000000,0.200000,0.000000,0.000000,0.000000,0.200000,0.000000,0.000000,0.000000,0.000000,0.000000,0.000000
1778064029.055488,zero_waiting,0,0,0,0.000000,0.000000,0.000000,0.000000,0.000000,0.000000,0.200000,0.000000,0.000000,0.000000,0.200000,0.000000,0.000000,0.000000,0.000000,0.000000,0.000000
1778064029.072832,zero_not_calibrated,0,0,0,0.000000,0.000000,0.000000,0.000000,0.000000,0.000000,0.200000,0.000000,0.000000,0.000000,0.200000,0.000000,0.000000,0.000000,0.000000,0.000000,0.000000
1778064029.101256,zero_not_calibrated,0,0,0,0.000000,0.000000,0.000000,0.000000,0.000000,0.000000,0.200000,0.000000,0.000000,0.000000,0.200000,0.000000,0.000000,0.000000,0.000000,0.000000,0.000000
1778064029.105358,zero_waiting,0,0,0,0.000000,0.000000,0.000000,0.000000,0.000000,0.000000,0.200000,0.000000,0.000000,0.000000,0.200000,0.000000,0.000000,0.000000,0.000000,0.000000,0.000000
1778064029.136817,zero_not_calibrated,0,0,0,0.000000,0.000000,0.000000,0.000000,0.000000,0.000000,0.200000,0.000000,0.000000,0.000000,0.200000,0.000000,0.000000,0.000000,0.000000,0.000000,0.000000
1778064029.157043,zero_waiting,0,0,0,0.000000,0.000000,0.000000,0.000000,0.000000,0.000000,0.200000,0.000000,0.000000,0.000000,0.200000,0.000000,0.000000,0.000000,0.000000,0.000000,0.000000
1778064029.175463,zero_not_calibrated,0,0,0,0.000000,0.000000,0.000000,0.000000,0.000000,0.000000,0.200000,0.000000,0.000000,0.000000,0.200000,0.000000,0.000000,0.000000,0.000000,0.000000,0.000000
1778064029.205509,zero_waiting,0,0,0,0.000000,0.000000,0.000000,0.000000,0.000000,0.000000,0.200000,0.000000,0.000000,0.000000,0.200000,0.000000,0.000000,0.000000,0.000000,0.000000,0.000000
1778064029.212482,zero_not_calibrated,0,0,0,0.000000,0.000000,0.000000,0.000000,0.000000,0.000000,0.200000,0.000000,0.000000,0.000000,0.200000,0.000000,0.000000,0.000000,0.000000,0.000000,0.000000
1778064029.252139,zero_not_calibrated,0,0,0,0.000000,0.000000,0.000000,0.000000,0.000000,0.000000,0.200000,0.000000,0.000000,0.000000,0.200000,0.000000,0.000000,0.000000,0.000000,0.000000,0.000000
1778064029.255886,zero_waiting,0,0,0,0.000000,0.000000,0.000000,0.000000,0.000000,0.000000,0.200000,0.000000,0.000000,0.000000,0.200000,0.000000,0.000000,0.000000,0.000000,0.000000,0.000000
1778064029.290137,zero_not_calibrated,0,0,0,0.000000,0.000000,0.000000,0.000000,0.000000,0.000000,0.200000,0.000000,0.000000,0.000000,0.200000,0.000000,0.000000,0.000000,0.000000,0.000000,0.000000
1778064029.306522,zero_waiting,0,0,0,0.000000,0.000000,0.000000,0.000000,0.000000,0.000000,0.200000,0.000000,0.000000,0.000000,0.200000,0.000000,0.000000,0.000000,0.000000,0.000000,0.000000
1778064029.324744,zero_not_calibrated,0,0,0,0.000000,0.000000,0.000000,0.000000,0.000000,0.000000,0.200000,0.000000,0.000000,0.000000,0.200000,0.000000,0.000000,0.000000,0.000000,0.000000,0.000000
1778064029.355511,zero_waiting,0,0,0,0.000000,0.000000,0.000000,0.000000,0.000000,0.000000,0.200000,0.000000,0.000000,0.000000,0.200000,0.000000,0.000000,0.000000,0.000000,0.000000,0.000000
1778064029.367859,zero_not_calibrated,0,0,0,0.000000,0.000000,0.000000,0.000000,0.000000,0.000000,0.200000,0.000000,0.000000,0.000000,0.200000,0.000000,0.000000,0.000000,0.000000,0.000000,0.000000
1778064029.403436,zero_not_calibrated,0,0,0,0.000000,0.000000,0.000000,0.000000,0.000000,0.000000,0.200000,0.000000,0.000000,0.000000,0.200000,0.000000,0.000000,0.000000,0.000000,0.000000,0.000000
1778064029.405366,zero_waiting,0,0,0,0.000000,0.000000,0.000000,0.000000,0.000000,0.000000,0.200000,0.000000,0.000000,0.000000,0.200000,0.000000,0.000000,0.000000,0.000000,0.000000,0.000000
1778064029.431445,zero_not_calibrated,0,0,0,0.000000,0.000000,0.000000,0.000000,0.000000,0.000000,0.200000,0.000000,0.000000,0.000000,0.200000,0.000000,0.000000,0.000000,0.000000,0.000000,0.000000
1778064029.455801,zero_waiting,0,0,0,0.000000,0.000000,0.000000,0.000000,0.000000,0.000000,0.200000,0.000000,0.000000,0.000000,0.200000,0.000000,0.000000,0.000000,0.000000,0.000000,0.000000
1778064029.459403,zero_not_calibrated,0,0,0,0.000000,0.000000,0.000000,0.000000,0.000000,0.000000,0.200000,0.000000,0.000000,0.000000,0.200000,0.000000,0.000000,0.000000,0.000000,0.000000,0.000000
1778064029.499867,zero_not_calibrated,0,0,0,0.000000,0.000000,0.000000,0.000000,0.000000,0.000000,0.200000,0.000000,0.000000,0.000000,0.200000,0.000000,0.000000,0.000000,0.000000,0.000000,0.000000
1778064029.505789,zero_waiting,0,0,0,0.000000,0.000000,0.000000,0.000000,0.000000,0.000000,0.200000,0.000000,0.000000,0.000000,0.200000,0.000000,0.000000,0.000000,0.000000,0.000000,0.000000
1778064029.529647,zero_not_calibrated,0,0,0,0.000000,0.000000,0.000000,0.000000,0.000000,0.000000,0.200000,0.000000,0.000000,0.000000,0.200000,0.000000,0.000000,0.000000,0.000000,0.000000,0.000000
1778064029.555635,zero_waiting,0,0,0,0.000000,0.000000,0.000000,0.000000,0.000000,0.000000,0.200000,0.000000,0.000000,0.000000,0.200000,0.000000,0.000000,0.000000,0.000000,0.000000,0.000000
1778064029.557045,zero_not_calibrated,0,0,0,0.000000,0.000000,0.000000,0.000000,0.000000,0.000000,0.200000,0.000000,0.000000,0.000000,0.200000,0.000000,0.000000,0.000000,0.000000,0.000000,0.000000
1778064029.598976,zero_not_calibrated,0,0,0,0.000000,0.000000,0.000000,0.000000,0.000000,0.000000,0.200000,0.000000,0.000000,0.000000,0.200000,0.000000,0.000000,0.000000,0.000000,0.000000,0.000000
1778064029.605846,zero_waiting,0,0,0,0.000000,0.000000,0.000000,0.000000,0.000000,0.000000,0.200000,0.000000,0.000000,0.000000,0.200000,0.000000,0.000000,0.000000,0.000000,0.000000,0.000000
1778064029.634727,zero_not_calibrated,0,0,0,0.000000,0.000000,0.000000,0.000000,0.000000,0.000000,0.200000,0.000000,0.000000,0.000000,0.200000,0.000000,0.000000,0.000000,0.000000,0.000000,0.000000
1778064029.655632,zero_waiting,0,0,0,0.000000,0.000000,0.000000,0.000000,0.000000,0.000000,0.200000,0.000000,0.000000,0.000000,0.200000,0.000000,0.000000,0.000000,0.000000,0.000000,0.000000
1778064029.664281,zero_not_calibrated,0,0,0,0.000000,0.000000,0.000000,0.000000,0.000000,0.000000,0.200000,0.000000,0.000000,0.000000,0.200000,0.000000,0.000000,0.000000,0.000000,0.000000,0.000000
1778064029.690757,zero_not_calibrated,0,0,0,0.000000,0.000000,0.000000,0.000000,0.000000,0.000000,0.200000,0.000000,0.000000,0.000000,0.200000,0.000000,0.000000,0.000000,0.000000,0.000000,0.000000
1778064029.705451,zero_waiting,0,0,0,0.000000,0.000000,0.000000,0.000000,0.000000,0.000000,0.200000,0.000000,0.000000,0.000000,0.200000,0.000000,0.000000,0.000000,0.000000,0.000000,0.000000
1778064029.719602,zero_not_calibrated,0,0,0,0.000000,0.000000,0.000000,0.000000,0.000000,0.000000,0.200000,0.000000,0.000000,0.000000,0.200000,0.000000,0.000000,0.000000,0.000000,0.000000,0.000000
1778064029.754049,zero_not_calibrated,0,0,0,0.000000,0.000000,0.000000,0.000000,0.000000,0.000000,0.200000,0.000000,0.000000,0.000000,0.200000,0.000000,0.000000,0.000000,0.000000,0.000000,0.000000
1778064029.755516,zero_waiting,0,0,0,0.000000,0.000000,0.000000,0.000000,0.000000,0.000000,0.200000,0.000000,0.000000,0.000000,0.200000,0.000000,0.000000,0.000000,0.000000,0.000000,0.000000
1778064029.791493,zero_not_calibrated,0,0,0,0.000000,0.000000,0.000000,0.000000,0.000000,0.000000,0.200000,0.000000,0.000000,0.000000,0.200000,0.000000,0.000000,0.000000,0.000000,0.000000,0.000000
1778064029.805642,zero_waiting,0,0,0,0.000000,0.000000,0.000000,0.000000,0.000000,0.000000,0.200000,0.000000,0.000000,0.000000,0.200000,0.000000,0.000000,0.000000,0.000000,0.000000,0.000000
1778064029.824197,zero_not_calibrated,0,0,0,0.000000,0.000000,0.000000,0.000000,0.000000,0.000000,0.200000,0.000000,0.000000,0.000000,0.200000,0.000000,0.000000,0.000000,0.000000,0.000000,0.000000
1778064029.855722,zero_waiting,0,0,0,0.000000,0.000000,0.000000,0.000000,0.000000,0.000000,0.200000,0.000000,0.000000,0.000000,0.200000,0.000000,0.000000,0.000000,0.000000,0.000000,0.000000
1778064029.859855,zero_not_calibrated,0,0,0,0.000000,0.000000,0.000000,0.000000,0.000000,0.000000,0.200000,0.000000,0.000000,0.000000,0.200000,0.000000,0.000000,0.000000,0.000000,0.000000,0.000000
1778064029.894386,zero_not_calibrated,0,0,0,0.000000,0.000000,0.000000,0.000000,0.000000,0.000000,0.200000,0.000000,0.000000,0.000000,0.200000,0.000000,0.000000,0.000000,0.000000,0.000000,0.000000
1778064029.905537,zero_waiting,0,0,0,0.000000,0.000000,0.000000,0.000000,0.000000,0.000000,0.200000,0.000000,0.000000,0.000000,0.200000,0.000000,0.000000,0.000000,0.000000,0.000000,0.000000
1778064029.924686,zero_not_calibrated,0,0,0,0.000000,0.000000,0.000000,0.000000,0.000000,0.000000,0.200000,0.000000,0.000000,0.000000,0.200000,0.000000,0.000000,0.000000,0.000000,0.000000,0.000000
1778064029.955604,zero_waiting,0,0,0,0.000000,0.000000,0.000000,0.000000,0.000000,0.000000,0.200000,0.000000,0.000000,0.000000,0.200000,0.000000,0.000000,0.000000,0.000000,0.000000,0.000000
1778064029.960952,zero_not_calibrated,0,0,0,0.000000,0.000000,0.000000,0.000000,0.000000,0.000000,0.200000,0.000000,0.000000,0.000000,0.200000,0.000000,0.000000,0.000000,0.000000,0.000000,0.000000
1778064030.005496,zero_not_calibrated,0,0,0,0.000000,0.000000,0.000000,0.000000,0.000000,0.000000,0.200000,0.000000,0.000000,0.000000,0.200000,0.000000,0.000000,0.000000,0.000000,0.000000,0.000000
1778064030.006047,zero_waiting,0,0,0,0.000000,0.000000,0.000000,0.000000,0.000000,0.000000,0.200000,0.000000,0.000000,0.000000,0.200000,0.000000,0.000000,0.000000,0.000000,0.000000,0.000000
1778064030.037134,zero_not_calibrated,0,0,0,0.000000,0.000000,0.000000,0.000000,0.000000,0.000000,0.200000,0.000000,0.000000,0.000000,0.200000,0.000000,0.000000,0.000000,0.000000,0.000000,0.000000
1778064030.055621,zero_waiting,0,0,0,0.000000,0.000000,0.000000,0.000000,0.000000,0.000000,0.200000,0.000000,0.000000,0.000000,0.200000,0.000000,0.000000,0.000000,0.000000,0.000000,0.000000
1778064030.074005,zero_not_calibrated,0,0,0,0.000000,0.000000,0.000000,0.000000,0.000000,0.000000,0.200000,0.000000,0.000000,0.000000,0.200000,0.000000,0.000000,0.000000,0.000000,0.000000,0.000000
1778064030.105494,zero_waiting,0,0,0,0.000000,0.000000,0.000000,0.000000,0.000000,0.000000,0.200000,0.000000,0.000000,0.000000,0.200000,0.000000,0.000000,0.000000,0.000000,0.000000,0.000000
1778064030.109541,zero_not_calibrated,0,0,0,0.000000,0.000000,0.000000,0.000000,0.000000,0.000000,0.200000,0.000000,0.000000,0.000000,0.200000,0.000000,0.000000,0.000000,0.000000,0.000000,0.000000
1778064030.143073,zero_not_calibrated,0,0,0,0.000000,0.000000,0.000000,0.000000,0.000000,0.000000,0.200000,0.000000,0.000000,0.000000,0.200000,0.000000,0.000000,0.000000,0.000000,0.000000,0.000000
1778064030.155497,zero_waiting,0,0,0,0.000000,0.000000,0.000000,0.000000,0.000000,0.000000,0.200000,0.000000,0.000000,0.000000,0.200000,0.000000,0.000000,0.000000,0.000000,0.000000,0.000000
1778064030.183046,zero_not_calibrated,0,0,0,0.000000,0.000000,0.000000,0.000000,0.000000,0.000000,0.200000,0.000000,0.000000,0.000000,0.200000,0.000000,0.000000,0.000000,0.000000,0.000000,0.000000
1778064030.205899,zero_waiting,0,0,0,0.000000,0.000000,0.000000,0.000000,0.000000,0.000000,0.200000,0.000000,0.000000,0.000000,0.200000,0.000000,0.000000,0.000000,0.000000,0.000000,0.000000
1778064030.216674,zero_not_calibrated,0,0,0,0.000000,0.000000,0.000000,0.000000,0.000000,0.000000,0.200000,0.000000,0.000000,0.000000,0.200000,0.000000,0.000000,0.000000,0.000000,0.000000,0.000000
1778064030.254378,zero_not_calibrated,0,0,0,0.000000,0.000000,0.000000,0.000000,0.000000,0.000000,0.200000,0.000000,0.000000,0.000000,0.200000,0.000000,0.000000,0.000000,0.000000,0.000000,0.000000
1778064030.255411,zero_waiting,0,0,0,0.000000,0.000000,0.000000,0.000000,0.000000,0.000000,0.200000,0.000000,0.000000,0.000000,0.200000,0.000000,0.000000,0.000000,0.000000,0.000000,0.000000
1778064030.291735,zero_not_calibrated,0,0,0,0.000000,0.000000,0.000000,0.000000,0.000000,0.000000,0.200000,0.000000,0.000000,0.000000,0.200000,0.000000,0.000000,0.000000,0.000000,0.000000,0.000000
1778064030.305518,zero_waiting,0,0,0,0.000000,0.000000,0.000000,0.000000,0.000000,0.000000,0.200000,0.000000,0.000000,0.000000,0.200000,0.000000,0.000000,0.000000,0.000000,0.000000,0.000000
1778064030.327388,zero_not_calibrated,0,0,0,0.000000,0.000000,0.000000,0.000000,0.000000,0.000000,0.200000,0.000000,0.000000,0.000000,0.200000,0.000000,0.000000,0.000000,0.000000,0.000000,0.000000
1778064030.355631,zero_waiting,0,0,0,0.000000,0.000000,0.000000,0.000000,0.000000,0.000000,0.200000,0.000000,0.000000,0.000000,0.200000,0.000000,0.000000,0.000000,0.000000,0.000000,0.000000
1778064030.359944,zero_not_calibrated,0,0,0,0.000000,0.000000,0.000000,0.000000,0.000000,0.000000,0.200000,0.000000,0.000000,0.000000,0.200000,0.000000,0.000000,0.000000,0.000000,0.000000,0.000000
1778064030.395254,zero_not_calibrated,0,0,0,0.000000,0.000000,0.000000,0.000000,0.000000,0.000000,0.200000,0.000000,0.000000,0.000000,0.200000,0.000000,0.000000,0.000000,0.000000,0.000000,0.000000
1778064030.407218,zero_waiting,0,0,0,0.000000,0.000000,0.000000,0.000000,0.000000,0.000000,0.200000,0.000000,0.000000,0.000000,0.200000,0.000000,0.000000,0.000000,0.000000,0.000000,0.000000
1778064030.430282,zero_not_calibrated,0,0,0,0.000000,0.000000,0.000000,0.000000,0.000000,0.000000,0.200000,0.000000,0.000000,0.000000,0.200000,0.000000,0.000000,0.000000,0.000000,0.000000,0.000000
1778064030.455517,zero_waiting,0,0,0,0.000000,0.000000,0.000000,0.000000,0.000000,0.000000,0.200000,0.000000,0.000000,0.000000,0.200000,0.000000,0.000000,0.000000,0.000000,0.000000,0.000000
1778064030.470782,zero_not_calibrated,0,0,0,0.000000,0.000000,0.000000,0.000000,0.000000,0.000000,0.200000,0.000000,0.000000,0.000000,0.200000,0.000000,0.000000,0.000000,0.000000,0.000000,0.000000
1778064030.505803,zero_waiting,0,0,0,0.000000,0.000000,0.000000,0.000000,0.000000,0.000000,0.200000,0.000000,0.000000,0.000000,0.200000,0.000000,0.000000,0.000000,0.000000,0.000000,0.000000
1778064030.511118,zero_not_calibrated,0,0,0,0.000000,0.000000,0.000000,0.000000,0.000000,0.000000,0.200000,0.000000,0.000000,0.000000,0.200000,0.000000,0.000000,0.000000,0.000000,0.000000,0.000000
1778064030.547881,zero_not_calibrated,0,0,0,0.000000,0.000000,0.000000,0.000000,0.000000,0.000000,0.200000,0.000000,0.000000,0.000000,0.200000,0.000000,0.000000,0.000000,0.000000,0.000000,0.000000
1778064030.556051,zero_waiting,0,0,0,0.000000,0.000000,0.000000,0.000000,0.000000,0.000000,0.200000,0.000000,0.000000,0.000000,0.200000,0.000000,0.000000,0.000000,0.000000,0.000000,0.000000
1778064030.579449,zero_not_calibrated,0,0,0,0.000000,0.000000,0.000000,0.000000,0.000000,0.000000,0.200000,0.000000,0.000000,0.000000,0.200000,0.000000,0.000000,0.000000,0.000000,0.000000,0.000000
1778064030.605566,zero_waiting,0,0,0,0.000000,0.000000,0.000000,0.000000,0.000000,0.000000,0.200000,0.000000,0.000000,0.000000,0.200000,0.000000,0.000000,0.000000,0.000000,0.000000,0.000000
1778064030.608669,zero_not_calibrated,0,0,0,0.000000,0.000000,0.000000,0.000000,0.000000,0.000000,0.200000,0.000000,0.000000,0.000000,0.200000,0.000000,0.000000,0.000000,0.000000,0.000000,0.000000
1778064030.641014,zero_not_calibrated,0,0,0,0.000000,0.000000,0.000000,0.000000,0.000000,0.000000,0.200000,0.000000,0.000000,0.000000,0.200000,0.000000,0.000000,0.000000,0.000000,0.000000,0.000000
1778064030.655485,zero_waiting,0,0,0,0.000000,0.000000,0.000000,0.000000,0.000000,0.000000,0.200000,0.000000,0.000000,0.000000,0.200000,0.000000,0.000000,0.000000,0.000000,0.000000,0.000000
1778064030.680133,zero_not_calibrated,0,0,0,0.000000,0.000000,0.000000,0.000000,0.000000,0.000000,0.200000,0.000000,0.000000,0.000000,0.200000,0.000000,0.000000,0.000000,0.000000,0.000000,0.000000
1778064030.705980,zero_waiting,0,0,0,0.000000,0.000000,0.000000,0.000000,0.000000,0.000000,0.200000,0.000000,0.000000,0.000000,0.200000,0.000000,0.000000,0.000000,0.000000,0.000000,0.000000
1778064030.713652,zero_not_calibrated,0,0,0,0.000000,0.000000,0.000000,0.000000,0.000000,0.000000,0.200000,0.000000,0.000000,0.000000,0.200000,0.000000,0.000000,0.000000,0.000000,0.000000,0.000000
1778064030.751051,zero_not_calibrated,0,0,0,0.000000,0.000000,0.000000,0.000000,0.000000,0.000000,0.200000,0.000000,0.000000,0.000000,0.200000,0.000000,0.000000,0.000000,0.000000,0.000000,0.000000
1778064030.755997,zero_waiting,0,0,0,0.000000,0.000000,0.000000,0.000000,0.000000,0.000000,0.200000,0.000000,0.000000,0.000000,0.200000,0.000000,0.000000,0.000000,0.000000,0.000000,0.000000
1778064030.791149,zero_not_calibrated,0,0,0,0.000000,0.000000,0.000000,0.000000,0.000000,0.000000,0.200000,0.000000,0.000000,0.000000,0.200000,0.000000,0.000000,0.000000,0.000000,0.000000,0.000000
1778064030.805814,zero_waiting,0,0,0,0.000000,0.000000,0.000000,0.000000,0.000000,0.000000,0.200000,0.000000,0.000000,0.000000,0.200000,0.000000,0.000000,0.000000,0.000000,0.000000,0.000000
1778064030.831997,zero_not_calibrated,0,0,0,0.000000,0.000000,0.000000,0.000000,0.000000,0.000000,0.200000,0.000000,0.000000,0.000000,0.200000,0.000000,0.000000,0.000000,0.000000,0.000000,0.000000
1778064030.855752,zero_waiting,0,0,0,0.000000,0.000000,0.000000,0.000000,0.000000,0.000000,0.200000,0.000000,0.000000,0.000000,0.200000,0.000000,0.000000,0.000000,0.000000,0.000000,0.000000
1778064030.863148,zero_not_calibrated,0,0,0,0.000000,0.000000,0.000000,0.000000,0.000000,0.000000,0.200000,0.000000,0.000000,0.000000,0.200000,0.000000,0.000000,0.000000,0.000000,0.000000,0.000000
1778064030.900547,zero_not_calibrated,0,0,0,0.000000,0.000000,0.000000,0.000000,0.000000,0.000000,0.200000,0.000000,0.000000,0.000000,0.200000,0.000000,0.000000,0.000000,0.000000,0.000000,0.000000
1778064030.905814,zero_waiting,0,0,0,0.000000,0.000000,0.000000,0.000000,0.000000,0.000000,0.200000,0.000000,0.000000,0.000000,0.200000,0.000000,0.000000,0.000000,0.000000,0.000000,0.000000
1778064030.935851,zero_not_calibrated,0,0,0,0.000000,0.000000,0.000000,0.000000,0.000000,0.000000,0.200000,0.000000,0.000000,0.000000,0.200000,0.000000,0.000000,0.000000,0.000000,0.000000,0.000000
1778064030.956522,zero_waiting,0,0,0,0.000000,0.000000,0.000000,0.000000,0.000000,0.000000,0.200000,0.000000,0.000000,0.000000,0.200000,0.000000,0.000000,0.000000,0.000000,0.000000,0.000000
1778064030.968063,zero_not_calibrated,0,0,0,0.000000,0.000000,0.000000,0.000000,0.000000,0.000000,0.200000,0.000000,0.000000,0.000000,0.200000,0.000000,0.000000,0.000000,0.000000,0.000000,0.000000
1778064031.003574,zero_not_calibrated,0,0,0,0.000000,0.000000,0.000000,0.000000,0.000000,0.000000,0.200000,0.000000,0.000000,0.000000,0.200000,0.000000,0.000000,0.000000,0.000000,0.000000,0.000000
1778064031.005284,zero_waiting,0,0,0,0.000000,0.000000,0.000000,0.000000,0.000000,0.000000,0.200000,0.000000,0.000000,0.000000,0.200000,0.000000,0.000000,0.000000,0.000000,0.000000,0.000000
1778064031.040390,zero_not_calibrated,0,0,0,0.000000,0.000000,0.000000,0.000000,0.000000,0.000000,0.200000,0.000000,0.000000,0.000000,0.200000,0.000000,0.000000,0.000000,0.000000,0.000000,0.000000
1778064031.055599,zero_waiting,0,0,0,0.000000,0.000000,0.000000,0.000000,0.000000,0.000000,0.200000,0.000000,0.000000,0.000000,0.200000,0.000000,0.000000,0.000000,0.000000,0.000000,0.000000
1778064031.077340,zero_not_calibrated,0,0,0,0.000000,0.000000,0.000000,0.000000,0.000000,0.000000,0.200000,0.000000,0.000000,0.000000,0.200000,0.000000,0.000000,0.000000,0.000000,0.000000,0.000000
1778064031.105713,zero_waiting,0,0,0,0.000000,0.000000,0.000000,0.000000,0.000000,0.000000,0.200000,0.000000,0.000000,0.000000,0.200000,0.000000,0.000000,0.000000,0.000000,0.000000,0.000000
1778064031.116070,zero_not_calibrated,0,0,0,0.000000,0.000000,0.000000,0.000000,0.000000,0.000000,0.200000,0.000000,0.000000,0.000000,0.200000,0.000000,0.000000,0.000000,0.000000,0.000000,0.000000
1778064031.148651,zero_not_calibrated,0,0,0,0.000000,0.000000,0.000000,0.000000,0.000000,0.000000,0.200000,0.000000,0.000000,0.000000,0.200000,0.000000,0.000000,0.000000,0.000000,0.000000,0.000000
1778064031.155609,zero_waiting,0,0,0,0.000000,0.000000,0.000000,0.000000,0.000000,0.000000,0.200000,0.000000,0.000000,0.000000,0.200000,0.000000,0.000000,0.000000,0.000000,0.000000,0.000000
1778064031.183465,zero_not_calibrated,0,0,0,0.000000,0.000000,0.000000,0.000000,0.000000,0.000000,0.200000,0.000000,0.000000,0.000000,0.200000,0.000000,0.000000,0.000000,0.000000,0.000000,0.000000
1778064031.205614,zero_waiting,0,0,0,0.000000,0.000000,0.000000,0.000000,0.000000,0.000000,0.200000,0.000000,0.000000,0.000000,0.200000,0.000000,0.000000,0.000000,0.000000,0.000000,0.000000
1778064031.222487,zero_not_calibrated,0,0,0,0.000000,0.000000,0.000000,0.000000,0.000000,0.000000,0.200000,0.000000,0.000000,0.000000,0.200000,0.000000,0.000000,0.000000,0.000000,0.000000,0.000000
1778064031.255516,zero_not_calibrated,0,0,0,0.000000,0.000000,0.000000,0.000000,0.000000,0.000000,0.200000,0.000000,0.000000,0.000000,0.200000,0.000000,0.000000,0.000000,0.000000,0.000000,0.000000
1778064031.256130,zero_waiting,0,0,0,0.000000,0.000000,0.000000,0.000000,0.000000,0.000000,0.200000,0.000000,0.000000,0.000000,0.200000,0.000000,0.000000,0.000000,0.000000,0.000000,0.000000
1778064031.291273,zero_not_calibrated,0,0,0,0.000000,0.000000,0.000000,0.000000,0.000000,0.000000,0.200000,0.000000,0.000000,0.000000,0.200000,0.000000,0.000000,0.000000,0.000000,0.000000,0.000000
1778064031.305623,zero_waiting,0,0,0,0.000000,0.000000,0.000000,0.000000,0.000000,0.000000,0.200000,0.000000,0.000000,0.000000,0.200000,0.000000,0.000000,0.000000,0.000000,0.000000,0.000000
1778064031.326368,zero_not_calibrated,0,0,0,0.000000,0.000000,0.000000,0.000000,0.000000,0.000000,0.200000,0.000000,0.000000,0.000000,0.200000,0.000000,0.000000,0.000000,0.000000,0.000000,0.000000
1778064031.355609,zero_waiting,0,0,0,0.000000,0.000000,0.000000,0.000000,0.000000,0.000000,0.200000,0.000000,0.000000,0.000000,0.200000,0.000000,0.000000,0.000000,0.000000,0.000000,0.000000
1778064031.365576,zero_not_calibrated,0,0,0,0.000000,0.000000,0.000000,0.000000,0.000000,0.000000,0.200000,0.000000,0.000000,0.000000,0.200000,0.000000,0.000000,0.000000,0.000000,0.000000,0.000000
1778064031.405343,zero_not_calibrated,0,0,0,0.000000,0.000000,0.000000,0.000000,0.000000,0.000000,0.200000,0.000000,0.000000,0.000000,0.200000,0.000000,0.000000,0.000000,0.000000,0.000000,0.000000
1778064031.406207,zero_waiting,0,0,0,0.000000,0.000000,0.000000,0.000000,0.000000,0.000000,0.200000,0.000000,0.000000,0.000000,0.200000,0.000000,0.000000,0.000000,0.000000,0.000000,0.000000
1778064031.442337,zero_not_calibrated,0,0,0,0.000000,0.000000,0.000000,0.000000,0.000000,0.000000,0.200000,0.000000,0.000000,0.000000,0.200000,0.000000,0.000000,0.000000,0.000000,0.000000,0.000000
1778064031.455671,zero_waiting,0,0,0,0.000000,0.000000,0.000000,0.000000,0.000000,0.000000,0.200000,0.000000,0.000000,0.000000,0.200000,0.000000,0.000000,0.000000,0.000000,0.000000,0.000000
1778064031.473421,zero_not_calibrated,0,0,0,0.000000,0.000000,0.000000,0.000000,0.000000,0.000000,0.200000,0.000000,0.000000,0.000000,0.200000,0.000000,0.000000,0.000000,0.000000,0.000000,0.000000
1778064031.505602,zero_waiting,0,0,0,0.000000,0.000000,0.000000,0.000000,0.000000,0.000000,0.200000,0.000000,0.000000,0.000000,0.200000,0.000000,0.000000,0.000000,0.000000,0.000000,0.000000
1778064031.509238,zero_not_calibrated,0,0,0,0.000000,0.000000,0.000000,0.000000,0.000000,0.000000,0.200000,0.000000,0.000000,0.000000,0.200000,0.000000,0.000000,0.000000,0.000000,0.000000,0.000000
1778064031.538007,zero_not_calibrated,0,0,0,0.000000,0.000000,0.000000,0.000000,0.000000,0.000000,0.200000,0.000000,0.000000,0.000000,0.200000,0.000000,0.000000,0.000000,0.000000,0.000000,0.000000
1778064031.555582,zero_waiting,0,0,0,0.000000,0.000000,0.000000,0.000000,0.000000,0.000000,0.200000,0.000000,0.000000,0.000000,0.200000,0.000000,0.000000,0.000000,0.000000,0.000000,0.000000
1778064031.566084,zero_not_calibrated,0,0,0,0.000000,0.000000,0.000000,0.000000,0.000000,0.000000,0.200000,0.000000,0.000000,0.000000,0.200000,0.000000,0.000000,0.000000,0.000000,0.000000,0.000000
1778064031.593055,zero_not_calibrated,0,0,0,0.000000,0.000000,0.000000,0.000000,0.000000,0.000000,0.200000,0.000000,0.000000,0.000000,0.200000,0.000000,0.000000,0.000000,0.000000,0.000000,0.000000
1778064031.605674,zero_waiting,0,0,0,0.000000,0.000000,0.000000,0.000000,0.000000,0.000000,0.200000,0.000000,0.000000,0.000000,0.200000,0.000000,0.000000,0.000000,0.000000,0.000000,0.000000
1778064031.629163,zero_not_calibrated,0,0,0,0.000000,0.000000,0.000000,0.000000,0.000000,0.000000,0.200000,0.000000,0.000000,0.000000,0.200000,0.000000,0.000000,0.000000,0.000000,0.000000,0.000000
1778064031.655839,zero_waiting,0,0,0,0.000000,0.000000,0.000000,0.000000,0.000000,0.000000,0.200000,0.000000,0.000000,0.000000,0.200000,0.000000,0.000000,0.000000,0.000000,0.000000,0.000000
1778064031.662516,zero_not_calibrated,0,0,0,0.000000,0.000000,0.000000,0.000000,0.000000,0.000000,0.200000,0.000000,0.000000,0.000000,0.200000,0.000000,0.000000,0.000000,0.000000,0.000000,0.000000
1778064031.698589,zero_not_calibrated,0,0,0,0.000000,0.000000,0.000000,0.000000,0.000000,0.000000,0.200000,0.000000,0.000000,0.000000,0.200000,0.000000,0.000000,0.000000,0.000000,0.000000,0.000000
1778064031.705645,zero_waiting,0,0,0,0.000000,0.000000,0.000000,0.000000,0.000000,0.000000,0.200000,0.000000,0.000000,0.000000,0.200000,0.000000,0.000000,0.000000,0.000000,0.000000,0.000000
1778064031.733120,zero_not_calibrated,0,0,0,0.000000,0.000000,0.000000,0.000000,0.000000,0.000000,0.200000,0.000000,0.000000,0.000000,0.200000,0.000000,0.000000,0.000000,0.000000,0.000000,0.000000
1778064031.755544,zero_waiting,0,0,0,0.000000,0.000000,0.000000,0.000000,0.000000,0.000000,0.200000,0.000000,0.000000,0.000000,0.200000,0.000000,0.000000,0.000000,0.000000,0.000000,0.000000
1778064031.771368,zero_not_calibrated,0,0,0,0.000000,0.000000,0.000000,0.000000,0.000000,0.000000,0.200000,0.000000,0.000000,0.000000,0.200000,0.000000,0.000000,0.000000,0.000000,0.000000,0.000000
1778064031.805239,zero_not_calibrated,0,0,0,0.000000,0.000000,0.000000,0.000000,0.000000,0.000000,0.200000,0.000000,0.000000,0.000000,0.200000,0.000000,0.000000,0.000000,0.000000,0.000000,0.000000
1778064031.806072,zero_waiting,0,0,0,0.000000,0.000000,0.000000,0.000000,0.000000,0.000000,0.200000,0.000000,0.000000,0.000000,0.200000,0.000000,0.000000,0.000000,0.000000,0.000000,0.000000
1778064031.838572,zero_not_calibrated,0,0,0,0.000000,0.000000,0.000000,0.000000,0.000000,0.000000,0.200000,0.000000,0.000000,0.000000,0.200000,0.000000,0.000000,0.000000,0.000000,0.000000,0.000000
1778064031.856635,zero_waiting,0,0,0,0.000000,0.000000,0.000000,0.000000,0.000000,0.000000,0.200000,0.000000,0.000000,0.000000,0.200000,0.000000,0.000000,0.000000,0.000000,0.000000,0.000000
1778064031.874707,zero_not_calibrated,0,0,0,0.000000,0.000000,0.000000,0.000000,0.000000,0.000000,0.200000,0.000000,0.000000,0.000000,0.200000,0.000000,0.000000,0.000000,0.000000,0.000000,0.000000
1778064031.905685,zero_waiting,0,0,0,0.000000,0.000000,0.000000,0.000000,0.000000,0.000000,0.200000,0.000000,0.000000,0.000000,0.200000,0.000000,0.000000,0.000000,0.000000,0.000000,0.000000
1778064031.910382,zero_not_calibrated,0,0,0,0.000000,0.000000,0.000000,0.000000,0.000000,0.000000,0.200000,0.000000,0.000000,0.000000,0.200000,0.000000,0.000000,0.000000,0.000000,0.000000,0.000000
1778064031.944336,zero_not_calibrated,0,0,0,0.000000,0.000000,0.000000,0.000000,0.000000,0.000000,0.200000,0.000000,0.000000,0.000000,0.200000,0.000000,0.000000,0.000000,0.000000,0.000000,0.000000
1778064031.955869,zero_waiting,0,0,0,0.000000,0.000000,0.000000,0.000000,0.000000,0.000000,0.200000,0.000000,0.000000,0.000000,0.200000,0.000000,0.000000,0.000000,0.000000,0.000000,0.000000
1778064031.985925,zero_not_calibrated,0,0,0,0.000000,0.000000,0.000000,0.000000,0.000000,0.000000,0.200000,0.000000,0.000000,0.000000,0.200000,0.000000,0.000000,0.000000,0.000000,0.000000,0.000000
1778064032.005752,zero_waiting,0,0,0,0.000000,0.000000,0.000000,0.000000,0.000000,0.000000,0.200000,0.000000,0.000000,0.000000,0.200000,0.000000,0.000000,0.000000,0.000000,0.000000,0.000000
1778064032.020221,zero_not_calibrated,0,0,0,0.000000,0.000000,0.000000,0.000000,0.000000,0.000000,0.200000,0.000000,0.000000,0.000000,0.200000,0.000000,0.000000,0.000000,0.000000,0.000000,0.000000
1778064032.054911,zero_not_calibrated,0,0,0,0.000000,0.000000,0.000000,0.000000,0.000000,0.000000,0.200000,0.000000,0.000000,0.000000,0.200000,0.000000,0.000000,0.000000,0.000000,0.000000,0.000000
1778064032.055393,zero_waiting,0,0,0,0.000000,0.000000,0.000000,0.000000,0.000000,0.000000,0.200000,0.000000,0.000000,0.000000,0.200000,0.000000,0.000000,0.000000,0.000000,0.000000,0.000000
1778064032.089443,zero_not_calibrated,0,0,0,0.000000,0.000000,0.000000,0.000000,0.000000,0.000000,0.200000,0.000000,0.000000,0.000000,0.200000,0.000000,0.000000,0.000000,0.000000,0.000000,0.000000
1778064032.105581,zero_waiting,0,0,0,0.000000,0.000000,0.000000,0.000000,0.000000,0.000000,0.200000,0.000000,0.000000,0.000000,0.200000,0.000000,0.000000,0.000000,0.000000,0.000000,0.000000
1778064032.122997,zero_not_calibrated,0,0,0,0.000000,0.000000,0.000000,0.000000,0.000000,0.000000,0.200000,0.000000,0.000000,0.000000,0.200000,0.000000,0.000000,0.000000,0.000000,0.000000,0.000000
1778064032.155681,zero_waiting,0,0,0,0.000000,0.000000,0.000000,0.000000,0.000000,0.000000,0.200000,0.000000,0.000000,0.000000,0.200000,0.000000,0.000000,0.000000,0.000000,0.000000,0.000000
1778064032.157949,zero_not_calibrated,0,0,0,0.000000,0.000000,0.000000,0.000000,0.000000,0.000000,0.200000,0.000000,0.000000,0.000000,0.200000,0.000000,0.000000,0.000000,0.000000,0.000000,0.000000
1778064032.197472,zero_not_calibrated,0,0,0,0.000000,0.000000,0.000000,0.000000,0.000000,0.000000,0.200000,0.000000,0.000000,0.000000,0.200000,0.000000,0.000000,0.000000,0.000000,0.000000,0.000000
1778064032.205594,zero_waiting,0,0,0,0.000000,0.000000,0.000000,0.000000,0.000000,0.000000,0.200000,0.000000,0.000000,0.000000,0.200000,0.000000,0.000000,0.000000,0.000000,0.000000,0.000000
1778064032.236582,zero_not_calibrated,0,0,0,0.000000,0.000000,0.000000,0.000000,0.000000,0.000000,0.200000,0.000000,0.000000,0.000000,0.200000,0.000000,0.000000,0.000000,0.000000,0.000000,0.000000
1778064032.255662,zero_waiting,0,0,0,0.000000,0.000000,0.000000,0.000000,0.000000,0.000000,0.200000,0.000000,0.000000,0.000000,0.200000,0.000000,0.000000,0.000000,0.000000,0.000000,0.000000
1778064032.272550,zero_not_calibrated,0,0,0,0.000000,0.000000,0.000000,0.000000,0.000000,0.000000,0.200000,0.000000,0.000000,0.000000,0.200000,0.000000,0.000000,0.000000,0.000000,0.000000,0.000000
1778064032.305806,zero_waiting,0,0,0,0.000000,0.000000,0.000000,0.000000,0.000000,0.000000,0.200000,0.000000,0.000000,0.000000,0.200000,0.000000,0.000000,0.000000,0.000000,0.000000,0.000000
1778064032.306680,zero_not_calibrated,0,0,0,0.000000,0.000000,0.000000,0.000000,0.000000,0.000000,0.200000,0.000000,0.000000,0.000000,0.200000,0.000000,0.000000,0.000000,0.000000,0.000000,0.000000
1778064032.346902,zero_not_calibrated,0,0,0,0.000000,0.000000,0.000000,0.000000,0.000000,0.000000,0.200000,0.000000,0.000000,0.000000,0.200000,0.000000,0.000000,0.000000,0.000000,0.000000,0.000000
1778064032.355525,zero_waiting,0,0,0,0.000000,0.000000,0.000000,0.000000,0.000000,0.000000,0.200000,0.000000,0.000000,0.000000,0.200000,0.000000,0.000000,0.000000,0.000000,0.000000,0.000000
1778064032.380041,zero_not_calibrated,0,0,0,0.000000,0.000000,0.000000,0.000000,0.000000,0.000000,0.200000,0.000000,0.000000,0.000000,0.200000,0.000000,0.000000,0.000000,0.000000,0.000000,0.000000
1778064032.405648,zero_waiting,0,0,0,0.000000,0.000000,0.000000,0.000000,0.000000,0.000000,0.200000,0.000000,0.000000,0.000000,0.200000,0.000000,0.000000,0.000000,0.000000,0.000000,0.000000
1778064032.410582,zero_not_calibrated,0,0,0,0.000000,0.000000,0.000000,0.000000,0.000000,0.000000,0.200000,0.000000,0.000000,0.000000,0.200000,0.000000,0.000000,0.000000,0.000000,0.000000,0.000000
1778064032.448729,zero_not_calibrated,0,0,0,0.000000,0.000000,0.000000,0.000000,0.000000,0.000000,0.200000,0.000000,0.000000,0.000000,0.200000,0.000000,0.000000,0.000000,0.000000,0.000000,0.000000
1778064032.456005,zero_waiting,0,0,0,0.000000,0.000000,0.000000,0.000000,0.000000,0.000000,0.200000,0.000000,0.000000,0.000000,0.200000,0.000000,0.000000,0.000000,0.000000,0.000000,0.000000
1778064032.483575,zero_not_calibrated,0,0,0,0.000000,0.000000,0.000000,0.000000,0.000000,0.000000,0.200000,0.000000,0.000000,0.000000,0.200000,0.000000,0.000000,0.000000,0.000000,0.000000,0.000000
1778064032.505625,zero_waiting,0,0,0,0.000000,0.000000,0.000000,0.000000,0.000000,0.000000,0.200000,0.000000,0.000000,0.000000,0.200000,0.000000,0.000000,0.000000,0.000000,0.000000,0.000000
1778064032.529433,zero_not_calibrated,0,0,0,0.000000,0.000000,0.000000,0.000000,0.000000,0.000000,0.200000,0.000000,0.000000,0.000000,0.200000,0.000000,0.000000,0.000000,0.000000,0.000000,0.000000
1778064032.555854,zero_waiting,0,0,0,0.000000,0.000000,0.000000,0.000000,0.000000,0.000000,0.200000,0.000000,0.000000,0.000000,0.200000,0.000000,0.000000,0.000000,0.000000,0.000000,0.000000
1778064032.566014,zero_not_calibrated,0,0,0,0.000000,0.000000,0.000000,0.000000,0.000000,0.000000,0.200000,0.000000,0.000000,0.000000,0.200000,0.000000,0.000000,0.000000,0.000000,0.000000,0.000000
1778064032.605817,zero_waiting,0,0,0,0.000000,0.000000,0.000000,0.000000,0.000000,0.000000,0.200000,0.000000,0.000000,0.000000,0.200000,0.000000,0.000000,0.000000,0.000000,0.000000,0.000000
1778064032.606951,zero_not_calibrated,0,0,0,0.000000,0.000000,0.000000,0.000000,0.000000,0.000000,0.200000,0.000000,0.000000,0.000000,0.200000,0.000000,0.000000,0.000000,0.000000,0.000000,0.000000
1778064032.641783,zero_not_calibrated,0,0,0,0.000000,0.000000,0.000000,0.000000,0.000000,0.000000,0.200000,0.000000,0.000000,0.000000,0.200000,0.000000,0.000000,0.000000,0.000000,0.000000,0.000000
1778064032.655560,zero_waiting,0,0,0,0.000000,0.000000,0.000000,0.000000,0.000000,0.000000,0.200000,0.000000,0.000000,0.000000,0.200000,0.000000,0.000000,0.000000,0.000000,0.000000,0.000000
1778064032.671118,zero_not_calibrated,0,0,0,0.000000,0.000000,0.000000,0.000000,0.000000,0.000000,0.200000,0.000000,0.000000,0.000000,0.200000,0.000000,0.000000,0.000000,0.000000,0.000000,0.000000
1778064032.698595,zero_not_calibrated,0,0,0,0.000000,0.000000,0.000000,0.000000,0.000000,0.000000,0.200000,0.000000,0.000000,0.000000,0.200000,0.000000,0.000000,0.000000,0.000000,0.000000,0.000000
1778064032.705495,zero_waiting,0,0,0,0.000000,0.000000,0.000000,0.000000,0.000000,0.000000,0.200000,0.000000,0.000000,0.000000,0.200000,0.000000,0.000000,0.000000,0.000000,0.000000,0.000000
1778064032.728550,zero_not_calibrated,0,0,0,0.000000,0.000000,0.000000,0.000000,0.000000,0.000000,0.200000,0.000000,0.000000,0.000000,0.200000,0.000000,0.000000,0.000000,0.000000,0.000000,0.000000
1778064032.755026,zero_not_calibrated,0,0,0,0.000000,0.000000,0.000000,0.000000,0.000000,0.000000,0.200000,0.000000,0.000000,0.000000,0.200000,0.000000,0.000000,0.000000,0.000000,0.000000,0.000000
1778064032.755374,zero_waiting,0,0,0,0.000000,0.000000,0.000000,0.000000,0.000000,0.000000,0.200000,0.000000,0.000000,0.000000,0.200000,0.000000,0.000000,0.000000,0.000000,0.000000,0.000000
1778064032.782657,zero_not_calibrated,0,0,0,0.000000,0.000000,0.000000,0.000000,0.000000,0.000000,0.200000,0.000000,0.000000,0.000000,0.200000,0.000000,0.000000,0.000000,0.000000,0.000000,0.000000
1778064032.805581,zero_waiting,0,0,0,0.000000,0.000000,0.000000,0.000000,0.000000,0.000000,0.200000,0.000000,0.000000,0.000000,0.200000,0.000000,0.000000,0.000000,0.000000,0.000000,0.000000
1778064032.819004,zero_not_calibrated,0,0,0,0.000000,0.000000,0.000000,0.000000,0.000000,0.000000,0.200000,0.000000,0.000000,0.000000,0.200000,0.000000,0.000000,0.000000,0.000000,0.000000,0.000000
1778064032.851350,zero_not_calibrated,0,0,0,0.000000,0.000000,0.000000,0.000000,0.000000,0.000000,0.200000,0.000000,0.000000,0.000000,0.200000,0.000000,0.000000,0.000000,0.000000,0.000000,0.000000
1778064032.855498,zero_waiting,0,0,0,0.000000,0.000000,0.000000,0.000000,0.000000,0.000000,0.200000,0.000000,0.000000,0.000000,0.200000,0.000000,0.000000,0.000000,0.000000,0.000000,0.000000
1778064032.885314,zero_not_calibrated,0,0,0,0.000000,0.000000,0.000000,0.000000,0.000000,0.000000,0.200000,0.000000,0.000000,0.000000,0.200000,0.000000,0.000000,0.000000,0.000000,0.000000,0.000000
1778064032.907796,zero_waiting,0,0,0,0.000000,0.000000,0.000000,0.000000,0.000000,0.000000,0.200000,0.000000,0.000000,0.000000,0.200000,0.000000,0.000000,0.000000,0.000000,0.000000,0.000000
1778064032.918191,zero_not_calibrated,0,0,0,0.000000,0.000000,0.000000,0.000000,0.000000,0.000000,0.200000,0.000000,0.000000,0.000000,0.200000,0.000000,0.000000,0.000000,0.000000,0.000000,0.000000
1778064032.952429,zero_not_calibrated,0,0,0,0.000000,0.000000,0.000000,0.000000,0.000000,0.000000,0.200000,0.000000,0.000000,0.000000,0.200000,0.000000,0.000000,0.000000,0.000000,0.000000,0.000000
1778064032.955391,zero_waiting,0,0,0,0.000000,0.000000,0.000000,0.000000,0.000000,0.000000,0.200000,0.000000,0.000000,0.000000,0.200000,0.000000,0.000000,0.000000,0.000000,0.000000,0.000000
1778064032.985358,zero_not_calibrated,0,0,0,0.000000,0.000000,0.000000,0.000000,0.000000,0.000000,0.200000,0.000000,0.000000,0.000000,0.200000,0.000000,0.000000,0.000000,0.000000,0.000000,0.000000
1778064033.006161,zero_waiting,0,0,0,0.000000,0.000000,0.000000,0.000000,0.000000,0.000000,0.200000,0.000000,0.000000,0.000000,0.200000,0.000000,0.000000,0.000000,0.000000,0.000000,0.000000
1778064033.021307,zero_not_calibrated,0,0,0,0.000000,0.000000,0.000000,0.000000,0.000000,0.000000,0.200000,0.000000,0.000000,0.000000,0.200000,0.000000,0.000000,0.000000,0.000000,0.000000,0.000000
1778064033.051670,zero_not_calibrated,0,0,0,0.000000,0.000000,0.000000,0.000000,0.000000,0.000000,0.200000,0.000000,0.000000,0.000000,0.200000,0.000000,0.000000,0.000000,0.000000,0.000000,0.000000
1778064033.055419,zero_waiting,0,0,0,0.000000,0.000000,0.000000,0.000000,0.000000,0.000000,0.200000,0.000000,0.000000,0.000000,0.200000,0.000000,0.000000,0.000000,0.000000,0.000000,0.000000
1778064033.085928,zero_not_calibrated,0,0,0,0.000000,0.000000,0.000000,0.000000,0.000000,0.000000,0.200000,0.000000,0.000000,0.000000,0.200000,0.000000,0.000000,0.000000,0.000000,0.000000,0.000000
1778064033.105821,zero_waiting,0,0,0,0.000000,0.000000,0.000000,0.000000,0.000000,0.000000,0.200000,0.000000,0.000000,0.000000,0.200000,0.000000,0.000000,0.000000,0.000000,0.000000,0.000000
1778064033.121256,zero_not_calibrated,0,0,0,0.000000,0.000000,0.000000,0.000000,0.000000,0.000000,0.200000,0.000000,0.000000,0.000000,0.200000,0.000000,0.000000,0.000000,0.000000,0.000000,0.000000
1778064033.151580,zero_not_calibrated,0,0,0,0.000000,0.000000,0.000000,0.000000,0.000000,0.000000,0.200000,0.000000,0.000000,0.000000,0.200000,0.000000,0.000000,0.000000,0.000000,0.000000,0.000000
1778064033.155378,zero_waiting,0,0,0,0.000000,0.000000,0.000000,0.000000,0.000000,0.000000,0.200000,0.000000,0.000000,0.000000,0.200000,0.000000,0.000000,0.000000,0.000000,0.000000,0.000000
1778064033.186157,zero_not_calibrated,0,0,0,0.000000,0.000000,0.000000,0.000000,0.000000,0.000000,0.200000,0.000000,0.000000,0.000000,0.200000,0.000000,0.000000,0.000000,0.000000,0.000000,0.000000
1778064033.205616,zero_waiting,0,0,0,0.000000,0.000000,0.000000,0.000000,0.000000,0.000000,0.200000,0.000000,0.000000,0.000000,0.200000,0.000000,0.000000,0.000000,0.000000,0.000000,0.000000
1778064033.217578,zero_not_calibrated,0,0,0,0.000000,0.000000,0.000000,0.000000,0.000000,0.000000,0.200000,0.000000,0.000000,0.000000,0.200000,0.000000,0.000000,0.000000,0.000000,0.000000,0.000000
1778064033.249471,zero_not_calibrated,0,0,0,0.000000,0.000000,0.000000,0.000000,0.000000,0.000000,0.200000,0.000000,0.000000,0.000000,0.200000,0.000000,0.000000,0.000000,0.000000,0.000000,0.000000
1778064033.255490,zero_waiting,0,0,0,0.000000,0.000000,0.000000,0.000000,0.000000,0.000000,0.200000,0.000000,0.000000,0.000000,0.200000,0.000000,0.000000,0.000000,0.000000,0.000000,0.000000
1778064033.287750,zero_not_calibrated,0,0,0,0.000000,0.000000,0.000000,0.000000,0.000000,0.000000,0.200000,0.000000,0.000000,0.000000,0.200000,0.000000,0.000000,0.000000,0.000000,0.000000,0.000000
1778064033.305650,zero_waiting,0,0,0,0.000000,0.000000,0.000000,0.000000,0.000000,0.000000,0.200000,0.000000,0.000000,0.000000,0.200000,0.000000,0.000000,0.000000,0.000000,0.000000,0.000000
1778064033.315563,zero_not_calibrated,0,0,0,0.000000,0.000000,0.000000,0.000000,0.000000,0.000000,0.200000,0.000000,0.000000,0.000000,0.200000,0.000000,0.000000,0.000000,0.000000,0.000000,0.000000
1778064033.349556,zero_not_calibrated,0,0,0,0.000000,0.000000,0.000000,0.000000,0.000000,0.000000,0.200000,0.000000,0.000000,0.000000,0.200000,0.000000,0.000000,0.000000,0.000000,0.000000,0.000000
1778064033.355654,zero_waiting,0,0,0,0.000000,0.000000,0.000000,0.000000,0.000000,0.000000,0.200000,0.000000,0.000000,0.000000,0.200000,0.000000,0.000000,0.000000,0.000000,0.000000,0.000000
1778064033.382731,zero_not_calibrated,0,0,0,0.000000,0.000000,0.000000,0.000000,0.000000,0.000000,0.200000,0.000000,0.000000,0.000000,0.200000,0.000000,0.000000,0.000000,0.000000,0.000000,0.000000
1778064033.405617,zero_waiting,0,0,0,0.000000,0.000000,0.000000,0.000000,0.000000,0.000000,0.200000,0.000000,0.000000,0.000000,0.200000,0.000000,0.000000,0.000000,0.000000,0.000000,0.000000
1778064033.414641,zero_not_calibrated,0,0,0,0.000000,0.000000,0.000000,0.000000,0.000000,0.000000,0.200000,0.000000,0.000000,0.000000,0.200000,0.000000,0.000000,0.000000,0.000000,0.000000,0.000000
1778064033.448468,zero_not_calibrated,0,0,0,0.000000,0.000000,0.000000,0.000000,0.000000,0.000000,0.200000,0.000000,0.000000,0.000000,0.200000,0.000000,0.000000,0.000000,0.000000,0.000000,0.000000
1778064033.455590,zero_waiting,0,0,0,0.000000,0.000000,0.000000,0.000000,0.000000,0.000000,0.200000,0.000000,0.000000,0.000000,0.200000,0.000000,0.000000,0.000000,0.000000,0.000000,0.000000
1778064033.482258,zero_not_calibrated,0,0,0,0.000000,0.000000,0.000000,0.000000,0.000000,0.000000,0.200000,0.000000,0.000000,0.000000,0.200000,0.000000,0.000000,0.000000,0.000000,0.000000,0.000000
1778064033.505632,zero_waiting,0,0,0,0.000000,0.000000,0.000000,0.000000,0.000000,0.000000,0.200000,0.000000,0.000000,0.000000,0.200000,0.000000,0.000000,0.000000,0.000000,0.000000,0.000000
1778064033.518648,zero_not_calibrated,0,0,0,0.000000,0.000000,0.000000,0.000000,0.000000,0.000000,0.200000,0.000000,0.000000,0.000000,0.200000,0.000000,0.000000,0.000000,0.000000,0.000000,0.000000
1778064033.552385,zero_not_calibrated,0,0,0,0.000000,0.000000,0.000000,0.000000,0.000000,0.000000,0.200000,0.000000,0.000000,0.000000,0.200000,0.000000,0.000000,0.000000,0.000000,0.000000,0.000000
1778064033.555594,zero_waiting,0,0,0,0.000000,0.000000,0.000000,0.000000,0.000000,0.000000,0.200000,0.000000,0.000000,0.000000,0.200000,0.000000,0.000000,0.000000,0.000000,0.000000,0.000000
1778064033.584677,zero_not_calibrated,0,0,0,0.000000,0.000000,0.000000,0.000000,0.000000,0.000000,0.200000,0.000000,0.000000,0.000000,0.200000,0.000000,0.000000,0.000000,0.000000,0.000000,0.000000
1778064033.605635,zero_waiting,0,0,0,0.000000,0.000000,0.000000,0.000000,0.000000,0.000000,0.200000,0.000000,0.000000,0.000000,0.200000,0.000000,0.000000,0.000000,0.000000,0.000000,0.000000
1778064033.618198,zero_not_calibrated,0,0,0,0.000000,0.000000,0.000000,0.000000,0.000000,0.000000,0.200000,0.000000,0.000000,0.000000,0.200000,0.000000,0.000000,0.000000,0.000000,0.000000,0.000000
1778064033.651188,zero_not_calibrated,0,0,0,0.000000,0.000000,0.000000,0.000000,0.000000,0.000000,0.200000,0.000000,0.000000,0.000000,0.200000,0.000000,0.000000,0.000000,0.000000,0.000000,0.000000
1778064033.655254,zero_waiting,0,0,0,0.000000,0.000000,0.000000,0.000000,0.000000,0.000000,0.200000,0.000000,0.000000,0.000000,0.200000,0.000000,0.000000,0.000000,0.000000,0.000000,0.000000
1778064033.683818,zero_not_calibrated,0,0,0,0.000000,0.000000,0.000000,0.000000,0.000000,0.000000,0.200000,0.000000,0.000000,0.000000,0.200000,0.000000,0.000000,0.000000,0.000000,0.000000,0.000000
1778064033.707936,zero_waiting,0,0,0,0.000000,0.000000,0.000000,0.000000,0.000000,0.000000,0.200000,0.000000,0.000000,0.000000,0.200000,0.000000,0.000000,0.000000,0.000000,0.000000,0.000000
1778064033.722857,zero_not_calibrated,0,0,0,0.000000,0.000000,0.000000,0.000000,0.000000,0.000000,0.200000,0.000000,0.000000,0.000000,0.200000,0.000000,0.000000,0.000000,0.000000,0.000000,0.000000
1778064033.751610,zero_not_calibrated,0,0,0,0.000000,0.000000,0.000000,0.000000,0.000000,0.000000,0.200000,0.000000,0.000000,0.000000,0.200000,0.000000,0.000000,0.000000,0.000000,0.000000,0.000000
1778064033.755494,zero_waiting,0,0,0,0.000000,0.000000,0.000000,0.000000,0.000000,0.000000,0.200000,0.000000,0.000000,0.000000,0.200000,0.000000,0.000000,0.000000,0.000000,0.000000,0.000000
1778064033.783435,zero_not_calibrated,0,0,0,0.000000,0.000000,0.000000,0.000000,0.000000,0.000000,0.200000,0.000000,0.000000,0.000000,0.200000,0.000000,0.000000,0.000000,0.000000,0.000000,0.000000
1778064033.806715,zero_waiting,0,0,0,0.000000,0.000000,0.000000,0.000000,0.000000,0.000000,0.200000,0.000000,0.000000,0.000000,0.200000,0.000000,0.000000,0.000000,0.000000,0.000000,0.000000
1778064033.819885,zero_not_calibrated,0,0,0,0.000000,0.000000,0.000000,0.000000,0.000000,0.000000,0.200000,0.000000,0.000000,0.000000,0.200000,0.000000,0.000000,0.000000,0.000000,0.000000,0.000000
1778064033.853644,zero_not_calibrated,0,0,0,0.000000,0.000000,0.000000,0.000000,0.000000,0.000000,0.200000,0.000000,0.000000,0.000000,0.200000,0.000000,0.000000,0.000000,0.000000,0.000000,0.000000
1778064033.855309,zero_waiting,0,0,0,0.000000,0.000000,0.000000,0.000000,0.000000,0.000000,0.200000,0.000000,0.000000,0.000000,0.200000,0.000000,0.000000,0.000000,0.000000,0.000000,0.000000
1778064033.885160,zero_not_calibrated,0,0,0,0.000000,0.000000,0.000000,0.000000,0.000000,0.000000,0.200000,0.000000,0.000000,0.000000,0.200000,0.000000,0.000000,0.000000,0.000000,0.000000,0.000000
1778064033.905566,zero_waiting,0,0,0,0.000000,0.000000,0.000000,0.000000,0.000000,0.000000,0.200000,0.000000,0.000000,0.000000,0.200000,0.000000,0.000000,0.000000,0.000000,0.000000,0.000000
1778064033.919266,zero_not_calibrated,0,0,0,0.000000,0.000000,0.000000,0.000000,0.000000,0.000000,0.200000,0.000000,0.000000,0.000000,0.200000,0.000000,0.000000,0.000000,0.000000,0.000000,0.000000
1778064033.955535,zero_waiting,0,0,0,0.000000,0.000000,0.000000,0.000000,0.000000,0.000000,0.200000,0.000000,0.000000,0.000000,0.200000,0.000000,0.000000,0.000000,0.000000,0.000000,0.000000
1778064033.956031,zero_not_calibrated,0,0,0,0.000000,0.000000,0.000000,0.000000,0.000000,0.000000,0.200000,0.000000,0.000000,0.000000,0.200000,0.000000,0.000000,0.000000,0.000000,0.000000,0.000000
1778064033.984597,zero_not_calibrated,0,0,0,0.000000,0.000000,0.000000,0.000000,0.000000,0.000000,0.200000,0.000000,0.000000,0.000000,0.200000,0.000000,0.000000,0.000000,0.000000,0.000000,0.000000
1778064034.005465,zero_waiting,0,0,0,0.000000,0.000000,0.000000,0.000000,0.000000,0.000000,0.200000,0.000000,0.000000,0.000000,0.200000,0.000000,0.000000,0.000000,0.000000,0.000000,0.000000
1778064034.018482,zero_not_calibrated,0,0,0,0.000000,0.000000,0.000000,0.000000,0.000000,0.000000,0.200000,0.000000,0.000000,0.000000,0.200000,0.000000,0.000000,0.000000,0.000000,0.000000,0.000000
1778064034.053720,zero_not_calibrated,0,0,0,0.000000,0.000000,0.000000,0.000000,0.000000,0.000000,0.200000,0.000000,0.000000,0.000000,0.200000,0.000000,0.000000,0.000000,0.000000,0.000000,0.000000
1778064034.055300,zero_waiting,0,0,0,0.000000,0.000000,0.000000,0.000000,0.000000,0.000000,0.200000,0.000000,0.000000,0.000000,0.200000,0.000000,0.000000,0.000000,0.000000,0.000000,0.000000
1778064034.085405,zero_not_calibrated,0,0,0,0.000000,0.000000,0.000000,0.000000,0.000000,0.000000,0.200000,0.000000,0.000000,0.000000,0.200000,0.000000,0.000000,0.000000,0.000000,0.000000,0.000000
1778064034.105636,zero_waiting,0,0,0,0.000000,0.000000,0.000000,0.000000,0.000000,0.000000,0.200000,0.000000,0.000000,0.000000,0.200000,0.000000,0.000000,0.000000,0.000000,0.000000,0.000000
1778064034.120126,zero_not_calibrated,0,0,0,0.000000,0.000000,0.000000,0.000000,0.000000,0.000000,0.200000,0.000000,0.000000,0.000000,0.200000,0.000000,0.000000,0.000000,0.000000,0.000000,0.000000
1778064034.153511,zero_not_calibrated,0,0,0,0.000000,0.000000,0.000000,0.000000,0.000000,0.000000,0.200000,0.000000,0.000000,0.000000,0.200000,0.000000,0.000000,0.000000,0.000000,0.000000,0.000000
1778064034.156212,zero_waiting,0,0,0,0.000000,0.000000,0.000000,0.000000,0.000000,0.000000,0.200000,0.000000,0.000000,0.000000,0.200000,0.000000,0.000000,0.000000,0.000000,0.000000,0.000000
1778064034.183975,zero_not_calibrated,0,0,0,0.000000,0.000000,0.000000,0.000000,0.000000,0.000000,0.200000,0.000000,0.000000,0.000000,0.200000,0.000000,0.000000,0.000000,0.000000,0.000000,0.000000
1778064034.205458,zero_waiting,0,0,0,0.000000,0.000000,0.000000,0.000000,0.000000,0.000000,0.200000,0.000000,0.000000,0.000000,0.200000,0.000000,0.000000,0.000000,0.000000,0.000000,0.000000
1778064034.215080,zero_not_calibrated,0,0,0,0.000000,0.000000,0.000000,0.000000,0.000000,0.000000,0.200000,0.000000,0.000000,0.000000,0.200000,0.000000,0.000000,0.000000,0.000000,0.000000,0.000000
1778064034.247997,zero_not_calibrated,0,0,0,0.000000,0.000000,0.000000,0.000000,0.000000,0.000000,0.200000,0.000000,0.000000,0.000000,0.200000,0.000000,0.000000,0.000000,0.000000,0.000000,0.000000
1778064034.255589,zero_waiting,0,0,0,0.000000,0.000000,0.000000,0.000000,0.000000,0.000000,0.200000,0.000000,0.000000,0.000000,0.200000,0.000000,0.000000,0.000000,0.000000,0.000000,0.000000
1778064034.284225,zero_not_calibrated,0,0,0,0.000000,0.000000,0.000000,0.000000,0.000000,0.000000,0.200000,0.000000,0.000000,0.000000,0.200000,0.000000,0.000000,0.000000,0.000000,0.000000,0.000000
1778064034.305453,zero_waiting,0,0,0,0.000000,0.000000,0.000000,0.000000,0.000000,0.000000,0.200000,0.000000,0.000000,0.000000,0.200000,0.000000,0.000000,0.000000,0.000000,0.000000,0.000000
1778064034.317484,zero_not_calibrated,0,0,0,0.000000,0.000000,0.000000,0.000000,0.000000,0.000000,0.200000,0.000000,0.000000,0.000000,0.200000,0.000000,0.000000,0.000000,0.000000,0.000000,0.000000
1778064034.350722,zero_not_calibrated,0,0,0,0.000000,0.000000,0.000000,0.000000,0.000000,0.000000,0.200000,0.000000,0.000000,0.000000,0.200000,0.000000,0.000000,0.000000,0.000000,0.000000,0.000000
1778064034.355333,zero_waiting,0,0,0,0.000000,0.000000,0.000000,0.000000,0.000000,0.000000,0.200000,0.000000,0.000000,0.000000,0.200000,0.000000,0.000000,0.000000,0.000000,0.000000,0.000000
1778064034.383368,zero_not_calibrated,0,0,0,0.000000,0.000000,0.000000,0.000000,0.000000,0.000000,0.200000,0.000000,0.000000,0.000000,0.200000,0.000000,0.000000,0.000000,0.000000,0.000000,0.000000
1778064034.405432,zero_waiting,0,0,0,0.000000,0.000000,0.000000,0.000000,0.000000,0.000000,0.200000,0.000000,0.000000,0.000000,0.200000,0.000000,0.000000,0.000000,0.000000,0.000000,0.000000
1778064034.418940,zero_not_calibrated,0,0,0,0.000000,0.000000,0.000000,0.000000,0.000000,0.000000,0.200000,0.000000,0.000000,0.000000,0.200000,0.000000,0.000000,0.000000,0.000000,0.000000,0.000000
1778064034.454871,zero_not_calibrated,0,0,0,0.000000,0.000000,0.000000,0.000000,0.000000,0.000000,0.200000,0.000000,0.000000,0.000000,0.200000,0.000000,0.000000,0.000000,0.000000,0.000000,0.000000
1778064034.455216,zero_waiting,0,0,0,0.000000,0.000000,0.000000,0.000000,0.000000,0.000000,0.200000,0.000000,0.000000,0.000000,0.200000,0.000000,0.000000,0.000000,0.000000,0.000000,0.000000
1778064034.487579,zero_not_calibrated,0,0,0,0.000000,0.000000,0.000000,0.000000,0.000000,0.000000,0.200000,0.000000,0.000000,0.000000,0.200000,0.000000,0.000000,0.000000,0.000000,0.000000,0.000000
1778064034.505780,zero_waiting,0,0,0,0.000000,0.000000,0.000000,0.000000,0.000000,0.000000,0.200000,0.000000,0.000000,0.000000,0.200000,0.000000,0.000000,0.000000,0.000000,0.000000,0.000000
1778064034.520637,zero_not_calibrated,0,0,0,0.000000,0.000000,0.000000,0.000000,0.000000,0.000000,0.200000,0.000000,0.000000,0.000000,0.200000,0.000000,0.000000,0.000000,0.000000,0.000000,0.000000
1778064034.555442,zero_waiting,0,0,0,0.000000,0.000000,0.000000,0.000000,0.000000,0.000000,0.200000,0.000000,0.000000,0.000000,0.200000,0.000000,0.000000,0.000000,0.000000,0.000000,0.000000
1778064034.555974,zero_not_calibrated,0,0,0,0.000000,0.000000,0.000000,0.000000,0.000000,0.000000,0.200000,0.000000,0.000000,0.000000,0.200000,0.000000,0.000000,0.000000,0.000000,0.000000,0.000000
1778064034.587436,zero_not_calibrated,0,0,0,0.000000,0.000000,0.000000,0.000000,0.000000,0.000000,0.200000,0.000000,0.000000,0.000000,0.200000,0.000000,0.000000,0.000000,0.000000,0.000000,0.000000
1778064034.606716,zero_waiting,0,0,0,0.000000,0.000000,0.000000,0.000000,0.000000,0.000000,0.200000,0.000000,0.000000,0.000000,0.200000,0.000000,0.000000,0.000000,0.000000,0.000000,0.000000
1778064034.625974,zero_not_calibrated,0,0,0,0.000000,0.000000,0.000000,0.000000,0.000000,0.000000,0.200000,0.000000,0.000000,0.000000,0.200000,0.000000,0.000000,0.000000,0.000000,0.000000,0.000000
1778064034.655606,zero_waiting,0,0,0,0.000000,0.000000,0.000000,0.000000,0.000000,0.000000,0.200000,0.000000,0.000000,0.000000,0.200000,0.000000,0.000000,0.000000,0.000000,0.000000,0.000000
1778064034.657629,zero_not_calibrated,0,0,0,0.000000,0.000000,0.000000,0.000000,0.000000,0.000000,0.200000,0.000000,0.000000,0.000000,0.200000,0.000000,0.000000,0.000000,0.000000,0.000000,0.000000
1778064034.688940,zero_not_calibrated,0,0,0,0.000000,0.000000,0.000000,0.000000,0.000000,0.000000,0.200000,0.000000,0.000000,0.000000,0.200000,0.000000,0.000000,0.000000,0.000000,0.000000,0.000000
1778064034.705847,zero_waiting,0,0,0,0.000000,0.000000,0.000000,0.000000,0.000000,0.000000,0.200000,0.000000,0.000000,0.000000,0.200000,0.000000,0.000000,0.000000,0.000000,0.000000,0.000000
1778064034.719322,zero_not_calibrated,0,0,0,0.000000,0.000000,0.000000,0.000000,0.000000,0.000000,0.200000,0.000000,0.000000,0.000000,0.200000,0.000000,0.000000,0.000000,0.000000,0.000000,0.000000
1778064034.753776,zero_not_calibrated,0,0,0,0.000000,0.000000,0.000000,0.000000,0.000000,0.000000,0.200000,0.000000,0.000000,0.000000,0.200000,0.000000,0.000000,0.000000,0.000000,0.000000,0.000000
1778064034.755283,zero_waiting,0,0,0,0.000000,0.000000,0.000000,0.000000,0.000000,0.000000,0.200000,0.000000,0.000000,0.000000,0.200000,0.000000,0.000000,0.000000,0.000000,0.000000,0.000000
1778064034.784816,zero_not_calibrated,0,0,0,0.000000,0.000000,0.000000,0.000000,0.000000,0.000000,0.200000,0.000000,0.000000,0.000000,0.200000,0.000000,0.000000,0.000000,0.000000,0.000000,0.000000
1778064034.805470,zero_waiting,0,0,0,0.000000,0.000000,0.000000,0.000000,0.000000,0.000000,0.200000,0.000000,0.000000,0.000000,0.200000,0.000000,0.000000,0.000000,0.000000,0.000000,0.000000
1778064034.819733,zero_not_calibrated,0,0,0,0.000000,0.000000,0.000000,0.000000,0.000000,0.000000,0.200000,0.000000,0.000000,0.000000,0.200000,0.000000,0.000000,0.000000,0.000000,0.000000,0.000000
1778064034.849570,zero_not_calibrated,0,0,0,0.000000,0.000000,0.000000,0.000000,0.000000,0.000000,0.200000,0.000000,0.000000,0.000000,0.200000,0.000000,0.000000,0.000000,0.000000,0.000000,0.000000
1778064034.855460,zero_waiting,0,0,0,0.000000,0.000000,0.000000,0.000000,0.000000,0.000000,0.200000,0.000000,0.000000,0.000000,0.200000,0.000000,0.000000,0.000000,0.000000,0.000000,0.000000
1778064034.883158,zero_not_calibrated,0,0,0,0.000000,0.000000,0.000000,0.000000,0.000000,0.000000,0.200000,0.000000,0.000000,0.000000,0.200000,0.000000,0.000000,0.000000,0.000000,0.000000,0.000000
1778064034.905569,zero_waiting,0,0,0,0.000000,0.000000,0.000000,0.000000,0.000000,0.000000,0.200000,0.000000,0.000000,0.000000,0.200000,0.000000,0.000000,0.000000,0.000000,0.000000,0.000000
1778064034.916569,zero_not_calibrated,0,0,0,0.000000,0.000000,0.000000,0.000000,0.000000,0.000000,0.200000,0.000000,0.000000,0.000000,0.200000,0.000000,0.000000,0.000000,0.000000,0.000000,0.000000
1778064034.949958,zero_not_calibrated,0,0,0,0.000000,0.000000,0.000000,0.000000,0.000000,0.000000,0.200000,0.000000,0.000000,0.000000,0.200000,0.000000,0.000000,0.000000,0.000000,0.000000,0.000000
1778064034.955859,zero_waiting,0,0,0,0.000000,0.000000,0.000000,0.000000,0.000000,0.000000,0.200000,0.000000,0.000000,0.000000,0.200000,0.000000,0.000000,0.000000,0.000000,0.000000,0.000000
1778064034.990079,zero_not_calibrated,0,0,0,0.000000,0.000000,0.000000,0.000000,0.000000,0.000000,0.200000,0.000000,0.000000,0.000000,0.200000,0.000000,0.000000,0.000000,0.000000,0.000000,0.000000
1778064035.005943,zero_waiting,0,0,0,0.000000,0.000000,0.000000,0.000000,0.000000,0.000000,0.200000,0.000000,0.000000,0.000000,0.200000,0.000000,0.000000,0.000000,0.000000,0.000000,0.000000
1778064035.024439,zero_not_calibrated,0,0,0,0.000000,0.000000,0.000000,0.000000,0.000000,0.000000,0.200000,0.000000,0.000000,0.000000,0.200000,0.000000,0.000000,0.000000,0.000000,0.000000,0.000000
1778064035.055633,zero_waiting,0,0,0,0.000000,0.000000,0.000000,0.000000,0.000000,0.000000,0.200000,0.000000,0.000000,0.000000,0.200000,0.000000,0.000000,0.000000,0.000000,0.000000,0.000000
1778064035.056300,zero_not_calibrated,0,0,0,0.000000,0.000000,0.000000,0.000000,0.000000,0.000000,0.200000,0.000000,0.000000,0.000000,0.200000,0.000000,0.000000,0.000000,0.000000,0.000000,0.000000
1778064035.093196,zero_not_calibrated,0,0,0,0.000000,0.000000,0.000000,0.000000,0.000000,0.000000,0.200000,0.000000,0.000000,0.000000,0.200000,0.000000,0.000000,0.000000,0.000000,0.000000,0.000000
1778064035.105615,zero_waiting,0,0,0,0.000000,0.000000,0.000000,0.000000,0.000000,0.000000,0.200000,0.000000,0.000000,0.000000,0.200000,0.000000,0.000000,0.000000,0.000000,0.000000,0.000000
1778064035.132971,zero_not_calibrated,0,0,0,0.000000,0.000000,0.000000,0.000000,0.000000,0.000000,0.200000,0.000000,0.000000,0.000000,0.200000,0.000000,0.000000,0.000000,0.000000,0.000000,0.000000
1778064035.155590,zero_waiting,0,0,0,0.000000,0.000000,0.000000,0.000000,0.000000,0.000000,0.200000,0.000000,0.000000,0.000000,0.200000,0.000000,0.000000,0.000000,0.000000,0.000000,0.000000
1778064035.173383,zero_not_calibrated,0,0,0,0.000000,0.000000,0.000000,0.000000,0.000000,0.000000,0.200000,0.000000,0.000000,0.000000,0.200000,0.000000,0.000000,0.000000,0.000000,0.000000,0.000000
1778064035.205540,zero_waiting,0,0,0,0.000000,0.000000,0.000000,0.000000,0.000000,0.000000,0.200000,0.000000,0.000000,0.000000,0.200000,0.000000,0.000000,0.000000,0.000000,0.000000,0.000000
1778064035.206216,zero_not_calibrated,0,0,0,0.000000,0.000000,0.000000,0.000000,0.000000,0.000000,0.200000,0.000000,0.000000,0.000000,0.200000,0.000000,0.000000,0.000000,0.000000,0.000000,0.000000
1778064035.239057,zero_not_calibrated,0,0,0,0.000000,0.000000,0.000000,0.000000,0.000000,0.000000,0.200000,0.000000,0.000000,0.000000,0.200000,0.000000,0.000000,0.000000,0.000000,0.000000,0.000000
1778064035.255809,zero_waiting,0,0,0,0.000000,0.000000,0.000000,0.000000,0.000000,0.000000,0.200000,0.000000,0.000000,0.000000,0.200000,0.000000,0.000000,0.000000,0.000000,0.000000,0.000000
1778064035.277339,zero_not_calibrated,0,0,0,0.000000,0.000000,0.000000,0.000000,0.000000,0.000000,0.200000,0.000000,0.000000,0.000000,0.200000,0.000000,0.000000,0.000000,0.000000,0.000000,0.000000
1778064035.305709,zero_waiting,0,0,0,0.000000,0.000000,0.000000,0.000000,0.000000,0.000000,0.200000,0.000000,0.000000,0.000000,0.200000,0.000000,0.000000,0.000000,0.000000,0.000000,0.000000
1778064035.316534,zero_not_calibrated,0,0,0,0.000000,0.000000,0.000000,0.000000,0.000000,0.000000,0.200000,0.000000,0.000000,0.000000,0.200000,0.000000,0.000000,0.000000,0.000000,0.000000,0.000000
1778064035.355590,zero_waiting,0,0,0,0.000000,0.000000,0.000000,0.000000,0.000000,0.000000,0.200000,0.000000,0.000000,0.000000,0.200000,0.000000,0.000000,0.000000,0.000000,0.000000,0.000000
1778064035.358540,zero_not_calibrated,0,0,0,0.000000,0.000000,0.000000,0.000000,0.000000,0.000000,0.200000,0.000000,0.000000,0.000000,0.200000,0.000000,0.000000,0.000000,0.000000,0.000000,0.000000
1778064035.395502,zero_not_calibrated,0,0,0,0.000000,0.000000,0.000000,0.000000,0.000000,0.000000,0.200000,0.000000,0.000000,0.000000,0.200000,0.000000,0.000000,0.000000,0.000000,0.000000,0.000000
1778064035.405668,zero_waiting,0,0,0,0.000000,0.000000,0.000000,0.000000,0.000000,0.000000,0.200000,0.000000,0.000000,0.000000,0.200000,0.000000,0.000000,0.000000,0.000000,0.000000,0.000000
1778064035.430538,zero_not_calibrated,0,0,0,0.000000,0.000000,0.000000,0.000000,0.000000,0.000000,0.200000,0.000000,0.000000,0.000000,0.200000,0.000000,0.000000,0.000000,0.000000,0.000000,0.000000
1778064035.455757,zero_waiting,0,0,0,0.000000,0.000000,0.000000,0.000000,0.000000,0.000000,0.200000,0.000000,0.000000,0.000000,0.200000,0.000000,0.000000,0.000000,0.000000,0.000000,0.000000
1778064035.471918,zero_not_calibrated,0,0,0,0.000000,0.000000,0.000000,0.000000,0.000000,0.000000,0.200000,0.000000,0.000000,0.000000,0.200000,0.000000,0.000000,0.000000,0.000000,0.000000,0.000000
1778064035.505628,zero_waiting,0,0,0,0.000000,0.000000,0.000000,0.000000,0.000000,0.000000,0.200000,0.000000,0.000000,0.000000,0.200000,0.000000,0.000000,0.000000,0.000000,0.000000,0.000000
1778064035.507961,zero_not_calibrated,0,0,0,0.000000,0.000000,0.000000,0.000000,0.000000,0.000000,0.200000,0.000000,0.000000,0.000000,0.200000,0.000000,0.000000,0.000000,0.000000,0.000000,0.000000
1778064035.546289,zero_not_calibrated,0,0,0,0.000000,0.000000,0.000000,0.000000,0.000000,0.000000,0.200000,0.000000,0.000000,0.000000,0.200000,0.000000,0.000000,0.000000,0.000000,0.000000,0.000000
1778064035.555835,zero_waiting,0,0,0,0.000000,0.000000,0.000000,0.000000,0.000000,0.000000,0.200000,0.000000,0.000000,0.000000,0.200000,0.000000,0.000000,0.000000,0.000000,0.000000,0.000000
1778064035.581461,zero_not_calibrated,0,0,0,0.000000,0.000000,0.000000,0.000000,0.000000,0.000000,0.200000,0.000000,0.000000,0.000000,0.200000,0.000000,0.000000,0.000000,0.000000,0.000000,0.000000
1778064035.605635,zero_waiting,0,0,0,0.000000,0.000000,0.000000,0.000000,0.000000,0.000000,0.200000,0.000000,0.000000,0.000000,0.200000,0.000000,0.000000,0.000000,0.000000,0.000000,0.000000
1778064035.616060,zero_not_calibrated,0,0,0,0.000000,0.000000,0.000000,0.000000,0.000000,0.000000,0.200000,0.000000,0.000000,0.000000,0.200000,0.000000,0.000000,0.000000,0.000000,0.000000,0.000000
1778064035.654112,zero_not_calibrated,0,0,0,0.000000,0.000000,0.000000,0.000000,0.000000,0.000000,0.200000,0.000000,0.000000,0.000000,0.200000,0.000000,0.000000,0.000000,0.000000,0.000000,0.000000
1778064035.655373,zero_waiting,0,0,0,0.000000,0.000000,0.000000,0.000000,0.000000,0.000000,0.200000,0.000000,0.000000,0.000000,0.200000,0.000000,0.000000,0.000000,0.000000,0.000000,0.000000
1778064035.688344,zero_not_calibrated,0,0,0,0.000000,0.000000,0.000000,0.000000,0.000000,0.000000,0.200000,0.000000,0.000000,0.000000,0.200000,0.000000,0.000000,0.000000,0.000000,0.000000,0.000000
1778064035.705559,zero_waiting,0,0,0,0.000000,0.000000,0.000000,0.000000,0.000000,0.000000,0.200000,0.000000,0.000000,0.000000,0.200000,0.000000,0.000000,0.000000,0.000000,0.000000,0.000000
1778064035.720350,zero_not_calibrated,0,0,0,0.000000,0.000000,0.000000,0.000000,0.000000,0.000000,0.200000,0.000000,0.000000,0.000000,0.200000,0.000000,0.000000,0.000000,0.000000,0.000000,0.000000
1778064035.753335,zero_not_calibrated,0,0,0,0.000000,0.000000,0.000000,0.000000,0.000000,0.000000,0.200000,0.000000,0.000000,0.000000,0.200000,0.000000,0.000000,0.000000,0.000000,0.000000,0.000000
1778064035.755376,zero_waiting,0,0,0,0.000000,0.000000,0.000000,0.000000,0.000000,0.000000,0.200000,0.000000,0.000000,0.000000,0.200000,0.000000,0.000000,0.000000,0.000000,0.000000,0.000000
1778064035.792583,zero_not_calibrated,0,0,0,0.000000,0.000000,0.000000,0.000000,0.000000,0.000000,0.200000,0.000000,0.000000,0.000000,0.200000,0.000000,0.000000,0.000000,0.000000,0.000000,0.000000
1778064035.805587,zero_waiting,0,0,0,0.000000,0.000000,0.000000,0.000000,0.000000,0.000000,0.200000,0.000000,0.000000,0.000000,0.200000,0.000000,0.000000,0.000000,0.000000,0.000000,0.000000
1778064035.837182,zero_not_calibrated,0,0,0,0.000000,0.000000,0.000000,0.000000,0.000000,0.000000,0.200000,0.000000,0.000000,0.000000,0.200000,0.000000,0.000000,0.000000,0.000000,0.000000,0.000000
1778064035.855533,zero_waiting,0,0,0,0.000000,0.000000,0.000000,0.000000,0.000000,0.000000,0.200000,0.000000,0.000000,0.000000,0.200000,0.000000,0.000000,0.000000,0.000000,0.000000,0.000000
1778064035.874890,zero_not_calibrated,0,0,0,0.000000,0.000000,0.000000,0.000000,0.000000,0.000000,0.200000,0.000000,0.000000,0.000000,0.200000,0.000000,0.000000,0.000000,0.000000,0.000000,0.000000
1778064035.905634,zero_waiting,0,0,0,0.000000,0.000000,0.000000,0.000000,0.000000,0.000000,0.200000,0.000000,0.000000,0.000000,0.200000,0.000000,0.000000,0.000000,0.000000,0.000000,0.000000
1778064035.916604,zero_not_calibrated,0,0,0,0.000000,0.000000,0.000000,0.000000,0.000000,0.000000,0.200000,0.000000,0.000000,0.000000,0.200000,0.000000,0.000000,0.000000,0.000000,0.000000,0.000000
1778064035.955851,zero_waiting,0,0,0,0.000000,0.000000,0.000000,0.000000,0.000000,0.000000,0.200000,0.000000,0.000000,0.000000,0.200000,0.000000,0.000000,0.000000,0.000000,0.000000,0.000000
1778064035.963324,zero_not_calibrated,0,0,0,0.000000,0.000000,0.000000,0.000000,0.000000,0.000000,0.200000,0.000000,0.000000,0.000000,0.200000,0.000000,0.000000,0.000000,0.000000,0.000000,0.000000
1778064035.999429,zero_not_calibrated,0,0,0,0.000000,0.000000,0.000000,0.000000,0.000000,0.000000,0.200000,0.000000,0.000000,0.000000,0.200000,0.000000,0.000000,0.000000,0.000000,0.000000,0.000000
1778064036.005746,zero_waiting,0,0,0,0.000000,0.000000,0.000000,0.000000,0.000000,0.000000,0.200000,0.000000,0.000000,0.000000,0.200000,0.000000,0.000000,0.000000,0.000000,0.000000,0.000000
1778064036.032394,zero_not_calibrated,0,0,0,0.000000,0.000000,0.000000,0.000000,0.000000,0.000000,0.200000,0.000000,0.000000,0.000000,0.200000,0.000000,0.000000,0.000000,0.000000,0.000000,0.000000
1778064036.055682,zero_waiting,0,0,0,0.000000,0.000000,0.000000,0.000000,0.000000,0.000000,0.200000,0.000000,0.000000,0.000000,0.200000,0.000000,0.000000,0.000000,0.000000,0.000000,0.000000
1778064036.067097,zero_not_calibrated,0,0,0,0.000000,0.000000,0.000000,0.000000,0.000000,0.000000,0.200000,0.000000,0.000000,0.000000,0.200000,0.000000,0.000000,0.000000,0.000000,0.000000,0.000000
1778064036.100510,zero_not_calibrated,0,0,0,0.000000,0.000000,0.000000,0.000000,0.000000,0.000000,0.200000,0.000000,0.000000,0.000000,0.200000,0.000000,0.000000,0.000000,0.000000,0.000000,0.000000
1778064036.107382,zero_waiting,0,0,0,0.000000,0.000000,0.000000,0.000000,0.000000,0.000000,0.200000,0.000000,0.000000,0.000000,0.200000,0.000000,0.000000,0.000000,0.000000,0.000000,0.000000
1778064036.134322,zero_not_calibrated,0,0,0,0.000000,0.000000,0.000000,0.000000,0.000000,0.000000,0.200000,0.000000,0.000000,0.000000,0.200000,0.000000,0.000000,0.000000,0.000000,0.000000,0.000000
1778064036.155627,zero_waiting,0,0,0,0.000000,0.000000,0.000000,0.000000,0.000000,0.000000,0.200000,0.000000,0.000000,0.000000,0.200000,0.000000,0.000000,0.000000,0.000000,0.000000,0.000000
1778064036.166326,zero_not_calibrated,0,0,0,0.000000,0.000000,0.000000,0.000000,0.000000,0.000000,0.200000,0.000000,0.000000,0.000000,0.200000,0.000000,0.000000,0.000000,0.000000,0.000000,0.000000
1778064036.205689,zero_waiting,0,0,0,0.000000,0.000000,0.000000,0.000000,0.000000,0.000000,0.200000,0.000000,0.000000,0.000000,0.200000,0.000000,0.000000,0.000000,0.000000,0.000000,0.000000
1778064036.208208,zero_not_calibrated,0,0,0,0.000000,0.000000,0.000000,0.000000,0.000000,0.000000,0.200000,0.000000,0.000000,0.000000,0.200000,0.000000,0.000000,0.000000,0.000000,0.000000,0.000000
1778064036.251940,zero_not_calibrated,0,0,0,0.000000,0.000000,0.000000,0.000000,0.000000,0.000000,0.200000,0.000000,0.000000,0.000000,0.200000,0.000000,0.000000,0.000000,0.000000,0.000000,0.000000
1778064036.255948,zero_waiting,0,0,0,0.000000,0.000000,0.000000,0.000000,0.000000,0.000000,0.200000,0.000000,0.000000,0.000000,0.200000,0.000000,0.000000,0.000000,0.000000,0.000000,0.000000
1778064036.291665,zero_not_calibrated,0,0,0,0.000000,0.000000,0.000000,0.000000,0.000000,0.000000,0.200000,0.000000,0.000000,0.000000,0.200000,0.000000,0.000000,0.000000,0.000000,0.000000,0.000000
1778064036.305752,zero_waiting,0,0,0,0.000000,0.000000,0.000000,0.000000,0.000000,0.000000,0.200000,0.000000,0.000000,0.000000,0.200000,0.000000,0.000000,0.000000,0.000000,0.000000,0.000000
1778064036.326414,zero_not_calibrated,0,0,0,0.000000,0.000000,0.000000,0.000000,0.000000,0.000000,0.200000,0.000000,0.000000,0.000000,0.200000,0.000000,0.000000,0.000000,0.000000,0.000000,0.000000
1778064036.355619,zero_waiting,0,0,0,0.000000,0.000000,0.000000,0.000000,0.000000,0.000000,0.200000,0.000000,0.000000,0.000000,0.200000,0.000000,0.000000,0.000000,0.000000,0.000000,0.000000
1778064036.359591,zero_not_calibrated,0,0,0,0.000000,0.000000,0.000000,0.000000,0.000000,0.000000,0.200000,0.000000,0.000000,0.000000,0.200000,0.000000,0.000000,0.000000,0.000000,0.000000,0.000000
1778064036.395412,zero_not_calibrated,0,0,0,0.000000,0.000000,0.000000,0.000000,0.000000,0.000000,0.200000,0.000000,0.000000,0.000000,0.200000,0.000000,0.000000,0.000000,0.000000,0.000000,0.000000
1778064036.405536,zero_waiting,0,0,0,0.000000,0.000000,0.000000,0.000000,0.000000,0.000000,0.200000,0.000000,0.000000,0.000000,0.200000,0.000000,0.000000,0.000000,0.000000,0.000000,0.000000
1778064036.430485,zero_not_calibrated,0,0,0,0.000000,0.000000,0.000000,0.000000,0.000000,0.000000,0.200000,0.000000,0.000000,0.000000,0.200000,0.000000,0.000000,0.000000,0.000000,0.000000,0.000000
1778064036.455801,zero_waiting,0,0,0,0.000000,0.000000,0.000000,0.000000,0.000000,0.000000,0.200000,0.000000,0.000000,0.000000,0.200000,0.000000,0.000000,0.000000,0.000000,0.000000,0.000000
1778064036.467417,zero_not_calibrated,0,0,0,0.000000,0.000000,0.000000,0.000000,0.000000,0.000000,0.200000,0.000000,0.000000,0.000000,0.200000,0.000000,0.000000,0.000000,0.000000,0.000000,0.000000
1778064036.503947,zero_not_calibrated,0,0,0,0.000000,0.000000,0.000000,0.000000,0.000000,0.000000,0.200000,0.000000,0.000000,0.000000,0.200000,0.000000,0.000000,0.000000,0.000000,0.000000,0.000000
1778064036.505472,zero_waiting,0,0,0,0.000000,0.000000,0.000000,0.000000,0.000000,0.000000,0.200000,0.000000,0.000000,0.000000,0.200000,0.000000,0.000000,0.000000,0.000000,0.000000,0.000000
1778064036.544164,zero_not_calibrated,0,0,0,0.000000,0.000000,0.000000,0.000000,0.000000,0.000000,0.200000,0.000000,0.000000,0.000000,0.200000,0.000000,0.000000,0.000000,0.000000,0.000000,0.000000
1778064036.555548,zero_waiting,0,0,0,0.000000,0.000000,0.000000,0.000000,0.000000,0.000000,0.200000,0.000000,0.000000,0.000000,0.200000,0.000000,0.000000,0.000000,0.000000,0.000000,0.000000
1778064036.585205,zero_not_calibrated,0,0,0,0.000000,0.000000,0.000000,0.000000,0.000000,0.000000,0.200000,0.000000,0.000000,0.000000,0.200000,0.000000,0.000000,0.000000,0.000000,0.000000,0.000000
1778064036.605801,zero_waiting,0,0,0,0.000000,0.000000,0.000000,0.000000,0.000000,0.000000,0.200000,0.000000,0.000000,0.000000,0.200000,0.000000,0.000000,0.000000,0.000000,0.000000,0.000000
1778064036.620565,zero_not_calibrated,0,0,0,0.000000,0.000000,0.000000,0.000000,0.000000,0.000000,0.200000,0.000000,0.000000,0.000000,0.200000,0.000000,0.000000,0.000000,0.000000,0.000000,0.000000
1778064036.655007,zero_not_calibrated,0,0,0,0.000000,0.000000,0.000000,0.000000,0.000000,0.000000,0.200000,0.000000,0.000000,0.000000,0.200000,0.000000,0.000000,0.000000,0.000000,0.000000,0.000000
1778064036.655950,zero_waiting,0,0,0,0.000000,0.000000,0.000000,0.000000,0.000000,0.000000,0.200000,0.000000,0.000000,0.000000,0.200000,0.000000,0.000000,0.000000,0.000000,0.000000,0.000000
1778064036.691159,zero_not_calibrated,0,0,0,0.000000,0.000000,0.000000,0.000000,0.000000,0.000000,0.200000,0.000000,0.000000,0.000000,0.200000,0.000000,0.000000,0.000000,0.000000,0.000000,0.000000
1778064036.705883,zero_waiting,0,0,0,0.000000,0.000000,0.000000,0.000000,0.000000,0.000000,0.200000,0.000000,0.000000,0.000000,0.200000,0.000000,0.000000,0.000000,0.000000,0.000000,0.000000
1778064036.730003,zero_not_calibrated,0,0,0,0.000000,0.000000,0.000000,0.000000,0.000000,0.000000,0.200000,0.000000,0.000000,0.000000,0.200000,0.000000,0.000000,0.000000,0.000000,0.000000,0.000000
1778064036.755770,zero_waiting,0,0,0,0.000000,0.000000,0.000000,0.000000,0.000000,0.000000,0.200000,0.000000,0.000000,0.000000,0.200000,0.000000,0.000000,0.000000,0.000000,0.000000,0.000000
1778064036.768059,zero_not_calibrated,0,0,0,0.000000,0.000000,0.000000,0.000000,0.000000,0.000000,0.200000,0.000000,0.000000,0.000000,0.200000,0.000000,0.000000,0.000000,0.000000,0.000000,0.000000
1778064036.805501,zero_waiting,0,0,0,0.000000,0.000000,0.000000,0.000000,0.000000,0.000000,0.200000,0.000000,0.000000,0.000000,0.200000,0.000000,0.000000,0.000000,0.000000,0.000000,0.000000
1778064036.814084,zero_not_calibrated,0,0,0,0.000000,0.000000,0.000000,0.000000,0.000000,0.000000,0.200000,0.000000,0.000000,0.000000,0.200000,0.000000,0.000000,0.000000,0.000000,0.000000,0.000000
1778064036.855503,zero_waiting,0,0,0,0.000000,0.000000,0.000000,0.000000,0.000000,0.000000,0.200000,0.000000,0.000000,0.000000,0.200000,0.000000,0.000000,0.000000,0.000000,0.000000,0.000000
1778064036.856073,zero_not_calibrated,0,0,0,0.000000,0.000000,0.000000,0.000000,0.000000,0.000000,0.200000,0.000000,0.000000,0.000000,0.200000,0.000000,0.000000,0.000000,0.000000,0.000000,0.000000
1778064036.888214,zero_not_calibrated,0,0,0,0.000000,0.000000,0.000000,0.000000,0.000000,0.000000,0.200000,0.000000,0.000000,0.000000,0.200000,0.000000,0.000000,0.000000,0.000000,0.000000,0.000000
1778064036.905947,zero_waiting,0,0,0,0.000000,0.000000,0.000000,0.000000,0.000000,0.000000,0.200000,0.000000,0.000000,0.000000,0.200000,0.000000,0.000000,0.000000,0.000000,0.000000,0.000000
1778064036.919048,zero_not_calibrated,0,0,0,0.000000,0.000000,0.000000,0.000000,0.000000,0.000000,0.200000,0.000000,0.000000,0.000000,0.200000,0.000000,0.000000,0.000000,0.000000,0.000000,0.000000
1778064036.956066,zero_waiting,0,0,0,0.000000,0.000000,0.000000,0.000000,0.000000,0.000000,0.200000,0.000000,0.000000,0.000000,0.200000,0.000000,0.000000,0.000000,0.000000,0.000000,0.000000
1778064036.958189,zero_not_calibrated,0,0,0,0.000000,0.000000,0.000000,0.000000,0.000000,0.000000,0.200000,0.000000,0.000000,0.000000,0.200000,0.000000,0.000000,0.000000,0.000000,0.000000,0.000000
1778064036.999858,zero_not_calibrated,0,0,0,0.000000,0.000000,0.000000,0.000000,0.000000,0.000000,0.200000,0.000000,0.000000,0.000000,0.200000,0.000000,0.000000,0.000000,0.000000,0.000000,0.000000
1778064037.005456,zero_waiting,0,0,0,0.000000,0.000000,0.000000,0.000000,0.000000,0.000000,0.200000,0.000000,0.000000,0.000000,0.200000,0.000000,0.000000,0.000000,0.000000,0.000000,0.000000
1778064037.035837,zero_not_calibrated,0,0,0,0.000000,0.000000,0.000000,0.000000,0.000000,0.000000,0.200000,0.000000,0.000000,0.000000,0.200000,0.000000,0.000000,0.000000,0.000000,0.000000,0.000000
1778064037.055580,zero_waiting,0,0,0,0.000000,0.000000,0.000000,0.000000,0.000000,0.000000,0.200000,0.000000,0.000000,0.000000,0.200000,0.000000,0.000000,0.000000,0.000000,0.000000,0.000000
1778064037.068865,zero_not_calibrated,0,0,0,0.000000,0.000000,0.000000,0.000000,0.000000,0.000000,0.200000,0.000000,0.000000,0.000000,0.200000,0.000000,0.000000,0.000000,0.000000,0.000000,0.000000
1778064037.105702,zero_waiting,0,0,0,0.000000,0.000000,0.000000,0.000000,0.000000,0.000000,0.200000,0.000000,0.000000,0.000000,0.200000,0.000000,0.000000,0.000000,0.000000,0.000000,0.000000
1778064037.112673,zero_not_calibrated,0,0,0,0.000000,0.000000,0.000000,0.000000,0.000000,0.000000,0.200000,0.000000,0.000000,0.000000,0.200000,0.000000,0.000000,0.000000,0.000000,0.000000,0.000000
1778064037.143779,zero_not_calibrated,0,0,0,0.000000,0.000000,0.000000,0.000000,0.000000,0.000000,0.200000,0.000000,0.000000,0.000000,0.200000,0.000000,0.000000,0.000000,0.000000,0.000000,0.000000
1778064037.155860,zero_waiting,0,0,0,0.000000,0.000000,0.000000,0.000000,0.000000,0.000000,0.200000,0.000000,0.000000,0.000000,0.200000,0.000000,0.000000,0.000000,0.000000,0.000000,0.000000
1778064037.179821,zero_not_calibrated,0,0,0,0.000000,0.000000,0.000000,0.000000,0.000000,0.000000,0.200000,0.000000,0.000000,0.000000,0.200000,0.000000,0.000000,0.000000,0.000000,0.000000,0.000000
1778064037.205612,zero_waiting,0,0,0,0.000000,0.000000,0.000000,0.000000,0.000000,0.000000,0.200000,0.000000,0.000000,0.000000,0.200000,0.000000,0.000000,0.000000,0.000000,0.000000,0.000000
1778064037.219913,zero_not_calibrated,0,0,0,0.000000,0.000000,0.000000,0.000000,0.000000,0.000000,0.200000,0.000000,0.000000,0.000000,0.200000,0.000000,0.000000,0.000000,0.000000,0.000000,0.000000
1778064037.255714,zero_waiting,0,0,0,0.000000,0.000000,0.000000,0.000000,0.000000,0.000000,0.200000,0.000000,0.000000,0.000000,0.200000,0.000000,0.000000,0.000000,0.000000,0.000000,0.000000
1778064037.263849,zero_not_calibrated,0,0,0,0.000000,0.000000,0.000000,0.000000,0.000000,0.000000,0.200000,0.000000,0.000000,0.000000,0.200000,0.000000,0.000000,0.000000,0.000000,0.000000,0.000000
1778064037.292344,zero_not_calibrated,0,0,0,0.000000,0.000000,0.000000,0.000000,0.000000,0.000000,0.200000,0.000000,0.000000,0.000000,0.200000,0.000000,0.000000,0.000000,0.000000,0.000000,0.000000
1778064037.305904,zero_waiting,0,0,0,0.000000,0.000000,0.000000,0.000000,0.000000,0.000000,0.200000,0.000000,0.000000,0.000000,0.200000,0.000000,0.000000,0.000000,0.000000,0.000000,0.000000
1778064037.320908,zero_not_calibrated,0,0,0,0.000000,0.000000,0.000000,0.000000,0.000000,0.000000,0.200000,0.000000,0.000000,0.000000,0.200000,0.000000,0.000000,0.000000,0.000000,0.000000,0.000000
1778064037.355585,zero_waiting,0,0,0,0.000000,0.000000,0.000000,0.000000,0.000000,0.000000,0.200000,0.000000,0.000000,0.000000,0.200000,0.000000,0.000000,0.000000,0.000000,0.000000,0.000000
1778064037.361215,zero_not_calibrated,0,0,0,0.000000,0.000000,0.000000,0.000000,0.000000,0.000000,0.200000,0.000000,0.000000,0.000000,0.200000,0.000000,0.000000,0.000000,0.000000,0.000000,0.000000
1778064037.398987,zero_not_calibrated,0,0,0,0.000000,0.000000,0.000000,0.000000,0.000000,0.000000,0.200000,0.000000,0.000000,0.000000,0.200000,0.000000,0.000000,0.000000,0.000000,0.000000,0.000000
1778064037.405486,zero_waiting,0,0,0,0.000000,0.000000,0.000000,0.000000,0.000000,0.000000,0.200000,0.000000,0.000000,0.000000,0.200000,0.000000,0.000000,0.000000,0.000000,0.000000,0.000000
1778064037.434245,zero_not_calibrated,0,0,0,0.000000,0.000000,0.000000,0.000000,0.000000,0.000000,0.200000,0.000000,0.000000,0.000000,0.200000,0.000000,0.000000,0.000000,0.000000,0.000000,0.000000
1778064037.455845,zero_waiting,0,0,0,0.000000,0.000000,0.000000,0.000000,0.000000,0.000000,0.200000,0.000000,0.000000,0.000000,0.200000,0.000000,0.000000,0.000000,0.000000,0.000000,0.000000
1778064037.471122,zero_not_calibrated,0,0,0,0.000000,0.000000,0.000000,0.000000,0.000000,0.000000,0.200000,0.000000,0.000000,0.000000,0.200000,0.000000,0.000000,0.000000,0.000000,0.000000,0.000000
1778064037.505399,zero_not_calibrated,0,0,0,0.000000,0.000000,0.000000,0.000000,0.000000,0.000000,0.200000,0.000000,0.000000,0.000000,0.200000,0.000000,0.000000,0.000000,0.000000,0.000000,0.000000
1778064037.505940,zero_waiting,0,0,0,0.000000,0.000000,0.000000,0.000000,0.000000,0.000000,0.200000,0.000000,0.000000,0.000000,0.200000,0.000000,0.000000,0.000000,0.000000,0.000000,0.000000
1778064037.545031,zero_not_calibrated,0,0,0,0.000000,0.000000,0.000000,0.000000,0.000000,0.000000,0.200000,0.000000,0.000000,0.000000,0.200000,0.000000,0.000000,0.000000,0.000000,0.000000,0.000000
1778064037.555591,zero_waiting,0,0,0,0.000000,0.000000,0.000000,0.000000,0.000000,0.000000,0.200000,0.000000,0.000000,0.000000,0.200000,0.000000,0.000000,0.000000,0.000000,0.000000,0.000000
1778064037.578822,zero_not_calibrated,0,0,0,0.000000,0.000000,0.000000,0.000000,0.000000,0.000000,0.200000,0.000000,0.000000,0.000000,0.200000,0.000000,0.000000,0.000000,0.000000,0.000000,0.000000
1778064037.607475,zero_waiting,0,0,0,0.000000,0.000000,0.000000,0.000000,0.000000,0.000000,0.200000,0.000000,0.000000,0.000000,0.200000,0.000000,0.000000,0.000000,0.000000,0.000000,0.000000
1778064037.614307,zero_not_calibrated,0,0,0,0.000000,0.000000,0.000000,0.000000,0.000000,0.000000,0.200000,0.000000,0.000000,0.000000,0.200000,0.000000,0.000000,0.000000,0.000000,0.000000,0.000000
1778064037.650645,zero_not_calibrated,0,0,0,0.000000,0.000000,0.000000,0.000000,0.000000,0.000000,0.200000,0.000000,0.000000,0.000000,0.200000,0.000000,0.000000,0.000000,0.000000,0.000000,0.000000
1778064037.655362,zero_waiting,0,0,0,0.000000,0.000000,0.000000,0.000000,0.000000,0.000000,0.200000,0.000000,0.000000,0.000000,0.200000,0.000000,0.000000,0.000000,0.000000,0.000000,0.000000
1778064037.679469,zero_not_calibrated,0,0,0,0.000000,0.000000,0.000000,0.000000,0.000000,0.000000,0.200000,0.000000,0.000000,0.000000,0.200000,0.000000,0.000000,0.000000,0.000000,0.000000,0.000000
1778064037.705534,zero_waiting,0,0,0,0.000000,0.000000,0.000000,0.000000,0.000000,0.000000,0.200000,0.000000,0.000000,0.000000,0.200000,0.000000,0.000000,0.000000,0.000000,0.000000,0.000000
1778064037.718073,zero_not_calibrated,0,0,0,0.000000,0.000000,0.000000,0.000000,0.000000,0.000000,0.200000,0.000000,0.000000,0.000000,0.200000,0.000000,0.000000,0.000000,0.000000,0.000000,0.000000
1778064037.750045,zero_not_calibrated,0,0,0,0.000000,0.000000,0.000000,0.000000,0.000000,0.000000,0.200000,0.000000,0.000000,0.000000,0.200000,0.000000,0.000000,0.000000,0.000000,0.000000,0.000000
1778064037.755469,zero_waiting,0,0,0,0.000000,0.000000,0.000000,0.000000,0.000000,0.000000,0.200000,0.000000,0.000000,0.000000,0.200000,0.000000,0.000000,0.000000,0.000000,0.000000,0.000000
1778064037.778917,zero_not_calibrated,0,0,0,0.000000,0.000000,0.000000,0.000000,0.000000,0.000000,0.200000,0.000000,0.000000,0.000000,0.200000,0.000000,0.000000,0.000000,0.000000,0.000000,0.000000
1778064037.805610,zero_waiting,0,0,0,0.000000,0.000000,0.000000,0.000000,0.000000,0.000000,0.200000,0.000000,0.000000,0.000000,0.200000,0.000000,0.000000,0.000000,0.000000,0.000000,0.000000
1778064037.807521,zero_not_calibrated,0,0,0,0.000000,0.000000,0.000000,0.000000,0.000000,0.000000,0.200000,0.000000,0.000000,0.000000,0.200000,0.000000,0.000000,0.000000,0.000000,0.000000,0.000000
1778064037.844782,zero_not_calibrated,0,0,0,0.000000,0.000000,0.000000,0.000000,0.000000,0.000000,0.200000,0.000000,0.000000,0.000000,0.200000,0.000000,0.000000,0.000000,0.000000,0.000000,0.000000
1778064037.855674,zero_waiting,0,0,0,0.000000,0.000000,0.000000,0.000000,0.000000,0.000000,0.200000,0.000000,0.000000,0.000000,0.200000,0.000000,0.000000,0.000000,0.000000,0.000000,0.000000
1778064037.879972,zero_not_calibrated,0,0,0,0.000000,0.000000,0.000000,0.000000,0.000000,0.000000,0.200000,0.000000,0.000000,0.000000,0.200000,0.000000,0.000000,0.000000,0.000000,0.000000,0.000000
1778064037.905524,zero_waiting,0,0,0,0.000000,0.000000,0.000000,0.000000,0.000000,0.000000,0.200000,0.000000,0.000000,0.000000,0.200000,0.000000,0.000000,0.000000,0.000000,0.000000,0.000000
1778064037.911082,zero_not_calibrated,0,0,0,0.000000,0.000000,0.000000,0.000000,0.000000,0.000000,0.200000,0.000000,0.000000,0.000000,0.200000,0.000000,0.000000,0.000000,0.000000,0.000000,0.000000
1778064037.940508,zero_not_calibrated,0,0,0,0.000000,0.000000,0.000000,0.000000,0.000000,0.000000,0.200000,0.000000,0.000000,0.000000,0.200000,0.000000,0.000000,0.000000,0.000000,0.000000,0.000000
1778064037.955798,zero_waiting,0,0,0,0.000000,0.000000,0.000000,0.000000,0.000000,0.000000,0.200000,0.000000,0.000000,0.000000,0.200000,0.000000,0.000000,0.000000,0.000000,0.000000,0.000000
1778064037.971900,zero_not_calibrated,0,0,0,0.000000,0.000000,0.000000,0.000000,0.000000,0.000000,0.200000,0.000000,0.000000,0.000000,0.200000,0.000000,0.000000,0.000000,0.000000,0.000000,0.000000
1778064038.002004,zero_not_calibrated,0,0,0,0.000000,0.000000,0.000000,0.000000,0.000000,0.000000,0.200000,0.000000,0.000000,0.000000,0.200000,0.000000,0.000000,0.000000,0.000000,0.000000,0.000000
1778064038.005340,zero_waiting,0,0,0,0.000000,0.000000,0.000000,0.000000,0.000000,0.000000,0.200000,0.000000,0.000000,0.000000,0.200000,0.000000,0.000000,0.000000,0.000000,0.000000,0.000000
1778064038.031241,zero_not_calibrated,0,0,0,0.000000,0.000000,0.000000,0.000000,0.000000,0.000000,0.200000,0.000000,0.000000,0.000000,0.200000,0.000000,0.000000,0.000000,0.000000,0.000000,0.000000
1778064038.055544,zero_waiting,0,0,0,0.000000,0.000000,0.000000,0.000000,0.000000,0.000000,0.200000,0.000000,0.000000,0.000000,0.200000,0.000000,0.000000,0.000000,0.000000,0.000000,0.000000
1778064038.059120,zero_not_calibrated,0,0,0,0.000000,0.000000,0.000000,0.000000,0.000000,0.000000,0.200000,0.000000,0.000000,0.000000,0.200000,0.000000,0.000000,0.000000,0.000000,0.000000,0.000000
1778064038.085108,zero_not_calibrated,0,0,0,0.000000,0.000000,0.000000,0.000000,0.000000,0.000000,0.200000,0.000000,0.000000,0.000000,0.200000,0.000000,0.000000,0.000000,0.000000,0.000000,0.000000
1778064038.105491,zero_waiting,0,0,0,0.000000,0.000000,0.000000,0.000000,0.000000,0.000000,0.200000,0.000000,0.000000,0.000000,0.200000,0.000000,0.000000,0.000000,0.000000,0.000000,0.000000
1778064038.115878,zero_not_calibrated,0,0,0,0.000000,0.000000,0.000000,0.000000,0.000000,0.000000,0.200000,0.000000,0.000000,0.000000,0.200000,0.000000,0.000000,0.000000,0.000000,0.000000,0.000000
1778064038.151290,zero_not_calibrated,0,0,0,0.000000,0.000000,0.000000,0.000000,0.000000,0.000000,0.200000,0.000000,0.000000,0.000000,0.200000,0.000000,0.000000,0.000000,0.000000,0.000000,0.000000
1778064038.155544,zero_waiting,0,0,0,0.000000,0.000000,0.000000,0.000000,0.000000,0.000000,0.200000,0.000000,0.000000,0.000000,0.200000,0.000000,0.000000,0.000000,0.000000,0.000000,0.000000
1778064038.189417,zero_not_calibrated,0,0,0,0.000000,0.000000,0.000000,0.000000,0.000000,0.000000,0.200000,0.000000,0.000000,0.000000,0.200000,0.000000,0.000000,0.000000,0.000000,0.000000,0.000000
1778064038.205620,zero_waiting,0,0,0,0.000000,0.000000,0.000000,0.000000,0.000000,0.000000,0.200000,0.000000,0.000000,0.000000,0.200000,0.000000,0.000000,0.000000,0.000000,0.000000,0.000000
1778064038.224788,zero_not_calibrated,0,0,0,0.000000,0.000000,0.000000,0.000000,0.000000,0.000000,0.200000,0.000000,0.000000,0.000000,0.200000,0.000000,0.000000,0.000000,0.000000,0.000000,0.000000
1778064038.255493,zero_waiting,0,0,0,0.000000,0.000000,0.000000,0.000000,0.000000,0.000000,0.200000,0.000000,0.000000,0.000000,0.200000,0.000000,0.000000,0.000000,0.000000,0.000000,0.000000
1778064038.259508,zero_not_calibrated,0,0,0,0.000000,0.000000,0.000000,0.000000,0.000000,0.000000,0.200000,0.000000,0.000000,0.000000,0.200000,0.000000,0.000000,0.000000,0.000000,0.000000,0.000000
1778064038.295291,zero_not_calibrated,0,0,0,0.000000,0.000000,0.000000,0.000000,0.000000,0.000000,0.200000,0.000000,0.000000,0.000000,0.200000,0.000000,0.000000,0.000000,0.000000,0.000000,0.000000
1778064038.305423,zero_waiting,0,0,0,0.000000,0.000000,0.000000,0.000000,0.000000,0.000000,0.200000,0.000000,0.000000,0.000000,0.200000,0.000000,0.000000,0.000000,0.000000,0.000000,0.000000
1778064038.324598,zero_not_calibrated,0,0,0,0.000000,0.000000,0.000000,0.000000,0.000000,0.000000,0.200000,0.000000,0.000000,0.000000,0.200000,0.000000,0.000000,0.000000,0.000000,0.000000,0.000000
1778064038.351960,zero_not_calibrated,0,0,0,0.000000,0.000000,0.000000,0.000000,0.000000,0.000000,0.200000,0.000000,0.000000,0.000000,0.200000,0.000000,0.000000,0.000000,0.000000,0.000000,0.000000
1778064038.355479,zero_waiting,0,0,0,0.000000,0.000000,0.000000,0.000000,0.000000,0.000000,0.200000,0.000000,0.000000,0.000000,0.200000,0.000000,0.000000,0.000000,0.000000,0.000000,0.000000
1778064038.387971,zero_not_calibrated,0,0,0,0.000000,0.000000,0.000000,0.000000,0.000000,0.000000,0.200000,0.000000,0.000000,0.000000,0.200000,0.000000,0.000000,0.000000,0.000000,0.000000,0.000000
1778064038.405835,zero_waiting,0,0,0,0.000000,0.000000,0.000000,0.000000,0.000000,0.000000,0.200000,0.000000,0.000000,0.000000,0.200000,0.000000,0.000000,0.000000,0.000000,0.000000,0.000000
1778064038.421372,zero_not_calibrated,0,0,0,0.000000,0.000000,0.000000,0.000000,0.000000,0.000000,0.200000,0.000000,0.000000,0.000000,0.200000,0.000000,0.000000,0.000000,0.000000,0.000000,0.000000
1778064038.453505,zero_not_calibrated,0,0,0,0.000000,0.000000,0.000000,0.000000,0.000000,0.000000,0.200000,0.000000,0.000000,0.000000,0.200000,0.000000,0.000000,0.000000,0.000000,0.000000,0.000000
1778064038.455355,zero_waiting,0,0,0,0.000000,0.000000,0.000000,0.000000,0.000000,0.000000,0.200000,0.000000,0.000000,0.000000,0.200000,0.000000,0.000000,0.000000,0.000000,0.000000,0.000000
1778064038.483347,zero_not_calibrated,0,0,0,0.000000,0.000000,0.000000,0.000000,0.000000,0.000000,0.200000,0.000000,0.000000,0.000000,0.200000,0.000000,0.000000,0.000000,0.000000,0.000000,0.000000
1778064038.505777,zero_waiting,0,0,0,0.000000,0.000000,0.000000,0.000000,0.000000,0.000000,0.200000,0.000000,0.000000,0.000000,0.200000,0.000000,0.000000,0.000000,0.000000,0.000000,0.000000
1778064038.519027,zero_not_calibrated,0,0,0,0.000000,0.000000,0.000000,0.000000,0.000000,0.000000,0.200000,0.000000,0.000000,0.000000,0.200000,0.000000,0.000000,0.000000,0.000000,0.000000,0.000000
1778064038.552605,zero_not_calibrated,0,0,0,0.000000,0.000000,0.000000,0.000000,0.000000,0.000000,0.200000,0.000000,0.000000,0.000000,0.200000,0.000000,0.000000,0.000000,0.000000,0.000000,0.000000
1778064038.555415,zero_waiting,0,0,0,0.000000,0.000000,0.000000,0.000000,0.000000,0.000000,0.200000,0.000000,0.000000,0.000000,0.200000,0.000000,0.000000,0.000000,0.000000,0.000000,0.000000
1778064038.583601,zero_not_calibrated,0,0,0,0.000000,0.000000,0.000000,0.000000,0.000000,0.000000,0.200000,0.000000,0.000000,0.000000,0.200000,0.000000,0.000000,0.000000,0.000000,0.000000,0.000000
1778064038.605469,zero_waiting,0,0,0,0.000000,0.000000,0.000000,0.000000,0.000000,0.000000,0.200000,0.000000,0.000000,0.000000,0.200000,0.000000,0.000000,0.000000,0.000000,0.000000,0.000000
1778064038.619519,zero_not_calibrated,0,0,0,0.000000,0.000000,0.000000,0.000000,0.000000,0.000000,0.200000,0.000000,0.000000,0.000000,0.200000,0.000000,0.000000,0.000000,0.000000,0.000000,0.000000
1778064038.652053,zero_not_calibrated,0,0,0,0.000000,0.000000,0.000000,0.000000,0.000000,0.000000,0.200000,0.000000,0.000000,0.000000,0.200000,0.000000,0.000000,0.000000,0.000000,0.000000,0.000000
1778064038.655462,zero_waiting,0,0,0,0.000000,0.000000,0.000000,0.000000,0.000000,0.000000,0.200000,0.000000,0.000000,0.000000,0.200000,0.000000,0.000000,0.000000,0.000000,0.000000,0.000000
1778064038.682057,zero_not_calibrated,0,0,0,0.000000,0.000000,0.000000,0.000000,0.000000,0.000000,0.200000,0.000000,0.000000,0.000000,0.200000,0.000000,0.000000,0.000000,0.000000,0.000000,0.000000
1778064038.705493,zero_waiting,0,0,0,0.000000,0.000000,0.000000,0.000000,0.000000,0.000000,0.200000,0.000000,0.000000,0.000000,0.200000,0.000000,0.000000,0.000000,0.000000,0.000000,0.000000
1778064038.715524,zero_not_calibrated,0,0,0,0.000000,0.000000,0.000000,0.000000,0.000000,0.000000,0.200000,0.000000,0.000000,0.000000,0.200000,0.000000,0.000000,0.000000,0.000000,0.000000,0.000000
1778064038.748654,zero_not_calibrated,0,0,0,0.000000,0.000000,0.000000,0.000000,0.000000,0.000000,0.200000,0.000000,0.000000,0.000000,0.200000,0.000000,0.000000,0.000000,0.000000,0.000000,0.000000
1778064038.757822,zero_waiting,0,0,0,0.000000,0.000000,0.000000,0.000000,0.000000,0.000000,0.200000,0.000000,0.000000,0.000000,0.200000,0.000000,0.000000,0.000000,0.000000,0.000000,0.000000
1778064038.783703,zero_not_calibrated,0,0,0,0.000000,0.000000,0.000000,0.000000,0.000000,0.000000,0.200000,0.000000,0.000000,0.000000,0.200000,0.000000,0.000000,0.000000,0.000000,0.000000,0.000000
1778064038.805653,zero_waiting,0,0,0,0.000000,0.000000,0.000000,0.000000,0.000000,0.000000,0.200000,0.000000,0.000000,0.000000,0.200000,0.000000,0.000000,0.000000,0.000000,0.000000,0.000000
1778064038.814316,zero_not_calibrated,0,0,0,0.000000,0.000000,0.000000,0.000000,0.000000,0.000000,0.200000,0.000000,0.000000,0.000000,0.200000,0.000000,0.000000,0.000000,0.000000,0.000000,0.000000
1778064038.850946,zero_not_calibrated,0,0,0,0.000000,0.000000,0.000000,0.000000,0.000000,0.000000,0.200000,0.000000,0.000000,0.000000,0.200000,0.000000,0.000000,0.000000,0.000000,0.000000,0.000000
1778064038.855430,zero_waiting,0,0,0,0.000000,0.000000,0.000000,0.000000,0.000000,0.000000,0.200000,0.000000,0.000000,0.000000,0.200000,0.000000,0.000000,0.000000,0.000000,0.000000,0.000000
1778064038.882329,zero_not_calibrated,0,0,0,0.000000,0.000000,0.000000,0.000000,0.000000,0.000000,0.200000,0.000000,0.000000,0.000000,0.200000,0.000000,0.000000,0.000000,0.000000,0.000000,0.000000
1778064038.905421,zero_waiting,0,0,0,0.000000,0.000000,0.000000,0.000000,0.000000,0.000000,0.200000,0.000000,0.000000,0.000000,0.200000,0.000000,0.000000,0.000000,0.000000,0.000000,0.000000
1778064038.913900,zero_not_calibrated,0,0,0,0.000000,0.000000,0.000000,0.000000,0.000000,0.000000,0.200000,0.000000,0.000000,0.000000,0.200000,0.000000,0.000000,0.000000,0.000000,0.000000,0.000000
1778064038.950214,zero_not_calibrated,0,0,0,0.000000,0.000000,0.000000,0.000000,0.000000,0.000000,0.200000,0.000000,0.000000,0.000000,0.200000,0.000000,0.000000,0.000000,0.000000,0.000000,0.000000
1778064038.955536,zero_waiting,0,0,0,0.000000,0.000000,0.000000,0.000000,0.000000,0.000000,0.200000,0.000000,0.000000,0.000000,0.200000,0.000000,0.000000,0.000000,0.000000,0.000000,0.000000
1778064038.989248,zero_not_calibrated,0,0,0,0.000000,0.000000,0.000000,0.000000,0.000000,0.000000,0.200000,0.000000,0.000000,0.000000,0.200000,0.000000,0.000000,0.000000,0.000000,0.000000,0.000000
1778064039.005764,zero_waiting,0,0,0,0.000000,0.000000,0.000000,0.000000,0.000000,0.000000,0.200000,0.000000,0.000000,0.000000,0.200000,0.000000,0.000000,0.000000,0.000000,0.000000,0.000000
1778064039.021558,zero_not_calibrated,0,0,0,0.000000,0.000000,0.000000,0.000000,0.000000,0.000000,0.200000,0.000000,0.000000,0.000000,0.200000,0.000000,0.000000,0.000000,0.000000,0.000000,0.000000
1778064039.052433,zero_not_calibrated,0,0,0,0.000000,0.000000,0.000000,0.000000,0.000000,0.000000,0.200000,0.000000,0.000000,0.000000,0.200000,0.000000,0.000000,0.000000,0.000000,0.000000,0.000000
1778064039.055333,zero_waiting,0,0,0,0.000000,0.000000,0.000000,0.000000,0.000000,0.000000,0.200000,0.000000,0.000000,0.000000,0.200000,0.000000,0.000000,0.000000,0.000000,0.000000,0.000000
1778064039.084776,zero_not_calibrated,0,0,0,0.000000,0.000000,0.000000,0.000000,0.000000,0.000000,0.200000,0.000000,0.000000,0.000000,0.200000,0.000000,0.000000,0.000000,0.000000,0.000000,0.000000
1778064039.107681,zero_waiting,0,0,0,0.000000,0.000000,0.000000,0.000000,0.000000,0.000000,0.200000,0.000000,0.000000,0.000000,0.200000,0.000000,0.000000,0.000000,0.000000,0.000000,0.000000
1778064039.118127,zero_not_calibrated,0,0,0,0.000000,0.000000,0.000000,0.000000,0.000000,0.000000,0.200000,0.000000,0.000000,0.000000,0.200000,0.000000,0.000000,0.000000,0.000000,0.000000,0.000000
1778064039.154909,zero_not_calibrated,0,0,0,0.000000,0.000000,0.000000,0.000000,0.000000,0.000000,0.200000,0.000000,0.000000,0.000000,0.200000,0.000000,0.000000,0.000000,0.000000,0.000000,0.000000
1778064039.155259,zero_waiting,0,0,0,0.000000,0.000000,0.000000,0.000000,0.000000,0.000000,0.200000,0.000000,0.000000,0.000000,0.200000,0.000000,0.000000,0.000000,0.000000,0.000000,0.000000
1778064039.185862,zero_not_calibrated,0,0,0,0.000000,0.000000,0.000000,0.000000,0.000000,0.000000,0.200000,0.000000,0.000000,0.000000,0.200000,0.000000,0.000000,0.000000,0.000000,0.000000,0.000000
1778064039.205875,zero_waiting,0,0,0,0.000000,0.000000,0.000000,0.000000,0.000000,0.000000,0.200000,0.000000,0.000000,0.000000,0.200000,0.000000,0.000000,0.000000,0.000000,0.000000,0.000000
1778064039.218125,zero_not_calibrated,0,0,0,0.000000,0.000000,0.000000,0.000000,0.000000,0.000000,0.200000,0.000000,0.000000,0.000000,0.200000,0.000000,0.000000,0.000000,0.000000,0.000000,0.000000
1778064039.252870,zero_not_calibrated,0,0,0,0.000000,0.000000,0.000000,0.000000,0.000000,0.000000,0.200000,0.000000,0.000000,0.000000,0.200000,0.000000,0.000000,0.000000,0.000000,0.000000,0.000000
1778064039.255334,zero_waiting,0,0,0,0.000000,0.000000,0.000000,0.000000,0.000000,0.000000,0.200000,0.000000,0.000000,0.000000,0.200000,0.000000,0.000000,0.000000,0.000000,0.000000,0.000000
1778064039.287138,zero_not_calibrated,0,0,0,0.000000,0.000000,0.000000,0.000000,0.000000,0.000000,0.200000,0.000000,0.000000,0.000000,0.200000,0.000000,0.000000,0.000000,0.000000,0.000000,0.000000
1778064039.305565,zero_waiting,0,0,0,0.000000,0.000000,0.000000,0.000000,0.000000,0.000000,0.200000,0.000000,0.000000,0.000000,0.200000,0.000000,0.000000,0.000000,0.000000,0.000000,0.000000
1778064039.321122,zero_not_calibrated,0,0,0,0.000000,0.000000,0.000000,0.000000,0.000000,0.000000,0.200000,0.000000,0.000000,0.000000,0.200000,0.000000,0.000000,0.000000,0.000000,0.000000,0.000000
1778064039.351736,zero_not_calibrated,0,0,0,0.000000,0.000000,0.000000,0.000000,0.000000,0.000000,0.200000,0.000000,0.000000,0.000000,0.200000,0.000000,0.000000,0.000000,0.000000,0.000000,0.000000
1778064039.355415,zero_waiting,0,0,0,0.000000,0.000000,0.000000,0.000000,0.000000,0.000000,0.200000,0.000000,0.000000,0.000000,0.200000,0.000000,0.000000,0.000000,0.000000,0.000000,0.000000
1778064039.385023,zero_not_calibrated,0,0,0,0.000000,0.000000,0.000000,0.000000,0.000000,0.000000,0.200000,0.000000,0.000000,0.000000,0.200000,0.000000,0.000000,0.000000,0.000000,0.000000,0.000000
1778064039.405491,zero_waiting,0,0,0,0.000000,0.000000,0.000000,0.000000,0.000000,0.000000,0.200000,0.000000,0.000000,0.000000,0.200000,0.000000,0.000000,0.000000,0.000000,0.000000,0.000000
1778064039.417573,zero_not_calibrated,0,0,0,0.000000,0.000000,0.000000,0.000000,0.000000,0.000000,0.200000,0.000000,0.000000,0.000000,0.200000,0.000000,0.000000,0.000000,0.000000,0.000000,0.000000
1778064039.452624,zero_not_calibrated,0,0,0,0.000000,0.000000,0.000000,0.000000,0.000000,0.000000,0.200000,0.000000,0.000000,0.000000,0.200000,0.000000,0.000000,0.000000,0.000000,0.000000,0.000000
1778064039.455461,zero_waiting,0,0,0,0.000000,0.000000,0.000000,0.000000,0.000000,0.000000,0.200000,0.000000,0.000000,0.000000,0.200000,0.000000,0.000000,0.000000,0.000000,0.000000,0.000000
1778064039.486938,zero_not_calibrated,0,0,0,0.000000,0.000000,0.000000,0.000000,0.000000,0.000000,0.200000,0.000000,0.000000,0.000000,0.200000,0.000000,0.000000,0.000000,0.000000,0.000000,0.000000
1778064039.505525,zero_waiting,0,0,0,0.000000,0.000000,0.000000,0.000000,0.000000,0.000000,0.200000,0.000000,0.000000,0.000000,0.200000,0.000000,0.000000,0.000000,0.000000,0.000000,0.000000
1778064039.515270,zero_not_calibrated,0,0,0,0.000000,0.000000,0.000000,0.000000,0.000000,0.000000,0.200000,0.000000,0.000000,0.000000,0.200000,0.000000,0.000000,0.000000,0.000000,0.000000,0.000000
1778064039.548206,zero_not_calibrated,0,0,0,0.000000,0.000000,0.000000,0.000000,0.000000,0.000000,0.200000,0.000000,0.000000,0.000000,0.200000,0.000000,0.000000,0.000000,0.000000,0.000000,0.000000
1778064039.555483,zero_waiting,0,0,0,0.000000,0.000000,0.000000,0.000000,0.000000,0.000000,0.200000,0.000000,0.000000,0.000000,0.200000,0.000000,0.000000,0.000000,0.000000,0.000000,0.000000
1778064039.582561,zero_not_calibrated,0,0,0,0.000000,0.000000,0.000000,0.000000,0.000000,0.000000,0.200000,0.000000,0.000000,0.000000,0.200000,0.000000,0.000000,0.000000,0.000000,0.000000,0.000000
1778064039.605774,zero_waiting,0,0,0,0.000000,0.000000,0.000000,0.000000,0.000000,0.000000,0.200000,0.000000,0.000000,0.000000,0.200000,0.000000,0.000000,0.000000,0.000000,0.000000,0.000000
1778064039.618839,zero_not_calibrated,0,0,0,0.000000,0.000000,0.000000,0.000000,0.000000,0.000000,0.200000,0.000000,0.000000,0.000000,0.200000,0.000000,0.000000,0.000000,0.000000,0.000000,0.000000
1778064039.647861,zero_not_calibrated,0,0,0,0.000000,0.000000,0.000000,0.000000,0.000000,0.000000,0.200000,0.000000,0.000000,0.000000,0.200000,0.000000,0.000000,0.000000,0.000000,0.000000,0.000000
1778064039.655534,zero_waiting,0,0,0,0.000000,0.000000,0.000000,0.000000,0.000000,0.000000,0.200000,0.000000,0.000000,0.000000,0.200000,0.000000,0.000000,0.000000,0.000000,0.000000,0.000000
1778064039.683115,zero_not_calibrated,0,0,0,0.000000,0.000000,0.000000,0.000000,0.000000,0.000000,0.200000,0.000000,0.000000,0.000000,0.200000,0.000000,0.000000,0.000000,0.000000,0.000000,0.000000
1778064039.705566,zero_waiting,0,0,0,0.000000,0.000000,0.000000,0.000000,0.000000,0.000000,0.200000,0.000000,0.000000,0.000000,0.200000,0.000000,0.000000,0.000000,0.000000,0.000000,0.000000
1778064039.716278,zero_not_calibrated,0,0,0,0.000000,0.000000,0.000000,0.000000,0.000000,0.000000,0.200000,0.000000,0.000000,0.000000,0.200000,0.000000,0.000000,0.000000,0.000000,0.000000,0.000000
1778064039.755414,zero_not_calibrated,0,0,0,0.000000,0.000000,0.000000,0.000000,0.000000,0.000000,0.200000,0.000000,0.000000,0.000000,0.200000,0.000000,0.000000,0.000000,0.000000,0.000000,0.000000
1778064039.755765,zero_waiting,0,0,0,0.000000,0.000000,0.000000,0.000000,0.000000,0.000000,0.200000,0.000000,0.000000,0.000000,0.200000,0.000000,0.000000,0.000000,0.000000,0.000000,0.000000
1778064039.781778,zero_not_calibrated,0,0,0,0.000000,0.000000,0.000000,0.000000,0.000000,0.000000,0.200000,0.000000,0.000000,0.000000,0.200000,0.000000,0.000000,0.000000,0.000000,0.000000,0.000000
1778064039.805560,zero_waiting,0,0,0,0.000000,0.000000,0.000000,0.000000,0.000000,0.000000,0.200000,0.000000,0.000000,0.000000,0.200000,0.000000,0.000000,0.000000,0.000000,0.000000,0.000000
1778064039.816947,zero_not_calibrated,0,0,0,0.000000,0.000000,0.000000,0.000000,0.000000,0.000000,0.200000,0.000000,0.000000,0.000000,0.200000,0.000000,0.000000,0.000000,0.000000,0.000000,0.000000
1778064039.851871,zero_not_calibrated,0,0,0,0.000000,0.000000,0.000000,0.000000,0.000000,0.000000,0.200000,0.000000,0.000000,0.000000,0.200000,0.000000,0.000000,0.000000,0.000000,0.000000,0.000000
1778064039.855324,zero_waiting,0,0,0,0.000000,0.000000,0.000000,0.000000,0.000000,0.000000,0.200000,0.000000,0.000000,0.000000,0.200000,0.000000,0.000000,0.000000,0.000000,0.000000,0.000000
1778064039.891780,zero_not_calibrated,0,0,0,0.000000,0.000000,0.000000,0.000000,0.000000,0.000000,0.200000,0.000000,0.000000,0.000000,0.200000,0.000000,0.000000,0.000000,0.000000,0.000000,0.000000
1778064039.905942,zero_waiting,0,0,0,0.000000,0.000000,0.000000,0.000000,0.000000,0.000000,0.200000,0.000000,0.000000,0.000000,0.200000,0.000000,0.000000,0.000000,0.000000,0.000000,0.000000
1778064039.923194,zero_not_calibrated,0,0,0,0.000000,0.000000,0.000000,0.000000,0.000000,0.000000,0.200000,0.000000,0.000000,0.000000,0.200000,0.000000,0.000000,0.000000,0.000000,0.000000,0.000000
1778064039.950208,zero_not_calibrated,0,0,0,0.000000,0.000000,0.000000,0.000000,0.000000,0.000000,0.200000,0.000000,0.000000,0.000000,0.200000,0.000000,0.000000,0.000000,0.000000,0.000000,0.000000
1778064039.955413,zero_waiting,0,0,0,0.000000,0.000000,0.000000,0.000000,0.000000,0.000000,0.200000,0.000000,0.000000,0.000000,0.200000,0.000000,0.000000,0.000000,0.000000,0.000000,0.000000
1778064039.983424,zero_not_calibrated,0,0,0,0.000000,0.000000,0.000000,0.000000,0.000000,0.000000,0.200000,0.000000,0.000000,0.000000,0.200000,0.000000,0.000000,0.000000,0.000000,0.000000,0.000000
1778064040.006456,zero_waiting,0,0,0,0.000000,0.000000,0.000000,0.000000,0.000000,0.000000,0.200000,0.000000,0.000000,0.000000,0.200000,0.000000,0.000000,0.000000,0.000000,0.000000,0.000000
1778064040.023490,zero_not_calibrated,0,0,0,0.000000,0.000000,0.000000,0.000000,0.000000,0.000000,0.200000,0.000000,0.000000,0.000000,0.200000,0.000000,0.000000,0.000000,0.000000,0.000000,0.000000
1778064040.054471,zero_not_calibrated,0,0,0,0.000000,0.000000,0.000000,0.000000,0.000000,0.000000,0.200000,0.000000,0.000000,0.000000,0.200000,0.000000,0.000000,0.000000,0.000000,0.000000,0.000000
1778064040.055245,zero_waiting,0,0,0,0.000000,0.000000,0.000000,0.000000,0.000000,0.000000,0.200000,0.000000,0.000000,0.000000,0.200000,0.000000,0.000000,0.000000,0.000000,0.000000,0.000000
1778064040.086416,zero_not_calibrated,0,0,0,0.000000,0.000000,0.000000,0.000000,0.000000,0.000000,0.200000,0.000000,0.000000,0.000000,0.200000,0.000000,0.000000,0.000000,0.000000,0.000000,0.000000
1778064040.105544,zero_waiting,0,0,0,0.000000,0.000000,0.000000,0.000000,0.000000,0.000000,0.200000,0.000000,0.000000,0.000000,0.200000,0.000000,0.000000,0.000000,0.000000,0.000000,0.000000
1778064040.122329,zero_not_calibrated,0,0,0,0.000000,0.000000,0.000000,0.000000,0.000000,0.000000,0.200000,0.000000,0.000000,0.000000,0.200000,0.000000,0.000000,0.000000,0.000000,0.000000,0.000000
1778064040.151112,zero_not_calibrated,0,0,0,0.000000,0.000000,0.000000,0.000000,0.000000,0.000000,0.200000,0.000000,0.000000,0.000000,0.200000,0.000000,0.000000,0.000000,0.000000,0.000000,0.000000
1778064040.155315,zero_waiting,0,0,0,0.000000,0.000000,0.000000,0.000000,0.000000,0.000000,0.200000,0.000000,0.000000,0.000000,0.200000,0.000000,0.000000,0.000000,0.000000,0.000000,0.000000
1778064040.183461,zero_not_calibrated,0,0,0,0.000000,0.000000,0.000000,0.000000,0.000000,0.000000,0.200000,0.000000,0.000000,0.000000,0.200000,0.000000,0.000000,0.000000,0.000000,0.000000,0.000000
1778064040.205642,zero_waiting,0,0,0,0.000000,0.000000,0.000000,0.000000,0.000000,0.000000,0.200000,0.000000,0.000000,0.000000,0.200000,0.000000,0.000000,0.000000,0.000000,0.000000,0.000000
1778064040.217167,zero_not_calibrated,0,0,0,0.000000,0.000000,0.000000,0.000000,0.000000,0.000000,0.200000,0.000000,0.000000,0.000000,0.200000,0.000000,0.000000,0.000000,0.000000,0.000000,0.000000
1778064040.255392,zero_waiting,0,0,0,0.000000,0.000000,0.000000,0.000000,0.000000,0.000000,0.200000,0.000000,0.000000,0.000000,0.200000,0.000000,0.000000,0.000000,0.000000,0.000000,0.000000
1778064040.305594,zero_waiting,0,0,0,0.000000,0.000000,0.000000,0.000000,0.000000,0.000000,0.200000,0.000000,0.000000,0.000000,0.200000,0.000000,0.000000,0.000000,0.000000,0.000000,0.000000
1778064040.355952,zero_waiting,0,0,0,0.000000,0.000000,0.000000,0.000000,0.000000,0.000000,0.200000,0.000000,0.000000,0.000000,0.200000,0.000000,0.000000,0.000000,0.000000,0.000000,0.000000
1778064040.405699,zero_waiting,0,0,0,0.000000,0.000000,0.000000,0.000000,0.000000,0.000000,0.200000,0.000000,0.000000,0.000000,0.200000,0.000000,0.000000,0.000000,0.000000,0.000000,0.000000
1778064040.455493,zero_waiting,0,0,0,0.000000,0.000000,0.000000,0.000000,0.000000,0.000000,0.200000,0.000000,0.000000,0.000000,0.200000,0.000000,0.000000,0.000000,0.000000,0.000000,0.000000
1778064040.505603,zero_waiting,0,0,0,0.000000,0.000000,0.000000,0.000000,0.000000,0.000000,0.200000,0.000000,0.000000,0.000000,0.200000,0.000000,0.000000,0.000000,0.000000,0.000000,0.000000
1778064040.555439,zero_waiting,0,0,0,0.000000,0.000000,0.000000,0.000000,0.000000,0.000000,0.200000,0.000000,0.000000,0.000000,0.200000,0.000000,0.000000,0.000000,0.000000,0.000000,0.000000
1778064040.605705,zero_waiting,0,0,0,0.000000,0.000000,0.000000,0.000000,0.000000,0.000000,0.200000,0.000000,0.000000,0.000000,0.200000,0.000000,0.000000,0.000000,0.000000,0.000000,0.000000
1778064040.655371,zero_waiting,0,0,0,0.000000,0.000000,0.000000,0.000000,0.000000,0.000000,0.200000,0.000000,0.000000,0.000000,0.200000,0.000000,0.000000,0.000000,0.000000,0.000000,0.000000
1778064040.706932,zero_waiting,0,0,0,0.000000,0.000000,0.000000,0.000000,0.000000,0.000000,0.200000,0.000000,0.000000,0.000000,0.200000,0.000000,0.000000,0.000000,0.000000,0.000000,0.000000
1778064040.755447,zero_waiting,0,0,0,0.000000,0.000000,0.000000,0.000000,0.000000,0.000000,0.200000,0.000000,0.000000,0.000000,0.200000,0.000000,0.000000,0.000000,0.000000,0.000000,0.000000
1778064040.805820,zero_waiting,0,0,0,0.000000,0.000000,0.000000,0.000000,0.000000,0.000000,0.200000,0.000000,0.000000,0.000000,0.200000,0.000000,0.000000,0.000000,0.000000,0.000000,0.000000
1778064040.855386,zero_waiting,0,0,0,0.000000,0.000000,0.000000,0.000000,0.000000,0.000000,0.200000,0.000000,0.000000,0.000000,0.200000,0.000000,0.000000,0.000000,0.000000,0.000000,0.000000
1778064040.886960,zero_not_calibrated,0,0,0,0.000000,0.000000,0.000000,0.000000,0.000000,0.000000,0.200000,0.000000,0.000000,0.000000,0.200000,0.000000,0.000000,0.000000,0.000000,0.000000,0.000000
1778064040.905529,zero_waiting,0,0,0,0.000000,0.000000,0.000000,0.000000,0.000000,0.000000,0.200000,0.000000,0.000000,0.000000,0.200000,0.000000,0.000000,0.000000,0.000000,0.000000,0.000000
1778064040.922287,zero_not_calibrated,0,0,0,0.000000,0.000000,0.000000,0.000000,0.000000,0.000000,0.200000,0.000000,0.000000,0.000000,0.200000,0.000000,0.000000,0.000000,0.000000,0.000000,0.000000
1778064040.951829,zero_not_calibrated,0,0,0,0.000000,0.000000,0.000000,0.000000,0.000000,0.000000,0.200000,0.000000,0.000000,0.000000,0.200000,0.000000,0.000000,0.000000,0.000000,0.000000,0.000000
1778064040.955423,zero_waiting,0,0,0,0.000000,0.000000,0.000000,0.000000,0.000000,0.000000,0.200000,0.000000,0.000000,0.000000,0.200000,0.000000,0.000000,0.000000,0.000000,0.000000,0.000000
1778064040.986023,zero_not_calibrated,0,0,0,0.000000,0.000000,0.000000,0.000000,0.000000,0.000000,0.200000,0.000000,0.000000,0.000000,0.200000,0.000000,0.000000,0.000000,0.000000,0.000000,0.000000
1778064041.005578,zero_waiting,0,0,0,0.000000,0.000000,0.000000,0.000000,0.000000,0.000000,0.200000,0.000000,0.000000,0.000000,0.200000,0.000000,0.000000,0.000000,0.000000,0.000000,0.000000
1778064041.018412,zero_not_calibrated,0,0,0,0.000000,0.000000,0.000000,0.000000,0.000000,0.000000,0.200000,0.000000,0.000000,0.000000,0.200000,0.000000,0.000000,0.000000,0.000000,0.000000,0.000000
1778064041.053177,zero_not_calibrated,0,0,0,0.000000,0.000000,0.000000,0.000000,0.000000,0.000000,0.200000,0.000000,0.000000,0.000000,0.200000,0.000000,0.000000,0.000000,0.000000,0.000000,0.000000
1778064041.055347,zero_waiting,0,0,0,0.000000,0.000000,0.000000,0.000000,0.000000,0.000000,0.200000,0.000000,0.000000,0.000000,0.200000,0.000000,0.000000,0.000000,0.000000,0.000000,0.000000
1778064041.085340,zero_not_calibrated,0,0,0,0.000000,0.000000,0.000000,0.000000,0.000000,0.000000,0.200000,0.000000,0.000000,0.000000,0.200000,0.000000,0.000000,0.000000,0.000000,0.000000,0.000000
1778064041.105475,zero_waiting,0,0,0,0.000000,0.000000,0.000000,0.000000,0.000000,0.000000,0.200000,0.000000,0.000000,0.000000,0.200000,0.000000,0.000000,0.000000,0.000000,0.000000,0.000000
1778064041.122638,zero_not_calibrated,0,0,0,0.000000,0.000000,0.000000,0.000000,0.000000,0.000000,0.200000,0.000000,0.000000,0.000000,0.200000,0.000000,0.000000,0.000000,0.000000,0.000000,0.000000
1778064041.146848,zero_not_calibrated,0,0,0,0.000000,0.000000,0.000000,0.000000,0.000000,0.000000,0.200000,0.000000,0.000000,0.000000,0.200000,0.000000,0.000000,0.000000,0.000000,0.000000,0.000000
1778064041.155397,zero_waiting,0,0,0,0.000000,0.000000,0.000000,0.000000,0.000000,0.000000,0.200000,0.000000,0.000000,0.000000,0.200000,0.000000,0.000000,0.000000,0.000000,0.000000,0.000000
1778064041.194973,zero_not_calibrated,0,0,0,0.000000,0.000000,0.000000,0.000000,0.000000,0.000000,0.200000,0.000000,0.000000,0.000000,0.200000,0.000000,0.000000,0.000000,0.000000,0.000000,0.000000
1778064041.205490,zero_waiting,0,0,0,0.000000,0.000000,0.000000,0.000000,0.000000,0.000000,0.200000,0.000000,0.000000,0.000000,0.200000,0.000000,0.000000,0.000000,0.000000,0.000000,0.000000
1778064041.227789,zero_not_calibrated,0,0,0,0.000000,0.000000,0.000000,0.000000,0.000000,0.000000,0.200000,0.000000,0.000000,0.000000,0.200000,0.000000,0.000000,0.000000,0.000000,0.000000,0.000000
1778064041.252711,zero_not_calibrated,0,0,0,0.000000,0.000000,0.000000,0.000000,0.000000,0.000000,0.200000,0.000000,0.000000,0.000000,0.200000,0.000000,0.000000,0.000000,0.000000,0.000000,0.000000
1778064041.255383,zero_waiting,0,0,0,0.000000,0.000000,0.000000,0.000000,0.000000,0.000000,0.200000,0.000000,0.000000,0.000000,0.200000,0.000000,0.000000,0.000000,0.000000,0.000000,0.000000
1778064041.305494,zero_waiting,0,0,0,0.000000,0.000000,0.000000,0.000000,0.000000,0.000000,0.200000,0.000000,0.000000,0.000000,0.200000,0.000000,0.000000,0.000000,0.000000,0.000000,0.000000
1778064041.355527,zero_waiting,0,0,0,0.000000,0.000000,0.000000,0.000000,0.000000,0.000000,0.200000,0.000000,0.000000,0.000000,0.200000,0.000000,0.000000,0.000000,0.000000,0.000000,0.000000
1778064041.405538,zero_waiting,0,0,0,0.000000,0.000000,0.000000,0.000000,0.000000,0.000000,0.200000,0.000000,0.000000,0.000000,0.200000,0.000000,0.000000,0.000000,0.000000,0.000000,0.000000
1778064041.455418,zero_waiting,0,0,0,0.000000,0.000000,0.000000,0.000000,0.000000,0.000000,0.200000,0.000000,0.000000,0.000000,0.200000,0.000000,0.000000,0.000000,0.000000,0.000000,0.000000
1778064041.505533,zero_waiting,0,0,0,0.000000,0.000000,0.000000,0.000000,0.000000,0.000000,0.200000,0.000000,0.000000,0.000000,0.200000,0.000000,0.000000,0.000000,0.000000,0.000000,0.000000
1778064041.555554,zero_waiting,0,0,0,0.000000,0.000000,0.000000,0.000000,0.000000,0.000000,0.200000,0.000000,0.000000,0.000000,0.200000,0.000000,0.000000,0.000000,0.000000,0.000000,0.000000
1778064041.605950,zero_waiting,0,0,0,0.000000,0.000000,0.000000,0.000000,0.000000,0.000000,0.200000,0.000000,0.000000,0.000000,0.200000,0.000000,0.000000,0.000000,0.000000,0.000000,0.000000
1778064041.655358,zero_waiting,0,0,0,0.000000,0.000000,0.000000,0.000000,0.000000,0.000000,0.200000,0.000000,0.000000,0.000000,0.200000,0.000000,0.000000,0.000000,0.000000,0.000000,0.000000
1778064041.705592,zero_waiting,0,0,0,0.000000,0.000000,0.000000,0.000000,0.000000,0.000000,0.200000,0.000000,0.000000,0.000000,0.200000,0.000000,0.000000,0.000000,0.000000,0.000000,0.000000
1778064041.755395,zero_waiting,0,0,0,0.000000,0.000000,0.000000,0.000000,0.000000,0.000000,0.200000,0.000000,0.000000,0.000000,0.200000,0.000000,0.000000,0.000000,0.000000,0.000000,0.000000
1778064041.806161,zero_waiting,0,0,0,0.000000,0.000000,0.000000,0.000000,0.000000,0.000000,0.200000,0.000000,0.000000,0.000000,0.200000,0.000000,0.000000,0.000000,0.000000,0.000000,0.000000
1778064041.855368,zero_waiting,0,0,0,0.000000,0.000000,0.000000,0.000000,0.000000,0.000000,0.200000,0.000000,0.000000,0.000000,0.200000,0.000000,0.000000,0.000000,0.000000,0.000000,0.000000
1778064041.905560,zero_waiting,0,0,0,0.000000,0.000000,0.000000,0.000000,0.000000,0.000000,0.200000,0.000000,0.000000,0.000000,0.200000,0.000000,0.000000,0.000000,0.000000,0.000000,0.000000
1778064041.955585,zero_waiting,0,0,0,0.000000,0.000000,0.000000,0.000000,0.000000,0.000000,0.200000,0.000000,0.000000,0.000000,0.200000,0.000000,0.000000,0.000000,0.000000,0.000000,0.000000
1778064042.005547,zero_waiting,0,0,0,0.000000,0.000000,0.000000,0.000000,0.000000,0.000000,0.200000,0.000000,0.000000,0.000000,0.200000,0.000000,0.000000,0.000000,0.000000,0.000000,0.000000
1778064042.055681,zero_waiting,0,0,0,0.000000,0.000000,0.000000,0.000000,0.000000,0.000000,0.200000,0.000000,0.000000,0.000000,0.200000,0.000000,0.000000,0.000000,0.000000,0.000000,0.000000
1778064042.105798,zero_waiting,0,0,0,0.000000,0.000000,0.000000,0.000000,0.000000,0.000000,0.200000,0.000000,0.000000,0.000000,0.200000,0.000000,0.000000,0.000000,0.000000,0.000000,0.000000
1778064042.155599,zero_waiting,0,0,0,0.000000,0.000000,0.000000,0.000000,0.000000,0.000000,0.200000,0.000000,0.000000,0.000000,0.200000,0.000000,0.000000,0.000000,0.000000,0.000000,0.000000
1778064042.205666,zero_waiting,0,0,0,0.000000,0.000000,0.000000,0.000000,0.000000,0.000000,0.200000,0.000000,0.000000,0.000000,0.200000,0.000000,0.000000,0.000000,0.000000,0.000000,0.000000
1778064042.255333,zero_waiting,0,0,0,0.000000,0.000000,0.000000,0.000000,0.000000,0.000000,0.200000,0.000000,0.000000,0.000000,0.200000,0.000000,0.000000,0.000000,0.000000,0.000000,0.000000
1778064042.306415,zero_waiting,0,0,0,0.000000,0.000000,0.000000,0.000000,0.000000,0.000000,0.200000,0.000000,0.000000,0.000000,0.200000,0.000000,0.000000,0.000000,0.000000,0.000000,0.000000
1778064042.355551,zero_waiting,0,0,0,0.000000,0.000000,0.000000,0.000000,0.000000,0.000000,0.200000,0.000000,0.000000,0.000000,0.200000,0.000000,0.000000,0.000000,0.000000,0.000000,0.000000
1778064042.405766,zero_waiting,0,0,0,0.000000,0.000000,0.000000,0.000000,0.000000,0.000000,0.200000,0.000000,0.000000,0.000000,0.200000,0.000000,0.000000,0.000000,0.000000,0.000000,0.000000
1778064042.455444,zero_waiting,0,0,0,0.000000,0.000000,0.000000,0.000000,0.000000,0.000000,0.200000,0.000000,0.000000,0.000000,0.200000,0.000000,0.000000,0.000000,0.000000,0.000000,0.000000
1778064042.505510,zero_waiting,0,0,0,0.000000,0.000000,0.000000,0.000000,0.000000,0.000000,0.200000,0.000000,0.000000,0.000000,0.200000,0.000000,0.000000,0.000000,0.000000,0.000000,0.000000
1778064042.555337,zero_waiting,0,0,0,0.000000,0.000000,0.000000,0.000000,0.000000,0.000000,0.200000,0.000000,0.000000,0.000000,0.200000,0.000000,0.000000,0.000000,0.000000,0.000000,0.000000
1778064042.605491,zero_waiting,0,0,0,0.000000,0.000000,0.000000,0.000000,0.000000,0.000000,0.200000,0.000000,0.000000,0.000000,0.200000,0.000000,0.000000,0.000000,0.000000,0.000000,0.000000
1778064042.655513,zero_waiting,0,0,0,0.000000,0.000000,0.000000,0.000000,0.000000,0.000000,0.200000,0.000000,0.000000,0.000000,0.200000,0.000000,0.000000,0.000000,0.000000,0.000000,0.000000
1778064042.705564,zero_waiting,0,0,0,0.000000,0.000000,0.000000,0.000000,0.000000,0.000000,0.200000,0.000000,0.000000,0.000000,0.200000,0.000000,0.000000,0.000000,0.000000,0.000000,0.000000
1778064042.756886,zero_waiting,0,0,0,0.000000,0.000000,0.000000,0.000000,0.000000,0.000000,0.200000,0.000000,0.000000,0.000000,0.200000,0.000000,0.000000,0.000000,0.000000,0.000000,0.000000
1778064042.805625,zero_waiting,0,0,0,0.000000,0.000000,0.000000,0.000000,0.000000,0.000000,0.200000,0.000000,0.000000,0.000000,0.200000,0.000000,0.000000,0.000000,0.000000,0.000000,0.000000
1778064042.855598,zero_waiting,0,0,0,0.000000,0.000000,0.000000,0.000000,0.000000,0.000000,0.200000,0.000000,0.000000,0.000000,0.200000,0.000000,0.000000,0.000000,0.000000,0.000000,0.000000
1778064042.905599,zero_waiting,0,0,0,0.000000,0.000000,0.000000,0.000000,0.000000,0.000000,0.200000,0.000000,0.000000,0.000000,0.200000,0.000000,0.000000,0.000000,0.000000,0.000000,0.000000
1778064042.955517,zero_waiting,0,0,0,0.000000,0.000000,0.000000,0.000000,0.000000,0.000000,0.200000,0.000000,0.000000,0.000000,0.200000,0.000000,0.000000,0.000000,0.000000,0.000000,0.000000
1778064043.005541,zero_waiting,0,0,0,0.000000,0.000000,0.000000,0.000000,0.000000,0.000000,0.200000,0.000000,0.000000,0.000000,0.200000,0.000000,0.000000,0.000000,0.000000,0.000000,0.000000
1778064043.055366,zero_waiting,0,0,0,0.000000,0.000000,0.000000,0.000000,0.000000,0.000000,0.200000,0.000000,0.000000,0.000000,0.200000,0.000000,0.000000,0.000000,0.000000,0.000000,0.000000
1778064043.107220,zero_waiting,0,0,0,0.000000,0.000000,0.000000,0.000000,0.000000,0.000000,0.200000,0.000000,0.000000,0.000000,0.200000,0.000000,0.000000,0.000000,0.000000,0.000000,0.000000
1778064043.155529,zero_waiting,0,0,0,0.000000,0.000000,0.000000,0.000000,0.000000,0.000000,0.200000,0.000000,0.000000,0.000000,0.200000,0.000000,0.000000,0.000000,0.000000,0.000000,0.000000
1778064043.205556,zero_waiting,0,0,0,0.000000,0.000000,0.000000,0.000000,0.000000,0.000000,0.200000,0.000000,0.000000,0.000000,0.200000,0.000000,0.000000,0.000000,0.000000,0.000000,0.000000
1778064043.255405,zero_waiting,0,0,0,0.000000,0.000000,0.000000,0.000000,0.000000,0.000000,0.200000,0.000000,0.000000,0.000000,0.200000,0.000000,0.000000,0.000000,0.000000,0.000000,0.000000
1778064043.305544,zero_waiting,0,0,0,0.000000,0.000000,0.000000,0.000000,0.000000,0.000000,0.200000,0.000000,0.000000,0.000000,0.200000,0.000000,0.000000,0.000000,0.000000,0.000000,0.000000
1778064043.355302,zero_waiting,0,0,0,0.000000,0.000000,0.000000,0.000000,0.000000,0.000000,0.200000,0.000000,0.000000,0.000000,0.200000,0.000000,0.000000,0.000000,0.000000,0.000000,0.000000
1778064043.405471,zero_waiting,0,0,0,0.000000,0.000000,0.000000,0.000000,0.000000,0.000000,0.200000,0.000000,0.000000,0.000000,0.200000,0.000000,0.000000,0.000000,0.000000,0.000000,0.000000
1778064043.455407,zero_waiting,0,0,0,0.000000,0.000000,0.000000,0.000000,0.000000,0.000000,0.200000,0.000000,0.000000,0.000000,0.200000,0.000000,0.000000,0.000000,0.000000,0.000000,0.000000
1778064043.505589,zero_waiting,0,0,0,0.000000,0.000000,0.000000,0.000000,0.000000,0.000000,0.200000,0.000000,0.000000,0.000000,0.200000,0.000000,0.000000,0.000000,0.000000,0.000000,0.000000
1778064043.555755,zero_waiting,0,0,0,0.000000,0.000000,0.000000,0.000000,0.000000,0.000000,0.200000,0.000000,0.000000,0.000000,0.200000,0.000000,0.000000,0.000000,0.000000,0.000000,0.000000
1778064043.605492,zero_waiting,0,0,0,0.000000,0.000000,0.000000,0.000000,0.000000,0.000000,0.200000,0.000000,0.000000,0.000000,0.200000,0.000000,0.000000,0.000000,0.000000,0.000000,0.000000
1778064043.655419,zero_waiting,0,0,0,0.000000,0.000000,0.000000,0.000000,0.000000,0.000000,0.200000,0.000000,0.000000,0.000000,0.200000,0.000000,0.000000,0.000000,0.000000,0.000000,0.000000
1778064043.705546,zero_waiting,0,0,0,0.000000,0.000000,0.000000,0.000000,0.000000,0.000000,0.200000,0.000000,0.000000,0.000000,0.200000,0.000000,0.000000,0.000000,0.000000,0.000000,0.000000
1778064043.755433,zero_waiting,0,0,0,0.000000,0.000000,0.000000,0.000000,0.000000,0.000000,0.200000,0.000000,0.000000,0.000000,0.200000,0.000000,0.000000,0.000000,0.000000,0.000000,0.000000
1778064043.805572,zero_waiting,0,0,0,0.000000,0.000000,0.000000,0.000000,0.000000,0.000000,0.200000,0.000000,0.000000,0.000000,0.200000,0.000000,0.000000,0.000000,0.000000,0.000000,0.000000
1778064043.855505,zero_waiting,0,0,0,0.000000,0.000000,0.000000,0.000000,0.000000,0.000000,0.200000,0.000000,0.000000,0.000000,0.200000,0.000000,0.000000,0.000000,0.000000,0.000000,0.000000
1778064043.905722,zero_waiting,0,0,0,0.000000,0.000000,0.000000,0.000000,0.000000,0.000000,0.200000,0.000000,0.000000,0.000000,0.200000,0.000000,0.000000,0.000000,0.000000,0.000000,0.000000
1778064043.955854,zero_waiting,0,0,0,0.000000,0.000000,0.000000,0.000000,0.000000,0.000000,0.200000,0.000000,0.000000,0.000000,0.200000,0.000000,0.000000,0.000000,0.000000,0.000000,0.000000
1778064044.005625,zero_waiting,0,0,0,0.000000,0.000000,0.000000,0.000000,0.000000,0.000000,0.200000,0.000000,0.000000,0.000000,0.200000,0.000000,0.000000,0.000000,0.000000,0.000000,0.000000
1778064044.055521,zero_waiting,0,0,0,0.000000,0.000000,0.000000,0.000000,0.000000,0.000000,0.200000,0.000000,0.000000,0.000000,0.200000,0.000000,0.000000,0.000000,0.000000,0.000000,0.000000
1778064044.105594,zero_waiting,0,0,0,0.000000,0.000000,0.000000,0.000000,0.000000,0.000000,0.200000,0.000000,0.000000,0.000000,0.200000,0.000000,0.000000,0.000000,0.000000,0.000000,0.000000
1778064044.155437,zero_waiting,0,0,0,0.000000,0.000000,0.000000,0.000000,0.000000,0.000000,0.200000,0.000000,0.000000,0.000000,0.200000,0.000000,0.000000,0.000000,0.000000,0.000000,0.000000
1778064044.205523,zero_waiting,0,0,0,0.000000,0.000000,0.000000,0.000000,0.000000,0.000000,0.200000,0.000000,0.000000,0.000000,0.200000,0.000000,0.000000,0.000000,0.000000,0.000000,0.000000
1778064044.255440,zero_waiting,0,0,0,0.000000,0.000000,0.000000,0.000000,0.000000,0.000000,0.200000,0.000000,0.000000,0.000000,0.200000,0.000000,0.000000,0.000000,0.000000,0.000000,0.000000
1778064044.305511,zero_waiting,0,0,0,0.000000,0.000000,0.000000,0.000000,0.000000,0.000000,0.200000,0.000000,0.000000,0.000000,0.200000,0.000000,0.000000,0.000000,0.000000,0.000000,0.000000
1778064044.355580,manual_slider,1,1,0,0.000000,0.000000,0.000000,0.000000,0.000000,0.000000,0.198000,0.000000,0.000000,0.000000,0.198000,0.000000,0.000000,0.000000,0.000000,0.000000,0.000000
1778064044.405457,manual_slider,1,1,0,0.000000,0.000000,0.000000,0.000000,0.000000,0.000000,0.198000,0.000000,0.000000,0.000000,0.198000,0.000000,0.000000,0.000000,0.000000,0.000000,0.000000
1778064044.455483,manual_slider,1,1,0,0.000000,0.000000,0.000000,0.000000,0.000000,0.000000,0.198000,0.000000,0.000000,0.000000,0.198000,0.000000,0.000000,0.000000,0.000000,0.000000,0.000000
1778064044.505466,manual_slider,1,1,0,0.000000,0.000000,0.000000,0.000000,0.000000,0.000000,0.198000,0.000000,0.000000,0.000000,0.198000,0.000000,0.000000,0.000000,0.000000,0.000000,0.000000
1778064044.555455,manual_slider,1,1,0,0.000000,0.000000,0.000000,0.000000,0.000000,0.000000,0.198000,0.000000,0.000000,0.000000,0.198000,0.000000,0.000000,0.000000,0.000000,0.000000,0.000000
1778064044.605544,manual_slider,1,1,0,0.000000,0.000000,0.000000,0.000000,0.000000,0.000000,0.198000,0.000000,0.000000,0.000000,0.198000,0.000000,0.000000,0.000000,0.000000,0.000000,0.000000
1778064044.655475,manual_slider,1,1,0,0.000000,0.000000,0.000000,0.000000,0.000000,0.000000,0.198000,0.000000,0.000000,0.000000,0.198000,0.000000,0.000000,0.000000,0.000000,0.000000,0.000000
1778064044.705925,manual_slider,1,1,0,0.000000,0.000000,0.000000,0.000000,0.000000,0.000000,0.198000,0.000000,0.000000,0.000000,0.198000,0.000000,0.000000,0.000000,0.000000,0.000000,0.000000
1778064044.755326,manual_slider,1,1,0,0.000000,0.000000,0.000000,0.000000,0.000000,0.000000,0.198000,0.000000,0.000000,0.000000,0.198000,0.000000,0.000000,0.000000,0.000000,0.000000,0.000000
1778064044.805541,manual_slider,1,1,0,0.000000,0.000000,0.000000,0.000000,0.000000,0.000000,0.198000,0.000000,0.000000,0.000000,0.198000,0.000000,0.000000,0.000000,0.000000,0.000000,0.000000
1778064044.855543,manual_slider,1,1,0,0.000000,0.000000,0.000000,0.000000,0.000000,0.000000,0.198000,0.000000,0.000000,0.000000,0.198000,0.000000,0.000000,0.000000,0.000000,0.000000,0.000000
1778064044.905640,manual_slider,1,1,0,0.000000,0.000000,0.000000,0.000000,0.000000,0.000000,0.198000,0.000000,0.000000,0.000000,0.198000,0.000000,0.000000,0.000000,0.000000,0.000000,0.000000
1778064044.955497,manual_slider,1,1,0,0.000000,0.000000,0.000000,0.000000,0.000000,0.000000,0.198000,0.000000,0.000000,0.000000,0.198000,0.000000,0.000000,0.000000,0.000000,0.000000,0.000000
1778064045.005483,manual_slider,1,1,0,0.000000,0.000000,0.000000,0.000000,0.000000,0.000000,0.198000,0.000000,0.000000,0.000000,0.198000,0.000000,0.000000,0.000000,0.000000,0.000000,0.000000
1778064045.055531,manual_slider,1,1,0,0.000000,0.000000,0.000000,0.000000,0.000000,0.000000,0.198000,0.000000,0.000000,0.000000,0.198000,0.000000,0.000000,0.000000,0.000000,0.000000,0.000000
1778064045.105551,manual_slider,1,1,0,0.000000,0.000000,0.000000,0.000000,0.000000,0.000000,0.198000,0.000000,0.000000,0.000000,0.198000,0.000000,0.000000,0.000000,0.000000,0.000000,0.000000
1778064045.155549,manual_slider,1,1,0,0.000000,0.000000,0.000000,0.000000,0.000000,0.000000,0.198000,0.000000,0.000000,0.000000,0.198000,0.000000,0.000000,0.000000,0.000000,0.000000,0.000000
1778064045.205599,manual_slider,1,1,0,0.000000,0.000000,0.000000,0.000000,0.000000,0.000000,0.198000,0.000000,0.000000,0.000000,0.198000,0.000000,0.000000,0.000000,0.000000,0.000000,0.000000
1778064045.255588,manual_slider,1,1,0,0.000000,0.000000,0.000000,0.000000,0.000000,0.000000,0.198000,0.000000,0.000000,0.000000,0.198000,0.000000,0.000000,0.000000,0.000000,0.000000,0.000000
1778064045.305963,manual_slider,1,1,0,0.000000,0.000000,0.000000,0.000000,0.000000,0.000000,0.198000,0.000000,0.000000,0.000000,0.198000,0.000000,0.000000,0.000000,0.000000,0.000000,0.000000
1778064045.355577,manual_slider,1,1,0,0.000000,0.000000,0.000000,0.000000,0.000000,0.000000,0.198000,0.000000,0.000000,0.000000,0.198000,0.000000,0.000000,0.000000,0.000000,0.000000,0.000000
1778064045.405741,manual_slider,1,1,0,0.000000,0.000000,0.000000,0.000000,0.000000,0.000000,0.198000,0.000000,0.000000,0.000000,0.198000,0.000000,0.000000,0.000000,0.000000,0.000000,0.000000
1778064045.455524,manual_slider,1,1,0,0.000000,0.000000,0.000000,0.000000,0.000000,0.000000,0.198000,0.000000,0.000000,0.000000,0.198000,0.000000,0.000000,0.000000,0.000000,0.000000,0.000000
1778064045.505562,manual_slider,1,1,0,0.000000,0.000000,0.000000,0.000000,0.000000,0.000000,0.198000,0.000000,0.000000,0.000000,0.198000,0.000000,0.000000,0.000000,0.000000,0.000000,0.000000
1778064045.555395,manual_slider,1,1,0,0.000000,0.000000,0.000000,0.000000,0.000000,0.000000,0.198000,0.000000,0.000000,0.000000,0.198000,0.000000,0.000000,0.000000,0.000000,0.000000,0.000000
1778064045.605554,manual_slider,1,1,0,0.000000,0.000000,0.000000,0.000000,0.000000,0.000000,0.198000,0.000000,0.000000,0.000000,0.198000,0.000000,0.000000,0.000000,0.000000,0.000000,0.000000
1778064045.655552,manual_slider,1,1,0,0.000000,0.000000,0.000000,0.000000,0.000000,0.000000,0.198000,0.000000,0.000000,0.000000,0.198000,0.000000,0.000000,0.000000,0.000000,0.000000,0.000000
1778064045.705547,manual_slider,1,1,0,0.000000,0.000000,0.000000,0.000000,0.000000,0.000000,0.198000,0.000000,0.000000,0.000000,0.198000,0.000000,0.000000,0.000000,0.000000,0.000000,0.000000
1778064045.755356,manual_slider,1,1,0,0.000000,0.000000,0.000000,0.000000,0.000000,0.000000,0.198000,0.000000,0.000000,0.000000,0.198000,0.000000,0.000000,0.000000,0.000000,0.000000,0.000000
1778064045.805636,manual_slider,1,1,0,0.000000,0.000000,0.000000,0.000000,0.000000,0.000000,0.198000,0.000000,0.000000,0.000000,0.198000,0.000000,0.000000,0.000000,0.000000,0.000000,0.000000
1778064045.855349,zero_waiting,0,0,0,0.000000,0.000000,0.000000,0.000000,0.000000,0.000000,0.200000,0.000000,0.000000,0.000000,0.200000,0.000000,0.000000,0.000000,0.000000,0.000000,0.000000
1778064045.905513,zero_waiting,0,0,0,0.000000,0.000000,0.000000,0.000000,0.000000,0.000000,0.200000,0.000000,0.000000,0.000000,0.200000,0.000000,0.000000,0.000000,0.000000,0.000000,0.000000
1778064045.955391,zero_waiting,0,0,0,0.000000,0.000000,0.000000,0.000000,0.000000,0.000000,0.200000,0.000000,0.000000,0.000000,0.200000,0.000000,0.000000,0.000000,0.000000,0.000000,0.000000
1778064046.005715,zero_waiting,0,0,0,0.000000,0.000000,0.000000,0.000000,0.000000,0.000000,0.200000,0.000000,0.000000,0.000000,0.200000,0.000000,0.000000,0.000000,0.000000,0.000000,0.000000
1778064046.055714,zero_waiting,0,0,0,0.000000,0.000000,0.000000,0.000000,0.000000,0.000000,0.200000,0.000000,0.000000,0.000000,0.200000,0.000000,0.000000,0.000000,0.000000,0.000000,0.000000
1778064046.105508,zero_waiting,0,0,0,0.000000,0.000000,0.000000,0.000000,0.000000,0.000000,0.200000,0.000000,0.000000,0.000000,0.200000,0.000000,0.000000,0.000000,0.000000,0.000000,0.000000
1778064046.155368,zero_waiting,0,0,0,0.000000,0.000000,0.000000,0.000000,0.000000,0.000000,0.200000,0.000000,0.000000,0.000000,0.200000,0.000000,0.000000,0.000000,0.000000,0.000000,0.000000
1778064046.205596,zero_waiting,0,0,0,0.000000,0.000000,0.000000,0.000000,0.000000,0.000000,0.200000,0.000000,0.000000,0.000000,0.200000,0.000000,0.000000,0.000000,0.000000,0.000000,0.000000
1778064046.255558,zero_waiting,0,0,0,0.000000,0.000000,0.000000,0.000000,0.000000,0.000000,0.200000,0.000000,0.000000,0.000000,0.200000,0.000000,0.000000,0.000000,0.000000,0.000000,0.000000
1778064046.307280,zero_waiting,0,0,0,0.000000,0.000000,0.000000,0.000000,0.000000,0.000000,0.200000,0.000000,0.000000,0.000000,0.200000,0.000000,0.000000,0.000000,0.000000,0.000000,0.000000
1778064046.355365,zero_waiting,0,0,0,0.000000,0.000000,0.000000,0.000000,0.000000,0.000000,0.200000,0.000000,0.000000,0.000000,0.200000,0.000000,0.000000,0.000000,0.000000,0.000000,0.000000
1778064046.406590,zero_waiting,0,0,0,0.000000,0.000000,0.000000,0.000000,0.000000,0.000000,0.200000,0.000000,0.000000,0.000000,0.200000,0.000000,0.000000,0.000000,0.000000,0.000000,0.000000
1778064046.455515,zero_waiting,0,0,0,0.000000,0.000000,0.000000,0.000000,0.000000,0.000000,0.200000,0.000000,0.000000,0.000000,0.200000,0.000000,0.000000,0.000000,0.000000,0.000000,0.000000
1778064046.505594,zero_waiting,0,0,0,0.000000,0.000000,0.000000,0.000000,0.000000,0.000000,0.200000,0.000000,0.000000,0.000000,0.200000,0.000000,0.000000,0.000000,0.000000,0.000000,0.000000
1778064046.556201,zero_waiting,0,0,0,0.000000,0.000000,0.000000,0.000000,0.000000,0.000000,0.200000,0.000000,0.000000,0.000000,0.200000,0.000000,0.000000,0.000000,0.000000,0.000000,0.000000
1778064046.605468,zero_waiting,0,0,0,0.000000,0.000000,0.000000,0.000000,0.000000,0.000000,0.200000,0.000000,0.000000,0.000000,0.200000,0.000000,0.000000,0.000000,0.000000,0.000000,0.000000
1778064046.655472,zero_waiting,0,0,0,0.000000,0.000000,0.000000,0.000000,0.000000,0.000000,0.200000,0.000000,0.000000,0.000000,0.200000,0.000000,0.000000,0.000000,0.000000,0.000000,0.000000
1778064046.705733,zero_waiting,0,0,0,0.000000,0.000000,0.000000,0.000000,0.000000,0.000000,0.200000,0.000000,0.000000,0.000000,0.200000,0.000000,0.000000,0.000000,0.000000,0.000000,0.000000
1778064046.756090,zero_waiting,0,0,0,0.000000,0.000000,0.000000,0.000000,0.000000,0.000000,0.200000,0.000000,0.000000,0.000000,0.200000,0.000000,0.000000,0.000000,0.000000,0.000000,0.000000
1778064046.805789,zero_waiting,0,0,0,0.000000,0.000000,0.000000,0.000000,0.000000,0.000000,0.200000,0.000000,0.000000,0.000000,0.200000,0.000000,0.000000,0.000000,0.000000,0.000000,0.000000
1778064046.855558,zero_waiting,0,0,0,0.000000,0.000000,0.000000,0.000000,0.000000,0.000000,0.200000,0.000000,0.000000,0.000000,0.200000,0.000000,0.000000,0.000000,0.000000,0.000000,0.000000
1778064046.905551,zero_waiting,0,0,0,0.000000,0.000000,0.000000,0.000000,0.000000,0.000000,0.200000,0.000000,0.000000,0.000000,0.200000,0.000000,0.000000,0.000000,0.000000,0.000000,0.000000
1778064046.955436,zero_waiting,0,0,0,0.000000,0.000000,0.000000,0.000000,0.000000,0.000000,0.200000,0.000000,0.000000,0.000000,0.200000,0.000000,0.000000,0.000000,0.000000,0.000000,0.000000
1778064047.005587,zero_waiting,0,0,0,0.000000,0.000000,0.000000,0.000000,0.000000,0.000000,0.200000,0.000000,0.000000,0.000000,0.200000,0.000000,0.000000,0.000000,0.000000,0.000000,0.000000
1778064047.055364,zero_waiting,0,0,0,0.000000,0.000000,0.000000,0.000000,0.000000,0.000000,0.200000,0.000000,0.000000,0.000000,0.200000,0.000000,0.000000,0.000000,0.000000,0.000000,0.000000
1778064047.108041,manual_slider,1,1,0,0.000000,0.000000,0.000000,0.000000,0.000000,0.000000,0.198000,0.000000,0.000000,0.000000,0.198000,0.000000,0.000000,0.000000,0.000000,0.000000,0.000000
1778064047.155597,manual_slider,1,1,0,0.000000,0.000000,0.000000,0.000000,0.000000,0.000000,0.198000,0.000000,0.000000,0.000000,0.198000,0.000000,0.000000,0.000000,0.000000,0.000000,0.000000
1778064047.206119,manual_slider,1,1,0,0.000000,0.000000,0.000000,0.000000,0.000000,0.000000,0.198000,0.000000,0.000000,0.000000,0.198000,0.000000,0.000000,0.000000,0.000000,0.000000,0.000000
1778064047.255384,manual_slider,1,1,0,0.000000,0.000000,0.000000,0.000000,0.000000,0.000000,0.198000,0.000000,0.000000,0.000000,0.198000,0.000000,0.000000,0.000000,0.000000,0.000000,0.000000
1778064047.305524,manual_slider,1,1,0,0.000000,0.000000,0.000000,0.000000,0.000000,0.000000,0.198000,0.000000,0.000000,0.000000,0.198000,0.000000,0.000000,0.000000,0.000000,0.000000,0.000000
1778064047.355453,manual_slider,1,1,0,0.000000,0.000000,0.000000,0.000000,0.000000,0.000000,0.198000,0.000000,0.000000,0.000000,0.198000,0.000000,0.000000,0.000000,0.000000,0.000000,0.000000
1778064047.405552,manual_slider,1,1,0,0.000000,0.000000,0.000000,0.000000,0.000000,0.000000,0.198000,0.000000,0.000000,0.000000,0.198000,0.000000,0.000000,0.000000,0.000000,0.000000,0.000000
1778064047.455341,manual_slider,1,1,0,0.000000,0.000000,0.000000,0.000000,0.000000,0.000000,0.198000,0.000000,0.000000,0.000000,0.198000,0.000000,0.000000,0.000000,0.000000,0.000000,0.000000
1778064047.505512,manual_slider,1,1,0,0.000000,0.000000,0.000000,0.000000,0.000000,0.000000,0.198000,0.000000,0.000000,0.000000,0.198000,0.000000,0.000000,0.000000,0.000000,0.000000,0.000000
1778064047.555446,manual_slider,1,1,0,0.000000,0.000000,0.000000,0.000000,0.000000,0.000000,0.198000,0.000000,0.000000,0.000000,0.198000,0.000000,0.000000,0.000000,0.000000,0.000000,0.000000
1778064047.605788,manual_slider,1,1,0,0.000000,0.000000,0.000000,0.000000,0.000000,0.000000,0.198000,0.000000,0.000000,0.000000,0.198000,0.000000,0.000000,0.000000,0.000000,0.000000,0.000000
1778064047.655660,manual_slider,1,1,0,0.000000,0.000000,0.000000,0.000000,0.000000,0.000000,0.198000,0.000000,0.000000,0.000000,0.198000,0.000000,0.000000,0.000000,0.000000,0.000000,0.000000
1778064047.705473,manual_slider,1,1,0,0.000000,0.000000,0.000000,0.000000,0.000000,0.000000,0.198000,0.000000,0.000000,0.000000,0.198000,0.000000,0.000000,0.000000,0.000000,0.000000,0.000000
1778064047.755385,manual_slider,1,1,0,0.000000,0.000000,0.000000,0.000000,0.000000,0.000000,0.198000,0.000000,0.000000,0.000000,0.198000,0.000000,0.000000,0.000000,0.000000,0.000000,0.000000
1778064047.805461,manual_slider,1,1,0,0.000000,0.000000,0.000000,0.000000,0.000000,0.000000,0.198000,0.000000,0.000000,0.000000,0.198000,0.000000,0.000000,0.000000,0.000000,0.000000,0.000000
1778064047.855398,manual_slider,1,1,0,0.000000,0.000000,0.000000,0.000000,0.000000,0.000000,0.198000,0.000000,0.000000,0.000000,0.198000,0.000000,0.000000,0.000000,0.000000,0.000000,0.000000
1778064047.906966,manual_slider,1,1,0,0.000000,0.000000,0.000000,0.000000,0.000000,0.000000,0.198000,0.000000,0.000000,0.000000,0.198000,0.000000,0.000000,0.000000,0.000000,0.000000,0.000000
1778064047.955386,manual_slider,1,1,0,0.000000,0.000000,0.000000,0.000000,0.000000,0.000000,0.198000,0.000000,0.000000,0.000000,0.198000,0.000000,0.000000,0.000000,0.000000,0.000000,0.000000
1778064048.005591,manual_slider,1,1,0,0.000000,0.000000,0.000000,0.000000,0.000000,0.000000,0.198000,0.000000,0.000000,0.000000,0.198000,0.000000,0.000000,0.000000,0.000000,0.000000,0.000000
1778064048.055369,zero_waiting,0,0,0,0.000000,0.000000,0.000000,0.000000,0.000000,0.000000,0.200000,0.000000,0.000000,0.000000,0.200000,0.000000,0.000000,0.000000,0.000000,0.000000,0.000000
1778064048.105730,zero_waiting,0,0,0,0.000000,0.000000,0.000000,0.000000,0.000000,0.000000,0.200000,0.000000,0.000000,0.000000,0.200000,0.000000,0.000000,0.000000,0.000000,0.000000,0.000000
1778064048.155338,zero_waiting,0,0,0,0.000000,0.000000,0.000000,0.000000,0.000000,0.000000,0.200000,0.000000,0.000000,0.000000,0.200000,0.000000,0.000000,0.000000,0.000000,0.000000,0.000000
1778064048.205492,zero_waiting,0,0,0,0.000000,0.000000,0.000000,0.000000,0.000000,0.000000,0.200000,0.000000,0.000000,0.000000,0.200000,0.000000,0.000000,0.000000,0.000000,0.000000,0.000000
1778064048.255417,zero_waiting,0,0,0,0.000000,0.000000,0.000000,0.000000,0.000000,0.000000,0.200000,0.000000,0.000000,0.000000,0.200000,0.000000,0.000000,0.000000,0.000000,0.000000,0.000000
1778064048.305724,zero_waiting,0,0,0,0.000000,0.000000,0.000000,0.000000,0.000000,0.000000,0.200000,0.000000,0.000000,0.000000,0.200000,0.000000,0.000000,0.000000,0.000000,0.000000,0.000000
1778064048.355578,zero_waiting,0,0,0,0.000000,0.000000,0.000000,0.000000,0.000000,0.000000,0.200000,0.000000,0.000000,0.000000,0.200000,0.000000,0.000000,0.000000,0.000000,0.000000,0.000000
1778064048.405505,zero_waiting,0,0,0,0.000000,0.000000,0.000000,0.000000,0.000000,0.000000,0.200000,0.000000,0.000000,0.000000,0.200000,0.000000,0.000000,0.000000,0.000000,0.000000,0.000000
1778064048.455542,zero_waiting,0,0,0,0.000000,0.000000,0.000000,0.000000,0.000000,0.000000,0.200000,0.000000,0.000000,0.000000,0.200000,0.000000,0.000000,0.000000,0.000000,0.000000,0.000000
1778064048.505639,zero_waiting,0,0,0,0.000000,0.000000,0.000000,0.000000,0.000000,0.000000,0.200000,0.000000,0.000000,0.000000,0.200000,0.000000,0.000000,0.000000,0.000000,0.000000,0.000000
1778064048.555424,zero_waiting,0,0,0,0.000000,0.000000,0.000000,0.000000,0.000000,0.000000,0.200000,0.000000,0.000000,0.000000,0.200000,0.000000,0.000000,0.000000,0.000000,0.000000,0.000000
1778064048.605633,zero_waiting,0,0,0,0.000000,0.000000,0.000000,0.000000,0.000000,0.000000,0.200000,0.000000,0.000000,0.000000,0.200000,0.000000,0.000000,0.000000,0.000000,0.000000,0.000000
1778064048.655289,zero_waiting,0,0,0,0.000000,0.000000,0.000000,0.000000,0.000000,0.000000,0.200000,0.000000,0.000000,0.000000,0.200000,0.000000,0.000000,0.000000,0.000000,0.000000,0.000000
1778064048.706102,zero_waiting,0,0,0,0.000000,0.000000,0.000000,0.000000,0.000000,0.000000,0.200000,0.000000,0.000000,0.000000,0.200000,0.000000,0.000000,0.000000,0.000000,0.000000,0.000000
1778064048.755469,zero_waiting,0,0,0,0.000000,0.000000,0.000000,0.000000,0.000000,0.000000,0.200000,0.000000,0.000000,0.000000,0.200000,0.000000,0.000000,0.000000,0.000000,0.000000,0.000000
1778064048.807328,zero_waiting,0,0,0,0.000000,0.000000,0.000000,0.000000,0.000000,0.000000,0.200000,0.000000,0.000000,0.000000,0.200000,0.000000,0.000000,0.000000,0.000000,0.000000,0.000000
1778064048.855400,zero_waiting,0,0,0,0.000000,0.000000,0.000000,0.000000,0.000000,0.000000,0.200000,0.000000,0.000000,0.000000,0.200000,0.000000,0.000000,0.000000,0.000000,0.000000,0.000000
1778064048.905780,zero_waiting,0,0,0,0.000000,0.000000,0.000000,0.000000,0.000000,0.000000,0.200000,0.000000,0.000000,0.000000,0.200000,0.000000,0.000000,0.000000,0.000000,0.000000,0.000000
1778064048.955327,zero_waiting,0,0,0,0.000000,0.000000,0.000000,0.000000,0.000000,0.000000,0.200000,0.000000,0.000000,0.000000,0.200000,0.000000,0.000000,0.000000,0.000000,0.000000,0.000000
1778064049.005447,zero_waiting,0,0,0,0.000000,0.000000,0.000000,0.000000,0.000000,0.000000,0.200000,0.000000,0.000000,0.000000,0.200000,0.000000,0.000000,0.000000,0.000000,0.000000,0.000000
1778064049.055388,zero_waiting,0,0,0,0.000000,0.000000,0.000000,0.000000,0.000000,0.000000,0.200000,0.000000,0.000000,0.000000,0.200000,0.000000,0.000000,0.000000,0.000000,0.000000,0.000000
1778064049.105440,zero_waiting,0,0,0,0.000000,0.000000,0.000000,0.000000,0.000000,0.000000,0.200000,0.000000,0.000000,0.000000,0.200000,0.000000,0.000000,0.000000,0.000000,0.000000,0.000000
1778064049.155862,zero_waiting,0,0,0,0.000000,0.000000,0.000000,0.000000,0.000000,0.000000,0.200000,0.000000,0.000000,0.000000,0.200000,0.000000,0.000000,0.000000,0.000000,0.000000,0.000000
1778064049.205510,zero_waiting,0,0,0,0.000000,0.000000,0.000000,0.000000,0.000000,0.000000,0.200000,0.000000,0.000000,0.000000,0.200000,0.000000,0.000000,0.000000,0.000000,0.000000,0.000000
1778064049.255588,zero_waiting,0,0,0,0.000000,0.000000,0.000000,0.000000,0.000000,0.000000,0.200000,0.000000,0.000000,0.000000,0.200000,0.000000,0.000000,0.000000,0.000000,0.000000,0.000000
1778064049.305509,zero_waiting,0,0,0,0.000000,0.000000,0.000000,0.000000,0.000000,0.000000,0.200000,0.000000,0.000000,0.000000,0.200000,0.000000,0.000000,0.000000,0.000000,0.000000,0.000000
1778064049.355539,zero_waiting,0,0,0,0.000000,0.000000,0.000000,0.000000,0.000000,0.000000,0.200000,0.000000,0.000000,0.000000,0.200000,0.000000,0.000000,0.000000,0.000000,0.000000,0.000000
1778064049.406035,zero_waiting,0,0,0,0.000000,0.000000,0.000000,0.000000,0.000000,0.000000,0.200000,0.000000,0.000000,0.000000,0.200000,0.000000,0.000000,0.000000,0.000000,0.000000,0.000000
1778064049.455432,zero_waiting,0,0,0,0.000000,0.000000,0.000000,0.000000,0.000000,0.000000,0.200000,0.000000,0.000000,0.000000,0.200000,0.000000,0.000000,0.000000,0.000000,0.000000,0.000000
1778064049.505548,zero_waiting,0,0,0,0.000000,0.000000,0.000000,0.000000,0.000000,0.000000,0.200000,0.000000,0.000000,0.000000,0.200000,0.000000,0.000000,0.000000,0.000000,0.000000,0.000000
1778064049.555533,zero_waiting,0,0,0,0.000000,0.000000,0.000000,0.000000,0.000000,0.000000,0.200000,0.000000,0.000000,0.000000,0.200000,0.000000,0.000000,0.000000,0.000000,0.000000,0.000000
1778064049.608171,zero_waiting,0,0,0,0.000000,0.000000,0.000000,0.000000,0.000000,0.000000,0.200000,0.000000,0.000000,0.000000,0.200000,0.000000,0.000000,0.000000,0.000000,0.000000,0.000000
1778064049.655351,zero_waiting,0,0,0,0.000000,0.000000,0.000000,0.000000,0.000000,0.000000,0.200000,0.000000,0.000000,0.000000,0.200000,0.000000,0.000000,0.000000,0.000000,0.000000,0.000000
1778064049.705600,zero_waiting,0,0,0,0.000000,0.000000,0.000000,0.000000,0.000000,0.000000,0.200000,0.000000,0.000000,0.000000,0.200000,0.000000,0.000000,0.000000,0.000000,0.000000,0.000000
1778064049.755329,zero_waiting,0,0,0,0.000000,0.000000,0.000000,0.000000,0.000000,0.000000,0.200000,0.000000,0.000000,0.000000,0.200000,0.000000,0.000000,0.000000,0.000000,0.000000,0.000000
1778064049.805663,zero_waiting,0,0,0,0.000000,0.000000,0.000000,0.000000,0.000000,0.000000,0.200000,0.000000,0.000000,0.000000,0.200000,0.000000,0.000000,0.000000,0.000000,0.000000,0.000000
1778064049.855609,zero_waiting,0,0,0,0.000000,0.000000,0.000000,0.000000,0.000000,0.000000,0.200000,0.000000,0.000000,0.000000,0.200000,0.000000,0.000000,0.000000,0.000000,0.000000,0.000000
1778064049.905679,zero_waiting,0,0,0,0.000000,0.000000,0.000000,0.000000,0.000000,0.000000,0.200000,0.000000,0.000000,0.000000,0.200000,0.000000,0.000000,0.000000,0.000000,0.000000,0.000000
1778064049.955747,zero_waiting,0,0,0,0.000000,0.000000,0.000000,0.000000,0.000000,0.000000,0.200000,0.000000,0.000000,0.000000,0.200000,0.000000,0.000000,0.000000,0.000000,0.000000,0.000000
1778064050.005826,zero_waiting,0,0,0,0.000000,0.000000,0.000000,0.000000,0.000000,0.000000,0.200000,0.000000,0.000000,0.000000,0.200000,0.000000,0.000000,0.000000,0.000000,0.000000,0.000000
1778064050.055532,zero_waiting,0,0,0,0.000000,0.000000,0.000000,0.000000,0.000000,0.000000,0.200000,0.000000,0.000000,0.000000,0.200000,0.000000,0.000000,0.000000,0.000000,0.000000,0.000000
1778064050.105545,zero_waiting,0,0,0,0.000000,0.000000,0.000000,0.000000,0.000000,0.000000,0.200000,0.000000,0.000000,0.000000,0.200000,0.000000,0.000000,0.000000,0.000000,0.000000,0.000000
1778064050.155531,zero_waiting,0,0,0,0.000000,0.000000,0.000000,0.000000,0.000000,0.000000,0.200000,0.000000,0.000000,0.000000,0.200000,0.000000,0.000000,0.000000,0.000000,0.000000,0.000000
1778064050.205570,zero_waiting,0,0,0,0.000000,0.000000,0.000000,0.000000,0.000000,0.000000,0.200000,0.000000,0.000000,0.000000,0.200000,0.000000,0.000000,0.000000,0.000000,0.000000,0.000000
1778064050.255377,zero_waiting,0,0,0,0.000000,0.000000,0.000000,0.000000,0.000000,0.000000,0.200000,0.000000,0.000000,0.000000,0.200000,0.000000,0.000000,0.000000,0.000000,0.000000,0.000000
1778064050.305845,zero_waiting,0,0,0,0.000000,0.000000,0.000000,0.000000,0.000000,0.000000,0.200000,0.000000,0.000000,0.000000,0.200000,0.000000,0.000000,0.000000,0.000000,0.000000,0.000000
1778064050.355357,zero_waiting,0,0,0,0.000000,0.000000,0.000000,0.000000,0.000000,0.000000,0.200000,0.000000,0.000000,0.000000,0.200000,0.000000,0.000000,0.000000,0.000000,0.000000,0.000000
1778064050.405721,zero_waiting,0,0,0,0.000000,0.000000,0.000000,0.000000,0.000000,0.000000,0.200000,0.000000,0.000000,0.000000,0.200000,0.000000,0.000000,0.000000,0.000000,0.000000,0.000000
1778064050.455430,zero_waiting,0,0,0,0.000000,0.000000,0.000000,0.000000,0.000000,0.000000,0.200000,0.000000,0.000000,0.000000,0.200000,0.000000,0.000000,0.000000,0.000000,0.000000,0.000000
1778064050.505551,zero_waiting,0,0,0,0.000000,0.000000,0.000000,0.000000,0.000000,0.000000,0.200000,0.000000,0.000000,0.000000,0.200000,0.000000,0.000000,0.000000,0.000000,0.000000,0.000000
1778064050.555315,zero_waiting,0,0,0,0.000000,0.000000,0.000000,0.000000,0.000000,0.000000,0.200000,0.000000,0.000000,0.000000,0.200000,0.000000,0.000000,0.000000,0.000000,0.000000,0.000000
1778064050.605591,zero_waiting,0,0,0,0.000000,0.000000,0.000000,0.000000,0.000000,0.000000,0.200000,0.000000,0.000000,0.000000,0.200000,0.000000,0.000000,0.000000,0.000000,0.000000,0.000000
1778064050.655315,zero_waiting,0,0,0,0.000000,0.000000,0.000000,0.000000,0.000000,0.000000,0.200000,0.000000,0.000000,0.000000,0.200000,0.000000,0.000000,0.000000,0.000000,0.000000,0.000000
1778064050.705565,zero_waiting,0,0,0,0.000000,0.000000,0.000000,0.000000,0.000000,0.000000,0.200000,0.000000,0.000000,0.000000,0.200000,0.000000,0.000000,0.000000,0.000000,0.000000,0.000000
1778064050.755659,zero_waiting,0,0,0,0.000000,0.000000,0.000000,0.000000,0.000000,0.000000,0.200000,0.000000,0.000000,0.000000,0.200000,0.000000,0.000000,0.000000,0.000000,0.000000,0.000000
1778064050.805599,zero_waiting,0,0,0,0.000000,0.000000,0.000000,0.000000,0.000000,0.000000,0.200000,0.000000,0.000000,0.000000,0.200000,0.000000,0.000000,0.000000,0.000000,0.000000,0.000000
1778064050.855518,zero_waiting,0,0,0,0.000000,0.000000,0.000000,0.000000,0.000000,0.000000,0.200000,0.000000,0.000000,0.000000,0.200000,0.000000,0.000000,0.000000,0.000000,0.000000,0.000000
1778064050.905653,zero_waiting,0,0,0,0.000000,0.000000,0.000000,0.000000,0.000000,0.000000,0.200000,0.000000,0.000000,0.000000,0.200000,0.000000,0.000000,0.000000,0.000000,0.000000,0.000000
1778064050.955605,zero_waiting,0,0,0,0.000000,0.000000,0.000000,0.000000,0.000000,0.000000,0.200000,0.000000,0.000000,0.000000,0.200000,0.000000,0.000000,0.000000,0.000000,0.000000,0.000000
1778064051.005646,zero_waiting,0,0,0,0.000000,0.000000,0.000000,0.000000,0.000000,0.000000,0.200000,0.000000,0.000000,0.000000,0.200000,0.000000,0.000000,0.000000,0.000000,0.000000,0.000000
1778064051.055551,zero_waiting,0,0,0,0.000000,0.000000,0.000000,0.000000,0.000000,0.000000,0.200000,0.000000,0.000000,0.000000,0.200000,0.000000,0.000000,0.000000,0.000000,0.000000,0.000000
1778064051.105855,zero_waiting,0,0,0,0.000000,0.000000,0.000000,0.000000,0.000000,0.000000,0.200000,0.000000,0.000000,0.000000,0.200000,0.000000,0.000000,0.000000,0.000000,0.000000,0.000000
1778064051.155378,zero_waiting,0,0,0,0.000000,0.000000,0.000000,0.000000,0.000000,0.000000,0.200000,0.000000,0.000000,0.000000,0.200000,0.000000,0.000000,0.000000,0.000000,0.000000,0.000000
1778064051.205528,zero_waiting,0,0,0,0.000000,0.000000,0.000000,0.000000,0.000000,0.000000,0.200000,0.000000,0.000000,0.000000,0.200000,0.000000,0.000000,0.000000,0.000000,0.000000,0.000000
1778064051.255369,zero_waiting,0,0,0,0.000000,0.000000,0.000000,0.000000,0.000000,0.000000,0.200000,0.000000,0.000000,0.000000,0.200000,0.000000,0.000000,0.000000,0.000000,0.000000,0.000000
1778064051.305490,zero_waiting,0,0,0,0.000000,0.000000,0.000000,0.000000,0.000000,0.000000,0.200000,0.000000,0.000000,0.000000,0.200000,0.000000,0.000000,0.000000,0.000000,0.000000,0.000000
1778064051.355406,zero_waiting,0,0,0,0.000000,0.000000,0.000000,0.000000,0.000000,0.000000,0.200000,0.000000,0.000000,0.000000,0.200000,0.000000,0.000000,0.000000,0.000000,0.000000,0.000000
1778064051.405582,zero_waiting,0,0,0,0.000000,0.000000,0.000000,0.000000,0.000000,0.000000,0.200000,0.000000,0.000000,0.000000,0.200000,0.000000,0.000000,0.000000,0.000000,0.000000,0.000000
1778064051.455355,zero_waiting,0,0,0,0.000000,0.000000,0.000000,0.000000,0.000000,0.000000,0.200000,0.000000,0.000000,0.000000,0.200000,0.000000,0.000000,0.000000,0.000000,0.000000,0.000000
1778064051.505763,zero_waiting,0,0,0,0.000000,0.000000,0.000000,0.000000,0.000000,0.000000,0.200000,0.000000,0.000000,0.000000,0.200000,0.000000,0.000000,0.000000,0.000000,0.000000,0.000000
1778064051.555790,zero_waiting,0,0,0,0.000000,0.000000,0.000000,0.000000,0.000000,0.000000,0.200000,0.000000,0.000000,0.000000,0.200000,0.000000,0.000000,0.000000,0.000000,0.000000,0.000000
1778064051.605565,zero_waiting,0,0,0,0.000000,0.000000,0.000000,0.000000,0.000000,0.000000,0.200000,0.000000,0.000000,0.000000,0.200000,0.000000,0.000000,0.000000,0.000000,0.000000,0.000000
1778064051.655778,zero_waiting,0,0,0,0.000000,0.000000,0.000000,0.000000,0.000000,0.000000,0.200000,0.000000,0.000000,0.000000,0.200000,0.000000,0.000000,0.000000,0.000000,0.000000,0.000000
1778064051.705601,manual_slider,1,1,0,-0.574000,0.000000,0.000000,0.000000,0.000000,0.000000,0.198000,0.000000,0.000000,0.000000,0.198000,0.000000,0.000000,0.000000,0.000000,0.000000,0.000000
1778064051.755748,manual_slider,1,1,0,-0.574000,0.000000,0.000000,0.000000,0.000000,0.000000,0.198000,0.000000,0.000000,0.000000,0.198000,0.000000,0.000000,0.000000,0.000000,0.000000,0.000000
1778064051.805525,manual_slider,1,1,0,-0.574000,0.000000,0.000000,0.000000,0.000000,0.000000,0.198000,0.000000,0.000000,0.000000,0.198000,0.000000,0.000000,0.000000,0.000000,0.000000,0.000000
1778064051.855544,manual_slider,1,1,0,-0.574000,0.000000,0.000000,0.000000,0.000000,0.000000,0.198000,0.000000,0.000000,0.000000,0.198000,0.000000,0.000000,0.000000,0.000000,0.000000,0.000000
1778064051.907880,manual_slider,1,1,0,-0.574000,0.000000,0.000000,0.000000,0.000000,0.000000,0.198000,0.000000,0.000000,0.000000,0.198000,0.000000,0.000000,0.000000,0.000000,0.000000,0.000000
1778064051.955388,manual_slider,1,1,0,-0.574000,0.000000,0.000000,0.000000,0.000000,0.000000,0.198000,0.000000,0.000000,0.000000,0.198000,0.000000,0.000000,0.000000,0.000000,0.000000,0.000000
1778064052.005557,manual_slider,1,1,0,-0.574000,0.000000,0.000000,0.000000,0.000000,0.000000,0.198000,0.000000,0.000000,0.000000,0.198000,0.000000,0.000000,0.000000,0.000000,0.000000,0.000000
1778064052.055408,manual_slider,1,1,0,-0.574000,0.000000,0.000000,0.000000,0.000000,0.000000,0.198000,0.000000,0.000000,0.000000,0.198000,0.000000,0.000000,0.000000,0.000000,0.000000,0.000000
1778064052.105787,manual_slider,1,1,0,-0.574000,0.000000,0.000000,0.000000,0.000000,0.000000,0.198000,0.000000,0.000000,0.000000,0.198000,0.000000,0.000000,0.000000,0.000000,0.000000,0.000000
1778064052.155602,manual_slider,1,1,0,-0.574000,0.000000,0.000000,0.000000,0.000000,0.000000,0.198000,0.000000,0.000000,0.000000,0.198000,0.000000,0.000000,0.000000,0.000000,0.000000,0.000000
1778064052.205537,manual_slider,1,1,0,-0.574000,0.000000,0.000000,0.000000,0.000000,0.000000,0.198000,0.000000,0.000000,0.000000,0.198000,0.000000,0.000000,0.000000,0.000000,0.000000,0.000000
1778064052.255465,manual_slider,1,1,0,-0.574000,0.000000,0.000000,0.000000,0.000000,0.000000,0.198000,0.000000,0.000000,0.000000,0.198000,0.000000,0.000000,0.000000,0.000000,0.000000,0.000000
1778064052.305515,manual_slider,1,1,0,-0.574000,0.000000,0.000000,0.000000,0.000000,0.000000,0.198000,0.000000,0.000000,0.000000,0.198000,0.000000,0.000000,0.000000,0.000000,0.000000,0.000000
1778064052.355654,manual_slider,1,1,0,-0.574000,0.000000,0.000000,0.000000,0.000000,0.000000,0.198000,0.000000,0.000000,0.000000,0.198000,0.000000,0.000000,0.000000,0.000000,0.000000,0.000000
1778064052.405485,manual_slider,1,1,0,-0.574000,0.000000,0.000000,0.000000,0.000000,0.000000,0.198000,0.000000,0.000000,0.000000,0.198000,0.000000,0.000000,0.000000,0.000000,0.000000,0.000000
1778064052.455606,manual_slider,1,1,0,-0.574000,0.000000,0.000000,0.000000,0.000000,0.000000,0.198000,0.000000,0.000000,0.000000,0.198000,0.000000,0.000000,0.000000,0.000000,0.000000,0.000000
1778064052.505653,manual_slider,1,1,0,-0.574000,0.000000,0.000000,0.000000,0.000000,0.000000,0.198000,0.000000,0.000000,0.000000,0.198000,0.000000,0.000000,0.000000,0.000000,0.000000,0.000000
1778064052.555523,manual_slider,1,1,0,-0.574000,0.000000,0.000000,0.000000,0.000000,0.000000,0.198000,0.000000,0.000000,0.000000,0.198000,0.000000,0.000000,0.000000,0.000000,0.000000,0.000000
1778064052.605589,manual_slider,1,1,0,-0.574000,0.000000,0.000000,0.000000,0.000000,0.000000,0.198000,0.000000,0.000000,0.000000,0.198000,0.000000,0.000000,0.000000,0.000000,0.000000,0.000000
1778064052.655371,manual_slider,1,1,0,-0.574000,0.000000,0.000000,0.000000,0.000000,0.000000,0.198000,0.000000,0.000000,0.000000,0.198000,0.000000,0.000000,0.000000,0.000000,0.000000,0.000000
1778064052.705775,manual_slider,1,1,0,-0.574000,0.000000,0.000000,0.000000,0.000000,0.000000,0.198000,0.000000,0.000000,0.000000,0.198000,0.000000,0.000000,0.000000,0.000000,0.000000,0.000000
1778064052.755414,manual_slider,1,1,0,-0.574000,0.000000,0.000000,0.000000,0.000000,0.000000,0.198000,0.000000,0.000000,0.000000,0.198000,0.000000,0.000000,0.000000,0.000000,0.000000,0.000000
1778064052.805575,zero_waiting,0,0,0,0.000000,0.000000,0.000000,0.000000,0.000000,0.000000,0.200000,0.000000,0.000000,0.000000,0.200000,0.000000,0.000000,0.000000,0.000000,0.000000,0.000000
1778064052.855526,zero_waiting,0,0,0,0.000000,0.000000,0.000000,0.000000,0.000000,0.000000,0.200000,0.000000,0.000000,0.000000,0.200000,0.000000,0.000000,0.000000,0.000000,0.000000,0.000000
1778064052.905575,zero_waiting,0,0,0,0.000000,0.000000,0.000000,0.000000,0.000000,0.000000,0.200000,0.000000,0.000000,0.000000,0.200000,0.000000,0.000000,0.000000,0.000000,0.000000,0.000000
1778064052.955362,zero_waiting,0,0,0,0.000000,0.000000,0.000000,0.000000,0.000000,0.000000,0.200000,0.000000,0.000000,0.000000,0.200000,0.000000,0.000000,0.000000,0.000000,0.000000,0.000000
1778064053.005495,zero_waiting,0,0,0,0.000000,0.000000,0.000000,0.000000,0.000000,0.000000,0.200000,0.000000,0.000000,0.000000,0.200000,0.000000,0.000000,0.000000,0.000000,0.000000,0.000000
1778064053.055366,zero_waiting,0,0,0,0.000000,0.000000,0.000000,0.000000,0.000000,0.000000,0.200000,0.000000,0.000000,0.000000,0.200000,0.000000,0.000000,0.000000,0.000000,0.000000,0.000000
1778064053.105544,zero_waiting,0,0,0,0.000000,0.000000,0.000000,0.000000,0.000000,0.000000,0.200000,0.000000,0.000000,0.000000,0.200000,0.000000,0.000000,0.000000,0.000000,0.000000,0.000000
1778064053.155539,zero_waiting,0,0,0,0.000000,0.000000,0.000000,0.000000,0.000000,0.000000,0.200000,0.000000,0.000000,0.000000,0.200000,0.000000,0.000000,0.000000,0.000000,0.000000,0.000000
1778064053.205798,zero_waiting,0,0,0,0.000000,0.000000,0.000000,0.000000,0.000000,0.000000,0.200000,0.000000,0.000000,0.000000,0.200000,0.000000,0.000000,0.000000,0.000000,0.000000,0.000000
1778064053.255621,zero_waiting,0,0,0,0.000000,0.000000,0.000000,0.000000,0.000000,0.000000,0.200000,0.000000,0.000000,0.000000,0.200000,0.000000,0.000000,0.000000,0.000000,0.000000,0.000000
1778064053.305568,zero_waiting,0,0,0,0.000000,0.000000,0.000000,0.000000,0.000000,0.000000,0.200000,0.000000,0.000000,0.000000,0.200000,0.000000,0.000000,0.000000,0.000000,0.000000,0.000000
1778064053.355365,zero_waiting,0,0,0,0.000000,0.000000,0.000000,0.000000,0.000000,0.000000,0.200000,0.000000,0.000000,0.000000,0.200000,0.000000,0.000000,0.000000,0.000000,0.000000,0.000000
1778064053.405543,zero_waiting,0,0,0,0.000000,0.000000,0.000000,0.000000,0.000000,0.000000,0.200000,0.000000,0.000000,0.000000,0.200000,0.000000,0.000000,0.000000,0.000000,0.000000,0.000000
1778064053.455375,zero_waiting,0,0,0,0.000000,0.000000,0.000000,0.000000,0.000000,0.000000,0.200000,0.000000,0.000000,0.000000,0.200000,0.000000,0.000000,0.000000,0.000000,0.000000,0.000000
1778064053.505730,zero_waiting,0,0,0,0.000000,0.000000,0.000000,0.000000,0.000000,0.000000,0.200000,0.000000,0.000000,0.000000,0.200000,0.000000,0.000000,0.000000,0.000000,0.000000,0.000000
1778064053.555387,zero_waiting,0,0,0,0.000000,0.000000,0.000000,0.000000,0.000000,0.000000,0.200000,0.000000,0.000000,0.000000,0.200000,0.000000,0.000000,0.000000,0.000000,0.000000,0.000000
1778064053.605901,zero_waiting,0,0,0,0.000000,0.000000,0.000000,0.000000,0.000000,0.000000,0.200000,0.000000,0.000000,0.000000,0.200000,0.000000,0.000000,0.000000,0.000000,0.000000,0.000000
1778064053.655391,zero_waiting,0,0,0,0.000000,0.000000,0.000000,0.000000,0.000000,0.000000,0.200000,0.000000,0.000000,0.000000,0.200000,0.000000,0.000000,0.000000,0.000000,0.000000,0.000000
1778064053.705742,zero_waiting,0,0,0,0.000000,0.000000,0.000000,0.000000,0.000000,0.000000,0.200000,0.000000,0.000000,0.000000,0.200000,0.000000,0.000000,0.000000,0.000000,0.000000,0.000000
1778064053.755383,zero_waiting,0,0,0,0.000000,0.000000,0.000000,0.000000,0.000000,0.000000,0.200000,0.000000,0.000000,0.000000,0.200000,0.000000,0.000000,0.000000,0.000000,0.000000,0.000000
1778064053.805481,zero_waiting,0,0,0,0.000000,0.000000,0.000000,0.000000,0.000000,0.000000,0.200000,0.000000,0.000000,0.000000,0.200000,0.000000,0.000000,0.000000,0.000000,0.000000,0.000000
1778064053.855387,zero_waiting,0,0,0,0.000000,0.000000,0.000000,0.000000,0.000000,0.000000,0.200000,0.000000,0.000000,0.000000,0.200000,0.000000,0.000000,0.000000,0.000000,0.000000,0.000000
1778064053.905598,zero_waiting,0,0,0,0.000000,0.000000,0.000000,0.000000,0.000000,0.000000,0.200000,0.000000,0.000000,0.000000,0.200000,0.000000,0.000000,0.000000,0.000000,0.000000,0.000000
1778064053.955598,zero_waiting,0,0,0,0.000000,0.000000,0.000000,0.000000,0.000000,0.000000,0.200000,0.000000,0.000000,0.000000,0.200000,0.000000,0.000000,0.000000,0.000000,0.000000,0.000000
1778064054.005665,zero_waiting,0,0,0,0.000000,0.000000,0.000000,0.000000,0.000000,0.000000,0.200000,0.000000,0.000000,0.000000,0.200000,0.000000,0.000000,0.000000,0.000000,0.000000,0.000000
1778064054.055576,zero_waiting,0,0,0,0.000000,0.000000,0.000000,0.000000,0.000000,0.000000,0.200000,0.000000,0.000000,0.000000,0.200000,0.000000,0.000000,0.000000,0.000000,0.000000,0.000000
1778064054.105452,zero_waiting,0,0,0,0.000000,0.000000,0.000000,0.000000,0.000000,0.000000,0.200000,0.000000,0.000000,0.000000,0.200000,0.000000,0.000000,0.000000,0.000000,0.000000,0.000000
1778064054.155703,zero_waiting,0,0,0,0.000000,0.000000,0.000000,0.000000,0.000000,0.000000,0.200000,0.000000,0.000000,0.000000,0.200000,0.000000,0.000000,0.000000,0.000000,0.000000,0.000000
1778064054.205547,zero_waiting,0,0,0,0.000000,0.000000,0.000000,0.000000,0.000000,0.000000,0.200000,0.000000,0.000000,0.000000,0.200000,0.000000,0.000000,0.000000,0.000000,0.000000,0.000000
1778064054.255388,zero_waiting,0,0,0,0.000000,0.000000,0.000000,0.000000,0.000000,0.000000,0.200000,0.000000,0.000000,0.000000,0.200000,0.000000,0.000000,0.000000,0.000000,0.000000,0.000000
1778064054.305657,zero_waiting,0,0,0,0.000000,0.000000,0.000000,0.000000,0.000000,0.000000,0.200000,0.000000,0.000000,0.000000,0.200000,0.000000,0.000000,0.000000,0.000000,0.000000,0.000000
1778064054.355285,zero_waiting,0,0,0,0.000000,0.000000,0.000000,0.000000,0.000000,0.000000,0.200000,0.000000,0.000000,0.000000,0.200000,0.000000,0.000000,0.000000,0.000000,0.000000,0.000000
1778064054.405758,zero_waiting,0,0,0,0.000000,0.000000,0.000000,0.000000,0.000000,0.000000,0.200000,0.000000,0.000000,0.000000,0.200000,0.000000,0.000000,0.000000,0.000000,0.000000,0.000000
1778064054.455323,zero_waiting,0,0,0,0.000000,0.000000,0.000000,0.000000,0.000000,0.000000,0.200000,0.000000,0.000000,0.000000,0.200000,0.000000,0.000000,0.000000,0.000000,0.000000,0.000000
1778064054.505499,zero_waiting,0,0,0,0.000000,0.000000,0.000000,0.000000,0.000000,0.000000,0.200000,0.000000,0.000000,0.000000,0.200000,0.000000,0.000000,0.000000,0.000000,0.000000,0.000000
1778064054.555453,zero_waiting,0,0,0,0.000000,0.000000,0.000000,0.000000,0.000000,0.000000,0.200000,0.000000,0.000000,0.000000,0.200000,0.000000,0.000000,0.000000,0.000000,0.000000,0.000000
1778064054.605658,zero_waiting,0,0,0,0.000000,0.000000,0.000000,0.000000,0.000000,0.000000,0.200000,0.000000,0.000000,0.000000,0.200000,0.000000,0.000000,0.000000,0.000000,0.000000,0.000000
1778064054.655388,zero_waiting,0,0,0,0.000000,0.000000,0.000000,0.000000,0.000000,0.000000,0.200000,0.000000,0.000000,0.000000,0.200000,0.000000,0.000000,0.000000,0.000000,0.000000,0.000000
1778064054.705582,zero_waiting,0,0,0,0.000000,0.000000,0.000000,0.000000,0.000000,0.000000,0.200000,0.000000,0.000000,0.000000,0.200000,0.000000,0.000000,0.000000,0.000000,0.000000,0.000000
1778064054.755555,zero_waiting,0,0,0,0.000000,0.000000,0.000000,0.000000,0.000000,0.000000,0.200000,0.000000,0.000000,0.000000,0.200000,0.000000,0.000000,0.000000,0.000000,0.000000,0.000000
1778064054.805497,zero_waiting,0,0,0,0.000000,0.000000,0.000000,0.000000,0.000000,0.000000,0.200000,0.000000,0.000000,0.000000,0.200000,0.000000,0.000000,0.000000,0.000000,0.000000,0.000000
1778064054.856107,zero_waiting,0,0,0,0.000000,0.000000,0.000000,0.000000,0.000000,0.000000,0.200000,0.000000,0.000000,0.000000,0.200000,0.000000,0.000000,0.000000,0.000000,0.000000,0.000000
1778064054.905566,zero_waiting,0,0,0,0.000000,0.000000,0.000000,0.000000,0.000000,0.000000,0.200000,0.000000,0.000000,0.000000,0.200000,0.000000,0.000000,0.000000,0.000000,0.000000,0.000000
1778064054.955371,zero_waiting,0,0,0,0.000000,0.000000,0.000000,0.000000,0.000000,0.000000,0.200000,0.000000,0.000000,0.000000,0.200000,0.000000,0.000000,0.000000,0.000000,0.000000,0.000000
1778064055.005577,zero_waiting,0,0,0,0.000000,0.000000,0.000000,0.000000,0.000000,0.000000,0.200000,0.000000,0.000000,0.000000,0.200000,0.000000,0.000000,0.000000,0.000000,0.000000,0.000000
1778064055.055344,zero_waiting,0,0,0,0.000000,0.000000,0.000000,0.000000,0.000000,0.000000,0.200000,0.000000,0.000000,0.000000,0.200000,0.000000,0.000000,0.000000,0.000000,0.000000,0.000000
1778064055.105638,zero_waiting,0,0,0,0.000000,0.000000,0.000000,0.000000,0.000000,0.000000,0.200000,0.000000,0.000000,0.000000,0.200000,0.000000,0.000000,0.000000,0.000000,0.000000,0.000000
1778064055.155366,zero_waiting,0,0,0,0.000000,0.000000,0.000000,0.000000,0.000000,0.000000,0.200000,0.000000,0.000000,0.000000,0.200000,0.000000,0.000000,0.000000,0.000000,0.000000,0.000000
1778064055.205789,zero_waiting,0,0,0,0.000000,0.000000,0.000000,0.000000,0.000000,0.000000,0.200000,0.000000,0.000000,0.000000,0.200000,0.000000,0.000000,0.000000,0.000000,0.000000,0.000000
1778064055.255330,zero_waiting,0,0,0,0.000000,0.000000,0.000000,0.000000,0.000000,0.000000,0.200000,0.000000,0.000000,0.000000,0.200000,0.000000,0.000000,0.000000,0.000000,0.000000,0.000000
1778064055.305514,zero_waiting,0,0,0,0.000000,0.000000,0.000000,0.000000,0.000000,0.000000,0.200000,0.000000,0.000000,0.000000,0.200000,0.000000,0.000000,0.000000,0.000000,0.000000,0.000000
1778064055.355405,zero_waiting,0,0,0,0.000000,0.000000,0.000000,0.000000,0.000000,0.000000,0.200000,0.000000,0.000000,0.000000,0.200000,0.000000,0.000000,0.000000,0.000000,0.000000,0.000000
1778064055.405476,zero_waiting,0,0,0,0.000000,0.000000,0.000000,0.000000,0.000000,0.000000,0.200000,0.000000,0.000000,0.000000,0.200000,0.000000,0.000000,0.000000,0.000000,0.000000,0.000000
1778064055.455428,zero_waiting,0,0,0,0.000000,0.000000,0.000000,0.000000,0.000000,0.000000,0.200000,0.000000,0.000000,0.000000,0.200000,0.000000,0.000000,0.000000,0.000000,0.000000,0.000000
1778064055.505468,zero_waiting,0,0,0,0.000000,0.000000,0.000000,0.000000,0.000000,0.000000,0.200000,0.000000,0.000000,0.000000,0.200000,0.000000,0.000000,0.000000,0.000000,0.000000,0.000000
1778064055.556064,zero_waiting,0,0,0,0.000000,0.000000,0.000000,0.000000,0.000000,0.000000,0.200000,0.000000,0.000000,0.000000,0.200000,0.000000,0.000000,0.000000,0.000000,0.000000,0.000000
1778064055.605499,zero_waiting,0,0,0,0.000000,0.000000,0.000000,0.000000,0.000000,0.000000,0.200000,0.000000,0.000000,0.000000,0.200000,0.000000,0.000000,0.000000,0.000000,0.000000,0.000000
1778064055.655604,zero_waiting,0,0,0,0.000000,0.000000,0.000000,0.000000,0.000000,0.000000,0.200000,0.000000,0.000000,0.000000,0.200000,0.000000,0.000000,0.000000,0.000000,0.000000,0.000000
1778064055.706106,zero_waiting,0,0,0,0.000000,0.000000,0.000000,0.000000,0.000000,0.000000,0.200000,0.000000,0.000000,0.000000,0.200000,0.000000,0.000000,0.000000,0.000000,0.000000,0.000000
1778064055.755458,zero_waiting,0,0,0,0.000000,0.000000,0.000000,0.000000,0.000000,0.000000,0.200000,0.000000,0.000000,0.000000,0.200000,0.000000,0.000000,0.000000,0.000000,0.000000,0.000000
1778064055.805535,zero_waiting,0,0,0,0.000000,0.000000,0.000000,0.000000,0.000000,0.000000,0.200000,0.000000,0.000000,0.000000,0.200000,0.000000,0.000000,0.000000,0.000000,0.000000,0.000000
1778064055.855630,zero_waiting,0,0,0,0.000000,0.000000,0.000000,0.000000,0.000000,0.000000,0.200000,0.000000,0.000000,0.000000,0.200000,0.000000,0.000000,0.000000,0.000000,0.000000,0.000000
1778064055.905585,zero_waiting,0,0,0,0.000000,0.000000,0.000000,0.000000,0.000000,0.000000,0.200000,0.000000,0.000000,0.000000,0.200000,0.000000,0.000000,0.000000,0.000000,0.000000,0.000000
1778064055.955549,zero_waiting,0,0,0,0.000000,0.000000,0.000000,0.000000,0.000000,0.000000,0.200000,0.000000,0.000000,0.000000,0.200000,0.000000,0.000000,0.000000,0.000000,0.000000,0.000000
1778064056.005553,zero_waiting,0,0,0,0.000000,0.000000,0.000000,0.000000,0.000000,0.000000,0.200000,0.000000,0.000000,0.000000,0.200000,0.000000,0.000000,0.000000,0.000000,0.000000,0.000000
1778064056.055330,zero_waiting,0,0,0,0.000000,0.000000,0.000000,0.000000,0.000000,0.000000,0.200000,0.000000,0.000000,0.000000,0.200000,0.000000,0.000000,0.000000,0.000000,0.000000,0.000000
1778064056.105483,zero_waiting,0,0,0,0.000000,0.000000,0.000000,0.000000,0.000000,0.000000,0.200000,0.000000,0.000000,0.000000,0.200000,0.000000,0.000000,0.000000,0.000000,0.000000,0.000000
1778064056.155372,zero_waiting,0,0,0,0.000000,0.000000,0.000000,0.000000,0.000000,0.000000,0.200000,0.000000,0.000000,0.000000,0.200000,0.000000,0.000000,0.000000,0.000000,0.000000,0.000000
1778064056.205515,zero_waiting,0,0,0,0.000000,0.000000,0.000000,0.000000,0.000000,0.000000,0.200000,0.000000,0.000000,0.000000,0.200000,0.000000,0.000000,0.000000,0.000000,0.000000,0.000000
1778064056.255440,zero_waiting,0,0,0,0.000000,0.000000,0.000000,0.000000,0.000000,0.000000,0.200000,0.000000,0.000000,0.000000,0.200000,0.000000,0.000000,0.000000,0.000000,0.000000,0.000000
1778064056.305563,zero_waiting,0,0,0,0.000000,0.000000,0.000000,0.000000,0.000000,0.000000,0.200000,0.000000,0.000000,0.000000,0.200000,0.000000,0.000000,0.000000,0.000000,0.000000,0.000000
1778064056.355539,zero_waiting,0,0,0,0.000000,0.000000,0.000000,0.000000,0.000000,0.000000,0.200000,0.000000,0.000000,0.000000,0.200000,0.000000,0.000000,0.000000,0.000000,0.000000,0.000000
1778064056.405592,zero_waiting,0,0,0,0.000000,0.000000,0.000000,0.000000,0.000000,0.000000,0.200000,0.000000,0.000000,0.000000,0.200000,0.000000,0.000000,0.000000,0.000000,0.000000,0.000000
1778064056.455730,manual_slider,1,1,0,0.000000,0.000000,0.000000,0.000000,0.000000,0.000000,0.198000,0.000000,0.000000,0.000000,0.198000,0.000000,0.000000,0.000000,0.000000,0.000000,0.000000
1778064056.505560,manual_slider,1,1,0,0.000000,0.000000,0.000000,0.000000,0.000000,0.000000,0.198000,0.000000,0.000000,0.000000,0.198000,0.000000,0.000000,0.000000,0.000000,0.000000,0.000000
1778064056.555592,manual_slider,1,1,0,0.000000,0.000000,0.000000,0.000000,0.000000,0.000000,0.198000,0.000000,0.000000,0.000000,0.198000,0.000000,0.000000,0.000000,0.000000,0.000000,0.000000
1778064056.605557,manual_slider,1,1,0,0.000000,0.000000,0.000000,0.000000,0.000000,0.000000,0.198000,0.000000,0.000000,0.000000,0.198000,0.000000,0.000000,0.000000,0.000000,0.000000,0.000000
1778064056.655462,manual_slider,1,1,0,0.000000,0.000000,0.000000,0.000000,0.000000,0.000000,0.198000,0.000000,0.000000,0.000000,0.198000,0.000000,0.000000,0.000000,0.000000,0.000000,0.000000
1778064056.707272,manual_slider,1,1,0,0.000000,0.000000,0.000000,0.000000,0.000000,0.000000,0.198000,0.000000,0.000000,0.000000,0.198000,0.000000,0.000000,0.000000,0.000000,0.000000,0.000000
1778064056.755494,manual_slider,1,1,0,0.000000,0.000000,0.000000,0.000000,0.000000,0.000000,0.198000,0.000000,0.000000,0.000000,0.198000,0.000000,0.000000,0.000000,0.000000,0.000000,0.000000
1778064056.805754,manual_slider,1,1,0,0.000000,0.000000,0.000000,0.000000,0.000000,0.000000,0.198000,0.000000,0.000000,0.000000,0.198000,0.000000,0.000000,0.000000,0.000000,0.000000,0.000000
1778064056.855326,manual_slider,1,1,0,0.000000,0.000000,0.000000,0.000000,0.000000,0.000000,0.198000,0.000000,0.000000,0.000000,0.198000,0.000000,0.000000,0.000000,0.000000,0.000000,0.000000
1778064056.905567,manual_slider,1,1,0,0.000000,0.000000,0.000000,0.000000,0.000000,0.000000,0.198000,0.000000,0.000000,0.000000,0.198000,0.000000,0.000000,0.000000,0.000000,0.000000,0.000000
1778064056.955367,manual_slider,1,1,0,0.000000,0.000000,0.000000,0.000000,0.000000,0.000000,0.198000,0.000000,0.000000,0.000000,0.198000,0.000000,0.000000,0.000000,0.000000,0.000000,0.000000
1778064057.005487,manual_slider,1,1,0,0.000000,0.000000,0.000000,0.000000,0.000000,0.000000,0.198000,0.000000,0.000000,0.000000,0.198000,0.000000,0.000000,0.000000,0.000000,0.000000,0.000000
1778064057.055423,manual_slider,1,1,0,0.000000,0.000000,0.000000,0.000000,0.000000,0.000000,0.198000,0.000000,0.000000,0.000000,0.198000,0.000000,0.000000,0.000000,0.000000,0.000000,0.000000
1778064057.105491,manual_slider,1,1,0,0.000000,0.000000,0.000000,0.000000,0.000000,0.000000,0.198000,0.000000,0.000000,0.000000,0.198000,0.000000,0.000000,0.000000,0.000000,0.000000,0.000000
1778064057.155613,manual_slider,1,1,0,0.000000,0.000000,0.000000,0.000000,0.000000,0.000000,0.198000,0.000000,0.000000,0.000000,0.198000,0.000000,0.000000,0.000000,0.000000,0.000000,0.000000
1778064057.205645,manual_slider,1,1,0,0.000000,0.000000,0.000000,0.000000,0.000000,0.000000,0.198000,0.000000,0.000000,0.000000,0.198000,0.000000,0.000000,0.000000,0.000000,0.000000,0.000000
1778064057.255565,manual_slider,1,1,0,0.000000,0.000000,0.000000,0.000000,0.000000,0.000000,0.198000,0.000000,0.000000,0.000000,0.198000,0.000000,0.000000,0.000000,0.000000,0.000000,0.000000
1778064057.305982,manual_slider,1,1,0,0.000000,0.000000,0.000000,0.000000,0.000000,0.000000,0.198000,0.000000,0.000000,0.000000,0.198000,0.000000,0.000000,0.000000,0.000000,0.000000,0.000000
1778064057.355429,manual_slider,1,1,0,0.000000,0.000000,0.000000,0.000000,0.000000,0.000000,0.198000,0.000000,0.000000,0.000000,0.198000,0.000000,0.000000,0.000000,0.000000,0.000000,0.000000
1778064057.405582,manual_slider,1,1,0,0.000000,0.000000,0.000000,0.000000,0.000000,0.000000,0.198000,0.000000,0.000000,0.000000,0.198000,0.000000,0.000000,0.000000,0.000000,0.000000,0.000000
1778064057.455339,manual_slider,1,1,0,0.000000,0.000000,0.000000,0.000000,0.000000,0.000000,0.198000,0.000000,0.000000,0.000000,0.198000,0.000000,0.000000,0.000000,0.000000,0.000000,0.000000
1778064057.506003,manual_slider,1,1,0,0.000000,0.000000,0.000000,0.000000,0.000000,0.000000,0.198000,0.000000,0.000000,0.000000,0.198000,0.000000,0.000000,0.000000,0.000000,0.000000,0.000000
1778064057.555318,manual_slider,1,1,0,0.000000,0.000000,0.000000,0.000000,0.000000,0.000000,0.198000,0.000000,0.000000,0.000000,0.198000,0.000000,0.000000,0.000000,0.000000,0.000000,0.000000
1778064057.605799,manual_slider,1,1,0,0.000000,0.000000,0.000000,0.000000,0.000000,0.000000,0.198000,0.000000,0.000000,0.000000,0.198000,0.000000,0.000000,0.000000,0.000000,0.000000,0.000000
1778064057.655495,manual_slider,1,1,0,0.000000,0.000000,0.000000,0.000000,0.000000,0.000000,0.198000,0.000000,0.000000,0.000000,0.198000,0.000000,0.000000,0.000000,0.000000,0.000000,0.000000
1778064057.705703,manual_slider,1,1,0,0.000000,0.000000,0.000000,0.000000,0.000000,0.000000,0.198000,0.000000,0.000000,0.000000,0.198000,0.000000,0.000000,0.000000,0.000000,0.000000,0.000000
1778064057.755333,manual_slider,1,1,0,0.000000,0.000000,0.000000,0.000000,0.000000,0.000000,0.198000,0.000000,0.000000,0.000000,0.198000,0.000000,0.000000,0.000000,0.000000,0.000000,0.000000
1778064057.805498,manual_slider,1,1,0,0.000000,0.000000,0.000000,0.000000,0.000000,0.000000,0.198000,0.000000,0.000000,0.000000,0.198000,0.000000,0.000000,0.000000,0.000000,0.000000,0.000000
1778064057.855380,manual_slider,1,1,0,0.000000,0.000000,0.000000,0.000000,0.000000,0.000000,0.198000,0.000000,0.000000,0.000000,0.198000,0.000000,0.000000,0.000000,0.000000,0.000000,0.000000
1778064057.905482,manual_slider,1,1,0,0.000000,0.000000,0.000000,0.000000,0.000000,0.000000,0.198000,0.000000,0.000000,0.000000,0.198000,0.000000,0.000000,0.000000,0.000000,0.000000,0.000000
1778064057.955965,manual_slider,1,1,0,0.000000,0.000000,0.000000,0.000000,0.000000,0.000000,0.198000,0.000000,0.000000,0.000000,0.198000,0.000000,0.000000,0.000000,0.000000,0.000000,0.000000
1778064058.005629,manual_slider,1,1,0,0.000000,0.000000,0.000000,0.000000,0.000000,0.000000,0.198000,0.000000,0.000000,0.000000,0.198000,0.000000,0.000000,0.000000,0.000000,0.000000,0.000000
1778064058.055502,manual_slider,1,1,0,0.000000,0.000000,0.000000,0.000000,0.000000,0.000000,0.198000,0.000000,0.000000,0.000000,0.198000,0.000000,0.000000,0.000000,0.000000,0.000000,0.000000
1778064058.105469,manual_slider,1,1,0,0.000000,0.000000,0.000000,0.000000,0.000000,0.000000,0.198000,0.000000,0.000000,0.000000,0.198000,0.000000,0.000000,0.000000,0.000000,0.000000,0.000000
1778064058.155344,manual_slider,1,1,0,0.000000,0.000000,0.000000,0.000000,0.000000,0.000000,0.198000,0.000000,0.000000,0.000000,0.198000,0.000000,0.000000,0.000000,0.000000,0.000000,0.000000
1778064058.205515,manual_slider,1,1,0,0.074000,0.000000,0.000000,0.000000,0.000000,0.000000,0.198000,0.000000,0.000000,0.000000,0.198000,0.000000,0.000000,0.000000,0.000000,0.000000,0.000000
1778064058.255394,manual_slider,1,1,0,0.234000,0.000000,0.000000,0.000000,0.000000,0.000000,0.198000,0.000000,0.000000,0.000000,0.198000,0.000000,0.000000,0.000000,0.000000,0.000000,0.000000
1778064058.307405,manual_slider,1,1,0,0.340000,0.000000,0.000000,0.000000,0.000000,0.000000,0.198000,0.000000,0.000000,0.000000,0.198000,0.000000,0.000000,0.000000,0.000000,0.000000,0.000000
1778064058.355417,manual_slider,1,1,0,0.394000,0.000000,0.000000,0.000000,0.000000,0.000000,0.198000,0.000000,0.000000,0.000000,0.198000,0.000000,0.000000,0.000000,0.000000,0.000000,0.000000
1778064058.405852,manual_slider,1,1,0,0.446000,0.000000,0.000000,0.000000,0.000000,0.000000,0.198000,0.000000,0.000000,0.000000,0.198000,0.000000,0.000000,0.000000,0.000000,0.000000,0.000000
1778064058.455657,manual_slider,1,1,0,0.468000,0.000000,0.000000,0.000000,0.000000,0.000000,0.198000,0.000000,0.000000,0.000000,0.198000,0.000000,0.000000,0.000000,0.000000,0.000000,0.000000
1778064058.505656,manual_slider,1,1,0,0.522000,0.000000,0.000000,0.000000,0.000000,0.000000,0.198000,0.000000,0.000000,0.000000,0.198000,0.000000,0.000000,0.000000,0.000000,0.000000,0.000000
1778064058.555481,manual_slider,1,1,0,0.618000,0.000000,0.000000,0.000000,0.000000,0.000000,0.198000,0.000000,0.000000,0.000000,0.198000,0.000000,0.000000,0.000000,0.000000,0.000000,0.000000
1778064058.605475,manual_slider,1,1,0,0.734000,0.000000,0.000000,0.000000,0.000000,0.000000,0.198000,0.000000,0.000000,0.000000,0.198000,0.000000,0.000000,0.000000,0.000000,0.000000,0.000000
1778064058.655407,manual_slider,1,1,0,0.894000,0.000000,0.000000,0.000000,0.000000,0.000000,0.198000,0.000000,0.000000,0.000000,0.198000,0.000000,0.000000,0.000000,0.000000,0.000000,0.000000
1778064058.705561,manual_slider,1,1,0,1.000000,0.000000,0.000000,0.000000,0.000000,0.000000,0.198000,0.000000,0.000000,0.000000,0.198000,0.000000,0.000000,0.000000,0.000000,0.000000,0.000000
1778064058.756602,manual_slider,1,1,0,1.000000,0.000000,0.000000,0.000000,0.000000,0.000000,0.198000,0.000000,0.000000,0.000000,0.198000,0.000000,0.000000,0.000000,0.000000,0.000000,0.000000
1778064058.805455,manual_slider,1,1,0,1.000000,0.000000,0.000000,0.000000,0.000000,0.000000,0.198000,0.000000,0.000000,0.000000,0.198000,0.000000,0.000000,0.000000,0.000000,0.000000,0.000000
1778064058.855526,manual_slider,1,1,0,1.000000,0.000000,0.000000,0.000000,0.000000,0.000000,0.198000,0.000000,0.000000,0.000000,0.198000,0.000000,0.000000,0.000000,0.000000,0.000000,0.000000
1778064058.905656,manual_slider,1,1,0,1.000000,0.000000,0.000000,0.000000,0.000000,0.000000,0.198000,0.000000,0.000000,0.000000,0.198000,0.000000,0.000000,0.000000,0.000000,0.000000,0.000000
1778064058.955457,manual_slider,1,1,0,1.000000,0.000000,0.000000,0.000000,0.000000,0.000000,0.198000,0.000000,0.000000,0.000000,0.198000,0.000000,0.000000,0.000000,0.000000,0.000000,0.000000
1778064059.005666,manual_slider,1,1,0,1.000000,0.000000,0.000000,0.000000,0.000000,0.000000,0.198000,0.000000,0.000000,0.000000,0.198000,0.000000,0.000000,0.000000,0.000000,0.000000,0.000000
1778064059.055515,manual_slider,1,1,0,1.000000,0.000000,0.000000,0.000000,0.000000,0.000000,0.198000,0.000000,0.000000,0.000000,0.198000,0.000000,0.000000,0.000000,0.000000,0.000000,0.000000
1778064059.106710,manual_slider,1,1,0,1.000000,0.000000,0.000000,0.000000,0.000000,0.000000,0.198000,0.000000,0.000000,0.000000,0.198000,0.000000,0.000000,0.000000,0.000000,0.000000,0.000000
1778064059.155332,manual_slider,1,1,0,1.000000,0.000000,0.000000,0.000000,0.000000,0.000000,0.198000,0.000000,0.000000,0.000000,0.198000,0.000000,0.000000,0.000000,0.000000,0.000000,0.000000
1778064059.205479,manual_slider,1,1,0,1.000000,0.000000,0.000000,0.000000,0.000000,0.000000,0.198000,0.000000,0.000000,0.000000,0.198000,0.000000,0.000000,0.000000,0.000000,0.000000,0.000000
1778064059.255347,manual_slider,1,1,0,0.680000,0.000000,0.000000,0.000000,0.000000,0.000000,0.198000,0.000000,0.000000,0.000000,0.198000,0.000000,0.000000,0.000000,0.000000,0.000000,0.000000
1778064059.305570,manual_slider,1,1,0,0.308000,0.000000,0.000000,0.000000,0.000000,0.000000,0.198000,0.000000,0.000000,0.000000,0.198000,0.000000,0.000000,0.000000,0.000000,0.000000,0.000000
1778064059.355442,manual_slider,1,1,0,0.022000,0.000000,0.000000,0.000000,0.000000,0.000000,0.198000,0.000000,0.000000,0.000000,0.198000,0.000000,0.000000,0.000000,0.000000,0.000000,0.000000
1778064059.405472,manual_slider,1,1,0,-0.212000,0.000000,0.000000,0.000000,0.000000,0.000000,0.198000,0.000000,0.000000,0.000000,0.198000,0.000000,0.000000,0.000000,0.000000,0.000000,0.000000
1778064059.455441,manual_slider,1,1,0,-0.382000,0.000000,0.000000,0.000000,0.000000,0.000000,0.198000,0.000000,0.000000,0.000000,0.198000,0.000000,0.000000,0.000000,0.000000,0.000000,0.000000
1778064059.505541,manual_slider,1,1,0,-0.586000,0.000000,0.000000,0.000000,0.000000,0.000000,0.198000,0.000000,0.000000,0.000000,0.198000,0.000000,0.000000,0.000000,0.000000,0.000000,0.000000
1778064059.555887,manual_slider,1,1,0,-0.744000,0.000000,0.000000,0.000000,0.000000,0.000000,0.198000,0.000000,0.000000,0.000000,0.198000,0.000000,0.000000,0.000000,0.000000,0.000000,0.000000
1778064059.605563,manual_slider,1,1,0,-0.872000,0.000000,0.000000,0.000000,0.000000,0.000000,0.198000,0.000000,0.000000,0.000000,0.198000,0.000000,0.000000,0.000000,0.000000,0.000000,0.000000
1778064059.655478,manual_slider,1,1,0,-1.000000,0.000000,0.000000,0.000000,0.000000,0.000000,0.198000,0.000000,0.000000,0.000000,0.198000,0.000000,0.000000,0.000000,0.000000,0.000000,0.000000
1778064059.705464,manual_slider,1,1,0,-1.000000,0.000000,0.000000,0.000000,0.000000,0.000000,0.198000,0.000000,0.000000,0.000000,0.198000,0.000000,0.000000,0.000000,0.000000,0.000000,0.000000
1778064059.755382,manual_slider,1,1,0,-1.000000,0.000000,0.000000,0.000000,0.000000,0.000000,0.198000,0.000000,0.000000,0.000000,0.198000,0.000000,0.000000,0.000000,0.000000,0.000000,0.000000
1778064059.805514,manual_slider,1,1,0,-1.000000,0.000000,0.000000,0.000000,0.000000,0.000000,0.198000,0.000000,0.000000,0.000000,0.198000,0.000000,0.000000,0.000000,0.000000,0.000000,0.000000
1778064059.855323,manual_slider,1,1,0,-1.000000,0.000000,0.000000,0.000000,0.000000,0.000000,0.198000,0.000000,0.000000,0.000000,0.198000,0.000000,0.000000,0.000000,0.000000,0.000000,0.000000
1778064059.905566,manual_slider,1,1,0,-1.000000,0.000000,0.000000,0.000000,0.000000,0.000000,0.198000,0.000000,0.000000,0.000000,0.198000,0.000000,0.000000,0.000000,0.000000,0.000000,0.000000
1778064059.955395,manual_slider,1,1,0,-1.000000,0.000000,0.000000,0.000000,0.000000,0.000000,0.198000,0.000000,0.000000,0.000000,0.198000,0.000000,0.000000,0.000000,0.000000,0.000000,0.000000
1778064060.005526,manual_slider,1,1,0,-1.000000,0.000000,0.000000,0.000000,0.000000,0.000000,0.198000,0.000000,0.000000,0.000000,0.198000,0.000000,0.000000,0.000000,0.000000,0.000000,0.000000
1778064060.055251,manual_slider,1,1,0,-1.000000,0.000000,0.000000,0.000000,0.000000,0.000000,0.198000,0.000000,0.000000,0.000000,0.198000,0.000000,0.000000,0.000000,0.000000,0.000000,0.000000
1778064060.106018,manual_slider,1,1,0,-1.000000,0.000000,0.000000,0.000000,0.000000,0.000000,0.198000,0.000000,0.000000,0.000000,0.198000,0.000000,0.000000,0.000000,0.000000,0.000000,0.000000
1778064060.155340,manual_slider,1,1,0,-0.840000,0.000000,0.000000,0.000000,0.000000,0.000000,0.198000,0.000000,0.000000,0.000000,0.198000,0.000000,0.000000,0.000000,0.000000,0.000000,0.000000
1778064060.205506,manual_slider,1,1,0,-0.606000,0.000000,0.000000,0.000000,0.000000,0.000000,0.198000,0.000000,0.000000,0.000000,0.198000,0.000000,0.000000,0.000000,0.000000,0.000000,0.000000
1778064060.255443,manual_slider,1,1,0,-0.426000,0.000000,0.000000,0.000000,0.000000,0.000000,0.198000,0.000000,0.000000,0.000000,0.198000,0.000000,0.000000,0.000000,0.000000,0.000000,0.000000
1778064060.305501,manual_slider,1,1,0,-0.340000,0.000000,0.000000,0.000000,0.000000,0.000000,0.198000,0.000000,0.000000,0.000000,0.198000,0.000000,0.000000,0.000000,0.000000,0.000000,0.000000
1778064060.355724,manual_slider,1,1,0,-0.288000,0.000000,0.000000,0.000000,0.000000,0.000000,0.198000,0.000000,0.000000,0.000000,0.198000,0.000000,0.000000,0.000000,0.000000,0.000000,0.000000
1778064060.405610,manual_slider,1,1,0,-0.244000,0.000000,0.000000,0.000000,0.000000,0.000000,0.198000,0.000000,0.000000,0.000000,0.198000,0.000000,0.000000,0.000000,0.000000,0.000000,0.000000
1778064060.455548,manual_slider,1,1,0,-0.212000,0.000000,0.000000,0.000000,0.000000,0.000000,0.198000,0.000000,0.000000,0.000000,0.198000,0.000000,0.000000,0.000000,0.000000,0.000000,0.000000
1778064060.505576,manual_slider,1,1,0,-0.202000,0.000000,0.000000,0.000000,0.000000,0.000000,0.198000,0.000000,0.000000,0.000000,0.198000,0.000000,0.000000,0.000000,0.000000,0.000000,0.000000
1778064060.555412,manual_slider,1,1,0,-0.192000,0.000000,0.000000,0.000000,0.000000,0.000000,0.198000,0.000000,0.000000,0.000000,0.198000,0.000000,0.000000,0.000000,0.000000,0.000000,0.000000
1778064060.605517,manual_slider,1,1,0,-0.180000,0.000000,0.000000,0.000000,0.000000,0.000000,0.198000,0.000000,0.000000,0.000000,0.198000,0.000000,0.000000,0.000000,0.000000,0.000000,0.000000
1778064060.655283,manual_slider,1,1,0,-0.180000,0.000000,0.000000,0.000000,0.000000,0.000000,0.198000,0.000000,0.000000,0.000000,0.198000,0.000000,0.000000,0.000000,0.000000,0.000000,0.000000
1778064060.705859,manual_slider,1,1,0,-0.170000,0.000000,0.000000,0.000000,0.000000,0.000000,0.198000,0.000000,0.000000,0.000000,0.198000,0.000000,0.000000,0.000000,0.000000,0.000000,0.000000
1778064060.755359,manual_slider,1,1,0,-0.138000,0.000000,0.000000,0.000000,0.000000,0.000000,0.198000,0.000000,0.000000,0.000000,0.198000,0.000000,0.000000,0.000000,0.000000,0.000000,0.000000
1778064060.805609,manual_slider,1,1,0,-0.118000,0.000000,0.000000,0.000000,0.000000,0.000000,0.198000,0.000000,0.000000,0.000000,0.198000,0.000000,0.000000,0.000000,0.000000,0.000000,0.000000
1778064060.855323,manual_slider,1,1,0,-0.106000,0.000000,0.000000,0.000000,0.000000,0.000000,0.198000,0.000000,0.000000,0.000000,0.198000,0.000000,0.000000,0.000000,0.000000,0.000000,0.000000
1778064060.905476,manual_slider,1,1,0,-0.096000,0.000000,0.000000,0.000000,0.000000,0.000000,0.198000,0.000000,0.000000,0.000000,0.198000,0.000000,0.000000,0.000000,0.000000,0.000000,0.000000
1778064060.955505,manual_slider,1,1,0,-0.086000,0.000000,0.000000,0.000000,0.000000,0.000000,0.198000,0.000000,0.000000,0.000000,0.198000,0.000000,0.000000,0.000000,0.000000,0.000000,0.000000
1778064061.005531,manual_slider,1,1,0,-0.074000,0.000000,0.000000,0.000000,0.000000,0.000000,0.198000,0.000000,0.000000,0.000000,0.198000,0.000000,0.000000,0.000000,0.000000,0.000000,0.000000
1778064061.055391,manual_slider,1,1,0,-0.032000,0.000000,0.000000,0.000000,0.000000,0.000000,0.198000,0.000000,0.000000,0.000000,0.198000,0.000000,0.000000,0.000000,0.000000,0.000000,0.000000
1778064061.105629,manual_slider,1,1,0,0.054000,0.000000,0.000000,0.000000,0.000000,0.000000,0.198000,0.000000,0.000000,0.000000,0.198000,0.000000,0.000000,0.000000,0.000000,0.000000,0.000000
1778064061.155866,manual_slider,1,1,0,0.138000,0.000000,0.000000,0.000000,0.000000,0.000000,0.198000,0.000000,0.000000,0.000000,0.198000,0.000000,0.000000,0.000000,0.000000,0.000000,0.000000
1778064061.205536,manual_slider,1,1,0,0.148000,0.000000,0.000000,0.000000,0.000000,0.000000,0.198000,0.000000,0.000000,0.000000,0.198000,0.000000,0.000000,0.000000,0.000000,0.000000,0.000000
1778064061.255474,manual_slider,1,1,0,0.170000,0.000000,0.000000,0.000000,0.000000,0.000000,0.198000,0.000000,0.000000,0.000000,0.198000,0.000000,0.000000,0.000000,0.000000,0.000000,0.000000
1778064061.305719,manual_slider,1,1,0,0.202000,0.000000,0.000000,0.000000,0.000000,0.000000,0.198000,0.000000,0.000000,0.000000,0.198000,0.000000,0.000000,0.000000,0.000000,0.000000,0.000000
1778064061.355401,manual_slider,1,1,0,0.244000,0.000000,0.000000,0.000000,0.000000,0.000000,0.198000,0.000000,0.000000,0.000000,0.198000,0.000000,0.000000,0.000000,0.000000,0.000000,0.000000
1778064061.405487,manual_slider,1,1,0,0.276000,0.000000,0.000000,0.000000,0.000000,0.000000,0.198000,0.000000,0.000000,0.000000,0.198000,0.000000,0.000000,0.000000,0.000000,0.000000,0.000000
1778064061.455728,manual_slider,1,1,0,0.288000,0.000000,0.000000,0.000000,0.000000,0.000000,0.198000,0.000000,0.000000,0.000000,0.198000,0.000000,0.000000,0.000000,0.000000,0.000000,0.000000
1778064061.505462,manual_slider,1,1,0,0.288000,0.000000,0.000000,0.000000,0.000000,0.000000,0.198000,0.000000,0.000000,0.000000,0.198000,0.000000,0.000000,0.000000,0.000000,0.000000,0.000000
1778064061.555377,manual_slider,1,1,0,0.288000,0.000000,0.000000,0.000000,0.000000,0.000000,0.198000,0.000000,0.000000,0.000000,0.198000,0.000000,0.000000,0.000000,0.000000,0.000000,0.000000
1778064061.605674,manual_slider,1,1,0,0.288000,0.000000,0.000000,0.000000,0.000000,0.000000,0.198000,0.000000,0.000000,0.000000,0.198000,0.000000,0.000000,0.000000,0.000000,0.000000,0.000000
1778064061.655480,manual_slider,1,1,0,0.298000,0.000000,0.000000,0.000000,0.000000,0.000000,0.198000,0.000000,0.000000,0.000000,0.198000,0.000000,0.000000,0.000000,0.000000,0.000000,0.000000
1778064061.705527,manual_slider,1,1,0,0.298000,0.000000,0.000000,0.000000,0.000000,0.000000,0.198000,0.000000,0.000000,0.000000,0.198000,0.000000,0.000000,0.000000,0.000000,0.000000,0.000000
1778064061.755419,manual_slider,1,1,0,0.298000,0.000000,0.000000,0.000000,0.000000,0.000000,0.198000,0.000000,0.000000,0.000000,0.198000,0.000000,0.000000,0.000000,0.000000,0.000000,0.000000
1778064061.805471,manual_slider,1,1,0,0.298000,0.000000,0.000000,0.000000,0.000000,0.000000,0.198000,0.000000,0.000000,0.000000,0.198000,0.000000,0.000000,0.000000,0.000000,0.000000,0.000000
1778064061.855453,manual_slider,1,1,0,0.298000,0.000000,0.000000,0.000000,0.000000,0.000000,0.198000,0.000000,0.000000,0.000000,0.198000,0.000000,0.000000,0.000000,0.000000,0.000000,0.000000
1778064061.905442,manual_slider,1,1,0,0.298000,0.000000,0.000000,0.000000,0.000000,0.000000,0.198000,0.000000,0.000000,0.000000,0.198000,0.000000,0.000000,0.000000,0.000000,0.000000,0.000000
1778064061.955537,manual_slider,1,1,0,0.298000,0.000000,0.000000,0.000000,0.000000,0.000000,0.198000,0.000000,0.000000,0.000000,0.198000,0.000000,0.000000,0.000000,0.000000,0.000000,0.000000
1778064062.005469,manual_slider,1,1,0,0.298000,0.000000,0.000000,0.000000,0.000000,0.000000,0.198000,0.000000,0.000000,0.000000,0.198000,0.000000,0.000000,0.000000,0.000000,0.000000,0.000000
1778064062.055508,manual_slider,1,1,0,0.298000,0.000000,0.000000,0.000000,0.000000,0.000000,0.198000,0.000000,0.000000,0.000000,0.198000,0.000000,0.000000,0.000000,0.000000,0.000000,0.000000
1778064062.105530,manual_slider,1,1,0,0.298000,0.000000,0.000000,0.000000,0.000000,0.000000,0.198000,0.000000,0.000000,0.000000,0.198000,0.000000,0.000000,0.000000,0.000000,0.000000,0.000000
1778064062.155337,manual_slider,1,1,0,0.298000,0.000000,0.000000,0.000000,0.000000,0.000000,0.198000,0.000000,0.000000,0.000000,0.198000,0.000000,0.000000,0.000000,0.000000,0.000000,0.000000
1778064062.205473,manual_slider,1,1,0,0.000000,0.000000,0.000000,0.000000,0.000000,0.000000,0.198000,0.000000,0.000000,0.000000,0.198000,0.000000,0.000000,0.000000,0.000000,0.000000,0.000000
1778064062.255519,manual_slider,1,1,0,0.000000,0.000000,0.000000,0.000000,0.000000,0.000000,0.198000,0.000000,0.000000,0.000000,0.198000,0.000000,0.000000,0.000000,0.000000,0.000000,0.000000
1778064062.305487,manual_slider,1,1,0,0.000000,0.000000,0.000000,0.000000,0.000000,0.000000,0.198000,0.000000,0.000000,0.000000,0.198000,0.000000,0.000000,0.000000,0.000000,0.000000,0.000000
1778064062.355622,manual_slider,1,1,0,0.000000,0.000000,0.000000,0.000000,0.000000,0.000000,0.198000,0.000000,0.000000,0.000000,0.198000,0.000000,0.000000,0.000000,0.000000,0.000000,0.000000
1778064062.405638,manual_slider,1,1,0,0.000000,0.000000,0.000000,0.000000,0.000000,0.000000,0.198000,0.000000,0.000000,0.000000,0.198000,0.000000,0.000000,0.000000,0.000000,0.000000,0.000000
1778064062.455318,manual_slider,1,1,0,0.000000,0.000000,0.000000,0.000000,0.000000,0.000000,0.198000,0.000000,0.000000,0.000000,0.198000,0.000000,0.000000,0.000000,0.000000,0.000000,0.000000
1778064062.505563,manual_slider,1,1,0,0.000000,0.000000,0.000000,0.000000,0.000000,0.000000,0.198000,0.000000,0.000000,0.000000,0.198000,0.000000,0.000000,0.000000,0.000000,0.000000,0.000000
1778064062.555678,manual_slider,1,1,0,0.000000,0.000000,0.000000,0.000000,0.000000,0.000000,0.198000,0.000000,0.000000,0.000000,0.198000,0.000000,0.000000,0.000000,0.000000,0.000000,0.000000
1778064062.605544,manual_slider,1,1,0,0.000000,0.000000,0.000000,0.000000,0.000000,0.000000,0.198000,0.000000,0.000000,0.000000,0.198000,0.000000,0.000000,0.000000,0.000000,0.000000,0.000000
1778064062.655488,manual_slider,1,1,0,0.000000,0.000000,0.000000,0.000000,0.000000,0.000000,0.198000,0.000000,0.000000,0.000000,0.198000,0.000000,0.000000,0.000000,0.000000,0.000000,0.000000
1778064062.705679,manual_slider,1,1,0,0.000000,0.000000,0.000000,0.000000,0.000000,0.000000,0.198000,0.000000,0.000000,0.000000,0.198000,0.000000,0.000000,0.000000,0.000000,0.000000,0.000000
1778064062.755499,manual_slider,1,1,0,0.000000,0.000000,0.000000,0.000000,0.000000,0.000000,0.198000,0.000000,0.000000,0.000000,0.198000,0.000000,0.000000,0.000000,0.000000,0.000000,0.000000
1778064062.805777,manual_slider,1,1,0,0.000000,0.000000,0.000000,0.000000,0.000000,0.000000,0.198000,0.000000,0.000000,0.000000,0.198000,0.000000,0.000000,0.000000,0.000000,0.000000,0.000000
1778064062.855565,manual_slider,1,1,0,0.000000,0.000000,0.000000,0.000000,0.000000,0.000000,0.198000,0.000000,0.000000,0.000000,0.198000,0.000000,0.000000,0.000000,0.000000,0.000000,0.000000
1778064062.905583,manual_slider,1,1,0,0.000000,0.000000,0.000000,0.000000,0.000000,0.000000,0.198000,0.000000,0.000000,0.000000,0.198000,0.000000,0.000000,0.000000,0.000000,0.000000,0.000000
1778064062.955348,manual_slider,1,1,0,0.000000,0.000000,0.000000,0.000000,0.000000,0.000000,0.198000,0.000000,0.000000,0.000000,0.198000,0.000000,0.000000,0.000000,0.000000,0.000000,0.000000
1778064063.005534,manual_slider,1,1,0,0.000000,0.000000,0.000000,0.000000,0.000000,0.000000,0.198000,0.000000,0.000000,0.000000,0.198000,0.000000,0.000000,0.000000,0.000000,0.000000,0.000000
1778064063.055371,manual_slider,1,1,0,0.000000,0.000000,0.000000,0.000000,0.000000,0.000000,0.198000,0.000000,0.000000,0.000000,0.198000,0.000000,0.000000,0.000000,0.000000,0.000000,0.000000
1778064063.107226,manual_slider,1,1,0,0.000000,0.000000,0.000000,0.000000,0.000000,0.000000,0.198000,0.000000,0.000000,0.000000,0.198000,0.000000,0.000000,0.000000,0.000000,0.000000,0.000000
1778064063.155559,manual_slider,1,1,0,0.000000,0.000000,0.000000,0.000000,0.000000,0.000000,0.198000,0.000000,0.000000,0.000000,0.198000,0.000000,0.000000,0.000000,0.000000,0.000000,0.000000
1778064063.205494,manual_slider,1,1,0,0.000000,0.000000,0.000000,0.000000,0.000000,0.000000,0.198000,0.000000,0.000000,0.000000,0.198000,0.000000,0.000000,0.000000,0.000000,0.000000,0.000000
1778064063.255328,manual_slider,1,1,0,0.000000,0.000000,0.000000,0.000000,0.000000,0.000000,0.198000,0.000000,0.000000,0.000000,0.198000,0.000000,0.000000,0.000000,0.000000,0.000000,0.000000
1778064063.305487,manual_slider,1,1,0,0.000000,0.000000,0.000000,0.000000,0.000000,0.000000,0.198000,0.000000,0.000000,0.000000,0.198000,0.000000,0.000000,0.000000,0.000000,0.000000,0.000000
1778064063.355334,manual_slider,1,1,0,0.000000,0.000000,0.000000,0.000000,0.000000,0.000000,0.198000,0.000000,0.000000,0.000000,0.198000,0.000000,0.000000,0.000000,0.000000,0.000000,0.000000
1778064063.405475,manual_slider,1,1,0,0.000000,0.000000,0.000000,0.000000,0.000000,0.000000,0.198000,0.000000,0.000000,0.000000,0.198000,0.000000,0.000000,0.000000,0.000000,0.000000,0.000000
1778064063.455356,manual_slider,1,1,0,0.000000,0.000000,0.000000,0.000000,0.000000,0.000000,0.198000,0.000000,0.000000,0.000000,0.198000,0.000000,0.000000,0.000000,0.000000,0.000000,0.000000
1778064063.505550,manual_slider,1,1,0,0.000000,0.000000,0.000000,0.000000,0.000000,0.000000,0.198000,0.000000,0.000000,0.000000,0.198000,0.000000,0.000000,0.000000,0.000000,0.000000,0.000000
1778064063.555340,manual_slider,1,1,0,0.000000,0.000000,0.000000,0.000000,0.000000,0.000000,0.198000,0.000000,0.000000,0.000000,0.198000,0.000000,0.000000,0.000000,0.000000,0.000000,0.000000
1778064063.605757,manual_slider,1,1,0,0.000000,0.000000,0.000000,0.000000,0.000000,0.000000,0.198000,0.000000,0.000000,0.000000,0.198000,0.000000,0.000000,0.000000,0.000000,0.000000,0.000000
1778064063.655683,manual_slider,1,1,0,0.000000,0.000000,0.000000,0.000000,0.000000,0.000000,0.198000,0.000000,0.000000,0.000000,0.198000,0.000000,0.000000,0.000000,0.000000,0.000000,0.000000
1778064063.705544,manual_slider,1,1,0,0.000000,0.000000,0.000000,0.000000,0.000000,0.000000,0.198000,0.000000,0.000000,0.000000,0.198000,0.000000,0.000000,0.000000,0.000000,0.000000,0.000000
1778064063.755458,manual_slider,1,1,0,0.000000,-0.096000,0.000000,0.000000,0.000000,0.000000,0.198000,0.000000,0.000000,0.000000,0.198000,0.000000,0.000000,0.000000,0.000000,0.000000,0.000000
1778064063.805658,manual_slider,1,1,0,0.000000,-0.216000,0.000000,0.000000,0.000000,0.000000,0.198000,0.000000,0.000000,0.000000,0.198000,0.000000,0.000000,0.000000,0.000000,0.000000,0.000000
1778064063.855297,manual_slider,1,1,0,0.000000,-0.280000,0.000000,0.000000,0.000000,0.000000,0.198000,0.000000,0.000000,0.000000,0.198000,0.000000,0.000000,0.000000,0.000000,0.000000,0.000000
1778064063.905679,manual_slider,1,1,0,0.000000,-0.344000,0.000000,0.000000,0.000000,0.000000,0.198000,0.000000,0.000000,0.000000,0.198000,0.000000,0.000000,0.000000,0.000000,0.000000,0.000000
1778064063.955500,manual_slider,1,1,0,0.000000,-0.376000,0.000000,0.000000,0.000000,0.000000,0.198000,0.000000,0.000000,0.000000,0.198000,0.000000,0.000000,0.000000,0.000000,0.000000,0.000000
1778064064.005832,manual_slider,1,1,0,0.000000,-0.388000,0.000000,0.000000,0.000000,0.000000,0.198000,0.000000,0.000000,0.000000,0.198000,0.000000,0.000000,0.000000,0.000000,0.000000,0.000000
1778064064.055370,manual_slider,1,1,0,0.000000,-0.376000,0.000000,0.000000,0.000000,0.000000,0.198000,0.000000,0.000000,0.000000,0.198000,0.000000,0.000000,0.000000,0.000000,0.000000,0.000000
1778064064.105489,manual_slider,1,1,0,0.000000,-0.376000,0.000000,0.000000,0.000000,0.000000,0.198000,0.000000,0.000000,0.000000,0.198000,0.000000,0.000000,0.000000,0.000000,0.000000,0.000000
1778064064.155339,manual_slider,1,1,0,0.000000,-0.376000,0.000000,0.000000,0.000000,0.000000,0.198000,0.000000,0.000000,0.000000,0.198000,0.000000,0.000000,0.000000,0.000000,0.000000,0.000000
1778064064.205519,manual_slider,1,1,0,0.000000,-0.376000,0.000000,0.000000,0.000000,0.000000,0.198000,0.000000,0.000000,0.000000,0.198000,0.000000,0.000000,0.000000,0.000000,0.000000,0.000000
1778064064.255387,manual_slider,1,1,0,0.000000,-0.376000,0.000000,0.000000,0.000000,0.000000,0.198000,0.000000,0.000000,0.000000,0.198000,0.000000,0.000000,0.000000,0.000000,0.000000,0.000000
1778064064.305477,manual_slider,1,1,0,0.000000,-0.376000,0.000000,0.000000,0.000000,0.000000,0.198000,0.000000,0.000000,0.000000,0.198000,0.000000,0.000000,0.000000,0.000000,0.000000,0.000000
1778064064.355597,manual_slider,1,1,0,0.000000,-0.376000,0.000000,0.000000,0.000000,0.000000,0.198000,0.000000,0.000000,0.000000,0.198000,0.000000,0.000000,0.000000,0.000000,0.000000,0.000000
1778064064.405557,manual_slider,1,1,0,0.000000,-0.376000,0.000000,0.000000,0.000000,0.000000,0.198000,0.000000,0.000000,0.000000,0.198000,0.000000,0.000000,0.000000,0.000000,0.000000,0.000000
1778064064.455586,manual_slider,1,1,0,0.000000,-0.376000,0.000000,0.000000,0.000000,0.000000,0.198000,0.000000,0.000000,0.000000,0.198000,0.000000,0.000000,0.000000,0.000000,0.000000,0.000000
1778064064.505641,manual_slider,1,1,0,0.000000,-0.376000,0.000000,0.000000,0.000000,0.000000,0.198000,0.000000,0.000000,0.000000,0.198000,0.000000,0.000000,0.000000,0.000000,0.000000,0.000000
1778064064.555730,manual_slider,1,1,0,0.000000,-0.376000,0.000000,0.000000,0.000000,0.000000,0.198000,0.000000,0.000000,0.000000,0.198000,0.000000,0.000000,0.000000,0.000000,0.000000,0.000000
1778064064.605593,manual_slider,1,1,0,0.000000,-0.376000,0.000000,0.000000,0.000000,0.000000,0.198000,0.000000,0.000000,0.000000,0.198000,0.000000,0.000000,0.000000,0.000000,0.000000,0.000000
1778064064.655396,manual_slider,1,1,0,0.000000,-0.376000,0.000000,0.000000,0.000000,0.000000,0.198000,0.000000,0.000000,0.000000,0.198000,0.000000,0.000000,0.000000,0.000000,0.000000,0.000000
1778064064.705819,manual_slider,1,1,0,0.000000,-0.376000,0.000000,0.000000,0.000000,0.000000,0.198000,0.000000,0.000000,0.000000,0.198000,0.000000,0.000000,0.000000,0.000000,0.000000,0.000000
1778064064.755440,manual_slider,1,1,0,0.000000,-0.376000,0.000000,0.000000,0.000000,0.000000,0.198000,0.000000,0.000000,0.000000,0.198000,0.000000,0.000000,0.000000,0.000000,0.000000,0.000000
1778064064.805726,manual_slider,1,1,0,0.000000,-0.376000,0.000000,0.000000,0.000000,0.000000,0.198000,0.000000,0.000000,0.000000,0.198000,0.000000,0.000000,0.000000,0.000000,0.000000,0.000000
1778064064.855794,manual_slider,1,1,0,0.000000,-0.268000,0.000000,0.000000,0.000000,0.000000,0.198000,0.000000,0.000000,0.000000,0.198000,0.000000,0.000000,0.000000,0.000000,0.000000,0.000000
1778064064.905478,manual_slider,1,1,0,0.000000,-0.022000,0.000000,0.000000,0.000000,0.000000,0.198000,0.000000,0.000000,0.000000,0.198000,0.000000,0.000000,0.000000,0.000000,0.000000,0.000000
1778064064.955376,manual_slider,1,1,0,0.000000,0.268000,0.000000,0.000000,0.000000,0.000000,0.198000,0.000000,0.000000,0.000000,0.198000,0.000000,0.000000,0.000000,0.000000,0.000000,0.000000
1778064065.005453,manual_slider,1,1,0,0.000000,0.560000,0.000000,0.000000,0.000000,0.000000,0.198000,0.000000,0.000000,0.000000,0.198000,0.000000,0.000000,0.000000,0.000000,0.000000,0.000000
1778064065.055395,manual_slider,1,1,0,0.000000,0.742000,0.000000,0.000000,0.000000,0.000000,0.198000,0.000000,0.000000,0.000000,0.198000,0.000000,0.000000,0.000000,0.000000,0.000000,0.000000
1778064065.105517,manual_slider,1,1,0,0.000000,0.936000,0.000000,0.000000,0.000000,0.000000,0.198000,0.000000,0.000000,0.000000,0.198000,0.000000,0.000000,0.000000,0.000000,0.000000,0.000000
1778064065.155636,manual_slider,1,1,0,0.000000,1.000000,0.000000,0.000000,0.000000,0.000000,0.198000,0.000000,0.000000,0.000000,0.198000,0.000000,0.000000,0.000000,0.000000,0.000000,0.000000
1778064065.205549,manual_slider,1,1,0,0.000000,1.000000,0.000000,0.000000,0.000000,0.000000,0.198000,0.000000,0.000000,0.000000,0.198000,0.000000,0.000000,0.000000,0.000000,0.000000,0.000000
1778064065.255493,manual_slider,1,1,0,0.000000,1.000000,0.000000,0.000000,0.000000,0.000000,0.198000,0.000000,0.000000,0.000000,0.198000,0.000000,0.000000,0.000000,0.000000,0.000000,0.000000
1778064065.305552,manual_slider,1,1,0,0.000000,1.000000,0.000000,0.000000,0.000000,0.000000,0.198000,0.000000,0.000000,0.000000,0.198000,0.000000,0.000000,0.000000,0.000000,0.000000,0.000000
1778064065.355378,manual_slider,1,1,0,0.000000,1.000000,0.000000,0.000000,0.000000,0.000000,0.198000,0.000000,0.000000,0.000000,0.198000,0.000000,0.000000,0.000000,0.000000,0.000000,0.000000
1778064065.405463,manual_slider,1,1,0,0.000000,1.000000,0.000000,0.000000,0.000000,0.000000,0.198000,0.000000,0.000000,0.000000,0.198000,0.000000,0.000000,0.000000,0.000000,0.000000,0.000000
1778064065.455346,manual_slider,1,1,0,0.000000,1.000000,0.000000,0.000000,0.000000,0.000000,0.198000,0.000000,0.000000,0.000000,0.198000,0.000000,0.000000,0.000000,0.000000,0.000000,0.000000
1778064065.507975,manual_slider,1,1,0,0.000000,0.828000,0.000000,0.000000,0.000000,0.000000,0.198000,0.000000,0.000000,0.000000,0.198000,0.000000,0.000000,0.000000,0.000000,0.000000,0.000000
1778064065.555461,manual_slider,1,1,0,0.000000,0.344000,0.000000,0.000000,0.000000,0.000000,0.198000,0.000000,0.000000,0.000000,0.198000,0.000000,0.000000,0.000000,0.000000,0.000000,0.000000
1778064065.606184,manual_slider,1,1,0,0.000000,-0.130000,0.000000,0.000000,0.000000,0.000000,0.198000,0.000000,0.000000,0.000000,0.198000,0.000000,0.000000,0.000000,0.000000,0.000000,0.000000
1778064065.655482,manual_slider,1,1,0,0.000000,-0.408000,0.000000,0.000000,0.000000,0.000000,0.198000,0.000000,0.000000,0.000000,0.198000,0.000000,0.000000,0.000000,0.000000,0.000000,0.000000
1778064065.705796,manual_slider,1,1,0,0.000000,-0.720000,0.000000,0.000000,0.000000,0.000000,0.198000,0.000000,0.000000,0.000000,0.198000,0.000000,0.000000,0.000000,0.000000,0.000000,0.000000
1778064065.755365,manual_slider,1,1,0,0.000000,-0.936000,0.000000,0.000000,0.000000,0.000000,0.198000,0.000000,0.000000,0.000000,0.198000,0.000000,0.000000,0.000000,0.000000,0.000000,0.000000
1778064065.805473,manual_slider,1,1,0,0.000000,-1.000000,0.000000,0.000000,0.000000,0.000000,0.198000,0.000000,0.000000,0.000000,0.198000,0.000000,0.000000,0.000000,0.000000,0.000000,0.000000
1778064065.855328,manual_slider,1,1,0,0.000000,-1.000000,0.000000,0.000000,0.000000,0.000000,0.198000,0.000000,0.000000,0.000000,0.198000,0.000000,0.000000,0.000000,0.000000,0.000000,0.000000
1778064065.905477,manual_slider,1,1,0,0.000000,-1.000000,0.000000,0.000000,0.000000,0.000000,0.198000,0.000000,0.000000,0.000000,0.198000,0.000000,0.000000,0.000000,0.000000,0.000000,0.000000
1778064065.955831,manual_slider,1,1,0,0.000000,-1.000000,0.000000,0.000000,0.000000,0.000000,0.198000,0.000000,0.000000,0.000000,0.198000,0.000000,0.000000,0.000000,0.000000,0.000000,0.000000
1778064066.005639,manual_slider,1,1,0,0.000000,-1.000000,0.000000,0.000000,0.000000,0.000000,0.198000,0.000000,0.000000,0.000000,0.198000,0.000000,0.000000,0.000000,0.000000,0.000000,0.000000
1778064066.055650,manual_slider,1,1,0,0.000000,-0.710000,0.000000,0.000000,0.000000,0.000000,0.198000,0.000000,0.000000,0.000000,0.198000,0.000000,0.000000,0.000000,0.000000,0.000000,0.000000
1778064066.105597,manual_slider,1,1,0,0.000000,-0.268000,0.000000,0.000000,0.000000,0.000000,0.198000,0.000000,0.000000,0.000000,0.198000,0.000000,0.000000,0.000000,0.000000,0.000000,0.000000
1778064066.155396,manual_slider,1,1,0,0.000000,0.076000,0.000000,0.000000,0.000000,0.000000,0.198000,0.000000,0.000000,0.000000,0.198000,0.000000,0.000000,0.000000,0.000000,0.000000,0.000000
1778064066.205529,manual_slider,1,1,0,0.000000,0.366000,0.000000,0.000000,0.000000,0.000000,0.198000,0.000000,0.000000,0.000000,0.198000,0.000000,0.000000,0.000000,0.000000,0.000000,0.000000
1778064066.255358,manual_slider,1,1,0,0.000000,0.516000,0.000000,0.000000,0.000000,0.000000,0.198000,0.000000,0.000000,0.000000,0.198000,0.000000,0.000000,0.000000,0.000000,0.000000,0.000000
1778064066.306122,manual_slider,1,1,0,0.000000,0.602000,0.000000,0.000000,0.000000,0.000000,0.198000,0.000000,0.000000,0.000000,0.198000,0.000000,0.000000,0.000000,0.000000,0.000000,0.000000
1778064066.355514,manual_slider,1,1,0,0.000000,0.634000,0.000000,0.000000,0.000000,0.000000,0.198000,0.000000,0.000000,0.000000,0.198000,0.000000,0.000000,0.000000,0.000000,0.000000,0.000000
1778064066.405795,manual_slider,1,1,0,0.000000,0.656000,0.000000,0.000000,0.000000,0.000000,0.198000,0.000000,0.000000,0.000000,0.198000,0.000000,0.000000,0.000000,0.000000,0.000000,0.000000
1778064066.455305,manual_slider,1,1,0,0.000000,0.666000,0.000000,0.000000,0.000000,0.000000,0.198000,0.000000,0.000000,0.000000,0.198000,0.000000,0.000000,0.000000,0.000000,0.000000,0.000000
1778064066.505529,manual_slider,1,1,0,0.000000,0.666000,0.000000,0.000000,0.000000,0.000000,0.198000,0.000000,0.000000,0.000000,0.198000,0.000000,0.000000,0.000000,0.000000,0.000000,0.000000
1778064066.555330,manual_slider,1,1,0,0.000000,0.494000,0.000000,0.000000,0.000000,0.000000,0.198000,0.000000,0.000000,0.000000,0.198000,0.000000,0.000000,0.000000,0.000000,0.000000,0.000000
1778064066.605489,manual_slider,1,1,0,0.000000,0.268000,0.000000,0.000000,0.000000,0.000000,0.198000,0.000000,0.000000,0.000000,0.198000,0.000000,0.000000,0.000000,0.000000,0.000000,0.000000
1778064066.655532,manual_slider,1,1,0,0.000000,-0.086000,0.000000,0.000000,0.000000,0.000000,0.198000,0.000000,0.000000,0.000000,0.198000,0.000000,0.000000,0.000000,0.000000,0.000000,0.000000
1778064066.705534,manual_slider,1,1,0,0.000000,-0.538000,0.000000,0.000000,0.000000,0.000000,0.198000,0.000000,0.000000,0.000000,0.198000,0.000000,0.000000,0.000000,0.000000,0.000000,0.000000
1778064066.755518,manual_slider,1,1,0,0.000000,-0.882000,0.000000,0.000000,0.000000,0.000000,0.198000,0.000000,0.000000,0.000000,0.198000,0.000000,0.000000,0.000000,0.000000,0.000000,0.000000
1778064066.805549,manual_slider,1,1,0,0.000000,-1.000000,0.000000,0.000000,0.000000,0.000000,0.198000,0.000000,0.000000,0.000000,0.198000,0.000000,0.000000,0.000000,0.000000,0.000000,0.000000
1778064066.855517,manual_slider,1,1,0,0.000000,-1.000000,0.000000,0.000000,0.000000,0.000000,0.198000,0.000000,0.000000,0.000000,0.198000,0.000000,0.000000,0.000000,0.000000,0.000000,0.000000
1778064066.905891,manual_slider,1,1,0,0.000000,-1.000000,0.000000,0.000000,0.000000,0.000000,0.198000,0.000000,0.000000,0.000000,0.198000,0.000000,0.000000,0.000000,0.000000,0.000000,0.000000
1778064066.955457,manual_slider,1,1,0,0.000000,-1.000000,0.000000,0.000000,0.000000,0.000000,0.198000,0.000000,0.000000,0.000000,0.198000,0.000000,0.000000,0.000000,0.000000,0.000000,0.000000
1778064067.005575,manual_slider,1,1,0,0.000000,-1.000000,0.000000,0.000000,0.000000,0.000000,0.198000,0.000000,0.000000,0.000000,0.198000,0.000000,0.000000,0.000000,0.000000,0.000000,0.000000
1778064067.055376,manual_slider,1,1,0,0.000000,-0.936000,0.000000,0.000000,0.000000,0.000000,0.198000,0.000000,0.000000,0.000000,0.198000,0.000000,0.000000,0.000000,0.000000,0.000000,0.000000
1778064067.105980,manual_slider,1,1,0,0.000000,-0.494000,0.000000,0.000000,0.000000,0.000000,0.198000,0.000000,0.000000,0.000000,0.198000,0.000000,0.000000,0.000000,0.000000,0.000000,0.000000
1778064067.155764,manual_slider,1,1,0,0.000000,0.140000,0.000000,0.000000,0.000000,0.000000,0.198000,0.000000,0.000000,0.000000,0.198000,0.000000,0.000000,0.000000,0.000000,0.000000,0.000000
1778064067.206247,manual_slider,1,1,0,0.000000,0.882000,0.000000,0.000000,0.000000,0.000000,0.198000,0.000000,0.000000,0.000000,0.198000,0.000000,0.000000,0.000000,0.000000,0.000000,0.000000
1778064067.255498,manual_slider,1,1,0,0.000000,1.000000,0.000000,0.000000,0.000000,0.000000,0.198000,0.000000,0.000000,0.000000,0.198000,0.000000,0.000000,0.000000,0.000000,0.000000,0.000000
1778064067.305827,manual_slider,1,1,0,0.000000,1.000000,0.000000,0.000000,0.000000,0.000000,0.198000,0.000000,0.000000,0.000000,0.198000,0.000000,0.000000,0.000000,0.000000,0.000000,0.000000
1778064067.355359,manual_slider,1,1,0,0.000000,1.000000,0.000000,0.000000,0.000000,0.000000,0.198000,0.000000,0.000000,0.000000,0.198000,0.000000,0.000000,0.000000,0.000000,0.000000,0.000000
1778064067.405632,manual_slider,1,1,0,0.000000,1.000000,0.000000,0.000000,0.000000,0.000000,0.198000,0.000000,0.000000,0.000000,0.198000,0.000000,0.000000,0.000000,0.000000,0.000000,0.000000
1778064067.455367,manual_slider,1,1,0,0.000000,0.914000,0.000000,0.000000,0.000000,0.000000,0.198000,0.000000,0.000000,0.000000,0.198000,0.000000,0.000000,0.000000,0.000000,0.000000,0.000000
1778064067.505594,manual_slider,1,1,0,0.000000,0.462000,0.000000,0.000000,0.000000,0.000000,0.198000,0.000000,0.000000,0.000000,0.198000,0.000000,0.000000,0.000000,0.000000,0.000000,0.000000
1778064067.555366,manual_slider,1,1,0,0.000000,0.010000,0.000000,0.000000,0.000000,0.000000,0.198000,0.000000,0.000000,0.000000,0.198000,0.000000,0.000000,0.000000,0.000000,0.000000,0.000000
1778064067.605592,manual_slider,1,1,0,0.000000,-0.140000,0.000000,0.000000,0.000000,0.000000,0.198000,0.000000,0.000000,0.000000,0.198000,0.000000,0.000000,0.000000,0.000000,0.000000,0.000000
1778064067.655738,manual_slider,1,1,0,0.000000,-0.140000,0.000000,0.000000,0.000000,0.000000,0.198000,0.000000,0.000000,0.000000,0.198000,0.000000,0.000000,0.000000,0.000000,0.000000,0.000000
1778064067.705688,manual_slider,1,1,0,0.000000,-0.054000,0.000000,0.000000,0.000000,0.000000,0.198000,0.000000,0.000000,0.000000,0.198000,0.000000,0.000000,0.000000,0.000000,0.000000,0.000000
1778064067.755637,manual_slider,1,1,0,0.000000,0.044000,0.000000,0.000000,0.000000,0.000000,0.198000,0.000000,0.000000,0.000000,0.198000,0.000000,0.000000,0.000000,0.000000,0.000000,0.000000
1778064067.805448,manual_slider,1,1,0,0.000000,0.398000,0.000000,0.000000,0.000000,0.000000,0.198000,0.000000,0.000000,0.000000,0.198000,0.000000,0.000000,0.000000,0.000000,0.000000,0.000000
1778064067.855345,manual_slider,1,1,0,0.000000,0.784000,0.000000,0.000000,0.000000,0.000000,0.198000,0.000000,0.000000,0.000000,0.198000,0.000000,0.000000,0.000000,0.000000,0.000000,0.000000
1778064067.905655,manual_slider,1,1,0,0.000000,0.936000,0.000000,0.000000,0.000000,0.000000,0.198000,0.000000,0.000000,0.000000,0.198000,0.000000,0.000000,0.000000,0.000000,0.000000,0.000000
1778064067.955374,manual_slider,1,1,0,0.000000,0.946000,0.000000,0.000000,0.000000,0.000000,0.198000,0.000000,0.000000,0.000000,0.198000,0.000000,0.000000,0.000000,0.000000,0.000000,0.000000
1778064068.006149,manual_slider,1,1,0,0.000000,0.946000,0.000000,0.000000,0.000000,0.000000,0.198000,0.000000,0.000000,0.000000,0.198000,0.000000,0.000000,0.000000,0.000000,0.000000,0.000000
1778064068.055327,manual_slider,1,1,0,0.000000,0.892000,0.000000,0.000000,0.000000,0.000000,0.198000,0.000000,0.000000,0.000000,0.198000,0.000000,0.000000,0.000000,0.000000,0.000000,0.000000
1778064068.105644,manual_slider,1,1,0,0.000000,0.764000,0.000000,0.000000,0.000000,0.000000,0.198000,0.000000,0.000000,0.000000,0.198000,0.000000,0.000000,0.000000,0.000000,0.000000,0.000000
1778064068.155458,manual_slider,1,1,0,0.000000,0.452000,0.000000,0.000000,0.000000,0.000000,0.198000,0.000000,0.000000,0.000000,0.198000,0.000000,0.000000,0.000000,0.000000,0.000000,0.000000
1778064068.205699,manual_slider,1,1,0,0.000000,0.140000,0.000000,0.000000,0.000000,0.000000,0.198000,0.000000,0.000000,0.000000,0.198000,0.000000,0.000000,0.000000,0.000000,0.000000,0.000000
1778064068.255407,manual_slider,1,1,0,0.000000,0.044000,0.000000,0.000000,0.000000,0.000000,0.198000,0.000000,0.000000,0.000000,0.198000,0.000000,0.000000,0.000000,0.000000,0.000000,0.000000
1778064068.305723,manual_slider,1,1,0,0.000000,0.044000,0.000000,0.000000,0.000000,0.000000,0.198000,0.000000,0.000000,0.000000,0.198000,0.000000,0.000000,0.000000,0.000000,0.000000,0.000000
1778064068.355839,manual_slider,1,1,0,0.000000,0.000000,0.000000,0.000000,0.000000,0.000000,0.198000,0.000000,0.000000,0.000000,0.198000,0.000000,0.000000,0.000000,0.000000,0.000000,0.000000
1778064068.405732,manual_slider,1,1,0,0.000000,0.000000,0.000000,0.000000,0.000000,0.000000,0.198000,0.000000,0.000000,0.000000,0.198000,0.000000,0.000000,0.000000,0.000000,0.000000,0.000000
1778064068.455601,manual_slider,1,1,0,0.000000,0.000000,0.000000,0.000000,0.000000,0.000000,0.198000,0.000000,0.000000,0.000000,0.198000,0.000000,0.000000,0.000000,0.000000,0.000000,0.000000
1778064068.505466,manual_slider,1,1,0,0.000000,0.000000,0.000000,0.000000,0.000000,0.000000,0.198000,0.000000,0.000000,0.000000,0.198000,0.000000,0.000000,0.000000,0.000000,0.000000,0.000000
1778064068.555573,manual_slider,1,1,0,0.000000,0.000000,0.000000,0.000000,0.000000,0.000000,0.198000,0.000000,0.000000,0.000000,0.198000,0.000000,0.000000,0.000000,0.000000,0.000000,0.000000
1778064068.605505,manual_slider,1,1,0,0.000000,0.000000,0.000000,0.000000,0.000000,0.000000,0.198000,0.000000,0.000000,0.000000,0.198000,0.000000,0.000000,0.000000,0.000000,0.000000,0.000000
1778064068.655296,manual_slider,1,1,0,0.000000,0.000000,0.000000,0.000000,0.000000,0.000000,0.198000,0.000000,0.000000,0.000000,0.198000,0.000000,0.000000,0.000000,0.000000,0.000000,0.000000
1778064068.705757,manual_slider,1,1,0,0.000000,0.000000,0.000000,0.000000,0.000000,0.000000,0.198000,0.000000,0.000000,0.000000,0.198000,0.000000,0.000000,0.000000,0.000000,0.000000,0.000000
1778064068.755353,manual_slider,1,1,0,0.000000,0.000000,0.000000,0.000000,0.000000,0.000000,0.198000,0.000000,0.000000,0.000000,0.198000,0.000000,0.000000,0.000000,0.000000,0.000000,0.000000
1778064068.805708,manual_slider,1,1,0,0.000000,0.000000,0.000000,0.000000,0.000000,0.000000,0.198000,0.000000,0.000000,0.000000,0.198000,0.000000,0.000000,0.000000,0.000000,0.000000,0.000000
1778064068.855457,manual_slider,1,1,0,0.000000,0.000000,0.000000,0.000000,0.000000,0.000000,0.198000,0.000000,0.000000,0.000000,0.198000,0.000000,0.000000,0.000000,0.000000,0.000000,0.000000
1778064068.905599,manual_slider,1,1,0,0.000000,0.000000,0.000000,0.000000,0.000000,0.000000,0.198000,0.000000,0.000000,0.000000,0.198000,0.000000,0.000000,0.000000,0.000000,0.000000,0.000000
1778064068.955583,manual_slider,1,1,0,0.000000,0.000000,0.000000,0.000000,0.000000,0.000000,0.198000,0.000000,0.000000,0.000000,0.198000,0.000000,0.000000,0.000000,0.000000,0.000000,0.000000
1778064069.005585,manual_slider,1,1,0,0.000000,0.000000,0.000000,0.000000,0.000000,0.000000,0.198000,0.000000,0.000000,0.000000,0.198000,0.000000,0.000000,0.000000,0.000000,0.000000,0.000000
1778064069.055376,manual_slider,1,1,0,0.000000,0.000000,0.000000,0.000000,0.000000,0.000000,0.198000,0.000000,0.000000,0.000000,0.198000,0.000000,0.000000,0.000000,0.000000,0.000000,0.000000
1778064069.105559,manual_slider,1,1,0,0.000000,0.000000,0.000000,0.000000,0.000000,0.000000,0.198000,0.000000,0.000000,0.000000,0.198000,0.000000,0.000000,0.000000,0.000000,0.000000,0.000000
1778064069.155646,manual_slider,1,1,0,0.000000,0.000000,0.000000,0.000000,0.000000,0.000000,0.198000,0.000000,0.000000,0.000000,0.198000,0.000000,0.000000,0.000000,0.000000,0.000000,0.000000
1778064069.205618,manual_slider,1,1,0,0.000000,0.000000,0.000000,0.000000,0.000000,0.000000,0.198000,0.000000,0.000000,0.000000,0.198000,0.000000,0.000000,0.000000,0.000000,0.000000,0.000000
1778064069.255560,manual_slider,1,1,0,0.000000,0.000000,0.000000,0.000000,0.000000,0.000000,0.198000,0.000000,0.000000,0.000000,0.198000,0.000000,0.000000,0.000000,0.000000,0.000000,0.000000
1778064069.305574,manual_slider,1,1,0,0.000000,0.000000,0.000000,0.000000,0.000000,0.000000,0.198000,0.000000,0.000000,0.000000,0.198000,0.000000,0.000000,0.000000,0.000000,0.000000,0.000000
1778064069.355382,manual_slider,1,1,0,0.000000,0.000000,0.000000,0.000000,0.000000,0.000000,0.198000,0.000000,0.000000,0.000000,0.198000,0.000000,0.000000,0.000000,0.000000,0.000000,0.000000
1778064069.405582,manual_slider,1,1,0,0.000000,0.000000,0.000000,0.000000,0.000000,0.000000,0.198000,0.000000,0.000000,0.000000,0.198000,0.000000,0.000000,0.000000,0.000000,0.000000,0.000000
1778064069.455520,manual_slider,1,1,0,0.000000,0.000000,0.000000,0.000000,0.000000,0.000000,0.198000,0.000000,0.000000,0.000000,0.198000,0.000000,0.000000,0.000000,0.000000,0.000000,0.000000
1778064069.505739,manual_slider,1,1,0,0.000000,0.000000,0.000000,0.000000,0.000000,0.000000,0.198000,0.000000,0.000000,0.000000,0.198000,0.000000,0.000000,0.000000,0.000000,0.000000,0.000000
1778064069.555329,manual_slider,1,1,0,0.000000,0.000000,0.000000,0.000000,0.000000,0.000000,0.198000,0.000000,0.000000,0.000000,0.198000,0.000000,0.000000,0.000000,0.000000,0.000000,0.000000
1778064069.605722,manual_slider,1,1,0,0.000000,0.000000,0.000000,0.000000,0.000000,0.000000,0.198000,0.000000,0.000000,0.000000,0.198000,0.000000,0.000000,0.000000,0.000000,0.000000,0.000000
1778064069.655480,manual_slider,1,1,0,0.000000,0.000000,0.000000,0.000000,0.000000,0.000000,0.198000,0.000000,0.000000,0.000000,0.198000,0.000000,0.000000,0.000000,0.000000,0.000000,0.000000
1778064069.705600,manual_slider,1,1,0,0.000000,0.000000,0.000000,0.000000,0.000000,0.000000,0.198000,0.000000,0.000000,0.000000,0.198000,0.000000,0.000000,0.000000,0.000000,0.000000,0.000000
1778064069.755613,manual_slider,1,1,0,0.000000,0.000000,0.000000,0.000000,0.000000,0.000000,0.198000,0.000000,0.000000,0.000000,0.198000,0.000000,0.000000,0.000000,0.000000,0.000000,0.000000
1778064069.805615,manual_slider,1,1,0,0.000000,0.000000,0.000000,0.000000,0.000000,0.000000,0.198000,0.000000,0.000000,0.000000,0.198000,0.000000,0.000000,0.000000,0.000000,0.000000,0.000000
1778064069.855607,manual_slider,1,1,0,0.000000,0.000000,0.000000,0.000000,0.000000,0.000000,0.198000,0.000000,0.000000,0.000000,0.198000,0.000000,0.000000,0.000000,0.000000,0.000000,0.000000
1778064069.905674,manual_slider,1,1,0,0.000000,0.000000,0.000000,0.000000,0.000000,0.000000,0.198000,0.000000,0.000000,0.000000,0.198000,0.000000,0.000000,0.000000,0.000000,0.000000,0.000000
1778064069.955869,manual_slider,1,1,0,0.000000,0.000000,0.000000,0.000000,0.000000,0.000000,0.198000,0.000000,0.000000,0.000000,0.198000,0.000000,0.000000,0.000000,0.000000,0.000000,0.000000
1778064070.005736,manual_slider,1,1,0,0.000000,0.000000,-0.200000,0.000000,0.000000,0.000000,0.198000,0.000000,0.000000,0.000000,0.198000,0.000000,0.000000,0.000000,0.000000,0.000000,0.000000
1778064070.055529,manual_slider,1,1,0,0.000000,0.000000,-0.600000,0.000000,0.000000,0.000000,0.198000,0.000000,0.000000,0.000000,0.198000,0.000000,0.000000,0.000000,0.000000,0.000000,0.000000
1778064070.105417,manual_slider,1,1,0,0.000000,0.000000,-0.828000,0.000000,0.000000,0.000000,0.198000,0.000000,0.000000,0.000000,0.198000,0.000000,0.000000,0.000000,0.000000,0.000000,0.000000
1778064070.155461,manual_slider,1,1,0,0.000000,0.000000,-0.914000,0.000000,0.000000,0.000000,0.198000,0.000000,0.000000,0.000000,0.198000,0.000000,0.000000,0.000000,0.000000,0.000000,0.000000
1778064070.205583,manual_slider,1,1,0,0.000000,0.000000,-0.924000,0.000000,0.000000,0.000000,0.198000,0.000000,0.000000,0.000000,0.198000,0.000000,0.000000,0.000000,0.000000,0.000000,0.000000
1778064070.255437,manual_slider,1,1,0,0.000000,0.000000,-0.924000,0.000000,0.000000,0.000000,0.198000,0.000000,0.000000,0.000000,0.198000,0.000000,0.000000,0.000000,0.000000,0.000000,0.000000
1778064070.307165,manual_slider,1,1,0,0.000000,0.000000,-0.816000,0.000000,0.000000,0.000000,0.198000,0.000000,0.000000,0.000000,0.198000,0.000000,0.000000,0.000000,0.000000,0.000000,0.000000
1778064070.355568,manual_slider,1,1,0,0.000000,0.000000,-0.502000,0.000000,0.000000,0.000000,0.198000,0.000000,0.000000,0.000000,0.198000,0.000000,0.000000,0.000000,0.000000,0.000000,0.000000
1778064070.405619,manual_slider,1,1,0,0.000000,0.000000,0.114000,0.000000,0.000000,0.000000,0.198000,0.000000,0.000000,0.000000,0.198000,0.000000,0.000000,0.000000,0.000000,0.000000,0.000000
1778064070.455457,manual_slider,1,1,0,0.000000,0.000000,0.752000,0.000000,0.000000,0.000000,0.198000,0.000000,0.000000,0.000000,0.198000,0.000000,0.000000,0.000000,0.000000,0.000000,0.000000
1778064070.505517,manual_slider,1,1,0,0.000000,0.000000,1.000000,0.000000,0.000000,0.000000,0.198000,0.000000,0.000000,0.000000,0.198000,0.000000,0.000000,0.000000,0.000000,0.000000,0.000000
1778064070.555343,manual_slider,1,1,0,0.000000,0.000000,1.000000,0.000000,0.000000,0.000000,0.198000,0.000000,0.000000,0.000000,0.198000,0.000000,0.000000,0.000000,0.000000,0.000000,0.000000
1778064070.605472,manual_slider,1,1,0,0.000000,0.000000,1.000000,0.000000,0.000000,0.000000,0.198000,0.000000,0.000000,0.000000,0.198000,0.000000,0.000000,0.000000,0.000000,0.000000,0.000000
1778064070.655457,manual_slider,1,1,0,0.000000,0.000000,1.000000,0.000000,0.000000,0.000000,0.198000,0.000000,0.000000,0.000000,0.198000,0.000000,0.000000,0.000000,0.000000,0.000000,0.000000
1778064070.705614,manual_slider,1,1,0,0.000000,0.000000,1.000000,0.000000,0.000000,0.000000,0.198000,0.000000,0.000000,0.000000,0.198000,0.000000,0.000000,0.000000,0.000000,0.000000,0.000000
1778064070.755990,manual_slider,1,1,0,0.000000,0.000000,0.394000,0.000000,0.000000,0.000000,0.198000,0.000000,0.000000,0.000000,0.198000,0.000000,0.000000,0.000000,0.000000,0.000000,0.000000
1778064070.805600,manual_slider,1,1,0,0.000000,0.000000,-0.016000,0.000000,0.000000,0.000000,0.198000,0.000000,0.000000,0.000000,0.198000,0.000000,0.000000,0.000000,0.000000,0.000000,0.000000
1778064070.855677,manual_slider,1,1,0,0.000000,0.000000,-0.156000,0.000000,0.000000,0.000000,0.198000,0.000000,0.000000,0.000000,0.198000,0.000000,0.000000,0.000000,0.000000,0.000000,0.000000
1778064070.905536,manual_slider,1,1,0,0.000000,0.000000,-0.178000,0.000000,0.000000,0.000000,0.198000,0.000000,0.000000,0.000000,0.198000,0.000000,0.000000,0.000000,0.000000,0.000000,0.000000
1778064070.955353,manual_slider,1,1,0,0.000000,0.000000,-0.168000,0.000000,0.000000,0.000000,0.198000,0.000000,0.000000,0.000000,0.198000,0.000000,0.000000,0.000000,0.000000,0.000000,0.000000
1778064071.005543,manual_slider,1,1,0,0.000000,0.000000,-0.156000,0.000000,0.000000,0.000000,0.198000,0.000000,0.000000,0.000000,0.198000,0.000000,0.000000,0.000000,0.000000,0.000000,0.000000
1778064071.055365,manual_slider,1,1,0,0.000000,0.000000,-0.124000,0.000000,0.000000,0.000000,0.198000,0.000000,0.000000,0.000000,0.198000,0.000000,0.000000,0.000000,0.000000,0.000000,0.000000
1778064071.105776,manual_slider,1,1,0,0.000000,0.000000,-0.092000,0.000000,0.000000,0.000000,0.198000,0.000000,0.000000,0.000000,0.198000,0.000000,0.000000,0.000000,0.000000,0.000000,0.000000
1778064071.155708,manual_slider,1,1,0,0.000000,0.000000,-0.070000,0.000000,0.000000,0.000000,0.198000,0.000000,0.000000,0.000000,0.198000,0.000000,0.000000,0.000000,0.000000,0.000000,0.000000
1778064071.206185,manual_slider,1,1,0,0.000000,0.000000,-0.060000,0.000000,0.000000,0.000000,0.198000,0.000000,0.000000,0.000000,0.198000,0.000000,0.000000,0.000000,0.000000,0.000000,0.000000
1778064071.255611,manual_slider,1,1,0,0.000000,0.000000,0.000000,0.000000,0.000000,0.000000,0.198000,0.000000,0.000000,0.000000,0.198000,0.000000,0.000000,0.000000,0.000000,0.000000,0.000000
1778064071.305611,manual_slider,1,1,0,0.000000,0.000000,0.000000,0.000000,0.000000,0.000000,0.198000,0.000000,0.000000,0.000000,0.198000,0.000000,0.000000,0.000000,0.000000,0.000000,0.000000
1778064071.355526,manual_slider,1,1,0,0.000000,0.000000,0.000000,0.000000,0.000000,0.000000,0.198000,0.000000,0.000000,0.000000,0.198000,0.000000,0.000000,0.000000,0.000000,0.000000,0.000000
1778064071.405538,manual_slider,1,1,0,0.000000,0.000000,0.000000,0.000000,0.000000,0.000000,0.198000,0.000000,0.000000,0.000000,0.198000,0.000000,0.000000,0.000000,0.000000,0.000000,0.000000
1778064071.455354,manual_slider,1,1,0,0.000000,0.000000,0.000000,0.000000,0.000000,0.000000,0.198000,0.000000,0.000000,0.000000,0.198000,0.000000,0.000000,0.000000,0.000000,0.000000,0.000000
1778064071.505644,manual_slider,1,1,0,0.000000,0.000000,0.000000,0.000000,0.000000,0.000000,0.198000,0.000000,0.000000,0.000000,0.198000,0.000000,0.000000,0.000000,0.000000,0.000000,0.000000
1778064071.555790,manual_slider,1,1,0,0.000000,0.000000,0.000000,0.000000,0.000000,0.000000,0.198000,0.000000,0.000000,0.000000,0.198000,0.000000,0.000000,0.000000,0.000000,0.000000,0.000000
1778064071.605433,manual_slider,1,1,0,0.000000,0.000000,0.000000,0.000000,0.000000,0.000000,0.198000,0.000000,0.000000,0.000000,0.198000,0.000000,0.000000,0.000000,0.000000,0.000000,0.000000
1778064071.655530,manual_slider,1,1,0,0.000000,0.000000,0.000000,0.000000,0.000000,0.000000,0.198000,0.000000,0.000000,0.000000,0.198000,0.000000,0.000000,0.000000,0.000000,0.000000,0.000000
1778064071.705595,manual_slider,1,1,0,0.000000,0.000000,0.000000,0.000000,0.000000,0.000000,0.198000,0.000000,0.000000,0.000000,0.198000,0.000000,0.000000,0.000000,0.000000,0.000000,0.000000
1778064071.756116,manual_slider,1,1,0,0.000000,0.000000,0.000000,0.000000,0.000000,0.000000,0.198000,0.000000,0.000000,0.000000,0.198000,0.000000,0.000000,0.000000,0.000000,0.000000,0.000000
1778064071.805567,manual_slider,1,1,0,0.000000,0.000000,0.000000,0.000000,0.000000,0.000000,0.198000,0.000000,0.000000,0.000000,0.198000,0.000000,0.000000,0.000000,0.000000,0.000000,0.000000
1778064071.855363,manual_slider,1,1,0,0.000000,0.000000,0.000000,0.000000,0.000000,0.000000,0.198000,0.000000,0.000000,0.000000,0.198000,0.000000,0.000000,0.000000,0.000000,0.000000,0.000000
1778064071.906620,manual_slider,1,1,0,0.000000,0.000000,0.000000,0.000000,0.000000,0.000000,0.198000,0.000000,0.000000,0.000000,0.198000,0.000000,0.000000,0.000000,0.000000,0.000000,0.000000
1778064071.955426,manual_slider,1,1,0,0.000000,0.000000,0.000000,0.000000,0.000000,0.000000,0.198000,0.000000,0.000000,0.000000,0.198000,0.000000,0.000000,0.000000,0.000000,0.000000,0.000000
1778064072.005722,manual_slider,1,1,0,0.000000,0.000000,0.000000,0.020000,0.000000,0.000000,0.198000,0.000000,0.000000,0.000000,0.198000,0.000000,0.000000,0.000000,0.000000,0.000000,0.000000
1778064072.055392,manual_slider,1,1,0,0.000000,0.000000,0.000000,0.020000,0.000000,0.000000,0.198000,0.000000,0.000000,0.000000,0.198000,0.000000,0.000000,0.000000,0.000000,0.000000,0.000000
1778064072.105715,manual_slider,1,1,0,0.000000,0.000000,0.000000,0.020000,0.000000,0.000000,0.198000,0.000000,0.000000,0.000000,0.198000,0.000000,0.000000,0.000000,0.000000,0.000000,0.000000
1778064072.155415,manual_slider,1,1,0,0.000000,0.000000,0.000000,0.020000,0.000000,0.000000,0.198000,0.000000,0.000000,0.000000,0.198000,0.000000,0.000000,0.000000,0.000000,0.000000,0.000000
1778064072.205815,manual_slider,1,1,0,0.000000,0.000000,0.000000,0.020000,0.000000,0.000000,0.198000,0.000000,0.000000,0.000000,0.198000,0.000000,0.000000,0.000000,0.000000,0.000000,0.000000
1778064072.255425,manual_slider,1,1,0,0.000000,0.000000,0.000000,0.020000,0.000000,0.000000,0.198000,0.000000,0.000000,0.000000,0.198000,0.000000,0.000000,0.000000,0.000000,0.000000,0.000000
1778064072.305538,manual_slider,1,1,0,0.000000,0.000000,0.000000,0.020000,0.000000,0.000000,0.198000,0.000000,0.000000,0.000000,0.198000,0.000000,0.000000,0.000000,0.000000,0.000000,0.000000
1778064072.355459,manual_slider,1,1,0,0.000000,0.000000,0.000000,0.020000,0.000000,0.000000,0.198000,0.000000,0.000000,0.000000,0.198000,0.000000,0.000000,0.000000,0.000000,0.000000,0.000000
1778064072.405582,manual_slider,1,1,0,0.000000,0.000000,0.000000,0.020000,0.000000,0.000000,0.198000,0.000000,0.000000,0.000000,0.198000,0.000000,0.000000,0.000000,0.000000,0.000000,0.000000
1778064072.455514,manual_slider,1,1,0,0.000000,0.000000,0.000000,0.020000,0.000000,0.000000,0.198000,0.000000,0.000000,0.000000,0.198000,0.000000,0.000000,0.000000,0.000000,0.000000,0.000000
1778064072.505567,manual_slider,1,1,0,0.000000,0.000000,0.000000,0.020000,0.000000,0.000000,0.198000,0.000000,0.000000,0.000000,0.198000,0.000000,0.000000,0.000000,0.000000,0.000000,0.000000
1778064072.555398,manual_slider,1,1,0,0.000000,0.000000,0.000000,0.040000,0.000000,0.000000,0.198000,0.000000,0.000000,0.000000,0.198000,0.000000,0.000000,0.000000,0.000000,0.000000,0.000000
1778064072.605624,manual_slider,1,1,0,0.000000,0.000000,0.000000,0.060000,0.000000,0.000000,0.198000,0.000000,0.000000,0.000000,0.198000,0.000000,0.000000,0.000000,0.000000,0.000000,0.000000
1778064072.655553,manual_slider,1,1,0,0.000000,0.000000,0.000000,0.080000,0.000000,0.000000,0.198000,0.000000,0.000000,0.000000,0.198000,0.000000,0.000000,0.000000,0.000000,0.000000,0.000000
1778064072.705789,manual_slider,1,1,0,0.000000,0.000000,0.000000,0.100000,0.000000,0.000000,0.198000,0.000000,0.000000,0.000000,0.198000,0.000000,0.000000,0.000000,0.000000,0.000000,0.000000
1778064072.755342,manual_slider,1,1,0,0.000000,0.000000,0.000000,0.120000,0.000000,0.000000,0.198000,0.000000,0.000000,0.000000,0.198000,0.000000,0.000000,0.000000,0.000000,0.000000,0.000000
1778064072.805718,manual_slider,1,1,0,0.000000,0.000000,0.000000,0.120000,0.000000,0.000000,0.198000,0.000000,0.000000,0.000000,0.198000,0.000000,0.000000,0.000000,0.000000,0.000000,0.000000
1778064072.855412,manual_slider,1,1,0,0.000000,0.000000,0.000000,0.120000,0.000000,0.000000,0.198000,0.000000,0.000000,0.000000,0.198000,0.000000,0.000000,0.000000,0.000000,0.000000,0.000000
1778064072.905534,manual_slider,1,1,0,0.000000,0.000000,0.000000,0.120000,0.000000,0.000000,0.198000,0.000000,0.000000,0.000000,0.198000,0.000000,0.000000,0.000000,0.000000,0.000000,0.000000
1778064072.955375,manual_slider,1,1,0,0.000000,0.000000,0.000000,0.120000,0.000000,0.000000,0.198000,0.000000,0.000000,0.000000,0.198000,0.000000,0.000000,0.000000,0.000000,0.000000,0.000000
1778064073.005650,manual_slider,1,1,0,0.000000,0.000000,0.000000,0.120000,0.000000,0.000000,0.198000,0.000000,0.000000,0.000000,0.198000,0.000000,0.000000,0.000000,0.000000,0.000000,0.000000
1778064073.055389,manual_slider,1,1,0,0.000000,0.000000,0.000000,0.120000,0.000000,0.000000,0.198000,0.000000,0.000000,0.000000,0.198000,0.000000,0.000000,0.000000,0.000000,0.000000,0.000000
1778064073.105721,manual_slider,1,1,0,0.000000,0.000000,0.000000,0.120000,0.000000,0.000000,0.198000,0.000000,0.000000,0.000000,0.198000,0.000000,0.000000,0.000000,0.000000,0.000000,0.000000
1778064073.155722,manual_slider,1,1,0,0.000000,0.000000,0.000000,0.120000,0.000000,0.000000,0.198000,0.000000,0.000000,0.000000,0.198000,0.000000,0.000000,0.000000,0.000000,0.000000,0.000000
1778064073.205571,manual_slider,1,1,0,0.000000,0.000000,0.000000,0.120000,0.000000,0.000000,0.198000,0.000000,0.000000,0.000000,0.198000,0.000000,0.000000,0.000000,0.000000,0.000000,0.000000
1778064073.255782,manual_slider,1,1,0,0.000000,0.000000,0.000000,0.120000,0.000000,0.000000,0.198000,0.000000,0.000000,0.000000,0.198000,0.000000,0.000000,0.000000,0.000000,0.000000,0.000000
1778064073.305661,manual_slider,1,1,0,0.000000,0.000000,0.000000,0.120000,0.000000,0.000000,0.198000,0.000000,0.000000,0.000000,0.198000,0.000000,0.000000,0.000000,0.000000,0.000000,0.000000
1778064073.355386,manual_slider,1,1,0,0.000000,0.000000,0.000000,0.120000,0.000000,0.000000,0.198000,0.000000,0.000000,0.000000,0.198000,0.000000,0.000000,0.000000,0.000000,0.000000,0.000000
1778064073.405663,manual_slider,1,1,0,0.000000,0.000000,0.000000,0.120000,0.000000,0.000000,0.198000,0.000000,0.000000,0.000000,0.198000,0.000000,0.000000,0.000000,0.000000,0.000000,0.000000
1778064073.455426,manual_slider,1,1,0,0.000000,0.000000,0.000000,0.120000,0.000000,0.000000,0.198000,0.000000,0.000000,0.000000,0.198000,0.000000,0.000000,0.000000,0.000000,0.000000,0.000000
1778064073.505734,manual_slider,1,1,0,0.000000,0.000000,0.000000,0.120000,0.000000,0.000000,0.198000,0.000000,0.000000,0.000000,0.198000,0.000000,0.000000,0.000000,0.000000,0.000000,0.000000
1778064073.555371,manual_slider,1,1,0,0.000000,0.000000,0.000000,0.120000,0.000000,0.000000,0.198000,0.000000,0.000000,0.000000,0.198000,0.000000,0.000000,0.000000,0.000000,0.000000,0.000000
1778064073.605862,manual_slider,1,1,0,0.000000,0.000000,0.000000,0.120000,0.000000,0.000000,0.198000,0.000000,0.000000,0.000000,0.198000,0.000000,0.000000,0.000000,0.000000,0.000000,0.000000
1778064073.655370,manual_slider,1,1,0,0.000000,0.000000,0.000000,0.120000,0.000000,0.000000,0.198000,0.000000,0.000000,0.000000,0.198000,0.000000,0.000000,0.000000,0.000000,0.000000,0.000000
1778064073.705532,manual_slider,1,1,0,0.000000,0.000000,0.000000,0.120000,0.000000,0.000000,0.198000,0.000000,0.000000,0.000000,0.198000,0.000000,0.000000,0.000000,0.000000,0.000000,0.000000
1778064073.755398,manual_slider,1,1,0,0.000000,0.000000,0.000000,0.120000,0.000000,0.000000,0.198000,0.000000,0.000000,0.000000,0.198000,0.000000,0.000000,0.000000,0.000000,0.000000,0.000000
1778064073.805509,manual_slider,1,1,0,0.000000,0.000000,0.000000,0.120000,0.000000,0.000000,0.198000,0.000000,0.000000,0.000000,0.198000,0.000000,0.000000,0.000000,0.000000,0.000000,0.000000
1778064073.855391,manual_slider,1,1,0,0.000000,0.000000,0.000000,0.120000,0.000000,0.000000,0.198000,0.000000,0.000000,0.000000,0.198000,0.000000,0.000000,0.000000,0.000000,0.000000,0.000000
1778064073.905510,manual_slider,1,1,0,0.000000,0.000000,0.000000,0.120000,0.000000,0.000000,0.198000,0.000000,0.000000,0.000000,0.198000,0.000000,0.000000,0.000000,0.000000,0.000000,0.000000
1778064073.955485,manual_slider,1,1,0,0.000000,0.000000,0.000000,0.120000,0.000000,0.000000,0.198000,0.000000,0.000000,0.000000,0.198000,0.000000,0.000000,0.000000,0.000000,0.000000,0.000000
1778064074.005490,manual_slider,1,1,0,0.000000,0.000000,0.000000,0.120000,0.000000,0.000000,0.198000,0.000000,0.000000,0.000000,0.198000,0.000000,0.000000,0.000000,0.000000,0.000000,0.000000
1778064074.055617,manual_slider,1,1,0,0.000000,0.000000,0.000000,0.120000,0.000000,0.000000,0.198000,0.000000,0.000000,0.000000,0.198000,0.000000,0.000000,0.000000,0.000000,0.000000,0.000000
1778064074.105627,manual_slider,1,1,0,0.000000,0.000000,0.000000,0.120000,0.000000,0.000000,0.198000,0.000000,0.000000,0.000000,0.198000,0.000000,0.000000,0.000000,0.000000,0.000000,0.000000
1778064074.155475,manual_slider,1,1,0,0.000000,0.000000,0.000000,0.120000,0.000000,0.000000,0.198000,0.000000,0.000000,0.000000,0.198000,0.000000,0.000000,0.000000,0.000000,0.000000,0.000000
1778064074.205572,manual_slider,1,1,0,0.000000,0.000000,0.000000,0.120000,0.000000,0.000000,0.198000,0.000000,0.000000,0.000000,0.198000,0.000000,0.000000,0.000000,0.000000,0.000000,0.000000
1778064074.255349,manual_slider,1,1,0,0.000000,0.000000,0.000000,0.120000,0.000000,0.000000,0.198000,0.000000,0.000000,0.000000,0.198000,0.000000,0.000000,0.000000,0.000000,0.000000,0.000000
1778064074.305606,manual_slider,1,1,0,0.000000,0.000000,0.000000,0.120000,0.000000,0.000000,0.198000,0.000000,0.000000,0.000000,0.198000,0.000000,0.000000,0.000000,0.000000,0.000000,0.000000
1778064074.355329,manual_slider,1,1,0,0.000000,0.000000,0.000000,0.120000,0.000000,0.000000,0.198000,0.000000,0.000000,0.000000,0.198000,0.000000,0.000000,0.000000,0.000000,0.000000,0.000000
1778064074.405759,manual_slider,1,1,0,0.000000,0.000000,0.000000,0.120000,0.000000,0.000000,0.198000,0.000000,0.000000,0.000000,0.198000,0.000000,0.000000,0.000000,0.000000,0.000000,0.000000
1778064074.455528,manual_slider,1,1,0,0.000000,0.000000,0.000000,0.120000,0.000000,0.000000,0.198000,0.000000,0.000000,0.000000,0.198000,0.000000,0.000000,0.000000,0.000000,0.000000,0.000000
1778064074.505623,manual_slider,1,1,0,0.000000,0.000000,0.000000,0.120000,0.000000,0.000000,0.198000,0.000000,0.000000,0.000000,0.198000,0.000000,0.000000,0.000000,0.000000,0.000000,0.000000
1778064074.555515,manual_slider,1,1,0,0.000000,0.000000,0.000000,0.120000,0.000000,0.000000,0.198000,0.000000,0.000000,0.000000,0.198000,0.000000,0.000000,0.000000,0.000000,0.000000,0.000000
1778064074.605715,manual_slider,1,1,0,0.000000,0.000000,0.000000,0.120000,0.000000,0.000000,0.198000,0.000000,0.000000,0.000000,0.198000,0.000000,0.000000,0.000000,0.000000,0.000000,0.000000
1778064074.655651,manual_slider,1,1,0,0.000000,0.000000,0.000000,0.120000,0.000000,0.000000,0.198000,0.000000,0.000000,0.000000,0.198000,0.000000,0.000000,0.000000,0.000000,0.000000,0.000000
1778064074.705645,manual_slider,1,1,0,0.000000,0.000000,0.000000,0.120000,0.000000,0.000000,0.198000,0.000000,0.000000,0.000000,0.198000,0.000000,0.000000,0.000000,0.000000,0.000000,0.000000
1778064074.755525,manual_slider,1,1,0,0.000000,0.000000,0.000000,0.120000,0.000000,0.000000,0.198000,0.000000,0.000000,0.000000,0.198000,0.000000,0.000000,0.000000,0.000000,0.000000,0.000000
1778064074.805586,manual_slider,1,1,0,0.000000,0.000000,0.000000,0.120000,0.000000,0.000000,0.198000,0.000000,0.000000,0.000000,0.198000,0.000000,0.000000,0.000000,0.000000,0.000000,0.000000
1778064074.855579,manual_slider,1,1,0,0.000000,0.000000,0.000000,0.120000,0.000000,0.000000,0.198000,0.000000,0.000000,0.000000,0.198000,0.000000,0.000000,0.000000,0.000000,0.000000,0.000000
1778064074.905464,manual_slider,1,1,0,0.000000,0.000000,0.000000,0.120000,0.000000,0.000000,0.198000,0.000000,0.000000,0.000000,0.198000,0.000000,0.000000,0.000000,0.000000,0.000000,0.000000
1778064074.955351,manual_slider,1,1,0,0.000000,0.000000,0.000000,0.120000,0.000000,0.000000,0.198000,0.000000,0.000000,0.000000,0.198000,0.000000,0.000000,0.000000,0.000000,0.000000,0.000000
1778064075.005482,manual_slider,1,1,0,0.000000,0.000000,0.000000,-0.972000,0.000000,0.000000,0.198000,0.000000,0.000000,0.000000,0.198000,0.000000,0.000000,0.000000,0.000000,0.000000,0.000000
1778064075.055369,manual_slider,1,1,0,0.000000,0.000000,0.000000,-1.956000,0.000000,0.000000,0.198000,0.000000,0.000000,0.000000,0.198000,0.000000,0.000000,0.000000,0.000000,0.000000,0.000000
1778064075.107562,manual_slider,1,1,0,0.000000,0.000000,0.000000,-2.000000,0.000000,0.000000,0.198000,0.000000,0.000000,0.000000,0.198000,0.000000,0.000000,0.000000,0.000000,0.000000,0.000000
1778064075.155364,manual_slider,1,1,0,0.000000,0.000000,0.000000,-2.000000,0.000000,0.000000,0.198000,0.000000,0.000000,0.000000,0.198000,0.000000,0.000000,0.000000,0.000000,0.000000,0.000000
1778064075.205649,manual_slider,1,1,0,0.000000,0.000000,0.000000,-2.000000,0.000000,0.000000,0.198000,0.000000,0.000000,0.000000,0.198000,0.000000,0.000000,0.000000,0.000000,0.000000,0.000000
1778064075.255359,manual_slider,1,1,0,0.000000,0.000000,0.000000,-2.000000,0.000000,0.000000,0.198000,0.000000,0.000000,0.000000,0.198000,0.000000,0.000000,0.000000,0.000000,0.000000,0.000000
1778064075.305778,manual_slider,1,1,0,0.000000,0.000000,0.000000,-2.000000,0.000000,0.000000,0.198000,0.000000,0.000000,0.000000,0.198000,0.000000,0.000000,0.000000,0.000000,0.000000,0.000000
1778064075.355533,manual_slider,1,1,0,0.000000,0.000000,0.000000,-1.264000,0.000000,0.000000,0.198000,0.000000,0.000000,0.000000,0.198000,0.000000,0.000000,0.000000,0.000000,0.000000,0.000000
1778064075.405496,manual_slider,1,1,0,0.000000,0.000000,0.000000,-0.144000,0.000000,0.000000,0.198000,0.000000,0.000000,0.000000,0.198000,0.000000,0.000000,0.000000,0.000000,0.000000,0.000000
1778064075.455348,manual_slider,1,1,0,0.000000,0.000000,0.000000,0.860000,0.000000,0.000000,0.198000,0.000000,0.000000,0.000000,0.198000,0.000000,0.000000,0.000000,0.000000,0.000000,0.000000
1778064075.505524,manual_slider,1,1,0,0.000000,0.000000,0.000000,1.264000,0.000000,0.000000,0.198000,0.000000,0.000000,0.000000,0.198000,0.000000,0.000000,0.000000,0.000000,0.000000,0.000000
1778064075.555630,manual_slider,1,1,0,0.000000,0.000000,0.000000,1.732000,0.000000,0.000000,0.198000,0.000000,0.000000,0.000000,0.198000,0.000000,0.000000,0.000000,0.000000,0.000000,0.000000
1778064075.605641,manual_slider,1,1,0,0.000000,0.000000,0.000000,2.000000,0.000000,0.000000,0.198000,0.000000,0.000000,0.000000,0.198000,0.000000,0.000000,0.000000,0.000000,0.000000,0.000000
1778064075.655573,manual_slider,1,1,0,0.000000,0.000000,0.000000,2.000000,0.000000,0.000000,0.198000,0.000000,0.000000,0.000000,0.198000,0.000000,0.000000,0.000000,0.000000,0.000000,0.000000
1778064075.705492,manual_slider,1,1,0,0.000000,0.000000,0.000000,2.000000,0.000000,0.000000,0.198000,0.000000,0.000000,0.000000,0.198000,0.000000,0.000000,0.000000,0.000000,0.000000,0.000000
1778064075.755372,manual_slider,1,1,0,0.000000,0.000000,0.000000,2.000000,0.000000,0.000000,0.198000,0.000000,0.000000,0.000000,0.198000,0.000000,0.000000,0.000000,0.000000,0.000000,0.000000
1778064075.805626,manual_slider,1,1,0,0.000000,0.000000,0.000000,2.000000,0.000000,0.000000,0.198000,0.000000,0.000000,0.000000,0.198000,0.000000,0.000000,0.000000,0.000000,0.000000,0.000000
1778064075.855311,manual_slider,1,1,0,0.000000,0.000000,0.000000,2.000000,0.000000,0.000000,0.198000,0.000000,0.000000,0.000000,0.198000,0.000000,0.000000,0.000000,0.000000,0.000000,0.000000
1778064075.907403,manual_slider,1,1,0,0.000000,0.000000,0.000000,2.000000,0.000000,0.000000,0.198000,0.000000,0.000000,0.000000,0.198000,0.000000,0.000000,0.000000,0.000000,0.000000,0.000000
1778064075.955316,manual_slider,1,1,0,0.000000,0.000000,0.000000,2.000000,0.000000,0.000000,0.198000,0.000000,0.000000,0.000000,0.198000,0.000000,0.000000,0.000000,0.000000,0.000000,0.000000
1778064076.005778,manual_slider,1,1,0,0.000000,0.000000,0.000000,2.000000,0.000000,0.000000,0.198000,0.000000,0.000000,0.000000,0.198000,0.000000,0.000000,0.000000,0.000000,0.000000,0.000000
1778064076.055438,manual_slider,1,1,0,0.000000,0.000000,0.000000,2.000000,0.000000,0.000000,0.198000,0.000000,0.000000,0.000000,0.198000,0.000000,0.000000,0.000000,0.000000,0.000000,0.000000
1778064076.105883,manual_slider,1,1,0,0.000000,0.000000,0.000000,2.000000,0.000000,0.000000,0.198000,0.000000,0.000000,0.000000,0.198000,0.000000,0.000000,0.000000,0.000000,0.000000,0.000000
1778064076.155488,manual_slider,1,1,0,0.000000,0.000000,0.000000,2.000000,0.000000,0.000000,0.198000,0.000000,0.000000,0.000000,0.198000,0.000000,0.000000,0.000000,0.000000,0.000000,0.000000
1778064076.205487,manual_slider,1,1,0,0.000000,0.000000,0.000000,2.000000,0.000000,0.000000,0.198000,0.000000,0.000000,0.000000,0.198000,0.000000,0.000000,0.000000,0.000000,0.000000,0.000000
1778064076.255477,manual_slider,1,1,0,0.000000,0.000000,0.000000,2.000000,0.000000,0.000000,0.198000,0.000000,0.000000,0.000000,0.198000,0.000000,0.000000,0.000000,0.000000,0.000000,0.000000
1778064076.305533,manual_slider,1,1,0,0.000000,0.000000,0.000000,2.000000,0.000000,0.000000,0.198000,0.000000,0.000000,0.000000,0.198000,0.000000,0.000000,0.000000,0.000000,0.000000,0.000000
1778064076.355496,manual_slider,1,1,0,0.000000,0.000000,0.000000,2.000000,0.000000,0.000000,0.198000,0.000000,0.000000,0.000000,0.198000,0.000000,0.000000,0.000000,0.000000,0.000000,0.000000
1778064076.405656,manual_slider,1,1,0,0.000000,0.000000,0.000000,2.000000,0.000000,0.000000,0.198000,0.000000,0.000000,0.000000,0.198000,0.000000,0.000000,0.000000,0.000000,0.000000,0.000000
1778064076.455468,manual_slider,1,1,0,0.000000,0.000000,0.000000,2.000000,0.000000,0.000000,0.198000,0.000000,0.000000,0.000000,0.198000,0.000000,0.000000,0.000000,0.000000,0.000000,0.000000
1778064076.505577,manual_slider,1,1,0,0.000000,0.000000,0.000000,1.240000,0.000000,0.000000,0.198000,0.000000,0.000000,0.000000,0.198000,0.000000,0.000000,0.000000,0.000000,0.000000,0.000000
1778064076.555457,manual_slider,1,1,0,0.000000,0.000000,0.000000,0.568000,0.000000,0.000000,0.198000,0.000000,0.000000,0.000000,0.198000,0.000000,0.000000,0.000000,0.000000,0.000000,0.000000
1778064076.605606,manual_slider,1,1,0,0.000000,0.000000,0.000000,0.188000,0.000000,0.000000,0.198000,0.000000,0.000000,0.000000,0.198000,0.000000,0.000000,0.000000,0.000000,0.000000,0.000000
1778064076.655397,manual_slider,1,1,0,0.000000,0.000000,0.000000,-0.460000,0.000000,0.000000,0.198000,0.000000,0.000000,0.000000,0.198000,0.000000,0.000000,0.000000,0.000000,0.000000,0.000000
1778064076.707452,manual_slider,1,1,0,0.000000,0.000000,0.000000,-1.152000,0.000000,0.000000,0.198000,0.000000,0.000000,0.000000,0.198000,0.000000,0.000000,0.000000,0.000000,0.000000,0.000000
1778064076.755399,manual_slider,1,1,0,0.000000,0.000000,0.000000,-1.708000,0.000000,0.000000,0.198000,0.000000,0.000000,0.000000,0.198000,0.000000,0.000000,0.000000,0.000000,0.000000,0.000000
1778064076.805675,manual_slider,1,1,0,0.000000,0.000000,0.000000,-2.000000,0.000000,0.000000,0.198000,0.000000,0.000000,0.000000,0.198000,0.000000,0.000000,0.000000,0.000000,0.000000,0.000000
1778064076.855595,manual_slider,1,1,0,0.000000,0.000000,0.000000,-2.000000,0.000000,0.000000,0.198000,0.000000,0.000000,0.000000,0.198000,0.000000,0.000000,0.000000,0.000000,0.000000,0.000000
1778064076.905523,manual_slider,1,1,0,0.000000,0.000000,0.000000,-2.000000,0.000000,0.000000,0.198000,0.000000,0.000000,0.000000,0.198000,0.000000,0.000000,0.000000,0.000000,0.000000,0.000000
1778064076.955539,manual_slider,1,1,0,0.000000,0.000000,0.000000,-2.000000,0.000000,0.000000,0.198000,0.000000,0.000000,0.000000,0.198000,0.000000,0.000000,0.000000,0.000000,0.000000,0.000000
1778064077.005674,manual_slider,1,1,0,0.000000,0.000000,0.000000,-2.000000,0.000000,0.000000,0.198000,0.000000,0.000000,0.000000,0.198000,0.000000,0.000000,0.000000,0.000000,0.000000,0.000000
1778064077.055768,manual_slider,1,1,0,0.000000,0.000000,0.000000,-2.000000,0.000000,0.000000,0.198000,0.000000,0.000000,0.000000,0.198000,0.000000,0.000000,0.000000,0.000000,0.000000,0.000000
1778064077.105590,manual_slider,1,1,0,0.000000,0.000000,0.000000,-2.000000,0.000000,0.000000,0.198000,0.000000,0.000000,0.000000,0.198000,0.000000,0.000000,0.000000,0.000000,0.000000,0.000000
1778064077.155748,manual_slider,1,1,0,0.000000,0.000000,0.000000,-2.000000,0.000000,0.000000,0.198000,0.000000,0.000000,0.000000,0.198000,0.000000,0.000000,0.000000,0.000000,0.000000,0.000000
1778064077.205591,manual_slider,1,1,0,0.000000,0.000000,0.000000,-2.000000,0.000000,0.000000,0.198000,0.000000,0.000000,0.000000,0.198000,0.000000,0.000000,0.000000,0.000000,0.000000,0.000000
1778064077.255683,manual_slider,1,1,0,0.000000,0.000000,0.000000,-2.000000,0.000000,0.000000,0.198000,0.000000,0.000000,0.000000,0.198000,0.000000,0.000000,0.000000,0.000000,0.000000,0.000000
1778064077.305581,manual_slider,1,1,0,0.000000,0.000000,0.000000,-2.000000,0.000000,0.000000,0.198000,0.000000,0.000000,0.000000,0.198000,0.000000,0.000000,0.000000,0.000000,0.000000,0.000000
1778064077.355452,manual_slider,1,1,0,0.000000,0.000000,0.000000,-2.000000,0.000000,0.000000,0.198000,0.000000,0.000000,0.000000,0.198000,0.000000,0.000000,0.000000,0.000000,0.000000,0.000000
1778064077.405537,manual_slider,1,1,0,0.000000,0.000000,0.000000,-2.000000,0.000000,0.000000,0.198000,0.000000,0.000000,0.000000,0.198000,0.000000,0.000000,0.000000,0.000000,0.000000,0.000000
1778064077.455549,manual_slider,1,1,0,0.000000,0.000000,0.000000,-1.376000,0.000000,0.000000,0.198000,0.000000,0.000000,0.000000,0.198000,0.000000,0.000000,0.000000,0.000000,0.000000,0.000000
1778064077.505495,manual_slider,1,1,0,0.000000,0.000000,0.000000,-0.948000,0.000000,0.000000,0.198000,0.000000,0.000000,0.000000,0.198000,0.000000,0.000000,0.000000,0.000000,0.000000,0.000000
1778064077.555409,manual_slider,1,1,0,0.000000,0.000000,0.000000,-0.636000,0.000000,0.000000,0.198000,0.000000,0.000000,0.000000,0.198000,0.000000,0.000000,0.000000,0.000000,0.000000,0.000000
1778064077.607121,manual_slider,1,1,0,0.000000,0.000000,0.000000,-0.392000,0.000000,0.000000,0.198000,0.000000,0.000000,0.000000,0.198000,0.000000,0.000000,0.000000,0.000000,0.000000,0.000000
1778064077.655478,manual_slider,1,1,0,0.000000,0.000000,0.000000,-0.012000,0.000000,0.000000,0.198000,0.000000,0.000000,0.000000,0.198000,0.000000,0.000000,0.000000,0.000000,0.000000,0.000000
1778064077.705554,manual_slider,1,1,0,0.000000,0.000000,0.000000,0.300000,0.000000,0.000000,0.198000,0.000000,0.000000,0.000000,0.198000,0.000000,0.000000,0.000000,0.000000,0.000000,0.000000
1778064077.755384,manual_slider,1,1,0,0.000000,0.000000,0.000000,0.660000,0.000000,0.000000,0.198000,0.000000,0.000000,0.000000,0.198000,0.000000,0.000000,0.000000,0.000000,0.000000,0.000000
1778064077.805513,manual_slider,1,1,0,0.000000,0.000000,0.000000,1.016000,0.000000,0.000000,0.198000,0.000000,0.000000,0.000000,0.198000,0.000000,0.000000,0.000000,0.000000,0.000000,0.000000
1778064077.855453,manual_slider,1,1,0,0.000000,0.000000,0.000000,1.420000,0.000000,0.000000,0.198000,0.000000,0.000000,0.000000,0.198000,0.000000,0.000000,0.000000,0.000000,0.000000,0.000000
1778064077.905495,manual_slider,1,1,0,0.000000,0.000000,0.000000,1.864000,0.000000,0.000000,0.198000,0.000000,0.000000,0.000000,0.198000,0.000000,0.000000,0.000000,0.000000,0.000000,0.000000
1778064077.955547,manual_slider,1,1,0,0.000000,0.000000,0.000000,2.000000,0.000000,0.000000,0.198000,0.000000,0.000000,0.000000,0.198000,0.000000,0.000000,0.000000,0.000000,0.000000,0.000000
1778064078.005470,manual_slider,1,1,0,0.000000,0.000000,0.000000,2.000000,0.000000,0.000000,0.198000,0.000000,0.000000,0.000000,0.198000,0.000000,0.000000,0.000000,0.000000,0.000000,0.000000
1778064078.055420,manual_slider,1,1,0,0.000000,0.000000,0.000000,2.000000,0.000000,0.000000,0.198000,0.000000,0.000000,0.000000,0.198000,0.000000,0.000000,0.000000,0.000000,0.000000,0.000000
1778064078.105438,manual_slider,1,1,0,0.000000,0.000000,0.000000,2.000000,0.000000,0.000000,0.198000,0.000000,0.000000,0.000000,0.198000,0.000000,0.000000,0.000000,0.000000,0.000000,0.000000
1778064078.155351,manual_slider,1,1,0,0.000000,0.000000,0.000000,2.000000,0.000000,0.000000,0.198000,0.000000,0.000000,0.000000,0.198000,0.000000,0.000000,0.000000,0.000000,0.000000,0.000000
1778064078.205535,manual_slider,1,1,0,0.000000,0.000000,0.000000,2.000000,0.000000,0.000000,0.198000,0.000000,0.000000,0.000000,0.198000,0.000000,0.000000,0.000000,0.000000,0.000000,0.000000
1778064078.255430,manual_slider,1,1,0,0.000000,0.000000,0.000000,2.000000,0.000000,0.000000,0.198000,0.000000,0.000000,0.000000,0.198000,0.000000,0.000000,0.000000,0.000000,0.000000,0.000000
1778064078.307583,manual_slider,1,1,0,0.000000,0.000000,0.000000,2.000000,0.000000,0.000000,0.198000,0.000000,0.000000,0.000000,0.198000,0.000000,0.000000,0.000000,0.000000,0.000000,0.000000
1778064078.355320,manual_slider,1,1,0,0.000000,0.000000,0.000000,2.000000,0.000000,0.000000,0.198000,0.000000,0.000000,0.000000,0.198000,0.000000,0.000000,0.000000,0.000000,0.000000,0.000000
1778064078.405602,manual_slider,1,1,0,0.000000,0.000000,0.000000,2.000000,0.000000,0.000000,0.198000,0.000000,0.000000,0.000000,0.198000,0.000000,0.000000,0.000000,0.000000,0.000000,0.000000
1778064078.455464,manual_slider,1,1,0,0.000000,0.000000,0.000000,2.000000,0.000000,0.000000,0.198000,0.000000,0.000000,0.000000,0.198000,0.000000,0.000000,0.000000,0.000000,0.000000,0.000000
1778064078.505548,manual_slider,1,1,0,0.000000,0.000000,0.000000,2.000000,0.000000,0.000000,0.198000,0.000000,0.000000,0.000000,0.198000,0.000000,0.000000,0.000000,0.000000,0.000000,0.000000
1778064078.555336,manual_slider,1,1,0,0.000000,0.000000,0.000000,2.000000,0.000000,0.000000,0.198000,0.000000,0.000000,0.000000,0.198000,0.000000,0.000000,0.000000,0.000000,0.000000,0.000000
1778064078.605505,manual_slider,1,1,0,0.000000,0.000000,0.000000,1.240000,0.000000,0.000000,0.198000,0.000000,0.000000,0.000000,0.198000,0.000000,0.000000,0.000000,0.000000,0.000000,0.000000
1778064078.655342,manual_slider,1,1,0,0.000000,0.000000,0.000000,0.524000,0.000000,0.000000,0.198000,0.000000,0.000000,0.000000,0.198000,0.000000,0.000000,0.000000,0.000000,0.000000,0.000000
1778064078.705449,manual_slider,1,1,0,0.000000,0.000000,0.000000,0.124000,0.000000,0.000000,0.198000,0.000000,0.000000,0.000000,0.198000,0.000000,0.000000,0.000000,0.000000,0.000000,0.000000
1778064078.755478,manual_slider,1,1,0,0.000000,0.000000,0.000000,-0.504000,0.000000,0.000000,0.198000,0.000000,0.000000,0.000000,0.198000,0.000000,0.000000,0.000000,0.000000,0.000000,0.000000
1778064078.805450,manual_slider,1,1,0,0.000000,0.000000,0.000000,-0.996000,0.000000,0.000000,0.198000,0.000000,0.000000,0.000000,0.198000,0.000000,0.000000,0.000000,0.000000,0.000000,0.000000
1778064078.855548,manual_slider,1,1,0,0.000000,0.000000,0.000000,-1.396000,0.000000,0.000000,0.198000,0.000000,0.000000,0.000000,0.198000,0.000000,0.000000,0.000000,0.000000,0.000000,0.000000
1778064078.905661,manual_slider,1,1,0,0.000000,0.000000,0.000000,-1.844000,0.000000,0.000000,0.198000,0.000000,0.000000,0.000000,0.198000,0.000000,0.000000,0.000000,0.000000,0.000000,0.000000
1778064078.955390,manual_slider,1,1,0,0.000000,0.000000,0.000000,-2.000000,0.000000,0.000000,0.198000,0.000000,0.000000,0.000000,0.198000,0.000000,0.000000,0.000000,0.000000,0.000000,0.000000
1778064079.005559,manual_slider,1,1,0,0.000000,0.000000,0.000000,-2.000000,0.000000,0.000000,0.198000,0.000000,0.000000,0.000000,0.198000,0.000000,0.000000,0.000000,0.000000,0.000000,0.000000
1778064079.055512,manual_slider,1,1,0,0.000000,0.000000,0.000000,-2.000000,0.000000,0.000000,0.198000,0.000000,0.000000,0.000000,0.198000,0.000000,0.000000,0.000000,0.000000,0.000000,0.000000
1778064079.107045,manual_slider,1,1,0,0.000000,0.000000,0.000000,-2.000000,0.000000,0.000000,0.198000,0.000000,0.000000,0.000000,0.198000,0.000000,0.000000,0.000000,0.000000,0.000000,0.000000
1778064079.155355,manual_slider,1,1,0,0.000000,0.000000,0.000000,-2.000000,0.000000,0.000000,0.198000,0.000000,0.000000,0.000000,0.198000,0.000000,0.000000,0.000000,0.000000,0.000000,0.000000
1778064079.205734,manual_slider,1,1,0,0.000000,0.000000,0.000000,-2.000000,0.000000,0.000000,0.198000,0.000000,0.000000,0.000000,0.198000,0.000000,0.000000,0.000000,0.000000,0.000000,0.000000
1778064079.255325,manual_slider,1,1,0,0.000000,0.000000,0.000000,-2.000000,0.000000,0.000000,0.198000,0.000000,0.000000,0.000000,0.198000,0.000000,0.000000,0.000000,0.000000,0.000000,0.000000
1778064079.305528,manual_slider,1,1,0,0.000000,0.000000,0.000000,-2.000000,0.000000,0.000000,0.198000,0.000000,0.000000,0.000000,0.198000,0.000000,0.000000,0.000000,0.000000,0.000000,0.000000
1778064079.355344,manual_slider,1,1,0,0.000000,0.000000,0.000000,-2.000000,0.000000,0.000000,0.198000,0.000000,0.000000,0.000000,0.198000,0.000000,0.000000,0.000000,0.000000,0.000000,0.000000
1778064079.405634,manual_slider,1,1,0,0.000000,0.000000,0.000000,-1.688000,0.000000,0.000000,0.198000,0.000000,0.000000,0.000000,0.198000,0.000000,0.000000,0.000000,0.000000,0.000000,0.000000
1778064079.455579,manual_slider,1,1,0,0.000000,0.000000,0.000000,-1.060000,0.000000,0.000000,0.198000,0.000000,0.000000,0.000000,0.198000,0.000000,0.000000,0.000000,0.000000,0.000000,0.000000
1778064079.505629,manual_slider,1,1,0,0.000000,0.000000,0.000000,-0.280000,0.000000,0.000000,0.198000,0.000000,0.000000,0.000000,0.198000,0.000000,0.000000,0.000000,0.000000,0.000000,0.000000
1778064079.555639,manual_slider,1,1,0,0.000000,0.000000,0.000000,0.368000,0.000000,0.000000,0.198000,0.000000,0.000000,0.000000,0.198000,0.000000,0.000000,0.000000,0.000000,0.000000,0.000000
1778064079.605450,manual_slider,1,1,0,0.000000,0.000000,0.000000,0.904000,0.000000,0.000000,0.198000,0.000000,0.000000,0.000000,0.198000,0.000000,0.000000,0.000000,0.000000,0.000000,0.000000
1778064079.655580,manual_slider,1,1,0,0.000000,0.000000,0.000000,1.016000,0.000000,0.000000,0.198000,0.000000,0.000000,0.000000,0.198000,0.000000,0.000000,0.000000,0.000000,0.000000,0.000000
1778064079.705588,manual_slider,1,1,0,0.000000,0.000000,0.000000,1.128000,0.000000,0.000000,0.198000,0.000000,0.000000,0.000000,0.198000,0.000000,0.000000,0.000000,0.000000,0.000000,0.000000
1778064079.755426,manual_slider,1,1,0,0.000000,0.000000,0.000000,1.284000,0.000000,0.000000,0.198000,0.000000,0.000000,0.000000,0.198000,0.000000,0.000000,0.000000,0.000000,0.000000,0.000000
1778064079.805575,manual_slider,1,1,0,0.000000,0.000000,0.000000,1.328000,0.000000,0.000000,0.198000,0.000000,0.000000,0.000000,0.198000,0.000000,0.000000,0.000000,0.000000,0.000000,0.000000
1778064079.855383,manual_slider,1,1,0,0.000000,0.000000,0.000000,1.328000,0.000000,0.000000,0.198000,0.000000,0.000000,0.000000,0.198000,0.000000,0.000000,0.000000,0.000000,0.000000,0.000000
1778064079.905746,manual_slider,1,1,0,0.000000,0.000000,0.000000,0.000000,0.000000,0.000000,0.198000,0.000000,0.000000,0.000000,0.198000,0.000000,0.000000,0.000000,0.000000,0.000000,0.000000
1778064079.955340,manual_slider,1,1,0,0.000000,0.000000,0.000000,0.000000,0.000000,0.000000,0.198000,0.000000,0.000000,0.000000,0.198000,0.000000,0.000000,0.000000,0.000000,0.000000,0.000000
1778064080.005682,manual_slider,1,1,0,0.000000,0.000000,0.000000,0.000000,0.000000,0.000000,0.198000,0.000000,0.000000,0.000000,0.198000,0.000000,0.000000,0.000000,0.000000,0.000000,0.000000
1778064080.055285,manual_slider,1,1,0,0.000000,0.000000,0.000000,0.000000,0.000000,0.000000,0.198000,0.000000,0.000000,0.000000,0.198000,0.000000,0.000000,0.000000,0.000000,0.000000,0.000000
1778064080.105577,manual_slider,1,1,0,0.000000,0.000000,0.000000,0.000000,0.000000,0.000000,0.198000,0.000000,0.000000,0.000000,0.198000,0.000000,0.000000,0.000000,0.000000,0.000000,0.000000
1778064080.155445,manual_slider,1,1,0,0.000000,0.000000,0.000000,0.000000,0.000000,0.000000,0.198000,0.000000,0.000000,0.000000,0.198000,0.000000,0.000000,0.000000,0.000000,0.000000,0.000000
1778064080.205600,manual_slider,1,1,0,0.000000,0.000000,0.000000,0.000000,0.000000,0.000000,0.198000,0.000000,0.000000,0.000000,0.198000,0.000000,0.000000,0.000000,0.000000,0.000000,0.000000
1778064080.255424,manual_slider,1,1,0,0.000000,0.000000,0.000000,0.000000,0.000000,0.000000,0.198000,0.000000,0.000000,0.000000,0.198000,0.000000,0.000000,0.000000,0.000000,0.000000,0.000000
1778064080.305734,manual_slider,1,1,0,0.000000,0.000000,0.000000,0.000000,0.000000,0.000000,0.198000,0.000000,0.000000,0.000000,0.198000,0.000000,0.000000,0.000000,0.000000,0.000000,0.000000
1778064080.355746,manual_slider,1,1,0,0.000000,0.000000,0.000000,0.000000,0.000000,0.000000,0.198000,0.000000,0.000000,0.000000,0.198000,0.000000,0.000000,0.000000,0.000000,0.000000,0.000000
1778064080.405454,manual_slider,1,1,0,0.000000,0.000000,0.000000,0.000000,0.000000,0.000000,0.198000,0.000000,0.000000,0.000000,0.198000,0.000000,0.000000,0.000000,0.000000,0.000000,0.000000
1778064080.455574,manual_slider,1,1,0,0.000000,0.000000,0.000000,0.000000,0.000000,0.000000,0.198000,0.000000,0.000000,0.000000,0.198000,0.000000,0.000000,0.000000,0.000000,0.000000,0.000000
1778064080.505610,manual_slider,1,1,0,0.000000,0.000000,0.000000,0.000000,0.000000,0.000000,0.198000,0.000000,0.000000,0.000000,0.198000,0.000000,0.000000,0.000000,0.000000,0.000000,0.000000
1778064080.555323,manual_slider,1,1,0,0.000000,0.000000,0.000000,0.000000,0.000000,0.000000,0.198000,0.000000,0.000000,0.000000,0.198000,0.000000,0.000000,0.000000,0.000000,0.000000,0.000000
1778064080.605450,manual_slider,1,1,0,0.000000,0.000000,0.000000,0.000000,0.000000,0.000000,0.198000,0.000000,0.000000,0.000000,0.198000,0.000000,0.000000,0.000000,0.000000,0.000000,0.000000
1778064080.655360,manual_slider,1,1,0,0.000000,0.000000,0.000000,0.000000,0.000000,0.000000,0.198000,0.000000,0.000000,0.000000,0.198000,0.000000,0.000000,0.000000,0.000000,0.000000,0.000000
1778064080.707318,manual_slider,1,1,0,0.000000,0.000000,0.000000,0.000000,0.000000,0.000000,0.198000,0.000000,0.000000,0.000000,0.198000,0.000000,0.000000,0.000000,0.000000,0.000000,0.000000
1778064080.755521,manual_slider,1,1,0,0.000000,0.000000,0.000000,0.000000,0.000000,0.000000,0.198000,0.000000,0.000000,0.000000,0.198000,0.000000,0.000000,0.000000,0.000000,0.000000,0.000000
1778064080.806097,manual_slider,1,1,0,0.000000,0.000000,0.000000,0.000000,0.000000,0.000000,0.198000,0.000000,0.000000,0.000000,0.198000,0.000000,0.000000,0.000000,0.000000,0.000000,0.000000
1778064080.855505,manual_slider,1,1,0,0.000000,0.000000,0.000000,0.000000,0.000000,0.000000,0.198000,0.000000,0.000000,0.000000,0.198000,0.000000,0.000000,0.000000,0.000000,0.000000,0.000000
1778064080.905760,manual_slider,1,1,0,0.000000,0.000000,0.000000,0.000000,0.000000,0.000000,0.198000,0.000000,0.000000,0.000000,0.198000,0.000000,0.000000,0.000000,0.000000,0.000000,0.000000
1778064080.955493,manual_slider,1,1,0,0.000000,0.000000,0.000000,0.000000,0.000000,0.000000,0.198000,0.000000,0.000000,0.000000,0.198000,0.000000,0.000000,0.000000,0.000000,0.000000,0.000000
1778064081.005536,manual_slider,1,1,0,0.000000,0.000000,0.000000,0.000000,0.000000,0.000000,0.198000,0.000000,0.000000,0.000000,0.198000,0.000000,0.000000,0.000000,0.000000,0.000000,0.000000
1778064081.055363,manual_slider,1,1,0,0.000000,0.000000,0.000000,0.000000,0.000000,0.000000,0.198000,0.000000,0.000000,0.000000,0.198000,0.000000,0.000000,0.000000,0.000000,0.000000,0.000000
1778064081.105566,manual_slider,1,1,0,0.000000,0.000000,0.000000,0.000000,0.000000,0.000000,0.198000,0.000000,0.000000,0.000000,0.198000,0.000000,0.000000,0.000000,0.000000,0.000000,0.000000
1778064081.155727,manual_slider,1,1,0,0.000000,0.000000,0.000000,0.000000,0.000000,0.000000,0.198000,0.000000,0.000000,0.000000,0.198000,0.000000,0.000000,0.000000,0.000000,0.000000,0.000000
1778064081.205602,manual_slider,1,1,0,0.000000,0.000000,0.000000,0.000000,0.416000,0.000000,0.198000,0.000000,0.000000,0.000000,0.198000,0.000000,0.000000,0.000000,0.000000,0.000000,0.000000
1778064081.255556,manual_slider,1,1,0,0.000000,0.000000,0.000000,0.000000,1.016000,0.000000,0.198000,0.000000,0.000000,0.000000,0.198000,0.000000,0.000000,0.000000,0.000000,0.000000,0.000000
1778064081.305494,manual_slider,1,1,0,0.000000,0.000000,0.000000,0.000000,1.464000,0.000000,0.198000,0.000000,0.000000,0.000000,0.198000,0.000000,0.000000,0.000000,0.000000,0.000000,0.000000
1778064081.355378,manual_slider,1,1,0,0.000000,0.000000,0.000000,0.000000,1.788000,0.000000,0.198000,0.000000,0.000000,0.000000,0.198000,0.000000,0.000000,0.000000,0.000000,0.000000,0.000000
1778064081.405473,manual_slider,1,1,0,0.000000,0.000000,0.000000,0.000000,2.000000,0.000000,0.198000,0.000000,0.000000,0.000000,0.198000,0.000000,0.000000,0.000000,0.000000,0.000000,0.000000
1778064081.455634,manual_slider,1,1,0,0.000000,0.000000,0.000000,0.000000,2.000000,0.000000,0.198000,0.000000,0.000000,0.000000,0.198000,0.000000,0.000000,0.000000,0.000000,0.000000,0.000000
1778064081.505955,manual_slider,1,1,0,0.000000,0.000000,0.000000,0.000000,2.000000,0.000000,0.198000,0.000000,0.000000,0.000000,0.198000,0.000000,0.000000,0.000000,0.000000,0.000000,0.000000
1778064081.555537,manual_slider,1,1,0,0.000000,0.000000,0.000000,0.000000,2.000000,0.000000,0.198000,0.000000,0.000000,0.000000,0.198000,0.000000,0.000000,0.000000,0.000000,0.000000,0.000000
1778064081.605654,manual_slider,1,1,0,0.000000,0.000000,0.000000,0.000000,2.000000,0.000000,0.198000,0.000000,0.000000,0.000000,0.198000,0.000000,0.000000,0.000000,0.000000,0.000000,0.000000
1778064081.655433,manual_slider,1,1,0,0.000000,0.000000,0.000000,0.000000,2.000000,0.000000,0.198000,0.000000,0.000000,0.000000,0.198000,0.000000,0.000000,0.000000,0.000000,0.000000,0.000000
1778064081.705618,manual_slider,1,1,0,0.000000,0.000000,0.000000,0.000000,2.000000,0.000000,0.198000,0.000000,0.000000,0.000000,0.198000,0.000000,0.000000,0.000000,0.000000,0.000000,0.000000
1778064081.755578,manual_slider,1,1,0,0.000000,0.000000,0.000000,0.000000,2.000000,0.000000,0.198000,0.000000,0.000000,0.000000,0.198000,0.000000,0.000000,0.000000,0.000000,0.000000,0.000000
1778064081.805607,manual_slider,1,1,0,0.000000,0.000000,0.000000,0.000000,2.000000,0.000000,0.198000,0.000000,0.000000,0.000000,0.198000,0.000000,0.000000,0.000000,0.000000,0.000000,0.000000
1778064081.855490,manual_slider,1,1,0,0.000000,0.000000,0.000000,0.000000,2.000000,0.000000,0.198000,0.000000,0.000000,0.000000,0.198000,0.000000,0.000000,0.000000,0.000000,0.000000,0.000000
1778064081.905686,manual_slider,1,1,0,0.000000,0.000000,0.000000,0.000000,2.000000,0.000000,0.198000,0.000000,0.000000,0.000000,0.198000,0.000000,0.000000,0.000000,0.000000,0.000000,0.000000
1778064081.956132,manual_slider,1,1,0,0.000000,0.000000,0.000000,0.000000,2.000000,0.000000,0.198000,0.000000,0.000000,0.000000,0.198000,0.000000,0.000000,0.000000,0.000000,0.000000,0.000000
1778064082.005703,manual_slider,1,1,0,0.000000,0.000000,0.000000,0.000000,2.000000,0.000000,0.198000,0.000000,0.000000,0.000000,0.198000,0.000000,0.000000,0.000000,0.000000,0.000000,0.000000
1778064082.055660,manual_slider,1,1,0,0.000000,0.000000,0.000000,0.000000,2.000000,0.000000,0.198000,0.000000,0.000000,0.000000,0.198000,0.000000,0.000000,0.000000,0.000000,0.000000,0.000000
1778064082.105709,manual_slider,1,1,0,0.000000,0.000000,0.000000,0.000000,2.000000,0.000000,0.198000,0.000000,0.000000,0.000000,0.198000,0.000000,0.000000,0.000000,0.000000,0.000000,0.000000
1778064082.155502,manual_slider,1,1,0,0.000000,0.000000,0.000000,0.000000,2.000000,0.000000,0.198000,0.000000,0.000000,0.000000,0.198000,0.000000,0.000000,0.000000,0.000000,0.000000,0.000000
1778064082.205569,manual_slider,1,1,0,0.000000,0.000000,0.000000,0.000000,2.000000,0.000000,0.198000,0.000000,0.000000,0.000000,0.198000,0.000000,0.000000,0.000000,0.000000,0.000000,0.000000
1778064082.255542,manual_slider,1,1,0,0.000000,0.000000,0.000000,0.000000,1.872000,0.000000,0.198000,0.000000,0.000000,0.000000,0.198000,0.000000,0.000000,0.000000,0.000000,0.000000,0.000000
1778064082.305916,manual_slider,1,1,0,0.000000,0.000000,0.000000,0.000000,1.680000,0.000000,0.198000,0.000000,0.000000,0.000000,0.198000,0.000000,0.000000,0.000000,0.000000,0.000000,0.000000
1778064082.355388,manual_slider,1,1,0,0.000000,0.000000,0.000000,0.000000,1.336000,0.000000,0.198000,0.000000,0.000000,0.000000,0.198000,0.000000,0.000000,0.000000,0.000000,0.000000,0.000000
1778064082.405827,manual_slider,1,1,0,0.000000,0.000000,0.000000,0.000000,0.908000,0.000000,0.198000,0.000000,0.000000,0.000000,0.198000,0.000000,0.000000,0.000000,0.000000,0.000000,0.000000
1778064082.455317,manual_slider,1,1,0,0.000000,0.000000,0.000000,0.000000,0.652000,0.000000,0.198000,0.000000,0.000000,0.000000,0.198000,0.000000,0.000000,0.000000,0.000000,0.000000,0.000000
1778064082.505600,manual_slider,1,1,0,0.000000,0.000000,0.000000,0.000000,0.440000,0.000000,0.198000,0.000000,0.000000,0.000000,0.198000,0.000000,0.000000,0.000000,0.000000,0.000000,0.000000
1778064082.555440,manual_slider,1,1,0,0.000000,0.000000,0.000000,0.000000,0.288000,0.000000,0.198000,0.000000,0.000000,0.000000,0.198000,0.000000,0.000000,0.000000,0.000000,0.000000,0.000000
1778064082.605468,manual_slider,1,1,0,0.000000,0.000000,0.000000,0.000000,0.116000,0.000000,0.198000,0.000000,0.000000,0.000000,0.198000,0.000000,0.000000,0.000000,0.000000,0.000000,0.000000
1778064082.655376,manual_slider,1,1,0,0.000000,0.000000,0.000000,0.000000,-0.096000,0.000000,0.198000,0.000000,0.000000,0.000000,0.198000,0.000000,0.000000,0.000000,0.000000,0.000000,0.000000
1778064082.705491,manual_slider,1,1,0,0.000000,0.000000,0.000000,0.000000,-0.332000,0.000000,0.198000,0.000000,0.000000,0.000000,0.198000,0.000000,0.000000,0.000000,0.000000,0.000000,0.000000
1778064082.756041,manual_slider,1,1,0,0.000000,0.000000,0.000000,0.000000,-0.568000,0.000000,0.198000,0.000000,0.000000,0.000000,0.198000,0.000000,0.000000,0.000000,0.000000,0.000000,0.000000
1778064082.805453,manual_slider,1,1,0,0.000000,0.000000,0.000000,0.000000,-0.716000,0.000000,0.198000,0.000000,0.000000,0.000000,0.198000,0.000000,0.000000,0.000000,0.000000,0.000000,0.000000
1778064082.855729,manual_slider,1,1,0,0.000000,0.000000,0.000000,0.000000,-0.868000,0.000000,0.198000,0.000000,0.000000,0.000000,0.198000,0.000000,0.000000,0.000000,0.000000,0.000000,0.000000
1778064082.905607,manual_slider,1,1,0,0.000000,0.000000,0.000000,0.000000,-0.972000,0.000000,0.198000,0.000000,0.000000,0.000000,0.198000,0.000000,0.000000,0.000000,0.000000,0.000000,0.000000
1778064082.955365,manual_slider,1,1,0,0.000000,0.000000,0.000000,0.000000,-1.100000,0.000000,0.198000,0.000000,0.000000,0.000000,0.198000,0.000000,0.000000,0.000000,0.000000,0.000000,0.000000
1778064083.005582,manual_slider,1,1,0,0.000000,0.000000,0.000000,0.000000,-1.252000,0.000000,0.198000,0.000000,0.000000,0.000000,0.198000,0.000000,0.000000,0.000000,0.000000,0.000000,0.000000
1778064083.055350,manual_slider,1,1,0,0.000000,0.000000,0.000000,0.000000,-1.336000,0.000000,0.198000,0.000000,0.000000,0.000000,0.198000,0.000000,0.000000,0.000000,0.000000,0.000000,0.000000
1778064083.107208,manual_slider,1,1,0,0.000000,0.000000,0.000000,0.000000,-1.488000,0.000000,0.198000,0.000000,0.000000,0.000000,0.198000,0.000000,0.000000,0.000000,0.000000,0.000000,0.000000
1778064083.155538,manual_slider,1,1,0,0.000000,0.000000,0.000000,0.000000,-1.592000,0.000000,0.198000,0.000000,0.000000,0.000000,0.198000,0.000000,0.000000,0.000000,0.000000,0.000000,0.000000
1778064083.205688,manual_slider,1,1,0,0.000000,0.000000,0.000000,0.000000,-1.720000,0.000000,0.198000,0.000000,0.000000,0.000000,0.198000,0.000000,0.000000,0.000000,0.000000,0.000000,0.000000
1778064083.255332,manual_slider,1,1,0,0.000000,0.000000,0.000000,0.000000,-1.808000,0.000000,0.198000,0.000000,0.000000,0.000000,0.198000,0.000000,0.000000,0.000000,0.000000,0.000000,0.000000
1778064083.305511,manual_slider,1,1,0,0.000000,0.000000,0.000000,0.000000,-1.872000,0.000000,0.198000,0.000000,0.000000,0.000000,0.198000,0.000000,0.000000,0.000000,0.000000,0.000000,0.000000
1778064083.355360,manual_slider,1,1,0,0.000000,0.000000,0.000000,0.000000,-1.956000,0.000000,0.198000,0.000000,0.000000,0.000000,0.198000,0.000000,0.000000,0.000000,0.000000,0.000000,0.000000
1778064083.405515,manual_slider,1,1,0,0.000000,0.000000,0.000000,0.000000,-1.980000,0.000000,0.198000,0.000000,0.000000,0.000000,0.198000,0.000000,0.000000,0.000000,0.000000,0.000000,0.000000
1778064083.455456,manual_slider,1,1,0,0.000000,0.000000,0.000000,0.000000,-2.000000,0.000000,0.198000,0.000000,0.000000,0.000000,0.198000,0.000000,0.000000,0.000000,0.000000,0.000000,0.000000
1778064083.505617,manual_slider,1,1,0,0.000000,0.000000,0.000000,0.000000,-2.000000,0.000000,0.198000,0.000000,0.000000,0.000000,0.198000,0.000000,0.000000,0.000000,0.000000,0.000000,0.000000
1778064083.555537,manual_slider,1,1,0,0.000000,0.000000,0.000000,0.000000,-2.000000,0.000000,0.198000,0.000000,0.000000,0.000000,0.198000,0.000000,0.000000,0.000000,0.000000,0.000000,0.000000
1778064083.605593,manual_slider,1,1,0,0.000000,0.000000,0.000000,0.000000,-2.000000,0.000000,0.198000,0.000000,0.000000,0.000000,0.198000,0.000000,0.000000,0.000000,0.000000,0.000000,0.000000
1778064083.655495,manual_slider,1,1,0,0.000000,0.000000,0.000000,0.000000,-2.000000,0.000000,0.198000,0.000000,0.000000,0.000000,0.198000,0.000000,0.000000,0.000000,0.000000,0.000000,0.000000
1778064083.705617,manual_slider,1,1,0,0.000000,0.000000,0.000000,0.000000,-1.956000,0.000000,0.198000,0.000000,0.000000,0.000000,0.198000,0.000000,0.000000,0.000000,0.000000,0.000000,0.000000
1778064083.755736,manual_slider,1,1,0,0.000000,0.000000,0.000000,0.000000,-1.872000,0.000000,0.198000,0.000000,0.000000,0.000000,0.198000,0.000000,0.000000,0.000000,0.000000,0.000000,0.000000
1778064083.805646,manual_slider,1,1,0,0.000000,0.000000,0.000000,0.000000,-1.828000,0.000000,0.198000,0.000000,0.000000,0.000000,0.198000,0.000000,0.000000,0.000000,0.000000,0.000000,0.000000
1778064083.855379,manual_slider,1,1,0,0.000000,0.000000,0.000000,0.000000,-1.764000,0.000000,0.198000,0.000000,0.000000,0.000000,0.198000,0.000000,0.000000,0.000000,0.000000,0.000000,0.000000
1778064083.906012,manual_slider,1,1,0,0.000000,0.000000,0.000000,0.000000,-1.700000,0.000000,0.198000,0.000000,0.000000,0.000000,0.198000,0.000000,0.000000,0.000000,0.000000,0.000000,0.000000
1778064083.955410,manual_slider,1,1,0,0.000000,0.000000,0.000000,0.000000,-1.572000,0.000000,0.198000,0.000000,0.000000,0.000000,0.198000,0.000000,0.000000,0.000000,0.000000,0.000000,0.000000
1778064084.005863,manual_slider,1,1,0,0.000000,0.000000,0.000000,0.000000,-1.360000,0.000000,0.198000,0.000000,0.000000,0.000000,0.198000,0.000000,0.000000,0.000000,0.000000,0.000000,0.000000
1778064084.055397,manual_slider,1,1,0,0.000000,0.000000,0.000000,0.000000,-1.124000,0.000000,0.198000,0.000000,0.000000,0.000000,0.198000,0.000000,0.000000,0.000000,0.000000,0.000000,0.000000
1778064084.105984,manual_slider,1,1,0,0.000000,0.000000,0.000000,0.000000,-0.824000,0.000000,0.198000,0.000000,0.000000,0.000000,0.198000,0.000000,0.000000,0.000000,0.000000,0.000000,0.000000
1778064084.155383,manual_slider,1,1,0,0.000000,0.000000,0.000000,0.000000,-0.460000,0.000000,0.198000,0.000000,0.000000,0.000000,0.198000,0.000000,0.000000,0.000000,0.000000,0.000000,0.000000
1778064084.205583,manual_slider,1,1,0,0.000000,0.000000,0.000000,0.000000,-0.160000,0.000000,0.198000,0.000000,0.000000,0.000000,0.198000,0.000000,0.000000,0.000000,0.000000,0.000000,0.000000
1778064084.255371,manual_slider,1,1,0,0.000000,0.000000,0.000000,0.000000,-0.076000,0.000000,0.198000,0.000000,0.000000,0.000000,0.198000,0.000000,0.000000,0.000000,0.000000,0.000000,0.000000
1778064084.305738,manual_slider,1,1,0,0.000000,0.000000,0.000000,0.000000,-0.052000,0.000000,0.198000,0.000000,0.000000,0.000000,0.198000,0.000000,0.000000,0.000000,0.000000,0.000000,0.000000
1778064084.355956,manual_slider,1,1,0,0.000000,0.000000,0.000000,0.000000,-0.140000,0.000000,0.198000,0.000000,0.000000,0.000000,0.198000,0.000000,0.000000,0.000000,0.000000,0.000000,0.000000
1778064084.405653,manual_slider,1,1,0,0.000000,0.000000,0.000000,0.000000,-0.268000,0.000000,0.198000,0.000000,0.000000,0.000000,0.198000,0.000000,0.000000,0.000000,0.000000,0.000000,0.000000
1778064084.455589,manual_slider,1,1,0,0.000000,0.000000,0.000000,0.000000,-0.332000,0.000000,0.198000,0.000000,0.000000,0.000000,0.198000,0.000000,0.000000,0.000000,0.000000,0.000000,0.000000
1778064084.505678,manual_slider,1,1,0,0.000000,0.000000,0.000000,0.000000,-0.352000,0.000000,0.198000,0.000000,0.000000,0.000000,0.198000,0.000000,0.000000,0.000000,0.000000,0.000000,0.000000
1778064084.555620,manual_slider,1,1,0,0.000000,0.000000,0.000000,0.000000,-0.376000,0.000000,0.198000,0.000000,0.000000,0.000000,0.198000,0.000000,0.000000,0.000000,0.000000,0.000000,0.000000
1778064084.605437,manual_slider,1,1,0,0.000000,0.000000,0.000000,0.000000,-0.396000,0.000000,0.198000,0.000000,0.000000,0.000000,0.198000,0.000000,0.000000,0.000000,0.000000,0.000000,0.000000
1778064084.655329,manual_slider,1,1,0,0.000000,0.000000,0.000000,0.000000,-0.416000,0.000000,0.198000,0.000000,0.000000,0.000000,0.198000,0.000000,0.000000,0.000000,0.000000,0.000000,0.000000
1778064084.707463,manual_slider,1,1,0,0.000000,0.000000,0.000000,0.000000,-0.440000,0.000000,0.198000,0.000000,0.000000,0.000000,0.198000,0.000000,0.000000,0.000000,0.000000,0.000000,0.000000
1778064084.755464,manual_slider,1,1,0,0.000000,0.000000,0.000000,0.000000,-0.440000,0.000000,0.198000,0.000000,0.000000,0.000000,0.198000,0.000000,0.000000,0.000000,0.000000,0.000000,0.000000
1778064084.805772,manual_slider,1,1,0,0.000000,0.000000,0.000000,0.000000,-0.480000,0.000000,0.198000,0.000000,0.000000,0.000000,0.198000,0.000000,0.000000,0.000000,0.000000,0.000000,0.000000
1778064084.855344,manual_slider,1,1,0,0.000000,0.000000,0.000000,0.000000,-0.568000,0.000000,0.198000,0.000000,0.000000,0.000000,0.198000,0.000000,0.000000,0.000000,0.000000,0.000000,0.000000
1778064084.905518,manual_slider,1,1,0,0.000000,0.000000,0.000000,0.000000,-0.672000,0.000000,0.198000,0.000000,0.000000,0.000000,0.198000,0.000000,0.000000,0.000000,0.000000,0.000000,0.000000
1778064084.955633,manual_slider,1,1,0,0.000000,0.000000,0.000000,0.000000,-0.888000,0.000000,0.198000,0.000000,0.000000,0.000000,0.198000,0.000000,0.000000,0.000000,0.000000,0.000000,0.000000
1778064085.005561,manual_slider,1,1,0,0.000000,0.000000,0.000000,0.000000,-1.100000,0.000000,0.198000,0.000000,0.000000,0.000000,0.198000,0.000000,0.000000,0.000000,0.000000,0.000000,0.000000
1778064085.055686,manual_slider,1,1,0,0.000000,0.000000,0.000000,0.000000,-1.296000,0.000000,0.198000,0.000000,0.000000,0.000000,0.198000,0.000000,0.000000,0.000000,0.000000,0.000000,0.000000
1778064085.105503,manual_slider,1,1,0,0.000000,0.000000,0.000000,0.000000,-1.464000,0.000000,0.198000,0.000000,0.000000,0.000000,0.198000,0.000000,0.000000,0.000000,0.000000,0.000000,0.000000
1778064085.155458,manual_slider,1,1,0,0.000000,0.000000,0.000000,0.000000,-1.636000,0.000000,0.198000,0.000000,0.000000,0.000000,0.198000,0.000000,0.000000,0.000000,0.000000,0.000000,0.000000
1778064085.206056,manual_slider,1,1,0,0.000000,0.000000,0.000000,0.000000,-1.808000,0.000000,0.198000,0.000000,0.000000,0.000000,0.198000,0.000000,0.000000,0.000000,0.000000,0.000000,0.000000
1778064085.255479,manual_slider,1,1,0,0.000000,0.000000,0.000000,0.000000,-2.000000,0.000000,0.198000,0.000000,0.000000,0.000000,0.198000,0.000000,0.000000,0.000000,0.000000,0.000000,0.000000
1778064085.305481,manual_slider,1,1,0,0.000000,0.000000,0.000000,0.000000,-2.000000,0.000000,0.198000,0.000000,0.000000,0.000000,0.198000,0.000000,0.000000,0.000000,0.000000,0.000000,0.000000
1778064085.355377,manual_slider,1,1,0,0.000000,0.000000,0.000000,0.000000,-2.000000,0.000000,0.198000,0.000000,0.000000,0.000000,0.198000,0.000000,0.000000,0.000000,0.000000,0.000000,0.000000
1778064085.405598,manual_slider,1,1,0,0.000000,0.000000,0.000000,0.000000,-2.000000,0.000000,0.198000,0.000000,0.000000,0.000000,0.198000,0.000000,0.000000,0.000000,0.000000,0.000000,0.000000
1778064085.455390,manual_slider,1,1,0,0.000000,0.000000,0.000000,0.000000,-2.000000,0.000000,0.198000,0.000000,0.000000,0.000000,0.198000,0.000000,0.000000,0.000000,0.000000,0.000000,0.000000
1778064085.506593,manual_slider,1,1,0,0.000000,0.000000,0.000000,0.000000,-2.000000,0.000000,0.198000,0.000000,0.000000,0.000000,0.198000,0.000000,0.000000,0.000000,0.000000,0.000000,0.000000
1778064085.555370,manual_slider,1,1,0,0.000000,0.000000,0.000000,0.000000,-2.000000,0.000000,0.198000,0.000000,0.000000,0.000000,0.198000,0.000000,0.000000,0.000000,0.000000,0.000000,0.000000
1778064085.605729,manual_slider,1,1,0,0.000000,0.000000,0.000000,0.000000,-2.000000,0.000000,0.198000,0.000000,0.000000,0.000000,0.198000,0.000000,0.000000,0.000000,0.000000,0.000000,0.000000
1778064085.655445,manual_slider,1,1,0,0.000000,0.000000,0.000000,0.000000,-2.000000,0.000000,0.198000,0.000000,0.000000,0.000000,0.198000,0.000000,0.000000,0.000000,0.000000,0.000000,0.000000
1778064085.705637,manual_slider,1,1,0,0.000000,0.000000,0.000000,0.000000,-2.000000,0.000000,0.198000,0.000000,0.000000,0.000000,0.198000,0.000000,0.000000,0.000000,0.000000,0.000000,0.000000
1778064085.755367,manual_slider,1,1,0,0.000000,0.000000,0.000000,0.000000,-2.000000,0.000000,0.198000,0.000000,0.000000,0.000000,0.198000,0.000000,0.000000,0.000000,0.000000,0.000000,0.000000
1778064085.805543,manual_slider,1,1,0,0.000000,0.000000,0.000000,0.000000,-2.000000,0.000000,0.198000,0.000000,0.000000,0.000000,0.198000,0.000000,0.000000,0.000000,0.000000,0.000000,0.000000
1778064085.855372,manual_slider,1,1,0,0.000000,0.000000,0.000000,0.000000,-2.000000,0.000000,0.198000,0.000000,0.000000,0.000000,0.198000,0.000000,0.000000,0.000000,0.000000,0.000000,0.000000
1778064085.905516,manual_slider,1,1,0,0.000000,0.000000,0.000000,0.000000,-2.000000,0.000000,0.198000,0.000000,0.000000,0.000000,0.198000,0.000000,0.000000,0.000000,0.000000,0.000000,0.000000
1778064085.956510,manual_slider,1,1,0,0.000000,0.000000,0.000000,0.000000,-2.000000,0.000000,0.198000,0.000000,0.000000,0.000000,0.198000,0.000000,0.000000,0.000000,0.000000,0.000000,0.000000
1778064086.005508,manual_slider,1,1,0,0.000000,0.000000,0.000000,0.000000,-1.892000,0.000000,0.198000,0.000000,0.000000,0.000000,0.198000,0.000000,0.000000,0.000000,0.000000,0.000000,0.000000
1778064086.055729,manual_slider,1,1,0,0.000000,0.000000,0.000000,0.000000,-1.228000,0.000000,0.198000,0.000000,0.000000,0.000000,0.198000,0.000000,0.000000,0.000000,0.000000,0.000000,0.000000
1778064086.105603,manual_slider,1,1,0,0.000000,0.000000,0.000000,0.000000,-0.932000,0.000000,0.198000,0.000000,0.000000,0.000000,0.198000,0.000000,0.000000,0.000000,0.000000,0.000000,0.000000
1778064086.155710,manual_slider,1,1,0,0.000000,0.000000,0.000000,0.000000,-0.716000,0.000000,0.198000,0.000000,0.000000,0.000000,0.198000,0.000000,0.000000,0.000000,0.000000,0.000000,0.000000
1778064086.205454,manual_slider,1,1,0,0.000000,0.000000,0.000000,0.000000,-0.440000,0.000000,0.198000,0.000000,0.000000,0.000000,0.198000,0.000000,0.000000,0.000000,0.000000,0.000000,0.000000
1778064086.255342,manual_slider,1,1,0,0.000000,0.000000,0.000000,0.000000,-0.052000,0.000000,0.198000,0.000000,0.000000,0.000000,0.198000,0.000000,0.000000,0.000000,0.000000,0.000000,0.000000
1778064086.307389,manual_slider,1,1,0,0.000000,0.000000,0.000000,0.000000,0.460000,0.000000,0.198000,0.000000,0.000000,0.000000,0.198000,0.000000,0.000000,0.000000,0.000000,0.000000,0.000000
1778064086.355420,manual_slider,1,1,0,0.000000,0.000000,0.000000,0.000000,1.124000,0.000000,0.198000,0.000000,0.000000,0.000000,0.198000,0.000000,0.000000,0.000000,0.000000,0.000000,0.000000
1778064086.405833,manual_slider,1,1,0,0.000000,0.000000,0.000000,0.000000,1.700000,0.000000,0.198000,0.000000,0.000000,0.000000,0.198000,0.000000,0.000000,0.000000,0.000000,0.000000,0.000000
1778064086.455556,manual_slider,1,1,0,0.000000,0.000000,0.000000,0.000000,2.000000,0.000000,0.198000,0.000000,0.000000,0.000000,0.198000,0.000000,0.000000,0.000000,0.000000,0.000000,0.000000
1778064086.505769,manual_slider,1,1,0,0.000000,0.000000,0.000000,0.000000,2.000000,0.000000,0.198000,0.000000,0.000000,0.000000,0.198000,0.000000,0.000000,0.000000,0.000000,0.000000,0.000000
1778064086.555832,manual_slider,1,1,0,0.000000,0.000000,0.000000,0.000000,2.000000,0.000000,0.198000,0.000000,0.000000,0.000000,0.198000,0.000000,0.000000,0.000000,0.000000,0.000000,0.000000
1778064086.605537,manual_slider,1,1,0,0.000000,0.000000,0.000000,0.000000,2.000000,0.000000,0.198000,0.000000,0.000000,0.000000,0.198000,0.000000,0.000000,0.000000,0.000000,0.000000,0.000000
1778064086.655501,manual_slider,1,1,0,0.000000,0.000000,0.000000,0.000000,2.000000,0.000000,0.198000,0.000000,0.000000,0.000000,0.198000,0.000000,0.000000,0.000000,0.000000,0.000000,0.000000
1778064086.705502,manual_slider,1,1,0,0.000000,0.000000,0.000000,0.000000,2.000000,0.000000,0.198000,0.000000,0.000000,0.000000,0.198000,0.000000,0.000000,0.000000,0.000000,0.000000,0.000000
1778064086.755580,manual_slider,1,1,0,0.000000,0.000000,0.000000,0.000000,2.000000,0.000000,0.198000,0.000000,0.000000,0.000000,0.198000,0.000000,0.000000,0.000000,0.000000,0.000000,0.000000
1778064086.805614,manual_slider,1,1,0,0.000000,0.000000,0.000000,0.000000,2.000000,0.000000,0.198000,0.000000,0.000000,0.000000,0.198000,0.000000,0.000000,0.000000,0.000000,0.000000,0.000000
1778064086.855640,manual_slider,1,1,0,0.000000,0.000000,0.000000,0.000000,2.000000,0.000000,0.198000,0.000000,0.000000,0.000000,0.198000,0.000000,0.000000,0.000000,0.000000,0.000000,0.000000
1778064086.905627,manual_slider,1,1,0,0.000000,0.000000,0.000000,0.000000,2.000000,0.000000,0.198000,0.000000,0.000000,0.000000,0.198000,0.000000,0.000000,0.000000,0.000000,0.000000,0.000000
1778064086.955495,manual_slider,1,1,0,0.000000,0.000000,0.000000,0.000000,2.000000,0.000000,0.198000,0.000000,0.000000,0.000000,0.198000,0.000000,0.000000,0.000000,0.000000,0.000000,0.000000
1778064087.005751,manual_slider,1,1,0,0.000000,0.000000,0.000000,0.000000,2.000000,0.000000,0.198000,0.000000,0.000000,0.000000,0.198000,0.000000,0.000000,0.000000,0.000000,0.000000,0.000000
1778064087.055508,manual_slider,1,1,0,0.000000,0.000000,0.000000,0.000000,2.000000,0.000000,0.198000,0.000000,0.000000,0.000000,0.198000,0.000000,0.000000,0.000000,0.000000,0.000000,0.000000
1778064087.107984,manual_slider,1,1,0,0.000000,0.000000,0.000000,0.000000,2.000000,0.000000,0.198000,0.000000,0.000000,0.000000,0.198000,0.000000,0.000000,0.000000,0.000000,0.000000,0.000000
1778064087.155444,manual_slider,1,1,0,0.000000,0.000000,0.000000,0.000000,2.000000,0.000000,0.198000,0.000000,0.000000,0.000000,0.198000,0.000000,0.000000,0.000000,0.000000,0.000000,0.000000
1778064087.205611,manual_slider,1,1,0,0.000000,0.000000,0.000000,0.000000,2.000000,0.000000,0.198000,0.000000,0.000000,0.000000,0.198000,0.000000,0.000000,0.000000,0.000000,0.000000,0.000000
1778064087.255427,manual_slider,1,1,0,0.000000,0.000000,0.000000,0.000000,2.000000,0.000000,0.198000,0.000000,0.000000,0.000000,0.198000,0.000000,0.000000,0.000000,0.000000,0.000000,0.000000
1778064087.305515,manual_slider,1,1,0,0.000000,0.000000,0.000000,0.000000,2.000000,0.000000,0.198000,0.000000,0.000000,0.000000,0.198000,0.000000,0.000000,0.000000,0.000000,0.000000,0.000000
1778064087.355421,manual_slider,1,1,0,0.000000,0.000000,0.000000,0.000000,2.000000,0.000000,0.198000,0.000000,0.000000,0.000000,0.198000,0.000000,0.000000,0.000000,0.000000,0.000000,0.000000
1778064087.405506,manual_slider,1,1,0,0.000000,0.000000,0.000000,0.000000,2.000000,0.000000,0.198000,0.000000,0.000000,0.000000,0.198000,0.000000,0.000000,0.000000,0.000000,0.000000,0.000000
1778064087.455458,manual_slider,1,1,0,0.000000,0.000000,0.000000,0.000000,2.000000,0.000000,0.198000,0.000000,0.000000,0.000000,0.198000,0.000000,0.000000,0.000000,0.000000,0.000000,0.000000
1778064087.505543,manual_slider,1,1,0,0.000000,0.000000,0.000000,0.000000,2.000000,0.000000,0.198000,0.000000,0.000000,0.000000,0.198000,0.000000,0.000000,0.000000,0.000000,0.000000,0.000000
1778064087.555490,manual_slider,1,1,0,0.000000,0.000000,0.000000,0.000000,2.000000,0.000000,0.198000,0.000000,0.000000,0.000000,0.198000,0.000000,0.000000,0.000000,0.000000,0.000000,0.000000
1778064087.605507,manual_slider,1,1,0,0.000000,0.000000,0.000000,0.000000,2.000000,0.000000,0.198000,0.000000,0.000000,0.000000,0.198000,0.000000,0.000000,0.000000,0.000000,0.000000,0.000000
1778064087.655676,manual_slider,1,1,0,0.000000,0.000000,0.000000,0.000000,1.680000,0.000000,0.198000,0.000000,0.000000,0.000000,0.198000,0.000000,0.000000,0.000000,0.000000,0.000000,0.000000
1778064087.705518,manual_slider,1,1,0,0.000000,0.000000,0.000000,0.000000,1.060000,0.000000,0.198000,0.000000,0.000000,0.000000,0.198000,0.000000,0.000000,0.000000,0.000000,0.000000,0.000000
1778064087.755445,manual_slider,1,1,0,0.000000,0.000000,0.000000,0.000000,0.416000,0.000000,0.198000,0.000000,0.000000,0.000000,0.198000,0.000000,0.000000,0.000000,0.000000,0.000000,0.000000
1778064087.805437,manual_slider,1,1,0,0.000000,0.000000,0.000000,0.000000,-0.224000,0.000000,0.198000,0.000000,0.000000,0.000000,0.198000,0.000000,0.000000,0.000000,0.000000,0.000000,0.000000
1778064087.855358,manual_slider,1,1,0,0.000000,0.000000,0.000000,0.000000,-0.716000,0.000000,0.198000,0.000000,0.000000,0.000000,0.198000,0.000000,0.000000,0.000000,0.000000,0.000000,0.000000
1778064087.905462,manual_slider,1,1,0,0.000000,0.000000,0.000000,0.000000,-1.316000,0.000000,0.198000,0.000000,0.000000,0.000000,0.198000,0.000000,0.000000,0.000000,0.000000,0.000000,0.000000
1778064087.955455,manual_slider,1,1,0,0.000000,0.000000,0.000000,0.000000,-1.700000,0.000000,0.198000,0.000000,0.000000,0.000000,0.198000,0.000000,0.000000,0.000000,0.000000,0.000000,0.000000
1778064088.005965,manual_slider,1,1,0,0.000000,0.000000,0.000000,0.000000,-1.936000,0.000000,0.198000,0.000000,0.000000,0.000000,0.198000,0.000000,0.000000,0.000000,0.000000,0.000000,0.000000
1778064088.055349,manual_slider,1,1,0,0.000000,0.000000,0.000000,0.000000,-2.000000,0.000000,0.198000,0.000000,0.000000,0.000000,0.198000,0.000000,0.000000,0.000000,0.000000,0.000000,0.000000
1778064088.105595,manual_slider,1,1,0,0.000000,0.000000,0.000000,0.000000,-2.000000,0.000000,0.198000,0.000000,0.000000,0.000000,0.198000,0.000000,0.000000,0.000000,0.000000,0.000000,0.000000
1778064088.155389,manual_slider,1,1,0,0.000000,0.000000,0.000000,0.000000,-2.000000,0.000000,0.198000,0.000000,0.000000,0.000000,0.198000,0.000000,0.000000,0.000000,0.000000,0.000000,0.000000
1778064088.205494,manual_slider,1,1,0,0.000000,0.000000,0.000000,0.000000,-2.000000,0.000000,0.198000,0.000000,0.000000,0.000000,0.198000,0.000000,0.000000,0.000000,0.000000,0.000000,0.000000
1778064088.255378,manual_slider,1,1,0,0.000000,0.000000,0.000000,0.000000,-2.000000,0.000000,0.198000,0.000000,0.000000,0.000000,0.198000,0.000000,0.000000,0.000000,0.000000,0.000000,0.000000
1778064088.305466,manual_slider,1,1,0,0.000000,0.000000,0.000000,0.000000,-2.000000,0.000000,0.198000,0.000000,0.000000,0.000000,0.198000,0.000000,0.000000,0.000000,0.000000,0.000000,0.000000
1778064088.355483,manual_slider,1,1,0,0.000000,0.000000,0.000000,0.000000,-2.000000,0.000000,0.198000,0.000000,0.000000,0.000000,0.198000,0.000000,0.000000,0.000000,0.000000,0.000000,0.000000
1778064088.405570,manual_slider,1,1,0,0.000000,0.000000,0.000000,0.000000,-2.000000,0.000000,0.198000,0.000000,0.000000,0.000000,0.198000,0.000000,0.000000,0.000000,0.000000,0.000000,0.000000
1778064088.455531,manual_slider,1,1,0,0.000000,0.000000,0.000000,0.000000,-2.000000,0.000000,0.198000,0.000000,0.000000,0.000000,0.198000,0.000000,0.000000,0.000000,0.000000,0.000000,0.000000
1778064088.505468,manual_slider,1,1,0,0.000000,0.000000,0.000000,0.000000,-2.000000,0.000000,0.198000,0.000000,0.000000,0.000000,0.198000,0.000000,0.000000,0.000000,0.000000,0.000000,0.000000
1778064088.555528,manual_slider,1,1,0,0.000000,0.000000,0.000000,0.000000,-2.000000,0.000000,0.198000,0.000000,0.000000,0.000000,0.198000,0.000000,0.000000,0.000000,0.000000,0.000000,0.000000
1778064088.605422,manual_slider,1,1,0,0.000000,0.000000,0.000000,0.000000,-1.980000,0.000000,0.198000,0.000000,0.000000,0.000000,0.198000,0.000000,0.000000,0.000000,0.000000,0.000000,0.000000
1778064088.655365,manual_slider,1,1,0,0.000000,0.000000,0.000000,0.000000,-1.788000,0.000000,0.198000,0.000000,0.000000,0.000000,0.198000,0.000000,0.000000,0.000000,0.000000,0.000000,0.000000
1778064088.705789,manual_slider,1,1,0,0.000000,0.000000,0.000000,0.000000,-1.464000,0.000000,0.198000,0.000000,0.000000,0.000000,0.198000,0.000000,0.000000,0.000000,0.000000,0.000000,0.000000
1778064088.755481,manual_slider,1,1,0,0.000000,0.000000,0.000000,0.000000,-1.124000,0.000000,0.198000,0.000000,0.000000,0.000000,0.198000,0.000000,0.000000,0.000000,0.000000,0.000000,0.000000
1778064088.806164,manual_slider,1,1,0,0.000000,0.000000,0.000000,0.000000,-0.736000,0.000000,0.198000,0.000000,0.000000,0.000000,0.198000,0.000000,0.000000,0.000000,0.000000,0.000000,0.000000
1778064088.855453,manual_slider,1,1,0,0.000000,0.000000,0.000000,0.000000,-0.480000,0.000000,0.198000,0.000000,0.000000,0.000000,0.198000,0.000000,0.000000,0.000000,0.000000,0.000000,0.000000
1778064088.905527,manual_slider,1,1,0,0.000000,0.000000,0.000000,0.000000,-0.180000,0.000000,0.198000,0.000000,0.000000,0.000000,0.198000,0.000000,0.000000,0.000000,0.000000,0.000000,0.000000
1778064088.955320,manual_slider,1,1,0,0.000000,0.000000,0.000000,0.000000,0.076000,0.000000,0.198000,0.000000,0.000000,0.000000,0.198000,0.000000,0.000000,0.000000,0.000000,0.000000,0.000000
1778064089.005502,manual_slider,1,1,0,0.000000,0.000000,0.000000,0.000000,0.440000,0.000000,0.198000,0.000000,0.000000,0.000000,0.198000,0.000000,0.000000,0.000000,0.000000,0.000000,0.000000
1778064089.055530,manual_slider,1,1,0,0.000000,0.000000,0.000000,0.000000,0.672000,0.000000,0.198000,0.000000,0.000000,0.000000,0.198000,0.000000,0.000000,0.000000,0.000000,0.000000,0.000000
1778064089.105716,manual_slider,1,1,0,0.000000,0.000000,0.000000,0.000000,0.780000,0.000000,0.198000,0.000000,0.000000,0.000000,0.198000,0.000000,0.000000,0.000000,0.000000,0.000000,0.000000
1778064089.155626,manual_slider,1,1,0,0.000000,0.000000,0.000000,0.000000,0.868000,0.000000,0.198000,0.000000,0.000000,0.000000,0.198000,0.000000,0.000000,0.000000,0.000000,0.000000,0.000000
1778064089.205636,manual_slider,1,1,0,0.000000,0.000000,0.000000,0.000000,0.932000,0.000000,0.198000,0.000000,0.000000,0.000000,0.198000,0.000000,0.000000,0.000000,0.000000,0.000000,0.000000
1778064089.255635,manual_slider,1,1,0,0.000000,0.000000,0.000000,0.000000,0.932000,0.000000,0.198000,0.000000,0.000000,0.000000,0.198000,0.000000,0.000000,0.000000,0.000000,0.000000,0.000000
1778064089.305732,manual_slider,1,1,0,0.000000,0.000000,0.000000,0.000000,0.000000,0.000000,0.198000,0.000000,0.000000,0.000000,0.198000,0.000000,0.000000,0.000000,0.000000,0.000000,0.000000
1778064089.355467,manual_slider,1,1,0,0.000000,0.000000,0.000000,0.000000,0.000000,0.000000,0.198000,0.000000,0.000000,0.000000,0.198000,0.000000,0.000000,0.000000,0.000000,0.000000,0.000000
1778064089.405463,manual_slider,1,1,0,0.000000,0.000000,0.000000,0.000000,0.000000,0.000000,0.198000,0.000000,0.000000,0.000000,0.198000,0.000000,0.000000,0.000000,0.000000,0.000000,0.000000
1778064089.455370,manual_slider,1,1,0,0.000000,0.000000,0.000000,0.000000,0.000000,0.000000,0.198000,0.000000,0.000000,0.000000,0.198000,0.000000,0.000000,0.000000,0.000000,0.000000,0.000000
1778064089.507940,manual_slider,1,1,0,0.000000,0.000000,0.000000,0.000000,0.000000,0.000000,0.198000,0.000000,0.000000,0.000000,0.198000,0.000000,0.000000,0.000000,0.000000,0.000000,0.000000
1778064089.555548,manual_slider,1,1,0,0.000000,0.000000,0.000000,0.000000,0.000000,0.000000,0.198000,0.000000,0.000000,0.000000,0.198000,0.000000,0.000000,0.000000,0.000000,0.000000,0.000000
1778064089.606023,manual_slider,1,1,0,0.000000,0.000000,0.000000,0.000000,0.000000,0.000000,0.198000,0.000000,0.000000,0.000000,0.198000,0.000000,0.000000,0.000000,0.000000,0.000000,0.000000
1778064089.655561,manual_slider,1,1,0,0.000000,0.000000,0.000000,0.000000,0.000000,0.000000,0.198000,0.000000,0.000000,0.000000,0.198000,0.000000,0.000000,0.000000,0.000000,0.000000,0.000000
1778064089.705629,manual_slider,1,1,0,0.000000,0.000000,0.000000,0.000000,0.000000,0.000000,0.198000,0.000000,0.000000,0.000000,0.198000,0.000000,0.000000,0.000000,0.000000,0.000000,0.000000
1778064089.755647,manual_slider,1,1,0,0.000000,0.000000,0.000000,0.000000,0.000000,0.000000,0.198000,0.000000,0.000000,0.000000,0.198000,0.000000,0.000000,0.000000,0.000000,0.000000,0.000000
1778064089.805573,manual_slider,1,1,0,0.000000,0.000000,0.000000,0.000000,0.000000,0.000000,0.198000,0.000000,0.000000,0.000000,0.198000,0.000000,0.000000,0.000000,0.000000,0.000000,0.000000
1778064089.855360,manual_slider,1,1,0,0.000000,0.000000,0.000000,0.000000,0.000000,0.000000,0.198000,0.000000,0.000000,0.000000,0.198000,0.000000,0.000000,0.000000,0.000000,0.000000,0.000000
1778064089.905499,manual_slider,1,1,0,0.000000,0.000000,0.000000,0.000000,0.000000,0.000000,0.198000,0.000000,0.000000,0.000000,0.198000,0.000000,0.000000,0.000000,0.000000,0.000000,0.000000
1778064089.955488,manual_slider,1,1,0,0.000000,0.000000,0.000000,0.000000,0.000000,0.000000,0.198000,0.000000,0.000000,0.000000,0.198000,0.000000,0.000000,0.000000,0.000000,0.000000,0.000000
1778064090.005615,manual_slider,1,1,0,0.000000,0.000000,0.000000,0.000000,0.000000,0.000000,0.198000,0.000000,0.000000,0.000000,0.198000,0.000000,0.000000,0.000000,0.000000,0.000000,0.000000
1778064090.055616,manual_slider,1,1,0,0.000000,0.000000,0.000000,0.000000,0.000000,0.000000,0.198000,0.000000,0.000000,0.000000,0.198000,0.000000,0.000000,0.000000,0.000000,0.000000,0.000000
1778064090.105489,manual_slider,1,1,0,0.000000,0.000000,0.000000,0.000000,0.000000,0.000000,0.198000,0.000000,0.000000,0.000000,0.198000,0.000000,0.000000,0.000000,0.000000,0.000000,0.000000
1778064090.155382,manual_slider,1,1,0,0.000000,0.000000,0.000000,0.000000,0.000000,0.000000,0.198000,0.000000,0.000000,0.000000,0.198000,0.000000,0.000000,0.000000,0.000000,0.000000,0.000000
1778064090.205514,manual_slider,1,1,0,0.000000,0.000000,0.000000,0.000000,0.000000,0.000000,0.198000,0.000000,0.000000,0.000000,0.198000,0.000000,0.000000,0.000000,0.000000,0.000000,0.000000
1778064090.255562,manual_slider,1,1,0,0.000000,0.000000,0.000000,0.000000,0.000000,0.000000,0.198000,0.000000,0.000000,0.000000,0.198000,0.000000,0.000000,0.000000,0.000000,0.000000,0.000000
1778064090.305574,manual_slider,1,1,0,0.000000,0.000000,0.000000,0.000000,0.000000,0.000000,0.198000,0.000000,0.000000,0.000000,0.198000,0.000000,0.000000,0.000000,0.000000,0.000000,0.000000
1778064090.355663,manual_slider,1,1,0,0.000000,0.000000,0.000000,0.000000,0.000000,0.000000,0.198000,0.000000,0.000000,0.000000,0.198000,0.000000,0.000000,0.000000,0.000000,0.000000,0.000000
1778064090.406053,manual_slider,1,1,0,0.000000,0.000000,0.000000,0.000000,0.000000,0.000000,0.198000,0.000000,0.000000,0.000000,0.198000,0.000000,0.000000,0.000000,0.000000,0.000000,0.000000
1778064090.455364,manual_slider,1,1,0,0.000000,0.000000,0.000000,0.000000,0.000000,0.080000,0.198000,0.000000,0.000000,0.000000,0.198000,0.000000,0.000000,0.000000,0.000000,0.000000,0.000000
1778064090.505493,manual_slider,1,1,0,0.000000,0.000000,0.000000,0.000000,0.000000,0.804000,0.198000,0.000000,0.000000,0.000000,0.198000,0.000000,0.000000,0.000000,0.000000,0.000000,0.000000
1778064090.555346,manual_slider,1,1,0,0.000000,0.000000,0.000000,0.000000,0.000000,1.728000,0.198000,0.000000,0.000000,0.000000,0.198000,0.000000,0.000000,0.000000,0.000000,0.000000,0.000000
1778064090.605542,manual_slider,1,1,0,0.000000,0.000000,0.000000,0.000000,0.000000,2.000000,0.198000,0.000000,0.000000,0.000000,0.198000,0.000000,0.000000,0.000000,0.000000,0.000000,0.000000
1778064090.655392,manual_slider,1,1,0,0.000000,0.000000,0.000000,0.000000,0.000000,2.000000,0.198000,0.000000,0.000000,0.000000,0.198000,0.000000,0.000000,0.000000,0.000000,0.000000,0.000000
1778064090.705500,manual_slider,1,1,0,0.000000,0.000000,0.000000,0.000000,0.000000,2.000000,0.198000,0.000000,0.000000,0.000000,0.198000,0.000000,0.000000,0.000000,0.000000,0.000000,0.000000
1778064090.755923,manual_slider,1,1,0,0.000000,0.000000,0.000000,0.000000,0.000000,2.000000,0.198000,0.000000,0.000000,0.000000,0.198000,0.000000,0.000000,0.000000,0.000000,0.000000,0.000000
1778064090.805573,manual_slider,1,1,0,0.000000,0.000000,0.000000,0.000000,0.000000,2.000000,0.198000,0.000000,0.000000,0.000000,0.198000,0.000000,0.000000,0.000000,0.000000,0.000000,0.000000
1778064090.855755,manual_slider,1,1,0,0.000000,0.000000,0.000000,0.000000,0.000000,2.000000,0.198000,0.000000,0.000000,0.000000,0.198000,0.000000,0.000000,0.000000,0.000000,0.000000,0.000000
1778064090.905839,manual_slider,1,1,0,0.000000,0.000000,0.000000,0.000000,0.000000,2.000000,0.198000,0.000000,0.000000,0.000000,0.198000,0.000000,0.000000,0.000000,0.000000,0.000000,0.000000
1778064090.955465,manual_slider,1,1,0,0.000000,0.000000,0.000000,0.000000,0.000000,2.000000,0.198000,0.000000,0.000000,0.000000,0.198000,0.000000,0.000000,0.000000,0.000000,0.000000,0.000000
1778064091.005534,manual_slider,1,1,0,0.000000,0.000000,0.000000,0.000000,0.000000,2.000000,0.198000,0.000000,0.000000,0.000000,0.198000,0.000000,0.000000,0.000000,0.000000,0.000000,0.000000
1778064091.055390,manual_slider,1,1,0,0.000000,0.000000,0.000000,0.000000,0.000000,2.000000,0.198000,0.000000,0.000000,0.000000,0.198000,0.000000,0.000000,0.000000,0.000000,0.000000,0.000000
1778064091.105674,manual_slider,1,1,0,0.000000,0.000000,0.000000,0.000000,0.000000,2.000000,0.198000,0.000000,0.000000,0.000000,0.198000,0.000000,0.000000,0.000000,0.000000,0.000000,0.000000
1778064091.155625,manual_slider,1,1,0,0.000000,0.000000,0.000000,0.000000,0.000000,2.000000,0.198000,0.000000,0.000000,0.000000,0.198000,0.000000,0.000000,0.000000,0.000000,0.000000,0.000000
1778064091.205840,manual_slider,1,1,0,0.000000,0.000000,0.000000,0.000000,0.000000,2.000000,0.198000,0.000000,0.000000,0.000000,0.198000,0.000000,0.000000,0.000000,0.000000,0.000000,0.000000
1778064091.255349,manual_slider,1,1,0,0.000000,0.000000,0.000000,0.000000,0.000000,2.000000,0.198000,0.000000,0.000000,0.000000,0.198000,0.000000,0.000000,0.000000,0.000000,0.000000,0.000000
1778064091.305606,manual_slider,1,1,0,0.000000,0.000000,0.000000,0.000000,0.000000,1.796000,0.198000,0.000000,0.000000,0.000000,0.198000,0.000000,0.000000,0.000000,0.000000,0.000000,0.000000
1778064091.355549,manual_slider,1,1,0,0.000000,0.000000,0.000000,0.000000,0.000000,1.456000,0.198000,0.000000,0.000000,0.000000,0.198000,0.000000,0.000000,0.000000,0.000000,0.000000,0.000000
1778064091.405596,manual_slider,1,1,0,0.000000,0.000000,0.000000,0.000000,0.000000,1.164000,0.198000,0.000000,0.000000,0.000000,0.198000,0.000000,0.000000,0.000000,0.000000,0.000000,0.000000
1778064091.455482,manual_slider,1,1,0,0.000000,0.000000,0.000000,0.000000,0.000000,0.848000,0.198000,0.000000,0.000000,0.000000,0.198000,0.000000,0.000000,0.000000,0.000000,0.000000,0.000000
1778064091.505649,manual_slider,1,1,0,0.000000,0.000000,0.000000,0.000000,0.000000,0.484000,0.198000,0.000000,0.000000,0.000000,0.198000,0.000000,0.000000,0.000000,0.000000,0.000000,0.000000
1778064091.555611,manual_slider,1,1,0,0.000000,0.000000,0.000000,0.000000,0.000000,0.284000,0.198000,0.000000,0.000000,0.000000,0.198000,0.000000,0.000000,0.000000,0.000000,0.000000,0.000000
1778064091.605589,manual_slider,1,1,0,0.000000,0.000000,0.000000,0.000000,0.000000,-0.012000,0.198000,0.000000,0.000000,0.000000,0.198000,0.000000,0.000000,0.000000,0.000000,0.000000,0.000000
1778064091.655513,manual_slider,1,1,0,0.000000,0.000000,0.000000,0.000000,0.000000,-0.352000,0.198000,0.000000,0.000000,0.000000,0.198000,0.000000,0.000000,0.000000,0.000000,0.000000,0.000000
1778064091.705538,manual_slider,1,1,0,0.000000,0.000000,0.000000,0.000000,0.000000,-0.688000,0.198000,0.000000,0.000000,0.000000,0.198000,0.000000,0.000000,0.000000,0.000000,0.000000,0.000000
1778064091.755399,manual_slider,1,1,0,0.000000,0.000000,0.000000,0.000000,0.000000,-0.936000,0.198000,0.000000,0.000000,0.000000,0.198000,0.000000,0.000000,0.000000,0.000000,0.000000,0.000000
1778064091.805719,manual_slider,1,1,0,0.000000,0.000000,0.000000,0.000000,0.000000,-1.120000,0.198000,0.000000,0.000000,0.000000,0.198000,0.000000,0.000000,0.000000,0.000000,0.000000,0.000000
1778064091.855355,manual_slider,1,1,0,0.000000,0.000000,0.000000,0.000000,0.000000,-1.300000,0.198000,0.000000,0.000000,0.000000,0.198000,0.000000,0.000000,0.000000,0.000000,0.000000,0.000000
1778064091.906073,manual_slider,1,1,0,0.000000,0.000000,0.000000,0.000000,0.000000,-1.436000,0.198000,0.000000,0.000000,0.000000,0.198000,0.000000,0.000000,0.000000,0.000000,0.000000,0.000000
1778064091.955401,manual_slider,1,1,0,0.000000,0.000000,0.000000,0.000000,0.000000,-1.572000,0.198000,0.000000,0.000000,0.000000,0.198000,0.000000,0.000000,0.000000,0.000000,0.000000,0.000000
1778064092.005929,manual_slider,1,1,0,0.000000,0.000000,0.000000,0.000000,0.000000,-1.684000,0.198000,0.000000,0.000000,0.000000,0.198000,0.000000,0.000000,0.000000,0.000000,0.000000,0.000000
1778064092.055451,manual_slider,1,1,0,0.000000,0.000000,0.000000,0.000000,0.000000,-1.752000,0.198000,0.000000,0.000000,0.000000,0.198000,0.000000,0.000000,0.000000,0.000000,0.000000,0.000000
1778064092.105552,manual_slider,1,1,0,0.000000,0.000000,0.000000,0.000000,0.000000,-1.776000,0.198000,0.000000,0.000000,0.000000,0.198000,0.000000,0.000000,0.000000,0.000000,0.000000,0.000000
1778064092.155803,manual_slider,1,1,0,0.000000,0.000000,0.000000,0.000000,0.000000,-1.684000,0.198000,0.000000,0.000000,0.000000,0.198000,0.000000,0.000000,0.000000,0.000000,0.000000,0.000000
1778064092.205479,manual_slider,1,1,0,0.000000,0.000000,0.000000,0.000000,0.000000,-1.548000,0.198000,0.000000,0.000000,0.000000,0.198000,0.000000,0.000000,0.000000,0.000000,0.000000,0.000000
1778064092.255472,manual_slider,1,1,0,0.000000,0.000000,0.000000,0.000000,0.000000,-1.436000,0.198000,0.000000,0.000000,0.000000,0.198000,0.000000,0.000000,0.000000,0.000000,0.000000,0.000000
1778064092.305474,manual_slider,1,1,0,0.000000,0.000000,0.000000,0.000000,0.000000,-1.344000,0.198000,0.000000,0.000000,0.000000,0.198000,0.000000,0.000000,0.000000,0.000000,0.000000,0.000000
1778064092.355571,manual_slider,1,1,0,0.000000,0.000000,0.000000,0.000000,0.000000,-1.276000,0.198000,0.000000,0.000000,0.000000,0.198000,0.000000,0.000000,0.000000,0.000000,0.000000,0.000000
1778064092.405540,manual_slider,1,1,0,0.000000,0.000000,0.000000,0.000000,0.000000,-1.256000,0.198000,0.000000,0.000000,0.000000,0.198000,0.000000,0.000000,0.000000,0.000000,0.000000,0.000000
1778064092.455711,manual_slider,1,1,0,0.000000,0.000000,0.000000,0.000000,0.000000,-1.140000,0.198000,0.000000,0.000000,0.000000,0.198000,0.000000,0.000000,0.000000,0.000000,0.000000,0.000000
1778064092.505668,manual_slider,1,1,0,0.000000,0.000000,0.000000,0.000000,0.000000,-1.140000,0.198000,0.000000,0.000000,0.000000,0.198000,0.000000,0.000000,0.000000,0.000000,0.000000,0.000000
1778064092.555528,manual_slider,1,1,0,0.000000,0.000000,0.000000,0.000000,0.000000,-1.120000,0.198000,0.000000,0.000000,0.000000,0.198000,0.000000,0.000000,0.000000,0.000000,0.000000,0.000000
1778064092.605472,manual_slider,1,1,0,0.000000,0.000000,0.000000,0.000000,0.000000,0.000000,0.198000,0.000000,0.000000,0.000000,0.198000,0.000000,0.000000,0.000000,0.000000,0.000000,0.000000
1778064092.655403,manual_slider,1,1,0,0.000000,0.000000,0.000000,0.000000,0.000000,0.000000,0.198000,0.000000,0.000000,0.000000,0.198000,0.000000,0.000000,0.000000,0.000000,0.000000,0.000000
1778064092.705843,manual_slider,1,1,0,0.000000,0.000000,0.000000,0.000000,0.000000,0.000000,0.198000,0.000000,0.000000,0.000000,0.198000,0.000000,0.000000,0.000000,0.000000,0.000000,0.000000
1778064092.755433,manual_slider,1,1,0,0.000000,0.000000,0.000000,0.000000,0.000000,0.000000,0.198000,0.000000,0.000000,0.000000,0.198000,0.000000,0.000000,0.000000,0.000000,0.000000,0.000000
1778064092.805663,manual_slider,1,1,0,0.000000,0.000000,0.000000,0.000000,0.000000,0.000000,0.198000,0.000000,0.000000,0.000000,0.198000,0.000000,0.000000,0.000000,0.000000,0.000000,0.000000
1778064092.855376,manual_slider,1,1,0,0.000000,0.000000,0.000000,0.000000,0.000000,0.000000,0.198000,0.000000,0.000000,0.000000,0.198000,0.000000,0.000000,0.000000,0.000000,0.000000,0.000000
1778064092.905631,manual_slider,1,1,0,0.000000,0.000000,0.000000,0.000000,0.000000,0.000000,0.198000,0.000000,0.000000,0.000000,0.198000,0.000000,0.000000,0.000000,0.000000,0.000000,0.000000
1778064092.955354,manual_slider,1,1,0,0.000000,0.000000,0.000000,0.000000,0.000000,0.000000,0.198000,0.000000,0.000000,0.000000,0.198000,0.000000,0.000000,0.000000,0.000000,0.000000,0.000000
1778064093.005587,manual_slider,1,1,0,0.000000,0.000000,0.000000,0.000000,0.000000,0.000000,0.198000,0.000000,0.000000,0.000000,0.198000,0.000000,0.000000,0.000000,0.000000,0.000000,0.000000
1778064093.055415,manual_slider,1,1,0,0.000000,0.000000,0.000000,0.000000,0.000000,0.000000,0.198000,0.000000,0.000000,0.000000,0.198000,0.000000,0.000000,0.000000,0.000000,0.000000,0.000000
1778064093.105521,manual_slider,1,1,0,0.000000,0.000000,0.000000,0.000000,0.000000,0.000000,0.198000,0.000000,0.000000,0.000000,0.198000,0.000000,0.000000,0.000000,0.000000,0.000000,0.000000
1778064093.155493,manual_slider,1,1,0,0.000000,0.000000,0.000000,0.000000,0.000000,0.000000,0.198000,0.000000,0.000000,0.000000,0.198000,0.000000,0.000000,0.000000,0.000000,0.000000,0.000000
1778064093.205491,manual_slider,1,1,0,0.000000,0.000000,0.000000,0.000000,0.000000,0.000000,0.198000,0.000000,0.000000,0.000000,0.198000,0.000000,0.000000,0.000000,0.000000,0.000000,0.000000
1778064093.255506,manual_slider,1,1,0,0.000000,0.000000,0.000000,0.000000,0.000000,0.000000,0.198000,0.000000,0.000000,0.000000,0.198000,0.000000,0.000000,0.000000,0.000000,0.000000,0.000000
1778064093.305608,manual_slider,1,1,0,0.000000,0.000000,0.000000,0.000000,0.000000,0.000000,0.198000,0.000000,0.000000,0.000000,0.198000,0.000000,0.000000,0.000000,0.000000,0.000000,0.000000
1778064093.355438,manual_slider,1,1,0,0.000000,0.000000,0.000000,0.000000,0.000000,0.000000,0.198000,0.000000,0.000000,0.000000,0.198000,0.000000,0.000000,0.000000,0.000000,0.000000,0.000000
1778064093.405827,manual_slider,1,1,0,0.000000,0.000000,0.000000,0.000000,0.000000,0.000000,0.198000,0.000000,0.000000,0.000000,0.198000,0.000000,0.000000,0.000000,0.000000,0.000000,0.000000
1778064093.455436,manual_slider,1,1,0,0.000000,0.000000,0.000000,0.000000,0.000000,0.000000,0.198000,0.000000,0.000000,0.000000,0.198000,0.000000,0.000000,0.000000,0.000000,0.000000,0.000000
1778064093.505525,manual_slider,1,1,0,0.000000,0.000000,0.000000,0.000000,0.000000,0.000000,0.198000,0.000000,0.000000,0.000000,0.198000,0.000000,0.000000,0.000000,0.000000,0.000000,0.000000
1778064093.555451,manual_slider,1,1,0,0.000000,0.000000,0.000000,0.000000,0.000000,0.000000,0.198000,0.000000,0.000000,0.000000,0.198000,0.000000,0.000000,0.000000,0.000000,0.000000,0.000000
1778064093.605799,manual_slider,1,1,0,0.000000,0.000000,0.000000,0.000000,0.000000,0.000000,0.198000,0.000000,0.000000,0.000000,0.198000,0.000000,0.000000,0.000000,0.000000,0.000000,0.000000
1778064093.655410,manual_slider,1,1,0,0.000000,0.000000,0.000000,0.000000,0.000000,0.000000,0.198000,0.000000,0.000000,0.000000,0.198000,0.000000,0.000000,0.000000,0.000000,0.000000,0.000000
1778064093.705495,manual_slider,1,1,0,0.000000,0.000000,0.000000,0.000000,0.000000,0.000000,0.198000,0.000000,0.000000,0.000000,0.198000,0.000000,0.000000,0.000000,0.000000,0.000000,0.000000
1778064093.755356,manual_slider,1,1,0,0.000000,0.000000,0.000000,0.000000,0.000000,0.000000,0.198000,0.000000,0.000000,0.000000,0.198000,0.000000,0.000000,0.000000,0.000000,0.000000,0.000000
1778064093.805491,manual_slider,1,1,0,0.000000,0.000000,0.000000,0.000000,0.000000,0.000000,0.198000,0.000000,0.000000,0.000000,0.198000,0.000000,0.000000,0.000000,0.000000,0.000000,0.000000
1778064093.855434,manual_slider,1,1,0,0.000000,0.000000,0.000000,0.000000,0.000000,0.000000,0.198000,0.000000,0.000000,0.000000,0.198000,0.000000,0.000000,0.000000,0.000000,0.000000,0.000000
1778064093.905534,manual_slider,1,1,0,0.000000,0.000000,0.000000,0.000000,0.000000,0.000000,0.198000,0.000000,0.000000,0.000000,0.198000,0.000000,0.000000,0.000000,0.000000,0.000000,0.000000
1778064093.955635,manual_slider,1,1,0,0.000000,0.000000,0.000000,0.000000,0.000000,0.000000,0.198000,0.000000,0.000000,0.000000,0.198000,0.000000,0.000000,0.000000,0.000000,0.000000,0.000000
1778064094.005732,manual_slider,1,1,0,0.000000,0.000000,0.000000,0.000000,0.000000,0.000000,0.198000,0.000000,0.000000,0.000000,0.198000,0.000000,0.000000,0.000000,0.000000,0.000000,0.000000
1778064094.055685,manual_slider,1,1,0,0.000000,0.000000,0.000000,0.000000,0.000000,0.000000,0.198000,0.000000,0.000000,0.000000,0.198000,0.000000,0.000000,0.000000,0.000000,0.000000,0.000000
1778064094.105543,manual_slider,1,1,0,0.000000,0.000000,0.000000,0.000000,0.000000,0.000000,0.198000,0.000000,0.000000,0.000000,0.198000,0.000000,0.000000,0.000000,0.000000,0.000000,0.000000
1778064094.155480,manual_slider,1,1,0,0.000000,0.000000,0.000000,0.000000,0.000000,0.000000,0.198000,0.000000,0.000000,0.000000,0.198000,0.000000,0.000000,0.000000,0.000000,0.000000,0.000000
1778064094.205602,manual_slider,1,1,0,0.000000,0.000000,0.000000,0.000000,0.000000,0.000000,0.198000,0.000000,0.000000,0.000000,0.198000,0.000000,0.000000,0.000000,0.000000,0.000000,0.000000
1778064094.255350,manual_slider,1,1,0,0.000000,0.000000,0.000000,0.000000,0.000000,0.000000,0.198000,0.000000,0.000000,0.000000,0.198000,0.000000,0.000000,0.000000,0.000000,0.000000,0.000000
1778064094.308473,manual_slider,1,1,0,0.000000,0.000000,0.000000,0.000000,0.000000,0.000000,0.198000,0.000000,0.000000,0.000000,0.198000,0.000000,0.000000,0.000000,0.000000,0.000000,0.000000
1778064094.355545,manual_slider,1,1,0,0.000000,0.000000,0.000000,0.000000,0.000000,0.000000,0.198000,0.000000,0.000000,0.000000,0.198000,0.000000,0.000000,0.000000,0.000000,0.000000,0.000000
1778064094.405624,manual_slider,1,1,0,0.000000,0.000000,0.000000,0.000000,0.000000,0.000000,0.198000,0.000000,0.000000,0.000000,0.198000,0.000000,0.000000,0.000000,0.000000,0.000000,0.000000
1778064094.455463,manual_slider,1,1,0,0.000000,0.000000,0.000000,0.000000,0.000000,0.000000,0.198000,0.000000,0.000000,0.000000,0.198000,0.000000,0.000000,0.000000,0.000000,0.000000,0.000000
1778064094.505706,manual_slider,1,1,0,0.000000,0.000000,0.000000,0.000000,0.000000,0.000000,0.198000,0.000000,0.000000,0.000000,0.198000,0.000000,0.000000,0.000000,0.000000,0.000000,0.000000
1778064094.555511,manual_slider,1,1,0,0.000000,0.000000,0.000000,0.000000,0.000000,0.000000,0.198000,0.000000,0.000000,0.000000,0.198000,0.000000,0.000000,0.000000,0.000000,0.000000,0.000000
1778064094.605512,manual_slider,1,1,0,0.000000,0.000000,0.000000,0.000000,0.000000,0.000000,0.198000,0.000000,0.000000,0.000000,0.198000,0.000000,0.000000,0.000000,0.000000,0.000000,0.000000
1778064094.655386,manual_slider,1,1,0,0.000000,0.000000,0.000000,0.000000,0.000000,0.000000,0.198000,0.000000,0.000000,0.000000,0.198000,0.000000,0.000000,0.000000,0.000000,0.000000,0.000000
1778064094.705710,manual_slider,1,1,0,0.000000,0.000000,0.000000,0.000000,0.000000,0.000000,0.198000,0.000000,0.000000,0.000000,0.198000,0.000000,0.000000,0.000000,0.000000,0.000000,0.000000
1778064094.755811,manual_slider,1,1,0,0.000000,0.000000,0.000000,0.000000,0.000000,0.000000,0.198000,0.000000,0.000000,0.000000,0.198000,0.000000,0.000000,0.000000,0.000000,0.000000,0.000000
1778064094.805977,manual_slider,1,1,0,0.000000,0.000000,0.000000,0.000000,0.000000,0.000000,0.198000,0.000000,0.000000,0.000000,0.198000,0.000000,0.000000,0.000000,0.000000,0.000000,0.000000
1778064094.855644,manual_slider,1,1,0,0.000000,0.000000,0.000000,0.000000,0.000000,0.000000,0.198000,0.000000,0.000000,0.000000,0.198000,0.000000,0.000000,0.000000,0.000000,0.000000,0.000000
1778064094.905560,manual_slider,1,1,0,0.000000,0.000000,0.000000,0.000000,0.000000,0.000000,0.198000,0.000000,0.000000,0.000000,0.198000,0.000000,0.000000,0.000000,0.000000,0.000000,0.000000
1778064094.955469,manual_slider,1,1,0,0.000000,0.000000,0.000000,0.000000,0.000000,0.000000,0.198000,0.000000,0.000000,0.000000,0.198000,0.000000,0.000000,0.000000,0.000000,0.000000,0.000000
1778064095.005601,manual_slider,1,1,0,0.000000,0.000000,0.000000,0.000000,0.000000,0.000000,0.198000,0.000000,0.000000,0.000000,0.198000,0.000000,0.000000,0.000000,0.000000,0.000000,0.000000
1778064095.055557,manual_slider,1,1,0,0.000000,0.000000,0.000000,0.000000,0.000000,0.000000,0.198000,0.000000,0.000000,0.000000,0.198000,0.000000,0.000000,0.000000,0.000000,0.000000,0.000000
1778064095.105767,manual_slider,1,1,0,0.000000,0.000000,0.000000,0.000000,0.000000,0.000000,0.198000,0.000000,0.000000,0.000000,0.198000,0.000000,0.000000,0.000000,0.000000,0.000000,0.000000
1778064095.155342,manual_slider,1,1,0,0.000000,0.000000,0.000000,0.000000,0.000000,0.000000,0.198000,0.000000,0.000000,0.000000,0.198000,0.000000,0.000000,0.000000,0.000000,0.000000,0.000000
1778064095.205608,manual_slider,1,1,0,0.000000,0.000000,0.000000,0.000000,0.000000,0.000000,0.198000,0.000000,0.000000,0.000000,0.198000,0.000000,0.000000,0.000000,0.000000,0.000000,0.000000
1778064095.255407,manual_slider,1,1,0,0.000000,0.000000,0.000000,0.000000,0.000000,0.000000,0.198000,0.000000,0.000000,0.000000,0.198000,0.000000,0.000000,0.000000,0.000000,0.000000,0.000000
1778064095.305572,manual_slider,1,1,0,0.000000,0.000000,0.000000,0.000000,0.000000,0.000000,0.198000,0.000000,0.000000,0.000000,0.198000,0.000000,0.000000,0.000000,0.000000,0.000000,0.000000
1778064095.355409,manual_slider,1,1,0,0.000000,0.000000,0.000000,0.000000,0.000000,0.000000,0.198000,0.000000,0.000000,0.000000,0.198000,0.000000,0.000000,0.000000,0.000000,0.000000,0.000000
1778064095.405559,manual_slider,1,1,0,0.000000,0.000000,0.000000,0.000000,0.000000,0.000000,0.198000,0.000000,0.000000,0.000000,0.198000,0.000000,0.000000,0.000000,0.000000,0.000000,0.000000
1778064095.455483,manual_slider,1,1,0,0.000000,0.000000,0.000000,0.000000,0.000000,0.000000,0.198000,0.000000,0.000000,0.000000,0.198000,0.000000,0.000000,0.000000,0.000000,0.000000,0.000000
1778064095.505510,manual_slider,1,1,0,0.000000,0.000000,0.000000,0.000000,0.000000,0.000000,0.198000,0.000000,0.000000,0.000000,0.198000,0.000000,0.000000,0.000000,0.000000,0.000000,0.000000
1778064095.555421,manual_slider,1,1,0,0.000000,0.000000,0.000000,0.000000,0.000000,0.000000,0.198000,0.000000,0.000000,0.000000,0.198000,0.000000,0.000000,0.000000,0.000000,0.000000,0.000000
1778064095.605516,manual_slider,1,1,0,0.000000,0.000000,0.000000,0.000000,0.000000,0.000000,0.198000,0.000000,0.000000,0.000000,0.198000,0.000000,0.000000,0.000000,0.000000,0.000000,0.000000
1778064095.655541,manual_slider,1,1,0,0.000000,0.000000,0.000000,0.000000,0.000000,0.000000,0.198000,0.000000,0.000000,0.000000,0.198000,0.000000,0.000000,0.000000,0.000000,0.000000,0.000000
1778064095.705501,manual_slider,1,1,0,0.000000,0.000000,0.000000,0.000000,0.000000,0.000000,0.198000,0.000000,0.000000,0.000000,0.198000,0.000000,0.000000,0.000000,0.000000,0.000000,0.000000
1778064095.755505,manual_slider,1,1,0,0.000000,0.000000,0.000000,0.000000,0.000000,0.000000,0.198000,0.000000,0.000000,0.000000,0.198000,0.000000,0.000000,0.000000,0.000000,0.000000,0.000000
1778064095.805655,manual_slider,1,1,0,0.000000,0.000000,0.000000,0.000000,0.000000,0.000000,0.198000,0.000000,0.000000,0.000000,0.198000,0.000000,0.000000,0.000000,0.000000,0.000000,0.000000
1778064095.855422,manual_slider,1,1,0,0.000000,0.000000,0.000000,0.000000,0.000000,0.000000,0.198000,0.000000,0.000000,0.000000,0.198000,0.000000,0.000000,0.000000,0.000000,0.000000,0.000000
1778064095.907722,manual_slider,1,1,0,0.000000,0.000000,0.000000,0.000000,0.000000,0.000000,0.198000,0.000000,0.000000,0.000000,0.198000,0.000000,0.000000,0.000000,0.000000,0.000000,0.000000
1778064095.955757,manual_slider,1,1,0,0.000000,0.000000,0.000000,0.000000,0.000000,0.000000,0.198000,0.000000,0.000000,0.000000,0.198000,0.000000,0.000000,0.000000,0.000000,0.000000,0.000000
1778064096.005903,manual_slider,1,1,0,0.000000,0.000000,0.000000,0.000000,0.000000,0.000000,0.198000,0.000000,0.000000,0.000000,0.198000,0.000000,0.000000,0.000000,0.000000,0.000000,0.000000
1778064096.055767,manual_slider,1,1,0,0.000000,0.000000,0.000000,0.000000,0.000000,0.000000,0.198000,0.000000,0.000000,0.000000,0.198000,0.000000,0.000000,0.000000,0.000000,0.000000,0.000000
1778064096.107003,manual_slider,1,1,0,0.000000,0.000000,0.000000,0.000000,0.000000,0.000000,0.198000,0.000000,0.000000,0.000000,0.198000,0.000000,0.000000,0.000000,0.000000,0.000000,0.000000
1778064096.155895,manual_slider,1,1,0,0.000000,0.000000,0.000000,0.000000,0.000000,0.000000,0.198000,0.000000,0.000000,0.000000,0.198000,0.000000,0.000000,0.000000,0.000000,0.000000,0.000000
1778064096.205593,manual_slider,1,1,0,0.000000,0.000000,0.000000,0.000000,0.000000,0.000000,0.198000,0.000000,0.000000,0.000000,0.198000,0.000000,0.000000,0.000000,0.000000,0.000000,0.000000
1778064096.255663,manual_slider,1,1,0,0.000000,0.000000,0.000000,0.000000,0.000000,0.000000,0.198000,0.000000,0.000000,0.000000,0.198000,0.000000,0.000000,0.000000,0.000000,0.000000,0.000000
1778064096.305852,manual_slider,1,1,0,0.000000,0.000000,0.000000,0.000000,0.000000,0.000000,0.198000,0.000000,0.000000,0.000000,0.198000,0.000000,0.000000,0.000000,0.000000,0.000000,0.000000
1778064096.355476,manual_slider,1,1,0,0.000000,0.000000,0.000000,0.000000,0.000000,0.000000,0.198000,0.000000,0.000000,0.000000,0.198000,0.000000,0.000000,0.000000,0.000000,0.000000,0.000000
1778064096.405559,manual_slider,1,1,0,0.000000,0.000000,0.000000,0.000000,0.000000,0.000000,0.198000,0.000000,0.000000,0.000000,0.198000,0.000000,0.000000,0.000000,0.000000,0.000000,0.000000
1778064096.455974,manual_slider,1,1,0,0.000000,0.000000,0.000000,0.000000,0.000000,0.000000,0.198000,0.000000,0.000000,0.000000,0.198000,0.000000,0.000000,0.000000,0.000000,0.000000,0.000000
1778064096.505639,manual_slider,1,1,0,0.000000,0.000000,0.000000,0.000000,0.000000,0.000000,0.198000,0.000000,0.000000,0.000000,0.198000,0.000000,0.000000,0.000000,0.000000,0.000000,0.000000
1778064096.555503,manual_slider,1,1,0,0.000000,0.000000,0.000000,0.000000,0.000000,0.000000,0.198000,0.000000,0.000000,0.000000,0.198000,0.000000,0.000000,0.000000,0.000000,0.000000,0.000000
1778064096.605579,manual_slider,1,1,0,0.000000,0.000000,0.000000,0.000000,0.000000,0.000000,0.198000,0.000000,0.000000,0.000000,0.198000,0.000000,0.000000,0.000000,0.000000,0.000000,0.000000
1778064096.655766,manual_slider,1,1,0,0.000000,0.000000,0.000000,0.000000,0.000000,0.000000,0.198000,0.000000,0.000000,0.000000,0.198000,0.000000,0.000000,0.000000,0.000000,0.000000,0.000000
1778064096.708050,manual_slider,1,1,0,0.000000,0.000000,0.000000,0.000000,0.000000,0.000000,0.198000,0.000000,0.000000,0.000000,0.198000,0.000000,0.000000,0.000000,0.000000,0.000000,0.000000
1778064096.755344,manual_slider,1,1,0,0.000000,0.000000,0.000000,0.000000,0.000000,0.000000,0.198000,0.000000,0.000000,0.000000,0.198000,0.000000,0.000000,0.000000,0.000000,0.000000,0.000000
1778064096.806140,manual_slider,1,1,0,0.000000,0.000000,0.000000,0.000000,0.000000,0.000000,0.198000,0.000000,0.000000,0.000000,0.198000,0.000000,0.000000,0.000000,0.000000,0.000000,0.000000
1778064096.855536,manual_slider,1,1,0,0.000000,0.000000,0.000000,0.000000,0.000000,0.000000,0.198000,0.000000,0.000000,0.000000,0.198000,0.000000,0.000000,0.000000,0.000000,0.000000,0.000000
1778064096.905544,manual_slider,1,1,0,0.000000,0.000000,0.000000,0.000000,0.000000,0.000000,0.198000,0.000000,0.000000,0.000000,0.198000,0.000000,0.000000,0.000000,0.000000,0.000000,0.000000
1778064096.955460,manual_slider,1,1,0,0.000000,0.000000,0.000000,0.000000,0.000000,0.000000,0.198000,0.000000,0.000000,0.000000,0.198000,0.000000,0.000000,0.000000,0.000000,0.000000,0.000000
1778064097.005600,manual_slider,1,1,0,0.000000,0.000000,0.000000,0.000000,0.000000,0.000000,0.198000,0.000000,0.000000,0.000000,0.198000,0.000000,0.000000,0.000000,0.000000,0.000000,0.000000
1778064097.055415,manual_slider,1,1,0,0.000000,0.000000,0.000000,0.000000,0.000000,0.000000,0.198000,0.000000,0.000000,0.000000,0.198000,0.000000,0.000000,0.000000,0.000000,0.000000,0.000000
1778064097.105588,manual_slider,1,1,0,0.000000,0.000000,0.000000,0.000000,0.000000,0.000000,0.198000,0.000000,0.000000,0.000000,0.198000,0.000000,0.000000,0.000000,0.000000,0.000000,0.000000
1778064097.155714,manual_slider,1,1,0,0.000000,0.000000,0.000000,0.000000,0.000000,0.000000,0.198000,0.000000,0.000000,0.000000,0.198000,0.000000,0.000000,0.000000,0.000000,0.000000,0.000000
1778064097.205540,manual_slider,1,1,0,0.000000,0.000000,0.000000,0.000000,0.000000,0.000000,0.198000,0.000000,0.000000,0.000000,0.198000,0.000000,0.000000,0.000000,0.000000,0.000000,0.000000
1778064097.255783,manual_slider,1,1,0,0.000000,0.000000,0.000000,0.000000,0.000000,0.000000,0.198000,0.000000,0.000000,0.000000,0.198000,0.000000,0.000000,0.000000,0.000000,0.000000,0.000000
1778064097.305572,manual_slider,1,1,0,0.000000,0.000000,0.000000,0.000000,0.000000,0.000000,0.198000,0.000000,0.000000,0.000000,0.198000,0.000000,0.000000,0.000000,0.000000,0.000000,0.000000
1778064097.355381,manual_slider,1,1,0,0.000000,0.000000,0.000000,0.000000,0.000000,0.000000,0.198000,0.000000,0.000000,0.000000,0.198000,0.000000,0.000000,0.000000,0.000000,0.000000,0.000000
1778064097.405630,manual_slider,1,1,0,0.000000,0.000000,0.000000,0.000000,0.000000,0.000000,0.198000,0.000000,0.000000,0.000000,0.198000,0.000000,0.000000,0.000000,0.000000,0.000000,0.000000
1778064097.455498,manual_slider,1,1,0,0.000000,0.000000,0.000000,0.000000,0.000000,0.000000,0.198000,0.000000,0.000000,0.000000,0.198000,0.000000,0.000000,0.000000,0.000000,0.000000,0.000000
1778064097.507547,manual_slider,1,1,0,0.000000,0.000000,0.000000,0.000000,0.000000,0.000000,0.198000,0.000000,0.000000,0.000000,0.198000,0.000000,0.000000,0.000000,0.000000,0.000000,0.000000
1778064097.555492,manual_slider,1,1,0,0.000000,0.000000,0.000000,0.000000,0.000000,0.000000,0.198000,0.000000,0.000000,0.000000,0.198000,0.000000,0.000000,0.000000,0.000000,0.000000,0.000000
1778064097.606273,manual_slider,1,1,0,0.000000,0.000000,0.000000,0.000000,0.000000,0.000000,0.198000,0.000000,0.000000,0.000000,0.198000,0.000000,0.000000,0.000000,0.000000,0.000000,0.000000
1778064097.655661,manual_slider,1,1,0,0.000000,0.000000,0.000000,0.000000,0.000000,0.000000,0.198000,0.000000,0.000000,0.000000,0.198000,0.000000,0.000000,0.000000,0.000000,0.000000,0.000000
1778064097.705633,manual_slider,1,1,0,0.000000,0.000000,0.000000,0.000000,0.000000,0.000000,0.198000,0.000000,0.000000,0.000000,0.198000,0.000000,0.000000,0.000000,0.000000,0.000000,0.000000
1778064097.755859,manual_slider,1,1,0,0.000000,0.000000,0.000000,0.000000,0.000000,0.000000,0.198000,0.000000,0.000000,0.000000,0.198000,0.000000,0.000000,0.000000,0.000000,0.000000,0.000000
1778064097.805656,manual_slider,1,1,0,0.000000,0.000000,0.000000,0.000000,0.000000,0.000000,0.198000,0.000000,0.000000,0.000000,0.198000,0.000000,0.000000,0.000000,0.000000,0.000000,0.000000
1778064097.855498,manual_slider,1,1,0,0.000000,0.000000,0.000000,0.000000,0.000000,0.000000,0.198000,0.000000,0.000000,0.000000,0.198000,0.000000,0.000000,0.000000,0.000000,0.000000,0.000000
1778064097.905446,manual_slider,1,1,0,0.000000,0.000000,0.000000,0.000000,0.000000,0.000000,0.198000,0.000000,0.000000,0.000000,0.198000,0.000000,0.000000,0.000000,0.000000,0.000000,0.000000
1778064097.955820,manual_slider,1,1,0,0.000000,0.000000,0.000000,0.000000,0.000000,0.000000,0.198000,0.000000,0.000000,0.000000,0.198000,0.000000,0.000000,0.000000,0.000000,0.000000,0.000000
1778064098.005659,manual_slider,1,1,0,0.000000,0.000000,0.000000,0.000000,0.000000,0.000000,0.198000,0.000000,0.000000,0.000000,0.198000,0.000000,0.000000,0.000000,0.000000,0.000000,0.000000
1778064098.055561,manual_slider,1,1,0,0.000000,0.000000,0.000000,0.000000,0.000000,0.000000,0.198000,0.000000,0.000000,0.000000,0.198000,0.000000,0.000000,0.000000,0.000000,0.000000,0.000000
1778064098.105565,manual_slider,1,1,0,0.000000,0.000000,0.000000,0.000000,0.000000,0.000000,0.198000,0.000000,0.000000,0.000000,0.198000,0.000000,0.000000,0.000000,0.000000,0.000000,0.000000
1778064098.155663,manual_slider,1,1,0,0.000000,0.000000,0.000000,0.000000,0.000000,0.000000,0.198000,0.000000,0.000000,0.000000,0.198000,0.000000,0.000000,0.000000,0.000000,0.000000,0.000000
1778064098.205513,manual_slider,1,1,0,0.000000,0.000000,0.000000,0.000000,0.000000,0.000000,0.198000,0.000000,0.000000,0.000000,0.198000,0.000000,0.000000,0.000000,0.000000,0.000000,0.000000
1778064098.255612,manual_slider,1,1,0,0.000000,0.000000,0.000000,0.000000,0.000000,0.000000,0.198000,0.000000,0.000000,0.000000,0.198000,0.000000,0.000000,0.000000,0.000000,0.000000,0.000000
1778064098.306907,manual_slider,1,1,0,0.000000,0.000000,0.000000,0.000000,0.000000,0.000000,0.198000,0.000000,0.000000,0.000000,0.198000,0.000000,0.000000,0.000000,0.000000,0.000000,0.000000
1778064098.355655,manual_slider,1,1,0,0.000000,0.000000,0.000000,0.000000,0.000000,0.000000,0.198000,0.000000,0.000000,0.000000,0.198000,0.000000,0.000000,0.000000,0.000000,0.000000,0.000000
1778064098.406615,manual_slider,1,1,0,0.000000,0.000000,0.000000,0.000000,0.000000,0.000000,0.198000,0.000000,0.000000,0.000000,0.198000,0.000000,0.000000,0.000000,0.000000,0.000000,0.000000
1778064098.455441,manual_slider,1,1,0,0.000000,0.000000,0.000000,0.000000,0.000000,0.000000,0.198000,0.000000,0.000000,0.000000,0.198000,0.000000,0.000000,0.000000,0.000000,0.000000,0.000000
1778064098.505627,manual_slider,1,1,0,0.000000,0.000000,0.000000,0.000000,0.000000,0.000000,0.198000,0.000000,0.000000,0.000000,0.198000,0.000000,0.000000,0.000000,0.000000,0.000000,0.000000
1778064098.555539,manual_slider,1,1,0,0.000000,0.000000,0.000000,0.000000,0.000000,0.000000,0.198000,0.000000,0.000000,0.000000,0.198000,0.000000,0.000000,0.000000,0.000000,0.000000,0.000000
1778064098.605596,manual_slider,1,1,0,0.000000,0.000000,0.000000,0.000000,0.000000,0.000000,0.198000,0.000000,0.000000,0.000000,0.198000,0.000000,0.000000,0.000000,0.000000,0.000000,0.000000
1778064098.655563,manual_slider,1,1,0,0.000000,0.000000,0.000000,0.000000,0.000000,0.000000,0.198000,0.000000,0.000000,0.000000,0.198000,0.000000,0.000000,0.000000,0.000000,0.000000,0.000000
1778064098.705727,manual_slider,1,1,0,0.000000,0.000000,0.000000,0.000000,0.000000,0.000000,0.198000,0.000000,0.000000,0.000000,0.198000,0.000000,0.000000,0.000000,0.000000,0.000000,0.000000
1778064098.755853,manual_slider,1,1,0,0.000000,0.000000,0.000000,0.000000,0.000000,0.000000,0.198000,0.000000,0.000000,0.000000,0.198000,0.000000,0.000000,0.000000,0.000000,0.000000,0.000000
1778064098.805736,manual_slider,1,1,0,0.000000,0.000000,0.000000,0.000000,0.000000,0.000000,0.198000,0.000000,0.000000,0.000000,0.198000,0.000000,0.000000,0.000000,0.000000,0.000000,0.000000
1778064098.855570,manual_slider,1,1,0,0.000000,0.000000,0.000000,0.000000,0.000000,0.000000,0.198000,0.000000,0.000000,0.000000,0.198000,0.000000,0.000000,0.000000,0.000000,0.000000,0.000000
1778064098.905581,manual_slider,1,1,0,0.000000,0.000000,0.000000,0.000000,0.000000,0.000000,0.198000,0.000000,0.000000,0.000000,0.198000,0.000000,0.000000,0.000000,0.000000,0.000000,0.000000
1778064098.955569,manual_slider,1,1,0,0.000000,0.000000,0.000000,0.000000,0.000000,0.000000,0.198000,0.000000,0.000000,0.000000,0.198000,0.000000,0.000000,0.000000,0.000000,0.000000,0.000000
1778064099.005547,manual_slider,1,1,0,0.000000,0.000000,0.000000,0.000000,0.000000,0.000000,0.198000,0.000000,0.000000,0.000000,0.198000,0.000000,0.000000,0.000000,0.000000,0.000000,0.000000
1778064099.055697,manual_slider,1,1,0,0.000000,0.000000,0.000000,0.000000,0.000000,0.000000,0.198000,0.000000,0.000000,0.000000,0.198000,0.000000,0.000000,0.000000,0.000000,0.000000,0.000000
1778064099.105933,manual_slider,1,1,0,0.000000,0.000000,0.000000,0.000000,0.000000,0.000000,0.198000,0.000000,0.000000,0.000000,0.198000,0.000000,0.000000,0.000000,0.000000,0.000000,0.000000
1778064099.155664,manual_slider,1,1,0,0.000000,0.000000,0.000000,0.000000,0.000000,0.000000,0.198000,0.000000,0.000000,0.000000,0.198000,0.000000,0.000000,0.000000,0.000000,0.000000,0.000000
1778064099.206154,manual_slider,1,1,0,0.000000,0.000000,0.000000,0.000000,0.000000,0.000000,0.198000,0.000000,0.000000,0.000000,0.198000,0.000000,0.000000,0.000000,0.000000,0.000000,0.000000
1778064099.255387,manual_slider,1,1,0,0.000000,0.000000,0.000000,0.000000,0.000000,0.000000,0.198000,0.000000,0.000000,0.000000,0.198000,0.000000,0.000000,0.000000,0.000000,0.000000,0.000000
1778064099.305549,manual_slider,1,1,0,0.000000,0.000000,0.000000,0.000000,0.000000,0.000000,0.198000,0.000000,0.000000,0.000000,0.198000,0.000000,0.000000,0.000000,0.000000,0.000000,0.000000
1778064099.355472,manual_slider,1,1,0,0.000000,0.000000,0.000000,0.000000,0.000000,0.000000,0.198000,0.000000,0.000000,0.000000,0.198000,0.000000,0.000000,0.000000,0.000000,0.000000,0.000000
1778064099.405603,manual_slider,1,1,0,0.000000,0.000000,0.000000,0.000000,0.000000,0.000000,0.198000,0.000000,0.000000,0.000000,0.198000,0.000000,0.000000,0.000000,0.000000,0.000000,0.000000
1778064099.455640,manual_slider,1,1,0,0.000000,0.000000,0.000000,0.000000,0.000000,0.000000,0.198000,0.000000,0.000000,0.000000,0.198000,0.000000,0.000000,0.000000,0.000000,0.000000,0.000000
1778064099.505730,manual_slider,1,1,0,0.000000,0.000000,0.000000,0.000000,0.000000,0.000000,0.198000,0.000000,0.000000,0.000000,0.198000,0.000000,0.000000,0.000000,0.000000,0.000000,0.000000
1778064099.556330,manual_slider,1,1,0,0.000000,0.000000,0.000000,0.000000,0.000000,0.000000,0.198000,0.000000,0.000000,0.000000,0.198000,0.000000,0.000000,0.000000,0.000000,0.000000,0.000000
1778064099.605771,manual_slider,1,1,0,0.000000,0.000000,0.000000,0.000000,0.000000,0.000000,0.198000,0.000000,0.000000,0.000000,0.198000,0.000000,0.000000,0.000000,0.000000,0.000000,0.000000
1778064099.655583,manual_slider,1,1,0,0.000000,0.000000,0.000000,0.000000,0.000000,0.000000,0.198000,0.000000,0.000000,0.000000,0.198000,0.000000,0.000000,0.000000,0.000000,0.000000,0.000000
1778064099.705570,manual_slider,1,1,0,0.000000,0.000000,0.000000,0.000000,0.000000,0.000000,0.198000,0.000000,0.000000,0.000000,0.198000,0.000000,0.000000,0.000000,0.000000,0.000000,0.000000
1778064099.755509,manual_slider,1,1,0,0.000000,0.000000,0.000000,0.000000,0.000000,0.000000,0.198000,0.000000,0.000000,0.000000,0.198000,0.000000,0.000000,0.000000,0.000000,0.000000,0.000000
1778064099.805688,manual_slider,1,1,0,0.000000,0.000000,0.000000,0.000000,0.000000,0.000000,0.198000,0.000000,0.000000,0.000000,0.198000,0.000000,0.000000,0.000000,0.000000,0.000000,0.000000
1778064099.855549,manual_slider,1,1,0,0.000000,0.000000,0.000000,0.000000,0.000000,0.000000,0.198000,0.000000,0.000000,0.000000,0.198000,0.000000,0.000000,0.000000,0.000000,0.000000,0.000000
1778064099.905882,manual_slider,1,1,0,0.000000,0.000000,0.000000,0.000000,0.000000,0.000000,0.198000,0.000000,0.000000,0.000000,0.198000,0.000000,0.000000,0.000000,0.000000,0.000000,0.000000
1778064099.955559,manual_slider,1,1,0,0.000000,0.000000,0.000000,0.000000,0.000000,0.000000,0.198000,0.000000,0.000000,0.000000,0.198000,0.000000,0.000000,0.000000,0.000000,0.000000,0.000000
1778064100.005713,manual_slider,1,1,0,0.000000,0.000000,0.000000,0.000000,0.000000,0.000000,0.198000,0.000000,0.000000,0.000000,0.198000,0.000000,0.000000,0.000000,0.000000,0.000000,0.000000
1778064100.055520,manual_slider,1,1,0,0.000000,0.000000,0.000000,0.000000,0.000000,0.000000,0.198000,0.000000,0.000000,0.000000,0.198000,0.000000,0.000000,0.000000,0.000000,0.000000,0.000000
1778064100.105765,manual_slider,1,1,0,0.000000,0.000000,0.000000,0.000000,0.000000,0.000000,0.198000,0.000000,0.000000,0.000000,0.198000,0.000000,0.000000,0.000000,0.000000,0.000000,0.000000
1778064100.155370,manual_slider,1,1,0,0.000000,0.000000,0.000000,0.000000,0.000000,0.000000,0.198000,0.000000,0.000000,0.000000,0.198000,0.000000,0.000000,0.000000,0.000000,0.000000,0.000000
1778064100.205648,manual_slider,1,1,0,0.000000,0.000000,0.000000,0.000000,0.000000,0.000000,0.198000,0.000000,0.000000,0.000000,0.198000,0.000000,0.000000,0.000000,0.000000,0.000000,0.000000
1778064100.255381,manual_slider,1,1,0,0.000000,0.000000,0.000000,0.000000,0.000000,0.000000,0.198000,0.000000,0.000000,0.000000,0.198000,0.000000,0.000000,0.000000,0.000000,0.000000,0.000000
1778064100.305480,manual_slider,1,1,0,0.000000,0.000000,0.000000,0.000000,0.000000,0.000000,0.198000,0.000000,0.000000,0.000000,0.198000,0.000000,0.000000,0.000000,0.000000,0.000000,0.000000
1778064100.355419,manual_slider,1,1,0,0.000000,0.000000,0.000000,0.000000,0.000000,0.000000,0.198000,0.000000,0.000000,0.000000,0.198000,0.000000,0.000000,0.000000,0.000000,0.000000,0.000000
1778064100.405486,manual_slider,1,1,0,0.000000,0.000000,0.000000,0.000000,0.000000,0.000000,0.198000,0.000000,0.000000,0.000000,0.198000,0.000000,0.000000,0.000000,0.000000,0.000000,0.000000
1778064100.455486,manual_slider,1,1,0,0.000000,0.000000,0.000000,0.000000,0.000000,0.000000,0.198000,0.000000,0.000000,0.000000,0.198000,0.000000,0.000000,0.000000,0.000000,0.000000,0.000000
1778064100.505565,manual_slider,1,1,0,0.000000,0.000000,0.000000,0.000000,0.000000,0.000000,0.198000,0.000000,0.000000,0.000000,0.198000,0.000000,0.000000,0.000000,0.000000,0.000000,0.000000
1778064100.555627,manual_slider,1,1,0,0.000000,0.000000,0.000000,0.000000,0.000000,0.000000,0.198000,0.000000,0.000000,0.000000,0.198000,0.000000,0.000000,0.000000,0.000000,0.000000,0.000000
1778064100.605498,manual_slider,1,1,0,0.000000,0.000000,0.000000,0.000000,0.000000,0.000000,0.198000,0.000000,0.000000,0.000000,0.198000,0.000000,0.000000,0.000000,0.000000,0.000000,0.000000
1778064100.655553,manual_slider,1,1,0,0.000000,0.000000,0.000000,0.000000,0.000000,0.000000,0.198000,0.000000,0.000000,0.000000,0.198000,0.000000,0.000000,0.000000,0.000000,0.000000,0.000000
1778064100.706064,manual_slider,1,1,0,0.000000,0.000000,0.000000,0.000000,0.000000,0.000000,0.198000,0.000000,0.000000,0.000000,0.198000,0.000000,0.000000,0.000000,0.000000,0.000000,0.000000
1778064100.755347,manual_slider,1,1,0,0.000000,0.000000,0.000000,0.000000,0.000000,0.000000,0.198000,0.000000,0.000000,0.000000,0.198000,0.000000,0.000000,0.000000,0.000000,0.000000,0.000000
1778064100.805761,manual_slider,1,1,0,0.000000,0.000000,0.000000,0.000000,0.000000,0.000000,0.198000,0.000000,0.000000,0.000000,0.198000,0.000000,0.000000,0.000000,0.000000,0.000000,0.000000
1778064100.855361,manual_slider,1,1,0,0.000000,0.000000,0.000000,0.000000,0.000000,0.000000,0.198000,0.000000,0.000000,0.000000,0.198000,0.000000,0.000000,0.000000,0.000000,0.000000,0.000000
1778064100.905555,manual_slider,1,1,0,0.000000,0.000000,0.000000,0.000000,0.000000,0.000000,0.198000,0.000000,0.000000,0.000000,0.198000,0.000000,0.000000,0.000000,0.000000,0.000000,0.000000
1778064100.955372,manual_slider,1,1,0,0.000000,0.000000,0.000000,0.000000,0.000000,0.000000,0.198000,0.000000,0.000000,0.000000,0.198000,0.000000,0.000000,0.000000,0.000000,0.000000,0.000000
1778064101.005582,manual_slider,1,1,0,0.000000,0.000000,0.000000,0.000000,0.000000,0.000000,0.198000,0.000000,0.000000,0.000000,0.198000,0.000000,0.000000,0.000000,0.000000,0.000000,0.000000
1778064101.055441,manual_slider,1,1,0,0.000000,0.000000,0.000000,0.000000,0.000000,0.000000,0.198000,0.000000,0.000000,0.000000,0.198000,0.000000,0.000000,0.000000,0.000000,0.000000,0.000000
1778064101.105808,manual_slider,1,1,0,0.000000,0.000000,0.000000,0.000000,0.000000,0.000000,0.198000,0.000000,0.000000,0.000000,0.198000,0.000000,0.000000,0.000000,0.000000,0.000000,0.000000
1778064101.155598,manual_slider,1,1,0,0.000000,0.000000,0.000000,0.000000,0.000000,0.000000,0.198000,0.000000,0.000000,0.000000,0.198000,0.000000,0.000000,0.000000,0.000000,0.000000,0.000000
1778064101.205528,manual_slider,1,1,0,0.000000,0.000000,0.000000,0.000000,0.000000,0.000000,0.198000,0.000000,0.000000,0.000000,0.198000,0.000000,0.000000,0.000000,0.000000,0.000000,0.000000
1778064101.255546,manual_slider,1,1,0,0.000000,0.000000,0.000000,0.000000,0.000000,0.000000,0.198000,0.000000,0.000000,0.000000,0.198000,0.000000,0.000000,0.000000,0.000000,0.000000,0.000000
1778064101.305620,manual_slider,1,1,0,0.000000,0.000000,0.000000,0.000000,0.000000,0.000000,0.198000,0.000000,0.000000,0.000000,0.198000,0.000000,0.000000,0.000000,0.000000,0.000000,0.000000
1778064101.355380,manual_slider,1,1,0,0.000000,0.000000,0.000000,0.000000,0.000000,0.000000,0.198000,0.000000,0.000000,0.000000,0.198000,0.000000,0.000000,0.000000,0.000000,0.000000,0.000000
1778064101.405815,manual_slider,1,1,0,0.000000,0.000000,0.000000,0.000000,0.000000,0.000000,0.198000,0.000000,0.000000,0.000000,0.198000,0.000000,0.000000,0.000000,0.000000,0.000000,0.000000
1778064101.455595,manual_slider,1,1,0,0.000000,0.000000,0.000000,0.000000,0.000000,0.000000,0.198000,0.000000,0.000000,0.000000,0.198000,0.000000,0.000000,0.000000,0.000000,0.000000,0.000000
1778064101.506160,manual_slider,1,1,0,0.000000,0.000000,0.000000,0.000000,0.000000,0.000000,0.198000,0.000000,0.000000,0.000000,0.198000,0.000000,0.000000,0.000000,0.000000,0.000000,0.000000
1778064101.555499,manual_slider,1,1,0,0.000000,0.000000,0.000000,0.000000,0.000000,0.000000,0.198000,0.000000,0.000000,0.000000,0.198000,0.000000,0.000000,0.000000,0.000000,0.000000,0.000000
1778064101.606292,manual_slider,1,1,0,0.000000,0.000000,0.000000,0.000000,0.000000,0.000000,0.198000,0.000000,0.000000,0.000000,0.198000,0.000000,0.000000,0.000000,0.000000,0.000000,0.000000
1778064101.655605,manual_slider,1,1,0,0.000000,0.000000,0.000000,0.000000,0.000000,0.000000,0.198000,0.000000,0.000000,0.000000,0.198000,0.000000,0.000000,0.000000,0.000000,0.000000,0.000000
1778064101.705629,manual_slider,1,1,0,0.000000,0.000000,0.000000,0.000000,0.000000,0.000000,0.198000,0.000000,0.000000,0.000000,0.198000,0.000000,0.000000,0.000000,0.000000,0.000000,0.000000
1778064101.755428,manual_slider,1,1,0,0.000000,0.000000,0.000000,0.000000,0.000000,0.000000,0.198000,0.000000,0.000000,0.000000,0.198000,0.000000,0.000000,0.000000,0.000000,0.000000,0.000000
1778064101.805835,manual_slider,1,1,0,0.000000,0.000000,0.000000,0.000000,0.000000,0.000000,0.198000,0.000000,0.000000,0.000000,0.198000,0.000000,0.000000,0.000000,0.000000,0.000000,0.000000
1778064101.855458,manual_slider,1,1,0,0.000000,0.000000,0.000000,0.000000,0.000000,0.000000,0.198000,0.000000,0.000000,0.000000,0.198000,0.000000,0.000000,0.000000,0.000000,0.000000,0.000000
1778064101.905581,manual_slider,1,1,0,0.000000,0.000000,0.000000,0.000000,0.000000,0.000000,0.198000,0.000000,0.000000,0.000000,0.198000,0.000000,0.000000,0.000000,0.000000,0.000000,0.000000
1778064101.956138,manual_slider,1,1,0,0.000000,0.000000,0.000000,0.000000,0.000000,0.000000,0.198000,0.000000,0.000000,0.000000,0.198000,0.000000,0.000000,0.000000,0.000000,0.000000,0.000000
1778064102.005812,manual_slider,1,1,0,0.000000,0.000000,0.000000,0.000000,0.000000,0.000000,0.198000,0.000000,0.000000,0.000000,0.198000,0.000000,0.000000,0.000000,0.000000,0.000000,0.000000
1778064102.055656,manual_slider,1,1,0,0.000000,0.000000,0.000000,0.000000,0.000000,0.000000,0.198000,0.000000,0.000000,0.000000,0.198000,0.000000,0.000000,0.000000,0.000000,0.000000,0.000000
1778064102.105674,manual_slider,1,1,0,0.000000,0.000000,0.000000,0.000000,0.000000,0.000000,0.198000,0.000000,0.000000,0.000000,0.198000,0.000000,0.000000,0.000000,0.000000,0.000000,0.000000
1778064102.155486,manual_slider,1,1,0,0.000000,0.000000,0.000000,0.000000,0.000000,0.000000,0.198000,0.000000,0.000000,0.000000,0.198000,0.000000,0.000000,0.000000,0.000000,0.000000,0.000000
1778064102.205670,manual_slider,1,1,0,0.000000,0.000000,0.000000,0.000000,0.000000,0.000000,0.198000,0.000000,0.000000,0.000000,0.198000,0.000000,0.000000,0.000000,0.000000,0.000000,0.000000
1778064102.255389,manual_slider,1,1,0,0.000000,0.000000,0.000000,0.000000,0.000000,0.000000,0.198000,0.000000,0.000000,0.000000,0.198000,0.000000,0.000000,0.000000,0.000000,0.000000,0.000000
1778064102.305639,manual_slider,1,1,0,0.000000,0.000000,0.000000,0.000000,0.000000,0.000000,0.198000,0.000000,0.000000,0.000000,0.198000,0.000000,0.000000,0.000000,0.000000,0.000000,0.000000
1778064102.355484,manual_slider,1,1,0,0.000000,0.000000,0.000000,0.000000,0.000000,0.000000,0.198000,0.000000,0.000000,0.000000,0.198000,0.000000,0.000000,0.000000,0.000000,0.000000,0.000000
1778064102.405614,manual_slider,1,1,0,0.000000,0.000000,0.000000,0.000000,0.000000,0.000000,0.198000,0.000000,0.000000,0.000000,0.198000,0.000000,0.000000,0.000000,0.000000,0.000000,0.000000
1778064102.455378,manual_slider,1,1,0,0.000000,0.000000,0.000000,0.000000,0.000000,0.000000,0.198000,0.000000,0.000000,0.000000,0.198000,0.000000,0.000000,0.000000,0.000000,0.000000,0.000000
1778064102.505678,manual_slider,1,1,0,0.000000,0.000000,0.000000,0.000000,0.000000,0.000000,0.198000,0.000000,0.000000,0.000000,0.198000,0.000000,0.000000,0.000000,0.000000,0.000000,0.000000
1778064102.555464,manual_slider,1,1,0,0.000000,0.000000,0.000000,0.000000,0.000000,0.000000,0.198000,0.000000,0.000000,0.000000,0.198000,0.000000,0.000000,0.000000,0.000000,0.000000,0.000000
1778064102.605539,manual_slider,1,1,0,0.000000,0.000000,0.000000,0.000000,0.000000,0.000000,0.198000,0.000000,0.000000,0.000000,0.198000,0.000000,0.000000,0.000000,0.000000,0.000000,0.000000
1778064102.655612,manual_slider,1,1,0,0.000000,0.000000,0.000000,0.000000,0.000000,0.000000,0.198000,0.000000,0.000000,0.000000,0.198000,0.000000,0.000000,0.000000,0.000000,0.000000,0.000000
1778064102.705628,manual_slider,1,1,0,0.000000,0.000000,0.000000,0.000000,0.000000,0.000000,0.198000,0.000000,0.000000,0.000000,0.198000,0.000000,0.000000,0.000000,0.000000,0.000000,0.000000
1778064102.755680,manual_slider,1,1,0,0.000000,0.000000,0.000000,0.000000,0.000000,0.000000,0.198000,0.000000,0.000000,0.000000,0.198000,0.000000,0.000000,0.000000,0.000000,0.000000,0.000000
1778064102.805505,manual_slider,1,1,0,0.000000,0.000000,0.000000,0.000000,0.000000,0.000000,0.198000,0.000000,0.000000,0.000000,0.198000,0.000000,0.000000,0.000000,0.000000,0.000000,0.000000
1778064102.855607,manual_slider,1,1,0,0.000000,0.000000,0.000000,0.000000,0.000000,0.000000,0.198000,0.000000,0.000000,0.000000,0.198000,0.000000,0.000000,0.000000,0.000000,0.000000,0.000000
1778064102.905615,manual_slider,1,1,0,0.000000,0.000000,0.000000,0.000000,0.000000,0.000000,0.198000,0.000000,0.000000,0.000000,0.198000,0.000000,0.000000,0.000000,0.000000,0.000000,0.000000
1778064102.955499,manual_slider,1,1,0,0.000000,0.000000,0.000000,0.000000,0.000000,0.000000,0.198000,0.000000,0.000000,0.000000,0.198000,0.000000,0.000000,0.000000,0.000000,0.000000,0.000000
1778064103.005682,manual_slider,1,1,0,0.000000,0.000000,0.000000,0.000000,0.000000,0.000000,0.198000,0.000000,0.000000,0.000000,0.198000,0.000000,0.000000,0.000000,0.000000,0.000000,0.000000
1778064103.055510,manual_slider,1,1,0,0.000000,0.000000,0.000000,0.000000,0.000000,0.000000,0.198000,0.000000,0.000000,0.000000,0.198000,0.000000,0.000000,0.000000,0.000000,0.000000,0.000000
1778064103.105712,manual_slider,1,1,0,0.000000,0.000000,0.000000,0.000000,0.000000,0.000000,0.198000,0.000000,0.000000,0.000000,0.198000,0.000000,0.000000,0.000000,0.000000,0.000000,0.000000
1778064103.155542,manual_slider,1,1,0,0.000000,0.000000,0.000000,0.000000,0.000000,0.000000,0.198000,0.000000,0.000000,0.000000,0.198000,0.000000,0.000000,0.000000,0.000000,0.000000,0.000000
1778064103.205626,manual_slider,1,1,0,0.000000,0.000000,0.000000,0.000000,0.000000,0.000000,0.198000,0.000000,0.000000,0.000000,0.198000,0.000000,0.000000,0.000000,0.000000,0.000000,0.000000
1778064103.255602,manual_slider,1,1,0,0.000000,0.000000,0.000000,0.000000,0.000000,0.000000,0.198000,0.000000,0.000000,0.000000,0.198000,0.000000,0.000000,0.000000,0.000000,0.000000,0.000000
1778064103.305642,manual_slider,1,1,0,0.000000,0.000000,0.000000,0.000000,0.000000,0.000000,0.198000,0.000000,0.000000,0.000000,0.198000,0.000000,0.000000,0.000000,0.000000,0.000000,0.000000
1778064103.355564,manual_slider,1,1,0,0.000000,0.000000,0.000000,0.000000,0.000000,0.000000,0.198000,0.000000,0.000000,0.000000,0.198000,0.000000,0.000000,0.000000,0.000000,0.000000,0.000000
1778064103.405620,manual_slider,1,1,0,0.000000,0.000000,0.000000,0.000000,0.000000,0.000000,0.198000,0.000000,0.000000,0.000000,0.198000,0.000000,0.000000,0.000000,0.000000,0.000000,0.000000
1778064103.455884,manual_slider,1,1,0,0.000000,0.000000,0.000000,0.000000,0.000000,0.000000,0.198000,0.000000,0.000000,0.000000,0.198000,0.000000,0.000000,0.000000,0.000000,0.000000,0.000000
1778064103.505758,manual_slider,1,1,0,0.000000,0.000000,0.000000,0.000000,0.000000,0.000000,0.198000,0.000000,0.000000,0.000000,0.198000,0.000000,0.000000,0.000000,0.000000,0.000000,0.000000
1778064103.556012,manual_slider,1,1,0,0.000000,0.000000,0.000000,0.000000,0.000000,0.000000,0.198000,0.000000,0.000000,0.000000,0.198000,0.000000,0.000000,0.000000,0.000000,0.000000,0.000000
1778064103.605600,manual_slider,1,1,0,0.000000,0.000000,0.000000,0.000000,0.000000,0.000000,0.198000,0.000000,0.000000,0.000000,0.198000,0.000000,0.000000,0.000000,0.000000,0.000000,0.000000
1778064103.656123,manual_slider,1,1,0,0.000000,0.000000,0.000000,0.000000,0.000000,0.000000,0.198000,0.000000,0.000000,0.000000,0.198000,0.000000,0.000000,0.000000,0.000000,0.000000,0.000000
1778064103.705502,manual_slider,1,1,0,0.000000,0.000000,0.000000,0.000000,0.000000,0.000000,0.198000,0.000000,0.000000,0.000000,0.198000,0.000000,0.000000,0.000000,0.000000,0.000000,0.000000
1778064103.755649,manual_slider,1,1,0,0.000000,0.000000,0.000000,0.000000,0.000000,0.000000,0.198000,0.000000,0.000000,0.000000,0.198000,0.000000,0.000000,0.000000,0.000000,0.000000,0.000000
1778064103.805578,manual_slider,1,1,0,0.000000,0.000000,0.000000,0.000000,0.000000,0.000000,0.198000,0.000000,0.000000,0.000000,0.198000,0.000000,0.000000,0.000000,0.000000,0.000000,0.000000
1778064103.855467,manual_slider,1,1,0,0.000000,0.000000,0.000000,0.000000,0.000000,0.000000,0.198000,0.000000,0.000000,0.000000,0.198000,0.000000,0.000000,0.000000,0.000000,0.000000,0.000000
1778064103.905735,manual_slider,1,1,0,0.000000,0.000000,0.000000,0.000000,0.000000,0.000000,0.198000,0.000000,0.000000,0.000000,0.198000,0.000000,0.000000,0.000000,0.000000,0.000000,0.000000
1778064103.955731,manual_slider,1,1,0,0.000000,0.000000,0.000000,0.000000,0.000000,0.000000,0.198000,0.000000,0.000000,0.000000,0.198000,0.000000,0.000000,0.000000,0.000000,0.000000,0.000000
1778064104.005935,manual_slider,1,1,0,0.000000,0.000000,0.000000,0.000000,0.000000,0.000000,0.198000,0.000000,0.000000,0.000000,0.198000,0.000000,0.000000,0.000000,0.000000,0.000000,0.000000
1778064104.055404,manual_slider,1,1,0,0.000000,0.000000,0.000000,0.000000,0.000000,0.000000,0.198000,0.000000,0.000000,0.000000,0.198000,0.000000,0.000000,0.000000,0.000000,0.000000,0.000000
1778064104.105555,manual_slider,1,1,0,0.000000,0.000000,0.000000,0.000000,0.000000,0.000000,0.198000,0.000000,0.000000,0.000000,0.198000,0.000000,0.000000,0.000000,0.000000,0.000000,0.000000
1778064104.155362,manual_slider,1,1,0,0.000000,0.000000,0.000000,0.000000,0.000000,0.000000,0.198000,0.000000,0.000000,0.000000,0.198000,0.000000,0.000000,0.000000,0.000000,0.000000,0.000000
1778064104.205524,manual_slider,1,1,0,0.000000,0.000000,0.000000,0.000000,0.000000,0.000000,0.198000,0.000000,0.000000,0.000000,0.198000,0.000000,0.000000,0.000000,0.000000,0.000000,0.000000
1778064104.255409,manual_slider,1,1,0,0.000000,0.000000,0.000000,0.000000,0.000000,0.000000,0.198000,0.000000,0.000000,0.000000,0.198000,0.000000,0.000000,0.000000,0.000000,0.000000,0.000000
1778064104.305755,manual_slider,1,1,0,0.000000,0.000000,0.000000,0.000000,0.000000,0.000000,0.198000,0.000000,0.000000,0.000000,0.198000,0.000000,0.000000,0.000000,0.000000,0.000000,0.000000
1778064104.355721,manual_slider,1,1,0,0.000000,0.000000,0.000000,0.000000,0.000000,0.000000,0.198000,0.000000,0.000000,0.000000,0.198000,0.000000,0.000000,0.000000,0.000000,0.000000,0.000000
1778064104.405544,manual_slider,1,1,0,0.000000,0.000000,0.000000,0.000000,0.000000,0.000000,0.198000,0.000000,0.000000,0.000000,0.198000,0.000000,0.000000,0.000000,0.000000,0.000000,0.000000
1778064104.455652,manual_slider,1,1,0,0.000000,0.000000,0.000000,0.000000,0.000000,0.000000,0.198000,0.000000,0.000000,0.000000,0.198000,0.000000,0.000000,0.000000,0.000000,0.000000,0.000000
1778064104.505654,manual_slider,1,1,0,0.000000,0.000000,0.000000,0.000000,0.000000,0.000000,0.198000,0.000000,0.000000,0.000000,0.198000,0.000000,0.000000,0.000000,0.000000,0.000000,0.000000
1778064104.555490,manual_slider,1,1,0,0.000000,0.000000,0.000000,0.000000,0.000000,0.000000,0.198000,0.000000,0.000000,0.000000,0.198000,0.000000,0.000000,0.000000,0.000000,0.000000,0.000000
1778064104.605772,manual_slider,1,1,0,0.000000,0.000000,0.000000,0.000000,0.000000,0.000000,0.198000,0.000000,0.000000,0.000000,0.198000,0.000000,0.000000,0.000000,0.000000,0.000000,0.000000
1778064104.655410,manual_slider,1,1,0,0.000000,0.000000,0.000000,0.000000,0.000000,0.000000,0.198000,0.000000,0.000000,0.000000,0.198000,0.000000,0.000000,0.000000,0.000000,0.000000,0.000000
1778064104.706063,manual_slider,1,1,0,0.000000,0.000000,0.000000,0.000000,0.000000,0.000000,0.198000,0.000000,0.000000,0.000000,0.198000,0.000000,0.000000,0.000000,0.000000,0.000000,0.000000
1778064104.755539,manual_slider,1,1,0,0.000000,0.000000,0.000000,0.000000,0.000000,0.000000,0.198000,0.000000,0.000000,0.000000,0.198000,0.000000,0.000000,0.000000,0.000000,0.000000,0.000000
1778064104.806313,manual_slider,1,1,0,0.000000,0.000000,0.000000,0.000000,0.000000,0.000000,0.198000,0.000000,0.000000,0.000000,0.198000,0.000000,0.000000,0.000000,0.000000,0.000000,0.000000
1778064104.855565,manual_slider,1,1,0,0.000000,0.000000,0.000000,0.000000,0.000000,0.000000,0.198000,0.000000,0.000000,0.000000,0.198000,0.000000,0.000000,0.000000,0.000000,0.000000,0.000000
1778064104.905689,manual_slider,1,1,0,0.000000,0.000000,0.000000,0.000000,0.000000,0.000000,0.198000,0.000000,0.000000,0.000000,0.198000,0.000000,0.000000,0.000000,0.000000,0.000000,0.000000
1778064104.955488,manual_slider,1,1,0,0.000000,0.000000,0.000000,0.000000,0.000000,0.000000,0.198000,0.000000,0.000000,0.000000,0.198000,0.000000,0.000000,0.000000,0.000000,0.000000,0.000000
1778064105.005647,manual_slider,1,1,0,0.000000,0.000000,0.000000,0.000000,0.000000,0.000000,0.198000,0.000000,0.000000,0.000000,0.198000,0.000000,0.000000,0.000000,0.000000,0.000000,0.000000
1778064105.055607,manual_slider,1,1,0,0.000000,0.000000,0.000000,0.000000,0.000000,0.000000,0.198000,0.000000,0.000000,0.000000,0.198000,0.000000,0.000000,0.000000,0.000000,0.000000,0.000000
1778064105.105561,manual_slider,1,1,0,0.000000,0.000000,0.000000,0.000000,0.000000,0.000000,0.198000,0.000000,0.000000,0.000000,0.198000,0.000000,0.000000,0.000000,0.000000,0.000000,0.000000
1778064105.157112,manual_slider,1,1,0,0.000000,0.000000,0.000000,0.000000,0.000000,0.000000,0.198000,0.000000,0.000000,0.000000,0.198000,0.000000,0.000000,0.000000,0.000000,0.000000,0.000000
1778064105.205761,manual_slider,1,1,0,0.000000,0.000000,0.000000,0.000000,0.000000,0.000000,0.198000,0.000000,0.000000,0.000000,0.198000,0.000000,0.000000,0.000000,0.000000,0.000000,0.000000
1778064105.255778,manual_slider,1,1,0,0.000000,0.000000,0.000000,0.000000,0.000000,0.000000,0.198000,0.000000,0.000000,0.000000,0.198000,0.000000,0.000000,0.000000,0.000000,0.000000,0.000000
1778064105.305610,manual_slider,1,1,0,0.000000,0.000000,0.000000,0.000000,0.000000,0.000000,0.198000,0.000000,0.000000,0.000000,0.198000,0.000000,0.000000,0.000000,0.000000,0.000000,0.000000
1778064105.355518,manual_slider,1,1,0,0.000000,0.000000,0.000000,0.000000,0.000000,0.000000,0.198000,0.000000,0.000000,0.000000,0.198000,0.000000,0.000000,0.000000,0.000000,0.000000,0.000000
1778064105.405765,manual_slider,1,1,0,0.000000,0.000000,0.000000,0.000000,0.000000,0.000000,0.198000,0.000000,0.000000,0.000000,0.198000,0.000000,0.000000,0.000000,0.000000,0.000000,0.000000
1778064105.455479,manual_slider,1,1,0,0.000000,0.000000,0.000000,0.000000,0.000000,0.000000,0.198000,0.000000,0.000000,0.000000,0.198000,0.000000,0.000000,0.000000,0.000000,0.000000,0.000000
1778064105.506448,manual_slider,1,1,0,0.000000,0.000000,0.000000,0.000000,0.000000,0.000000,0.198000,0.000000,0.000000,0.000000,0.198000,0.000000,0.000000,0.000000,0.000000,0.000000,0.000000
1778064105.555373,manual_slider,1,1,0,0.000000,0.000000,0.000000,0.000000,0.000000,0.000000,0.198000,0.000000,0.000000,0.000000,0.198000,0.000000,0.000000,0.000000,0.000000,0.000000,0.000000
1778064105.607146,manual_slider,1,1,0,0.000000,0.000000,0.000000,0.000000,0.000000,0.000000,0.198000,0.000000,0.000000,0.000000,0.198000,0.000000,0.000000,0.000000,0.000000,0.000000,0.000000
1778064105.655582,manual_slider,1,1,0,0.000000,0.000000,0.000000,0.000000,0.000000,0.000000,0.198000,0.000000,0.000000,0.000000,0.198000,0.000000,0.000000,0.000000,0.000000,0.000000,0.000000
1778064105.705863,manual_slider,1,1,0,0.000000,0.000000,0.000000,0.000000,0.000000,0.000000,0.198000,0.000000,0.000000,0.000000,0.198000,0.000000,0.000000,0.000000,0.000000,0.000000,0.000000
1778064105.755450,manual_slider,1,1,0,0.000000,0.000000,0.000000,0.000000,0.000000,0.000000,0.198000,0.000000,0.000000,0.000000,0.198000,0.000000,0.000000,0.000000,0.000000,0.000000,0.000000
1778064105.805650,manual_slider,1,1,0,0.000000,0.000000,0.000000,0.000000,0.000000,0.000000,0.198000,0.000000,0.000000,0.000000,0.198000,0.000000,0.000000,0.000000,0.000000,0.000000,0.000000
1778064105.855519,manual_slider,1,1,0,0.000000,0.000000,0.000000,0.000000,0.000000,0.000000,0.198000,0.000000,0.000000,0.000000,0.198000,0.000000,0.000000,0.000000,0.000000,0.000000,0.000000
1778064105.905545,manual_slider,1,1,0,0.000000,0.000000,0.000000,0.000000,0.000000,0.000000,0.198000,0.000000,0.000000,0.000000,0.198000,0.000000,0.000000,0.000000,0.000000,0.000000,0.000000
1778064105.956456,manual_slider,1,1,0,0.000000,0.000000,0.000000,0.000000,0.000000,0.000000,0.198000,0.000000,0.000000,0.000000,0.198000,0.000000,0.000000,0.000000,0.000000,0.000000,0.000000
1778064106.005606,manual_slider,1,1,0,0.000000,0.000000,0.000000,0.000000,0.000000,0.000000,0.198000,0.000000,0.000000,0.000000,0.198000,0.000000,0.000000,0.000000,0.000000,0.000000,0.000000
1778064106.055552,manual_slider,1,1,0,0.000000,0.000000,0.000000,0.000000,0.000000,0.000000,0.198000,0.000000,0.000000,0.000000,0.198000,0.000000,0.000000,0.000000,0.000000,0.000000,0.000000
1778064106.105565,manual_slider,1,1,0,0.000000,0.000000,0.000000,0.000000,0.000000,0.000000,0.198000,0.000000,0.000000,0.000000,0.198000,0.000000,0.000000,0.000000,0.000000,0.000000,0.000000
1778064106.155350,manual_slider,1,1,0,0.000000,0.000000,0.000000,0.000000,0.000000,0.000000,0.198000,0.000000,0.000000,0.000000,0.198000,0.000000,0.000000,0.000000,0.000000,0.000000,0.000000
1778064106.205587,manual_slider,1,1,0,0.000000,0.000000,0.000000,0.000000,0.000000,0.000000,0.198000,0.000000,0.000000,0.000000,0.198000,0.000000,0.000000,0.000000,0.000000,0.000000,0.000000
1778064106.255566,manual_slider,1,1,0,0.000000,0.000000,0.000000,0.000000,0.000000,0.000000,0.198000,0.000000,0.000000,0.000000,0.198000,0.000000,0.000000,0.000000,0.000000,0.000000,0.000000
1778064106.305626,manual_slider,1,1,0,0.000000,0.000000,0.000000,0.000000,0.000000,0.000000,0.198000,0.000000,0.000000,0.000000,0.198000,0.000000,0.000000,0.000000,0.000000,0.000000,0.000000
1778064106.355523,manual_slider,1,1,0,0.000000,0.000000,0.000000,0.000000,0.000000,0.000000,0.198000,0.000000,0.000000,0.000000,0.198000,0.000000,0.000000,0.000000,0.000000,0.000000,0.000000
1778064106.407357,manual_slider,1,1,0,0.000000,0.000000,0.000000,0.000000,0.000000,0.000000,0.198000,0.000000,0.000000,0.000000,0.198000,0.000000,0.000000,0.000000,0.000000,0.000000,0.000000
1778064106.455400,manual_slider,1,1,0,0.000000,0.000000,0.000000,0.000000,0.000000,0.000000,0.198000,0.000000,0.000000,0.000000,0.198000,0.000000,0.000000,0.000000,0.000000,0.000000,0.000000
1778064106.505507,manual_slider,1,1,0,0.000000,0.000000,0.000000,0.000000,0.000000,0.000000,0.198000,0.000000,0.000000,0.000000,0.198000,0.000000,0.000000,0.000000,0.000000,0.000000,0.000000
1778064106.555319,manual_slider,1,1,0,0.000000,0.000000,0.000000,0.000000,0.000000,0.000000,0.198000,0.000000,0.000000,0.000000,0.198000,0.000000,0.000000,0.000000,0.000000,0.000000,0.000000
1778064106.605513,manual_slider,1,1,0,0.000000,0.000000,0.000000,0.000000,0.000000,0.000000,0.198000,0.000000,0.000000,0.000000,0.198000,0.000000,0.000000,0.000000,0.000000,0.000000,0.000000
1778064106.655429,manual_slider,1,1,0,0.000000,0.000000,0.000000,0.000000,0.000000,0.000000,0.198000,0.000000,0.000000,0.000000,0.198000,0.000000,0.000000,0.000000,0.000000,0.000000,0.000000
1778064106.705585,manual_slider,1,1,0,0.000000,0.000000,0.000000,0.000000,0.000000,0.000000,0.198000,0.000000,0.000000,0.000000,0.198000,0.000000,0.000000,0.000000,0.000000,0.000000,0.000000
1778064106.755638,manual_slider,1,1,0,0.000000,0.000000,0.000000,0.000000,0.000000,0.000000,0.198000,0.000000,0.000000,0.000000,0.198000,0.000000,0.000000,0.000000,0.000000,0.000000,0.000000
1778064106.805651,manual_slider,1,1,0,0.000000,0.000000,0.000000,0.000000,0.000000,0.000000,0.198000,0.000000,0.000000,0.000000,0.198000,0.000000,0.000000,0.000000,0.000000,0.000000,0.000000
1778064106.855711,manual_slider,1,1,0,0.000000,0.000000,0.000000,0.000000,0.000000,0.000000,0.198000,0.000000,0.000000,0.000000,0.198000,0.000000,0.000000,0.000000,0.000000,0.000000,0.000000
1778064106.905539,manual_slider,1,1,0,0.000000,0.000000,0.000000,0.000000,0.000000,0.000000,0.198000,0.000000,0.000000,0.000000,0.198000,0.000000,0.000000,0.000000,0.000000,0.000000,0.000000
1778064106.955681,manual_slider,1,1,0,0.000000,0.000000,0.000000,0.000000,0.000000,0.000000,0.198000,0.000000,0.000000,0.000000,0.198000,0.000000,0.000000,0.000000,0.000000,0.000000,0.000000
1778064107.005457,manual_slider,1,1,0,0.000000,0.000000,0.000000,0.000000,0.000000,0.000000,0.198000,0.000000,0.000000,0.000000,0.198000,0.000000,0.000000,0.000000,0.000000,0.000000,0.000000
1778064107.055369,manual_slider,1,1,0,0.000000,0.000000,0.000000,0.000000,0.000000,0.000000,0.198000,0.000000,0.000000,0.000000,0.198000,0.000000,0.000000,0.000000,0.000000,0.000000,0.000000
1778064107.105510,manual_slider,1,1,0,0.000000,0.000000,0.000000,0.000000,0.000000,0.000000,0.198000,0.000000,0.000000,0.000000,0.198000,0.000000,0.000000,0.000000,0.000000,0.000000,0.000000
1778064107.155320,manual_slider,1,1,0,0.000000,0.000000,0.000000,0.000000,0.000000,0.000000,0.198000,0.000000,0.000000,0.000000,0.198000,0.000000,0.000000,0.000000,0.000000,0.000000,0.000000
1778064107.206115,manual_slider,1,1,0,0.000000,0.000000,0.000000,0.000000,0.000000,0.000000,0.198000,0.000000,0.000000,0.000000,0.198000,0.000000,0.000000,0.000000,0.000000,0.000000,0.000000
1778064107.255386,manual_slider,1,1,0,0.000000,0.000000,0.000000,0.000000,0.000000,0.000000,0.198000,0.000000,0.000000,0.000000,0.198000,0.000000,0.000000,0.000000,0.000000,0.000000,0.000000
1778064107.305590,manual_slider,1,1,0,0.000000,0.000000,0.000000,0.000000,0.000000,0.000000,0.198000,0.000000,0.000000,0.000000,0.198000,0.000000,0.000000,0.000000,0.000000,0.000000,0.000000
1778064107.355403,manual_slider,1,1,0,0.000000,0.000000,0.000000,0.000000,0.000000,0.000000,0.198000,0.000000,0.000000,0.000000,0.198000,0.000000,0.000000,0.000000,0.000000,0.000000,0.000000
1778064107.405620,manual_slider,1,1,0,0.000000,0.000000,0.000000,0.000000,0.000000,0.000000,0.198000,0.000000,0.000000,0.000000,0.198000,0.000000,0.000000,0.000000,0.000000,0.000000,0.000000
1778064107.455377,manual_slider,1,1,0,0.000000,0.000000,0.000000,0.000000,0.000000,0.000000,0.198000,0.000000,0.000000,0.000000,0.198000,0.000000,0.000000,0.000000,0.000000,0.000000,0.000000
1778064107.505605,manual_slider,1,1,0,0.000000,0.000000,0.000000,0.000000,0.000000,0.000000,0.198000,0.000000,0.000000,0.000000,0.198000,0.000000,0.000000,0.000000,0.000000,0.000000,0.000000
1778064107.555949,manual_slider,1,1,0,0.000000,0.000000,0.000000,0.000000,0.000000,0.000000,0.198000,0.000000,0.000000,0.000000,0.198000,0.000000,0.000000,0.000000,0.000000,0.000000,0.000000
1778064107.605499,manual_slider,1,1,0,0.000000,0.000000,0.000000,0.000000,0.000000,0.000000,0.198000,0.000000,0.000000,0.000000,0.198000,0.000000,0.000000,0.000000,0.000000,0.000000,0.000000
1778064107.655538,manual_slider,1,1,0,0.000000,0.000000,0.000000,0.000000,0.000000,0.000000,0.198000,0.000000,0.000000,0.000000,0.198000,0.000000,0.000000,0.000000,0.000000,0.000000,0.000000
1778064107.705591,manual_slider,1,1,0,0.000000,0.000000,0.000000,0.000000,0.000000,0.000000,0.198000,0.000000,0.000000,0.000000,0.198000,0.000000,0.000000,0.000000,0.000000,0.000000,0.000000
1778064107.755358,manual_slider,1,1,0,0.000000,0.000000,0.000000,0.000000,0.000000,0.000000,0.198000,0.000000,0.000000,0.000000,0.198000,0.000000,0.000000,0.000000,0.000000,0.000000,0.000000
1778064107.805438,manual_slider,1,1,0,0.000000,0.000000,0.000000,0.000000,0.000000,0.000000,0.198000,0.000000,0.000000,0.000000,0.198000,0.000000,0.000000,0.000000,0.000000,0.000000,0.000000
1778064107.856037,manual_slider,1,1,0,0.000000,0.000000,0.000000,0.000000,0.000000,0.000000,0.198000,0.000000,0.000000,0.000000,0.198000,0.000000,0.000000,0.000000,0.000000,0.000000,0.000000
1778064107.905725,manual_slider,1,1,0,0.000000,0.000000,0.000000,0.000000,0.000000,0.000000,0.198000,0.000000,0.000000,0.000000,0.198000,0.000000,0.000000,0.000000,0.000000,0.000000,0.000000
1778064107.955528,manual_slider,1,1,0,0.000000,0.000000,0.000000,0.000000,0.000000,0.000000,0.198000,0.000000,0.000000,0.000000,0.198000,0.000000,0.000000,0.000000,0.000000,0.000000,0.000000
1778064108.005767,manual_slider,1,1,0,0.000000,0.000000,0.000000,0.000000,0.000000,0.000000,0.198000,0.000000,0.000000,0.000000,0.198000,0.000000,0.000000,0.000000,0.000000,0.000000,0.000000
1778064108.055341,manual_slider,1,1,0,0.000000,0.000000,0.000000,0.000000,0.000000,0.000000,0.198000,0.000000,0.000000,0.000000,0.198000,0.000000,0.000000,0.000000,0.000000,0.000000,0.000000
1778064108.105565,manual_slider,1,1,0,0.000000,0.000000,0.000000,0.000000,0.000000,0.000000,0.198000,0.000000,0.000000,0.000000,0.198000,0.000000,0.000000,0.000000,0.000000,0.000000,0.000000
1778064108.155379,manual_slider,1,1,0,0.000000,0.000000,0.000000,0.000000,0.000000,0.000000,0.198000,0.000000,0.000000,0.000000,0.198000,0.000000,0.000000,0.000000,0.000000,0.000000,0.000000
1778064108.205514,manual_slider,1,1,0,0.000000,0.000000,0.000000,0.000000,0.000000,0.000000,0.198000,0.000000,0.000000,0.000000,0.198000,0.000000,0.000000,0.000000,0.000000,0.000000,0.000000
1778064108.255571,manual_slider,1,1,0,0.000000,0.000000,0.000000,0.000000,0.000000,0.000000,0.198000,0.000000,0.000000,0.000000,0.198000,0.000000,0.000000,0.000000,0.000000,0.000000,0.000000
1778064108.305568,manual_slider,1,1,0,0.000000,0.000000,0.000000,0.000000,0.000000,0.000000,0.198000,0.000000,0.000000,0.000000,0.198000,0.000000,0.000000,0.000000,0.000000,0.000000,0.000000
1778064108.356019,manual_slider,1,1,0,0.000000,0.000000,0.000000,0.000000,0.000000,0.000000,0.198000,0.000000,0.000000,0.000000,0.198000,0.000000,0.000000,0.000000,0.000000,0.000000,0.000000
1778064108.405595,manual_slider,1,1,0,0.000000,0.000000,0.000000,0.000000,0.000000,0.000000,0.198000,0.000000,0.000000,0.000000,0.198000,0.000000,0.000000,0.000000,0.000000,0.000000,0.000000
1778064108.455659,manual_slider,1,1,0,0.000000,0.000000,0.000000,0.000000,0.000000,0.000000,0.198000,0.000000,0.000000,0.000000,0.198000,0.000000,0.000000,0.000000,0.000000,0.000000,0.000000
1778064108.505603,manual_slider,1,1,0,0.000000,0.000000,0.000000,0.000000,0.000000,0.000000,0.198000,0.000000,0.000000,0.000000,0.198000,0.000000,0.000000,0.000000,0.000000,0.000000,0.000000
1778064108.555340,manual_slider,1,1,0,0.000000,0.000000,0.000000,0.000000,0.000000,0.000000,0.198000,0.000000,0.000000,0.000000,0.198000,0.000000,0.000000,0.000000,0.000000,0.000000,0.000000
1778064108.605503,manual_slider,1,1,0,0.000000,0.000000,0.000000,0.000000,0.000000,0.000000,0.198000,0.000000,0.000000,0.000000,0.198000,0.000000,0.000000,0.000000,0.000000,0.000000,0.000000
1778064108.655490,manual_slider,1,1,0,0.000000,0.000000,0.000000,0.000000,0.000000,0.000000,0.198000,0.000000,0.000000,0.000000,0.198000,0.000000,0.000000,0.000000,0.000000,0.000000,0.000000
1778064108.708214,manual_slider,1,1,0,0.000000,0.000000,0.000000,0.000000,0.000000,0.000000,0.198000,0.000000,0.000000,0.000000,0.198000,0.000000,0.000000,0.000000,0.000000,0.000000,0.000000
1778064108.755500,manual_slider,1,1,0,0.000000,0.000000,0.000000,0.000000,0.000000,0.000000,0.198000,0.000000,0.000000,0.000000,0.198000,0.000000,0.000000,0.000000,0.000000,0.000000,0.000000
1778064108.805722,manual_slider,1,1,0,0.000000,0.000000,0.000000,0.000000,0.000000,0.000000,0.198000,0.000000,0.000000,0.000000,0.198000,0.000000,0.000000,0.000000,0.000000,0.000000,0.000000
1778064108.855342,manual_slider,1,1,0,0.000000,0.000000,0.000000,0.000000,0.000000,0.000000,0.198000,0.000000,0.000000,0.000000,0.198000,0.000000,0.000000,0.000000,0.000000,0.000000,0.000000
1778064108.905516,manual_slider,1,1,0,0.000000,0.000000,0.000000,0.000000,0.000000,0.000000,0.198000,0.000000,0.000000,0.000000,0.198000,0.000000,0.000000,0.000000,0.000000,0.000000,0.000000
1778064108.955402,manual_slider,1,1,0,0.000000,0.000000,0.000000,0.000000,0.000000,0.000000,0.198000,0.000000,0.000000,0.000000,0.198000,0.000000,0.000000,0.000000,0.000000,0.000000,0.000000
1778064109.005766,manual_slider,1,1,0,0.000000,0.000000,0.000000,0.000000,0.000000,0.000000,0.198000,0.000000,0.000000,0.000000,0.198000,0.000000,0.000000,0.000000,0.000000,0.000000,0.000000
1778064109.055720,manual_slider,1,1,0,0.000000,0.000000,0.000000,0.000000,0.000000,0.000000,0.198000,0.000000,0.000000,0.000000,0.198000,0.000000,0.000000,0.000000,0.000000,0.000000,0.000000
1778064109.105600,manual_slider,1,1,0,0.000000,0.000000,0.000000,0.000000,0.000000,0.000000,0.198000,0.000000,0.000000,0.000000,0.198000,0.000000,0.000000,0.000000,0.000000,0.000000,0.000000
1778064109.155661,manual_slider,1,1,0,0.000000,0.000000,0.000000,0.000000,0.000000,0.000000,0.198000,0.000000,0.000000,0.000000,0.198000,0.000000,0.000000,0.000000,0.000000,0.000000,0.000000
1778064109.205687,manual_slider,1,1,0,0.000000,0.000000,0.000000,0.000000,0.000000,0.000000,0.198000,0.000000,0.000000,0.000000,0.198000,0.000000,0.000000,0.000000,0.000000,0.000000,0.000000
1778064109.256010,manual_slider,1,1,0,0.000000,0.000000,0.000000,0.000000,0.000000,0.000000,0.198000,0.000000,0.000000,0.000000,0.198000,0.000000,0.000000,0.000000,0.000000,0.000000,0.000000
1778064109.309120,manual_slider,1,1,0,0.000000,0.000000,0.000000,0.000000,0.000000,0.000000,0.198000,0.000000,0.000000,0.000000,0.198000,0.000000,0.000000,0.000000,0.000000,0.000000,0.000000
1778064109.355617,manual_slider,1,1,0,0.000000,0.000000,0.000000,0.000000,0.000000,0.000000,0.198000,0.000000,0.000000,0.000000,0.198000,0.000000,0.000000,0.000000,0.000000,0.000000,0.000000
1778064109.405716,manual_slider,1,1,0,0.000000,0.000000,0.000000,0.000000,0.000000,0.000000,0.198000,0.000000,0.000000,0.000000,0.198000,0.000000,0.000000,0.000000,0.000000,0.000000,0.000000
1778064109.455664,manual_slider,1,1,0,0.000000,0.000000,0.000000,0.000000,0.000000,0.000000,0.198000,0.000000,0.000000,0.000000,0.198000,0.000000,0.000000,0.000000,0.000000,0.000000,0.000000
1778064109.505675,manual_slider,1,1,0,0.000000,0.000000,0.000000,0.000000,0.000000,0.000000,0.198000,0.000000,0.000000,0.000000,0.198000,0.000000,0.000000,0.000000,0.000000,0.000000,0.000000
1778064109.555674,manual_slider,1,1,0,0.000000,0.000000,0.000000,0.000000,0.000000,0.000000,0.198000,0.000000,0.000000,0.000000,0.198000,0.000000,0.000000,0.000000,0.000000,0.000000,0.000000
1778064109.607393,manual_slider,1,1,0,0.000000,0.000000,0.000000,0.000000,0.000000,0.000000,0.198000,0.000000,0.000000,0.000000,0.198000,0.000000,0.000000,0.000000,0.000000,0.000000,0.000000
1778064109.655755,manual_slider,1,1,0,0.000000,0.000000,0.000000,0.000000,0.000000,0.000000,0.198000,0.000000,0.000000,0.000000,0.198000,0.000000,0.000000,0.000000,0.000000,0.000000,0.000000
1778064109.706132,manual_slider,1,1,0,0.000000,0.000000,0.000000,0.000000,0.000000,0.000000,0.198000,0.000000,0.000000,0.000000,0.198000,0.000000,0.000000,0.000000,0.000000,0.000000,0.000000
1778064109.755601,manual_slider,1,1,0,0.000000,0.000000,0.000000,0.000000,0.000000,0.000000,0.198000,0.000000,0.000000,0.000000,0.198000,0.000000,0.000000,0.000000,0.000000,0.000000,0.000000
1778064109.805587,manual_slider,1,1,0,0.000000,0.000000,0.000000,0.000000,0.000000,0.000000,0.198000,0.000000,0.000000,0.000000,0.198000,0.000000,0.000000,0.000000,0.000000,0.000000,0.000000
1778064109.859354,manual_slider,1,1,0,0.000000,0.000000,0.000000,0.000000,0.000000,0.000000,0.198000,0.000000,0.000000,0.000000,0.198000,0.000000,0.000000,0.000000,0.000000,0.000000,0.000000
1778064109.905513,manual_slider,1,1,0,0.000000,0.000000,0.000000,0.000000,0.000000,0.000000,0.198000,0.000000,0.000000,0.000000,0.198000,0.000000,0.000000,0.000000,0.000000,0.000000,0.000000
1778064109.955581,manual_slider,1,1,0,0.000000,0.000000,0.000000,0.000000,0.000000,0.000000,0.198000,0.000000,0.000000,0.000000,0.198000,0.000000,0.000000,0.000000,0.000000,0.000000,0.000000
1778064110.005668,manual_slider,1,1,0,0.000000,0.000000,0.000000,0.000000,0.000000,0.000000,0.198000,0.000000,0.000000,0.000000,0.198000,0.000000,0.000000,0.000000,0.000000,0.000000,0.000000
1778064110.055543,manual_slider,1,1,0,0.000000,0.000000,0.000000,0.000000,0.000000,0.000000,0.198000,0.000000,0.000000,0.000000,0.198000,0.000000,0.000000,0.000000,0.000000,0.000000,0.000000
1778064110.105762,manual_slider,1,1,0,0.000000,0.000000,0.000000,0.000000,0.000000,0.000000,0.198000,0.000000,0.000000,0.000000,0.198000,0.000000,0.000000,0.000000,0.000000,0.000000,0.000000
1778064110.155622,manual_slider,1,1,0,0.000000,0.000000,0.000000,0.000000,0.000000,0.000000,0.198000,0.000000,0.000000,0.000000,0.198000,0.000000,0.000000,0.000000,0.000000,0.000000,0.000000
1778064110.205487,manual_slider,1,1,0,0.000000,0.000000,0.000000,0.000000,0.000000,0.000000,0.198000,0.000000,0.000000,0.000000,0.198000,0.000000,0.000000,0.000000,0.000000,0.000000,0.000000
1778064110.255811,manual_slider,1,1,0,0.000000,0.000000,0.000000,0.000000,0.000000,0.000000,0.198000,0.000000,0.000000,0.000000,0.198000,0.000000,0.000000,0.000000,0.000000,0.000000,0.000000
1778064110.307178,manual_slider,1,1,0,0.000000,0.000000,0.000000,0.000000,0.000000,0.000000,0.198000,0.000000,0.000000,0.000000,0.198000,0.000000,0.000000,0.000000,0.000000,0.000000,0.000000
1778064110.355513,manual_slider,1,1,0,0.000000,0.000000,0.000000,0.000000,0.000000,0.000000,0.198000,0.000000,0.000000,0.000000,0.198000,0.000000,0.000000,0.000000,0.000000,0.000000,0.000000
1778064110.405669,manual_slider,1,1,0,0.000000,0.000000,0.000000,0.000000,0.000000,0.000000,0.198000,0.000000,0.000000,0.000000,0.198000,0.000000,0.000000,0.000000,0.000000,0.000000,0.000000
1778064110.455680,manual_slider,1,1,0,0.000000,0.000000,0.000000,0.000000,0.000000,0.000000,0.198000,0.000000,0.000000,0.000000,0.198000,0.000000,0.000000,0.000000,0.000000,0.000000,0.000000
1778064110.505593,manual_slider,1,1,0,0.000000,0.000000,0.000000,0.000000,0.000000,0.000000,0.198000,0.000000,0.000000,0.000000,0.198000,0.000000,0.000000,0.000000,0.000000,0.000000,0.000000
1778064110.555939,manual_slider,1,1,0,0.000000,0.000000,0.000000,0.000000,0.000000,0.000000,0.198000,0.000000,0.000000,0.000000,0.198000,0.000000,0.000000,0.000000,0.000000,0.000000,0.000000
1778064110.605915,manual_slider,1,1,0,0.000000,0.000000,0.000000,0.000000,0.000000,0.000000,0.198000,0.000000,0.000000,0.000000,0.198000,0.000000,0.000000,0.000000,0.000000,0.000000,0.000000
1778064110.655583,manual_slider,1,1,0,0.000000,0.000000,0.000000,0.000000,0.000000,0.000000,0.198000,0.000000,0.000000,0.000000,0.198000,0.000000,0.000000,0.000000,0.000000,0.000000,0.000000
1778064110.705717,manual_slider,1,1,0,0.000000,0.000000,0.000000,0.000000,0.000000,0.000000,0.198000,0.000000,0.000000,0.000000,0.198000,0.000000,0.000000,0.000000,0.000000,0.000000,0.000000
1778064110.755983,manual_slider,1,1,0,0.000000,0.000000,0.000000,0.000000,0.000000,0.000000,0.198000,0.000000,0.000000,0.000000,0.198000,0.000000,0.000000,0.000000,0.000000,0.000000,0.000000
1778064110.805547,manual_slider,1,1,0,0.000000,0.000000,0.000000,0.000000,0.000000,0.000000,0.198000,0.000000,0.000000,0.000000,0.198000,0.000000,0.000000,0.000000,0.000000,0.000000,0.000000
1778064110.856417,manual_slider,1,1,0,0.000000,0.000000,0.000000,0.000000,0.000000,0.000000,0.198000,0.000000,0.000000,0.000000,0.198000,0.000000,0.000000,0.000000,0.000000,0.000000,0.000000
1778064110.905661,manual_slider,1,1,0,0.000000,0.000000,0.000000,0.000000,0.000000,0.000000,0.198000,0.000000,0.000000,0.000000,0.198000,0.000000,0.000000,0.000000,0.000000,0.000000,0.000000
1778064110.955611,manual_slider,1,1,0,0.000000,0.000000,0.000000,0.000000,0.000000,0.000000,0.198000,0.000000,0.000000,0.000000,0.198000,0.000000,0.000000,0.000000,0.000000,0.000000,0.000000
1778064111.005479,manual_slider,1,1,0,0.000000,0.000000,0.000000,0.000000,0.000000,0.000000,0.198000,0.000000,0.000000,0.000000,0.198000,0.000000,0.000000,0.000000,0.000000,0.000000,0.000000
1778064111.055682,manual_slider,1,1,0,0.000000,0.000000,0.000000,0.000000,0.000000,0.000000,0.198000,0.000000,0.000000,0.000000,0.198000,0.000000,0.000000,0.000000,0.000000,0.000000,0.000000
1778064111.105622,manual_slider,1,1,0,0.000000,0.000000,0.000000,0.000000,0.000000,0.000000,0.198000,0.000000,0.000000,0.000000,0.198000,0.000000,0.000000,0.000000,0.000000,0.000000,0.000000
1778064111.157331,manual_slider,1,1,0,0.000000,0.000000,0.000000,0.000000,0.000000,0.000000,0.198000,0.000000,0.000000,0.000000,0.198000,0.000000,0.000000,0.000000,0.000000,0.000000,0.000000
1778064111.205822,manual_slider,1,1,0,0.000000,0.000000,0.000000,0.000000,0.000000,0.000000,0.198000,0.000000,0.000000,0.000000,0.198000,0.000000,0.000000,0.000000,0.000000,0.000000,0.000000
1778064111.255507,manual_slider,1,1,0,0.000000,0.000000,0.000000,0.000000,0.000000,0.000000,0.198000,0.000000,0.000000,0.000000,0.198000,0.000000,0.000000,0.000000,0.000000,0.000000,0.000000
1778064111.305737,manual_slider,1,1,0,0.000000,0.000000,0.000000,0.000000,0.000000,0.000000,0.198000,0.000000,0.000000,0.000000,0.198000,0.000000,0.000000,0.000000,0.000000,0.000000,0.000000
1778064111.355519,manual_slider,1,1,0,0.000000,0.000000,0.000000,0.000000,0.000000,0.000000,0.198000,0.000000,0.000000,0.000000,0.198000,0.000000,0.000000,0.000000,0.000000,0.000000,0.000000
1778064111.405605,manual_slider,1,1,0,0.000000,0.000000,0.000000,0.000000,0.000000,0.000000,0.198000,0.000000,0.000000,0.000000,0.198000,0.000000,0.000000,0.000000,0.000000,0.000000,0.000000
1778064111.455508,manual_slider,1,1,0,0.000000,0.000000,0.000000,0.000000,0.000000,0.000000,0.198000,0.000000,0.000000,0.000000,0.198000,0.000000,0.000000,0.000000,0.000000,0.000000,0.000000
1778064111.505768,manual_slider,1,1,0,0.000000,0.000000,0.000000,0.000000,0.000000,0.000000,0.198000,0.000000,0.000000,0.000000,0.198000,0.000000,0.000000,0.000000,0.000000,0.000000,0.000000
1778064111.556675,manual_slider,1,1,0,0.000000,0.000000,0.000000,0.000000,0.000000,0.000000,0.198000,0.000000,0.000000,0.000000,0.198000,0.000000,0.000000,0.000000,0.000000,0.000000,0.000000
1778064111.605711,manual_slider,1,1,0,0.000000,0.000000,0.000000,0.000000,0.000000,0.000000,0.198000,0.000000,0.000000,0.000000,0.198000,0.000000,0.000000,0.000000,0.000000,0.000000,0.000000
1778064111.655647,manual_slider,1,1,0,0.000000,0.000000,0.000000,0.000000,0.000000,0.000000,0.198000,0.000000,0.000000,0.000000,0.198000,0.000000,0.000000,0.000000,0.000000,0.000000,0.000000
1778064111.705626,manual_slider,1,1,0,0.000000,0.000000,0.000000,0.000000,0.000000,0.000000,0.198000,0.000000,0.000000,0.000000,0.198000,0.000000,0.000000,0.000000,0.000000,0.000000,0.000000
1778064111.755723,manual_slider,1,1,0,0.000000,0.000000,0.000000,0.000000,0.000000,0.000000,0.198000,0.000000,0.000000,0.000000,0.198000,0.000000,0.000000,0.000000,0.000000,0.000000,0.000000
1778064111.805671,manual_slider,1,1,0,0.000000,0.000000,0.000000,0.000000,0.000000,0.000000,0.198000,0.000000,0.000000,0.000000,0.198000,0.000000,0.000000,0.000000,0.000000,0.000000,0.000000
1778064111.855856,manual_slider,1,1,0,0.000000,0.000000,0.000000,0.000000,0.000000,0.000000,0.198000,0.000000,0.000000,0.000000,0.198000,0.000000,0.000000,0.000000,0.000000,0.000000,0.000000
1778064111.905777,manual_slider,1,1,0,0.000000,0.000000,0.000000,0.000000,0.000000,0.000000,0.198000,0.000000,0.000000,0.000000,0.198000,0.000000,0.000000,0.000000,0.000000,0.000000,0.000000
1778064111.955678,manual_slider,1,1,0,0.000000,0.000000,0.000000,0.000000,0.000000,0.000000,0.198000,0.000000,0.000000,0.000000,0.198000,0.000000,0.000000,0.000000,0.000000,0.000000,0.000000
1778064112.008353,manual_slider,1,1,0,0.000000,0.000000,0.000000,0.000000,0.000000,0.000000,0.198000,0.000000,0.000000,0.000000,0.198000,0.000000,0.000000,0.000000,0.000000,0.000000,0.000000
1778064112.055823,manual_slider,1,1,0,0.000000,0.000000,0.000000,0.000000,0.000000,0.000000,0.198000,0.000000,0.000000,0.000000,0.198000,0.000000,0.000000,0.000000,0.000000,0.000000,0.000000
1778064112.106295,manual_slider,1,1,0,0.000000,0.000000,0.000000,0.000000,0.000000,0.000000,0.198000,0.000000,0.000000,0.000000,0.198000,0.000000,0.000000,0.000000,0.000000,0.000000,0.000000
1778064112.155624,manual_slider,1,1,0,0.000000,0.000000,0.000000,0.000000,0.000000,0.000000,0.198000,0.000000,0.000000,0.000000,0.198000,0.000000,0.000000,0.000000,0.000000,0.000000,0.000000
1778064112.206012,manual_slider,1,1,0,0.000000,0.000000,0.000000,0.000000,0.000000,0.000000,0.198000,0.000000,0.000000,0.000000,0.198000,0.000000,0.000000,0.000000,0.000000,0.000000,0.000000
1778064112.256209,manual_slider,1,1,0,0.000000,0.000000,0.000000,0.000000,0.000000,0.000000,0.198000,0.000000,0.000000,0.000000,0.198000,0.000000,0.000000,0.000000,0.000000,0.000000,0.000000
1778064112.306219,manual_slider,1,1,0,0.000000,0.000000,0.000000,0.000000,0.000000,0.000000,0.198000,0.000000,0.000000,0.000000,0.198000,0.000000,0.000000,0.000000,0.000000,0.000000,0.000000
1778064112.357936,manual_slider,1,1,0,0.000000,0.000000,0.000000,0.000000,0.000000,0.000000,0.198000,0.000000,0.000000,0.000000,0.198000,0.000000,0.000000,0.000000,0.000000,0.000000,0.000000
1778064112.405940,manual_slider,1,1,0,0.000000,0.000000,0.000000,0.000000,0.000000,0.000000,0.198000,0.000000,0.000000,0.000000,0.198000,0.000000,0.000000,0.000000,0.000000,0.000000,0.000000
1778064112.455701,manual_slider,1,1,0,0.000000,0.000000,0.000000,0.000000,0.000000,0.000000,0.198000,0.000000,0.000000,0.000000,0.198000,0.000000,0.000000,0.000000,0.000000,0.000000,0.000000
1778064112.505820,manual_slider,1,1,0,0.000000,0.000000,0.000000,0.000000,0.000000,0.000000,0.198000,0.000000,0.000000,0.000000,0.198000,0.000000,0.000000,0.000000,0.000000,0.000000,0.000000
1778064112.555754,manual_slider,1,1,0,0.000000,0.000000,0.000000,0.000000,0.000000,0.000000,0.198000,0.000000,0.000000,0.000000,0.198000,0.000000,0.000000,0.000000,0.000000,0.000000,0.000000
1778064112.605834,manual_slider,1,1,0,0.000000,0.000000,0.000000,0.000000,0.000000,0.000000,0.198000,0.000000,0.000000,0.000000,0.198000,0.000000,0.000000,0.000000,0.000000,0.000000,0.000000
1778064112.655689,manual_slider,1,1,0,0.000000,0.000000,0.000000,0.000000,0.000000,0.000000,0.198000,0.000000,0.000000,0.000000,0.198000,0.000000,0.000000,0.000000,0.000000,0.000000,0.000000
1778064112.707304,manual_slider,1,1,0,0.000000,0.000000,0.000000,0.000000,0.000000,0.000000,0.198000,0.000000,0.000000,0.000000,0.198000,0.000000,0.000000,0.000000,0.000000,0.000000,0.000000
1778064112.755771,manual_slider,1,1,0,0.000000,0.000000,0.000000,0.000000,0.000000,0.000000,0.198000,0.000000,0.000000,0.000000,0.198000,0.000000,0.000000,0.000000,0.000000,0.000000,0.000000
1778064112.805567,manual_slider,1,1,0,0.000000,0.000000,0.000000,0.000000,0.000000,0.000000,0.198000,0.000000,0.000000,0.000000,0.198000,0.000000,0.000000,0.000000,0.000000,0.000000,0.000000
1778064112.855785,manual_slider,1,1,0,0.000000,0.000000,0.000000,0.000000,0.000000,0.000000,0.198000,0.000000,0.000000,0.000000,0.198000,0.000000,0.000000,0.000000,0.000000,0.000000,0.000000
1778064112.905645,manual_slider,1,1,0,0.000000,0.000000,0.000000,0.000000,0.000000,0.000000,0.198000,0.000000,0.000000,0.000000,0.198000,0.000000,0.000000,0.000000,0.000000,0.000000,0.000000
1778064112.955724,manual_slider,1,1,0,0.000000,0.000000,0.000000,0.000000,0.000000,0.000000,0.198000,0.000000,0.000000,0.000000,0.198000,0.000000,0.000000,0.000000,0.000000,0.000000,0.000000
1778064113.005758,manual_slider,1,1,0,0.000000,0.000000,0.000000,0.000000,0.000000,0.000000,0.198000,0.000000,0.000000,0.000000,0.198000,0.000000,0.000000,0.000000,0.000000,0.000000,0.000000
1778064113.055707,manual_slider,1,1,0,0.000000,0.000000,0.000000,0.000000,0.000000,0.000000,0.198000,0.000000,0.000000,0.000000,0.198000,0.000000,0.000000,0.000000,0.000000,0.000000,0.000000
1778064113.105591,manual_slider,1,1,0,0.000000,0.000000,0.000000,0.000000,0.000000,0.000000,0.198000,0.000000,0.000000,0.000000,0.198000,0.000000,0.000000,0.000000,0.000000,0.000000,0.000000
1778064113.155885,manual_slider,1,1,0,0.000000,0.000000,0.000000,0.000000,0.000000,0.000000,0.198000,0.000000,0.000000,0.000000,0.198000,0.000000,0.000000,0.000000,0.000000,0.000000,0.000000
1778064113.205590,manual_slider,1,1,0,0.000000,0.000000,0.000000,0.000000,0.000000,0.000000,0.198000,0.000000,0.000000,0.000000,0.198000,0.000000,0.000000,0.000000,0.000000,0.000000,0.000000
1778064113.255550,manual_slider,1,1,0,0.000000,0.000000,0.000000,0.000000,0.000000,0.000000,0.198000,0.000000,0.000000,0.000000,0.198000,0.000000,0.000000,0.000000,0.000000,0.000000,0.000000
1778064113.305550,manual_slider,1,1,0,0.000000,0.000000,0.000000,0.000000,0.000000,0.000000,0.198000,0.000000,0.000000,0.000000,0.198000,0.000000,0.000000,0.000000,0.000000,0.000000,0.000000
1778064113.355669,manual_slider,1,1,0,0.000000,0.000000,0.000000,0.000000,0.000000,0.000000,0.198000,0.000000,0.000000,0.000000,0.198000,0.000000,0.000000,0.000000,0.000000,0.000000,0.000000
1778064113.405534,manual_slider,1,1,0,0.000000,0.000000,0.000000,0.000000,0.000000,0.000000,0.198000,0.000000,0.000000,0.000000,0.198000,0.000000,0.000000,0.000000,0.000000,0.000000,0.000000
1778064113.457282,manual_slider,1,1,0,0.000000,0.000000,0.000000,0.000000,0.000000,0.000000,0.198000,0.000000,0.000000,0.000000,0.198000,0.000000,0.000000,0.000000,0.000000,0.000000,0.000000
1778064113.505643,manual_slider,1,1,0,0.000000,0.000000,0.000000,0.000000,0.000000,0.000000,0.198000,0.000000,0.000000,0.000000,0.198000,0.000000,0.000000,0.000000,0.000000,0.000000,0.000000
1778064113.555667,manual_slider,1,1,0,0.000000,0.000000,0.000000,0.000000,0.000000,0.000000,0.198000,0.000000,0.000000,0.000000,0.198000,0.000000,0.000000,0.000000,0.000000,0.000000,0.000000
1778064113.605803,manual_slider,1,1,0,0.000000,0.000000,0.000000,0.000000,0.000000,0.000000,0.198000,0.000000,0.000000,0.000000,0.198000,0.000000,0.000000,0.000000,0.000000,0.000000,0.000000
1778064113.655666,manual_slider,1,1,0,0.000000,0.000000,0.000000,0.000000,0.000000,0.000000,0.198000,0.000000,0.000000,0.000000,0.198000,0.000000,0.000000,0.000000,0.000000,0.000000,0.000000
1778064113.705840,manual_slider,1,1,0,0.000000,0.000000,0.000000,0.000000,0.000000,0.000000,0.198000,0.000000,0.000000,0.000000,0.198000,0.000000,0.000000,0.000000,0.000000,0.000000,0.000000
1778064113.755544,manual_slider,1,1,0,0.000000,0.000000,0.000000,0.000000,0.000000,0.000000,0.198000,0.000000,0.000000,0.000000,0.198000,0.000000,0.000000,0.000000,0.000000,0.000000,0.000000
1778064113.805633,manual_slider,1,1,0,0.000000,0.000000,0.000000,0.000000,0.000000,0.000000,0.198000,0.000000,0.000000,0.000000,0.198000,0.000000,0.000000,0.000000,0.000000,0.000000,0.000000
1778064113.855730,manual_slider,1,1,0,0.000000,0.000000,0.000000,0.000000,0.000000,0.000000,0.198000,0.000000,0.000000,0.000000,0.198000,0.000000,0.000000,0.000000,0.000000,0.000000,0.000000
1778064113.905634,manual_slider,1,1,0,0.000000,0.000000,0.000000,0.000000,0.000000,0.032000,0.198000,0.000000,0.000000,0.000000,0.198000,0.000000,0.000000,0.000000,0.000000,0.000000,0.000000
1778064113.956360,manual_slider,1,1,0,0.000000,0.000000,0.000000,0.000000,0.000000,0.056000,0.198000,0.000000,0.000000,0.000000,0.198000,0.000000,0.000000,0.000000,0.000000,0.000000,0.000000
1778064114.008342,manual_slider,1,1,0,0.000000,0.000000,0.000000,0.000000,0.000000,0.080000,0.198000,0.000000,0.000000,0.000000,0.198000,0.000000,0.000000,0.000000,0.000000,0.000000,0.000000
1778064114.055665,manual_slider,1,1,0,0.000000,0.000000,0.000000,0.000000,0.000000,0.192000,0.198000,0.000000,0.000000,0.000000,0.198000,0.000000,0.000000,0.000000,0.000000,0.000000,0.000000
1778064114.106418,manual_slider,1,1,0,0.000000,0.000000,0.000000,0.000000,0.000000,0.304000,0.198000,0.000000,0.000000,0.000000,0.198000,0.000000,0.000000,0.000000,0.000000,0.000000,0.000000
1778064114.157349,manual_slider,1,1,0,0.000000,0.000000,0.000000,0.000000,0.000000,0.396000,0.198000,0.000000,0.000000,0.000000,0.198000,0.000000,0.000000,0.000000,0.000000,0.000000,0.000000
1778064114.205726,manual_slider,1,1,0,0.000000,0.000000,0.000000,0.000000,0.000000,0.420000,0.198000,0.000000,0.000000,0.000000,0.198000,0.000000,0.000000,0.000000,0.000000,0.000000,0.000000
1778064114.255542,manual_slider,1,1,0,0.000000,0.000000,0.000000,0.000000,0.000000,0.440000,0.198000,0.000000,0.000000,0.000000,0.198000,0.000000,0.000000,0.000000,0.000000,0.000000,0.000000
1778064114.306593,manual_slider,1,1,0,0.000000,0.000000,0.000000,0.000000,0.000000,0.464000,0.198000,0.000000,0.000000,0.000000,0.198000,0.000000,0.000000,0.000000,0.000000,0.000000,0.000000
1778064114.355629,manual_slider,1,1,0,0.000000,0.000000,0.000000,0.000000,0.000000,0.484000,0.198000,0.000000,0.000000,0.000000,0.198000,0.000000,0.000000,0.000000,0.000000,0.000000,0.000000
1778064114.406211,manual_slider,1,1,0,0.000000,0.000000,0.000000,0.000000,0.000000,0.508000,0.198000,0.000000,0.000000,0.000000,0.198000,0.000000,0.000000,0.000000,0.000000,0.000000,0.000000
1778064114.455671,manual_slider,1,1,0,0.000000,0.000000,0.000000,0.000000,0.000000,0.532000,0.198000,0.000000,0.000000,0.000000,0.198000,0.000000,0.000000,0.000000,0.000000,0.000000,0.000000
1778064114.505562,manual_slider,1,1,0,0.000000,0.000000,0.000000,0.000000,0.000000,0.552000,0.198000,0.000000,0.000000,0.000000,0.198000,0.000000,0.000000,0.000000,0.000000,0.000000,0.000000
1778064114.555530,manual_slider,1,1,0,0.000000,0.000000,0.000000,0.000000,0.000000,0.576000,0.198000,0.000000,0.000000,0.000000,0.198000,0.000000,0.000000,0.000000,0.000000,0.000000,0.000000
1778064114.606072,manual_slider,1,1,0,0.000000,0.000000,0.000000,0.000000,0.000000,0.712000,0.198000,0.000000,0.000000,0.000000,0.198000,0.000000,0.000000,0.000000,0.000000,0.000000,0.000000
1778064114.655517,manual_slider,1,1,0,0.000000,0.000000,0.000000,0.000000,0.000000,0.848000,0.198000,0.000000,0.000000,0.000000,0.198000,0.000000,0.000000,0.000000,0.000000,0.000000,0.000000
1778064114.705342,manual_slider,1,1,0,0.000000,0.000000,0.000000,0.000000,0.000000,0.960000,0.198000,0.000000,0.000000,0.000000,0.198000,0.000000,0.000000,0.000000,0.000000,0.000000,0.000000
1778064114.758301,manual_slider,1,1,0,0.000000,0.000000,0.000000,0.000000,0.000000,1.096000,0.198000,0.000000,0.000000,0.000000,0.198000,0.000000,0.000000,0.000000,0.000000,0.000000,0.000000
1778064114.805679,manual_slider,1,1,0,0.000000,0.000000,0.000000,0.000000,0.000000,1.208000,0.198000,0.000000,0.000000,0.000000,0.198000,0.000000,0.000000,0.000000,0.000000,0.000000,0.000000
1778064114.855536,manual_slider,1,1,0,0.000000,0.000000,0.000000,0.000000,0.000000,1.324000,0.198000,0.000000,0.000000,0.000000,0.198000,0.000000,0.000000,0.000000,0.000000,0.000000,0.000000
1778064114.905523,manual_slider,1,1,0,0.000000,0.000000,0.000000,0.000000,0.000000,1.412000,0.198000,0.000000,0.000000,0.000000,0.198000,0.000000,0.000000,0.000000,0.000000,0.000000,0.000000
1778064114.960337,manual_slider,1,1,0,0.000000,0.000000,0.000000,0.000000,0.000000,1.504000,0.198000,0.000000,0.000000,0.000000,0.198000,0.000000,0.000000,0.000000,0.000000,0.000000,0.000000
1778064115.005626,manual_slider,1,1,0,0.000000,0.000000,0.000000,0.000000,0.000000,1.524000,0.198000,0.000000,0.000000,0.000000,0.198000,0.000000,0.000000,0.000000,0.000000,0.000000,0.000000
1778064115.055675,manual_slider,1,1,0,0.000000,0.000000,0.000000,0.000000,0.000000,1.548000,0.198000,0.000000,0.000000,0.000000,0.198000,0.000000,0.000000,0.000000,0.000000,0.000000,0.000000
1778064115.105706,manual_slider,1,1,0,0.000000,0.000000,0.000000,0.000000,0.000000,1.592000,0.198000,0.000000,0.000000,0.000000,0.198000,0.000000,0.000000,0.000000,0.000000,0.000000,0.000000
1778064115.159827,manual_slider,1,1,0,0.000000,0.000000,0.000000,0.000000,0.000000,1.616000,0.198000,0.000000,0.000000,0.000000,0.198000,0.000000,0.000000,0.000000,0.000000,0.000000,0.000000
1778064115.205678,manual_slider,1,1,0,0.000000,0.000000,0.000000,0.000000,0.000000,1.616000,0.198000,0.000000,0.000000,0.000000,0.198000,0.000000,0.000000,0.000000,0.000000,0.000000,0.000000
1778064115.255847,manual_slider,1,1,0,0.000000,0.000000,0.000000,0.000000,0.000000,1.616000,0.198000,0.000000,0.000000,0.000000,0.198000,0.000000,0.000000,0.000000,0.000000,0.000000,0.000000
1778064115.306506,manual_slider,1,1,0,0.000000,0.000000,0.000000,0.000000,0.000000,1.616000,0.198000,0.000000,0.000000,0.000000,0.198000,0.000000,0.000000,0.000000,0.000000,0.000000,0.000000
1778064115.355751,manual_slider,1,1,0,0.000000,0.000000,0.000000,0.000000,0.000000,1.616000,0.198000,0.000000,0.000000,0.000000,0.198000,0.000000,0.000000,0.000000,0.000000,0.000000,0.000000
1778064115.405884,manual_slider,1,1,0,0.000000,0.000000,0.000000,0.000000,0.000000,1.616000,0.198000,0.000000,0.000000,0.000000,0.198000,0.000000,0.000000,0.000000,0.000000,0.000000,0.000000
1778064115.455632,manual_slider,1,1,0,0.000000,0.000000,0.000000,0.000000,0.000000,1.616000,0.198000,0.000000,0.000000,0.000000,0.198000,0.000000,0.000000,0.000000,0.000000,0.000000,0.000000
1778064115.505579,manual_slider,1,1,0,0.000000,0.000000,0.000000,0.000000,0.000000,1.616000,0.198000,0.000000,0.000000,0.000000,0.198000,0.000000,0.000000,0.000000,0.000000,0.000000,0.000000
1778064115.555612,manual_slider,1,1,0,0.000000,0.000000,0.000000,0.000000,0.000000,1.616000,0.198000,0.000000,0.000000,0.000000,0.198000,0.000000,0.000000,0.000000,0.000000,0.000000,0.000000
1778064115.605513,manual_slider,1,1,0,0.000000,0.000000,0.000000,0.000000,0.000000,1.616000,0.198000,0.000000,0.000000,0.000000,0.198000,0.000000,0.000000,0.000000,0.000000,0.000000,0.000000
1778064115.657334,manual_slider,1,1,0,0.000000,0.000000,0.000000,0.000000,0.000000,1.616000,0.198000,0.000000,0.000000,0.000000,0.198000,0.000000,0.000000,0.000000,0.000000,0.000000,0.000000
1778064115.705598,manual_slider,1,1,0,0.000000,0.000000,0.000000,0.000000,0.000000,1.616000,0.198000,0.000000,0.000000,0.000000,0.198000,0.000000,0.000000,0.000000,0.000000,0.000000,0.000000
1778064115.755604,manual_slider,1,1,0,0.000000,0.000000,0.000000,0.000000,0.000000,1.616000,0.198000,0.000000,0.000000,0.000000,0.198000,0.000000,0.000000,0.000000,0.000000,0.000000,0.000000
1778064115.807249,manual_slider,1,1,0,0.000000,0.000000,0.000000,0.000000,0.000000,1.616000,0.198000,0.000000,0.000000,0.000000,0.198000,0.000000,0.000000,0.000000,0.000000,0.000000,0.000000
1778064115.855585,manual_slider,1,1,0,0.000000,0.000000,0.000000,0.000000,0.000000,1.592000,0.198000,0.000000,0.000000,0.000000,0.198000,0.000000,0.000000,0.000000,0.000000,0.000000,0.000000
1778064115.905553,manual_slider,1,1,0,0.000000,0.000000,0.000000,0.000000,0.000000,1.592000,0.198000,0.000000,0.000000,0.000000,0.198000,0.000000,0.000000,0.000000,0.000000,0.000000,0.000000
1778064115.955817,manual_slider,1,1,0,0.000000,0.000000,0.000000,0.000000,0.000000,1.572000,0.198000,0.000000,0.000000,0.000000,0.198000,0.000000,0.000000,0.000000,0.000000,0.000000,0.000000
1778064116.005550,manual_slider,1,1,0,0.000000,0.000000,0.000000,0.000000,0.000000,1.548000,0.198000,0.000000,0.000000,0.000000,0.198000,0.000000,0.000000,0.000000,0.000000,0.000000,0.000000
1778064116.055530,manual_slider,1,1,0,0.000000,0.000000,0.000000,0.000000,0.000000,1.504000,0.198000,0.000000,0.000000,0.000000,0.198000,0.000000,0.000000,0.000000,0.000000,0.000000,0.000000
1778064116.105614,manual_slider,1,1,0,0.000000,0.000000,0.000000,0.000000,0.000000,1.504000,0.198000,0.000000,0.000000,0.000000,0.198000,0.000000,0.000000,0.000000,0.000000,0.000000,0.000000
1778064116.155591,manual_slider,1,1,0,0.000000,0.000000,0.000000,0.000000,0.000000,1.456000,0.198000,0.000000,0.000000,0.000000,0.198000,0.000000,0.000000,0.000000,0.000000,0.000000,0.000000
1778064116.205580,manual_slider,1,1,0,0.000000,0.000000,0.000000,0.000000,0.000000,1.368000,0.198000,0.000000,0.000000,0.000000,0.198000,0.000000,0.000000,0.000000,0.000000,0.000000,0.000000
1778064116.255706,manual_slider,1,1,0,0.000000,0.000000,0.000000,0.000000,0.000000,1.344000,0.198000,0.000000,0.000000,0.000000,0.198000,0.000000,0.000000,0.000000,0.000000,0.000000,0.000000
1778064116.305588,manual_slider,1,1,0,0.000000,0.000000,0.000000,0.000000,0.000000,1.232000,0.198000,0.000000,0.000000,0.000000,0.198000,0.000000,0.000000,0.000000,0.000000,0.000000,0.000000
1778064116.355957,manual_slider,1,1,0,0.000000,0.000000,0.000000,0.000000,0.000000,1.140000,0.198000,0.000000,0.000000,0.000000,0.198000,0.000000,0.000000,0.000000,0.000000,0.000000,0.000000
1778064116.405878,manual_slider,1,1,0,0.000000,0.000000,0.000000,0.000000,0.000000,1.028000,0.198000,0.000000,0.000000,0.000000,0.198000,0.000000,0.000000,0.000000,0.000000,0.000000,0.000000
1778064116.455817,manual_slider,1,1,0,0.000000,0.000000,0.000000,0.000000,0.000000,0.892000,0.198000,0.000000,0.000000,0.000000,0.198000,0.000000,0.000000,0.000000,0.000000,0.000000,0.000000
1778064116.505482,manual_slider,1,1,0,0.000000,0.000000,0.000000,0.000000,0.000000,0.756000,0.198000,0.000000,0.000000,0.000000,0.198000,0.000000,0.000000,0.000000,0.000000,0.000000,0.000000
1778064116.555551,manual_slider,1,1,0,0.000000,0.000000,0.000000,0.000000,0.000000,0.620000,0.198000,0.000000,0.000000,0.000000,0.198000,0.000000,0.000000,0.000000,0.000000,0.000000,0.000000
1778064116.605644,manual_slider,1,1,0,0.000000,0.000000,0.000000,0.000000,0.000000,0.484000,0.198000,0.000000,0.000000,0.000000,0.198000,0.000000,0.000000,0.000000,0.000000,0.000000,0.000000
1778064116.657826,manual_slider,1,1,0,0.000000,0.000000,0.000000,0.000000,0.000000,0.352000,0.198000,0.000000,0.000000,0.000000,0.198000,0.000000,0.000000,0.000000,0.000000,0.000000,0.000000
1778064116.705552,manual_slider,1,1,0,0.000000,0.000000,0.000000,0.000000,0.000000,0.192000,0.198000,0.000000,0.000000,0.000000,0.198000,0.000000,0.000000,0.000000,0.000000,0.000000,0.000000
1778064116.755704,manual_slider,1,1,0,0.000000,0.000000,0.000000,0.000000,0.000000,0.100000,0.198000,0.000000,0.000000,0.000000,0.198000,0.000000,0.000000,0.000000,0.000000,0.000000,0.000000
1778064116.805431,manual_slider,1,1,0,0.000000,0.000000,0.000000,0.000000,0.000000,-0.100000,0.198000,0.000000,0.000000,0.000000,0.198000,0.000000,0.000000,0.000000,0.000000,0.000000,0.000000
1778064116.855494,manual_slider,1,1,0,0.000000,0.000000,0.000000,0.000000,0.000000,-0.168000,0.198000,0.000000,0.000000,0.000000,0.198000,0.000000,0.000000,0.000000,0.000000,0.000000,0.000000
1778064116.907175,manual_slider,1,1,0,0.000000,0.000000,0.000000,0.000000,0.000000,-0.352000,0.198000,0.000000,0.000000,0.000000,0.198000,0.000000,0.000000,0.000000,0.000000,0.000000,0.000000
1778064116.955645,manual_slider,1,1,0,0.000000,0.000000,0.000000,0.000000,0.000000,-0.508000,0.198000,0.000000,0.000000,0.000000,0.198000,0.000000,0.000000,0.000000,0.000000,0.000000,0.000000
1778064117.005711,manual_slider,1,1,0,0.000000,0.000000,0.000000,0.000000,0.000000,-0.756000,0.198000,0.000000,0.000000,0.000000,0.198000,0.000000,0.000000,0.000000,0.000000,0.000000,0.000000
1778064117.059202,manual_slider,1,1,0,0.000000,0.000000,0.000000,0.000000,0.000000,-0.892000,0.198000,0.000000,0.000000,0.000000,0.198000,0.000000,0.000000,0.000000,0.000000,0.000000,0.000000
1778064117.105643,manual_slider,1,1,0,0.000000,0.000000,0.000000,0.000000,0.000000,-0.960000,0.198000,0.000000,0.000000,0.000000,0.198000,0.000000,0.000000,0.000000,0.000000,0.000000,0.000000
1778064117.155806,manual_slider,1,1,0,0.000000,0.000000,0.000000,0.000000,0.000000,-0.960000,0.198000,0.000000,0.000000,0.000000,0.198000,0.000000,0.000000,0.000000,0.000000,0.000000,0.000000
1778064117.205713,manual_slider,1,1,0,0.000000,0.000000,0.000000,0.000000,0.000000,-0.984000,0.198000,0.000000,0.000000,0.000000,0.198000,0.000000,0.000000,0.000000,0.000000,0.000000,0.000000
1778064117.255672,manual_slider,1,1,0,0.000000,0.000000,0.000000,0.000000,0.000000,-1.004000,0.198000,0.000000,0.000000,0.000000,0.198000,0.000000,0.000000,0.000000,0.000000,0.000000,0.000000
1778064117.305461,manual_slider,1,1,0,0.000000,0.000000,0.000000,0.000000,0.000000,-1.004000,0.198000,0.000000,0.000000,0.000000,0.198000,0.000000,0.000000,0.000000,0.000000,0.000000,0.000000
1778064117.355610,manual_slider,1,1,0,0.000000,0.000000,0.000000,0.000000,0.000000,-1.004000,0.198000,0.000000,0.000000,0.000000,0.198000,0.000000,0.000000,0.000000,0.000000,0.000000,0.000000
1778064117.405785,manual_slider,1,1,0,0.000000,0.000000,0.000000,0.000000,0.000000,-1.004000,0.198000,0.000000,0.000000,0.000000,0.198000,0.000000,0.000000,0.000000,0.000000,0.000000,0.000000
1778064117.455608,manual_slider,1,1,0,0.000000,0.000000,0.000000,0.000000,0.000000,-1.004000,0.198000,0.000000,0.000000,0.000000,0.198000,0.000000,0.000000,0.000000,0.000000,0.000000,0.000000
1778064117.505508,manual_slider,1,1,0,0.000000,0.000000,0.000000,0.000000,0.000000,-1.004000,0.198000,0.000000,0.000000,0.000000,0.198000,0.000000,0.000000,0.000000,0.000000,0.000000,0.000000
1778064117.556051,manual_slider,1,1,0,0.000000,0.000000,0.000000,0.000000,0.000000,-1.004000,0.198000,0.000000,0.000000,0.000000,0.198000,0.000000,0.000000,0.000000,0.000000,0.000000,0.000000
1778064117.606214,manual_slider,1,1,0,0.000000,0.000000,0.000000,0.000000,0.000000,-1.004000,0.198000,0.000000,0.000000,0.000000,0.198000,0.000000,0.000000,0.000000,0.000000,0.000000,0.000000
1778064117.656231,manual_slider,1,1,0,0.000000,0.000000,0.000000,0.000000,0.000000,-1.004000,0.198000,0.000000,0.000000,0.000000,0.198000,0.000000,0.000000,0.000000,0.000000,0.000000,0.000000
1778064117.705556,manual_slider,1,1,0,0.000000,0.000000,0.000000,0.000000,0.000000,-1.004000,0.198000,0.000000,0.000000,0.000000,0.198000,0.000000,0.000000,0.000000,0.000000,0.000000,0.000000
1778064117.755575,manual_slider,1,1,0,0.000000,0.000000,0.000000,0.000000,0.000000,-1.004000,0.198000,0.000000,0.000000,0.000000,0.198000,0.000000,0.000000,0.000000,0.000000,0.000000,0.000000
1778064117.805797,manual_slider,1,1,0,0.000000,0.000000,0.000000,0.000000,0.000000,-1.004000,0.198000,0.000000,0.000000,0.000000,0.198000,0.000000,0.000000,0.000000,0.000000,0.000000,0.000000
1778064117.855868,manual_slider,1,1,0,0.000000,0.000000,0.000000,0.000000,0.000000,-1.004000,0.198000,0.000000,0.000000,0.000000,0.198000,0.000000,0.000000,0.000000,0.000000,0.000000,0.000000
1778064117.905499,manual_slider,1,1,0,0.000000,0.000000,0.000000,0.000000,0.000000,-1.004000,0.198000,0.000000,0.000000,0.000000,0.198000,0.000000,0.000000,0.000000,0.000000,0.000000,0.000000
1778064117.958457,manual_slider,1,1,0,0.000000,0.000000,0.000000,0.000000,0.000000,-1.004000,0.198000,0.000000,0.000000,0.000000,0.198000,0.000000,0.000000,0.000000,0.000000,0.000000,0.000000
1778064118.005550,manual_slider,1,1,0,0.000000,0.000000,0.000000,0.000000,0.000000,-1.004000,0.198000,0.000000,0.000000,0.000000,0.198000,0.000000,0.000000,0.000000,0.000000,0.000000,0.000000
1778064118.055730,manual_slider,1,1,0,0.000000,0.000000,0.000000,0.000000,0.000000,-1.004000,0.198000,0.000000,0.000000,0.000000,0.198000,0.000000,0.000000,0.000000,0.000000,0.000000,0.000000
1778064118.105763,manual_slider,1,1,0,0.000000,0.000000,0.000000,0.000000,0.000000,0.000000,0.198000,0.000000,0.000000,0.000000,0.198000,0.000000,0.000000,0.000000,0.000000,0.000000,0.000000
1778064118.155714,manual_slider,1,1,0,0.000000,0.000000,0.000000,0.000000,0.000000,0.000000,0.198000,0.000000,0.000000,0.000000,0.198000,0.000000,0.000000,0.000000,0.000000,0.000000,0.000000
1778064118.205500,manual_slider,1,1,0,0.000000,0.000000,0.000000,0.000000,0.000000,0.000000,0.198000,0.000000,0.000000,0.000000,0.198000,0.000000,0.000000,0.000000,0.000000,0.000000,0.000000
1778064118.256345,manual_slider,1,1,0,0.000000,0.000000,0.000000,0.000000,0.000000,0.000000,0.198000,0.000000,0.000000,0.000000,0.198000,0.000000,0.000000,0.000000,0.000000,0.000000,0.000000
1778064118.305521,manual_slider,1,1,0,0.000000,0.000000,0.000000,0.000000,0.000000,0.000000,0.198000,0.000000,0.000000,0.000000,0.198000,0.000000,0.000000,0.000000,0.000000,0.000000,0.000000
1778064118.355515,manual_slider,1,1,0,0.000000,0.000000,0.000000,0.000000,0.000000,0.000000,0.198000,0.000000,0.000000,0.000000,0.198000,0.000000,0.000000,0.000000,0.000000,0.000000,0.000000
1778064118.405530,manual_slider,1,1,0,0.000000,0.000000,0.000000,0.000000,0.000000,0.000000,0.198000,0.000000,0.000000,0.000000,0.198000,0.000000,0.000000,0.000000,0.000000,0.000000,0.000000
1778064118.455733,manual_slider,1,1,0,0.000000,0.000000,0.000000,0.000000,0.000000,0.000000,0.198000,0.000000,0.000000,0.000000,0.198000,0.000000,0.000000,0.000000,0.000000,0.000000,0.000000
1778064118.506551,manual_slider,1,1,0,0.000000,0.000000,0.000000,0.000000,0.000000,0.000000,0.198000,0.000000,0.000000,0.000000,0.198000,0.000000,0.000000,0.000000,0.000000,0.000000,0.000000
1778064118.555722,manual_slider,1,1,0,0.000000,0.000000,0.000000,0.000000,0.000000,0.000000,0.198000,0.000000,0.000000,0.000000,0.198000,0.000000,0.000000,0.000000,0.000000,0.000000,0.000000
1778064118.605926,manual_slider,1,1,0,0.000000,0.000000,0.000000,0.000000,0.000000,0.000000,0.198000,0.000000,0.000000,0.000000,0.198000,0.000000,0.000000,0.000000,0.000000,0.000000,0.000000
1778064118.656622,manual_slider,1,1,0,0.000000,0.000000,0.000000,0.000000,0.000000,0.000000,0.198000,0.000000,0.000000,0.000000,0.198000,0.000000,0.000000,0.000000,0.000000,0.000000,0.000000
1778064118.705578,manual_slider,1,1,0,0.000000,0.000000,0.000000,0.000000,0.000000,0.000000,0.198000,0.000000,0.000000,0.000000,0.198000,0.000000,0.000000,0.000000,0.000000,0.000000,0.000000
1778064118.755922,manual_slider,1,1,0,0.000000,0.000000,0.000000,0.000000,0.000000,0.000000,0.198000,0.000000,0.000000,0.000000,0.198000,0.000000,0.000000,0.000000,0.000000,0.000000,0.000000
1778064118.805665,manual_slider,1,1,0,0.000000,0.000000,0.000000,0.000000,0.000000,0.000000,0.198000,0.000000,0.000000,0.000000,0.198000,0.000000,0.000000,0.000000,0.000000,0.000000,0.000000
1778064118.855505,manual_slider,1,1,0,0.000000,0.000000,0.000000,0.000000,0.000000,0.000000,0.198000,0.000000,0.000000,0.000000,0.198000,0.000000,0.000000,0.000000,0.000000,0.000000,0.000000
1778064118.905478,manual_slider,1,1,0,0.000000,0.000000,0.000000,0.000000,0.000000,0.000000,0.198000,0.000000,0.000000,0.000000,0.198000,0.000000,0.000000,0.000000,0.000000,0.000000,0.000000
1778064118.955520,manual_slider,1,1,0,0.000000,0.000000,0.000000,0.000000,0.000000,0.000000,0.198000,0.000000,0.000000,0.000000,0.198000,0.000000,0.000000,0.000000,0.000000,0.000000,0.000000
1778064119.005582,manual_slider,1,1,0,0.000000,0.000000,0.000000,0.000000,0.000000,0.000000,0.198000,0.000000,0.000000,0.000000,0.198000,0.000000,0.000000,0.000000,0.000000,0.000000,0.000000
1778064119.055689,manual_slider,1,1,0,0.000000,0.000000,0.000000,0.000000,0.000000,0.000000,0.198000,0.000000,0.000000,0.000000,0.198000,0.000000,0.000000,0.000000,0.000000,0.000000,0.000000
1778064119.108775,manual_slider,1,1,0,0.000000,0.000000,0.000000,0.000000,0.000000,0.000000,0.198000,0.000000,0.000000,0.000000,0.198000,0.000000,0.000000,0.000000,0.000000,0.000000,0.000000
1778064119.157576,manual_slider,1,1,0,0.000000,0.000000,0.000000,0.000000,0.000000,0.000000,0.198000,0.000000,0.000000,0.000000,0.198000,0.000000,0.000000,0.000000,0.000000,0.000000,0.000000
1778064119.205970,manual_slider,1,1,0,0.000000,0.000000,0.000000,0.000000,0.000000,0.000000,0.198000,0.000000,0.000000,0.000000,0.198000,0.000000,0.000000,0.000000,0.000000,0.000000,0.000000
1778064119.255654,manual_slider,1,1,0,0.000000,0.000000,0.000000,0.000000,0.000000,0.000000,0.198000,0.000000,0.000000,0.000000,0.198000,0.000000,0.000000,0.000000,0.000000,0.000000,0.000000
1778064119.305624,manual_slider,1,1,0,0.000000,0.000000,0.000000,0.000000,0.000000,0.000000,0.198000,0.000000,0.000000,0.000000,0.198000,0.000000,0.000000,0.000000,0.000000,0.000000,0.000000
1778064119.355888,manual_slider,1,1,0,0.000000,0.000000,0.000000,0.000000,0.000000,0.000000,0.198000,0.000000,0.000000,0.000000,0.198000,0.000000,0.000000,0.000000,0.000000,0.000000,0.000000
1778064119.405586,manual_slider,1,1,0,0.000000,0.000000,0.000000,0.000000,0.000000,0.000000,0.198000,0.000000,0.000000,0.000000,0.198000,0.000000,0.000000,0.000000,0.000000,0.000000,0.000000
1778064119.455613,manual_slider,1,1,0,0.000000,0.000000,0.000000,0.000000,0.000000,0.000000,0.198000,0.000000,0.000000,0.000000,0.198000,0.000000,0.000000,0.000000,0.000000,0.000000,0.000000
1778064119.505623,manual_slider,1,1,0,0.000000,0.000000,0.000000,0.000000,0.000000,0.000000,0.198000,0.000000,0.000000,0.000000,0.198000,0.000000,0.000000,0.000000,0.000000,0.000000,0.000000
1778064119.555980,manual_slider,1,1,0,0.000000,0.000000,0.000000,0.000000,0.000000,0.000000,0.198000,0.000000,0.000000,0.000000,0.198000,0.000000,0.000000,0.000000,0.000000,0.000000,0.000000
1778064119.605578,manual_slider,1,1,0,0.000000,0.000000,0.000000,0.000000,0.000000,0.000000,0.198000,0.000000,0.000000,0.000000,0.198000,0.000000,0.000000,0.000000,0.000000,0.000000,0.000000
1778064119.655566,manual_slider,1,1,0,0.000000,0.000000,0.000000,0.000000,0.000000,0.000000,0.198000,0.000000,0.000000,0.000000,0.198000,0.000000,0.000000,0.000000,0.000000,0.000000,0.000000
1778064119.705777,manual_slider,1,1,0,0.000000,0.000000,0.000000,0.000000,0.000000,0.000000,0.198000,0.000000,0.000000,0.000000,0.198000,0.000000,0.000000,0.000000,0.000000,0.000000,0.000000
1778064119.755439,manual_slider,1,1,0,0.000000,0.000000,0.000000,0.000000,0.000000,0.000000,0.198000,0.000000,0.000000,0.000000,0.198000,0.000000,0.000000,0.000000,0.000000,0.000000,0.000000
1778064119.805552,manual_slider,1,1,0,0.000000,0.000000,0.000000,0.000000,0.000000,0.000000,0.198000,0.000000,0.000000,0.000000,0.198000,0.000000,0.000000,0.000000,0.000000,0.000000,0.000000
1778064119.855399,manual_slider,1,1,0,0.000000,0.000000,0.000000,0.000000,0.000000,0.000000,0.198000,0.000000,0.000000,0.000000,0.198000,0.000000,0.000000,0.000000,0.000000,0.000000,0.000000
1778064119.905757,manual_slider,1,1,0,0.000000,0.000000,0.000000,0.000000,0.000000,0.000000,0.198000,0.000000,0.000000,0.000000,0.198000,0.000000,0.000000,0.000000,0.000000,0.000000,0.000000
1778064119.955347,manual_slider,1,1,0,0.000000,0.000000,0.000000,0.000000,0.000000,0.000000,0.198000,0.000000,0.000000,0.000000,0.198000,0.000000,0.000000,0.000000,0.000000,0.000000,0.000000
1778064120.005838,manual_slider,1,1,0,0.000000,0.000000,0.000000,0.000000,0.000000,0.000000,0.198000,0.000000,0.000000,0.000000,0.198000,0.000000,0.000000,0.000000,0.000000,0.000000,0.000000
1778064120.055342,manual_slider,1,1,0,0.000000,0.000000,0.000000,0.000000,0.000000,0.000000,0.198000,0.000000,0.000000,0.000000,0.198000,0.000000,0.000000,0.000000,0.000000,0.000000,0.000000
1778064120.105787,manual_slider,1,1,0,0.000000,0.000000,0.000000,0.000000,0.000000,0.000000,0.198000,0.000000,0.000000,0.000000,0.198000,0.000000,0.000000,0.000000,0.000000,0.000000,0.000000
1778064120.155375,manual_slider,1,1,0,0.000000,0.000000,0.000000,0.000000,0.000000,0.000000,0.198000,0.000000,0.000000,0.000000,0.198000,0.000000,0.000000,0.000000,0.000000,0.000000,0.000000
1778064120.205564,manual_slider,1,1,0,0.000000,0.000000,0.000000,0.000000,0.000000,0.000000,0.198000,0.000000,0.000000,0.000000,0.198000,0.000000,0.000000,0.000000,0.000000,0.000000,0.000000
1778064120.255528,manual_slider,1,1,0,0.000000,0.000000,0.000000,0.000000,0.000000,0.000000,0.198000,0.000000,0.000000,0.000000,0.198000,0.000000,0.000000,0.000000,0.000000,0.000000,0.000000
1778064120.305497,manual_slider,1,1,0,0.000000,0.000000,0.000000,0.000000,0.000000,0.000000,0.198000,0.000000,0.000000,0.000000,0.198000,0.000000,0.000000,0.000000,0.000000,0.000000,0.000000
1778064120.355787,manual_slider,1,1,0,0.000000,0.000000,0.000000,0.000000,0.000000,0.000000,0.198000,0.000000,0.000000,0.000000,0.198000,0.000000,0.000000,0.000000,0.000000,0.000000,0.000000
1778064120.405622,manual_slider,1,1,0,0.000000,0.000000,0.000000,0.000000,0.000000,0.000000,0.198000,0.000000,0.000000,0.000000,0.198000,0.000000,0.000000,0.000000,0.000000,0.000000,0.000000
1778064120.455978,manual_slider,1,1,0,0.000000,0.000000,0.000000,0.000000,0.000000,0.000000,0.198000,0.000000,0.000000,0.000000,0.198000,0.000000,0.000000,0.000000,0.000000,0.000000,0.000000
1778064120.505546,manual_slider,1,1,0,0.000000,0.000000,0.000000,0.000000,0.000000,0.000000,0.198000,0.000000,0.000000,0.000000,0.198000,0.000000,0.000000,0.000000,0.000000,0.000000,0.000000
1778064120.555362,manual_slider,1,1,0,0.000000,0.000000,0.000000,0.000000,0.000000,0.000000,0.198000,0.000000,0.000000,0.000000,0.198000,0.000000,0.000000,0.000000,0.000000,0.000000,0.000000
1778064120.605599,manual_slider,1,1,0,0.000000,0.000000,0.000000,0.000000,0.000000,0.000000,0.198000,0.000000,0.000000,0.000000,0.198000,0.000000,0.000000,0.000000,0.000000,0.000000,0.000000
1778064120.655339,manual_slider,1,1,0,0.000000,0.000000,0.000000,0.000000,0.000000,0.000000,0.198000,0.000000,0.000000,0.000000,0.198000,0.000000,0.000000,0.000000,0.000000,0.000000,0.000000
1778064120.705630,manual_slider,1,1,0,0.000000,0.000000,0.000000,0.000000,0.000000,0.000000,0.198000,0.000000,0.000000,0.000000,0.198000,0.000000,0.000000,0.000000,0.000000,0.000000,0.000000
1778064120.755515,manual_slider,1,1,0,0.000000,0.000000,0.000000,0.000000,0.000000,0.000000,0.198000,0.000000,0.000000,0.000000,0.198000,0.000000,0.000000,0.000000,0.000000,0.000000,0.000000
1778064120.805528,manual_slider,1,1,0,0.000000,0.000000,0.000000,0.000000,0.000000,0.000000,0.198000,0.000000,0.000000,0.000000,0.198000,0.000000,0.000000,0.000000,0.000000,0.000000,0.000000
1778064120.855351,manual_slider,1,1,0,0.000000,0.000000,0.000000,0.000000,0.000000,0.000000,0.198000,0.000000,0.000000,0.000000,0.198000,0.000000,0.000000,0.000000,0.000000,0.000000,0.000000
1778064120.905593,manual_slider,1,1,0,0.000000,0.000000,0.000000,0.000000,0.000000,0.000000,0.198000,0.000000,0.000000,0.000000,0.198000,0.000000,0.000000,0.000000,0.000000,0.000000,0.000000
1778064120.955462,manual_slider,1,1,0,0.000000,0.000000,0.000000,0.000000,0.000000,0.000000,0.198000,0.000000,0.000000,0.000000,0.198000,0.000000,0.000000,0.000000,0.000000,0.000000,0.000000
1778064121.005502,manual_slider,1,1,0,0.000000,0.000000,0.000000,0.000000,0.000000,0.000000,0.198000,0.000000,0.000000,0.000000,0.198000,0.000000,0.000000,0.000000,0.000000,0.000000,0.000000
1778064121.055395,manual_slider,1,1,0,0.000000,0.000000,0.000000,0.000000,0.000000,0.000000,0.198000,0.000000,0.000000,0.000000,0.198000,0.000000,0.000000,0.000000,0.000000,0.000000,0.000000
1778064121.105488,manual_slider,1,1,0,0.000000,0.000000,0.000000,0.000000,0.000000,0.000000,0.198000,0.000000,0.000000,0.000000,0.198000,0.000000,0.000000,0.000000,0.000000,0.000000,0.000000
1778064121.155909,manual_slider,1,1,0,0.000000,0.000000,0.000000,0.000000,0.000000,0.000000,0.198000,0.000000,0.000000,0.000000,0.198000,0.000000,0.000000,0.000000,0.000000,0.000000,0.000000
1778064121.205534,manual_slider,1,1,0,0.000000,0.000000,0.000000,0.000000,0.000000,0.000000,0.198000,0.000000,0.000000,0.000000,0.198000,0.000000,0.000000,0.000000,0.000000,0.000000,0.000000
1778064121.255870,manual_slider,1,1,0,0.000000,0.000000,0.000000,0.000000,0.000000,0.000000,0.198000,0.000000,0.000000,0.000000,0.198000,0.000000,0.000000,0.000000,0.000000,0.000000,0.000000
1778064121.305605,manual_slider,1,1,0,0.000000,0.000000,0.000000,0.000000,0.000000,0.000000,0.198000,0.000000,0.000000,0.000000,0.198000,0.000000,0.000000,0.000000,0.000000,0.000000,0.000000
1778064121.355456,manual_slider,1,1,0,0.000000,0.000000,0.000000,0.000000,0.000000,0.000000,0.198000,0.000000,0.000000,0.000000,0.198000,0.000000,0.000000,0.000000,0.000000,0.000000,0.000000
1778064121.405583,manual_slider,1,1,0,0.000000,0.000000,0.000000,0.000000,0.000000,0.000000,0.198000,0.000000,0.000000,0.000000,0.198000,0.000000,0.000000,0.000000,0.000000,0.000000,0.000000
1778064121.455386,manual_slider,1,1,0,0.000000,0.000000,0.000000,0.000000,0.000000,0.000000,0.198000,0.000000,0.000000,0.000000,0.198000,0.000000,0.000000,0.000000,0.000000,0.000000,0.000000
1778064121.507155,manual_slider,1,1,0,0.000000,0.000000,0.000000,0.000000,0.000000,0.000000,0.198000,0.000000,0.000000,0.000000,0.198000,0.000000,0.000000,0.000000,0.000000,0.000000,0.000000
1778064121.555590,manual_slider,1,1,0,0.000000,0.000000,0.000000,0.000000,0.000000,0.000000,0.198000,0.000000,0.000000,0.000000,0.198000,0.000000,0.000000,0.000000,0.000000,0.000000,0.000000
1778064121.606342,manual_slider,1,1,0,0.000000,0.000000,0.000000,0.000000,0.000000,0.000000,0.198000,0.000000,0.000000,0.000000,0.198000,0.000000,0.000000,0.000000,0.000000,0.000000,0.000000
1778064121.655372,manual_slider,1,1,0,0.000000,0.000000,0.000000,0.000000,0.000000,0.000000,0.198000,0.000000,0.000000,0.000000,0.198000,0.000000,0.000000,0.000000,0.000000,0.000000,0.000000
1778064121.705563,manual_slider,1,1,0,0.000000,0.000000,0.000000,0.000000,0.000000,0.000000,0.198000,0.000000,0.000000,0.000000,0.198000,0.000000,0.000000,0.000000,0.000000,0.000000,0.000000
1778064121.755613,manual_slider,1,1,0,0.000000,0.000000,0.000000,0.000000,0.000000,0.000000,0.198000,0.000000,0.000000,0.000000,0.198000,0.000000,0.000000,0.000000,0.000000,0.000000,0.000000
1778064121.805605,manual_slider,1,1,0,0.000000,0.000000,0.000000,0.000000,0.000000,0.000000,0.198000,0.000000,0.000000,0.000000,0.198000,0.000000,0.000000,0.000000,0.000000,0.000000,0.000000
1778064121.855468,manual_slider,1,1,0,0.000000,0.000000,0.000000,0.000000,0.000000,0.000000,0.198000,0.000000,0.000000,0.000000,0.198000,0.000000,0.000000,0.000000,0.000000,0.000000,0.000000
1778064121.905621,manual_slider,1,1,0,0.000000,0.000000,0.000000,0.000000,0.000000,0.000000,0.198000,0.000000,0.000000,0.000000,0.198000,0.000000,0.000000,0.000000,0.000000,0.000000,0.000000
1778064121.955794,manual_slider,1,1,0,0.000000,0.000000,0.000000,0.000000,0.000000,0.000000,0.198000,0.000000,0.000000,0.000000,0.198000,0.000000,0.000000,0.000000,0.000000,0.000000,0.000000
1778064122.005545,manual_slider,1,1,0,0.000000,0.000000,0.000000,0.000000,0.000000,0.000000,0.198000,0.000000,0.000000,0.000000,0.198000,0.000000,0.000000,0.000000,0.000000,0.000000,0.000000
1778064122.055723,manual_slider,1,1,0,0.000000,0.000000,0.000000,0.000000,0.000000,0.000000,0.198000,0.000000,0.000000,0.000000,0.198000,0.000000,0.000000,0.000000,0.000000,0.000000,0.000000
1778064122.105561,manual_slider,1,1,0,0.000000,0.000000,0.000000,0.000000,0.000000,0.000000,0.198000,0.000000,0.000000,0.000000,0.198000,0.000000,0.000000,0.000000,0.000000,0.000000,0.000000
1778064122.155422,manual_slider,1,1,0,0.000000,0.000000,0.000000,0.000000,0.000000,0.000000,0.198000,0.000000,0.000000,0.000000,0.198000,0.000000,0.000000,0.000000,0.000000,0.000000,0.000000
1778064122.205575,manual_slider,1,1,0,0.000000,0.000000,0.000000,0.000000,0.000000,0.000000,0.198000,0.000000,0.000000,0.000000,0.198000,0.000000,0.000000,0.000000,0.000000,0.000000,0.000000
1778064122.255456,manual_slider,1,1,0,0.000000,0.000000,0.000000,0.000000,0.000000,0.000000,0.198000,0.000000,0.000000,0.000000,0.198000,0.000000,0.000000,0.000000,0.000000,0.000000,0.000000
1778064122.306054,manual_slider,1,1,0,0.000000,0.000000,0.000000,0.000000,0.000000,0.000000,0.198000,0.000000,0.000000,0.000000,0.198000,0.000000,0.000000,0.000000,0.000000,0.000000,0.000000
1778064122.355358,manual_slider,1,1,0,0.000000,0.000000,0.000000,0.000000,0.000000,0.000000,0.198000,0.000000,0.000000,0.000000,0.198000,0.000000,0.000000,0.000000,0.000000,0.000000,0.000000
1778064122.405567,manual_slider,1,1,0,0.000000,0.000000,0.000000,0.000000,0.000000,0.000000,0.198000,0.000000,0.000000,0.000000,0.198000,0.000000,0.000000,0.000000,0.000000,0.000000,0.000000
1778064122.455301,manual_slider,1,1,0,0.000000,0.000000,0.000000,0.000000,0.000000,0.000000,0.198000,0.000000,0.000000,0.000000,0.198000,0.000000,0.000000,0.000000,0.000000,0.000000,0.000000
1778064122.505595,manual_slider,1,1,0,0.000000,0.000000,0.000000,0.000000,0.000000,0.000000,0.198000,0.000000,0.000000,0.000000,0.198000,0.000000,0.000000,0.000000,0.000000,0.000000,0.000000
1778064122.555401,manual_slider,1,1,0,0.000000,0.000000,0.000000,0.000000,0.000000,0.000000,0.198000,0.000000,0.000000,0.000000,0.198000,0.000000,0.000000,0.000000,0.000000,0.000000,0.000000
1778064122.605549,manual_slider,1,1,0,0.000000,0.000000,0.000000,0.000000,0.000000,0.000000,0.198000,0.000000,0.000000,0.000000,0.198000,0.000000,0.000000,0.000000,0.000000,0.000000,0.000000
1778064122.655463,manual_slider,1,1,0,0.000000,0.000000,0.000000,0.000000,0.000000,0.000000,0.198000,0.000000,0.000000,0.000000,0.198000,0.000000,0.000000,0.000000,0.000000,0.000000,0.000000
1778064122.705590,manual_slider,1,1,0,0.000000,0.000000,0.000000,0.000000,0.000000,0.000000,0.198000,0.000000,0.000000,0.000000,0.198000,0.000000,0.000000,0.000000,0.000000,0.000000,0.000000
1778064122.755521,manual_slider,1,1,0,0.000000,0.000000,0.000000,0.000000,0.000000,0.000000,0.198000,0.000000,0.000000,0.000000,0.198000,0.000000,0.000000,0.000000,0.000000,0.000000,0.000000
1778064122.805535,manual_slider,1,1,0,0.000000,0.000000,0.000000,0.000000,0.000000,0.000000,0.198000,0.000000,0.000000,0.000000,0.198000,0.000000,0.000000,0.000000,0.000000,0.000000,0.000000
1778064122.855390,manual_slider,1,1,0,0.000000,0.000000,0.000000,0.000000,0.000000,0.000000,0.198000,0.000000,0.000000,0.000000,0.198000,0.000000,0.000000,0.000000,0.000000,0.000000,0.000000
1778064122.905550,manual_slider,1,1,0,0.000000,0.000000,0.000000,0.000000,0.000000,0.000000,0.198000,0.000000,0.000000,0.000000,0.198000,0.000000,0.000000,0.000000,0.000000,0.000000,0.000000
1778064122.955584,manual_slider,1,1,0,0.000000,0.000000,0.000000,0.000000,0.000000,0.000000,0.198000,0.000000,0.000000,0.000000,0.198000,0.000000,0.000000,0.000000,0.000000,0.000000,0.000000
1778064123.006168,manual_slider,1,1,0,0.000000,0.000000,0.000000,0.000000,0.000000,0.000000,0.198000,0.000000,0.000000,0.000000,0.198000,0.000000,0.000000,0.000000,0.000000,0.000000,0.000000
1778064123.055582,manual_slider,1,1,0,0.000000,0.000000,0.000000,0.000000,0.000000,0.000000,0.198000,0.000000,0.000000,0.000000,0.198000,0.000000,0.000000,0.000000,0.000000,0.000000,0.000000
1778064123.106145,manual_slider,1,1,0,0.000000,0.000000,0.000000,0.000000,0.000000,0.000000,0.198000,0.000000,0.000000,0.000000,0.198000,0.000000,0.000000,0.000000,0.000000,0.000000,0.000000
1778064123.155621,manual_slider,1,1,0,0.000000,0.000000,0.000000,0.000000,0.000000,0.000000,0.198000,0.000000,0.000000,0.000000,0.198000,0.000000,0.000000,0.000000,0.000000,0.000000,0.000000
1778064123.205583,manual_slider,1,1,0,0.000000,0.000000,0.000000,0.000000,0.000000,0.000000,0.198000,0.000000,0.000000,0.000000,0.198000,0.000000,0.000000,0.000000,0.000000,0.000000,0.000000
1778064123.255329,manual_slider,1,1,0,0.000000,0.000000,0.000000,0.000000,0.000000,0.000000,0.198000,0.000000,0.000000,0.000000,0.198000,0.000000,0.000000,0.000000,0.000000,0.000000,0.000000
1778064123.306588,manual_slider,1,1,0,0.000000,0.000000,0.000000,0.000000,0.000000,0.000000,0.198000,0.000000,0.000000,0.000000,0.198000,0.000000,0.000000,0.000000,0.000000,0.000000,0.000000
1778064123.355733,manual_slider,1,1,0,0.000000,0.000000,0.000000,0.000000,0.000000,0.000000,0.198000,0.000000,0.000000,0.000000,0.198000,0.000000,0.000000,0.000000,0.000000,0.000000,0.000000
1778064123.405499,manual_slider,1,1,0,0.000000,0.000000,0.000000,0.000000,0.000000,0.000000,0.198000,0.000000,0.000000,0.000000,0.198000,0.000000,0.000000,0.000000,0.000000,0.000000,0.000000
1778064123.455390,manual_slider,1,1,0,0.000000,0.000000,0.000000,0.000000,0.000000,0.000000,0.198000,0.000000,0.000000,0.000000,0.198000,0.000000,0.000000,0.000000,0.000000,0.000000,0.000000
1778064123.505656,manual_slider,1,1,0,0.000000,0.000000,0.000000,0.000000,0.000000,0.000000,0.198000,0.000000,0.000000,0.000000,0.198000,0.000000,0.000000,0.000000,0.000000,0.000000,0.000000
1778064123.555659,manual_slider,1,1,0,0.000000,0.000000,0.000000,0.000000,0.000000,0.000000,0.198000,0.000000,0.000000,0.000000,0.198000,0.000000,0.000000,0.000000,0.000000,0.000000,0.000000
1778064123.605674,manual_slider,1,1,0,0.000000,0.000000,0.000000,0.000000,0.000000,0.000000,0.198000,0.000000,0.000000,0.000000,0.198000,0.000000,0.000000,0.000000,0.000000,0.000000,0.000000
1778064123.655742,manual_slider,1,1,0,0.000000,0.000000,0.000000,0.000000,0.000000,0.000000,0.198000,0.000000,0.000000,0.000000,0.198000,0.000000,0.000000,0.000000,0.000000,0.000000,0.000000
1778064123.705552,manual_slider,1,1,0,0.000000,0.000000,0.000000,0.000000,0.000000,0.000000,0.198000,0.000000,0.000000,0.000000,0.198000,0.000000,0.000000,0.000000,0.000000,0.000000,0.000000
1778064123.755413,manual_slider,1,1,0,0.000000,0.000000,0.000000,0.000000,0.000000,0.000000,0.198000,0.000000,0.000000,0.000000,0.198000,0.000000,0.000000,0.000000,0.000000,0.000000,0.000000
1778064123.805561,manual_slider,1,1,0,0.000000,0.000000,0.000000,0.000000,0.000000,0.000000,0.198000,0.000000,0.000000,0.000000,0.198000,0.000000,0.000000,0.000000,0.000000,0.000000,0.000000
1778064123.855594,manual_slider,1,1,0,0.000000,0.000000,0.000000,0.000000,0.000000,0.000000,0.198000,0.000000,0.000000,0.000000,0.198000,0.000000,0.000000,0.000000,0.000000,0.000000,0.000000
1778064123.905766,manual_slider,1,1,0,0.000000,0.000000,0.000000,0.000000,0.000000,0.000000,0.198000,0.000000,0.000000,0.000000,0.198000,0.000000,0.000000,0.000000,0.000000,0.000000,0.000000
1778064123.955532,manual_slider,1,1,0,0.000000,0.000000,0.000000,0.000000,0.000000,0.000000,0.198000,0.000000,0.000000,0.000000,0.198000,0.000000,0.000000,0.000000,0.000000,0.000000,0.000000
1778064124.005701,manual_slider,1,1,0,0.000000,0.000000,0.000000,0.000000,0.000000,0.000000,0.198000,0.000000,0.000000,0.000000,0.198000,0.000000,0.000000,0.000000,0.000000,0.000000,0.000000
1778064124.055577,manual_slider,1,1,0,0.000000,0.000000,0.000000,0.000000,0.000000,0.000000,0.198000,0.000000,0.000000,0.000000,0.198000,0.000000,0.000000,0.000000,0.000000,0.000000,0.000000
1778064124.106258,manual_slider,1,1,0,0.000000,0.000000,0.000000,0.000000,0.000000,0.000000,0.198000,0.000000,0.000000,0.000000,0.198000,0.000000,0.000000,0.000000,0.000000,0.000000,0.000000
1778064124.155585,manual_slider,1,1,0,0.000000,0.000000,0.000000,0.000000,0.000000,0.000000,0.198000,0.000000,0.000000,0.000000,0.198000,0.000000,0.000000,0.000000,0.000000,0.000000,0.000000
1778064124.205801,manual_slider,1,1,0,0.000000,0.000000,0.000000,0.000000,0.000000,0.000000,0.198000,0.000000,0.000000,0.000000,0.198000,0.000000,0.000000,0.000000,0.000000,0.000000,0.000000
1778064124.255528,manual_slider,1,1,0,0.000000,0.000000,0.000000,0.000000,0.000000,0.000000,0.198000,0.000000,0.000000,0.000000,0.198000,0.000000,0.000000,0.000000,0.000000,0.000000,0.000000
1778064124.306598,manual_slider,1,1,0,0.000000,0.000000,0.000000,0.000000,0.000000,0.000000,0.198000,0.000000,0.000000,0.000000,0.198000,0.000000,0.000000,0.000000,0.000000,0.000000,0.000000
1778064124.356295,manual_slider,1,1,0,0.000000,0.000000,0.000000,0.000000,0.000000,0.000000,0.198000,0.000000,0.000000,0.000000,0.198000,0.000000,0.000000,0.000000,0.000000,0.000000,0.000000
1778064124.405668,manual_slider,1,1,0,0.000000,0.000000,0.000000,0.000000,0.000000,0.000000,0.198000,0.000000,0.000000,0.000000,0.198000,0.000000,0.000000,0.000000,0.000000,0.000000,0.000000
1778064124.455596,manual_slider,1,1,0,0.000000,0.000000,0.000000,0.000000,0.000000,0.000000,0.198000,0.000000,0.000000,0.000000,0.198000,0.000000,0.000000,0.000000,0.000000,0.000000,0.000000
1778064124.505653,manual_slider,1,1,0,0.000000,0.000000,0.000000,0.000000,0.000000,0.000000,0.198000,0.000000,0.000000,0.000000,0.198000,0.000000,0.000000,0.000000,0.000000,0.000000,0.000000
1778064124.555654,manual_slider,1,1,0,0.000000,0.000000,0.000000,0.000000,0.000000,0.000000,0.198000,0.000000,0.000000,0.000000,0.198000,0.000000,0.000000,0.000000,0.000000,0.000000,0.000000
1778064124.605685,manual_slider,1,1,0,0.000000,0.000000,0.000000,0.000000,0.000000,0.000000,0.198000,0.000000,0.000000,0.000000,0.198000,0.000000,0.000000,0.000000,0.000000,0.000000,0.000000
1778064124.657393,manual_slider,1,1,0,0.000000,0.000000,0.000000,0.000000,0.000000,0.000000,0.198000,0.000000,0.000000,0.000000,0.198000,0.000000,0.000000,0.000000,0.000000,0.000000,0.000000
1778064124.705546,manual_slider,1,1,0,0.000000,0.000000,0.000000,0.000000,0.000000,0.000000,0.198000,0.000000,0.000000,0.000000,0.198000,0.000000,0.000000,0.000000,0.000000,0.000000,0.000000
1778064124.755551,manual_slider,1,1,0,0.000000,0.000000,0.000000,0.000000,0.000000,0.000000,0.198000,0.000000,0.000000,0.000000,0.198000,0.000000,0.000000,0.000000,0.000000,0.000000,0.000000
1778064124.805860,manual_slider,1,1,0,0.000000,0.000000,0.000000,0.000000,0.000000,0.000000,0.198000,0.000000,0.000000,0.000000,0.198000,0.000000,0.000000,0.000000,0.000000,0.000000,0.000000
1778064124.855599,manual_slider,1,1,0,0.000000,0.000000,0.000000,0.000000,0.000000,0.000000,0.198000,0.000000,0.000000,0.000000,0.198000,0.000000,0.000000,0.000000,0.000000,0.000000,0.000000
1778064124.905591,manual_slider,1,1,0,0.000000,0.000000,0.000000,0.000000,0.000000,0.000000,0.198000,0.000000,0.000000,0.000000,0.198000,0.000000,0.000000,0.000000,0.000000,0.000000,0.000000
1778064124.955590,manual_slider,1,1,0,0.000000,0.000000,0.000000,0.000000,0.000000,0.000000,0.198000,0.000000,0.000000,0.000000,0.198000,0.000000,0.000000,0.000000,0.000000,0.000000,0.000000
1778064125.005514,manual_slider,1,1,0,0.000000,0.000000,0.000000,0.000000,0.000000,0.000000,0.198000,0.000000,0.000000,0.000000,0.198000,0.000000,0.000000,0.000000,0.000000,0.000000,0.000000
1778064125.055656,manual_slider,1,1,0,0.000000,0.000000,0.000000,0.000000,0.000000,0.000000,0.198000,0.000000,0.000000,0.000000,0.198000,0.000000,0.000000,0.000000,0.000000,0.000000,0.000000
1778064125.105544,manual_slider,1,1,0,0.000000,0.000000,0.000000,0.000000,0.000000,0.000000,0.198000,0.000000,0.000000,0.000000,0.198000,0.000000,0.000000,0.000000,0.000000,0.000000,0.000000
1778064125.155819,manual_slider,1,1,0,0.000000,0.000000,0.000000,0.000000,0.000000,0.000000,0.198000,0.000000,0.000000,0.000000,0.198000,0.000000,0.000000,0.000000,0.000000,0.000000,0.000000
1778064125.206415,manual_slider,1,1,0,0.000000,0.000000,0.000000,0.000000,0.000000,0.000000,0.198000,0.000000,0.000000,0.000000,0.198000,0.000000,0.000000,0.000000,0.000000,0.000000,0.000000
1778064125.257078,manual_slider,1,1,0,0.000000,0.000000,0.000000,0.000000,0.000000,0.000000,0.198000,0.000000,0.000000,0.000000,0.198000,0.000000,0.000000,0.000000,0.000000,0.000000,0.000000
1778064125.305632,manual_slider,1,1,0,0.000000,0.000000,0.000000,0.000000,0.000000,0.000000,0.198000,0.000000,0.000000,0.000000,0.198000,0.000000,0.000000,0.000000,0.000000,0.000000,0.000000
1778064125.357828,manual_slider,1,1,0,0.000000,0.000000,0.000000,0.000000,0.000000,0.000000,0.198000,0.000000,0.000000,0.000000,0.198000,0.000000,0.000000,0.000000,0.000000,0.000000,0.000000
1778064125.405568,manual_slider,1,1,0,0.000000,0.000000,0.000000,0.000000,0.000000,0.000000,0.198000,0.000000,0.000000,0.000000,0.198000,0.000000,0.000000,0.000000,0.000000,0.000000,0.000000
1778064125.455516,manual_slider,1,1,0,0.000000,0.000000,0.000000,0.000000,0.000000,0.000000,0.198000,0.000000,0.000000,0.000000,0.198000,0.000000,0.000000,0.000000,0.000000,0.000000,0.000000
1778064125.507233,manual_slider,1,1,0,0.000000,0.000000,0.000000,0.000000,0.000000,0.000000,0.198000,0.000000,0.000000,0.000000,0.198000,0.000000,0.000000,0.000000,0.000000,0.000000,0.000000
1778064125.555732,manual_slider,1,1,0,0.000000,0.000000,0.000000,0.000000,0.000000,0.000000,0.198000,0.000000,0.000000,0.000000,0.198000,0.000000,0.000000,0.000000,0.000000,0.000000,0.000000
1778064125.606147,manual_slider,1,1,0,0.000000,0.000000,0.000000,0.000000,0.000000,0.000000,0.198000,0.000000,0.000000,0.000000,0.198000,0.000000,0.000000,0.000000,0.000000,0.000000,0.000000
1778064125.655797,manual_slider,1,1,0,0.000000,0.000000,0.000000,0.000000,0.000000,0.000000,0.198000,0.000000,0.000000,0.000000,0.198000,0.000000,0.000000,0.000000,0.000000,0.000000,0.000000
1778064125.705620,manual_slider,1,1,0,0.000000,0.000000,0.000000,0.000000,0.000000,0.000000,0.198000,0.000000,0.000000,0.000000,0.198000,0.000000,0.000000,0.000000,0.000000,0.000000,0.000000
1778064125.755642,manual_slider,1,1,0,0.000000,0.000000,0.000000,0.000000,0.000000,0.000000,0.198000,0.000000,0.000000,0.000000,0.198000,0.000000,0.000000,0.000000,0.000000,0.000000,0.000000
1778064125.805556,manual_slider,1,1,0,0.000000,0.000000,0.000000,0.000000,0.000000,0.000000,0.198000,0.000000,0.000000,0.000000,0.198000,0.000000,0.000000,0.000000,0.000000,0.000000,0.000000
1778064125.858376,manual_slider,1,1,0,0.000000,0.000000,0.000000,0.000000,0.000000,0.000000,0.198000,0.000000,0.000000,0.000000,0.198000,0.000000,0.000000,0.000000,0.000000,0.000000,0.000000
1778064125.905579,manual_slider,1,1,0,0.000000,0.000000,0.000000,0.000000,0.000000,0.000000,0.198000,0.000000,0.000000,0.000000,0.198000,0.000000,0.000000,0.000000,0.000000,0.000000,0.000000
1778064125.955781,manual_slider,1,1,0,0.000000,0.000000,0.000000,0.000000,0.000000,0.000000,0.198000,0.000000,0.000000,0.000000,0.198000,0.000000,0.000000,0.000000,0.000000,0.000000,0.000000
1778064126.005609,manual_slider,1,1,0,0.000000,0.000000,0.000000,0.000000,0.000000,0.000000,0.198000,0.000000,0.000000,0.000000,0.198000,0.000000,0.000000,0.000000,0.000000,0.000000,0.000000
1778064126.055679,manual_slider,1,1,0,0.000000,0.000000,0.000000,0.000000,0.000000,0.000000,0.198000,0.000000,0.000000,0.000000,0.198000,0.000000,0.000000,0.000000,0.000000,0.000000,0.000000
1778064126.105537,manual_slider,1,1,0,0.000000,0.000000,0.000000,0.000000,0.000000,0.000000,0.198000,0.000000,0.000000,0.000000,0.198000,0.000000,0.000000,0.000000,0.000000,0.000000,0.000000
1778064126.155546,manual_slider,1,1,0,0.000000,0.000000,0.000000,0.000000,0.000000,0.000000,0.198000,0.000000,0.000000,0.000000,0.198000,0.000000,0.000000,0.000000,0.000000,0.000000,0.000000
1778064126.205536,manual_slider,1,1,0,0.000000,0.000000,0.000000,0.000000,0.000000,0.000000,0.198000,0.000000,0.000000,0.000000,0.198000,0.000000,0.000000,0.000000,0.000000,0.000000,0.000000
1778064126.255572,manual_slider,1,1,0,0.000000,0.000000,0.000000,0.000000,0.000000,0.000000,0.198000,0.000000,0.000000,0.000000,0.198000,0.000000,0.000000,0.000000,0.000000,0.000000,0.000000
1778064126.305570,manual_slider,1,1,0,0.000000,0.000000,0.000000,0.000000,0.000000,0.000000,0.198000,0.000000,0.000000,0.000000,0.198000,0.000000,0.000000,0.000000,0.000000,0.000000,0.000000
1778064126.355666,manual_slider,1,1,0,0.000000,0.000000,0.000000,0.000000,0.000000,0.000000,0.198000,0.000000,0.000000,0.000000,0.198000,0.000000,0.000000,0.000000,0.000000,0.000000,0.000000
1778064126.405607,manual_slider,1,1,0,0.000000,0.000000,0.000000,0.000000,0.000000,0.000000,0.198000,0.000000,0.000000,0.000000,0.198000,0.000000,0.000000,0.000000,0.000000,0.000000,0.000000
1778064126.455590,manual_slider,1,1,0,0.000000,0.000000,0.000000,0.000000,0.000000,0.000000,0.198000,0.000000,0.000000,0.000000,0.198000,0.000000,0.000000,0.000000,0.000000,0.000000,0.000000
1778064126.505569,manual_slider,1,1,0,0.000000,0.000000,0.000000,0.000000,0.000000,0.000000,0.198000,0.000000,0.000000,0.000000,0.198000,0.000000,0.000000,0.000000,0.000000,0.000000,0.000000
1778064126.555652,manual_slider,1,1,0,0.000000,0.000000,0.000000,0.000000,0.000000,0.000000,0.198000,0.000000,0.000000,0.000000,0.198000,0.000000,0.000000,0.000000,0.000000,0.000000,0.000000
1778064126.605609,manual_slider,1,1,0,0.000000,0.000000,0.000000,0.000000,0.000000,0.000000,0.198000,0.000000,0.000000,0.000000,0.198000,0.000000,0.000000,0.000000,0.000000,0.000000,0.000000
1778064126.655788,manual_slider,1,1,0,0.000000,0.000000,0.000000,0.000000,0.000000,0.000000,0.198000,0.000000,0.000000,0.000000,0.198000,0.000000,0.000000,0.000000,0.000000,0.000000,0.000000
1778064126.705649,manual_slider,1,1,0,0.000000,0.000000,0.000000,0.000000,0.000000,0.000000,0.198000,0.000000,0.000000,0.000000,0.198000,0.000000,0.000000,0.000000,0.000000,0.000000,0.000000
1778064126.755947,manual_slider,1,1,0,0.000000,0.000000,0.000000,0.000000,0.000000,0.000000,0.198000,0.000000,0.000000,0.000000,0.198000,0.000000,0.000000,0.000000,0.000000,0.000000,0.000000
1778064126.805597,manual_slider,1,1,0,0.000000,0.000000,0.000000,0.000000,0.000000,0.000000,0.198000,0.000000,0.000000,0.000000,0.198000,0.000000,0.000000,0.000000,0.000000,0.000000,0.000000
1778064126.855714,manual_slider,1,1,0,0.000000,0.000000,0.000000,0.000000,0.000000,0.000000,0.198000,0.000000,0.000000,0.000000,0.198000,0.000000,0.000000,0.000000,0.000000,0.000000,0.000000
1778064126.907274,manual_slider,1,1,0,0.000000,0.000000,0.000000,0.000000,0.000000,0.000000,0.198000,0.000000,0.000000,0.000000,0.198000,0.000000,0.000000,0.000000,0.000000,0.000000,0.000000
1778064126.955662,manual_slider,1,1,0,0.000000,0.000000,0.000000,0.000000,0.000000,0.000000,0.198000,0.000000,0.000000,0.000000,0.198000,0.000000,0.000000,0.000000,0.000000,0.000000,0.000000
1778064127.005744,manual_slider,1,1,0,0.000000,0.000000,0.000000,0.000000,0.000000,0.000000,0.198000,0.000000,0.000000,0.000000,0.198000,0.000000,0.000000,0.000000,0.000000,0.000000,0.000000
1778064127.055639,manual_slider,1,1,0,0.000000,0.000000,0.000000,0.000000,0.000000,0.000000,0.198000,0.000000,0.000000,0.000000,0.198000,0.000000,0.000000,0.000000,0.000000,0.000000,0.000000
1778064127.105644,manual_slider,1,1,0,0.000000,0.000000,0.000000,0.000000,0.000000,0.000000,0.198000,0.000000,0.000000,0.000000,0.198000,0.000000,0.000000,0.000000,0.000000,0.000000,0.000000
1778064127.157207,manual_slider,1,1,0,0.000000,0.000000,0.000000,0.000000,0.000000,0.000000,0.198000,0.000000,0.000000,0.000000,0.198000,0.000000,0.000000,0.000000,0.000000,0.000000,0.000000
1778064127.208198,manual_slider,1,1,0,0.000000,0.000000,0.000000,0.000000,0.000000,0.000000,0.198000,0.000000,0.000000,0.000000,0.198000,0.000000,0.000000,0.000000,0.000000,0.000000,0.000000
1778064127.255571,manual_slider,1,1,0,0.000000,0.000000,0.000000,0.000000,0.000000,0.000000,0.198000,0.000000,0.000000,0.000000,0.198000,0.000000,0.000000,0.000000,0.000000,0.000000,0.000000
1778064127.305615,manual_slider,1,1,0,0.000000,0.000000,0.000000,0.000000,0.000000,0.000000,0.198000,0.000000,0.000000,0.000000,0.198000,0.000000,0.000000,0.000000,0.000000,0.000000,0.000000
1778064127.355460,manual_slider,1,1,0,0.000000,0.000000,0.000000,0.000000,0.000000,0.000000,0.198000,0.000000,0.000000,0.000000,0.198000,0.000000,0.000000,0.000000,0.000000,0.000000,0.000000
1778064127.405689,manual_slider,1,1,0,0.000000,0.000000,0.000000,0.000000,0.000000,0.000000,0.198000,0.000000,0.000000,0.000000,0.198000,0.000000,0.000000,0.000000,0.000000,0.000000,0.000000
1778064127.455674,manual_slider,1,1,0,0.000000,0.000000,0.000000,0.000000,0.000000,0.000000,0.198000,0.000000,0.000000,0.000000,0.198000,0.000000,0.000000,0.000000,0.000000,0.000000,0.000000
1778064127.505634,manual_slider,1,1,0,0.000000,0.000000,0.000000,0.000000,0.000000,0.000000,0.198000,0.000000,0.000000,0.000000,0.198000,0.000000,0.000000,0.000000,0.000000,0.000000,0.000000
1778064127.555566,manual_slider,1,1,0,0.000000,0.000000,0.000000,0.000000,0.000000,0.000000,0.198000,0.000000,0.000000,0.000000,0.198000,0.000000,0.000000,0.000000,0.000000,0.000000,0.000000
1778064127.605735,manual_slider,1,1,0,0.000000,0.000000,0.000000,0.000000,0.000000,0.000000,0.198000,0.000000,0.000000,0.000000,0.198000,0.000000,0.000000,0.000000,0.000000,0.000000,0.000000
1778064127.655595,manual_slider,1,1,0,0.000000,0.000000,0.000000,0.000000,0.000000,0.000000,0.198000,0.000000,0.000000,0.000000,0.198000,0.000000,0.000000,0.000000,0.000000,0.000000,0.000000
1778064127.705651,manual_slider,1,1,0,0.000000,0.000000,0.000000,0.000000,0.000000,0.000000,0.198000,0.000000,0.000000,0.000000,0.198000,0.000000,0.000000,0.000000,0.000000,0.000000,0.000000
1778064127.755851,manual_slider,1,1,0,0.000000,0.000000,0.000000,0.000000,0.000000,0.000000,0.198000,0.000000,0.000000,0.000000,0.198000,0.000000,0.000000,0.000000,0.000000,0.000000,0.000000
1778064127.805685,manual_slider,1,1,0,0.000000,0.000000,0.000000,0.000000,0.000000,0.000000,0.198000,0.000000,0.000000,0.000000,0.198000,0.000000,0.000000,0.000000,0.000000,0.000000,0.000000
1778064127.855488,manual_slider,1,1,0,0.000000,0.000000,0.000000,0.000000,0.000000,0.000000,0.198000,0.000000,0.000000,0.000000,0.198000,0.000000,0.000000,0.000000,0.000000,0.000000,0.000000
1778064127.905566,manual_slider,1,1,0,0.000000,0.000000,0.000000,0.000000,0.000000,0.000000,0.198000,0.000000,0.000000,0.000000,0.198000,0.000000,0.000000,0.000000,0.000000,0.000000,0.000000
1778064127.955514,manual_slider,1,1,0,0.000000,0.000000,0.000000,0.000000,0.000000,0.000000,0.198000,0.000000,0.000000,0.000000,0.198000,0.000000,0.000000,0.000000,0.000000,0.000000,0.000000
1778064128.006665,manual_slider,1,1,0,0.000000,0.000000,0.000000,0.000000,0.000000,0.000000,0.198000,0.000000,0.000000,0.000000,0.198000,0.000000,0.000000,0.000000,0.000000,0.000000,0.000000
1778064128.055599,manual_slider,1,1,0,0.000000,0.000000,0.000000,0.000000,0.000000,0.000000,0.198000,0.000000,0.000000,0.000000,0.198000,0.000000,0.000000,0.000000,0.000000,0.000000,0.000000
1778064128.106349,manual_slider,1,1,0,0.000000,0.000000,0.000000,0.000000,0.000000,0.000000,0.198000,0.000000,0.000000,0.000000,0.198000,0.000000,0.000000,0.000000,0.000000,0.000000,0.000000
1778064128.156263,manual_slider,1,1,0,0.000000,0.000000,0.000000,0.000000,0.000000,0.000000,0.198000,0.000000,0.000000,0.000000,0.198000,0.000000,0.000000,0.000000,0.000000,0.000000,0.000000
1778064128.205596,manual_slider,1,1,0,0.000000,0.000000,0.000000,0.000000,0.000000,0.000000,0.198000,0.000000,0.000000,0.000000,0.198000,0.000000,0.000000,0.000000,0.000000,0.000000,0.000000
1778064128.255849,manual_slider,1,1,0,0.000000,0.000000,0.000000,0.000000,0.000000,0.000000,0.198000,0.000000,0.000000,0.000000,0.198000,0.000000,0.000000,0.000000,0.000000,0.000000,0.000000
1778064128.308829,manual_slider,1,1,0,0.000000,0.000000,0.000000,0.000000,0.000000,0.000000,0.198000,0.000000,0.000000,0.000000,0.198000,0.000000,0.000000,0.000000,0.000000,0.000000,0.000000
1778064128.355876,manual_slider,1,1,0,0.000000,0.000000,0.000000,0.000000,0.000000,0.000000,0.198000,0.000000,0.000000,0.000000,0.198000,0.000000,0.000000,0.000000,0.000000,0.000000,0.000000
1778064128.405571,manual_slider,1,1,0,0.000000,0.000000,0.000000,0.000000,0.000000,0.000000,0.198000,0.000000,0.000000,0.000000,0.198000,0.000000,0.000000,0.000000,0.000000,0.000000,0.000000
1778064128.455743,manual_slider,1,1,0,0.000000,0.000000,0.000000,0.000000,0.000000,0.000000,0.198000,0.000000,0.000000,0.000000,0.198000,0.000000,0.000000,0.000000,0.000000,0.000000,0.000000
1778064128.505775,manual_slider,1,1,0,0.000000,0.000000,0.000000,0.000000,0.000000,0.000000,0.198000,0.000000,0.000000,0.000000,0.198000,0.000000,0.000000,0.000000,0.000000,0.000000,0.000000
1778064128.555588,manual_slider,1,1,0,0.000000,0.000000,0.000000,0.000000,0.000000,0.000000,0.198000,0.000000,0.000000,0.000000,0.198000,0.000000,0.000000,0.000000,0.000000,0.000000,0.000000
1778064128.607226,manual_slider,1,1,0,0.000000,0.000000,0.000000,0.000000,0.000000,0.000000,0.198000,0.000000,0.000000,0.000000,0.198000,0.000000,0.000000,0.000000,0.000000,0.000000,0.000000
1778064128.655539,manual_slider,1,1,0,0.000000,0.000000,0.000000,0.000000,0.000000,0.000000,0.198000,0.000000,0.000000,0.000000,0.198000,0.000000,0.000000,0.000000,0.000000,0.000000,0.000000
1778064128.705546,manual_slider,1,1,0,0.000000,0.000000,0.000000,0.000000,0.000000,0.000000,0.198000,0.000000,0.000000,0.000000,0.198000,0.000000,0.000000,0.000000,0.000000,0.000000,0.000000
1778064128.755379,manual_slider,1,1,0,0.000000,0.000000,0.000000,0.000000,0.000000,0.000000,0.198000,0.000000,0.000000,0.000000,0.198000,0.000000,0.000000,0.000000,0.000000,0.000000,0.000000
1778064128.805588,manual_slider,1,1,0,0.000000,0.000000,0.000000,0.000000,0.000000,0.000000,0.198000,0.000000,0.000000,0.000000,0.198000,0.000000,0.000000,0.000000,0.000000,0.000000,0.000000
1778064128.855592,manual_slider,1,1,0,0.000000,0.000000,0.000000,0.000000,0.000000,0.000000,0.198000,0.000000,0.000000,0.000000,0.198000,0.000000,0.000000,0.000000,0.000000,0.000000,0.000000
1778064128.905689,manual_slider,1,1,0,0.000000,0.000000,0.000000,0.000000,0.000000,0.000000,0.198000,0.000000,0.000000,0.000000,0.198000,0.000000,0.000000,0.000000,0.000000,0.000000,0.000000
1778064128.956108,manual_slider,1,1,0,0.000000,0.000000,0.000000,0.000000,0.000000,0.000000,0.198000,0.000000,0.000000,0.000000,0.198000,0.000000,0.000000,0.000000,0.000000,0.000000,0.000000
1778064129.005632,manual_slider,1,1,0,0.000000,0.000000,0.000000,0.000000,0.000000,0.000000,0.198000,0.000000,0.000000,0.000000,0.198000,0.000000,0.000000,0.000000,0.000000,0.000000,0.000000
1778064129.055706,manual_slider,1,1,0,0.000000,0.000000,0.000000,0.000000,0.000000,0.000000,0.198000,0.000000,0.000000,0.000000,0.198000,0.000000,0.000000,0.000000,0.000000,0.000000,0.000000
1778064129.105565,manual_slider,1,1,0,0.000000,0.000000,0.000000,0.000000,0.000000,0.000000,0.198000,0.000000,0.000000,0.000000,0.198000,0.000000,0.000000,0.000000,0.000000,0.000000,0.000000
1778064129.156355,manual_slider,1,1,0,0.000000,0.000000,0.000000,0.000000,0.000000,0.000000,0.198000,0.000000,0.000000,0.000000,0.198000,0.000000,0.000000,0.000000,0.000000,0.000000,0.000000
1778064129.205581,manual_slider,1,1,0,0.000000,0.000000,0.000000,0.000000,0.000000,0.000000,0.198000,0.000000,0.000000,0.000000,0.198000,0.000000,0.000000,0.000000,0.000000,0.000000,0.000000
1778064129.257093,manual_slider,1,1,0,0.000000,0.000000,0.000000,0.000000,0.000000,0.000000,0.198000,0.000000,0.000000,0.000000,0.198000,0.000000,0.000000,0.000000,0.000000,0.000000,0.000000
1778064129.306351,manual_slider,1,1,0,0.000000,0.000000,0.000000,0.000000,0.000000,0.000000,0.198000,0.000000,0.000000,0.000000,0.198000,0.000000,0.000000,0.000000,0.000000,0.000000,0.000000
1778064129.355625,manual_slider,1,1,0,0.000000,0.000000,0.000000,0.000000,0.000000,0.000000,0.198000,0.000000,0.000000,0.000000,0.198000,0.000000,0.000000,0.000000,0.000000,0.000000,0.000000
1778064129.405614,manual_slider,1,1,0,0.000000,0.000000,0.000000,0.000000,0.000000,0.000000,0.198000,0.000000,0.000000,0.000000,0.198000,0.000000,0.000000,0.000000,0.000000,0.000000,0.000000
1778064129.455588,manual_slider,1,1,0,0.000000,0.000000,0.000000,0.000000,0.000000,0.000000,0.198000,0.000000,0.000000,0.000000,0.198000,0.000000,0.000000,0.000000,0.000000,0.000000,0.000000
1778064129.505868,manual_slider,1,1,0,0.000000,0.000000,0.000000,0.000000,0.000000,0.000000,0.198000,0.000000,0.000000,0.000000,0.198000,0.000000,0.000000,0.000000,0.000000,0.000000,0.000000
1778064129.555515,manual_slider,1,1,0,0.000000,0.000000,0.000000,0.000000,0.000000,0.000000,0.198000,0.000000,0.000000,0.000000,0.198000,0.000000,0.000000,0.000000,0.000000,0.000000,0.000000
1778064129.610217,manual_slider,1,1,0,0.000000,0.000000,0.000000,0.000000,0.000000,0.000000,0.198000,0.000000,0.000000,0.000000,0.198000,0.000000,0.000000,0.000000,0.000000,0.000000,0.000000
1778064129.655653,manual_slider,1,1,0,0.000000,0.000000,0.000000,0.056000,0.000000,0.000000,0.198000,0.000000,0.000000,0.000000,0.198000,0.000000,0.000000,0.000000,0.000000,0.000000,0.000000
1778064129.705594,manual_slider,1,1,0,0.000000,0.000000,0.000000,0.324000,0.000000,0.000000,0.198000,0.000000,0.000000,0.000000,0.198000,0.000000,0.000000,0.000000,0.000000,0.000000,0.000000
1778064129.755519,manual_slider,1,1,0,0.000000,0.000000,0.000000,0.504000,0.000000,0.000000,0.198000,0.000000,0.000000,0.000000,0.198000,0.000000,0.000000,0.000000,0.000000,0.000000,0.000000
1778064129.806110,manual_slider,1,1,0,0.000000,0.000000,0.000000,0.592000,0.000000,0.000000,0.198000,0.000000,0.000000,0.000000,0.198000,0.000000,0.000000,0.000000,0.000000,0.000000,0.000000
1778064129.855517,manual_slider,1,1,0,0.000000,0.000000,0.000000,0.660000,0.000000,0.000000,0.198000,0.000000,0.000000,0.000000,0.198000,0.000000,0.000000,0.000000,0.000000,0.000000,0.000000
1778064129.905727,manual_slider,1,1,0,0.000000,0.000000,0.000000,0.836000,0.000000,0.000000,0.198000,0.000000,0.000000,0.000000,0.198000,0.000000,0.000000,0.000000,0.000000,0.000000,0.000000
1778064129.955615,manual_slider,1,1,0,0.000000,0.000000,0.000000,1.240000,0.000000,0.000000,0.198000,0.000000,0.000000,0.000000,0.198000,0.000000,0.000000,0.000000,0.000000,0.000000,0.000000
1778064130.005812,manual_slider,1,1,0,0.000000,0.000000,0.000000,1.708000,0.000000,0.000000,0.198000,0.000000,0.000000,0.000000,0.198000,0.000000,0.000000,0.000000,0.000000,0.000000,0.000000
1778064130.055928,manual_slider,1,1,0,0.000000,0.000000,0.000000,2.000000,0.000000,0.000000,0.198000,0.000000,0.000000,0.000000,0.198000,0.000000,0.000000,0.000000,0.000000,0.000000,0.000000
1778064130.107339,manual_slider,1,1,0,0.000000,0.000000,0.000000,2.000000,0.000000,0.000000,0.198000,0.000000,0.000000,0.000000,0.198000,0.000000,0.000000,0.000000,0.000000,0.000000,0.000000
1778064130.159139,manual_slider,1,1,0,0.000000,0.000000,0.000000,2.000000,0.000000,0.000000,0.198000,0.000000,0.000000,0.000000,0.198000,0.000000,0.000000,0.000000,0.000000,0.000000,0.000000
1778064130.205739,manual_slider,1,1,0,0.000000,0.000000,0.000000,2.000000,0.000000,0.000000,0.198000,0.000000,0.000000,0.000000,0.198000,0.000000,0.000000,0.000000,0.000000,0.000000,0.000000
1778064130.255610,manual_slider,1,1,0,0.000000,0.000000,0.000000,2.000000,0.000000,0.000000,0.198000,0.000000,0.000000,0.000000,0.198000,0.000000,0.000000,0.000000,0.000000,0.000000,0.000000
1778064130.305633,manual_slider,1,1,0,0.000000,0.000000,0.000000,2.000000,0.000000,0.000000,0.198000,0.000000,0.000000,0.000000,0.198000,0.000000,0.000000,0.000000,0.000000,0.000000,0.000000
1778064130.355577,manual_slider,1,1,0,0.000000,0.000000,0.000000,2.000000,0.000000,0.000000,0.198000,0.000000,0.000000,0.000000,0.198000,0.000000,0.000000,0.000000,0.000000,0.000000,0.000000
1778064130.406172,manual_slider,1,1,0,0.000000,0.000000,0.000000,2.000000,0.000000,0.000000,0.198000,0.000000,0.000000,0.000000,0.198000,0.000000,0.000000,0.000000,0.000000,0.000000,0.000000
1778064130.456180,manual_slider,1,1,0,0.000000,0.000000,0.000000,2.000000,0.000000,0.000000,0.198000,0.000000,0.000000,0.000000,0.198000,0.000000,0.000000,0.000000,0.000000,0.000000,0.000000
1778064130.505800,manual_slider,1,1,0,0.000000,0.000000,0.000000,2.000000,0.000000,0.000000,0.198000,0.000000,0.000000,0.000000,0.198000,0.000000,0.000000,0.000000,0.000000,0.000000,0.000000
1778064130.555660,manual_slider,1,1,0,0.000000,0.000000,0.000000,2.000000,0.000000,0.000000,0.198000,0.000000,0.000000,0.000000,0.198000,0.000000,0.000000,0.000000,0.000000,0.000000,0.000000
1778064130.605728,manual_slider,1,1,0,0.000000,0.000000,0.000000,2.000000,0.000000,0.000000,0.198000,0.000000,0.000000,0.000000,0.198000,0.000000,0.000000,0.000000,0.000000,0.000000,0.000000
1778064130.656951,manual_slider,1,1,0,0.000000,0.000000,0.000000,0.772000,0.000000,0.000000,0.198000,0.000000,0.000000,0.000000,0.198000,0.000000,0.000000,0.000000,0.000000,0.000000,0.000000
1778064130.706944,manual_slider,1,1,0,0.000000,0.000000,0.000000,-0.188000,0.000000,0.000000,0.198000,0.000000,0.000000,0.000000,0.198000,0.000000,0.000000,0.000000,0.000000,0.000000,0.000000
1778064130.756784,manual_slider,1,1,0,0.000000,0.000000,0.000000,-0.836000,0.000000,0.000000,0.198000,0.000000,0.000000,0.000000,0.198000,0.000000,0.000000,0.000000,0.000000,0.000000,0.000000
1778064130.805676,manual_slider,1,1,0,0.000000,0.000000,0.000000,-1.328000,0.000000,0.000000,0.198000,0.000000,0.000000,0.000000,0.198000,0.000000,0.000000,0.000000,0.000000,0.000000,0.000000
1778064130.855608,manual_slider,1,1,0,0.000000,0.000000,0.000000,-1.976000,0.000000,0.000000,0.198000,0.000000,0.000000,0.000000,0.198000,0.000000,0.000000,0.000000,0.000000,0.000000,0.000000
1778064130.905808,manual_slider,1,1,0,0.000000,0.000000,0.000000,-2.000000,0.000000,0.000000,0.198000,0.000000,0.000000,0.000000,0.198000,0.000000,0.000000,0.000000,0.000000,0.000000,0.000000
1778064130.958394,manual_slider,1,1,0,0.000000,0.000000,0.000000,-2.000000,0.000000,0.000000,0.198000,0.000000,0.000000,0.000000,0.198000,0.000000,0.000000,0.000000,0.000000,0.000000,0.000000
1778064131.005609,manual_slider,1,1,0,0.000000,0.000000,0.000000,-2.000000,0.000000,0.000000,0.198000,0.000000,0.000000,0.000000,0.198000,0.000000,0.000000,0.000000,0.000000,0.000000,0.000000
1778064131.055858,manual_slider,1,1,0,0.000000,0.000000,0.000000,-2.000000,0.000000,0.000000,0.198000,0.000000,0.000000,0.000000,0.198000,0.000000,0.000000,0.000000,0.000000,0.000000,0.000000
1778064131.105841,manual_slider,1,1,0,0.000000,0.000000,0.000000,-2.000000,0.000000,0.000000,0.198000,0.000000,0.000000,0.000000,0.198000,0.000000,0.000000,0.000000,0.000000,0.000000,0.000000
1778064131.155533,manual_slider,1,1,0,0.000000,0.000000,0.000000,-2.000000,0.000000,0.000000,0.198000,0.000000,0.000000,0.000000,0.198000,0.000000,0.000000,0.000000,0.000000,0.000000,0.000000
1778064131.206159,manual_slider,1,1,0,0.000000,0.000000,0.000000,-2.000000,0.000000,0.000000,0.198000,0.000000,0.000000,0.000000,0.198000,0.000000,0.000000,0.000000,0.000000,0.000000,0.000000
1778064131.255903,manual_slider,1,1,0,0.000000,0.000000,0.000000,-2.000000,0.000000,0.000000,0.198000,0.000000,0.000000,0.000000,0.198000,0.000000,0.000000,0.000000,0.000000,0.000000,0.000000
1778064131.305483,manual_slider,1,1,0,0.000000,0.000000,0.000000,-2.000000,0.000000,0.000000,0.198000,0.000000,0.000000,0.000000,0.198000,0.000000,0.000000,0.000000,0.000000,0.000000,0.000000
1778064131.355672,manual_slider,1,1,0,0.000000,0.000000,0.000000,-2.000000,0.000000,0.000000,0.198000,0.000000,0.000000,0.000000,0.198000,0.000000,0.000000,0.000000,0.000000,0.000000,0.000000
1778064131.405732,manual_slider,1,1,0,0.000000,0.000000,0.000000,-2.000000,0.000000,0.000000,0.198000,0.000000,0.000000,0.000000,0.198000,0.000000,0.000000,0.000000,0.000000,0.000000,0.000000
1778064131.455776,manual_slider,1,1,0,0.000000,0.000000,0.000000,-2.000000,0.000000,0.000000,0.198000,0.000000,0.000000,0.000000,0.198000,0.000000,0.000000,0.000000,0.000000,0.000000,0.000000
1778064131.505777,manual_slider,1,1,0,0.000000,0.000000,0.000000,-2.000000,0.000000,0.000000,0.198000,0.000000,0.000000,0.000000,0.198000,0.000000,0.000000,0.000000,0.000000,0.000000,0.000000
1778064131.555657,manual_slider,1,1,0,0.000000,0.000000,0.000000,-1.912000,0.000000,0.000000,0.198000,0.000000,0.000000,0.000000,0.198000,0.000000,0.000000,0.000000,0.000000,0.000000,0.000000
1778064131.605717,manual_slider,1,1,0,0.000000,0.000000,0.000000,-1.576000,0.000000,0.000000,0.198000,0.000000,0.000000,0.000000,0.198000,0.000000,0.000000,0.000000,0.000000,0.000000,0.000000
1778064131.655929,manual_slider,1,1,0,0.000000,0.000000,0.000000,-1.264000,0.000000,0.000000,0.198000,0.000000,0.000000,0.000000,0.198000,0.000000,0.000000,0.000000,0.000000,0.000000,0.000000
1778064131.705609,manual_slider,1,1,0,0.000000,0.000000,0.000000,-0.884000,0.000000,0.000000,0.198000,0.000000,0.000000,0.000000,0.198000,0.000000,0.000000,0.000000,0.000000,0.000000,0.000000
1778064131.755520,manual_slider,1,1,0,0.000000,0.000000,0.000000,-0.168000,0.000000,0.000000,0.198000,0.000000,0.000000,0.000000,0.198000,0.000000,0.000000,0.000000,0.000000,0.000000,0.000000
1778064131.805553,manual_slider,1,1,0,0.000000,0.000000,0.000000,0.460000,0.000000,0.000000,0.198000,0.000000,0.000000,0.000000,0.198000,0.000000,0.000000,0.000000,0.000000,0.000000,0.000000
1778064131.855830,manual_slider,1,1,0,0.000000,0.000000,0.000000,1.152000,0.000000,0.000000,0.198000,0.000000,0.000000,0.000000,0.198000,0.000000,0.000000,0.000000,0.000000,0.000000,0.000000
1778064131.906045,manual_slider,1,1,0,0.000000,0.000000,0.000000,1.532000,0.000000,0.000000,0.198000,0.000000,0.000000,0.000000,0.198000,0.000000,0.000000,0.000000,0.000000,0.000000,0.000000
1778064131.955514,manual_slider,1,1,0,0.000000,0.000000,0.000000,1.708000,0.000000,0.000000,0.198000,0.000000,0.000000,0.000000,0.198000,0.000000,0.000000,0.000000,0.000000,0.000000,0.000000
1778064132.005892,manual_slider,1,1,0,0.000000,0.000000,0.000000,1.956000,0.000000,0.000000,0.198000,0.000000,0.000000,0.000000,0.198000,0.000000,0.000000,0.000000,0.000000,0.000000,0.000000
1778064132.055593,manual_slider,1,1,0,0.000000,0.000000,0.000000,2.000000,0.000000,0.000000,0.198000,0.000000,0.000000,0.000000,0.198000,0.000000,0.000000,0.000000,0.000000,0.000000,0.000000
1778064132.105685,manual_slider,1,1,0,0.000000,0.000000,0.000000,2.000000,0.000000,0.000000,0.198000,0.000000,0.000000,0.000000,0.198000,0.000000,0.000000,0.000000,0.000000,0.000000,0.000000
1778064132.155751,manual_slider,1,1,0,0.000000,0.000000,0.000000,2.000000,0.000000,0.000000,0.198000,0.000000,0.000000,0.000000,0.198000,0.000000,0.000000,0.000000,0.000000,0.000000,0.000000
1778064132.205843,manual_slider,1,1,0,0.000000,0.000000,0.000000,2.000000,0.000000,0.000000,0.198000,0.000000,0.000000,0.000000,0.198000,0.000000,0.000000,0.000000,0.000000,0.000000,0.000000
1778064132.255672,manual_slider,1,1,0,0.000000,0.000000,0.000000,2.000000,0.000000,0.000000,0.198000,0.000000,0.000000,0.000000,0.198000,0.000000,0.000000,0.000000,0.000000,0.000000,0.000000
1778064132.308266,manual_slider,1,1,0,0.000000,0.000000,0.000000,2.000000,0.000000,0.000000,0.198000,0.000000,0.000000,0.000000,0.198000,0.000000,0.000000,0.000000,0.000000,0.000000,0.000000
1778064132.355685,manual_slider,1,1,0,0.000000,0.000000,0.000000,2.000000,0.000000,0.000000,0.198000,0.000000,0.000000,0.000000,0.198000,0.000000,0.000000,0.000000,0.000000,0.000000,0.000000
1778064132.405596,manual_slider,1,1,0,0.000000,0.000000,0.000000,2.000000,0.000000,0.000000,0.198000,0.000000,0.000000,0.000000,0.198000,0.000000,0.000000,0.000000,0.000000,0.000000,0.000000
1778064132.459196,manual_slider,1,1,0,0.000000,0.000000,0.000000,2.000000,0.000000,0.000000,0.198000,0.000000,0.000000,0.000000,0.198000,0.000000,0.000000,0.000000,0.000000,0.000000,0.000000
1778064132.505769,manual_slider,1,1,0,0.000000,0.000000,0.000000,2.000000,0.000000,0.000000,0.198000,0.000000,0.000000,0.000000,0.198000,0.000000,0.000000,0.000000,0.000000,0.000000,0.000000
1778064132.556039,manual_slider,1,1,0,0.000000,0.000000,0.000000,2.000000,0.000000,0.000000,0.198000,0.000000,0.000000,0.000000,0.198000,0.000000,0.000000,0.000000,0.000000,0.000000,0.000000
1778064132.607748,manual_slider,1,1,0,0.000000,0.000000,0.000000,2.000000,0.000000,0.000000,0.198000,0.000000,0.000000,0.000000,0.198000,0.000000,0.000000,0.000000,0.000000,0.000000,0.000000
1778064132.655690,manual_slider,1,1,0,0.000000,0.000000,0.000000,2.000000,0.000000,0.000000,0.198000,0.000000,0.000000,0.000000,0.198000,0.000000,0.000000,0.000000,0.000000,0.000000,0.000000
1778064132.705583,manual_slider,1,1,0,0.000000,0.000000,0.000000,2.000000,0.000000,0.000000,0.198000,0.000000,0.000000,0.000000,0.198000,0.000000,0.000000,0.000000,0.000000,0.000000,0.000000
1778064132.755579,manual_slider,1,1,0,0.000000,0.000000,0.000000,2.000000,0.000000,0.000000,0.198000,0.000000,0.000000,0.000000,0.198000,0.000000,0.000000,0.000000,0.000000,0.000000,0.000000
1778064132.805822,manual_slider,1,1,0,0.000000,0.000000,0.000000,2.000000,0.000000,0.000000,0.198000,0.000000,0.000000,0.000000,0.198000,0.000000,0.000000,0.000000,0.000000,0.000000,0.000000
1778064132.855589,manual_slider,1,1,0,0.000000,0.000000,0.000000,2.000000,0.000000,0.000000,0.198000,0.000000,0.000000,0.000000,0.198000,0.000000,0.000000,0.000000,0.000000,0.000000,0.000000
1778064132.905559,manual_slider,1,1,0,0.000000,0.000000,0.000000,2.000000,0.000000,0.000000,0.198000,0.000000,0.000000,0.000000,0.198000,0.000000,0.000000,0.000000,0.000000,0.000000,0.000000
1778064132.955752,manual_slider,1,1,0,0.000000,0.000000,0.000000,2.000000,0.000000,0.000000,0.198000,0.000000,0.000000,0.000000,0.198000,0.000000,0.000000,0.000000,0.000000,0.000000,0.000000
1778064133.005536,manual_slider,1,1,0,0.000000,0.000000,0.000000,2.000000,0.000000,0.000000,0.198000,0.000000,0.000000,0.000000,0.198000,0.000000,0.000000,0.000000,0.000000,0.000000,0.000000
1778064133.055458,manual_slider,1,1,0,0.000000,0.000000,0.000000,0.000000,0.000000,0.000000,0.198000,0.000000,0.000000,0.000000,0.198000,0.000000,0.000000,0.000000,0.000000,0.000000,0.000000
1778064133.108429,manual_slider,1,1,0,0.000000,0.000000,0.000000,0.000000,0.000000,0.000000,0.198000,0.000000,0.000000,0.000000,0.198000,0.000000,0.000000,0.000000,0.000000,0.000000,0.000000
1778064133.155791,manual_slider,1,1,0,0.000000,0.000000,0.000000,0.000000,0.000000,0.000000,0.198000,0.000000,0.000000,0.000000,0.198000,0.000000,0.000000,0.000000,0.000000,0.000000,0.000000
1778064133.205676,manual_slider,1,1,0,0.000000,0.000000,0.000000,0.000000,0.000000,0.000000,0.198000,0.000000,0.000000,0.000000,0.198000,0.000000,0.000000,0.000000,0.000000,0.000000,0.000000
1778064133.255862,manual_slider,1,1,0,0.000000,0.000000,0.000000,0.000000,0.000000,0.000000,0.198000,0.000000,0.000000,0.000000,0.198000,0.000000,0.000000,0.000000,0.000000,0.000000,0.000000
1778064133.306221,manual_slider,1,1,0,0.000000,0.000000,0.000000,0.000000,0.000000,0.000000,0.198000,0.000000,0.000000,0.000000,0.198000,0.000000,0.000000,0.000000,0.000000,0.000000,0.000000
1778064133.355609,manual_slider,1,1,0,0.000000,0.000000,0.000000,0.000000,0.000000,0.000000,0.198000,0.000000,0.000000,0.000000,0.198000,0.000000,0.000000,0.000000,0.000000,0.000000,0.000000
1778064133.405503,manual_slider,1,1,0,0.000000,0.000000,0.000000,0.000000,0.000000,0.000000,0.198000,0.000000,0.000000,0.000000,0.198000,0.000000,0.000000,0.000000,0.000000,0.000000,0.000000
1778064133.456639,manual_slider,1,1,0,0.000000,0.000000,0.000000,0.000000,0.000000,0.000000,0.198000,0.000000,0.000000,0.000000,0.198000,0.000000,0.000000,0.000000,0.000000,0.000000,0.000000
1778064133.505959,manual_slider,1,1,0,0.000000,0.000000,0.000000,0.000000,0.000000,0.000000,0.198000,0.000000,0.000000,0.000000,0.198000,0.000000,0.000000,0.000000,0.000000,0.000000,0.000000
1778064133.555547,manual_slider,1,1,0,0.000000,0.000000,0.000000,0.000000,0.000000,0.000000,0.198000,0.000000,0.000000,0.000000,0.198000,0.000000,0.000000,0.000000,0.000000,0.000000,0.000000
1778064133.607694,manual_slider,1,1,0,0.000000,0.000000,0.000000,0.000000,0.000000,0.000000,0.198000,0.000000,0.000000,0.000000,0.198000,0.000000,0.000000,0.000000,0.000000,0.000000,0.000000
1778064133.655653,manual_slider,1,1,0,0.000000,0.000000,0.000000,0.000000,0.000000,0.000000,0.198000,0.000000,0.000000,0.000000,0.198000,0.000000,0.000000,0.000000,0.000000,0.000000,0.000000
1778064133.705818,manual_slider,1,1,0,0.000000,0.000000,0.000000,0.000000,0.000000,0.000000,0.198000,0.000000,0.000000,0.000000,0.198000,0.000000,0.000000,0.000000,0.000000,0.000000,0.000000
1778064133.755624,manual_slider,1,1,0,0.000000,0.000000,0.000000,0.000000,0.000000,0.000000,0.198000,0.000000,0.000000,0.000000,0.198000,0.000000,0.000000,0.000000,0.000000,0.000000,0.000000
1778064133.805678,manual_slider,1,1,0,0.000000,0.000000,0.000000,0.000000,0.000000,0.000000,0.198000,0.000000,0.000000,0.000000,0.198000,0.000000,0.000000,0.000000,0.000000,0.000000,0.000000
1778064133.855616,manual_slider,1,1,0,0.000000,0.000000,0.000000,0.000000,0.000000,0.000000,0.198000,0.000000,0.000000,0.000000,0.198000,0.000000,0.000000,0.000000,0.000000,0.000000,0.000000
1778064133.905524,manual_slider,1,1,0,0.000000,0.000000,0.000000,0.000000,0.000000,0.000000,0.198000,0.000000,0.000000,0.000000,0.198000,0.000000,0.000000,0.000000,0.000000,0.000000,0.000000
1778064133.955336,manual_slider,1,1,0,0.000000,0.000000,0.000000,0.000000,0.000000,0.000000,0.198000,0.000000,0.000000,0.000000,0.198000,0.000000,0.000000,0.000000,0.000000,0.000000,0.000000
1778064134.005719,manual_slider,1,1,0,0.000000,0.000000,0.000000,0.000000,0.000000,0.000000,0.198000,0.000000,0.000000,0.000000,0.198000,0.000000,0.000000,0.000000,0.000000,0.000000,0.000000
1778064134.056897,manual_slider,1,1,0,0.000000,0.000000,0.000000,0.000000,0.000000,0.000000,0.198000,0.000000,0.000000,0.000000,0.198000,0.000000,0.000000,0.000000,0.000000,0.000000,0.000000
1778064134.105547,manual_slider,1,1,0,0.000000,0.000000,0.000000,0.000000,0.000000,0.000000,0.198000,0.000000,0.000000,0.000000,0.198000,0.000000,0.000000,0.000000,0.000000,0.000000,0.000000
1778064134.155551,manual_slider,1,1,0,0.000000,0.000000,0.000000,0.000000,0.000000,0.000000,0.198000,0.000000,0.000000,0.000000,0.198000,0.000000,0.000000,0.000000,0.000000,0.000000,0.000000
1778064134.205804,manual_slider,1,1,0,0.000000,0.000000,0.000000,0.000000,0.000000,0.000000,0.198000,0.000000,0.000000,0.000000,0.198000,0.000000,0.000000,0.000000,0.000000,0.000000,0.000000
1778064134.255677,manual_slider,1,1,0,0.000000,0.000000,0.000000,0.000000,0.000000,0.000000,0.198000,0.000000,0.000000,0.000000,0.198000,0.000000,0.000000,0.000000,0.000000,0.000000,0.000000
1778064134.308208,manual_slider,1,1,0,0.000000,0.000000,0.000000,0.000000,0.000000,0.000000,0.198000,0.000000,0.000000,0.000000,0.198000,0.000000,0.000000,0.000000,0.000000,0.000000,0.000000
1778064134.355685,manual_slider,1,1,0,0.000000,0.000000,0.000000,0.000000,0.000000,0.000000,0.198000,0.000000,0.000000,0.000000,0.198000,0.000000,0.000000,0.000000,0.000000,0.000000,0.000000
1778064134.406816,manual_slider,1,1,0,0.000000,0.000000,0.000000,0.000000,0.000000,0.000000,0.198000,0.000000,0.000000,0.000000,0.198000,0.000000,0.000000,0.000000,0.000000,0.000000,0.000000
1778064134.455884,manual_slider,1,1,0,0.000000,0.000000,0.000000,0.000000,0.504000,0.000000,0.198000,0.000000,0.000000,0.000000,0.198000,0.000000,0.000000,0.000000,0.000000,0.000000,0.000000
1778064134.510110,manual_slider,1,1,0,0.000000,0.000000,0.000000,0.000000,1.080000,0.000000,0.198000,0.000000,0.000000,0.000000,0.198000,0.000000,0.000000,0.000000,0.000000,0.000000,0.000000
1778064134.556072,manual_slider,1,1,0,0.000000,0.000000,0.000000,0.000000,1.252000,0.000000,0.198000,0.000000,0.000000,0.000000,0.198000,0.000000,0.000000,0.000000,0.000000,0.000000,0.000000
1778064134.605652,manual_slider,1,1,0,0.000000,0.000000,0.000000,0.000000,1.336000,0.000000,0.198000,0.000000,0.000000,0.000000,0.198000,0.000000,0.000000,0.000000,0.000000,0.000000,0.000000
1778064134.655492,manual_slider,1,1,0,0.000000,0.000000,0.000000,0.000000,1.488000,0.000000,0.198000,0.000000,0.000000,0.000000,0.198000,0.000000,0.000000,0.000000,0.000000,0.000000,0.000000
1778064134.705664,manual_slider,1,1,0,0.000000,0.000000,0.000000,0.000000,1.808000,0.000000,0.198000,0.000000,0.000000,0.000000,0.198000,0.000000,0.000000,0.000000,0.000000,0.000000,0.000000
1778064134.755631,manual_slider,1,1,0,0.000000,0.000000,0.000000,0.000000,2.000000,0.000000,0.198000,0.000000,0.000000,0.000000,0.198000,0.000000,0.000000,0.000000,0.000000,0.000000,0.000000
1778064134.805369,manual_slider,1,1,0,0.000000,0.000000,0.000000,0.000000,2.000000,0.000000,0.198000,0.000000,0.000000,0.000000,0.198000,0.000000,0.000000,0.000000,0.000000,0.000000,0.000000
1778064134.858344,manual_slider,1,1,0,0.000000,0.000000,0.000000,0.000000,2.000000,0.000000,0.198000,0.000000,0.000000,0.000000,0.198000,0.000000,0.000000,0.000000,0.000000,0.000000,0.000000
1778064134.905707,manual_slider,1,1,0,0.000000,0.000000,0.000000,0.000000,2.000000,0.000000,0.198000,0.000000,0.000000,0.000000,0.198000,0.000000,0.000000,0.000000,0.000000,0.000000,0.000000
1778064134.955616,manual_slider,1,1,0,0.000000,0.000000,0.000000,0.000000,2.000000,0.000000,0.198000,0.000000,0.000000,0.000000,0.198000,0.000000,0.000000,0.000000,0.000000,0.000000,0.000000
1778064135.005592,manual_slider,1,1,0,0.000000,0.000000,0.000000,0.000000,2.000000,0.000000,0.198000,0.000000,0.000000,0.000000,0.198000,0.000000,0.000000,0.000000,0.000000,0.000000,0.000000
1778064135.055752,manual_slider,1,1,0,0.000000,0.000000,0.000000,0.000000,2.000000,0.000000,0.198000,0.000000,0.000000,0.000000,0.198000,0.000000,0.000000,0.000000,0.000000,0.000000,0.000000
1778064135.105983,manual_slider,1,1,0,0.000000,0.000000,0.000000,0.000000,2.000000,0.000000,0.198000,0.000000,0.000000,0.000000,0.198000,0.000000,0.000000,0.000000,0.000000,0.000000,0.000000
1778064135.155446,manual_slider,1,1,0,0.000000,0.000000,0.000000,0.000000,2.000000,0.000000,0.198000,0.000000,0.000000,0.000000,0.198000,0.000000,0.000000,0.000000,0.000000,0.000000,0.000000
1778064135.206091,manual_slider,1,1,0,0.000000,0.000000,0.000000,0.000000,2.000000,0.000000,0.198000,0.000000,0.000000,0.000000,0.198000,0.000000,0.000000,0.000000,0.000000,0.000000,0.000000
1778064135.255568,manual_slider,1,1,0,0.000000,0.000000,0.000000,0.000000,2.000000,0.000000,0.198000,0.000000,0.000000,0.000000,0.198000,0.000000,0.000000,0.000000,0.000000,0.000000,0.000000
1778064135.306269,manual_slider,1,1,0,0.000000,0.000000,0.000000,0.000000,2.000000,0.000000,0.198000,0.000000,0.000000,0.000000,0.198000,0.000000,0.000000,0.000000,0.000000,0.000000,0.000000
1778064135.356843,manual_slider,1,1,0,0.000000,0.000000,0.000000,0.000000,2.000000,0.000000,0.198000,0.000000,0.000000,0.000000,0.198000,0.000000,0.000000,0.000000,0.000000,0.000000,0.000000
1778064135.405540,manual_slider,1,1,0,0.000000,0.000000,0.000000,0.000000,2.000000,0.000000,0.198000,0.000000,0.000000,0.000000,0.198000,0.000000,0.000000,0.000000,0.000000,0.000000,0.000000
1778064135.455687,manual_slider,1,1,0,0.000000,0.000000,0.000000,0.000000,2.000000,0.000000,0.198000,0.000000,0.000000,0.000000,0.198000,0.000000,0.000000,0.000000,0.000000,0.000000,0.000000
1778064135.506145,manual_slider,1,1,0,0.000000,0.000000,0.000000,0.000000,2.000000,0.000000,0.198000,0.000000,0.000000,0.000000,0.198000,0.000000,0.000000,0.000000,0.000000,0.000000,0.000000
1778064135.557297,manual_slider,1,1,0,0.000000,0.000000,0.000000,0.000000,1.916000,0.000000,0.198000,0.000000,0.000000,0.000000,0.198000,0.000000,0.000000,0.000000,0.000000,0.000000,0.000000
1778064135.605733,manual_slider,1,1,0,0.000000,0.000000,0.000000,0.000000,1.764000,0.000000,0.198000,0.000000,0.000000,0.000000,0.198000,0.000000,0.000000,0.000000,0.000000,0.000000,0.000000
1778064135.655639,manual_slider,1,1,0,0.000000,0.000000,0.000000,0.000000,1.636000,0.000000,0.198000,0.000000,0.000000,0.000000,0.198000,0.000000,0.000000,0.000000,0.000000,0.000000,0.000000
1778064135.705760,manual_slider,1,1,0,0.000000,0.000000,0.000000,0.000000,1.508000,0.000000,0.198000,0.000000,0.000000,0.000000,0.198000,0.000000,0.000000,0.000000,0.000000,0.000000,0.000000
1778064135.755409,manual_slider,1,1,0,0.000000,0.000000,0.000000,0.000000,1.400000,0.000000,0.198000,0.000000,0.000000,0.000000,0.198000,0.000000,0.000000,0.000000,0.000000,0.000000,0.000000
1778064135.809206,manual_slider,1,1,0,0.000000,0.000000,0.000000,0.000000,1.208000,0.000000,0.198000,0.000000,0.000000,0.000000,0.198000,0.000000,0.000000,0.000000,0.000000,0.000000,0.000000
1778064135.855689,manual_slider,1,1,0,0.000000,0.000000,0.000000,0.000000,0.760000,0.000000,0.198000,0.000000,0.000000,0.000000,0.198000,0.000000,0.000000,0.000000,0.000000,0.000000,0.000000
1778064135.908776,manual_slider,1,1,0,0.000000,0.000000,0.000000,0.000000,0.332000,0.000000,0.198000,0.000000,0.000000,0.000000,0.198000,0.000000,0.000000,0.000000,0.000000,0.000000,0.000000
1778064135.955734,manual_slider,1,1,0,0.000000,0.000000,0.000000,0.000000,0.140000,0.000000,0.198000,0.000000,0.000000,0.000000,0.198000,0.000000,0.000000,0.000000,0.000000,0.000000,0.000000
1778064136.005706,manual_slider,1,1,0,0.000000,0.000000,0.000000,0.000000,-0.396000,0.000000,0.198000,0.000000,0.000000,0.000000,0.198000,0.000000,0.000000,0.000000,0.000000,0.000000,0.000000
1778064136.055723,manual_slider,1,1,0,0.000000,0.000000,0.000000,0.000000,-0.696000,0.000000,0.198000,0.000000,0.000000,0.000000,0.198000,0.000000,0.000000,0.000000,0.000000,0.000000,0.000000
1778064136.107256,manual_slider,1,1,0,0.000000,0.000000,0.000000,0.000000,-0.972000,0.000000,0.198000,0.000000,0.000000,0.000000,0.198000,0.000000,0.000000,0.000000,0.000000,0.000000,0.000000
1778064136.155610,manual_slider,1,1,0,0.000000,0.000000,0.000000,0.000000,-1.124000,0.000000,0.198000,0.000000,0.000000,0.000000,0.198000,0.000000,0.000000,0.000000,0.000000,0.000000,0.000000
1778064136.205771,manual_slider,1,1,0,0.000000,0.000000,0.000000,0.000000,-1.336000,0.000000,0.198000,0.000000,0.000000,0.000000,0.198000,0.000000,0.000000,0.000000,0.000000,0.000000,0.000000
1778064136.258231,manual_slider,1,1,0,0.000000,0.000000,0.000000,0.000000,-1.572000,0.000000,0.198000,0.000000,0.000000,0.000000,0.198000,0.000000,0.000000,0.000000,0.000000,0.000000,0.000000
1778064136.306837,manual_slider,1,1,0,0.000000,0.000000,0.000000,0.000000,-1.808000,0.000000,0.198000,0.000000,0.000000,0.000000,0.198000,0.000000,0.000000,0.000000,0.000000,0.000000,0.000000
1778064136.360166,manual_slider,1,1,0,0.000000,0.000000,0.000000,0.000000,-2.000000,0.000000,0.198000,0.000000,0.000000,0.000000,0.198000,0.000000,0.000000,0.000000,0.000000,0.000000,0.000000
1778064136.405799,manual_slider,1,1,0,0.000000,0.000000,0.000000,0.000000,-2.000000,0.000000,0.198000,0.000000,0.000000,0.000000,0.198000,0.000000,0.000000,0.000000,0.000000,0.000000,0.000000
1778064136.458325,manual_slider,1,1,0,0.000000,0.000000,0.000000,0.000000,-2.000000,0.000000,0.198000,0.000000,0.000000,0.000000,0.198000,0.000000,0.000000,0.000000,0.000000,0.000000,0.000000
1778064136.505504,manual_slider,1,1,0,0.000000,0.000000,0.000000,0.000000,-2.000000,0.000000,0.198000,0.000000,0.000000,0.000000,0.198000,0.000000,0.000000,0.000000,0.000000,0.000000,0.000000
1778064136.555841,manual_slider,1,1,0,0.000000,0.000000,0.000000,0.000000,-2.000000,0.000000,0.198000,0.000000,0.000000,0.000000,0.198000,0.000000,0.000000,0.000000,0.000000,0.000000,0.000000
1778064136.605733,manual_slider,1,1,0,0.000000,0.000000,0.000000,0.000000,-2.000000,0.000000,0.198000,0.000000,0.000000,0.000000,0.198000,0.000000,0.000000,0.000000,0.000000,0.000000,0.000000
1778064136.657757,manual_slider,1,1,0,0.000000,0.000000,0.000000,0.000000,-2.000000,0.000000,0.198000,0.000000,0.000000,0.000000,0.198000,0.000000,0.000000,0.000000,0.000000,0.000000,0.000000
1778064136.706304,manual_slider,1,1,0,0.000000,0.000000,0.000000,0.000000,-2.000000,0.000000,0.198000,0.000000,0.000000,0.000000,0.198000,0.000000,0.000000,0.000000,0.000000,0.000000,0.000000
1778064136.757169,manual_slider,1,1,0,0.000000,0.000000,0.000000,0.000000,-2.000000,0.000000,0.198000,0.000000,0.000000,0.000000,0.198000,0.000000,0.000000,0.000000,0.000000,0.000000,0.000000
1778064136.805635,manual_slider,1,1,0,0.000000,0.000000,0.000000,0.000000,-1.808000,0.000000,0.198000,0.000000,0.000000,0.000000,0.198000,0.000000,0.000000,0.000000,0.000000,0.000000,0.000000
1778064136.855788,manual_slider,1,1,0,0.000000,0.000000,0.000000,0.000000,-1.656000,0.000000,0.198000,0.000000,0.000000,0.000000,0.198000,0.000000,0.000000,0.000000,0.000000,0.000000,0.000000
1778064136.905622,manual_slider,1,1,0,0.000000,0.000000,0.000000,0.000000,-1.528000,0.000000,0.198000,0.000000,0.000000,0.000000,0.198000,0.000000,0.000000,0.000000,0.000000,0.000000,0.000000
1778064136.955462,manual_slider,1,1,0,0.000000,0.000000,0.000000,0.000000,-1.316000,0.000000,0.198000,0.000000,0.000000,0.000000,0.198000,0.000000,0.000000,0.000000,0.000000,0.000000,0.000000
1778064137.005611,manual_slider,1,1,0,0.000000,0.000000,0.000000,0.000000,-1.080000,0.000000,0.198000,0.000000,0.000000,0.000000,0.198000,0.000000,0.000000,0.000000,0.000000,0.000000,0.000000
1778064137.055758,manual_slider,1,1,0,0.000000,0.000000,0.000000,0.000000,-0.868000,0.000000,0.198000,0.000000,0.000000,0.000000,0.198000,0.000000,0.000000,0.000000,0.000000,0.000000,0.000000
1778064137.105517,manual_slider,1,1,0,0.000000,0.000000,0.000000,0.000000,-0.672000,0.000000,0.198000,0.000000,0.000000,0.000000,0.198000,0.000000,0.000000,0.000000,0.000000,0.000000,0.000000
1778064137.156079,manual_slider,1,1,0,0.000000,0.000000,0.000000,0.000000,-0.480000,0.000000,0.198000,0.000000,0.000000,0.000000,0.198000,0.000000,0.000000,0.000000,0.000000,0.000000,0.000000
1778064137.205590,manual_slider,1,1,0,0.000000,0.000000,0.000000,0.000000,-0.268000,0.000000,0.198000,0.000000,0.000000,0.000000,0.198000,0.000000,0.000000,0.000000,0.000000,0.000000,0.000000
1778064137.256432,manual_slider,1,1,0,0.000000,0.000000,0.000000,0.000000,-0.012000,0.000000,0.198000,0.000000,0.000000,0.000000,0.198000,0.000000,0.000000,0.000000,0.000000,0.000000,0.000000
1778064137.305711,manual_slider,1,1,0,0.000000,0.000000,0.000000,0.000000,0.180000,0.000000,0.198000,0.000000,0.000000,0.000000,0.198000,0.000000,0.000000,0.000000,0.000000,0.000000,0.000000
1778064137.355702,manual_slider,1,1,0,0.000000,0.000000,0.000000,0.000000,0.396000,0.000000,0.198000,0.000000,0.000000,0.000000,0.198000,0.000000,0.000000,0.000000,0.000000,0.000000,0.000000
1778064137.405604,manual_slider,1,1,0,0.000000,0.000000,0.000000,0.000000,0.568000,0.000000,0.198000,0.000000,0.000000,0.000000,0.198000,0.000000,0.000000,0.000000,0.000000,0.000000,0.000000
1778064137.457155,manual_slider,1,1,0,0.000000,0.000000,0.000000,0.000000,0.716000,0.000000,0.198000,0.000000,0.000000,0.000000,0.198000,0.000000,0.000000,0.000000,0.000000,0.000000,0.000000
1778064137.505453,manual_slider,1,1,0,0.000000,0.000000,0.000000,0.000000,0.780000,0.000000,0.198000,0.000000,0.000000,0.000000,0.198000,0.000000,0.000000,0.000000,0.000000,0.000000,0.000000
1778064137.555665,manual_slider,1,1,0,0.000000,0.000000,0.000000,0.000000,0.824000,0.000000,0.198000,0.000000,0.000000,0.000000,0.198000,0.000000,0.000000,0.000000,0.000000,0.000000,0.000000
1778064137.605652,manual_slider,1,1,0,0.000000,0.000000,0.000000,0.000000,0.824000,0.000000,0.198000,0.000000,0.000000,0.000000,0.198000,0.000000,0.000000,0.000000,0.000000,0.000000,0.000000
1778064137.655678,manual_slider,1,1,0,0.000000,0.000000,0.000000,0.000000,0.844000,0.000000,0.198000,0.000000,0.000000,0.000000,0.198000,0.000000,0.000000,0.000000,0.000000,0.000000,0.000000
1778064137.705625,manual_slider,1,1,0,0.000000,0.000000,0.000000,0.000000,0.844000,0.000000,0.198000,0.000000,0.000000,0.000000,0.198000,0.000000,0.000000,0.000000,0.000000,0.000000,0.000000
1778064137.756989,manual_slider,1,1,0,0.000000,0.000000,0.000000,0.000000,0.844000,0.000000,0.198000,0.000000,0.000000,0.000000,0.198000,0.000000,0.000000,0.000000,0.000000,0.000000,0.000000
1778064137.805582,manual_slider,1,1,0,0.000000,0.000000,0.000000,0.000000,0.844000,0.000000,0.198000,0.000000,0.000000,0.000000,0.198000,0.000000,0.000000,0.000000,0.000000,0.000000,0.000000
1778064137.859335,manual_slider,1,1,0,0.000000,0.000000,0.000000,0.000000,0.844000,0.000000,0.198000,0.000000,0.000000,0.000000,0.198000,0.000000,0.000000,0.000000,0.000000,0.000000,0.000000
1778064137.905708,manual_slider,1,1,0,0.000000,0.000000,0.000000,0.000000,0.000000,0.000000,0.198000,0.000000,0.000000,0.000000,0.198000,0.000000,0.000000,0.000000,0.000000,0.000000,0.000000
1778064137.957344,manual_slider,1,1,0,0.000000,0.000000,0.000000,0.000000,0.000000,0.000000,0.198000,0.000000,0.000000,0.000000,0.198000,0.000000,0.000000,0.000000,0.000000,0.000000,0.000000
1778064138.005659,manual_slider,1,1,0,0.000000,0.000000,0.000000,0.000000,0.000000,0.000000,0.198000,0.000000,0.000000,0.000000,0.198000,0.000000,0.000000,0.000000,0.000000,0.000000,0.000000
1778064138.055882,manual_slider,1,1,0,0.000000,0.000000,0.000000,0.000000,0.000000,0.000000,0.198000,0.000000,0.000000,0.000000,0.198000,0.000000,0.000000,0.000000,0.000000,0.000000,0.000000
1778064138.105957,manual_slider,1,1,0,0.000000,0.000000,0.000000,0.000000,0.000000,0.000000,0.198000,0.000000,0.000000,0.000000,0.198000,0.000000,0.000000,0.000000,0.000000,0.000000,0.000000
1778064138.155765,manual_slider,1,1,0,0.000000,0.000000,0.000000,0.000000,0.000000,0.000000,0.198000,0.000000,0.000000,0.000000,0.198000,0.000000,0.000000,0.000000,0.000000,0.000000,0.000000
1778064138.208959,manual_slider,1,1,0,0.000000,0.000000,0.000000,0.000000,0.000000,0.000000,0.198000,0.000000,0.000000,0.000000,0.198000,0.000000,0.000000,0.000000,0.000000,0.000000,0.000000
1778064138.255596,manual_slider,1,1,0,0.000000,0.000000,0.000000,0.000000,0.000000,0.000000,0.198000,0.000000,0.000000,0.000000,0.198000,0.000000,0.000000,0.000000,0.000000,0.000000,0.000000
1778064138.305566,manual_slider,1,1,0,0.000000,0.000000,0.000000,0.000000,0.000000,0.000000,0.198000,0.000000,0.000000,0.000000,0.198000,0.000000,0.000000,0.000000,0.000000,0.000000,0.000000
1778064138.355863,manual_slider,1,1,0,0.000000,0.000000,0.000000,0.000000,0.000000,0.000000,0.198000,0.000000,0.000000,0.000000,0.198000,0.000000,0.000000,0.000000,0.000000,0.000000,0.000000
1778064138.405562,manual_slider,1,1,0,0.000000,0.000000,0.000000,0.000000,0.000000,0.000000,0.198000,0.000000,0.000000,0.000000,0.198000,0.000000,0.000000,0.000000,0.000000,0.000000,0.000000
1778064138.459242,manual_slider,1,1,0,0.000000,0.000000,0.000000,0.000000,0.000000,0.000000,0.198000,0.000000,0.000000,0.000000,0.198000,0.000000,0.000000,0.000000,0.000000,0.000000,0.000000
1778064138.505811,manual_slider,1,1,0,0.000000,0.000000,0.000000,0.000000,0.000000,0.000000,0.198000,0.000000,0.000000,0.000000,0.198000,0.000000,0.000000,0.000000,0.000000,0.000000,0.000000
1778064138.555599,manual_slider,1,1,0,0.000000,0.000000,0.000000,0.000000,0.000000,0.000000,0.198000,0.000000,0.000000,0.000000,0.198000,0.000000,0.000000,0.000000,0.000000,0.000000,0.000000
1778064138.605468,manual_slider,1,1,0,0.000000,0.000000,0.000000,0.000000,0.000000,0.000000,0.198000,0.000000,0.000000,0.000000,0.198000,0.000000,0.000000,0.000000,0.000000,0.000000,0.000000
1778064138.655600,manual_slider,1,1,0,0.000000,0.000000,0.000000,0.000000,0.000000,0.000000,0.198000,0.000000,0.000000,0.000000,0.198000,0.000000,0.000000,0.000000,0.000000,0.000000,0.000000
1778064138.705588,manual_slider,1,1,0,0.000000,0.000000,0.000000,0.000000,0.000000,0.000000,0.198000,0.000000,0.000000,0.000000,0.198000,0.000000,0.000000,0.000000,0.000000,0.000000,0.000000
1778064138.755760,manual_slider,1,1,0,0.000000,0.000000,0.000000,0.000000,0.000000,0.000000,0.198000,0.000000,0.000000,0.000000,0.198000,0.000000,0.000000,0.000000,0.000000,0.000000,0.000000
1778064138.805541,manual_slider,1,1,0,0.000000,0.000000,0.000000,0.000000,0.000000,0.000000,0.198000,0.000000,0.000000,0.000000,0.198000,0.000000,0.000000,0.000000,0.000000,0.000000,0.000000
1778064138.856136,manual_slider,1,1,0,0.000000,0.000000,0.000000,0.000000,0.000000,0.000000,0.198000,0.000000,0.000000,0.000000,0.198000,0.000000,0.000000,0.000000,0.000000,0.000000,0.000000
1778064138.905547,manual_slider,1,1,0,0.000000,0.000000,0.000000,0.000000,0.000000,0.000000,0.198000,0.000000,0.000000,0.000000,0.198000,0.000000,0.000000,0.000000,0.000000,0.000000,0.000000
1778064138.955642,manual_slider,1,1,0,0.000000,0.000000,0.000000,0.000000,0.000000,0.000000,0.198000,0.000000,0.000000,0.000000,0.198000,0.000000,0.000000,0.000000,0.000000,0.000000,0.000000
1778064139.005554,manual_slider,1,1,0,0.000000,0.000000,0.000000,0.000000,0.000000,0.000000,0.198000,0.000000,0.000000,0.000000,0.198000,0.000000,0.000000,0.000000,0.000000,0.000000,0.000000
1778064139.056247,manual_slider,1,1,0,0.000000,0.000000,0.000000,0.000000,0.000000,0.000000,0.198000,0.000000,0.000000,0.000000,0.198000,0.000000,0.000000,0.000000,0.000000,0.000000,0.000000
1778064139.106166,manual_slider,1,1,0,0.000000,0.000000,0.000000,0.000000,0.000000,0.000000,0.198000,0.000000,0.000000,0.000000,0.198000,0.000000,0.000000,0.000000,0.000000,0.000000,0.000000
1778064139.155701,manual_slider,1,1,0,0.000000,0.000000,0.000000,0.000000,0.000000,0.000000,0.198000,0.000000,0.000000,0.000000,0.198000,0.000000,0.000000,0.000000,0.000000,0.000000,0.000000
1778064139.205559,manual_slider,1,1,0,0.000000,0.000000,0.000000,0.000000,0.000000,0.000000,0.198000,0.000000,0.000000,0.000000,0.198000,0.000000,0.000000,0.000000,0.000000,0.000000,0.000000
1778064139.255602,manual_slider,1,1,0,0.000000,0.000000,0.000000,0.000000,0.000000,0.000000,0.198000,0.000000,0.000000,0.000000,0.198000,0.000000,0.000000,0.000000,0.000000,0.000000,0.000000
1778064139.306253,manual_slider,1,1,0,0.000000,0.000000,0.000000,0.000000,0.000000,0.000000,0.198000,0.000000,0.000000,0.000000,0.198000,0.000000,0.000000,0.000000,0.000000,0.000000,0.000000
1778064139.355387,manual_slider,1,1,0,0.000000,0.000000,0.000000,0.000000,0.000000,0.000000,0.198000,0.000000,0.000000,0.000000,0.198000,0.000000,0.000000,0.000000,0.000000,0.000000,0.000000
1778064139.405562,manual_slider,1,1,0,0.000000,0.000000,0.000000,0.000000,0.000000,0.000000,0.198000,0.000000,0.000000,0.000000,0.198000,0.000000,0.000000,0.000000,0.000000,0.000000,0.000000
1778064139.455653,manual_slider,1,1,0,0.000000,0.000000,0.000000,0.000000,0.000000,0.100000,0.198000,0.000000,0.000000,0.000000,0.198000,0.000000,0.000000,0.000000,0.000000,0.000000,0.000000
1778064139.505570,manual_slider,1,1,0,0.000000,0.000000,0.000000,0.000000,0.000000,0.304000,0.198000,0.000000,0.000000,0.000000,0.198000,0.000000,0.000000,0.000000,0.000000,0.000000,0.000000
1778064139.555861,manual_slider,1,1,0,0.000000,0.000000,0.000000,0.000000,0.000000,0.420000,0.198000,0.000000,0.000000,0.000000,0.198000,0.000000,0.000000,0.000000,0.000000,0.000000,0.000000
1778064139.605497,manual_slider,1,1,0,0.000000,0.000000,0.000000,0.000000,0.000000,0.532000,0.198000,0.000000,0.000000,0.000000,0.198000,0.000000,0.000000,0.000000,0.000000,0.000000,0.000000
1778064139.656098,manual_slider,1,1,0,0.000000,0.000000,0.000000,0.000000,0.000000,0.688000,0.198000,0.000000,0.000000,0.000000,0.198000,0.000000,0.000000,0.000000,0.000000,0.000000,0.000000
1778064139.708891,manual_slider,1,1,0,0.000000,0.000000,0.000000,0.000000,0.000000,0.892000,0.198000,0.000000,0.000000,0.000000,0.198000,0.000000,0.000000,0.000000,0.000000,0.000000,0.000000
1778064139.755847,manual_slider,1,1,0,0.000000,0.000000,0.000000,0.000000,0.000000,1.052000,0.198000,0.000000,0.000000,0.000000,0.198000,0.000000,0.000000,0.000000,0.000000,0.000000,0.000000
1778064139.805475,manual_slider,1,1,0,0.000000,0.000000,0.000000,0.000000,0.000000,1.232000,0.198000,0.000000,0.000000,0.000000,0.198000,0.000000,0.000000,0.000000,0.000000,0.000000,0.000000
1778064139.855728,manual_slider,1,1,0,0.000000,0.000000,0.000000,0.000000,0.000000,1.368000,0.198000,0.000000,0.000000,0.000000,0.198000,0.000000,0.000000,0.000000,0.000000,0.000000,0.000000
1778064139.905543,manual_slider,1,1,0,0.000000,0.000000,0.000000,0.000000,0.000000,1.480000,0.198000,0.000000,0.000000,0.000000,0.198000,0.000000,0.000000,0.000000,0.000000,0.000000,0.000000
1778064139.955621,manual_slider,1,1,0,0.000000,0.000000,0.000000,0.000000,0.000000,1.592000,0.198000,0.000000,0.000000,0.000000,0.198000,0.000000,0.000000,0.000000,0.000000,0.000000,0.000000
1778064140.009059,manual_slider,1,1,0,0.000000,0.000000,0.000000,0.000000,0.000000,1.864000,0.198000,0.000000,0.000000,0.000000,0.198000,0.000000,0.000000,0.000000,0.000000,0.000000,0.000000
1778064140.055796,manual_slider,1,1,0,0.000000,0.000000,0.000000,0.000000,0.000000,2.000000,0.198000,0.000000,0.000000,0.000000,0.198000,0.000000,0.000000,0.000000,0.000000,0.000000,0.000000
1778064140.105756,manual_slider,1,1,0,0.000000,0.000000,0.000000,0.000000,0.000000,2.000000,0.198000,0.000000,0.000000,0.000000,0.198000,0.000000,0.000000,0.000000,0.000000,0.000000,0.000000
1778064140.155613,manual_slider,1,1,0,0.000000,0.000000,0.000000,0.000000,0.000000,2.000000,0.198000,0.000000,0.000000,0.000000,0.198000,0.000000,0.000000,0.000000,0.000000,0.000000,0.000000
1778064140.205644,manual_slider,1,1,0,0.000000,0.000000,0.000000,0.000000,0.000000,2.000000,0.198000,0.000000,0.000000,0.000000,0.198000,0.000000,0.000000,0.000000,0.000000,0.000000,0.000000
1778064140.255516,manual_slider,1,1,0,0.000000,0.000000,0.000000,0.000000,0.000000,2.000000,0.198000,0.000000,0.000000,0.000000,0.198000,0.000000,0.000000,0.000000,0.000000,0.000000,0.000000
1778064140.305548,manual_slider,1,1,0,0.000000,0.000000,0.000000,0.000000,0.000000,2.000000,0.198000,0.000000,0.000000,0.000000,0.198000,0.000000,0.000000,0.000000,0.000000,0.000000,0.000000
1778064140.355678,manual_slider,1,1,0,0.000000,0.000000,0.000000,0.000000,0.000000,2.000000,0.198000,0.000000,0.000000,0.000000,0.198000,0.000000,0.000000,0.000000,0.000000,0.000000,0.000000
1778064140.405619,manual_slider,1,1,0,0.000000,0.000000,0.000000,0.000000,0.000000,2.000000,0.198000,0.000000,0.000000,0.000000,0.198000,0.000000,0.000000,0.000000,0.000000,0.000000,0.000000
1778064140.455671,manual_slider,1,1,0,0.000000,0.000000,0.000000,0.000000,0.000000,2.000000,0.198000,0.000000,0.000000,0.000000,0.198000,0.000000,0.000000,0.000000,0.000000,0.000000,0.000000
1778064140.505824,manual_slider,1,1,0,0.000000,0.000000,0.000000,0.000000,0.000000,2.000000,0.198000,0.000000,0.000000,0.000000,0.198000,0.000000,0.000000,0.000000,0.000000,0.000000,0.000000
1778064140.555632,manual_slider,1,1,0,0.000000,0.000000,0.000000,0.000000,0.000000,2.000000,0.198000,0.000000,0.000000,0.000000,0.198000,0.000000,0.000000,0.000000,0.000000,0.000000,0.000000
1778064140.605543,manual_slider,1,1,0,0.000000,0.000000,0.000000,0.000000,0.000000,2.000000,0.198000,0.000000,0.000000,0.000000,0.198000,0.000000,0.000000,0.000000,0.000000,0.000000,0.000000
1778064140.655648,manual_slider,1,1,0,0.000000,0.000000,0.000000,0.000000,0.000000,1.820000,0.198000,0.000000,0.000000,0.000000,0.198000,0.000000,0.000000,0.000000,0.000000,0.000000,0.000000
1778064140.705593,manual_slider,1,1,0,0.000000,0.000000,0.000000,0.000000,0.000000,1.592000,0.198000,0.000000,0.000000,0.000000,0.198000,0.000000,0.000000,0.000000,0.000000,0.000000,0.000000
1778064140.755731,manual_slider,1,1,0,0.000000,0.000000,0.000000,0.000000,0.000000,1.368000,0.198000,0.000000,0.000000,0.000000,0.198000,0.000000,0.000000,0.000000,0.000000,0.000000,0.000000
1778064140.805482,manual_slider,1,1,0,0.000000,0.000000,0.000000,0.000000,0.000000,1.052000,0.198000,0.000000,0.000000,0.000000,0.198000,0.000000,0.000000,0.000000,0.000000,0.000000,0.000000
1778064140.855572,manual_slider,1,1,0,0.000000,0.000000,0.000000,0.000000,0.000000,0.620000,0.198000,0.000000,0.000000,0.000000,0.198000,0.000000,0.000000,0.000000,0.000000,0.000000,0.000000
1778064140.905632,manual_slider,1,1,0,0.000000,0.000000,0.000000,0.000000,0.000000,0.396000,0.198000,0.000000,0.000000,0.000000,0.198000,0.000000,0.000000,0.000000,0.000000,0.000000,0.000000
1778064140.955559,manual_slider,1,1,0,0.000000,0.000000,0.000000,0.000000,0.000000,0.216000,0.198000,0.000000,0.000000,0.000000,0.198000,0.000000,0.000000,0.000000,0.000000,0.000000,0.000000
1778064141.005619,manual_slider,1,1,0,0.000000,0.000000,0.000000,0.000000,0.000000,-0.056000,0.198000,0.000000,0.000000,0.000000,0.198000,0.000000,0.000000,0.000000,0.000000,0.000000,0.000000
1778064141.055722,manual_slider,1,1,0,0.000000,0.000000,0.000000,0.000000,0.000000,-0.328000,0.198000,0.000000,0.000000,0.000000,0.198000,0.000000,0.000000,0.000000,0.000000,0.000000,0.000000
1778064141.105544,manual_slider,1,1,0,0.000000,0.000000,0.000000,0.000000,0.000000,-0.644000,0.198000,0.000000,0.000000,0.000000,0.198000,0.000000,0.000000,0.000000,0.000000,0.000000,0.000000
1778064141.155863,manual_slider,1,1,0,0.000000,0.000000,0.000000,0.000000,0.000000,-0.936000,0.198000,0.000000,0.000000,0.000000,0.198000,0.000000,0.000000,0.000000,0.000000,0.000000,0.000000
1778064141.205554,manual_slider,1,1,0,0.000000,0.000000,0.000000,0.000000,0.000000,-1.276000,0.198000,0.000000,0.000000,0.000000,0.198000,0.000000,0.000000,0.000000,0.000000,0.000000,0.000000
1778064141.255589,manual_slider,1,1,0,0.000000,0.000000,0.000000,0.000000,0.000000,-1.820000,0.198000,0.000000,0.000000,0.000000,0.198000,0.000000,0.000000,0.000000,0.000000,0.000000,0.000000
1778064141.305840,manual_slider,1,1,0,0.000000,0.000000,0.000000,0.000000,0.000000,-2.000000,0.198000,0.000000,0.000000,0.000000,0.198000,0.000000,0.000000,0.000000,0.000000,0.000000,0.000000
1778064141.355643,manual_slider,1,1,0,0.000000,0.000000,0.000000,0.000000,0.000000,-2.000000,0.198000,0.000000,0.000000,0.000000,0.198000,0.000000,0.000000,0.000000,0.000000,0.000000,0.000000
1778064141.405895,manual_slider,1,1,0,0.000000,0.000000,0.000000,0.000000,0.000000,-2.000000,0.198000,0.000000,0.000000,0.000000,0.198000,0.000000,0.000000,0.000000,0.000000,0.000000,0.000000
1778064141.455390,manual_slider,1,1,0,0.000000,0.000000,0.000000,0.000000,0.000000,-2.000000,0.198000,0.000000,0.000000,0.000000,0.198000,0.000000,0.000000,0.000000,0.000000,0.000000,0.000000
1778064141.505677,manual_slider,1,1,0,0.000000,0.000000,0.000000,0.000000,0.000000,-2.000000,0.198000,0.000000,0.000000,0.000000,0.198000,0.000000,0.000000,0.000000,0.000000,0.000000,0.000000
1778064141.560006,manual_slider,1,1,0,0.000000,0.000000,0.000000,0.000000,0.000000,-2.000000,0.198000,0.000000,0.000000,0.000000,0.198000,0.000000,0.000000,0.000000,0.000000,0.000000,0.000000
1778064141.605481,manual_slider,1,1,0,0.000000,0.000000,0.000000,0.000000,0.000000,-2.000000,0.198000,0.000000,0.000000,0.000000,0.198000,0.000000,0.000000,0.000000,0.000000,0.000000,0.000000
1778064141.655775,manual_slider,1,1,0,0.000000,0.000000,0.000000,0.000000,0.000000,-2.000000,0.198000,0.000000,0.000000,0.000000,0.198000,0.000000,0.000000,0.000000,0.000000,0.000000,0.000000
1778064141.705511,manual_slider,1,1,0,0.000000,0.000000,0.000000,0.000000,0.000000,-2.000000,0.198000,0.000000,0.000000,0.000000,0.198000,0.000000,0.000000,0.000000,0.000000,0.000000,0.000000
1778064141.755504,manual_slider,1,1,0,0.000000,0.000000,0.000000,0.000000,0.000000,-2.000000,0.198000,0.000000,0.000000,0.000000,0.198000,0.000000,0.000000,0.000000,0.000000,0.000000,0.000000
1778064141.805724,manual_slider,1,1,0,0.000000,0.000000,0.000000,0.000000,0.000000,-2.000000,0.198000,0.000000,0.000000,0.000000,0.198000,0.000000,0.000000,0.000000,0.000000,0.000000,0.000000
1778064141.858413,manual_slider,1,1,0,0.000000,0.000000,0.000000,0.000000,0.000000,-2.000000,0.198000,0.000000,0.000000,0.000000,0.198000,0.000000,0.000000,0.000000,0.000000,0.000000,0.000000
1778064141.905500,manual_slider,1,1,0,0.000000,0.000000,0.000000,0.000000,0.000000,-2.000000,0.198000,0.000000,0.000000,0.000000,0.198000,0.000000,0.000000,0.000000,0.000000,0.000000,0.000000
1778064141.957282,manual_slider,1,1,0,0.000000,0.000000,0.000000,0.000000,0.000000,-1.616000,0.198000,0.000000,0.000000,0.000000,0.198000,0.000000,0.000000,0.000000,0.000000,0.000000,0.000000
1778064142.005571,manual_slider,1,1,0,0.000000,0.000000,0.000000,0.000000,0.000000,-1.164000,0.198000,0.000000,0.000000,0.000000,0.198000,0.000000,0.000000,0.000000,0.000000,0.000000,0.000000
1778064142.055634,manual_slider,1,1,0,0.000000,0.000000,0.000000,0.000000,0.000000,-0.872000,0.198000,0.000000,0.000000,0.000000,0.198000,0.000000,0.000000,0.000000,0.000000,0.000000,0.000000
1778064142.107724,manual_slider,1,1,0,0.000000,0.000000,0.000000,0.000000,0.000000,-0.600000,0.198000,0.000000,0.000000,0.000000,0.198000,0.000000,0.000000,0.000000,0.000000,0.000000,0.000000
1778064142.155766,manual_slider,1,1,0,0.000000,0.000000,0.000000,0.000000,0.000000,-0.192000,0.198000,0.000000,0.000000,0.000000,0.198000,0.000000,0.000000,0.000000,0.000000,0.000000,0.000000
1778064142.205595,manual_slider,1,1,0,0.000000,0.000000,0.000000,0.000000,0.000000,0.012000,0.198000,0.000000,0.000000,0.000000,0.198000,0.000000,0.000000,0.000000,0.000000,0.000000,0.000000
1778064142.256096,manual_slider,1,1,0,0.000000,0.000000,0.000000,0.000000,0.000000,0.216000,0.198000,0.000000,0.000000,0.000000,0.198000,0.000000,0.000000,0.000000,0.000000,0.000000,0.000000
1778064142.305887,manual_slider,1,1,0,0.000000,0.000000,0.000000,0.000000,0.000000,0.396000,0.198000,0.000000,0.000000,0.000000,0.198000,0.000000,0.000000,0.000000,0.000000,0.000000,0.000000
1778064142.355656,manual_slider,1,1,0,0.000000,0.000000,0.000000,0.000000,0.000000,0.576000,0.198000,0.000000,0.000000,0.000000,0.198000,0.000000,0.000000,0.000000,0.000000,0.000000,0.000000
1778064142.405619,manual_slider,1,1,0,0.000000,0.000000,0.000000,0.000000,0.000000,0.712000,0.198000,0.000000,0.000000,0.000000,0.198000,0.000000,0.000000,0.000000,0.000000,0.000000,0.000000
1778064142.455678,manual_slider,1,1,0,0.000000,0.000000,0.000000,0.000000,0.000000,0.824000,0.198000,0.000000,0.000000,0.000000,0.198000,0.000000,0.000000,0.000000,0.000000,0.000000,0.000000
1778064142.505479,manual_slider,1,1,0,0.000000,0.000000,0.000000,0.000000,0.000000,0.936000,0.198000,0.000000,0.000000,0.000000,0.198000,0.000000,0.000000,0.000000,0.000000,0.000000,0.000000
1778064142.555521,manual_slider,1,1,0,0.000000,0.000000,0.000000,0.000000,0.000000,0.984000,0.198000,0.000000,0.000000,0.000000,0.198000,0.000000,0.000000,0.000000,0.000000,0.000000,0.000000
1778064142.607278,manual_slider,1,1,0,0.000000,0.000000,0.000000,0.000000,0.000000,1.004000,0.198000,0.000000,0.000000,0.000000,0.198000,0.000000,0.000000,0.000000,0.000000,0.000000,0.000000
1778064142.658405,manual_slider,1,1,0,0.000000,0.000000,0.000000,0.000000,0.000000,1.028000,0.198000,0.000000,0.000000,0.000000,0.198000,0.000000,0.000000,0.000000,0.000000,0.000000,0.000000
1778064142.705665,manual_slider,1,1,0,0.000000,0.000000,0.000000,0.000000,0.000000,1.052000,0.198000,0.000000,0.000000,0.000000,0.198000,0.000000,0.000000,0.000000,0.000000,0.000000,0.000000
1778064142.755570,manual_slider,1,1,0,0.000000,0.000000,0.000000,0.000000,0.000000,1.052000,0.198000,0.000000,0.000000,0.000000,0.198000,0.000000,0.000000,0.000000,0.000000,0.000000,0.000000
1778064142.805493,manual_slider,1,1,0,0.000000,0.000000,0.000000,0.000000,0.000000,1.072000,0.198000,0.000000,0.000000,0.000000,0.198000,0.000000,0.000000,0.000000,0.000000,0.000000,0.000000
1778064142.855463,manual_slider,1,1,0,0.000000,0.000000,0.000000,0.000000,0.000000,1.072000,0.198000,0.000000,0.000000,0.000000,0.198000,0.000000,0.000000,0.000000,0.000000,0.000000,0.000000
1778064142.905413,manual_slider,1,1,0,0.000000,0.000000,0.000000,0.000000,0.000000,1.072000,0.198000,0.000000,0.000000,0.000000,0.198000,0.000000,0.000000,0.000000,0.000000,0.000000,0.000000
1778064142.955678,manual_slider,1,1,0,0.000000,0.000000,0.000000,0.000000,0.000000,1.072000,0.198000,0.000000,0.000000,0.000000,0.198000,0.000000,0.000000,0.000000,0.000000,0.000000,0.000000
1778064143.005640,manual_slider,1,1,0,0.000000,0.000000,0.000000,0.000000,0.000000,1.072000,0.198000,0.000000,0.000000,0.000000,0.198000,0.000000,0.000000,0.000000,0.000000,0.000000,0.000000
1778064143.055589,manual_slider,1,1,0,0.000000,0.000000,0.000000,0.000000,0.000000,1.072000,0.198000,0.000000,0.000000,0.000000,0.198000,0.000000,0.000000,0.000000,0.000000,0.000000,0.000000
1778064143.105676,manual_slider,1,1,0,0.000000,0.000000,0.000000,0.000000,0.000000,0.000000,0.198000,0.000000,0.000000,0.000000,0.198000,0.000000,0.000000,0.000000,0.000000,0.000000,0.000000
1778064143.155612,manual_slider,1,1,0,0.000000,0.000000,0.000000,0.000000,0.000000,0.000000,0.198000,0.000000,0.000000,0.000000,0.198000,0.000000,0.000000,0.000000,0.000000,0.000000,0.000000
1778064143.205966,manual_slider,1,1,0,0.000000,0.000000,0.000000,0.000000,0.000000,0.000000,0.198000,0.000000,0.000000,0.000000,0.198000,0.000000,0.000000,0.000000,0.000000,0.000000,0.000000
1778064143.255658,manual_slider,1,1,0,0.000000,0.000000,0.000000,0.000000,0.000000,0.000000,0.198000,0.000000,0.000000,0.000000,0.198000,0.000000,0.000000,0.000000,0.000000,0.000000,0.000000
1778064143.305683,manual_slider,1,1,0,0.000000,0.000000,0.000000,0.000000,0.000000,0.000000,0.198000,0.000000,0.000000,0.000000,0.198000,0.000000,0.000000,0.000000,0.000000,0.000000,0.000000
1778064143.356678,manual_slider,1,1,0,0.000000,0.000000,0.000000,0.000000,0.000000,0.000000,0.198000,0.000000,0.000000,0.000000,0.198000,0.000000,0.000000,0.000000,0.000000,0.000000,0.000000
1778064143.406318,manual_slider,1,1,0,0.000000,0.000000,0.000000,0.000000,0.000000,0.000000,0.198000,0.000000,0.000000,0.000000,0.198000,0.000000,0.000000,0.000000,0.000000,0.000000,0.000000
1778064143.456238,manual_slider,1,1,0,0.000000,0.000000,0.000000,0.000000,0.000000,0.000000,0.198000,0.000000,0.000000,0.000000,0.198000,0.000000,0.000000,0.000000,0.000000,0.000000,0.000000
1778064143.505612,manual_slider,1,1,0,0.000000,0.000000,0.000000,0.000000,0.000000,0.000000,0.198000,0.000000,0.000000,0.000000,0.198000,0.000000,0.000000,0.000000,0.000000,0.000000,0.000000
1778064143.555690,manual_slider,1,1,0,0.000000,0.000000,0.000000,0.000000,0.000000,0.000000,0.198000,0.000000,0.000000,0.000000,0.198000,0.000000,0.000000,0.000000,0.000000,0.000000,0.000000
1778064143.605858,manual_slider,1,1,0,0.000000,0.000000,0.000000,0.000000,0.000000,0.000000,0.198000,0.000000,0.000000,0.000000,0.198000,0.000000,0.000000,0.000000,0.000000,0.000000,0.000000
1778064143.656260,manual_slider,1,1,0,0.000000,0.000000,0.000000,0.000000,0.000000,0.000000,0.198000,0.000000,0.000000,0.000000,0.198000,0.000000,0.000000,0.000000,0.000000,0.000000,0.000000
1778064143.705633,manual_slider,1,1,0,0.000000,0.000000,0.000000,0.000000,0.000000,0.000000,0.198000,0.000000,0.000000,0.000000,0.198000,0.000000,0.000000,0.000000,0.000000,0.000000,0.000000
1778064143.755708,manual_slider,1,1,0,0.000000,0.000000,0.000000,0.000000,0.000000,0.000000,0.198000,0.000000,0.000000,0.000000,0.198000,0.000000,0.000000,0.000000,0.000000,0.000000,0.000000
1778064143.805654,manual_slider,1,1,0,0.000000,0.000000,0.000000,0.000000,0.000000,0.000000,0.198000,0.000000,0.000000,0.000000,0.198000,0.000000,0.000000,0.000000,0.000000,0.000000,0.000000
1778064143.855801,manual_slider,1,1,0,0.000000,0.000000,0.000000,0.000000,0.000000,0.000000,0.198000,0.000000,0.000000,0.000000,0.198000,0.000000,0.000000,0.000000,0.000000,0.000000,0.000000
1778064143.905941,manual_slider,1,1,0,0.000000,0.000000,0.000000,0.000000,0.000000,0.000000,0.198000,0.000000,0.000000,0.000000,0.198000,0.000000,0.000000,0.000000,0.000000,0.000000,0.000000
1778064143.955574,manual_slider,1,1,0,0.000000,0.000000,0.000000,0.000000,0.000000,0.000000,0.198000,0.000000,0.000000,0.000000,0.198000,0.000000,0.000000,0.000000,0.000000,0.000000,0.000000
1778064144.006060,manual_slider,1,1,0,0.000000,0.000000,0.000000,0.000000,0.000000,0.000000,0.198000,0.000000,0.000000,0.000000,0.198000,0.000000,0.000000,0.000000,0.000000,0.000000,0.000000
1778064144.055789,manual_slider,1,1,0,0.000000,0.000000,0.000000,0.000000,0.000000,0.000000,0.198000,0.000000,0.000000,0.000000,0.198000,0.000000,0.000000,0.000000,0.000000,0.000000,0.000000
1778064144.105567,manual_slider,1,1,0,0.000000,0.000000,0.000000,0.000000,0.000000,0.000000,0.198000,0.000000,0.000000,0.000000,0.198000,0.000000,0.000000,0.000000,0.000000,0.000000,0.000000
1778064144.155658,manual_slider,1,1,0,0.000000,0.000000,0.000000,0.000000,0.000000,0.000000,0.198000,0.000000,0.000000,0.000000,0.198000,0.000000,0.000000,0.000000,0.000000,0.000000,0.000000
1778064144.205422,manual_slider,1,1,0,0.000000,0.000000,0.000000,0.000000,0.000000,0.000000,0.198000,0.000000,0.000000,0.000000,0.198000,0.000000,0.000000,0.000000,0.000000,0.000000,0.000000
1778064144.255362,manual_slider,1,1,0,0.000000,0.000000,0.000000,0.000000,0.000000,0.000000,0.198000,0.000000,0.000000,0.000000,0.198000,0.000000,0.000000,0.000000,0.000000,0.000000,0.000000
1778064144.305488,manual_slider,1,1,0,0.000000,0.000000,0.000000,0.000000,0.000000,0.000000,0.198000,0.000000,0.000000,0.000000,0.198000,0.000000,0.000000,0.000000,0.000000,0.000000,0.000000
1778064144.355873,manual_slider,1,1,0,0.000000,0.000000,0.000000,0.000000,0.000000,0.000000,0.198000,0.000000,0.000000,0.000000,0.198000,0.000000,0.000000,0.000000,0.000000,0.000000,0.000000
1778064144.405644,manual_slider,1,1,0,0.000000,0.000000,0.000000,0.000000,0.000000,0.000000,0.198000,0.000000,0.000000,0.000000,0.198000,0.000000,0.000000,0.000000,0.000000,0.000000,0.000000
1778064144.455910,manual_slider,1,1,0,0.000000,0.000000,0.000000,0.000000,0.000000,0.000000,0.198000,0.000000,0.000000,0.000000,0.198000,0.000000,0.000000,0.000000,0.000000,0.000000,0.000000
1778064144.505505,manual_slider,1,1,0,0.000000,0.000000,0.000000,0.000000,0.000000,0.000000,0.246400,0.000000,0.000000,0.000000,0.198000,0.000000,0.000000,0.000000,0.000000,0.000000,0.000000
1778064144.555742,manual_slider,1,1,0,0.000000,0.000000,0.000000,0.000000,0.000000,0.000000,0.466400,0.000000,0.000000,0.000000,0.198000,0.000000,0.000000,0.000000,0.000000,0.000000,0.000000
1778064144.605675,manual_slider,1,1,0,0.000000,0.000000,0.000000,0.000000,0.000000,0.000000,0.585200,0.000000,0.000000,0.000000,0.198000,0.000000,0.000000,0.000000,0.000000,0.000000,0.000000
1778064144.655645,manual_slider,1,1,0,0.000000,0.000000,0.000000,0.000000,0.000000,0.000000,0.660000,0.000000,0.000000,0.000000,0.198000,0.000000,0.000000,0.000000,0.000000,0.000000,0.000000
1778064144.705688,manual_slider,1,1,0,0.000000,0.000000,0.000000,0.000000,0.000000,0.000000,0.734800,0.000000,0.000000,0.000000,0.198000,0.000000,0.000000,0.000000,0.000000,0.000000,0.000000
1778064144.755526,manual_slider,1,1,0,0.000000,0.000000,0.000000,0.000000,0.000000,0.000000,0.853600,0.000000,0.000000,0.000000,0.198000,0.000000,0.000000,0.000000,0.000000,0.000000,0.000000
1778064144.805763,manual_slider,1,1,0,0.000000,0.000000,0.000000,0.000000,0.000000,0.000000,1.003200,0.000000,0.000000,0.000000,0.198000,0.000000,0.000000,0.000000,0.000000,0.000000,0.000000
1778064144.855564,manual_slider,1,1,0,0.000000,0.000000,0.000000,0.000000,0.000000,0.000000,1.196800,0.000000,0.000000,0.000000,0.198000,0.000000,0.000000,0.000000,0.000000,0.000000,0.000000
1778064144.905589,manual_slider,1,1,0,0.000000,0.000000,0.000000,0.000000,0.000000,0.000000,1.394800,0.000000,0.000000,0.000000,0.198000,0.000000,0.000000,0.000000,0.000000,0.000000,0.000000
1778064144.956390,manual_slider,1,1,0,0.000000,0.000000,0.000000,0.000000,0.000000,0.000000,1.566400,0.000000,0.000000,0.000000,0.198000,0.000000,0.000000,0.000000,0.000000,0.000000,0.000000
1778064145.005707,manual_slider,1,1,0,0.000000,0.000000,0.000000,0.000000,0.000000,0.000000,1.760000,0.000000,0.000000,0.000000,0.198000,0.000000,0.000000,0.000000,0.000000,0.000000,0.000000
1778064145.059323,manual_slider,1,1,0,0.000000,0.000000,0.000000,0.000000,0.000000,0.000000,1.883200,0.000000,0.000000,0.000000,0.198000,0.000000,0.000000,0.000000,0.000000,0.000000,0.000000
1778064145.105636,manual_slider,1,1,0,0.000000,0.000000,0.000000,0.000000,0.000000,0.000000,2.028400,0.000000,0.000000,0.000000,0.198000,0.000000,0.000000,0.000000,0.000000,0.000000,0.000000
1778064145.155669,manual_slider,1,1,0,0.000000,0.000000,0.000000,0.000000,0.000000,0.000000,2.200000,0.000000,0.000000,0.000000,0.198000,0.000000,0.000000,0.000000,0.000000,0.000000,0.000000
1778064145.205665,manual_slider,1,1,0,0.000000,0.000000,0.000000,0.000000,0.000000,0.000000,2.200000,0.000000,0.000000,0.000000,0.198000,0.000000,0.000000,0.000000,0.000000,0.000000,0.000000
1778064145.255542,manual_slider,1,1,0,0.000000,0.000000,0.000000,0.000000,0.000000,0.000000,2.200000,0.000000,0.000000,0.000000,0.198000,0.000000,0.000000,0.000000,0.000000,0.000000,0.000000
1778064145.305563,manual_slider,1,1,0,0.000000,0.000000,0.000000,0.000000,0.000000,0.000000,2.200000,0.000000,0.000000,0.000000,0.198000,0.000000,0.000000,0.000000,0.000000,0.000000,0.000000
1778064145.355733,manual_slider,1,1,0,0.000000,0.000000,0.000000,0.000000,0.000000,0.000000,2.200000,0.000000,0.000000,0.000000,0.198000,0.000000,0.000000,0.000000,0.000000,0.000000,0.000000
1778064145.405802,manual_slider,1,1,0,0.000000,0.000000,0.000000,0.000000,0.000000,0.000000,2.200000,0.000000,0.000000,0.000000,0.198000,0.000000,0.000000,0.000000,0.000000,0.000000,0.000000
1778064145.455723,manual_slider,1,1,0,0.000000,0.000000,0.000000,0.000000,0.000000,0.000000,2.200000,0.000000,0.000000,0.000000,0.198000,0.000000,0.000000,0.000000,0.000000,0.000000,0.000000
1778064145.505668,manual_slider,1,1,0,0.000000,0.000000,0.000000,0.000000,0.000000,0.000000,2.200000,0.000000,0.000000,0.000000,0.198000,0.000000,0.000000,0.000000,0.000000,0.000000,0.000000
1778064145.555560,manual_slider,1,1,0,0.000000,0.000000,0.000000,0.000000,0.000000,0.000000,2.200000,0.000000,0.000000,0.000000,0.198000,0.000000,0.000000,0.000000,0.000000,0.000000,0.000000
1778064145.605577,manual_slider,1,1,0,0.000000,0.000000,0.000000,0.000000,0.000000,0.000000,2.151600,0.000000,0.000000,0.000000,0.198000,0.000000,0.000000,0.000000,0.000000,0.000000,0.000000
1778064145.655416,manual_slider,1,1,0,0.000000,0.000000,0.000000,0.000000,0.000000,0.000000,1.980000,0.000000,0.000000,0.000000,0.198000,0.000000,0.000000,0.000000,0.000000,0.000000,0.000000
1778064145.705407,manual_slider,1,1,0,0.000000,0.000000,0.000000,0.000000,0.000000,0.000000,1.834800,0.000000,0.000000,0.000000,0.198000,0.000000,0.000000,0.000000,0.000000,0.000000,0.000000
1778064145.755569,manual_slider,1,1,0,0.000000,0.000000,0.000000,0.000000,0.000000,0.000000,1.614800,0.000000,0.000000,0.000000,0.198000,0.000000,0.000000,0.000000,0.000000,0.000000,0.000000
1778064145.805595,manual_slider,1,1,0,0.000000,0.000000,0.000000,0.000000,0.000000,0.000000,1.196800,0.000000,0.000000,0.000000,0.198000,0.000000,0.000000,0.000000,0.000000,0.000000,0.000000
1778064145.855568,manual_slider,1,1,0,0.000000,0.000000,0.000000,0.000000,0.000000,0.000000,0.660000,0.000000,0.000000,0.000000,0.198000,0.000000,0.000000,0.000000,0.000000,0.000000,0.000000
1778064145.905710,manual_slider,1,1,0,0.000000,0.000000,0.000000,0.000000,0.000000,0.000000,0.365200,0.000000,0.000000,0.000000,0.198000,0.000000,0.000000,0.000000,0.000000,0.000000,0.000000
1778064145.957069,manual_slider,1,1,0,0.000000,0.000000,0.000000,0.000000,0.000000,0.000000,0.145200,0.000000,0.000000,0.000000,0.198000,0.000000,0.000000,0.000000,0.000000,0.000000,0.000000
1778064146.005621,manual_slider,1,1,0,0.000000,0.000000,0.000000,0.000000,0.000000,0.000000,-0.074800,0.000000,0.000000,0.000000,0.198000,0.000000,0.000000,0.000000,0.000000,0.000000,0.000000
1778064146.055566,manual_slider,1,1,0,0.000000,0.000000,0.000000,0.000000,0.000000,0.000000,-0.413600,0.000000,0.000000,0.000000,0.198000,0.000000,0.000000,0.000000,0.000000,0.000000,0.000000
1778064146.105600,manual_slider,1,1,0,0.000000,0.000000,0.000000,0.000000,0.000000,0.000000,-0.734800,0.000000,0.000000,0.000000,0.198000,0.000000,0.000000,0.000000,0.000000,0.000000,0.000000
1778064146.156414,manual_slider,1,1,0,0.000000,0.000000,0.000000,0.000000,0.000000,0.000000,-0.954800,0.000000,0.000000,0.000000,0.198000,0.000000,0.000000,0.000000,0.000000,0.000000,0.000000
1778064146.205551,manual_slider,1,1,0,0.000000,0.000000,0.000000,0.000000,0.000000,0.000000,-1.148400,0.000000,0.000000,0.000000,0.198000,0.000000,0.000000,0.000000,0.000000,0.000000,0.000000
1778064146.255752,manual_slider,1,1,0,0.000000,0.000000,0.000000,0.000000,0.000000,0.000000,-1.346400,0.000000,0.000000,0.000000,0.198000,0.000000,0.000000,0.000000,0.000000,0.000000,0.000000
1778064146.305486,manual_slider,1,1,0,0.000000,0.000000,0.000000,0.000000,0.000000,0.000000,-1.491600,0.000000,0.000000,0.000000,0.198000,0.000000,0.000000,0.000000,0.000000,0.000000,0.000000
1778064146.355461,manual_slider,1,1,0,0.000000,0.000000,0.000000,0.000000,0.000000,0.000000,-1.540000,0.000000,0.000000,0.000000,0.198000,0.000000,0.000000,0.000000,0.000000,0.000000,0.000000
1778064146.405625,manual_slider,1,1,0,0.000000,0.000000,0.000000,0.000000,0.000000,0.000000,-1.566400,0.000000,0.000000,0.000000,0.198000,0.000000,0.000000,0.000000,0.000000,0.000000,0.000000
1778064146.455743,manual_slider,1,1,0,0.000000,0.000000,0.000000,0.000000,0.000000,0.000000,-1.566400,0.000000,0.000000,0.000000,0.198000,0.000000,0.000000,0.000000,0.000000,0.000000,0.000000
1778064146.505619,manual_slider,1,1,0,0.000000,0.000000,0.000000,0.000000,0.000000,0.000000,-1.540000,0.000000,0.000000,0.000000,0.198000,0.000000,0.000000,0.000000,0.000000,0.000000,0.000000
1778064146.555579,manual_slider,1,1,0,0.000000,0.000000,0.000000,0.000000,0.000000,0.000000,-1.540000,0.000000,0.000000,0.000000,0.198000,0.000000,0.000000,0.000000,0.000000,0.000000,0.000000
1778064146.605916,manual_slider,1,1,0,0.000000,0.000000,0.000000,0.000000,0.000000,0.000000,-1.443200,0.000000,0.000000,0.000000,0.198000,0.000000,0.000000,0.000000,0.000000,0.000000,0.000000
1778064146.655830,manual_slider,1,1,0,0.000000,0.000000,0.000000,0.000000,0.000000,0.000000,-1.346400,0.000000,0.000000,0.000000,0.198000,0.000000,0.000000,0.000000,0.000000,0.000000,0.000000
1778064146.705674,manual_slider,1,1,0,0.000000,0.000000,0.000000,0.000000,0.000000,0.000000,-1.271600,0.000000,0.000000,0.000000,0.198000,0.000000,0.000000,0.000000,0.000000,0.000000,0.000000
1778064146.757688,manual_slider,1,1,0,0.000000,0.000000,0.000000,0.000000,0.000000,0.000000,-1.174800,0.000000,0.000000,0.000000,0.198000,0.000000,0.000000,0.000000,0.000000,0.000000,0.000000
1778064146.805573,manual_slider,1,1,0,0.000000,0.000000,0.000000,0.000000,0.000000,0.000000,-1.003200,0.000000,0.000000,0.000000,0.198000,0.000000,0.000000,0.000000,0.000000,0.000000,0.000000
1778064146.855641,manual_slider,1,1,0,0.000000,0.000000,0.000000,0.000000,0.000000,0.000000,-0.536800,0.000000,0.000000,0.000000,0.198000,0.000000,0.000000,0.000000,0.000000,0.000000,0.000000
1778064146.905831,manual_slider,1,1,0,0.000000,0.000000,0.000000,0.000000,0.000000,0.000000,-0.123200,0.000000,0.000000,0.000000,0.198000,0.000000,0.000000,0.000000,0.000000,0.000000,0.000000
1778064146.955718,manual_slider,1,1,0,0.000000,0.000000,0.000000,0.000000,0.000000,0.000000,0.220000,0.000000,0.000000,0.000000,0.198000,0.000000,0.000000,0.000000,0.000000,0.000000,0.000000
1778064147.006832,manual_slider,1,1,0,0.000000,0.000000,0.000000,0.000000,0.000000,0.000000,0.466400,0.000000,0.000000,0.000000,0.198000,0.000000,0.000000,0.000000,0.000000,0.000000,0.000000
1778064147.055667,manual_slider,1,1,0,0.000000,0.000000,0.000000,0.000000,0.000000,0.000000,0.708400,0.000000,0.000000,0.000000,0.198000,0.000000,0.000000,0.000000,0.000000,0.000000,0.000000
1778064147.105556,manual_slider,1,1,0,0.000000,0.000000,0.000000,0.000000,0.000000,0.000000,0.976800,0.000000,0.000000,0.000000,0.198000,0.000000,0.000000,0.000000,0.000000,0.000000,0.000000
1778064147.156406,manual_slider,1,1,0,0.000000,0.000000,0.000000,0.000000,0.000000,0.000000,1.148400,0.000000,0.000000,0.000000,0.198000,0.000000,0.000000,0.000000,0.000000,0.000000,0.000000
1778064147.205507,manual_slider,1,1,0,0.000000,0.000000,0.000000,0.000000,0.000000,0.000000,1.271600,0.000000,0.000000,0.000000,0.198000,0.000000,0.000000,0.000000,0.000000,0.000000,0.000000
1778064147.256642,manual_slider,1,1,0,0.000000,0.000000,0.000000,0.000000,0.000000,0.000000,1.320000,0.000000,0.000000,0.000000,0.198000,0.000000,0.000000,0.000000,0.000000,0.000000,0.000000
1778064147.305717,manual_slider,1,1,0,0.000000,0.000000,0.000000,0.000000,0.000000,0.000000,1.346400,0.000000,0.000000,0.000000,0.198000,0.000000,0.000000,0.000000,0.000000,0.000000,0.000000
1778064147.355697,manual_slider,1,1,0,0.000000,0.000000,0.000000,0.000000,0.000000,0.000000,1.394800,0.000000,0.000000,0.000000,0.198000,0.000000,0.000000,0.000000,0.000000,0.000000,0.000000
1778064147.405427,manual_slider,1,1,0,0.000000,0.000000,0.000000,0.000000,0.000000,0.000000,1.394800,0.000000,0.000000,0.000000,0.198000,0.000000,0.000000,0.000000,0.000000,0.000000,0.000000
1778064147.455579,manual_slider,1,1,0,0.000000,0.000000,0.000000,0.000000,0.000000,0.000000,1.394800,0.000000,0.000000,0.000000,0.198000,0.000000,0.000000,0.000000,0.000000,0.000000,0.000000
1778064147.506141,manual_slider,1,1,0,0.000000,0.000000,0.000000,0.000000,0.000000,0.000000,1.394800,0.000000,0.000000,0.000000,0.198000,0.000000,0.000000,0.000000,0.000000,0.000000,0.000000
1778064147.555588,manual_slider,1,1,0,0.000000,0.000000,0.000000,0.000000,0.000000,0.000000,1.394800,0.000000,0.000000,0.000000,0.198000,0.000000,0.000000,0.000000,0.000000,0.000000,0.000000
1778064147.605742,manual_slider,1,1,0,0.000000,0.000000,0.000000,0.000000,0.000000,0.000000,1.394800,0.000000,0.000000,0.000000,0.198000,0.000000,0.000000,0.000000,0.000000,0.000000,0.000000
1778064147.655509,manual_slider,1,1,0,0.000000,0.000000,0.000000,0.000000,0.000000,0.000000,0.198000,0.000000,0.000000,0.000000,0.198000,0.000000,0.000000,0.000000,0.000000,0.000000,0.000000
1778064147.706213,manual_slider,1,1,0,0.000000,0.000000,0.000000,0.000000,0.000000,0.000000,0.198000,0.000000,0.000000,0.000000,0.198000,0.000000,0.000000,0.000000,0.000000,0.000000,0.000000
1778064147.755580,manual_slider,1,1,0,0.000000,0.000000,0.000000,0.000000,0.000000,0.000000,0.198000,0.000000,0.000000,0.000000,0.198000,0.000000,0.000000,0.000000,0.000000,0.000000,0.000000
1778064147.805680,manual_slider,1,1,0,0.000000,0.000000,0.000000,0.000000,0.000000,0.000000,0.198000,0.000000,0.000000,0.000000,0.198000,0.000000,0.000000,0.000000,0.000000,0.000000,0.000000
1778064147.858850,manual_slider,1,1,0,0.000000,0.000000,0.000000,0.000000,0.000000,0.000000,0.198000,0.000000,0.000000,0.000000,0.198000,0.000000,0.000000,0.000000,0.000000,0.000000,0.000000
1778064147.905631,manual_slider,1,1,0,0.000000,0.000000,0.000000,0.000000,0.000000,0.000000,0.198000,0.000000,0.000000,0.000000,0.198000,0.000000,0.000000,0.000000,0.000000,0.000000,0.000000
1778064147.955642,manual_slider,1,1,0,0.000000,0.000000,0.000000,0.000000,0.000000,0.000000,0.198000,0.000000,0.000000,0.000000,0.198000,0.000000,0.000000,0.000000,0.000000,0.000000,0.000000
1778064148.005787,manual_slider,1,1,0,0.000000,0.000000,0.000000,0.000000,0.000000,0.000000,0.198000,0.000000,0.000000,0.000000,0.198000,0.000000,0.000000,0.000000,0.000000,0.000000,0.000000
1778064148.055600,manual_slider,1,1,0,0.000000,0.000000,0.000000,0.000000,0.000000,0.000000,0.198000,0.000000,0.000000,0.000000,0.198000,0.000000,0.000000,0.000000,0.000000,0.000000,0.000000
1778064148.105709,manual_slider,1,1,0,0.000000,0.000000,0.000000,0.000000,0.000000,0.000000,0.198000,0.000000,0.000000,0.000000,0.198000,0.000000,0.000000,0.000000,0.000000,0.000000,0.000000
1778064148.155685,manual_slider,1,1,0,0.000000,0.000000,0.000000,0.000000,0.000000,0.000000,0.198000,0.000000,0.000000,0.000000,0.198000,0.000000,0.000000,0.000000,0.000000,0.000000,0.000000
1778064148.205523,manual_slider,1,1,0,0.000000,0.000000,0.000000,0.000000,0.000000,0.000000,0.198000,0.000000,0.000000,0.000000,0.198000,0.000000,0.000000,0.000000,0.000000,0.000000,0.000000
1778064148.255624,manual_slider,1,1,0,0.000000,0.000000,0.000000,0.000000,0.000000,0.000000,0.198000,0.000000,0.000000,0.000000,0.198000,0.000000,0.000000,0.000000,0.000000,0.000000,0.000000
1778064148.305695,manual_slider,1,1,0,0.000000,0.000000,0.000000,0.000000,0.000000,0.000000,0.198000,0.000000,0.000000,0.000000,0.198000,0.000000,0.000000,0.000000,0.000000,0.000000,0.000000
1778064148.357904,manual_slider,1,1,0,0.000000,0.000000,0.000000,0.000000,0.000000,0.000000,0.198000,0.000000,0.000000,0.000000,0.198000,0.000000,0.000000,0.000000,0.000000,0.000000,0.000000
1778064148.405719,manual_slider,1,1,0,0.000000,0.000000,0.000000,0.000000,0.000000,0.000000,0.198000,0.000000,0.000000,0.000000,0.198000,0.000000,0.000000,0.000000,0.000000,0.000000,0.000000
1778064148.455744,manual_slider,1,1,0,0.000000,0.000000,0.000000,0.000000,0.000000,0.000000,0.198000,0.000000,0.000000,0.000000,0.198000,0.000000,0.000000,0.000000,0.000000,0.000000,0.000000
1778064148.508348,manual_slider,1,1,0,0.000000,0.000000,0.000000,0.000000,0.000000,0.000000,0.198000,0.000000,0.000000,0.000000,0.198000,0.000000,0.000000,0.000000,0.000000,0.000000,0.000000
1778064148.555653,manual_slider,1,1,0,0.000000,0.000000,0.000000,0.000000,0.000000,0.000000,0.198000,0.000000,0.000000,0.000000,0.198000,0.000000,0.000000,0.000000,0.000000,0.000000,0.000000
1778064148.605728,manual_slider,1,1,0,0.000000,0.000000,0.000000,0.000000,0.000000,0.000000,0.198000,0.000000,0.000000,0.000000,0.198000,0.000000,0.000000,0.000000,0.000000,0.000000,0.000000
1778064148.655563,manual_slider,1,1,0,0.000000,0.000000,0.000000,0.000000,0.000000,0.000000,0.198000,0.000000,0.000000,0.000000,0.198000,0.000000,0.000000,0.000000,0.000000,0.000000,0.000000
1778064148.705683,manual_slider,1,1,0,0.000000,0.000000,0.000000,0.000000,0.000000,0.000000,0.198000,0.000000,0.000000,0.000000,0.198000,0.000000,0.000000,0.000000,0.000000,0.000000,0.000000
1778064148.755639,manual_slider,1,1,0,0.000000,0.000000,0.000000,0.000000,0.000000,0.000000,0.198000,0.000000,0.000000,0.000000,0.198000,0.000000,0.000000,0.000000,0.000000,0.000000,0.000000
1778064148.805671,manual_slider,1,1,0,0.000000,0.000000,0.000000,0.000000,0.000000,0.000000,0.198000,0.000000,0.000000,0.000000,0.198000,0.000000,0.000000,0.000000,0.000000,0.000000,0.000000
1778064148.855485,manual_slider,1,1,0,0.000000,0.000000,0.000000,0.000000,0.000000,0.000000,0.198000,0.000000,0.000000,0.000000,0.198000,0.000000,0.000000,0.000000,0.000000,0.000000,0.000000
1778064148.905451,manual_slider,1,1,0,0.000000,0.000000,0.000000,0.000000,0.000000,0.000000,0.198000,0.000000,0.000000,0.000000,0.198000,0.000000,0.000000,0.000000,0.000000,0.000000,0.000000
1778064148.958533,manual_slider,1,1,0,0.000000,0.000000,0.000000,0.000000,0.000000,0.000000,0.198000,0.000000,0.000000,0.000000,0.198000,0.000000,0.000000,0.000000,0.000000,0.000000,0.000000
1778064149.005599,manual_slider,1,1,0,0.000000,0.000000,0.000000,0.000000,0.000000,0.000000,0.198000,0.000000,0.000000,0.000000,0.198000,0.000000,0.000000,0.000000,0.000000,0.000000,0.000000
1778064149.056218,manual_slider,1,1,0,0.000000,0.000000,0.000000,0.000000,0.000000,0.000000,0.198000,0.156000,0.000000,0.000000,0.198000,0.000000,0.000000,0.000000,0.000000,0.000000,0.000000
1778064149.105544,manual_slider,1,1,0,0.000000,0.000000,0.000000,0.000000,0.000000,0.000000,0.198000,0.404000,0.000000,0.000000,0.198000,0.000000,0.000000,0.000000,0.000000,0.000000,0.000000
1778064149.155681,manual_slider,1,1,0,0.000000,0.000000,0.000000,0.000000,0.000000,0.000000,0.198000,0.584000,0.000000,0.000000,0.198000,0.000000,0.000000,0.000000,0.000000,0.000000,0.000000
1778064149.205751,manual_slider,1,1,0,0.000000,0.000000,0.000000,0.000000,0.000000,0.000000,0.198000,0.628000,0.000000,0.000000,0.198000,0.000000,0.000000,0.000000,0.000000,0.000000,0.000000
1778064149.257384,manual_slider,1,1,0,0.000000,0.000000,0.000000,0.000000,0.000000,0.000000,0.198000,0.696000,0.000000,0.000000,0.198000,0.000000,0.000000,0.000000,0.000000,0.000000,0.000000
1778064149.305554,manual_slider,1,1,0,0.000000,0.000000,0.000000,0.000000,0.000000,0.000000,0.198000,0.788000,0.000000,0.000000,0.198000,0.000000,0.000000,0.000000,0.000000,0.000000,0.000000
1778064149.356253,manual_slider,1,1,0,0.000000,0.000000,0.000000,0.000000,0.000000,0.000000,0.198000,0.920000,0.000000,0.000000,0.198000,0.000000,0.000000,0.000000,0.000000,0.000000,0.000000
1778064149.407250,manual_slider,1,1,0,0.000000,0.000000,0.000000,0.000000,0.000000,0.000000,0.198000,1.012000,0.000000,0.000000,0.198000,0.000000,0.000000,0.000000,0.000000,0.000000,0.000000
1778064149.459331,manual_slider,1,1,0,0.000000,0.000000,0.000000,0.000000,0.000000,0.000000,0.198000,1.192000,0.000000,0.000000,0.198000,0.000000,0.000000,0.000000,0.000000,0.000000,0.000000
1778064149.505702,manual_slider,1,1,0,0.000000,0.000000,0.000000,0.000000,0.000000,0.000000,0.198000,1.372000,0.000000,0.000000,0.198000,0.000000,0.000000,0.000000,0.000000,0.000000,0.000000
1778064149.556370,manual_slider,1,1,0,0.000000,0.000000,0.000000,0.000000,0.000000,0.000000,0.198000,1.640000,0.000000,0.000000,0.198000,0.000000,0.000000,0.000000,0.000000,0.000000,0.000000
1778064149.605990,manual_slider,1,1,0,0.000000,0.000000,0.000000,0.000000,0.000000,0.000000,0.198000,1.820000,0.000000,0.000000,0.198000,0.000000,0.000000,0.000000,0.000000,0.000000,0.000000
1778064149.655537,manual_slider,1,1,0,0.000000,0.000000,0.000000,0.000000,0.000000,0.000000,0.198000,1.956000,0.000000,0.000000,0.198000,0.000000,0.000000,0.000000,0.000000,0.000000,0.000000
1778064149.705820,manual_slider,1,1,0,0.000000,0.000000,0.000000,0.000000,0.000000,0.000000,0.198000,2.000000,0.000000,0.000000,0.198000,0.000000,0.000000,0.000000,0.000000,0.000000,0.000000
1778064149.755658,manual_slider,1,1,0,0.000000,0.000000,0.000000,0.000000,0.000000,0.000000,0.198000,2.000000,0.000000,0.000000,0.198000,0.000000,0.000000,0.000000,0.000000,0.000000,0.000000
1778064149.806003,manual_slider,1,1,0,0.000000,0.000000,0.000000,0.000000,0.000000,0.000000,0.198000,2.000000,0.000000,0.000000,0.198000,0.000000,0.000000,0.000000,0.000000,0.000000,0.000000
1778064149.855459,manual_slider,1,1,0,0.000000,0.000000,0.000000,0.000000,0.000000,0.000000,0.198000,2.000000,0.000000,0.000000,0.198000,0.000000,0.000000,0.000000,0.000000,0.000000,0.000000
1778064149.905542,manual_slider,1,1,0,0.000000,0.000000,0.000000,0.000000,0.000000,0.000000,0.198000,2.000000,0.000000,0.000000,0.198000,0.000000,0.000000,0.000000,0.000000,0.000000,0.000000
1778064149.957899,manual_slider,1,1,0,0.000000,0.000000,0.000000,0.000000,0.000000,0.000000,0.198000,2.000000,0.000000,0.000000,0.198000,0.000000,0.000000,0.000000,0.000000,0.000000,0.000000
1778064150.005544,manual_slider,1,1,0,0.000000,0.000000,0.000000,0.000000,0.000000,0.000000,0.198000,2.000000,0.000000,0.000000,0.198000,0.000000,0.000000,0.000000,0.000000,0.000000,0.000000
1778064150.055573,manual_slider,1,1,0,0.000000,0.000000,0.000000,0.000000,0.000000,0.000000,0.198000,2.000000,0.000000,0.000000,0.198000,0.000000,0.000000,0.000000,0.000000,0.000000,0.000000
1778064150.105513,manual_slider,1,1,0,0.000000,0.000000,0.000000,0.000000,0.000000,0.000000,0.198000,2.000000,0.000000,0.000000,0.198000,0.000000,0.000000,0.000000,0.000000,0.000000,0.000000
1778064150.155491,manual_slider,1,1,0,0.000000,0.000000,0.000000,0.000000,0.000000,0.000000,0.198000,2.000000,0.000000,0.000000,0.198000,0.000000,0.000000,0.000000,0.000000,0.000000,0.000000
1778064150.205560,manual_slider,1,1,0,0.000000,0.000000,0.000000,0.000000,0.000000,0.000000,0.198000,2.000000,0.000000,0.000000,0.198000,0.000000,0.000000,0.000000,0.000000,0.000000,0.000000
1778064150.255622,manual_slider,1,1,0,0.000000,0.000000,0.000000,0.000000,0.000000,0.000000,0.198000,1.932000,0.000000,0.000000,0.198000,0.000000,0.000000,0.000000,0.000000,0.000000,0.000000
1778064150.305605,manual_slider,1,1,0,0.000000,0.000000,0.000000,0.000000,0.000000,0.000000,0.198000,1.440000,0.000000,0.000000,0.198000,0.000000,0.000000,0.000000,0.000000,0.000000,0.000000
1778064150.355810,manual_slider,1,1,0,0.000000,0.000000,0.000000,0.000000,0.000000,0.000000,0.198000,0.628000,0.000000,0.000000,0.198000,0.000000,0.000000,0.000000,0.000000,0.000000,0.000000
1778064150.407266,manual_slider,1,1,0,0.000000,0.000000,0.000000,0.000000,0.000000,0.000000,0.198000,-0.112000,0.000000,0.000000,0.198000,0.000000,0.000000,0.000000,0.000000,0.000000,0.000000
1778064150.455549,manual_slider,1,1,0,0.000000,0.000000,0.000000,0.000000,0.000000,0.000000,0.198000,-0.652000,0.000000,0.000000,0.198000,0.000000,0.000000,0.000000,0.000000,0.000000,0.000000
1778064150.506222,manual_slider,1,1,0,0.000000,0.000000,0.000000,0.000000,0.000000,0.000000,0.198000,-0.944000,0.000000,0.000000,0.198000,0.000000,0.000000,0.000000,0.000000,0.000000,0.000000
1778064150.555612,manual_slider,1,1,0,0.000000,0.000000,0.000000,0.000000,0.000000,0.000000,0.198000,-1.280000,0.000000,0.000000,0.198000,0.000000,0.000000,0.000000,0.000000,0.000000,0.000000
1778064150.605708,manual_slider,1,1,0,0.000000,0.000000,0.000000,0.000000,0.000000,0.000000,0.198000,-1.596000,0.000000,0.000000,0.198000,0.000000,0.000000,0.000000,0.000000,0.000000,0.000000
1778064150.657269,manual_slider,1,1,0,0.000000,0.000000,0.000000,0.000000,0.000000,0.000000,0.198000,-1.912000,0.000000,0.000000,0.198000,0.000000,0.000000,0.000000,0.000000,0.000000,0.000000
1778064150.705640,manual_slider,1,1,0,0.000000,0.000000,0.000000,0.000000,0.000000,0.000000,0.198000,-2.000000,0.000000,0.000000,0.198000,0.000000,0.000000,0.000000,0.000000,0.000000,0.000000
1778064150.757259,manual_slider,1,1,0,0.000000,0.000000,0.000000,0.000000,0.000000,0.000000,0.198000,-2.000000,0.000000,0.000000,0.198000,0.000000,0.000000,0.000000,0.000000,0.000000,0.000000
1778064150.805578,manual_slider,1,1,0,0.000000,0.000000,0.000000,0.000000,0.000000,0.000000,0.198000,-2.000000,0.000000,0.000000,0.198000,0.000000,0.000000,0.000000,0.000000,0.000000,0.000000
1778064150.855889,manual_slider,1,1,0,0.000000,0.000000,0.000000,0.000000,0.000000,0.000000,0.198000,-2.000000,0.000000,0.000000,0.198000,0.000000,0.000000,0.000000,0.000000,0.000000,0.000000
1778064150.905583,manual_slider,1,1,0,0.000000,0.000000,0.000000,0.000000,0.000000,0.000000,0.198000,-2.000000,0.000000,0.000000,0.198000,0.000000,0.000000,0.000000,0.000000,0.000000,0.000000
1778064150.955554,manual_slider,1,1,0,0.000000,0.000000,0.000000,0.000000,0.000000,0.000000,0.198000,-1.912000,0.000000,0.000000,0.198000,0.000000,0.000000,0.000000,0.000000,0.000000,0.000000
1778064151.006625,manual_slider,1,1,0,0.000000,0.000000,0.000000,0.000000,0.000000,0.000000,0.198000,-1.640000,0.000000,0.000000,0.198000,0.000000,0.000000,0.000000,0.000000,0.000000,0.000000
1778064151.055516,manual_slider,1,1,0,0.000000,0.000000,0.000000,0.000000,0.000000,0.000000,0.198000,-1.012000,0.000000,0.000000,0.198000,0.000000,0.000000,0.000000,0.000000,0.000000,0.000000
1778064151.105599,manual_slider,1,1,0,0.000000,0.000000,0.000000,0.000000,0.000000,0.000000,0.198000,0.044000,0.000000,0.000000,0.198000,0.000000,0.000000,0.000000,0.000000,0.000000,0.000000
1778064151.155625,manual_slider,1,1,0,0.000000,0.000000,0.000000,0.000000,0.000000,0.000000,0.198000,0.676000,0.000000,0.000000,0.198000,0.000000,0.000000,0.000000,0.000000,0.000000,0.000000
1778064151.207932,manual_slider,1,1,0,0.000000,0.000000,0.000000,0.000000,0.000000,0.000000,0.198000,1.460000,0.000000,0.000000,0.198000,0.000000,0.000000,0.000000,0.000000,0.000000,0.000000
1778064151.256277,manual_slider,1,1,0,0.000000,0.000000,0.000000,0.000000,0.000000,0.000000,0.198000,1.596000,0.000000,0.000000,0.198000,0.000000,0.000000,0.000000,0.000000,0.000000,0.000000
1778064151.305816,manual_slider,1,1,0,0.000000,0.000000,0.000000,0.000000,0.000000,0.000000,0.198000,2.000000,0.000000,0.000000,0.198000,0.000000,0.000000,0.000000,0.000000,0.000000,0.000000
1778064151.356194,manual_slider,1,1,0,0.000000,0.000000,0.000000,0.000000,0.000000,0.000000,0.198000,2.000000,0.000000,0.000000,0.198000,0.000000,0.000000,0.000000,0.000000,0.000000,0.000000
1778064151.406218,manual_slider,1,1,0,0.000000,0.000000,0.000000,0.000000,0.000000,0.000000,0.198000,2.000000,0.000000,0.000000,0.198000,0.000000,0.000000,0.000000,0.000000,0.000000,0.000000
1778064151.455600,manual_slider,1,1,0,0.000000,0.000000,0.000000,0.000000,0.000000,0.000000,0.198000,2.000000,0.000000,0.000000,0.198000,0.000000,0.000000,0.000000,0.000000,0.000000,0.000000
1778064151.505838,manual_slider,1,1,0,0.000000,0.000000,0.000000,0.000000,0.000000,0.000000,0.198000,2.000000,0.000000,0.000000,0.198000,0.000000,0.000000,0.000000,0.000000,0.000000,0.000000
1778064151.555814,manual_slider,1,1,0,0.000000,0.000000,0.000000,0.000000,0.000000,0.000000,0.198000,2.000000,0.000000,0.000000,0.198000,0.000000,0.000000,0.000000,0.000000,0.000000,0.000000
1778064151.605719,manual_slider,1,1,0,0.000000,0.000000,0.000000,0.000000,0.000000,0.000000,0.198000,2.000000,0.000000,0.000000,0.198000,0.000000,0.000000,0.000000,0.000000,0.000000,0.000000
1778064151.655746,manual_slider,1,1,0,0.000000,0.000000,0.000000,0.000000,0.000000,0.000000,0.198000,2.000000,0.000000,0.000000,0.198000,0.000000,0.000000,0.000000,0.000000,0.000000,0.000000
1778064151.705711,manual_slider,1,1,0,0.000000,0.000000,0.000000,0.000000,0.000000,0.000000,0.198000,2.000000,0.000000,0.000000,0.198000,0.000000,0.000000,0.000000,0.000000,0.000000,0.000000
1778064151.755533,manual_slider,1,1,0,0.000000,0.000000,0.000000,0.000000,0.000000,0.000000,0.198000,0.000000,0.000000,0.000000,0.198000,0.000000,0.000000,0.000000,0.000000,0.000000,0.000000
1778064151.805698,manual_slider,1,1,0,0.000000,0.000000,0.000000,0.000000,0.000000,0.000000,0.198000,0.000000,0.000000,0.000000,0.198000,0.000000,0.000000,0.000000,0.000000,0.000000,0.000000
1778064151.859165,manual_slider,1,1,0,0.000000,0.000000,0.000000,0.000000,0.000000,0.000000,0.198000,0.000000,0.000000,0.000000,0.198000,0.000000,0.000000,0.000000,0.000000,0.000000,0.000000
1778064151.905679,manual_slider,1,1,0,0.000000,0.000000,0.000000,0.000000,0.000000,0.000000,0.198000,0.000000,0.000000,0.000000,0.198000,0.000000,0.000000,0.000000,0.000000,0.000000,0.000000
1778064151.955493,manual_slider,1,1,0,0.000000,0.000000,0.000000,0.000000,0.000000,0.000000,0.198000,0.000000,0.000000,0.000000,0.198000,0.000000,0.000000,0.000000,0.000000,0.000000,0.000000
1778064152.005888,manual_slider,1,1,0,0.000000,0.000000,0.000000,0.000000,0.000000,0.000000,0.198000,0.000000,0.000000,0.000000,0.198000,0.000000,0.000000,0.000000,0.000000,0.000000,0.000000
1778064152.055788,manual_slider,1,1,0,0.000000,0.000000,0.000000,0.000000,0.000000,0.000000,0.198000,0.000000,0.000000,0.000000,0.198000,0.000000,0.000000,0.000000,0.000000,0.000000,0.000000
1778064152.105742,manual_slider,1,1,0,0.000000,0.000000,0.000000,0.000000,0.000000,0.000000,0.198000,0.000000,0.000000,0.000000,0.198000,0.000000,0.000000,0.000000,0.000000,0.000000,0.000000
1778064152.155649,manual_slider,1,1,0,0.000000,0.000000,0.000000,0.000000,0.000000,0.000000,0.198000,0.000000,0.000000,0.000000,0.198000,0.000000,0.000000,0.000000,0.000000,0.000000,0.000000
1778064152.206205,manual_slider,1,1,0,0.000000,0.000000,0.000000,0.000000,0.000000,0.000000,0.198000,0.000000,0.000000,0.000000,0.198000,0.000000,0.000000,0.000000,0.000000,0.000000,0.000000
1778064152.255623,manual_slider,1,1,0,0.000000,0.000000,0.000000,0.000000,0.000000,0.000000,0.198000,0.000000,0.000000,0.000000,0.198000,0.000000,0.000000,0.000000,0.000000,0.000000,0.000000
1778064152.305683,manual_slider,1,1,0,0.000000,0.000000,0.000000,0.000000,0.000000,0.000000,0.198000,0.000000,0.000000,0.000000,0.198000,0.000000,0.000000,0.000000,0.000000,0.000000,0.000000
1778064152.355612,manual_slider,1,1,0,0.000000,0.000000,0.000000,0.000000,0.000000,0.000000,0.198000,0.000000,0.000000,0.000000,0.198000,0.000000,0.000000,0.000000,0.000000,0.000000,0.000000
1778064152.405593,manual_slider,1,1,0,0.000000,0.000000,0.000000,0.000000,0.000000,0.000000,0.198000,0.000000,0.000000,0.000000,0.198000,0.000000,0.000000,0.000000,0.000000,0.000000,0.000000
1778064152.455586,manual_slider,1,1,0,0.000000,0.000000,0.000000,0.000000,0.000000,0.000000,0.198000,0.000000,0.000000,0.000000,0.198000,0.000000,0.000000,0.000000,0.000000,0.000000,0.000000
1778064152.507373,manual_slider,1,1,0,0.000000,0.000000,0.000000,0.000000,0.000000,0.000000,0.198000,0.000000,0.000000,0.000000,0.198000,0.000000,0.000000,0.000000,0.000000,0.000000,0.000000
1778064152.555508,manual_slider,1,1,0,0.000000,0.000000,0.000000,0.000000,0.000000,0.000000,0.198000,0.000000,0.000000,0.000000,0.198000,0.000000,0.000000,0.000000,0.000000,0.000000,0.000000
1778064152.605851,manual_slider,1,1,0,0.000000,0.000000,0.000000,0.000000,0.000000,0.000000,0.198000,0.000000,0.000000,0.000000,0.198000,0.000000,0.000000,0.000000,0.000000,0.000000,0.000000
1778064152.655806,manual_slider,1,1,0,0.000000,0.000000,0.000000,0.000000,0.000000,0.000000,0.198000,0.000000,0.000000,0.000000,0.198000,0.000000,0.000000,0.000000,0.000000,0.000000,0.000000
1778064152.706001,manual_slider,1,1,0,0.000000,0.000000,0.000000,0.000000,0.000000,0.000000,0.198000,0.000000,0.000000,0.000000,0.198000,0.000000,0.000000,0.000000,0.000000,0.000000,0.000000
1778064152.755598,manual_slider,1,1,0,0.000000,0.000000,0.000000,0.000000,0.000000,0.000000,0.198000,0.000000,0.000000,0.000000,0.198000,0.000000,0.000000,0.000000,0.000000,0.000000,0.000000
1778064152.805786,manual_slider,1,1,0,0.000000,0.000000,0.000000,0.000000,0.000000,0.000000,0.198000,0.000000,0.000000,0.000000,0.198000,0.000000,0.000000,0.000000,0.000000,0.000000,0.000000
1778064152.855433,manual_slider,1,1,0,0.000000,0.000000,0.000000,0.000000,0.000000,0.000000,0.198000,0.000000,0.000000,0.000000,0.198000,0.000000,0.000000,0.000000,0.000000,0.000000,0.000000
1778064152.905582,manual_slider,1,1,0,0.000000,0.000000,0.000000,0.000000,0.000000,0.000000,0.198000,0.000000,0.000000,0.000000,0.198000,0.000000,0.000000,0.000000,0.000000,0.000000,0.000000
1778064152.955655,manual_slider,1,1,0,0.000000,0.000000,0.000000,0.000000,0.000000,0.000000,0.198000,0.000000,0.000000,0.000000,0.198000,0.000000,0.000000,0.000000,0.000000,0.000000,0.000000
1778064153.005621,manual_slider,1,1,0,0.000000,0.000000,0.000000,0.000000,0.000000,0.000000,0.198000,0.000000,0.000000,0.000000,0.198000,0.000000,0.000000,0.000000,0.000000,0.000000,0.000000
1778064153.056179,manual_slider,1,1,0,0.000000,0.000000,0.000000,0.000000,0.000000,0.000000,0.198000,0.000000,0.164000,0.000000,0.198000,0.000000,0.000000,0.000000,0.000000,0.000000,0.000000
1778064153.105641,manual_slider,1,1,0,0.000000,0.000000,0.000000,0.000000,0.000000,0.000000,0.198000,0.000000,0.744000,0.000000,0.198000,0.000000,0.000000,0.000000,0.000000,0.000000,0.000000
1778064153.155740,manual_slider,1,1,0,0.000000,0.000000,0.000000,0.000000,0.000000,0.000000,0.198000,0.000000,1.112000,0.000000,0.198000,0.000000,0.000000,0.000000,0.000000,0.000000,0.000000
1778064153.209662,manual_slider,1,1,0,0.000000,0.000000,0.000000,0.000000,0.000000,0.000000,0.198000,0.000000,1.396000,0.000000,0.198000,0.000000,0.000000,0.000000,0.000000,0.000000,0.000000
1778064153.255624,manual_slider,1,1,0,0.000000,0.000000,0.000000,0.000000,0.000000,0.000000,0.198000,0.000000,1.612000,0.000000,0.198000,0.000000,0.000000,0.000000,0.000000,0.000000,0.000000
1778064153.307256,manual_slider,1,1,0,0.000000,0.000000,0.000000,0.000000,0.000000,0.000000,0.198000,0.000000,1.764000,0.000000,0.198000,0.000000,0.000000,0.000000,0.000000,0.000000,0.000000
1778064153.357399,manual_slider,1,1,0,0.000000,0.000000,0.000000,0.000000,0.000000,0.000000,0.198000,0.000000,1.892000,0.000000,0.198000,0.000000,0.000000,0.000000,0.000000,0.000000,0.000000
1778064153.405659,manual_slider,1,1,0,0.000000,0.000000,0.000000,0.000000,0.000000,0.000000,0.198000,0.000000,1.980000,0.000000,0.198000,0.000000,0.000000,0.000000,0.000000,0.000000,0.000000
1778064153.455546,manual_slider,1,1,0,0.000000,0.000000,0.000000,0.000000,0.000000,0.000000,0.198000,0.000000,2.000000,0.000000,0.198000,0.000000,0.000000,0.000000,0.000000,0.000000,0.000000
1778064153.505887,manual_slider,1,1,0,0.000000,0.000000,0.000000,0.000000,0.000000,0.000000,0.198000,0.000000,2.000000,0.000000,0.198000,0.000000,0.000000,0.000000,0.000000,0.000000,0.000000
1778064153.555671,manual_slider,1,1,0,0.000000,0.000000,0.000000,0.000000,0.000000,0.000000,0.198000,0.000000,2.000000,0.000000,0.198000,0.000000,0.000000,0.000000,0.000000,0.000000,0.000000
1778064153.605787,manual_slider,1,1,0,0.000000,0.000000,0.000000,0.000000,0.000000,0.000000,0.198000,0.000000,2.000000,0.000000,0.198000,0.000000,0.000000,0.000000,0.000000,0.000000,0.000000
1778064153.655681,manual_slider,1,1,0,0.000000,0.000000,0.000000,0.000000,0.000000,0.000000,0.198000,0.000000,2.000000,0.000000,0.198000,0.000000,0.000000,0.000000,0.000000,0.000000,0.000000
1778064153.705611,manual_slider,1,1,0,0.000000,0.000000,0.000000,0.000000,0.000000,0.000000,0.198000,0.000000,2.000000,0.000000,0.198000,0.000000,0.000000,0.000000,0.000000,0.000000,0.000000
1778064153.755704,manual_slider,1,1,0,0.000000,0.000000,0.000000,0.000000,0.000000,0.000000,0.198000,0.000000,2.000000,0.000000,0.198000,0.000000,0.000000,0.000000,0.000000,0.000000,0.000000
1778064153.805643,manual_slider,1,1,0,0.000000,0.000000,0.000000,0.000000,0.000000,0.000000,0.198000,0.000000,1.936000,0.000000,0.198000,0.000000,0.000000,0.000000,0.000000,0.000000,0.000000
1778064153.855672,manual_slider,1,1,0,0.000000,0.000000,0.000000,0.000000,0.000000,0.000000,0.198000,0.000000,1.784000,0.000000,0.198000,0.000000,0.000000,0.000000,0.000000,0.000000,0.000000
1778064153.906655,manual_slider,1,1,0,0.000000,0.000000,0.000000,0.000000,0.000000,0.000000,0.198000,0.000000,1.568000,0.000000,0.198000,0.000000,0.000000,0.000000,0.000000,0.000000,0.000000
1778064153.955525,manual_slider,1,1,0,0.000000,0.000000,0.000000,0.000000,0.000000,0.000000,0.198000,0.000000,1.288000,0.000000,0.198000,0.000000,0.000000,0.000000,0.000000,0.000000,0.000000
1778064154.005859,manual_slider,1,1,0,0.000000,0.000000,0.000000,0.000000,0.000000,0.000000,0.198000,0.000000,1.072000,0.000000,0.198000,0.000000,0.000000,0.000000,0.000000,0.000000,0.000000
1778064154.055701,manual_slider,1,1,0,0.000000,0.000000,0.000000,0.000000,0.000000,0.000000,0.198000,0.000000,0.788000,0.000000,0.198000,0.000000,0.000000,0.000000,0.000000,0.000000,0.000000
1778064154.105798,manual_slider,1,1,0,0.000000,0.000000,0.000000,0.000000,0.000000,0.000000,0.198000,0.000000,0.272000,0.000000,0.198000,0.000000,0.000000,0.000000,0.000000,0.000000,0.000000
1778064154.156218,manual_slider,1,1,0,0.000000,0.000000,0.000000,0.000000,0.000000,0.000000,0.198000,0.000000,-0.012000,0.000000,0.198000,0.000000,0.000000,0.000000,0.000000,0.000000,0.000000
1778064154.205655,manual_slider,1,1,0,0.000000,0.000000,0.000000,0.000000,0.000000,0.000000,0.198000,0.000000,-0.336000,0.000000,0.198000,0.000000,0.000000,0.000000,0.000000,0.000000,0.000000
1778064154.255600,manual_slider,1,1,0,0.000000,0.000000,0.000000,0.000000,0.000000,0.000000,0.198000,0.000000,-0.596000,0.000000,0.198000,0.000000,0.000000,0.000000,0.000000,0.000000,0.000000
1778064154.305891,manual_slider,1,1,0,0.000000,0.000000,0.000000,0.000000,0.000000,0.000000,0.198000,0.000000,-1.072000,0.000000,0.198000,0.000000,0.000000,0.000000,0.000000,0.000000,0.000000
1778064154.355578,manual_slider,1,1,0,0.000000,0.000000,0.000000,0.000000,0.000000,0.000000,0.198000,0.000000,-1.372000,0.000000,0.198000,0.000000,0.000000,0.000000,0.000000,0.000000,0.000000
1778064154.405568,manual_slider,1,1,0,0.000000,0.000000,0.000000,0.000000,0.000000,0.000000,0.198000,0.000000,-1.568000,0.000000,0.198000,0.000000,0.000000,0.000000,0.000000,0.000000,0.000000
1778064154.455851,manual_slider,1,1,0,0.000000,0.000000,0.000000,0.000000,0.000000,0.000000,0.198000,0.000000,-1.676000,0.000000,0.198000,0.000000,0.000000,0.000000,0.000000,0.000000,0.000000
1778064154.506369,manual_slider,1,1,0,0.000000,0.000000,0.000000,0.000000,0.000000,0.000000,0.198000,0.000000,-1.740000,0.000000,0.198000,0.000000,0.000000,0.000000,0.000000,0.000000,0.000000
1778064154.555790,manual_slider,1,1,0,0.000000,0.000000,0.000000,0.000000,0.000000,0.000000,0.198000,0.000000,-1.764000,0.000000,0.198000,0.000000,0.000000,0.000000,0.000000,0.000000,0.000000
1778064154.605735,manual_slider,1,1,0,0.000000,0.000000,0.000000,0.000000,0.000000,0.000000,0.198000,0.000000,-1.784000,0.000000,0.198000,0.000000,0.000000,0.000000,0.000000,0.000000,0.000000
1778064154.655698,manual_slider,1,1,0,0.000000,0.000000,0.000000,0.000000,0.000000,0.000000,0.198000,0.000000,-1.784000,0.000000,0.198000,0.000000,0.000000,0.000000,0.000000,0.000000,0.000000
1778064154.707007,manual_slider,1,1,0,0.000000,0.000000,0.000000,0.000000,0.000000,0.000000,0.198000,0.000000,-1.784000,0.000000,0.198000,0.000000,0.000000,0.000000,0.000000,0.000000,0.000000
1778064154.755583,manual_slider,1,1,0,0.000000,0.000000,0.000000,0.000000,0.000000,0.000000,0.198000,0.000000,-1.740000,0.000000,0.198000,0.000000,0.000000,0.000000,0.000000,0.000000,0.000000
1778064154.806226,manual_slider,1,1,0,0.000000,0.000000,0.000000,0.000000,0.000000,0.000000,0.198000,0.000000,-1.632000,0.000000,0.198000,0.000000,0.000000,0.000000,0.000000,0.000000,0.000000
1778064154.856067,manual_slider,1,1,0,0.000000,0.000000,0.000000,0.000000,0.000000,0.000000,0.198000,0.000000,-1.544000,0.000000,0.198000,0.000000,0.000000,0.000000,0.000000,0.000000,0.000000
1778064154.905609,manual_slider,1,1,0,0.000000,0.000000,0.000000,0.000000,0.000000,0.000000,0.198000,0.000000,-1.436000,0.000000,0.198000,0.000000,0.000000,0.000000,0.000000,0.000000,0.000000
1778064154.955643,manual_slider,1,1,0,0.000000,0.000000,0.000000,0.000000,0.000000,0.000000,0.198000,0.000000,-1.264000,0.000000,0.198000,0.000000,0.000000,0.000000,0.000000,0.000000,0.000000
1778064155.005675,manual_slider,1,1,0,0.000000,0.000000,0.000000,0.000000,0.000000,0.000000,0.198000,0.000000,-1.028000,0.000000,0.198000,0.000000,0.000000,0.000000,0.000000,0.000000,0.000000
1778064155.058318,manual_slider,1,1,0,0.000000,0.000000,0.000000,0.000000,0.000000,0.000000,0.198000,0.000000,-0.856000,0.000000,0.198000,0.000000,0.000000,0.000000,0.000000,0.000000,0.000000
1778064155.105611,manual_slider,1,1,0,0.000000,0.000000,0.000000,0.000000,0.000000,0.000000,0.198000,0.000000,-0.704000,0.000000,0.198000,0.000000,0.000000,0.000000,0.000000,0.000000,0.000000
1778064155.155955,manual_slider,1,1,0,0.000000,0.000000,0.000000,0.000000,0.000000,0.000000,0.198000,0.000000,-0.596000,0.000000,0.198000,0.000000,0.000000,0.000000,0.000000,0.000000,0.000000
1778064155.205617,manual_slider,1,1,0,0.000000,0.000000,0.000000,0.000000,0.000000,0.000000,0.198000,0.000000,-0.488000,0.000000,0.198000,0.000000,0.000000,0.000000,0.000000,0.000000,0.000000
1778064155.258382,manual_slider,1,1,0,0.000000,0.000000,0.000000,0.000000,0.000000,0.000000,0.198000,0.000000,-0.400000,0.000000,0.198000,0.000000,0.000000,0.000000,0.000000,0.000000,0.000000
1778064155.305591,manual_slider,1,1,0,0.000000,0.000000,0.000000,0.000000,0.000000,0.000000,0.198000,0.000000,-0.272000,0.000000,0.198000,0.000000,0.000000,0.000000,0.000000,0.000000,0.000000
1778064155.356400,manual_slider,1,1,0,0.000000,0.000000,0.000000,0.000000,0.000000,0.000000,0.198000,0.000000,-0.120000,0.000000,0.198000,0.000000,0.000000,0.000000,0.000000,0.000000,0.000000
1778064155.405793,manual_slider,1,1,0,0.000000,0.000000,0.000000,0.000000,0.000000,0.000000,0.198000,0.000000,0.076000,0.000000,0.198000,0.000000,0.000000,0.000000,0.000000,0.000000,0.000000
1778064155.455704,manual_slider,1,1,0,0.000000,0.000000,0.000000,0.000000,0.000000,0.000000,0.198000,0.000000,0.356000,0.000000,0.198000,0.000000,0.000000,0.000000,0.000000,0.000000,0.000000
1778064155.507277,manual_slider,1,1,0,0.000000,0.000000,0.000000,0.000000,0.000000,0.000000,0.198000,0.000000,0.572000,0.000000,0.198000,0.000000,0.000000,0.000000,0.000000,0.000000,0.000000
1778064155.555652,manual_slider,1,1,0,0.000000,0.000000,0.000000,0.000000,0.000000,0.000000,0.198000,0.000000,0.724000,0.000000,0.198000,0.000000,0.000000,0.000000,0.000000,0.000000,0.000000
1778064155.605816,manual_slider,1,1,0,0.000000,0.000000,0.000000,0.000000,0.000000,0.000000,0.198000,0.000000,0.832000,0.000000,0.198000,0.000000,0.000000,0.000000,0.000000,0.000000,0.000000
1778064155.655581,manual_slider,1,1,0,0.000000,0.000000,0.000000,0.000000,0.000000,0.000000,0.198000,0.000000,0.876000,0.000000,0.198000,0.000000,0.000000,0.000000,0.000000,0.000000,0.000000
1778064155.705624,manual_slider,1,1,0,0.000000,0.000000,0.000000,0.000000,0.000000,0.000000,0.198000,0.000000,0.876000,0.000000,0.198000,0.000000,0.000000,0.000000,0.000000,0.000000,0.000000
1778064155.755733,manual_slider,1,1,0,0.000000,0.000000,0.000000,0.000000,0.000000,0.000000,0.198000,0.000000,0.876000,0.000000,0.198000,0.000000,0.000000,0.000000,0.000000,0.000000,0.000000
1778064155.805466,manual_slider,1,1,0,0.000000,0.000000,0.000000,0.000000,0.000000,0.000000,0.198000,0.000000,0.876000,0.000000,0.198000,0.000000,0.000000,0.000000,0.000000,0.000000,0.000000
1778064155.856071,manual_slider,1,1,0,0.000000,0.000000,0.000000,0.000000,0.000000,0.000000,0.198000,0.000000,0.876000,0.000000,0.198000,0.000000,0.000000,0.000000,0.000000,0.000000,0.000000
1778064155.905544,manual_slider,1,1,0,0.000000,0.000000,0.000000,0.000000,0.000000,0.000000,0.198000,0.000000,0.876000,0.000000,0.198000,0.000000,0.000000,0.000000,0.000000,0.000000,0.000000
1778064155.955695,manual_slider,1,1,0,0.000000,0.000000,0.000000,0.000000,0.000000,0.000000,0.198000,0.000000,0.876000,0.000000,0.198000,0.000000,0.000000,0.000000,0.000000,0.000000,0.000000
1778064156.005650,manual_slider,1,1,0,0.000000,0.000000,0.000000,0.000000,0.000000,0.000000,0.198000,0.000000,0.876000,0.000000,0.198000,0.000000,0.000000,0.000000,0.000000,0.000000,0.000000
1778064156.055786,manual_slider,1,1,0,0.000000,0.000000,0.000000,0.000000,0.000000,0.000000,0.198000,0.000000,0.876000,0.000000,0.198000,0.000000,0.000000,0.000000,0.000000,0.000000,0.000000
1778064156.107949,manual_slider,1,1,0,0.000000,0.000000,0.000000,0.000000,0.000000,0.000000,0.198000,0.000000,0.876000,0.000000,0.198000,0.000000,0.000000,0.000000,0.000000,0.000000,0.000000
1778064156.158346,manual_slider,1,1,0,0.000000,0.000000,0.000000,0.000000,0.000000,0.000000,0.198000,0.000000,0.876000,0.000000,0.198000,0.000000,0.000000,0.000000,0.000000,0.000000,0.000000
1778064156.205698,manual_slider,1,1,0,0.000000,0.000000,0.000000,0.000000,0.000000,0.000000,0.198000,0.000000,0.876000,0.000000,0.198000,0.000000,0.000000,0.000000,0.000000,0.000000,0.000000
1778064156.255843,manual_slider,1,1,0,0.000000,0.000000,0.000000,0.000000,0.000000,0.000000,0.198000,0.000000,0.876000,0.000000,0.198000,0.000000,0.000000,0.000000,0.000000,0.000000,0.000000
1778064156.305629,manual_slider,1,1,0,0.000000,0.000000,0.000000,0.000000,0.000000,0.000000,0.198000,0.000000,0.876000,0.000000,0.198000,0.000000,0.000000,0.000000,0.000000,0.000000,0.000000
1778064156.355523,manual_slider,1,1,0,0.000000,0.000000,0.000000,0.000000,0.000000,0.000000,0.198000,0.000000,0.000000,0.000000,0.198000,0.000000,0.000000,0.000000,0.000000,0.000000,0.000000
1778064156.405741,manual_slider,1,1,0,0.000000,0.000000,0.000000,0.000000,0.000000,0.000000,0.198000,0.000000,0.000000,0.000000,0.198000,0.000000,0.000000,0.000000,0.000000,0.000000,0.000000
1778064156.455472,manual_slider,1,1,0,0.000000,0.000000,0.000000,0.000000,0.000000,0.000000,0.198000,0.000000,0.000000,0.000000,0.198000,0.000000,0.000000,0.000000,0.000000,0.000000,0.000000
1778064156.505378,manual_slider,1,1,0,0.000000,0.000000,0.000000,0.000000,0.000000,0.000000,0.198000,0.000000,0.000000,0.000000,0.198000,0.000000,0.000000,0.000000,0.000000,0.000000,0.000000
1778064156.555581,manual_slider,1,1,0,0.000000,0.000000,0.000000,0.000000,0.000000,0.000000,0.198000,0.000000,0.000000,0.000000,0.198000,0.000000,0.000000,0.000000,0.000000,0.000000,0.000000
1778064156.605513,manual_slider,1,1,0,0.000000,0.000000,0.000000,0.000000,0.000000,0.000000,0.198000,0.000000,0.000000,0.000000,0.198000,0.000000,0.000000,0.000000,0.000000,0.000000,0.000000
1778064156.656980,manual_slider,1,1,0,0.000000,0.000000,0.000000,0.000000,0.000000,0.000000,0.198000,0.000000,0.000000,0.000000,0.198000,0.000000,0.000000,0.000000,0.000000,0.000000,0.000000
1778064156.705718,manual_slider,1,1,0,0.000000,0.000000,0.000000,0.000000,0.000000,0.000000,0.198000,0.000000,0.000000,0.000000,0.198000,0.000000,0.000000,0.000000,0.000000,0.000000,0.000000
1778064156.759142,manual_slider,1,1,0,0.000000,0.000000,0.000000,0.000000,0.000000,0.000000,0.198000,0.000000,0.000000,0.000000,0.198000,0.000000,0.000000,0.000000,0.000000,0.000000,0.000000
1778064156.805601,manual_slider,1,1,0,0.000000,0.000000,0.000000,0.000000,0.000000,0.000000,0.198000,0.000000,0.000000,0.000000,0.198000,0.000000,0.000000,0.000000,0.000000,0.000000,0.000000
1778064156.855705,manual_slider,1,1,0,0.000000,0.000000,0.000000,0.000000,0.000000,0.000000,0.198000,0.000000,0.000000,0.000000,0.198000,0.000000,0.000000,0.000000,0.000000,0.000000,0.000000
1778064156.905835,manual_slider,1,1,0,0.000000,0.000000,0.000000,0.000000,0.000000,0.000000,0.198000,0.000000,0.000000,0.000000,0.198000,0.000000,0.000000,0.000000,0.000000,0.000000,0.000000
1778064156.955589,manual_slider,1,1,0,0.000000,0.000000,0.000000,0.000000,0.000000,0.000000,0.198000,0.000000,0.000000,0.000000,0.198000,0.000000,0.000000,0.000000,0.000000,0.000000,0.000000
1778064157.006217,manual_slider,1,1,0,0.000000,0.000000,0.000000,0.000000,0.000000,0.000000,0.198000,0.000000,0.000000,0.000000,0.198000,0.000000,0.000000,0.000000,0.000000,0.000000,0.000000
1778064157.055827,manual_slider,1,1,0,0.000000,0.000000,0.000000,0.000000,0.000000,0.000000,0.198000,0.000000,0.000000,0.000000,0.198000,0.000000,0.000000,0.000000,0.000000,0.000000,0.000000
1778064157.107186,manual_slider,1,1,0,0.000000,0.000000,0.000000,0.000000,0.000000,0.000000,0.198000,0.000000,0.000000,0.000000,0.198000,0.000000,0.000000,0.000000,0.000000,0.000000,0.000000
1778064157.155524,manual_slider,1,1,0,0.000000,0.000000,0.000000,0.000000,0.000000,0.000000,0.198000,0.000000,0.000000,0.000000,0.198000,0.000000,0.000000,0.000000,0.000000,0.000000,0.000000
1778064157.205588,manual_slider,1,1,0,0.000000,0.000000,0.000000,0.000000,0.000000,0.000000,0.198000,0.000000,0.000000,0.000000,0.198000,0.000000,0.000000,0.000000,0.000000,0.000000,0.000000
1778064157.255609,manual_slider,1,1,0,0.000000,0.000000,0.000000,0.000000,0.000000,0.000000,0.198000,0.000000,0.000000,0.000000,0.198000,0.000000,0.000000,0.000000,0.000000,0.000000,0.000000
1778064157.305712,manual_slider,1,1,0,0.000000,0.000000,0.000000,0.000000,0.000000,0.000000,0.198000,0.000000,0.000000,0.000000,0.198000,0.000000,0.000000,0.000000,0.000000,0.000000,0.000000
1778064157.356759,manual_slider,1,1,0,0.000000,0.000000,0.000000,0.000000,0.000000,0.000000,0.198000,0.000000,0.000000,0.000000,0.198000,0.000000,0.000000,0.000000,0.000000,0.000000,0.000000
1778064157.406187,manual_slider,1,1,0,0.000000,0.000000,0.000000,0.000000,0.000000,0.000000,0.198000,0.000000,0.000000,0.000000,0.198000,0.000000,0.000000,0.000000,0.000000,0.000000,0.000000
1778064157.455626,manual_slider,1,1,0,0.000000,0.000000,0.000000,0.000000,0.000000,0.000000,0.198000,0.000000,0.000000,0.000000,0.198000,0.000000,0.000000,0.000000,0.000000,0.000000,0.000000
1778064157.505848,manual_slider,1,1,0,0.000000,0.000000,0.000000,0.000000,0.000000,0.000000,0.198000,0.000000,0.000000,0.000000,0.198000,0.000000,0.000000,0.000000,0.000000,0.000000,0.000000
1778064157.555656,manual_slider,1,1,0,0.000000,0.000000,0.000000,0.000000,0.000000,0.000000,0.198000,0.000000,0.000000,0.000000,0.198000,0.000000,0.000000,0.000000,0.000000,0.000000,0.000000
1778064157.605703,manual_slider,1,1,0,0.000000,0.000000,0.000000,0.000000,0.000000,0.000000,0.198000,0.000000,0.000000,0.000000,0.198000,0.000000,0.000000,0.000000,0.000000,0.000000,0.000000
1778064157.655656,manual_slider,1,1,0,0.000000,0.000000,0.000000,0.000000,0.000000,0.000000,0.198000,0.000000,0.000000,0.000000,0.198000,0.000000,0.000000,0.000000,0.000000,0.000000,0.000000
1778064157.705782,manual_slider,1,1,0,0.000000,0.000000,0.000000,0.000000,0.000000,0.000000,0.198000,0.000000,0.000000,0.000000,0.198000,0.000000,0.000000,0.000000,0.000000,0.000000,0.000000
1778064157.755677,manual_slider,1,1,0,0.000000,0.000000,0.000000,0.000000,0.000000,0.000000,0.198000,0.000000,0.000000,0.000000,0.198000,0.000000,0.000000,0.000000,0.000000,0.000000,0.000000
1778064157.805505,manual_slider,1,1,0,0.000000,0.000000,0.000000,0.000000,0.000000,0.000000,0.198000,0.000000,0.000000,0.068000,0.198000,0.000000,0.000000,0.000000,0.000000,0.000000,0.000000
1778064157.855660,manual_slider,1,1,0,0.000000,0.000000,0.000000,0.000000,0.000000,0.000000,0.198000,0.000000,0.000000,0.252000,0.198000,0.000000,0.000000,0.000000,0.000000,0.000000,0.000000
1778064157.909428,manual_slider,1,1,0,0.000000,0.000000,0.000000,0.000000,0.000000,0.000000,0.198000,0.000000,0.000000,0.476000,0.198000,0.000000,0.000000,0.000000,0.000000,0.000000,0.000000
1778064157.955621,manual_slider,1,1,0,0.000000,0.000000,0.000000,0.000000,0.000000,0.000000,0.198000,0.000000,0.000000,0.568000,0.198000,0.000000,0.000000,0.000000,0.000000,0.000000,0.000000
1778064158.005872,manual_slider,1,1,0,0.000000,0.000000,0.000000,0.000000,0.000000,0.000000,0.198000,0.000000,0.000000,0.680000,0.198000,0.000000,0.000000,0.000000,0.000000,0.000000,0.000000
1778064158.055677,manual_slider,1,1,0,0.000000,0.000000,0.000000,0.000000,0.000000,0.000000,0.198000,0.000000,0.000000,0.752000,0.198000,0.000000,0.000000,0.000000,0.000000,0.000000,0.000000
1778064158.105570,manual_slider,1,1,0,0.000000,0.000000,0.000000,0.000000,0.000000,0.000000,0.198000,0.000000,0.000000,0.820000,0.198000,0.000000,0.000000,0.000000,0.000000,0.000000,0.000000
1778064158.155685,manual_slider,1,1,0,0.000000,0.000000,0.000000,0.000000,0.000000,0.000000,0.198000,0.000000,0.000000,0.908000,0.198000,0.000000,0.000000,0.000000,0.000000,0.000000,0.000000
1778064158.208485,manual_slider,1,1,0,0.000000,0.000000,0.000000,0.000000,0.000000,0.000000,0.198000,0.000000,0.000000,0.956000,0.198000,0.000000,0.000000,0.000000,0.000000,0.000000,0.000000
1778064158.255806,manual_slider,1,1,0,0.000000,0.000000,0.000000,0.000000,0.000000,0.000000,0.198000,0.000000,0.000000,1.024000,0.198000,0.000000,0.000000,0.000000,0.000000,0.000000,0.000000
1778064158.305644,manual_slider,1,1,0,0.000000,0.000000,0.000000,0.000000,0.000000,0.000000,0.198000,0.000000,0.000000,1.136000,0.198000,0.000000,0.000000,0.000000,0.000000,0.000000,0.000000
1778064158.355805,manual_slider,1,1,0,0.000000,0.000000,0.000000,0.000000,0.000000,0.000000,0.198000,0.000000,0.000000,1.204000,0.198000,0.000000,0.000000,0.000000,0.000000,0.000000,0.000000
1778064158.406840,manual_slider,1,1,0,0.000000,0.000000,0.000000,0.000000,0.000000,0.000000,0.198000,0.000000,0.000000,1.252000,0.198000,0.000000,0.000000,0.000000,0.000000,0.000000,0.000000
1778064158.455752,manual_slider,1,1,0,0.000000,0.000000,0.000000,0.000000,0.000000,0.000000,0.198000,0.000000,0.000000,1.272000,0.198000,0.000000,0.000000,0.000000,0.000000,0.000000,0.000000
1778064158.505726,manual_slider,1,1,0,0.000000,0.000000,0.000000,0.000000,0.000000,0.000000,0.198000,0.000000,0.000000,1.296000,0.198000,0.000000,0.000000,0.000000,0.000000,0.000000,0.000000
1778064158.555715,manual_slider,1,1,0,0.000000,0.000000,0.000000,0.000000,0.000000,0.000000,0.198000,0.000000,0.000000,1.272000,0.198000,0.000000,0.000000,0.000000,0.000000,0.000000,0.000000
1778064158.605711,manual_slider,1,1,0,0.000000,0.000000,0.000000,0.000000,0.000000,0.000000,0.198000,0.000000,0.000000,1.092000,0.198000,0.000000,0.000000,0.000000,0.000000,0.000000,0.000000
1778064158.656089,manual_slider,1,1,0,0.000000,0.000000,0.000000,0.000000,0.000000,0.000000,0.198000,0.000000,0.000000,1.000000,0.198000,0.000000,0.000000,0.000000,0.000000,0.000000,0.000000
1778064158.705622,manual_slider,1,1,0,0.000000,0.000000,0.000000,0.000000,0.000000,0.000000,0.198000,0.000000,0.000000,0.908000,0.198000,0.000000,0.000000,0.000000,0.000000,0.000000,0.000000
1778064158.758179,manual_slider,1,1,0,0.000000,0.000000,0.000000,0.000000,0.000000,0.000000,0.198000,0.000000,0.000000,0.796000,0.198000,0.000000,0.000000,0.000000,0.000000,0.000000,0.000000
1778064158.806144,manual_slider,1,1,0,0.000000,0.000000,0.000000,0.000000,0.000000,0.000000,0.198000,0.000000,0.000000,0.568000,0.198000,0.000000,0.000000,0.000000,0.000000,0.000000,0.000000
1778064158.855675,manual_slider,1,1,0,0.000000,0.000000,0.000000,0.000000,0.000000,0.000000,0.198000,0.000000,0.000000,0.408000,0.198000,0.000000,0.000000,0.000000,0.000000,0.000000,0.000000
1778064158.905716,manual_slider,1,1,0,0.000000,0.000000,0.000000,0.000000,0.000000,0.000000,0.198000,0.000000,0.000000,0.136000,0.198000,0.000000,0.000000,0.000000,0.000000,0.000000,0.000000
1778064158.955615,manual_slider,1,1,0,0.000000,0.000000,0.000000,0.000000,0.000000,0.000000,0.198000,0.000000,0.000000,-0.068000,0.198000,0.000000,0.000000,0.000000,0.000000,0.000000,0.000000
1778064159.005491,manual_slider,1,1,0,0.000000,0.000000,0.000000,0.000000,0.000000,0.000000,0.198000,0.000000,0.000000,-0.228000,0.198000,0.000000,0.000000,0.000000,0.000000,0.000000,0.000000
1778064159.055524,manual_slider,1,1,0,0.000000,0.000000,0.000000,0.000000,0.000000,0.000000,0.198000,0.000000,0.000000,-0.408000,0.198000,0.000000,0.000000,0.000000,0.000000,0.000000,0.000000
1778064159.105516,manual_slider,1,1,0,0.000000,0.000000,0.000000,0.000000,0.000000,0.000000,0.198000,0.000000,0.000000,-0.500000,0.198000,0.000000,0.000000,0.000000,0.000000,0.000000,0.000000
1778064159.157257,manual_slider,1,1,0,0.000000,0.000000,0.000000,0.000000,0.000000,0.000000,0.198000,0.000000,0.000000,-0.820000,0.198000,0.000000,0.000000,0.000000,0.000000,0.000000,0.000000
1778064159.207126,manual_slider,1,1,0,0.000000,0.000000,0.000000,0.000000,0.000000,0.000000,0.198000,0.000000,0.000000,-1.044000,0.198000,0.000000,0.000000,0.000000,0.000000,0.000000,0.000000
1778064159.256770,manual_slider,1,1,0,0.000000,0.000000,0.000000,0.000000,0.000000,0.000000,0.198000,0.000000,0.000000,-1.180000,0.198000,0.000000,0.000000,0.000000,0.000000,0.000000,0.000000
1778064159.305554,manual_slider,1,1,0,0.000000,0.000000,0.000000,0.000000,0.000000,0.000000,0.198000,0.000000,0.000000,-1.248000,0.198000,0.000000,0.000000,0.000000,0.000000,0.000000,0.000000
1778064159.355868,manual_slider,1,1,0,0.000000,0.000000,0.000000,0.000000,0.000000,0.000000,0.198000,0.000000,0.000000,-1.320000,0.198000,0.000000,0.000000,0.000000,0.000000,0.000000,0.000000
1778064159.406631,manual_slider,1,1,0,0.000000,0.000000,0.000000,0.000000,0.000000,0.000000,0.198000,0.000000,0.000000,-1.364000,0.198000,0.000000,0.000000,0.000000,0.000000,0.000000,0.000000
1778064159.455680,manual_slider,1,1,0,0.000000,0.000000,0.000000,0.000000,0.000000,0.000000,0.198000,0.000000,0.000000,-1.408000,0.198000,0.000000,0.000000,0.000000,0.000000,0.000000,0.000000
1778064159.505722,manual_slider,1,1,0,0.000000,0.000000,0.000000,0.000000,0.000000,0.000000,0.198000,0.000000,0.000000,-1.432000,0.198000,0.000000,0.000000,0.000000,0.000000,0.000000,0.000000
1778064159.555679,manual_slider,1,1,0,0.000000,0.000000,0.000000,0.000000,0.000000,0.000000,0.198000,0.000000,0.000000,-1.364000,0.198000,0.000000,0.000000,0.000000,0.000000,0.000000,0.000000
1778064159.605655,manual_slider,1,1,0,0.000000,0.000000,0.000000,0.000000,0.000000,0.000000,0.198000,0.000000,0.000000,-1.204000,0.198000,0.000000,0.000000,0.000000,0.000000,0.000000,0.000000
1778064159.655544,manual_slider,1,1,0,0.000000,0.000000,0.000000,0.000000,0.000000,0.000000,0.198000,0.000000,0.000000,-1.024000,0.198000,0.000000,0.000000,0.000000,0.000000,0.000000,0.000000
1778064159.705629,manual_slider,1,1,0,0.000000,0.000000,0.000000,0.000000,0.000000,0.000000,0.198000,0.000000,0.000000,-0.956000,0.198000,0.000000,0.000000,0.000000,0.000000,0.000000,0.000000
1778064159.756121,manual_slider,1,1,0,0.000000,0.000000,0.000000,0.000000,0.000000,0.000000,0.198000,0.000000,0.000000,-0.820000,0.198000,0.000000,0.000000,0.000000,0.000000,0.000000,0.000000
1778064159.805630,manual_slider,1,1,0,0.000000,0.000000,0.000000,0.000000,0.000000,0.000000,0.198000,0.000000,0.000000,-0.728000,0.198000,0.000000,0.000000,0.000000,0.000000,0.000000,0.000000
1778064159.856198,manual_slider,1,1,0,0.000000,0.000000,0.000000,0.000000,0.000000,0.000000,0.198000,0.000000,0.000000,-0.568000,0.198000,0.000000,0.000000,0.000000,0.000000,0.000000,0.000000
1778064159.905519,manual_slider,1,1,0,0.000000,0.000000,0.000000,0.000000,0.000000,0.000000,0.198000,0.000000,0.000000,-0.408000,0.198000,0.000000,0.000000,0.000000,0.000000,0.000000,0.000000
1778064159.955521,manual_slider,1,1,0,0.000000,0.000000,0.000000,0.000000,0.000000,0.000000,0.198000,0.000000,0.000000,-0.228000,0.198000,0.000000,0.000000,0.000000,0.000000,0.000000,0.000000
1778064160.005577,manual_slider,1,1,0,0.000000,0.000000,0.000000,0.000000,0.000000,0.000000,0.198000,0.000000,0.000000,-0.068000,0.198000,0.000000,0.000000,0.000000,0.000000,0.000000,0.000000
1778064160.055822,manual_slider,1,1,0,0.000000,0.000000,0.000000,0.000000,0.000000,0.000000,0.198000,0.000000,0.000000,0.136000,0.198000,0.000000,0.000000,0.000000,0.000000,0.000000,0.000000
1778064160.105316,manual_slider,1,1,0,0.000000,0.000000,0.000000,0.000000,0.000000,0.000000,0.198000,0.000000,0.000000,0.296000,0.198000,0.000000,0.000000,0.000000,0.000000,0.000000,0.000000
1778064160.155538,manual_slider,1,1,0,0.000000,0.000000,0.000000,0.000000,0.000000,0.000000,0.198000,0.000000,0.000000,0.456000,0.198000,0.000000,0.000000,0.000000,0.000000,0.000000,0.000000
1778064160.205746,manual_slider,1,1,0,0.000000,0.000000,0.000000,0.000000,0.000000,0.000000,0.198000,0.000000,0.000000,0.612000,0.198000,0.000000,0.000000,0.000000,0.000000,0.000000,0.000000
1778064160.255526,manual_slider,1,1,0,0.000000,0.000000,0.000000,0.000000,0.000000,0.000000,0.198000,0.000000,0.000000,0.704000,0.198000,0.000000,0.000000,0.000000,0.000000,0.000000,0.000000
1778064160.305467,manual_slider,1,1,0,0.000000,0.000000,0.000000,0.000000,0.000000,0.000000,0.198000,0.000000,0.000000,0.888000,0.198000,0.000000,0.000000,0.000000,0.000000,0.000000,0.000000
1778064160.355669,manual_slider,1,1,0,0.000000,0.000000,0.000000,0.000000,0.000000,0.000000,0.198000,0.000000,0.000000,1.112000,0.198000,0.000000,0.000000,0.000000,0.000000,0.000000,0.000000
1778064160.405716,manual_slider,1,1,0,0.000000,0.000000,0.000000,0.000000,0.000000,0.000000,0.198000,0.000000,0.000000,1.296000,0.198000,0.000000,0.000000,0.000000,0.000000,0.000000,0.000000
1778064160.455472,manual_slider,1,1,0,0.000000,0.000000,0.000000,0.000000,0.000000,0.000000,0.198000,0.000000,0.000000,1.364000,0.198000,0.000000,0.000000,0.000000,0.000000,0.000000,0.000000
1778064160.506744,manual_slider,1,1,0,0.000000,0.000000,0.000000,0.000000,0.000000,0.000000,0.198000,0.000000,0.000000,1.432000,0.198000,0.000000,0.000000,0.000000,0.000000,0.000000,0.000000
1778064160.555963,manual_slider,1,1,0,0.000000,0.000000,0.000000,0.000000,0.000000,0.000000,0.198000,0.000000,0.000000,1.568000,0.198000,0.000000,0.000000,0.000000,0.000000,0.000000,0.000000
1778064160.605672,manual_slider,1,1,0,0.000000,0.000000,0.000000,0.000000,0.000000,0.000000,0.198000,0.000000,0.000000,1.612000,0.198000,0.000000,0.000000,0.000000,0.000000,0.000000,0.000000
1778064160.655610,manual_slider,1,1,0,0.000000,0.000000,0.000000,0.000000,0.000000,0.000000,0.198000,0.000000,0.000000,1.660000,0.198000,0.000000,0.000000,0.000000,0.000000,0.000000,0.000000
1778064160.705557,manual_slider,1,1,0,0.000000,0.000000,0.000000,0.000000,0.000000,0.000000,0.198000,0.000000,0.000000,1.680000,0.198000,0.000000,0.000000,0.000000,0.000000,0.000000,0.000000
1778064160.755659,manual_slider,1,1,0,0.000000,0.000000,0.000000,0.000000,0.000000,0.000000,0.198000,0.000000,0.000000,1.704000,0.198000,0.000000,0.000000,0.000000,0.000000,0.000000,0.000000
1778064160.805615,manual_slider,1,1,0,0.000000,0.000000,0.000000,0.000000,0.000000,0.000000,0.198000,0.000000,0.000000,1.704000,0.198000,0.000000,0.000000,0.000000,0.000000,0.000000,0.000000
1778064160.856442,manual_slider,1,1,0,0.000000,0.000000,0.000000,0.000000,0.000000,0.000000,0.198000,0.000000,0.000000,1.704000,0.198000,0.000000,0.000000,0.000000,0.000000,0.000000,0.000000
1778064160.905972,manual_slider,1,1,0,0.000000,0.000000,0.000000,0.000000,0.000000,0.000000,0.198000,0.000000,0.000000,1.704000,0.198000,0.000000,0.000000,0.000000,0.000000,0.000000,0.000000
1778064160.956146,manual_slider,1,1,0,0.000000,0.000000,0.000000,0.000000,0.000000,0.000000,0.198000,0.000000,0.000000,1.704000,0.198000,0.000000,0.000000,0.000000,0.000000,0.000000,0.000000
1778064161.007793,manual_slider,1,1,0,0.000000,0.000000,0.000000,0.000000,0.000000,0.000000,0.198000,0.000000,0.000000,1.704000,0.198000,0.000000,0.000000,0.000000,0.000000,0.000000,0.000000
1778064161.056500,manual_slider,1,1,0,0.000000,0.000000,0.000000,0.000000,0.000000,0.000000,0.198000,0.000000,0.000000,1.704000,0.198000,0.000000,0.000000,0.000000,0.000000,0.000000,0.000000
1778064161.105878,manual_slider,1,1,0,0.000000,0.000000,0.000000,0.000000,0.000000,0.000000,0.198000,0.000000,0.000000,1.704000,0.198000,0.000000,0.000000,0.000000,0.000000,0.000000,0.000000
1778064161.155598,manual_slider,1,1,0,0.000000,0.000000,0.000000,0.000000,0.000000,0.000000,0.198000,0.000000,0.000000,1.704000,0.198000,0.000000,0.000000,0.000000,0.000000,0.000000,0.000000
1778064161.205702,manual_slider,1,1,0,0.000000,0.000000,0.000000,0.000000,0.000000,0.000000,0.198000,0.000000,0.000000,1.704000,0.198000,0.000000,0.000000,0.000000,0.000000,0.000000,0.000000
1778064161.255789,manual_slider,1,1,0,0.000000,0.000000,0.000000,0.000000,0.000000,0.000000,0.198000,0.000000,0.000000,1.704000,0.198000,0.000000,0.000000,0.000000,0.000000,0.000000,0.000000
1778064161.308335,manual_slider,1,1,0,0.000000,0.000000,0.000000,0.000000,0.000000,0.000000,0.198000,0.000000,0.000000,1.704000,0.198000,0.000000,0.000000,0.000000,0.000000,0.000000,0.000000
1778064161.355651,manual_slider,1,1,0,0.000000,0.000000,0.000000,0.000000,0.000000,0.000000,0.198000,0.000000,0.000000,1.704000,0.198000,0.000000,0.000000,0.000000,0.000000,0.000000,0.000000
1778064161.405597,manual_slider,1,1,0,0.000000,0.000000,0.000000,0.000000,0.000000,0.000000,0.198000,0.000000,0.000000,1.704000,0.198000,0.000000,0.000000,0.000000,0.000000,0.000000,0.000000
1778064161.455573,manual_slider,1,1,0,0.000000,0.000000,0.000000,0.000000,0.000000,0.000000,0.198000,0.000000,0.000000,1.704000,0.198000,0.000000,0.000000,0.000000,0.000000,0.000000,0.000000
1778064161.505880,manual_slider,1,1,0,0.000000,0.000000,0.000000,0.000000,0.000000,0.000000,0.198000,0.000000,0.000000,1.704000,0.198000,0.000000,0.000000,0.000000,0.000000,0.000000,0.000000
1778064161.557225,manual_slider,1,1,0,0.000000,0.000000,0.000000,0.000000,0.000000,0.000000,0.198000,0.000000,0.000000,1.704000,0.198000,0.000000,0.000000,0.000000,0.000000,0.000000,0.000000
1778064161.605622,manual_slider,1,1,0,0.000000,0.000000,0.000000,0.000000,0.000000,0.000000,0.198000,0.000000,0.000000,0.000000,0.198000,0.000000,0.000000,0.000000,0.000000,0.000000,0.000000
1778064161.655667,manual_slider,1,1,0,0.000000,0.000000,0.000000,0.000000,0.000000,0.000000,0.198000,0.000000,0.000000,0.000000,0.198000,0.000000,0.000000,0.000000,0.000000,0.000000,0.000000
1778064161.706198,manual_slider,1,1,0,0.000000,0.000000,0.000000,0.000000,0.000000,0.000000,0.198000,0.000000,0.000000,0.000000,0.198000,0.000000,0.000000,0.000000,0.000000,0.000000,0.000000
1778064161.755911,manual_slider,1,1,0,0.000000,0.000000,0.000000,0.000000,0.000000,0.000000,0.198000,0.000000,0.000000,0.000000,0.198000,0.000000,0.000000,0.000000,0.000000,0.000000,0.000000
1778064161.805606,manual_slider,1,1,0,0.000000,0.000000,0.000000,0.000000,0.000000,0.000000,0.198000,0.000000,0.000000,0.000000,0.198000,0.000000,0.000000,0.000000,0.000000,0.000000,0.000000
1778064161.855603,manual_slider,1,1,0,0.000000,0.000000,0.000000,0.000000,0.000000,0.000000,0.198000,0.000000,0.000000,0.000000,0.198000,0.000000,0.000000,0.000000,0.000000,0.000000,0.000000
1778064161.906363,manual_slider,1,1,0,0.000000,0.000000,0.000000,0.000000,0.000000,0.000000,0.198000,0.000000,0.000000,0.000000,0.198000,0.000000,0.000000,0.000000,0.000000,0.000000,0.000000
1778064161.955469,manual_slider,1,1,0,0.000000,0.000000,0.000000,0.000000,0.000000,0.000000,0.198000,0.000000,0.000000,0.000000,0.198000,0.000000,0.000000,0.000000,0.000000,0.000000,0.000000
1778064162.005656,manual_slider,1,1,0,0.000000,0.000000,0.000000,0.000000,0.000000,0.000000,0.198000,0.000000,0.000000,0.000000,0.198000,0.000000,0.000000,0.000000,0.000000,0.000000,0.000000
1778064162.055549,manual_slider,1,1,0,0.000000,0.000000,0.000000,0.000000,0.000000,0.000000,0.198000,0.000000,0.000000,0.000000,0.198000,0.000000,0.000000,0.000000,0.000000,0.000000,0.000000
1778064162.105534,manual_slider,1,1,0,0.000000,0.000000,0.000000,0.000000,0.000000,0.000000,0.198000,0.000000,0.000000,0.000000,0.198000,0.000000,0.000000,0.000000,0.000000,0.000000,0.000000
1778064162.155559,manual_slider,1,1,0,0.000000,0.000000,0.000000,0.000000,0.000000,0.000000,0.198000,0.000000,0.000000,0.000000,0.198000,0.000000,0.000000,0.000000,0.000000,0.000000,0.000000
1778064162.205741,manual_slider,1,1,0,0.000000,0.000000,0.000000,0.000000,0.000000,0.000000,0.198000,0.000000,0.000000,0.000000,0.198000,0.000000,0.000000,0.000000,0.000000,0.000000,0.000000
1778064162.255590,manual_slider,1,1,0,0.000000,0.000000,0.000000,0.000000,0.000000,0.000000,0.198000,0.000000,0.000000,0.000000,0.198000,0.000000,0.000000,0.000000,0.000000,0.000000,0.000000
1778064162.305830,manual_slider,1,1,0,0.000000,0.000000,0.000000,0.000000,0.000000,0.000000,0.198000,0.000000,0.000000,0.000000,0.198000,0.000000,0.000000,0.000000,0.000000,0.000000,0.000000
1778064162.355905,manual_slider,1,1,0,0.000000,0.000000,0.000000,0.000000,0.000000,0.000000,0.198000,0.000000,0.000000,0.000000,0.198000,0.000000,0.000000,0.000000,0.000000,0.000000,0.000000
1778064162.405740,manual_slider,1,1,0,0.000000,0.000000,0.000000,0.000000,0.000000,0.000000,0.198000,0.000000,0.000000,0.000000,0.198000,0.000000,0.000000,0.000000,0.000000,0.000000,0.000000
1778064162.455669,manual_slider,1,1,0,0.000000,0.000000,0.000000,0.000000,0.000000,0.000000,0.198000,0.000000,0.000000,0.000000,0.198000,0.000000,0.000000,0.000000,0.000000,0.000000,0.000000
1778064162.505554,manual_slider,1,1,0,0.000000,0.000000,0.000000,0.000000,0.000000,0.000000,0.198000,0.000000,0.000000,0.000000,0.198000,0.000000,0.000000,0.000000,0.000000,0.000000,0.000000
1778064162.555658,manual_slider,1,1,0,0.000000,0.000000,0.000000,0.000000,0.000000,0.000000,0.198000,0.000000,0.000000,0.000000,0.198000,0.000000,0.000000,0.000000,0.000000,0.000000,0.000000
1778064162.605879,manual_slider,1,1,0,0.000000,0.000000,0.000000,0.000000,0.000000,0.000000,0.198000,0.000000,0.000000,0.000000,0.294800,0.000000,0.000000,0.000000,0.000000,0.000000,0.000000
1778064162.655654,manual_slider,1,1,0,0.000000,0.000000,0.000000,0.000000,0.000000,0.000000,0.198000,0.000000,0.000000,0.000000,0.668800,0.000000,0.000000,0.000000,0.000000,0.000000,0.000000
1778064162.707547,manual_slider,1,1,0,0.000000,0.000000,0.000000,0.000000,0.000000,0.000000,0.198000,0.000000,0.000000,0.000000,0.840400,0.000000,0.000000,0.000000,0.000000,0.000000,0.000000
1778064162.756288,manual_slider,1,1,0,0.000000,0.000000,0.000000,0.000000,0.000000,0.000000,0.198000,0.000000,0.000000,0.000000,1.012000,0.000000,0.000000,0.000000,0.000000,0.000000,0.000000
1778064162.806722,manual_slider,1,1,0,0.000000,0.000000,0.000000,0.000000,0.000000,0.000000,0.198000,0.000000,0.000000,0.000000,1.086800,0.000000,0.000000,0.000000,0.000000,0.000000,0.000000
1778064162.855636,manual_slider,1,1,0,0.000000,0.000000,0.000000,0.000000,0.000000,0.000000,0.198000,0.000000,0.000000,0.000000,1.210000,0.000000,0.000000,0.000000,0.000000,0.000000,0.000000
1778064162.905701,manual_slider,1,1,0,0.000000,0.000000,0.000000,0.000000,0.000000,0.000000,0.198000,0.000000,0.000000,0.000000,1.359600,0.000000,0.000000,0.000000,0.000000,0.000000,0.000000
1778064162.955670,manual_slider,1,1,0,0.000000,0.000000,0.000000,0.000000,0.000000,0.000000,0.198000,0.000000,0.000000,0.000000,1.482800,0.000000,0.000000,0.000000,0.000000,0.000000,0.000000
1778064163.005719,manual_slider,1,1,0,0.000000,0.000000,0.000000,0.000000,0.000000,0.000000,0.198000,0.000000,0.000000,0.000000,1.632400,0.000000,0.000000,0.000000,0.000000,0.000000,0.000000
1778064163.059325,manual_slider,1,1,0,0.000000,0.000000,0.000000,0.000000,0.000000,0.000000,0.198000,0.000000,0.000000,0.000000,1.755600,0.000000,0.000000,0.000000,0.000000,0.000000,0.000000
1778064163.105623,manual_slider,1,1,0,0.000000,0.000000,0.000000,0.000000,0.000000,0.000000,0.198000,0.000000,0.000000,0.000000,1.830400,0.000000,0.000000,0.000000,0.000000,0.000000,0.000000
1778064163.155662,manual_slider,1,1,0,0.000000,0.000000,0.000000,0.000000,0.000000,0.000000,0.198000,0.000000,0.000000,0.000000,1.953600,0.000000,0.000000,0.000000,0.000000,0.000000,0.000000
1778064163.205718,manual_slider,1,1,0,0.000000,0.000000,0.000000,0.000000,0.000000,0.000000,0.198000,0.000000,0.000000,0.000000,2.050400,0.000000,0.000000,0.000000,0.000000,0.000000,0.000000
1778064163.255626,manual_slider,1,1,0,0.000000,0.000000,0.000000,0.000000,0.000000,0.000000,0.198000,0.000000,0.000000,0.000000,2.125200,0.000000,0.000000,0.000000,0.000000,0.000000,0.000000
1778064163.305599,manual_slider,1,1,0,0.000000,0.000000,0.000000,0.000000,0.000000,0.000000,0.198000,0.000000,0.000000,0.000000,2.151600,0.000000,0.000000,0.000000,0.000000,0.000000,0.000000
1778064163.357396,manual_slider,1,1,0,0.000000,0.000000,0.000000,0.000000,0.000000,0.000000,0.198000,0.000000,0.000000,0.000000,1.905200,0.000000,0.000000,0.000000,0.000000,0.000000,0.000000
1778064163.405855,manual_slider,1,1,0,0.000000,0.000000,0.000000,0.000000,0.000000,0.000000,0.198000,0.000000,0.000000,0.000000,1.509200,0.000000,0.000000,0.000000,0.000000,0.000000,0.000000
1778064163.456116,manual_slider,1,1,0,0.000000,0.000000,0.000000,0.000000,0.000000,0.000000,0.198000,0.000000,0.000000,0.000000,1.236400,0.000000,0.000000,0.000000,0.000000,0.000000,0.000000
1778064163.505607,manual_slider,1,1,0,0.000000,0.000000,0.000000,0.000000,0.000000,0.000000,0.198000,0.000000,0.000000,0.000000,0.888800,0.000000,0.000000,0.000000,0.000000,0.000000,0.000000
1778064163.555843,manual_slider,1,1,0,0.000000,0.000000,0.000000,0.000000,0.000000,0.000000,0.198000,0.000000,0.000000,0.000000,0.492800,0.000000,0.000000,0.000000,0.000000,0.000000,0.000000
1778064163.605566,manual_slider,1,1,0,0.000000,0.000000,0.000000,0.000000,0.000000,0.000000,0.198000,0.000000,0.000000,0.000000,0.026400,0.000000,0.000000,0.000000,0.000000,0.000000,0.000000
1778064163.655603,manual_slider,1,1,0,0.000000,0.000000,0.000000,0.000000,0.000000,0.000000,0.198000,0.000000,0.000000,0.000000,-0.294800,0.000000,0.000000,0.000000,0.000000,0.000000,0.000000
1778064163.705491,manual_slider,1,1,0,0.000000,0.000000,0.000000,0.000000,0.000000,0.000000,0.198000,0.000000,0.000000,0.000000,-0.668800,0.000000,0.000000,0.000000,0.000000,0.000000,0.000000
1778064163.757253,manual_slider,1,1,0,0.000000,0.000000,0.000000,0.000000,0.000000,0.000000,0.198000,0.000000,0.000000,0.000000,-1.012000,0.000000,0.000000,0.000000,0.000000,0.000000,0.000000
1778064163.805602,manual_slider,1,1,0,0.000000,0.000000,0.000000,0.000000,0.000000,0.000000,0.198000,0.000000,0.000000,0.000000,-1.284800,0.000000,0.000000,0.000000,0.000000,0.000000,0.000000
1778064163.855586,manual_slider,1,1,0,0.000000,0.000000,0.000000,0.000000,0.000000,0.000000,0.198000,0.000000,0.000000,0.000000,-1.434400,0.000000,0.000000,0.000000,0.000000,0.000000,0.000000
1778064163.905825,manual_slider,1,1,0,0.000000,0.000000,0.000000,0.000000,0.000000,0.000000,0.198000,0.000000,0.000000,0.000000,-1.531200,0.000000,0.000000,0.000000,0.000000,0.000000,0.000000
1778064163.956431,manual_slider,1,1,0,0.000000,0.000000,0.000000,0.000000,0.000000,0.000000,0.198000,0.000000,0.000000,0.000000,-1.632400,0.000000,0.000000,0.000000,0.000000,0.000000,0.000000
1778064164.005604,manual_slider,1,1,0,0.000000,0.000000,0.000000,0.000000,0.000000,0.000000,0.198000,0.000000,0.000000,0.000000,-1.707200,0.000000,0.000000,0.000000,0.000000,0.000000,0.000000
1778064164.055854,manual_slider,1,1,0,0.000000,0.000000,0.000000,0.000000,0.000000,0.000000,0.198000,0.000000,0.000000,0.000000,-1.755600,0.000000,0.000000,0.000000,0.000000,0.000000,0.000000
1778064164.106580,manual_slider,1,1,0,0.000000,0.000000,0.000000,0.000000,0.000000,0.000000,0.198000,0.000000,0.000000,0.000000,-1.755600,0.000000,0.000000,0.000000,0.000000,0.000000,0.000000
1778064164.155713,manual_slider,1,1,0,0.000000,0.000000,0.000000,0.000000,0.000000,0.000000,0.198000,0.000000,0.000000,0.000000,-1.632400,0.000000,0.000000,0.000000,0.000000,0.000000,0.000000
1778064164.205623,manual_slider,1,1,0,0.000000,0.000000,0.000000,0.000000,0.000000,0.000000,0.198000,0.000000,0.000000,0.000000,-1.456400,0.000000,0.000000,0.000000,0.000000,0.000000,0.000000
1778064164.255823,manual_slider,1,1,0,0.000000,0.000000,0.000000,0.000000,0.000000,0.000000,0.198000,0.000000,0.000000,0.000000,-1.333200,0.000000,0.000000,0.000000,0.000000,0.000000,0.000000
1778064164.305680,manual_slider,1,1,0,0.000000,0.000000,0.000000,0.000000,0.000000,0.000000,0.198000,0.000000,0.000000,0.000000,-1.161600,0.000000,0.000000,0.000000,0.000000,0.000000,0.000000
1778064164.355639,manual_slider,1,1,0,0.000000,0.000000,0.000000,0.000000,0.000000,0.000000,0.198000,0.000000,0.000000,0.000000,-0.866800,0.000000,0.000000,0.000000,0.000000,0.000000,0.000000
1778064164.408347,manual_slider,1,1,0,0.000000,0.000000,0.000000,0.000000,0.000000,0.000000,0.198000,0.000000,0.000000,0.000000,-0.545600,0.000000,0.000000,0.000000,0.000000,0.000000,0.000000
1778064164.455444,manual_slider,1,1,0,0.000000,0.000000,0.000000,0.000000,0.000000,0.000000,0.198000,0.000000,0.000000,0.000000,-0.224400,0.000000,0.000000,0.000000,0.000000,0.000000,0.000000
1778064164.505758,manual_slider,1,1,0,0.000000,0.000000,0.000000,0.000000,0.000000,0.000000,0.198000,0.000000,0.000000,0.000000,0.171600,0.000000,0.000000,0.000000,0.000000,0.000000,0.000000
1778064164.555583,manual_slider,1,1,0,0.000000,0.000000,0.000000,0.000000,0.000000,0.000000,0.198000,0.000000,0.000000,0.000000,0.545600,0.000000,0.000000,0.000000,0.000000,0.000000,0.000000
1778064164.605755,manual_slider,1,1,0,0.000000,0.000000,0.000000,0.000000,0.000000,0.000000,0.198000,0.000000,0.000000,0.000000,0.765600,0.000000,0.000000,0.000000,0.000000,0.000000,0.000000
1778064164.655648,manual_slider,1,1,0,0.000000,0.000000,0.000000,0.000000,0.000000,0.000000,0.198000,0.000000,0.000000,0.000000,0.963600,0.000000,0.000000,0.000000,0.000000,0.000000,0.000000
1778064164.705590,manual_slider,1,1,0,0.000000,0.000000,0.000000,0.000000,0.000000,0.000000,0.198000,0.000000,0.000000,0.000000,1.038400,0.000000,0.000000,0.000000,0.000000,0.000000,0.000000
1778064164.755751,manual_slider,1,1,0,0.000000,0.000000,0.000000,0.000000,0.000000,0.000000,0.198000,0.000000,0.000000,0.000000,1.236400,0.000000,0.000000,0.000000,0.000000,0.000000,0.000000
1778064164.805639,manual_slider,1,1,0,0.000000,0.000000,0.000000,0.000000,0.000000,0.000000,0.198000,0.000000,0.000000,0.000000,1.386000,0.000000,0.000000,0.000000,0.000000,0.000000,0.000000
1778064164.855716,manual_slider,1,1,0,0.000000,0.000000,0.000000,0.000000,0.000000,0.000000,0.198000,0.000000,0.000000,0.000000,1.606000,0.000000,0.000000,0.000000,0.000000,0.000000,0.000000
1778064164.905642,manual_slider,1,1,0,0.000000,0.000000,0.000000,0.000000,0.000000,0.000000,0.198000,0.000000,0.000000,0.000000,1.729200,0.000000,0.000000,0.000000,0.000000,0.000000,0.000000
1778064164.955667,manual_slider,1,1,0,0.000000,0.000000,0.000000,0.000000,0.000000,0.000000,0.198000,0.000000,0.000000,0.000000,1.755600,0.000000,0.000000,0.000000,0.000000,0.000000,0.000000
1778064165.005531,manual_slider,1,1,0,0.000000,0.000000,0.000000,0.000000,0.000000,0.000000,0.198000,0.000000,0.000000,0.000000,1.777600,0.000000,0.000000,0.000000,0.000000,0.000000,0.000000
1778064165.062257,manual_slider,1,1,0,0.000000,0.000000,0.000000,0.000000,0.000000,0.000000,0.198000,0.000000,0.000000,0.000000,1.777600,0.000000,0.000000,0.000000,0.000000,0.000000,0.000000
1778064165.109052,manual_slider,1,1,0,0.000000,0.000000,0.000000,0.000000,0.000000,0.000000,0.198000,0.000000,0.000000,0.000000,1.755600,0.000000,0.000000,0.000000,0.000000,0.000000,0.000000
1778064165.155812,manual_slider,1,1,0,0.000000,0.000000,0.000000,0.000000,0.000000,0.000000,0.198000,0.000000,0.000000,0.000000,1.729200,0.000000,0.000000,0.000000,0.000000,0.000000,0.000000
1778064165.205633,manual_slider,1,1,0,0.000000,0.000000,0.000000,0.000000,0.000000,0.000000,0.198000,0.000000,0.000000,0.000000,1.729200,0.000000,0.000000,0.000000,0.000000,0.000000,0.000000
1778064165.255552,manual_slider,1,1,0,0.000000,0.000000,0.000000,0.000000,0.000000,0.000000,0.198000,0.000000,0.000000,0.000000,1.729200,0.000000,0.000000,0.000000,0.000000,0.000000,0.000000
1778064165.305684,manual_slider,1,1,0,0.000000,0.000000,0.000000,0.000000,0.000000,0.000000,0.198000,0.000000,0.000000,0.000000,1.729200,0.000000,0.000000,0.000000,0.000000,0.000000,0.000000
1778064165.356002,manual_slider,1,1,0,0.000000,0.000000,0.000000,0.000000,0.000000,0.000000,0.198000,0.000000,0.000000,0.000000,1.729200,0.000000,0.000000,0.000000,0.000000,0.000000,0.000000
1778064165.405740,manual_slider,1,1,0,0.000000,0.000000,0.000000,0.000000,0.000000,0.000000,0.198000,0.000000,0.000000,0.000000,0.198000,0.000000,0.000000,0.000000,0.000000,0.000000,0.000000
1778064165.455519,manual_slider,1,1,0,0.000000,0.000000,0.000000,0.000000,0.000000,0.000000,0.198000,0.000000,0.000000,0.000000,0.198000,0.000000,0.000000,0.000000,0.000000,0.000000,0.000000
1778064165.505678,manual_slider,1,1,0,0.000000,0.000000,0.000000,0.000000,0.000000,0.000000,0.198000,0.000000,0.000000,0.000000,0.198000,0.000000,0.000000,0.000000,0.000000,0.000000,0.000000
1778064165.555680,manual_slider,1,1,0,0.000000,0.000000,0.000000,0.000000,0.000000,0.000000,0.198000,0.000000,0.000000,0.000000,0.198000,0.000000,0.000000,0.000000,0.000000,0.000000,0.000000
1778064165.606294,manual_slider,1,1,0,0.000000,0.000000,0.000000,0.000000,0.000000,0.000000,0.198000,0.000000,0.000000,0.000000,0.198000,0.000000,0.000000,0.000000,0.000000,0.000000,0.000000
1778064165.655699,manual_slider,1,1,0,0.000000,0.000000,0.000000,0.000000,0.000000,0.000000,0.198000,0.000000,0.000000,0.000000,0.198000,0.000000,0.000000,0.000000,0.000000,0.000000,0.000000
1778064165.705966,manual_slider,1,1,0,0.000000,0.000000,0.000000,0.000000,0.000000,0.000000,0.198000,0.000000,0.000000,0.000000,0.198000,0.000000,0.000000,0.000000,0.000000,0.000000,0.000000
1778064165.757873,manual_slider,1,1,0,0.000000,0.000000,0.000000,0.000000,0.000000,0.000000,0.198000,0.000000,0.000000,0.000000,0.198000,0.000000,0.000000,0.000000,0.000000,0.000000,0.000000
1778064165.805750,manual_slider,1,1,0,0.000000,0.000000,0.000000,0.000000,0.000000,0.000000,0.198000,0.000000,0.000000,0.000000,0.198000,0.000000,0.000000,0.000000,0.000000,0.000000,0.000000
1778064165.855409,manual_slider,1,1,0,0.000000,0.000000,0.000000,0.000000,0.000000,0.000000,0.198000,0.000000,0.000000,0.000000,0.198000,0.000000,0.000000,0.000000,0.000000,0.000000,0.000000
1778064165.905678,manual_slider,1,1,0,0.000000,0.000000,0.000000,0.000000,0.000000,0.000000,0.198000,0.000000,0.000000,0.000000,0.198000,0.000000,0.000000,0.000000,0.000000,0.000000,0.000000
1778064165.955621,manual_slider,1,1,0,0.000000,0.000000,0.000000,0.000000,0.000000,0.000000,0.198000,0.000000,0.000000,0.000000,0.198000,0.000000,0.000000,0.000000,0.000000,0.000000,0.000000
1778064166.005443,manual_slider,1,1,0,0.000000,0.000000,0.000000,0.000000,0.000000,0.000000,0.198000,0.000000,0.000000,0.000000,0.198000,0.000000,0.000000,0.000000,0.000000,0.000000,0.000000
1778064166.055683,manual_slider,1,1,0,0.000000,0.000000,0.000000,0.000000,0.000000,0.000000,0.198000,0.000000,0.000000,0.000000,0.198000,0.000000,0.000000,0.000000,0.000000,0.000000,0.000000
1778064166.105711,manual_slider,1,1,0,0.000000,0.000000,0.000000,0.000000,0.000000,0.000000,0.198000,0.000000,0.000000,0.000000,0.198000,0.000000,0.000000,0.000000,0.000000,0.000000,0.000000
1778064166.155680,manual_slider,1,1,0,0.000000,0.000000,0.000000,0.000000,0.000000,0.000000,0.198000,0.000000,0.000000,0.000000,0.198000,0.000000,0.000000,0.000000,0.000000,0.000000,0.000000
1778064166.205596,manual_slider,1,1,0,0.000000,0.000000,0.000000,0.000000,0.000000,0.000000,0.198000,0.000000,0.000000,0.000000,0.198000,0.000000,0.000000,0.000000,0.000000,0.000000,0.000000
1778064166.255533,manual_slider,1,1,0,0.000000,0.000000,0.000000,0.000000,0.000000,0.000000,0.198000,0.000000,0.000000,0.000000,0.198000,0.000000,0.000000,0.000000,0.000000,0.000000,0.000000
1778064166.305580,manual_slider,1,1,0,0.000000,0.000000,0.000000,0.000000,0.000000,0.000000,0.198000,0.000000,0.000000,0.000000,0.198000,0.000000,0.000000,0.000000,0.000000,0.000000,0.000000
1778064166.355817,manual_slider,1,1,0,0.000000,0.000000,0.000000,0.000000,0.000000,0.000000,0.198000,0.000000,0.000000,0.000000,0.198000,0.000000,0.000000,0.000000,0.000000,0.000000,0.000000
1778064166.405981,manual_slider,1,1,0,0.000000,0.000000,0.000000,0.000000,0.000000,0.000000,0.198000,0.000000,0.000000,0.000000,0.198000,0.000000,0.000000,0.000000,0.000000,0.000000,0.000000
1778064166.455700,manual_slider,1,1,0,0.000000,0.000000,0.000000,0.000000,0.000000,0.000000,0.198000,0.000000,0.000000,0.000000,0.198000,0.000000,0.000000,0.000000,0.000000,0.000000,0.000000
1778064166.505596,manual_slider,1,1,0,0.000000,0.000000,0.000000,0.000000,0.000000,0.000000,0.198000,0.000000,0.000000,0.000000,0.198000,0.000000,0.000000,0.000000,0.000000,0.000000,0.000000
1778064166.555699,manual_slider,1,1,0,0.000000,0.000000,0.000000,0.000000,0.000000,0.000000,0.198000,0.000000,0.000000,0.000000,0.198000,0.000000,0.000000,0.000000,0.000000,0.000000,0.000000
1778064166.608281,manual_slider,1,1,0,0.000000,0.000000,0.000000,0.000000,0.000000,0.000000,0.198000,0.000000,0.000000,0.000000,0.198000,0.000000,0.000000,0.000000,0.000000,0.000000,0.000000
1778064166.655586,manual_slider,1,1,0,0.000000,0.000000,0.000000,0.000000,0.000000,0.000000,0.198000,0.000000,0.000000,0.000000,0.198000,0.000000,0.000000,0.000000,0.000000,0.000000,0.000000
1778064166.705773,manual_slider,1,1,0,0.000000,0.000000,0.000000,0.000000,0.000000,0.000000,0.198000,0.000000,0.000000,0.000000,0.198000,0.000000,0.000000,0.000000,0.000000,0.000000,0.000000
1778064166.755469,manual_slider,1,1,0,0.000000,0.000000,0.000000,0.000000,0.000000,0.000000,0.198000,0.000000,0.000000,0.000000,0.198000,0.000000,0.000000,0.000000,0.000000,0.000000,0.000000
1778064166.806141,manual_slider,1,1,0,0.000000,0.000000,0.000000,0.000000,0.000000,0.000000,0.198000,0.000000,0.000000,0.000000,0.198000,0.000000,0.000000,0.000000,0.000000,0.000000,0.000000
1778064166.855578,manual_slider,1,1,0,0.000000,0.000000,0.000000,0.000000,0.000000,0.000000,0.198000,0.000000,0.000000,0.000000,0.198000,0.000000,0.000000,0.000000,0.000000,0.000000,0.000000
1778064166.905589,manual_slider,1,1,0,0.000000,0.000000,0.000000,0.000000,0.000000,0.000000,0.198000,0.000000,0.000000,0.000000,0.198000,0.038000,0.000000,0.000000,0.000000,0.000000,0.000000
1778064166.955408,manual_slider,1,1,0,0.000000,0.000000,0.000000,0.000000,0.000000,0.000000,0.198000,0.000000,0.000000,0.000000,0.198000,0.174000,0.000000,0.000000,0.000000,0.000000,0.000000
1778064167.005757,manual_slider,1,1,0,0.000000,0.000000,0.000000,0.000000,0.000000,0.000000,0.198000,0.000000,0.000000,0.000000,0.198000,0.344000,0.000000,0.000000,0.000000,0.000000,0.000000
1778064167.055557,manual_slider,1,1,0,0.000000,0.000000,0.000000,0.000000,0.000000,0.000000,0.198000,0.000000,0.000000,0.000000,0.198000,0.408000,0.000000,0.000000,0.000000,0.000000,0.000000
1778064167.106220,manual_slider,1,1,0,0.000000,0.000000,0.000000,0.000000,0.000000,0.000000,0.198000,0.000000,0.000000,0.000000,0.198000,0.470000,0.000000,0.000000,0.000000,0.000000,0.000000
1778064167.156230,manual_slider,1,1,0,0.000000,0.000000,0.000000,0.000000,0.000000,0.000000,0.198000,0.000000,0.000000,0.000000,0.198000,0.514000,0.000000,0.000000,0.000000,0.000000,0.000000
1778064167.206568,manual_slider,1,1,0,0.000000,0.000000,0.000000,0.000000,0.000000,0.000000,0.198000,0.000000,0.000000,0.000000,0.198000,0.566000,0.000000,0.000000,0.000000,0.000000,0.000000
1778064167.255500,manual_slider,1,1,0,0.000000,0.000000,0.000000,0.000000,0.000000,0.000000,0.198000,0.000000,0.000000,0.000000,0.198000,0.630000,0.000000,0.000000,0.000000,0.000000,0.000000
1778064167.305649,manual_slider,1,1,0,0.000000,0.000000,0.000000,0.000000,0.000000,0.000000,0.198000,0.000000,0.000000,0.000000,0.198000,0.694000,0.000000,0.000000,0.000000,0.000000,0.000000
1778064167.355664,manual_slider,1,1,0,0.000000,0.000000,0.000000,0.000000,0.000000,0.000000,0.198000,0.000000,0.000000,0.000000,0.198000,0.746000,0.000000,0.000000,0.000000,0.000000,0.000000
1778064167.405652,manual_slider,1,1,0,0.000000,0.000000,0.000000,0.000000,0.000000,0.000000,0.198000,0.000000,0.000000,0.000000,0.198000,0.768000,0.000000,0.000000,0.000000,0.000000,0.000000
1778064167.455528,manual_slider,1,1,0,0.000000,0.000000,0.000000,0.000000,0.000000,0.000000,0.198000,0.000000,0.000000,0.000000,0.198000,0.788000,0.000000,0.000000,0.000000,0.000000,0.000000
1778064167.505899,manual_slider,1,1,0,0.000000,0.000000,0.000000,0.000000,0.000000,0.000000,0.198000,0.000000,0.000000,0.000000,0.198000,0.798000,0.000000,0.000000,0.000000,0.000000,0.000000
1778064167.556157,manual_slider,1,1,0,0.000000,0.000000,0.000000,0.000000,0.000000,0.000000,0.198000,0.000000,0.000000,0.000000,0.198000,0.798000,0.000000,0.000000,0.000000,0.000000,0.000000
1778064167.605641,manual_slider,1,1,0,0.000000,0.000000,0.000000,0.000000,0.000000,0.000000,0.198000,0.000000,0.000000,0.000000,0.198000,0.746000,0.000000,0.000000,0.000000,0.000000,0.000000
1778064167.655571,manual_slider,1,1,0,0.000000,0.000000,0.000000,0.000000,0.000000,0.000000,0.198000,0.000000,0.000000,0.000000,0.198000,0.672000,0.000000,0.000000,0.000000,0.000000,0.000000
1778064167.705472,manual_slider,1,1,0,0.000000,0.000000,0.000000,0.000000,0.000000,0.000000,0.198000,0.000000,0.000000,0.000000,0.198000,0.608000,0.000000,0.000000,0.000000,0.000000,0.000000
1778064167.757231,manual_slider,1,1,0,0.000000,0.000000,0.000000,0.000000,0.000000,0.000000,0.198000,0.000000,0.000000,0.000000,0.198000,0.440000,0.000000,0.000000,0.000000,0.000000,0.000000
1778064167.806699,manual_slider,1,1,0,0.000000,0.000000,0.000000,0.000000,0.000000,0.000000,0.198000,0.000000,0.000000,0.000000,0.198000,0.292000,0.000000,0.000000,0.000000,0.000000,0.000000
1778064167.856061,manual_slider,1,1,0,0.000000,0.000000,0.000000,0.000000,0.000000,0.000000,0.198000,0.000000,0.000000,0.000000,0.198000,0.038000,0.000000,0.000000,0.000000,0.000000,0.000000
1778064167.905583,manual_slider,1,1,0,0.000000,0.000000,0.000000,0.000000,0.000000,0.000000,0.198000,0.000000,0.000000,0.000000,0.198000,-0.142000,0.000000,0.000000,0.000000,0.000000,0.000000
1778064167.958347,manual_slider,1,1,0,0.000000,0.000000,0.000000,0.000000,0.000000,0.000000,0.198000,0.000000,0.000000,0.000000,0.198000,-0.640000,0.000000,0.000000,0.000000,0.000000,0.000000
1778064168.005451,manual_slider,1,1,0,0.000000,0.000000,0.000000,0.000000,0.000000,0.000000,0.198000,0.000000,0.000000,0.000000,0.198000,-0.926000,0.000000,0.000000,0.000000,0.000000,0.000000
1778064168.055591,manual_slider,1,1,0,0.000000,0.000000,0.000000,0.000000,0.000000,0.000000,0.198000,0.000000,0.000000,0.000000,0.198000,-1.000000,0.000000,0.000000,0.000000,0.000000,0.000000
1778064168.105538,manual_slider,1,1,0,0.000000,0.000000,0.000000,0.000000,0.000000,0.000000,0.198000,0.000000,0.000000,0.000000,0.198000,-1.000000,0.000000,0.000000,0.000000,0.000000,0.000000
1778064168.156466,manual_slider,1,1,0,0.000000,0.000000,0.000000,0.000000,0.000000,0.000000,0.198000,0.000000,0.000000,0.000000,0.198000,-1.000000,0.000000,0.000000,0.000000,0.000000,0.000000
1778064168.208314,manual_slider,1,1,0,0.000000,0.000000,0.000000,0.000000,0.000000,0.000000,0.198000,0.000000,0.000000,0.000000,0.198000,-1.000000,0.000000,0.000000,0.000000,0.000000,0.000000
1778064168.255592,manual_slider,1,1,0,0.000000,0.000000,0.000000,0.000000,0.000000,0.000000,0.198000,0.000000,0.000000,0.000000,0.198000,-1.000000,0.000000,0.000000,0.000000,0.000000,0.000000
1778064168.305638,manual_slider,1,1,0,0.000000,0.000000,0.000000,0.000000,0.000000,0.000000,0.198000,0.000000,0.000000,0.000000,0.198000,-1.000000,0.000000,0.000000,0.000000,0.000000,0.000000
1778064168.355580,manual_slider,1,1,0,0.000000,0.000000,0.000000,0.000000,0.000000,0.000000,0.198000,0.000000,0.000000,0.000000,0.198000,-1.000000,0.000000,0.000000,0.000000,0.000000,0.000000
1778064168.407185,manual_slider,1,1,0,0.000000,0.000000,0.000000,0.000000,0.000000,0.000000,0.198000,0.000000,0.000000,0.000000,0.198000,-1.000000,0.000000,0.000000,0.000000,0.000000,0.000000
1778064168.455943,manual_slider,1,1,0,0.000000,0.000000,0.000000,0.000000,0.000000,0.000000,0.198000,0.000000,0.000000,0.000000,0.198000,-1.000000,0.000000,0.000000,0.000000,0.000000,0.000000
1778064168.505591,manual_slider,1,1,0,0.000000,0.000000,0.000000,0.000000,0.000000,0.000000,0.198000,0.000000,0.000000,0.000000,0.198000,-1.000000,0.000000,0.000000,0.000000,0.000000,0.000000
1778064168.555789,manual_slider,1,1,0,0.000000,0.000000,0.000000,0.000000,0.000000,0.000000,0.198000,0.000000,0.000000,0.000000,0.198000,-1.000000,0.000000,0.000000,0.000000,0.000000,0.000000
1778064168.605551,manual_slider,1,1,0,0.000000,0.000000,0.000000,0.000000,0.000000,0.000000,0.198000,0.000000,0.000000,0.000000,0.198000,-1.000000,0.000000,0.000000,0.000000,0.000000,0.000000
1778064168.657513,manual_slider,1,1,0,0.000000,0.000000,0.000000,0.000000,0.000000,0.000000,0.198000,0.000000,0.000000,0.000000,0.198000,-0.904000,0.000000,0.000000,0.000000,0.000000,0.000000
1778064168.706310,manual_slider,1,1,0,0.000000,0.000000,0.000000,0.000000,0.000000,0.000000,0.198000,0.000000,0.000000,0.000000,0.198000,-0.746000,0.000000,0.000000,0.000000,0.000000,0.000000
1778064168.758819,manual_slider,1,1,0,0.000000,0.000000,0.000000,0.000000,0.000000,0.000000,0.198000,0.000000,0.000000,0.000000,0.198000,-0.440000,0.000000,0.000000,0.000000,0.000000,0.000000
1778064168.805334,manual_slider,1,1,0,0.000000,0.000000,0.000000,0.000000,0.000000,0.000000,0.198000,0.000000,0.000000,0.000000,0.198000,-0.228000,0.000000,0.000000,0.000000,0.000000,0.000000
1778064168.855576,manual_slider,1,1,0,0.000000,0.000000,0.000000,0.000000,0.000000,0.000000,0.198000,0.000000,0.000000,0.000000,0.198000,0.006000,0.000000,0.000000,0.000000,0.000000,0.000000
1778064168.905886,manual_slider,1,1,0,0.000000,0.000000,0.000000,0.000000,0.000000,0.000000,0.198000,0.000000,0.000000,0.000000,0.198000,0.206000,0.000000,0.000000,0.000000,0.000000,0.000000
1778064168.956028,manual_slider,1,1,0,0.000000,0.000000,0.000000,0.000000,0.000000,0.000000,0.198000,0.000000,0.000000,0.000000,0.198000,0.450000,0.000000,0.000000,0.000000,0.000000,0.000000
1778064169.005585,manual_slider,1,1,0,0.000000,0.000000,0.000000,0.000000,0.000000,0.000000,0.198000,0.000000,0.000000,0.000000,0.198000,0.598000,0.000000,0.000000,0.000000,0.000000,0.000000
1778064169.055892,manual_slider,1,1,0,0.000000,0.000000,0.000000,0.000000,0.000000,0.000000,0.198000,0.000000,0.000000,0.000000,0.198000,0.778000,0.000000,0.000000,0.000000,0.000000,0.000000
1778064169.105599,manual_slider,1,1,0,0.000000,0.000000,0.000000,0.000000,0.000000,0.000000,0.198000,0.000000,0.000000,0.000000,0.198000,0.904000,0.000000,0.000000,0.000000,0.000000,0.000000
1778064169.155502,manual_slider,1,1,0,0.000000,0.000000,0.000000,0.000000,0.000000,0.000000,0.198000,0.000000,0.000000,0.000000,0.198000,0.990000,0.000000,0.000000,0.000000,0.000000,0.000000
1778064169.205912,manual_slider,1,1,0,0.000000,0.000000,0.000000,0.000000,0.000000,0.000000,0.198000,0.000000,0.000000,0.000000,0.198000,1.000000,0.000000,0.000000,0.000000,0.000000,0.000000
1778064169.255867,manual_slider,1,1,0,0.000000,0.000000,0.000000,0.000000,0.000000,0.000000,0.198000,0.000000,0.000000,0.000000,0.198000,1.000000,0.000000,0.000000,0.000000,0.000000,0.000000
1778064169.305650,manual_slider,1,1,0,0.000000,0.000000,0.000000,0.000000,0.000000,0.000000,0.198000,0.000000,0.000000,0.000000,0.198000,1.000000,0.000000,0.000000,0.000000,0.000000,0.000000
1778064169.355531,manual_slider,1,1,0,0.000000,0.000000,0.000000,0.000000,0.000000,0.000000,0.198000,0.000000,0.000000,0.000000,0.198000,1.000000,0.000000,0.000000,0.000000,0.000000,0.000000
1778064169.405705,manual_slider,1,1,0,0.000000,0.000000,0.000000,0.000000,0.000000,0.000000,0.198000,0.000000,0.000000,0.000000,0.198000,0.862000,0.000000,0.000000,0.000000,0.000000,0.000000
1778064169.455652,manual_slider,1,1,0,0.000000,0.000000,0.000000,0.000000,0.000000,0.000000,0.198000,0.000000,0.000000,0.000000,0.198000,0.736000,0.000000,0.000000,0.000000,0.000000,0.000000
1778064169.505442,manual_slider,1,1,0,0.000000,0.000000,0.000000,0.000000,0.000000,0.000000,0.198000,0.000000,0.000000,0.000000,0.198000,0.588000,0.000000,0.000000,0.000000,0.000000,0.000000
1778064169.555621,manual_slider,1,1,0,0.000000,0.000000,0.000000,0.000000,0.000000,0.000000,0.198000,0.000000,0.000000,0.000000,0.198000,0.482000,0.000000,0.000000,0.000000,0.000000,0.000000
1778064169.605680,manual_slider,1,1,0,0.000000,0.000000,0.000000,0.000000,0.000000,0.000000,0.198000,0.000000,0.000000,0.000000,0.198000,0.302000,0.000000,0.000000,0.000000,0.000000,0.000000
1778064169.655584,manual_slider,1,1,0,0.000000,0.000000,0.000000,0.000000,0.000000,0.000000,0.198000,0.000000,0.000000,0.000000,0.198000,0.132000,0.000000,0.000000,0.000000,0.000000,0.000000
1778064169.705622,manual_slider,1,1,0,0.000000,0.000000,0.000000,0.000000,0.000000,0.000000,0.198000,0.000000,0.000000,0.000000,0.198000,-0.100000,0.000000,0.000000,0.000000,0.000000,0.000000
1778064169.759364,manual_slider,1,1,0,0.000000,0.000000,0.000000,0.000000,0.000000,0.000000,0.198000,0.000000,0.000000,0.000000,0.198000,-0.344000,0.000000,0.000000,0.000000,0.000000,0.000000
1778064169.806785,manual_slider,1,1,0,0.000000,0.000000,0.000000,0.000000,0.000000,0.000000,0.198000,0.000000,0.000000,0.000000,0.198000,-0.608000,0.000000,0.000000,0.000000,0.000000,0.000000
1778064169.855749,manual_slider,1,1,0,0.000000,0.000000,0.000000,0.000000,0.000000,0.000000,0.198000,0.000000,0.000000,0.000000,0.198000,-0.756000,0.000000,0.000000,0.000000,0.000000,0.000000
1778064169.905749,manual_slider,1,1,0,0.000000,0.000000,0.000000,0.000000,0.000000,0.000000,0.198000,0.000000,0.000000,0.000000,0.198000,-0.948000,0.000000,0.000000,0.000000,0.000000,0.000000
1778064169.955604,manual_slider,1,1,0,0.000000,0.000000,0.000000,0.000000,0.000000,0.000000,0.198000,0.000000,0.000000,0.000000,0.198000,-1.000000,0.000000,0.000000,0.000000,0.000000,0.000000
1778064170.005865,manual_slider,1,1,0,0.000000,0.000000,0.000000,0.000000,0.000000,0.000000,0.198000,0.000000,0.000000,0.000000,0.198000,-1.000000,0.000000,0.000000,0.000000,0.000000,0.000000
1778064170.055986,manual_slider,1,1,0,0.000000,0.000000,0.000000,0.000000,0.000000,0.000000,0.198000,0.000000,0.000000,0.000000,0.198000,-1.000000,0.000000,0.000000,0.000000,0.000000,0.000000
1778064170.105678,manual_slider,1,1,0,0.000000,0.000000,0.000000,0.000000,0.000000,0.000000,0.198000,0.000000,0.000000,0.000000,0.198000,-1.000000,0.000000,0.000000,0.000000,0.000000,0.000000
1778064170.155605,manual_slider,1,1,0,0.000000,0.000000,0.000000,0.000000,0.000000,0.000000,0.198000,0.000000,0.000000,0.000000,0.198000,-1.000000,0.000000,0.000000,0.000000,0.000000,0.000000
1778064170.205843,manual_slider,1,1,0,0.000000,0.000000,0.000000,0.000000,0.000000,0.000000,0.198000,0.000000,0.000000,0.000000,0.198000,-1.000000,0.000000,0.000000,0.000000,0.000000,0.000000
1778064170.255555,manual_slider,1,1,0,0.000000,0.000000,0.000000,0.000000,0.000000,0.000000,0.198000,0.000000,0.000000,0.000000,0.198000,-1.000000,0.000000,0.000000,0.000000,0.000000,0.000000
1778064170.305557,manual_slider,1,1,0,0.000000,0.000000,0.000000,0.000000,0.000000,0.000000,0.198000,0.000000,0.000000,0.000000,0.198000,-1.000000,0.000000,0.000000,0.000000,0.000000,0.000000
1778064170.355900,manual_slider,1,1,0,0.000000,0.000000,0.000000,0.000000,0.000000,0.000000,0.198000,0.000000,0.000000,0.000000,0.198000,-0.936000,0.000000,0.000000,0.000000,0.000000,0.000000
1778064170.405396,manual_slider,1,1,0,0.000000,0.000000,0.000000,0.000000,0.000000,0.000000,0.198000,0.000000,0.000000,0.000000,0.198000,-0.724000,0.000000,0.000000,0.000000,0.000000,0.000000
1778064170.455482,manual_slider,1,1,0,0.000000,0.000000,0.000000,0.000000,0.000000,0.000000,0.198000,0.000000,0.000000,0.000000,0.198000,-0.620000,0.000000,0.000000,0.000000,0.000000,0.000000
1778064170.505701,manual_slider,1,1,0,0.000000,0.000000,0.000000,0.000000,0.000000,0.000000,0.198000,0.000000,0.000000,0.000000,0.198000,-0.598000,0.000000,0.000000,0.000000,0.000000,0.000000
1778064170.555835,manual_slider,1,1,0,0.000000,0.000000,0.000000,0.000000,0.000000,0.000000,0.198000,0.000000,0.000000,0.000000,0.198000,-0.588000,0.000000,0.000000,0.000000,0.000000,0.000000
1778064170.605601,manual_slider,1,1,0,0.000000,0.000000,0.000000,0.000000,0.000000,0.000000,0.198000,0.000000,0.000000,0.000000,0.198000,-0.576000,0.000000,0.000000,0.000000,0.000000,0.000000
1778064170.655601,manual_slider,1,1,0,0.000000,0.000000,0.000000,0.000000,0.000000,0.000000,0.198000,0.000000,0.000000,0.000000,0.198000,-0.576000,0.000000,0.000000,0.000000,0.000000,0.000000
1778064170.707218,manual_slider,1,1,0,0.000000,0.000000,0.000000,0.000000,0.000000,0.000000,0.198000,0.000000,0.000000,0.000000,0.198000,-0.588000,0.000000,0.000000,0.000000,0.000000,0.000000
1778064170.755475,manual_slider,1,1,0,0.000000,0.000000,0.000000,0.000000,0.000000,0.000000,0.198000,0.000000,0.000000,0.000000,0.198000,-0.598000,0.000000,0.000000,0.000000,0.000000,0.000000
1778064170.805589,manual_slider,1,1,0,0.000000,0.000000,0.000000,0.000000,0.000000,0.000000,0.198000,0.000000,0.000000,0.000000,0.198000,-0.598000,0.000000,0.000000,0.000000,0.000000,0.000000
1778064170.855484,manual_slider,1,1,0,0.000000,0.000000,0.000000,0.000000,0.000000,0.000000,0.198000,0.000000,0.000000,0.000000,0.198000,-0.598000,0.000000,0.000000,0.000000,0.000000,0.000000
1778064170.905542,manual_slider,1,1,0,0.000000,0.000000,0.000000,0.000000,0.000000,0.000000,0.198000,0.000000,0.000000,0.000000,0.198000,-0.598000,0.000000,0.000000,0.000000,0.000000,0.000000
1778064170.955504,manual_slider,1,1,0,0.000000,0.000000,0.000000,0.000000,0.000000,0.000000,0.198000,0.000000,0.000000,0.000000,0.198000,-0.598000,0.000000,0.000000,0.000000,0.000000,0.000000
1778064171.005531,manual_slider,1,1,0,0.000000,0.000000,0.000000,0.000000,0.000000,0.000000,0.198000,0.000000,0.000000,0.000000,0.198000,-0.598000,0.000000,0.000000,0.000000,0.000000,0.000000
1778064171.055561,manual_slider,1,1,0,0.000000,0.000000,0.000000,0.000000,0.000000,0.000000,0.198000,0.000000,0.000000,0.000000,0.198000,-0.598000,0.000000,0.000000,0.000000,0.000000,0.000000
1778064171.105557,manual_slider,1,1,0,0.000000,0.000000,0.000000,0.000000,0.000000,0.000000,0.198000,0.000000,0.000000,0.000000,0.198000,-0.598000,0.000000,0.000000,0.000000,0.000000,0.000000
1778064171.155795,manual_slider,1,1,0,0.000000,0.000000,0.000000,0.000000,0.000000,0.000000,0.198000,0.000000,0.000000,0.000000,0.198000,-0.598000,0.000000,0.000000,0.000000,0.000000,0.000000
1778064171.205677,manual_slider,1,1,0,0.000000,0.000000,0.000000,0.000000,0.000000,0.000000,0.198000,0.000000,0.000000,0.000000,0.198000,-0.598000,0.000000,0.000000,0.000000,0.000000,0.000000
1778064171.255668,manual_slider,1,1,0,0.000000,0.000000,0.000000,0.000000,0.000000,0.000000,0.198000,0.000000,0.000000,0.000000,0.198000,-0.598000,0.000000,0.000000,0.000000,0.000000,0.000000
1778064171.305583,manual_slider,1,1,0,0.000000,0.000000,0.000000,0.000000,0.000000,0.000000,0.198000,0.000000,0.000000,0.000000,0.198000,0.000000,0.000000,0.000000,0.000000,0.000000,0.000000
1778064171.355653,manual_slider,1,1,0,0.000000,0.000000,0.000000,0.000000,0.000000,0.000000,0.198000,0.000000,0.000000,0.000000,0.198000,0.000000,0.000000,0.000000,0.000000,0.000000,0.000000
1778064171.405534,manual_slider,1,1,0,0.000000,0.000000,0.000000,0.000000,0.000000,0.000000,0.198000,0.000000,0.000000,0.000000,0.198000,0.000000,0.000000,0.000000,0.000000,0.000000,0.000000
1778064171.455676,manual_slider,1,1,0,0.000000,0.000000,0.000000,0.000000,0.000000,0.000000,0.198000,0.000000,0.000000,0.000000,0.198000,0.000000,0.000000,0.000000,0.000000,0.000000,0.000000
1778064171.507580,manual_slider,1,1,0,0.000000,0.000000,0.000000,0.000000,0.000000,0.000000,0.198000,0.000000,0.000000,0.000000,0.198000,0.000000,0.000000,0.000000,0.000000,0.000000,0.000000
1778064171.555700,manual_slider,1,1,0,0.000000,0.000000,0.000000,0.000000,0.000000,0.000000,0.198000,0.000000,0.000000,0.000000,0.198000,0.000000,0.000000,0.000000,0.000000,0.000000,0.000000
1778064171.605935,manual_slider,1,1,0,0.000000,0.000000,0.000000,0.000000,0.000000,0.000000,0.198000,0.000000,0.000000,0.000000,0.198000,0.000000,0.000000,0.000000,0.000000,0.000000,0.000000
1778064171.655425,manual_slider,1,1,0,0.000000,0.000000,0.000000,0.000000,0.000000,0.000000,0.198000,0.000000,0.000000,0.000000,0.198000,0.000000,0.000000,0.000000,0.000000,0.000000,0.000000
1778064171.705585,manual_slider,1,1,0,0.000000,0.000000,0.000000,0.000000,0.000000,0.000000,0.198000,0.000000,0.000000,0.000000,0.198000,0.000000,0.000000,0.000000,0.000000,0.000000,0.000000
1778064171.755569,manual_slider,1,1,0,0.000000,0.000000,0.000000,0.000000,0.000000,0.000000,0.198000,0.000000,0.000000,0.000000,0.198000,0.000000,0.000000,0.000000,0.000000,0.000000,0.000000
1778064171.805668,manual_slider,1,1,0,0.000000,0.000000,0.000000,0.000000,0.000000,0.000000,0.198000,0.000000,0.000000,0.000000,0.198000,0.000000,0.000000,0.000000,0.000000,0.000000,0.000000
1778064171.855653,manual_slider,1,1,0,0.000000,0.000000,0.000000,0.000000,0.000000,0.000000,0.198000,0.000000,0.000000,0.000000,0.198000,0.000000,0.000000,0.000000,0.000000,0.000000,0.000000
1778064171.905658,manual_slider,1,1,0,0.000000,0.000000,0.000000,0.000000,0.000000,0.000000,0.198000,0.000000,0.000000,0.000000,0.198000,0.000000,0.000000,0.000000,0.000000,0.000000,0.000000
1778064171.955794,manual_slider,1,1,0,0.000000,0.000000,0.000000,0.000000,0.000000,0.000000,0.198000,0.000000,0.000000,0.000000,0.198000,0.000000,0.000000,0.000000,0.000000,0.000000,0.000000
1778064172.005595,manual_slider,1,1,0,0.000000,0.000000,0.000000,0.000000,0.000000,0.000000,0.198000,0.000000,0.000000,0.000000,0.198000,0.000000,0.000000,0.000000,0.000000,0.000000,0.000000
1778064172.055682,manual_slider,1,1,0,0.000000,0.000000,0.000000,0.000000,0.000000,0.000000,0.198000,0.000000,0.000000,0.000000,0.198000,0.000000,0.000000,0.000000,0.000000,0.000000,0.000000
1778064172.105703,manual_slider,1,1,0,0.000000,0.000000,0.000000,0.000000,0.000000,0.000000,0.198000,0.000000,0.000000,0.000000,0.198000,0.000000,0.000000,0.000000,0.000000,0.000000,0.000000
1778064172.155532,manual_slider,1,1,0,0.000000,0.000000,0.000000,0.000000,0.000000,0.000000,0.198000,0.000000,0.000000,0.000000,0.198000,0.000000,0.000000,0.000000,0.000000,0.000000,0.000000
1778064172.206306,manual_slider,1,1,0,0.000000,0.000000,0.000000,0.000000,0.000000,0.000000,0.198000,0.000000,0.000000,0.000000,0.198000,0.000000,0.000000,0.000000,0.000000,0.000000,0.000000
1778064172.255632,manual_slider,1,1,0,0.000000,0.000000,0.000000,0.000000,0.000000,0.000000,0.198000,0.000000,0.000000,0.000000,0.198000,0.000000,0.000000,0.000000,0.000000,0.000000,0.000000
1778064172.305738,manual_slider,1,1,0,0.000000,0.000000,0.000000,0.000000,0.000000,0.000000,0.198000,0.000000,0.000000,0.000000,0.198000,0.000000,0.000000,0.000000,0.000000,0.000000,0.000000
1778064172.355943,manual_slider,1,1,0,0.000000,0.000000,0.000000,0.000000,0.000000,0.000000,0.198000,0.000000,0.000000,0.000000,0.198000,0.000000,0.076000,0.000000,0.000000,0.000000,0.000000
1778064172.405806,manual_slider,1,1,0,0.000000,0.000000,0.000000,0.000000,0.000000,0.000000,0.198000,0.000000,0.000000,0.000000,0.198000,0.000000,0.220000,0.000000,0.000000,0.000000,0.000000
1778064172.459340,manual_slider,1,1,0,0.000000,0.000000,0.000000,0.000000,0.000000,0.000000,0.198000,0.000000,0.000000,0.000000,0.198000,0.000000,0.340000,0.000000,0.000000,0.000000,0.000000
1778064172.506377,manual_slider,1,1,0,0.000000,0.000000,0.000000,0.000000,0.000000,0.000000,0.198000,0.000000,0.000000,0.000000,0.198000,0.000000,0.418000,0.000000,0.000000,0.000000,0.000000
1778064172.555568,manual_slider,1,1,0,0.000000,0.000000,0.000000,0.000000,0.000000,0.000000,0.198000,0.000000,0.000000,0.000000,0.198000,0.000000,0.450000,0.000000,0.000000,0.000000,0.000000
1778064172.605666,manual_slider,1,1,0,0.000000,0.000000,0.000000,0.000000,0.000000,0.000000,0.198000,0.000000,0.000000,0.000000,0.198000,0.000000,0.516000,0.000000,0.000000,0.000000,0.000000
1778064172.655573,manual_slider,1,1,0,0.000000,0.000000,0.000000,0.000000,0.000000,0.000000,0.198000,0.000000,0.000000,0.000000,0.198000,0.000000,0.550000,0.000000,0.000000,0.000000,0.000000
1778064172.705739,manual_slider,1,1,0,0.000000,0.000000,0.000000,0.000000,0.000000,0.000000,0.198000,0.000000,0.000000,0.000000,0.198000,0.000000,0.638000,0.000000,0.000000,0.000000,0.000000
1778064172.755933,manual_slider,1,1,0,0.000000,0.000000,0.000000,0.000000,0.000000,0.000000,0.198000,0.000000,0.000000,0.000000,0.198000,0.000000,0.692000,0.000000,0.000000,0.000000,0.000000
1778064172.807409,manual_slider,1,1,0,0.000000,0.000000,0.000000,0.000000,0.000000,0.000000,0.198000,0.000000,0.000000,0.000000,0.198000,0.000000,0.770000,0.000000,0.000000,0.000000,0.000000
1778064172.857276,manual_slider,1,1,0,0.000000,0.000000,0.000000,0.000000,0.000000,0.000000,0.198000,0.000000,0.000000,0.000000,0.198000,0.000000,0.846000,0.000000,0.000000,0.000000,0.000000
1778064172.907353,manual_slider,1,1,0,0.000000,0.000000,0.000000,0.000000,0.000000,0.000000,0.198000,0.000000,0.000000,0.000000,0.198000,0.000000,0.912000,0.000000,0.000000,0.000000,0.000000
1778064172.956040,manual_slider,1,1,0,0.000000,0.000000,0.000000,0.000000,0.000000,0.000000,0.198000,0.000000,0.000000,0.000000,0.198000,0.000000,0.968000,0.000000,0.000000,0.000000,0.000000
1778064173.005631,manual_slider,1,1,0,0.000000,0.000000,0.000000,0.000000,0.000000,0.000000,0.198000,0.000000,0.000000,0.000000,0.198000,0.000000,1.000000,0.000000,0.000000,0.000000,0.000000
1778064173.055606,manual_slider,1,1,0,0.000000,0.000000,0.000000,0.000000,0.000000,0.000000,0.198000,0.000000,0.000000,0.000000,0.198000,0.000000,1.000000,0.000000,0.000000,0.000000,0.000000
1778064173.105516,manual_slider,1,1,0,0.000000,0.000000,0.000000,0.000000,0.000000,0.000000,0.198000,0.000000,0.000000,0.000000,0.198000,0.000000,1.000000,0.000000,0.000000,0.000000,0.000000
1778064173.156953,manual_slider,1,1,0,0.000000,0.000000,0.000000,0.000000,0.000000,0.000000,0.198000,0.000000,0.000000,0.000000,0.198000,0.000000,1.000000,0.000000,0.000000,0.000000,0.000000
1778064173.205648,manual_slider,1,1,0,0.000000,0.000000,0.000000,0.000000,0.000000,0.000000,0.198000,0.000000,0.000000,0.000000,0.198000,0.000000,0.902000,0.000000,0.000000,0.000000,0.000000
1778064173.255653,manual_slider,1,1,0,0.000000,0.000000,0.000000,0.000000,0.000000,0.000000,0.198000,0.000000,0.000000,0.000000,0.198000,0.000000,0.682000,0.000000,0.000000,0.000000,0.000000
1778064173.305645,manual_slider,1,1,0,0.000000,0.000000,0.000000,0.000000,0.000000,0.000000,0.198000,0.000000,0.000000,0.000000,0.198000,0.000000,0.550000,0.000000,0.000000,0.000000,0.000000
1778064173.355716,manual_slider,1,1,0,0.000000,0.000000,0.000000,0.000000,0.000000,0.000000,0.198000,0.000000,0.000000,0.000000,0.198000,0.000000,0.406000,0.000000,0.000000,0.000000,0.000000
1778064173.407287,manual_slider,1,1,0,0.000000,0.000000,0.000000,0.000000,0.000000,0.000000,0.198000,0.000000,0.000000,0.000000,0.198000,0.000000,0.242000,0.000000,0.000000,0.000000,0.000000
1778064173.460479,manual_slider,1,1,0,0.000000,0.000000,0.000000,0.000000,0.000000,0.000000,0.198000,0.000000,0.000000,0.000000,0.198000,0.000000,-0.022000,0.000000,0.000000,0.000000,0.000000
1778064173.505588,manual_slider,1,1,0,0.000000,0.000000,0.000000,0.000000,0.000000,0.000000,0.198000,0.000000,0.000000,0.000000,0.198000,0.000000,-0.274000,0.000000,0.000000,0.000000,0.000000
1778064173.556242,manual_slider,1,1,0,0.000000,0.000000,0.000000,0.000000,0.000000,0.000000,0.198000,0.000000,0.000000,0.000000,0.198000,0.000000,-0.616000,0.000000,0.000000,0.000000,0.000000
1778064173.605661,manual_slider,1,1,0,0.000000,0.000000,0.000000,0.000000,0.000000,0.000000,0.198000,0.000000,0.000000,0.000000,0.198000,0.000000,-0.748000,0.000000,0.000000,0.000000,0.000000
1778064173.655725,manual_slider,1,1,0,0.000000,0.000000,0.000000,0.000000,0.000000,0.000000,0.198000,0.000000,0.000000,0.000000,0.198000,0.000000,-0.902000,0.000000,0.000000,0.000000,0.000000
1778064173.709559,manual_slider,1,1,0,0.000000,0.000000,0.000000,0.000000,0.000000,0.000000,0.198000,0.000000,0.000000,0.000000,0.198000,0.000000,-0.990000,0.000000,0.000000,0.000000,0.000000
1778064173.756954,manual_slider,1,1,0,0.000000,0.000000,0.000000,0.000000,0.000000,0.000000,0.198000,0.000000,0.000000,0.000000,0.198000,0.000000,-1.000000,0.000000,0.000000,0.000000,0.000000
1778064173.805592,manual_slider,1,1,0,0.000000,0.000000,0.000000,0.000000,0.000000,0.000000,0.198000,0.000000,0.000000,0.000000,0.198000,0.000000,-1.000000,0.000000,0.000000,0.000000,0.000000
1778064173.855835,manual_slider,1,1,0,0.000000,0.000000,0.000000,0.000000,0.000000,0.000000,0.198000,0.000000,0.000000,0.000000,0.198000,0.000000,-1.000000,0.000000,0.000000,0.000000,0.000000
1778064173.907367,manual_slider,1,1,0,0.000000,0.000000,0.000000,0.000000,0.000000,0.000000,0.198000,0.000000,0.000000,0.000000,0.198000,0.000000,-1.000000,0.000000,0.000000,0.000000,0.000000
1778064173.955654,manual_slider,1,1,0,0.000000,0.000000,0.000000,0.000000,0.000000,0.000000,0.198000,0.000000,0.000000,0.000000,0.198000,0.000000,-1.000000,0.000000,0.000000,0.000000,0.000000
1778064174.005835,manual_slider,1,1,0,0.000000,0.000000,0.000000,0.000000,0.000000,0.000000,0.198000,0.000000,0.000000,0.000000,0.198000,0.000000,-1.000000,0.000000,0.000000,0.000000,0.000000
1778064174.055637,manual_slider,1,1,0,0.000000,0.000000,0.000000,0.000000,0.000000,0.000000,0.198000,0.000000,0.000000,0.000000,0.198000,0.000000,-1.000000,0.000000,0.000000,0.000000,0.000000
1778064174.105715,manual_slider,1,1,0,0.000000,0.000000,0.000000,0.000000,0.000000,0.000000,0.198000,0.000000,0.000000,0.000000,0.198000,0.000000,-1.000000,0.000000,0.000000,0.000000,0.000000
1778064174.156051,manual_slider,1,1,0,0.000000,0.000000,0.000000,0.000000,0.000000,0.000000,0.198000,0.000000,0.000000,0.000000,0.198000,0.000000,-0.956000,0.000000,0.000000,0.000000,0.000000
1778064174.205585,manual_slider,1,1,0,0.000000,0.000000,0.000000,0.000000,0.000000,0.000000,0.198000,0.000000,0.000000,0.000000,0.198000,0.000000,-0.846000,0.000000,0.000000,0.000000,0.000000
1778064174.255809,manual_slider,1,1,0,0.000000,0.000000,0.000000,0.000000,0.000000,0.000000,0.198000,0.000000,0.000000,0.000000,0.198000,0.000000,-0.648000,0.000000,0.000000,0.000000,0.000000
1778064174.305578,manual_slider,1,1,0,0.000000,0.000000,0.000000,0.000000,0.000000,0.000000,0.198000,0.000000,0.000000,0.000000,0.198000,0.000000,-0.318000,0.000000,0.000000,0.000000,0.000000
1778064174.355641,manual_slider,1,1,0,0.000000,0.000000,0.000000,0.000000,0.000000,0.000000,0.198000,0.000000,0.000000,0.000000,0.198000,0.000000,-0.066000,0.000000,0.000000,0.000000,0.000000
1778064174.405600,manual_slider,1,1,0,0.000000,0.000000,0.000000,0.000000,0.000000,0.000000,0.198000,0.000000,0.000000,0.000000,0.198000,0.000000,0.198000,0.000000,0.000000,0.000000,0.000000
1778064174.455616,manual_slider,1,1,0,0.000000,0.000000,0.000000,0.000000,0.000000,0.000000,0.198000,0.000000,0.000000,0.000000,0.198000,0.000000,0.428000,0.000000,0.000000,0.000000,0.000000
1778064174.506233,manual_slider,1,1,0,0.000000,0.000000,0.000000,0.000000,0.000000,0.000000,0.198000,0.000000,0.000000,0.000000,0.198000,0.000000,0.538000,0.000000,0.000000,0.000000,0.000000
1778064174.558108,manual_slider,1,1,0,0.000000,0.000000,0.000000,0.000000,0.000000,0.000000,0.198000,0.000000,0.000000,0.000000,0.198000,0.000000,0.582000,0.000000,0.000000,0.000000,0.000000
1778064174.605569,manual_slider,1,1,0,0.000000,0.000000,0.000000,0.000000,0.000000,0.000000,0.198000,0.000000,0.000000,0.000000,0.198000,0.000000,0.604000,0.000000,0.000000,0.000000,0.000000
1778064174.655370,manual_slider,1,1,0,0.000000,0.000000,0.000000,0.000000,0.000000,0.000000,0.198000,0.000000,0.000000,0.000000,0.198000,0.000000,0.616000,0.000000,0.000000,0.000000,0.000000
1778064174.705694,manual_slider,1,1,0,0.000000,0.000000,0.000000,0.000000,0.000000,0.000000,0.198000,0.000000,0.000000,0.000000,0.198000,0.000000,0.616000,0.000000,0.000000,0.000000,0.000000
1778064174.755641,manual_slider,1,1,0,0.000000,0.000000,0.000000,0.000000,0.000000,0.000000,0.198000,0.000000,0.000000,0.000000,0.198000,0.000000,0.604000,0.000000,0.000000,0.000000,0.000000
1778064174.805838,manual_slider,1,1,0,0.000000,0.000000,0.000000,0.000000,0.000000,0.000000,0.198000,0.000000,0.000000,0.000000,0.198000,0.000000,0.604000,0.000000,0.000000,0.000000,0.000000
1778064174.855752,manual_slider,1,1,0,0.000000,0.000000,0.000000,0.000000,0.000000,0.000000,0.198000,0.000000,0.000000,0.000000,0.198000,0.000000,0.604000,0.000000,0.000000,0.000000,0.000000
1778064174.905708,manual_slider,1,1,0,0.000000,0.000000,0.000000,0.000000,0.000000,0.000000,0.198000,0.000000,0.000000,0.000000,0.198000,0.000000,0.604000,0.000000,0.000000,0.000000,0.000000
1778064174.955538,manual_slider,1,1,0,0.000000,0.000000,0.000000,0.000000,0.000000,0.000000,0.198000,0.000000,0.000000,0.000000,0.198000,0.000000,0.604000,0.000000,0.000000,0.000000,0.000000
1778064175.005872,manual_slider,1,1,0,0.000000,0.000000,0.000000,0.000000,0.000000,0.000000,0.198000,0.000000,0.000000,0.000000,0.198000,0.000000,0.604000,0.000000,0.000000,0.000000,0.000000
1778064175.056168,manual_slider,1,1,0,0.000000,0.000000,0.000000,0.000000,0.000000,0.000000,0.198000,0.000000,0.000000,0.000000,0.198000,0.000000,0.604000,0.000000,0.000000,0.000000,0.000000
1778064175.105759,manual_slider,1,1,0,0.000000,0.000000,0.000000,0.000000,0.000000,0.000000,0.198000,0.000000,0.000000,0.000000,0.198000,0.000000,0.604000,0.000000,0.000000,0.000000,0.000000
1778064175.155864,manual_slider,1,1,0,0.000000,0.000000,0.000000,0.000000,0.000000,0.000000,0.198000,0.000000,0.000000,0.000000,0.198000,0.000000,0.604000,0.000000,0.000000,0.000000,0.000000
1778064175.205685,manual_slider,1,1,0,0.000000,0.000000,0.000000,0.000000,0.000000,0.000000,0.198000,0.000000,0.000000,0.000000,0.198000,0.000000,0.604000,0.000000,0.000000,0.000000,0.000000
1778064175.255700,manual_slider,1,1,0,0.000000,0.000000,0.000000,0.000000,0.000000,0.000000,0.198000,0.000000,0.000000,0.000000,0.198000,0.000000,0.000000,0.000000,0.000000,0.000000,0.000000
1778064175.305646,manual_slider,1,1,0,0.000000,0.000000,0.000000,0.000000,0.000000,0.000000,0.198000,0.000000,0.000000,0.000000,0.198000,0.000000,0.000000,0.000000,0.000000,0.000000,0.000000
1778064175.355652,manual_slider,1,1,0,0.000000,0.000000,0.000000,0.000000,0.000000,0.000000,0.198000,0.000000,0.000000,0.000000,0.198000,0.000000,0.000000,0.000000,0.000000,0.000000,0.000000
1778064175.408006,manual_slider,1,1,0,0.000000,0.000000,0.000000,0.000000,0.000000,0.000000,0.198000,0.000000,0.000000,0.000000,0.198000,0.000000,0.000000,0.000000,0.000000,0.000000,0.000000
1778064175.455596,manual_slider,1,1,0,0.000000,0.000000,0.000000,0.000000,0.000000,0.000000,0.198000,0.000000,0.000000,0.000000,0.198000,0.000000,0.000000,0.000000,0.000000,0.000000,0.000000
1778064175.507986,manual_slider,1,1,0,0.000000,0.000000,0.000000,0.000000,0.000000,0.000000,0.198000,0.000000,0.000000,0.000000,0.198000,0.000000,0.000000,0.000000,0.000000,0.000000,0.000000
1778064175.555640,manual_slider,1,1,0,0.000000,0.000000,0.000000,0.000000,0.000000,0.000000,0.198000,0.000000,0.000000,0.000000,0.198000,0.000000,0.000000,0.000000,0.000000,0.000000,0.000000
1778064175.605669,manual_slider,1,1,0,0.000000,0.000000,0.000000,0.000000,0.000000,0.000000,0.198000,0.000000,0.000000,0.000000,0.198000,0.000000,0.000000,0.000000,0.000000,0.000000,0.000000
1778064175.655997,manual_slider,1,1,0,0.000000,0.000000,0.000000,0.000000,0.000000,0.000000,0.198000,0.000000,0.000000,0.000000,0.198000,0.000000,0.000000,0.000000,0.000000,0.000000,0.000000
1778064175.705513,manual_slider,1,1,0,0.000000,0.000000,0.000000,0.000000,0.000000,0.000000,0.198000,0.000000,0.000000,0.000000,0.198000,0.000000,0.000000,0.000000,0.000000,0.000000,0.000000
1778064175.755631,manual_slider,1,1,0,0.000000,0.000000,0.000000,0.000000,0.000000,0.000000,0.198000,0.000000,0.000000,0.000000,0.198000,0.000000,0.000000,0.000000,0.000000,0.000000,0.000000
1778064175.805517,manual_slider,1,1,0,0.000000,0.000000,0.000000,0.000000,0.000000,0.000000,0.198000,0.000000,0.000000,0.000000,0.198000,0.000000,0.000000,0.000000,0.000000,0.000000,0.000000
1778064175.855645,manual_slider,1,1,0,0.000000,0.000000,0.000000,0.000000,0.000000,0.000000,0.198000,0.000000,0.000000,0.000000,0.198000,0.000000,0.000000,0.000000,0.000000,0.000000,0.000000
1778064175.907176,manual_slider,1,1,0,0.000000,0.000000,0.000000,0.000000,0.000000,0.000000,0.198000,0.000000,0.000000,0.000000,0.198000,0.000000,0.000000,0.000000,0.000000,0.000000,0.000000
1778064175.955517,manual_slider,1,1,0,0.000000,0.000000,0.000000,0.000000,0.000000,0.000000,0.198000,0.000000,0.000000,0.000000,0.198000,0.000000,0.000000,0.000000,0.000000,0.000000,0.000000
1778064176.005607,manual_slider,1,1,0,0.000000,0.000000,0.000000,0.000000,0.000000,0.000000,0.198000,0.000000,0.000000,0.000000,0.198000,0.000000,0.000000,0.000000,0.000000,0.000000,0.000000
1778064176.055630,manual_slider,1,1,0,0.000000,0.000000,0.000000,0.000000,0.000000,0.000000,0.198000,0.000000,0.000000,0.000000,0.198000,0.000000,0.000000,0.000000,0.000000,0.000000,0.000000
1778064176.105688,manual_slider,1,1,0,0.000000,0.000000,0.000000,0.000000,0.000000,0.000000,0.198000,0.000000,0.000000,0.000000,0.198000,0.000000,0.000000,0.000000,0.000000,0.000000,0.000000
1778064176.155824,manual_slider,1,1,0,0.000000,0.000000,0.000000,0.000000,0.000000,0.000000,0.198000,0.000000,0.000000,0.000000,0.198000,0.000000,0.000000,0.000000,0.000000,0.000000,0.000000
1778064176.205678,manual_slider,1,1,0,0.000000,0.000000,0.000000,0.000000,0.000000,0.000000,0.198000,0.000000,0.000000,0.000000,0.198000,0.000000,0.000000,0.000000,0.000000,0.000000,0.000000
1778064176.255716,manual_slider,1,1,0,0.000000,0.000000,0.000000,0.000000,0.000000,0.000000,0.198000,0.000000,0.000000,0.000000,0.198000,0.000000,0.000000,0.000000,0.000000,0.000000,0.000000
1778064176.307319,manual_slider,1,1,0,0.000000,0.000000,0.000000,0.000000,0.000000,0.000000,0.198000,0.000000,0.000000,0.000000,0.198000,0.000000,0.000000,0.000000,0.000000,0.000000,0.000000
1778064176.357351,manual_slider,1,1,0,0.000000,0.000000,0.000000,0.000000,0.000000,0.000000,0.198000,0.000000,0.000000,0.000000,0.198000,0.000000,0.000000,0.000000,0.000000,0.000000,0.000000
1778064176.405738,manual_slider,1,1,0,0.000000,0.000000,0.000000,0.000000,0.000000,0.000000,0.198000,0.000000,0.000000,0.000000,0.198000,0.000000,0.000000,0.000000,0.000000,0.000000,0.000000
1778064176.456031,manual_slider,1,1,0,0.000000,0.000000,0.000000,0.000000,0.000000,0.000000,0.198000,0.000000,0.000000,0.000000,0.198000,0.000000,0.000000,0.000000,0.000000,0.000000,0.000000
1778064176.505791,manual_slider,1,1,0,0.000000,0.000000,0.000000,0.000000,0.000000,0.000000,0.198000,0.000000,0.000000,0.000000,0.198000,0.000000,0.000000,0.114000,0.000000,0.000000,0.000000
1778064176.555731,manual_slider,1,1,0,0.000000,0.000000,0.000000,0.000000,0.000000,0.000000,0.198000,0.000000,0.000000,0.000000,0.198000,0.000000,0.000000,0.432000,0.000000,0.000000,0.000000
1778064176.605703,manual_slider,1,1,0,0.000000,0.000000,0.000000,0.000000,0.000000,0.000000,0.198000,0.000000,0.000000,0.000000,0.198000,0.000000,0.000000,0.584000,0.000000,0.000000,0.000000
1778064176.655578,manual_slider,1,1,0,0.000000,0.000000,0.000000,0.000000,0.000000,0.000000,0.198000,0.000000,0.000000,0.000000,0.198000,0.000000,0.000000,0.606000,0.000000,0.000000,0.000000
1778064176.705716,manual_slider,1,1,0,0.000000,0.000000,0.000000,0.000000,0.000000,0.000000,0.198000,0.000000,0.000000,0.000000,0.198000,0.000000,0.000000,0.618000,0.000000,0.000000,0.000000
1778064176.755810,manual_slider,1,1,0,0.000000,0.000000,0.000000,0.000000,0.000000,0.000000,0.198000,0.000000,0.000000,0.000000,0.198000,0.000000,0.000000,0.618000,0.000000,0.000000,0.000000
1778064176.805939,manual_slider,1,1,0,0.000000,0.000000,0.000000,0.000000,0.000000,0.000000,0.198000,0.000000,0.000000,0.000000,0.198000,0.000000,0.000000,0.540000,0.000000,0.000000,0.000000
1778064176.855746,manual_slider,1,1,0,0.000000,0.000000,0.000000,0.000000,0.000000,0.000000,0.198000,0.000000,0.000000,0.000000,0.198000,0.000000,0.000000,0.378000,0.000000,0.000000,0.000000
1778064176.907327,manual_slider,1,1,0,0.000000,0.000000,0.000000,0.000000,0.000000,0.000000,0.198000,0.000000,0.000000,0.000000,0.198000,0.000000,0.000000,0.158000,0.000000,0.000000,0.000000
1778064176.955564,manual_slider,1,1,0,0.000000,0.000000,0.000000,0.000000,0.000000,0.000000,0.198000,0.000000,0.000000,0.000000,0.198000,0.000000,0.000000,-0.114000,0.000000,0.000000,0.000000
1778064177.007253,manual_slider,1,1,0,0.000000,0.000000,0.000000,0.000000,0.000000,0.000000,0.198000,0.000000,0.000000,0.000000,0.198000,0.000000,0.000000,-0.398000,0.000000,0.000000,0.000000
1778064177.055527,manual_slider,1,1,0,0.000000,0.000000,0.000000,0.000000,0.000000,0.000000,0.198000,0.000000,0.000000,0.000000,0.198000,0.000000,0.000000,-0.650000,0.000000,0.000000,0.000000
1778064177.105852,manual_slider,1,1,0,0.000000,0.000000,0.000000,0.000000,0.000000,0.000000,0.198000,0.000000,0.000000,0.000000,0.198000,0.000000,0.000000,-0.804000,0.000000,0.000000,0.000000
1778064177.155918,manual_slider,1,1,0,0.000000,0.000000,0.000000,0.000000,0.000000,0.000000,0.198000,0.000000,0.000000,0.000000,0.198000,0.000000,0.000000,-0.846000,0.000000,0.000000,0.000000
1778064177.205642,manual_slider,1,1,0,0.000000,0.000000,0.000000,0.000000,0.000000,0.000000,0.198000,0.000000,0.000000,0.000000,0.198000,0.000000,0.000000,-0.858000,0.000000,0.000000,0.000000
1778064177.255997,manual_slider,1,1,0,0.000000,0.000000,0.000000,0.000000,0.000000,0.000000,0.198000,0.000000,0.000000,0.000000,0.198000,0.000000,0.000000,-0.858000,0.000000,0.000000,0.000000
1778064177.305733,manual_slider,1,1,0,0.000000,0.000000,0.000000,0.000000,0.000000,0.000000,0.198000,0.000000,0.000000,0.000000,0.198000,0.000000,0.000000,-0.814000,0.000000,0.000000,0.000000
1778064177.355667,manual_slider,1,1,0,0.000000,0.000000,0.000000,0.000000,0.000000,0.000000,0.198000,0.000000,0.000000,0.000000,0.198000,0.000000,0.000000,-0.726000,0.000000,0.000000,0.000000
1778064177.405608,manual_slider,1,1,0,0.000000,0.000000,0.000000,0.000000,0.000000,0.000000,0.198000,0.000000,0.000000,0.000000,0.198000,0.000000,0.000000,-0.640000,0.000000,0.000000,0.000000
1778064177.455574,manual_slider,1,1,0,0.000000,0.000000,0.000000,0.000000,0.000000,0.000000,0.198000,0.000000,0.000000,0.000000,0.198000,0.000000,0.000000,-0.486000,0.000000,0.000000,0.000000
1778064177.505662,manual_slider,1,1,0,0.000000,0.000000,0.000000,0.000000,0.000000,0.000000,0.198000,0.000000,0.000000,0.000000,0.198000,0.000000,0.000000,-0.202000,0.000000,0.000000,0.000000
1778064177.555824,manual_slider,1,1,0,0.000000,0.000000,0.000000,0.000000,0.000000,0.000000,0.198000,0.000000,0.000000,0.000000,0.198000,0.000000,0.000000,0.114000,0.000000,0.000000,0.000000
1778064177.608301,manual_slider,1,1,0,0.000000,0.000000,0.000000,0.000000,0.000000,0.000000,0.198000,0.000000,0.000000,0.000000,0.198000,0.000000,0.000000,0.334000,0.000000,0.000000,0.000000
1778064177.655636,manual_slider,1,1,0,0.000000,0.000000,0.000000,0.000000,0.000000,0.000000,0.198000,0.000000,0.000000,0.000000,0.198000,0.000000,0.000000,0.388000,0.000000,0.000000,0.000000
1778064177.705793,manual_slider,1,1,0,0.000000,0.000000,0.000000,0.000000,0.000000,0.000000,0.198000,0.000000,0.000000,0.000000,0.198000,0.000000,0.000000,0.410000,0.000000,0.000000,0.000000
1778064177.755805,manual_slider,1,1,0,0.000000,0.000000,0.000000,0.000000,0.000000,0.000000,0.198000,0.000000,0.000000,0.000000,0.198000,0.000000,0.000000,0.420000,0.000000,0.000000,0.000000
1778064177.806045,manual_slider,1,1,0,0.000000,0.000000,0.000000,0.000000,0.000000,0.000000,0.198000,0.000000,0.000000,0.000000,0.198000,0.000000,0.000000,0.432000,0.000000,0.000000,0.000000
1778064177.855547,manual_slider,1,1,0,0.000000,0.000000,0.000000,0.000000,0.000000,0.000000,0.198000,0.000000,0.000000,0.000000,0.198000,0.000000,0.000000,0.410000,0.000000,0.000000,0.000000
1778064177.905608,manual_slider,1,1,0,0.000000,0.000000,0.000000,0.000000,0.000000,0.000000,0.198000,0.000000,0.000000,0.000000,0.198000,0.000000,0.000000,0.398000,0.000000,0.000000,0.000000
1778064177.956028,manual_slider,1,1,0,0.000000,0.000000,0.000000,0.000000,0.000000,0.000000,0.198000,0.000000,0.000000,0.000000,0.198000,0.000000,0.000000,0.398000,0.000000,0.000000,0.000000
1778064178.005553,manual_slider,1,1,0,0.000000,0.000000,0.000000,0.000000,0.000000,0.000000,0.198000,0.000000,0.000000,0.000000,0.198000,0.000000,0.000000,0.398000,0.000000,0.000000,0.000000
1778064178.055706,manual_slider,1,1,0,0.000000,0.000000,0.000000,0.000000,0.000000,0.000000,0.198000,0.000000,0.000000,0.000000,0.198000,0.000000,0.000000,0.398000,0.000000,0.000000,0.000000
1778064178.105524,manual_slider,1,1,0,0.000000,0.000000,0.000000,0.000000,0.000000,0.000000,0.198000,0.000000,0.000000,0.000000,0.198000,0.000000,0.000000,0.000000,0.000000,0.000000,0.000000
1778064178.155751,manual_slider,1,1,0,0.000000,0.000000,0.000000,0.000000,0.000000,0.000000,0.198000,0.000000,0.000000,0.000000,0.198000,0.000000,0.000000,0.000000,0.000000,0.000000,0.000000
1778064178.205844,manual_slider,1,1,0,0.000000,0.000000,0.000000,0.000000,0.000000,0.000000,0.198000,0.000000,0.000000,0.000000,0.198000,0.000000,0.000000,0.000000,0.000000,0.000000,0.000000
1778064178.255559,manual_slider,1,1,0,0.000000,0.000000,0.000000,0.000000,0.000000,0.000000,0.198000,0.000000,0.000000,0.000000,0.198000,0.000000,0.000000,0.000000,0.000000,0.000000,0.000000
1778064178.305554,manual_slider,1,1,0,0.000000,0.000000,0.000000,0.000000,0.000000,0.000000,0.198000,0.000000,0.000000,0.000000,0.198000,0.000000,0.000000,0.000000,0.000000,0.000000,0.000000
1778064178.355627,manual_slider,1,1,0,0.000000,0.000000,0.000000,0.000000,0.000000,0.000000,0.198000,0.000000,0.000000,0.000000,0.198000,0.000000,0.000000,0.000000,0.000000,0.000000,0.000000
1778064178.405563,manual_slider,1,1,0,0.000000,0.000000,0.000000,0.000000,0.000000,0.000000,0.198000,0.000000,0.000000,0.000000,0.198000,0.000000,0.000000,0.000000,0.000000,0.000000,0.000000
1778064178.455645,manual_slider,1,1,0,0.000000,0.000000,0.000000,0.000000,0.000000,0.000000,0.198000,0.000000,0.000000,0.000000,0.198000,0.000000,0.000000,0.000000,0.000000,0.000000,0.000000
1778064178.505571,manual_slider,1,1,0,0.000000,0.000000,0.000000,0.000000,0.000000,0.000000,0.198000,0.000000,0.000000,0.000000,0.198000,0.000000,0.000000,0.000000,0.000000,0.000000,0.000000
1778064178.555617,manual_slider,1,1,0,0.000000,0.000000,0.000000,0.000000,0.000000,0.000000,0.198000,0.000000,0.000000,0.000000,0.198000,0.000000,0.000000,0.000000,0.000000,0.000000,0.000000
1778064178.605652,manual_slider,1,1,0,0.000000,0.000000,0.000000,0.000000,0.000000,0.000000,0.198000,0.000000,0.000000,0.000000,0.198000,0.000000,0.000000,0.000000,0.000000,0.000000,0.000000
1778064178.659503,manual_slider,1,1,0,0.000000,0.000000,0.000000,0.000000,0.000000,0.000000,0.198000,0.000000,0.000000,0.000000,0.198000,0.000000,0.000000,0.000000,0.000000,0.000000,0.000000
1778064178.705798,manual_slider,1,1,0,0.000000,0.000000,0.000000,0.000000,0.000000,0.000000,0.198000,0.000000,0.000000,0.000000,0.198000,0.000000,0.000000,0.000000,0.000000,0.000000,0.000000
1778064178.755767,manual_slider,1,1,0,0.000000,0.000000,0.000000,0.000000,0.000000,0.000000,0.198000,0.000000,0.000000,0.000000,0.198000,0.000000,0.000000,0.000000,0.000000,0.000000,0.000000
1778064178.807222,manual_slider,1,1,0,0.000000,0.000000,0.000000,0.000000,0.000000,0.000000,0.198000,0.000000,0.000000,0.000000,0.198000,0.000000,0.000000,0.000000,0.000000,0.000000,0.000000
1778064178.857317,manual_slider,1,1,0,0.000000,0.000000,0.000000,0.000000,0.000000,0.000000,0.198000,0.000000,0.000000,0.000000,0.198000,0.000000,0.000000,0.000000,0.000000,0.000000,0.000000
1778064178.905671,manual_slider,1,1,0,0.000000,0.000000,0.000000,0.000000,0.000000,0.000000,0.198000,0.000000,0.000000,0.000000,0.198000,0.000000,0.000000,0.000000,0.000000,0.000000,0.000000
1778064178.955776,manual_slider,1,1,0,0.000000,0.000000,0.000000,0.000000,0.000000,0.000000,0.198000,0.000000,0.000000,0.000000,0.198000,0.000000,0.000000,0.000000,0.000000,0.000000,0.000000
1778064179.006089,manual_slider,1,1,0,0.000000,0.000000,0.000000,0.000000,0.000000,0.000000,0.198000,0.000000,0.000000,0.000000,0.198000,0.000000,0.000000,0.000000,0.000000,0.000000,0.000000
1778064179.055659,manual_slider,1,1,0,0.000000,0.000000,0.000000,0.000000,0.000000,0.000000,0.198000,0.000000,0.000000,0.000000,0.198000,0.000000,0.000000,0.000000,0.000000,0.000000,0.000000
1778064179.107339,manual_slider,1,1,0,0.000000,0.000000,0.000000,0.000000,0.000000,0.000000,0.198000,0.000000,0.000000,0.000000,0.198000,0.000000,0.000000,0.000000,0.000000,0.000000,0.000000
1778064179.155410,manual_slider,1,1,0,0.000000,0.000000,0.000000,0.000000,0.000000,0.000000,0.198000,0.000000,0.000000,0.000000,0.198000,0.000000,0.000000,0.000000,0.000000,0.000000,0.000000
1778064179.209460,manual_slider,1,1,0,0.000000,0.000000,0.000000,0.000000,0.000000,0.000000,0.198000,0.000000,0.000000,0.000000,0.198000,0.000000,0.000000,0.000000,0.000000,0.000000,0.000000
1778064179.255452,manual_slider,1,1,0,0.000000,0.000000,0.000000,0.000000,0.000000,0.000000,0.198000,0.000000,0.000000,0.000000,0.198000,0.000000,0.000000,0.000000,0.000000,0.000000,0.000000
1778064179.309235,manual_slider,1,1,0,0.000000,0.000000,0.000000,0.000000,0.000000,0.000000,0.198000,0.000000,0.000000,0.000000,0.198000,0.000000,0.000000,0.000000,0.000000,0.000000,0.000000
1778064179.355600,manual_slider,1,1,0,0.000000,0.000000,0.000000,0.000000,0.000000,0.000000,0.198000,0.000000,0.000000,0.000000,0.198000,0.000000,0.000000,0.000000,0.000000,0.000000,0.000000
1778064179.405702,manual_slider,1,1,0,0.000000,0.000000,0.000000,0.000000,0.000000,0.000000,0.198000,0.000000,0.000000,0.000000,0.198000,0.000000,0.000000,0.000000,0.000000,0.000000,0.000000
1778064179.455451,manual_slider,1,1,0,0.000000,0.000000,0.000000,0.000000,0.000000,0.000000,0.198000,0.000000,0.000000,0.000000,0.198000,0.000000,0.000000,0.000000,0.000000,0.000000,0.000000
1778064179.505559,manual_slider,1,1,0,0.000000,0.000000,0.000000,0.000000,0.000000,0.000000,0.198000,0.000000,0.000000,0.000000,0.198000,0.000000,0.000000,0.000000,0.000000,0.000000,0.000000
1778064179.555528,manual_slider,1,1,0,0.000000,0.000000,0.000000,0.000000,0.000000,0.000000,0.198000,0.000000,0.000000,0.000000,0.198000,0.000000,0.000000,0.000000,0.000000,0.000000,0.000000
1778064179.605931,manual_slider,1,1,0,0.000000,0.000000,0.000000,0.000000,0.000000,0.000000,0.198000,0.000000,0.000000,0.000000,0.198000,0.000000,0.000000,0.000000,0.000000,0.000000,0.000000
1778064179.655707,manual_slider,1,1,0,0.000000,0.000000,0.000000,0.000000,0.000000,0.000000,0.198000,0.000000,0.000000,0.000000,0.198000,0.000000,0.000000,0.000000,0.202000,0.000000,0.000000
1778064179.706870,manual_slider,1,1,0,0.000000,0.000000,0.000000,0.000000,0.000000,0.000000,0.198000,0.000000,0.000000,0.000000,0.198000,0.000000,0.000000,0.000000,0.340000,0.000000,0.000000
1778064179.755599,manual_slider,1,1,0,0.000000,0.000000,0.000000,0.000000,0.000000,0.000000,0.198000,0.000000,0.000000,0.000000,0.198000,0.000000,0.000000,0.000000,0.490000,0.000000,0.000000
1778064179.805793,manual_slider,1,1,0,0.000000,0.000000,0.000000,0.000000,0.000000,0.000000,0.198000,0.000000,0.000000,0.000000,0.198000,0.000000,0.000000,0.000000,0.586000,0.000000,0.000000
1778064179.855642,manual_slider,1,1,0,0.000000,0.000000,0.000000,0.000000,0.000000,0.000000,0.198000,0.000000,0.000000,0.000000,0.198000,0.000000,0.000000,0.000000,0.638000,0.000000,0.000000
1778064179.905989,manual_slider,1,1,0,0.000000,0.000000,0.000000,0.000000,0.000000,0.000000,0.198000,0.000000,0.000000,0.000000,0.198000,0.000000,0.000000,0.000000,0.702000,0.000000,0.000000
1778064179.955707,manual_slider,1,1,0,0.000000,0.000000,0.000000,0.000000,0.000000,0.000000,0.198000,0.000000,0.000000,0.000000,0.198000,0.000000,0.000000,0.000000,0.788000,0.000000,0.000000
1778064180.005917,manual_slider,1,1,0,0.000000,0.000000,0.000000,0.000000,0.000000,0.000000,0.198000,0.000000,0.000000,0.000000,0.198000,0.000000,0.000000,0.000000,0.840000,0.000000,0.000000
1778064180.055811,manual_slider,1,1,0,0.000000,0.000000,0.000000,0.000000,0.000000,0.000000,0.198000,0.000000,0.000000,0.000000,0.198000,0.000000,0.000000,0.000000,0.914000,0.000000,0.000000
1778064180.105525,manual_slider,1,1,0,0.000000,0.000000,0.000000,0.000000,0.000000,0.000000,0.198000,0.000000,0.000000,0.000000,0.198000,0.000000,0.000000,0.000000,0.958000,0.000000,0.000000
1778064180.155584,manual_slider,1,1,0,0.000000,0.000000,0.000000,0.000000,0.000000,0.000000,0.198000,0.000000,0.000000,0.000000,0.198000,0.000000,0.000000,0.000000,0.968000,0.000000,0.000000
1778064180.205899,manual_slider,1,1,0,0.000000,0.000000,0.000000,0.000000,0.000000,0.000000,0.198000,0.000000,0.000000,0.000000,0.198000,0.000000,0.000000,0.000000,0.926000,0.000000,0.000000
1778064180.256911,manual_slider,1,1,0,0.000000,0.000000,0.000000,0.000000,0.000000,0.000000,0.198000,0.000000,0.000000,0.000000,0.198000,0.000000,0.000000,0.000000,0.648000,0.000000,0.000000
1778064180.305669,manual_slider,1,1,0,0.000000,0.000000,0.000000,0.000000,0.000000,0.000000,0.198000,0.000000,0.000000,0.000000,0.198000,0.000000,0.000000,0.000000,0.340000,0.000000,0.000000
1778064180.355701,manual_slider,1,1,0,0.000000,0.000000,0.000000,0.000000,0.000000,0.000000,0.198000,0.000000,0.000000,0.000000,0.198000,0.000000,0.000000,0.000000,0.118000,0.000000,0.000000
1778064180.405831,manual_slider,1,1,0,0.000000,0.000000,0.000000,0.000000,0.000000,0.000000,0.198000,0.000000,0.000000,0.000000,0.198000,0.000000,0.000000,0.000000,-0.106000,0.000000,0.000000
1778064180.455744,manual_slider,1,1,0,0.000000,0.000000,0.000000,0.000000,0.000000,0.000000,0.198000,0.000000,0.000000,0.000000,0.198000,0.000000,0.000000,0.000000,-0.308000,0.000000,0.000000
1778064180.505780,manual_slider,1,1,0,0.000000,0.000000,0.000000,0.000000,0.000000,0.000000,0.198000,0.000000,0.000000,0.000000,0.198000,0.000000,0.000000,0.000000,-0.500000,0.000000,0.000000
1778064180.557868,manual_slider,1,1,0,0.000000,0.000000,0.000000,0.000000,0.000000,0.000000,0.198000,0.000000,0.000000,0.000000,0.198000,0.000000,0.000000,0.000000,-0.574000,0.000000,0.000000
1778064180.605677,manual_slider,1,1,0,0.000000,0.000000,0.000000,0.000000,0.000000,0.000000,0.198000,0.000000,0.000000,0.000000,0.198000,0.000000,0.000000,0.000000,-0.586000,0.000000,0.000000
1778064180.655689,manual_slider,1,1,0,0.000000,0.000000,0.000000,0.000000,0.000000,0.000000,0.198000,0.000000,0.000000,0.000000,0.198000,0.000000,0.000000,0.000000,-0.628000,0.000000,0.000000
1778064180.705622,manual_slider,1,1,0,0.000000,0.000000,0.000000,0.000000,0.000000,0.000000,0.198000,0.000000,0.000000,0.000000,0.198000,0.000000,0.000000,0.000000,-0.648000,0.000000,0.000000
1778064180.755543,manual_slider,1,1,0,0.000000,0.000000,0.000000,0.000000,0.000000,0.000000,0.198000,0.000000,0.000000,0.000000,0.198000,0.000000,0.000000,0.000000,-0.660000,0.000000,0.000000
1778064180.805789,manual_slider,1,1,0,0.000000,0.000000,0.000000,0.000000,0.000000,0.000000,0.198000,0.000000,0.000000,0.000000,0.198000,0.000000,0.000000,0.000000,-0.660000,0.000000,0.000000
1778064180.855705,manual_slider,1,1,0,0.000000,0.000000,0.000000,0.000000,0.000000,0.000000,0.198000,0.000000,0.000000,0.000000,0.198000,0.000000,0.000000,0.000000,-0.660000,0.000000,0.000000
1778064180.905451,manual_slider,1,1,0,0.000000,0.000000,0.000000,0.000000,0.000000,0.000000,0.198000,0.000000,0.000000,0.000000,0.198000,0.000000,0.000000,0.000000,-0.660000,0.000000,0.000000
1778064180.955703,manual_slider,1,1,0,0.000000,0.000000,0.000000,0.000000,0.000000,0.000000,0.198000,0.000000,0.000000,0.000000,0.198000,0.000000,0.000000,0.000000,-0.660000,0.000000,0.000000
1778064181.005800,manual_slider,1,1,0,0.000000,0.000000,0.000000,0.000000,0.000000,0.000000,0.198000,0.000000,0.000000,0.000000,0.198000,0.000000,0.000000,0.000000,-0.660000,0.000000,0.000000
1778064181.055566,manual_slider,1,1,0,0.000000,0.000000,0.000000,0.000000,0.000000,0.000000,0.198000,0.000000,0.000000,0.000000,0.198000,0.000000,0.000000,0.000000,-0.660000,0.000000,0.000000
1778064181.105410,manual_slider,1,1,0,0.000000,0.000000,0.000000,0.000000,0.000000,0.000000,0.198000,0.000000,0.000000,0.000000,0.198000,0.000000,0.000000,0.000000,-0.660000,0.000000,0.000000
1778064181.155585,manual_slider,1,1,0,0.000000,0.000000,0.000000,0.000000,0.000000,0.000000,0.198000,0.000000,0.000000,0.000000,0.198000,0.000000,0.000000,0.000000,-0.660000,0.000000,0.000000
1778064181.205575,manual_slider,1,1,0,0.000000,0.000000,0.000000,0.000000,0.000000,0.000000,0.198000,0.000000,0.000000,0.000000,0.198000,0.000000,0.000000,0.000000,-0.660000,0.000000,0.000000
1778064181.256915,manual_slider,1,1,0,0.000000,0.000000,0.000000,0.000000,0.000000,0.000000,0.198000,0.000000,0.000000,0.000000,0.198000,0.000000,0.000000,0.000000,0.000000,0.000000,0.000000
1778064181.305538,manual_slider,1,1,0,0.000000,0.000000,0.000000,0.000000,0.000000,0.000000,0.198000,0.000000,0.000000,0.000000,0.198000,0.000000,0.000000,0.000000,0.000000,0.000000,0.000000
1778064181.355720,manual_slider,1,1,0,0.000000,0.000000,0.000000,0.000000,0.000000,0.000000,0.198000,0.000000,0.000000,0.000000,0.198000,0.000000,0.000000,0.000000,0.000000,0.000000,0.000000
1778064181.405533,manual_slider,1,1,0,0.000000,0.000000,0.000000,0.000000,0.000000,0.000000,0.198000,0.000000,0.000000,0.000000,0.198000,0.000000,0.000000,0.000000,0.000000,0.000000,0.000000
1778064181.455539,manual_slider,1,1,0,0.000000,0.000000,0.000000,0.000000,0.000000,0.000000,0.198000,0.000000,0.000000,0.000000,0.198000,0.000000,0.000000,0.000000,0.000000,0.000000,0.000000
1778064181.505713,manual_slider,1,1,0,0.000000,0.000000,0.000000,0.000000,0.000000,0.000000,0.198000,0.000000,0.000000,0.000000,0.198000,0.000000,0.000000,0.000000,0.000000,0.000000,0.000000
1778064181.555525,manual_slider,1,1,0,0.000000,0.000000,0.000000,0.000000,0.000000,0.000000,0.198000,0.000000,0.000000,0.000000,0.198000,0.000000,0.000000,0.000000,0.000000,0.000000,0.000000
1778064181.605650,manual_slider,1,1,0,0.000000,0.000000,0.000000,0.000000,0.000000,0.000000,0.198000,0.000000,0.000000,0.000000,0.198000,0.000000,0.000000,0.000000,0.000000,0.000000,0.000000
1778064181.655596,manual_slider,1,1,0,0.000000,0.000000,0.000000,0.000000,0.000000,0.000000,0.198000,0.000000,0.000000,0.000000,0.198000,0.000000,0.000000,0.000000,0.000000,0.000000,0.000000
1778064181.706970,manual_slider,1,1,0,0.000000,0.000000,0.000000,0.000000,0.000000,0.000000,0.198000,0.000000,0.000000,0.000000,0.198000,0.000000,0.000000,0.000000,0.000000,0.000000,0.000000
1778064181.755654,manual_slider,1,1,0,0.000000,0.000000,0.000000,0.000000,0.000000,0.000000,0.198000,0.000000,0.000000,0.000000,0.198000,0.000000,0.000000,0.000000,0.000000,0.000000,0.000000
1778064181.805850,manual_slider,1,1,0,0.000000,0.000000,0.000000,0.000000,0.000000,0.000000,0.198000,0.000000,0.000000,0.000000,0.198000,0.000000,0.000000,0.000000,0.000000,0.000000,0.000000
1778064181.855649,manual_slider,1,1,0,0.000000,0.000000,0.000000,0.000000,0.000000,0.000000,0.198000,0.000000,0.000000,0.000000,0.198000,0.000000,0.000000,0.000000,0.000000,0.000000,0.000000
1778064181.905713,manual_slider,1,1,0,0.000000,0.000000,0.000000,0.000000,0.000000,0.000000,0.198000,0.000000,0.000000,0.000000,0.198000,0.000000,0.000000,0.000000,0.000000,0.000000,0.000000
1778064181.956015,manual_slider,1,1,0,0.000000,0.000000,0.000000,0.000000,0.000000,0.000000,0.198000,0.000000,0.000000,0.000000,0.198000,0.000000,0.000000,0.000000,0.000000,0.000000,0.000000
1778064182.008494,manual_slider,1,1,0,0.000000,0.000000,0.000000,0.000000,0.000000,0.000000,0.198000,0.000000,0.000000,0.000000,0.198000,0.000000,0.000000,0.000000,0.000000,0.000000,0.000000
1778064182.057337,manual_slider,1,1,0,0.000000,0.000000,0.000000,0.000000,0.000000,0.000000,0.198000,0.000000,0.000000,0.000000,0.198000,0.000000,0.000000,0.000000,0.000000,0.000000,0.000000
1778064182.107702,manual_slider,1,1,0,0.000000,0.000000,0.000000,0.000000,0.000000,0.000000,0.198000,0.000000,0.000000,0.000000,0.198000,0.000000,0.000000,0.000000,0.000000,0.000000,0.000000
1778064182.159301,manual_slider,1,1,0,0.000000,0.000000,0.000000,0.000000,0.000000,0.000000,0.198000,0.000000,0.000000,0.000000,0.198000,0.000000,0.000000,0.000000,0.000000,0.000000,0.000000
1778064182.205752,manual_slider,1,1,0,0.000000,0.000000,0.000000,0.000000,0.000000,0.000000,0.198000,0.000000,0.000000,0.000000,0.198000,0.000000,0.000000,0.000000,0.000000,0.000000,0.000000
1778064182.255666,manual_slider,1,1,0,0.000000,0.000000,0.000000,0.000000,0.000000,0.000000,0.198000,0.000000,0.000000,0.000000,0.198000,0.000000,0.000000,0.000000,0.000000,0.000000,0.000000
1778064182.305552,manual_slider,1,1,0,0.000000,0.000000,0.000000,0.000000,0.000000,0.000000,0.198000,0.000000,0.000000,0.000000,0.198000,0.000000,0.000000,0.000000,0.000000,0.000000,0.000000
1778064182.357557,manual_slider,1,1,0,0.000000,0.000000,0.000000,0.000000,0.000000,0.000000,0.198000,0.000000,0.000000,0.000000,0.198000,0.000000,0.000000,0.000000,0.000000,0.000000,0.000000
1778064182.405606,manual_slider,1,1,0,0.000000,0.000000,0.000000,0.000000,0.000000,0.000000,0.198000,0.000000,0.000000,0.000000,0.198000,0.000000,0.000000,0.000000,0.000000,0.000000,0.000000
1778064182.457718,manual_slider,1,1,0,0.000000,0.000000,0.000000,0.000000,0.000000,0.000000,0.198000,0.000000,0.000000,0.000000,0.198000,0.000000,0.000000,0.000000,0.000000,0.000000,0.000000
1778064182.506209,manual_slider,1,1,0,0.000000,0.000000,0.000000,0.000000,0.000000,0.000000,0.198000,0.000000,0.000000,0.000000,0.198000,0.000000,0.000000,0.000000,0.000000,0.000000,0.000000
1778064182.556050,manual_slider,1,1,0,0.000000,0.000000,0.000000,0.000000,0.000000,0.000000,0.198000,0.000000,0.000000,0.000000,0.198000,0.000000,0.000000,0.000000,0.000000,0.000000,0.000000
1778064182.605656,manual_slider,1,1,0,0.000000,0.000000,0.000000,0.000000,0.000000,0.000000,0.198000,0.000000,0.000000,0.000000,0.198000,0.000000,0.000000,0.000000,0.000000,0.502000,0.000000
1778064182.655639,manual_slider,1,1,0,0.000000,0.000000,0.000000,0.000000,0.000000,0.000000,0.198000,0.000000,0.000000,0.000000,0.198000,0.000000,0.000000,0.000000,0.000000,0.878000,0.000000
1778064182.711107,manual_slider,1,1,0,0.000000,0.000000,0.000000,0.000000,0.000000,0.000000,0.198000,0.000000,0.000000,0.000000,0.198000,0.000000,0.000000,0.000000,0.000000,0.966000,0.000000
1778064182.755768,manual_slider,1,1,0,0.000000,0.000000,0.000000,0.000000,0.000000,0.000000,0.198000,0.000000,0.000000,0.000000,0.198000,0.000000,0.000000,0.000000,0.000000,0.978000,0.000000
1778064182.805664,manual_slider,1,1,0,0.000000,0.000000,0.000000,0.000000,0.000000,0.000000,0.198000,0.000000,0.000000,0.000000,0.198000,0.000000,0.000000,0.000000,0.000000,0.922000,0.000000
1778064182.859327,manual_slider,1,1,0,0.000000,0.000000,0.000000,0.000000,0.000000,0.000000,0.198000,0.000000,0.000000,0.000000,0.198000,0.000000,0.000000,0.000000,0.000000,0.536000,0.000000
1778064182.905721,manual_slider,1,1,0,0.000000,0.000000,0.000000,0.000000,0.000000,0.000000,0.198000,0.000000,0.000000,0.000000,0.198000,0.000000,0.000000,0.000000,0.000000,0.314000,0.000000
1778064182.957440,manual_slider,1,1,0,0.000000,0.000000,0.000000,0.000000,0.000000,0.000000,0.198000,0.000000,0.000000,0.000000,0.198000,0.000000,0.000000,0.000000,0.000000,-0.094000,0.000000
1778064183.005625,manual_slider,1,1,0,0.000000,0.000000,0.000000,0.000000,0.000000,0.000000,0.198000,0.000000,0.000000,0.000000,0.198000,0.000000,0.000000,0.000000,0.000000,-0.514000,0.000000
1778064183.055442,manual_slider,1,1,0,0.000000,0.000000,0.000000,0.000000,0.000000,0.000000,0.198000,0.000000,0.000000,0.000000,0.198000,0.000000,0.000000,0.000000,0.000000,-0.790000,0.000000
1778064183.105990,manual_slider,1,1,0,0.000000,0.000000,0.000000,0.000000,0.000000,0.000000,0.198000,0.000000,0.000000,0.000000,0.198000,0.000000,0.000000,0.000000,0.000000,-0.834000,0.000000
1778064183.155805,manual_slider,1,1,0,0.000000,0.000000,0.000000,0.000000,0.000000,0.000000,0.198000,0.000000,0.000000,0.000000,0.198000,0.000000,0.000000,0.000000,0.000000,-0.846000,0.000000
1778064183.206533,manual_slider,1,1,0,0.000000,0.000000,0.000000,0.000000,0.000000,0.000000,0.198000,0.000000,0.000000,0.000000,0.198000,0.000000,0.000000,0.000000,0.000000,-0.846000,0.000000
1778064183.255552,manual_slider,1,1,0,0.000000,0.000000,0.000000,0.000000,0.000000,0.000000,0.198000,0.000000,0.000000,0.000000,0.198000,0.000000,0.000000,0.000000,0.000000,-0.834000,0.000000
1778064183.305655,manual_slider,1,1,0,0.000000,0.000000,0.000000,0.000000,0.000000,0.000000,0.198000,0.000000,0.000000,0.000000,0.198000,0.000000,0.000000,0.000000,0.000000,-0.834000,0.000000
1778064183.355499,manual_slider,1,1,0,0.000000,0.000000,0.000000,0.000000,0.000000,0.000000,0.198000,0.000000,0.000000,0.000000,0.198000,0.000000,0.000000,0.000000,0.000000,-0.824000,0.000000
1778064183.405717,manual_slider,1,1,0,0.000000,0.000000,0.000000,0.000000,0.000000,0.000000,0.198000,0.000000,0.000000,0.000000,0.198000,0.000000,0.000000,0.000000,0.000000,-0.824000,0.000000
1778064183.455896,manual_slider,1,1,0,0.000000,0.000000,0.000000,0.000000,0.000000,0.000000,0.198000,0.000000,0.000000,0.000000,0.198000,0.000000,0.000000,0.000000,0.000000,-0.824000,0.000000
1778064183.505688,manual_slider,1,1,0,0.000000,0.000000,0.000000,0.000000,0.000000,0.000000,0.198000,0.000000,0.000000,0.000000,0.198000,0.000000,0.000000,0.000000,0.000000,-0.824000,0.000000
1778064183.557542,manual_slider,1,1,0,0.000000,0.000000,0.000000,0.000000,0.000000,0.000000,0.198000,0.000000,0.000000,0.000000,0.198000,0.000000,0.000000,0.000000,0.000000,-0.824000,0.000000
1778064183.605665,manual_slider,1,1,0,0.000000,0.000000,0.000000,0.000000,0.000000,0.000000,0.198000,0.000000,0.000000,0.000000,0.198000,0.000000,0.000000,0.000000,0.000000,-0.824000,0.000000
1778064183.656774,manual_slider,1,1,0,0.000000,0.000000,0.000000,0.000000,0.000000,0.000000,0.198000,0.000000,0.000000,0.000000,0.198000,0.000000,0.000000,0.000000,0.000000,-0.824000,0.000000
1778064183.705503,manual_slider,1,1,0,0.000000,0.000000,0.000000,0.000000,0.000000,0.000000,0.198000,0.000000,0.000000,0.000000,0.198000,0.000000,0.000000,0.000000,0.000000,0.000000,0.000000
1778064183.755635,manual_slider,1,1,0,0.000000,0.000000,0.000000,0.000000,0.000000,0.000000,0.198000,0.000000,0.000000,0.000000,0.198000,0.000000,0.000000,0.000000,0.000000,0.000000,0.000000
1778064183.805670,manual_slider,1,1,0,0.000000,0.000000,0.000000,0.000000,0.000000,0.000000,0.198000,0.000000,0.000000,0.000000,0.198000,0.000000,0.000000,0.000000,0.000000,0.000000,0.000000
1778064183.856385,manual_slider,1,1,0,0.000000,0.000000,0.000000,0.000000,0.000000,0.000000,0.198000,0.000000,0.000000,0.000000,0.198000,0.000000,0.000000,0.000000,0.000000,0.000000,0.000000
1778064183.905519,manual_slider,1,1,0,0.000000,0.000000,0.000000,0.000000,0.000000,0.000000,0.198000,0.000000,0.000000,0.000000,0.198000,0.000000,0.000000,0.000000,0.000000,0.000000,0.000000
1778064183.955487,manual_slider,1,1,0,0.000000,0.000000,0.000000,0.000000,0.000000,0.000000,0.198000,0.000000,0.000000,0.000000,0.198000,0.000000,0.000000,0.000000,0.000000,0.000000,0.000000
1778064184.007406,manual_slider,1,1,0,0.000000,0.000000,0.000000,0.000000,0.000000,0.000000,0.198000,0.000000,0.000000,0.000000,0.198000,0.000000,0.000000,0.000000,0.000000,0.000000,0.000000
1778064184.055630,manual_slider,1,1,0,0.000000,0.000000,0.000000,0.000000,0.000000,0.000000,0.198000,0.000000,0.000000,0.000000,0.198000,0.000000,0.000000,0.000000,0.000000,0.000000,0.000000
1778064184.105670,manual_slider,1,1,0,0.000000,0.000000,0.000000,0.000000,0.000000,0.000000,0.198000,0.000000,0.000000,0.000000,0.198000,0.000000,0.000000,0.000000,0.000000,0.000000,0.000000
1778064184.155421,manual_slider,1,1,0,0.000000,0.000000,0.000000,0.000000,0.000000,0.000000,0.198000,0.000000,0.000000,0.000000,0.198000,0.000000,0.000000,0.000000,0.000000,0.000000,0.000000
1778064184.205664,manual_slider,1,1,0,0.000000,0.000000,0.000000,0.000000,0.000000,0.000000,0.198000,0.000000,0.000000,0.000000,0.198000,0.000000,0.000000,0.000000,0.000000,0.000000,0.000000
1778064184.255507,manual_slider,1,1,0,0.000000,0.000000,0.000000,0.000000,0.000000,0.000000,0.198000,0.000000,0.000000,0.000000,0.198000,0.000000,0.000000,0.000000,0.000000,0.000000,0.000000
1778064184.305571,manual_slider,1,1,0,0.000000,0.000000,0.000000,0.000000,0.000000,0.000000,0.198000,0.000000,0.000000,0.000000,0.198000,0.000000,0.000000,0.000000,0.000000,0.000000,0.000000
1778064184.355866,manual_slider,1,1,0,0.000000,0.000000,0.000000,0.000000,0.000000,0.000000,0.198000,0.000000,0.000000,0.000000,0.198000,0.000000,0.000000,0.000000,0.000000,0.000000,0.000000
1778064184.405584,manual_slider,1,1,0,0.000000,0.000000,0.000000,0.000000,0.000000,0.000000,0.198000,0.000000,0.000000,0.000000,0.198000,0.000000,0.000000,0.000000,0.000000,0.000000,0.000000
1778064184.456975,manual_slider,1,1,0,0.000000,0.000000,0.000000,0.000000,0.000000,0.000000,0.198000,0.000000,0.000000,0.000000,0.198000,0.000000,0.000000,0.000000,0.000000,0.000000,0.000000
1778064184.505676,manual_slider,1,1,0,0.000000,0.000000,0.000000,0.000000,0.000000,0.000000,0.198000,0.000000,0.000000,0.000000,0.198000,0.000000,0.000000,0.000000,0.000000,0.000000,0.000000
1778064184.556063,manual_slider,1,1,0,0.000000,0.000000,0.000000,0.000000,0.000000,0.000000,0.198000,0.000000,0.000000,0.000000,0.198000,0.000000,0.000000,0.000000,0.000000,0.000000,0.000000
1778064184.605617,manual_slider,1,1,0,0.000000,0.000000,0.000000,0.000000,0.000000,0.000000,0.198000,0.000000,0.000000,0.000000,0.198000,0.000000,0.000000,0.000000,0.000000,0.000000,0.000000
1778064184.655848,manual_slider,1,1,0,0.000000,0.000000,0.000000,0.000000,0.000000,0.000000,0.198000,0.000000,0.000000,0.000000,0.198000,0.000000,0.000000,0.000000,0.000000,0.000000,0.000000
1778064184.705685,manual_slider,1,1,0,0.000000,0.000000,0.000000,0.000000,0.000000,0.000000,0.198000,0.000000,0.000000,0.000000,0.198000,0.000000,0.000000,0.000000,0.000000,0.000000,0.000000
1778064184.755655,manual_slider,1,1,0,0.000000,0.000000,0.000000,0.000000,0.000000,0.000000,0.198000,0.000000,0.000000,0.000000,0.198000,0.000000,0.000000,0.000000,0.000000,0.000000,0.116000
1778064184.805988,manual_slider,1,1,0,0.000000,0.000000,0.000000,0.000000,0.000000,0.000000,0.198000,0.000000,0.000000,0.000000,0.198000,0.000000,0.000000,0.000000,0.000000,0.000000,0.690000
1778064184.855676,manual_slider,1,1,0,0.000000,0.000000,0.000000,0.000000,0.000000,0.000000,0.198000,0.000000,0.000000,0.000000,0.198000,0.000000,0.000000,0.000000,0.000000,0.000000,0.868000
1778064184.905722,manual_slider,1,1,0,0.000000,0.000000,0.000000,0.000000,0.000000,0.000000,0.198000,0.000000,0.000000,0.000000,0.198000,0.000000,0.000000,0.000000,0.000000,0.000000,0.878000
1778064184.957269,manual_slider,1,1,0,0.000000,0.000000,0.000000,0.000000,0.000000,0.000000,0.198000,0.000000,0.000000,0.000000,0.198000,0.000000,0.000000,0.000000,0.000000,0.000000,0.878000
1778064185.005668,manual_slider,1,1,0,0.000000,0.000000,0.000000,0.000000,0.000000,0.000000,0.198000,0.000000,0.000000,0.000000,0.198000,0.000000,0.000000,0.000000,0.000000,0.000000,0.834000
1778064185.055756,manual_slider,1,1,0,0.000000,0.000000,0.000000,0.000000,0.000000,0.000000,0.198000,0.000000,0.000000,0.000000,0.198000,0.000000,0.000000,0.000000,0.000000,0.000000,0.558000
1778064185.105622,manual_slider,1,1,0,0.000000,0.000000,0.000000,0.000000,0.000000,0.000000,0.198000,0.000000,0.000000,0.000000,0.198000,0.000000,0.000000,0.000000,0.000000,0.000000,0.502000
1778064185.157335,manual_slider,1,1,0,0.000000,0.000000,0.000000,0.000000,0.000000,0.000000,0.198000,0.000000,0.000000,0.000000,0.198000,0.000000,0.000000,0.000000,0.000000,0.000000,0.314000
1778064185.205573,manual_slider,1,1,0,0.000000,0.000000,0.000000,0.000000,0.000000,0.000000,0.198000,0.000000,0.000000,0.000000,0.198000,0.000000,0.000000,0.000000,0.000000,0.000000,-0.182000
1778064185.255625,manual_slider,1,1,0,0.000000,0.000000,0.000000,0.000000,0.000000,0.000000,0.198000,0.000000,0.000000,0.000000,0.198000,0.000000,0.000000,0.000000,0.000000,0.000000,-0.558000
1778064185.305861,manual_slider,1,1,0,0.000000,0.000000,0.000000,0.000000,0.000000,0.000000,0.198000,0.000000,0.000000,0.000000,0.198000,0.000000,0.000000,0.000000,0.000000,0.000000,-0.780000
1778064185.358022,manual_slider,1,1,0,0.000000,0.000000,0.000000,0.000000,0.000000,0.000000,0.198000,0.000000,0.000000,0.000000,0.198000,0.000000,0.000000,0.000000,0.000000,0.000000,-0.824000
1778064185.405689,manual_slider,1,1,0,0.000000,0.000000,0.000000,0.000000,0.000000,0.000000,0.198000,0.000000,0.000000,0.000000,0.198000,0.000000,0.000000,0.000000,0.000000,0.000000,-0.824000
1778064185.455868,manual_slider,1,1,0,0.000000,0.000000,0.000000,0.000000,0.000000,0.000000,0.198000,0.000000,0.000000,0.000000,0.198000,0.000000,0.000000,0.000000,0.000000,0.000000,-0.824000
1778064185.507219,manual_slider,1,1,0,0.000000,0.000000,0.000000,0.000000,0.000000,0.000000,0.198000,0.000000,0.000000,0.000000,0.198000,0.000000,0.000000,0.000000,0.000000,0.000000,-0.824000
1778064185.555594,manual_slider,1,1,0,0.000000,0.000000,0.000000,0.000000,0.000000,0.000000,0.198000,0.000000,0.000000,0.000000,0.198000,0.000000,0.000000,0.000000,0.000000,0.000000,-0.824000
1778064185.605724,manual_slider,1,1,0,0.000000,0.000000,0.000000,0.000000,0.000000,0.000000,0.198000,0.000000,0.000000,0.000000,0.198000,0.000000,0.000000,0.000000,0.000000,0.000000,0.000000
1778064185.655525,manual_slider,1,1,0,0.000000,0.000000,0.000000,0.000000,0.000000,0.000000,0.198000,0.000000,0.000000,0.000000,0.198000,0.000000,0.000000,0.000000,0.000000,0.000000,0.000000
1778064185.705510,manual_slider,1,1,0,0.000000,0.000000,0.000000,0.000000,0.000000,0.000000,0.198000,0.000000,0.000000,0.000000,0.198000,0.000000,0.000000,0.000000,0.000000,0.000000,0.000000
1778064185.755546,manual_slider,1,1,0,0.000000,0.000000,0.000000,0.000000,0.000000,0.000000,0.198000,0.000000,0.000000,0.000000,0.198000,0.000000,0.000000,0.000000,0.000000,0.000000,0.000000
1778064185.805455,manual_slider,1,1,0,0.000000,0.000000,0.000000,0.000000,0.000000,0.000000,0.198000,0.000000,0.000000,0.000000,0.198000,0.000000,0.000000,0.000000,0.000000,0.000000,0.000000
1778064185.855613,manual_slider,1,1,0,0.000000,0.000000,0.000000,0.000000,0.000000,0.000000,0.198000,0.000000,0.000000,0.000000,0.198000,0.000000,0.000000,0.000000,0.000000,0.000000,0.000000
1778064185.905584,manual_slider,1,1,0,0.000000,0.000000,0.000000,0.000000,0.000000,0.000000,0.198000,0.000000,0.000000,0.000000,0.198000,0.000000,0.000000,0.000000,0.000000,0.000000,0.000000
1778064185.957650,manual_slider,1,1,0,0.000000,0.000000,0.000000,0.000000,0.000000,0.000000,0.198000,0.000000,0.000000,0.000000,0.198000,0.000000,0.000000,0.000000,0.000000,0.000000,0.000000
1778064186.005713,manual_slider,1,1,0,0.000000,0.000000,0.000000,0.000000,0.000000,0.000000,0.198000,0.000000,0.000000,0.000000,0.198000,0.000000,0.000000,0.000000,0.000000,0.000000,0.000000
1778064186.055667,manual_slider,1,1,0,0.000000,0.000000,0.000000,0.000000,0.000000,0.000000,0.198000,0.000000,0.000000,0.000000,0.198000,0.000000,0.000000,0.000000,0.000000,0.000000,0.000000
1778064186.105577,manual_slider,1,1,0,0.000000,0.000000,0.000000,0.000000,0.000000,0.000000,0.198000,0.000000,0.000000,0.000000,0.198000,0.000000,0.000000,0.000000,0.000000,0.000000,0.000000
1778064186.155520,manual_slider,1,1,0,0.000000,0.000000,0.000000,0.000000,0.000000,0.000000,0.198000,0.000000,0.000000,0.000000,0.198000,0.000000,0.000000,0.000000,0.000000,0.000000,0.000000
1778064186.209277,manual_slider,1,1,0,0.000000,0.000000,0.000000,0.000000,0.000000,0.000000,0.198000,0.000000,0.000000,0.000000,0.198000,0.000000,0.000000,0.000000,0.000000,0.000000,0.000000
1778064186.255562,manual_slider,1,1,0,0.000000,0.000000,0.000000,0.000000,0.000000,0.000000,0.198000,0.000000,0.000000,0.000000,0.198000,0.000000,0.000000,0.000000,0.000000,0.000000,0.000000
1778064186.305825,manual_slider,1,1,0,0.000000,0.000000,0.000000,0.000000,0.000000,0.000000,0.198000,0.000000,0.000000,0.000000,0.198000,0.000000,0.000000,0.000000,0.000000,0.000000,0.000000
1778064186.355752,manual_slider,1,1,0,0.000000,0.000000,0.000000,0.000000,0.000000,0.000000,0.198000,0.000000,0.000000,0.000000,0.198000,0.000000,0.000000,0.000000,0.000000,0.000000,0.000000
1778064186.409767,manual_slider,1,1,0,0.000000,0.000000,0.000000,0.000000,0.000000,0.000000,0.198000,0.000000,0.000000,0.000000,0.198000,0.000000,0.000000,0.000000,0.000000,0.000000,0.000000
1778064186.455372,manual_slider,1,1,0,0.000000,0.000000,0.000000,0.000000,0.000000,0.000000,0.198000,0.000000,0.000000,0.000000,0.198000,0.000000,0.000000,0.000000,0.000000,0.000000,0.000000
1778064186.505570,manual_slider,1,1,0,0.000000,0.000000,0.000000,0.000000,0.000000,0.000000,0.198000,0.000000,0.000000,0.000000,0.198000,0.000000,0.000000,0.000000,0.000000,0.000000,0.000000
1778064186.555512,manual_slider,1,1,0,0.000000,0.000000,0.000000,0.000000,0.000000,0.000000,0.198000,0.000000,0.000000,0.000000,0.198000,0.000000,0.000000,0.000000,0.000000,0.000000,0.000000
1778064186.605903,manual_slider,1,1,0,0.000000,0.000000,0.000000,0.000000,0.000000,0.000000,0.198000,0.000000,0.000000,0.000000,0.198000,0.000000,0.000000,0.000000,0.000000,0.000000,0.000000
1778064186.655477,manual_slider,1,1,0,0.000000,0.000000,0.000000,0.000000,0.000000,0.000000,0.198000,0.000000,0.000000,0.000000,0.198000,0.000000,0.000000,0.000000,0.000000,0.000000,0.000000
1778064186.706459,manual_slider,1,1,0,0.000000,0.000000,0.000000,0.000000,0.000000,0.000000,0.198000,0.000000,0.000000,0.000000,0.198000,0.000000,0.000000,0.000000,0.000000,0.000000,0.000000
1778064186.755553,manual_slider,1,1,0,0.000000,0.000000,0.000000,0.000000,0.000000,0.000000,0.198000,0.000000,0.000000,0.000000,0.198000,0.000000,0.000000,0.000000,0.000000,0.000000,0.000000
1778064186.809221,manual_slider,1,1,0,0.000000,0.000000,0.000000,0.000000,0.000000,0.000000,0.198000,0.000000,0.000000,0.000000,0.198000,0.000000,0.000000,0.000000,0.000000,0.000000,0.000000
1778064186.855735,manual_slider,1,1,0,0.000000,0.000000,0.000000,0.000000,0.000000,0.000000,0.198000,0.000000,0.000000,0.000000,0.198000,0.000000,0.000000,0.000000,0.000000,0.000000,0.000000
1778064186.905688,manual_slider,1,1,0,0.000000,0.000000,0.000000,0.000000,0.000000,0.000000,0.198000,0.000000,0.000000,0.000000,0.198000,0.000000,0.000000,0.000000,0.000000,0.000000,0.000000
1778064186.955577,manual_slider,1,1,0,0.000000,0.000000,0.000000,0.000000,0.000000,0.000000,0.198000,0.000000,0.000000,0.000000,0.198000,0.000000,0.000000,0.000000,0.000000,0.000000,0.000000
1778064187.005629,manual_slider,1,1,0,0.000000,0.000000,0.000000,0.000000,0.000000,0.000000,0.198000,0.000000,0.000000,0.000000,0.198000,0.000000,0.000000,0.000000,0.000000,0.000000,0.000000
1778064187.055585,manual_slider,1,1,0,0.000000,0.000000,0.000000,0.000000,0.000000,0.000000,0.198000,0.000000,0.000000,0.000000,0.198000,0.000000,0.000000,0.000000,0.000000,0.000000,0.000000
1778064187.106336,manual_slider,1,1,0,0.000000,0.000000,0.000000,0.000000,0.000000,0.000000,0.198000,0.000000,0.000000,0.000000,0.198000,0.000000,0.000000,0.000000,0.000000,0.000000,0.000000
1778064187.155659,manual_slider,1,1,0,0.000000,0.000000,0.000000,0.000000,0.000000,0.000000,0.198000,0.000000,0.000000,0.000000,0.198000,0.000000,0.000000,0.000000,0.000000,0.000000,0.000000
1778064187.205639,manual_slider,1,1,0,0.000000,0.000000,0.000000,0.000000,0.000000,0.000000,0.198000,0.000000,0.000000,0.000000,0.198000,0.000000,0.000000,0.000000,0.000000,0.000000,0.000000
1778064187.255708,manual_slider,1,1,0,0.000000,0.000000,0.000000,0.000000,0.000000,0.000000,0.198000,0.000000,0.000000,0.000000,0.198000,0.000000,0.000000,0.000000,0.000000,0.000000,0.000000
1778064187.307723,manual_slider,1,1,0,0.000000,0.000000,0.000000,0.000000,0.000000,0.000000,0.198000,0.000000,0.000000,0.000000,0.198000,0.000000,0.000000,0.000000,0.000000,0.000000,0.000000
1778064187.355801,manual_slider,1,1,0,0.000000,0.000000,0.000000,0.000000,0.000000,0.000000,0.198000,0.000000,0.000000,0.000000,0.198000,0.000000,0.000000,0.000000,0.000000,0.000000,0.000000
1778064187.409241,manual_slider,1,1,0,0.000000,0.000000,0.000000,0.000000,0.000000,0.000000,0.198000,0.000000,0.000000,0.000000,0.198000,0.000000,0.000000,0.000000,0.000000,0.000000,0.000000
1778064187.455479,manual_slider,1,1,0,0.000000,0.000000,0.000000,0.000000,0.000000,0.000000,0.198000,0.000000,0.000000,0.000000,0.198000,0.000000,0.000000,0.000000,0.000000,0.000000,0.000000
1778064187.505674,manual_slider,1,1,0,0.000000,0.000000,0.000000,0.000000,0.000000,0.000000,0.198000,0.000000,0.000000,0.000000,0.198000,0.000000,0.000000,0.000000,0.000000,0.000000,0.000000
1778064187.555756,manual_slider,1,1,0,0.000000,0.000000,0.000000,0.000000,0.000000,0.000000,0.198000,0.000000,0.000000,0.000000,0.198000,0.000000,0.000000,0.000000,0.000000,0.000000,0.000000
1778064187.605684,manual_slider,1,1,0,0.000000,0.000000,0.000000,0.000000,0.000000,0.000000,0.198000,0.000000,0.000000,0.000000,0.198000,0.000000,0.000000,0.000000,0.000000,0.000000,0.000000
1778064187.655676,manual_slider,1,1,0,0.000000,0.000000,0.000000,0.000000,0.000000,0.000000,0.198000,0.000000,0.000000,0.000000,0.198000,0.000000,0.000000,0.000000,0.000000,0.000000,0.000000
1778064187.705704,manual_slider,1,1,0,0.000000,0.000000,0.000000,0.000000,0.000000,0.000000,0.198000,0.000000,0.000000,0.000000,0.198000,0.000000,0.000000,0.000000,0.000000,0.000000,0.000000
1778064187.755646,manual_slider,1,1,0,0.000000,0.000000,0.000000,0.000000,0.000000,0.000000,0.198000,0.000000,0.000000,0.000000,0.198000,0.000000,0.000000,0.000000,0.000000,0.000000,0.000000
1778064187.805740,manual_slider,1,1,0,0.000000,0.000000,0.000000,0.000000,0.000000,0.000000,0.198000,0.000000,0.000000,0.000000,0.198000,0.000000,0.000000,0.000000,0.000000,0.000000,0.000000
1778064187.855752,manual_slider,1,1,0,0.000000,0.000000,0.000000,0.000000,0.000000,0.000000,0.198000,0.000000,0.000000,0.000000,0.198000,0.000000,0.000000,0.000000,0.000000,0.000000,0.000000
1778064187.905892,manual_slider,1,1,0,0.000000,0.000000,0.000000,0.000000,0.000000,0.000000,0.198000,0.000000,0.000000,0.000000,0.198000,0.000000,0.000000,0.000000,0.000000,0.000000,0.000000
1778064187.955487,manual_slider,1,1,0,0.000000,0.000000,0.000000,0.000000,0.000000,0.000000,0.198000,0.000000,0.000000,0.000000,0.198000,0.000000,0.000000,0.000000,0.000000,0.000000,0.000000
1778064188.005914,manual_slider,1,1,0,0.000000,0.000000,0.000000,0.000000,0.000000,0.000000,0.198000,0.000000,0.000000,0.000000,0.198000,0.000000,0.000000,0.000000,0.000000,0.000000,0.000000
1778064188.055385,manual_slider,1,1,0,0.000000,0.000000,0.000000,0.000000,0.000000,0.000000,0.198000,0.000000,0.000000,0.000000,0.198000,0.000000,0.000000,0.000000,0.000000,0.000000,0.000000
1778064188.105740,manual_slider,1,1,0,0.000000,0.000000,0.000000,0.000000,0.000000,0.000000,0.198000,0.000000,0.000000,0.000000,0.198000,0.000000,0.000000,0.000000,0.000000,0.000000,0.000000
1778064188.155516,manual_slider,1,1,0,0.000000,0.000000,0.000000,0.000000,0.000000,0.000000,0.198000,0.000000,0.000000,0.000000,0.198000,0.000000,0.000000,0.000000,0.000000,0.000000,0.000000
1778064188.205629,manual_slider,1,1,0,0.000000,0.000000,0.000000,0.000000,0.000000,0.000000,0.198000,0.000000,0.000000,0.000000,0.198000,0.000000,0.000000,0.000000,0.000000,0.000000,0.000000
1778064188.255395,manual_slider,1,1,0,0.000000,0.000000,0.000000,0.000000,0.000000,0.000000,0.198000,0.000000,0.000000,0.000000,0.198000,0.000000,0.000000,0.000000,0.000000,0.000000,0.000000
1778064188.305555,manual_slider,1,1,0,0.000000,0.000000,0.000000,0.000000,0.000000,0.000000,0.198000,0.000000,0.000000,0.000000,0.198000,0.000000,0.000000,0.000000,0.000000,0.000000,0.000000
1778064188.355669,manual_slider,1,1,0,0.000000,0.000000,0.000000,0.000000,0.000000,0.000000,0.198000,0.000000,0.000000,0.000000,0.198000,0.000000,0.000000,0.000000,0.000000,0.000000,0.000000
1778064188.405718,manual_slider,1,1,0,0.000000,0.000000,0.000000,0.000000,0.000000,0.000000,0.198000,0.000000,0.000000,0.000000,0.198000,0.000000,0.000000,0.000000,0.000000,0.000000,0.000000
1778064188.455406,manual_slider,1,1,0,0.000000,0.000000,0.000000,0.000000,0.000000,0.000000,0.198000,0.000000,0.000000,0.000000,0.198000,0.000000,0.000000,0.000000,0.000000,0.000000,0.000000
1778064188.505664,manual_slider,1,1,0,0.000000,0.000000,0.000000,0.000000,0.000000,0.000000,0.198000,0.000000,0.000000,0.000000,0.198000,0.000000,0.000000,0.000000,0.000000,0.000000,0.000000
1778064188.555409,manual_slider,1,1,0,0.000000,0.000000,0.000000,0.000000,0.000000,0.000000,0.198000,0.000000,0.000000,0.000000,0.198000,0.000000,0.000000,0.000000,0.000000,0.000000,0.000000
1778064188.605546,manual_slider,1,1,0,0.000000,0.000000,0.000000,0.000000,0.000000,0.000000,0.198000,0.000000,0.000000,0.000000,0.198000,0.000000,0.000000,0.000000,0.000000,0.000000,0.000000
1778064188.655468,manual_slider,1,1,0,0.000000,0.000000,0.000000,0.000000,0.000000,0.000000,0.198000,0.000000,0.000000,0.000000,0.198000,0.000000,0.000000,0.000000,0.000000,0.000000,0.000000
1778064188.707853,manual_slider,1,1,0,0.000000,0.000000,0.000000,0.000000,0.000000,0.000000,0.198000,0.000000,0.000000,0.000000,0.198000,0.000000,0.000000,0.000000,0.000000,0.000000,0.000000
1778064188.755436,manual_slider,1,1,0,0.000000,0.000000,0.000000,0.000000,0.000000,0.000000,0.198000,0.000000,0.000000,0.000000,0.198000,0.000000,0.000000,0.000000,0.000000,0.000000,0.000000
1778064188.805572,manual_slider,1,1,0,0.000000,0.000000,0.000000,0.000000,0.000000,0.000000,0.198000,0.000000,0.000000,0.000000,0.198000,0.000000,0.000000,0.000000,0.000000,0.000000,0.000000
1778064188.855556,manual_slider,1,1,0,0.000000,0.000000,0.000000,0.000000,0.000000,0.000000,0.198000,0.000000,0.000000,0.000000,0.198000,0.000000,0.000000,0.000000,0.000000,0.000000,0.000000
1778064188.905491,manual_slider,1,1,0,0.000000,0.000000,0.000000,0.000000,0.000000,0.000000,0.198000,0.000000,0.000000,0.000000,0.198000,0.000000,0.000000,0.000000,0.000000,0.000000,0.000000
1778064188.955483,manual_slider,1,1,0,0.000000,0.000000,0.000000,0.000000,0.000000,0.000000,0.198000,0.000000,0.000000,0.000000,0.198000,0.000000,0.000000,0.000000,0.000000,0.000000,0.000000
1778064189.005579,manual_slider,1,1,0,0.000000,0.000000,0.000000,0.000000,0.000000,0.000000,0.198000,0.000000,0.000000,0.000000,0.198000,0.000000,0.000000,0.000000,0.000000,0.000000,0.000000
1778064189.055514,manual_slider,1,1,0,0.000000,0.000000,0.000000,0.000000,0.000000,0.000000,0.198000,0.000000,0.000000,0.000000,0.198000,0.000000,0.000000,0.000000,0.000000,0.000000,0.000000
1778064189.105501,manual_slider,1,1,0,0.000000,0.000000,0.000000,0.000000,0.000000,0.000000,0.198000,0.000000,0.000000,0.000000,0.198000,0.000000,0.000000,0.000000,0.000000,0.000000,0.000000
1778064189.155674,manual_slider,1,1,0,0.000000,0.000000,0.000000,0.000000,0.000000,0.000000,0.198000,0.000000,0.000000,0.000000,0.198000,0.000000,0.000000,0.000000,0.000000,0.000000,0.000000
1778064189.205495,manual_slider,1,1,0,0.000000,0.000000,0.000000,0.000000,0.000000,0.000000,0.198000,0.000000,0.000000,0.000000,0.198000,0.000000,0.000000,0.000000,0.000000,0.000000,0.000000
1778064189.255484,manual_slider,1,1,0,0.000000,0.000000,0.000000,0.000000,0.000000,0.000000,0.198000,0.000000,0.000000,0.000000,0.198000,0.000000,0.000000,0.000000,0.000000,0.000000,0.000000
1778064189.305503,manual_slider,1,1,0,0.000000,0.000000,0.000000,0.000000,0.000000,0.000000,0.198000,0.000000,0.000000,0.000000,0.198000,0.000000,0.000000,0.000000,0.000000,0.000000,0.000000
1778064189.355353,manual_slider,1,1,0,0.000000,0.000000,0.000000,0.000000,0.000000,0.000000,0.198000,0.000000,0.000000,0.000000,0.198000,0.000000,0.000000,0.000000,0.000000,0.000000,0.000000
1778064189.405574,manual_slider,1,1,0,0.000000,0.000000,0.000000,0.000000,0.000000,0.000000,0.198000,0.000000,0.000000,0.000000,0.198000,0.000000,0.000000,0.000000,0.000000,0.000000,0.000000
1778064189.455357,manual_slider,1,1,0,0.000000,0.000000,0.000000,0.000000,0.000000,0.000000,0.198000,0.000000,0.000000,0.000000,0.198000,0.000000,0.000000,0.000000,0.000000,0.000000,0.000000
1778064189.507074,manual_slider,1,1,0,0.000000,0.000000,0.000000,0.000000,0.000000,0.000000,0.198000,0.000000,0.000000,0.000000,0.198000,0.000000,0.000000,0.000000,0.000000,0.000000,0.000000
1778064189.555351,manual_slider,1,1,0,0.000000,0.000000,0.000000,0.000000,0.000000,0.000000,0.198000,0.000000,0.000000,0.000000,0.198000,0.000000,0.000000,0.000000,0.000000,0.000000,0.000000
1778064189.605575,manual_slider,1,1,0,0.000000,0.000000,0.000000,0.000000,0.000000,0.000000,0.198000,0.000000,0.000000,0.000000,0.198000,0.000000,0.000000,0.000000,0.000000,0.000000,0.000000
1778064189.655539,manual_slider,1,1,0,0.000000,0.000000,0.000000,0.000000,0.000000,0.000000,0.198000,0.000000,0.000000,0.000000,0.198000,0.000000,0.000000,0.000000,0.000000,0.000000,0.000000
1778064189.705565,manual_slider,1,1,0,0.000000,0.000000,0.000000,0.000000,0.000000,0.000000,0.198000,0.000000,0.000000,0.000000,0.198000,0.000000,0.000000,0.000000,0.000000,0.000000,0.000000
1778064189.755430,manual_slider,1,1,0,0.000000,0.000000,0.000000,0.000000,0.000000,0.000000,0.198000,0.000000,0.000000,0.000000,0.198000,0.000000,0.000000,0.000000,0.000000,0.000000,0.000000
1778064189.805594,manual_slider,1,1,0,0.000000,0.000000,0.000000,0.000000,0.000000,0.000000,0.198000,0.000000,0.000000,0.000000,0.198000,0.000000,0.000000,0.000000,0.000000,0.000000,0.000000
1778064189.855508,manual_slider,1,1,0,0.000000,0.000000,0.000000,0.000000,0.000000,0.000000,0.198000,0.000000,0.000000,0.000000,0.198000,0.000000,0.000000,0.000000,0.000000,0.000000,0.000000
1778064189.905487,manual_slider,1,1,0,0.000000,0.000000,0.000000,0.000000,0.000000,0.000000,0.198000,0.000000,0.000000,0.000000,0.198000,0.000000,0.000000,0.000000,0.000000,0.000000,0.000000
1778064189.955513,manual_slider,1,1,0,0.000000,0.000000,0.000000,0.000000,0.000000,0.000000,0.198000,0.000000,0.000000,0.000000,0.198000,0.000000,0.000000,0.000000,0.000000,0.000000,0.000000
1778064190.005484,manual_slider,1,1,0,0.000000,0.000000,0.000000,0.000000,0.000000,0.000000,0.198000,0.000000,0.000000,0.000000,0.198000,0.000000,0.000000,0.000000,0.000000,0.000000,0.000000
1778064190.055579,manual_slider,1,1,0,0.000000,0.000000,0.000000,0.000000,0.000000,0.000000,0.198000,0.000000,0.000000,0.000000,0.198000,0.000000,0.000000,0.000000,0.000000,0.000000,0.000000
1778064190.105597,manual_slider,1,1,0,0.000000,0.000000,0.000000,0.000000,0.000000,0.000000,0.198000,0.000000,0.000000,0.000000,0.198000,0.000000,0.000000,0.000000,0.000000,0.000000,0.000000
1778064190.155471,manual_slider,1,1,0,0.000000,0.000000,0.000000,0.000000,0.000000,0.000000,0.198000,0.000000,0.000000,0.000000,0.198000,0.000000,0.000000,0.000000,0.000000,0.000000,0.000000
1778064190.205559,manual_slider,1,1,0,0.000000,0.000000,0.000000,0.000000,0.000000,0.000000,0.198000,0.000000,0.000000,0.000000,0.198000,0.000000,0.000000,0.000000,0.000000,0.000000,0.000000
1778064190.255387,manual_slider,1,1,0,0.000000,0.000000,0.000000,0.000000,0.000000,0.000000,0.198000,0.000000,0.000000,0.000000,0.198000,0.000000,0.000000,0.000000,0.000000,0.000000,0.000000
1778064190.307704,manual_slider,1,1,0,0.000000,0.000000,0.000000,0.000000,0.000000,0.000000,0.198000,0.000000,0.000000,0.000000,0.198000,0.000000,0.000000,0.000000,0.000000,0.000000,0.000000
1778064190.355483,manual_slider,1,1,0,0.000000,0.000000,0.000000,0.000000,0.000000,0.000000,0.198000,0.000000,0.000000,0.000000,0.198000,0.000000,0.000000,0.000000,0.000000,0.000000,0.000000
1778064190.405538,manual_slider,1,1,0,0.000000,0.000000,0.000000,0.000000,0.000000,0.000000,0.198000,0.000000,0.000000,0.000000,0.198000,0.000000,0.000000,0.000000,0.000000,0.000000,0.000000
1778064190.455543,manual_slider,1,1,0,0.000000,0.000000,0.000000,0.000000,0.000000,0.000000,0.198000,0.000000,0.000000,0.000000,0.198000,0.000000,0.000000,0.000000,0.000000,0.000000,0.000000
1778064190.505527,manual_slider,1,1,0,0.000000,0.000000,0.000000,0.000000,0.000000,0.000000,0.198000,0.000000,0.000000,0.000000,0.198000,0.000000,0.000000,0.000000,0.000000,0.000000,0.000000
1778064190.555335,manual_slider,1,1,0,0.000000,0.000000,0.000000,0.000000,0.000000,0.000000,0.198000,0.000000,0.000000,0.000000,0.198000,0.000000,0.000000,0.000000,0.000000,0.000000,0.000000
1778064190.605565,manual_slider,1,1,0,0.000000,0.000000,0.000000,0.000000,0.000000,0.000000,0.198000,0.000000,0.000000,0.000000,0.198000,0.000000,0.000000,0.000000,0.000000,0.000000,0.000000
1778064190.655498,manual_slider,1,1,0,0.000000,0.000000,0.000000,0.000000,0.000000,0.000000,0.198000,0.000000,0.000000,0.000000,0.198000,0.000000,0.000000,0.000000,0.000000,0.000000,0.000000
1778064190.705588,manual_slider,1,1,0,0.000000,0.000000,0.000000,0.000000,0.000000,0.000000,0.198000,0.000000,0.000000,0.000000,0.198000,0.000000,0.000000,0.000000,0.000000,0.000000,0.000000
1778064190.755670,manual_slider,1,1,0,0.000000,0.000000,0.000000,0.000000,0.000000,0.000000,0.198000,0.000000,0.000000,0.000000,0.198000,0.000000,0.000000,0.000000,0.000000,0.000000,0.000000
1778064190.805566,manual_slider,1,1,0,0.000000,0.000000,0.000000,0.000000,0.000000,0.000000,0.198000,0.000000,0.000000,0.000000,0.198000,0.000000,0.000000,0.000000,0.000000,0.000000,0.000000
1778064190.855821,manual_slider,1,1,0,0.000000,0.000000,0.000000,0.000000,0.000000,0.000000,0.198000,0.000000,0.000000,0.000000,0.198000,0.000000,0.000000,0.000000,0.000000,0.000000,0.000000
1778064190.905579,manual_slider,1,1,0,0.000000,0.000000,0.000000,0.000000,0.000000,0.000000,0.198000,0.000000,0.000000,0.000000,0.198000,0.000000,0.000000,0.000000,0.000000,0.000000,0.000000
1778064190.955643,manual_slider,1,1,0,0.000000,0.000000,0.000000,0.000000,0.000000,0.000000,0.198000,0.000000,0.000000,0.000000,0.198000,0.000000,0.000000,0.000000,0.000000,0.000000,0.000000
1778064191.005662,manual_slider,1,1,0,0.000000,0.000000,0.000000,0.000000,0.000000,0.000000,0.198000,0.000000,0.000000,0.000000,0.198000,0.000000,0.000000,0.000000,0.000000,0.000000,0.000000
1778064191.055352,manual_slider,1,1,0,0.000000,0.000000,0.000000,0.000000,0.000000,0.000000,0.198000,0.000000,0.000000,0.000000,0.198000,0.000000,0.000000,0.000000,0.000000,0.000000,0.000000
1778064191.107234,manual_slider,1,1,0,0.000000,0.000000,0.000000,0.000000,0.000000,0.000000,0.198000,0.000000,0.000000,0.000000,0.198000,0.000000,0.000000,0.000000,0.000000,0.000000,0.000000
1778064191.155478,manual_slider,1,1,0,0.000000,0.000000,0.000000,0.000000,0.000000,0.000000,0.198000,0.000000,0.000000,0.000000,0.198000,0.000000,0.000000,0.000000,0.000000,0.000000,0.000000
1778064191.205741,manual_slider,1,1,0,0.000000,0.000000,0.000000,0.000000,0.000000,0.000000,0.198000,0.000000,0.000000,0.000000,0.198000,0.000000,0.000000,0.000000,0.000000,0.000000,0.000000
1778064191.255553,manual_slider,1,1,0,0.000000,0.000000,0.000000,0.000000,0.000000,0.000000,0.198000,0.000000,0.000000,0.000000,0.198000,0.000000,0.000000,0.000000,0.000000,0.000000,0.000000
1778064191.305925,manual_slider,1,1,0,0.000000,0.000000,0.000000,0.000000,0.000000,0.000000,0.198000,0.000000,0.000000,0.000000,0.198000,0.000000,0.000000,0.000000,0.000000,0.000000,0.000000
1778064191.355481,manual_slider,1,1,0,0.000000,0.000000,0.000000,0.000000,0.000000,0.000000,0.198000,0.000000,0.000000,0.000000,0.198000,0.000000,0.000000,0.000000,0.000000,0.000000,0.000000
1778064191.405467,manual_slider,1,1,0,0.000000,0.000000,0.000000,0.000000,0.000000,0.000000,0.198000,0.000000,0.000000,0.000000,0.198000,0.000000,0.000000,0.000000,0.000000,0.000000,0.000000
1778064191.455462,manual_slider,1,1,0,0.000000,0.000000,0.000000,0.000000,0.000000,0.000000,0.198000,0.000000,0.000000,0.000000,0.198000,0.000000,0.000000,0.000000,0.000000,0.000000,0.000000
1778064191.505541,manual_slider,1,1,0,0.000000,0.000000,0.000000,0.000000,0.000000,0.000000,0.198000,0.000000,0.000000,0.000000,0.198000,0.000000,0.000000,0.000000,0.000000,0.000000,0.000000
1778064191.555623,manual_slider,1,1,0,0.000000,0.000000,0.000000,0.000000,0.000000,0.000000,0.198000,0.000000,0.000000,0.000000,0.198000,0.000000,0.000000,0.000000,0.000000,0.000000,0.000000
1778064191.605473,manual_slider,1,1,0,0.000000,0.000000,0.000000,0.000000,0.000000,0.000000,0.198000,0.000000,0.000000,0.000000,0.198000,0.000000,0.000000,0.000000,0.000000,0.000000,0.000000
1778064191.655746,manual_slider,1,1,0,0.000000,0.000000,0.000000,0.000000,0.000000,0.000000,0.198000,0.000000,0.000000,0.000000,0.198000,0.000000,0.000000,0.000000,0.000000,0.000000,0.000000
1778064191.705551,manual_slider,1,1,0,0.000000,0.000000,0.000000,0.000000,0.000000,0.000000,0.198000,0.000000,0.000000,0.000000,0.198000,0.000000,0.000000,0.000000,0.000000,0.000000,0.000000
1778064191.755500,manual_slider,1,1,0,0.000000,0.000000,0.000000,0.000000,0.000000,0.000000,0.198000,0.000000,0.000000,0.000000,0.198000,0.000000,0.000000,0.000000,0.000000,0.000000,0.000000
1778064191.805515,manual_slider,1,1,0,0.000000,0.000000,0.000000,0.000000,0.000000,0.000000,0.198000,0.000000,0.000000,0.000000,0.198000,0.000000,0.000000,0.000000,0.000000,0.000000,0.000000
1778064191.855383,manual_slider,1,1,0,0.000000,0.000000,0.000000,0.000000,0.000000,0.000000,0.198000,0.000000,0.000000,0.000000,0.198000,0.000000,0.000000,0.000000,0.000000,0.000000,0.000000
1778064191.907193,manual_slider,1,1,0,0.000000,0.000000,0.000000,0.000000,0.000000,0.000000,0.198000,0.000000,0.000000,0.000000,0.198000,0.000000,0.000000,0.000000,0.000000,0.000000,0.000000
1778064191.955341,manual_slider,1,1,0,0.000000,0.000000,0.000000,0.000000,0.000000,0.000000,0.198000,0.000000,0.000000,0.000000,0.198000,0.000000,0.000000,0.000000,0.000000,0.000000,0.000000
1778064192.005975,manual_slider,1,1,0,0.000000,0.000000,0.000000,0.000000,0.000000,0.000000,0.198000,0.000000,0.000000,0.000000,0.198000,0.000000,0.000000,0.000000,0.000000,0.000000,0.000000
1778064192.055390,manual_slider,1,1,0,0.000000,0.000000,0.000000,0.000000,0.000000,0.000000,0.198000,0.000000,0.000000,0.000000,0.198000,0.000000,0.000000,0.000000,0.000000,0.000000,0.000000
1778064192.105574,manual_slider,1,1,0,0.000000,0.000000,0.000000,0.000000,0.000000,0.000000,0.198000,0.000000,0.000000,0.000000,0.198000,0.000000,0.000000,0.000000,0.000000,0.000000,0.000000
1778064192.155392,manual_slider,1,1,0,0.000000,0.000000,0.000000,0.000000,0.000000,0.000000,0.198000,0.000000,0.000000,0.000000,0.198000,0.000000,0.000000,0.000000,0.000000,0.000000,0.000000
1778064192.205570,manual_slider,1,1,0,0.000000,0.000000,0.000000,0.000000,0.000000,0.000000,0.198000,0.000000,0.000000,0.000000,0.198000,0.000000,0.000000,0.000000,0.000000,0.000000,0.000000
1778064192.255331,manual_slider,1,1,0,0.000000,0.000000,0.000000,0.000000,0.000000,0.000000,0.198000,0.000000,0.000000,0.000000,0.198000,0.000000,0.000000,0.000000,0.000000,0.000000,0.000000
1778064192.305574,manual_slider,1,1,0,0.000000,0.000000,0.000000,0.000000,0.000000,0.000000,0.198000,0.000000,0.000000,0.000000,0.198000,0.000000,0.000000,0.000000,0.000000,0.000000,0.000000
1778064192.355710,manual_slider,1,1,0,0.000000,0.000000,0.000000,0.000000,0.000000,0.000000,0.198000,0.000000,0.000000,0.000000,0.198000,0.000000,0.000000,0.000000,0.000000,0.000000,0.000000
1778064192.405561,manual_slider,1,1,0,0.000000,0.000000,0.000000,0.000000,0.000000,0.000000,0.198000,0.000000,0.000000,0.000000,0.198000,0.000000,0.000000,0.000000,0.000000,0.000000,0.000000
1778064192.455669,manual_slider,1,1,0,0.000000,0.000000,0.000000,0.000000,0.000000,0.000000,0.198000,0.000000,0.000000,0.000000,0.198000,0.000000,0.000000,0.000000,0.000000,0.000000,0.000000
1778064192.505669,manual_slider,1,1,0,0.000000,0.000000,0.000000,0.000000,0.000000,0.000000,0.198000,0.000000,0.000000,0.000000,0.198000,0.000000,0.000000,0.000000,0.000000,0.000000,0.000000
1778064192.555506,manual_slider,1,1,0,0.000000,0.000000,0.000000,0.000000,0.000000,0.000000,0.198000,0.000000,0.000000,0.000000,0.198000,0.000000,0.000000,0.000000,0.000000,0.000000,0.000000
1778064192.605576,manual_slider,1,1,0,0.000000,0.000000,0.000000,0.000000,0.000000,0.000000,0.198000,0.000000,0.000000,0.000000,0.198000,0.000000,0.000000,0.000000,0.000000,0.000000,0.000000
1778064192.655421,manual_slider,1,1,0,0.000000,0.000000,0.000000,0.000000,0.000000,0.000000,0.198000,0.000000,0.000000,0.000000,0.198000,0.000000,0.000000,0.000000,0.000000,0.000000,0.000000
1778064192.705546,manual_slider,1,1,0,0.000000,0.000000,0.000000,0.000000,0.000000,0.000000,0.198000,0.000000,0.000000,0.000000,0.198000,0.000000,0.000000,0.000000,0.000000,0.000000,0.000000
1778064192.755351,manual_slider,1,1,0,0.000000,0.000000,0.000000,0.000000,0.000000,0.000000,0.198000,0.000000,0.000000,0.000000,0.198000,0.000000,0.000000,0.000000,0.000000,0.000000,0.000000
1778064192.805735,manual_slider,1,1,0,0.000000,0.000000,0.000000,0.000000,0.000000,0.000000,0.198000,0.000000,0.000000,0.000000,0.198000,0.000000,0.000000,0.000000,0.000000,0.000000,0.000000
1778064192.855360,manual_slider,1,1,0,0.000000,0.000000,0.000000,0.000000,0.000000,0.000000,0.198000,0.000000,0.000000,0.000000,0.198000,0.000000,0.000000,0.000000,0.000000,0.000000,0.000000
1778064192.905597,manual_slider,1,1,0,0.000000,0.000000,0.000000,0.000000,0.000000,0.000000,0.198000,0.000000,0.000000,0.000000,0.198000,0.000000,0.000000,0.000000,0.000000,0.000000,0.000000
1778064192.955391,manual_slider,1,1,0,0.000000,0.000000,0.000000,0.000000,0.000000,0.000000,0.198000,0.000000,0.000000,0.000000,0.198000,0.000000,0.000000,0.000000,0.000000,0.000000,0.000000
1778064193.005657,manual_slider,1,1,0,0.000000,0.000000,0.000000,0.000000,0.000000,0.000000,0.198000,0.000000,0.000000,0.000000,0.198000,0.000000,0.000000,0.000000,0.000000,0.000000,0.000000
1778064193.055363,manual_slider,1,1,0,0.000000,0.000000,0.000000,0.000000,0.000000,0.000000,0.198000,0.000000,0.000000,0.000000,0.198000,0.000000,0.000000,0.000000,0.000000,0.000000,0.000000
1778064193.105468,manual_slider,1,1,0,0.000000,0.000000,0.000000,0.000000,0.000000,0.000000,0.198000,0.000000,0.000000,0.000000,0.198000,0.000000,0.000000,0.000000,0.000000,0.000000,0.000000
1778064193.155482,manual_slider,1,1,0,0.000000,0.000000,0.000000,0.000000,0.000000,0.000000,0.198000,0.000000,0.000000,0.000000,0.198000,0.000000,0.000000,0.000000,0.000000,0.000000,0.000000
1778064193.205571,manual_slider,1,1,0,0.000000,0.000000,0.000000,0.000000,0.000000,0.000000,0.198000,0.000000,0.000000,0.000000,0.198000,0.000000,0.000000,0.000000,0.000000,0.000000,0.000000
1778064193.255468,manual_slider,1,1,0,0.000000,0.000000,0.000000,0.000000,0.000000,0.000000,0.198000,0.000000,0.000000,0.000000,0.198000,0.000000,0.000000,0.000000,0.000000,0.000000,0.000000
1778064193.305602,manual_slider,1,1,0,0.000000,0.000000,0.000000,0.000000,0.000000,0.000000,0.198000,0.000000,0.000000,0.000000,0.198000,0.000000,0.000000,0.000000,0.000000,0.000000,0.000000
1778064193.355341,manual_slider,1,1,0,0.000000,0.000000,0.000000,0.000000,0.000000,0.000000,0.198000,0.000000,0.000000,0.000000,0.198000,0.000000,0.000000,0.000000,0.000000,0.000000,0.000000
1778064193.405482,manual_slider,1,1,0,0.000000,0.000000,0.000000,0.000000,0.000000,0.000000,0.198000,0.000000,0.000000,0.000000,0.198000,0.000000,0.000000,0.000000,0.000000,0.000000,0.000000
1778064193.455499,manual_slider,1,1,0,0.000000,0.000000,0.000000,0.000000,0.000000,0.000000,0.198000,0.000000,0.000000,0.000000,0.198000,0.000000,0.000000,0.000000,0.000000,0.000000,0.000000
1778064193.505708,manual_slider,1,1,0,0.000000,0.000000,0.000000,0.000000,0.000000,0.000000,0.198000,0.000000,0.000000,0.000000,0.198000,0.000000,0.000000,0.000000,0.000000,0.000000,0.000000
1778064193.555329,manual_slider,1,1,0,0.000000,0.000000,0.000000,0.000000,0.000000,0.000000,0.198000,0.000000,0.000000,0.000000,0.198000,0.000000,0.000000,0.000000,0.000000,0.000000,0.000000
1778064193.605600,manual_slider,1,1,0,0.000000,0.000000,0.000000,0.000000,0.000000,0.000000,0.198000,0.000000,0.000000,0.000000,0.198000,0.000000,0.000000,0.000000,0.000000,0.000000,0.000000
1778064193.655602,manual_slider,1,1,0,0.000000,0.000000,0.000000,0.000000,0.000000,0.000000,0.198000,0.000000,0.000000,0.000000,0.198000,0.000000,0.000000,0.000000,0.000000,0.000000,0.000000
1778064193.705620,manual_slider,1,1,0,0.000000,0.000000,0.000000,0.000000,0.000000,0.000000,0.198000,0.000000,0.000000,0.000000,0.198000,0.000000,0.000000,0.000000,0.000000,0.000000,0.000000
1778064193.755310,manual_slider,1,1,0,0.000000,0.000000,0.000000,0.000000,0.000000,0.000000,0.198000,0.000000,0.000000,0.000000,0.198000,0.000000,0.000000,0.000000,0.000000,0.000000,0.000000
1778064193.805680,manual_slider,1,1,0,0.000000,0.000000,0.000000,0.000000,0.000000,0.000000,0.198000,0.000000,0.000000,0.000000,0.198000,0.000000,0.000000,0.000000,0.000000,0.000000,0.000000
1778064193.855747,manual_slider,1,1,0,0.000000,0.000000,0.000000,0.000000,0.000000,0.000000,0.198000,0.000000,0.000000,0.000000,0.198000,0.000000,0.000000,0.000000,0.000000,0.000000,0.000000
1778064193.905588,manual_slider,1,1,0,0.000000,0.000000,0.000000,0.000000,0.000000,0.000000,0.198000,0.000000,0.000000,0.000000,0.198000,0.000000,0.000000,0.000000,0.000000,0.000000,0.000000
1778064193.956201,manual_slider,1,1,0,0.000000,0.000000,0.000000,0.000000,0.000000,0.000000,0.198000,0.000000,0.000000,0.000000,0.198000,0.000000,0.000000,0.000000,0.000000,0.000000,0.000000
1778064194.005588,manual_slider,1,1,0,0.000000,0.000000,0.000000,0.000000,0.000000,0.000000,0.198000,0.000000,0.000000,0.000000,0.198000,0.000000,0.000000,0.000000,0.000000,0.000000,0.000000
1778064194.055496,manual_slider,1,1,0,0.000000,0.000000,0.000000,0.000000,0.000000,0.000000,0.198000,0.000000,0.000000,0.000000,0.198000,0.000000,0.000000,0.000000,0.000000,0.000000,0.000000
1778064194.105503,manual_slider,1,1,0,0.000000,0.000000,0.000000,0.000000,0.000000,0.000000,0.198000,0.000000,0.000000,0.000000,0.198000,0.000000,0.000000,0.000000,0.000000,0.000000,0.000000
1778064194.155373,manual_slider,1,1,0,0.000000,0.000000,0.000000,0.000000,0.000000,0.000000,0.198000,0.000000,0.000000,0.000000,0.198000,0.000000,0.000000,0.000000,0.000000,0.000000,0.000000
1778064194.205481,manual_slider,1,1,0,0.000000,0.000000,0.000000,0.000000,0.000000,0.000000,0.198000,0.000000,0.000000,0.000000,0.198000,0.000000,0.000000,0.000000,0.000000,0.000000,0.000000
1778064194.255350,manual_slider,1,1,0,0.000000,0.000000,0.000000,0.000000,0.000000,0.000000,0.198000,0.000000,0.000000,0.000000,0.198000,0.000000,0.000000,0.000000,0.000000,0.000000,0.000000
1778064194.305552,manual_slider,1,1,0,0.000000,0.000000,0.000000,0.000000,0.000000,0.000000,0.198000,0.000000,0.000000,0.000000,0.198000,0.000000,0.000000,0.000000,0.000000,0.000000,0.000000
1778064194.355421,manual_slider,1,1,0,0.000000,0.000000,0.000000,0.000000,0.000000,0.000000,0.198000,0.000000,0.000000,0.000000,0.198000,0.000000,0.000000,0.000000,0.000000,0.000000,0.000000
1778064194.406155,manual_slider,1,1,0,0.000000,0.000000,0.000000,0.000000,0.000000,0.000000,0.198000,0.000000,0.000000,0.000000,0.198000,0.000000,0.000000,0.000000,0.000000,0.000000,0.000000
1778064194.455312,manual_slider,1,1,0,0.000000,0.000000,0.000000,0.000000,0.000000,0.000000,0.198000,0.000000,0.000000,0.000000,0.198000,0.000000,0.000000,0.000000,0.000000,0.000000,0.000000
1778064194.505585,manual_slider,1,1,0,0.000000,0.000000,0.000000,0.000000,0.000000,0.000000,0.198000,0.000000,0.000000,0.000000,0.198000,0.000000,0.000000,0.000000,0.000000,0.000000,0.000000
1778064194.555446,manual_slider,1,1,0,0.000000,0.000000,0.000000,0.000000,0.000000,0.000000,0.198000,0.000000,0.000000,0.000000,0.198000,0.000000,0.000000,0.000000,0.000000,0.000000,0.000000
1778064194.605511,manual_slider,1,1,0,0.000000,0.000000,0.000000,0.000000,0.000000,0.000000,0.198000,0.000000,0.000000,0.000000,0.198000,0.000000,0.000000,0.000000,0.000000,0.000000,0.000000
1778064194.655382,manual_slider,1,1,0,0.000000,0.000000,0.000000,0.000000,0.000000,0.000000,0.198000,0.000000,0.000000,0.000000,0.198000,0.000000,0.000000,0.000000,0.000000,0.000000,0.000000
1778064194.705813,manual_slider,1,1,0,0.000000,0.000000,0.000000,0.000000,0.000000,0.000000,0.198000,0.000000,0.000000,0.000000,0.198000,0.000000,0.000000,0.000000,0.000000,0.000000,0.000000
1778064194.755676,manual_slider,1,1,0,0.000000,0.000000,0.000000,0.000000,0.000000,0.000000,0.198000,0.000000,0.000000,0.000000,0.198000,0.000000,0.000000,0.000000,0.000000,0.000000,0.000000
1778064194.805909,manual_slider,1,1,0,0.000000,0.000000,0.000000,0.000000,0.000000,0.000000,0.198000,0.000000,0.000000,0.000000,0.198000,0.000000,0.000000,0.000000,0.000000,0.000000,0.000000
1778064194.855531,manual_slider,1,1,0,0.000000,0.000000,0.000000,0.000000,0.000000,0.000000,0.198000,0.000000,0.000000,0.000000,0.198000,0.000000,0.000000,0.000000,0.000000,0.000000,0.000000
1778064194.905600,manual_slider,1,1,0,0.000000,0.000000,0.000000,0.000000,0.000000,0.000000,0.198000,0.000000,0.000000,0.000000,0.198000,0.000000,0.000000,0.000000,0.000000,0.000000,0.000000
1778064194.955478,manual_slider,1,1,0,0.000000,0.000000,0.000000,0.000000,0.000000,0.000000,0.198000,0.000000,0.000000,0.000000,0.198000,0.000000,0.000000,0.000000,0.000000,0.000000,0.000000
1778064195.005484,manual_slider,1,1,0,0.000000,0.000000,0.000000,0.000000,0.000000,0.000000,0.198000,0.000000,0.000000,0.000000,0.198000,0.000000,0.000000,0.000000,0.000000,0.000000,0.000000
1778064195.055349,manual_slider,1,1,0,0.000000,0.000000,0.000000,0.000000,0.000000,0.000000,0.198000,0.000000,0.000000,0.000000,0.198000,0.000000,0.000000,0.000000,0.000000,0.000000,0.000000
1778064195.105534,manual_slider,1,1,0,0.000000,0.000000,0.000000,0.000000,0.000000,0.000000,0.198000,0.000000,0.000000,0.000000,0.198000,0.000000,0.000000,0.000000,0.000000,0.000000,0.000000
1778064195.155409,manual_slider,1,1,0,0.000000,0.000000,0.000000,0.000000,0.000000,0.000000,0.198000,0.000000,0.000000,0.000000,0.198000,0.000000,0.000000,0.000000,0.000000,0.000000,0.000000
1778064195.205746,manual_slider,1,1,0,0.000000,0.000000,0.000000,0.000000,0.000000,0.000000,0.198000,0.000000,0.000000,0.000000,0.198000,0.000000,0.000000,0.000000,0.000000,0.000000,0.000000
1778064195.255639,manual_slider,1,1,0,0.000000,0.000000,0.000000,0.000000,0.000000,0.000000,0.198000,0.000000,0.000000,0.000000,0.198000,0.000000,0.000000,0.000000,0.000000,0.000000,0.000000
1778064195.305699,manual_slider,1,1,0,0.000000,0.000000,0.000000,0.000000,0.000000,0.000000,0.198000,0.000000,0.000000,0.000000,0.198000,0.000000,0.000000,0.000000,0.000000,0.000000,0.000000
1778064195.355613,manual_slider,1,1,0,0.000000,0.000000,0.000000,0.000000,0.000000,0.000000,0.198000,0.000000,0.000000,0.000000,0.198000,0.000000,0.000000,0.000000,0.000000,0.000000,0.000000
1778064195.405606,manual_slider,1,1,0,0.000000,0.000000,0.000000,0.000000,0.000000,0.000000,0.198000,0.000000,0.000000,0.000000,0.198000,0.000000,0.000000,0.000000,0.000000,0.000000,0.000000
1778064195.455534,manual_slider,1,1,0,0.000000,0.000000,0.000000,0.000000,0.000000,0.000000,0.198000,0.000000,0.000000,0.000000,0.198000,0.000000,0.000000,0.000000,0.000000,0.000000,0.000000
1778064195.505579,manual_slider,1,1,0,0.000000,0.000000,0.000000,0.000000,0.000000,0.000000,0.198000,0.000000,0.000000,0.000000,0.198000,0.000000,0.000000,0.000000,0.000000,0.000000,0.000000
1778064195.555531,manual_slider,1,1,0,0.000000,0.000000,0.000000,0.000000,0.000000,0.000000,0.198000,0.000000,0.000000,0.000000,0.198000,0.000000,0.000000,0.000000,0.000000,0.000000,0.000000
1778064195.605462,manual_slider,1,1,0,0.000000,0.000000,0.000000,0.000000,0.000000,0.000000,0.198000,0.000000,0.000000,0.000000,0.198000,0.000000,0.000000,0.000000,0.000000,0.000000,0.000000
1778064195.655859,manual_slider,1,1,0,0.000000,0.000000,0.000000,0.000000,0.000000,0.000000,0.198000,0.000000,0.000000,0.000000,0.198000,0.000000,0.000000,0.000000,0.000000,0.000000,0.000000
1778064195.705617,manual_slider,1,1,0,0.000000,0.000000,0.000000,0.000000,0.000000,0.000000,0.198000,0.000000,0.000000,0.000000,0.198000,0.000000,0.000000,0.000000,0.000000,0.000000,0.000000
1778064195.755616,manual_slider,1,1,0,0.000000,0.000000,0.000000,0.000000,0.000000,0.000000,0.198000,0.000000,0.000000,0.000000,0.198000,0.000000,0.000000,0.000000,0.000000,0.000000,0.000000
1778064195.805541,manual_slider,1,1,0,0.000000,0.000000,0.000000,0.000000,0.000000,0.000000,0.198000,0.000000,0.000000,0.000000,0.198000,0.000000,0.000000,0.000000,0.000000,0.000000,0.000000
1778064195.855659,manual_slider,1,1,0,0.000000,0.000000,0.000000,0.000000,0.000000,0.000000,0.198000,0.000000,0.000000,0.000000,0.198000,0.000000,0.000000,0.000000,0.000000,0.000000,0.000000
1778064195.905611,manual_slider,1,1,0,0.000000,0.000000,0.000000,0.000000,0.000000,0.000000,0.198000,0.000000,0.000000,0.000000,0.198000,0.000000,0.000000,0.000000,0.000000,0.000000,0.000000
1778064195.955438,manual_slider,1,1,0,0.000000,0.000000,0.000000,0.000000,0.000000,0.000000,0.198000,0.000000,0.000000,0.000000,0.198000,0.000000,0.000000,0.000000,0.000000,0.000000,0.000000
1778064196.006006,manual_slider,1,1,0,0.000000,0.000000,0.000000,0.000000,0.000000,0.000000,0.198000,0.000000,0.000000,0.000000,0.198000,0.000000,0.000000,0.000000,0.000000,0.000000,0.000000
1778064196.055601,manual_slider,1,1,0,0.000000,0.000000,0.000000,0.000000,0.000000,0.000000,0.198000,0.000000,0.000000,0.000000,0.198000,0.000000,0.000000,0.000000,0.000000,0.000000,0.000000
1778064196.105487,manual_slider,1,1,0,0.000000,0.000000,0.000000,0.000000,0.000000,0.000000,0.198000,0.000000,0.000000,0.000000,0.198000,0.000000,0.000000,0.000000,0.000000,0.000000,0.000000
1778064196.155391,manual_slider,1,1,0,0.000000,0.000000,0.000000,0.000000,0.000000,0.000000,0.198000,0.000000,0.000000,0.000000,0.198000,0.000000,0.000000,0.000000,0.000000,0.000000,0.000000
1778064196.205585,manual_slider,1,1,0,0.000000,0.000000,0.000000,0.000000,0.000000,0.000000,0.198000,0.000000,0.000000,0.000000,0.198000,0.000000,0.000000,0.000000,0.000000,0.000000,0.000000
1778064196.255516,manual_slider,1,1,0,0.000000,0.000000,0.000000,0.000000,0.000000,0.000000,0.198000,0.000000,0.000000,0.000000,0.198000,0.000000,0.000000,0.000000,0.000000,0.000000,0.000000
1778064196.305472,manual_slider,1,1,0,0.000000,0.000000,0.000000,0.000000,0.000000,0.000000,0.198000,0.000000,0.000000,0.000000,0.198000,0.000000,0.000000,0.000000,0.000000,0.000000,0.000000
1778064196.356547,manual_slider,1,1,0,0.000000,0.000000,0.000000,0.000000,0.000000,0.000000,0.198000,0.000000,0.000000,0.000000,0.198000,0.000000,0.000000,0.000000,0.000000,0.000000,0.000000
1778064196.405568,manual_slider,1,1,0,0.000000,0.000000,0.000000,0.000000,0.000000,0.000000,0.198000,0.000000,0.000000,0.000000,0.198000,0.000000,0.000000,0.000000,0.000000,0.000000,0.000000
1778064196.455513,manual_slider,1,1,0,0.000000,0.000000,0.000000,0.000000,0.000000,0.000000,0.198000,0.000000,0.000000,0.000000,0.198000,0.000000,0.000000,0.000000,0.000000,0.000000,0.000000
1778064196.505553,manual_slider,1,1,0,0.000000,0.000000,0.000000,0.000000,0.000000,0.000000,0.198000,0.000000,0.000000,0.000000,0.198000,0.000000,0.000000,0.000000,0.000000,0.000000,0.000000
1778064196.555415,manual_slider,1,1,0,0.000000,0.000000,0.000000,0.000000,0.000000,0.000000,0.198000,0.000000,0.000000,0.000000,0.198000,0.000000,0.000000,0.000000,0.000000,0.000000,0.000000
1778064196.605512,manual_slider,1,1,0,0.000000,0.000000,0.000000,0.000000,0.000000,0.000000,0.198000,0.000000,0.000000,0.000000,0.198000,0.000000,0.000000,0.000000,0.000000,0.000000,0.000000
1778064196.655426,manual_slider,1,1,0,0.000000,0.000000,0.000000,0.000000,0.000000,0.000000,0.198000,0.000000,0.000000,0.000000,0.198000,0.000000,0.000000,0.000000,0.000000,0.000000,0.000000
1778064196.705598,manual_slider,1,1,0,0.000000,0.000000,0.000000,0.000000,0.000000,0.000000,0.198000,0.000000,0.000000,0.000000,0.198000,0.000000,0.000000,0.000000,0.000000,0.000000,0.000000
1778064196.755385,manual_slider,1,1,0,0.000000,0.000000,0.000000,0.000000,0.000000,0.000000,0.198000,0.000000,0.000000,0.000000,0.198000,0.000000,0.000000,0.000000,0.000000,0.000000,0.000000
1778064196.806234,manual_slider,1,1,0,0.000000,0.000000,0.000000,0.000000,0.000000,0.000000,0.198000,0.000000,0.000000,0.000000,0.198000,0.000000,0.000000,0.000000,0.000000,0.000000,0.000000
1778064196.855925,manual_slider,1,1,0,0.000000,0.000000,0.000000,0.000000,0.000000,0.000000,0.198000,0.000000,0.000000,0.000000,0.198000,0.000000,0.000000,0.000000,0.000000,0.000000,0.000000
1778064196.905637,manual_slider,1,1,0,0.000000,0.000000,0.000000,0.000000,0.000000,0.000000,0.198000,0.000000,0.000000,0.000000,0.198000,0.000000,0.000000,0.000000,0.000000,0.000000,0.000000
1778064196.955396,manual_slider,1,1,0,0.000000,0.000000,0.000000,0.000000,0.000000,0.000000,0.198000,0.000000,0.000000,0.000000,0.198000,0.000000,0.000000,0.000000,0.000000,0.000000,0.000000
1778064197.005702,manual_slider,1,1,0,0.000000,0.000000,0.000000,0.000000,0.000000,0.000000,0.198000,0.000000,0.000000,0.000000,0.198000,0.000000,0.000000,0.000000,0.000000,0.000000,0.000000
1778064197.055569,manual_slider,1,1,0,0.000000,0.000000,0.000000,0.000000,0.000000,0.000000,0.198000,0.000000,0.000000,0.000000,0.198000,0.000000,0.000000,0.000000,0.000000,0.000000,0.000000
1778064197.105719,manual_slider,1,1,0,0.000000,0.000000,0.000000,0.000000,0.000000,0.000000,0.198000,0.000000,0.000000,0.000000,0.198000,0.000000,0.000000,0.000000,0.000000,0.000000,0.000000
1778064197.155797,manual_slider,1,1,0,0.000000,0.000000,0.000000,0.000000,0.000000,0.000000,0.198000,0.000000,0.000000,0.000000,0.198000,0.000000,0.000000,0.000000,0.000000,0.000000,0.000000
1778064197.205677,manual_slider,1,1,0,0.000000,0.000000,0.000000,0.000000,0.000000,0.000000,0.198000,0.000000,0.000000,0.000000,0.198000,0.000000,0.000000,0.000000,0.000000,0.000000,0.000000
1778064197.255638,manual_slider,1,1,0,0.000000,0.000000,0.000000,0.000000,0.000000,0.000000,0.198000,0.000000,0.000000,0.000000,0.198000,0.000000,0.000000,0.000000,0.000000,0.000000,0.000000
1778064197.305557,manual_slider,1,1,0,0.000000,0.000000,0.000000,0.000000,0.000000,0.000000,0.198000,0.000000,0.000000,0.000000,0.198000,0.000000,0.000000,0.000000,0.000000,0.000000,0.000000
1778064197.355484,manual_slider,1,1,0,0.000000,0.000000,0.000000,0.000000,0.000000,0.000000,0.198000,0.000000,0.000000,0.000000,0.198000,0.000000,0.000000,0.000000,0.000000,0.000000,0.000000
1778064197.405602,manual_slider,1,1,0,0.000000,0.000000,0.000000,0.000000,0.000000,0.000000,0.198000,0.000000,0.000000,0.000000,0.198000,0.000000,0.000000,0.000000,0.000000,0.000000,0.000000
1778064197.455496,manual_slider,1,1,0,0.000000,0.000000,0.000000,0.000000,0.000000,0.000000,0.198000,0.000000,0.000000,0.000000,0.198000,0.000000,0.000000,0.000000,0.000000,0.000000,0.000000
1778064197.507647,manual_slider,1,1,0,0.000000,0.000000,0.000000,0.000000,0.000000,0.000000,0.198000,0.000000,0.000000,0.000000,0.198000,0.000000,0.000000,0.000000,0.000000,0.000000,0.000000
1778064197.555547,manual_slider,1,1,0,0.000000,0.000000,0.000000,0.000000,0.000000,0.000000,0.198000,0.000000,0.000000,0.000000,0.198000,0.000000,0.000000,0.000000,0.000000,0.000000,0.000000
1778064197.605875,manual_slider,1,1,0,0.000000,0.000000,0.000000,0.000000,0.000000,0.000000,0.198000,0.000000,0.000000,0.000000,0.198000,0.000000,0.000000,0.000000,0.000000,0.000000,0.000000
1778064197.655450,manual_slider,1,1,0,0.000000,0.000000,0.000000,0.000000,0.000000,0.000000,0.198000,0.000000,0.000000,0.000000,0.198000,0.000000,0.000000,0.000000,0.000000,0.000000,0.000000
1778064197.705544,manual_slider,1,1,0,0.000000,0.000000,0.000000,0.000000,0.000000,0.000000,0.198000,0.000000,0.000000,0.000000,0.198000,0.000000,0.000000,0.000000,0.000000,0.000000,0.000000
1778064197.755415,manual_slider,1,1,0,0.000000,0.000000,0.000000,0.000000,0.000000,0.000000,0.198000,0.000000,0.000000,0.000000,0.198000,0.000000,0.000000,0.000000,0.000000,0.000000,0.000000
1778064197.805572,manual_slider,1,1,0,0.000000,0.000000,0.000000,0.000000,0.000000,0.000000,0.198000,0.000000,0.000000,0.000000,0.198000,0.000000,0.000000,0.000000,0.000000,0.000000,0.000000
1778064197.855355,manual_slider,1,1,0,0.000000,0.000000,0.000000,0.000000,0.000000,0.000000,0.198000,0.000000,0.000000,0.000000,0.198000,0.000000,0.000000,0.000000,0.000000,0.000000,0.000000
1778064197.905672,manual_slider,1,1,0,0.000000,0.000000,0.000000,0.000000,0.000000,0.000000,0.198000,0.000000,0.000000,0.000000,0.198000,0.000000,0.000000,0.000000,0.000000,0.000000,0.000000
1778064197.955913,manual_slider,1,1,0,0.000000,0.000000,0.000000,0.000000,0.000000,0.000000,0.198000,0.000000,0.000000,0.000000,0.198000,0.000000,0.000000,0.000000,0.000000,0.000000,0.000000
1778064198.005725,manual_slider,1,1,0,0.000000,0.000000,0.000000,0.000000,0.000000,0.000000,0.198000,0.000000,0.000000,0.000000,0.198000,0.000000,0.000000,0.000000,0.000000,0.000000,0.000000
1778064198.055609,manual_slider,1,1,0,0.000000,0.000000,0.000000,0.000000,0.000000,0.000000,0.198000,0.000000,0.000000,0.000000,0.198000,0.000000,0.000000,0.000000,0.000000,0.000000,0.000000
1778064198.105598,manual_slider,1,1,0,0.000000,0.000000,0.000000,0.000000,0.000000,0.000000,0.198000,0.000000,0.000000,0.000000,0.198000,0.000000,0.000000,0.000000,0.000000,0.000000,0.000000
1778064198.155292,manual_slider,1,1,0,0.000000,0.000000,0.000000,0.000000,0.000000,0.000000,0.198000,0.000000,0.000000,0.000000,0.198000,0.000000,0.000000,0.000000,0.000000,0.000000,0.000000
1778064198.205474,manual_slider,1,1,0,0.000000,0.000000,0.000000,0.000000,0.000000,0.000000,0.198000,0.000000,0.000000,0.000000,0.198000,0.000000,0.000000,0.000000,0.000000,0.000000,0.000000
1778064198.255446,manual_slider,1,1,0,0.000000,0.000000,0.000000,0.000000,0.000000,0.000000,0.198000,0.000000,0.000000,0.000000,0.198000,0.000000,0.000000,0.000000,0.000000,0.000000,0.000000
1778064198.306996,manual_slider,1,1,0,0.000000,0.000000,0.000000,0.000000,0.000000,0.000000,0.198000,0.000000,0.000000,0.000000,0.198000,0.000000,0.000000,0.000000,0.000000,0.000000,0.000000
1778064198.355480,manual_slider,1,1,0,0.000000,0.000000,0.000000,0.000000,0.000000,0.000000,0.198000,0.000000,0.000000,0.000000,0.198000,0.000000,0.000000,0.000000,0.000000,0.000000,0.000000
1778064198.406063,manual_slider,1,1,0,0.000000,0.000000,0.000000,0.000000,0.000000,0.000000,0.198000,0.000000,0.000000,0.000000,0.198000,0.000000,0.000000,0.000000,0.000000,0.000000,0.000000
1778064198.455357,manual_slider,1,1,0,0.000000,0.000000,0.000000,0.000000,0.000000,0.000000,0.198000,0.000000,0.000000,0.000000,0.198000,0.000000,0.000000,0.000000,0.000000,0.000000,0.000000
1778064198.505644,manual_slider,1,1,0,0.000000,0.000000,0.000000,0.000000,0.000000,0.000000,0.198000,0.000000,0.000000,0.000000,0.198000,0.000000,0.000000,0.000000,0.000000,0.000000,0.000000
1778064198.555412,manual_slider,1,1,0,0.000000,0.000000,0.000000,0.000000,0.000000,0.000000,0.198000,0.000000,0.000000,0.000000,0.198000,0.000000,0.000000,0.000000,0.000000,0.000000,0.000000
1778064198.605548,manual_slider,1,1,0,0.000000,0.000000,0.000000,0.000000,0.000000,0.000000,0.198000,0.000000,0.000000,0.000000,0.198000,0.000000,0.000000,0.000000,0.000000,0.000000,0.000000
1778064198.655386,manual_slider,1,1,0,0.000000,0.000000,0.000000,0.000000,0.000000,0.000000,0.198000,0.000000,0.000000,0.000000,0.198000,0.000000,0.000000,0.000000,0.000000,0.000000,0.000000
1778064198.705470,manual_slider,1,1,0,0.000000,0.000000,0.000000,0.000000,0.000000,0.000000,0.198000,0.000000,0.000000,0.000000,0.198000,0.000000,0.000000,0.000000,0.000000,0.000000,0.000000
1778064198.756309,manual_slider,1,1,0,0.000000,0.000000,0.000000,0.000000,0.000000,0.000000,0.198000,0.000000,0.000000,0.000000,0.198000,0.000000,0.000000,0.000000,0.000000,0.000000,0.000000
1778064198.805596,manual_slider,1,1,0,0.000000,0.000000,0.000000,0.000000,0.000000,0.000000,0.198000,0.000000,0.000000,0.000000,0.198000,0.000000,0.000000,0.000000,0.000000,0.000000,0.000000
1778064198.855661,manual_slider,1,1,0,0.000000,0.000000,0.000000,0.000000,0.000000,0.000000,0.198000,0.000000,0.000000,0.000000,0.198000,0.000000,0.000000,0.000000,0.000000,0.000000,0.000000
1778064198.905642,manual_slider,1,1,0,0.000000,0.000000,0.000000,0.000000,0.000000,0.000000,0.198000,0.000000,0.000000,0.000000,0.198000,0.000000,0.000000,0.000000,0.000000,0.000000,0.000000
1778064198.955463,manual_slider,1,1,0,0.000000,0.000000,0.000000,0.000000,0.000000,0.000000,0.198000,0.000000,0.000000,0.000000,0.198000,0.000000,0.000000,0.000000,0.000000,0.000000,0.000000
1778064199.005518,manual_slider,1,1,0,0.000000,0.000000,0.000000,0.000000,0.000000,0.000000,0.198000,0.000000,0.000000,0.000000,0.198000,0.000000,0.000000,0.000000,0.000000,0.000000,0.000000
1778064199.055321,manual_slider,1,1,0,0.000000,0.000000,0.000000,0.000000,0.000000,0.000000,0.198000,0.000000,0.000000,0.000000,0.198000,0.000000,0.000000,0.000000,0.000000,0.000000,0.000000
1778064199.107806,manual_slider,1,1,0,0.000000,0.000000,0.000000,0.000000,0.000000,0.000000,0.198000,0.000000,0.000000,0.000000,0.198000,0.000000,0.000000,0.000000,0.000000,0.000000,0.000000
1778064199.155381,manual_slider,1,1,0,0.000000,0.000000,0.000000,0.000000,0.000000,0.000000,0.198000,0.000000,0.000000,0.000000,0.198000,0.000000,0.000000,0.000000,0.000000,0.000000,0.000000
1778064199.206101,manual_slider,1,1,0,0.000000,0.000000,0.000000,0.000000,0.000000,0.000000,0.198000,0.000000,0.000000,0.000000,0.198000,0.000000,0.000000,0.000000,0.000000,0.000000,0.000000
1778064199.255391,manual_slider,1,1,0,0.000000,0.000000,0.000000,0.000000,0.000000,0.000000,0.198000,0.000000,0.000000,0.000000,0.198000,0.000000,0.000000,0.000000,0.000000,0.000000,0.000000
