time_sec,source,valid,manual_enabled,left_target_wrist_x,left_target_wrist_y,left_target_wrist_z,right_target_wrist_x,right_target_wrist_y,right_target_wrist_z,left_target_elbow_x,left_target_elbow_y,left_target_elbow_z,right_target_elbow_x,right_target_elbow_y,right_target_elbow_z,left_ik_loss,right_ik_loss,left_workspace_projected,right_workspace_projected,torso_joint,neck_joint,head_joint,left_shoulder_pitch_joint,left_shoulder_roll_joint,left_shoulder_yaw_joint,left_elbow_joint,right_shoulder_pitch_joint,right_shoulder_roll_joint,right_shoulder_yaw_joint,right_elbow_joint,left_hip_joint,left_knee_joint,left_ankle_joint,right_hip_joint,right_knee_joint,right_ankle_joint
1778075397.324733,ik_wrist_pelvis_body_frame,0,0,-0.300000,0.123485,0.093230,-0.300000,-0.195705,0.047914,-0.198532,0.171789,-0.165387,-0.188379,-0.127415,-0.181789,0.090708,0.076262,1,1,0.000000,0.000000,0.000000,0.209000,-0.011011,-0.034268,0.281193,-0.197253,-0.030829,0.022192,0.255035,0.000000,0.000000,0.000000,0.000000,0.000000,0.000000
1778075397.366513,ik_wrist_pelvis_body_frame,0,0,-0.299704,0.137022,0.156727,-0.300000,-0.207477,0.192171,-0.222970,0.175358,-0.121693,-0.224443,-0.182799,-0.089200,0.036413,0.026417,0,1,0.000000,0.000000,0.000000,0.372020,-0.020795,-0.076428,0.433314,-0.355802,-0.016864,0.038243,0.380167,0.000000,0.000000,0.000000,0.000000,0.000000,0.000000
1778075397.395561,ik_wrist_pelvis_body_frame,1,0,-0.247235,0.170403,0.213755,-0.260197,-0.153503,0.297582,-0.212766,0.203599,-0.077763,-0.231359,-0.172240,-0.011837,0.015400,0.010565,0,0,0.000000,0.000000,0.000000,0.478437,-0.025955,-0.095345,0.627411,-0.486525,0.026671,0.052138,0.548394,0.000000,0.000000,0.000000,0.000000,0.000000,0.000000
1778075397.425116,ik_wrist_pelvis_body_frame,1,0,-0.215479,0.168574,0.265573,-0.182349,-0.156938,0.347696,-0.199405,0.207645,-0.040768,-0.196922,-0.199530,0.033201,0.004176,0.004219,0,0,0.000000,0.000000,0.000000,0.549158,-0.022008,-0.100001,0.828269,-0.565241,0.079459,0.047506,0.726590,0.000000,0.000000,0.000000,0.000000,0.000000,0.000000
1778075397.462271,ik_wrist_pelvis_body_frame,1,0,-0.194797,0.163052,0.308131,-0.182266,-0.141023,0.398015,-0.166575,0.211683,-0.017137,-0.177116,-0.183739,0.063844,0.001560,0.001187,0,0,0.000000,0.000000,0.000000,0.593434,-0.007493,-0.099500,1.006803,-0.624015,0.133942,0.047339,0.876206,0.000000,0.000000,0.000000,0.000000,0.000000,0.000000
1778075397.497729,ik_wrist_pelvis_body_frame,1,0,-0.173197,0.176137,0.342376,-0.156623,-0.114331,0.428070,-0.122199,0.228019,0.009082,-0.155892,-0.185418,0.096274,0.002405,0.001605,0,0,0.000000,0.000000,0.000000,0.607272,0.017287,-0.094962,1.146638,-0.664016,0.197287,0.051208,0.995930,0.000000,0.000000,0.000000,0.000000,0.000000,0.000000
1778075397.525412,ik_wrist_pelvis_body_frame,1,0,-0.161643,0.172212,0.355010,-0.148696,-0.105938,0.441804,-0.105462,0.234634,0.023841,-0.131977,-0.198534,0.124320,0.002435,0.001806,0,0,0.000000,0.000000,0.000000,0.603872,0.047482,-0.094801,1.253215,-0.684162,0.259856,0.059449,1.083453,0.000000,0.000000,0.000000,0.000000,0.000000,0.000000
1778075397.561841,ik_wrist_pelvis_body_frame,1,0,-0.171516,0.159760,0.363132,-0.128585,-0.108351,0.453308,-0.104408,0.237452,0.041892,-0.109781,-0.201975,0.132615,0.002156,0.001993,0,0,0.000000,0.000000,0.000000,0.596304,0.080213,-0.106182,1.331483,-0.684263,0.319750,0.065118,1.145219,0.000000,0.000000,0.000000,0.000000,0.000000,0.000000
1778075397.592689,ik_wrist_pelvis_body_frame,1,0,-0.172946,0.146727,0.370918,-0.124790,-0.107076,0.458640,-0.105921,0.235145,0.053017,-0.098907,-0.202269,0.136973,0.001893,0.001852,0,0,0.000000,0.000000,0.000000,0.587227,0.115291,-0.124139,1.389024,-0.672718,0.373113,0.072889,1.186939,0.000000,0.000000,0.000000,0.000000,0.000000,0.000000
1778075397.629143,ik_wrist_pelvis_body_frame,1,0,-0.207979,0.132874,0.366727,-0.122225,-0.101154,0.462714,-0.130385,0.225828,0.056271,-0.091691,-0.200796,0.141249,0.001713,0.001736,0,0,0.000000,0.000000,0.000000,0.590290,0.143337,-0.155423,1.427177,-0.655022,0.421150,0.083966,1.215042,0.000000,0.000000,0.000000,0.000000,0.000000,0.000000
1778075397.657927,ik_wrist_pelvis_body_frame,1,0,-0.211550,0.121656,0.364930,-0.074661,-0.108923,0.468099,-0.132750,0.221541,0.053731,-0.065904,-0.209294,0.148642,0.001650,0.001869,0,0,0.000000,0.000000,0.000000,0.596598,0.168191,-0.187277,1.455381,-0.620280,0.467940,0.078745,1.235877,0.000000,0.000000,0.000000,0.000000,0.000000,0.000000
1778075397.700320,ik_wrist_pelvis_body_frame,1,0,-0.218162,0.115459,0.365829,-0.080588,-0.119571,0.456392,-0.141167,0.216693,0.055344,-0.054491,-0.222604,0.145552,0.001578,0.001483,0,0,0.000000,0.000000,0.000000,0.605659,0.189436,-0.216891,1.475112,-0.578422,0.499802,0.075502,1.251039,0.000000,0.000000,0.000000,0.000000,0.000000,0.000000
1778075397.725311,ik_wrist_pelvis_body_frame,1,0,-0.222039,0.111469,0.362356,-0.110367,-0.123800,0.452162,-0.144572,0.215953,0.054133,-0.064401,-0.224130,0.147413,0.001534,0.001131,0,0,0.000000,0.000000,0.000000,0.615452,0.205998,-0.243110,1.489638,-0.543269,0.519320,0.087276,1.260956,0.000000,0.000000,0.000000,0.000000,0.000000,0.000000
1778075397.758483,ik_wrist_pelvis_body_frame,1,0,-0.231973,0.117150,0.352914,-0.076274,-0.123312,0.447007,-0.142196,0.220327,0.049052,-0.052656,-0.233458,0.150244,0.001584,0.000820,0,0,0.000000,0.000000,0.000000,0.623025,0.213844,-0.267145,1.499441,-0.501756,0.536938,0.089916,1.274219,0.000000,0.000000,0.000000,0.000000,0.000000,0.000000
1778075397.797469,ik_wrist_pelvis_body_frame,1,0,-0.233471,0.121478,0.347777,-0.037766,-0.128200,0.442861,-0.137854,0.223770,0.045320,-0.037095,-0.239677,0.146446,0.001642,0.000890,0,0,0.000000,0.000000,0.000000,0.626642,0.216944,-0.287360,1.507582,-0.451116,0.550136,0.076718,1.290995,0.000000,0.000000,0.000000,0.000000,0.000000,0.000000
1778075397.830376,ik_wrist_pelvis_body_frame,1,0,-0.240499,0.122906,0.343723,-0.062286,-0.129383,0.440181,-0.138183,0.223805,0.042745,-0.045070,-0.242082,0.150254,0.001701,0.000378,0,0,0.000000,0.000000,0.000000,0.629255,0.216528,-0.306181,1.513994,-0.409363,0.556345,0.074542,1.306611,0.000000,0.000000,0.000000,0.000000,0.000000,0.000000
1778075397.861144,ik_wrist_pelvis_body_frame,1,0,-0.249314,0.122627,0.343567,-0.068983,-0.132456,0.431643,-0.143104,0.219886,0.041841,-0.047292,-0.248006,0.147282,0.001739,0.000321,0,0,0.000000,0.000000,0.000000,0.633595,0.214782,-0.323964,1.517335,-0.374783,0.556366,0.078992,1.322864,0.000000,0.000000,0.000000,0.000000,0.000000,0.000000
1778075397.897777,ik_wrist_pelvis_body_frame,1,0,-0.253681,0.128824,0.343431,-0.068844,-0.138704,0.426084,-0.142872,0.220456,0.042013,-0.047058,-0.254199,0.147498,0.001721,0.000225,0,0,0.000000,0.000000,0.000000,0.636751,0.212193,-0.338485,1.516649,-0.344395,0.551745,0.084699,1.339027,0.000000,0.000000,0.000000,0.000000,0.000000,0.000000
1778075397.927573,ik_wrist_pelvis_body_frame,1,0,-0.258303,0.140232,0.343053,-0.073531,-0.149208,0.422701,-0.141651,0.221383,0.040749,-0.050155,-0.257766,0.142889,0.001709,0.000162,0,0,0.000000,0.000000,0.000000,0.637603,0.208195,-0.349293,1.511087,-0.319010,0.542304,0.091617,1.352831,0.000000,0.000000,0.000000,0.000000,0.000000,0.000000
1778075397.960582,ik_wrist_pelvis_body_frame,1,0,-0.267055,0.149253,0.341601,-0.078427,-0.154651,0.420957,-0.142892,0.221314,0.040637,-0.050854,-0.258517,0.138214,0.001704,0.000150,0,0,0.000000,0.000000,0.000000,0.638415,0.203116,-0.358517,1.500746,-0.298557,0.531256,0.099732,1.364545,0.000000,0.000000,0.000000,0.000000,0.000000,0.000000
1778075397.993958,ik_wrist_pelvis_body_frame,1,0,-0.265171,0.151715,0.338810,-0.081454,-0.161086,0.421187,-0.142029,0.216773,0.029562,-0.050329,-0.258734,0.135267,0.001864,0.000146,0,0,0.000000,0.000000,0.000000,0.639454,0.197494,-0.364607,1.491245,-0.281736,0.519944,0.107860,1.373110,0.000000,0.000000,0.000000,0.000000,0.000000,0.000000
1778075398.026886,ik_wrist_pelvis_body_frame,1,0,-0.263184,0.145437,0.338133,-0.124338,-0.164287,0.401067,-0.146281,0.208480,0.020249,-0.056286,-0.255848,0.104132,0.002139,0.000926,0,0,0.000000,0.000000,0.000000,0.643949,0.192278,-0.368139,1.486007,-0.278074,0.499421,0.132115,1.383368,0.000000,0.000000,0.000000,0.000000,0.000000,0.000000
1778075398.061375,ik_wrist_pelvis_body_frame,1,0,-0.268463,0.141578,0.320401,-0.117961,-0.178839,0.387332,-0.150629,0.204188,0.000881,-0.053539,-0.259714,0.081890,0.002472,0.000906,0,0,0.000000,0.000000,0.000000,0.652368,0.178958,-0.372035,1.487050,-0.272677,0.471808,0.152103,1.396728,0.000000,0.000000,0.000000,0.000000,0.000000,0.000000
1778075398.092212,ik_wrist_pelvis_body_frame,1,0,-0.269925,0.137810,0.307360,-0.124434,-0.189449,0.385858,-0.154043,0.203426,-0.010486,-0.061596,-0.255325,0.070760,0.002475,0.000897,0,0,0.000000,0.000000,0.000000,0.662530,0.159980,-0.374930,1.495445,-0.270006,0.442644,0.168768,1.409566,0.000000,0.000000,0.000000,0.000000,0.000000,0.000000
1778075398.125723,ik_wrist_pelvis_body_frame,1,0,-0.294560,0.139824,0.272128,-0.256323,-0.164191,0.344534,-0.168456,0.203622,-0.030474,-0.133276,-0.233367,0.049954,0.002150,0.003601,0,0,0.000000,0.000000,0.000000,0.677738,0.124771,-0.383052,1.506244,-0.317357,0.398182,0.226801,1.419074,0.000000,0.000000,0.000000,0.000000,0.000000,0.000000
1778075398.157723,ik_wrist_pelvis_body_frame,1,0,-0.300000,0.133644,0.229624,-0.300000,-0.159593,0.282631,-0.183136,0.195223,-0.062584,-0.170591,-0.229203,0.011686,0.002309,0.002393,1,1,0.000000,0.000000,0.000000,0.697109,0.073411,-0.392779,1.526950,-0.380911,0.333003,0.291426,1.428016,0.000000,0.000000,0.000000,0.000000,0.000000,0.000000
1778075398.190811,ik_wrist_pelvis_body_frame,1,0,-0.300000,0.121752,0.191291,-0.300000,-0.165932,0.237327,-0.182274,0.190604,-0.084961,-0.160046,-0.231898,-0.021854,0.002492,0.002422,1,1,0.000000,0.000000,0.000000,0.717506,0.010116,-0.403725,1.560763,-0.433126,0.256696,0.344154,1.444955,0.000000,0.000000,0.000000,0.000000,0.000000,0.000000
1778075398.224688,ik_wrist_pelvis_body_frame,1,0,-0.300000,0.114567,0.112844,-0.300000,-0.214679,0.148936,-0.184425,0.163822,-0.145322,-0.154064,-0.202832,-0.109959,0.004150,0.004687,1,1,0.000000,0.000000,0.000000,0.739529,-0.086516,-0.418820,1.607465,-0.466044,0.140957,0.382141,1.464583,0.000000,0.000000,0.000000,0.000000,0.000000,0.000000
1778075398.259691,ik_wrist_pelvis_body_frame,1,0,-0.300000,0.137842,0.009448,-0.300000,-0.243069,-0.026381,-0.165062,0.152142,-0.194092,-0.149227,-0.227629,-0.127955,0.005214,0.009771,1,1,0.000000,0.000000,0.000000,0.748409,-0.225380,-0.433322,1.650808,-0.479801,-0.027013,0.424813,1.471821,0.000000,0.000000,0.000000,0.000000,0.000000,0.000000
1778075398.292892,ik_wrist_pelvis_body_frame,1,0,-0.300000,0.158714,-0.081461,-0.300000,-0.233712,-0.235491,-0.189475,0.134789,-0.225631,-0.145913,-0.199393,-0.215332,0.007373,0.013536,1,1,0.000000,0.000000,0.000000,0.749608,-0.384882,-0.441702,1.674947,-0.485843,-0.246972,0.474156,1.434819,0.000000,0.000000,0.000000,0.000000,0.000000,0.000000
1778075398.329088,ik_wrist_pelvis_body_frame,0,0,-0.300000,0.218455,-0.133824,-0.085037,-0.194448,-0.533725,-0.172032,0.130427,-0.220742,-0.035240,-0.182242,-0.268880,0.006487,0.038506,1,0,0.000000,0.000000,0.000000,0.733065,-0.533561,-0.430985,1.669633,-0.427705,-0.445638,0.523463,1.234200,0.000000,0.000000,0.000000,0.000000,0.000000,0.000000
1778075398.359470,ik_wrist_pelvis_body_frame,1,0,-0.300000,0.190638,-0.445639,-0.101306,-0.173241,-0.535741,-0.106690,0.121649,-0.238796,0.011271,-0.154794,-0.284748,0.023601,0.014326,1,0,0.000000,0.000000,0.000000,0.723681,-0.669178,-0.450434,1.515963,-0.390258,-0.600598,0.571758,1.008761,0.000000,0.000000,0.000000,0.000000,0.000000,0.000000
1778075398.390790,ik_wrist_pelvis_body_frame,1,0,-0.269896,0.182645,-0.479788,-0.110446,-0.172826,-0.523623,-0.072375,0.116605,-0.250698,0.027265,-0.150365,-0.292859,0.007733,0.011024,1,0,0.000000,0.000000,0.000000,0.717012,-0.774959,-0.476956,1.318920,-0.376335,-0.721466,0.607077,0.810508,0.000000,0.000000,0.000000,0.000000,0.000000,0.000000
1778075398.426832,ik_wrist_pelvis_body_frame,1,0,-0.263820,0.153274,-0.493261,-0.119949,-0.177521,-0.517249,-0.063032,0.102306,-0.262272,0.022657,-0.157142,-0.298105,0.004530,0.009772,1,0,0.000000,0.000000,0.000000,0.728372,-0.857468,-0.506260,1.128726,-0.379341,-0.815744,0.628433,0.649550,0.000000,0.000000,0.000000,0.000000,0.000000,0.000000
1778075398.471843,ik_wrist_pelvis_body_frame,1,0,-0.231645,0.139579,-0.513087,-0.124443,-0.175411,-0.514563,-0.055641,0.102986,-0.275380,0.019538,-0.161708,-0.297367,0.004825,0.009605,1,0,0.000000,0.000000,0.000000,0.744795,-0.921825,-0.531191,0.946877,-0.392113,-0.889280,0.637959,0.520055,0.000000,0.000000,0.000000,0.000000,0.000000,0.000000
1778075398.501648,ik_wrist_pelvis_body_frame,1,0,-0.232078,0.134719,-0.514189,-0.126265,-0.176744,-0.512790,-0.058550,0.105864,-0.278319,0.017989,-0.164897,-0.296565,0.003875,0.009260,1,0,0.000000,0.000000,0.000000,0.767181,-0.972023,-0.548665,0.790719,-0.408386,-0.946639,0.637819,0.416643,0.000000,0.000000,0.000000,0.000000,0.000000,0.000000
1778075398.526842,ik_wrist_pelvis_body_frame,1,0,-0.181537,0.143511,-0.531835,-0.133086,-0.156180,-0.515832,-0.047705,0.113272,-0.290309,0.012663,-0.158542,-0.300042,0.004638,0.010396,1,0,0.000000,0.000000,0.000000,0.775824,-1.011178,-0.556269,0.638049,-0.433209,-0.991378,0.631006,0.335981,0.000000,0.000000,0.000000,0.000000,0.000000,0.000000
1778075398.565701,ik_wrist_pelvis_body_frame,1,0,-0.206581,0.121682,-0.528127,-0.136498,-0.157256,-0.511936,-0.049673,0.107478,-0.292524,0.012350,-0.161170,-0.303231,0.004557,0.010336,1,0,0.000000,0.000000,0.000000,0.798817,-1.041719,-0.557108,0.516850,-0.459495,-1.026275,0.619083,0.273065,0.000000,0.000000,0.000000,0.000000,0.000000,0.000000
1778075398.597865,ik_wrist_pelvis_body_frame,1,0,-0.211452,0.118619,-0.526720,-0.137552,-0.154355,-0.511560,-0.051280,0.107330,-0.295047,0.011590,-0.161173,-0.304628,0.004239,0.010462,0,0,0.000000,0.000000,0.000000,0.826965,-1.065541,-0.552112,0.420929,-0.484715,-1.053494,0.603508,0.223991,0.000000,0.000000,0.000000,0.000000,0.000000,0.000000
1778075398.636062,ik_wrist_pelvis_body_frame,1,0,-0.221368,0.104109,-0.523788,-0.140037,-0.145720,-0.514697,-0.054771,0.102150,-0.295187,0.009339,-0.153965,-0.312282,0.004643,0.010785,0,0,0.000000,0.000000,0.000000,0.854033,-1.084122,-0.543475,0.348465,-0.510923,-1.074726,0.585651,0.185713,0.000000,0.000000,0.000000,0.000000,0.000000,0.000000
1778075398.664842,ik_wrist_pelvis_body_frame,1,0,-0.227495,0.102706,-0.519707,-0.142937,-0.132428,-0.517015,-0.056753,0.103712,-0.294798,0.006382,-0.147159,-0.320719,0.004720,0.011865,0,0,0.000000,0.000000,0.000000,0.875145,-1.098615,-0.532865,0.296055,-0.540614,-1.091286,0.566629,0.155856,0.000000,0.000000,0.000000,0.000000,0.000000,0.000000
1778075398.700302,ik_wrist_pelvis_body_frame,1,0,-0.234755,0.101772,-0.515436,-0.144614,-0.121833,-0.519372,-0.059679,0.103754,-0.295921,0.002490,-0.142492,-0.328919,0.004747,0.012790,0,0,0.000000,0.000000,0.000000,0.891613,-1.109920,-0.521831,0.260645,-0.573281,-1.104203,0.547115,0.132568,0.000000,0.000000,0.000000,0.000000,0.000000,0.000000
1778075398.728618,ik_wrist_pelvis_body_frame,1,0,-0.238829,0.106606,-0.511874,-0.143984,-0.117206,-0.519060,-0.062057,0.106694,-0.297857,0.002080,-0.142780,-0.331169,0.004421,0.013408,0,0,0.000000,0.000000,0.000000,0.904458,-1.118737,-0.510850,0.237620,-0.605045,-1.114278,0.527393,0.114403,0.000000,0.000000,0.000000,0.000000,0.000000,0.000000
1778075398.763459,ik_wrist_pelvis_body_frame,1,0,-0.240486,0.104282,-0.510587,-0.140142,-0.118467,-0.520808,-0.062766,0.106914,-0.298892,0.002004,-0.145158,-0.330443,0.004620,0.013385,0,0,0.000000,0.000000,0.000000,0.914478,-1.125615,-0.500843,0.222140,-0.631041,-1.122137,0.507558,0.100234,0.000000,0.000000,0.000000,0.000000,0.000000,0.000000
1778075398.795306,ik_wrist_pelvis_body_frame,1,0,-0.242963,0.104796,-0.508209,-0.133779,-0.116648,-0.524956,-0.062409,0.107825,-0.297293,0.001369,-0.145395,-0.334191,0.004621,0.014072,0,0,0.000000,0.000000,0.000000,0.922293,-1.130980,-0.492007,0.212586,-0.650274,-1.128267,0.487874,0.089183,0.000000,0.000000,0.000000,0.000000,0.000000,0.000000
1778075398.829762,ik_wrist_pelvis_body_frame,1,0,-0.248343,0.110700,-0.505017,-0.132475,-0.119159,-0.523333,-0.065016,0.109402,-0.294642,0.002962,-0.147931,-0.335247,0.004096,0.014108,0,0,0.000000,0.000000,0.000000,0.928388,-1.135164,-0.483869,0.209362,-0.663106,-1.133048,0.468468,0.080563,0.000000,0.000000,0.000000,0.000000,0.000000,0.000000
1778075398.862131,ik_wrist_pelvis_body_frame,1,0,-0.259633,0.105017,-0.498962,-0.133030,-0.123639,-0.522400,-0.068494,0.106584,-0.291846,0.000970,-0.152230,-0.333880,0.004374,0.013398,0,0,0.000000,0.000000,0.000000,0.933143,-1.138428,-0.478324,0.214707,-0.670597,-1.136778,0.449427,0.073839,0.000000,0.000000,0.000000,0.000000,0.000000,0.000000
1778075404.923908,ik_wrist_pelvis_body_frame,1,0,-0.219709,0.111946,-0.521553,-0.129727,-0.193239,-0.517678,-0.047761,0.100000,-0.303321,0.002421,-0.158659,-0.345677,0.004717,0.008004,1,0,0.000000,0.000000,0.000000,0.936851,-1.140974,-0.471842,0.198368,-0.651472,-1.139687,0.428973,0.068594,0.000000,0.000000,0.000000,0.000000,0.000000,0.000000
1778075404.961593,ik_wrist_pelvis_body_frame,1,0,-0.222920,0.149070,-0.504998,-0.167928,-0.141571,-0.525610,-0.037801,0.103673,-0.302064,-0.025800,-0.128321,-0.350121,0.003894,0.008292,0,0,0.000000,0.000000,0.000000,0.929597,-1.142960,-0.460433,0.187349,-0.660145,-1.141956,0.410261,0.064504,0.000000,0.000000,0.000000,0.000000,0.000000,0.000000
1778075404.994631,ik_wrist_pelvis_body_frame,1,0,-0.270118,0.122242,-0.480640,-0.183634,-0.100000,-0.534220,-0.054913,0.100000,-0.291616,-0.036019,-0.100000,-0.359083,0.004386,0.010496,1,1,0.000000,0.000000,0.000000,0.934085,-1.143375,-0.450770,0.200155,-0.700912,-1.143725,0.393738,0.061313,0.000000,0.000000,0.000000,0.000000,0.000000,0.000000
1778075405.025585,ik_wrist_pelvis_body_frame,1,0,-0.249622,0.100118,-0.500937,-0.195348,-0.100000,-0.531981,-0.049650,0.100000,-0.303196,-0.039772,-0.100000,-0.359347,0.005645,0.008557,1,1,0.000000,0.000000,0.000000,0.937587,-1.144832,-0.445916,0.205563,-0.752965,-1.145106,0.378193,0.058824,0.000000,0.000000,0.000000,0.000000,0.000000,0.000000
1778075405.058360,ik_wrist_pelvis_body_frame,1,0,-0.199235,0.100000,-0.531500,-0.201897,-0.100000,-0.522656,-0.034624,0.100000,-0.321009,-0.035931,-0.100000,-0.357089,0.007102,0.008419,1,1,0.000000,0.000000,0.000000,0.940318,-1.145969,-0.440441,0.177822,-0.796312,-1.146182,0.363180,0.056883,0.000000,0.000000,0.000000,0.000000,0.000000,0.000000
1778075405.098700,ik_wrist_pelvis_body_frame,1,0,-0.216043,0.100000,-0.521123,-0.242195,-0.100000,-0.488354,-0.038856,0.100000,-0.308982,-0.052967,-0.100000,-0.352414,0.005856,0.009191,1,1,0.000000,0.000000,0.000000,0.942448,-1.146856,-0.432866,0.154490,-0.830124,-1.147022,0.351142,0.074783,0.000000,0.000000,0.000000,0.000000,0.000000,0.000000
1778075405.132149,ik_wrist_pelvis_body_frame,1,0,-0.296308,0.100000,-0.485571,-0.153563,-0.100000,-0.543769,-0.097450,0.101741,-0.279875,-0.014528,-0.100000,-0.359296,0.006467,0.013013,1,1,0.000000,0.000000,0.000000,0.944109,-1.139109,-0.429952,0.167834,-0.850658,-1.147677,0.338856,0.069330,0.000000,0.000000,0.000000,0.000000,0.000000,0.000000
1778075405.164728,ik_wrist_pelvis_body_frame,1,0,-0.300000,0.100000,-0.485892,-0.163676,-0.100000,-0.545008,-0.110668,0.107757,-0.270968,-0.026317,-0.100000,-0.365534,0.005158,0.011533,1,1,0.000000,0.000000,0.000000,0.945405,-1.137859,-0.434446,0.196496,-0.867790,-1.148188,0.326503,0.065078,0.000000,0.000000,0.000000,0.000000,0.000000,0.000000
1778075405.192149,ik_wrist_pelvis_body_frame,1,0,-0.271868,0.100000,-0.502605,-0.152616,-0.100000,-0.546339,-0.093325,0.100000,-0.273928,-0.019114,-0.100000,-0.363003,0.003871,0.012898,1,1,0.000000,0.000000,0.000000,0.946416,-1.140530,-0.442796,0.216295,-0.877867,-1.148587,0.314130,0.061761,0.000000,0.000000,0.000000,0.000000,0.000000,0.000000
1778075405.224139,ik_wrist_pelvis_body_frame,1,0,-0.253626,0.100000,-0.512002,-0.164972,-0.100000,-0.537518,-0.078244,0.100000,-0.284658,-0.027823,-0.106166,-0.354222,0.004128,0.010574,1,1,0.000000,0.000000,0.000000,0.947205,-1.142614,-0.451970,0.221027,-0.888010,-1.148898,0.302052,0.059173,0.000000,0.000000,0.000000,0.000000,0.000000,0.000000
1778075405.263095,ik_wrist_pelvis_body_frame,1,0,-0.241286,0.100000,-0.517870,-0.129079,-0.100000,-0.549156,-0.069022,0.100000,-0.292034,-0.008209,-0.100909,-0.365070,0.004406,0.016719,1,1,0.000000,0.000000,0.000000,0.947820,-1.144239,-0.459700,0.214222,-0.884684,-1.149140,0.289953,0.057155,0.000000,0.000000,0.000000,0.000000,0.000000,0.000000
1778075405.295238,ik_wrist_pelvis_body_frame,1,0,-0.238511,0.100000,-0.519199,-0.128901,-0.100000,-0.550000,-0.071430,0.101235,-0.280753,-0.015408,-0.101811,-0.366735,0.004168,0.016225,1,1,0.000000,0.000000,0.000000,0.948299,-1.145506,-0.465113,0.203656,-0.876306,-1.149329,0.278213,0.055581,0.000000,0.000000,0.000000,0.000000,0.000000,0.000000
1778075405.328724,ik_wrist_pelvis_body_frame,1,0,-0.151598,0.100000,-0.550000,-0.122630,-0.100000,-0.550000,-0.042471,0.100000,-0.308275,-0.015622,-0.110175,-0.360042,0.009367,0.016596,1,1,0.000000,0.000000,0.000000,0.942819,-1.146495,-0.464691,0.169852,-0.863638,-1.149477,0.266918,0.054353,0.000000,0.000000,0.000000,0.000000,0.000000,0.000000
1778075405.360734,ik_wrist_pelvis_body_frame,1,0,-0.134808,0.100000,-0.550000,-0.155909,-0.132024,-0.522619,-0.015532,0.101655,-0.315839,-0.000129,-0.112002,-0.345859,0.012970,0.009785,1,0,0.000000,0.000000,0.000000,0.928754,-1.147266,-0.459491,0.143484,-0.848660,-1.149592,0.255752,0.053396,0.000000,0.000000,0.000000,0.000000,0.000000,0.000000
1778075405.397764,ik_wrist_pelvis_body_frame,1,0,-0.169504,0.100000,-0.529986,-0.212729,-0.126289,-0.492637,-0.033661,0.102315,-0.320690,-0.029672,-0.127357,-0.330615,0.008381,0.008271,1,0,0.000000,0.000000,0.000000,0.925088,-1.147867,-0.451052,0.122918,-0.856244,-1.149682,0.246504,0.061816,0.000000,0.000000,0.000000,0.000000,0.000000,0.000000
1778075405.428031,ik_wrist_pelvis_body_frame,1,0,-0.164156,0.100000,-0.541437,-0.213890,-0.123511,-0.489363,-0.015248,0.100000,-0.321811,-0.026456,-0.131336,-0.321372,0.009793,0.008312,1,0,0.000000,0.000000,0.000000,0.923291,-1.148337,-0.440232,0.106876,-0.870696,-1.149752,0.238781,0.072316,0.000000,0.000000,0.000000,0.000000,0.000000,0.000000
1778075405.461268,ik_wrist_pelvis_body_frame,1,0,-0.034764,0.126847,-0.538144,-0.225635,-0.100000,-0.470738,0.064766,0.112669,-0.320293,-0.034060,-0.143561,-0.310193,0.031953,0.011679,0,1,0.000000,0.000000,0.000000,0.856030,-1.148703,-0.425717,0.094363,-0.888143,-1.149806,0.234491,0.087807,0.000000,0.000000,0.000000,0.000000,0.000000,0.000000
1778075405.497621,ik_wrist_pelvis_body_frame,1,0,-0.130414,0.100000,-0.512149,-0.276269,-0.100000,-0.455838,0.029044,0.101269,-0.313723,-0.055938,-0.114421,-0.305688,0.018043,0.009770,1,1,0.000000,0.000000,0.000000,0.818745,-1.148988,-0.411819,0.084603,-0.901751,-1.148273,0.238860,0.124778,0.000000,0.000000,0.000000,0.000000,0.000000,0.000000
1778075405.530424,ik_wrist_pelvis_body_frame,1,0,-0.067492,0.135014,-0.509212,-0.300000,-0.100000,-0.323841,0.045530,0.100000,-0.314914,-0.119153,-0.100000,-0.300233,0.019817,0.023442,1,1,0.000000,0.000000,0.000000,0.757339,-1.149211,-0.396197,0.076991,-0.912366,-1.126942,0.258317,0.205817,0.000000,0.000000,0.000000,0.000000,0.000000,0.000000
1778075405.562435,ik_wrist_pelvis_body_frame,1,0,-0.146857,0.119726,-0.478032,-0.300000,-0.100000,-0.281372,0.030610,0.100000,-0.313301,-0.146250,-0.100000,-0.288468,0.017429,0.023235,1,1,0.000000,0.000000,0.000000,0.733098,-1.149384,-0.381787,0.071053,-0.920646,-1.111742,0.290411,0.319599,0.000000,0.000000,0.000000,0.000000,0.000000,0.000000
1778075405.593694,ik_wrist_pelvis_body_frame,1,0,-0.143297,0.160495,-0.515076,-0.256870,-0.107410,-0.396606,0.014151,0.103306,-0.315350,-0.077434,-0.100000,-0.315639,0.007530,0.013089,0,1,0.000000,0.000000,0.000000,0.713129,-1.149520,-0.366898,0.066421,-0.927104,-1.120159,0.321386,0.386012,0.000000,0.000000,0.000000,0.000000,0.000000,0.000000
1778075405.626341,ik_wrist_pelvis_body_frame,1,0,-0.243526,0.183490,-0.482261,-0.295945,-0.175667,-0.405390,-0.056412,0.151877,-0.273449,-0.125152,-0.100000,-0.297484,0.004839,0.003366,0,1,0.000000,0.000000,0.000000,0.728552,-1.134088,-0.354809,0.082991,-0.916394,-1.126724,0.333421,0.438681,0.000000,0.000000,0.000000,0.000000,0.000000,0.000000
1778075405.667638,ik_wrist_pelvis_body_frame,1,0,-0.217622,0.227471,-0.487132,-0.300000,-0.213537,0.067597,-0.067217,0.126763,-0.283410,-0.212404,-0.134128,-0.144358,0.001505,0.027085,1,1,0.000000,0.000000,0.000000,0.727600,-1.120975,-0.340201,0.098293,-0.899628,-0.985032,0.313055,0.619111,0.000000,0.000000,0.000000,0.000000,0.000000,0.000000
1778075405.696021,ik_wrist_pelvis_body_frame,1,0,-0.264474,0.234040,-0.453020,-0.300000,-0.205588,-0.070393,-0.064427,0.100000,-0.275454,-0.182649,-0.131328,-0.200121,0.002129,0.012148,1,1,0.000000,0.000000,0.000000,0.737197,-1.102118,-0.326548,0.127444,-0.885591,-0.942037,0.296296,0.784534,0.000000,0.000000,0.000000,0.000000,0.000000,0.000000
1778075405.728130,ik_wrist_pelvis_body_frame,1,0,-0.211184,0.236199,-0.485810,-0.300000,-0.295053,-0.169368,-0.060569,0.100000,-0.278638,-0.155977,-0.139810,-0.219529,0.001165,0.003678,1,1,0.000000,0.000000,0.000000,0.728329,-1.102010,-0.309948,0.146614,-0.847941,-0.949844,0.265207,0.896865,0.000000,0.000000,0.000000,0.000000,0.000000,0.000000
1778075405.761560,ik_wrist_pelvis_body_frame,1,0,-0.158242,0.291743,-0.475653,-0.218539,-0.325971,-0.246390,-0.049101,0.110040,-0.269472,-0.110497,-0.125531,-0.226436,0.001668,0.003923,1,0,0.000000,0.000000,0.000000,0.680607,-1.096592,-0.286568,0.162365,-0.787967,-0.989931,0.219395,0.971010,0.000000,0.000000,0.000000,0.000000,0.000000,0.000000
1778075405.796398,ik_wrist_pelvis_body_frame,1,0,-0.095483,0.313548,-0.478509,-0.229567,-0.288517,-0.363450,-0.025611,0.135606,-0.270207,-0.101938,-0.103856,-0.245689,0.001484,0.005466,1,0,0.000000,0.000000,0.000000,0.600954,-1.091952,-0.258910,0.172084,-0.751588,-1.025146,0.189204,0.969777,0.000000,0.000000,0.000000,0.000000,0.000000,0.000000
1778075405.825669,ik_wrist_pelvis_body_frame,1,0,0.094463,0.290443,-0.493071,-0.220489,-0.100000,-0.344547,0.043362,0.131773,-0.297709,-0.061633,-0.100000,-0.252822,0.007773,0.031480,1,1,0.000000,0.000000,0.000000,0.438775,-1.095772,-0.220924,0.169377,-0.782107,-1.052614,0.206534,0.940963,0.000000,0.000000,0.000000,0.000000,0.000000,0.000000
1778075405.857131,ik_wrist_pelvis_body_frame,1,0,-0.064794,0.245450,-0.437233,-0.261271,-0.100000,-0.303151,-0.057546,0.113294,-0.318835,-0.085612,-0.100000,-0.273397,0.012275,0.020619,0,1,0.000000,0.000000,0.000000,0.367388,-1.107703,-0.198060,0.177995,-0.819043,-1.074039,0.236524,0.936145,0.000000,0.000000,0.000000,0.000000,0.000000,0.000000
1778075405.892809,ik_wrist_pelvis_body_frame,1,0,-0.077785,0.302728,-0.488575,-0.259686,-0.100000,-0.292933,-0.066584,0.130054,-0.315655,-0.083592,-0.100000,-0.278173,0.002127,0.020824,1,1,0.000000,0.000000,0.000000,0.332534,-1.111886,-0.181362,0.192573,-0.847854,-1.090750,0.268707,0.948124,0.000000,0.000000,0.000000,0.000000,0.000000,0.000000
1778075405.982511,ik_wrist_pelvis_body_frame,0,0,-0.230282,0.244771,-0.160783,0.132221,-0.100000,-0.070099,-0.074685,0.185563,-0.159751,0.032327,-0.100000,-0.133816,0.048804,0.122182,0,1,0.000000,0.000000,0.000000,0.391685,-1.035143,-0.189422,0.292137,-0.684734,-1.103785,0.171391,1.125284,0.000000,0.000000,0.000000,0.000000,0.000000,0.000000
1778075406.012366,ik_wrist_pelvis_body_frame,0,0,-0.247149,0.298134,-0.158060,-0.005804,-0.100000,-0.298955,-0.079399,0.215349,-0.139397,0.037508,-0.100000,-0.237250,0.021744,0.111871,0,1,0.000000,0.000000,0.000000,0.432946,-0.971526,-0.197501,0.407769,-0.560055,-1.113952,0.088821,1.256010,0.000000,0.000000,0.000000,0.000000,0.000000,0.000000
1778075406.040154,ik_wrist_pelvis_body_frame,0,0,-0.186951,0.325870,-0.184961,-0.018787,-0.100000,-0.320492,-0.049913,0.215786,-0.152286,0.036622,-0.100000,-0.293234,0.019318,0.118025,0,1,0.000000,0.000000,0.000000,0.432235,-0.945044,-0.195601,0.520154,-0.475923,-1.121883,0.023621,1.331888,0.000000,0.000000,0.000000,0.000000,0.000000,0.000000
1778075406.065932,ik_wrist_pelvis_body_frame,0,0,-0.242957,0.329524,-0.203523,0.003364,-0.100000,-0.431846,-0.049767,0.217342,-0.117242,0.040613,-0.100000,-0.292406,0.014335,0.120677,0,1,0.000000,0.000000,0.000000,0.444019,-0.931201,-0.206516,0.620408,-0.402057,-1.128069,-0.057154,1.265023,0.000000,0.000000,0.000000,0.000000,0.000000,0.000000
1778075406.092651,ik_wrist_pelvis_body_frame,0,0,-0.199404,0.376004,-0.185699,0.053050,-0.100000,-0.442975,-0.036498,0.240280,-0.112080,0.074562,-0.100000,-0.275158,0.012724,0.067292,0,1,0.000000,0.000000,0.000000,0.427235,-0.913676,-0.208817,0.706711,-0.298335,-1.132894,-0.164364,1.096005,0.000000,0.000000,0.000000,0.000000,0.000000,0.000000
1778075406.129431,ik_wrist_pelvis_body_frame,0,0,-0.191494,0.332601,-0.181769,0.010477,-0.100000,-0.454271,-0.039816,0.223945,-0.107480,0.053414,-0.100000,-0.280838,0.018380,0.038214,0,1,0.000000,0.000000,0.000000,0.414801,-0.910333,-0.217383,0.791296,-0.217502,-1.136657,-0.251141,0.868229,0.000000,0.000000,0.000000,0.000000,0.000000,0.000000
1778075406.160675,ik_wrist_pelvis_body_frame,0,0,-0.176689,0.375030,-0.197294,-0.135915,-0.100000,-0.398062,-0.042618,0.232652,-0.125882,0.023792,-0.100000,-0.269736,0.011470,0.051680,0,1,0.000000,0.000000,0.000000,0.390937,-0.911750,-0.220931,0.858261,-0.238304,-1.139592,-0.308027,0.688218,0.000000,0.000000,0.000000,0.000000,0.000000,0.000000
1778075406.194407,ik_wrist_pelvis_body_frame,0,0,-0.197696,0.374314,-0.179579,0.005963,-0.100000,-0.445687,-0.038464,0.240223,-0.109059,0.062777,-0.100000,-0.292842,0.012402,0.039881,0,1,0.000000,0.000000,0.000000,0.375911,-0.905588,-0.230750,0.915798,-0.222350,-1.141882,-0.348284,0.547810,0.000000,0.000000,0.000000,0.000000,0.000000,0.000000
1778075406.227628,ik_wrist_pelvis_body_frame,1,0,-0.248025,0.347414,-0.165532,0.048080,-0.100000,-0.471456,-0.051014,0.237384,-0.096093,0.061231,-0.100000,-0.292581,0.013470,0.033879,0,1,0.000000,0.000000,0.000000,0.382485,-0.894979,-0.254609,0.967173,-0.163007,-1.143668,-0.376833,0.438292,0.000000,0.000000,0.000000,0.000000,0.000000,0.000000
1778075406.261012,ik_wrist_pelvis_body_frame,1,0,-0.300000,0.347444,-0.148283,0.093016,-0.100000,-0.523072,-0.094427,0.251581,-0.089449,0.078213,-0.100000,-0.300525,0.011211,0.024029,1,1,0.000000,0.000000,0.000000,0.403619,-0.871657,-0.285823,1.003916,-0.057880,-1.145061,-0.397159,0.352868,0.000000,0.000000,0.000000,0.000000,0.000000,0.000000
1778075406.295271,ik_wrist_pelvis_body_frame,1,0,-0.242610,0.317781,-0.142547,-0.073161,-0.100000,-0.515032,-0.092743,0.229645,-0.099799,-0.019649,-0.100000,-0.299780,0.015060,0.034871,0,1,0.000000,0.000000,0.000000,0.409953,-0.860826,-0.308956,1.044011,-0.045698,-1.146148,-0.405700,0.286237,0.000000,0.000000,0.000000,0.000000,0.000000,0.000000
1778075406.397137,ik_wrist_pelvis_body_frame,1,0,-0.209306,0.342601,-0.171266,-0.300000,-0.274529,-0.292635,-0.052960,0.215858,-0.089947,-0.179362,-0.147171,-0.213722,0.015968,0.024837,0,1,0.000000,0.000000,0.000000,0.394113,-0.867022,-0.321945,1.075324,-0.200803,-1.047022,-0.399684,0.238685,0.000000,0.000000,0.000000,0.000000,0.000000,0.000000
1778075406.428246,ik_wrist_pelvis_body_frame,1,0,-0.188464,0.332619,-0.165579,-0.257836,-0.328717,-0.402326,-0.061111,0.213476,-0.071157,-0.127457,-0.151359,-0.215309,0.020734,0.001332,0,1,0.000000,0.000000,0.000000,0.374031,-0.875558,-0.330792,1.110411,-0.307924,-0.990879,-0.390381,0.198462,0.000000,0.000000,0.000000,0.000000,0.000000,0.000000
1778075406.466790,ik_wrist_pelvis_body_frame,0,0,-0.300000,0.111041,0.001993,-0.300000,-0.106949,0.001941,-0.197476,0.158798,-0.041801,-0.214858,-0.100000,-0.106987,0.026760,0.104530,1,1,0.000000,0.000000,0.000000,0.459991,-0.824392,-0.382350,1.231211,-0.449181,-0.826431,-0.355512,0.231374,0.000000,0.000000,0.000000,0.000000,0.000000,0.000000
1778075406.494662,ik_wrist_pelvis_body_frame,1,0,-0.300000,0.100000,0.093981,-0.300000,-0.182849,-0.259605,-0.262603,0.166310,-0.031752,-0.173364,-0.100000,-0.159464,0.010643,0.032420,1,1,0.000000,0.000000,0.000000,0.545006,-0.739232,-0.414041,1.359464,-0.559361,-0.797363,-0.321703,0.220482,0.000000,0.000000,0.000000,0.000000,0.000000,0.000000
1778075406.529969,ik_wrist_pelvis_body_frame,1,0,-0.300000,0.100000,0.081686,-0.300000,-0.161485,-0.306325,-0.257228,0.186105,-0.043328,-0.163060,-0.100000,-0.200787,0.009156,0.023445,1,1,0.000000,0.000000,0.000000,0.610819,-0.674144,-0.438201,1.466770,-0.645302,-0.798179,-0.286984,0.203385,0.000000,0.000000,0.000000,0.000000,0.000000,0.000000
1778075406.565385,ik_wrist_pelvis_body_frame,1,0,-0.300000,0.100000,0.051580,-0.292651,-0.100000,-0.375592,-0.202765,0.229776,-0.079005,-0.075031,-0.100000,-0.257525,0.008495,0.025685,1,1,0.000000,0.000000,0.000000,0.649384,-0.640990,-0.466199,1.556109,-0.712335,-0.833606,-0.250970,0.177507,0.000000,0.000000,0.000000,0.000000,0.000000,0.000000
1778075407.192657,ik_wrist_pelvis_body_frame,0,0,-0.166684,0.100000,-0.020909,-0.273022,-0.239804,-0.051895,-0.148505,0.100000,-0.121405,-0.121979,-0.100882,-0.074262,0.023980,0.060015,1,0,0.000000,0.000000,0.000000,0.662397,-0.668186,-0.478396,1.686765,-0.750178,-0.742713,-0.221752,0.250343,0.000000,0.000000,0.000000,0.000000,0.000000,0.000000
1778075407.228160,ik_wrist_pelvis_body_frame,0,0,0.135725,0.100000,-0.054804,-0.070790,-0.247673,-0.079847,0.050465,0.100000,-0.139741,-0.052661,-0.137843,-0.094435,0.082753,0.092222,1,0,0.000000,0.000000,0.000000,0.525378,-0.745886,-0.378496,1.788677,-0.682106,-0.715908,-0.224818,0.379112,0.000000,0.000000,0.000000,0.000000,0.000000,0.000000
1778075407.262071,ik_wrist_pelvis_body_frame,0,0,-0.253884,0.100000,-0.138704,-0.208924,-0.104798,-0.212713,-0.128623,0.100000,-0.192822,-0.093153,-0.100000,-0.192274,0.026516,0.062529,1,1,0.000000,0.000000,0.000000,0.538223,-0.834791,-0.399599,1.854464,-0.739881,-0.801716,-0.178233,0.509282,0.000000,0.000000,0.000000,0.000000,0.000000,0.000000
1778075407.347584,ik_wrist_pelvis_body_frame,1,0,-0.300000,0.206045,-0.253214,-0.300000,-0.354453,-0.102049,-0.190840,0.101492,-0.248916,-0.192627,-0.186474,-0.140986,0.021625,0.007029,1,1,0.000000,0.000000,0.000000,0.553510,-0.904137,-0.423523,1.800946,-0.747236,-0.792938,-0.161153,0.647782,0.000000,0.000000,0.000000,0.000000,0.000000,0.000000
1778075407.373615,ik_wrist_pelvis_body_frame,1,0,-0.300000,0.159336,-0.385874,-0.300000,-0.430118,-0.227582,-0.194937,0.100000,-0.248367,-0.170043,-0.203848,-0.196574,0.023633,0.005078,1,1,0.000000,0.000000,0.000000,0.583490,-0.958227,-0.470195,1.650977,-0.734199,-0.806351,-0.157609,0.713995,0.000000,0.000000,0.000000,0.000000,0.000000,0.000000
1778075407.400583,ik_wrist_pelvis_body_frame,1,0,-0.300000,0.147825,-0.359412,-0.292787,-0.411388,-0.285369,-0.175697,0.100000,-0.224100,-0.165187,-0.216361,-0.219182,0.012137,0.004670,1,1,0.000000,0.000000,0.000000,0.616288,-1.000417,-0.512236,1.502161,-0.722547,-0.824831,-0.154094,0.734746,0.000000,0.000000,0.000000,0.000000,0.000000,0.000000
1778075407.430695,ik_wrist_pelvis_body_frame,1,0,-0.300000,0.163107,-0.312094,-0.300000,-0.411800,-0.265213,-0.184339,0.100000,-0.193013,-0.186146,-0.231934,-0.198027,0.014231,0.004749,1,1,0.000000,0.000000,0.000000,0.641803,-1.029171,-0.535173,1.392207,-0.713976,-0.823941,-0.149627,0.735185,0.000000,0.000000,0.000000,0.000000,0.000000,0.000000
1778075407.466258,ik_wrist_pelvis_body_frame,1,0,-0.300000,0.157847,-0.319213,-0.296371,-0.432784,-0.247512,-0.186857,0.100000,-0.190609,-0.169151,-0.240614,-0.182316,0.014449,0.003469,1,1,0.000000,0.000000,0.000000,0.665816,-1.055310,-0.547395,1.307286,-0.699729,-0.809413,-0.146316,0.722961,0.000000,0.000000,0.000000,0.000000,0.000000,0.000000
1778075407.498637,ik_wrist_pelvis_body_frame,1,0,-0.300000,0.127833,-0.328687,-0.270922,-0.414669,-0.301746,-0.193341,0.100000,-0.197885,-0.140500,-0.210174,-0.201882,0.015708,0.001696,1,1,0.000000,0.000000,0.000000,0.698637,-1.076142,-0.560201,1.237585,-0.683145,-0.812622,-0.143850,0.695138,0.000000,0.000000,0.000000,0.000000,0.000000,0.000000
1778075407.533068,ik_wrist_pelvis_body_frame,1,0,-0.300000,0.165563,-0.261145,-0.300000,-0.407154,-0.220341,-0.190584,0.100000,-0.168638,-0.182473,-0.236156,-0.167305,0.017875,0.003288,1,1,0.000000,0.000000,0.000000,0.715947,-1.077318,-0.555095,1.203885,-0.679912,-0.787597,-0.136870,0.678042,0.000000,0.000000,0.000000,0.000000,0.000000,0.000000
1778075407.570217,ik_wrist_pelvis_body_frame,1,0,-0.300000,0.151222,-0.240589,-0.300000,-0.436995,-0.180132,-0.209022,0.100000,-0.155895,-0.167702,-0.242961,-0.142490,0.021164,0.002043,1,1,0.000000,0.000000,0.000000,0.736197,-1.076788,-0.546604,1.196793,-0.670262,-0.750409,-0.131154,0.665101,0.000000,0.000000,0.000000,0.000000,0.000000,0.000000
1778075407.600268,ik_wrist_pelvis_body_frame,1,0,-0.300000,0.149450,-0.238491,-0.300000,-0.446341,-0.154119,-0.213288,0.100000,-0.154727,-0.164864,-0.243275,-0.133374,0.021133,0.001480,1,1,0.000000,0.000000,0.000000,0.754405,-1.080516,-0.534412,1.203350,-0.659842,-0.710632,-0.125393,0.654006,0.000000,0.000000,0.000000,0.000000,0.000000,0.000000
1778075407.628520,ik_wrist_pelvis_body_frame,1,0,-0.300000,0.161673,-0.238604,-0.300000,-0.440128,-0.128662,-0.205598,0.100000,-0.152108,-0.165478,-0.247861,-0.125554,0.019502,0.001744,1,1,0.000000,0.000000,0.000000,0.765673,-1.087125,-0.516233,1.215440,-0.651984,-0.671091,-0.118524,0.646919,0.000000,0.000000,0.000000,0.000000,0.000000,0.000000
1778075407.659028,ik_wrist_pelvis_body_frame,1,0,-0.300000,0.156047,-0.248849,-0.300000,-0.455480,-0.118164,-0.207652,0.100000,-0.159533,-0.160670,-0.248174,-0.123754,0.019077,0.001056,1,1,0.000000,0.000000,0.000000,0.777554,-1.099133,-0.497837,1.227568,-0.642232,-0.635152,-0.112075,0.640267,0.000000,0.000000,0.000000,0.000000,0.000000,0.000000
1778075407.691918,ik_wrist_pelvis_body_frame,1,0,-0.300000,0.166730,-0.250760,-0.300000,-0.456213,-0.126947,-0.208326,0.100000,-0.161870,-0.161472,-0.244016,-0.125911,0.018198,0.000922,1,1,0.000000,0.000000,0.000000,0.785839,-1.110111,-0.475920,1.237918,-0.634037,-0.608297,-0.105686,0.630974,0.000000,0.000000,0.000000,0.000000,0.000000,0.000000
1778075407.728741,ik_wrist_pelvis_body_frame,1,0,-0.300000,0.203339,-0.265016,-0.300000,-0.459798,-0.141266,-0.206655,0.100000,-0.166635,-0.188696,-0.249514,-0.117782,0.015727,0.001915,1,1,0.000000,0.000000,0.000000,0.783740,-1.118849,-0.445276,1.236751,-0.628096,-0.587414,-0.101041,0.615869,0.000000,0.000000,0.000000,0.000000,0.000000,0.000000
1778075407.759459,ik_wrist_pelvis_body_frame,1,0,-0.300000,0.219303,-0.268605,-0.300000,-0.437566,-0.183434,-0.200771,0.106465,-0.164910,-0.176904,-0.224196,-0.119416,0.014292,0.001944,1,1,0.000000,0.000000,0.000000,0.779961,-1.122946,-0.412164,1.227956,-0.627711,-0.582559,-0.096802,0.592739,0.000000,0.000000,0.000000,0.000000,0.000000,0.000000
1778075407.792124,ik_wrist_pelvis_body_frame,1,0,-0.300000,0.226898,-0.262386,-0.300000,-0.400224,-0.244005,-0.197676,0.107702,-0.160523,-0.162535,-0.196221,-0.143403,0.013701,0.002058,1,1,0.000000,0.000000,0.000000,0.778223,-1.121649,-0.379357,1.217045,-0.635319,-0.599399,-0.091678,0.562196,0.000000,0.000000,0.000000,0.000000,0.000000,0.000000
1778075407.827955,ik_wrist_pelvis_body_frame,1,0,-0.300000,0.217791,-0.271564,-0.300000,-0.379430,-0.270730,-0.193383,0.110516,-0.157451,-0.171401,-0.178637,-0.170141,0.014092,0.001787,1,1,0.000000,0.000000,0.000000,0.782116,-1.122474,-0.350944,1.202965,-0.647612,-0.623561,-0.086831,0.533037,0.000000,0.000000,0.000000,0.000000,0.000000,0.000000
1778075407.863232,ik_wrist_pelvis_body_frame,1,0,-0.300000,0.196144,-0.326710,-0.297284,-0.371221,-0.331990,-0.171616,0.107819,-0.186881,-0.141762,-0.173410,-0.207323,0.010927,0.000363,1,1,0.000000,0.000000,0.000000,0.793393,-1.128530,-0.332208,1.164635,-0.657040,-0.660790,-0.082305,0.500499,0.000000,0.000000,0.000000,0.000000,0.000000,0.000000
1778075407.899362,ik_wrist_pelvis_body_frame,1,0,-0.300000,0.179953,-0.378529,-0.284799,-0.339414,-0.374282,-0.132554,0.109111,-0.221069,-0.115108,-0.162904,-0.216643,0.006577,0.000490,1,1,0.000000,0.000000,0.000000,0.808650,-1.133253,-0.323455,1.096071,-0.667021,-0.706174,-0.076547,0.466696,0.000000,0.000000,0.000000,0.000000,0.000000,0.000000
1778075407.926419,ik_wrist_pelvis_body_frame,1,0,-0.300000,0.178322,-0.421731,-0.267875,-0.304770,-0.414437,-0.116579,0.101891,-0.239214,-0.103080,-0.139030,-0.239060,0.003481,0.000421,1,1,0.000000,0.000000,0.000000,0.823787,-1.136938,-0.319454,1.006238,-0.679129,-0.759567,-0.069819,0.433284,0.000000,0.000000,0.000000,0.000000,0.000000,0.000000
1778075407.959814,ik_wrist_pelvis_body_frame,1,0,-0.299802,0.145117,-0.474826,-0.233433,-0.293750,-0.442289,-0.091632,0.100000,-0.261814,-0.082816,-0.131702,-0.256286,0.002769,0.000450,1,1,0.000000,0.000000,0.000000,0.850642,-1.139811,-0.324902,0.897211,-0.679638,-0.815536,-0.064995,0.403398,0.000000,0.000000,0.000000,0.000000,0.000000,0.000000
1778075407.996513,ik_wrist_pelvis_body_frame,1,0,-0.300000,0.100000,-0.485370,-0.239537,-0.287505,-0.443128,-0.093347,0.100000,-0.259154,-0.092247,-0.125835,-0.243609,0.004712,0.000305,1,1,0.000000,0.000000,0.000000,0.872501,-1.142053,-0.345265,0.793662,-0.683292,-0.859852,-0.059455,0.380493,0.000000,0.000000,0.000000,0.000000,0.000000,0.000000
1778075408.029300,ik_wrist_pelvis_body_frame,1,0,-0.296597,0.100000,-0.488524,-0.230613,-0.273519,-0.456514,-0.078930,0.100000,-0.264844,-0.087939,-0.122457,-0.246221,0.004218,0.000367,1,1,0.000000,0.000000,0.000000,0.889551,-1.143801,-0.371876,0.705622,-0.687277,-0.900746,-0.053869,0.360011,0.000000,0.000000,0.000000,0.000000,0.000000,0.000000
1778075408.062714,ik_wrist_pelvis_body_frame,1,0,-0.296879,0.100000,-0.488334,-0.224437,-0.267255,-0.463252,-0.081595,0.100000,-0.267331,-0.084435,-0.118621,-0.252807,0.003903,0.000316,1,1,0.000000,0.000000,0.000000,0.902850,-1.145165,-0.400674,0.635552,-0.690076,-0.936635,-0.048629,0.343049,0.000000,0.000000,0.000000,0.000000,0.000000,0.000000
1778075408.098088,ik_wrist_pelvis_body_frame,1,0,-0.296512,0.100000,-0.488582,-0.223817,-0.256240,-0.469731,-0.079861,0.100000,-0.269556,-0.084330,-0.116735,-0.258411,0.003784,0.000318,1,1,0.000000,0.000000,0.000000,0.913223,-1.146229,-0.429495,0.580852,-0.695174,-0.968233,-0.042994,0.328806,0.000000,0.000000,0.000000,0.000000,0.000000,0.000000
1778075408.128799,ik_wrist_pelvis_body_frame,1,0,-0.298143,0.100000,-0.487478,-0.224823,-0.256697,-0.469000,-0.082327,0.100000,-0.269218,-0.090101,-0.115793,-0.259434,0.003645,0.000262,1,1,0.000000,0.000000,0.000000,0.921314,-1.147058,-0.457161,0.539631,-0.700237,-0.992665,-0.037705,0.318158,0.000000,0.000000,0.000000,0.000000,0.000000,0.000000
1778075408.166858,ik_wrist_pelvis_body_frame,1,0,-0.287645,0.100000,-0.493940,-0.214078,-0.261693,-0.471261,-0.076003,0.100000,-0.273046,-0.084137,-0.118017,-0.268079,0.003796,0.000278,1,1,0.000000,0.000000,0.000000,0.927625,-1.147706,-0.482648,0.502245,-0.698567,-1.013505,-0.034117,0.310174,0.000000,0.000000,0.000000,0.000000,0.000000,0.000000
1778075408.202875,ik_wrist_pelvis_body_frame,1,0,-0.293552,0.100000,-0.490508,-0.220245,-0.249879,-0.474818,-0.082491,0.100000,-0.269856,-0.082817,-0.113000,-0.270092,0.003586,0.000291,1,1,0.000000,0.000000,0.000000,0.932547,-1.148210,-0.505529,0.474924,-0.701859,-1.032277,-0.029537,0.304101,0.000000,0.000000,0.000000,0.000000,0.000000,0.000000
1778075408.225721,ik_wrist_pelvis_body_frame,1,0,-0.287627,0.100000,-0.493988,-0.218329,-0.235360,-0.483051,-0.079347,0.100000,-0.271841,-0.075858,-0.108803,-0.269584,0.003671,0.000367,1,1,0.000000,0.000000,0.000000,0.936387,-1.148604,-0.525793,0.451056,-0.708813,-1.051899,-0.024118,0.298432,0.000000,0.000000,0.000000,0.000000,0.000000,0.000000
1778075408.265970,ik_wrist_pelvis_body_frame,1,0,-0.290535,0.100000,-0.492286,-0.214285,-0.217812,-0.492991,-0.082029,0.100000,-0.268057,-0.068245,-0.106476,-0.273706,0.003594,0.000520,1,1,0.000000,0.000000,0.000000,0.939382,-1.148911,-0.543466,0.433380,-0.718893,-1.073414,-0.017828,0.292536,0.000000,0.000000,0.000000,0.000000,0.000000,0.000000
1778075408.297714,ik_wrist_pelvis_body_frame,1,0,-0.285040,0.100000,-0.495581,-0.206574,-0.203529,-0.502298,-0.084644,0.100000,-0.268582,-0.059801,-0.105410,-0.276683,0.003607,0.000814,1,1,0.000000,0.000000,0.000000,0.941718,-1.149151,-0.558744,0.416868,-0.729355,-1.090263,-0.011298,0.279302,0.000000,0.000000,0.000000,0.000000,0.000000,0.000000
1778075408.332430,ik_wrist_pelvis_body_frame,1,0,-0.269378,0.100000,-0.504247,-0.199579,-0.190835,-0.510049,-0.076524,0.100000,-0.271899,-0.051717,-0.103026,-0.281570,0.003970,0.001159,1,1,0.000000,0.000000,0.000000,0.943540,-1.149338,-0.571431,0.394295,-0.739580,-1.103405,-0.004864,0.257990,0.000000,0.000000,0.000000,0.000000,0.000000,0.000000
1778075408.358487,ik_wrist_pelvis_body_frame,1,0,-0.244383,0.100000,-0.516814,-0.181464,-0.186891,-0.518211,-0.065779,0.100000,-0.278621,-0.041323,-0.100364,-0.293032,0.004664,0.001567,1,1,0.000000,0.000000,0.000000,0.944961,-1.149483,-0.580652,0.359378,-0.742611,-1.113656,0.000106,0.228600,0.000000,0.000000,0.000000,0.000000,0.000000,0.000000
1778075408.397738,ik_wrist_pelvis_body_frame,1,0,-0.199461,0.100000,-0.535678,-0.160003,-0.183012,-0.526598,-0.041033,0.100000,-0.285058,-0.020650,-0.110405,-0.296403,0.006489,0.002528,1,1,0.000000,0.000000,0.000000,0.946070,-1.149597,-0.584125,0.301278,-0.734476,-1.121652,0.003583,0.191347,0.000000,0.000000,0.000000,0.000000,0.000000,0.000000
1778075408.431542,ik_wrist_pelvis_body_frame,1,0,-0.189200,0.100000,-0.539331,-0.145225,-0.184170,-0.530463,-0.034918,0.100000,-0.282287,-0.011756,-0.114556,-0.299333,0.006352,0.002952,1,1,0.000000,0.000000,0.000000,0.946934,-1.149686,-0.580488,0.245997,-0.716906,-1.127888,0.006005,0.160251,0.000000,0.000000,0.000000,0.000000,0.000000,0.000000
1778075408.461892,ik_wrist_pelvis_body_frame,1,0,-0.192810,0.112201,-0.535383,-0.145429,-0.196680,-0.525897,-0.038883,0.100000,-0.280628,-0.012088,-0.114782,-0.302851,0.004927,0.002509,1,1,0.000000,0.000000,0.000000,0.947609,-1.149755,-0.570916,0.202878,-0.694839,-1.132753,0.007741,0.135995,0.000000,0.000000,0.000000,0.000000,0.000000,0.000000
1778075408.496013,ik_wrist_pelvis_body_frame,1,0,-0.181251,0.129177,-0.535595,-0.119091,-0.197329,-0.531551,-0.028827,0.100000,-0.280273,0.011785,-0.109994,-0.302683,0.004910,0.003894,1,0,0.000000,0.000000,0.000000,0.938383,-1.149809,-0.556598,0.169245,-0.661519,-1.136547,0.008627,0.117076,0.000000,0.000000,0.000000,0.000000,0.000000,0.000000
1778075408.527892,ik_wrist_pelvis_body_frame,1,0,-0.178799,0.140699,-0.533512,-0.123365,-0.204090,-0.525864,-0.030117,0.100000,-0.282425,0.012027,-0.104675,-0.303878,0.004138,0.003463,1,0,0.000000,0.000000,0.000000,0.921608,-1.149851,-0.538870,0.143011,-0.628808,-1.139507,0.009341,0.102320,0.000000,0.000000,0.000000,0.000000,0.000000,0.000000
1778075408.567926,ik_wrist_pelvis_body_frame,1,0,-0.181074,0.151202,-0.529859,-0.115675,-0.216565,-0.521119,-0.031686,0.100000,-0.285547,0.016630,-0.102396,-0.304456,0.003404,0.003413,1,0,0.000000,0.000000,0.000000,0.901291,-1.149884,-0.518798,0.122548,-0.593939,-1.141815,0.009764,0.090809,0.000000,0.000000,0.000000,0.000000,0.000000,0.000000
1778075408.594769,ik_wrist_pelvis_body_frame,1,0,-0.150587,0.167595,-0.534449,-0.124041,-0.217505,-0.516999,-0.014669,0.100000,-0.295099,0.015420,-0.105799,-0.302434,0.004459,0.003425,1,0,0.000000,0.000000,0.000000,0.865125,-1.149909,-0.496849,0.106588,-0.566133,-1.143616,0.010493,0.083598,0.000000,0.000000,0.000000,0.000000,0.000000,0.000000
1778075408.628079,ik_wrist_pelvis_body_frame,1,0,-0.148073,0.172235,-0.530844,-0.112441,-0.227046,-0.516514,-0.006582,0.100000,-0.302327,0.022171,-0.120126,-0.297315,0.004501,0.003367,1,0,0.000000,0.000000,0.000000,0.824752,-1.149929,-0.474171,0.094138,-0.535974,-1.145020,0.011087,0.080183,0.000000,0.000000,0.000000,0.000000,0.000000,0.000000
1778075408.658863,ik_wrist_pelvis_body_frame,1,0,-0.153230,0.176605,-0.529005,-0.108225,-0.231293,-0.517344,-0.011782,0.100000,-0.303228,0.022142,-0.133035,-0.292971,0.003705,0.003160,1,0,0.000000,0.000000,0.000000,0.788941,-1.149945,-0.451507,0.084428,-0.505865,-1.146116,0.011767,0.079001,0.000000,0.000000,0.000000,0.000000,0.000000,0.000000
1778075408.692333,ik_wrist_pelvis_body_frame,1,0,-0.170266,0.177095,-0.524955,-0.121046,-0.212099,-0.521442,-0.025592,0.100000,-0.309988,0.014194,-0.139449,-0.292503,0.003098,0.003534,1,0,0.000000,0.000000,0.000000,0.766445,-1.149957,-0.429471,0.077776,-0.489380,-1.146970,0.013278,0.072621,0.000000,0.000000,0.000000,0.000000,0.000000,0.000000
1778075408.728682,ik_wrist_pelvis_body_frame,1,0,-0.181061,0.170230,-0.519768,-0.127304,-0.201055,-0.518661,-0.027207,0.100000,-0.312216,0.015131,-0.146495,-0.287972,0.003452,0.004463,1,0,0.000000,0.000000,0.000000,0.757098,-1.149966,-0.408519,0.075755,-0.483942,-1.147637,0.015304,0.067644,0.000000,0.000000,0.000000,0.000000,0.000000,0.000000
1778075408.759626,ik_wrist_pelvis_body_frame,1,0,-0.166580,0.148141,-0.527351,-0.134313,-0.192297,-0.512321,-0.010044,0.100000,-0.312783,0.022177,-0.144783,-0.278363,0.005451,0.005727,1,0,0.000000,0.000000,0.000000,0.754755,-1.149974,-0.388725,0.070089,-0.487222,-1.148157,0.017773,0.063763,0.000000,0.000000,0.000000,0.000000,0.000000,0.000000
1778075408.793870,ik_wrist_pelvis_body_frame,1,0,-0.265413,0.100000,-0.459943,-0.153032,-0.188437,-0.510617,-0.022576,0.100000,-0.302090,0.005426,-0.150150,-0.277069,0.011625,0.005369,1,0,0.000000,0.000000,0.000000,0.797709,-1.148997,-0.376272,0.099987,-0.502940,-1.148562,0.020786,0.060735,0.000000,0.000000,0.000000,0.000000,0.000000,0.000000
1778075408.828353,ik_wrist_pelvis_body_frame,1,0,-0.241160,0.100000,-0.481217,-0.176321,-0.181905,-0.505642,-0.018934,0.100000,-0.312405,-0.010726,-0.152906,-0.271050,0.009069,0.005462,1,0,0.000000,0.000000,0.000000,0.831213,-1.149218,-0.369491,0.124542,-0.533039,-1.146310,0.024555,0.060456,0.000000,0.000000,0.000000,0.000000,0.000000,0.000000
1778075408.864306,ik_wrist_pelvis_body_frame,1,0,-0.161227,0.107306,-0.499966,-0.180086,-0.175372,-0.508696,0.008589,0.100000,-0.328636,-0.018448,-0.152706,-0.272095,0.013586,0.004947,1,0,0.000000,0.000000,0.000000,0.847799,-1.149390,-0.361094,0.108143,-0.567513,-1.145445,0.028520,0.060572,0.000000,0.000000,0.000000,0.000000,0.000000,0.000000
1778075408.893694,ik_wrist_pelvis_body_frame,1,0,-0.130610,0.119726,-0.497203,-0.205730,-0.175029,-0.498844,0.010985,0.100000,-0.326738,-0.026537,-0.147315,-0.261611,0.015038,0.005033,1,0,0.000000,0.000000,0.000000,0.841752,-1.149524,-0.350334,0.095351,-0.609337,-1.139687,0.033205,0.065483,0.000000,0.000000,0.000000,0.000000,0.000000,0.000000
1778075408.926624,ik_wrist_pelvis_body_frame,1,0,-0.159129,0.110114,-0.499975,-0.224236,-0.169953,-0.494066,0.001021,0.100000,-0.329025,-0.037687,-0.142883,-0.264299,0.012277,0.004608,1,0,0.000000,0.000000,0.000000,0.841684,-1.149629,-0.339012,0.085374,-0.656485,-1.132985,0.038768,0.074113,0.000000,0.000000,0.000000,0.000000,0.000000,0.000000
1778075408.962077,ik_wrist_pelvis_body_frame,1,0,-0.169139,0.123059,-0.484102,-0.221975,-0.189448,-0.484281,-0.003848,0.100000,-0.340016,-0.023602,-0.134092,-0.272325,0.012037,0.004573,1,0,0.000000,0.000000,0.000000,0.842710,-1.149711,-0.326962,0.077592,-0.689935,-1.127100,0.043570,0.088492,0.000000,0.000000,0.000000,0.000000,0.000000,0.000000
1778075409.001108,ik_wrist_pelvis_body_frame,1,0,-0.225374,0.134749,-0.431341,-0.235965,-0.221996,-0.449790,-0.010545,0.100000,-0.336538,-0.022592,-0.137817,-0.285589,0.015606,0.005649,1,0,0.000000,0.000000,0.000000,0.856196,-1.147239,-0.315904,0.098994,-0.707718,-1.113657,0.047516,0.115427,0.000000,0.000000,0.000000,0.000000,0.000000,0.000000
1778075409.031842,ik_wrist_pelvis_body_frame,1,0,-0.293419,0.135657,-0.354486,-0.257811,-0.230101,-0.407924,-0.031233,0.100000,-0.310316,-0.027831,-0.132110,-0.297520,0.019350,0.007689,1,0,0.000000,0.000000,0.000000,0.876833,-1.127616,-0.311403,0.164120,-0.724435,-1.097446,0.053130,0.157685,0.000000,0.000000,0.000000,0.000000,0.000000,0.000000
1778075409.059741,ik_wrist_pelvis_body_frame,1,0,-0.300000,0.167594,-0.302195,-0.300000,-0.233245,-0.331179,-0.053424,0.100000,-0.316303,-0.047991,-0.134274,-0.275164,0.018290,0.010642,1,1,0.000000,0.000000,0.000000,0.889996,-1.107649,-0.304404,0.260137,-0.750064,-1.068849,0.063155,0.224942,0.000000,0.000000,0.000000,0.000000,0.000000,0.000000
1778075409.101850,ik_wrist_pelvis_body_frame,1,0,-0.300000,0.174411,-0.244141,-0.300000,-0.233554,-0.278803,-0.059512,0.100000,-0.311179,-0.053281,-0.139859,-0.249883,0.019115,0.013392,1,1,0.000000,0.000000,0.000000,0.893633,-1.093463,-0.294512,0.390036,-0.769554,-1.042922,0.074294,0.312838,0.000000,0.000000,0.000000,0.000000,0.000000,0.000000
1778075409.131542,ik_wrist_pelvis_body_frame,1,0,-0.300000,0.187189,-0.197571,-0.300000,-0.229189,-0.254995,-0.096230,0.100000,-0.280217,-0.075127,-0.159982,-0.237753,0.012955,0.012768,1,1,0.000000,0.000000,0.000000,0.889972,-1.082133,-0.280931,0.546357,-0.783680,-1.025850,0.087190,0.413851,0.000000,0.000000,0.000000,0.000000,0.000000,0.000000
1778075409.160553,ik_wrist_pelvis_body_frame,1,0,-0.300000,0.186387,-0.160375,-0.300000,-0.227005,-0.222030,-0.146158,0.100000,-0.255617,-0.098125,-0.165803,-0.212989,0.009140,0.012655,1,1,0.000000,0.000000,0.000000,0.888094,-1.072557,-0.266197,0.715492,-0.793335,-1.012302,0.101026,0.527293,0.000000,0.000000,0.000000,0.000000,0.000000,0.000000
1778075409.193091,ik_wrist_pelvis_body_frame,1,0,-0.300000,0.194539,-0.101328,-0.300000,-0.249559,-0.161668,-0.175972,0.122306,-0.223185,-0.101662,-0.188110,-0.192982,0.006909,0.011278,1,1,0.000000,0.000000,0.000000,0.885130,-1.050446,-0.248572,0.889579,-0.789628,-0.989424,0.112000,0.655869,0.000000,0.000000,0.000000,0.000000,0.000000,0.000000
1778075409.226917,ik_wrist_pelvis_body_frame,1,0,-0.300000,0.197538,-0.056495,-0.300000,-0.254174,-0.100096,-0.179693,0.128517,-0.200969,-0.120259,-0.198512,-0.169413,0.004349,0.009308,1,1,0.000000,0.000000,0.000000,0.882824,-1.021396,-0.230260,1.054863,-0.781486,-0.956984,0.123326,0.795078,0.000000,0.000000,0.000000,0.000000,0.000000,0.000000
1778075409.259172,ik_wrist_pelvis_body_frame,1,0,-0.300000,0.194918,-0.015467,-0.300000,-0.255231,-0.042929,-0.184683,0.141004,-0.179770,-0.138742,-0.212444,-0.140605,0.003148,0.007543,1,1,0.000000,0.000000,0.000000,0.882313,-0.984255,-0.213608,1.203710,-0.771212,-0.914081,0.135464,0.935036,0.000000,0.000000,0.000000,0.000000,0.000000,0.000000
1778075409.292676,ik_wrist_pelvis_body_frame,1,0,-0.300000,0.194651,0.039258,-0.300000,-0.263171,0.018121,-0.186565,0.154120,-0.144707,-0.141551,-0.225197,-0.106010,0.002484,0.005794,1,1,0.000000,0.000000,0.000000,0.881906,-0.930821,-0.198562,1.332453,-0.756757,-0.857150,0.147236,1.064310,0.000000,0.000000,0.000000,0.000000,0.000000,0.000000
1778075409.328510,ik_wrist_pelvis_body_frame,1,0,-0.300000,0.212498,0.099137,-0.300000,-0.245874,0.080959,-0.173661,0.156655,-0.123649,-0.158081,-0.230310,-0.069361,0.001555,0.005096,1,1,0.000000,0.000000,0.000000,0.876309,-0.862276,-0.181424,1.432977,-0.746318,-0.784235,0.162221,1.180113,0.000000,0.000000,0.000000,0.000000,0.000000,0.000000
1778075409.359860,ik_wrist_pelvis_body_frame,1,0,-0.300000,0.199877,0.107450,-0.300000,-0.227978,0.089592,-0.176560,0.157338,-0.128090,-0.167761,-0.230413,-0.074646,0.000867,0.004202,1,1,0.000000,0.000000,0.000000,0.874813,-0.800766,-0.170196,1.510239,-0.739866,-0.721572,0.181650,1.277977,0.000000,0.000000,0.000000,0.000000,0.000000,0.000000
1778075409.393804,ik_wrist_pelvis_body_frame,1,0,-0.300000,0.183911,0.109766,-0.300000,-0.237819,0.106526,-0.190295,0.159795,-0.131224,-0.175519,-0.244453,-0.074247,0.000645,0.003370,1,1,0.000000,0.000000,0.000000,0.878629,-0.749271,-0.164999,1.572389,-0.729576,-0.665359,0.198838,1.354130,0.000000,0.000000,0.000000,0.000000,0.000000,0.000000
1778075409.425884,ik_wrist_pelvis_body_frame,1,0,-0.300000,0.178709,0.115291,-0.300000,-0.220992,0.114773,-0.172351,0.167905,-0.134237,-0.174398,-0.243281,-0.070971,0.000784,0.003288,1,1,0.000000,0.000000,0.000000,0.880267,-0.707620,-0.163944,1.622931,-0.722379,-0.615982,0.218915,1.417613,0.000000,0.000000,0.000000,0.000000,0.000000,0.000000
1778075409.459135,ik_wrist_pelvis_body_frame,1,0,-0.300000,0.169892,0.130850,-0.300000,-0.227976,0.110272,-0.167291,0.169699,-0.127288,-0.180898,-0.242922,-0.068742,0.001000,0.003460,1,1,0.000000,0.000000,0.000000,0.881227,-0.668219,-0.167312,1.665027,-0.713603,-0.577959,0.237351,1.465468,0.000000,0.000000,0.000000,0.000000,0.000000,0.000000
1778075409.491990,ik_wrist_pelvis_body_frame,1,0,-0.300000,0.172531,0.150034,-0.300000,-0.222270,0.113883,-0.176686,0.174478,-0.116070,-0.182180,-0.232627,-0.066859,0.000845,0.003186,1,1,0.000000,0.000000,0.000000,0.879854,-0.626887,-0.171160,1.695842,-0.707386,-0.546486,0.254587,1.504100,0.000000,0.000000,0.000000,0.000000,0.000000,0.000000
1778075409.528159,ik_wrist_pelvis_body_frame,1,0,-0.300000,0.187653,0.174814,-0.300000,-0.232946,0.124945,-0.178345,0.178551,-0.103550,-0.187729,-0.235122,-0.065647,0.000968,0.002691,1,1,0.000000,0.000000,0.000000,0.873617,-0.581533,-0.171675,1.711667,-0.700017,-0.517592,0.266360,1.531172,0.000000,0.000000,0.000000,0.000000,0.000000,0.000000
1778075409.561090,ik_wrist_pelvis_body_frame,1,0,-0.300000,0.190822,0.181766,-0.300000,-0.235128,0.121871,-0.184196,0.176798,-0.098364,-0.187144,-0.237597,-0.064052,0.000704,0.002903,1,1,0.000000,0.000000,0.000000,0.867916,-0.538809,-0.171667,1.716669,-0.693229,-0.494559,0.275893,1.549344,0.000000,0.000000,0.000000,0.000000,0.000000,0.000000
1778075409.594964,ik_wrist_pelvis_body_frame,1,0,-0.300000,0.198675,0.176872,-0.300000,-0.237846,0.126631,-0.181717,0.183063,-0.098660,-0.177491,-0.236425,-0.065017,0.000567,0.002461,1,1,0.000000,0.000000,0.000000,0.860412,-0.504668,-0.171190,1.714324,-0.686092,-0.474773,0.283550,1.561705,0.000000,0.000000,0.000000,0.000000,0.000000,0.000000
1778075409.626559,ik_wrist_pelvis_body_frame,1,0,-0.300000,0.200996,0.178641,-0.300000,-0.245177,0.124496,-0.176820,0.181641,-0.099488,-0.179272,-0.238490,-0.065812,0.000632,0.002482,1,1,0.000000,0.000000,0.000000,0.852967,-0.476470,-0.171231,1.709221,-0.678478,-0.459526,0.289199,1.567894,0.000000,0.000000,0.000000,0.000000,0.000000,0.000000
1778075409.659267,ik_wrist_pelvis_body_frame,1,0,-0.300000,0.196101,0.175659,-0.300000,-0.253048,0.130950,-0.173971,0.175282,-0.098561,-0.159857,-0.233653,-0.062838,0.000779,0.002128,1,1,0.000000,0.000000,0.000000,0.848099,-0.454593,-0.173059,1.705045,-0.668802,-0.445311,0.293203,1.569333,0.000000,0.000000,0.000000,0.000000,0.000000,0.000000
1778075409.692618,ik_wrist_pelvis_body_frame,1,0,-0.300000,0.197859,0.171015,-0.300000,-0.248600,0.130192,-0.167713,0.176073,-0.101286,-0.150255,-0.227916,-0.059723,0.000914,0.002365,1,1,0.000000,0.000000,0.000000,0.842732,-0.439789,-0.175425,1.701763,-0.660512,-0.433239,0.298901,1.570154,0.000000,0.000000,0.000000,0.000000,0.000000,0.000000
1778075409.729774,ik_wrist_pelvis_body_frame,1,0,-0.300000,0.196806,0.165641,-0.300000,-0.251160,0.125746,-0.171360,0.175008,-0.105682,-0.155280,-0.232757,-0.061042,0.000772,0.002408,1,1,0.000000,0.000000,0.000000,0.838559,-0.431024,-0.178366,1.700344,-0.652525,-0.424744,0.305112,1.569517,0.000000,0.000000,0.000000,0.000000,0.000000,0.000000
1778075409.764501,ik_wrist_pelvis_body_frame,1,0,-0.300000,0.192493,0.155203,-0.300000,-0.257569,0.103013,-0.158824,0.174416,-0.120256,-0.146632,-0.232728,-0.068600,0.001080,0.002978,1,1,0.000000,0.000000,0.000000,0.834558,-0.431161,-0.183185,1.702978,-0.642772,-0.427289,0.312757,1.566674,0.000000,0.000000,0.000000,0.000000,0.000000,0.000000
1778075409.801206,ik_wrist_pelvis_body_frame,1,0,-0.300000,0.192545,0.142389,-0.300000,-0.260787,0.093335,-0.158200,0.172203,-0.128214,-0.138274,-0.230141,-0.070110,0.000988,0.003273,1,1,0.000000,0.000000,0.000000,0.830545,-0.439195,-0.188710,1.708768,-0.632130,-0.434192,0.321410,1.564204,0.000000,0.000000,0.000000,0.000000,0.000000,0.000000
1778075409.832514,ik_wrist_pelvis_body_frame,1,0,-0.300000,0.194790,0.119902,-0.300000,-0.261080,0.074876,-0.162717,0.172484,-0.138922,-0.148109,-0.228464,-0.081020,0.000760,0.003464,1,1,0.000000,0.000000,0.000000,0.826452,-0.457277,-0.194284,1.716295,-0.623399,-0.447914,0.330872,1.562370,0.000000,0.000000,0.000000,0.000000,0.000000,0.000000
1778075409.866444,ik_wrist_pelvis_body_frame,1,0,-0.300000,0.183740,0.108556,-0.300000,-0.269311,0.066292,-0.160787,0.169134,-0.144766,-0.138681,-0.231016,-0.086111,0.000857,0.003395,1,1,0.000000,0.000000,0.000000,0.825481,-0.479277,-0.201983,1.728820,-0.612798,-0.463789,0.339189,1.559867,0.000000,0.000000,0.000000,0.000000,0.000000,0.000000
1778075409.900566,ik_wrist_pelvis_body_frame,1,0,-0.300000,0.186292,0.109011,-0.300000,-0.269129,0.061772,-0.158151,0.171706,-0.146172,-0.138159,-0.230142,-0.085968,0.000740,0.003588,1,1,0.000000,0.000000,0.000000,0.823087,-0.499165,-0.208372,1.742272,-0.603361,-0.478344,0.347458,1.558330,0.000000,0.000000,0.000000,0.000000,0.000000,0.000000
1778075409.927132,ik_wrist_pelvis_body_frame,1,0,-0.300000,0.197584,0.115597,-0.300000,-0.268477,0.061970,-0.154469,0.178740,-0.150541,-0.145797,-0.229617,-0.085898,0.000633,0.003601,1,1,0.000000,0.000000,0.000000,0.816647,-0.513939,-0.211712,1.752250,-0.596203,-0.489649,0.354742,1.557809,0.000000,0.000000,0.000000,0.000000,0.000000,0.000000
1778075409.963502,ik_wrist_pelvis_body_frame,1,0,-0.300000,0.202155,0.114993,-0.300000,-0.268120,0.063930,-0.155681,0.179566,-0.148616,-0.146725,-0.228324,-0.085607,0.000583,0.003522,1,1,0.000000,0.000000,0.000000,0.809591,-0.525089,-0.214106,1.758424,-0.590657,-0.497830,0.360636,1.557984,0.000000,0.000000,0.000000,0.000000,0.000000,0.000000
1778075409.992138,ik_wrist_pelvis_body_frame,1,0,-0.300000,0.201931,0.110370,-0.300000,-0.263742,0.068900,-0.152474,0.180390,-0.147150,-0.144169,-0.225559,-0.083849,0.000671,0.003443,1,1,0.000000,0.000000,0.000000,0.803028,-0.534988,-0.217196,1.762533,-0.587035,-0.502460,0.365805,1.560169,0.000000,0.000000,0.000000,0.000000,0.000000,0.000000
1778075410.027879,ik_wrist_pelvis_body_frame,1,0,-0.300000,0.202021,0.109814,-0.300000,-0.263102,0.071035,-0.153058,0.184811,-0.145866,-0.150213,-0.225184,-0.081612,0.000678,0.003507,1,1,0.000000,0.000000,0.000000,0.796664,-0.542405,-0.220932,1.765499,-0.584919,-0.504856,0.369698,1.562525,0.000000,0.000000,0.000000,0.000000,0.000000,0.000000
1778075410.062729,ik_wrist_pelvis_body_frame,1,0,-0.300000,0.198641,0.111192,-0.300000,-0.266117,0.087882,-0.157159,0.180785,-0.139831,-0.150070,-0.227820,-0.075047,0.000701,0.003086,1,1,0.000000,0.000000,0.000000,0.792480,-0.546607,-0.225295,1.768281,-0.582834,-0.499678,0.370750,1.564183,0.000000,0.000000,0.000000,0.000000,0.000000,0.000000
1778075410.099223,ik_wrist_pelvis_body_frame,1,0,-0.300000,0.192550,0.109931,-0.300000,-0.264408,0.101715,-0.172267,0.173972,-0.133857,-0.153564,-0.229331,-0.069840,0.000679,0.002799,1,1,0.000000,0.000000,0.000000,0.792802,-0.548705,-0.229525,1.771275,-0.582304,-0.488656,0.370243,1.564885,0.000000,0.000000,0.000000,0.000000,0.000000,0.000000
1778075410.127742,ik_wrist_pelvis_body_frame,1,0,-0.300000,0.197643,0.118509,-0.300000,-0.269262,0.114942,-0.179691,0.176626,-0.128233,-0.159588,-0.233721,-0.065333,0.000603,0.002474,1,1,0.000000,0.000000,0.000000,0.793353,-0.545929,-0.230234,1.771816,-0.582061,-0.473259,0.367258,1.562126,0.000000,0.000000,0.000000,0.000000,0.000000,0.000000
1778075410.163950,ik_wrist_pelvis_body_frame,1,0,-0.300000,0.202869,0.127115,-0.300000,-0.268461,0.127855,-0.187037,0.176432,-0.118604,-0.164695,-0.238121,-0.061080,0.000651,0.002202,1,1,0.000000,0.000000,0.000000,0.794471,-0.538040,-0.227441,1.768556,-0.583319,-0.454196,0.362932,1.557169,0.000000,0.000000,0.000000,0.000000,0.000000,0.000000
1778075410.195048,ik_wrist_pelvis_body_frame,1,0,-0.300000,0.204528,0.148437,-0.300000,-0.258834,0.147965,-0.190932,0.175504,-0.103335,-0.168501,-0.237532,-0.051691,0.000730,0.001948,1,1,0.000000,0.000000,0.000000,0.797089,-0.520387,-0.221693,1.761802,-0.587842,-0.429159,0.358294,1.553084,0.000000,0.000000,0.000000,0.000000,0.000000,0.000000
1778075410.225316,ik_wrist_pelvis_body_frame,1,0,-0.300000,0.208099,0.167783,-0.300000,-0.224732,0.169481,-0.184672,0.183307,-0.092950,-0.182382,-0.223248,-0.041276,0.000714,0.001899,1,1,0.000000,0.000000,0.000000,0.798381,-0.495468,-0.214491,1.750498,-0.602560,-0.397807,0.356194,1.556905,0.000000,0.000000,0.000000,0.000000,0.000000,0.000000
1778075410.259453,ik_wrist_pelvis_body_frame,1,0,-0.300000,0.219335,0.203213,-0.300000,-0.203457,0.198513,-0.202739,0.192343,-0.053205,-0.197590,-0.215763,-0.016710,0.001312,0.001989,1,1,0.000000,0.000000,0.000000,0.798712,-0.454414,-0.203994,1.729057,-0.623305,-0.357908,0.353291,1.563062,0.000000,0.000000,0.000000,0.000000,0.000000,0.000000
1778075410.295657,ik_wrist_pelvis_body_frame,1,0,-0.300000,0.225848,0.242850,-0.300000,-0.215709,0.272057,-0.195756,0.203122,-0.022347,-0.167827,-0.248455,0.021684,0.001701,0.002577,1,1,0.000000,0.000000,0.000000,0.796715,-0.398762,-0.192990,1.695679,-0.631888,-0.295669,0.344958,1.553800,0.000000,0.000000,0.000000,0.000000,0.000000,0.000000
1778075410.327917,ik_wrist_pelvis_body_frame,1,0,-0.300000,0.233376,0.269557,-0.300000,-0.192279,0.292253,-0.185811,0.220728,0.001678,-0.176772,-0.254131,0.042658,0.001830,0.002052,1,1,0.000000,0.000000,0.000000,0.790191,-0.336196,-0.184587,1.651179,-0.642245,-0.227500,0.343681,1.536556,0.000000,0.000000,0.000000,0.000000,0.000000,0.000000
1778075410.364311,ik_wrist_pelvis_body_frame,1,0,-0.300000,0.215041,0.295417,-0.300000,-0.154565,0.307495,-0.181297,0.223381,0.024018,-0.168674,-0.238858,0.058016,0.001694,0.001957,1,1,0.000000,0.000000,0.000000,0.785990,-0.267572,-0.184251,1.604295,-0.657309,-0.157429,0.352273,1.520501,0.000000,0.000000,0.000000,0.000000,0.000000,0.000000
1778075410.394959,ik_wrist_pelvis_body_frame,1,0,-0.300000,0.200913,0.307257,-0.300000,-0.133831,0.321997,-0.174493,0.229242,0.038490,-0.155157,-0.235224,0.073953,0.001604,0.002408,1,1,0.000000,0.000000,0.000000,0.781776,-0.200802,-0.191710,1.558769,-0.669986,-0.088781,0.367537,1.504503,0.000000,0.000000,0.000000,0.000000,0.000000,0.000000
1778075410.430589,ik_wrist_pelvis_body_frame,1,0,-0.300000,0.163900,0.309446,-0.300000,-0.127864,0.322026,-0.186482,0.219125,0.045281,-0.160133,-0.234508,0.082433,0.001229,0.002154,1,1,0.000000,0.000000,0.000000,0.785969,-0.139015,-0.209223,1.524047,-0.678814,-0.028838,0.386454,1.488312,0.000000,0.000000,0.000000,0.000000,0.000000,0.000000
1778075410.458924,ik_wrist_pelvis_body_frame,1,0,-0.300000,0.114646,0.317180,-0.300000,-0.103605,0.316837,-0.199986,0.204047,0.052690,-0.176964,-0.219632,0.090189,0.001306,0.002034,1,1,0.000000,0.000000,0.000000,0.801951,-0.080333,-0.236359,1.503727,-0.692574,0.023342,0.409932,1.478026,0.000000,0.000000,0.000000,0.000000,0.000000,0.000000
1778075410.492304,ik_wrist_pelvis_body_frame,1,0,-0.300000,0.100000,0.322032,-0.300000,-0.100000,0.326435,-0.192976,0.205778,0.055521,-0.175917,-0.217919,0.099437,0.001460,0.002040,1,1,0.000000,0.000000,0.000000,0.815576,-0.029525,-0.265212,1.490215,-0.703321,0.070049,0.431157,1.467609,0.000000,0.000000,0.000000,0.000000,0.000000,0.000000
1778075410.525421,ik_wrist_pelvis_body_frame,1,0,-0.300000,0.100000,0.323632,-0.300000,-0.100000,0.319176,-0.194902,0.199934,0.052775,-0.179252,-0.208524,0.102037,0.001249,0.002151,1,1,0.000000,0.000000,0.000000,0.824998,0.011449,-0.290995,1.479449,-0.712135,0.106963,0.450777,1.458010,0.000000,0.000000,0.000000,0.000000,0.000000,0.000000
1778075410.562261,ik_wrist_pelvis_body_frame,1,0,-0.300000,0.100000,0.333458,-0.300000,-0.100000,0.334978,-0.201371,0.194985,0.068066,-0.176469,-0.204225,0.115355,0.001157,0.002259,1,1,0.000000,0.000000,0.000000,0.832278,0.048966,-0.311992,1.467625,-0.718502,0.142915,0.465795,1.445447,0.000000,0.000000,0.000000,0.000000,0.000000,0.000000
1778075410.594971,ik_wrist_pelvis_body_frame,1,0,-0.300000,0.100000,0.342737,-0.300000,-0.100000,0.344941,-0.207843,0.184040,0.080275,-0.172447,-0.197620,0.124341,0.001134,0.002388,1,1,0.000000,0.000000,0.000000,0.840025,0.084140,-0.327867,1.452514,-0.723473,0.177529,0.477753,1.428997,0.000000,0.000000,0.000000,0.000000,0.000000,0.000000
1778075410.634899,ik_wrist_pelvis_body_frame,1,0,-0.300000,0.100000,0.348577,-0.300000,-0.100000,0.349840,-0.215704,0.176148,0.089238,-0.174632,-0.192510,0.133718,0.001091,0.002487,1,1,0.000000,0.000000,0.000000,0.849291,0.116194,-0.338864,1.434270,-0.728332,0.209664,0.487843,1.409646,0.000000,0.000000,0.000000,0.000000,0.000000,0.000000
1778075410.665586,ik_wrist_pelvis_body_frame,1,0,-0.300000,0.100000,0.383546,-0.300000,-0.100000,0.360712,-0.213412,0.158591,0.118278,-0.184264,-0.183499,0.142578,0.001855,0.002471,1,1,0.000000,0.000000,0.000000,0.860775,0.156387,-0.342844,1.405956,-0.735326,0.240546,0.494658,1.386623,0.000000,0.000000,0.000000,0.000000,0.000000,0.000000
1778075410.699678,ik_wrist_pelvis_body_frame,1,0,-0.300000,0.100000,0.379761,-0.300000,-0.100000,0.359980,-0.228067,0.139530,0.126338,-0.196818,-0.164553,0.147636,0.001640,0.002817,1,1,0.000000,0.000000,0.000000,0.877729,0.192075,-0.342896,1.372403,-0.747118,0.266818,0.498412,1.361658,0.000000,0.000000,0.000000,0.000000,0.000000,0.000000
1778075410.734571,ik_wrist_pelvis_body_frame,1,0,-0.300000,0.100000,0.380585,-0.300000,-0.100000,0.372276,-0.235208,0.126224,0.136033,-0.212210,-0.145242,0.159233,0.001954,0.003320,1,1,0.000000,0.000000,0.000000,0.893629,0.223976,-0.339991,1.337624,-0.764793,0.292207,0.496132,1.332735,0.000000,0.000000,0.000000,0.000000,0.000000,0.000000
1778075410.766247,ik_wrist_pelvis_body_frame,1,0,-0.300000,0.100000,0.384326,-0.300000,-0.100000,0.380836,-0.238818,0.119825,0.142896,-0.215253,-0.133386,0.172538,0.002221,0.003686,1,1,0.000000,0.000000,0.000000,0.906030,0.253161,-0.337257,1.303893,-0.786100,0.317076,0.488762,1.299764,0.000000,0.000000,0.000000,0.000000,0.000000,0.000000
1778075410.795007,ik_wrist_pelvis_body_frame,1,0,-0.300000,0.100000,0.385756,-0.300000,-0.100000,0.386035,-0.239523,0.113670,0.150613,-0.220473,-0.127300,0.180992,0.002607,0.003735,1,1,0.000000,0.000000,0.000000,0.915704,0.279609,-0.335851,1.272053,-0.809725,0.340244,0.477680,1.264385,0.000000,0.000000,0.000000,0.000000,0.000000,0.000000
1778075410.824856,ik_wrist_pelvis_body_frame,1,0,-0.300000,0.100000,0.392320,-0.300000,-0.100000,0.392502,-0.238531,0.109368,0.158858,-0.220341,-0.120210,0.190437,0.002846,0.003862,1,1,0.000000,0.000000,0.000000,0.923249,0.305057,-0.335427,1.241342,-0.834341,0.362644,0.463839,1.227419,0.000000,0.000000,0.000000,0.000000,0.000000,0.000000
1778075410.860596,ik_wrist_pelvis_body_frame,1,0,-0.300000,0.100000,0.404290,-0.300000,-0.100000,0.395467,-0.234517,0.100000,0.171553,-0.220495,-0.118134,0.194966,0.003371,0.003715,1,1,0.000000,0.000000,0.000000,0.929134,0.332107,-0.335638,1.209522,-0.858687,0.383149,0.448538,1.190505,0.000000,0.000000,0.000000,0.000000,0.000000,0.000000
1778075410.894799,ik_wrist_pelvis_body_frame,1,0,-0.300000,0.100000,0.422497,-0.300000,-0.100000,0.404120,-0.224678,0.100000,0.189880,-0.215575,-0.117993,0.207103,0.003533,0.003840,1,1,0.000000,0.000000,0.000000,0.933725,0.363292,-0.336346,1.173601,-0.878776,0.404600,0.433372,1.153523,0.000000,0.000000,0.000000,0.000000,0.000000,0.000000
1778075410.929209,ik_wrist_pelvis_body_frame,1,0,-0.293685,0.100000,0.433989,-0.300000,-0.100000,0.412757,-0.216178,0.100000,0.201783,-0.211076,-0.115096,0.217168,0.003322,0.004012,1,1,0.000000,0.000000,0.000000,0.937305,0.397284,-0.336653,1.134947,-0.894445,0.427402,0.420837,1.116424,0.000000,0.000000,0.000000,0.000000,0.000000,0.000000
1778075410.963569,ik_wrist_pelvis_body_frame,1,0,-0.287139,0.100000,0.441003,-0.300000,-0.100000,0.417239,-0.209195,0.100000,0.206321,-0.205095,-0.114239,0.224013,0.002903,0.004097,1,1,0.000000,0.000000,0.000000,0.940098,0.431370,-0.336349,1.095809,-0.906667,0.450277,0.411926,1.079731,0.000000,0.000000,0.000000,0.000000,0.000000,0.000000
1778075411.000056,ik_wrist_pelvis_body_frame,1,0,-0.266833,0.100000,0.450233,-0.300000,-0.100000,0.420051,-0.206413,0.100000,0.215820,-0.197936,-0.113160,0.228353,0.002566,0.004144,1,1,0.000000,0.000000,0.000000,0.942276,0.467583,-0.331258,1.059600,-0.916200,0.472497,0.406571,1.044112,0.000000,0.000000,0.000000,0.000000,0.000000,0.000000
1778075411.025685,ik_wrist_pelvis_body_frame,1,0,-0.229832,0.100000,0.459894,-0.296553,-0.100000,0.425158,-0.201384,0.100000,0.225967,-0.191483,-0.112422,0.231694,0.002343,0.004011,1,1,0.000000,0.000000,0.000000,0.943976,0.507635,-0.315505,1.030177,-0.923636,0.494857,0.403098,1.010233,0.000000,0.000000,0.000000,0.000000,0.000000,0.000000
1778075411.061468,ik_wrist_pelvis_body_frame,1,0,-0.218663,0.100000,0.468265,-0.284396,-0.100000,0.431566,-0.191804,0.100000,0.230357,-0.189193,-0.111765,0.235484,0.001960,0.003765,1,1,0.000000,0.000000,0.000000,0.945301,0.544876,-0.294982,1.004054,-0.929436,0.518546,0.398139,0.979538,0.000000,0.000000,0.000000,0.000000,0.000000,0.000000
1778075411.095525,ik_wrist_pelvis_body_frame,1,0,-0.188031,0.100000,0.480236,-0.277324,-0.100000,0.435399,-0.176920,0.100000,0.236603,-0.183697,-0.111324,0.237634,0.001690,0.003652,1,1,0.000000,0.000000,0.000000,0.944169,0.584510,-0.267367,0.983245,-0.933960,0.541419,0.391990,0.951760,0.000000,0.000000,0.000000,0.000000,0.000000,0.000000
1778075411.127686,ik_wrist_pelvis_body_frame,1,0,-0.173803,0.100000,0.486735,-0.267144,-0.100000,0.440357,-0.169547,0.100000,0.242741,-0.176379,-0.114370,0.240138,0.001510,0.003481,1,1,0.000000,0.000000,0.000000,0.942222,0.621561,-0.237155,0.965213,-0.936858,0.564057,0.384010,0.927448,0.000000,0.000000,0.000000,0.000000,0.000000,0.000000
1778075411.161341,ik_wrist_pelvis_body_frame,1,0,-0.162020,0.100000,0.490777,-0.260732,-0.100000,0.442137,-0.163459,0.100000,0.246902,-0.173322,-0.115379,0.242033,0.001412,0.003472,1,1,0.000000,0.000000,0.000000,0.940082,0.655303,-0.206531,0.949572,-0.938374,0.584703,0.375267,0.906534,0.000000,0.000000,0.000000,0.000000,0.000000,0.000000
1778075411.194811,ik_wrist_pelvis_body_frame,1,0,-0.165569,0.100000,0.492899,-0.261109,-0.100000,0.441139,-0.161405,0.100000,0.247330,-0.173606,-0.115348,0.241298,0.001290,0.003468,1,1,0.000000,0.000000,0.000000,0.940308,0.682545,-0.179873,0.933928,-0.940305,0.601191,0.367448,0.888436,0.000000,0.000000,0.000000,0.000000,0.000000,0.000000
1778075411.226215,ik_wrist_pelvis_body_frame,1,0,-0.169946,0.100000,0.492953,-0.263796,-0.100000,0.440488,-0.161552,0.100000,0.246176,-0.175634,-0.113894,0.240590,0.001219,0.003453,1,1,0.000000,0.000000,0.000000,0.942441,0.703903,-0.158069,0.918428,-0.942438,0.613761,0.361221,0.872679,0.000000,0.000000,0.000000,0.000000,0.000000,0.000000
1778075411.260316,ik_wrist_pelvis_body_frame,1,0,-0.174239,0.100000,0.492284,-0.267018,-0.100000,0.438544,-0.162664,0.100000,0.245059,-0.176712,-0.114281,0.238873,0.001201,0.003456,1,1,0.000000,0.000000,0.000000,0.944104,0.720416,-0.141605,0.903581,-0.944102,0.622764,0.357300,0.859355,0.000000,0.000000,0.000000,0.000000,0.000000,0.000000
1778075411.297446,ik_wrist_pelvis_body_frame,1,0,-0.171207,0.100000,0.493145,-0.268189,-0.100000,0.436871,-0.160383,0.100000,0.245573,-0.175759,-0.116500,0.237818,0.001177,0.003476,1,1,0.000000,0.000000,0.000000,0.945401,0.734971,-0.128266,0.890501,-0.945399,0.629326,0.355179,0.848606,0.000000,0.000000,0.000000,0.000000,0.000000,0.000000
1778075411.325927,ik_wrist_pelvis_body_frame,1,0,-0.162983,0.100000,0.493842,-0.270161,-0.100000,0.434763,-0.157015,0.100000,0.247675,-0.176010,-0.118540,0.237500,0.001211,0.003549,1,1,0.000000,0.000000,0.000000,0.946413,0.749062,-0.115440,0.880008,-0.946412,0.633639,0.354691,0.840129,0.000000,0.000000,0.000000,0.000000,0.000000,0.000000
1778075411.364471,ik_wrist_pelvis_body_frame,1,0,-0.167754,0.100000,0.492686,-0.272300,-0.100000,0.432385,-0.157653,0.100000,0.247949,-0.176249,-0.120535,0.237441,0.001266,0.003658,1,1,0.000000,0.000000,0.000000,0.947202,0.759442,-0.105552,0.870176,-0.947201,0.636031,0.355633,0.833657,0.000000,0.000000,0.000000,0.000000,0.000000,0.000000
1778075411.396391,ik_wrist_pelvis_body_frame,1,0,-0.166149,0.100000,0.491623,-0.273667,-0.100000,0.429893,-0.156846,0.100000,0.249074,-0.175770,-0.122811,0.236920,0.001347,0.003767,1,1,0.000000,0.000000,0.000000,0.947817,0.768160,-0.097503,0.861979,-0.947817,0.636935,0.357544,0.829084,0.000000,0.000000,0.000000,0.000000,0.000000,0.000000
1778075411.435056,ik_wrist_pelvis_body_frame,1,0,-0.161596,0.100000,0.491525,-0.273706,-0.100000,0.426821,-0.156534,0.100000,0.251049,-0.176218,-0.126515,0.237428,0.001402,0.003953,1,1,0.000000,0.000000,0.000000,0.948298,0.776217,-0.089840,0.855841,-0.948297,0.636649,0.359785,0.826523,0.000000,0.000000,0.000000,0.000000,0.000000,0.000000
1778075411.461966,ik_wrist_pelvis_body_frame,1,0,-0.142878,0.100000,0.493720,-0.268173,-0.100000,0.424978,-0.151033,0.100000,0.257044,-0.173350,-0.132609,0.239566,0.001545,0.004242,1,1,0.000000,0.000000,0.000000,0.946795,0.787397,-0.078554,0.853565,-0.946448,0.636813,0.361204,0.826901,0.000000,0.000000,0.000000,0.000000,0.000000,0.000000
1778075411.496989,ik_wrist_pelvis_body_frame,1,0,-0.141039,0.100000,0.494308,-0.267063,-0.100000,0.424606,-0.150749,0.100000,0.258586,-0.170821,-0.134756,0.241834,0.001528,0.004418,1,1,0.000000,0.000000,0.000000,0.945470,0.796752,-0.066773,0.852301,-0.942970,0.636834,0.362883,0.829254,0.000000,0.000000,0.000000,0.000000,0.000000,0.000000
1778075411.526082,ik_wrist_pelvis_body_frame,1,0,-0.150884,0.100000,0.491285,-0.270658,-0.100000,0.422870,-0.154358,0.100000,0.256951,-0.171559,-0.135587,0.240864,0.001599,0.004429,1,1,0.000000,0.000000,0.000000,0.946467,0.801194,-0.058122,0.850366,-0.939587,0.635248,0.366015,0.832477,0.000000,0.000000,0.000000,0.000000,0.000000,0.000000
1778075411.565874,ik_wrist_pelvis_body_frame,1,0,-0.158690,0.100000,0.486845,-0.273090,-0.100000,0.421216,-0.157924,0.100000,0.254473,-0.172894,-0.136548,0.240134,0.001740,0.004446,1,1,0.000000,0.000000,0.000000,0.947244,0.801741,-0.053592,0.848635,-0.936429,0.632652,0.370288,0.836311,0.000000,0.000000,0.000000,0.000000,0.000000,0.000000
1778075411.598031,ik_wrist_pelvis_body_frame,1,0,-0.164351,0.100000,0.485101,-0.276175,-0.100000,0.418695,-0.160807,0.100000,0.252946,-0.173905,-0.137918,0.239524,0.001767,0.004536,1,1,0.000000,0.000000,0.000000,0.947850,0.800059,-0.052744,0.847389,-0.933529,0.629046,0.375682,0.840491,0.000000,0.000000,0.000000,0.000000,0.000000,0.000000
1778075411.628630,ik_wrist_pelvis_body_frame,1,0,-0.140331,0.100000,0.488818,-0.275617,-0.100000,0.415447,-0.153217,0.100000,0.255491,-0.173702,-0.142078,0.237723,0.001710,0.004635,1,1,0.000000,0.000000,0.000000,0.947090,0.804324,-0.047236,0.850756,-0.929638,0.625011,0.381480,0.845984,0.000000,0.000000,0.000000,0.000000,0.000000,0.000000
1778075411.659198,ik_wrist_pelvis_body_frame,1,0,-0.129184,0.100000,0.488131,-0.273708,-0.100000,0.412326,-0.150732,0.100000,0.255262,-0.172290,-0.147213,0.237492,0.001730,0.004843,1,1,0.000000,0.000000,0.000000,0.945041,0.809482,-0.037873,0.857111,-0.923914,0.620883,0.387506,0.853499,0.000000,0.000000,0.000000,0.000000,0.000000,0.000000
1778075411.695014,ik_wrist_pelvis_body_frame,1,0,-0.109081,0.100000,0.489487,-0.265006,-0.100000,0.409782,-0.143036,0.100000,0.254678,-0.167780,-0.153355,0.237141,0.001702,0.005109,1,1,0.000000,0.000000,0.000000,0.940219,0.817364,-0.023227,0.867591,-0.914413,0.617937,0.392582,0.864699,0.000000,0.000000,0.000000,0.000000,0.000000,0.000000
1778075411.730960,ik_wrist_pelvis_body_frame,1,0,-0.088330,0.100000,0.490195,-0.264561,-0.100000,0.408425,-0.134050,0.100000,0.254419,-0.166766,-0.155394,0.237250,0.001699,0.005129,1,1,0.000000,0.000000,0.000000,0.932538,0.827430,-0.003336,0.881943,-0.903442,0.614405,0.398391,0.878152,0.000000,0.000000,0.000000,0.000000,0.000000,0.000000
1778075411.764771,ik_wrist_pelvis_body_frame,1,0,-0.053941,0.100000,0.488637,-0.257927,-0.100000,0.405726,-0.120932,0.100000,0.251266,-0.161975,-0.160689,0.238484,0.001838,0.005445,1,1,0.000000,0.000000,0.000000,0.920573,0.841603,0.024937,0.902792,-0.889499,0.611464,0.404091,0.894591,0.000000,0.000000,0.000000,0.000000,0.000000,0.000000
1778075411.797913,ik_wrist_pelvis_body_frame,1,0,-0.019596,0.100000,0.483140,-0.258537,-0.100000,0.398993,-0.111387,0.100000,0.249502,-0.160175,-0.164596,0.236413,0.002012,0.005755,1,1,0.000000,0.000000,0.000000,0.905638,0.858123,0.062059,0.931039,-0.874330,0.606308,0.411734,0.913694,0.000000,0.000000,0.000000,0.000000,0.000000,0.000000
1778075411.828262,ik_wrist_pelvis_body_frame,1,0,0.015055,0.100000,0.480904,-0.263610,-0.100000,0.391577,-0.097131,0.103620,0.247500,-0.162215,-0.167762,0.233447,0.001966,0.005931,1,1,0.000000,0.000000,0.000000,0.888052,0.876908,0.107086,0.965118,-0.859596,0.597989,0.422447,0.934794,0.000000,0.000000,0.000000,0.000000,0.000000,0.000000
1778075411.859633,ik_wrist_pelvis_body_frame,1,0,0.053690,0.100000,0.468514,-0.213358,-0.100000,0.395404,-0.087086,0.109712,0.251754,-0.144051,-0.177609,0.244009,0.002257,0.007039,1,1,0.000000,0.000000,0.000000,0.868478,0.897764,0.160412,1.006788,-0.831589,0.600889,0.420837,0.965329,0.000000,0.000000,0.000000,0.000000,0.000000,0.000000
1778075411.897432,ik_wrist_pelvis_body_frame,1,0,0.067210,0.100000,0.453770,-0.164409,-0.100000,0.396560,-0.086558,0.113999,0.256082,-0.125542,-0.183786,0.254022,0.002277,0.007971,1,1,0.000000,0.000000,0.000000,0.850062,0.914032,0.213878,1.052286,-0.790066,0.610635,0.403754,1.006351,0.000000,0.000000,0.000000,0.000000,0.000000,0.000000
1778075411.929654,ik_wrist_pelvis_body_frame,1,0,0.081210,0.100000,0.438399,-0.162898,-0.100000,0.384545,-0.087070,0.111070,0.267567,-0.121571,-0.189289,0.259961,0.002620,0.008723,1,1,0.000000,0.000000,0.000000,0.834885,0.927610,0.265034,1.101126,-0.746728,0.613272,0.388300,1.053458,0.000000,0.000000,0.000000,0.000000,0.000000,0.000000
1778075411.962002,ik_wrist_pelvis_body_frame,1,0,0.069715,0.100000,0.419455,-0.189339,-0.100000,0.365895,-0.096262,0.106015,0.280194,-0.126684,-0.188506,0.260365,0.003744,0.010042,1,1,0.000000,0.000000,0.000000,0.827336,0.932848,0.306876,1.150673,-0.710620,0.604165,0.389071,1.102425,0.000000,0.000000,0.000000,0.000000,0.000000,0.000000
1778075411.994346,ik_wrist_pelvis_body_frame,1,0,0.037455,0.100000,0.402085,-0.237367,-0.100000,0.340847,-0.109612,0.100000,0.291303,-0.148541,-0.185414,0.257270,0.006286,0.011789,1,1,0.000000,0.000000,0.000000,0.831682,0.924976,0.332450,1.198501,-0.688782,0.581412,0.414907,1.147773,0.000000,0.000000,0.000000,0.000000,0.000000,0.000000
1778075412.024953,ik_wrist_pelvis_body_frame,1,0,0.058648,0.100000,0.381918,-0.245703,-0.100000,0.332344,-0.101984,0.100000,0.297939,-0.146025,-0.185186,0.254317,0.006751,0.011615,1,1,0.000000,0.000000,0.000000,0.840318,0.920376,0.356029,1.255437,-0.669173,0.559954,0.448474,1.189530,0.000000,0.000000,0.000000,0.000000,0.000000,0.000000
1778075412.062027,ik_wrist_pelvis_body_frame,1,0,0.019387,0.100000,0.362356,-0.237033,-0.100000,0.330002,-0.117225,0.100000,0.303377,-0.147361,-0.182063,0.262979,0.010274,0.012632,1,1,0.000000,0.000000,0.000000,0.859689,0.900856,0.367751,1.312622,-0.647213,0.546038,0.479524,1.228345,0.000000,0.000000,0.000000,0.000000,0.000000,0.000000
1778075412.097228,ik_wrist_pelvis_body_frame,1,0,-0.020236,0.100000,0.346026,-0.241752,-0.100000,0.323690,-0.126250,0.100000,0.304949,-0.153027,-0.176846,0.268189,0.014459,0.013827,1,1,0.000000,0.000000,0.000000,0.879557,0.865764,0.364734,1.367586,-0.626073,0.535514,0.511320,1.262820,0.000000,0.000000,0.000000,0.000000,0.000000,0.000000
1778075412.127086,ik_wrist_pelvis_body_frame,1,0,-0.082560,0.100000,0.338435,-0.251699,-0.100000,0.313562,-0.151207,0.100000,0.297093,-0.158478,-0.177008,0.264848,0.018549,0.014237,1,1,0.000000,0.000000,0.000000,0.895055,0.808483,0.337994,1.410231,-0.607307,0.525128,0.546268,1.293382,0.000000,0.000000,0.000000,0.000000,0.000000,0.000000
1778075412.160586,ik_wrist_pelvis_body_frame,1,0,-0.186649,0.100000,0.318378,-0.262034,-0.100000,0.305408,-0.209391,0.100000,0.260541,-0.160808,-0.177867,0.257482,0.021550,0.013862,1,1,0.000000,0.000000,0.000000,0.907143,0.716937,0.272463,1.430394,-0.590832,0.514834,0.583739,1.320193,0.000000,0.000000,0.000000,0.000000,0.000000,0.000000
1778075412.194117,ik_wrist_pelvis_body_frame,1,0,-0.249689,0.100000,0.300549,-0.272208,-0.100000,0.296571,-0.243779,0.100000,0.199874,-0.158663,-0.186242,0.233905,0.015423,0.011549,1,1,0.000000,0.000000,0.000000,0.916571,0.613426,0.181605,1.436921,-0.575948,0.502239,0.622283,1.344876,0.000000,0.000000,0.000000,0.000000,0.000000,0.000000
1778075412.230754,ik_wrist_pelvis_body_frame,1,0,-0.254384,0.100000,0.310478,-0.279815,-0.100000,0.291286,-0.244534,0.100000,0.179535,-0.164307,-0.199855,0.218904,0.010577,0.010031,1,1,0.000000,0.000000,0.000000,0.923926,0.529937,0.095118,1.440727,-0.563248,0.488347,0.658808,1.367641,0.000000,0.000000,0.000000,0.000000,0.000000,0.000000
1778075412.263199,ik_wrist_pelvis_body_frame,1,0,-0.283539,0.100000,0.308997,-0.300000,-0.100000,0.284749,-0.240376,0.128093,0.127881,-0.185030,-0.210975,0.188300,0.004974,0.008164,1,1,0.000000,0.000000,0.000000,0.929662,0.453362,0.014567,1.438112,-0.559112,0.467901,0.694157,1.385742,0.000000,0.000000,0.000000,0.000000,0.000000,0.000000
1778075412.296592,ik_wrist_pelvis_body_frame,1,0,-0.300000,0.100000,0.290999,-0.300000,-0.100000,0.278789,-0.245550,0.140932,0.080846,-0.199682,-0.209752,0.149471,0.002899,0.006771,1,1,0.000000,0.000000,0.000000,0.934136,0.379574,-0.057493,1.436586,-0.562245,0.441480,0.719359,1.402318,0.000000,0.000000,0.000000,0.000000,0.000000,0.000000
1778075412.330156,ik_wrist_pelvis_body_frame,1,0,-0.300000,0.100000,0.276257,-0.300000,-0.100000,0.290573,-0.244528,0.156965,0.056937,-0.211394,-0.201912,0.125123,0.002230,0.005557,1,1,0.000000,0.000000,0.000000,0.937626,0.312049,-0.116889,1.442326,-0.572637,0.414333,0.728345,1.414411,0.000000,0.000000,0.000000,0.000000,0.000000,0.000000
1778075412.358486,ik_wrist_pelvis_body_frame,1,0,-0.300000,0.100000,0.296499,-0.300000,-0.100000,0.320384,-0.229510,0.189352,0.055276,-0.199369,-0.212844,0.133522,0.001234,0.003838,1,1,0.000000,0.000000,0.000000,0.936143,0.262685,-0.163157,1.449808,-0.584325,0.396940,0.721514,1.417062,0.000000,0.000000,0.000000,0.000000,0.000000,0.000000
1778075412.395217,ik_wrist_pelvis_body_frame,1,0,-0.300000,0.100000,0.285120,-0.300000,-0.100000,0.321042,-0.221363,0.200204,0.043646,-0.189175,-0.211231,0.120394,0.001432,0.002930,1,1,0.000000,0.000000,0.000000,0.930326,0.219638,-0.203086,1.459869,-0.597503,0.380711,0.709224,1.415815,0.000000,0.000000,0.000000,0.000000,0.000000,0.000000
1778075412.429094,ik_wrist_pelvis_body_frame,1,0,-0.300000,0.104888,0.280967,-0.300000,-0.100000,0.327394,-0.216967,0.206521,0.035623,-0.178085,-0.212046,0.111890,0.001342,0.002367,1,1,0.000000,0.000000,0.000000,0.920317,0.182320,-0.236861,1.471539,-0.610330,0.366952,0.693700,1.412588,0.000000,0.000000,0.000000,0.000000,0.000000,0.000000
1778075412.464988,ik_wrist_pelvis_body_frame,1,0,-0.300000,0.141469,0.280183,-0.300000,-0.100000,0.321919,-0.196620,0.219074,0.026226,-0.170456,-0.216983,0.101665,0.001225,0.002208,1,1,0.000000,0.000000,0.000000,0.897104,0.147350,-0.259047,1.477057,-0.621620,0.352309,0.678894,1.411078,0.000000,0.000000,0.000000,0.000000,0.000000,0.000000
1778075412.497583,ik_wrist_pelvis_body_frame,1,0,-0.300000,0.153763,0.265711,-0.300000,-0.105023,0.303577,-0.183332,0.215165,0.000770,-0.165900,-0.223572,0.081895,0.001150,0.002352,1,1,0.000000,0.000000,0.000000,0.872061,0.110695,-0.276954,1.482951,-0.629472,0.330792,0.666822,1.415094,0.000000,0.000000,0.000000,0.000000,0.000000,0.000000
1778075412.527557,ik_wrist_pelvis_body_frame,1,0,-0.300000,0.167839,0.245654,-0.300000,-0.124256,0.295242,-0.175459,0.214406,-0.021096,-0.164188,-0.237075,0.070003,0.001256,0.002163,1,1,0.000000,0.000000,0.000000,0.846504,0.069358,-0.291291,1.491315,-0.629751,0.303895,0.653691,1.420769,0.000000,0.000000,0.000000,0.000000,0.000000,0.000000
1778075412.564910,ik_wrist_pelvis_body_frame,1,0,-0.300000,0.177264,0.229250,-0.300000,-0.139204,0.280437,-0.168546,0.216420,-0.040572,-0.158272,-0.243571,0.055393,0.001283,0.002186,1,1,0.000000,0.000000,0.000000,0.821766,0.025096,-0.302976,1.503429,-0.624791,0.271799,0.641319,1.429076,0.000000,0.000000,0.000000,0.000000,0.000000,0.000000
1778075412.593673,ik_wrist_pelvis_body_frame,1,0,-0.300000,0.178804,0.221298,-0.300000,-0.148919,0.259691,-0.170124,0.214716,-0.052449,-0.164930,-0.246047,0.041936,0.001103,0.002331,1,1,0.000000,0.000000,0.000000,0.801230,-0.017223,-0.312529,1.519358,-0.618979,0.234018,0.631025,1.441504,0.000000,0.000000,0.000000,0.000000,0.000000,0.000000
1778075412.628232,ik_wrist_pelvis_body_frame,1,0,-0.300000,0.178174,0.215681,-0.300000,-0.153866,0.249523,-0.168798,0.211620,-0.059452,-0.165631,-0.244578,0.035775,0.001069,0.002307,1,1,0.000000,0.000000,0.000000,0.785038,-0.055949,-0.320194,1.537594,-0.613575,0.196039,0.621421,1.457001,0.000000,0.000000,0.000000,0.000000,0.000000,0.000000
1778075412.662238,ik_wrist_pelvis_body_frame,1,0,-0.300000,0.181861,0.214178,-0.300000,-0.166815,0.235870,-0.163912,0.210516,-0.063908,-0.159736,-0.246495,0.025267,0.001080,0.002360,1,1,0.000000,0.000000,0.000000,0.770923,-0.089956,-0.325287,1.555193,-0.605611,0.156042,0.612178,1.472550,0.000000,0.000000,0.000000,0.000000,0.000000,0.000000
1778075412.697065,ik_wrist_pelvis_body_frame,1,0,-0.300000,0.181556,0.219850,-0.300000,-0.183259,0.222704,-0.157308,0.209060,-0.063904,-0.156891,-0.248328,0.015783,0.001272,0.002395,1,1,0.000000,0.000000,0.000000,0.759121,-0.116043,-0.328706,1.571054,-0.595088,0.114459,0.602779,1.485999,0.000000,0.000000,0.000000,0.000000,0.000000,0.000000
1778075412.729085,ik_wrist_pelvis_body_frame,1,0,-0.300000,0.190910,0.222475,-0.300000,-0.201042,0.208718,-0.152267,0.206063,-0.066354,-0.149047,-0.247678,0.005301,0.001421,0.002461,1,1,0.000000,0.000000,0.000000,0.747437,-0.137110,-0.329323,1.581906,-0.582069,0.071525,0.593333,1.496267,0.000000,0.000000,0.000000,0.000000,0.000000,0.000000
1778075412.767566,ik_wrist_pelvis_body_frame,1,0,-0.300000,0.199295,0.212501,-0.300000,-0.213931,0.195345,-0.145536,0.201974,-0.077383,-0.141395,-0.241426,-0.006763,0.001606,0.002536,1,1,0.000000,0.000000,0.000000,0.736136,-0.159420,-0.328662,1.589439,-0.568809,0.028165,0.584266,1.504483,0.000000,0.000000,0.000000,0.000000,0.000000,0.000000
1778075412.797494,ik_wrist_pelvis_body_frame,1,0,-0.300000,0.231068,0.194873,-0.299378,-0.286629,0.221032,-0.128142,0.200098,-0.084736,-0.079417,-0.277483,0.000833,0.001968,0.003363,1,0,0.000000,0.000000,0.000000,0.718439,-0.187425,-0.324272,1.589277,-0.533888,-0.002958,0.568886,1.490027,0.000000,0.000000,0.000000,0.000000,0.000000,0.000000
1778075412.827480,ik_wrist_pelvis_body_frame,1,0,-0.300000,0.248929,0.179068,-0.233387,-0.338623,0.234235,-0.116899,0.192611,-0.092770,-0.032687,-0.291061,0.006803,0.002325,0.002994,1,0,0.000000,0.000000,0.000000,0.699597,-0.218227,-0.318961,1.585236,-0.473518,-0.020379,0.543467,1.465623,0.000000,0.000000,0.000000,0.000000,0.000000,0.000000
1778075412.865904,ik_wrist_pelvis_body_frame,1,0,-0.300000,0.257106,0.157690,-0.297822,-0.337149,0.200922,-0.117820,0.181838,-0.100268,-0.048913,-0.268713,0.000409,0.002369,0.004112,1,0,0.000000,0.000000,0.000000,0.684062,-0.252655,-0.313916,1.580869,-0.442336,-0.041799,0.543134,1.433032,0.000000,0.000000,0.000000,0.000000,0.000000,0.000000
1778075412.904061,ik_wrist_pelvis_body_frame,1,0,-0.300000,0.257858,0.136824,-0.300000,-0.353779,0.183260,-0.116790,0.172834,-0.105422,-0.040504,-0.260752,-0.006471,0.002586,0.004159,1,1,0.000000,0.000000,0.000000,0.672929,-0.290120,-0.309594,1.579277,-0.416084,-0.062320,0.549259,1.395777,0.000000,0.000000,0.000000,0.000000,0.000000,0.000000
1778075412.931681,ik_wrist_pelvis_body_frame,1,0,-0.300000,0.263228,0.114152,-0.283558,-0.383418,0.162128,-0.113841,0.168443,-0.112560,-0.025870,-0.260273,-0.018275,0.002644,0.004102,1,0,0.000000,0.000000,0.000000,0.663756,-0.331552,-0.305204,1.579452,-0.385277,-0.084730,0.555619,1.355601,0.000000,0.000000,0.000000,0.000000,0.000000,0.000000
1778075412.962223,ik_wrist_pelvis_body_frame,1,0,-0.300000,0.265528,0.075299,-0.300000,-0.394799,0.120128,-0.124885,0.166878,-0.124318,-0.037446,-0.257134,-0.038861,0.002274,0.003877,1,1,0.000000,0.000000,0.000000,0.657810,-0.382061,-0.301467,1.580307,-0.365028,-0.116277,0.568086,1.314440,0.000000,0.000000,0.000000,0.000000,0.000000,0.000000
1778075412.995226,ik_wrist_pelvis_body_frame,1,0,-0.300000,0.281819,0.075798,-0.300000,-0.406366,0.092366,-0.119125,0.165007,-0.120496,-0.042563,-0.259199,-0.053867,0.002271,0.003384,1,1,0.000000,0.000000,0.000000,0.650430,-0.424640,-0.293806,1.579907,-0.349081,-0.150656,0.580106,1.274653,0.000000,0.000000,0.000000,0.000000,0.000000,0.000000
1778075413.029413,ik_wrist_pelvis_body_frame,1,0,-0.300000,0.285813,0.076626,-0.300000,-0.378652,0.049314,-0.114922,0.164604,-0.120398,-0.032842,-0.236965,-0.060985,0.002346,0.005226,1,1,0.000000,0.000000,0.000000,0.644480,-0.458344,-0.285187,1.578824,-0.340253,-0.193420,0.596261,1.247952,0.000000,0.000000,0.000000,0.000000,0.000000,0.000000
1778075413.063140,ik_wrist_pelvis_body_frame,1,0,-0.300000,0.306078,0.069165,-0.300000,-0.368755,0.035100,-0.111199,0.168865,-0.122397,-0.040287,-0.230115,-0.069832,0.002229,0.005147,1,1,0.000000,0.000000,0.000000,0.636056,-0.486939,-0.274447,1.570921,-0.334425,-0.236042,0.611090,1.234558,0.000000,0.000000,0.000000,0.000000,0.000000,0.000000
1778075413.092061,ik_wrist_pelvis_body_frame,1,0,-0.300000,0.304888,0.047330,-0.300000,-0.378119,0.039587,-0.109762,0.167476,-0.122477,-0.047109,-0.230974,-0.072191,0.002461,0.004271,1,1,0.000000,0.000000,0.000000,0.630128,-0.516251,-0.266077,1.560393,-0.328213,-0.270720,0.620179,1.227349,0.000000,0.000000,0.000000,0.000000,0.000000,0.000000
1778075413.129748,ik_wrist_pelvis_body_frame,1,0,-0.300000,0.296175,0.035138,-0.300000,-0.378815,0.022999,-0.120996,0.163445,-0.124557,-0.064893,-0.227275,-0.080214,0.002478,0.003869,1,1,0.000000,0.000000,0.000000,0.629220,-0.544206,-0.259747,1.552661,-0.325431,-0.305434,0.625848,1.221458,0.000000,0.000000,0.000000,0.000000,0.000000,0.000000
1778075413.168737,ik_wrist_pelvis_body_frame,1,0,-0.300000,0.295190,0.029222,-0.300000,-0.371627,0.012721,-0.126808,0.163429,-0.126681,-0.078870,-0.222647,-0.082408,0.002373,0.004011,1,1,0.000000,0.000000,0.000000,0.630433,-0.569217,-0.253229,1.547266,-0.327135,-0.338278,0.627854,1.218478,0.000000,0.000000,0.000000,0.000000,0.000000,0.000000
1778075413.203110,ik_wrist_pelvis_body_frame,1,0,-0.300000,0.291685,0.024014,-0.300000,-0.375157,0.009106,-0.127980,0.162369,-0.130922,-0.075575,-0.224725,-0.081967,0.002294,0.003933,1,1,0.000000,0.000000,0.000000,0.633463,-0.592118,-0.246830,1.544594,-0.328944,-0.366740,0.625950,1.216158,0.000000,0.000000,0.000000,0.000000,0.000000,0.000000
1778075413.228714,ik_wrist_pelvis_body_frame,1,0,-0.300000,0.290697,0.019518,-0.300000,-0.372946,0.007835,-0.130574,0.162774,-0.132870,-0.078481,-0.225553,-0.081728,0.002238,0.003929,1,1,0.000000,0.000000,0.000000,0.637362,-0.612739,-0.240201,1.543587,-0.332177,-0.390535,0.621601,1.215201,0.000000,0.000000,0.000000,0.000000,0.000000,0.000000
1778075413.258741,ik_wrist_pelvis_body_frame,1,0,-0.300000,0.286313,0.012333,-0.300000,-0.375336,0.010318,-0.132957,0.161309,-0.134245,-0.078445,-0.228105,-0.081918,0.002386,0.003717,1,1,0.000000,0.000000,0.000000,0.642689,-0.632587,-0.234045,1.544184,-0.335474,-0.409089,0.614950,1.214535,0.000000,0.000000,0.000000,0.000000,0.000000,0.000000
1778075413.294656,ik_wrist_pelvis_body_frame,1,0,-0.300000,0.284287,0.007812,-0.300000,-0.372725,0.015836,-0.137467,0.160193,-0.135241,-0.080802,-0.228156,-0.080631,0.002444,0.003650,1,1,0.000000,0.000000,0.000000,0.648873,-0.650791,-0.227701,1.545887,-0.339888,-0.422368,0.606808,1.215324,0.000000,0.000000,0.000000,0.000000,0.000000,0.000000
1778075413.328996,ik_wrist_pelvis_body_frame,1,0,-0.300000,0.280388,0.004845,-0.300000,-0.373122,0.019561,-0.140111,0.157884,-0.136479,-0.079731,-0.228904,-0.079993,0.002522,0.003556,1,1,0.000000,0.000000,0.000000,0.656158,-0.667301,-0.221329,1.549062,-0.344264,-0.432019,0.597741,1.216508,0.000000,0.000000,0.000000,0.000000,0.000000,0.000000
1778075413.362417,ik_wrist_pelvis_body_frame,1,0,-0.300000,0.282333,0.004952,-0.300000,-0.375817,0.022721,-0.139751,0.156637,-0.137255,-0.078762,-0.231569,-0.079500,0.002430,0.003397,1,1,0.000000,0.000000,0.000000,0.662795,-0.681152,-0.213958,1.552369,-0.348049,-0.438658,0.588196,1.216946,0.000000,0.000000,0.000000,0.000000,0.000000,0.000000
1778075413.395368,ik_wrist_pelvis_body_frame,1,0,-0.300000,0.290980,0.012536,-0.300000,-0.374932,0.033730,-0.138020,0.160041,-0.135571,-0.082990,-0.235134,-0.078514,0.002163,0.003073,1,1,0.000000,0.000000,0.000000,0.667007,-0.688917,-0.204778,1.553935,-0.352437,-0.440148,0.577885,1.218110,0.000000,0.000000,0.000000,0.000000,0.000000,0.000000
1778075413.424462,ik_wrist_pelvis_body_frame,1,0,-0.300000,0.293902,0.011963,-0.300000,-0.373416,0.036196,-0.138334,0.160795,-0.136399,-0.084847,-0.235489,-0.078356,0.002060,0.002999,1,1,0.000000,0.000000,0.000000,0.670653,-0.694390,-0.195445,1.553117,-0.357306,-0.440500,0.567794,1.219143,0.000000,0.000000,0.000000,0.000000,0.000000,0.000000
1778075413.459065,ik_wrist_pelvis_body_frame,1,0,-0.300000,0.293841,0.007561,-0.300000,-0.373540,0.036974,-0.138417,0.160554,-0.139232,-0.084577,-0.235843,-0.078003,0.001998,0.002979,1,1,0.000000,0.000000,0.000000,0.674492,-0.700084,-0.186747,1.550899,-0.361964,-0.440692,0.558137,1.219674,0.000000,0.000000,0.000000,0.000000,0.000000,0.000000
1778075413.495094,ik_wrist_pelvis_body_frame,1,0,-0.300000,0.293332,0.003537,-0.300000,-0.373808,0.037332,-0.138038,0.160123,-0.141009,-0.085038,-0.236054,-0.077838,0.002002,0.002953,1,1,0.000000,0.000000,0.000000,0.678468,-0.706195,-0.178789,1.548343,-0.366385,-0.440897,0.549012,1.219709,0.000000,0.000000,0.000000,0.000000,0.000000,0.000000
1778075413.529317,ik_wrist_pelvis_body_frame,1,0,-0.300000,0.292380,0.001660,-0.300000,-0.373177,0.036561,-0.137481,0.159391,-0.142661,-0.082349,-0.235261,-0.077510,0.001976,0.003046,1,1,0.000000,0.000000,0.000000,0.682550,-0.712129,-0.171569,1.546400,-0.370355,-0.441564,0.540853,1.219648,0.000000,0.000000,0.000000,0.000000,0.000000,0.000000
1778075413.560470,ik_wrist_pelvis_body_frame,1,0,-0.300000,0.293371,0.001487,-0.300000,-0.373750,0.034630,-0.137149,0.159059,-0.143641,-0.082557,-0.234986,-0.078378,0.001912,0.003037,1,1,0.000000,0.000000,0.000000,0.686228,-0.717171,-0.164683,1.544890,-0.373867,-0.443036,0.533575,1.219218,0.000000,0.000000,0.000000,0.000000,0.000000,0.000000
1778075413.593875,ik_wrist_pelvis_body_frame,1,0,-0.300000,0.292752,0.001301,-0.300000,-0.376316,0.032872,-0.136251,0.158616,-0.143647,-0.081914,-0.235093,-0.079058,0.001931,0.003000,1,1,0.000000,0.000000,0.000000,0.689808,-0.721428,-0.158435,1.543990,-0.376604,-0.444942,0.526881,1.217840,0.000000,0.000000,0.000000,0.000000,0.000000,0.000000
1778075413.630057,ik_wrist_pelvis_body_frame,1,0,-0.300000,0.296070,0.001285,-0.300000,-0.377238,0.029811,-0.135493,0.159029,-0.143782,-0.082188,-0.235239,-0.079651,0.001873,0.003015,1,1,0.000000,0.000000,0.000000,0.692365,-0.724708,-0.152207,1.542524,-0.379072,-0.447462,0.520965,1.215669,0.000000,0.000000,0.000000,0.000000,0.000000,0.000000
1778075413.663812,ik_wrist_pelvis_body_frame,1,0,-0.300000,0.300443,0.001068,-0.300000,-0.377053,0.028565,-0.136099,0.159563,-0.142962,-0.081953,-0.234482,-0.079215,0.001847,0.003080,1,1,0.000000,0.000000,0.000000,0.693951,-0.726736,-0.145815,1.539603,-0.381464,-0.449880,0.515724,1.213433,0.000000,0.000000,0.000000,0.000000,0.000000,0.000000
1778075413.695147,ik_wrist_pelvis_body_frame,1,0,-0.300000,0.303275,0.000795,-0.300000,-0.376816,0.028539,-0.136166,0.159987,-0.142597,-0.082288,-0.234600,-0.078983,0.001821,0.003087,1,1,0.000000,0.000000,0.000000,0.695081,-0.727705,-0.139555,1.535444,-0.383767,-0.451809,0.510991,1.211461,0.000000,0.000000,0.000000,0.000000,0.000000,0.000000
1778075413.730714,ik_wrist_pelvis_body_frame,1,0,-0.300000,0.306636,0.000277,-0.300000,-0.376047,0.028246,-0.135615,0.161999,-0.143210,-0.081329,-0.233328,-0.078170,0.001734,0.003185,1,1,0.000000,0.000000,0.000000,0.695553,-0.727866,-0.133503,1.530071,-0.385946,-0.453497,0.506853,1.209964,0.000000,0.000000,0.000000,0.000000,0.000000,0.000000
1778075413.764274,ik_wrist_pelvis_body_frame,1,0,-0.300000,0.312901,0.003954,-0.300000,-0.376992,0.029068,-0.131202,0.170642,-0.144698,-0.074796,-0.236502,-0.077954,0.001492,0.003259,1,1,0.000000,0.000000,0.000000,0.693902,-0.725532,-0.127905,1.523379,-0.386819,-0.454527,0.503672,1.208844,0.000000,0.000000,0.000000,0.000000,0.000000,0.000000
1778075413.796608,ik_wrist_pelvis_body_frame,1,0,-0.300000,0.312453,0.021731,-0.300000,-0.378768,0.033297,-0.129204,0.179019,-0.141504,-0.074994,-0.241172,-0.078850,0.001322,0.003026,1,1,0.000000,0.000000,0.000000,0.691591,-0.715936,-0.124214,1.518739,-0.386861,-0.453672,0.501132,1.207969,0.000000,0.000000,0.000000,0.000000,0.000000,0.000000
1778075413.836122,ik_wrist_pelvis_body_frame,1,0,-0.300000,0.316706,0.043818,-0.300000,-0.383252,0.044030,-0.122176,0.187631,-0.138293,-0.073762,-0.247736,-0.078947,0.001205,0.002689,1,1,0.000000,0.000000,0.000000,0.686894,-0.698813,-0.122323,1.515024,-0.385715,-0.448766,0.498485,1.206807,0.000000,0.000000,0.000000,0.000000,0.000000,0.000000
1778075413.871288,ik_wrist_pelvis_body_frame,1,0,-0.300000,0.313766,0.056074,-0.300000,-0.378594,0.062589,-0.117066,0.190691,-0.135288,-0.073556,-0.250489,-0.075094,0.001271,0.002538,1,1,0.000000,0.000000,0.000000,0.681639,-0.679335,-0.123665,1.512198,-0.385277,-0.437865,0.496005,1.208095,0.000000,0.000000,0.000000,0.000000,0.000000,0.000000
1778075413.903787,ik_wrist_pelvis_body_frame,1,0,-0.300000,0.313476,0.072317,-0.300000,-0.362697,0.087737,-0.115694,0.197537,-0.133344,-0.079398,-0.259208,-0.069206,0.001189,0.002352,1,1,0.000000,0.000000,0.000000,0.675255,-0.656756,-0.127512,1.510147,-0.387292,-0.419832,0.494195,1.215522,0.000000,0.000000,0.000000,0.000000,0.000000,0.000000
1778075413.929883,ik_wrist_pelvis_body_frame,1,0,-0.300000,0.300703,0.081286,-0.300000,-0.349251,0.107902,-0.122226,0.198053,-0.135365,-0.081673,-0.267750,-0.062516,0.000946,0.002312,1,1,0.000000,0.000000,0.000000,0.671550,-0.635002,-0.134736,1.511730,-0.390158,-0.397849,0.493563,1.227854,0.000000,0.000000,0.000000,0.000000,0.000000,0.000000
1778075413.962797,ik_wrist_pelvis_body_frame,1,0,-0.300000,0.295738,0.092678,-0.300000,-0.322502,0.126463,-0.126769,0.201595,-0.139944,-0.105193,-0.268089,-0.059489,0.000703,0.002037,1,1,0.000000,0.000000,0.000000,0.668512,-0.614114,-0.143003,1.516062,-0.398603,-0.373862,0.493705,1.248083,0.000000,0.000000,0.000000,0.000000,0.000000,0.000000
1778075413.995079,ik_wrist_pelvis_body_frame,1,0,-0.300000,0.282410,0.098758,-0.300000,-0.301014,0.147264,-0.131718,0.206150,-0.140542,-0.113225,-0.269112,-0.050909,0.000657,0.001961,1,1,0.000000,0.000000,0.000000,0.667666,-0.595368,-0.153294,1.524400,-0.409612,-0.347666,0.493437,1.274504,0.000000,0.000000,0.000000,0.000000,0.000000,0.000000
1778075414.028645,ik_wrist_pelvis_body_frame,1,0,-0.300000,0.266003,0.113884,-0.300000,-0.276473,0.177074,-0.137440,0.206278,-0.139524,-0.123890,-0.268250,-0.040305,0.000646,0.001699,1,1,0.000000,0.000000,0.000000,0.669765,-0.575599,-0.165082,1.538305,-0.423865,-0.315939,0.491840,1.305845,0.000000,0.000000,0.000000,0.000000,0.000000,0.000000
1778075414.064806,ik_wrist_pelvis_body_frame,1,0,-0.300000,0.254233,0.133040,-0.300000,-0.256425,0.190046,-0.136134,0.198012,-0.136268,-0.125551,-0.270776,-0.026948,0.000841,0.001844,1,1,0.000000,0.000000,0.000000,0.673630,-0.553846,-0.176588,1.555632,-0.438650,-0.284108,0.491508,1.338225,0.000000,0.000000,0.000000,0.000000,0.000000,0.000000
1778075414.097038,ik_wrist_pelvis_body_frame,1,0,-0.300000,0.237310,0.140915,-0.300000,-0.224141,0.202616,-0.148793,0.190641,-0.134349,-0.134106,-0.264117,-0.019721,0.000720,0.001926,1,1,0.000000,0.000000,0.000000,0.681968,-0.533540,-0.187899,1.575482,-0.457431,-0.252058,0.494046,1.374721,0.000000,0.000000,0.000000,0.000000,0.000000,0.000000
1778075414.131113,ik_wrist_pelvis_body_frame,1,0,-0.300000,0.211917,0.142782,-0.300000,-0.207829,0.206932,-0.168401,0.174156,-0.130244,-0.143567,-0.240555,-0.021662,0.000715,0.001794,1,1,0.000000,0.000000,0.000000,0.698775,-0.516614,-0.198980,1.599609,-0.478628,-0.225911,0.496428,1.410948,0.000000,0.000000,0.000000,0.000000,0.000000,0.000000
1778075414.160462,ik_wrist_pelvis_body_frame,1,0,-0.300000,0.188025,0.147031,-0.300000,-0.190177,0.181764,-0.179334,0.148232,-0.127905,-0.153485,-0.226935,-0.030080,0.001140,0.002543,1,1,0.000000,0.000000,0.000000,0.724217,-0.503294,-0.207726,1.627918,-0.502263,-0.215637,0.501820,1.449347,0.000000,0.000000,0.000000,0.000000,0.000000,0.000000
1778075414.192074,ik_wrist_pelvis_body_frame,1,0,-0.300000,0.167653,0.167131,-0.300000,-0.150511,0.198229,-0.182457,0.141466,-0.117249,-0.154714,-0.213664,-0.019787,0.001280,0.002665,1,1,0.000000,0.000000,0.000000,0.754277,-0.485436,-0.213110,1.657513,-0.532236,-0.200915,0.508344,1.494674,0.000000,0.000000,0.000000,0.000000,0.000000,0.000000
1778075414.224627,ik_wrist_pelvis_body_frame,1,0,-0.300000,0.159268,0.181342,-0.300000,-0.118327,0.207409,-0.190866,0.142151,-0.097349,-0.168551,-0.201814,0.001688,0.001188,0.002988,1,1,0.000000,0.000000,0.000000,0.784221,-0.462786,-0.214460,1.681759,-0.567353,-0.181079,0.516610,1.540306,0.000000,0.000000,0.000000,0.000000,0.000000,0.000000
1778075414.258941,ik_wrist_pelvis_body_frame,1,0,-0.300000,0.131023,0.193473,-0.300000,-0.102096,0.219803,-0.221826,0.123427,-0.070965,-0.174616,-0.191776,0.020780,0.001481,0.003286,1,1,0.000000,0.000000,0.000000,0.820692,-0.433297,-0.216562,1.702384,-0.601939,-0.156804,0.523794,1.578696,0.000000,0.000000,0.000000,0.000000,0.000000,0.000000
1778075414.291618,ik_wrist_pelvis_body_frame,1,0,-0.300000,0.102058,0.187777,-0.300000,-0.100000,0.229753,-0.247101,0.100000,-0.062513,-0.188511,-0.160858,0.025877,0.003108,0.003971,1,1,0.000000,0.000000,0.000000,0.849140,-0.405966,-0.230315,1.723186,-0.637236,-0.133652,0.525335,1.605350,0.000000,0.000000,0.000000,0.000000,0.000000,0.000000
1778075414.328240,ik_wrist_pelvis_body_frame,1,0,-0.300000,0.100000,0.213588,-0.300000,-0.100000,0.214362,-0.266651,0.100000,-0.036627,-0.220487,-0.130528,0.019963,0.003727,0.005400,1,1,0.000000,0.000000,0.000000,0.871329,-0.369829,-0.244269,1.736246,-0.677741,-0.122828,0.521257,1.624230,0.000000,0.000000,0.000000,0.000000,0.000000,0.000000
1778075414.363821,ik_wrist_pelvis_body_frame,1,0,-0.300000,0.100000,0.197868,-0.300000,-0.100000,0.212070,-0.277589,0.100000,-0.036243,-0.233893,-0.106957,0.015515,0.004251,0.006235,1,1,0.000000,0.000000,0.000000,0.888637,-0.342888,-0.258689,1.743908,-0.722125,-0.120248,0.507619,1.637950,0.000000,0.000000,0.000000,0.000000,0.000000,0.000000
1778075414.394451,ik_wrist_pelvis_body_frame,1,0,-0.300000,0.100000,0.206777,-0.300000,-0.100000,0.231168,-0.277310,0.100000,-0.025463,-0.242155,-0.100000,0.019883,0.004341,0.005277,1,1,0.000000,0.000000,0.000000,0.902137,-0.316704,-0.270483,1.747321,-0.768122,-0.115258,0.482461,1.645144,0.000000,0.000000,0.000000,0.000000,0.000000,0.000000
1778075414.427462,ik_wrist_pelvis_body_frame,1,0,-0.300000,0.100000,0.214595,-0.300000,-0.100000,0.233429,-0.281478,0.100000,-0.018826,-0.248723,-0.100000,0.023460,0.004475,0.004811,1,1,0.000000,0.000000,0.000000,0.912667,-0.290929,-0.279625,1.746597,-0.808135,-0.111004,0.452838,1.647638,0.000000,0.000000,0.000000,0.000000,0.000000,0.000000
1778075414.462700,ik_wrist_pelvis_body_frame,1,0,-0.300000,0.100000,0.248061,-0.300000,-0.100000,0.250551,-0.279562,0.100000,0.000314,-0.251855,-0.100000,0.034687,0.004367,0.004605,1,1,0.000000,0.000000,0.000000,0.920880,-0.255087,-0.284251,1.738062,-0.839345,-0.100387,0.424520,1.645294,0.000000,0.000000,0.000000,0.000000,0.000000,0.000000
1778075414.498276,ik_wrist_pelvis_body_frame,1,0,-0.300000,0.100000,0.273907,-0.300000,-0.100000,0.266604,-0.274403,0.100000,0.018584,-0.258780,-0.100000,0.047040,0.004229,0.004617,1,1,0.000000,0.000000,0.000000,0.927286,-0.211713,-0.286169,1.719991,-0.863689,-0.083112,0.400005,1.636987,0.000000,0.000000,0.000000,0.000000,0.000000,0.000000
1778075414.533580,ik_wrist_pelvis_body_frame,1,0,-0.300000,0.100000,0.266386,-0.300000,-0.100000,0.269361,-0.277373,0.100000,0.018145,-0.264605,-0.100000,0.049860,0.004016,0.004609,1,1,0.000000,0.000000,0.000000,0.932283,-0.175354,-0.289134,1.699183,-0.882678,-0.065527,0.380728,1.625221,0.000000,0.000000,0.000000,0.000000,0.000000,0.000000
1778075414.558967,ik_wrist_pelvis_body_frame,1,0,-0.300000,0.100000,0.250612,-0.300000,-0.100000,0.271713,-0.291167,0.100000,0.017209,-0.265002,-0.100000,0.053507,0.004834,0.004632,1,1,0.000000,0.000000,0.000000,0.936181,-0.150248,-0.293865,1.681736,-0.897489,-0.048719,0.365986,1.612148,0.000000,0.000000,0.000000,0.000000,0.000000,0.000000
1778075414.608996,ik_wrist_pelvis_body_frame,1,0,-0.300000,0.100000,0.238584,-0.300000,-0.100000,0.268639,-0.297032,0.100000,0.014017,-0.264569,-0.100000,0.048864,0.005430,0.004516,1,1,0.000000,0.000000,0.000000,0.939221,-0.135209,-0.299378,1.669946,-0.909041,-0.035900,0.355155,1.600298,0.000000,0.000000,0.000000,0.000000,0.000000,0.000000
1778075414.634882,ik_wrist_pelvis_body_frame,1,0,-0.300000,0.100000,0.224442,-0.300000,-0.100000,0.267973,-0.298730,0.100000,0.004668,-0.263438,-0.100000,0.044410,0.005769,0.004343,1,1,0.000000,0.000000,0.000000,0.941593,-0.130610,-0.305215,1.664792,-0.918052,-0.026451,0.346944,1.590727,0.000000,0.000000,0.000000,0.000000,0.000000,0.000000
1778075414.658652,ik_wrist_pelvis_body_frame,1,0,-0.300000,0.100000,0.210605,-0.300000,-0.100000,0.251183,-0.296048,0.100000,-0.009301,-0.273232,-0.100000,0.037625,0.005703,0.005029,1,1,0.000000,0.000000,0.000000,0.943442,-0.135865,-0.310835,1.666441,-0.925081,-0.025488,0.342159,1.586150,0.000000,0.000000,0.000000,0.000000,0.000000,0.000000
1778075414.693206,ik_wrist_pelvis_body_frame,1,0,-0.300000,0.100000,0.210433,-0.300000,-0.100000,0.247883,-0.295739,0.100000,-0.011836,-0.267883,-0.100000,0.036428,0.005492,0.004962,1,1,0.000000,0.000000,0.000000,0.944885,-0.143105,-0.314751,1.672083,-0.930563,-0.027666,0.338741,1.585719,0.000000,0.000000,0.000000,0.000000,0.000000,0.000000
1778075414.730778,ik_wrist_pelvis_body_frame,1,0,-0.300000,0.100000,0.209548,-0.300000,-0.100000,0.245750,-0.292769,0.100000,-0.014184,-0.265291,-0.100000,0.030697,0.005263,0.004740,1,1,0.000000,0.000000,0.000000,0.946010,-0.150926,-0.317311,1.679302,-0.934839,-0.032106,0.335926,1.588139,0.000000,0.000000,0.000000,0.000000,0.000000,0.000000
1778075414.762874,ik_wrist_pelvis_body_frame,1,0,-0.300000,0.100000,0.219647,-0.300000,-0.100000,0.248041,-0.295463,0.100000,-0.014010,-0.268744,-0.100000,0.030514,0.005023,0.004687,1,1,0.000000,0.000000,0.000000,0.946888,-0.154517,-0.317839,1.685402,-0.938174,-0.035908,0.333131,1.591552,0.000000,0.000000,0.000000,0.000000,0.000000,0.000000
1778075414.801252,ik_wrist_pelvis_body_frame,1,0,-0.300000,0.100000,0.229337,-0.300000,-0.100000,0.246585,-0.289737,0.100000,-0.018465,-0.270986,-0.100000,0.029738,0.004369,0.004765,1,1,0.000000,0.000000,0.000000,0.947573,-0.154598,-0.316782,1.689103,-0.940776,-0.039857,0.330793,1.595266,0.000000,0.000000,0.000000,0.000000,0.000000,0.000000
1778075414.831059,ik_wrist_pelvis_body_frame,1,0,-0.300000,0.100000,0.244231,-0.300000,-0.100000,0.243115,-0.280786,0.100000,-0.018930,-0.264081,-0.100000,0.029902,0.003770,0.004773,1,1,0.000000,0.000000,0.000000,0.948107,-0.149340,-0.314152,1.689228,-0.942805,-0.044499,0.329166,1.599344,0.000000,0.000000,0.000000,0.000000,0.000000,0.000000
1778075414.861500,ik_wrist_pelvis_body_frame,1,0,-0.300000,0.100000,0.241972,-0.300000,-0.100000,0.233938,-0.277268,0.100000,-0.022621,-0.254285,-0.102346,0.027544,0.003590,0.004805,1,1,0.000000,0.000000,0.000000,0.948523,-0.145176,-0.312058,1.687755,-0.944388,-0.052101,0.328710,1.604804,0.000000,0.000000,0.000000,0.000000,0.000000,0.000000
1778075414.894654,ik_wrist_pelvis_body_frame,1,0,-0.300000,0.100000,0.218094,-0.300000,-0.100000,0.229138,-0.270611,0.100000,-0.042123,-0.249367,-0.113436,0.018505,0.003546,0.003905,1,1,0.000000,0.000000,0.000000,0.948848,-0.152826,-0.312409,1.690232,-0.945623,-0.062171,0.328567,1.612089,0.000000,0.000000,0.000000,0.000000,0.000000,0.000000
1778075414.926568,ik_wrist_pelvis_body_frame,1,0,-0.300000,0.100000,0.174321,-0.300000,-0.100000,0.218679,-0.259283,0.100000,-0.079903,-0.229537,-0.120565,-0.002326,0.003849,0.003186,1,1,0.000000,0.000000,0.000000,0.949102,-0.183187,-0.316243,1.702394,-0.946586,-0.078458,0.328701,1.622736,0.000000,0.000000,0.000000,0.000000,0.000000,0.000000
1778075414.962926,ik_wrist_pelvis_body_frame,1,0,-0.300000,0.100000,0.177438,-0.300000,-0.100000,0.227082,-0.253528,0.100464,-0.075682,-0.219682,-0.151643,0.006900,0.003093,0.002250,1,1,0.000000,0.000000,0.000000,0.949299,-0.211959,-0.318342,1.720199,-0.947337,-0.089257,0.327480,1.633195,0.000000,0.000000,0.000000,0.000000,0.000000,0.000000
1778075414.992315,ik_wrist_pelvis_body_frame,1,0,-0.300000,0.100000,0.182309,-0.300000,-0.100000,0.240428,-0.241199,0.134886,-0.074723,-0.206332,-0.178729,0.019337,0.001246,0.002315,1,1,0.000000,0.000000,0.000000,0.949453,-0.234611,-0.318688,1.737932,-0.942299,-0.090727,0.327672,1.639987,0.000000,0.000000,0.000000,0.000000,0.000000,0.000000
1778075415.027112,ik_wrist_pelvis_body_frame,1,0,-0.300000,0.100000,0.184974,-0.300000,-0.100000,0.260166,-0.218208,0.158217,-0.078203,-0.175885,-0.201233,0.030136,0.000773,0.003171,1,1,0.000000,0.000000,0.000000,0.949574,-0.252959,-0.318022,1.753522,-0.927880,-0.080776,0.332723,1.641181,0.000000,0.000000,0.000000,0.000000,0.000000,0.000000
1778075415.059012,ik_wrist_pelvis_body_frame,1,0,-0.300000,0.122151,0.177894,-0.300000,-0.104676,0.279242,-0.200798,0.173543,-0.086140,-0.145986,-0.224475,0.038165,0.000858,0.004244,1,1,0.000000,0.000000,0.000000,0.941233,-0.273279,-0.312997,1.763525,-0.901768,-0.060793,0.344114,1.635652,0.000000,0.000000,0.000000,0.000000,0.000000,0.000000
1778075415.098392,ik_wrist_pelvis_body_frame,1,0,-0.300000,0.143186,0.166386,-0.300000,-0.144345,0.296421,-0.187072,0.182950,-0.094370,-0.120813,-0.242943,0.043734,0.000945,0.004485,1,1,0.000000,0.000000,0.000000,0.925255,-0.296857,-0.306092,1.768785,-0.858383,-0.037196,0.355122,1.616405,0.000000,0.000000,0.000000,0.000000,0.000000,0.000000
1778075415.127464,ik_wrist_pelvis_body_frame,1,0,-0.300000,0.158435,0.153620,-0.300000,-0.173815,0.293703,-0.182696,0.182170,-0.102423,-0.109416,-0.241224,0.037356,0.000870,0.003703,1,1,0.000000,0.000000,0.000000,0.906851,-0.323204,-0.298977,1.771099,-0.809040,-0.017378,0.368251,1.588852,0.000000,0.000000,0.000000,0.000000,0.000000,0.000000
1778075415.161902,ik_wrist_pelvis_body_frame,1,0,-0.300000,0.180725,0.148064,-0.300000,-0.188736,0.271648,-0.171968,0.193768,-0.104678,-0.104812,-0.245852,0.020992,0.000909,0.003138,1,1,0.000000,0.000000,0.000000,0.883376,-0.348292,-0.290498,1.768648,-0.760852,-0.008208,0.386027,1.563216,0.000000,0.000000,0.000000,0.000000,0.000000,0.000000
1778075415.194938,ik_wrist_pelvis_body_frame,1,0,-0.300000,0.201035,0.145157,-0.287027,-0.213117,0.264743,-0.161788,0.200825,-0.105834,-0.087187,-0.261459,0.014317,0.000947,0.003057,1,0,0.000000,0.000000,0.000000,0.856659,-0.369991,-0.281842,1.760949,-0.706968,-0.004397,0.401895,1.542003,0.000000,0.000000,0.000000,0.000000,0.000000,0.000000
1778075415.228611,ik_wrist_pelvis_body_frame,1,0,-0.300000,0.225698,0.125446,-0.276897,-0.225990,0.247676,-0.152605,0.204925,-0.113878,-0.080461,-0.272489,0.004765,0.000995,0.002793,1,0,0.000000,0.000000,0.000000,0.827043,-0.395326,-0.273578,1.746878,-0.652819,-0.007922,0.418554,1.528847,0.000000,0.000000,0.000000,0.000000,0.000000,0.000000
1778075415.263209,ik_wrist_pelvis_body_frame,1,0,-0.300000,0.230821,0.104186,-0.300000,-0.227555,0.230132,-0.141713,0.198214,-0.120089,-0.104838,-0.269254,-0.003449,0.001265,0.002245,1,1,0.000000,0.000000,0.000000,0.800436,-0.424555,-0.269213,1.732993,-0.614730,-0.019250,0.441916,1.518102,0.000000,0.000000,0.000000,0.000000,0.000000,0.000000
1778075415.293273,ik_wrist_pelvis_body_frame,1,0,-0.300000,0.246368,0.094426,-0.300000,-0.248699,0.214601,-0.133756,0.198449,-0.128019,-0.107590,-0.274618,-0.006665,0.001160,0.002100,1,1,0.000000,0.000000,0.000000,0.774014,-0.453431,-0.265522,1.718400,-0.579978,-0.035668,0.462558,1.505325,0.000000,0.000000,0.000000,0.000000,0.000000,0.000000
1778075415.334223,ik_wrist_pelvis_body_frame,1,0,-0.300000,0.250269,0.091316,-0.300000,-0.271941,0.204299,-0.133604,0.200117,-0.131605,-0.094332,-0.273970,-0.011040,0.001033,0.002276,1,1,0.000000,0.000000,0.000000,0.751062,-0.477710,-0.263561,1.705535,-0.545851,-0.054086,0.479714,1.488945,0.000000,0.000000,0.000000,0.000000,0.000000,0.000000
1778075415.362308,ik_wrist_pelvis_body_frame,1,0,-0.300000,0.253441,0.078654,-0.300000,-0.287015,0.193739,-0.138028,0.200091,-0.135692,-0.093122,-0.275221,-0.018094,0.001006,0.002171,1,1,0.000000,0.000000,0.000000,0.731985,-0.501429,-0.263108,1.693591,-0.515450,-0.073157,0.494363,1.470784,0.000000,0.000000,0.000000,0.000000,0.000000,0.000000
1778075415.398615,ik_wrist_pelvis_body_frame,1,0,-0.300000,0.257130,0.074987,-0.300000,-0.291814,0.179682,-0.139596,0.199492,-0.135182,-0.082824,-0.271365,-0.027217,0.001013,0.002397,1,1,0.000000,0.000000,0.000000,0.716031,-0.521536,-0.262857,1.682906,-0.489220,-0.093645,0.508509,1.455122,0.000000,0.000000,0.000000,0.000000,0.000000,0.000000
1778075415.429015,ik_wrist_pelvis_body_frame,1,0,-0.300000,0.252446,0.066942,-0.300000,-0.296273,0.167376,-0.145941,0.191978,-0.135369,-0.085347,-0.264243,-0.033828,0.001167,0.002377,1,1,0.000000,0.000000,0.000000,0.705651,-0.540432,-0.263450,1.675056,-0.467878,-0.115305,0.521323,1.442555,0.000000,0.000000,0.000000,0.000000,0.000000,0.000000
1778075415.469318,ik_wrist_pelvis_body_frame,1,0,-0.300000,0.241490,0.056992,-0.300000,-0.296326,0.162568,-0.146151,0.181068,-0.134210,-0.087101,-0.253460,-0.037241,0.001634,0.002453,1,1,0.000000,0.000000,0.000000,0.701259,-0.560281,-0.265460,1.672288,-0.451784,-0.135409,0.531498,1.433928,0.000000,0.000000,0.000000,0.000000,0.000000,0.000000
1778075415.499881,ik_wrist_pelvis_body_frame,1,0,-0.300000,0.239947,0.050346,-0.300000,-0.296823,0.155219,-0.149574,0.176386,-0.137590,-0.087315,-0.245030,-0.040926,0.001666,0.002638,1,1,0.000000,0.000000,0.000000,0.699572,-0.580433,-0.266397,1.672473,-0.439811,-0.155291,0.539223,1.428446,0.000000,0.000000,0.000000,0.000000,0.000000,0.000000
1778075415.528330,ik_wrist_pelvis_body_frame,1,0,-0.300000,0.231193,0.043218,-0.300000,-0.305138,0.146788,-0.155914,0.165909,-0.140747,-0.087809,-0.241161,-0.045133,0.001897,0.002663,1,1,0.000000,0.000000,0.000000,0.702680,-0.601199,-0.266850,1.676523,-0.429717,-0.175894,0.544000,1.422915,0.000000,0.000000,0.000000,0.000000,0.000000,0.000000
1778075415.560887,ik_wrist_pelvis_body_frame,1,0,-0.300000,0.231883,0.039206,-0.300000,-0.310248,0.144143,-0.156672,0.160862,-0.147476,-0.086784,-0.241702,-0.046782,0.001691,0.002609,1,1,0.000000,0.000000,0.000000,0.707044,-0.621901,-0.264646,1.682017,-0.421486,-0.194232,0.546063,1.417386,0.000000,0.000000,0.000000,0.000000,0.000000,0.000000
1778075415.594652,ik_wrist_pelvis_body_frame,1,0,-0.300000,0.237928,0.037157,-0.300000,-0.311239,0.142483,-0.151821,0.159404,-0.156165,-0.086882,-0.241536,-0.049203,0.001286,0.002553,1,1,0.000000,0.000000,0.000000,0.710356,-0.641673,-0.259234,1.686781,-0.415646,-0.209979,0.546311,1.412713,0.000000,0.000000,0.000000,0.000000,0.000000,0.000000
1778075415.631661,ik_wrist_pelvis_body_frame,1,0,-0.300000,0.237203,0.034360,-0.300000,-0.311917,0.140249,-0.152988,0.156218,-0.158735,-0.086513,-0.241227,-0.050695,0.001250,0.002551,1,1,0.000000,0.000000,0.000000,0.714936,-0.659637,-0.252520,1.691439,-0.411636,-0.223744,0.545392,1.408934,0.000000,0.000000,0.000000,0.000000,0.000000,0.000000
1778075415.664387,ik_wrist_pelvis_body_frame,1,0,-0.300000,0.235189,0.033347,-0.300000,-0.315664,0.138069,-0.154913,0.152413,-0.159960,-0.084942,-0.240397,-0.053092,0.001247,0.002537,1,1,0.000000,0.000000,0.000000,0.721162,-0.675252,-0.244937,1.696441,-0.408348,-0.236182,0.543376,1.405041,0.000000,0.000000,0.000000,0.000000,0.000000,0.000000
1778075415.694807,ik_wrist_pelvis_body_frame,1,0,-0.300000,0.234582,0.032110,-0.300000,-0.319352,0.137202,-0.154427,0.150087,-0.160905,-0.084686,-0.239240,-0.053666,0.001228,0.002529,1,1,0.000000,0.000000,0.000000,0.728096,-0.688981,-0.236540,1.701312,-0.405819,-0.246764,0.540357,1.400624,0.000000,0.000000,0.000000,0.000000,0.000000,0.000000
1778075415.728881,ik_wrist_pelvis_body_frame,1,0,-0.300000,0.233987,0.028042,-0.300000,-0.326483,0.132059,-0.152527,0.148828,-0.161657,-0.079064,-0.237829,-0.054937,0.001270,0.002689,1,1,0.000000,0.000000,0.000000,0.735169,-0.702164,-0.227917,1.705574,-0.402677,-0.257253,0.537091,1.394389,0.000000,0.000000,0.000000,0.000000,0.000000,0.000000
1778075415.761821,ik_wrist_pelvis_body_frame,1,0,-0.300000,0.235364,0.026222,-0.300000,-0.333020,0.130994,-0.151417,0.148472,-0.161683,-0.071512,-0.239407,-0.055777,0.001275,0.002813,1,1,0.000000,0.000000,0.000000,0.741665,-0.713869,-0.218983,1.708948,-0.398535,-0.265927,0.533993,1.386768,0.000000,0.000000,0.000000,0.000000,0.000000,0.000000
1778075415.794227,ik_wrist_pelvis_body_frame,1,0,-0.300000,0.237510,0.024158,-0.300000,-0.329090,0.128009,-0.152538,0.148230,-0.161811,-0.071123,-0.236604,-0.054813,0.001281,0.002994,1,1,0.000000,0.000000,0.000000,0.747557,-0.724023,-0.209765,1.710944,-0.396023,-0.273160,0.532402,1.380899,0.000000,0.000000,0.000000,0.000000,0.000000,0.000000
1778075415.827865,ik_wrist_pelvis_body_frame,1,0,-0.300000,0.237808,0.020111,-0.300000,-0.335081,0.125074,-0.154059,0.147344,-0.162121,-0.071747,-0.237161,-0.055203,0.001350,0.002933,1,1,0.000000,0.000000,0.000000,0.753455,-0.733584,-0.200765,1.711757,-0.393133,-0.279880,0.531012,1.374224,0.000000,0.000000,0.000000,0.000000,0.000000,0.000000
1778075415.863410,ik_wrist_pelvis_body_frame,1,0,-0.300000,0.236092,0.016433,-0.300000,-0.342581,0.123939,-0.154382,0.146145,-0.161696,-0.070645,-0.237740,-0.054945,0.001469,0.002916,1,1,0.000000,0.000000,0.000000,0.759741,-0.742742,-0.192447,1.712318,-0.389700,-0.285269,0.529347,1.365662,0.000000,0.000000,0.000000,0.000000,0.000000,0.000000
1778075415.894378,ik_wrist_pelvis_body_frame,1,0,-0.300000,0.235271,0.012165,-0.300000,-0.346318,0.119915,-0.155617,0.144161,-0.162836,-0.069722,-0.238172,-0.056045,0.001538,0.002915,1,1,0.000000,0.000000,0.000000,0.766210,-0.752049,-0.184543,1.712698,-0.386584,-0.290321,0.528089,1.356059,0.000000,0.000000,0.000000,0.000000,0.000000,0.000000
1778075415.925677,ik_wrist_pelvis_body_frame,1,0,-0.300000,0.237909,0.009837,-0.300000,-0.345487,0.115197,-0.152495,0.144396,-0.164082,-0.071338,-0.236257,-0.057090,0.001487,0.002947,1,1,0.000000,0.000000,0.000000,0.771426,-0.760867,-0.176497,1.712441,-0.384804,-0.295561,0.527452,1.347336,0.000000,0.000000,0.000000,0.000000,0.000000,0.000000
1778075415.962088,ik_wrist_pelvis_body_frame,1,0,-0.300000,0.236259,0.008578,-0.300000,-0.344047,0.110647,-0.152804,0.142113,-0.164198,-0.070385,-0.234460,-0.058437,0.001532,0.003068,1,1,0.000000,0.000000,0.000000,0.776932,-0.768715,-0.169141,1.712612,-0.383807,-0.301386,0.527366,1.340498,0.000000,0.000000,0.000000,0.000000,0.000000,0.000000
1778075415.994381,ik_wrist_pelvis_body_frame,1,0,-0.300000,0.234638,0.005130,-0.300000,-0.342323,0.106536,-0.153998,0.138925,-0.165631,-0.071633,-0.232259,-0.059884,0.001582,0.003131,1,1,0.000000,0.000000,0.000000,0.782918,-0.776793,-0.162301,1.713117,-0.383583,-0.307870,0.527553,1.335900,0.000000,0.000000,0.000000,0.000000,0.000000,0.000000
1778075416.028655,ik_wrist_pelvis_body_frame,1,0,-0.300000,0.231719,0.002702,-0.300000,-0.342068,0.102022,-0.153995,0.136419,-0.164562,-0.075747,-0.231486,-0.064115,0.001732,0.002967,1,1,0.000000,0.000000,0.000000,0.789522,-0.784705,-0.156088,1.714462,-0.384083,-0.315536,0.527358,1.332997,0.000000,0.000000,0.000000,0.000000,0.000000,0.000000
1778075416.064158,ik_wrist_pelvis_body_frame,1,0,-0.300000,0.231685,0.001411,-0.300000,-0.343336,0.096941,-0.154439,0.135563,-0.164787,-0.078941,-0.230299,-0.068608,0.001748,0.002826,1,1,0.000000,0.000000,0.000000,0.795809,-0.791937,-0.149855,1.716033,-0.385068,-0.324580,0.526263,1.330994,0.000000,0.000000,0.000000,0.000000,0.000000,0.000000
1778075416.093866,ik_wrist_pelvis_body_frame,1,0,-0.300000,0.231511,-0.000050,-0.300000,-0.346820,0.095111,-0.153433,0.135369,-0.165142,-0.078651,-0.230338,-0.070252,0.001760,0.002753,1,1,0.000000,0.000000,0.000000,0.801607,-0.798609,-0.143763,1.717549,-0.385823,-0.333269,0.523866,1.328956,0.000000,0.000000,0.000000,0.000000,0.000000,0.000000
1778075416.127978,ik_wrist_pelvis_body_frame,1,0,-0.300000,0.230950,-0.001647,-0.300000,-0.347205,0.084122,-0.153638,0.135365,-0.165517,-0.077739,-0.229821,-0.077999,0.001787,0.002703,1,1,0.000000,0.000000,0.000000,0.807066,-0.804743,-0.138009,1.718949,-0.386817,-0.345193,0.521618,1.327106,0.000000,0.000000,0.000000,0.000000,0.000000,0.000000
1778075416.159614,ik_wrist_pelvis_body_frame,1,0,-0.300000,0.229854,-0.004284,-0.300000,-0.345910,0.078026,-0.154532,0.134289,-0.166728,-0.082742,-0.228292,-0.083515,0.001815,0.002540,1,1,0.000000,0.000000,0.000000,0.812475,-0.810937,-0.132676,1.720226,-0.388943,-0.358317,0.518764,1.326689,0.000000,0.000000,0.000000,0.000000,0.000000,0.000000
1778075416.193653,ik_wrist_pelvis_body_frame,1,0,-0.300000,0.231679,-0.004351,-0.300000,-0.345501,0.078096,-0.154184,0.135496,-0.167475,-0.081974,-0.227630,-0.084882,0.001747,0.002508,1,1,0.000000,0.000000,0.000000,0.816856,-0.816039,-0.127201,1.721059,-0.391338,-0.369958,0.514808,1.327846,0.000000,0.000000,0.000000,0.000000,0.000000,0.000000
1778075416.231889,ik_wrist_pelvis_body_frame,1,0,-0.300000,0.235802,0.000802,-0.300000,-0.345417,0.084072,-0.152106,0.138521,-0.165383,-0.083549,-0.228982,-0.083830,0.001650,0.002372,1,1,0.000000,0.000000,0.000000,0.819424,-0.817695,-0.121370,1.721273,-0.394047,-0.377720,0.509507,1.330083,0.000000,0.000000,0.000000,0.000000,0.000000,0.000000
1778075416.267677,ik_wrist_pelvis_body_frame,1,0,-0.300000,0.240195,0.004564,-0.300000,-0.345063,0.086193,-0.152124,0.141585,-0.165600,-0.082725,-0.231788,-0.082943,0.001488,0.002324,1,1,0.000000,0.000000,0.000000,0.820419,-0.816673,-0.115442,1.720113,-0.396695,-0.383206,0.503946,1.332349,0.000000,0.000000,0.000000,0.000000,0.000000,0.000000
1778075416.298550,ik_wrist_pelvis_body_frame,1,0,-0.300000,0.240201,0.009520,-0.300000,-0.346563,0.088488,-0.151938,0.143425,-0.162944,-0.079849,-0.239656,-0.081008,0.001483,0.002274,1,1,0.000000,0.000000,0.000000,0.821194,-0.813014,-0.110457,1.718744,-0.398225,-0.386276,0.498927,1.333738,0.000000,0.000000,0.000000,0.000000,0.000000,0.000000
1778075416.325865,ik_wrist_pelvis_body_frame,1,0,-0.300000,0.241952,0.015162,-0.300000,-0.352646,0.106367,-0.151158,0.148314,-0.160218,-0.077641,-0.256978,-0.076566,0.001456,0.002049,1,1,0.000000,0.000000,0.000000,0.820973,-0.806799,-0.106320,1.716993,-0.397486,-0.381063,0.493608,1.333138,0.000000,0.000000,0.000000,0.000000,0.000000,0.000000
1778075416.365223,ik_wrist_pelvis_body_frame,1,0,-0.300000,0.238583,0.021541,-0.300000,-0.352966,0.122914,-0.154684,0.155082,-0.156917,-0.070550,-0.262891,-0.071095,0.001498,0.002189,1,1,0.000000,0.000000,0.000000,0.821007,-0.797883,-0.104194,1.715999,-0.395577,-0.369043,0.489601,1.331007,0.000000,0.000000,0.000000,0.000000,0.000000,0.000000
1778075416.395470,ik_wrist_pelvis_body_frame,1,0,-0.300000,0.244192,0.032418,-0.300000,-0.342095,0.136578,-0.152497,0.167393,-0.152864,-0.073799,-0.264740,-0.062313,0.001432,0.002166,1,1,0.000000,0.000000,0.000000,0.817912,-0.784802,-0.102840,1.713941,-0.395444,-0.352031,0.488054,1.330411,0.000000,0.000000,0.000000,0.000000,0.000000,0.000000
1778075416.429262,ik_wrist_pelvis_body_frame,1,0,-0.300000,0.251220,0.051151,-0.300000,-0.322773,0.155653,-0.148735,0.181915,-0.152072,-0.077238,-0.264685,-0.053569,0.001154,0.002199,1,1,0.000000,0.000000,0.000000,0.810881,-0.765243,-0.102741,1.710377,-0.398075,-0.329630,0.488672,1.335050,0.000000,0.000000,0.000000,0.000000,0.000000,0.000000
1778075416.465893,ik_wrist_pelvis_body_frame,1,0,-0.300000,0.247850,0.067044,-0.300000,-0.308355,0.171909,-0.151693,0.188586,-0.147101,-0.092627,-0.265278,-0.044498,0.001019,0.001847,1,1,0.000000,0.000000,0.000000,0.803711,-0.740907,-0.105905,1.706905,-0.403616,-0.304259,0.489718,1.342817,0.000000,0.000000,0.000000,0.000000,0.000000,0.000000
1778075416.494943,ik_wrist_pelvis_body_frame,1,0,-0.300000,0.245235,0.078510,-0.300000,-0.301796,0.185153,-0.156484,0.193080,-0.140916,-0.100411,-0.267467,-0.035256,0.000940,0.001708,1,1,0.000000,0.000000,0.000000,0.796796,-0.714535,-0.111556,1.703235,-0.409820,-0.277936,0.490057,1.350099,0.000000,0.000000,0.000000,0.000000,0.000000,0.000000
1778075416.526237,ik_wrist_pelvis_body_frame,1,0,-0.300000,0.239347,0.085902,-0.300000,-0.300110,0.191258,-0.161409,0.194615,-0.135553,-0.104709,-0.268655,-0.031090,0.000916,0.001620,1,1,0.000000,0.000000,0.000000,0.791289,-0.688610,-0.119472,1.700289,-0.415641,-0.253902,0.489792,1.354842,0.000000,0.000000,0.000000,0.000000,0.000000,0.000000
1778075416.561075,ik_wrist_pelvis_body_frame,1,0,-0.300000,0.236820,0.093038,-0.300000,-0.300787,0.192415,-0.159458,0.195682,-0.132114,-0.102653,-0.268708,-0.030315,0.000894,0.001645,1,1,0.000000,0.000000,0.000000,0.785777,-0.664251,-0.128524,1.697951,-0.420114,-0.233961,0.489487,1.357020,0.000000,0.000000,0.000000,0.000000,0.000000,0.000000
1778075416.592299,ik_wrist_pelvis_body_frame,1,0,-0.300000,0.238852,0.098831,-0.300000,-0.295826,0.186749,-0.157810,0.197044,-0.130642,-0.101887,-0.261998,-0.031749,0.000810,0.001760,1,1,0.000000,0.000000,0.000000,0.779196,-0.642014,-0.137514,1.695011,-0.424794,-0.219845,0.490364,1.359608,0.000000,0.000000,0.000000,0.000000,0.000000,0.000000
1778075416.627845,ik_wrist_pelvis_body_frame,1,0,-0.300000,0.238240,0.095522,-0.300000,-0.307749,0.179631,-0.153965,0.195528,-0.130700,-0.096330,-0.261702,-0.032828,0.000883,0.001868,1,1,0.000000,0.000000,0.000000,0.772419,-0.625210,-0.147074,1.691856,-0.425668,-0.212185,0.491035,1.358673,0.000000,0.000000,0.000000,0.000000,0.000000,0.000000
1778075416.663042,ik_wrist_pelvis_body_frame,1,0,-0.300000,0.248189,0.093014,-0.300000,-0.318386,0.171544,-0.155785,0.198174,-0.122404,-0.100596,-0.259313,-0.029990,0.001055,0.001902,1,1,0.000000,0.000000,0.000000,0.763495,-0.611422,-0.154917,1.685511,-0.425124,-0.208866,0.491273,1.353458,0.000000,0.000000,0.000000,0.000000,0.000000,0.000000
1778075416.692838,ik_wrist_pelvis_body_frame,1,0,-0.300000,0.306579,0.106105,-0.300000,-0.321289,0.125440,-0.150099,0.212678,-0.104401,-0.126801,-0.248557,-0.031671,0.001692,0.003030,1,1,0.000000,0.000000,0.000000,0.742073,-0.591662,-0.152973,1.660349,-0.428263,-0.221558,0.493713,1.344956,0.000000,0.000000,0.000000,0.000000,0.000000,0.000000
1778075416.725600,ik_wrist_pelvis_body_frame,1,0,-0.300000,0.313522,0.107273,-0.300000,-0.339483,0.105466,-0.162404,0.204696,-0.083273,-0.134483,-0.252591,-0.032077,0.001777,0.003431,1,1,0.000000,0.000000,0.000000,0.725117,-0.567585,-0.149833,1.626241,-0.429653,-0.239827,0.493121,1.331105,0.000000,0.000000,0.000000,0.000000,0.000000,0.000000
1778075416.761355,ik_wrist_pelvis_body_frame,1,0,-0.294066,0.460409,0.069936,-0.300000,-0.359353,0.085531,-0.100389,0.248344,-0.075187,-0.137637,-0.250965,-0.026562,0.007982,0.004257,0,1,0.000000,0.000000,0.000000,0.678966,-0.549147,-0.134794,1.543516,-0.429574,-0.260095,0.489588,1.309431,0.000000,0.000000,0.000000,0.000000,0.000000,0.000000
1778075416.795039,ik_wrist_pelvis_body_frame,1,0,-0.190611,0.547784,-0.000070,-0.300000,-0.375197,0.066267,-0.041492,0.266582,-0.035476,-0.139747,-0.241121,-0.021793,0.010628,0.005129,1,1,0.000000,0.000000,0.000000,0.600196,-0.534836,-0.109117,1.428779,-0.429835,-0.280648,0.483579,1.280367,0.000000,0.000000,0.000000,0.000000,0.000000,0.000000
1778075416.831006,ik_wrist_pelvis_body_frame,1,0,-0.211029,0.539104,-0.035115,-0.300000,-0.389993,0.072090,-0.047324,0.277457,-0.027890,-0.145176,-0.234052,-0.006672,0.008100,0.005742,1,1,0.000000,0.000000,0.000000,0.541408,-0.518939,-0.097371,1.305189,-0.431416,-0.291338,0.473151,1.246092,0.000000,0.000000,0.000000,0.000000,0.000000,0.000000
1778075416.864254,ik_wrist_pelvis_body_frame,1,0,-0.220871,0.532337,-0.065060,-0.300000,-0.392036,0.054729,-0.052799,0.297956,-0.021799,-0.165464,-0.229361,0.002469,0.007931,0.007531,1,1,0.000000,0.000000,0.000000,0.497593,-0.502725,-0.095682,1.180890,-0.437865,-0.300838,0.460722,1.206905,0.000000,0.000000,0.000000,0.000000,0.000000,0.000000
1778075416.893920,ik_wrist_pelvis_body_frame,1,0,-0.300000,0.352628,-0.048504,-0.300000,-0.396063,0.063950,-0.176754,0.232779,-0.016057,-0.165265,-0.218090,0.025767,0.015866,0.009003,1,1,0.000000,0.000000,0.000000,0.524813,-0.488734,-0.114078,1.097512,-0.446503,-0.300556,0.444918,1.166395,0.000000,0.000000,0.000000,0.000000,0.000000,0.000000
1778075416.928343,ik_wrist_pelvis_body_frame,1,0,-0.300000,0.263589,-0.025114,-0.300000,-0.393570,0.055424,-0.205449,0.192633,0.003105,-0.179126,-0.216581,0.045112,0.028252,0.011700,1,1,0.000000,0.000000,0.000000,0.574847,-0.477326,-0.137165,1.064600,-0.458547,-0.297354,0.427987,1.123613,0.000000,0.000000,0.000000,0.000000,0.000000,0.000000
1778075416.961428,ik_wrist_pelvis_body_frame,1,0,-0.300000,0.227119,-0.037431,-0.300000,-0.401209,0.026599,-0.211168,0.175506,0.002992,-0.167969,-0.217402,0.044931,0.032173,0.012566,1,1,0.000000,0.000000,0.000000,0.626047,-0.484365,-0.160619,1.068844,-0.468899,-0.300653,0.411719,1.075749,0.000000,0.000000,0.000000,0.000000,0.000000,0.000000
1778075416.993830,ik_wrist_pelvis_body_frame,1,0,-0.300000,0.229615,-0.055477,-0.300000,-0.399502,0.012837,-0.204717,0.179920,0.000844,-0.164374,-0.219137,0.045784,0.030486,0.013234,1,1,0.000000,0.000000,0.000000,0.663015,-0.507931,-0.179796,1.093455,-0.479285,-0.304747,0.396854,1.028341,0.000000,0.000000,0.000000,0.000000,0.000000,0.000000
1778075417.026368,ik_wrist_pelvis_body_frame,1,0,-0.300000,0.231697,-0.079977,-0.300000,-0.373662,-0.002053,-0.198365,0.183006,-0.005113,-0.171883,-0.210120,0.046872,0.029889,0.016763,1,1,0.000000,0.000000,0.000000,0.688221,-0.545043,-0.196348,1.126084,-0.495130,-0.311539,0.385195,0.988548,0.000000,0.000000,0.000000,0.000000,0.000000,0.000000
1778075417.060190,ik_wrist_pelvis_body_frame,1,0,-0.300000,0.243459,-0.108887,-0.300000,-0.363223,-0.032705,-0.200005,0.195781,-0.009618,-0.172149,-0.216405,0.041308,0.030060,0.019189,1,1,0.000000,0.000000,0.000000,0.701738,-0.589578,-0.209784,1.154128,-0.510779,-0.327306,0.376551,0.952834,0.000000,0.000000,0.000000,0.000000,0.000000,0.000000
1778075417.092370,ik_wrist_pelvis_body_frame,1,0,-0.300000,0.248834,-0.127981,-0.300000,-0.350066,-0.051904,-0.176446,0.210624,-0.015385,-0.170452,-0.217466,0.037303,0.029393,0.021457,1,1,0.000000,0.000000,0.000000,0.705991,-0.634747,-0.223248,1.175864,-0.526238,-0.347510,0.370900,0.923812,0.000000,0.000000,0.000000,0.000000,0.000000,0.000000
1778075417.124419,ik_wrist_pelvis_body_frame,1,0,-0.300000,0.288329,-0.168974,-0.300000,-0.347980,-0.075218,-0.151185,0.235096,-0.019121,-0.163157,-0.220659,0.035104,0.028009,0.022774,1,1,0.000000,0.000000,0.000000,0.693764,-0.679797,-0.233749,1.174376,-0.538302,-0.372053,0.367810,0.897871,0.000000,0.000000,0.000000,0.000000,0.000000,0.000000
1778075417.162449,ik_wrist_pelvis_body_frame,1,0,-0.300000,0.315913,-0.195776,-0.300000,-0.354355,-0.084257,-0.130510,0.248548,-0.032730,-0.155346,-0.227235,0.029416,0.024362,0.021496,1,1,0.000000,0.000000,0.000000,0.673358,-0.716718,-0.244406,1.151918,-0.545317,-0.394511,0.366020,0.874800,0.000000,0.000000,0.000000,0.000000,0.000000,0.000000
1778075417.193067,ik_wrist_pelvis_body_frame,1,0,-0.300000,0.302338,-0.196747,-0.300000,-0.358008,-0.099164,-0.138644,0.241894,-0.032214,-0.150186,-0.230652,0.022666,0.024760,0.020784,1,1,0.000000,0.000000,0.000000,0.659396,-0.742231,-0.259915,1.124371,-0.549292,-0.416678,0.366033,0.852194,0.000000,0.000000,0.000000,0.000000,0.000000,0.000000
1778075417.228832,ik_wrist_pelvis_body_frame,1,0,-0.300000,0.294367,-0.200622,-0.300000,-0.358972,-0.122227,-0.140918,0.235402,-0.033793,-0.139999,-0.243652,0.013632,0.024832,0.020504,1,1,0.000000,0.000000,0.000000,0.649659,-0.760957,-0.278281,1.095934,-0.550724,-0.440728,0.369060,0.827655,0.000000,0.000000,0.000000,0.000000,0.000000,0.000000
1778075417.259518,ik_wrist_pelvis_body_frame,1,0,-0.300000,0.288601,-0.225996,-0.300000,-0.365642,-0.142145,-0.135473,0.234396,-0.045213,-0.127344,-0.248447,-0.000862,0.024039,0.018387,1,1,0.000000,0.000000,0.000000,0.641903,-0.781805,-0.299014,1.062876,-0.549100,-0.465077,0.374349,0.800878,0.000000,0.000000,0.000000,0.000000,0.000000,0.000000
1778075417.295353,ik_wrist_pelvis_body_frame,1,0,-0.300000,0.277982,-0.253550,-0.300000,-0.370149,-0.152486,-0.126486,0.236692,-0.058411,-0.119220,-0.252952,-0.008685,0.023449,0.017164,1,1,0.000000,0.000000,0.000000,0.636578,-0.805556,-0.322522,1.025724,-0.545888,-0.485795,0.381412,0.773750,0.000000,0.000000,0.000000,0.000000,0.000000,0.000000
1778075417.328511,ik_wrist_pelvis_body_frame,1,0,-0.300000,0.276595,-0.249924,-0.300000,-0.373006,-0.167813,-0.128166,0.237394,-0.064611,-0.112032,-0.256728,-0.019922,0.022443,0.015869,1,1,0.000000,0.000000,0.000000,0.631861,-0.821231,-0.345899,0.992537,-0.542049,-0.505215,0.390175,0.745529,0.000000,0.000000,0.000000,0.000000,0.000000,0.000000
1778075417.365535,ik_wrist_pelvis_body_frame,1,0,-0.300000,0.277918,-0.247500,-0.300000,-0.372266,-0.181289,-0.127888,0.236393,-0.071276,-0.111049,-0.255518,-0.035093,0.021111,0.014244,1,1,0.000000,0.000000,0.000000,0.626748,-0.831101,-0.368289,0.964007,-0.539238,-0.523888,0.399897,0.717473,0.000000,0.000000,0.000000,0.000000,0.000000,0.000000
1778075417.395023,ik_wrist_pelvis_body_frame,1,0,-0.300000,0.282919,-0.251292,-0.300000,-0.370453,-0.192120,-0.121555,0.235621,-0.076060,-0.110807,-0.255477,-0.043336,0.019680,0.013587,1,1,0.000000,0.000000,0.000000,0.619942,-0.838148,-0.389288,0.938087,-0.537645,-0.540906,0.409883,0.690346,0.000000,0.000000,0.000000,0.000000,0.000000,0.000000
1778075417.428163,ik_wrist_pelvis_body_frame,1,0,-0.300000,0.285260,-0.260699,-0.300000,-0.369451,-0.198642,-0.120007,0.235595,-0.081621,-0.108268,-0.256917,-0.045729,0.018607,0.013536,1,1,0.000000,0.000000,0.000000,0.612902,-0.844553,-0.409383,0.912581,-0.536681,-0.554900,0.419727,0.664716,0.000000,0.000000,0.000000,0.000000,0.000000,0.000000
1778075417.464298,ik_wrist_pelvis_body_frame,1,0,-0.300000,0.279891,-0.269214,-0.300000,-0.365602,-0.206663,-0.119254,0.233246,-0.082584,-0.109656,-0.256045,-0.046587,0.018813,0.013838,1,1,0.000000,0.000000,0.000000,0.608100,-0.851047,-0.429493,0.887919,-0.537266,-0.567086,0.429471,0.640095,0.000000,0.000000,0.000000,0.000000,0.000000,0.000000
1778075417.494917,ik_wrist_pelvis_body_frame,1,0,-0.300000,0.284872,-0.288736,-0.300000,-0.365661,-0.205769,-0.108427,0.237770,-0.092966,-0.109519,-0.255340,-0.046745,0.017061,0.013733,1,1,0.000000,0.000000,0.000000,0.601801,-0.859167,-0.448720,0.859967,-0.538130,-0.575034,0.438315,0.617816,0.000000,0.000000,0.000000,0.000000,0.000000,0.000000
1778075417.529155,ik_wrist_pelvis_body_frame,1,0,-0.300000,0.282048,-0.299726,-0.300000,-0.363272,-0.206620,-0.104195,0.241559,-0.099903,-0.107980,-0.253316,-0.047919,0.016569,0.013810,1,1,0.000000,0.000000,0.000000,0.596903,-0.866676,-0.467886,0.830939,-0.539607,-0.580776,0.446439,0.597942,0.000000,0.000000,0.000000,0.000000,0.000000,0.000000
1778075417.563618,ik_wrist_pelvis_body_frame,1,0,-0.300000,0.275626,-0.299400,-0.300000,-0.362741,-0.206867,-0.104104,0.239387,-0.104468,-0.109446,-0.254347,-0.048729,0.016408,0.013777,1,1,0.000000,0.000000,0.000000,0.594694,-0.871894,-0.486821,0.805008,-0.541233,-0.584399,0.453681,0.580221,0.000000,0.000000,0.000000,0.000000,0.000000,0.000000
1778075417.595825,ik_wrist_pelvis_body_frame,1,0,-0.300000,0.272419,-0.299040,-0.300000,-0.363914,-0.209706,-0.104169,0.238236,-0.111844,-0.107602,-0.256831,-0.050518,0.015781,0.013555,1,1,0.000000,0.000000,0.000000,0.593612,-0.875599,-0.504780,0.783115,-0.542341,-0.587005,0.460136,0.563682,0.000000,0.000000,0.000000,0.000000,0.000000,0.000000
1778075417.630010,ik_wrist_pelvis_body_frame,1,0,-0.300000,0.275967,-0.303541,-0.300000,-0.366707,-0.222016,-0.109972,0.236479,-0.117944,-0.106092,-0.263460,-0.053680,0.014558,0.013183,1,1,0.000000,0.000000,0.000000,0.592115,-0.878155,-0.520648,0.762854,-0.542805,-0.590857,0.466195,0.545409,0.000000,0.000000,0.000000,0.000000,0.000000,0.000000
1778075417.663091,ik_wrist_pelvis_body_frame,1,0,-0.300000,0.293013,-0.337255,-0.300000,-0.360071,-0.220456,-0.083508,0.246617,-0.134700,-0.099268,-0.259280,-0.054893,0.012018,0.013791,1,1,0.000000,0.000000,0.000000,0.584703,-0.884776,-0.534317,0.735125,-0.544632,-0.593719,0.472116,0.529522,0.000000,0.000000,0.000000,0.000000,0.000000,0.000000
1778075417.696414,ik_wrist_pelvis_body_frame,1,0,-0.267051,0.295523,-0.368387,-0.300000,-0.354354,-0.222725,-0.065394,0.245451,-0.135493,-0.099862,-0.255479,-0.055172,0.013042,0.014278,0,1,0.000000,0.000000,0.000000,0.568126,-0.898053,-0.544618,0.697922,-0.547772,-0.596889,0.477854,0.515868,0.000000,0.000000,0.000000,0.000000,0.000000,0.000000
1778075417.728559,ik_wrist_pelvis_body_frame,1,0,-0.240161,0.318865,-0.367817,-0.300000,-0.355312,-0.225516,-0.044988,0.252931,-0.138947,-0.106626,-0.246061,-0.055546,0.012559,0.013555,0,1,0.000000,0.000000,0.000000,0.540033,-0.904663,-0.549389,0.658585,-0.551261,-0.599733,0.482362,0.503249,0.000000,0.000000,0.000000,0.000000,0.000000,0.000000
1778075417.774728,ik_wrist_pelvis_body_frame,1,0,-0.267024,0.313379,-0.354535,-0.300000,-0.358904,-0.221774,-0.058260,0.250255,-0.133817,-0.110524,-0.247522,-0.053508,0.012039,0.013314,0,1,0.000000,0.000000,0.000000,0.528670,-0.902837,-0.556309,0.628069,-0.553867,-0.599437,0.485196,0.491753,0.000000,0.000000,0.000000,0.000000,0.000000,0.000000
1778075417.795572,ik_wrist_pelvis_body_frame,1,0,-0.295757,0.302909,-0.341389,-0.300000,-0.366320,-0.222145,-0.070600,0.243987,-0.128817,-0.113340,-0.252242,-0.053645,0.011608,0.012493,0,1,0.000000,0.000000,0.000000,0.533567,-0.895330,-0.565631,0.606649,-0.554920,-0.596999,0.486413,0.479386,0.000000,0.000000,0.000000,0.000000,0.000000,0.000000
1778075417.827817,ik_wrist_pelvis_body_frame,1,0,-0.300000,0.278053,-0.305452,-0.300000,-0.360378,-0.212004,-0.108075,0.224752,-0.115046,-0.118659,-0.248148,-0.053309,0.013851,0.013076,1,1,0.000000,0.000000,0.000000,0.549620,-0.882694,-0.574735,0.597339,-0.558075,-0.592010,0.486516,0.469356,0.000000,0.000000,0.000000,0.000000,0.000000,0.000000
1778075417.862433,ik_wrist_pelvis_body_frame,1,0,-0.300000,0.290209,-0.309436,-0.300000,-0.360858,-0.213031,-0.106231,0.231636,-0.118039,-0.115464,-0.249892,-0.054275,0.012519,0.013006,1,1,0.000000,0.000000,0.000000,0.559562,-0.871445,-0.580709,0.588591,-0.560758,-0.587755,0.485737,0.459784,0.000000,0.000000,0.000000,0.000000,0.000000,0.000000
1778075417.904648,ik_wrist_pelvis_body_frame,1,0,-0.300000,0.311052,-0.329952,-0.300000,-0.362694,-0.212372,-0.083211,0.246442,-0.124417,-0.112376,-0.250983,-0.054149,0.011008,0.012879,1,1,0.000000,0.000000,0.000000,0.560390,-0.863615,-0.584397,0.574350,-0.562625,-0.583519,0.484234,0.450823,0.000000,0.000000,0.000000,0.000000,0.000000,0.000000
1778075417.934426,ik_wrist_pelvis_body_frame,1,0,-0.264139,0.327305,-0.346374,-0.300000,-0.358393,-0.224559,-0.058107,0.255724,-0.129720,-0.109984,-0.250309,-0.058325,0.011684,0.012895,0,1,0.000000,0.000000,0.000000,0.545042,-0.861012,-0.584381,0.552323,-0.565531,-0.583909,0.482863,0.440457,0.000000,0.000000,0.000000,0.000000,0.000000,0.000000
1778075417.962257,ik_wrist_pelvis_body_frame,1,0,-0.213337,0.336886,-0.372042,-0.300000,-0.351947,-0.239796,-0.032454,0.258131,-0.140043,-0.105434,-0.249152,-0.063591,0.011988,0.013012,0,1,0.000000,0.000000,0.000000,0.512483,-0.866433,-0.580206,0.520585,-0.569808,-0.589238,0.481829,0.428389,0.000000,0.000000,0.000000,0.000000,0.000000,0.000000
1778075417.995413,ik_wrist_pelvis_body_frame,1,0,-0.205816,0.329438,-0.385383,-0.300000,-0.346887,-0.252246,-0.031016,0.254059,-0.147777,-0.095944,-0.255141,-0.071402,0.011367,0.013197,0,1,0.000000,0.000000,0.000000,0.485434,-0.874779,-0.575885,0.488266,-0.574105,-0.597603,0.481193,0.415702,0.000000,0.000000,0.000000,0.000000,0.000000,0.000000
1778075418.029195,ik_wrist_pelvis_body_frame,1,0,-0.205951,0.311499,-0.399474,-0.300000,-0.342351,-0.270240,-0.035099,0.248516,-0.154358,-0.086867,-0.254819,-0.078372,0.011502,0.013035,0,1,0.000000,0.000000,0.000000,0.469724,-0.887086,-0.572449,0.457150,-0.578573,-0.609870,0.481067,0.401785,0.000000,0.000000,0.000000,0.000000,0.000000,0.000000
1778075418.063855,ik_wrist_pelvis_body_frame,1,0,-0.174439,0.290921,-0.426098,-0.300000,-0.337103,-0.282668,-0.027105,0.242702,-0.159744,-0.080130,-0.259713,-0.081600,0.012528,0.013627,0,1,0.000000,0.000000,0.000000,0.452068,-0.907822,-0.567222,0.419732,-0.583243,-0.623200,0.481441,0.387535,0.000000,0.000000,0.000000,0.000000,0.000000,0.000000
1778075418.095678,ik_wrist_pelvis_body_frame,1,0,-0.135125,0.278736,-0.446068,-0.287671,-0.342258,-0.295403,-0.009113,0.238848,-0.168121,-0.069559,-0.267724,-0.088949,0.012900,0.013664,0,0,0.000000,0.000000,0.000000,0.425181,-0.931831,-0.558294,0.374881,-0.581556,-0.636865,0.481084,0.371392,0.000000,0.000000,0.000000,0.000000,0.000000,0.000000
1778075418.128200,ik_wrist_pelvis_body_frame,1,0,-0.141796,0.263439,-0.452110,-0.272978,-0.343310,-0.302586,-0.007951,0.232138,-0.175506,-0.058250,-0.270945,-0.095776,0.012657,0.014177,0,0,0.000000,0.000000,0.000000,0.409499,-0.953909,-0.548590,0.333938,-0.574669,-0.650345,0.479910,0.354731,0.000000,0.000000,0.000000,0.000000,0.000000,0.000000
1778075418.162693,ik_wrist_pelvis_body_frame,1,0,-0.131711,0.256963,-0.459923,-0.259648,-0.343020,-0.310222,-0.004277,0.228952,-0.180370,-0.049864,-0.273951,-0.102251,0.012263,0.014626,0,0,0.000000,0.000000,0.000000,0.396926,-0.973353,-0.537073,0.294209,-0.564423,-0.663898,0.478025,0.338061,0.000000,0.000000,0.000000,0.000000,0.000000,0.000000
1778075418.196249,ik_wrist_pelvis_body_frame,1,0,-0.122386,0.247796,-0.467645,-0.247878,-0.341708,-0.317613,0.000076,0.224467,-0.184267,-0.043662,-0.275425,-0.105396,0.012063,0.015168,0,0,0.000000,0.000000,0.000000,0.386371,-0.991104,-0.523692,0.254921,-0.552436,-0.677269,0.475497,0.321440,0.000000,0.000000,0.000000,0.000000,0.000000,0.000000
1778075418.227702,ik_wrist_pelvis_body_frame,1,0,-0.117159,0.236467,-0.474040,-0.242733,-0.336709,-0.320072,0.001489,0.222864,-0.193690,-0.037395,-0.274784,-0.105747,0.011817,0.016242,0,0,0.000000,0.000000,0.000000,0.379454,-1.007556,-0.508645,0.216606,-0.542070,-0.689466,0.472783,0.306522,0.000000,0.000000,0.000000,0.000000,0.000000,0.000000
1778075418.262146,ik_wrist_pelvis_body_frame,1,0,-0.138405,0.220983,-0.474153,-0.208922,-0.328305,-0.344260,-0.005468,0.216940,-0.199218,-0.027069,-0.277665,-0.111806,0.012111,0.017806,0,0,0.000000,0.000000,0.000000,0.388746,-1.022066,-0.493146,0.185852,-0.523856,-0.708381,0.468568,0.285182,0.000000,0.000000,0.000000,0.000000,0.000000,0.000000
1778075418.292189,ik_wrist_pelvis_body_frame,1,0,-0.145732,0.201146,-0.479117,-0.165510,-0.321017,-0.362520,-0.009069,0.210293,-0.206290,-0.008575,-0.281913,-0.115574,0.012307,0.020077,0,0,0.000000,0.000000,0.000000,0.409344,-1.038369,-0.477305,0.160073,-0.493306,-0.730361,0.461679,0.255251,0.000000,0.000000,0.000000,0.000000,0.000000,0.000000
1778075418.327916,ik_wrist_pelvis_body_frame,1,0,-0.152041,0.188884,-0.485433,-0.146946,-0.311369,-0.372558,-0.011184,0.200881,-0.212529,0.001511,-0.281721,-0.121453,0.011496,0.020976,0,0,0.000000,0.000000,0.000000,0.436669,-1.054871,-0.461140,0.139117,-0.462551,-0.751024,0.452695,0.220886,0.000000,0.000000,0.000000,0.000000,0.000000,0.000000
1778075418.358865,ik_wrist_pelvis_body_frame,1,0,-0.149314,0.182153,-0.494512,-0.147118,-0.307854,-0.374978,-0.012419,0.192577,-0.217072,0.004504,-0.279155,-0.124252,0.010208,0.020804,0,0,0.000000,0.000000,0.000000,0.463735,-1.071178,-0.444402,0.120249,-0.439695,-0.766257,0.441883,0.186598,0.000000,0.000000,0.000000,0.000000,0.000000,0.000000
1778075418.392311,ik_wrist_pelvis_body_frame,1,0,-0.138929,0.182816,-0.503879,-0.146162,-0.305976,-0.376420,-0.012954,0.188086,-0.222307,0.009774,-0.276246,-0.126649,0.008765,0.020785,0,0,0.000000,0.000000,0.000000,0.483322,-1.087054,-0.426912,0.104794,-0.422571,-0.777709,0.429222,0.156546,0.000000,0.000000,0.000000,0.000000,0.000000,0.000000
1778075418.427886,ik_wrist_pelvis_body_frame,1,0,-0.130702,0.179686,-0.509003,-0.138498,-0.301341,-0.383028,-0.011516,0.185732,-0.225272,0.011976,-0.274901,-0.129769,0.008390,0.020742,0,0,0.000000,0.000000,0.000000,0.495530,-1.100902,-0.409058,0.092740,-0.406648,-0.790524,0.415236,0.133106,0.000000,0.000000,0.000000,0.000000,0.000000,0.000000
1778075418.459259,ik_wrist_pelvis_body_frame,1,0,-0.132416,0.176277,-0.511186,-0.149002,-0.295581,-0.381537,-0.010867,0.181813,-0.228276,0.010345,-0.272029,-0.130891,0.008088,0.021231,0,0,0.000000,0.000000,0.000000,0.505564,-1.111703,-0.391382,0.083337,-0.399921,-0.800966,0.400704,0.114823,0.000000,0.000000,0.000000,0.000000,0.000000,0.000000
1778075418.495955,ik_wrist_pelvis_body_frame,1,0,-0.114209,0.182117,-0.513432,-0.152841,-0.279490,-0.391457,0.002409,0.182269,-0.229723,0.013023,-0.264076,-0.142219,0.008308,0.021375,0,0,0.000000,0.000000,0.000000,0.503400,-1.120129,-0.373637,0.076003,-0.400412,-0.816466,0.386050,0.100562,0.000000,0.000000,0.000000,0.000000,0.000000,0.000000
1778075418.540073,ik_wrist_pelvis_body_frame,1,0,-0.119298,0.180254,-0.509307,-0.148001,-0.275918,-0.397163,0.008637,0.180133,-0.225908,0.013646,-0.264662,-0.150184,0.008909,0.020783,0,0,0.000000,0.000000,0.000000,0.499521,-1.126700,-0.356469,0.070282,-0.400289,-0.832176,0.371278,0.089438,0.000000,0.000000,0.000000,0.000000,0.000000,0.000000
1778075418.565182,ik_wrist_pelvis_body_frame,1,0,-0.104311,0.185151,-0.510756,-0.166351,-0.277303,-0.394213,0.015512,0.182422,-0.224641,0.004977,-0.262165,-0.152482,0.009092,0.019540,0,0,0.000000,0.000000,0.000000,0.487212,-1.131826,-0.339625,0.065820,-0.409069,-0.841454,0.356861,0.080762,0.000000,0.000000,0.000000,0.000000,0.000000,0.000000
1778075418.594592,ik_wrist_pelvis_body_frame,1,0,-0.162537,0.167238,-0.490831,-0.149972,-0.275940,-0.405524,0.006819,0.173486,-0.216139,0.009508,-0.263069,-0.163542,0.011968,0.018378,0,0,0.000000,0.000000,0.000000,0.503821,-1.135825,-0.325491,0.067248,-0.410099,-0.854179,0.342459,0.073994,0.000000,0.000000,0.000000,0.000000,0.000000,0.000000
1778075418.633381,ik_wrist_pelvis_body_frame,1,0,-0.179238,0.158981,-0.485394,-0.134266,-0.276538,-0.412324,0.001837,0.170398,-0.214301,0.014932,-0.264462,-0.168628,0.012210,0.017872,0,0,0.000000,0.000000,0.000000,0.537214,-1.138943,-0.314142,0.074357,-0.402116,-0.867798,0.328117,0.068715,0.000000,0.000000,0.000000,0.000000,0.000000,0.000000
1778075418.662459,ik_wrist_pelvis_body_frame,1,0,-0.171395,0.160705,-0.487378,-0.139382,-0.279984,-0.409280,0.008000,0.169364,-0.216564,0.010713,-0.267594,-0.169805,0.011829,0.017487,0,0,0.000000,0.000000,0.000000,0.567672,-1.141376,-0.303937,0.078740,-0.396248,-0.876236,0.314264,0.064598,0.000000,0.000000,0.000000,0.000000,0.000000,0.000000
1778075418.696939,ik_wrist_pelvis_body_frame,1,0,-0.168545,0.157434,-0.491338,-0.143471,-0.282470,-0.413254,0.008888,0.165822,-0.218689,0.008614,-0.264076,-0.175589,0.011447,0.015892,0,0,0.000000,0.000000,0.000000,0.593736,-1.143273,-0.294264,0.078312,-0.393535,-0.883024,0.300992,0.061386,0.000000,0.000000,0.000000,0.000000,0.000000,0.000000
1778075418.733316,ik_wrist_pelvis_body_frame,1,0,-0.172993,0.161439,-0.489799,-0.136476,-0.284003,-0.421840,0.009101,0.163845,-0.218868,0.012454,-0.259412,-0.183932,0.011093,0.014319,0,0,0.000000,0.000000,0.000000,0.615634,-1.144753,-0.284874,0.079400,-0.388208,-0.891379,0.288141,0.058881,0.000000,0.000000,0.000000,0.000000,0.000000,0.000000
1778075418.764436,ik_wrist_pelvis_body_frame,1,0,-0.172988,0.157306,-0.489893,-0.134109,-0.290918,-0.418640,0.008665,0.164195,-0.222240,0.014860,-0.262338,-0.184669,0.011230,0.014084,0,0,0.000000,0.000000,0.000000,0.634812,-1.145907,-0.275924,0.079426,-0.380878,-0.895686,0.275741,0.056928,0.000000,0.000000,0.000000,0.000000,0.000000,0.000000
1778075418.797727,ik_wrist_pelvis_body_frame,1,0,-0.115097,0.177606,-0.507428,-0.133912,-0.291676,-0.420178,0.026040,0.172423,-0.229361,0.015358,-0.259350,-0.182562,0.010750,0.013726,0,0,0.000000,0.000000,0.000000,0.620741,-1.146808,-0.265262,0.072952,-0.374473,-0.899214,0.263920,0.055403,0.000000,0.000000,0.000000,0.000000,0.000000,0.000000
1778075418.833310,ik_wrist_pelvis_body_frame,1,0,-0.114488,0.181313,-0.507048,-0.125357,-0.306884,-0.418399,0.022776,0.176194,-0.228636,0.018894,-0.261261,-0.180656,0.009611,0.012476,0,0,0.000000,0.000000,0.000000,0.595526,-1.147510,-0.254187,0.067903,-0.362675,-0.898316,0.252427,0.054215,0.000000,0.000000,0.000000,0.000000,0.000000,0.000000
1778075418.857856,ik_wrist_pelvis_body_frame,1,0,-0.114810,0.180254,-0.508039,-0.135861,-0.320745,-0.410437,0.021642,0.175584,-0.229258,0.015634,-0.259761,-0.175504,0.009296,0.011405,0,0,0.000000,0.000000,0.000000,0.570043,-1.148058,-0.243366,0.063964,-0.355302,-0.891035,0.241586,0.053287,0.000000,0.000000,0.000000,0.000000,0.000000,0.000000
1778075418.894385,ik_wrist_pelvis_body_frame,1,0,-0.046541,0.187542,-0.530064,-0.245109,-0.330409,-0.368944,0.034793,0.173463,-0.238367,-0.039067,-0.242383,-0.155924,0.009698,0.009609,0,0,0.000000,0.000000,0.000000,0.513723,-1.148485,-0.231366,0.060892,-0.397692,-0.863957,0.234176,0.063407,0.000000,0.000000,0.000000,0.000000,0.000000,0.000000
1778075418.927033,ik_wrist_pelvis_body_frame,1,0,-0.040210,0.183079,-0.528205,-0.228775,-0.344220,-0.373251,0.043284,0.174366,-0.239858,-0.028400,-0.238068,-0.156497,0.009583,0.007764,0,0,0.000000,0.000000,0.000000,0.448979,-1.148818,-0.219426,0.058496,-0.426168,-0.841948,0.226954,0.068987,0.000000,0.000000,0.000000,0.000000,0.000000,0.000000
1778075418.961044,ik_wrist_pelvis_body_frame,1,0,-0.046411,0.177424,-0.527158,-0.217309,-0.349229,-0.384098,0.041382,0.174915,-0.240871,-0.027635,-0.232996,-0.158356,0.009844,0.006647,0,0,0.000000,0.000000,0.000000,0.392353,-1.149078,-0.208412,0.056627,-0.443160,-0.826435,0.219600,0.069137,0.000000,0.000000,0.000000,0.000000,0.000000,0.000000
1778075418.996795,ik_wrist_pelvis_body_frame,1,0,-0.058301,0.172276,-0.527927,-0.209669,-0.350259,-0.394328,0.035142,0.172493,-0.242438,-0.030935,-0.231311,-0.164685,0.010065,0.005578,0,0,0.000000,0.000000,0.000000,0.352493,-1.149281,-0.198747,0.055169,-0.453555,-0.816059,0.211998,0.064927,0.000000,0.000000,0.000000,0.000000,0.000000,0.000000
1778075419.026754,ik_wrist_pelvis_body_frame,1,0,-0.059765,0.178143,-0.530252,-0.228009,-0.343810,-0.396164,0.028706,0.172877,-0.244482,-0.042126,-0.222093,-0.169014,0.008705,0.004815,0,0,0.000000,0.000000,0.000000,0.324288,-1.149439,-0.190050,0.054032,-0.471037,-0.807902,0.204532,0.061643,0.000000,0.000000,0.000000,0.000000,0.000000,0.000000
1778075419.060313,ik_wrist_pelvis_body_frame,1,0,-0.053094,0.180296,-0.536629,-0.246848,-0.345749,-0.390271,0.021439,0.169894,-0.245638,-0.052993,-0.213172,-0.166770,0.007814,0.004077,0,0,0.000000,0.000000,0.000000,0.300987,-1.149563,-0.181884,0.053145,-0.493306,-0.797849,0.197248,0.059897,0.000000,0.000000,0.000000,0.000000,0.000000,0.000000
1778075419.096657,ik_wrist_pelvis_body_frame,1,0,-0.065927,0.171462,-0.538264,-0.254647,-0.345006,-0.388368,0.020404,0.162181,-0.247968,-0.056962,-0.209662,-0.170538,0.008591,0.003703,0,0,0.000000,0.000000,0.000000,0.289999,-1.149659,-0.174710,0.052453,-0.514953,-0.788904,0.190061,0.058830,0.000000,0.000000,0.000000,0.000000,0.000000,0.000000
1778075419.124469,ik_wrist_pelvis_body_frame,1,0,-0.144165,0.140166,-0.525090,-0.261936,-0.332194,-0.393086,0.005987,0.140027,-0.252022,-0.055531,-0.201455,-0.182906,0.011921,0.003761,0,0,0.000000,0.000000,0.000000,0.330918,-1.149734,-0.170657,0.051913,-0.538220,-0.785582,0.183123,0.058456,0.000000,0.000000,0.000000,0.000000,0.000000,0.000000
1778075419.160419,ik_wrist_pelvis_body_frame,1,0,-0.147926,0.138192,-0.527440,-0.267711,-0.319157,-0.398144,0.006393,0.130999,-0.257622,-0.055904,-0.194755,-0.195557,0.009093,0.003773,0,0,0.000000,0.000000,0.000000,0.389848,-1.149792,-0.167791,0.051492,-0.562638,-0.787532,0.176541,0.059884,0.000000,0.000000,0.000000,0.000000,0.000000,0.000000
1778075419.197965,ik_wrist_pelvis_body_frame,1,0,-0.143802,0.134974,-0.535596,-0.215643,-0.321313,-0.429230,0.000985,0.124776,-0.266084,-0.034837,-0.195559,-0.216055,0.008065,0.003479,0,0,0.000000,0.000000,0.000000,0.449151,-1.149838,-0.165112,0.051164,-0.561861,-0.803468,0.169350,0.057938,0.000000,0.000000,0.000000,0.000000,0.000000,0.000000
1778075419.228428,ik_wrist_pelvis_body_frame,1,0,-0.170025,0.135432,-0.530058,-0.222178,-0.306327,-0.436432,-0.011576,0.118592,-0.268101,-0.040516,-0.192837,-0.223762,0.005913,0.003229,0,0,0.000000,0.000000,0.000000,0.513486,-1.149874,-0.162689,0.050908,-0.565261,-0.820924,0.162573,0.057347,0.000000,0.000000,0.000000,0.000000,0.000000,0.000000
1778075419.261523,ik_wrist_pelvis_body_frame,1,0,-0.192882,0.132849,-0.525006,-0.209304,-0.297607,-0.449168,-0.022318,0.110393,-0.268280,-0.036020,-0.189934,-0.233171,0.004557,0.003127,0,0,0.000000,0.000000,0.000000,0.582345,-1.149902,-0.160364,0.050708,-0.565609,-0.841580,0.155970,0.056418,0.000000,0.000000,0.000000,0.000000,0.000000,0.000000
1778075419.298229,ik_wrist_pelvis_body_frame,1,0,-0.193679,0.134851,-0.522484,-0.184420,-0.280492,-0.468137,-0.017845,0.107438,-0.269679,-0.020657,-0.183152,-0.245303,0.004400,0.003486,0,0,0.000000,0.000000,0.000000,0.643740,-1.149923,-0.157558,0.050552,-0.559073,-0.870144,0.149449,0.055121,0.000000,0.000000,0.000000,0.000000,0.000000,0.000000
1778075419.329840,ik_wrist_pelvis_body_frame,1,0,-0.193861,0.130603,-0.521601,-0.167771,-0.269260,-0.477470,-0.013326,0.101615,-0.271415,-0.006849,-0.177389,-0.249776,0.004794,0.003921,0,0,0.000000,0.000000,0.000000,0.696858,-1.149940,-0.154316,0.050431,-0.547608,-0.900506,0.143102,0.054302,0.000000,0.000000,0.000000,0.000000,0.000000,0.000000
1778075419.362707,ik_wrist_pelvis_body_frame,1,0,-0.197022,0.127789,-0.519756,-0.161915,-0.260225,-0.482130,-0.012919,0.100261,-0.271475,0.000178,-0.171460,-0.253069,0.004943,0.004206,0,0,0.000000,0.000000,0.000000,0.742776,-1.149953,-0.150753,0.050336,-0.536486,-0.929223,0.137156,0.054343,0.000000,0.000000,0.000000,0.000000,0.000000,0.000000
1778075419.399150,ik_wrist_pelvis_body_frame,1,0,-0.191889,0.125859,-0.523847,-0.160895,-0.252494,-0.485396,-0.011944,0.100000,-0.273334,0.002778,-0.166525,-0.255487,0.005060,0.004350,1,0,0.000000,0.000000,0.000000,0.779789,-1.149964,-0.146865,0.050262,-0.528593,-0.955394,0.131773,0.055620,0.000000,0.000000,0.000000,0.000000,0.000000,0.000000
1778075419.437576,ik_wrist_pelvis_body_frame,1,0,-0.185521,0.125664,-0.527212,-0.156670,-0.245949,-0.488346,-0.009146,0.100000,-0.274103,0.007208,-0.163528,-0.257890,0.005386,0.004595,1,0,0.000000,0.000000,0.000000,0.807202,-1.149972,-0.142688,0.050204,-0.522125,-0.979612,0.126922,0.057883,0.000000,0.000000,0.000000,0.000000,0.000000,0.000000
1778075419.462569,ik_wrist_pelvis_body_frame,1,0,-0.182907,0.125759,-0.528153,-0.161481,-0.241553,-0.488211,-0.006559,0.100000,-0.275112,0.005369,-0.161228,-0.261743,0.005653,0.004636,1,0,0.000000,0.000000,0.000000,0.826935,-1.149978,-0.138362,0.050159,-0.520261,-1.000427,0.122884,0.062439,0.000000,0.000000,0.000000,0.000000,0.000000,0.000000
1778075419.496947,ik_wrist_pelvis_body_frame,1,0,-0.180399,0.127480,-0.528093,-0.165314,-0.237432,-0.489829,-0.002823,0.100000,-0.276172,0.001994,-0.158794,-0.264826,0.005933,0.004441,1,0,0.000000,0.000000,0.000000,0.839883,-1.149983,-0.133958,0.050124,-0.522689,-1.018824,0.119732,0.068857,0.000000,0.000000,0.000000,0.000000,0.000000,0.000000
1778075419.532654,ik_wrist_pelvis_body_frame,1,0,-0.177504,0.128750,-0.529087,-0.165931,-0.234197,-0.492910,-0.000850,0.100000,-0.278211,0.000092,-0.154609,-0.267369,0.006095,0.004118,1,0,0.000000,0.000000,0.000000,0.847326,-1.149987,-0.129553,0.050097,-0.527102,-1.035871,0.117316,0.076532,0.000000,0.000000,0.000000,0.000000,0.000000,0.000000
1778075419.566087,ik_wrist_pelvis_body_frame,1,0,-0.178510,0.127939,-0.529196,-0.164083,-0.232033,-0.496520,-0.001252,0.100000,-0.280193,-0.000466,-0.150545,-0.267797,0.006080,0.003795,1,0,0.000000,0.000000,0.000000,0.852582,-1.149989,-0.125314,0.050076,-0.531278,-1.051933,0.115422,0.084907,0.000000,0.000000,0.000000,0.000000,0.000000,0.000000
1778075419.596787,ik_wrist_pelvis_body_frame,1,0,-0.183437,0.127491,-0.529319,-0.166473,-0.231889,-0.496165,-0.006179,0.100000,-0.281070,-0.002240,-0.150788,-0.266826,0.005528,0.003717,1,0,0.000000,0.000000,0.000000,0.858534,-1.149992,-0.121346,0.050059,-0.535810,-1.065357,0.114141,0.094399,0.000000,0.000000,0.000000,0.000000,0.000000,0.000000
1778075419.632463,ik_wrist_pelvis_body_frame,1,0,-0.183394,0.126891,-0.531219,-0.167793,-0.233528,-0.495813,-0.008868,0.100000,-0.281964,-0.004081,-0.151687,-0.265654,0.005319,0.003583,1,0,0.000000,0.000000,0.000000,0.864450,-1.149994,-0.117589,0.050046,-0.539853,-1.076232,0.113379,0.104511,0.000000,0.000000,0.000000,0.000000,0.000000,0.000000
1778075419.666211,ik_wrist_pelvis_body_frame,1,0,-0.169803,0.128631,-0.537261,-0.164129,-0.236734,-0.497941,-0.005633,0.100000,-0.285099,-0.005994,-0.154114,-0.264544,0.005995,0.003308,1,0,0.000000,0.000000,0.000000,0.864436,-1.149995,-0.113763,0.050036,-0.540807,-1.085269,0.112721,0.113784,0.000000,0.000000,0.000000,0.000000,0.000000,0.000000
1778075419.700621,ik_wrist_pelvis_body_frame,1,0,-0.155929,0.132298,-0.542755,-0.166722,-0.239919,-0.498159,-0.004740,0.100000,-0.287287,-0.011828,-0.156371,-0.264251,0.006553,0.002981,1,0,0.000000,0.000000,0.000000,0.856123,-1.149996,-0.109753,0.050028,-0.541417,-1.091497,0.112401,0.122364,0.000000,0.000000,0.000000,0.000000,0.000000,0.000000
1778075419.731241,ik_wrist_pelvis_body_frame,1,0,-0.148371,0.134050,-0.544441,-0.163546,-0.243569,-0.498419,-0.005265,0.100000,-0.288146,-0.011603,-0.157830,-0.263717,0.006789,0.002883,1,0,0.000000,0.000000,0.000000,0.842333,-1.149997,-0.105702,0.050022,-0.539512,-1.096105,0.112050,0.129580,0.000000,0.000000,0.000000,0.000000,0.000000,0.000000
1778075419.763994,ik_wrist_pelvis_body_frame,1,0,-0.140954,0.135967,-0.545935,-0.159466,-0.248268,-0.499333,-0.013216,0.100000,-0.288585,-0.014918,-0.158983,-0.263782,0.006532,0.002543,1,1,0.000000,0.000000,0.000000,0.825198,-1.149998,-0.101667,0.050017,-0.534705,-1.099107,0.111455,0.135116,0.000000,0.000000,0.000000,0.000000,0.000000,0.000000
1778075419.793646,ik_wrist_pelvis_body_frame,1,0,-0.134997,0.136027,-0.547423,-0.154788,-0.251848,-0.499012,-0.017610,0.100000,-0.289445,-0.014633,-0.159411,-0.263244,0.006685,0.002421,1,1,0.000000,0.000000,0.000000,0.806766,-1.149998,-0.097730,0.050013,-0.527181,-1.100952,0.110572,0.139046,0.000000,0.000000,0.000000,0.000000,0.000000,0.000000
1778075419.831184,ik_wrist_pelvis_body_frame,1,0,-0.137328,0.135692,-0.546927,-0.155236,-0.253430,-0.498072,-0.018658,0.100000,-0.290138,-0.015252,-0.159933,-0.264837,0.006466,0.002378,1,1,0.000000,0.000000,0.000000,0.790962,-1.149999,-0.094095,0.050010,-0.520074,-1.101750,0.109808,0.142096,0.000000,0.000000,0.000000,0.000000,0.000000,0.000000
1778075419.860586,ik_wrist_pelvis_body_frame,1,0,-0.143310,0.133747,-0.545870,-0.158680,-0.254442,-0.496467,-0.021426,0.100000,-0.291555,-0.015107,-0.160169,-0.266285,0.006114,0.002437,1,1,0.000000,0.000000,0.000000,0.781131,-1.149999,-0.090920,0.050008,-0.515331,-1.101629,0.109448,0.145062,0.000000,0.000000,0.000000,0.000000,0.000000,0.000000
1778075419.892370,ik_wrist_pelvis_body_frame,1,0,-0.146234,0.133248,-0.545216,-0.159855,-0.256163,-0.495204,-0.024446,0.100000,-0.292430,-0.014809,-0.160624,-0.267545,0.005803,0.002459,1,1,0.000000,0.000000,0.000000,0.776228,-1.149999,-0.088120,0.050006,-0.511859,-1.101020,0.109353,0.148067,0.000000,0.000000,0.000000,0.000000,0.000000,0.000000
1778075419.935431,ik_wrist_pelvis_body_frame,1,0,-0.149480,0.130884,-0.544908,-0.164286,-0.259086,-0.492224,-0.027037,0.100000,-0.294059,-0.015746,-0.161907,-0.267261,0.005708,0.002501,1,1,0.000000,0.000000,0.000000,0.776030,-1.149999,-0.085672,0.050005,-0.510318,-1.099162,0.109645,0.151778,0.000000,0.000000,0.000000,0.000000,0.000000,0.000000
1778075419.964680,ik_wrist_pelvis_body_frame,1,0,-0.149466,0.129278,-0.545295,-0.164737,-0.260863,-0.491133,-0.027827,0.100000,-0.294496,-0.017141,-0.163310,-0.266660,0.005829,0.002465,1,1,0.000000,0.000000,0.000000,0.778304,-1.149999,-0.083454,0.050004,-0.509192,-1.097145,0.110097,0.155367,0.000000,0.000000,0.000000,0.000000,0.000000,0.000000
1778075419.997411,ik_wrist_pelvis_body_frame,1,0,-0.148846,0.128476,-0.545654,-0.164767,-0.262217,-0.490402,-0.027558,0.100000,-0.295071,-0.016957,-0.164390,-0.265734,0.005978,0.002489,1,1,0.000000,0.000000,0.000000,0.781331,-1.150000,-0.081376,0.050003,-0.507923,-1.095201,0.110629,0.158607,0.000000,0.000000,0.000000,0.000000,0.000000,0.000000
1778075420.028763,ik_wrist_pelvis_body_frame,1,0,-0.146160,0.129023,-0.546251,-0.163677,-0.260158,-0.491862,-0.024550,0.100000,-0.294610,-0.015815,-0.165216,-0.263064,0.006281,0.002594,1,1,0.000000,0.000000,0.000000,0.782912,-1.150000,-0.079335,0.050002,-0.506719,-1.094305,0.111277,0.160706,0.000000,0.000000,0.000000,0.000000,0.000000,0.000000
1778075420.069212,ik_wrist_pelvis_body_frame,1,0,-0.143756,0.127999,-0.547129,-0.157659,-0.260665,-0.491916,-0.016197,0.100000,-0.289354,-0.009018,-0.167606,-0.253555,0.006994,0.003003,1,0,0.000000,0.000000,0.000000,0.782611,-1.150000,-0.077359,0.050002,-0.502464,-1.093639,0.111663,0.161238,0.000000,0.000000,0.000000,0.000000,0.000000,0.000000
1778075420.098138,ik_wrist_pelvis_body_frame,1,0,-0.137125,0.128360,-0.548744,-0.145775,-0.262777,-0.491139,-0.008453,0.100000,-0.285186,0.000494,-0.173052,-0.246272,0.007955,0.003653,1,0,0.000000,0.000000,0.000000,0.778391,-1.150000,-0.075368,0.050001,-0.491814,-1.092820,0.111405,0.159513,0.000000,0.000000,0.000000,0.000000,0.000000,0.000000
1778075420.131520,ik_wrist_pelvis_body_frame,1,0,-0.138841,0.129541,-0.548035,-0.143509,-0.265328,-0.486484,-0.006857,0.100000,-0.282109,0.004412,-0.180202,-0.238212,0.007734,0.004339,1,0,0.000000,0.000000,0.000000,0.773164,-1.150000,-0.073499,0.050001,-0.479408,-1.089654,0.111167,0.156396,0.000000,0.000000,0.000000,0.000000,0.000000,0.000000
1778075420.161774,ik_wrist_pelvis_body_frame,1,0,-0.142347,0.127005,-0.547729,-0.145352,-0.269344,-0.480580,-0.010860,0.100000,-0.281867,0.004928,-0.187356,-0.233610,0.007488,0.004843,1,0,0.000000,0.000000,0.000000,0.770684,-1.150000,-0.071912,0.050001,-0.468300,-1.083557,0.111290,0.152411,0.000000,0.000000,0.000000,0.000000,0.000000,0.000000
1778075420.194682,ik_wrist_pelvis_body_frame,1,0,-0.148175,0.124301,-0.546803,-0.148747,-0.270548,-0.475010,-0.014921,0.100000,-0.281598,0.005554,-0.192832,-0.229792,0.007088,0.005443,1,0,0.000000,0.000000,0.000000,0.773053,-1.150000,-0.070683,0.050001,-0.460254,-1.075718,0.111907,0.147524,0.000000,0.000000,0.000000,0.000000,0.000000,0.000000
1778075420.226667,ik_wrist_pelvis_body_frame,1,0,-0.160770,0.122156,-0.543720,-0.150915,-0.271134,-0.471891,-0.017453,0.100596,-0.280912,0.002614,-0.199709,-0.228268,0.006261,0.005771,1,0,0.000000,0.000000,0.000000,0.782553,-1.150000,-0.069906,0.050001,-0.454992,-1.066892,0.112812,0.141166,0.000000,0.000000,0.000000,0.000000,0.000000,0.000000
1778075420.267057,ik_wrist_pelvis_body_frame,1,0,-0.166740,0.123128,-0.541092,-0.144082,-0.274396,-0.470313,-0.020559,0.106490,-0.280603,0.005828,-0.204414,-0.224251,0.005651,0.006098,0,0,0.000000,0.000000,0.000000,0.795144,-1.150000,-0.069357,0.050000,-0.447139,-1.057680,0.113309,0.132479,0.000000,0.000000,0.000000,0.000000,0.000000,0.000000
1778075420.300214,ik_wrist_pelvis_body_frame,1,0,-0.145327,0.132951,-0.543315,-0.104332,-0.281924,-0.476311,-0.008593,0.115323,-0.275372,0.024536,-0.208709,-0.222274,0.007090,0.006345,0,0,0.000000,0.000000,0.000000,0.794720,-1.150000,-0.068258,0.050000,-0.419509,-1.050408,0.111949,0.117961,0.000000,0.000000,0.000000,0.000000,0.000000,0.000000
1778075420.332454,ik_wrist_pelvis_body_frame,1,0,-0.145978,0.142091,-0.539208,-0.100139,-0.284046,-0.474544,-0.008203,0.123527,-0.269332,0.027161,-0.210422,-0.217379,0.006260,0.006303,0,0,0.000000,0.000000,0.000000,0.785638,-1.150000,-0.066851,0.050000,-0.390167,-1.041916,0.109921,0.103010,0.000000,0.000000,0.000000,0.000000,0.000000,0.000000
1778075420.363807,ik_wrist_pelvis_body_frame,1,0,-0.152224,0.151187,-0.532235,-0.099716,-0.283186,-0.473353,-0.011592,0.134852,-0.266808,0.028887,-0.210595,-0.214498,0.005302,0.006596,0,0,0.000000,0.000000,0.000000,0.773030,-1.150000,-0.065402,0.050000,-0.365108,-1.035082,0.107641,0.091348,0.000000,0.000000,0.000000,0.000000,0.000000,0.000000
1778075420.393986,ik_wrist_pelvis_body_frame,1,0,-0.166392,0.157189,-0.517903,-0.099954,-0.281321,-0.470646,-0.013437,0.149087,-0.263133,0.031275,-0.212971,-0.212614,0.005476,0.007235,0,0,0.000000,0.000000,0.000000,0.763063,-1.150000,-0.064260,0.050000,-0.345086,-1.029542,0.105299,0.082251,0.000000,0.000000,0.000000,0.000000,0.000000,0.000000
1778075420.428754,ik_wrist_pelvis_body_frame,1,0,-0.172970,0.164565,-0.506688,-0.096336,-0.279865,-0.467096,-0.014702,0.162401,-0.258805,0.035422,-0.219183,-0.214511,0.006359,0.008062,0,0,0.000000,0.000000,0.000000,0.754410,-1.150000,-0.063350,0.050000,-0.327277,-1.024976,0.102910,0.075156,0.000000,0.000000,0.000000,0.000000,0.000000,0.000000
1778075420.460899,ik_wrist_pelvis_body_frame,1,0,-0.173358,0.169681,-0.500660,-0.076296,-0.281326,-0.464729,-0.013105,0.169878,-0.254077,0.043699,-0.227808,-0.207810,0.007151,0.009121,0,0,0.000000,0.000000,0.000000,0.745159,-1.147609,-0.062585,0.050000,-0.302168,-1.021168,0.100162,0.069622,0.000000,0.000000,0.000000,0.000000,0.000000,0.000000
1778075420.495294,ik_wrist_pelvis_body_frame,1,0,-0.170241,0.176168,-0.496417,-0.042162,-0.282555,-0.463380,-0.008331,0.174356,-0.240746,0.057025,-0.237122,-0.201682,0.007956,0.010278,0,0,0.000000,0.000000,0.000000,0.733034,-1.143612,-0.061843,0.050000,-0.261718,-1.018288,0.096758,0.065305,0.000000,0.000000,0.000000,0.000000,0.000000,0.000000
1778075420.527600,ik_wrist_pelvis_body_frame,1,0,-0.167335,0.182905,-0.490834,-0.052997,-0.287794,-0.452579,-0.005588,0.182025,-0.234661,0.053429,-0.244869,-0.193471,0.008817,0.011276,0,0,0.000000,0.000000,0.000000,0.717698,-1.137943,-0.061116,0.050000,-0.230075,-1.011157,0.093723,0.061938,0.000000,0.000000,0.000000,0.000000,0.000000,0.000000
1778075420.563306,ik_wrist_pelvis_body_frame,1,0,-0.167081,0.193576,-0.481337,-0.047899,-0.291924,-0.444697,-0.006893,0.194516,-0.222664,0.053032,-0.252285,-0.181329,0.010032,0.012512,0,0,0.000000,0.000000,0.000000,0.699424,-1.128103,-0.060429,0.050000,-0.202621,-1.001756,0.090883,0.059311,0.000000,0.000000,0.000000,0.000000,0.000000,0.000000
1778075420.592416,ik_wrist_pelvis_body_frame,1,0,-0.164472,0.199390,-0.475165,-0.016453,-0.288745,-0.441413,-0.002435,0.200163,-0.217303,0.064817,-0.258635,-0.172751,0.011024,0.014302,0,0,0.000000,0.000000,0.000000,0.679425,-1.117794,-0.059843,0.050000,-0.164034,-0.994249,0.087637,0.057263,0.000000,0.000000,0.000000,0.000000,0.000000,0.000000
1778075420.628959,ik_wrist_pelvis_body_frame,1,0,-0.164326,0.199930,-0.471233,-0.027245,-0.285604,-0.435362,-0.001089,0.203848,-0.215979,0.059802,-0.260551,-0.163303,0.011761,0.015929,0,0,0.000000,0.000000,0.000000,0.661295,-1.108623,-0.059505,0.050000,-0.135925,-0.987337,0.084828,0.055665,0.000000,0.000000,0.000000,0.000000,0.000000,0.000000
1778075420.665588,ik_wrist_pelvis_body_frame,1,0,-0.171861,0.205917,-0.466239,-0.031940,-0.286806,-0.431408,-0.006592,0.207857,-0.213745,0.052581,-0.265787,-0.159313,0.011658,0.016568,0,0,0.000000,0.000000,0.000000,0.647939,-1.097210,-0.059489,0.050000,-0.117518,-0.980080,0.082407,0.054419,0.000000,0.000000,0.000000,0.000000,0.000000,0.000000
1778075420.706147,ik_wrist_pelvis_body_frame,1,0,-0.179535,0.212497,-0.460748,-0.036693,-0.286972,-0.426829,-0.009607,0.210019,-0.210552,0.048265,-0.269734,-0.155296,0.011588,0.017500,0,0,0.000000,0.000000,0.000000,0.639162,-1.083817,-0.059747,0.050000,-0.106744,-0.972731,0.080309,0.053447,0.000000,0.000000,0.000000,0.000000,0.000000,0.000000
1778075420.735802,ik_wrist_pelvis_body_frame,1,0,-0.184724,0.217676,-0.457629,-0.068908,-0.286794,-0.418260,-0.013362,0.212186,-0.210193,0.036637,-0.270544,-0.150537,0.011250,0.018801,0,0,0.000000,0.000000,0.000000,0.633607,-1.070170,-0.060179,0.050000,-0.116311,-0.963588,0.079070,0.052688,0.000000,0.000000,0.000000,0.000000,0.000000,0.000000
1778075420.764971,ik_wrist_pelvis_body_frame,1,0,-0.185278,0.220868,-0.456346,-0.102280,-0.288082,-0.408819,-0.014052,0.213538,-0.209373,0.020856,-0.271042,-0.144392,0.011141,0.019347,0,0,0.000000,0.000000,0.000000,0.628909,-1.058146,-0.060667,0.050000,-0.145336,-0.951108,0.078670,0.052097,0.000000,0.000000,0.000000,0.000000,0.000000,0.000000
1778075420.796348,ik_wrist_pelvis_body_frame,1,0,-0.185480,0.223664,-0.455469,-0.135009,-0.289265,-0.401892,-0.016624,0.216009,-0.208146,0.001557,-0.271320,-0.142892,0.011012,0.018516,0,0,0.000000,0.000000,0.000000,0.624501,-1.047550,-0.061164,0.050000,-0.189340,-0.935799,0.078917,0.051636,0.000000,0.000000,0.000000,0.000000,0.000000,0.000000
1778075420.830951,ik_wrist_pelvis_body_frame,1,0,-0.183978,0.227750,-0.453900,-0.141175,-0.290709,-0.396662,-0.016027,0.218118,-0.206271,0.000960,-0.272813,-0.141389,0.011051,0.018743,0,0,0.000000,0.000000,0.000000,0.618926,-1.038022,-0.061604,0.050000,-0.229989,-0.921124,0.079194,0.051276,0.000000,0.000000,0.000000,0.000000,0.000000,0.000000
1778075420.862078,ik_wrist_pelvis_body_frame,1,0,-0.180737,0.229697,-0.454610,-0.137668,-0.292262,-0.397161,-0.016040,0.219804,-0.206351,0.001804,-0.273925,-0.141804,0.010954,0.018595,0,0,0.000000,0.000000,0.000000,0.612072,-1.030637,-0.061975,0.050000,-0.260783,-0.909604,0.079257,0.050995,0.000000,0.000000,0.000000,0.000000,0.000000,0.000000
1778075420.897700,ik_wrist_pelvis_body_frame,1,0,-0.179985,0.229642,-0.454869,-0.134123,-0.292816,-0.398631,-0.016186,0.220272,-0.206699,0.001757,-0.275144,-0.143311,0.010952,0.018392,0,0,0.000000,0.000000,0.000000,0.605776,-1.025044,-0.062347,0.050000,-0.282916,-0.901184,0.079115,0.050776,0.000000,0.000000,0.000000,0.000000,0.000000,0.000000
1778075420.936851,ik_wrist_pelvis_body_frame,1,0,-0.180592,0.229448,-0.454499,-0.138943,-0.291600,-0.396666,-0.017072,0.220903,-0.206837,0.001755,-0.274767,-0.143773,0.010983,0.018649,0,0,0.000000,0.000000,0.000000,0.600963,-1.020505,-0.062754,0.050000,-0.302267,-0.894050,0.078973,0.050605,0.000000,0.000000,0.000000,0.000000,0.000000,0.000000
1778075420.963567,ik_wrist_pelvis_body_frame,1,0,-0.180918,0.228909,-0.454609,-0.135384,-0.290027,-0.396824,-0.017598,0.220902,-0.206810,0.003193,-0.275798,-0.143532,0.010990,0.019134,0,0,0.000000,0.000000,0.000000,0.597557,-1.017036,-0.063190,0.050000,-0.316202,-0.889213,0.078733,0.050472,0.000000,0.000000,0.000000,0.000000,0.000000,0.000000
1778075421.018579,ik_wrist_pelvis_body_frame,1,0,-0.180639,0.228267,-0.454248,-0.126406,-0.288106,-0.399880,-0.017810,0.221667,-0.206579,0.005227,-0.276899,-0.144280,0.011144,0.019419,0,0,0.000000,0.000000,0.000000,0.595022,-1.014403,-0.063637,0.050000,-0.322878,-0.887594,0.078303,0.050368,0.000000,0.000000,0.000000,0.000000,0.000000,0.000000
1778075421.047284,ik_wrist_pelvis_body_frame,1,0,-0.180923,0.228423,-0.453702,-0.106256,-0.286442,-0.405077,-0.018061,0.222300,-0.206770,0.015079,-0.277896,-0.147106,0.011199,0.019843,0,0,0.000000,0.000000,0.000000,0.593130,-1.012126,-0.064087,0.050000,-0.317249,-0.890159,0.077490,0.050287,0.000000,0.000000,0.000000,0.000000,0.000000,0.000000
1778075421.074364,ik_wrist_pelvis_body_frame,1,0,-0.180905,0.228029,-0.454112,-0.087861,-0.285645,-0.410131,-0.018596,0.222315,-0.207244,0.021365,-0.279059,-0.149437,0.011150,0.019779,0,0,0.000000,0.000000,0.000000,0.591822,-1.010518,-0.064532,0.050000,-0.301544,-0.895235,0.076319,0.050224,0.000000,0.000000,0.000000,0.000000,0.000000,0.000000
1778075421.099857,ik_wrist_pelvis_body_frame,1,0,-0.181170,0.227470,-0.454445,-0.087485,-0.285148,-0.410334,-0.019172,0.222234,-0.207728,0.022496,-0.278720,-0.150009,0.011110,0.019766,0,0,0.000000,0.000000,0.000000,0.591158,-1.009433,-0.064975,0.050000,-0.286843,-0.899598,0.075184,0.050175,0.000000,0.000000,0.000000,0.000000,0.000000,0.000000
1778075421.126937,ik_wrist_pelvis_body_frame,1,0,-0.178385,0.227854,-0.455075,-0.090057,-0.285120,-0.409802,-0.017533,0.222588,-0.208121,0.022401,-0.278233,-0.150145,0.011162,0.019765,0,0,0.000000,0.000000,0.000000,0.589321,-1.009127,-0.065347,0.050000,-0.276157,-0.902769,0.074206,0.050136,0.000000,0.000000,0.000000,0.000000,0.000000,0.000000
1778075421.164865,ik_wrist_pelvis_body_frame,1,0,-0.178194,0.227992,-0.455193,-0.096609,-0.286593,-0.407481,-0.017655,0.222724,-0.208339,0.021031,-0.278064,-0.149661,0.011133,0.019718,0,0,0.000000,0.000000,0.000000,0.587432,-1.008927,-0.065692,0.050000,-0.271089,-0.903789,0.073462,0.050106,0.000000,0.000000,0.000000,0.000000,0.000000,0.000000
1778075421.201440,ik_wrist_pelvis_body_frame,1,0,-0.175532,0.229786,-0.454058,-0.152991,-0.288280,-0.390656,-0.014623,0.223830,-0.207780,0.004547,-0.271387,-0.145128,0.011386,0.019792,0,0,0.000000,0.000000,0.000000,0.583922,-1.008559,-0.065960,0.050000,-0.295822,-0.894759,0.073860,0.050083,0.000000,0.000000,0.000000,0.000000,0.000000,0.000000
1778075421.230138,ik_wrist_pelvis_body_frame,1,0,-0.173041,0.231491,-0.453923,-0.193341,-0.293407,-0.377159,-0.012836,0.224553,-0.207612,-0.015385,-0.267960,-0.140933,0.011429,0.017877,0,0,0.000000,0.000000,0.000000,0.578968,-1.008219,-0.066161,0.050000,-0.338459,-0.877248,0.074943,0.050065,0.000000,0.000000,0.000000,0.000000,0.000000,0.000000
1778075421.264377,ik_wrist_pelvis_body_frame,1,0,-0.175188,0.235108,-0.452180,-0.184453,-0.305098,-0.378720,-0.013633,0.225257,-0.207089,-0.012568,-0.270699,-0.143480,0.011225,0.016197,0,0,0.000000,0.000000,0.000000,0.574500,-1.006296,-0.066366,0.050000,-0.368374,-0.861978,0.075669,0.050050,0.000000,0.000000,0.000000,0.000000,0.000000,0.000000
1778075421.298656,ik_wrist_pelvis_body_frame,1,0,-0.176197,0.242238,-0.450269,-0.178495,-0.321375,-0.379751,-0.013772,0.226512,-0.207580,-0.015952,-0.274182,-0.144935,0.010743,0.013868,0,0,0.000000,0.000000,0.000000,0.569366,-1.002393,-0.066521,0.050000,-0.385599,-0.847064,0.075963,0.050039,0.000000,0.000000,0.000000,0.000000,0.000000,0.000000
1778075421.327416,ik_wrist_pelvis_body_frame,1,0,-0.176462,0.249049,-0.449449,-0.175517,-0.332902,-0.378596,-0.013361,0.226291,-0.207439,-0.015666,-0.274862,-0.145298,0.010160,0.012505,0,0,0.000000,0.000000,0.000000,0.563308,-0.997402,-0.066607,0.050000,-0.394782,-0.832741,0.075955,0.050031,0.000000,0.000000,0.000000,0.000000,0.000000,0.000000
1778075421.362796,ik_wrist_pelvis_body_frame,1,0,-0.177942,0.254456,-0.448401,-0.172308,-0.339764,-0.377851,-0.013838,0.225863,-0.206856,-0.014179,-0.275326,-0.145727,0.009680,0.011816,0,0,0.000000,0.000000,0.000000,0.557432,-0.991673,-0.066663,0.050000,-0.398725,-0.820099,0.075739,0.050024,0.000000,0.000000,0.000000,0.000000,0.000000,0.000000
1778075421.395652,ik_wrist_pelvis_body_frame,1,0,-0.180721,0.255516,-0.447175,-0.172546,-0.341513,-0.377000,-0.014392,0.225173,-0.206422,-0.013113,-0.274647,-0.145549,0.009593,0.011677,0,0,0.000000,0.000000,0.000000,0.553566,-0.986225,-0.066766,0.050000,-0.401150,-0.809600,0.075450,0.050019,0.000000,0.000000,0.000000,0.000000,0.000000,0.000000
1778075421.429110,ik_wrist_pelvis_body_frame,1,0,-0.178552,0.257009,-0.447171,-0.164139,-0.344119,-0.378051,-0.012743,0.225542,-0.206564,-0.007301,-0.275302,-0.146354,0.009592,0.011729,0,0,0.000000,0.000000,0.000000,0.549269,-0.981924,-0.066831,0.050000,-0.398527,-0.801994,0.075002,0.050015,0.000000,0.000000,0.000000,0.000000,0.000000,0.000000
1778075421.462951,ik_wrist_pelvis_body_frame,1,0,-0.177271,0.258585,-0.447111,-0.164836,-0.343711,-0.377998,-0.012554,0.226424,-0.206938,-0.007498,-0.275021,-0.146220,0.009515,0.011747,0,0,0.000000,0.000000,0.000000,0.544653,-0.978329,-0.066864,0.050000,-0.396355,-0.796102,0.074568,0.050011,0.000000,0.000000,0.000000,0.000000,0.000000,0.000000
1778075421.495546,ik_wrist_pelvis_body_frame,1,0,-0.179069,0.258551,-0.446699,-0.169798,-0.341139,-0.376168,-0.014041,0.226580,-0.206906,-0.007433,-0.273523,-0.145427,0.009458,0.012106,0,0,0.000000,0.000000,0.000000,0.541659,-0.975127,-0.066938,0.050000,-0.397181,-0.791182,0.074250,0.050009,0.000000,0.000000,0.000000,0.000000,0.000000,0.000000
1778075421.528796,ik_wrist_pelvis_body_frame,1,0,-0.180105,0.258425,-0.446360,-0.171284,-0.340096,-0.375472,-0.014792,0.226712,-0.206829,-0.007466,-0.273205,-0.144860,0.009455,0.012281,0,0,0.000000,0.000000,0.000000,0.539974,-0.972393,-0.067043,0.050000,-0.398924,-0.787225,0.073989,0.050007,0.000000,0.000000,0.000000,0.000000,0.000000,0.000000
1778075421.566828,ik_wrist_pelvis_body_frame,1,0,-0.180493,0.257801,-0.446163,-0.170520,-0.336531,-0.376274,-0.015013,0.226901,-0.206805,-0.007172,-0.273565,-0.144274,0.009526,0.012770,0,0,0.000000,0.000000,0.000000,0.539124,-0.970286,-0.067166,0.050000,-0.400689,-0.785155,0.073763,0.050005,0.000000,0.000000,0.000000,0.000000,0.000000,0.000000
1778075421.596632,ik_wrist_pelvis_body_frame,1,0,-0.178795,0.257646,-0.446829,-0.168747,-0.333335,-0.377518,-0.014613,0.227289,-0.206970,-0.006462,-0.274012,-0.144314,0.009545,0.013195,0,0,0.000000,0.000000,0.000000,0.537838,-0.969056,-0.067259,0.050000,-0.401872,-0.784783,0.073555,0.050004,0.000000,0.000000,0.000000,0.000000,0.000000,0.000000
1778075421.628755,ik_wrist_pelvis_body_frame,1,0,-0.180073,0.256455,-0.446680,-0.172161,-0.327320,-0.377503,-0.015513,0.227219,-0.206759,-0.009386,-0.275114,-0.144149,0.009607,0.013859,0,0,0.000000,0.000000,0.000000,0.537609,-0.968154,-0.067382,0.050000,-0.405506,-0.785425,0.073459,0.050003,0.000000,0.000000,0.000000,0.000000,0.000000,0.000000
1778075421.660855,ik_wrist_pelvis_body_frame,1,0,-0.182285,0.254961,-0.446114,-0.172778,-0.324538,-0.376948,-0.016808,0.227201,-0.206516,-0.008384,-0.275168,-0.144117,0.009705,0.014350,0,0,0.000000,0.000000,0.000000,0.539002,-0.967324,-0.067556,0.050000,-0.409353,-0.786405,0.073413,0.050003,0.000000,0.000000,0.000000,0.000000,0.000000,0.000000
1778075421.697223,ik_wrist_pelvis_body_frame,1,0,-0.182635,0.253183,-0.446222,-0.176552,-0.321034,-0.375367,-0.017171,0.227447,-0.207178,-0.007967,-0.274027,-0.143302,0.009833,0.014914,0,0,0.000000,0.000000,0.000000,0.541038,-0.967071,-0.067751,0.050000,-0.414721,-0.787207,0.073469,0.050002,0.000000,0.000000,0.000000,0.000000,0.000000,0.000000
1778075421.730565,ik_wrist_pelvis_body_frame,1,0,-0.182933,0.252755,-0.446612,-0.175941,-0.319807,-0.376010,-0.018099,0.227497,-0.207251,-0.008199,-0.274422,-0.143670,0.009783,0.015033,0,0,0.000000,0.000000,0.000000,0.543145,-0.966998,-0.067938,0.050000,-0.419190,-0.788336,0.073538,0.050002,0.000000,0.000000,0.000000,0.000000,0.000000,0.000000
1778075421.765075,ik_wrist_pelvis_body_frame,1,0,-0.182951,0.252392,-0.446848,-0.169054,-0.319302,-0.377582,-0.018333,0.227694,-0.208494,-0.003019,-0.274435,-0.144018,0.009754,0.015429,0,0,0.000000,0.000000,0.000000,0.545011,-0.967114,-0.068106,0.050000,-0.419460,-0.790615,0.073522,0.050001,0.000000,0.000000,0.000000,0.000000,0.000000,0.000000
1778075421.796842,ik_wrist_pelvis_body_frame,1,0,-0.183518,0.251136,-0.447786,-0.168603,-0.318056,-0.377836,-0.018453,0.226414,-0.209127,-0.002819,-0.274685,-0.144172,0.009673,0.015613,0,0,0.000000,0.000000,0.000000,0.547150,-0.967713,-0.068276,0.050000,-0.419274,-0.792851,0.073526,0.050001,0.000000,0.000000,0.000000,0.000000,0.000000,0.000000
1778075421.835343,ik_wrist_pelvis_body_frame,1,0,-0.184618,0.250728,-0.448023,-0.161704,-0.318308,-0.379795,-0.019840,0.226312,-0.209247,0.001681,-0.274504,-0.144519,0.009587,0.015792,0,0,0.000000,0.000000,0.000000,0.549653,-0.968147,-0.068443,0.050000,-0.415700,-0.795889,0.073454,0.050001,0.000000,0.000000,0.000000,0.000000,0.000000,0.000000
1778075421.863391,ik_wrist_pelvis_body_frame,1,0,-0.184147,0.250137,-0.448544,-0.162331,-0.317386,-0.379530,-0.019805,0.226182,-0.209558,0.002587,-0.273667,-0.144245,0.009587,0.015962,0,0,0.000000,0.000000,0.000000,0.551752,-0.968822,-0.068584,0.050000,-0.412844,-0.798452,0.073433,0.050001,0.000000,0.000000,0.000000,0.000000,0.000000,0.000000
1778075421.900017,ik_wrist_pelvis_body_frame,1,0,-0.183845,0.249726,-0.449126,-0.156187,-0.317158,-0.381670,-0.019742,0.225839,-0.210148,0.006065,-0.273690,-0.145020,0.009541,0.016086,0,0,0.000000,0.000000,0.000000,0.553419,-0.969669,-0.068696,0.050000,-0.407689,-0.801784,0.073363,0.050000,0.000000,0.000000,0.000000,0.000000,0.000000,0.000000
1778075421.936903,ik_wrist_pelvis_body_frame,1,0,-0.183295,0.248734,-0.450598,-0.150521,-0.315621,-0.385484,-0.019395,0.224391,-0.210537,0.007465,-0.273110,-0.145460,0.009425,0.016056,0,0,0.000000,0.000000,0.000000,0.554807,-0.971066,-0.068785,0.050000,-0.400985,-0.806405,0.073248,0.050000,0.000000,0.000000,0.000000,0.000000,0.000000,0.000000
1778075421.965112,ik_wrist_pelvis_body_frame,1,0,-0.181667,0.245882,-0.452551,-0.146905,-0.313668,-0.388052,-0.017482,0.222120,-0.210230,0.009797,-0.271793,-0.146147,0.009511,0.016168,0,0,0.000000,0.000000,0.000000,0.555937,-0.973679,-0.068858,0.050000,-0.393967,-0.811719,0.073126,0.050000,0.000000,0.000000,0.000000,0.000000,0.000000,0.000000
1778075422.001961,ik_wrist_pelvis_body_frame,1,0,-0.178154,0.241400,-0.455352,-0.145838,-0.312248,-0.389671,-0.013943,0.219098,-0.209141,0.010494,-0.271090,-0.147413,0.009771,0.016149,0,0,0.000000,0.000000,0.000000,0.556401,-0.978186,-0.068912,0.050000,-0.387970,-0.816914,0.073037,0.050000,0.000000,0.000000,0.000000,0.000000,0.000000,0.000000
1778075422.033838,ik_wrist_pelvis_body_frame,1,0,-0.177030,0.236527,-0.457483,-0.131063,-0.310670,-0.396342,-0.012886,0.216883,-0.208448,0.016403,-0.270256,-0.148545,0.009990,0.016161,0,0,0.000000,0.000000,0.000000,0.557498,-0.983709,-0.068997,0.050000,-0.376394,-0.824615,0.072751,0.050000,0.000000,0.000000,0.000000,0.000000,0.000000,0.000000
1778075422.064767,ik_wrist_pelvis_body_frame,1,0,-0.170020,0.230547,-0.461906,-0.111258,-0.306914,-0.405559,-0.008024,0.213786,-0.208222,0.021145,-0.272050,-0.153312,0.010322,0.016043,0,0,0.000000,0.000000,0.000000,0.556936,-0.991835,-0.069031,0.050000,-0.357386,-0.835806,0.072165,0.050000,0.000000,0.000000,0.000000,0.000000,0.000000,0.000000
1778075422.095408,ik_wrist_pelvis_body_frame,1,0,-0.164841,0.219918,-0.466423,-0.071557,-0.298057,-0.418183,-0.005875,0.211553,-0.209719,0.040009,-0.270889,-0.159299,0.010861,0.016776,0,0,0.000000,0.000000,0.000000,0.556665,-1.002912,-0.069100,0.050000,-0.321558,-0.853237,0.070927,0.050000,0.000000,0.000000,0.000000,0.000000,0.000000,0.000000
1778075422.124917,ik_wrist_pelvis_body_frame,1,0,-0.160536,0.209097,-0.470190,-0.028477,-0.288250,-0.428539,-0.002887,0.208312,-0.210220,0.061476,-0.270013,-0.168310,0.011493,0.017159,0,0,0.000000,0.000000,0.000000,0.557462,-1.016194,-0.069245,0.050000,-0.267219,-0.874304,0.068907,0.050000,0.000000,0.000000,0.000000,0.000000,0.000000,0.000000
1778075422.161730,ik_wrist_pelvis_body_frame,1,0,-0.138526,0.197360,-0.477942,-0.032967,-0.280919,-0.429290,0.012074,0.203971,-0.212891,0.064158,-0.267918,-0.172236,0.012540,0.017627,0,0,0.000000,0.000000,0.000000,0.551141,-1.035569,-0.069117,0.050000,-0.221328,-0.893528,0.067135,0.050000,0.000000,0.000000,0.000000,0.000000,0.000000,0.000000
1778075422.195791,ik_wrist_pelvis_body_frame,1,0,-0.122831,0.193051,-0.487186,-0.014243,-0.277210,-0.433127,0.019198,0.198437,-0.216782,0.069311,-0.268309,-0.173108,0.011869,0.017594,0,0,0.000000,0.000000,0.000000,0.537739,-1.056804,-0.068659,0.050000,-0.174946,-0.910729,0.065236,0.050000,0.000000,0.000000,0.000000,0.000000,0.000000,0.000000
1778075422.230070,ik_wrist_pelvis_body_frame,1,0,-0.109701,0.186385,-0.495506,-0.019336,-0.276853,-0.430625,0.022707,0.193921,-0.219409,0.068064,-0.269052,-0.171075,0.011359,0.018133,0,0,0.000000,0.000000,0.000000,0.519645,-1.077307,-0.067956,0.050000,-0.138939,-0.923649,0.063656,0.050000,0.000000,0.000000,0.000000,0.000000,0.000000,0.000000
1778075422.273131,ik_wrist_pelvis_body_frame,1,0,-0.111511,0.177580,-0.496899,-0.006683,-0.273690,-0.431714,0.024434,0.189310,-0.219713,0.074490,-0.269140,-0.172278,0.011839,0.018451,0,0,0.000000,0.000000,0.000000,0.504932,-1.093300,-0.067462,0.050000,-0.103876,-0.934888,0.062048,0.050000,0.000000,0.000000,0.000000,0.000000,0.000000,0.000000
1778075422.299723,ik_wrist_pelvis_body_frame,1,0,-0.111564,0.171160,-0.499125,-0.006755,-0.271159,-0.430966,0.024207,0.186316,-0.220534,0.075315,-0.268679,-0.170743,0.012118,0.019012,0,0,0.000000,0.000000,0.000000,0.494783,-1.105774,-0.067241,0.050000,-0.074760,-0.944252,0.060622,0.050000,0.000000,0.000000,0.000000,0.000000,0.000000,0.000000
1778075422.327712,ik_wrist_pelvis_body_frame,1,0,-0.104175,0.170243,-0.503747,0.003474,-0.268279,-0.432052,0.024696,0.184652,-0.221764,0.077428,-0.268905,-0.169347,0.011816,0.019242,0,0,0.000000,0.000000,0.000000,0.484385,-1.115503,-0.067017,0.050000,-0.046199,-0.952446,0.059149,0.050000,0.000000,0.000000,0.000000,0.000000,0.000000,0.000000
1778075422.360985,ik_wrist_pelvis_body_frame,1,0,-0.104076,0.168572,-0.505495,0.006542,-0.269435,-0.430711,0.022967,0.183528,-0.221808,0.077928,-0.269944,-0.167118,0.011703,0.019383,0,0,0.000000,0.000000,0.000000,0.475654,-1.123093,-0.066878,0.050000,-0.020907,-0.958005,0.057738,0.050000,0.000000,0.000000,0.000000,0.000000,0.000000,0.000000
1778075422.393254,ik_wrist_pelvis_body_frame,1,0,-0.105676,0.168988,-0.504455,0.027933,-0.268290,-0.432609,0.023364,0.183433,-0.220561,0.084849,-0.269766,-0.167141,0.011781,0.018964,0,0,0.000000,0.000000,0.000000,0.469153,-1.129012,-0.066854,0.050000,0.011075,-0.962347,0.055967,0.050000,0.000000,0.000000,0.000000,0.000000,0.000000,0.000000
1778075422.433437,ik_wrist_pelvis_body_frame,1,0,-0.104164,0.168818,-0.504165,0.027109,-0.270418,-0.431649,0.024245,0.184007,-0.220213,0.085209,-0.269769,-0.165877,0.011961,0.018815,0,0,0.000000,0.000000,0.000000,0.463462,-1.133630,-0.066871,0.050000,0.038522,-0.964850,0.054297,0.050000,0.000000,0.000000,0.000000,0.000000,0.000000,0.000000
1778075422.463409,ik_wrist_pelvis_body_frame,1,0,-0.103046,0.173346,-0.501264,0.020672,-0.271930,-0.428353,0.025811,0.187301,-0.218498,0.087205,-0.268298,-0.161745,0.012042,0.019519,0,0,0.000000,0.000000,0.000000,0.456941,-1.137231,-0.066841,0.050000,0.057465,-0.965749,0.052954,0.050000,0.000000,0.000000,0.000000,0.000000,0.000000,0.000000
1778075422.494204,ik_wrist_pelvis_body_frame,1,0,-0.115315,0.177760,-0.495290,0.020563,-0.275402,-0.424507,0.020223,0.190865,-0.213861,0.084358,-0.269078,-0.152592,0.012091,0.020054,0,0,0.000000,0.000000,0.000000,0.455846,-1.140040,-0.067066,0.050000,0.071062,-0.964084,0.051808,0.050000,0.000000,0.000000,0.000000,0.000000,0.000000,0.000000
1778075422.532008,ik_wrist_pelvis_body_frame,1,0,-0.130646,0.181571,-0.488911,0.014870,-0.297634,-0.421247,0.013154,0.193675,-0.210062,0.077813,-0.269997,-0.146698,0.012339,0.017414,0,0,0.000000,0.000000,0.000000,0.463196,-1.140911,-0.067678,0.050000,0.076646,-0.955405,0.050945,0.050000,0.000000,0.000000,0.000000,0.000000,0.000000,0.000000
1778075422.561456,ik_wrist_pelvis_body_frame,1,0,-0.135873,0.186578,-0.483976,0.012346,-0.307453,-0.417342,0.010748,0.197176,-0.204848,0.075334,-0.269376,-0.139489,0.012735,0.016816,0,0,0.000000,0.000000,0.000000,0.473603,-1.138042,-0.068397,0.050000,0.078064,-0.944410,0.050240,0.050000,0.000000,0.000000,0.000000,0.000000,0.000000,0.000000
1778075422.595182,ik_wrist_pelvis_body_frame,1,0,-0.140038,0.194401,-0.479017,0.001455,-0.321799,-0.410159,0.008600,0.201549,-0.201647,0.070894,-0.270849,-0.133362,0.012845,0.016114,0,0,0.000000,0.000000,0.000000,0.483485,-1.131578,-0.069048,0.050000,0.072394,-0.929825,0.049816,0.050000,0.000000,0.000000,0.000000,0.000000,0.000000,0.000000
1778075422.628347,ik_wrist_pelvis_body_frame,1,0,-0.140768,0.204234,-0.472275,-0.017973,-0.331799,-0.398735,0.007463,0.208381,-0.194630,0.065640,-0.273395,-0.124655,0.013434,0.016834,0,0,0.000000,0.000000,0.000000,0.489482,-1.121698,-0.069488,0.050000,0.056829,-0.912225,0.049816,0.050000,0.000000,0.000000,0.000000,0.000000,0.000000,0.000000
1778075422.663988,ik_wrist_pelvis_body_frame,1,0,-0.133862,0.226438,-0.460927,-0.013394,-0.335522,-0.391248,0.010888,0.220950,-0.185074,0.071038,-0.275917,-0.118951,0.014152,0.017710,0,0,0.000000,0.000000,0.000000,0.484127,-1.105599,-0.069411,0.050000,0.045694,-0.894895,0.049777,0.050000,0.000000,0.000000,0.000000,0.000000,0.000000,0.000000
1778075422.694363,ik_wrist_pelvis_body_frame,1,0,-0.138918,0.239604,-0.450288,-0.008315,-0.343995,-0.383993,0.008160,0.228965,-0.177194,0.074708,-0.279773,-0.115574,0.014597,0.017606,0,0,0.000000,0.000000,0.000000,0.475975,-1.085435,-0.069221,0.050000,0.039888,-0.876717,0.049652,0.050000,0.000000,0.000000,0.000000,0.000000,0.000000,0.000000
1778075422.729550,ik_wrist_pelvis_body_frame,1,0,-0.141315,0.248132,-0.443152,-0.006874,-0.348874,-0.379967,0.005456,0.235640,-0.173275,0.073107,-0.283852,-0.113554,0.014860,0.017449,0,0,0.000000,0.000000,0.000000,0.467696,-1.064671,-0.069033,0.050000,0.036211,-0.859677,0.049506,0.050000,0.000000,0.000000,0.000000,0.000000,0.000000,0.000000
1778075422.762653,ik_wrist_pelvis_body_frame,1,0,-0.140812,0.258266,-0.432942,0.006990,-0.356027,-0.377786,0.007086,0.243171,-0.166199,0.072415,-0.289170,-0.112359,0.015823,0.016469,0,0,0.000000,0.000000,0.000000,0.457876,-1.042734,-0.068812,0.050000,0.039652,-0.843380,0.049102,0.050000,0.000000,0.000000,0.000000,0.000000,0.000000,0.000000
1778075422.798376,ik_wrist_pelvis_body_frame,1,0,-0.136958,0.265772,-0.427796,0.026303,-0.356599,-0.375901,0.007776,0.248094,-0.160696,0.079523,-0.291859,-0.111103,0.016218,0.016529,0,0,0.000000,0.000000,0.000000,0.445880,-1.022157,-0.068529,0.050000,0.052611,-0.829259,0.048338,0.050000,0.000000,0.000000,0.000000,0.000000,0.000000,0.000000
1778075422.829424,ik_wrist_pelvis_body_frame,1,0,-0.128291,0.272965,-0.426401,0.027234,-0.354180,-0.373061,0.009506,0.251612,-0.157217,0.081352,-0.294047,-0.109250,0.016109,0.017463,0,0,0.000000,0.000000,0.000000,0.429928,-1.004313,-0.068095,0.050000,0.064659,-0.817756,0.047559,0.050000,0.000000,0.000000,0.000000,0.000000,0.000000,0.000000
1778075422.865124,ik_wrist_pelvis_body_frame,1,0,-0.127546,0.275692,-0.424920,0.026410,-0.351531,-0.372222,0.008566,0.253264,-0.155494,0.081025,-0.295867,-0.109131,0.016068,0.018122,0,0,0.000000,0.000000,0.000000,0.415282,-0.989120,-0.067695,0.050000,0.073990,-0.809106,0.046835,0.050000,0.000000,0.000000,0.000000,0.000000,0.000000,0.000000
1778075422.895536,ik_wrist_pelvis_body_frame,1,0,-0.127171,0.280297,-0.421532,0.012338,-0.348931,-0.369914,0.008326,0.256103,-0.153514,0.078385,-0.296244,-0.108190,0.016123,0.019276,0,0,0.000000,0.000000,0.000000,0.402338,-0.974989,-0.067343,0.050000,0.074627,-0.802662,0.046412,0.050000,0.000000,0.000000,0.000000,0.000000,0.000000,0.000000
1778075422.928217,ik_wrist_pelvis_body_frame,1,0,-0.128500,0.282846,-0.418459,-0.000069,-0.348250,-0.367780,0.006589,0.258761,-0.151712,0.075141,-0.296749,-0.107862,0.016289,0.019902,0,0,0.000000,0.000000,0.000000,0.392181,-0.962073,-0.067079,0.050000,0.068233,-0.797390,0.046279,0.050000,0.000000,0.000000,0.000000,0.000000,0.000000,0.000000
1778075422.961041,ik_wrist_pelvis_body_frame,1,0,-0.128837,0.283421,-0.416495,-0.022224,-0.349205,-0.364005,0.006178,0.260356,-0.150443,0.065714,-0.298250,-0.106960,0.016593,0.020408,0,0,0.000000,0.000000,0.000000,0.384283,-0.951112,-0.066888,0.050000,0.051113,-0.791948,0.046574,0.050000,0.000000,0.000000,0.000000,0.000000,0.000000,0.000000
1778075422.994689,ik_wrist_pelvis_body_frame,1,0,-0.128419,0.284361,-0.415957,-0.043350,-0.349866,-0.360825,0.005721,0.260898,-0.149470,0.054776,-0.299420,-0.106005,0.016604,0.020558,0,0,0.000000,0.000000,0.000000,0.377799,-0.942100,-0.066738,0.050000,0.025361,-0.786221,0.047239,0.050000,0.000000,0.000000,0.000000,0.000000,0.000000,0.000000
1778075423.032251,ik_wrist_pelvis_body_frame,1,0,-0.131340,0.285025,-0.413481,-0.041112,-0.348514,-0.361855,0.005196,0.261430,-0.147809,0.055173,-0.300082,-0.107065,0.016863,0.020589,0,0,0.000000,0.000000,0.000000,0.373934,-0.933891,-0.066681,0.050000,0.004803,-0.782363,0.047832,0.050000,0.000000,0.000000,0.000000,0.000000,0.000000,0.000000
1778075423.063977,ik_wrist_pelvis_body_frame,1,0,-0.130204,0.285827,-0.413056,-0.045061,-0.348057,-0.361424,0.005252,0.262104,-0.147130,0.051886,-0.301240,-0.107214,0.016909,0.020660,0,0,0.000000,0.000000,0.000000,0.370453,-0.927163,-0.066635,0.050000,-0.013458,-0.779234,0.048412,0.050000,0.000000,0.000000,0.000000,0.000000,0.000000,0.000000
1778075423.100508,ik_wrist_pelvis_body_frame,1,0,-0.130251,0.286427,-0.411639,-0.043364,-0.347196,-0.361697,0.005862,0.263023,-0.146703,0.052338,-0.301848,-0.107569,0.017105,0.020804,0,0,0.000000,0.000000,0.000000,0.367474,-0.921346,-0.066609,0.050000,-0.027169,-0.777098,0.048893,0.050000,0.000000,0.000000,0.000000,0.000000,0.000000,0.000000
1778075423.132847,ik_wrist_pelvis_body_frame,1,0,-0.130168,0.288037,-0.409603,-0.016847,-0.345972,-0.365885,0.006753,0.264215,-0.145854,0.059451,-0.304016,-0.108403,0.017289,0.020650,0,0,0.000000,0.000000,0.000000,0.364653,-0.915799,-0.066598,0.050000,-0.024778,-0.777114,0.048837,0.050000,0.000000,0.000000,0.000000,0.000000,0.000000,0.000000
1778075423.163168,ik_wrist_pelvis_body_frame,1,0,-0.131180,0.288325,-0.408029,0.015346,-0.342666,-0.370683,0.007490,0.264422,-0.144915,0.071096,-0.303927,-0.110513,0.017531,0.020329,0,0,0.000000,0.000000,0.000000,0.362692,-0.910839,-0.066631,0.050000,-0.005062,-0.779158,0.048125,0.050000,0.000000,0.000000,0.000000,0.000000,0.000000,0.000000
1778075423.203947,ik_wrist_pelvis_body_frame,1,0,-0.130547,0.289244,-0.407203,0.013041,-0.342884,-0.371002,0.007999,0.265011,-0.144346,0.070914,-0.303486,-0.111159,0.017608,0.020112,0,0,0.000000,0.000000,0.000000,0.360687,-0.906514,-0.066675,0.050000,0.011509,-0.780965,0.047411,0.050000,0.000000,0.000000,0.000000,0.000000,0.000000,0.000000
1778075423.232265,ik_wrist_pelvis_body_frame,1,0,-0.130782,0.289738,-0.406927,0.010458,-0.343594,-0.371037,0.007988,0.265144,-0.144361,0.070659,-0.303056,-0.111581,0.017568,0.019982,0,0,0.000000,0.000000,0.000000,0.359056,-0.902895,-0.066740,0.050000,0.023338,-0.782309,0.046785,0.050000,0.000000,0.000000,0.000000,0.000000,0.000000,0.000000
1778075423.261967,ik_wrist_pelvis_body_frame,1,0,-0.132194,0.289397,-0.406228,0.009160,-0.343838,-0.371554,0.008111,0.264968,-0.144209,0.071105,-0.302188,-0.112164,0.017681,0.019836,0,0,0.000000,0.000000,0.000000,0.358467,-0.899854,-0.066852,0.050000,0.031862,-0.783534,0.046232,0.050000,0.000000,0.000000,0.000000,0.000000,0.000000,0.000000
1778075423.294314,ik_wrist_pelvis_body_frame,1,0,-0.132137,0.289253,-0.406331,0.007728,-0.344131,-0.371905,0.008358,0.264859,-0.144429,0.071092,-0.301844,-0.112886,0.017683,0.019708,0,0,0.000000,0.000000,0.000000,0.358106,-0.897563,-0.066980,0.050000,0.037744,-0.784600,0.045752,0.050000,0.000000,0.000000,0.000000,0.000000,0.000000,0.000000
1778075423.332199,ik_wrist_pelvis_body_frame,1,0,-0.132021,0.289178,-0.406492,0.008445,-0.344340,-0.372410,0.008520,0.264739,-0.144594,0.072256,-0.301113,-0.113410,0.017668,0.019559,0,0,0.000000,0.000000,0.000000,0.357789,-0.895868,-0.067115,0.050000,0.042684,-0.785576,0.045304,0.050000,0.000000,0.000000,0.000000,0.000000,0.000000,0.000000
1778075423.361952,ik_wrist_pelvis_body_frame,1,0,-0.131850,0.289298,-0.406368,0.010729,-0.344192,-0.373529,0.009036,0.264624,-0.144562,0.073936,-0.300122,-0.114284,0.017692,0.019344,0,0,0.000000,0.000000,0.000000,0.357390,-0.894523,-0.067250,0.050000,0.047824,-0.786742,0.044858,0.050000,0.000000,0.000000,0.000000,0.000000,0.000000,0.000000
1778075423.394865,ik_wrist_pelvis_body_frame,1,0,-0.128195,0.290011,-0.407647,-0.006918,-0.345106,-0.371480,0.010031,0.264895,-0.145025,0.070220,-0.298538,-0.113964,0.017542,0.019668,0,0,0.000000,0.000000,0.000000,0.355153,-0.893967,-0.067316,0.050000,0.043392,-0.787185,0.044777,0.050000,0.000000,0.000000,0.000000,0.000000,0.000000,0.000000
1778075423.427377,ik_wrist_pelvis_body_frame,1,0,-0.127902,0.289891,-0.407933,-0.018544,-0.346409,-0.370685,0.010292,0.264741,-0.145311,0.066299,-0.297241,-0.113933,0.017515,0.019513,0,0,0.000000,0.000000,0.000000,0.352926,-0.893711,-0.067374,0.050000,0.033025,-0.787063,0.044969,0.050000,0.000000,0.000000,0.000000,0.000000,0.000000,0.000000
1778075423.464895,ik_wrist_pelvis_body_frame,1,0,-0.129710,0.289336,-0.408760,-0.024428,-0.348149,-0.372157,0.009240,0.264013,-0.146375,0.063811,-0.295278,-0.115368,0.017290,0.018807,0,0,0.000000,0.000000,0.000000,0.352153,-0.893764,-0.067474,0.050000,0.021076,-0.787068,0.045293,0.050000,0.000000,0.000000,0.000000,0.000000,0.000000,0.000000
1778075423.497562,ik_wrist_pelvis_body_frame,1,0,-0.128373,0.289106,-0.410004,-0.038136,-0.348217,-0.371523,0.009509,0.263591,-0.147025,0.059505,-0.293063,-0.115642,0.017145,0.018746,0,0,0.000000,0.000000,0.000000,0.351140,-0.894361,-0.067554,0.050000,0.004459,-0.786886,0.045858,0.050000,0.000000,0.000000,0.000000,0.000000,0.000000,0.000000
1778075423.530510,ik_wrist_pelvis_body_frame,1,0,-0.128274,0.288434,-0.411421,-0.043793,-0.348253,-0.372328,0.009406,0.262904,-0.148440,0.056828,-0.292283,-0.117012,0.016934,0.018435,0,0,0.000000,0.000000,0.000000,0.350377,-0.895479,-0.067629,0.050000,-0.012321,-0.786957,0.046510,0.050000,0.000000,0.000000,0.000000,0.000000,0.000000,0.000000
1778075423.562046,ik_wrist_pelvis_body_frame,1,0,-0.130776,0.285706,-0.412703,-0.051398,-0.348789,-0.372443,0.008905,0.261575,-0.150443,0.053785,-0.291698,-0.118766,0.016894,0.018102,0,0,0.000000,0.000000,0.000000,0.351491,-0.897325,-0.067766,0.050000,-0.029698,-0.786880,0.047252,0.050000,0.000000,0.000000,0.000000,0.000000,0.000000,0.000000
1778075423.600181,ik_wrist_pelvis_body_frame,1,0,-0.133517,0.282323,-0.416156,-0.054659,-0.349614,-0.374591,0.007867,0.258893,-0.154293,0.051830,-0.291472,-0.122802,0.016446,0.017368,0,0,0.000000,0.000000,0.000000,0.354718,-0.900550,-0.067974,0.050000,-0.045453,-0.787326,0.047997,0.050000,0.000000,0.000000,0.000000,0.000000,0.000000,0.000000
1778075423.631559,ik_wrist_pelvis_body_frame,1,0,-0.134078,0.278624,-0.420517,-0.055456,-0.349455,-0.376453,0.007624,0.255727,-0.157696,0.050846,-0.291248,-0.125248,0.016013,0.016980,0,0,0.000000,0.000000,0.000000,0.358743,-0.905405,-0.068205,0.050000,-0.058494,-0.788349,0.048691,0.050000,0.000000,0.000000,0.000000,0.000000,0.000000,0.000000
1778075423.666215,ik_wrist_pelvis_body_frame,1,0,-0.126555,0.277070,-0.425388,-0.063177,-0.348619,-0.378186,0.010429,0.254320,-0.160470,0.047084,-0.289684,-0.127736,0.015674,0.016559,0,0,0.000000,0.000000,0.000000,0.358798,-0.911844,-0.068275,0.050000,-0.072737,-0.789822,0.049448,0.050000,0.000000,0.000000,0.000000,0.000000,0.000000,0.000000
1778075423.699930,ik_wrist_pelvis_body_frame,1,0,-0.121180,0.274980,-0.430827,-0.060226,-0.346837,-0.381389,0.011516,0.251555,-0.162381,0.047233,-0.288313,-0.128710,0.015168,0.016363,0,0,0.000000,0.000000,0.000000,0.356090,-0.919549,-0.068210,0.050000,-0.083117,-0.792499,0.050090,0.050000,0.000000,0.000000,0.000000,0.000000,0.000000,0.000000
1778075423.726742,ik_wrist_pelvis_body_frame,1,0,-0.120546,0.271987,-0.434889,-0.069374,-0.346046,-0.381021,0.011558,0.248730,-0.165264,0.042450,-0.286963,-0.127878,0.014746,0.016321,0,0,0.000000,0.000000,0.000000,0.353702,-0.927733,-0.068125,0.050000,-0.095859,-0.794452,0.050809,0.050000,0.000000,0.000000,0.000000,0.000000,0.000000,0.000000
1778075423.766188,ik_wrist_pelvis_body_frame,1,0,-0.118921,0.271106,-0.438330,-0.069138,-0.347378,-0.382785,0.013139,0.245697,-0.167595,0.041452,-0.285829,-0.128820,0.014241,0.015749,0,0,0.000000,0.000000,0.000000,0.351125,-0.935673,-0.068004,0.050000,-0.106321,-0.796206,0.051445,0.050000,0.000000,0.000000,0.000000,0.000000,0.000000,0.000000
1778075423.794219,ik_wrist_pelvis_body_frame,1,0,-0.127175,0.271742,-0.439231,-0.066073,-0.349584,-0.386077,0.009459,0.243673,-0.171541,0.042675,-0.283463,-0.131497,0.013421,0.014838,0,0,0.000000,0.000000,0.000000,0.353104,-0.941357,-0.068028,0.050000,-0.112916,-0.798278,0.051938,0.050000,0.000000,0.000000,0.000000,0.000000,0.000000,0.000000
1778075423.834651,ik_wrist_pelvis_body_frame,1,0,-0.131168,0.278236,-0.439057,-0.063192,-0.350489,-0.388234,0.007606,0.243540,-0.176037,0.044280,-0.282880,-0.134653,0.012250,0.014331,0,0,0.000000,0.000000,0.000000,0.356410,-0.943770,-0.068070,0.050000,-0.116337,-0.800560,0.052309,0.050000,0.000000,0.000000,0.000000,0.000000,0.000000,0.000000
1778075423.866455,ik_wrist_pelvis_body_frame,1,0,-0.144483,0.282037,-0.439295,-0.106336,-0.349763,-0.378666,0.002968,0.240238,-0.185565,0.031826,-0.277718,-0.134155,0.010763,0.014688,0,0,0.000000,0.000000,0.000000,0.365246,-0.943754,-0.068289,0.050000,-0.139651,-0.798325,0.053362,0.050000,0.000000,0.000000,0.000000,0.000000,0.000000,0.000000
1778075423.899695,ik_wrist_pelvis_body_frame,1,0,-0.160064,0.289358,-0.436698,-0.164882,-0.348169,-0.365494,-0.004834,0.237112,-0.190010,0.006491,-0.269541,-0.132937,0.009305,0.013837,0,0,0.000000,0.000000,0.000000,0.379708,-0.939720,-0.068662,0.050000,-0.188617,-0.788986,0.055262,0.050000,0.000000,0.000000,0.000000,0.000000,0.000000,0.000000
1778075423.925956,ik_wrist_pelvis_body_frame,1,0,-0.176547,0.294953,-0.433857,-0.198434,-0.348632,-0.357444,-0.009738,0.229568,-0.194678,-0.009290,-0.262139,-0.133317,0.008022,0.012157,0,0,0.000000,0.000000,0.000000,0.399054,-0.933006,-0.069149,0.050000,-0.245445,-0.775969,0.057412,0.050000,0.000000,0.000000,0.000000,0.000000,0.000000,0.000000
1778075423.959461,ik_wrist_pelvis_body_frame,1,0,-0.175500,0.308436,-0.433688,-0.199903,-0.354654,-0.360127,-0.007377,0.223332,-0.200751,-0.016138,-0.262616,-0.137002,0.006529,0.010430,0,0,0.000000,0.000000,0.000000,0.412348,-0.925237,-0.069340,0.050000,-0.291638,-0.764940,0.059198,0.050000,0.000000,0.000000,0.000000,0.000000,0.000000,0.000000
1778075423.994251,ik_wrist_pelvis_body_frame,1,0,-0.177835,0.321717,-0.433700,-0.215977,-0.360995,-0.354516,-0.010652,0.215479,-0.207594,-0.028294,-0.261838,-0.140192,0.004910,0.008856,0,0,0.000000,0.000000,0.000000,0.421331,-0.916415,-0.069252,0.050000,-0.333794,-0.751886,0.060764,0.050000,0.000000,0.000000,0.000000,0.000000,0.000000,0.000000
1778075424.032126,ik_wrist_pelvis_body_frame,1,0,-0.175890,0.327783,-0.434391,-0.236564,-0.366711,-0.349763,-0.009539,0.209399,-0.213481,-0.044293,-0.256338,-0.143016,0.004249,0.006917,0,0,0.000000,0.000000,0.000000,0.426303,-0.909032,-0.068904,0.050000,-0.375132,-0.737089,0.062144,0.050000,0.000000,0.000000,0.000000,0.000000,0.000000,0.000000
1778075424.062162,ik_wrist_pelvis_body_frame,1,0,-0.185824,0.327509,-0.431362,-0.252567,-0.371676,-0.337862,-0.013005,0.204246,-0.218693,-0.047289,-0.250199,-0.143280,0.004067,0.006349,0,0,0.000000,0.000000,0.000000,0.434478,-0.902382,-0.068615,0.051002,-0.413173,-0.719797,0.063307,0.050000,0.000000,0.000000,0.000000,0.000000,0.000000,0.000000
1778075424.092485,ik_wrist_pelvis_body_frame,1,0,-0.221583,0.314874,-0.420836,-0.226925,-0.386686,-0.343753,-0.027563,0.198737,-0.217348,-0.031912,-0.250580,-0.154842,0.004562,0.005709,0,0,0.000000,0.000000,0.000000,0.459743,-0.894580,-0.069215,0.055692,-0.430062,-0.708625,0.063770,0.050000,0.000000,0.000000,0.000000,0.000000,0.000000,0.000000
1778075424.130910,ik_wrist_pelvis_body_frame,1,0,-0.267268,0.300622,-0.402963,-0.184986,-0.416979,-0.351850,-0.047003,0.188962,-0.211792,-0.029662,-0.264690,-0.165583,0.004818,0.003725,0,0,0.000000,0.000000,0.000000,0.504249,-0.883244,-0.071439,0.066744,-0.421130,-0.700258,0.063307,0.050000,0.000000,0.000000,0.000000,0.000000,0.000000,0.000000
1778075424.162882,ik_wrist_pelvis_body_frame,1,0,-0.280305,0.302351,-0.391284,-0.195260,-0.428099,-0.334764,-0.052591,0.188504,-0.212627,-0.032796,-0.266465,-0.170547,0.004534,0.003287,0,0,0.000000,0.000000,0.000000,0.546107,-0.871818,-0.074334,0.082045,-0.414746,-0.687030,0.062831,0.050668,0.000000,0.000000,0.000000,0.000000,0.000000,0.000000
1778075424.198501,ik_wrist_pelvis_body_frame,1,0,-0.300000,0.289570,-0.354514,-0.221947,-0.441756,-0.294619,-0.073786,0.180505,-0.207075,-0.036582,-0.253600,-0.173405,0.005473,0.003334,1,0,0.000000,0.000000,0.000000,0.591148,-0.856521,-0.078546,0.104988,-0.417626,-0.665340,0.062974,0.059986,0.000000,0.000000,0.000000,0.000000,0.000000,0.000000
1778075424.234088,ik_wrist_pelvis_body_frame,1,0,-0.300000,0.276444,-0.323398,-0.292665,-0.422726,-0.241854,-0.092746,0.169663,-0.201039,-0.064697,-0.238988,-0.164174,0.007571,0.004397,1,0,0.000000,0.000000,0.000000,0.632978,-0.842069,-0.083252,0.134450,-0.449055,-0.635203,0.065713,0.081641,0.000000,0.000000,0.000000,0.000000,0.000000,0.000000
1778075424.267774,ik_wrist_pelvis_body_frame,1,0,-0.300000,0.267078,-0.278699,-0.300000,-0.412089,-0.204147,-0.117540,0.159354,-0.191791,-0.084264,-0.236067,-0.158221,0.011771,0.004609,1,1,0.000000,0.000000,0.000000,0.670807,-0.824761,-0.087815,0.175060,-0.480499,-0.604930,0.069462,0.111607,0.000000,0.000000,0.000000,0.000000,0.000000,0.000000
1778075424.297136,ik_wrist_pelvis_body_frame,1,0,-0.300000,0.258483,-0.249280,-0.300000,-0.406750,-0.171232,-0.127549,0.147795,-0.186642,-0.093040,-0.246042,-0.154258,0.015093,0.005831,1,1,0.000000,0.000000,0.000000,0.704174,-0.810732,-0.091918,0.227664,-0.506004,-0.576141,0.074006,0.149460,0.000000,0.000000,0.000000,0.000000,0.000000,0.000000
1778075424.334029,ik_wrist_pelvis_body_frame,1,0,-0.300000,0.271838,-0.225729,-0.300000,-0.400719,-0.145878,-0.125366,0.142033,-0.192073,-0.098489,-0.250041,-0.152159,0.014152,0.006855,1,1,0.000000,0.000000,0.000000,0.725517,-0.800972,-0.093600,0.294455,-0.526570,-0.551595,0.079654,0.194865,0.000000,0.000000,0.000000,0.000000,0.000000,0.000000
1778075424.365832,ik_wrist_pelvis_body_frame,1,0,-0.300000,0.268797,-0.187371,-0.300000,-0.402999,-0.127382,-0.141540,0.136316,-0.181104,-0.099915,-0.255883,-0.152903,0.015585,0.006674,1,1,0.000000,0.000000,0.000000,0.743193,-0.792156,-0.093860,0.380208,-0.540938,-0.532477,0.086367,0.246839,0.000000,0.000000,0.000000,0.000000,0.000000,0.000000
1778075424.396613,ik_wrist_pelvis_body_frame,1,0,-0.300000,0.265283,-0.175543,-0.300000,-0.385690,-0.113040,-0.152649,0.133140,-0.177043,-0.099263,-0.257822,-0.153822,0.013855,0.008498,1,1,0.000000,0.000000,0.000000,0.758387,-0.793117,-0.092703,0.478285,-0.554135,-0.521379,0.095597,0.306464,0.000000,0.000000,0.000000,0.000000,0.000000,0.000000
1778075424.428070,ik_wrist_pelvis_body_frame,1,0,-0.300000,0.274584,-0.159567,-0.300000,-0.369150,-0.094063,-0.157616,0.135121,-0.178608,-0.107857,-0.258320,-0.155703,0.010398,0.009588,1,1,0.000000,0.000000,0.000000,0.767641,-0.799551,-0.088370,0.585301,-0.566654,-0.516357,0.107285,0.376779,0.000000,0.000000,0.000000,0.000000,0.000000,0.000000
1778075424.459886,ik_wrist_pelvis_body_frame,1,0,-0.300000,0.282188,-0.145985,-0.300000,-0.354881,-0.082882,-0.160517,0.134221,-0.183621,-0.113914,-0.253768,-0.155630,0.007357,0.009553,1,1,0.000000,0.000000,0.000000,0.773176,-0.810330,-0.081357,0.695683,-0.577862,-0.519186,0.121049,0.457042,0.000000,0.000000,0.000000,0.000000,0.000000,0.000000
1778075424.493195,ik_wrist_pelvis_body_frame,1,0,-0.300000,0.281196,-0.111224,-0.300000,-0.342348,-0.076635,-0.162218,0.146688,-0.190989,-0.114112,-0.244428,-0.159754,0.005487,0.008760,1,1,0.000000,0.000000,0.000000,0.777573,-0.817024,-0.074022,0.811489,-0.587119,-0.530919,0.136418,0.546125,0.000000,0.000000,0.000000,0.000000,0.000000,0.000000
1778075424.529021,ik_wrist_pelvis_body_frame,1,0,-0.300000,0.279128,-0.085967,-0.300000,-0.335011,-0.074507,-0.161443,0.155308,-0.193874,-0.113888,-0.237305,-0.165794,0.003840,0.007149,1,1,0.000000,0.000000,0.000000,0.781219,-0.821791,-0.067628,0.926692,-0.593311,-0.550703,0.152477,0.640767,0.000000,0.000000,0.000000,0.000000,0.000000,0.000000
1778075424.559283,ik_wrist_pelvis_body_frame,1,0,-0.300000,0.276406,-0.064046,-0.300000,-0.332240,-0.066967,-0.157515,0.155429,-0.193835,-0.111899,-0.233919,-0.168293,0.002550,0.005426,1,1,0.000000,0.000000,0.000000,0.784502,-0.824956,-0.062651,1.036813,-0.595684,-0.573484,0.168318,0.737862,0.000000,0.000000,0.000000,0.000000,0.000000,0.000000
1778075424.595276,ik_wrist_pelvis_body_frame,1,0,-0.300000,0.277718,-0.050336,-0.300000,-0.321175,-0.046110,-0.156278,0.158073,-0.195312,-0.103254,-0.225927,-0.164781,0.001642,0.004602,1,1,0.000000,0.000000,0.000000,0.786415,-0.827316,-0.058513,1.136188,-0.596409,-0.593811,0.184774,0.838841,0.000000,0.000000,0.000000,0.000000,0.000000,0.000000
1778075424.632363,ik_wrist_pelvis_body_frame,1,0,-0.300000,0.284289,-0.033574,-0.300000,-0.316761,-0.026982,-0.152234,0.162638,-0.194788,-0.100333,-0.223912,-0.159354,0.000931,0.003484,1,1,0.000000,0.000000,0.000000,0.785545,-0.825820,-0.054565,1.222240,-0.594530,-0.610164,0.201076,0.938677,0.000000,0.000000,0.000000,0.000000,0.000000,0.000000
1778075424.665127,ik_wrist_pelvis_body_frame,1,0,-0.300000,0.280741,-0.023566,-0.300000,-0.316753,-0.011190,-0.150674,0.163476,-0.191755,-0.100100,-0.226910,-0.151086,0.000816,0.002749,1,1,0.000000,0.000000,0.000000,0.784908,-0.822616,-0.052673,1.295628,-0.589798,-0.621449,0.216835,1.031142,0.000000,0.000000,0.000000,0.000000,0.000000,0.000000
1778075424.702184,ik_wrist_pelvis_body_frame,1,0,-0.300000,0.275337,-0.013224,-0.300000,-0.315792,0.003142,-0.149511,0.165118,-0.187840,-0.099667,-0.230114,-0.143064,0.000802,0.002467,1,1,0.000000,0.000000,0.000000,0.784833,-0.817573,-0.053060,1.358622,-0.583228,-0.627217,0.232399,1.113175,0.000000,0.000000,0.000000,0.000000,0.000000,0.000000
1778075424.733357,ik_wrist_pelvis_body_frame,1,0,-0.300000,0.258368,-0.005844,-0.300000,-0.313988,0.015891,-0.157977,0.160803,-0.179937,-0.097392,-0.234661,-0.136695,0.001165,0.002424,1,1,0.000000,0.000000,0.000000,0.789016,-0.811933,-0.056869,1.415364,-0.575289,-0.627894,0.248243,1.183965,0.000000,0.000000,0.000000,0.000000,0.000000,0.000000
1778075424.760907,ik_wrist_pelvis_body_frame,1,0,-0.300000,0.254427,-0.000266,-0.300000,-0.314353,0.030208,-0.158737,0.162388,-0.177273,-0.091904,-0.239318,-0.129224,0.001150,0.002464,1,1,0.000000,0.000000,0.000000,0.793010,-0.806551,-0.061276,1.464623,-0.565509,-0.622939,0.264378,1.243556,0.000000,0.000000,0.000000,0.000000,0.000000,0.000000
1778075424.793841,ik_wrist_pelvis_body_frame,1,0,-0.300000,0.240125,0.011157,-0.300000,-0.313258,0.042816,-0.160558,0.160299,-0.172333,-0.089071,-0.241284,-0.122293,0.001258,0.002460,1,1,0.000000,0.000000,0.000000,0.799376,-0.799395,-0.067887,1.510643,-0.554865,-0.613441,0.281090,1.292907,0.000000,0.000000,0.000000,0.000000,0.000000,0.000000
1778075424.827707,ik_wrist_pelvis_body_frame,1,0,-0.300000,0.230336,0.015418,-0.300000,-0.312527,0.048466,-0.165588,0.158597,-0.167371,-0.090023,-0.242245,-0.117978,0.001451,0.002393,1,1,0.000000,0.000000,0.000000,0.806972,-0.792803,-0.075518,1.552341,-0.544082,-0.602556,0.298251,1.332468,0.000000,0.000000,0.000000,0.000000,0.000000,0.000000
1778075424.860855,ik_wrist_pelvis_body_frame,1,0,-0.300000,0.226148,0.019595,-0.300000,-0.309618,0.060285,-0.168616,0.158359,-0.167553,-0.093265,-0.243660,-0.111832,0.001371,0.002265,1,1,0.000000,0.000000,0.000000,0.814032,-0.786981,-0.082697,1.588901,-0.534173,-0.588229,0.315082,1.365036,0.000000,0.000000,0.000000,0.000000,0.000000,0.000000
1778075424.891550,ik_wrist_pelvis_body_frame,1,0,-0.300000,0.230166,0.020689,-0.300000,-0.307373,0.062605,-0.167748,0.159793,-0.167678,-0.094976,-0.244144,-0.110202,0.001266,0.002212,1,1,0.000000,0.000000,0.000000,0.818224,-0.782446,-0.087899,1.618141,-0.525060,-0.574845,0.331687,1.391037,0.000000,0.000000,0.000000,0.000000,0.000000,0.000000
1778075424.928546,ik_wrist_pelvis_body_frame,1,0,-0.300000,0.231936,0.022920,-0.300000,-0.306476,0.066331,-0.164794,0.160527,-0.168086,-0.094917,-0.245929,-0.108563,0.001151,0.002179,1,1,0.000000,0.000000,0.000000,0.820440,-0.778379,-0.091984,1.641206,-0.516277,-0.562067,0.347567,1.411832,0.000000,0.000000,0.000000,0.000000,0.000000,0.000000
1778075424.961103,ik_wrist_pelvis_body_frame,1,0,-0.300000,0.234222,0.023886,-0.300000,-0.306381,0.072101,-0.163407,0.160742,-0.167641,-0.095267,-0.248089,-0.107206,0.001104,0.002077,1,1,0.000000,0.000000,0.000000,0.821118,-0.774738,-0.095187,1.658749,-0.507787,-0.549043,0.362302,1.428415,0.000000,0.000000,0.000000,0.000000,0.000000,0.000000
1778075424.993977,ik_wrist_pelvis_body_frame,1,0,-0.300000,0.235985,0.024173,-0.300000,-0.304768,0.077180,-0.162063,0.161097,-0.167838,-0.095914,-0.248610,-0.105666,0.001064,0.002002,1,1,0.000000,0.000000,0.000000,0.820721,-0.771636,-0.097824,1.671760,-0.500123,-0.536062,0.376001,1.441917,0.000000,0.000000,0.000000,0.000000,0.000000,0.000000
1778075425.028719,ik_wrist_pelvis_body_frame,1,0,-0.300000,0.236903,0.025735,-0.300000,-0.303810,0.077025,-0.161670,0.161208,-0.166546,-0.096459,-0.248968,-0.103807,0.001055,0.002048,1,1,0.000000,0.000000,0.000000,0.819799,-0.768302,-0.100135,1.681468,-0.493125,-0.524963,0.388991,1.452444,0.000000,0.000000,0.000000,0.000000,0.000000,0.000000
1778075425.062735,ik_wrist_pelvis_body_frame,1,0,-0.300000,0.237348,0.026332,-0.300000,-0.301963,0.079905,-0.161634,0.161632,-0.165662,-0.098765,-0.249082,-0.101728,0.001067,0.002019,1,1,0.000000,0.000000,0.000000,0.818624,-0.765071,-0.102283,1.688584,-0.487178,-0.514480,0.400926,1.461206,0.000000,0.000000,0.000000,0.000000,0.000000,0.000000
1778075425.096657,ik_wrist_pelvis_body_frame,1,0,-0.300000,0.239155,0.027485,-0.300000,-0.300280,0.082656,-0.161381,0.162665,-0.164385,-0.099088,-0.248778,-0.100230,0.001068,0.002009,1,1,0.000000,0.000000,0.000000,0.816886,-0.761641,-0.104050,1.693381,-0.482039,-0.504686,0.411749,1.468691,0.000000,0.000000,0.000000,0.000000,0.000000,0.000000
1778075425.128774,ik_wrist_pelvis_body_frame,1,0,-0.300000,0.239921,0.026819,-0.300000,-0.299764,0.083526,-0.161743,0.163392,-0.163952,-0.099378,-0.249252,-0.098879,0.001097,0.002029,1,1,0.000000,0.000000,0.000000,0.815002,-0.758722,-0.105710,1.696278,-0.477343,-0.496118,0.421568,1.474730,0.000000,0.000000,0.000000,0.000000,0.000000,0.000000
1778075425.165737,ik_wrist_pelvis_body_frame,1,0,-0.300000,0.241240,0.026395,-0.300000,-0.299913,0.085390,-0.160785,0.164408,-0.163805,-0.098986,-0.250570,-0.098132,0.001102,0.002017,1,1,0.000000,0.000000,0.000000,0.812766,-0.756305,-0.107244,1.697698,-0.472821,-0.488258,0.430357,1.479468,0.000000,0.000000,0.000000,0.000000,0.000000,0.000000
1778075425.199767,ik_wrist_pelvis_body_frame,1,0,-0.300000,0.242004,0.026011,-0.300000,-0.299261,0.086615,-0.160620,0.164322,-0.163956,-0.099112,-0.250428,-0.097751,0.001093,0.002000,1,1,0.000000,0.000000,0.000000,0.810506,-0.754361,-0.108735,1.698168,-0.468777,-0.481244,0.438320,1.483319,0.000000,0.000000,0.000000,0.000000,0.000000,0.000000
1778075425.228998,ik_wrist_pelvis_body_frame,1,0,-0.300000,0.242405,0.025315,-0.300000,-0.298209,0.085948,-0.160679,0.164240,-0.164291,-0.099290,-0.249834,-0.098108,0.001092,0.002008,1,1,0.000000,0.000000,0.000000,0.808391,-0.752973,-0.110201,1.698062,-0.465290,-0.475761,0.445686,1.486626,0.000000,0.000000,0.000000,0.000000,0.000000,0.000000
1778075425.266532,ik_wrist_pelvis_body_frame,1,0,-0.300000,0.243107,0.025260,-0.300000,-0.297849,0.086561,-0.159935,0.164459,-0.164320,-0.099107,-0.249745,-0.098034,0.001083,0.002001,1,1,0.000000,0.000000,0.000000,0.806267,-0.751842,-0.111575,1.697614,-0.462120,-0.471152,0.452260,1.489565,0.000000,0.000000,0.000000,0.000000,0.000000,0.000000
1778075425.295945,ik_wrist_pelvis_body_frame,1,0,-0.300000,0.243600,0.024825,-0.300000,-0.297913,0.088462,-0.159664,0.164779,-0.164551,-0.099153,-0.249437,-0.097995,0.001081,0.001954,1,1,0.000000,0.000000,0.000000,0.804200,-0.751027,-0.112913,1.696918,-0.459252,-0.466792,0.457852,1.492129,0.000000,0.000000,0.000000,0.000000,0.000000,0.000000
1778075425.330645,ik_wrist_pelvis_body_frame,1,0,-0.300000,0.245079,0.024615,-0.300000,-0.299822,0.088016,-0.158478,0.165851,-0.164783,-0.098231,-0.251011,-0.098260,0.001066,0.001953,1,1,0.000000,0.000000,0.000000,0.801805,-0.750367,-0.114114,1.695818,-0.456138,-0.463304,0.462671,1.493508,0.000000,0.000000,0.000000,0.000000,0.000000,0.000000
1778075425.361559,ik_wrist_pelvis_body_frame,1,0,-0.300000,0.243690,0.023478,-0.300000,-0.307073,0.086497,-0.157429,0.165742,-0.163876,-0.094893,-0.254527,-0.097378,0.001144,0.001999,1,1,0.000000,0.000000,0.000000,0.799838,-0.750182,-0.115816,1.694959,-0.451471,-0.460540,0.466639,1.491811,0.000000,0.000000,0.000000,0.000000,0.000000,0.000000
1778075425.394152,ik_wrist_pelvis_body_frame,1,0,-0.300000,0.245300,0.022830,-0.300000,-0.311460,0.083650,-0.157237,0.166626,-0.161808,-0.094076,-0.252977,-0.098670,0.001223,0.001958,1,1,0.000000,0.000000,0.000000,0.797509,-0.749946,-0.117419,1.693695,-0.446679,-0.458919,0.470196,1.487777,0.000000,0.000000,0.000000,0.000000,0.000000,0.000000
1778075425.429961,ik_wrist_pelvis_body_frame,1,0,-0.300000,0.254666,0.020880,-0.300000,-0.314482,0.078018,-0.151591,0.169883,-0.162427,-0.091795,-0.251283,-0.096267,0.001159,0.002132,1,1,0.000000,0.000000,0.000000,0.792404,-0.750100,-0.117826,1.689658,-0.441969,-0.458790,0.473924,1.482032,0.000000,0.000000,0.000000,0.000000,0.000000,0.000000
1778075425.462766,ik_wrist_pelvis_body_frame,1,0,-0.300000,0.261323,0.008358,-0.300000,-0.310863,0.051731,-0.154012,0.172435,-0.161196,-0.100013,-0.242007,-0.095006,0.001476,0.002829,1,1,0.000000,0.000000,0.000000,0.786211,-0.753272,-0.117868,1.681371,-0.439797,-0.467397,0.479954,1.475167,0.000000,0.000000,0.000000,0.000000,0.000000,0.000000
1778075425.496504,ik_wrist_pelvis_body_frame,1,0,-0.300000,0.260491,-0.011777,-0.300000,-0.310761,0.022269,-0.160823,0.171606,-0.159916,-0.117763,-0.234697,-0.094032,0.002246,0.003920,1,1,0.000000,0.000000,0.000000,0.781696,-0.761848,-0.118655,1.669952,-0.440211,-0.484854,0.486464,1.466088,0.000000,0.000000,0.000000,0.000000,0.000000,0.000000
1778075425.540080,ik_wrist_pelvis_body_frame,1,0,-0.300000,0.244504,-0.024080,-0.300000,-0.323382,0.012766,-0.183582,0.165932,-0.143505,-0.135028,-0.232424,-0.086914,0.004526,0.004654,1,1,0.000000,0.000000,0.000000,0.784191,-0.770995,-0.121510,1.660701,-0.441146,-0.501154,0.488344,1.452388,0.000000,0.000000,0.000000,0.000000,0.000000,0.000000
1778075425.571569,ik_wrist_pelvis_body_frame,1,0,-0.300000,0.216254,-0.036234,-0.300000,-0.347170,-0.003507,-0.203056,0.153546,-0.121353,-0.141952,-0.231647,-0.080252,0.008461,0.005446,1,1,0.000000,0.000000,0.000000,0.796673,-0.781517,-0.127783,1.657533,-0.440509,-0.516672,0.484782,1.427772,0.000000,0.000000,0.000000,0.000000,0.000000,0.000000
1778075425.600437,ik_wrist_pelvis_body_frame,1,0,-0.300000,0.222946,-0.057936,-0.300000,-0.360506,-0.010472,-0.208179,0.157169,-0.101741,-0.146755,-0.222805,-0.065551,0.012076,0.006488,1,1,0.000000,0.000000,0.000000,0.806434,-0.795844,-0.130383,1.649993,-0.441543,-0.527109,0.476842,1.395479,0.000000,0.000000,0.000000,0.000000,0.000000,0.000000
1778075425.627669,ik_wrist_pelvis_body_frame,1,0,-0.300000,0.233207,-0.065923,-0.300000,-0.367588,-0.026360,-0.204954,0.162126,-0.075159,-0.151767,-0.220987,-0.039147,0.015446,0.009386,1,1,0.000000,0.000000,0.000000,0.811835,-0.806657,-0.129108,1.637089,-0.444845,-0.534117,0.467395,1.355615,0.000000,0.000000,0.000000,0.000000,0.000000,0.000000
1778075425.661049,ik_wrist_pelvis_body_frame,1,0,-0.300000,0.191364,-0.058972,-0.300000,-0.355070,-0.042094,-0.218081,0.162301,-0.054155,-0.173274,-0.221633,-0.009187,0.020633,0.014819,1,1,0.000000,0.000000,0.000000,0.828302,-0.810280,-0.136171,1.634258,-0.454443,-0.538073,0.459370,1.313332,0.000000,0.000000,0.000000,0.000000,0.000000,0.000000
1778075425.696784,ik_wrist_pelvis_body_frame,1,0,-0.300000,0.199430,-0.076920,-0.300000,-0.339268,-0.068606,-0.207214,0.170689,-0.040292,-0.179013,-0.216167,-0.009284,0.023926,0.017654,1,1,0.000000,0.000000,0.000000,0.837810,-0.818646,-0.142346,1.627970,-0.468163,-0.548097,0.454006,1.271534,0.000000,0.000000,0.000000,0.000000,0.000000,0.000000
1778075425.730086,ik_wrist_pelvis_body_frame,1,0,-0.300000,0.209366,-0.116744,-0.300000,-0.332745,-0.090532,-0.191422,0.190427,-0.045691,-0.177361,-0.213815,-0.012433,0.026661,0.018983,1,1,0.000000,0.000000,0.000000,0.838317,-0.839802,-0.148999,1.609465,-0.481924,-0.562943,0.449939,1.231552,0.000000,0.000000,0.000000,0.000000,0.000000,0.000000
1778075425.767597,ik_wrist_pelvis_body_frame,1,0,-0.300000,0.230361,-0.167355,-0.300000,-0.344921,-0.160459,-0.164513,0.219314,-0.056144,-0.191613,-0.255897,-0.015768,0.028366,0.023673,1,1,0.000000,0.000000,0.000000,0.826849,-0.871798,-0.156028,1.571310,-0.490791,-0.589999,0.449201,1.173955,0.000000,0.000000,0.000000,0.000000,0.000000,0.000000
1778075425.795987,ik_wrist_pelvis_body_frame,1,0,-0.300000,0.242400,-0.235211,-0.300000,-0.356000,-0.217645,-0.159276,0.231633,-0.064058,-0.138276,-0.276157,-0.029867,0.030836,0.021322,1,1,0.000000,0.000000,0.000000,0.810405,-0.911885,-0.165561,1.507059,-0.492360,-0.622289,0.453743,1.100411,0.000000,0.000000,0.000000,0.000000,0.000000,0.000000
1778075425.828931,ik_wrist_pelvis_body_frame,1,0,-0.300000,0.266725,-0.309153,-0.270854,-0.354919,-0.257955,-0.116681,0.250818,-0.087988,-0.082108,-0.286806,-0.035527,0.027683,0.023135,1,0,0.000000,0.000000,0.000000,0.785871,-0.952994,-0.175856,1.413611,-0.481957,-0.656343,0.462279,1.020217,0.000000,0.000000,0.000000,0.000000,0.000000,0.000000
1778075425.865867,ik_wrist_pelvis_body_frame,1,0,-0.260953,0.279874,-0.357671,-0.249488,-0.349301,-0.271763,-0.070885,0.254510,-0.108552,-0.063069,-0.288916,-0.043075,0.024690,0.023944,0,0,0.000000,0.000000,0.000000,0.748313,-0.992000,-0.182854,1.305405,-0.466576,-0.685430,0.474083,0.943857,0.000000,0.000000,0.000000,0.000000,0.000000,0.000000
1778075425.898888,ik_wrist_pelvis_body_frame,1,0,-0.190018,0.297995,-0.388752,-0.211457,-0.354924,-0.293172,-0.020755,0.256702,-0.131148,-0.036843,-0.291529,-0.056668,0.022550,0.024041,0,0,0.000000,0.000000,0.000000,0.686757,-1.026256,-0.180353,1.189425,-0.438742,-0.713279,0.485135,0.869563,0.000000,0.000000,0.000000,0.000000,0.000000,0.000000
1778075425.934798,ik_wrist_pelvis_body_frame,1,0,-0.160731,0.306097,-0.402570,-0.187253,-0.359749,-0.307313,-0.000629,0.254519,-0.146631,-0.020952,-0.292292,-0.067922,0.019440,0.023030,0,0,0.000000,0.000000,0.000000,0.620256,-1.050944,-0.176730,1.078093,-0.405800,-0.737244,0.495541,0.799673,0.000000,0.000000,0.000000,0.000000,0.000000,0.000000
1778075425.964626,ik_wrist_pelvis_body_frame,1,0,-0.170055,0.307496,-0.405226,-0.176329,-0.358637,-0.317937,-0.004081,0.251173,-0.157350,-0.013101,-0.291595,-0.077947,0.016405,0.022092,0,0,0.000000,0.000000,0.000000,0.568354,-1.064033,-0.179914,0.977732,-0.375507,-0.757481,0.506225,0.735884,0.000000,0.000000,0.000000,0.000000,0.000000,0.000000
1778075425.997667,ik_wrist_pelvis_body_frame,1,0,-0.167944,0.309295,-0.409502,-0.179736,-0.358782,-0.320721,-0.004331,0.250481,-0.164964,-0.016210,-0.292121,-0.083474,0.014732,0.020923,0,0,0.000000,0.000000,0.000000,0.525975,-1.069532,-0.186925,0.886707,-0.353726,-0.771588,0.517586,0.680209,0.000000,0.000000,0.000000,0.000000,0.000000,0.000000
1778075426.025394,ik_wrist_pelvis_body_frame,1,0,-0.172091,0.309098,-0.411504,-0.174797,-0.359694,-0.326920,-0.008020,0.249268,-0.169426,-0.017446,-0.292795,-0.088055,0.013440,0.020128,0,0,0.000000,0.000000,0.000000,0.494199,-1.069052,-0.197335,0.804890,-0.336040,-0.781909,0.528100,0.629411,0.000000,0.000000,0.000000,0.000000,0.000000,0.000000
1778075426.063586,ik_wrist_pelvis_body_frame,1,0,-0.187224,0.304965,-0.410033,-0.159142,-0.360930,-0.336670,-0.016767,0.246109,-0.169186,-0.012614,-0.293677,-0.093919,0.012566,0.019603,0,0,0.000000,0.000000,0.000000,0.476829,-1.063610,-0.211657,0.733057,-0.317193,-0.790591,0.536195,0.580030,0.000000,0.000000,0.000000,0.000000,0.000000,0.000000
1778075426.095200,ik_wrist_pelvis_body_frame,1,0,-0.196188,0.299562,-0.408822,-0.155145,-0.361655,-0.339753,-0.022503,0.245705,-0.169133,-0.011268,-0.293127,-0.095768,0.012352,0.019114,0,0,0.000000,0.000000,0.000000,0.469326,-1.055541,-0.227934,0.669879,-0.301956,-0.795816,0.542408,0.533949,0.000000,0.000000,0.000000,0.000000,0.000000,0.000000
1778075426.129822,ik_wrist_pelvis_body_frame,1,0,-0.194743,0.296952,-0.410574,-0.146549,-0.362155,-0.344311,-0.023239,0.246708,-0.170840,-0.007454,-0.292791,-0.098186,0.012252,0.018776,0,0,0.000000,0.000000,0.000000,0.464592,-1.046874,-0.243732,0.612929,-0.288110,-0.798889,0.546254,0.489695,0.000000,0.000000,0.000000,0.000000,0.000000,0.000000
1778075426.165523,ik_wrist_pelvis_body_frame,1,0,-0.202626,0.292155,-0.408167,-0.149156,-0.362146,-0.342915,-0.025574,0.245997,-0.172019,-0.005427,-0.291972,-0.099052,0.012222,0.018540,0,0,0.000000,0.000000,0.000000,0.465635,-1.037159,-0.259656,0.563392,-0.279644,-0.798730,0.548452,0.449599,0.000000,0.000000,0.000000,0.000000,0.000000,0.000000
1778075426.195172,ik_wrist_pelvis_body_frame,1,0,-0.198244,0.291487,-0.410686,-0.156342,-0.362402,-0.342622,-0.025069,0.246808,-0.172560,-0.010741,-0.290052,-0.098142,0.012190,0.017926,0,0,0.000000,0.000000,0.000000,0.465934,-1.028020,-0.273882,0.518321,-0.278050,-0.796050,0.549291,0.413542,0.000000,0.000000,0.000000,0.000000,0.000000,0.000000
1778075426.231152,ik_wrist_pelvis_body_frame,1,0,-0.201245,0.289065,-0.409760,-0.155513,-0.364481,-0.343764,-0.025497,0.246135,-0.172547,-0.011079,-0.290100,-0.099986,0.012221,0.017240,0,0,0.000000,0.000000,0.000000,0.468322,-1.018712,-0.286983,0.478447,-0.278311,-0.791772,0.548096,0.379422,0.000000,0.000000,0.000000,0.000000,0.000000,0.000000
1778075426.261529,ik_wrist_pelvis_body_frame,1,0,-0.194534,0.288794,-0.413196,-0.161682,-0.365203,-0.342647,-0.023339,0.246442,-0.172963,-0.012212,-0.287277,-0.099757,0.012227,0.016676,0,0,0.000000,0.000000,0.000000,0.468368,-1.010644,-0.297928,0.441220,-0.282638,-0.785868,0.545271,0.348208,0.000000,0.000000,0.000000,0.000000,0.000000,0.000000
1778075426.297553,ik_wrist_pelvis_body_frame,1,0,-0.194601,0.287966,-0.413664,-0.176497,-0.365477,-0.337439,-0.023772,0.246575,-0.173709,-0.019094,-0.286006,-0.098606,0.012133,0.016122,0,0,0.000000,0.000000,0.000000,0.469010,-1.002577,-0.307245,0.407296,-0.293880,-0.777406,0.541357,0.321415,0.000000,0.000000,0.000000,0.000000,0.000000,0.000000
1778075426.331069,ik_wrist_pelvis_body_frame,1,0,-0.201603,0.285790,-0.412559,-0.196527,-0.367992,-0.331679,-0.028140,0.245473,-0.173556,-0.032645,-0.283396,-0.096542,0.011908,0.014778,0,0,0.000000,0.000000,0.000000,0.473809,-0.993979,-0.315596,0.377444,-0.312651,-0.766000,0.536571,0.299014,0.000000,0.000000,0.000000,0.000000,0.000000,0.000000
1778075426.363425,ik_wrist_pelvis_body_frame,1,0,-0.206816,0.284569,-0.412640,-0.196254,-0.373886,-0.331322,-0.030898,0.242809,-0.172685,-0.035294,-0.283051,-0.096407,0.011551,0.013735,0,0,0.000000,0.000000,0.000000,0.481392,-0.985415,-0.322764,0.350943,-0.328603,-0.753915,0.529871,0.276524,0.000000,0.000000,0.000000,0.000000,0.000000,0.000000
1778075426.396459,ik_wrist_pelvis_body_frame,1,0,-0.216649,0.280645,-0.408451,-0.197928,-0.379409,-0.329236,-0.032650,0.240010,-0.169249,-0.036403,-0.281880,-0.095995,0.011840,0.012839,0,0,0.000000,0.000000,0.000000,0.493291,-0.976403,-0.329208,0.328841,-0.342366,-0.740843,0.521336,0.254054,0.000000,0.000000,0.000000,0.000000,0.000000,0.000000
1778075426.429061,ik_wrist_pelvis_body_frame,1,0,-0.217657,0.279705,-0.407165,-0.203730,-0.381624,-0.325617,-0.031734,0.238832,-0.165201,-0.037695,-0.280380,-0.095207,0.012175,0.012337,0,0,0.000000,0.000000,0.000000,0.504481,-0.967940,-0.334311,0.309217,-0.356373,-0.727052,0.511341,0.232397,0.000000,0.000000,0.000000,0.000000,0.000000,0.000000
1778075426.462609,ik_wrist_pelvis_body_frame,1,0,-0.217352,0.280461,-0.407550,-0.193909,-0.389214,-0.328153,-0.030828,0.237145,-0.163037,-0.034066,-0.279568,-0.095962,0.012120,0.011435,0,0,0.000000,0.000000,0.000000,0.513667,-0.960167,-0.337939,0.291185,-0.363954,-0.713983,0.499355,0.208687,0.000000,0.000000,0.000000,0.000000,0.000000,0.000000
1778075426.500541,ik_wrist_pelvis_body_frame,1,0,-0.208318,0.289808,-0.409477,-0.190321,-0.394578,-0.328274,-0.026302,0.237175,-0.162450,-0.032153,-0.278913,-0.097382,0.011509,0.010624,0,0,0.000000,0.000000,0.000000,0.515374,-0.952256,-0.339255,0.272990,-0.368730,-0.700900,0.485662,0.184084,0.000000,0.000000,0.000000,0.000000,0.000000,0.000000
1778075426.534495,ik_wrist_pelvis_body_frame,1,0,-0.199099,0.302116,-0.410551,-0.182517,-0.400823,-0.330231,-0.022116,0.237155,-0.162072,-0.029861,-0.278156,-0.098467,0.010583,0.009745,0,0,0.000000,0.000000,0.000000,0.509810,-0.943139,-0.338266,0.254355,-0.369809,-0.688092,0.470265,0.157942,0.000000,0.000000,0.000000,0.000000,0.000000,0.000000
1778075426.566504,ik_wrist_pelvis_body_frame,1,0,-0.176918,0.322717,-0.412794,-0.174366,-0.408911,-0.331534,-0.012112,0.238002,-0.161936,-0.026454,-0.275973,-0.099858,0.009328,0.008739,0,0,0.000000,0.000000,0.000000,0.491314,-0.932180,-0.334306,0.233517,-0.366981,-0.676019,0.453340,0.134195,0.000000,0.000000,0.000000,0.000000,0.000000,0.000000
1778075426.594661,ik_wrist_pelvis_body_frame,1,0,-0.180280,0.327991,-0.409060,-0.149036,-0.417408,-0.338505,-0.012069,0.236849,-0.160605,-0.012402,-0.273596,-0.104276,0.008869,0.008088,0,0,0.000000,0.000000,0.000000,0.476049,-0.919684,-0.329333,0.214011,-0.352692,-0.669135,0.435290,0.115672,0.000000,0.000000,0.000000,0.000000,0.000000,0.000000
1778075426.628179,ik_wrist_pelvis_body_frame,1,0,-0.185932,0.333748,-0.401848,-0.137903,-0.424996,-0.340711,-0.008981,0.235219,-0.160354,-0.005984,-0.270424,-0.108533,0.008750,0.007147,0,0,0.000000,0.000000,0.000000,0.465445,-0.905699,-0.323758,0.197429,-0.335065,-0.664194,0.416740,0.101224,0.000000,0.000000,0.000000,0.000000,0.000000,0.000000
1778075426.661223,ik_wrist_pelvis_body_frame,1,0,-0.201885,0.341803,-0.394036,-0.137832,-0.433732,-0.337788,-0.018247,0.233136,-0.160315,-0.008210,-0.268271,-0.110027,0.007667,0.006137,0,0,0.000000,0.000000,0.000000,0.463078,-0.889384,-0.318075,0.185169,-0.320186,-0.658103,0.398138,0.089955,0.000000,0.000000,0.000000,0.000000,0.000000,0.000000
1778075426.700821,ik_wrist_pelvis_body_frame,1,0,-0.250409,0.352634,-0.367619,-0.164653,-0.440517,-0.325490,-0.042603,0.225533,-0.158192,-0.023253,-0.264608,-0.108557,0.006015,0.005201,0,0,0.000000,0.000000,0.000000,0.479267,-0.864797,-0.313545,0.183294,-0.319253,-0.647056,0.380005,0.081165,0.000000,0.000000,0.000000,0.000000,0.000000,0.000000
1778075426.733737,ik_wrist_pelvis_body_frame,1,0,-0.282276,0.360116,-0.342069,-0.177391,-0.459150,-0.303751,-0.057208,0.221067,-0.155002,-0.031825,-0.262653,-0.104132,0.005033,0.004014,0,0,0.000000,0.000000,0.000000,0.503244,-0.835857,-0.309676,0.188874,-0.322345,-0.628020,0.362216,0.074308,0.000000,0.000000,0.000000,0.000000,0.000000,0.000000
1778075426.765867,ik_wrist_pelvis_body_frame,1,0,-0.284020,0.373352,-0.333680,-0.178291,-0.468360,-0.291977,-0.060940,0.219131,-0.154135,-0.033455,-0.263974,-0.102142,0.004128,0.003546,0,1,0.000000,0.000000,0.000000,0.520551,-0.809270,-0.305069,0.195558,-0.324398,-0.607646,0.344776,0.068961,0.000000,0.000000,0.000000,0.000000,0.000000,0.000000
1778075426.796398,ik_wrist_pelvis_body_frame,1,0,-0.278981,0.391042,-0.319643,-0.177001,-0.476159,-0.279898,-0.057894,0.220927,-0.156073,-0.034938,-0.263337,-0.102357,0.003625,0.003060,0,1,0.000000,0.000000,0.000000,0.528022,-0.783653,-0.299403,0.203687,-0.324804,-0.586989,0.327772,0.064789,0.000000,0.000000,0.000000,0.000000,0.000000,0.000000
1778075426.830459,ik_wrist_pelvis_body_frame,1,0,-0.278796,0.400832,-0.307029,-0.174747,-0.483098,-0.269220,-0.055980,0.221203,-0.155827,-0.034031,-0.266033,-0.103495,0.003447,0.002754,0,1,0.000000,0.000000,0.000000,0.530958,-0.760031,-0.293501,0.213618,-0.323401,-0.566696,0.311295,0.061536,0.000000,0.000000,0.000000,0.000000,0.000000,0.000000
1778075426.860389,ik_wrist_pelvis_body_frame,1,0,-0.270109,0.415444,-0.297949,-0.167886,-0.489258,-0.262376,-0.053671,0.223348,-0.156009,-0.032462,-0.266362,-0.103181,0.003053,0.002496,0,1,0.000000,0.000000,0.000000,0.526937,-0.738747,-0.287062,0.224164,-0.319099,-0.548145,0.295372,0.058998,0.000000,0.000000,0.000000,0.000000,0.000000,0.000000
1778075426.896491,ik_wrist_pelvis_body_frame,1,0,-0.267283,0.427030,-0.281643,-0.164245,-0.492715,-0.258177,-0.052317,0.229608,-0.154445,-0.030971,-0.267531,-0.103468,0.002940,0.002367,0,1,0.000000,0.000000,0.000000,0.519677,-0.717438,-0.280700,0.236631,-0.313872,-0.532020,0.280102,0.057018,0.000000,0.000000,0.000000,0.000000,0.000000,0.000000
1778075426.933187,ik_wrist_pelvis_body_frame,1,0,-0.263338,0.435383,-0.272861,-0.160377,-0.496088,-0.254117,-0.050428,0.232675,-0.149956,-0.029758,-0.266403,-0.102794,0.002897,0.002242,0,1,0.000000,0.000000,0.000000,0.510528,-0.698177,-0.274756,0.249290,-0.308008,-0.517893,0.265505,0.055474,0.000000,0.000000,0.000000,0.000000,0.000000,0.000000
1778075426.964610,ik_wrist_pelvis_body_frame,1,0,-0.260035,0.440608,-0.268135,-0.158490,-0.498142,-0.251267,-0.049095,0.236052,-0.145472,-0.029523,-0.267427,-0.102746,0.002931,0.002150,0,1,0.000000,0.000000,0.000000,0.500862,-0.681646,-0.269507,0.260962,-0.302501,-0.505744,0.251614,0.054270,0.000000,0.000000,0.000000,0.000000,0.000000,0.000000
1778075426.995874,ik_wrist_pelvis_body_frame,1,0,-0.258400,0.442125,-0.267575,-0.158471,-0.498548,-0.250473,-0.048472,0.237985,-0.142481,-0.028874,-0.268625,-0.102308,0.003006,0.002168,0,1,0.000000,0.000000,0.000000,0.492218,-0.668552,-0.265180,0.270802,-0.298088,-0.495883,0.238460,0.053331,0.000000,0.000000,0.000000,0.000000,0.000000,0.000000
1778075427.026559,ik_wrist_pelvis_body_frame,1,0,-0.257901,0.442688,-0.267199,-0.161868,-0.497337,-0.250709,-0.048421,0.239160,-0.141096,-0.029545,-0.269277,-0.102123,0.003045,0.002220,0,1,0.000000,0.000000,0.000000,0.485068,-0.658257,-0.261749,0.278918,-0.296018,-0.488243,0.226074,0.052598,0.000000,0.000000,0.000000,0.000000,0.000000,0.000000
1778075427.065482,ik_wrist_pelvis_body_frame,1,0,-0.258540,0.440489,-0.268430,-0.163816,-0.496253,-0.251590,-0.047409,0.239426,-0.140404,-0.029700,-0.269725,-0.101931,0.003216,0.002272,0,1,0.000000,0.000000,0.000000,0.479936,-0.650871,-0.259267,0.285421,-0.295303,-0.482592,0.214419,0.052026,0.000000,0.000000,0.000000,0.000000,0.000000,0.000000
1778075427.094764,ik_wrist_pelvis_body_frame,1,0,-0.265179,0.436504,-0.266756,-0.167597,-0.495247,-0.251082,-0.049978,0.238978,-0.141307,-0.032083,-0.267977,-0.101433,0.003263,0.002236,0,1,0.000000,0.000000,0.000000,0.478831,-0.645129,-0.257926,0.291573,-0.296461,-0.478030,0.203467,0.051581,0.000000,0.000000,0.000000,0.000000,0.000000,0.000000
1778075427.128534,ik_wrist_pelvis_body_frame,1,0,-0.264812,0.434316,-0.272035,-0.171455,-0.492415,-0.254028,-0.050834,0.237276,-0.144166,-0.035623,-0.267449,-0.100649,0.003150,0.002240,0,1,0.000000,0.000000,0.000000,0.478487,-0.642678,-0.257082,0.296219,-0.299404,-0.475490,0.193184,0.051233,0.000000,0.000000,0.000000,0.000000,0.000000,0.000000
1778075427.163091,ik_wrist_pelvis_body_frame,1,0,-0.278068,0.416526,-0.287991,-0.176575,-0.486269,-0.262229,-0.059122,0.232063,-0.145422,-0.036898,-0.265428,-0.100722,0.003313,0.002440,0,1,0.000000,0.000000,0.000000,0.486556,-0.646290,-0.257835,0.298251,-0.304436,-0.476642,0.183572,0.050962,0.000000,0.000000,0.000000,0.000000,0.000000,0.000000
1778075427.196833,ik_wrist_pelvis_body_frame,1,0,-0.282356,0.394809,-0.309697,-0.180013,-0.476955,-0.276602,-0.061343,0.230222,-0.148744,-0.036835,-0.266677,-0.101667,0.003872,0.002844,0,1,0.000000,0.000000,0.000000,0.499506,-0.656997,-0.259647,0.296399,-0.310784,-0.483048,0.174621,0.050750,0.000000,0.000000,0.000000,0.000000,0.000000,0.000000
1778075427.229122,ik_wrist_pelvis_body_frame,1,0,-0.274830,0.375347,-0.335398,-0.182819,-0.462212,-0.296726,-0.060021,0.230468,-0.151206,-0.036154,-0.268915,-0.105733,0.004588,0.003475,0,0,0.000000,0.000000,0.000000,0.512141,-0.674368,-0.261594,0.289272,-0.318584,-0.496309,0.166345,0.050585,0.000000,0.000000,0.000000,0.000000,0.000000,0.000000
1778075427.263678,ik_wrist_pelvis_body_frame,1,0,-0.236369,0.353078,-0.374976,-0.166396,-0.442746,-0.322170,-0.042992,0.235399,-0.160283,-0.025048,-0.268964,-0.110659,0.006149,0.004693,0,0,0.000000,0.000000,0.000000,0.513617,-0.702976,-0.262119,0.272421,-0.320572,-0.518729,0.158572,0.050456,0.000000,0.000000,0.000000,0.000000,0.000000,0.000000
1778075427.296152,ik_wrist_pelvis_body_frame,1,0,-0.221147,0.331913,-0.390746,-0.150755,-0.422864,-0.341803,-0.030030,0.235286,-0.165686,-0.013777,-0.269681,-0.113729,0.007663,0.006226,0,0,0.000000,0.000000,0.000000,0.512872,-0.733486,-0.262043,0.252365,-0.317547,-0.546934,0.151311,0.050356,0.000000,0.000000,0.000000,0.000000,0.000000,0.000000
1778075427.337534,ik_wrist_pelvis_body_frame,1,0,-0.223792,0.304687,-0.400436,-0.147778,-0.401707,-0.355189,-0.029997,0.234109,-0.170799,-0.008535,-0.270056,-0.117364,0.009222,0.007834,0,0,0.000000,0.000000,0.000000,0.519920,-0.763726,-0.262319,0.232435,-0.315891,-0.577566,0.144715,0.050278,0.000000,0.000000,0.000000,0.000000,0.000000,0.000000
1778075427.365673,ik_wrist_pelvis_body_frame,1,0,-0.208321,0.277159,-0.416527,-0.117563,-0.380108,-0.374369,-0.024026,0.235307,-0.179930,0.012171,-0.269938,-0.124117,0.011097,0.010062,0,0,0.000000,0.000000,0.000000,0.527438,-0.797105,-0.261969,0.209810,-0.303174,-0.614006,0.138425,0.050217,0.000000,0.000000,0.000000,0.000000,0.000000,0.000000
1778075427.396398,ik_wrist_pelvis_body_frame,1,0,-0.181744,0.249941,-0.434095,-0.129458,-0.359542,-0.375484,-0.018619,0.238595,-0.187077,0.009344,-0.273259,-0.124349,0.013199,0.012440,0,0,0.000000,0.000000,0.000000,0.530334,-0.833701,-0.260030,0.181458,-0.299771,-0.646919,0.132994,0.050169,0.000000,0.000000,0.000000,0.000000,0.000000,0.000000
1778075427.432997,ik_wrist_pelvis_body_frame,1,0,-0.161566,0.232659,-0.445009,-0.124047,-0.344943,-0.378216,-0.012845,0.238569,-0.192189,0.013697,-0.276429,-0.124941,0.014375,0.014667,0,0,0.000000,0.000000,0.000000,0.528287,-0.869502,-0.256092,0.152537,-0.296909,-0.677192,0.128118,0.050132,0.000000,0.000000,0.000000,0.000000,0.000000,0.000000
1778075427.465222,ik_wrist_pelvis_body_frame,1,0,-0.139157,0.228216,-0.452374,-0.109786,-0.323398,-0.385547,-0.002491,0.239097,-0.195621,0.024520,-0.276576,-0.127904,0.014931,0.017867,0,0,0.000000,0.000000,0.000000,0.516086,-0.903967,-0.250390,0.129979,-0.290030,-0.709485,0.123635,0.050103,0.000000,0.000000,0.000000,0.000000,0.000000,0.000000
1778075427.499924,ik_wrist_pelvis_body_frame,1,0,-0.143162,0.213025,-0.454791,-0.038381,-0.289806,-0.403247,-0.002799,0.234254,-0.198675,0.059609,-0.276530,-0.133699,0.015735,0.023502,0,0,0.000000,0.000000,0.000000,0.509204,-0.935564,-0.243996,0.112384,-0.249878,-0.752738,0.118460,0.050080,0.000000,0.000000,0.000000,0.000000,0.000000,0.000000
1778075427.524271,ik_wrist_pelvis_body_frame,1,0,-0.131186,0.206109,-0.458898,-0.017955,-0.271094,-0.407820,0.006832,0.231145,-0.200852,0.073071,-0.272988,-0.136551,0.016408,0.025605,0,0,0.000000,0.000000,0.000000,0.500242,-0.965402,-0.236944,0.098659,-0.200814,-0.794497,0.113277,0.050063,0.000000,0.000000,0.000000,0.000000,0.000000,0.000000
1778075427.564775,ik_wrist_pelvis_body_frame,1,0,-0.107375,0.206823,-0.469826,0.003285,-0.265376,-0.412358,0.018547,0.226097,-0.203411,0.081075,-0.271305,-0.138443,0.015397,0.025423,0,0,0.000000,0.000000,0.000000,0.480385,-0.994543,-0.229043,0.087954,-0.146789,-0.830219,0.108100,0.050049,0.000000,0.000000,0.000000,0.000000,0.000000,0.000000
1778075427.595070,ik_wrist_pelvis_body_frame,1,0,-0.098181,0.205921,-0.476558,0.005757,-0.259621,-0.415298,0.021127,0.221994,-0.204800,0.081861,-0.269263,-0.140226,0.014356,0.025532,0,0,0.000000,0.000000,0.000000,0.456141,-1.020340,-0.220728,0.079604,-0.099361,-0.860793,0.103316,0.050038,0.000000,0.000000,0.000000,0.000000,0.000000,0.000000
1778075427.627123,ik_wrist_pelvis_body_frame,1,0,-0.097483,0.201907,-0.485450,0.005142,-0.256338,-0.419179,0.016023,0.215222,-0.207141,0.080343,-0.267406,-0.143299,0.012766,0.025025,0,0,0.000000,0.000000,0.000000,0.435092,-1.043702,-0.212449,0.073091,-0.061410,-0.886941,0.099016,0.050030,0.000000,0.000000,0.000000,0.000000,0.000000,0.000000
1778075427.662610,ik_wrist_pelvis_body_frame,1,0,-0.104303,0.197798,-0.488592,0.009248,-0.250537,-0.422796,0.012954,0.209889,-0.208582,0.080952,-0.265386,-0.145689,0.012180,0.025007,0,0,0.000000,0.000000,0.000000,0.422213,-1.063323,-0.204562,0.068011,-0.029159,-0.910187,0.095040,0.050023,0.000000,0.000000,0.000000,0.000000,0.000000,0.000000
1778075427.692369,ik_wrist_pelvis_body_frame,1,0,-0.109910,0.191074,-0.492940,0.012178,-0.249590,-0.427175,0.009468,0.203932,-0.211192,0.082018,-0.262243,-0.148304,0.011604,0.023961,0,0,0.000000,0.000000,0.000000,0.417994,-1.081010,-0.197178,0.064049,-0.001603,-0.929939,0.091341,0.050018,0.000000,0.000000,0.000000,0.000000,0.000000,0.000000
1778075427.727942,ik_wrist_pelvis_body_frame,1,0,-0.114398,0.187392,-0.495854,0.011320,-0.248410,-0.432454,0.006916,0.200213,-0.215384,0.081000,-0.259020,-0.152483,0.010997,0.022729,0,0,0.000000,0.000000,0.000000,0.420309,-1.096178,-0.190250,0.060958,0.020081,-0.947351,0.087969,0.050014,0.000000,0.000000,0.000000,0.000000,0.000000,0.000000
1778075427.763027,ik_wrist_pelvis_body_frame,1,0,-0.112883,0.182233,-0.502993,0.025279,-0.247939,-0.438730,0.007742,0.192067,-0.219594,0.084036,-0.257026,-0.158312,0.010058,0.020923,0,0,0.000000,0.000000,0.000000,0.425271,-1.108019,-0.183662,0.058547,0.044518,-0.962330,0.084532,0.050011,0.000000,0.000000,0.000000,0.000000,0.000000,0.000000
1778075427.799958,ik_wrist_pelvis_body_frame,1,0,-0.113100,0.168603,-0.511074,0.036445,-0.244608,-0.444794,0.008165,0.181451,-0.226024,0.087379,-0.254611,-0.165653,0.009978,0.019546,0,0,0.000000,0.000000,0.000000,0.434129,-1.117255,-0.177590,0.056667,0.071975,-0.976205,0.080992,0.050009,0.000000,0.000000,0.000000,0.000000,0.000000,0.000000
1778075427.833242,ik_wrist_pelvis_body_frame,1,0,-0.113240,0.156581,-0.518021,0.032166,-0.245586,-0.448224,0.007089,0.172412,-0.230679,0.085656,-0.253752,-0.171475,0.010311,0.018501,0,0,0.000000,0.000000,0.000000,0.446832,-1.124459,-0.172078,0.055200,0.093442,-0.988051,0.077742,0.050007,0.000000,0.000000,0.000000,0.000000,0.000000,0.000000
1778075427.861572,ik_wrist_pelvis_body_frame,1,0,-0.113580,0.149009,-0.522200,0.027821,-0.246033,-0.451400,0.005776,0.167158,-0.234883,0.083556,-0.252286,-0.175555,0.010626,0.017701,0,0,0.000000,0.000000,0.000000,0.462010,-1.130078,-0.167058,0.054056,0.107787,-0.998334,0.074854,0.050005,0.000000,0.000000,0.000000,0.000000,0.000000,0.000000
1778075427.895562,ik_wrist_pelvis_body_frame,1,0,-0.117239,0.146076,-0.524629,0.021569,-0.245620,-0.454665,0.003277,0.163028,-0.236936,0.080079,-0.250426,-0.178794,0.010347,0.017050,0,0,0.000000,0.000000,0.000000,0.479329,-1.134461,-0.162473,0.053164,0.114817,-1.007729,0.072358,0.050004,0.000000,0.000000,0.000000,0.000000,0.000000,0.000000
1778075427.927480,ik_wrist_pelvis_body_frame,1,0,-0.117605,0.145972,-0.525897,0.020438,-0.244926,-0.458494,0.003514,0.160920,-0.238135,0.079362,-0.248468,-0.183933,0.010138,0.016182,0,0,0.000000,0.000000,0.000000,0.495851,-1.137879,-0.158140,0.052468,0.118462,-1.016449,0.070099,0.050003,0.000000,0.000000,0.000000,0.000000,0.000000,0.000000
1778075427.962838,ik_wrist_pelvis_body_frame,1,0,-0.117267,0.142032,-0.528186,0.016385,-0.246926,-0.462227,0.003466,0.157684,-0.240382,0.076894,-0.246634,-0.188852,0.010415,0.015063,0,0,0.000000,0.000000,0.000000,0.511396,-1.140546,-0.154044,0.051925,0.118345,-1.023895,0.068099,0.050002,0.000000,0.000000,0.000000,0.000000,0.000000,0.000000
1778075427.995257,ik_wrist_pelvis_body_frame,1,0,-0.116870,0.139850,-0.529780,0.013647,-0.248461,-0.464347,0.003480,0.155424,-0.241420,0.074828,-0.244795,-0.189724,0.010573,0.014427,0,0,0.000000,0.000000,0.000000,0.525453,-1.142626,-0.150144,0.051501,0.115680,-1.029924,0.066306,0.050002,0.000000,0.000000,0.000000,0.000000,0.000000,0.000000
1778075428.027863,ik_wrist_pelvis_body_frame,1,0,-0.120892,0.137264,-0.530253,0.011258,-0.250119,-0.465864,0.002156,0.152835,-0.242458,0.073233,-0.243710,-0.191045,0.010495,0.013897,0,0,0.000000,0.000000,0.000000,0.540190,-1.144248,-0.146529,0.051171,0.111366,-1.034620,0.064682,0.050002,0.000000,0.000000,0.000000,0.000000,0.000000,0.000000
1778075428.062655,ik_wrist_pelvis_body_frame,1,0,-0.124385,0.134384,-0.531101,0.010493,-0.252725,-0.466968,0.001378,0.149595,-0.244290,0.072063,-0.243034,-0.191843,0.010448,0.013341,0,0,0.000000,0.000000,0.000000,0.556240,-1.145514,-0.143211,0.050913,0.106684,-1.037806,0.063165,0.050001,0.000000,0.000000,0.000000,0.000000,0.000000,0.000000
1778075428.106354,ik_wrist_pelvis_body_frame,1,0,-0.124866,0.133217,-0.532104,0.010246,-0.255636,-0.466069,0.001134,0.147795,-0.245054,0.072112,-0.243833,-0.191550,0.010432,0.013180,0,0,0.000000,0.000000,0.000000,0.571780,-1.146501,-0.140075,0.050712,0.102370,-1.039170,0.061724,0.050001,0.000000,0.000000,0.000000,0.000000,0.000000,0.000000
1778075428.130862,ik_wrist_pelvis_body_frame,1,0,-0.121005,0.133750,-0.533406,0.005453,-0.264215,-0.463360,0.002641,0.147400,-0.245400,0.072150,-0.244108,-0.189286,0.010634,0.012754,0,0,0.000000,0.000000,0.000000,0.583542,-1.147270,-0.136944,0.050556,0.096080,-1.037124,0.060477,0.050001,0.000000,0.000000,0.000000,0.000000,0.000000,0.000000
1778075428.171268,ik_wrist_pelvis_body_frame,1,0,-0.126153,0.135663,-0.531569,-0.021516,-0.278958,-0.457338,0.000081,0.148999,-0.248026,0.064175,-0.244104,-0.186578,0.009912,0.012224,0,0,0.000000,0.000000,0.000000,0.594253,-1.147871,-0.133929,0.050433,0.075761,-1.030033,0.059962,0.050001,0.000000,0.000000,0.000000,0.000000,0.000000,0.000000
1778075428.205914,ik_wrist_pelvis_body_frame,1,0,-0.128899,0.148863,-0.528194,-0.036014,-0.290513,-0.454869,-0.001919,0.154706,-0.247744,0.058391,-0.241532,-0.184595,0.008251,0.011047,0,0,0.000000,0.000000,0.000000,0.600292,-1.148339,-0.130770,0.050338,0.048269,-1.020310,0.059885,0.050000,0.000000,0.000000,0.000000,0.000000,0.000000,0.000000
1778075428.232157,ik_wrist_pelvis_body_frame,1,0,-0.135965,0.164483,-0.521950,-0.071054,-0.309418,-0.446365,-0.005349,0.162582,-0.249389,0.044432,-0.237925,-0.182162,0.006678,0.009663,0,0,0.000000,0.000000,0.000000,0.602028,-1.148705,-0.127426,0.050264,0.006380,-1.004450,0.060497,0.050000,0.000000,0.000000,0.000000,0.000000,0.000000,0.000000
1778075428.263392,ik_wrist_pelvis_body_frame,1,0,-0.138193,0.181323,-0.515088,-0.073195,-0.316553,-0.444103,-0.008295,0.173714,-0.248002,0.041700,-0.238645,-0.180610,0.006085,0.008900,0,0,0.000000,0.000000,0.000000,0.597866,-1.148990,-0.123784,0.050206,-0.031250,-0.989043,0.061050,0.050000,0.000000,0.000000,0.000000,0.000000,0.000000,0.000000
1778075428.295023,ik_wrist_pelvis_body_frame,1,0,-0.153267,0.203095,-0.505982,-0.113695,-0.321005,-0.432109,-0.018005,0.181230,-0.245487,0.023880,-0.240042,-0.177524,0.005364,0.009109,0,0,0.000000,0.000000,0.000000,0.592919,-1.142018,-0.120104,0.050160,-0.081683,-0.970282,0.062147,0.050000,0.000000,0.000000,0.000000,0.000000,0.000000,0.000000
1778075428.335338,ik_wrist_pelvis_body_frame,1,0,-0.155118,0.217411,-0.503018,-0.133842,-0.329673,-0.422266,-0.019148,0.182573,-0.243377,0.012387,-0.242738,-0.173491,0.004780,0.008530,0,0,0.000000,0.000000,0.000000,0.585458,-1.131765,-0.116322,0.050125,-0.133564,-0.948843,0.063336,0.050000,0.000000,0.000000,0.000000,0.000000,0.000000,0.000000
1778075428.364485,ik_wrist_pelvis_body_frame,1,0,-0.164533,0.224037,-0.497594,-0.134390,-0.337507,-0.418634,-0.019124,0.181149,-0.243096,0.008594,-0.246266,-0.171351,0.004648,0.007978,0,0,0.000000,0.000000,0.000000,0.580634,-1.119686,-0.112737,0.050098,-0.175302,-0.928684,0.064187,0.050000,0.000000,0.000000,0.000000,0.000000,0.000000,0.000000
1778075428.392300,ik_wrist_pelvis_body_frame,1,0,-0.189605,0.239012,-0.479012,-0.150920,-0.358053,-0.402807,-0.024362,0.186024,-0.239636,0.000554,-0.249691,-0.170957,0.005004,0.006791,0,0,0.000000,0.000000,0.000000,0.583548,-1.100128,-0.109836,0.053046,-0.212659,-0.902642,0.064889,0.050000,0.000000,0.000000,0.000000,0.000000,0.000000,0.000000
1778075428.437527,ik_wrist_pelvis_body_frame,1,0,-0.265442,0.244174,-0.425636,-0.194529,-0.380022,-0.363664,-0.048719,0.193251,-0.221326,-0.014179,-0.254864,-0.165114,0.007277,0.006607,0,0,0.000000,0.000000,0.000000,0.616213,-1.063277,-0.110258,0.069224,-0.257367,-0.864433,0.066180,0.053151,0.000000,0.000000,0.000000,0.000000,0.000000,0.000000
1778075428.463327,ik_wrist_pelvis_body_frame,1,0,-0.300000,0.240722,-0.349224,-0.287969,-0.380663,-0.299693,-0.073782,0.189941,-0.192363,-0.056396,-0.244932,-0.148259,0.011043,0.006555,1,0,0.000000,0.000000,0.000000,0.660630,-1.013976,-0.113680,0.099218,-0.330095,-0.810668,0.069953,0.068042,0.000000,0.000000,0.000000,0.000000,0.000000,0.000000
1778075428.493132,ik_wrist_pelvis_body_frame,1,0,-0.300000,0.228202,-0.284238,-0.300000,-0.378422,-0.259419,-0.129804,0.171542,-0.175343,-0.077982,-0.242995,-0.145488,0.016852,0.005937,1,1,0.000000,0.000000,0.000000,0.705944,-0.961858,-0.118029,0.140308,-0.394892,-0.757772,0.074372,0.087993,0.000000,0.000000,0.000000,0.000000,0.000000,0.000000
1778075428.529579,ik_wrist_pelvis_body_frame,1,0,-0.300000,0.233835,-0.195587,-0.300000,-0.408284,-0.188831,-0.153281,0.160671,-0.170690,-0.086029,-0.249524,-0.147811,0.025898,0.005720,1,1,0.000000,0.000000,0.000000,0.741218,-0.901291,-0.120724,0.207450,-0.438928,-0.697224,0.078399,0.121229,0.000000,0.000000,0.000000,0.000000,0.000000,0.000000
1778075428.564354,ik_wrist_pelvis_body_frame,1,0,-0.300000,0.260758,-0.144763,-0.300000,-0.389123,-0.092072,-0.160524,0.139704,-0.174773,-0.095629,-0.247381,-0.142369,0.022659,0.011085,1,1,0.000000,0.000000,0.000000,0.760116,-0.847045,-0.118160,0.301043,-0.476429,-0.629150,0.083918,0.178263,0.000000,0.000000,0.000000,0.000000,0.000000,0.000000
1778075428.601423,ik_wrist_pelvis_body_frame,1,0,-0.300000,0.251295,-0.108895,-0.300000,-0.343111,-0.086511,-0.187940,0.135971,-0.177465,-0.110155,-0.249738,-0.148145,0.021080,0.016606,1,1,0.000000,0.000000,0.000000,0.778538,-0.807600,-0.113257,0.420565,-0.515771,-0.585833,0.093497,0.248287,0.000000,0.000000,0.000000,0.000000,0.000000,0.000000
1778075428.629760,ik_wrist_pelvis_body_frame,1,0,-0.300000,0.250303,-0.074519,-0.300000,-0.311033,-0.071488,-0.192816,0.136245,-0.175921,-0.118808,-0.245254,-0.159143,0.015530,0.019682,1,1,0.000000,0.000000,0.000000,0.793870,-0.781301,-0.105186,0.563001,-0.553393,-0.562686,0.107031,0.338307,0.000000,0.000000,0.000000,0.000000,0.000000,0.000000
1778075428.662167,ik_wrist_pelvis_body_frame,1,0,-0.300000,0.226930,-0.049055,-0.300000,-0.281232,-0.059602,-0.192184,0.135390,-0.188328,-0.118687,-0.228685,-0.162222,0.011345,0.019765,1,1,0.000000,0.000000,0.000000,0.813306,-0.770686,-0.099054,0.723574,-0.588334,-0.558875,0.124787,0.452028,0.000000,0.000000,0.000000,0.000000,0.000000,0.000000
1778075428.695560,ik_wrist_pelvis_body_frame,1,0,-0.300000,0.202105,-0.008937,-0.300000,-0.254700,-0.024636,-0.185687,0.135047,-0.187714,-0.119257,-0.223204,-0.153372,0.006700,0.016827,1,1,0.000000,0.000000,0.000000,0.836096,-0.764186,-0.096730,0.897391,-0.618342,-0.561814,0.146450,0.594627,0.000000,0.000000,0.000000,0.000000,0.000000,0.000000
1778075428.731649,ik_wrist_pelvis_body_frame,1,0,-0.300000,0.176569,0.009369,-0.300000,-0.241292,-0.009529,-0.185854,0.132349,-0.191364,-0.116561,-0.224377,-0.148475,0.003726,0.011579,1,1,0.000000,0.000000,0.000000,0.861155,-0.764687,-0.099665,1.069087,-0.639127,-0.574616,0.171133,0.751945,0.000000,0.000000,0.000000,0.000000,0.000000,0.000000
1778075428.765607,ik_wrist_pelvis_body_frame,1,0,-0.300000,0.155406,0.003091,-0.300000,-0.224108,-0.006150,-0.193301,0.131149,-0.203349,-0.117442,-0.225805,-0.146282,0.002868,0.008698,1,1,0.000000,0.000000,0.000000,0.880701,-0.776567,-0.111981,1.225822,-0.653308,-0.596174,0.199956,0.910838,0.000000,0.000000,0.000000,0.000000,0.000000,0.000000
1778075428.797919,ik_wrist_pelvis_body_frame,1,0,-0.300000,0.151356,0.012278,-0.300000,-0.207142,0.033016,-0.193363,0.131037,-0.204937,-0.136362,-0.227344,-0.135360,0.001756,0.005472,1,1,0.000000,0.000000,0.000000,0.895947,-0.788474,-0.126138,1.362589,-0.664270,-0.605295,0.229323,1.067078,0.000000,0.000000,0.000000,0.000000,0.000000,0.000000
1778075428.830623,ik_wrist_pelvis_body_frame,1,0,-0.300000,0.164075,0.023301,-0.300000,-0.205301,0.050320,-0.196761,0.136828,-0.202756,-0.147669,-0.230879,-0.127100,0.001206,0.003886,1,1,0.000000,0.000000,0.000000,0.906448,-0.795228,-0.133707,1.474056,-0.669530,-0.607886,0.256423,1.205032,0.000000,0.000000,0.000000,0.000000,0.000000,0.000000
1778075428.867285,ik_wrist_pelvis_body_frame,1,0,-0.300000,0.171593,0.020036,-0.300000,-0.202533,0.051955,-0.193619,0.135477,-0.207001,-0.160859,-0.232155,-0.126759,0.001047,0.003637,1,1,0.000000,0.000000,0.000000,0.913140,-0.802801,-0.136393,1.560769,-0.671994,-0.609784,0.281709,1.319995,0.000000,0.000000,0.000000,0.000000,0.000000,0.000000
1778075428.905420,ik_wrist_pelvis_body_frame,1,0,-0.300000,0.184529,0.026914,-0.300000,-0.190674,0.053524,-0.185776,0.143990,-0.204501,-0.171796,-0.221275,-0.129469,0.000746,0.003363,1,1,0.000000,0.000000,0.000000,0.914174,-0.806223,-0.134502,1.626464,-0.676627,-0.611880,0.305722,1.416636,0.000000,0.000000,0.000000,0.000000,0.000000,0.000000
1778075428.937962,ik_wrist_pelvis_body_frame,1,0,-0.300000,0.185435,0.028265,-0.300000,-0.190959,0.037557,-0.175121,0.141676,-0.214691,-0.174431,-0.218002,-0.131834,0.000395,0.004037,1,1,0.000000,0.000000,0.000000,0.914111,-0.809944,-0.132259,1.677330,-0.679502,-0.620741,0.327257,1.493568,0.000000,0.000000,0.000000,0.000000,0.000000,0.000000
1778075428.962369,ik_wrist_pelvis_body_frame,1,0,-0.291190,0.179326,0.027007,-0.300000,-0.192898,0.028692,-0.142834,0.133560,-0.228667,-0.158471,-0.209271,-0.149391,0.000343,0.003151,0,1,0.000000,0.000000,0.000000,0.912335,-0.819499,-0.131235,1.723546,-0.679379,-0.636368,0.345487,1.555400,0.000000,0.000000,0.000000,0.000000,0.000000,0.000000
1778075428.997231,ik_wrist_pelvis_body_frame,1,0,-0.300000,0.182885,-0.009276,-0.300000,-0.200879,-0.014922,-0.146701,0.126361,-0.244250,-0.146955,-0.204916,-0.173521,0.000441,0.003943,1,1,0.000000,0.000000,0.000000,0.911588,-0.843589,-0.132004,1.754752,-0.674851,-0.670386,0.362430,1.598956,0.000000,0.000000,0.000000,0.000000,0.000000,0.000000
1778075429.034951,ik_wrist_pelvis_body_frame,1,0,-0.300000,0.193242,-0.088663,-0.300000,-0.204640,-0.065413,-0.139439,0.100936,-0.278820,-0.135070,-0.200368,-0.200191,0.001503,0.004874,1,1,0.000000,0.000000,0.000000,0.909463,-0.897243,-0.130548,1.763027,-0.667475,-0.722102,0.379287,1.624843,0.000000,0.000000,0.000000,0.000000,0.000000,0.000000
1778075429.068641,ik_wrist_pelvis_body_frame,1,0,-0.300000,0.195259,-0.210685,-0.300000,-0.208923,-0.122383,-0.115158,0.100000,-0.311724,-0.117639,-0.191275,-0.225369,0.006719,0.005529,1,1,0.000000,0.000000,0.000000,0.905945,-0.952849,-0.130984,1.719667,-0.657455,-0.788752,0.395438,1.631341,0.000000,0.000000,0.000000,0.000000,0.000000,0.000000
1778075429.104895,ik_wrist_pelvis_body_frame,1,0,-0.300000,0.180809,-0.310998,-0.300000,-0.198948,-0.170780,-0.099706,0.100000,-0.309921,-0.111380,-0.172929,-0.236392,0.011409,0.005994,1,1,0.000000,0.000000,0.000000,0.905955,-0.996222,-0.140028,1.613891,-0.650659,-0.861977,0.411982,1.623061,0.000000,0.000000,0.000000,0.000000,0.000000,0.000000
1778075429.140867,ik_wrist_pelvis_body_frame,1,0,-0.300000,0.164515,-0.386493,-0.300000,-0.196612,-0.233379,-0.066105,0.100000,-0.296664,-0.087918,-0.142750,-0.251049,0.009357,0.005841,1,1,0.000000,0.000000,0.000000,0.909781,-1.030053,-0.158487,1.459217,-0.645123,-0.925342,0.430526,1.586560,0.000000,0.000000,0.000000,0.000000,0.000000,0.000000
1778075429.167374,ik_wrist_pelvis_body_frame,1,0,-0.204311,0.161677,-0.512902,-0.300000,-0.192706,-0.284402,-0.036278,0.100000,-0.304799,-0.087413,-0.129473,-0.257682,0.013887,0.006623,1,1,0.000000,0.000000,0.000000,0.890751,-1.056442,-0.172119,1.227762,-0.642094,-0.974767,0.453294,1.520355,0.000000,0.000000,0.000000,0.000000,0.000000,0.000000
1778075429.191989,ik_wrist_pelvis_body_frame,1,0,-0.159080,0.138778,-0.540217,-0.300000,-0.145721,-0.380932,-0.028571,0.100000,-0.308956,-0.084111,-0.115400,-0.257851,0.007321,0.010404,1,1,0.000000,0.000000,0.000000,0.868952,-1.077025,-0.182497,0.976833,-0.656299,-1.013318,0.497244,1.405330,0.000000,0.000000,0.000000,0.000000,0.000000,0.000000
1778075429.226869,ik_wrist_pelvis_body_frame,1,0,-0.131952,0.126915,-0.550000,-0.300000,-0.100923,-0.446348,-0.028359,0.100000,-0.309910,-0.073696,-0.111490,-0.277165,0.008113,0.009191,1,1,0.000000,0.000000,0.000000,0.846226,-1.093079,-0.188323,0.772930,-0.689782,-1.043388,0.557914,1.259785,0.000000,0.000000,0.000000,0.000000,0.000000,0.000000
1778075429.262618,ik_wrist_pelvis_body_frame,1,0,-0.145067,0.104558,-0.550000,-0.270116,-0.100000,-0.485128,-0.026405,0.100000,-0.307379,-0.073758,-0.110126,-0.303134,0.009709,0.008359,1,1,0.000000,0.000000,0.000000,0.838787,-1.105602,-0.191628,0.613885,-0.722123,-1.066843,0.616067,1.099824,0.000000,0.000000,0.000000,0.000000,0.000000,0.000000
1778075429.296342,ik_wrist_pelvis_body_frame,1,0,-0.147582,0.100000,-0.550000,-0.198284,-0.100000,-0.534511,-0.031053,0.100000,-0.303464,-0.052752,-0.100708,-0.314354,0.009537,0.011995,1,1,0.000000,0.000000,0.000000,0.841477,-1.115369,-0.192935,0.489831,-0.746004,-1.085137,0.667299,0.915396,0.000000,0.000000,0.000000,0.000000,0.000000,0.000000
1778075429.331266,ik_wrist_pelvis_body_frame,1,0,-0.163097,0.100000,-0.547618,-0.177525,-0.100000,-0.541129,-0.038420,0.100000,-0.302607,-0.034087,-0.100000,-0.316954,0.007483,0.010877,1,1,0.000000,0.000000,0.000000,0.853784,-1.122988,-0.192740,0.393068,-0.769857,-1.099407,0.703746,0.737907,0.000000,0.000000,0.000000,0.000000,0.000000,0.000000
1778075429.367417,ik_wrist_pelvis_body_frame,1,0,-0.181921,0.100000,-0.541848,-0.188023,-0.100000,-0.539557,-0.047378,0.100000,-0.300238,-0.043485,-0.100000,-0.310990,0.005333,0.008166,1,1,0.000000,0.000000,0.000000,0.874886,-1.128931,-0.191376,0.317593,-0.800879,-1.110538,0.724082,0.588596,0.000000,0.000000,0.000000,0.000000,0.000000,0.000000
1778075429.399562,ik_wrist_pelvis_body_frame,1,0,-0.188869,0.100000,-0.539542,-0.187812,-0.100000,-0.539806,-0.042625,0.100000,-0.292917,-0.051388,-0.100000,-0.302333,0.005006,0.006938,1,1,0.000000,0.000000,0.000000,0.891411,-1.133566,-0.189106,0.258723,-0.833605,-1.119219,0.730762,0.470105,0.000000,0.000000,0.000000,0.000000,0.000000,0.000000
1778075429.425801,ik_wrist_pelvis_body_frame,1,0,-0.191374,0.100000,-0.538686,-0.185563,-0.100000,-0.540651,-0.042497,0.100000,-0.290440,-0.057117,-0.100000,-0.301470,0.004864,0.006525,1,1,0.000000,0.000000,0.000000,0.904301,-1.137181,-0.186242,0.212804,-0.859212,-1.125991,0.727227,0.377682,0.000000,0.000000,0.000000,0.000000,0.000000,0.000000
1778075429.462682,ik_wrist_pelvis_body_frame,1,0,-0.190978,0.100000,-0.538822,-0.190325,-0.100000,-0.539038,-0.039101,0.100000,-0.288382,-0.060929,-0.100000,-0.294961,0.005027,0.005790,1,1,0.000000,0.000000,0.000000,0.914355,-1.140002,-0.182973,0.176987,-0.879185,-1.131273,0.716241,0.305592,0.000000,0.000000,0.000000,0.000000,0.000000,0.000000
1778075429.499435,ik_wrist_pelvis_body_frame,1,0,-0.220731,0.100000,-0.527233,-0.206173,-0.100000,-0.533260,-0.038003,0.100000,-0.285055,-0.075817,-0.100000,-0.288454,0.004892,0.004665,1,1,0.000000,0.000000,0.000000,0.922197,-1.142201,-0.179967,0.149050,-0.894765,-1.135393,0.699919,0.249471,0.000000,0.000000,0.000000,0.000000,0.000000,0.000000
1778075429.530349,ik_wrist_pelvis_body_frame,1,0,-0.223659,0.100000,-0.526073,-0.219692,-0.100000,-0.527780,-0.044602,0.100000,-0.280149,-0.084090,-0.100000,-0.286777,0.004602,0.004302,1,1,0.000000,0.000000,0.000000,0.928313,-1.143917,-0.177246,0.127259,-0.906916,-1.138607,0.680505,0.212546,0.000000,0.000000,0.000000,0.000000,0.000000,0.000000
1778075429.563976,ik_wrist_pelvis_body_frame,1,0,-0.243402,0.100000,-0.517157,-0.232229,-0.103143,-0.521374,-0.055996,0.100000,-0.274412,-0.088227,-0.100000,-0.282602,0.004994,0.003849,1,1,0.000000,0.000000,0.000000,0.933084,-1.145255,-0.176263,0.119531,-0.916395,-1.141113,0.659986,0.192787,0.000000,0.000000,0.000000,0.000000,0.000000,0.000000
1778075429.592922,ik_wrist_pelvis_body_frame,1,0,-0.228598,0.100000,-0.523966,-0.237579,-0.122755,-0.514672,-0.052790,0.100000,-0.269328,-0.084583,-0.100000,-0.278617,0.004429,0.002673,1,1,0.000000,0.000000,0.000000,0.936806,-1.146299,-0.176392,0.109420,-0.923788,-1.143068,0.637678,0.183809,0.000000,0.000000,0.000000,0.000000,0.000000,0.000000
1778075429.628062,ik_wrist_pelvis_body_frame,1,0,-0.223043,0.100000,-0.526306,-0.240771,-0.155547,-0.504217,-0.048290,0.100000,-0.267532,-0.088380,-0.100000,-0.274201,0.004418,0.002029,1,1,0.000000,0.000000,0.000000,0.939709,-1.147113,-0.176443,0.097277,-0.921984,-1.139222,0.611939,0.178786,0.000000,0.000000,0.000000,0.000000,0.000000,0.000000
1778075429.659969,ik_wrist_pelvis_body_frame,1,0,-0.274362,0.100000,-0.501490,-0.282850,-0.172076,-0.476220,-0.078672,0.100000,-0.263383,-0.110541,-0.100000,-0.264599,0.006471,0.001701,1,1,0.000000,0.000000,0.000000,0.941973,-1.141746,-0.180091,0.104733,-0.923181,-1.121502,0.584928,0.184859,0.000000,0.000000,0.000000,0.000000,0.000000,0.000000
1778075429.701872,ik_wrist_pelvis_body_frame,1,0,-0.291412,0.100000,-0.491524,-0.291610,-0.192932,-0.462754,-0.090490,0.100000,-0.256954,-0.113026,-0.100000,-0.260472,0.006945,0.001390,1,1,0.000000,0.000000,0.000000,0.943739,-1.136966,-0.190986,0.125495,-0.919091,-1.101152,0.556311,0.193745,0.000000,0.000000,0.000000,0.000000,0.000000,0.000000
1778075429.729302,ik_wrist_pelvis_body_frame,1,0,-0.287514,0.100000,-0.493965,-0.278985,-0.207445,-0.464256,-0.090551,0.100000,-0.257664,-0.107005,-0.100000,-0.259521,0.005774,0.001242,1,1,0.000000,0.000000,0.000000,0.945116,-1.139232,-0.209078,0.153314,-0.906520,-1.086228,0.526401,0.200415,0.000000,0.000000,0.000000,0.000000,0.000000,0.000000
1778075429.770994,ik_wrist_pelvis_body_frame,1,0,-0.292240,0.100000,-0.490953,-0.280148,-0.230846,-0.452357,-0.093907,0.100000,-0.255022,-0.095656,-0.100000,-0.261894,0.005302,0.001292,1,1,0.000000,0.000000,0.000000,0.946191,-1.141601,-0.234236,0.186430,-0.886358,-1.070784,0.495426,0.210035,0.000000,0.000000,0.000000,0.000000,0.000000,0.000000
1778075429.793848,ik_wrist_pelvis_body_frame,1,0,-0.291641,0.100000,-0.491664,-0.282009,-0.254361,-0.438374,-0.093718,0.100000,-0.256147,-0.091262,-0.100000,-0.259289,0.004752,0.001309,1,1,0.000000,0.000000,0.000000,0.947029,-1.143449,-0.264716,0.217407,-0.860999,-1.054350,0.463888,0.224013,0.000000,0.000000,0.000000,0.000000,0.000000,0.000000
1778075429.828393,ik_wrist_pelvis_body_frame,1,0,-0.289431,0.100000,-0.493222,-0.259409,-0.263893,-0.446618,-0.108527,0.100000,-0.251189,-0.083905,-0.100000,-0.256235,0.004491,0.001134,1,1,0.000000,0.000000,0.000000,0.947682,-1.144890,-0.298023,0.243225,-0.829488,-1.046484,0.432208,0.236067,0.000000,0.000000,0.000000,0.000000,0.000000,0.000000
1778075429.865336,ik_wrist_pelvis_body_frame,1,0,-0.294256,0.100000,-0.490095,-0.207047,-0.275402,-0.466567,-0.098672,0.100000,-0.261353,-0.068371,-0.100000,-0.262607,0.004091,0.001211,1,1,0.000000,0.000000,0.000000,0.948192,-1.146014,-0.332633,0.267809,-0.781552,-1.050500,0.398724,0.241190,0.000000,0.000000,0.000000,0.000000,0.000000,0.000000
1778075429.899263,ik_wrist_pelvis_body_frame,1,0,-0.293846,0.100000,-0.490368,-0.222399,-0.278410,-0.457632,-0.095627,0.100000,-0.266212,-0.067063,-0.100000,-0.265723,0.003843,0.000896,1,1,0.000000,0.000000,0.000000,0.948590,-1.146891,-0.367150,0.289088,-0.744089,-1.052467,0.368513,0.252416,0.000000,0.000000,0.000000,0.000000,0.000000,0.000000
1778075429.930562,ik_wrist_pelvis_body_frame,1,0,-0.297047,0.100000,-0.488220,-0.241116,-0.262700,-0.457440,-0.102735,0.100000,-0.271361,-0.076991,-0.100000,-0.269250,0.003668,0.000721,1,1,0.000000,0.000000,0.000000,0.948900,-1.147575,-0.400614,0.308987,-0.726284,-1.056540,0.343782,0.267723,0.000000,0.000000,0.000000,0.000000,0.000000,0.000000
1778075429.960497,ik_wrist_pelvis_body_frame,1,0,-0.300000,0.100000,-0.443844,-0.289334,-0.218710,-0.451204,-0.108513,0.100000,-0.255935,-0.086637,-0.100000,-0.269079,0.004740,0.001166,1,1,0.000000,0.000000,0.000000,0.949142,-1.148109,-0.431138,0.341907,-0.743618,-1.061156,0.329177,0.290084,0.000000,0.000000,0.000000,0.000000,0.000000,0.000000
1778075429.998064,ik_wrist_pelvis_body_frame,1,0,-0.300000,0.100000,-0.436725,-0.300000,-0.160236,-0.456691,-0.112862,0.100000,-0.254006,-0.092470,-0.100000,-0.279255,0.004785,0.001708,1,1,0.000000,0.000000,0.000000,0.949331,-1.148525,-0.458639,0.378085,-0.785630,-1.074717,0.323513,0.314027,0.000000,0.000000,0.000000,0.000000,0.000000,0.000000
1778075430.029864,ik_wrist_pelvis_body_frame,1,0,-0.300000,0.100000,-0.480642,-0.233039,-0.100000,-0.521707,-0.097984,0.100000,-0.278765,-0.053249,-0.100000,-0.320143,0.003529,0.006936,1,1,0.000000,0.000000,0.000000,0.949478,-1.148849,-0.485717,0.393909,-0.821792,-1.091279,0.325833,0.290972,0.000000,0.000000,0.000000,0.000000,0.000000,0.000000
1778075432.282016,ik_wrist_pelvis_body_frame,1,0,-0.103189,0.216198,-0.481079,0.083776,-0.294180,-0.492788,-0.022357,0.136204,-0.319184,0.057508,-0.197089,-0.308797,0.013607,0.034097,0,1,0.000000,0.000000,0.000000,0.864394,-1.149102,-0.485585,0.341517,-0.674339,-1.092558,0.312092,0.237958,0.000000,0.000000,0.000000,0.000000,0.000000,0.000000
1778075432.309681,ik_wrist_pelvis_body_frame,0,0,-0.136501,0.295223,-0.245445,-0.080804,-0.356994,-0.449918,-0.095034,0.164489,-0.184212,-0.005180,-0.229365,-0.314645,0.038514,0.005182,0,1,0.000000,0.000000,0.000000,0.761501,-1.076101,-0.469126,0.343776,-0.564403,-1.061461,0.298456,0.211989,0.000000,0.000000,0.000000,0.000000,0.000000,0.000000
1778075432.338332,ik_wrist_pelvis_body_frame,1,0,-0.175537,0.278621,-0.280440,-0.062234,-0.381700,-0.432241,-0.121977,0.161871,-0.188230,0.012707,-0.230551,-0.317577,0.026320,0.005203,0,1,0.000000,0.000000,0.000000,0.697085,-1.032010,-0.453186,0.361945,-0.467353,-1.030099,0.284152,0.198313,0.000000,0.000000,0.000000,0.000000,0.000000,0.000000
1778075432.364656,ik_wrist_pelvis_body_frame,1,0,-0.193953,0.272958,-0.296640,-0.089832,-0.389554,-0.420212,-0.118029,0.155043,-0.211973,0.000096,-0.239414,-0.310061,0.019840,0.005110,0,1,0.000000,0.000000,0.000000,0.655569,-1.010635,-0.437130,0.392945,-0.401749,-1.002092,0.271897,0.195174,0.000000,0.000000,0.000000,0.000000,0.000000,0.000000
1778075432.394969,ik_wrist_pelvis_body_frame,1,0,-0.242830,0.259280,-0.393513,-0.300000,-0.344985,-0.167975,-0.123297,0.158967,-0.229466,-0.149873,-0.203090,-0.172191,0.005568,0.015696,0,1,0.000000,0.000000,0.000000,0.644597,-1.016098,-0.427550,0.412698,-0.449322,-0.911838,0.272941,0.255873,0.000000,0.000000,0.000000,0.000000,0.000000,0.000000
1778075432.430183,ik_wrist_pelvis_body_frame,1,0,-0.225411,0.227737,-0.466611,-0.300000,-0.347129,-0.151920,-0.107297,0.137421,-0.264892,-0.172519,-0.200977,-0.153263,0.002801,0.009482,0,1,0.000000,0.000000,0.000000,0.642670,-1.044194,-0.418828,0.413717,-0.492259,-0.838575,0.270009,0.323326,0.000000,0.000000,0.000000,0.000000,0.000000,0.000000
1778075432.461912,ik_wrist_pelvis_body_frame,1,0,-0.300000,0.273400,-0.372283,-0.300000,-0.367831,-0.132861,-0.156254,0.156236,-0.219667,-0.191241,-0.186075,-0.117405,0.003917,0.008339,1,1,0.000000,0.000000,0.000000,0.656703,-1.026359,-0.409150,0.431503,-0.523209,-0.776399,0.259905,0.389479,0.000000,0.000000,0.000000,0.000000,0.000000,0.000000
1778075432.501044,ik_wrist_pelvis_body_frame,1,0,-0.300000,0.285973,-0.256309,-0.300000,-0.387491,-0.060034,-0.177094,0.173964,-0.174850,-0.192850,-0.197024,-0.082727,0.010509,0.007294,1,1,0.000000,0.000000,0.000000,0.667193,-0.980089,-0.394168,0.468949,-0.543277,-0.705670,0.242648,0.461683,0.000000,0.000000,0.000000,0.000000,0.000000,0.000000
1778075432.527921,ik_wrist_pelvis_body_frame,1,0,-0.300000,0.264534,-0.209254,-0.300000,-0.412054,-0.048895,-0.188708,0.173751,-0.159948,-0.183730,-0.227486,-0.077742,0.015801,0.004196,1,1,0.000000,0.000000,0.000000,0.681969,-0.936363,-0.379095,0.522027,-0.552868,-0.646657,0.222380,0.523419,0.000000,0.000000,0.000000,0.000000,0.000000,0.000000
1778075432.561585,ik_wrist_pelvis_body_frame,1,0,-0.091671,0.131632,-0.541610,-0.300000,-0.456301,-0.179081,-0.011013,0.167398,-0.316406,-0.147371,-0.240302,-0.141962,0.024818,0.001829,0,1,0.000000,0.000000,0.000000,0.659783,-0.983363,-0.369980,0.428999,-0.550296,-0.636846,0.203197,0.544644,0.000000,0.000000,0.000000,0.000000,0.000000,0.000000
1778075432.592465,ik_wrist_pelvis_body_frame,1,0,-0.246613,0.131602,-0.487881,-0.290864,-0.449485,-0.223072,-0.090017,0.155713,-0.288472,-0.148648,-0.233399,-0.134504,0.007946,0.001911,0,1,0.000000,0.000000,0.000000,0.699739,-1.017175,-0.367404,0.376226,-0.547947,-0.638191,0.186542,0.544424,0.000000,0.000000,0.000000,0.000000,0.000000,0.000000
1778075432.627470,ik_wrist_pelvis_body_frame,1,0,-0.293739,0.108068,-0.478953,-0.286112,-0.440083,-0.246713,-0.107205,0.128801,-0.281317,-0.151017,-0.233107,-0.137474,0.005891,0.002003,0,1,0.000000,0.000000,0.000000,0.754796,-1.040557,-0.372257,0.354436,-0.547618,-0.642476,0.172216,0.530896,0.000000,0.000000,0.000000,0.000000,0.000000,0.000000
1778075432.661804,ik_wrist_pelvis_body_frame,1,0,-0.179060,0.100000,-0.542641,-0.271663,-0.456728,-0.232377,-0.048681,0.104358,-0.294128,-0.101081,-0.238198,-0.158148,0.006559,0.000764,1,1,0.000000,0.000000,0.000000,0.797741,-1.064634,-0.374481,0.287460,-0.537329,-0.641499,0.159174,0.517699,0.000000,0.000000,0.000000,0.000000,0.000000,0.000000
1778075432.701625,ik_wrist_pelvis_body_frame,1,0,-0.085501,0.107535,-0.550000,-0.131579,-0.451959,-0.338851,-0.003354,0.100000,-0.301251,-0.023671,-0.237547,-0.213455,0.020033,0.002568,1,1,0.000000,0.000000,0.000000,0.798770,-1.083415,-0.371446,0.235219,-0.478435,-0.676214,0.139737,0.487402,0.000000,0.000000,0.000000,0.000000,0.000000,0.000000
1778075432.728783,ik_wrist_pelvis_body_frame,0,0,0.018159,0.100000,-0.550000,-0.031936,-0.363780,-0.450604,0.038994,0.100000,-0.300513,0.030713,-0.186948,-0.260347,0.042993,0.002944,1,1,0.000000,0.000000,0.000000,0.730550,-1.098063,-0.363531,0.194471,-0.392989,-0.749848,0.118245,0.440250,0.000000,0.000000,0.000000,0.000000,0.000000,0.000000
1778075432.761777,ik_wrist_pelvis_body_frame,1,0,-0.072253,0.134031,-0.550000,-0.011538,-0.274889,-0.510591,0.005571,0.100000,-0.305900,0.060041,-0.167306,-0.306710,0.013897,0.004088,1,1,0.000000,0.000000,0.000000,0.670112,-1.109489,-0.354024,0.162687,-0.311908,-0.837882,0.100384,0.383625,0.000000,0.000000,0.000000,0.000000,0.000000,0.000000
1778075432.800908,ik_wrist_pelvis_body_frame,1,0,0.038290,0.105888,-0.550000,0.083725,-0.191274,-0.540569,0.050023,0.100000,-0.307987,0.093189,-0.125033,-0.325055,0.033982,0.008611,1,0,0.000000,0.000000,0.000000,0.560188,-1.118402,-0.341333,0.137896,-0.192196,-0.906548,0.082009,0.310228,0.000000,0.000000,0.000000,0.000000,0.000000,0.000000
1778075432.831643,ik_wrist_pelvis_body_frame,1,0,0.076456,0.103729,-0.539260,0.124148,-0.183637,-0.535971,0.092921,0.100000,-0.285932,0.109581,-0.123782,-0.318261,0.029534,0.005754,1,1,0.000000,0.000000,0.000000,0.403627,-1.125353,-0.325826,0.118559,-0.051670,-0.960107,0.065346,0.252978,0.000000,0.000000,0.000000,0.000000,0.000000,0.000000
1778075432.861784,ik_wrist_pelvis_body_frame,1,0,0.010085,0.123875,-0.496508,0.008995,-0.173350,-0.550000,0.045997,0.100000,-0.286190,0.045428,-0.118313,-0.350672,0.020995,0.012734,1,1,0.000000,0.000000,0.000000,0.281708,-1.130776,-0.311315,0.103476,0.020980,-1.001884,0.054387,0.208323,0.000000,0.000000,0.000000,0.000000,0.000000,0.000000
1778075432.893860,ik_wrist_pelvis_body_frame,1,0,0.072600,0.136972,-0.510616,0.133840,-0.110406,-0.550000,0.075120,0.100000,-0.285200,0.106826,-0.100000,-0.343260,0.014472,0.016000,1,1,0.000000,0.000000,0.000000,0.150175,-1.135005,-0.295669,0.091711,0.140132,-1.034469,0.042631,0.173492,0.000000,0.000000,0.000000,0.000000,0.000000,0.000000
1778075432.928866,ik_wrist_pelvis_body_frame,1,0,0.023511,0.237423,-0.528657,0.133252,-0.112840,-0.550000,0.042775,0.122161,-0.300503,0.102201,-0.100000,-0.351716,0.002048,0.011604,1,1,0.000000,0.000000,0.000000,0.070553,-1.138304,-0.281634,0.082535,0.264673,-1.059886,0.031860,0.146323,0.000000,0.000000,0.000000,0.000000,0.000000,0.000000
1778075432.961107,ik_wrist_pelvis_body_frame,0,0,-0.064445,0.306035,-0.488456,-0.001376,-0.100000,-0.550000,0.013556,0.176757,-0.279893,0.043732,-0.100000,-0.361994,0.004227,0.036207,1,1,0.000000,0.000000,0.000000,0.067330,-1.122887,-0.273121,0.094218,0.316811,-1.079711,0.025891,0.125132,0.000000,0.000000,0.000000,0.000000,0.000000,0.000000
1778075432.996054,ik_wrist_pelvis_body_frame,1,0,-0.044212,0.310869,-0.487653,0.101895,-0.100000,-0.550000,0.027999,0.183628,-0.283559,0.049958,-0.100000,-0.363721,0.002306,0.018799,1,1,0.000000,0.000000,0.000000,0.069384,-1.109140,-0.264678,0.104166,0.380171,-1.095175,0.019810,0.108603,0.000000,0.000000,0.000000,0.000000,0.000000,0.000000
1778075433.038143,ik_wrist_pelvis_body_frame,1,0,0.054301,0.264831,-0.496398,0.252590,-0.189194,-0.486625,0.064083,0.139284,-0.318799,0.123277,-0.115809,-0.332255,0.004811,0.004706,0,1,0.000000,0.000000,0.000000,0.024360,-1.111257,-0.251309,0.101093,0.479768,-1.087687,0.011115,0.108727,0.000000,0.000000,0.000000,0.000000,0.000000,0.000000
1778075433.066900,ik_wrist_pelvis_body_frame,1,0,0.001948,0.328269,-0.406947,0.192840,-0.110941,-0.535635,0.028355,0.202970,-0.276414,0.163589,-0.100000,-0.383657,0.007445,0.009899,0,1,0.000000,0.000000,0.000000,0.005185,-1.082113,-0.240007,0.117964,0.583219,-1.101396,0.003067,0.095807,0.000000,0.000000,0.000000,0.000000,0.000000,0.000000
1778075433.092711,ik_wrist_pelvis_body_frame,1,0,0.112243,0.360810,-0.349755,0.341135,-0.163009,-0.439835,0.084953,0.187960,-0.225447,0.199017,-0.100000,-0.293946,0.008252,0.007880,0,1,0.000000,0.000000,0.000000,-0.062328,-1.033890,-0.222091,0.143655,0.663911,-1.067850,-0.009791,0.108048,0.000000,0.000000,0.000000,0.000000,0.000000,0.000000
1778075433.132674,ik_wrist_pelvis_body_frame,1,0,0.143795,0.391490,-0.367151,0.276126,-0.128817,-0.493519,0.113562,0.199751,-0.213043,0.203988,-0.100000,-0.320699,0.002619,0.008563,0,1,0.000000,0.000000,0.000000,-0.132332,-0.989691,-0.204775,0.165289,0.726851,-1.064527,-0.023713,0.104192,0.000000,0.000000,0.000000,0.000000,0.000000,0.000000
1778075433.168428,ik_wrist_pelvis_body_frame,1,0,0.096294,0.493875,-0.165597,0.336706,-0.153793,-0.445659,0.079350,0.231204,-0.083691,0.252406,-0.102821,-0.208363,0.007966,0.010944,0,0,0.000000,0.000000,0.000000,-0.156773,-0.885160,-0.194782,0.218717,0.775943,-1.031895,-0.040130,0.104876,0.000000,0.000000,0.000000,0.000000,0.000000,0.000000
1778075433.194037,ik_wrist_pelvis_body_frame,1,0,-0.063815,0.521344,-0.096730,0.233116,-0.126037,-0.490235,0.039641,0.243004,-0.087559,0.224562,-0.100000,-0.307248,0.006272,0.009900,0,1,0.000000,0.000000,0.000000,-0.115244,-0.784119,-0.200581,0.283299,0.814236,-1.040348,-0.053167,0.092803,0.000000,0.000000,0.000000,0.000000,0.000000,0.000000
1778075433.226148,ik_wrist_pelvis_body_frame,1,0,-0.111976,0.533683,-0.125129,0.341601,-0.166155,-0.420821,0.033142,0.255097,-0.118477,0.239538,-0.100000,-0.299807,0.003112,0.010709,0,1,0.000000,0.000000,0.000000,-0.065026,-0.715827,-0.211937,0.336520,0.844104,-1.011463,-0.067451,0.101674,0.000000,0.000000,0.000000,0.000000,0.000000,0.000000
1778075433.265099,ik_wrist_pelvis_body_frame,1,0,-0.100891,0.468267,0.063159,0.384872,-0.132258,-0.357261,0.006766,0.262543,-0.010823,0.238960,-0.100000,-0.295082,0.010364,0.020366,0,1,0.000000,0.000000,0.000000,-0.026444,-0.604299,-0.219017,0.422131,0.867401,-0.978098,-0.094650,0.134130,0.000000,0.000000,0.000000,0.000000,0.000000,0.000000
1778075433.296348,ik_wrist_pelvis_body_frame,1,0,-0.137559,0.453255,0.032776,0.447833,-0.161924,-0.239665,-0.026377,0.276109,-0.014168,0.273618,-0.100000,-0.205385,0.009629,0.017739,0,1,0.000000,0.000000,0.000000,0.018164,-0.530285,-0.231711,0.501463,0.885573,-0.914700,-0.143422,0.205142,0.000000,0.000000,0.000000,0.000000,0.000000,0.000000
1778075433.328521,ik_wrist_pelvis_body_frame,1,0,-0.118171,0.407384,-0.051489,0.399283,-0.130506,-0.286414,-0.015097,0.271757,-0.056910,0.260471,-0.100000,-0.253278,0.019555,0.016660,0,1,0.000000,0.000000,0.000000,0.048162,-0.514541,-0.245968,0.575751,0.899747,-0.898318,-0.209352,0.282578,0.000000,0.000000,0.000000,0.000000,0.000000,0.000000
1778075433.360834,ik_wrist_pelvis_body_frame,1,0,-0.070190,0.406964,-0.191505,0.349032,-0.145210,-0.252430,0.030496,0.263150,-0.112572,0.231682,-0.100000,-0.212872,0.018188,0.016978,0,1,0.000000,0.000000,0.000000,0.047068,-0.564069,-0.257644,0.622012,0.910803,-0.891734,-0.267627,0.370924,0.000000,0.000000,0.000000,0.000000,0.000000,0.000000
1778075433.397684,ik_wrist_pelvis_body_frame,0,0,-0.099845,0.370028,-0.282879,0.256696,-0.116151,-0.246861,0.010286,0.268068,-0.147882,0.207639,-0.100000,-0.202785,0.016973,0.038402,0,1,0.000000,0.000000,0.000000,0.058156,-0.641857,-0.277256,0.648057,0.919375,-0.917585,-0.311646,0.468565,0.000000,0.000000,0.000000,0.000000,0.000000,0.000000
1778075433.432818,ik_wrist_pelvis_body_frame,0,0,-0.148072,0.329225,-0.337380,0.068738,-0.100000,-0.409291,-0.018724,0.260771,-0.173796,0.159218,-0.100000,-0.249746,0.015652,0.059872,0,1,0.000000,0.000000,0.000000,0.091854,-0.725241,-0.306381,0.661572,0.881953,-0.968716,-0.340819,0.442520,0.000000,0.000000,0.000000,0.000000,0.000000,0.000000
1778075462.829069,ik_wrist_pelvis_body_frame,0,0,-0.300000,0.100000,-0.089831,-0.300000,-0.100000,-0.032117,-0.273804,0.100000,-0.195503,-0.268647,-0.100000,-0.169624,0.044588,0.188706,1,1,0.000000,0.000000,0.000000,0.262023,-0.743449,-0.368112,0.798047,0.527032,-0.904217,-0.296403,0.446668,0.000000,0.000000,0.000000,0.000000,0.000000,0.000000
1778075462.861541,ik_wrist_pelvis_body_frame,0,0,-0.300000,0.100000,-0.374495,-0.208523,-0.100000,-0.116705,-0.162284,0.100000,-0.243904,-0.037037,-0.100000,-0.252582,0.016185,0.098516,1,1,0.000000,0.000000,0.000000,0.393652,-0.832891,-0.434674,0.839743,0.202085,-0.897970,-0.234151,0.529272,0.000000,0.000000,0.000000,0.000000,0.000000,0.000000
1778075464.428983,ik_wrist_pelvis_body_frame,1,0,-0.300000,0.100000,-0.452895,-0.267235,-0.158697,-0.476150,-0.121099,0.100000,-0.269317,-0.077470,-0.128789,-0.315899,0.008404,0.008648,1,0,0.000000,0.000000,0.000000,0.499760,-0.902655,-0.499281,0.809750,-0.051374,-0.953416,-0.173846,0.521498,0.000000,0.000000,0.000000,0.000000,0.000000,0.000000
1778075464.459891,ik_wrist_pelvis_body_frame,1,0,-0.300000,0.100000,-0.451282,-0.249613,-0.153878,-0.490463,-0.119747,0.100000,-0.267491,-0.068116,-0.126198,-0.314699,0.005081,0.004435,1,0,0.000000,0.000000,0.000000,0.588881,-0.957071,-0.551664,0.762596,-0.249071,-0.996665,-0.122096,0.480662,0.000000,0.000000,0.000000,0.000000,0.000000,0.000000
1778075464.493658,ik_wrist_pelvis_body_frame,1,0,-0.300000,0.100000,-0.460863,-0.226623,-0.154696,-0.503605,-0.120537,0.100000,-0.270294,-0.058205,-0.128128,-0.319232,0.004272,0.004191,1,0,0.000000,0.000000,0.000000,0.664277,-0.999515,-0.590733,0.711612,-0.397885,-1.030399,-0.081016,0.424574,0.000000,0.000000,0.000000,0.000000,0.000000,0.000000
1778075464.531491,ik_wrist_pelvis_body_frame,1,0,-0.300000,0.100000,-0.462568,-0.220533,-0.166549,-0.499380,-0.120526,0.100000,-0.269716,-0.053490,-0.142841,-0.315561,0.003917,0.004331,1,0,0.000000,0.000000,0.000000,0.727136,-1.032622,-0.617104,0.664448,-0.504529,-1.056711,-0.049202,0.374209,0.000000,0.000000,0.000000,0.000000,0.000000,0.000000
1778075464.566590,ik_wrist_pelvis_body_frame,1,0,-0.300000,0.100000,-0.467019,-0.214662,-0.171246,-0.501403,-0.120083,0.100000,-0.268752,-0.050007,-0.143902,-0.314256,0.003729,0.004164,1,0,0.000000,0.000000,0.000000,0.776166,-1.058445,-0.634127,0.622966,-0.580801,-1.077234,-0.024270,0.331253,0.000000,0.000000,0.000000,0.000000,0.000000,0.000000
1778075464.993796,ik_wrist_pelvis_body_frame,1,0,-0.300000,0.100000,-0.466248,-0.249745,-0.161160,-0.474263,-0.104554,0.100000,-0.275195,-0.048740,-0.132812,-0.303037,0.003511,0.004923,1,0,0.000000,0.000000,0.000000,0.814410,-1.078587,-0.644541,0.589124,-0.653051,-1.089518,-0.001017,0.308786,0.000000,0.000000,0.000000,0.000000,0.000000,0.000000
1778075465.030998,ik_wrist_pelvis_body_frame,1,0,-0.300000,0.100000,-0.472318,-0.249811,-0.177692,-0.467089,-0.104780,0.100000,-0.278845,-0.049933,-0.143270,-0.303940,0.003415,0.004899,1,0,0.000000,0.000000,0.000000,0.844239,-1.094298,-0.650884,0.559977,-0.705692,-1.097853,0.018136,0.299572,0.000000,0.000000,0.000000,0.000000,0.000000,0.000000
1778075465.067171,ik_wrist_pelvis_body_frame,1,0,-0.300000,0.100000,-0.473717,-0.237299,-0.181240,-0.474249,-0.101509,0.100000,-0.280128,-0.044534,-0.143613,-0.307759,0.003383,0.004703,1,0,0.000000,0.000000,0.000000,0.867507,-1.106552,-0.654469,0.535731,-0.740101,-1.109325,0.033477,0.296320,0.000000,0.000000,0.000000,0.000000,0.000000,0.000000
1778075465.103792,ik_wrist_pelvis_body_frame,1,0,-0.300000,0.100000,-0.472206,-0.240479,-0.180229,-0.471948,-0.102514,0.100000,-0.279763,-0.045312,-0.143642,-0.306619,0.003395,0.004676,1,0,0.000000,0.000000,0.000000,0.885655,-1.116111,-0.656063,0.516766,-0.766086,-1.118274,0.047323,0.297942,0.000000,0.000000,0.000000,0.000000,0.000000,0.000000
1778075465.134464,ik_wrist_pelvis_body_frame,1,0,-0.300000,0.100000,-0.469656,-0.242138,-0.178582,-0.474199,-0.102795,0.100000,-0.279595,-0.047871,-0.139228,-0.307808,0.003427,0.004274,1,0,0.000000,0.000000,0.000000,0.899811,-1.123566,-0.656216,0.502794,-0.787237,-1.125253,0.060293,0.300192,0.000000,0.000000,0.000000,0.000000,0.000000,0.000000
1778075465.160885,ik_wrist_pelvis_body_frame,1,0,-0.300000,0.100000,-0.476050,-0.237602,-0.179629,-0.477496,-0.101469,0.100000,-0.282851,-0.047266,-0.140749,-0.309090,0.003372,0.004294,1,0,0.000000,0.000000,0.000000,0.910853,-1.129382,-0.655951,0.489916,-0.801782,-1.130698,0.071764,0.300001,0.000000,0.000000,0.000000,0.000000,0.000000,0.000000
1778075465.192390,ik_wrist_pelvis_body_frame,1,0,-0.300000,0.100000,-0.477000,-0.226055,-0.180675,-0.485170,-0.100269,0.100000,-0.283572,-0.044889,-0.143992,-0.312773,0.003367,0.004496,1,0,0.000000,0.000000,0.000000,0.919465,-1.133918,-0.655421,0.478844,-0.808221,-1.134944,0.081240,0.293154,0.000000,0.000000,0.000000,0.000000,0.000000,0.000000
1778075465.228397,ik_wrist_pelvis_body_frame,1,0,-0.300000,0.100000,-0.480997,-0.216692,-0.193127,-0.487610,-0.098733,0.100000,-0.285522,-0.043131,-0.149717,-0.314868,0.003366,0.004389,1,0,0.000000,0.000000,0.000000,0.926183,-1.137456,-0.654959,0.468478,-0.803893,-1.138256,0.087884,0.284749,0.000000,0.000000,0.000000,0.000000,0.000000,0.000000
1778075465.272077,ik_wrist_pelvis_body_frame,1,0,-0.300000,0.100000,-0.484910,-0.217815,-0.194313,-0.484333,-0.098107,0.100000,-0.287585,-0.042356,-0.153867,-0.313562,0.003386,0.004631,1,0,0.000000,0.000000,0.000000,0.931423,-1.140216,-0.654716,0.458483,-0.797345,-1.140840,0.093758,0.279033,0.000000,0.000000,0.000000,0.000000,0.000000,0.000000
1778075465.305910,ik_wrist_pelvis_body_frame,1,0,-0.300000,0.100000,-0.483788,-0.225347,-0.182939,-0.480789,-0.089140,0.100000,-0.287024,-0.041011,-0.150293,-0.308394,0.003425,0.004940,1,0,0.000000,0.000000,0.000000,0.935510,-1.142368,-0.654460,0.450420,-0.797633,-1.142855,0.101085,0.275699,0.000000,0.000000,0.000000,0.000000,0.000000,0.000000
1778075465.333576,ik_wrist_pelvis_body_frame,1,0,-0.300000,0.100000,-0.482383,-0.239728,-0.188362,-0.467383,-0.089818,0.100000,-0.286293,-0.042077,-0.148219,-0.302558,0.003412,0.004853,1,0,0.000000,0.000000,0.000000,0.938697,-1.144047,-0.654114,0.444507,-0.801777,-1.143139,0.109156,0.281432,0.000000,0.000000,0.000000,0.000000,0.000000,0.000000
1778075465.364808,ik_wrist_pelvis_body_frame,1,0,-0.300000,0.100000,-0.482291,-0.247178,-0.187297,-0.463419,-0.091046,0.100000,-0.286781,-0.044092,-0.144769,-0.299532,0.003407,0.004518,1,0,0.000000,0.000000,0.000000,0.941184,-1.145357,-0.653743,0.440047,-0.808385,-1.144221,0.117829,0.293280,0.000000,0.000000,0.000000,0.000000,0.000000,0.000000
1778075465.395600,ik_wrist_pelvis_body_frame,1,0,-0.300000,0.100000,-0.480788,-0.231107,-0.172099,-0.477372,-0.087825,0.100000,-0.287364,-0.035377,-0.139440,-0.304709,0.003448,0.005164,1,0,0.000000,0.000000,0.000000,0.943124,-1.146378,-0.653293,0.437121,-0.814717,-1.145493,0.126806,0.293630,0.000000,0.000000,0.000000,0.000000,0.000000,0.000000
1778075465.430681,ik_wrist_pelvis_body_frame,1,0,-0.296700,0.100000,-0.485382,-0.224303,-0.169425,-0.483431,-0.086414,0.100000,-0.289679,-0.034635,-0.140471,-0.306841,0.003536,0.005237,1,0,0.000000,0.000000,0.000000,0.944636,-1.147175,-0.653035,0.432275,-0.818906,-1.146484,0.135021,0.285721,0.000000,0.000000,0.000000,0.000000,0.000000,0.000000
1778075465.463367,ik_wrist_pelvis_body_frame,1,0,-0.297044,0.100000,-0.484340,-0.223414,-0.145537,-0.492343,-0.085605,0.100000,-0.291278,-0.036213,-0.126728,-0.314947,0.003562,0.005648,1,0,0.000000,0.000000,0.000000,0.945816,-1.147797,-0.652732,0.428099,-0.832198,-1.147258,0.144286,0.268171,0.000000,0.000000,0.000000,0.000000,0.000000,0.000000
1778075465.497314,ik_wrist_pelvis_body_frame,1,0,-0.290218,0.100000,-0.486987,-0.218414,-0.150054,-0.493108,-0.080259,0.100000,-0.291947,-0.033270,-0.129729,-0.315011,0.003762,0.005579,1,0,0.000000,0.000000,0.000000,0.946737,-1.148281,-0.652380,0.421293,-0.842553,-1.147861,0.151637,0.248899,0.000000,0.000000,0.000000,0.000000,0.000000,0.000000
1778075465.532004,ik_wrist_pelvis_body_frame,1,0,-0.296311,0.100000,-0.482069,-0.220203,-0.147774,-0.496215,-0.080307,0.100000,-0.290226,-0.034035,-0.118235,-0.316445,0.003653,0.004988,1,0,0.000000,0.000000,0.000000,0.947455,-1.148659,-0.651714,0.418651,-0.853170,-1.148332,0.157417,0.231003,0.000000,0.000000,0.000000,0.000000,0.000000,0.000000
1778075465.571188,ik_wrist_pelvis_body_frame,1,0,-0.294739,0.100000,-0.484157,-0.226943,-0.151562,-0.490734,-0.080488,0.100000,-0.288957,-0.037882,-0.121502,-0.316565,0.003642,0.004916,1,0,0.000000,0.000000,0.000000,0.948015,-1.148954,-0.651093,0.416213,-0.862754,-1.148699,0.161674,0.220827,0.000000,0.000000,0.000000,0.000000,0.000000,0.000000
1778075465.598105,ik_wrist_pelvis_body_frame,1,0,-0.298162,0.100000,-0.482203,-0.225461,-0.146013,-0.492894,-0.082667,0.100000,-0.287593,-0.036523,-0.116334,-0.318998,0.003544,0.005049,1,0,0.000000,0.000000,0.000000,0.948451,-1.149184,-0.650485,0.416091,-0.872727,-1.148985,0.165078,0.211875,0.000000,0.000000,0.000000,0.000000,0.000000,0.000000
1778075465.642000,ik_wrist_pelvis_body_frame,1,0,-0.297816,0.100000,-0.482438,-0.223460,-0.143208,-0.496419,-0.083242,0.100000,-0.287567,-0.036618,-0.111700,-0.320771,0.003537,0.004922,1,0,0.000000,0.000000,0.000000,0.948792,-1.149364,-0.650003,0.416395,-0.882439,-1.149208,0.167564,0.202034,0.000000,0.000000,0.000000,0.000000,0.000000,0.000000
1778075465.671810,ik_wrist_pelvis_body_frame,1,0,-0.297727,0.100000,-0.481879,-0.216973,-0.143189,-0.499501,-0.082938,0.100000,-0.287932,-0.031935,-0.108231,-0.322071,0.003550,0.005080,1,0,0.000000,0.000000,0.000000,0.949058,-1.149504,-0.649607,0.416922,-0.889144,-1.149382,0.168734,0.189834,0.000000,0.000000,0.000000,0.000000,0.000000,0.000000
1778075465.702373,ik_wrist_pelvis_body_frame,1,0,-0.300000,0.100000,-0.479738,-0.218713,-0.140283,-0.500846,-0.084853,0.100000,-0.287857,-0.033890,-0.106551,-0.321012,0.003496,0.004879,1,0,0.000000,0.000000,0.000000,0.949265,-1.149613,-0.649226,0.418984,-0.896204,-1.149518,0.169089,0.178312,0.000000,0.000000,0.000000,0.000000,0.000000,0.000000
1778075465.731400,ik_wrist_pelvis_body_frame,1,0,-0.298560,0.100000,-0.481072,-0.216854,-0.151296,-0.498951,-0.084818,0.100000,-0.288799,-0.032930,-0.111050,-0.319718,0.003524,0.004676,1,0,0.000000,0.000000,0.000000,0.949427,-1.149698,-0.648995,0.420179,-0.897154,-1.149624,0.167919,0.170688,0.000000,0.000000,0.000000,0.000000,0.000000,0.000000
1778075465.763394,ik_wrist_pelvis_body_frame,1,0,-0.286966,0.100000,-0.489534,-0.223874,-0.161499,-0.491722,-0.080175,0.100000,-0.292695,-0.037729,-0.117898,-0.319659,0.003848,0.004508,1,0,0.000000,0.000000,0.000000,0.949553,-1.149765,-0.649035,0.413866,-0.893861,-1.149707,0.165756,0.172340,0.000000,0.000000,0.000000,0.000000,0.000000,0.000000
1778075465.794236,ik_wrist_pelvis_body_frame,1,0,-0.284584,0.100000,-0.492176,-0.220581,-0.167747,-0.492637,-0.080180,0.100000,-0.293554,-0.038083,-0.121839,-0.320408,0.003860,0.004349,1,0,0.000000,0.000000,0.000000,0.949651,-1.149816,-0.648937,0.404691,-0.886097,-1.149771,0.162917,0.176573,0.000000,0.000000,0.000000,0.000000,0.000000,0.000000
1778075465.830281,ik_wrist_pelvis_body_frame,1,0,-0.274666,0.100000,-0.499598,-0.237965,-0.186512,-0.473425,-0.080979,0.100000,-0.295679,-0.045693,-0.134919,-0.314549,0.004036,0.004473,1,0,0.000000,0.000000,0.000000,0.949728,-1.149857,-0.648591,0.389874,-0.875812,-1.145551,0.159950,0.191186,0.000000,0.000000,0.000000,0.000000,0.000000,0.000000
1778075465.866357,ik_wrist_pelvis_body_frame,1,0,-0.269611,0.100000,-0.500881,-0.239896,-0.181007,-0.471832,-0.079158,0.100000,-0.293933,-0.047027,-0.143356,-0.312492,0.004085,0.004833,1,0,0.000000,0.000000,0.000000,0.949788,-1.149888,-0.647536,0.373234,-0.868251,-1.144864,0.158481,0.209516,0.000000,0.000000,0.000000,0.000000,0.000000,0.000000
1778075465.899384,ik_wrist_pelvis_body_frame,1,0,-0.268600,0.100000,-0.500197,-0.214621,-0.177599,-0.488616,-0.078093,0.100000,-0.293372,-0.041225,-0.152620,-0.319656,0.004101,0.005543,1,0,0.000000,0.000000,0.000000,0.949835,-1.149913,-0.645671,0.358224,-0.854942,-1.145994,0.156901,0.215245,0.000000,0.000000,0.000000,0.000000,0.000000,0.000000
1778075465.930534,ik_wrist_pelvis_body_frame,1,0,-0.264481,0.101773,-0.504139,-0.222471,-0.186688,-0.475935,-0.081030,0.100640,-0.293441,-0.041164,-0.164797,-0.308829,0.003977,0.005991,0,0,0.000000,0.000000,0.000000,0.949871,-1.149932,-0.642793,0.342762,-0.840684,-1.146490,0.155947,0.224663,0.000000,0.000000,0.000000,0.000000,0.000000,0.000000
1778075465.967771,ik_wrist_pelvis_body_frame,1,0,-0.258355,0.106430,-0.507571,-0.220392,-0.197822,-0.473399,-0.082712,0.106513,-0.294197,-0.039472,-0.170092,-0.304151,0.003888,0.005859,0,0,0.000000,0.000000,0.000000,0.949899,-1.149947,-0.637981,0.325468,-0.823113,-1.145950,0.155080,0.235889,0.000000,0.000000,0.000000,0.000000,0.000000,0.000000
1778075465.998277,ik_wrist_pelvis_body_frame,1,0,-0.256084,0.109424,-0.508771,-0.229390,-0.202856,-0.466797,-0.085949,0.107942,-0.293985,-0.042816,-0.170425,-0.299855,0.003682,0.005581,1,0,0.000000,0.000000,0.000000,0.949921,-1.149959,-0.631039,0.308549,-0.808700,-1.143331,0.155715,0.249783,0.000000,0.000000,0.000000,0.000000,0.000000,0.000000
1778075466.034913,ik_wrist_pelvis_body_frame,1,0,-0.261005,0.109583,-0.506229,-0.233526,-0.206002,-0.462990,-0.093380,0.107918,-0.292693,-0.045485,-0.173959,-0.296752,0.003508,0.005597,1,0,0.000000,0.000000,0.000000,0.949939,-1.149968,-0.622703,0.296764,-0.797055,-1.140372,0.157763,0.264697,0.000000,0.000000,0.000000,0.000000,0.000000,0.000000
1778075466.068134,ik_wrist_pelvis_body_frame,1,0,-0.277739,0.110132,-0.497124,-0.242865,-0.199505,-0.458280,-0.099273,0.109014,-0.288485,-0.049261,-0.173206,-0.293835,0.003367,0.005760,1,0,0.000000,0.000000,0.000000,0.949952,-1.149975,-0.614002,0.297380,-0.792800,-1.138150,0.162401,0.280914,0.000000,0.000000,0.000000,0.000000,0.000000,0.000000
1778075466.097991,ik_wrist_pelvis_body_frame,1,0,-0.284623,0.110164,-0.493105,-0.246229,-0.196584,-0.457618,-0.099587,0.109117,-0.288562,-0.051388,-0.171865,-0.293857,0.003280,0.005651,0,0,0.000000,0.000000,0.000000,0.949963,-1.149980,-0.605972,0.305154,-0.792209,-1.137656,0.168520,0.297371,0.000000,0.000000,0.000000,0.000000,0.000000,0.000000
1778075466.130863,ik_wrist_pelvis_body_frame,1,0,-0.289655,0.109265,-0.489031,-0.242492,-0.197284,-0.460835,-0.099425,0.108311,-0.287210,-0.051573,-0.172937,-0.295620,0.003239,0.005582,0,0,0.000000,0.000000,0.000000,0.949971,-1.149985,-0.599330,0.316946,-0.790329,-1.139397,0.174607,0.312222,0.000000,0.000000,0.000000,0.000000,0.000000,0.000000
1778075466.163914,ik_wrist_pelvis_body_frame,1,0,-0.300000,0.108369,-0.472827,-0.231180,-0.194956,-0.469448,-0.104216,0.106971,-0.280696,-0.047156,-0.172100,-0.298602,0.003258,0.005654,1,0,0.000000,0.000000,0.000000,0.949977,-1.149988,-0.594207,0.337152,-0.785362,-1.141729,0.180190,0.319438,0.000000,0.000000,0.000000,0.000000,0.000000,0.000000
1778075466.196666,ik_wrist_pelvis_body_frame,1,0,-0.300000,0.100000,-0.455365,-0.225524,-0.196958,-0.469434,-0.115763,0.100670,-0.273870,-0.039096,-0.171006,-0.295890,0.003981,0.005787,1,0,0.000000,0.000000,0.000000,0.949982,-1.149991,-0.592327,0.363694,-0.777594,-1.143549,0.185151,0.322377,0.000000,0.000000,0.000000,0.000000,0.000000,0.000000
1778075466.231010,ik_wrist_pelvis_body_frame,1,0,-0.300000,0.103033,-0.463126,-0.226869,-0.199244,-0.468621,-0.113922,0.101612,-0.275626,-0.040187,-0.171472,-0.294880,0.003502,0.005629,1,0,0.000000,0.000000,0.000000,0.949986,-1.149993,-0.592455,0.385393,-0.770012,-1.144968,0.190015,0.325075,0.000000,0.000000,0.000000,0.000000,0.000000,0.000000
1778075466.265387,ik_wrist_pelvis_body_frame,1,0,-0.300000,0.111811,-0.465483,-0.232285,-0.199284,-0.464561,-0.112632,0.106846,-0.273845,-0.042237,-0.171715,-0.294371,0.003134,0.005656,1,0,0.000000,0.000000,0.000000,0.949989,-1.149994,-0.591113,0.401279,-0.765140,-1.146075,0.195406,0.330503,0.000000,0.000000,0.000000,0.000000,0.000000,0.000000
1778075466.303243,ik_wrist_pelvis_body_frame,1,0,-0.300000,0.119287,-0.463691,-0.235011,-0.201282,-0.463115,-0.109366,0.115645,-0.271729,-0.045166,-0.172452,-0.295526,0.003135,0.005523,1,0,0.000000,0.000000,0.000000,0.949992,-1.149996,-0.586431,0.413449,-0.761429,-1.146939,0.200905,0.337752,0.000000,0.000000,0.000000,0.000000,0.000000,0.000000
1778075466.333723,ik_wrist_pelvis_body_frame,1,0,-0.300000,0.129724,-0.464852,-0.234508,-0.206229,-0.462280,-0.108240,0.124138,-0.264453,-0.045801,-0.174611,-0.294999,0.003155,0.005427,1,0,0.000000,0.000000,0.000000,0.948707,-1.149378,-0.577490,0.421574,-0.756198,-1.147612,0.205781,0.345714,0.000000,0.000000,0.000000,0.000000,0.000000,0.000000
1778075466.366431,ik_wrist_pelvis_body_frame,1,0,-0.300000,0.134933,-0.464195,-0.244690,-0.211104,-0.455334,-0.105658,0.127720,-0.257867,-0.051178,-0.175217,-0.291426,0.003190,0.005128,1,0,0.000000,0.000000,0.000000,0.946481,-1.147778,-0.565781,0.426595,-0.753029,-1.145364,0.211050,0.356155,0.000000,0.000000,0.000000,0.000000,0.000000,0.000000
1778075466.398423,ik_wrist_pelvis_body_frame,1,0,-0.300000,0.129056,-0.451912,-0.264875,-0.217058,-0.440288,-0.108109,0.124492,-0.250490,-0.060587,-0.175552,-0.284533,0.003618,0.004753,1,0,0.000000,0.000000,0.000000,0.947255,-1.145585,-0.553712,0.432840,-0.755020,-1.137446,0.217633,0.370962,0.000000,0.000000,0.000000,0.000000,0.000000,0.000000
1778075466.432576,ik_wrist_pelvis_body_frame,1,0,-0.300000,0.122173,-0.454491,-0.257317,-0.221233,-0.445372,-0.110045,0.122197,-0.250618,-0.059253,-0.178316,-0.285894,0.003694,0.004700,1,0,0.000000,0.000000,0.000000,0.947859,-1.146248,-0.543527,0.439795,-0.752986,-1.132995,0.223004,0.383072,0.000000,0.000000,0.000000,0.000000,0.000000,0.000000
1778075466.464050,ik_wrist_pelvis_body_frame,1,0,-0.300000,0.119577,-0.457739,-0.255368,-0.226703,-0.444018,-0.116230,0.120252,-0.249723,-0.058454,-0.182032,-0.284029,0.003722,0.004777,1,0,0.000000,0.000000,0.000000,0.948330,-1.147073,-0.535738,0.445708,-0.747764,-1.128892,0.227417,0.393511,0.000000,0.000000,0.000000,0.000000,0.000000,0.000000
1778075466.502578,ik_wrist_pelvis_body_frame,1,0,-0.300000,0.119673,-0.468969,-0.243488,-0.233718,-0.449161,-0.116891,0.120459,-0.250698,-0.056936,-0.191570,-0.284196,0.003509,0.005238,1,0,0.000000,0.000000,0.000000,0.948697,-1.147717,-0.530339,0.446361,-0.736287,-1.126332,0.230093,0.399418,0.000000,0.000000,0.000000,0.000000,0.000000,0.000000
1778075466.530747,ik_wrist_pelvis_body_frame,1,0,-0.300000,0.118106,-0.471987,-0.233391,-0.237747,-0.454947,-0.119759,0.123075,-0.252035,-0.054587,-0.194770,-0.285835,0.003678,0.005316,1,0,0.000000,0.000000,0.000000,0.948984,-1.148219,-0.527135,0.444481,-0.721060,-1.125211,0.231692,0.400743,0.000000,0.000000,0.000000,0.000000,0.000000,0.000000
1778075466.560355,ik_wrist_pelvis_body_frame,1,0,-0.300000,0.117273,-0.471213,-0.234781,-0.245377,-0.452617,-0.120021,0.121167,-0.250571,-0.056650,-0.196933,-0.282283,0.003671,0.005045,1,0,0.000000,0.000000,0.000000,0.949207,-1.148611,-0.525538,0.442533,-0.706187,-1.121259,0.233211,0.400350,0.000000,0.000000,0.000000,0.000000,0.000000,0.000000
1778075466.592323,ik_wrist_pelvis_body_frame,1,0,-0.300000,0.107085,-0.465569,-0.226256,-0.252043,-0.455481,-0.125035,0.116552,-0.246387,-0.050181,-0.195807,-0.278263,0.004347,0.004743,1,0,0.000000,0.000000,0.000000,0.949382,-1.148917,-0.527862,0.443306,-0.688880,-1.117655,0.233843,0.397019,0.000000,0.000000,0.000000,0.000000,0.000000,0.000000
1778075466.626163,ik_wrist_pelvis_body_frame,1,0,-0.300000,0.114038,-0.468400,-0.225697,-0.252021,-0.455557,-0.121926,0.120637,-0.245070,-0.049801,-0.196330,-0.277797,0.004010,0.004760,1,0,0.000000,0.000000,0.000000,0.949518,-1.149155,-0.530494,0.443564,-0.674120,-1.114052,0.234987,0.392408,0.000000,0.000000,0.000000,0.000000,0.000000,0.000000
1778075466.666749,ik_wrist_pelvis_body_frame,1,0,-0.300000,0.112302,-0.478995,-0.226705,-0.253567,-0.454050,-0.115727,0.120884,-0.248573,-0.049979,-0.197052,-0.276513,0.003822,0.004744,1,0,0.000000,0.000000,0.000000,0.949624,-1.149341,-0.534231,0.439999,-0.662259,-1.109768,0.236679,0.387525,0.000000,0.000000,0.000000,0.000000,0.000000,0.000000
1778075466.697461,ik_wrist_pelvis_body_frame,1,0,-0.300000,0.112454,-0.481326,-0.225420,-0.255234,-0.452348,-0.114981,0.123552,-0.246616,-0.046908,-0.197203,-0.276071,0.003951,0.004805,1,0,0.000000,0.000000,0.000000,0.949707,-1.149486,-0.538350,0.435196,-0.651780,-1.105533,0.238549,0.382744,0.000000,0.000000,0.000000,0.000000,0.000000,0.000000
1778075466.730800,ik_wrist_pelvis_body_frame,1,0,-0.264249,0.119199,-0.502358,-0.225283,-0.258543,-0.450390,-0.100638,0.127594,-0.252825,-0.046635,-0.198655,-0.276178,0.004126,0.004813,1,0,0.000000,0.000000,0.000000,0.949771,-1.149599,-0.539884,0.410119,-0.642262,-1.100824,0.240462,0.378473,0.000000,0.000000,0.000000,0.000000,0.000000,0.000000
1778075466.763288,ik_wrist_pelvis_body_frame,1,0,-0.250961,0.117014,-0.509634,-0.228405,-0.266923,-0.447940,-0.093238,0.124956,-0.261170,-0.051902,-0.197705,-0.280369,0.003834,0.004301,1,0,0.000000,0.000000,0.000000,0.949822,-1.149687,-0.538753,0.375443,-0.633724,-1.094439,0.242095,0.375291,0.000000,0.000000,0.000000,0.000000,0.000000,0.000000
1778075466.798079,ik_wrist_pelvis_body_frame,1,0,-0.257298,0.103078,-0.509075,-0.224173,-0.280808,-0.442610,-0.094488,0.120600,-0.264517,-0.049562,-0.202981,-0.277719,0.004283,0.004236,0,0,0.000000,0.000000,0.000000,0.949861,-1.149756,-0.538014,0.346049,-0.621303,-1.085692,0.242319,0.372557,0.000000,0.000000,0.000000,0.000000,0.000000,0.000000
1778075466.831864,ik_wrist_pelvis_body_frame,1,0,-0.246872,0.105424,-0.514140,-0.218854,-0.283889,-0.444247,-0.092865,0.121520,-0.268257,-0.047316,-0.204163,-0.278155,0.004183,0.004213,1,0,0.000000,0.000000,0.000000,0.949891,-1.149810,-0.536443,0.316403,-0.607873,-1.078574,0.242050,0.368759,0.000000,0.000000,0.000000,0.000000,0.000000,0.000000
1778075466.866693,ik_wrist_pelvis_body_frame,1,0,-0.253897,0.101768,-0.511449,-0.217597,-0.273703,-0.450420,-0.095811,0.117989,-0.270447,-0.047668,-0.200913,-0.284925,0.004237,0.004396,1,0,0.000000,0.000000,0.000000,0.949915,-1.149852,-0.534792,0.294640,-0.599155,-1.076147,0.242742,0.363832,0.000000,0.000000,0.000000,0.000000,0.000000,0.000000
1778075466.898271,ik_wrist_pelvis_body_frame,1,0,-0.265645,0.100000,-0.505854,-0.202295,-0.250960,-0.476893,-0.096475,0.111469,-0.270507,-0.048637,-0.187260,-0.301820,0.004128,0.004212,1,0,0.000000,0.000000,0.000000,0.949934,-1.149884,-0.534197,0.284710,-0.593875,-1.085295,0.243669,0.353475,0.000000,0.000000,0.000000,0.000000,0.000000,0.000000
1778075466.930056,ik_wrist_pelvis_body_frame,1,0,-0.271518,0.100000,-0.502751,-0.190958,-0.245208,-0.486125,-0.102542,0.111154,-0.269869,-0.043643,-0.182047,-0.307516,0.004072,0.004099,1,0,0.000000,0.000000,0.000000,0.949948,-1.149910,-0.535253,0.282851,-0.587579,-1.096533,0.243426,0.341381,0.000000,0.000000,0.000000,0.000000,0.000000,0.000000
1778075466.964847,ik_wrist_pelvis_body_frame,1,0,-0.274949,0.100000,-0.500896,-0.190590,-0.238284,-0.490227,-0.104624,0.108261,-0.271804,-0.044187,-0.178639,-0.307708,0.003928,0.004006,1,0,0.000000,0.000000,0.000000,0.949960,-1.149930,-0.538050,0.285546,-0.584337,-1.107010,0.243060,0.329671,0.000000,0.000000,0.000000,0.000000,0.000000,0.000000
1778075466.996226,ik_wrist_pelvis_body_frame,1,0,-0.289037,0.100000,-0.492897,-0.193103,-0.227686,-0.494213,-0.109482,0.106817,-0.268560,-0.043462,-0.170119,-0.305597,0.003870,0.003697,1,0,0.000000,0.000000,0.000000,0.949969,-1.149945,-0.542875,0.297357,-0.586744,-1.116468,0.243337,0.317722,0.000000,0.000000,0.000000,0.000000,0.000000,0.000000
1778075467.031862,ik_wrist_pelvis_body_frame,1,0,-0.294677,0.100000,-0.489543,-0.196088,-0.228823,-0.494330,-0.112057,0.106395,-0.268234,-0.045371,-0.164318,-0.306274,0.003766,0.003266,1,0,0.000000,0.000000,0.000000,0.949976,-1.149957,-0.549741,0.313364,-0.591307,-1.123845,0.243216,0.308294,0.000000,0.000000,0.000000,0.000000,0.000000,0.000000
1778075467.060251,ik_wrist_pelvis_body_frame,1,0,-0.299018,0.100000,-0.486836,-0.195921,-0.223791,-0.494506,-0.113717,0.111276,-0.267560,-0.042499,-0.163065,-0.307186,0.003866,0.003450,1,0,0.000000,0.000000,0.000000,0.949981,-1.149967,-0.558187,0.330911,-0.597099,-1.129599,0.242869,0.299321,0.000000,0.000000,0.000000,0.000000,0.000000,0.000000
1778075467.092046,ik_wrist_pelvis_body_frame,1,0,-0.300000,0.100000,-0.483160,-0.196207,-0.213729,-0.498821,-0.116334,0.116739,-0.260748,-0.040456,-0.149663,-0.312513,0.004119,0.003244,1,0,0.000000,0.000000,0.000000,0.949985,-1.149974,-0.567439,0.348106,-0.606343,-1.134087,0.242830,0.287654,0.000000,0.000000,0.000000,0.000000,0.000000,0.000000
1778075467.128419,ik_wrist_pelvis_body_frame,1,0,-0.300000,0.100000,-0.482481,-0.225719,-0.197102,-0.487519,-0.114730,0.117840,-0.258775,-0.042992,-0.128802,-0.300519,0.004141,0.002915,1,0,0.000000,0.000000,0.000000,0.949988,-1.149980,-0.576926,0.363103,-0.631674,-1.137588,0.245637,0.285217,0.000000,0.000000,0.000000,0.000000,0.000000,0.000000
1778075467.163262,ik_wrist_pelvis_body_frame,1,0,-0.284340,0.100000,-0.491582,-0.231434,-0.187888,-0.488202,-0.104442,0.120417,-0.262109,-0.042816,-0.120187,-0.296009,0.004350,0.002637,1,0,0.000000,0.000000,0.000000,0.949991,-1.149984,-0.586057,0.366600,-0.661841,-1.140319,0.249160,0.284525,0.000000,0.000000,0.000000,0.000000,0.000000,0.000000
1778075467.194872,ik_wrist_pelvis_body_frame,1,0,-0.282781,0.100000,-0.492289,-0.228985,-0.171382,-0.495692,-0.100470,0.117422,-0.261237,-0.041118,-0.115249,-0.295258,0.004197,0.002971,1,0,0.000000,0.000000,0.000000,0.949993,-1.149988,-0.594073,0.365758,-0.694233,-1.142449,0.253095,0.277276,0.000000,0.000000,0.000000,0.000000,0.000000,0.000000
1778075467.227785,ik_wrist_pelvis_body_frame,1,0,-0.279716,0.100000,-0.495541,-0.229611,-0.149391,-0.503033,-0.096020,0.112266,-0.261536,-0.041419,-0.106852,-0.293946,0.004023,0.003362,1,0,0.000000,0.000000,0.000000,0.949994,-1.149990,-0.600877,0.361690,-0.732245,-1.144110,0.257699,0.262440,0.000000,0.000000,0.000000,0.000000,0.000000,0.000000
1778075467.260784,ik_wrist_pelvis_body_frame,1,0,-0.284343,0.100000,-0.495549,-0.244321,-0.141760,-0.494559,-0.096015,0.104234,-0.260952,-0.042754,-0.101312,-0.289276,0.003687,0.003313,1,0,0.000000,0.000000,0.000000,0.949996,-1.149992,-0.606599,0.359178,-0.773914,-1.145406,0.261853,0.253574,0.000000,0.000000,0.000000,0.000000,0.000000,0.000000
1778075467.296407,ik_wrist_pelvis_body_frame,1,0,-0.274456,0.100000,-0.501152,-0.244143,-0.136230,-0.497776,-0.091005,0.100000,-0.266449,-0.044529,-0.100000,-0.293173,0.003682,0.003256,1,1,0.000000,0.000000,0.000000,0.949997,-1.149994,-0.611322,0.351850,-0.812653,-1.146416,0.264696,0.245018,0.000000,0.000000,0.000000,0.000000,0.000000,0.000000
1778075467.337782,ik_wrist_pelvis_body_frame,1,0,-0.276661,0.100000,-0.499978,-0.251722,-0.128222,-0.495490,-0.093981,0.100000,-0.267735,-0.048244,-0.100000,-0.294190,0.003607,0.003519,1,1,0.000000,0.000000,0.000000,0.949997,-1.149995,-0.614918,0.345532,-0.842869,-1.147205,0.267852,0.240369,0.000000,0.000000,0.000000,0.000000,0.000000,0.000000
1778075467.362590,ik_wrist_pelvis_body_frame,1,0,-0.281889,0.100000,-0.496968,-0.254364,-0.129768,-0.492509,-0.094363,0.100000,-0.275144,-0.049315,-0.100000,-0.295597,0.003536,0.003482,1,1,0.000000,0.000000,0.000000,0.949998,-1.149996,-0.617682,0.343383,-0.866438,-1.147820,0.271231,0.239666,0.000000,0.000000,0.000000,0.000000,0.000000,0.000000
1778075467.394565,ik_wrist_pelvis_body_frame,0,0,-0.300000,0.100000,-0.467027,-0.300000,-0.182709,-0.050395,-0.114938,0.112699,-0.267644,-0.124204,-0.114246,-0.208264,0.004290,0.051817,1,1,0.000000,0.000000,0.000000,0.949998,-1.148642,-0.620071,0.356855,-0.879993,-1.030084,0.263017,0.369745,0.000000,0.000000,0.000000,0.000000,0.000000,0.000000
1778075467.431448,ik_wrist_pelvis_body_frame,1,0,-0.300000,0.100000,-0.463280,-0.274646,-0.141634,-0.386773,-0.097149,0.104581,-0.267219,-0.061636,-0.100000,-0.267709,0.003736,0.012849,1,1,0.000000,0.000000,0.000000,0.949999,-1.148941,-0.621794,0.376397,-0.893710,-1.056466,0.265840,0.434575,0.000000,0.000000,0.000000,0.000000,0.000000,0.000000
1778075467.466064,ik_wrist_pelvis_body_frame,1,0,-0.300000,0.100000,-0.456593,-0.244259,-0.115175,-0.473020,-0.096178,0.102039,-0.264369,-0.032984,-0.100000,-0.289167,0.003796,0.009538,1,1,0.000000,0.000000,0.000000,0.949999,-1.149174,-0.622960,0.397357,-0.906094,-1.077043,0.277155,0.430273,0.000000,0.000000,0.000000,0.000000,0.000000,0.000000
1778075467.497435,ik_wrist_pelvis_body_frame,1,0,-0.300000,0.100000,-0.426969,-0.242592,-0.108052,-0.501474,-0.105303,0.100000,-0.252396,-0.032432,-0.100000,-0.286391,0.005160,0.006506,1,1,0.000000,0.000000,0.000000,0.949999,-1.149356,-0.622140,0.426626,-0.915753,-1.093094,0.291987,0.394324,0.000000,0.000000,0.000000,0.000000,0.000000,0.000000
1778075467.530959,ik_wrist_pelvis_body_frame,1,0,-0.300000,0.100000,-0.442284,-0.222056,-0.105397,-0.513335,-0.103075,0.100000,-0.251910,-0.026189,-0.100000,-0.289764,0.004342,0.006383,1,1,0.000000,0.000000,0.000000,0.949999,-1.149497,-0.621557,0.448713,-0.923288,-1.105613,0.304849,0.342223,0.000000,0.000000,0.000000,0.000000,0.000000,0.000000
1778075467.565704,ik_wrist_pelvis_body_frame,1,0,-0.300000,0.100000,-0.453172,-0.212218,-0.104063,-0.514709,-0.102101,0.100000,-0.254136,-0.020481,-0.100000,-0.290173,0.003956,0.006535,1,1,0.000000,0.000000,0.000000,0.950000,-1.149608,-0.621884,0.461470,-0.929164,-1.115378,0.313546,0.287892,0.000000,0.000000,0.000000,0.000000,0.000000,0.000000
1778075467.601404,ik_wrist_pelvis_body_frame,1,0,-0.300000,0.100000,-0.457922,-0.211366,-0.107143,-0.514043,-0.102514,0.100000,-0.256157,-0.022330,-0.100000,-0.293351,0.003788,0.006078,1,1,0.000000,0.000000,0.000000,0.950000,-1.149694,-0.622863,0.468038,-0.933748,-1.122995,0.317757,0.240388,0.000000,0.000000,0.000000,0.000000,0.000000,0.000000
1778075467.626523,ik_wrist_pelvis_body_frame,1,0,-0.300000,0.100000,-0.459807,-0.216466,-0.111583,-0.511764,-0.105908,0.100000,-0.258755,-0.026501,-0.100000,-0.293702,0.003712,0.005498,1,1,0.000000,0.000000,0.000000,0.950000,-1.149761,-0.624154,0.471273,-0.937324,-1.128936,0.318322,0.204595,0.000000,0.000000,0.000000,0.000000,0.000000,0.000000
1778075467.663089,ik_wrist_pelvis_body_frame,1,0,-0.300000,0.100000,-0.442303,-0.241524,-0.119285,-0.496972,-0.113312,0.100000,-0.252094,-0.037561,-0.100000,-0.290393,0.004447,0.004882,1,1,0.000000,0.000000,0.000000,0.950000,-1.149814,-0.624296,0.479683,-0.940112,-1.133570,0.317262,0.192208,0.000000,0.000000,0.000000,0.000000,0.000000,0.000000
1778075467.697633,ik_wrist_pelvis_body_frame,1,0,-0.300000,0.100000,-0.437540,-0.300000,-0.128180,-0.453613,-0.119299,0.100000,-0.250643,-0.060512,-0.100000,-0.280120,0.004734,0.005668,1,1,0.000000,0.000000,0.000000,0.950000,-1.149855,-0.623631,0.490264,-0.942288,-1.126274,0.320323,0.211934,0.000000,0.000000,0.000000,0.000000,0.000000,0.000000
