time_sec,source,valid,manual_enabled,left_target_elbow_x,left_target_elbow_y,left_target_elbow_z,left_target_wrist_x,left_target_wrist_y,left_target_wrist_z,right_target_elbow_x,right_target_elbow_y,right_target_elbow_z,right_target_wrist_x,right_target_wrist_y,right_target_wrist_z,left_shoulder_loss,left_elbow_loss,left_elbow_error,left_wrist_error,right_shoulder_loss,right_elbow_loss,right_elbow_error,right_wrist_error,torso_joint,neck_joint,head_joint,left_shoulder_pitch_joint,left_shoulder_roll_joint,left_shoulder_yaw_joint,left_elbow_joint,right_shoulder_pitch_joint,right_shoulder_roll_joint,right_shoulder_yaw_joint,right_elbow_joint,left_hip_joint,left_knee_joint,left_ankle_joint,right_hip_joint,right_knee_joint,right_ankle_joint
1778537940.978995,sequential_ik_elbow_then_wrist,0,0,-0.115969,0.076840,-0.265795,-0.367691,0.108247,-0.425950,-0.032229,-0.169016,-0.245753,-0.214777,-0.254689,-0.467872,0.022439,0.096714,0.115344,0.310539,0.010536,0.038296,0.071715,0.192726,0.000000,0.000000,0.000000,0.097802,-0.207483,-0.753600,0.240106,-0.024103,-0.174586,0.753600,0.281480,0.000000,0.000000,0.000000,0.000000,0.000000,0.000000
1778537941.045954,sequential_ik_elbow_then_wrist,0,0,-0.101115,0.076127,-0.271993,-0.345780,0.115877,-0.440988,-0.044377,-0.155829,-0.252483,-0.231057,-0.232631,-0.474411,0.003259,0.063996,0.050068,0.249924,0.001140,0.038504,0.025185,0.195159,0.000000,0.000000,0.000000,0.207072,-0.420956,-1.326336,0.176585,-0.060000,-0.358303,1.326336,0.294388,0.000000,0.000000,0.000000,0.000000,0.000000,0.000000
1778537941.096823,sequential_ik_elbow_then_wrist,0,0,-0.084111,0.071453,-0.278962,-0.305755,0.107406,-0.477913,-0.037035,-0.140996,-0.262200,-0.200480,-0.238264,-0.494201,0.000906,0.038120,0.028174,0.194550,0.000237,0.024160,0.011724,0.154148,0.000000,0.000000,0.000000,0.305461,-0.603430,-1.761615,0.088867,-0.093897,-0.520899,1.761615,0.256279,0.000000,0.000000,0.000000,0.000000,0.000000,0.000000
1778537941.165375,sequential_ik_elbow_then_wrist,0,0,-0.072444,0.052041,-0.286433,-0.298155,0.101073,-0.477876,-0.036961,-0.125611,-0.269918,-0.202569,-0.235096,-0.494834,0.000752,0.035210,0.025904,0.187641,0.000146,0.022721,0.009911,0.149925,0.000000,0.000000,0.000000,0.391342,-0.760645,-2.092428,0.019539,-0.125216,-0.660070,2.092428,0.189891,0.000000,0.000000,0.000000,0.000000,0.000000,0.000000
1778537941.218260,sequential_ik_elbow_then_wrist,1,0,-0.067872,0.037037,-0.289865,-0.285706,0.089055,-0.489471,-0.037495,-0.112124,-0.275722,-0.208911,-0.204961,-0.503752,0.000835,0.032333,0.028103,0.179813,0.000132,0.024710,0.010036,0.157118,0.000000,0.000000,0.000000,0.466513,-0.892966,-2.343845,-0.033150,-0.154375,-0.778088,2.343845,0.127597,0.000000,0.000000,0.000000,0.000000,0.000000,0.000000
1778537941.274029,sequential_ik_elbow_then_wrist,1,0,-0.037878,0.041915,-0.294633,-0.231161,0.106289,-0.514854,-0.016185,-0.104686,-0.280676,-0.180762,-0.199375,-0.512943,0.000054,0.017061,0.005030,0.130617,0.000105,0.018334,0.008980,0.135351,0.000000,0.000000,0.000000,0.524100,-1.006382,-2.534922,-0.073194,-0.172344,-0.878737,2.534922,0.071366,0.000000,0.000000,0.000000,0.000000,0.000000,0.000000
1778537941.339777,sequential_ik_elbow_then_wrist,1,0,-0.014530,0.055776,-0.294411,-0.202728,0.110095,-0.521635,-0.003581,-0.108952,-0.279494,-0.156008,-0.220428,-0.512601,0.000587,0.012614,0.023993,0.112312,0.000317,0.013185,0.017421,0.114737,0.000000,0.000000,0.000000,0.562107,-1.098051,-2.680141,-0.103628,-0.177367,-0.956430,2.680141,0.017851,0.000000,0.000000,0.000000,0.000000,0.000000,0.000000
1778537941.405296,sequential_ik_elbow_then_wrist,1,0,-0.037032,0.035980,-0.295523,-0.173461,0.092673,-0.556623,-0.022419,-0.113192,-0.276921,-0.174975,-0.212080,-0.515558,0.000035,0.006394,0.005813,0.079960,0.000008,0.018052,0.001829,0.134311,0.000000,0.000000,0.000000,0.592285,-1.169679,-2.790507,-0.126757,-0.181292,-1.010577,2.790507,-0.014386,0.000000,0.000000,0.000000,0.000000,0.000000,0.000000
1778537941.464400,sequential_ik_elbow_then_wrist,1,0,-0.049182,0.038800,-0.293387,-0.167828,0.098755,-0.562326,-0.033267,-0.102111,-0.280119,-0.193451,-0.197011,-0.515354,0.000171,0.004322,0.012787,0.065744,0.000124,0.022637,0.010730,0.150456,0.000000,0.000000,0.000000,0.618268,-1.218249,-2.874385,-0.144335,-0.189629,-1.056270,2.874385,-0.039254,0.000000,0.000000,0.000000,0.000000,0.000000,0.000000
1778537941.538241,sequential_ik_elbow_then_wrist,1,0,-0.043478,0.037873,-0.294407,-0.134893,0.114200,-0.569757,-0.038137,-0.105252,-0.278330,-0.198901,-0.195613,-0.514952,0.000071,0.000797,0.008349,0.028234,0.000149,0.022488,0.011936,0.149958,0.000000,0.000000,0.000000,0.640080,-1.256532,-2.938133,-0.157695,-0.201975,-1.089092,2.938133,-0.057474,0.000000,0.000000,0.000000,0.000000,0.000000,0.000000
1778537941.604622,sequential_ik_elbow_then_wrist,1,0,-0.029936,0.037203,-0.296175,-0.131301,0.137295,-0.560195,-0.021713,-0.109061,-0.278629,-0.169251,-0.194619,-0.525433,0.000014,0.001376,0.002701,0.037093,0.000017,0.015115,0.004009,0.122883,0.000000,0.000000,0.000000,0.656335,-1.291782,-2.986581,-0.167848,-0.209314,-1.113721,2.986581,-0.062195,0.000000,0.000000,0.000000,0.000000,0.000000,0.000000
1778537941.640426,sequential_ik_elbow_then_wrist,1,0,-0.017871,0.046285,-0.295869,-0.146130,0.156544,-0.543644,0.023636,-0.114921,-0.276106,-0.092368,-0.201264,-0.538952,0.000255,0.004928,0.015897,0.070199,0.001704,0.004304,0.040395,0.065332,0.000000,0.000000,0.000000,0.665438,-1.320436,-3.023402,-0.175565,-0.194532,-1.133012,3.023402,-0.051445,0.000000,0.000000,0.000000,0.000000,0.000000,0.000000
1778537941.724125,sequential_ik_elbow_then_wrist,1,0,-0.016585,0.054055,-0.294624,-0.139583,0.174969,-0.540085,0.020217,-0.119959,-0.274228,-0.104877,-0.202289,-0.534177,0.000443,0.005223,0.020924,0.072273,0.000953,0.008453,0.030091,0.091808,0.000000,0.000000,0.000000,0.667926,-1.339175,-3.051385,-0.181429,-0.167470,-1.142650,3.051385,-0.031507,0.000000,0.000000,0.000000,0.000000,0.000000,0.000000
1778537941.770823,sequential_ik_elbow_then_wrist,1,0,-0.004560,0.056621,-0.294573,-0.122239,0.188346,-0.537060,0.021552,-0.129063,-0.269960,-0.103255,-0.212860,-0.529577,0.000947,0.006550,0.030639,0.080932,0.000660,0.010486,0.024765,0.102280,0.000000,0.000000,0.000000,0.663411,-1.355658,-3.072653,-0.185886,-0.132739,-1.141625,3.072653,-0.004423,0.000000,0.000000,0.000000,0.000000,0.000000,0.000000
1778537941.828864,sequential_ik_elbow_then_wrist,1,0,-0.001444,0.068525,-0.292066,-0.128581,0.205916,-0.526501,0.024788,-0.132357,-0.268081,-0.100630,-0.223908,-0.524769,0.001494,0.007964,0.038423,0.089244,0.000467,0.012434,0.020842,0.111477,0.000000,0.000000,0.000000,0.651425,-1.363071,-3.088816,-0.189273,-0.093509,-1.135835,3.088816,0.022527,0.000000,0.000000,0.000000,0.000000,0.000000,0.000000
1778537941.888769,sequential_ik_elbow_then_wrist,1,0,-0.005036,0.077806,-0.289691,-0.130928,0.222896,-0.520125,0.026420,-0.133918,-0.267148,-0.101555,-0.228128,-0.521602,0.001483,0.007366,0.038128,0.085826,0.000290,0.015046,0.016417,0.122637,0.000000,0.000000,0.000000,0.632336,-1.360417,-3.101100,-0.191848,-0.053155,-1.128588,3.101100,0.048900,0.000000,0.000000,0.000000,0.000000,0.000000,0.000000
1778537941.942410,sequential_ik_elbow_then_wrist,1,0,-0.006015,0.086174,-0.287294,-0.123681,0.236638,-0.518628,0.020799,-0.132943,-0.268130,-0.116826,-0.217187,-0.521038,0.001486,0.005592,0.038093,0.074779,0.000068,0.020227,0.007944,0.142153,0.000000,0.000000,0.000000,0.606135,-1.350461,-3.110436,-0.193804,-0.017328,-1.123249,3.110436,0.079605,0.000000,0.000000,0.000000,0.000000,0.000000,0.000000
1778537942.012207,sequential_ik_elbow_then_wrist,1,0,0.024177,0.100200,-0.281737,-0.082297,0.260782,-0.511686,0.030747,-0.131867,-0.267705,-0.098235,-0.220354,-0.523700,0.004243,0.006487,0.064500,0.080539,0.000186,0.017147,0.013161,0.130938,0.000000,0.000000,0.000000,0.564722,-1.339118,-3.117531,-0.195291,0.018453,-1.118928,3.117531,0.106307,0.000000,0.000000,0.000000,0.000000,0.000000,0.000000
1778537942.065278,sequential_ik_elbow_then_wrist,1,0,0.025333,0.108007,-0.278734,-0.083214,0.272744,-0.504742,0.031833,-0.134348,-0.266341,-0.094610,-0.237382,-0.518126,0.003747,0.004532,0.060362,0.067323,0.000111,0.018454,0.010122,0.135823,0.000000,0.000000,0.000000,0.510568,-1.321475,-3.122924,-0.196421,0.052317,-1.113551,3.122924,0.120866,0.000000,0.000000,0.000000,0.000000,0.000000,0.000000
1778537942.137541,sequential_ik_elbow_then_wrist,1,0,0.006789,0.112620,-0.277976,-0.114872,0.270675,-0.502068,0.043415,-0.140218,-0.261637,-0.077872,-0.257269,-0.509808,0.001443,0.003736,0.037098,0.061123,0.000240,0.017667,0.014679,0.132906,0.000000,0.000000,0.000000,0.453109,-1.297288,-3.127022,-0.197280,0.088156,-1.103122,3.127022,0.127676,0.000000,0.000000,0.000000,0.000000,0.000000,0.000000
1778537942.190907,sequential_ik_elbow_then_wrist,1,0,0.012750,0.118413,-0.275347,-0.101063,0.279293,-0.501542,0.037420,-0.141004,-0.262141,-0.080395,-0.257552,-0.512213,0.001356,0.003098,0.035957,0.055661,0.000038,0.019290,0.005884,0.138881,0.000000,0.000000,0.000000,0.391727,-1.271840,-3.130137,-0.197933,0.119606,-1.093960,3.130137,0.135813,0.000000,0.000000,0.000000,0.000000,0.000000,0.000000
1778537942.254620,sequential_ik_elbow_then_wrist,1,0,-0.013084,0.126455,-0.271731,-0.147154,0.279801,-0.491982,0.044118,-0.148332,-0.257004,-0.086474,-0.262434,-0.501803,0.000125,0.009864,0.010050,0.099318,0.000072,0.023441,0.007681,0.153061,0.000000,0.000000,0.000000,0.339901,-1.241984,-3.132504,-0.198429,0.149011,-1.080429,3.132504,0.150585,0.000000,0.000000,0.000000,0.000000,0.000000,0.000000
1778537942.311471,sequential_ik_elbow_then_wrist,1,0,-0.004896,0.127436,-0.271544,-0.134872,0.277881,-0.496205,0.040980,-0.147979,-0.257726,-0.089631,-0.255863,-0.505319,0.000190,0.009243,0.013351,0.096140,0.000009,0.024422,0.002892,0.156222,0.000000,0.000000,0.000000,0.292628,-1.216861,-3.134303,-0.198806,0.173588,-1.069407,3.134303,0.171551,0.000000,0.000000,0.000000,0.000000,0.000000,0.000000
1778537942.366545,sequential_ik_elbow_then_wrist,1,0,-0.024363,0.127996,-0.270228,-0.161394,0.277928,-0.491006,0.034599,-0.139931,-0.263101,-0.106788,-0.251543,-0.503002,0.000023,0.014145,0.004547,0.118932,0.000014,0.029690,0.002571,0.172305,0.000000,0.000000,0.000000,0.259403,-1.194897,-3.135670,-0.199093,0.191601,-1.067526,3.135670,0.184865,0.000000,0.000000,0.000000,0.000000,0.000000,0.000000
1778537942.436286,sequential_ik_elbow_then_wrist,1,0,-0.022279,0.130095,-0.269405,-0.164623,0.278631,-0.487752,0.032159,-0.133781,-0.266587,-0.103295,-0.244292,-0.510388,0.000004,0.014677,0.001665,0.121147,0.000013,0.027408,0.002574,0.165539,0.000000,0.000000,0.000000,0.235100,-1.176340,-3.136709,-0.199310,0.204421,-1.072165,3.136709,0.189863,0.000000,0.000000,0.000000,0.000000,0.000000,0.000000
1778537942.483716,sequential_ik_elbow_then_wrist,0,0,-0.020653,0.128512,-0.270293,-0.167168,0.277351,-0.485653,0.020604,-0.129037,-0.270046,-0.140659,-0.224913,-0.504144,0.000000,0.015422,0.000326,0.124187,0.000087,0.038277,0.008674,0.195641,0.000000,0.000000,0.000000,0.216703,-1.163058,-3.137499,-0.199476,0.208734,-1.082032,3.137499,0.197009,0.000000,0.000000,0.000000,0.000000,0.000000,0.000000
1778537942.542456,sequential_ik_elbow_then_wrist,0,0,-0.026294,0.128785,-0.269672,-0.166821,0.280608,-0.486932,0.021202,-0.132078,-0.268525,-0.144316,-0.224622,-0.500989,0.000019,0.014264,0.004209,0.119431,0.000042,0.038692,0.006238,0.196702,0.000000,0.000000,0.000000,0.205358,-1.152319,-3.138099,-0.199602,0.208018,-1.088769,3.138099,0.202693,0.000000,0.000000,0.000000,0.000000,0.000000,0.000000
1778537942.608716,sequential_ik_elbow_then_wrist,0,0,-0.028628,0.123735,-0.271791,-0.175473,0.273660,-0.486171,0.014068,-0.134046,-0.268018,-0.165963,-0.222621,-0.491051,0.000035,0.015743,0.005652,0.125471,0.000107,0.046101,0.010008,0.214712,0.000000,0.000000,0.000000,0.200145,-1.147082,-3.138556,-0.199697,0.201012,-1.093173,3.138556,0.207122,0.000000,0.000000,0.000000,0.000000,0.000000,0.000000
1778537942.673696,sequential_ik_elbow_then_wrist,0,0,-0.032330,0.120967,-0.272620,-0.182199,0.269940,-0.485567,0.014762,-0.134963,-0.267520,-0.166292,-0.229860,-0.487097,0.000059,0.016314,0.007424,0.127728,0.000052,0.045370,0.006939,0.212983,0.000000,0.000000,0.000000,0.200610,-1.145053,-3.138902,-0.199770,0.191166,-1.095540,3.138902,0.203754,0.000000,0.000000,0.000000,0.000000,0.000000,0.000000
1778537942.735166,sequential_ik_elbow_then_wrist,0,0,-0.040083,0.112422,-0.275236,-0.198929,0.254632,-0.486290,-0.002229,-0.132973,-0.268911,-0.195534,-0.225509,-0.478841,0.000186,0.019335,0.013132,0.139051,0.000322,0.054599,0.017321,0.233639,0.000000,0.000000,0.000000,0.208413,-1.148250,-3.139166,-0.199825,0.172577,-1.099688,3.139166,0.192720,0.000000,0.000000,0.000000,0.000000,0.000000,0.000000
1778537942.792969,sequential_ik_elbow_then_wrist,0,0,-0.036437,0.104597,-0.278804,-0.189110,0.247544,-0.493879,-0.007682,-0.131785,-0.269395,-0.208057,-0.218372,-0.475193,0.000100,0.015930,0.009381,0.126215,0.000303,0.056363,0.016820,0.237392,0.000000,0.000000,0.000000,0.219169,-1.157270,-3.139366,-0.199867,0.147832,-1.104014,3.139366,0.177826,0.000000,0.000000,0.000000,0.000000,0.000000,0.000000
1778537942.853539,sequential_ik_elbow_then_wrist,0,0,-0.029844,0.097336,-0.282197,-0.175944,0.235309,-0.504949,0.010760,-0.135659,-0.267359,-0.157967,-0.248130,-0.488451,0.000031,0.013061,0.004590,0.114287,0.000004,0.034157,0.001552,0.184700,0.000000,0.000000,0.000000,0.229162,-1.171337,-3.139518,-0.199899,0.129649,-1.104021,3.139518,0.150788,0.000000,0.000000,0.000000,0.000000,0.000000,0.000000
1778537942.935094,sequential_ik_elbow_then_wrist,1,0,-0.012275,0.084911,-0.287471,-0.145923,0.229209,-0.514002,0.034065,-0.141621,-0.262265,-0.116876,-0.268396,-0.488417,0.000125,0.009153,0.009833,0.095671,0.000322,0.024486,0.017057,0.156470,0.000000,0.000000,0.000000,0.233087,-1.194324,-3.139634,-0.199923,0.127402,-1.097271,3.139634,0.125955,0.000000,0.000000,0.000000,0.000000,0.000000,0.000000
1778537942.970524,sequential_ik_elbow_then_wrist,1,0,-0.003350,0.089132,-0.286434,-0.146647,0.239571,-0.502846,0.039695,-0.136542,-0.264160,-0.112007,-0.258400,-0.492496,0.000267,0.011722,0.016119,0.108270,0.000290,0.026428,0.016353,0.162525,0.000000,0.000000,0.000000,0.229749,-1.213078,-3.139722,-0.199942,0.137075,-1.093004,3.139722,0.115954,0.000000,0.000000,0.000000,0.000000,0.000000,0.000000
1778537943.033035,sequential_ik_elbow_then_wrist,1,0,-0.000647,0.093796,-0.284959,-0.144385,0.258965,-0.490042,0.038924,-0.128892,-0.268089,-0.118695,-0.248140,-0.493779,0.000304,0.013884,0.017176,0.117830,0.000171,0.031022,0.012422,0.176115,0.000000,0.000000,0.000000,0.220347,-1.224721,-3.139788,-0.199956,0.152629,-1.094938,3.139788,0.113936,0.000000,0.000000,0.000000,0.000000,0.000000,0.000000
1778537943.097141,sequential_ik_elbow_then_wrist,1,0,0.009651,0.098999,-0.283030,-0.127008,0.264053,-0.492986,0.039748,-0.122683,-0.270867,-0.110735,-0.257562,-0.492594,0.000608,0.011357,0.024248,0.106569,0.000130,0.031157,0.010864,0.176457,0.000000,0.000000,0.000000,0.203063,-1.230206,-3.139839,-0.199966,0.171225,-1.101412,3.139839,0.101788,0.000000,0.000000,0.000000,0.000000,0.000000,0.000000
1778537943.158679,sequential_ik_elbow_then_wrist,0,0,0.000348,0.117150,-0.276180,-0.129607,0.305602,-0.470082,0.039385,-0.127529,-0.268673,-0.110088,-0.285015,-0.475689,0.000274,0.013868,0.015241,0.117763,0.000052,0.035341,0.006901,0.187810,0.000000,0.000000,0.000000,0.182967,-1.220538,-3.139878,-0.199974,0.189699,-1.104198,3.139878,0.072687,0.000000,0.000000,0.000000,0.000000,0.000000,0.000000
1778537943.226613,sequential_ik_elbow_then_wrist,0,0,-0.006917,0.121178,-0.274350,-0.152229,0.340190,-0.418982,0.038290,-0.145680,-0.259444,-0.130519,-0.327949,-0.427616,0.000050,0.027974,0.006412,0.167256,0.000051,0.050578,0.004775,0.224626,0.000000,0.000000,0.000000,0.164471,-1.206690,-3.139907,-0.199981,0.204388,-1.093688,3.139907,0.024138,0.000000,0.000000,0.000000,0.000000,0.000000,0.000000
1778537943.278041,sequential_ik_elbow_then_wrist,0,0,-0.018274,0.114769,-0.276576,-0.220337,0.328111,-0.337038,0.026896,-0.167943,-0.247127,-0.168647,-0.363434,-0.363516,0.000025,0.071873,0.004829,0.268092,0.000199,0.072449,0.011759,0.269071,0.000000,0.000000,0.000000,0.153025,-1.198114,-3.139929,-0.199985,0.207396,-1.068815,3.139929,-0.029655,0.000000,0.000000,0.000000,0.000000,0.000000,0.000000
1778537943.337005,sequential_ik_elbow_then_wrist,0,0,-0.032289,0.122800,-0.271804,-0.236624,0.342031,-0.285409,-0.002332,-0.175343,-0.243412,-0.256145,-0.315833,-0.319844,0.000210,0.092206,0.013885,0.303654,0.000694,0.115678,0.024553,0.340115,0.000000,0.000000,0.000000,0.152154,-1.185217,-3.139946,-0.199989,0.187828,-1.043119,3.139946,-0.070538,0.000000,0.000000,0.000000,0.000000,0.000000,0.000000
1778537943.397816,sequential_ik_elbow_then_wrist,0,0,-0.060032,0.144784,-0.255800,-0.292167,0.334774,-0.251653,-0.045776,-0.184293,-0.232251,-0.303918,-0.321822,-0.298948,0.000897,0.102108,0.027594,0.319543,0.001873,0.110101,0.039936,0.331814,0.000000,0.000000,0.000000,0.169655,-1.154199,-3.139959,-0.199991,0.134482,-1.012648,3.139959,-0.101609,0.000000,0.000000,0.000000,0.000000,0.000000,0.000000
1778537943.467778,sequential_ik_elbow_then_wrist,0,0,-0.092412,0.145120,-0.245764,-0.338931,0.315574,-0.232576,-0.076717,-0.186210,-0.222352,-0.340508,-0.318818,-0.275544,0.001614,0.099916,0.037658,0.316095,0.001766,0.093934,0.038130,0.306487,0.000000,0.000000,0.000000,0.213100,-1.115858,-3.139969,-0.199994,0.053380,-0.977227,3.139969,-0.125223,0.000000,0.000000,0.000000,0.000000,0.000000,0.000000
1778537943.527511,sequential_ik_elbow_then_wrist,0,0,-0.113912,0.136745,-0.241506,-0.365861,0.299220,-0.230403,-0.074421,-0.191200,-0.218870,-0.342019,-0.320699,-0.259137,0.001566,0.085270,0.036991,0.292011,0.000389,0.077296,0.017529,0.278022,0.000000,0.000000,0.000000,0.278874,-1.078712,-3.139976,-0.199995,-0.028396,-0.942113,3.139976,-0.143169,0.000000,0.000000,0.000000,0.000000,0.000000,0.000000
1778537943.582369,sequential_ik_elbow_then_wrist,0,0,-0.133082,0.129007,-0.235895,-0.396961,0.271356,-0.225668,-0.083106,-0.191962,-0.215044,-0.354477,-0.314278,-0.252412,0.001318,0.075273,0.033597,0.274359,0.000200,0.070521,0.012442,0.265558,0.000000,0.000000,0.000000,0.360863,-1.042366,-3.139982,-0.199996,-0.105598,-0.909846,3.139982,-0.156809,0.000000,0.000000,0.000000,0.000000,0.000000,0.000000
1778537943.643173,sequential_ik_elbow_then_wrist,0,0,-0.134476,0.123934,-0.237816,-0.401234,0.260106,-0.220569,-0.094158,-0.187730,-0.214223,-0.367724,-0.306240,-0.247646,0.000538,0.068023,0.021450,0.260813,0.000170,0.065824,0.011520,0.256561,0.000000,0.000000,0.000000,0.444372,-1.013472,-3.139986,-0.199997,-0.178705,-0.883286,3.139986,-0.167175,0.000000,0.000000,0.000000,0.000000,0.000000,0.000000
1778537943.700356,sequential_ik_elbow_then_wrist,0,0,-0.128327,0.122573,-0.241884,-0.393234,0.262327,-0.224760,-0.092010,-0.183578,-0.218708,-0.364570,-0.303842,-0.254034,0.000126,0.062823,0.010320,0.250646,0.000041,0.059629,0.005557,0.244190,0.000000,0.000000,0.000000,0.517832,-0.994671,-3.139990,-0.199998,-0.240979,-0.866436,3.139990,-0.175053,0.000000,0.000000,0.000000,0.000000,0.000000,0.000000
1778537943.763385,sequential_ik_elbow_then_wrist,0,0,-0.123527,0.124871,-0.243204,-0.390055,0.262006,-0.230686,-0.093913,-0.180345,-0.220581,-0.368151,-0.296400,-0.256982,0.000012,0.060306,0.003131,0.245572,0.000024,0.058882,0.004296,0.242657,0.000000,0.000000,0.000000,0.576578,-0.982286,-3.139992,-0.199998,-0.293406,-0.856068,3.139992,-0.181040,0.000000,0.000000,0.000000,0.000000,0.000000,0.000000
1778537943.829538,sequential_ik_elbow_then_wrist,0,0,-0.122589,0.122201,-0.245028,-0.392220,0.251751,-0.222306,-0.088460,-0.180496,-0.222702,-0.360853,-0.300726,-0.259396,0.000009,0.066545,0.002664,0.257964,0.000002,0.056357,0.000989,0.237396,0.000000,0.000000,0.000000,0.623584,-0.975239,-3.139994,-0.199999,-0.332803,-0.850654,3.139994,-0.185590,0.000000,0.000000,0.000000,0.000000,0.000000,0.000000
1778537943.892766,sequential_ik_elbow_then_wrist,0,0,-0.114153,0.127694,-0.246299,-0.383937,0.257880,-0.229910,-0.076927,-0.181158,-0.226415,-0.345395,-0.308564,-0.267559,0.000024,0.064088,0.004497,0.253155,0.000045,0.053964,0.005848,0.232302,0.000000,0.000000,0.000000,0.655222,-0.971819,-3.139995,-0.199999,-0.356208,-0.850621,3.139995,-0.189049,0.000000,0.000000,0.000000,0.000000,0.000000,0.000000
1778537943.938500,sequential_ik_elbow_then_wrist,0,0,-0.107023,0.132460,-0.246983,-0.374030,0.268246,-0.230573,-0.072507,-0.179889,-0.228873,-0.341052,-0.305929,-0.273567,0.000071,0.064562,0.007864,0.254091,0.000031,0.056469,0.004937,0.237632,0.000000,0.000000,0.000000,0.672139,-0.970496,-3.139997,-0.199999,-0.368607,-0.853841,3.139997,-0.191677,0.000000,0.000000,0.000000,0.000000,0.000000,0.000000
1778537943.995287,sequential_ik_elbow_then_wrist,0,0,-0.105938,0.129424,-0.249051,-0.372141,0.266331,-0.229233,-0.070718,-0.179913,-0.229413,-0.338584,-0.307678,-0.273274,0.000021,0.068407,0.004201,0.261548,0.000015,0.058567,0.003435,0.242007,0.000000,0.000000,0.000000,0.681341,-0.971953,-3.139997,-0.199999,-0.374254,-0.857524,3.139997,-0.193675,0.000000,0.000000,0.000000,0.000000,0.000000,0.000000
1778537944.059764,sequential_ik_elbow_then_wrist,0,0,-0.105095,0.126394,-0.250958,-0.370656,0.261753,-0.216972,-0.067711,-0.180314,-0.230004,-0.335343,-0.309163,-0.272087,0.000006,0.077262,0.001994,0.277960,0.000014,0.060490,0.003380,0.245946,0.000000,0.000000,0.000000,0.686828,-0.975722,-3.139998,-0.200000,-0.374841,-0.861173,3.139998,-0.195193,0.000000,0.000000,0.000000,0.000000,0.000000,0.000000
1778537944.118176,sequential_ik_elbow_then_wrist,0,0,-0.106830,0.125535,-0.250656,-0.372802,0.253313,-0.196513,-0.072134,-0.179412,-0.229365,-0.341340,-0.307677,-0.262172,0.000000,0.089049,0.000133,0.298410,0.000000,0.065219,0.000595,0.255379,0.000000,0.000000,0.000000,0.691075,-0.978849,-3.139998,-0.200000,-0.375917,-0.863505,3.139998,-0.196346,0.000000,0.000000,0.000000,0.000000,0.000000,0.000000
1778537944.175114,sequential_ik_elbow_then_wrist,0,0,-0.108978,0.124642,-0.250176,-0.373307,0.247855,-0.179832,-0.079435,-0.178567,-0.227605,-0.348111,-0.310776,-0.245869,0.000002,0.097758,0.001455,0.312663,0.000021,0.068200,0.004074,0.261152,0.000000,0.000000,0.000000,0.695551,-0.980754,-3.139999,-0.200000,-0.381216,-0.863532,3.139999,-0.197223,0.000000,0.000000,0.000000,0.000000,0.000000,0.000000
1778537944.237042,sequential_ik_elbow_then_wrist,0,0,-0.111923,0.120763,-0.250778,-0.376730,0.240925,-0.177036,-0.076968,-0.179092,-0.228039,-0.343465,-0.316437,-0.238803,0.000017,0.100139,0.003906,0.316448,0.000001,0.067360,0.000808,0.259538,0.000000,0.000000,0.000000,0.702315,-0.982796,-3.139999,-0.200000,-0.386146,-0.863535,3.139999,-0.197890,0.000000,0.000000,0.000000,0.000000,0.000000,0.000000
1778537944.300701,sequential_ik_elbow_then_wrist,0,0,-0.109201,0.122407,-0.251180,-0.370066,0.248051,-0.172676,-0.075421,-0.177064,-0.230131,-0.342488,-0.313707,-0.232091,0.000000,0.100945,0.000528,0.317719,0.000001,0.071031,0.000745,0.266516,0.000000,0.000000,0.000000,0.707873,-0.984905,-3.139999,-0.200000,-0.389997,-0.865530,3.139999,-0.198396,0.000000,0.000000,0.000000,0.000000,0.000000,0.000000
1778537944.359021,sequential_ik_elbow_then_wrist,0,0,-0.106740,0.120945,-0.252940,-0.366936,0.249493,-0.176955,-0.069747,-0.172048,-0.235658,-0.339379,-0.303572,-0.235741,0.000001,0.100081,0.000827,0.316356,0.000014,0.075223,0.002784,0.274269,0.000000,0.000000,0.000000,0.711890,-0.988637,-3.139999,-0.200000,-0.391080,-0.872920,3.139999,-0.198781,0.000000,0.000000,0.000000,0.000000,0.000000,0.000000
1778537944.426426,sequential_ik_elbow_then_wrist,0,0,-0.102342,0.121601,-0.254439,-0.359475,0.254996,-0.176410,-0.070775,-0.165419,-0.240057,-0.339735,-0.298231,-0.235410,0.000009,0.101568,0.002697,0.318698,0.000012,0.079476,0.002369,0.281915,0.000000,0.000000,0.000000,0.712821,-0.993707,-3.140000,-0.200000,-0.392914,-0.884330,3.140000,-0.199074,0.000000,0.000000,0.000000,0.000000,0.000000,0.000000
1778537944.488884,sequential_ik_elbow_then_wrist,0,0,-0.101785,0.121318,-0.254798,-0.356304,0.259018,-0.175686,-0.072666,-0.158996,-0.243803,-0.344617,-0.285590,-0.239720,0.000004,0.102610,0.001853,0.320328,0.000020,0.083100,0.003637,0.288272,0.000000,0.000000,0.000000,0.712042,-0.998483,-3.140000,-0.200000,-0.397273,-0.898253,3.140000,-0.199296,0.000000,0.000000,0.000000,0.000000,0.000000,0.000000
1778537944.561171,sequential_ik_elbow_then_wrist,0,0,-0.101266,0.117493,-0.256789,-0.355844,0.255382,-0.178197,-0.085162,-0.155640,-0.241917,-0.358583,-0.278936,-0.235668,0.000002,0.104039,0.000965,0.322551,0.000101,0.084624,0.009314,0.290903,0.000000,0.000000,0.000000,0.711595,-1.004668,-3.140000,-0.200000,-0.409493,-0.908218,3.140000,-0.199465,0.000000,0.000000,0.000000,0.000000,0.000000,0.000000
1778537944.602834,sequential_ik_elbow_then_wrist,0,0,-0.103901,0.114686,-0.257005,-0.359196,0.250612,-0.177327,-0.080425,-0.155070,-0.243896,-0.351773,-0.282781,-0.236153,0.000008,0.105895,0.002675,0.325415,0.000012,0.080760,0.003195,0.284182,0.000000,0.000000,0.000000,0.713354,-1.010227,-3.140000,-0.200000,-0.421743,-0.917568,3.140000,-0.199593,0.000000,0.000000,0.000000,0.000000,0.000000,0.000000
1778537944.667095,sequential_ik_elbow_then_wrist,0,0,-0.109397,0.114399,-0.254843,-0.361626,0.243677,-0.156520,-0.078309,-0.154567,-0.244901,-0.346485,-0.286702,-0.219953,0.000025,0.115747,0.004653,0.340216,0.000002,0.086187,0.001024,0.293577,0.000000,0.000000,0.000000,0.718353,-1.012124,-3.140000,-0.200000,-0.431865,-0.926131,3.140000,-0.199691,0.000000,0.000000,0.000000,0.000000,0.000000,0.000000
1778537944.731975,sequential_ik_elbow_then_wrist,0,0,-0.116573,0.130864,-0.243486,-0.360119,0.241131,-0.107374,-0.077669,-0.159701,-0.241791,-0.329691,-0.303541,-0.165667,0.000055,0.132393,0.004938,0.363859,0.000004,0.104344,0.001605,0.323023,0.000000,0.000000,0.000000,0.721541,-1.000388,-3.140000,-0.200000,-0.438443,-0.929693,3.140000,-0.199765,0.000000,0.000000,0.000000,0.000000,0.000000,0.000000
1778537944.781126,sequential_ik_elbow_then_wrist,0,0,-0.132687,0.145568,-0.226283,-0.373209,0.244423,-0.076693,-0.102041,-0.163592,-0.229837,-0.372224,-0.258022,-0.139925,0.000127,0.047601,0.007507,0.185815,0.000176,0.121367,0.011381,0.348378,0.000000,0.000000,0.000000,0.724795,-0.971360,-2.386400,0.074419,-0.454181,-0.919998,3.140000,-0.199821,0.000000,0.000000,0.000000,0.000000,0.000000,0.000000
1778537944.848983,sequential_ik_elbow_then_wrist,0,0,-0.142820,0.164986,-0.205869,-0.354277,0.259803,-0.015354,-0.112803,-0.163732,-0.224650,-0.366646,-0.244495,-0.086661,0.000168,0.012372,0.008747,0.102130,0.000147,0.139595,0.010683,0.373624,0.000000,0.000000,0.000000,0.724512,-0.926522,-1.813664,0.388729,-0.477587,-0.904879,3.140000,-0.199864,0.000000,0.000000,0.000000,0.000000,0.000000,0.000000
1778537944.900751,sequential_ik_elbow_then_wrist,0,0,-0.149325,0.187573,-0.180329,-0.346955,0.268313,0.030440,-0.124300,-0.176214,-0.208562,-0.329769,-0.265907,-0.009219,0.000242,0.009392,0.010806,0.096343,0.000134,0.060567,0.008804,0.214623,0.000000,0.000000,0.000000,0.716918,-0.866648,-1.378385,0.652820,-0.503334,-0.877126,2.386400,0.089148,0.000000,0.000000,0.000000,0.000000,0.000000,0.000000
1778537944.972373,sequential_ik_elbow_then_wrist,1,0,-0.147768,0.207595,-0.158331,-0.336454,0.274821,0.065003,-0.128177,-0.195855,-0.187647,-0.290343,-0.286962,0.047729,0.000224,0.010934,0.010688,0.104549,0.000138,0.011831,0.007813,0.096594,0.000000,0.000000,0.000000,0.699589,-0.798817,-1.047572,0.858220,-0.522146,-0.835035,1.813664,0.428815,0.000000,0.000000,0.000000,0.000000,0.000000,0.000000
1778537945.029863,sequential_ik_elbow_then_wrist,1,0,-0.144754,0.218282,-0.146285,-0.331639,0.273008,0.081924,-0.126664,-0.208009,-0.175182,-0.282471,-0.288931,0.068079,0.000101,0.014265,0.007214,0.119436,0.000080,0.007665,0.006264,0.086792,0.000000,0.000000,0.000000,0.676849,-0.733488,-0.796155,1.015182,-0.531268,-0.788596,1.378385,0.714585,0.000000,0.000000,0.000000,0.000000,0.000000,0.000000
1778537945.094153,sequential_ik_elbow_then_wrist,1,0,-0.140826,0.225032,-0.139745,-0.325410,0.277122,0.090939,-0.119089,-0.216943,-0.169569,-0.276244,-0.289534,0.075447,0.000043,0.015765,0.004776,0.125559,0.000059,0.009178,0.005938,0.095758,0.000000,0.000000,0.000000,0.652038,-0.676076,-0.605078,1.133738,-0.529315,-0.745792,1.047572,0.938609,0.000000,0.000000,0.000000,0.000000,0.000000,0.000000
1778537945.148692,sequential_ik_elbow_then_wrist,1,0,-0.145516,0.227151,-0.131254,-0.307629,0.278583,0.115878,-0.114819,-0.225468,-0.161185,-0.285533,-0.287776,0.077508,0.000018,0.012053,0.002861,0.109749,0.000052,0.014170,0.005461,0.119033,0.000000,0.000000,0.000000,0.632558,-0.624773,-0.459859,1.230602,-0.519667,-0.705331,0.796155,1.106001,0.000000,0.000000,0.000000,0.000000,0.000000,0.000000
1778537945.204802,sequential_ik_elbow_then_wrist,1,0,-0.142428,0.228727,-0.131903,-0.304320,0.280548,0.115292,-0.113681,-0.228155,-0.158184,-0.279252,-0.284646,0.085527,0.000003,0.012153,0.001225,0.110238,0.000014,0.014887,0.002768,0.122002,0.000000,0.000000,0.000000,0.615411,-0.584476,-0.349493,1.305333,-0.508078,-0.670552,0.605078,1.236659,0.000000,0.000000,0.000000,0.000000,0.000000,0.000000
1778537945.268264,sequential_ik_elbow_then_wrist,1,0,-0.141954,0.230116,-0.129983,-0.304157,0.283276,0.116724,-0.117952,-0.228696,-0.154226,-0.287253,-0.281378,0.087769,0.000002,0.012321,0.000902,0.111000,0.000005,0.016818,0.001465,0.129683,0.000000,0.000000,0.000000,0.600967,-0.552232,-0.265615,1.360665,-0.500038,-0.640331,0.459859,1.334240,0.000000,0.000000,0.000000,0.000000,0.000000,0.000000
1778537945.329619,sequential_ik_elbow_then_wrist,1,0,-0.143458,0.232536,-0.123882,-0.299759,0.284210,0.126917,-0.123007,-0.230855,-0.146885,-0.300290,-0.277600,0.090572,0.000006,0.011462,0.001690,0.107063,0.000014,0.019494,0.002594,0.139597,0.000000,0.000000,0.000000,0.589572,-0.523202,-0.201867,1.402802,-0.496365,-0.611261,0.349493,1.402221,0.000000,0.000000,0.000000,0.000000,0.000000,0.000000
1778537945.397781,sequential_ik_elbow_then_wrist,1,0,-0.141111,0.235824,-0.120311,-0.293791,0.288232,0.132556,-0.129530,-0.230206,-0.142223,-0.316649,-0.268578,0.089107,0.000006,0.010797,0.001704,0.103906,0.000016,0.023103,0.002893,0.151971,0.000000,0.000000,0.000000,0.578470,-0.497694,-0.153419,1.434173,-0.498143,-0.584495,0.265615,1.447039,0.000000,0.000000,0.000000,0.000000,0.000000,0.000000
1778537945.449235,sequential_ik_elbow_then_wrist,1,0,-0.143501,0.235222,-0.118651,-0.294890,0.286819,0.135159,-0.135956,-0.228752,-0.138522,-0.339342,-0.258557,0.079986,0.000001,0.010884,0.000789,0.104327,0.000016,0.028865,0.003000,0.169836,0.000000,0.000000,0.000000,0.570801,-0.476401,-0.116598,1.457263,-0.504877,-0.560502,0.201867,1.470168,0.000000,0.000000,0.000000,0.000000,0.000000,0.000000
1778537945.508678,sequential_ik_elbow_then_wrist,0,0,-0.145352,0.235531,-0.115750,-0.298991,0.284755,0.137177,-0.143815,-0.225690,-0.135577,-0.359987,-0.247320,0.071309,0.000002,0.011485,0.001014,0.107164,0.000022,0.033775,0.003527,0.183716,0.000000,0.000000,0.000000,0.566076,-0.457838,-0.088615,1.472809,-0.516858,-0.539396,0.153419,1.476056,0.000000,0.000000,0.000000,0.000000,0.000000,0.000000
1778537945.573337,sequential_ik_elbow_then_wrist,0,0,-0.146893,0.238806,-0.106742,-0.301815,0.281544,0.146581,-0.143311,-0.228771,-0.130865,-0.355078,-0.242910,0.081160,0.000013,0.012350,0.002422,0.111126,0.000005,0.032559,0.001505,0.180440,0.000000,0.000000,0.000000,0.562545,-0.437200,-0.067347,1.482207,-0.526777,-0.519437,0.116598,1.481051,0.000000,0.000000,0.000000,0.000000,0.000000,0.000000
1778537945.639919,sequential_ik_elbow_then_wrist,1,0,-0.144439,0.245226,-0.094875,-0.297808,0.284083,0.160013,-0.148794,-0.230748,-0.120896,-0.350898,-0.236695,0.100730,0.000031,0.012530,0.003728,0.111927,0.000021,0.030625,0.003073,0.174992,0.000000,0.000000,0.000000,0.556498,-0.412251,-0.051184,1.485630,-0.536797,-0.496598,0.088615,1.489059,0.000000,0.000000,0.000000,0.000000,0.000000,0.000000
1778537945.694422,sequential_ik_elbow_then_wrist,1,0,-0.137481,0.264514,-0.033640,-0.279876,0.291781,0.229000,-0.167063,-0.230177,-0.095437,-0.346176,-0.219275,0.144979,0.000558,0.011877,0.015772,0.108775,0.000147,0.026011,0.008277,0.161262,0.000000,0.000000,0.000000,0.541302,-0.352461,-0.038900,1.472132,-0.554820,-0.460663,0.067347,1.500762,0.000000,0.000000,0.000000,0.000000,0.000000,0.000000
1778537945.759536,sequential_ik_elbow_then_wrist,1,0,-0.125302,0.272569,0.002385,-0.257628,0.283183,0.271415,-0.163270,-0.244333,-0.060369,-0.297186,-0.218182,0.206807,0.000354,0.012392,0.012532,0.111224,0.000228,0.015720,0.010055,0.125265,0.000000,0.000000,0.000000,0.518242,-0.275380,-0.029564,1.450796,-0.564397,-0.406666,0.051184,1.522506,0.000000,0.000000,0.000000,0.000000,0.000000,0.000000
1778537945.816273,sequential_ik_elbow_then_wrist,1,0,-0.120633,0.272402,0.035284,-0.242602,0.265967,0.309295,-0.163471,-0.251089,-0.015214,-0.293879,-0.201184,0.250311,0.000246,0.012699,0.010438,0.112633,0.000368,0.018689,0.012781,0.136678,0.000000,0.000000,0.000000,0.495492,-0.189199,-0.022469,1.425972,-0.568431,-0.331421,0.038900,1.532212,0.000000,0.000000,0.000000,0.000000,0.000000,0.000000
1778537945.870706,sequential_ik_elbow_then_wrist,1,0,-0.119971,0.269788,0.053117,-0.230212,0.241768,0.330717,-0.184864,-0.236026,0.010819,-0.331455,-0.163671,0.262366,0.000095,0.012724,0.006485,0.112802,0.000252,0.029247,0.010569,0.170813,0.000000,0.000000,0.000000,0.477281,-0.106253,-0.017076,1.407627,-0.586891,-0.250331,0.029564,1.519581,0.000000,0.000000,0.000000,0.000000,0.000000,0.000000
1778537945.938421,sequential_ik_elbow_then_wrist,1,0,-0.118161,0.269244,0.059546,-0.227517,0.213575,0.333302,-0.181178,-0.235494,0.041437,-0.327635,-0.142152,0.286054,0.000020,0.015482,0.003010,0.124350,0.000187,0.032363,0.009106,0.179823,0.000000,0.000000,0.000000,0.462336,-0.035181,-0.012978,1.404173,-0.602840,-0.164258,0.022469,1.497603,0.000000,0.000000,0.000000,0.000000,0.000000,0.000000
1778537945.987093,sequential_ik_elbow_then_wrist,0,0,-0.119525,0.265960,0.070565,-0.222574,0.188163,0.341358,-0.182001,-0.231645,0.056711,-0.335775,-0.129345,0.293118,0.000025,0.016600,0.003307,0.128766,0.000073,0.037649,0.005691,0.193946,0.000000,0.000000,0.000000,0.452310,0.027637,-0.009863,1.412152,-0.617267,-0.083690,0.017076,1.466942,0.000000,0.000000,0.000000,0.000000,0.000000,0.000000
1778537946.053294,sequential_ik_elbow_then_wrist,0,0,-0.119431,0.262571,0.082417,-0.217039,0.174284,0.352006,-0.190200,-0.222474,0.065796,-0.341923,-0.110938,0.299334,0.000029,0.016400,0.003581,0.128055,0.000048,0.040505,0.004641,0.201222,0.000000,0.000000,0.000000,0.445826,0.084955,-0.007496,1.421160,-0.636301,-0.013258,0.012978,1.434336,0.000000,0.000000,0.000000,0.000000,0.000000,0.000000
1778537946.114109,sequential_ik_elbow_then_wrist,0,0,-0.117372,0.261957,0.087192,-0.206353,0.173249,0.359614,-0.189246,-0.220871,0.073497,-0.330409,-0.101478,0.309757,0.000009,0.014227,0.001974,0.119277,0.000017,0.038246,0.002726,0.195565,0.000000,0.000000,0.000000,0.440174,0.133779,-0.005697,1.427169,-0.652911,0.047255,0.009863,1.409684,0.000000,0.000000,0.000000,0.000000,0.000000,0.000000
1778537946.179466,sequential_ik_elbow_then_wrist,0,0,-0.118342,0.261049,0.088593,-0.194344,0.166577,0.362999,-0.185413,-0.222450,0.078347,-0.324679,-0.099757,0.314041,0.000002,0.012140,0.000820,0.110164,0.000008,0.038057,0.001903,0.195082,0.000000,0.000000,0.000000,0.436474,0.172994,-0.004330,1.436206,-0.663614,0.097936,0.007496,1.391278,0.000000,0.000000,0.000000,0.000000,0.000000,0.000000
1778537946.233815,sequential_ik_elbow_then_wrist,0,0,-0.109608,0.262302,0.095833,-0.168863,0.165006,0.373362,-0.181596,-0.224431,0.081571,-0.325370,-0.103870,0.315652,0.000018,0.008366,0.002882,0.091448,0.000006,0.038933,0.001710,0.197309,0.000000,0.000000,0.000000,0.428534,0.207979,-0.003291,1.447112,-0.668659,0.139591,0.005697,1.373637,0.000000,0.000000,0.000000,0.000000,0.000000,0.000000
1778537946.298845,sequential_ik_elbow_then_wrist,1,0,-0.104754,0.262634,0.100249,-0.164381,0.165558,0.377776,-0.172566,-0.228878,0.088522,-0.293102,-0.107096,0.334775,0.000011,0.008264,0.002339,0.090906,0.000025,0.030489,0.003424,0.174568,0.000000,0.000000,0.000000,0.418291,0.238634,-0.002501,1.454039,-0.665604,0.176445,0.004330,1.369612,0.000000,0.000000,0.000000,0.000000,0.000000,0.000000
1778537946.351900,sequential_ik_elbow_then_wrist,1,0,-0.103811,0.260876,0.105675,-0.171614,0.166759,0.382342,-0.168771,-0.230320,0.092029,-0.279451,-0.107854,0.342532,0.000007,0.009716,0.001751,0.098527,0.000010,0.027783,0.002161,0.166662,0.000000,0.000000,0.000000,0.409257,0.266423,-0.001901,1.452426,-0.659095,0.207907,0.003291,1.372768,0.000000,0.000000,0.000000,0.000000,0.000000,0.000000
1778537946.420872,sequential_ik_elbow_then_wrist,1,0,-0.104691,0.261075,0.104305,-0.175644,0.169636,0.381081,-0.172175,-0.227609,0.092466,-0.287383,-0.105875,0.341279,0.000000,0.010283,0.000072,0.101391,0.000001,0.029959,0.000786,0.173085,0.000000,0.000000,0.000000,0.402516,0.287669,-0.001444,1.446979,-0.655770,0.232889,0.002501,1.373152,0.000000,0.000000,0.000000,0.000000,0.000000,0.000000
1778537946.484668,sequential_ik_elbow_then_wrist,0,0,-0.104536,0.260251,0.106497,-0.178190,0.172731,0.383833,-0.174982,-0.225328,0.092782,-0.298913,-0.104335,0.337735,0.000001,0.010500,0.000549,0.102449,0.000003,0.032911,0.001131,0.181396,0.000000,0.000000,0.000000,0.397529,0.305288,-0.001098,1.437721,-0.655914,0.252327,0.001901,1.367481,0.000000,0.000000,0.000000,0.000000,0.000000,0.000000
1778537946.537769,sequential_ik_elbow_then_wrist,0,0,-0.110247,0.258472,0.105061,-0.188913,0.174523,0.382124,-0.175909,-0.224647,0.092682,-0.310360,-0.104532,0.332463,0.000005,0.011753,0.001647,0.108390,0.000001,0.036181,0.000591,0.190190,0.000000,0.000000,0.000000,0.397489,0.318072,-0.000834,1.425540,-0.657433,0.267136,0.001444,1.355992,0.000000,0.000000,0.000000,0.000000,0.000000,0.000000
1778537946.597014,sequential_ik_elbow_then_wrist,0,0,-0.115319,0.255956,0.105774,-0.200900,0.176011,0.381971,-0.179309,-0.221861,0.092875,-0.326029,-0.102865,0.325927,0.000008,0.013130,0.001979,0.114550,0.000003,0.040693,0.001301,0.201684,0.000000,0.000000,0.000000,0.401996,0.328120,-0.000634,1.409514,-0.661688,0.278527,0.001098,1.337566,0.000000,0.000000,0.000000,0.000000,0.000000,0.000000
1778537946.657884,sequential_ik_elbow_then_wrist,0,0,-0.113601,0.252312,0.115904,-0.192633,0.175455,0.394914,-0.182090,-0.219225,0.093721,-0.331023,-0.101236,0.325879,0.000015,0.011103,0.002574,0.105328,0.000004,0.041190,0.001354,0.202935,0.000000,0.000000,0.000000,0.406597,0.342555,-0.000482,1.390194,-0.668108,0.287764,0.000834,1.316880,0.000000,0.000000,0.000000,0.000000,0.000000,0.000000
1778537946.724962,sequential_ik_elbow_then_wrist,0,0,-0.121848,0.239313,0.133725,-0.206510,0.169365,0.412901,-0.186417,-0.209398,0.106775,-0.333534,-0.093545,0.341157,0.000086,0.012613,0.006411,0.112020,0.000040,0.040044,0.004357,0.200053,0.000000,0.000000,0.000000,0.418511,0.367194,-0.000366,1.356180,-0.679818,0.303470,0.000634,1.289694,0.000000,0.000000,0.000000,0.000000,0.000000,0.000000
1778537946.786867,sequential_ik_elbow_then_wrist,1,0,-0.100151,0.213777,0.185119,-0.145777,0.140448,0.472419,-0.095735,-0.224254,0.174771,-0.097687,-0.112224,0.453061,0.000520,0.005210,0.015210,0.071683,0.001883,0.001315,0.031845,0.034115,0.000000,0.000000,0.000000,0.424804,0.426566,-0.000278,1.309981,-0.639308,0.366035,0.000482,1.298535,0.000000,0.000000,0.000000,0.000000,0.000000,0.000000
1778537946.840847,sequential_ik_elbow_then_wrist,1,0,-0.107215,0.176809,0.217355,-0.159701,0.097845,0.501977,-0.107558,-0.195625,0.200405,-0.128699,-0.061235,0.467785,0.000528,0.009041,0.016384,0.094079,0.000300,0.006902,0.011534,0.082970,0.000000,0.000000,0.000000,0.442765,0.508054,-0.000212,1.241787,-0.607335,0.444549,0.000366,1.295063,0.000000,0.000000,0.000000,0.000000,0.000000,0.000000
1778537946.903280,sequential_ik_elbow_then_wrist,1,0,-0.129398,0.148119,0.226532,-0.187430,0.041719,0.500962,-0.094496,-0.163997,0.232757,-0.077794,-0.034943,0.503064,0.000673,0.017239,0.022429,0.131141,0.000409,0.002767,0.013503,0.051778,0.000000,0.000000,0.000000,0.482398,0.587495,-0.000161,1.174615,-0.585003,0.540271,0.000278,1.270171,0.000000,0.000000,0.000000,0.000000,0.000000,0.000000
1778537946.960184,sequential_ik_elbow_then_wrist,1,0,-0.128609,0.106242,0.249344,-0.151585,-0.012686,0.523804,-0.087850,-0.152312,0.243071,-0.021098,-0.011272,0.499297,0.001079,0.015130,0.028694,0.122925,0.000110,0.000203,0.007005,0.014202,0.000000,0.000000,0.000000,0.538876,0.675742,-0.000122,1.113136,-0.568948,0.631742,0.000212,1.253569,0.000000,0.000000,0.000000,0.000000,0.000000,0.000000
1778537947.016602,sequential_ik_elbow_then_wrist,1,0,-0.130708,0.075292,0.259319,-0.145281,-0.048603,0.532152,-0.076553,-0.153215,0.246302,-0.044589,0.000570,0.501896,0.001306,0.018283,0.033481,0.134997,0.000055,0.001584,0.006287,0.039626,0.000000,0.000000,0.000000,0.608371,0.761786,-0.000093,1.047982,-0.551454,0.709058,0.000161,1.232036,0.000000,0.000000,0.000000,0.000000,0.000000,0.000000
1778537947.077270,sequential_ik_elbow_then_wrist,1,0,-0.125562,0.066006,0.264343,-0.128051,-0.059757,0.536698,-0.090081,-0.141608,0.248662,-0.057106,0.015299,0.502223,0.000742,0.016195,0.025817,0.127164,0.000066,0.003274,0.007424,0.057195,0.000000,0.000000,0.000000,0.679623,0.836950,-0.000071,0.986754,-0.544703,0.772227,0.000122,1.211650,0.000000,0.000000,0.000000,0.000000,0.000000,0.000000
1778537947.145502,sequential_ik_elbow_then_wrist,1,0,-0.118613,0.053902,0.270232,-0.113386,-0.073472,0.541799,-0.096520,-0.136597,0.249049,-0.050647,0.020108,0.500722,0.000594,0.015882,0.023187,0.125959,0.000103,0.002882,0.009512,0.053688,0.000000,0.000000,0.000000,0.748665,0.904087,-0.000054,0.930552,-0.547971,0.821755,0.000093,1.197005,0.000000,0.000000,0.000000,0.000000,0.000000,0.000000
1778537947.204863,sequential_ik_elbow_then_wrist,1,0,-0.113499,0.061691,0.270762,-0.103601,-0.068691,0.540767,-0.096088,-0.130699,0.252358,-0.026037,0.021792,0.501033,0.000112,0.013353,0.010237,0.115548,0.000073,0.001141,0.007898,0.033761,0.000000,0.000000,0.000000,0.807487,0.957045,-0.000041,0.884507,-0.557110,0.863398,0.000071,1.188689,0.000000,0.000000,0.000000,0.000000,0.000000,0.000000
1778537947.265445,sequential_ik_elbow_then_wrist,1,0,-0.111945,0.063180,0.271066,-0.102103,-0.069325,0.540037,-0.096532,-0.132994,0.250986,-0.026605,0.019107,0.499935,0.000040,0.013163,0.006117,0.114729,0.000021,0.001075,0.004345,0.032788,0.000000,0.000000,0.000000,0.855948,0.997993,-0.000031,0.847780,-0.567757,0.894315,0.000054,1.182589,0.000000,0.000000,0.000000,0.000000,0.000000,0.000000
1778537947.325358,sequential_ik_elbow_then_wrist,1,0,-0.116902,0.069535,0.267393,-0.105585,-0.063221,0.536182,-0.119010,-0.133922,0.240627,-0.078411,0.026622,0.490782,0.000015,0.012402,0.003110,0.111358,0.000241,0.006284,0.013937,0.079271,0.000000,0.000000,0.000000,0.894360,1.024051,-0.000024,0.822690,-0.588080,0.906815,0.000041,1.178508,0.000000,0.000000,0.000000,0.000000,0.000000,0.000000
1778537947.378313,sequential_ik_elbow_then_wrist,1,0,-0.121051,0.074634,0.264152,-0.120989,-0.058755,0.532867,-0.114434,-0.139296,0.239794,-0.059608,0.016889,0.489995,0.000009,0.013470,0.002047,0.116061,0.000020,0.003329,0.003937,0.057643,0.000000,0.000000,0.000000,0.923711,1.038370,-0.000018,0.802563,-0.607094,0.912596,0.000031,1.181306,0.000000,0.000000,0.000000,0.000000,0.000000,0.000000
1778537947.447052,sequential_ik_elbow_then_wrist,1,0,-0.132379,0.116745,0.242583,-0.180107,0.010882,0.519196,-0.095345,-0.150680,0.241257,-0.053048,-0.020501,0.508211,0.000592,0.010056,0.020933,0.100051,0.000133,0.001076,0.010687,0.031908,0.000000,0.000000,0.000000,0.930686,1.023726,-0.000014,0.770989,-0.611178,0.917861,0.000024,1.165108,0.000000,0.000000,0.000000,0.000000,0.000000,0.000000
1778537947.502273,sequential_ik_elbow_then_wrist,1,0,-0.136580,0.150860,0.220425,-0.188014,0.068039,0.504142,-0.050969,-0.182922,0.232253,0.010512,-0.086320,0.509540,0.000891,0.005939,0.025661,0.076903,0.001652,0.002404,0.037466,0.048801,0.000000,0.000000,0.000000,0.911396,0.985543,-0.000010,0.758860,-0.577008,0.915596,0.000018,1.141447,0.000000,0.000000,0.000000,0.000000,0.000000,0.000000
1778537947.561196,sequential_ik_elbow_then_wrist,1,0,-0.094846,0.205256,0.197166,-0.150736,0.180263,0.490852,-0.057452,-0.209595,0.206807,-0.114963,-0.105536,0.482241,0.002590,0.000569,0.044447,0.023805,0.000779,0.005455,0.023385,0.073802,0.000000,0.000000,0.000000,0.842228,0.932676,-0.000008,0.753574,-0.525832,0.887364,0.000014,1.116622,0.000000,0.000000,0.000000,0.000000,0.000000,0.000000
1778537947.636457,sequential_ik_elbow_then_wrist,1,0,-0.066973,0.233398,0.176181,-0.135546,0.261606,0.466874,-0.060664,-0.236120,0.174835,-0.123538,-0.188710,0.464316,0.001726,0.000518,0.034618,0.022582,0.000493,0.004420,0.016280,0.066329,0.000000,0.000000,0.000000,0.739807,0.868984,-0.000006,0.742581,-0.470591,0.833596,0.000010,1.086960,0.000000,0.000000,0.000000,0.000000,0.000000,0.000000
1778537947.689466,sequential_ik_elbow_then_wrist,1,0,-0.068943,0.257702,0.137247,-0.152778,0.319569,0.418573,-0.053690,-0.249288,0.158028,-0.137885,-0.222532,0.444725,0.000683,0.002504,0.018956,0.050018,0.000211,0.006901,0.010577,0.083072,0.000000,0.000000,0.000000,0.637029,0.785341,-0.000005,0.737441,-0.415568,0.772739,0.000008,1.065233,0.000000,0.000000,0.000000,0.000000,0.000000,0.000000
1778537947.746499,sequential_ik_elbow_then_wrist,1,0,-0.070347,0.279990,0.081590,-0.161458,0.389788,0.345490,-0.060219,-0.275768,0.101616,-0.165703,-0.297330,0.381631,0.000690,0.003276,0.017650,0.057217,0.000595,0.010140,0.016292,0.100691,0.000000,0.000000,0.000000,0.547414,0.676507,-0.000003,0.737089,-0.369228,0.683143,0.000006,1.046544,0.000000,0.000000,0.000000,0.000000,0.000000,0.000000
1778537947.811145,sequential_ik_elbow_then_wrist,0,0,-0.064888,0.290877,0.034351,-0.178915,0.431605,0.273502,-0.096875,-0.281191,0.039331,-0.295961,-0.309198,0.261998,0.000525,0.006219,0.015282,0.078815,0.000899,0.041787,0.020153,0.204412,0.000000,0.000000,0.000000,0.471242,0.553653,-0.000003,0.743290,-0.353862,0.565591,0.000005,1.028691,0.000000,0.000000,0.000000,0.000000,0.000000,0.000000
1778537947.863091,sequential_ik_elbow_then_wrist,0,0,-0.180944,0.226793,-0.076317,-0.413041,0.370008,0.048664,-0.145544,-0.254698,-0.062817,-0.414263,-0.341470,0.038479,0.004036,0.025131,0.043138,0.157739,0.002245,0.057940,0.031840,0.238596,0.000000,0.000000,0.000000,0.493784,0.382443,-0.000002,0.710139,-0.381323,0.401681,0.000003,0.938777,0.000000,0.000000,0.000000,0.000000,0.000000,0.000000
1778537947.918641,sequential_ik_elbow_then_wrist,0,0,-0.162304,0.217901,-0.127188,-0.371708,0.423727,-0.065661,-0.148156,-0.226073,-0.130157,-0.429967,-0.316644,-0.081380,0.000888,0.003495,0.019976,0.058831,0.001311,0.047764,0.024360,0.218313,0.000000,0.000000,0.000000,0.523949,0.200899,-0.000002,0.671021,-0.421605,0.215839,0.000003,0.845972,0.000000,0.000000,0.000000,0.000000,0.000000,0.000000
1778537947.993866,sequential_ik_elbow_then_wrist,0,0,-0.021011,0.202007,-0.220798,-0.189527,0.431508,-0.315305,-0.109665,-0.178511,-0.214727,-0.393125,-0.264292,-0.262598,0.005206,0.010433,0.055313,0.080850,0.001938,0.056745,0.029507,0.230826,0.000000,0.000000,0.000000,0.477607,-0.024073,-0.753601,0.491488,-0.452461,-0.003797,0.753602,0.634178,0.000000,0.000000,0.000000,0.000000,0.000000,0.000000
1778537948.046211,sequential_ik_elbow_then_wrist,0,0,-0.050999,0.176455,-0.237197,-0.159359,0.337770,-0.465749,-0.078915,-0.160492,-0.240862,-0.347608,-0.198933,-0.368636,0.000357,0.002669,0.012980,0.050644,0.000679,0.052245,0.018331,0.228472,0.000000,0.000000,0.000000,0.436800,-0.227543,-1.326337,0.379554,-0.465538,-0.213923,1.326338,0.457102,0.000000,0.000000,0.000000,0.000000,0.000000,0.000000
1778537948.116399,sequential_ik_elbow_then_wrist,1,0,-0.010851,0.121214,-0.274207,-0.114278,0.309106,-0.483967,-0.010117,-0.117160,-0.275991,-0.191508,-0.168070,-0.509455,0.001269,0.002128,0.027293,0.041524,0.002405,0.014443,0.041478,0.119527,0.000000,0.000000,0.000000,0.391166,-0.435149,-1.761616,0.246269,-0.449201,-0.430674,1.761617,0.352515,0.000000,0.000000,0.000000,0.000000,0.000000,0.000000
1778537948.174136,sequential_ik_elbow_then_wrist,1,0,-0.016425,0.076726,-0.289557,-0.150362,0.187743,-0.533967,0.016494,-0.127227,-0.271185,-0.121702,-0.208978,-0.524599,0.000494,0.010687,0.014908,0.103364,0.002732,0.004293,0.050682,0.065480,0.000000,0.000000,0.000000,0.355313,-0.632454,-2.092428,0.148872,-0.407507,-0.604610,2.092429,0.267572,0.000000,0.000000,0.000000,0.000000,0.000000,0.000000
1778537948.245914,sequential_ik_elbow_then_wrist,1,0,-0.030711,0.054252,-0.293451,-0.198755,0.127350,-0.530976,0.030827,-0.123129,-0.271825,-0.134426,-0.196504,-0.511216,0.000376,0.026734,0.017277,0.163489,0.002666,0.012292,0.050327,0.110865,0.000000,0.000000,0.000000,0.333181,-0.802932,-2.343845,0.069178,-0.348302,-0.739820,2.343846,0.204839,0.000000,0.000000,0.000000,0.000000,0.000000,0.000000
1778537948.289537,sequential_ik_elbow_then_wrist,1,0,-0.007557,0.045139,-0.296488,-0.166032,0.123036,-0.539012,0.015437,-0.121000,-0.274081,-0.132614,-0.192249,-0.525088,0.000079,0.018001,0.006701,0.134156,0.000784,0.014144,0.027283,0.118818,0.000000,0.000000,0.000000,0.315341,-0.946473,-2.534923,0.004575,-0.288308,-0.841718,2.534923,0.169493,0.000000,0.000000,0.000000,0.000000,0.000000,0.000000
1778537948.345909,sequential_ik_elbow_then_wrist,1,0,-0.016369,0.042656,-0.296500,-0.177149,0.113504,-0.539668,0.023349,-0.122683,-0.272770,-0.127876,-0.194922,-0.521593,0.000026,0.021523,0.004877,0.146706,0.000802,0.016375,0.027557,0.127909,0.000000,0.000000,0.000000,0.302741,-1.058843,-2.680141,-0.044523,-0.227249,-0.916996,2.680141,0.151831,0.000000,0.000000,0.000000,0.000000,0.000000,0.000000
1778537948.411313,sequential_ik_elbow_then_wrist,1,0,-0.001518,0.039599,-0.297371,-0.152440,0.117718,-0.544596,0.019399,-0.124566,-0.272226,-0.117257,-0.214997,-0.523517,0.000082,0.015319,0.008768,0.123769,0.000352,0.015406,0.018206,0.124115,0.000000,0.000000,0.000000,0.291629,-1.149203,-2.790507,-0.081838,-0.170322,-0.971722,2.790507,0.135880,0.000000,0.000000,0.000000,0.000000,0.000000,0.000000
1778537948.463530,sequential_ik_elbow_then_wrist,1,0,-0.006309,0.042871,-0.296854,-0.145758,0.160162,-0.535175,0.035921,-0.130634,-0.267665,-0.099418,-0.261123,-0.501451,0.000022,0.014540,0.004664,0.120581,0.000730,0.015787,0.026060,0.125349,0.000000,0.000000,0.000000,0.282369,-1.216274,-2.874386,-0.110197,-0.111168,-1.007123,2.874386,0.103082,0.000000,0.000000,0.000000,0.000000,0.000000,0.000000
1778537948.533499,sequential_ik_elbow_then_wrist,1,0,-0.004107,0.089309,-0.286369,-0.130000,0.231668,-0.518500,0.023938,-0.140950,-0.263742,-0.129300,-0.295891,-0.469926,0.000541,0.008881,0.019853,0.094239,0.000117,0.028055,0.009906,0.167288,0.000000,0.000000,0.000000,0.270592,-1.238577,-2.938133,-0.131749,-0.059915,-1.025886,2.938133,0.058152,0.000000,0.000000,0.000000,0.000000,0.000000,0.000000
1778537948.592826,sequential_ik_elbow_then_wrist,0,0,0.005225,0.124506,-0.272893,-0.104913,0.306687,-0.484270,-0.008754,-0.152988,-0.257911,-0.190687,-0.297847,-0.447426,0.001057,0.006282,0.029767,0.079259,0.000328,0.046914,0.017012,0.216588,0.000000,0.000000,0.000000,0.249038,-1.226779,-2.986581,-0.148130,-0.033139,-1.031429,2.986581,0.019390,0.000000,0.000000,0.000000,0.000000,0.000000,0.000000
1778537948.668402,sequential_ik_elbow_then_wrist,0,0,-0.022017,0.143284,-0.262650,-0.189394,0.340615,-0.414456,-0.037870,-0.191203,-0.228051,-0.280427,-0.330899,-0.335991,0.000171,0.025661,0.008958,0.160189,0.001217,0.082293,0.030272,0.286705,0.000000,0.000000,0.000000,0.230795,-1.195084,-3.023402,-0.160578,-0.038474,-1.002865,3.023402,-0.033264,0.000000,0.000000,0.000000,0.000000,0.000000,0.000000
1778537948.709183,sequential_ik_elbow_then_wrist,0,0,-0.066240,0.151928,-0.250060,-0.271450,0.355824,-0.329529,-0.073700,-0.207734,-0.203506,-0.322699,-0.357810,-0.277513,0.000849,0.053135,0.026845,0.230510,0.001408,0.071529,0.032161,0.267448,0.000000,0.000000,0.000000,0.236708,-1.152260,-3.051385,-0.170040,-0.078598,-0.951976,3.051385,-0.073280,0.000000,0.000000,0.000000,0.000000,0.000000,0.000000
1778537948.775603,sequential_ik_elbow_then_wrist,0,0,-0.081615,0.159378,-0.240703,-0.282879,0.381394,-0.226511,-0.050021,-0.220308,-0.197389,-0.299028,-0.386205,-0.219149,0.000696,0.073374,0.024143,0.270876,0.000060,0.063666,0.005285,0.252322,0.000000,0.000000,0.000000,0.262099,-1.105061,-3.072653,-0.177230,-0.111485,-0.899849,3.072653,-0.103693,0.000000,0.000000,0.000000,0.000000,0.000000,0.000000
1778537948.837252,sequential_ik_elbow_then_wrist,0,0,-0.133412,0.156297,-0.218569,-0.373639,0.318756,-0.141770,-0.055733,-0.226499,-0.188659,-0.315555,-0.372978,-0.156474,0.002026,0.101826,0.040436,0.319102,0.000040,0.084179,0.004481,0.290136,0.000000,0.000000,0.000000,0.323001,-1.046406,-3.088816,-0.182695,-0.140124,-0.850121,3.088816,-0.126807,0.000000,0.000000,0.000000,0.000000,0.000000,0.000000
1778537948.895534,sequential_ik_elbow_then_wrist,0,0,-0.147653,0.157393,-0.208390,-0.381231,0.305220,-0.091820,-0.129103,-0.198910,-0.183759,-0.387304,-0.346786,-0.145488,0.000836,0.099430,0.025207,0.315326,0.001501,0.073983,0.032658,0.271997,0.000000,0.000000,0.000000,0.399290,-0.985783,-3.101100,-0.186848,-0.211717,-0.807994,3.101100,-0.144373,0.000000,0.000000,0.000000,0.000000,0.000000,0.000000
1778537948.956092,sequential_ik_elbow_then_wrist,0,0,-0.149009,0.156762,-0.207900,-0.378162,0.301007,-0.078742,-0.135750,-0.190169,-0.188169,-0.404529,-0.318048,-0.150687,0.000190,0.033610,0.011987,0.151481,0.000406,0.063718,0.016938,0.252425,0.000000,0.000000,0.000000,0.472759,-0.934757,-2.356836,0.057834,-0.292287,-0.777108,3.110436,-0.157724,0.000000,0.000000,0.000000,0.000000,0.000000,0.000000
1778537949.013952,sequential_ik_elbow_then_wrist,0,0,-0.162449,0.145489,-0.206018,-0.416503,0.270421,-0.106778,-0.039935,-0.205702,-0.214690,-0.254667,-0.408939,-0.163848,0.000234,0.012339,0.013325,0.108909,0.001700,0.053966,0.035119,0.232305,0.000000,0.000000,0.000000,0.546391,-0.893305,-1.791195,0.296241,-0.307584,-0.777670,3.117532,-0.167870,0.000000,0.000000,0.000000,0.000000,0.000000,0.000000
1778537949.077438,sequential_ik_elbow_then_wrist,0,0,-0.133707,0.122483,-0.238998,-0.384897,0.243990,-0.128816,-0.008925,-0.182119,-0.238229,-0.245673,-0.340192,-0.143553,0.000301,0.009543,0.012000,0.096318,0.001337,0.108555,0.031819,0.329477,0.000000,0.000000,0.000000,0.607826,-0.891396,-1.361309,0.516564,-0.285763,-0.805523,3.122924,-0.175581,0.000000,0.000000,0.000000,0.000000,0.000000,0.000000
1778537949.136092,sequential_ik_elbow_then_wrist,1,0,-0.064889,0.111717,-0.270756,-0.265682,0.270228,-0.427460,-0.032718,-0.155743,-0.254310,-0.226051,-0.249067,-0.463864,0.001339,0.036003,0.030082,0.148339,0.000149,0.031779,0.008156,0.177341,0.000000,0.000000,0.000000,0.634993,-0.936000,-1.788195,0.400051,-0.268313,-0.848511,3.127022,-0.137904,0.000000,0.000000,0.000000,0.000000,0.000000,0.000000
1778537949.200531,sequential_ik_elbow_then_wrist,1,0,-0.035832,0.097140,-0.281567,-0.191367,0.204366,-0.514615,-0.023813,-0.137824,-0.265401,-0.193350,-0.185894,-0.508189,0.001226,0.001768,0.032100,0.036061,0.000128,0.025668,0.008051,0.159321,0.000000,0.000000,0.000000,0.638879,-0.998999,-2.112628,0.259623,-0.251959,-0.899940,3.130137,-0.068724,0.000000,0.000000,0.000000,0.000000,0.000000,0.000000
1778537949.256079,sequential_ik_elbow_then_wrist,1,0,0.001451,0.070953,-0.291485,-0.122954,0.164793,-0.547839,0.014578,-0.125705,-0.272003,-0.119677,-0.173532,-0.535989,0.002021,0.000440,0.042397,0.020913,0.001015,0.010440,0.030153,0.102023,0.000000,0.000000,0.000000,0.627176,-1.079662,-2.359197,0.149313,-0.220571,-0.954841,3.132504,-0.002689,0.000000,0.000000,0.000000,0.000000,0.000000,0.000000
1778537949.318679,sequential_ik_elbow_then_wrist,1,0,-0.000529,0.054694,-0.294972,-0.149466,0.129024,-0.544557,0.022639,-0.122609,-0.272863,-0.111508,-0.162312,-0.538247,0.000896,0.005014,0.029144,0.070813,0.000888,0.011638,0.028887,0.107818,0.000000,0.000000,0.000000,0.611219,-1.155726,-2.546590,0.065478,-0.179816,-1.001356,3.134303,0.056103,0.000000,0.000000,0.000000,0.000000,0.000000,0.000000
1778537949.373820,sequential_ik_elbow_then_wrist,1,0,-0.000256,0.052514,-0.295368,-0.151384,0.134903,-0.541076,0.021676,-0.119726,-0.274218,-0.106432,-0.152329,-0.543524,0.000724,0.006801,0.026748,0.082470,0.000496,0.012204,0.021648,0.110398,0.000000,0.000000,0.000000,0.593625,-1.217772,-2.689008,0.001763,-0.136566,-1.038858,3.135670,0.110353,0.000000,0.000000,0.000000,0.000000,0.000000,0.000000
1778537949.432185,sequential_ik_elbow_then_wrist,1,0,-0.002999,0.053629,-0.295152,-0.159097,0.133231,-0.538662,0.027556,-0.117194,-0.274784,-0.104715,-0.149088,-0.542155,0.000579,0.008391,0.023969,0.091602,0.000493,0.013581,0.021616,0.116510,0.000000,0.000000,0.000000,0.575462,-1.264117,-2.797246,-0.046660,-0.091664,-1.068725,3.136709,0.157547,0.000000,0.000000,0.000000,0.000000,0.000000,0.000000
1778537949.493879,sequential_ik_elbow_then_wrist,1,0,-0.005483,0.054022,-0.295045,-0.160246,0.126974,-0.541472,0.025160,-0.118040,-0.274652,-0.114855,-0.150878,-0.537934,0.000449,0.008564,0.021101,0.092540,0.000238,0.017496,0.015011,0.132262,0.000000,0.000000,0.000000,0.557300,-1.297925,-2.879507,-0.083461,-0.049171,-1.090847,3.137499,0.197642,0.000000,0.000000,0.000000,0.000000,0.000000,0.000000
1778537949.558488,sequential_ik_elbow_then_wrist,1,0,-0.007457,0.051371,-0.295475,-0.166981,0.130849,-0.536795,0.024648,-0.119824,-0.273925,-0.121450,-0.158801,-0.533031,0.000303,0.010521,0.017348,0.102574,0.000132,0.020736,0.011162,0.144001,0.000000,0.000000,0.000000,0.539889,-1.323991,-2.942025,-0.111431,-0.010569,-1.106131,3.138099,0.228792,0.000000,0.000000,0.000000,0.000000,0.000000,0.000000
1778537949.625730,sequential_ik_elbow_then_wrist,0,0,-0.008519,0.059437,-0.293930,-0.157313,0.138018,-0.542295,0.010292,-0.125929,-0.272096,-0.169167,-0.161863,-0.509799,0.000378,0.007791,0.019249,0.088267,0.000013,0.038086,0.003172,0.195146,0.000000,0.000000,0.000000,0.522346,-1.338883,-2.989539,-0.132687,0.017065,-1.114353,3.138556,0.257133,0.000000,0.000000,0.000000,0.000000,0.000000,0.000000
1778537949.675234,sequential_ik_elbow_then_wrist,0,0,-0.009849,0.074612,-0.290407,-0.165337,0.137958,-0.539024,0.009301,-0.138058,-0.266183,-0.171634,-0.180294,-0.501723,0.000569,0.008930,0.023302,0.094499,0.000041,0.039382,0.005054,0.198448,0.000000,0.000000,0.000000,0.502756,-1.339750,-3.025650,-0.148842,0.035660,-1.111572,3.138902,0.279252,0.000000,0.000000,0.000000,0.000000,0.000000,0.000000
1778537949.746750,sequential_ik_elbow_then_wrist,1,0,-0.012212,0.120848,-0.274311,-0.160567,0.142631,-0.534151,0.026421,-0.159578,-0.252660,-0.138814,-0.197919,-0.500102,0.001506,0.010826,0.036022,0.102659,0.000170,0.029045,0.010206,0.170286,0.000000,0.000000,0.000000,0.473735,-1.308771,-3.053094,-0.120465,0.055425,-1.090817,3.139166,0.312626,0.000000,0.000000,0.000000,0.000000,0.000000,0.000000
1778537949.796329,sequential_ik_elbow_then_wrist,1,0,-0.006998,0.154788,-0.256889,-0.163835,0.178065,-0.511566,0.029279,-0.175356,-0.241646,-0.131493,-0.208773,-0.492715,0.001784,0.013708,0.039105,0.116008,0.000113,0.028020,0.007933,0.167128,0.000000,0.000000,0.000000,0.428620,-1.254671,-3.073951,-0.060908,0.074972,-1.058703,3.139366,0.360524,0.000000,0.000000,0.000000,0.000000,0.000000,0.000000
1778537949.862314,sequential_ik_elbow_then_wrist,1,0,-0.012092,0.165730,-0.249775,-0.172174,0.191371,-0.502196,0.024715,-0.192874,-0.228449,-0.141549,-0.221564,-0.476508,0.000681,0.018702,0.023954,0.136135,0.000090,0.031949,0.006355,0.178516,0.000000,0.000000,0.000000,0.376412,-1.196295,-3.089803,0.015623,0.088796,-1.017386,3.139518,0.418503,0.000000,0.000000,0.000000,0.000000,0.000000,0.000000
1778537949.917514,sequential_ik_elbow_then_wrist,0,0,-0.019208,0.186583,-0.234132,-0.179562,0.210354,-0.486563,0.017419,-0.205109,-0.218236,-0.156702,-0.231934,-0.461057,0.000300,0.022746,0.014181,0.150332,0.000085,0.036357,0.006991,0.190567,0.000000,0.000000,0.000000,0.325647,-1.130734,-3.101850,0.102867,0.093567,-0.972717,3.139634,0.477892,0.000000,0.000000,0.000000,0.000000,0.000000,0.000000
1778537949.977431,sequential_ik_elbow_then_wrist,0,0,-0.012971,0.195902,-0.226836,-0.176613,0.230561,-0.475874,0.024068,-0.211495,-0.211402,-0.150059,-0.241095,-0.453897,0.000174,0.024206,0.011295,0.155445,0.000026,0.034408,0.003417,0.185444,0.000000,0.000000,0.000000,0.275987,-1.068951,-3.111006,0.184873,0.097780,-0.929644,3.139722,0.533240,0.000000,0.000000,0.000000,0.000000,0.000000,0.000000
1778537950.045019,sequential_ik_elbow_then_wrist,0,0,-0.010459,0.197265,-0.225781,-0.172610,0.236580,-0.475103,0.024036,-0.211515,-0.211385,-0.147118,-0.249405,-0.454841,0.000060,0.024977,0.006907,0.157993,0.000001,0.033385,0.000806,0.182714,0.000000,0.000000,0.000000,0.230660,-1.018143,-3.117965,0.256622,0.101242,-0.894805,3.139788,0.575382,0.000000,0.000000,0.000000,0.000000,0.000000,0.000000
1778537950.103321,sequential_ik_elbow_then_wrist,0,0,-0.007533,0.192806,-0.229715,-0.166400,0.244451,-0.478902,0.022012,-0.208330,-0.214742,-0.149059,-0.253763,-0.456963,0.000032,0.024372,0.005000,0.156109,0.000002,0.033882,0.001142,0.184051,0.000000,0.000000,0.000000,0.190765,-0.982336,-3.123253,0.307572,0.102995,-0.870790,3.139839,0.600861,0.000000,0.000000,0.000000,0.000000,0.000000,0.000000
1778537950.174115,sequential_ik_elbow_then_wrist,0,0,-0.006995,0.185634,-0.235566,-0.166241,0.235694,-0.484834,0.024786,-0.205509,-0.217145,-0.148966,-0.254085,-0.456833,0.000021,0.025405,0.003593,0.159386,0.000004,0.034613,0.001518,0.186033,0.000000,0.000000,0.000000,0.157545,-0.961450,-3.127272,0.343822,0.105759,-0.855239,3.139878,0.615060,0.000000,0.000000,0.000000,0.000000,0.000000,0.000000
1778537950.221208,sequential_ik_elbow_then_wrist,0,0,-0.008949,0.182276,-0.238108,-0.165449,0.229981,-0.489568,0.025822,-0.205444,-0.217086,-0.152244,-0.252305,-0.453933,0.000005,0.025260,0.001517,0.158932,0.000002,0.036585,0.001072,0.191271,0.000000,0.000000,0.000000,0.131952,-0.949564,-3.130327,0.369390,0.109166,-0.843984,3.139907,0.625517,0.000000,0.000000,0.000000,0.000000,0.000000,0.000000
1778537950.282875,sequential_ik_elbow_then_wrist,0,0,-0.012907,0.177272,-0.241678,-0.169855,0.216624,-0.494302,0.026462,-0.205311,-0.217134,-0.151817,-0.253990,-0.453454,0.000012,0.026202,0.002808,0.161871,0.000001,0.036928,0.000825,0.192166,0.000000,0.000000,0.000000,0.114706,-0.945122,-3.132649,0.389824,0.112775,-0.835602,3.139929,0.632421,0.000000,0.000000,0.000000,0.000000,0.000000,0.000000
1778537950.336750,sequential_ik_elbow_then_wrist,0,0,-0.006326,0.177126,-0.242046,-0.159120,0.221276,-0.496417,0.004436,-0.206188,-0.217869,-0.174514,-0.258438,-0.452915,0.000008,0.023429,0.002577,0.153060,0.000134,0.040806,0.010288,0.201961,0.000000,0.000000,0.000000,0.099159,-0.943184,-3.134413,0.402077,0.102845,-0.830131,3.139946,0.627567,0.000000,0.000000,0.000000,0.000000,0.000000,0.000000
1778537950.393224,sequential_ik_elbow_then_wrist,0,0,-0.007951,0.180641,-0.239386,-0.159837,0.250894,-0.488375,-0.037140,-0.206490,-0.214435,-0.243564,-0.263395,-0.424556,0.000002,0.023466,0.001094,0.153008,0.000801,0.058621,0.025146,0.241861,0.000000,0.000000,0.000000,0.086739,-0.939277,-3.135754,0.393732,0.064206,-0.824118,3.139959,0.597145,0.000000,0.000000,0.000000,0.000000,0.000000,0.000000
1778537950.469239,sequential_ik_elbow_then_wrist,0,0,-0.061082,0.196580,-0.218232,-0.280723,0.294517,-0.397582,-0.074286,-0.204473,-0.206573,-0.302927,-0.265394,-0.390995,0.001000,0.058532,0.027955,0.240977,0.001112,0.065857,0.029313,0.256094,0.000000,0.000000,0.000000,0.107003,-0.916926,-3.136773,0.335823,-0.002707,-0.812698,3.139969,0.534402,0.000000,0.000000,0.000000,0.000000,0.000000,0.000000
1778537950.521461,sequential_ik_elbow_then_wrist,0,0,-0.121679,0.207769,-0.178958,-0.372704,0.320589,-0.298367,-0.143602,-0.181042,-0.191317,-0.417658,-0.241245,-0.297472,0.002181,0.057678,0.038931,0.238789,0.002795,0.080948,0.045766,0.282200,0.000000,0.000000,0.000000,0.172820,-0.864003,-3.137547,0.230252,-0.115947,-0.791983,3.139976,0.399806,0.000000,0.000000,0.000000,0.000000,0.000000,0.000000
1778537950.586287,sequential_ik_elbow_then_wrist,0,0,-0.112921,0.208153,-0.184177,-0.340311,0.403286,-0.198897,-0.160719,-0.182253,-0.175936,-0.437563,-0.289811,-0.218224,0.000180,0.032367,0.011112,0.179653,0.000882,0.043769,0.024449,0.208489,0.000000,0.000000,0.000000,0.239670,-0.817436,-3.138136,0.126992,-0.238526,-0.758744,3.139982,0.255853,0.000000,0.000000,0.000000,0.000000,0.000000,0.000000
1778537950.654399,sequential_ik_elbow_then_wrist,0,0,-0.123880,0.208747,-0.176291,-0.360131,0.361149,-0.071605,-0.142491,-0.187072,-0.186280,-0.417776,-0.298366,-0.143481,0.000106,0.075357,0.008249,0.274512,0.000010,0.055899,0.002501,0.236429,0.000000,0.000000,0.000000,0.303064,-0.774404,-3.138583,0.048514,-0.335225,-0.736535,3.139986,0.146448,0.000000,0.000000,0.000000,0.000000,0.000000,0.000000
1778537950.719708,sequential_ik_elbow_then_wrist,0,0,-0.127361,0.223308,-0.154638,-0.328115,0.352239,0.027226,-0.146639,-0.193977,-0.175698,-0.393397,-0.295870,-0.038846,0.000102,0.039864,0.006757,0.170009,0.000018,0.042800,0.002832,0.183530,0.000000,0.000000,0.000000,0.353536,-0.723827,-2.385323,0.240135,-0.409595,-0.712159,2.386390,0.292460,0.000000,0.000000,0.000000,0.000000,0.000000,0.000000
1778537950.760056,sequential_ik_elbow_then_wrist,1,0,-0.134041,0.232168,-0.134651,-0.314065,0.334579,0.082382,-0.154893,-0.204509,-0.155513,-0.379200,-0.303218,0.017526,0.000104,0.014433,0.006799,0.113248,0.000087,0.017381,0.006188,0.126415,0.000000,0.000000,0.000000,0.393586,-0.667217,-1.812846,0.482007,-0.466608,-0.676975,1.813656,0.493236,0.000000,0.000000,0.000000,0.000000,0.000000,0.000000
1778537950.829868,sequential_ik_elbow_then_wrist,1,0,-0.140500,0.233386,-0.125661,-0.321428,0.306589,0.102169,-0.158578,-0.213270,-0.139172,-0.378894,-0.299965,0.045070,0.000038,0.015132,0.004204,0.122329,0.000074,0.015983,0.005748,0.126099,0.000000,0.000000,0.000000,0.427654,-0.613879,-1.377763,0.696887,-0.508659,-0.634846,1.378379,0.667544,0.000000,0.000000,0.000000,0.000000,0.000000,0.000000
1778537950.892889,sequential_ik_elbow_then_wrist,1,0,-0.141615,0.233745,-0.123727,-0.325786,0.291030,0.106055,-0.151570,-0.222426,-0.132488,-0.372321,-0.300197,0.055184,0.000005,0.017424,0.001547,0.131914,0.000043,0.018468,0.004682,0.135877,0.000000,0.000000,0.000000,0.455108,-0.569666,-1.047100,0.871597,-0.533319,-0.594698,1.047568,0.805359,0.000000,0.000000,0.000000,0.000000,0.000000,0.000000
1778537950.946486,sequential_ik_elbow_then_wrist,1,0,-0.140212,0.234278,-0.124316,-0.327788,0.288179,0.103522,-0.154741,-0.223206,-0.127413,-0.375743,-0.290206,0.064078,0.000000,0.018637,0.000272,0.136515,0.000009,0.021572,0.002029,0.146866,0.000000,0.000000,0.000000,0.475506,-0.535622,-0.795796,1.006929,-0.551178,-0.558833,0.796152,0.913428,0.000000,0.000000,0.000000,0.000000,0.000000,0.000000
1778537951.002998,sequential_ik_elbow_then_wrist,1,0,-0.140061,0.234664,-0.123757,-0.329622,0.284144,0.103439,-0.163435,-0.221636,-0.119023,-0.382016,-0.279526,0.078135,0.000000,0.019914,0.000238,0.141115,0.000023,0.022211,0.003369,0.149033,0.000000,0.000000,0.000000,0.490668,-0.509269,-0.604805,1.111530,-0.569485,-0.524680,0.605075,0.997016,0.000000,0.000000,0.000000,0.000000,0.000000,0.000000
1778537951.071338,sequential_ik_elbow_then_wrist,1,0,-0.150968,0.230559,-0.118538,-0.327612,0.264253,0.121589,-0.171227,-0.223736,-0.103070,-0.383447,-0.269079,0.104069,0.000023,0.018823,0.003499,0.137113,0.000054,0.021762,0.004938,0.147517,0.000000,0.000000,0.000000,0.509236,-0.485625,-0.459652,1.202523,-0.587894,-0.486548,0.459857,1.062394,0.000000,0.000000,0.000000,0.000000,0.000000,0.000000
1778537951.126822,sequential_ik_elbow_then_wrist,1,0,-0.156947,0.238259,-0.092738,-0.326886,0.253217,0.154036,-0.172734,-0.240990,-0.045678,-0.341729,-0.260823,0.201400,0.000102,0.018906,0.006718,0.137493,0.000491,0.015460,0.014765,0.124191,0.000000,0.000000,0.000000,0.525892,-0.449803,-0.349335,1.274288,-0.597472,-0.418191,0.349491,1.126631,0.000000,0.000000,0.000000,0.000000,0.000000,0.000000
1778537951.195219,sequential_ik_elbow_then_wrist,1,0,-0.161006,0.251597,-0.027859,-0.322005,0.242019,0.225098,-0.176697,-0.240771,0.028419,-0.329480,-0.208542,0.284580,0.000634,0.019981,0.016780,0.141244,0.000941,0.020627,0.020474,0.143618,0.000000,0.000000,0.000000,0.536836,-0.377585,-0.265495,1.315425,-0.605729,-0.311436,0.265613,1.173666,0.000000,0.000000,0.000000,0.000000,0.000000,0.000000
1778537951.254541,sequential_ik_elbow_then_wrist,1,0,-0.162872,0.248753,0.039931,-0.300985,0.199913,0.301732,-0.186271,-0.222792,0.075278,-0.328306,-0.129188,0.322390,0.000853,0.020754,0.019488,0.143995,0.000595,0.031612,0.016276,0.177798,0.000000,0.000000,0.000000,0.546668,-0.270511,-0.201776,1.336008,-0.623724,-0.188317,0.201866,1.208846,0.000000,0.000000,0.000000,0.000000,0.000000,0.000000
1778537951.314567,sequential_ik_elbow_then_wrist,0,0,-0.178336,0.230080,0.072524,-0.331593,0.144829,0.315925,-0.166683,-0.203334,0.144471,-0.275732,-0.048837,0.377364,0.000400,0.034341,0.013371,0.185130,0.000968,0.035114,0.020774,0.187348,0.000000,0.000000,0.000000,0.568970,-0.156634,-0.153350,1.331834,-0.638411,-0.039152,0.153418,1.244625,0.000000,0.000000,0.000000,0.000000,0.000000,0.000000
1778537951.373922,sequential_ik_elbow_then_wrist,1,0,-0.149041,0.228998,0.123881,-0.168776,0.089003,0.388479,-0.028948,-0.214982,0.207231,0.142122,-0.070500,0.406882,0.000568,0.008796,0.015965,0.091660,0.004690,0.025864,0.054121,0.159169,0.000000,0.000000,0.000000,0.575034,-0.029069,-0.116546,1.376303,-0.572504,0.139034,0.116598,1.327044,0.000000,0.000000,0.000000,0.000000,0.000000,0.000000
1778537951.428678,sequential_ik_elbow_then_wrist,1,0,-0.132680,0.214711,0.162159,-0.173199,0.056613,0.413880,-0.059398,-0.195501,0.219662,0.046720,-0.028521,0.445176,0.000429,0.013544,0.013898,0.116320,0.000207,0.002984,0.010475,0.054027,0.000000,0.000000,0.000000,0.573046,0.104180,-0.088575,1.401133,-0.513696,0.296422,0.088614,1.370362,0.000000,0.000000,0.000000,0.000000,0.000000,0.000000
1778537951.483767,sequential_ik_elbow_then_wrist,1,0,-0.124413,0.174801,0.209681,-0.108233,0.015836,0.463587,-0.043211,-0.172686,0.241480,0.128775,-0.024093,0.437288,0.000687,0.006668,0.017693,0.081228,0.000292,0.017282,0.012617,0.131380,0.000000,0.000000,0.000000,0.578722,0.251292,-0.067317,1.399886,-0.460217,0.442213,0.067347,1.392258,0.000000,0.000000,0.000000,0.000000,0.000000,0.000000
1778537951.572542,sequential_ik_elbow_then_wrist,1,0,-0.110996,0.131600,0.245686,-0.079337,-0.028269,0.497559,-0.048977,-0.140012,0.260764,0.139149,-0.005085,0.451560,0.000751,0.006859,0.019425,0.081616,0.000262,0.018765,0.011203,0.136642,0.000000,0.000000,0.000000,0.594099,0.408124,-0.051161,1.365155,-0.423360,0.580760,0.051184,1.385645,0.000000,0.000000,0.000000,0.000000,0.000000,0.000000
1778537951.609443,sequential_ik_elbow_then_wrist,1,0,-0.099308,0.094648,0.266795,-0.065009,-0.069860,0.515312,-0.060209,-0.118381,0.269000,0.081251,0.040029,0.480884,0.000670,0.009294,0.020446,0.095419,0.000362,0.004093,0.016902,0.063205,0.000000,0.000000,0.000000,0.618365,0.563271,-0.038882,1.305737,-0.406350,0.703842,0.038900,1.356855,0.000000,0.000000,0.000000,0.000000,0.000000,0.000000
1778537951.671756,sequential_ik_elbow_then_wrist,1,0,-0.043572,0.041598,0.293890,0.032887,-0.140777,0.519486,-0.026122,-0.105534,0.279607,0.173549,0.016046,0.467623,0.001100,0.004665,0.022593,0.067781,0.000218,0.026487,0.011994,0.162590,0.000000,0.000000,0.000000,0.639609,0.739394,-0.029550,1.240448,-0.388013,0.817340,0.029564,1.317797,0.000000,0.000000,0.000000,0.000000,0.000000,0.000000
1778537951.732495,sequential_ik_elbow_then_wrist,1,0,-0.036249,0.026060,0.296660,0.030647,-0.160848,0.521583,-0.018424,-0.065904,0.292091,0.165255,0.066898,0.488625,0.000279,0.007094,0.013427,0.083411,0.000300,0.019006,0.011823,0.137391,0.000000,0.000000,0.000000,0.658435,0.896978,-0.022458,1.162766,-0.372664,0.933979,0.022468,1.260770,0.000000,0.000000,0.000000,0.000000,0.000000,0.000000
1778537951.790743,sequential_ik_elbow_then_wrist,1,0,-0.049405,0.022381,0.295056,-0.002626,-0.159975,0.528633,-0.024677,-0.019855,0.298323,0.126406,0.133310,0.507402,0.000468,0.012342,0.021541,0.110678,0.000615,0.005934,0.020628,0.075889,0.000000,0.000000,0.000000,0.677382,1.018243,-0.017068,1.080668,-0.364709,1.055464,0.017076,1.185724,0.000000,0.000000,0.000000,0.000000,0.000000,0.000000
1778537951.860663,sequential_ik_elbow_then_wrist,1,0,-0.041550,-0.002162,0.297101,0.005569,-0.187683,0.528103,-0.045466,-0.016435,0.296079,0.090600,0.162373,0.494860,0.001072,0.015854,0.032114,0.125802,0.001363,0.000790,0.036799,0.028114,0.000000,0.000000,0.000000,0.696881,1.124912,-0.012972,1.005644,-0.364058,1.152527,0.012978,1.128240,0.000000,0.000000,0.000000,0.000000,0.000000,0.000000
1778537951.916572,sequential_ik_elbow_then_wrist,1,0,-0.033792,-0.019436,0.297457,0.012359,-0.200283,0.532327,-0.043201,-0.021881,0.296066,0.090228,0.164761,0.489357,0.001494,0.017418,0.038187,0.131775,0.001029,0.000559,0.032013,0.023512,0.000000,0.000000,0.000000,0.714976,1.220025,-0.009859,0.931063,-0.368211,1.224326,0.009863,1.090515,0.000000,0.000000,0.000000,0.000000,0.000000,0.000000
1778537951.976552,sequential_ik_elbow_then_wrist,1,0,-0.034415,-0.011847,0.297784,0.012119,-0.181699,0.540652,-0.041538,-0.041674,0.294173,0.093993,0.136420,0.493959,0.001079,0.014503,0.032833,0.120288,0.000536,0.001223,0.022562,0.034948,0.000000,0.000000,0.000000,0.730813,1.291732,-0.007493,0.860355,-0.375586,1.267113,0.007496,1.065008,0.000000,0.000000,0.000000,0.000000,0.000000,0.000000
1778537952.041416,sequential_ik_elbow_then_wrist,1,0,-0.034301,-0.003999,0.298006,0.040728,-0.166495,0.538766,0.006276,-0.050930,0.295579,0.162894,0.114184,0.491047,0.000735,0.008106,0.027058,0.089988,0.000616,0.012065,0.024688,0.109839,0.000000,0.000000,0.000000,0.744931,1.342555,-0.005694,0.813606,-0.376247,1.302893,0.005697,1.045547,0.000000,0.000000,0.000000,0.000000,0.000000,0.000000
1778537952.097386,sequential_ik_elbow_then_wrist,0,0,-0.008801,0.015726,0.299458,0.119454,-0.148721,0.515115,0.021753,-0.084587,0.287005,0.220006,-0.002893,0.496818,0.000025,0.000722,0.004985,0.023816,0.002428,0.047163,0.048508,0.216813,0.000000,0.000000,0.000000,0.755277,1.382939,-0.004328,0.807955,-0.364547,1.313198,0.004330,1.000887,0.000000,0.000000,0.000000,0.000000,0.000000,0.000000
1778537952.156313,sequential_ik_elbow_then_wrist,0,0,0.077506,0.039081,0.287168,0.241647,-0.014882,0.532415,0.028916,-0.107708,0.278501,0.244380,-0.106522,0.487244,0.007158,0.025930,0.083777,0.160078,0.003182,0.079138,0.055215,0.280519,0.000000,0.000000,0.000000,0.764774,1.441881,-0.003289,0.761752,-0.336031,1.301518,0.003291,0.916222,0.000000,0.000000,0.000000,0.000000,0.000000,0.000000
1778537952.217032,sequential_ik_elbow_then_wrist,0,0,0.109545,0.091824,0.263758,0.292968,0.086223,0.501086,0.016898,-0.119834,0.274508,0.307838,-0.183099,0.311267,0.021317,0.070569,0.145938,0.265602,0.001541,0.186165,0.037982,0.431283,0.000000,0.000000,0.000000,0.782461,1.488343,-0.002500,0.714569,-0.296870,1.276454,0.002501,0.821533,0.000000,0.000000,0.000000,0.000000,0.000000,0.000000
1778537952.277767,sequential_ik_elbow_then_wrist,0,0,0.056944,0.166568,0.242925,0.075958,0.319195,0.500497,-0.115422,-0.151059,0.232076,-0.289061,-0.202019,0.471350,0.028358,0.089262,0.166254,0.292311,0.004531,0.045280,0.061363,0.210409,0.000000,0.000000,0.000000,0.777850,1.461937,-0.001900,0.530448,-0.309631,1.206417,0.001901,0.673350,0.000000,0.000000,0.000000,0.000000,0.000000,0.000000
1778537952.341742,sequential_ik_elbow_then_wrist,0,0,0.004920,0.226927,0.196163,-0.066098,0.436890,0.398331,-0.025234,-0.219959,0.202438,-0.139746,-0.448520,0.359430,0.017667,0.024424,0.123079,0.155585,0.001420,0.003875,0.030625,0.048917,0.000000,0.000000,0.000000,0.705172,1.343269,-0.001444,0.355141,-0.290129,1.109323,0.001444,0.468346,0.000000,0.000000,0.000000,0.000000,0.000000,0.000000
1778537952.392241,sequential_ik_elbow_then_wrist,1,0,-0.016009,0.270779,0.128151,-0.113386,0.495508,0.301398,0.039091,-0.241296,0.173919,0.088416,-0.504178,0.309788,0.005447,0.000268,0.056795,0.013888,0.002351,0.007533,0.040425,0.086769,0.000000,0.000000,0.000000,0.586480,1.159453,-0.001097,0.242767,-0.219231,1.004189,0.001098,0.307943,0.000000,0.000000,0.000000,0.000000,0.000000,0.000000
1778537952.452008,sequential_ik_elbow_then_wrist,1,0,-0.026794,0.292845,0.059361,-0.124409,0.540308,0.198047,0.035200,-0.273355,0.118483,-0.011157,-0.543216,0.241064,0.001697,0.004052,0.027853,0.061172,0.000934,0.003793,0.021156,0.061088,0.000000,0.000000,0.000000,0.475091,0.950068,-0.000834,0.199617,-0.144932,0.875435,0.000834,0.204817,0.000000,0.000000,0.000000,0.000000,0.000000,0.000000
1778537952.522133,sequential_ik_elbow_then_wrist,1,0,-0.028289,0.295505,0.043317,-0.130619,0.545432,0.173951,0.037677,-0.285469,0.084189,-0.013766,-0.558489,0.197388,0.000223,0.006109,0.009956,0.076748,0.000377,0.006945,0.012996,0.082489,0.000000,0.000000,0.000000,0.385522,0.764644,-0.000634,0.202339,-0.081254,0.743697,0.000634,0.154849,0.000000,0.000000,0.000000,0.000000,0.000000,0.000000
1778537952.583555,sequential_ik_elbow_then_wrist,1,0,-0.027774,0.295389,0.044427,-0.137780,0.541773,0.175552,0.040097,-0.285874,0.081659,0.006451,-0.563094,0.191281,0.000010,0.007576,0.002060,0.086698,0.000032,0.004939,0.003762,0.069945,0.000000,0.000000,0.000000,0.315958,0.618386,-0.000482,0.222873,-0.029471,0.634166,0.000482,0.133351,0.000000,0.000000,0.000000,0.000000,0.000000,0.000000
1778537952.639661,sequential_ik_elbow_then_wrist,1,0,-0.031799,0.290552,0.067591,-0.140934,0.531269,0.209524,0.046036,-0.284194,0.084346,0.010588,-0.558400,0.200771,0.000057,0.007182,0.005034,0.084712,0.000007,0.005792,0.001921,0.075955,0.000000,0.000000,0.000000,0.265513,0.520559,-0.000366,0.244444,0.014548,0.550497,0.000366,0.128372,0.000000,0.000000,0.000000,0.000000,0.000000,0.000000
1778537952.700635,sequential_ik_elbow_then_wrist,1,0,-0.040354,0.288163,0.073032,-0.139806,0.511650,0.246706,0.037539,-0.276715,0.109635,0.017543,-0.543888,0.244611,0.000025,0.005305,0.003397,0.072476,0.000088,0.003457,0.006249,0.058746,0.000000,0.000000,0.000000,0.233207,0.452718,-0.000278,0.278228,0.044654,0.503301,0.000278,0.130156,0.000000,0.000000,0.000000,0.000000,0.000000,0.000000
1778537952.753188,sequential_ik_elbow_then_wrist,1,0,-0.033721,0.244083,0.171133,-0.127780,0.453738,0.364000,-0.006795,-0.269268,0.132093,-0.057597,-0.530114,0.271299,0.001460,0.004401,0.025560,0.065858,0.000416,0.004929,0.014705,0.070085,0.000000,0.000000,0.000000,0.209687,0.469307,-0.000211,0.284715,0.039463,0.486540,0.000212,0.121583,0.000000,0.000000,0.000000,0.000000,0.000000,0.000000
1778537952.813832,sequential_ik_elbow_then_wrist,1,0,-0.029717,0.188418,0.231550,-0.022192,0.370296,0.470011,-0.044165,-0.238902,0.175998,-0.117912,-0.463017,0.361292,0.001392,0.001120,0.024977,0.032660,0.000885,0.004396,0.021883,0.066225,0.000000,0.000000,0.000000,0.194469,0.548365,-0.000161,0.272073,0.003447,0.510046,0.000161,0.122766,0.000000,0.000000,0.000000,0.000000,0.000000,0.000000
1778537952.875710,sequential_ik_elbow_then_wrist,0,0,0.112112,0.107889,0.256498,0.385678,0.083957,0.377282,0.089262,-0.160557,0.237179,0.376195,-0.214471,0.306189,0.010726,0.169071,0.095191,0.410995,0.005574,0.144323,0.062671,0.379738,0.000000,0.000000,0.000000,0.107543,0.670971,-0.000122,0.292282,0.046647,0.595012,0.000122,0.097231,0.000000,0.000000,0.000000,0.000000,0.000000,0.000000
1778537952.944401,sequential_ik_elbow_then_wrist,0,0,0.122146,0.030711,0.272282,0.404713,-0.066686,0.298158,0.087515,-0.130388,0.255618,0.302200,0.073524,0.303889,0.011866,0.243580,0.105038,0.493531,0.002133,0.167920,0.041553,0.403446,0.000000,0.000000,0.000000,-0.007630,0.813007,-0.000093,0.314013,0.115355,0.692073,0.000093,0.250076,0.000000,0.000000,0.000000,0.000000,0.000000,0.000000
1778537953.014033,sequential_ik_elbow_then_wrist,0,0,0.099864,-0.000601,0.282890,0.375533,-0.117085,0.303816,0.090087,-0.120517,0.259538,0.264113,0.123776,0.265502,0.008420,0.235807,0.090351,0.485543,0.001103,0.131289,0.031333,0.356559,0.000000,0.000000,0.000000,-0.120548,0.949781,-0.000071,0.312826,0.191701,0.776647,0.000071,0.520926,0.000000,0.000000,0.000000,0.000000,0.000000,0.000000
1778537953.070481,sequential_ik_elbow_then_wrist,0,0,0.074175,-0.014520,0.290323,0.313805,-0.165546,0.389157,0.053695,-0.101043,0.277321,0.291032,0.063489,0.358566,0.005302,0.168737,0.072195,0.410776,0.000220,0.125536,0.010475,0.353970,0.000000,0.000000,0.000000,-0.218296,1.073164,-0.000054,0.310326,0.252752,0.865971,0.000054,0.689491,0.000000,0.000000,0.000000,0.000000,0.000000,0.000000
1778537953.118361,sequential_ik_elbow_then_wrist,0,0,0.024991,-0.035597,0.296830,0.230272,-0.195548,0.446080,0.019373,-0.059502,0.293401,0.206083,0.091761,0.473008,0.001876,0.110241,0.041354,0.332023,0.000542,0.065656,0.016434,0.253599,0.000000,0.000000,0.000000,-0.293719,1.197784,-0.000041,0.305163,0.296158,0.973309,0.000041,0.729617,0.000000,0.000000,0.000000,0.000000,0.000000,0.000000
1778537953.186801,sequential_ik_elbow_then_wrist,0,0,0.023179,-0.039540,0.296478,0.204140,-0.204105,0.470178,0.005211,-0.024283,0.298970,0.183861,0.128589,0.485289,0.001626,0.092187,0.040100,0.303616,0.000362,0.059613,0.013275,0.243143,0.000000,0.000000,0.000000,-0.348627,1.302496,-0.000031,0.296164,0.328017,1.087564,0.000031,0.706755,0.000000,0.000000,0.000000,0.000000,0.000000,0.000000
1778537953.236521,sequential_ik_elbow_then_wrist,0,0,0.025900,-0.042449,0.295850,0.186238,-0.186176,0.504739,0.008669,-0.027718,0.298591,0.176058,0.149419,0.473529,0.001886,0.072069,0.043376,0.268358,0.000020,0.059648,0.003980,0.244215,0.000000,0.000000,0.000000,-0.386454,1.385523,-0.000024,0.271879,0.351742,1.179064,0.000024,0.683081,0.000000,0.000000,0.000000,0.000000,0.000000,0.000000
1778537953.294952,sequential_ik_elbow_then_wrist,0,0,0.021617,-0.039954,0.296541,0.189866,-0.163197,0.512188,0.008848,-0.025672,0.298769,0.185945,0.152593,0.462654,0.001444,0.067105,0.037968,0.258884,0.000008,0.066750,0.002665,0.258359,0.000000,0.000000,0.000000,-0.411399,1.449725,-0.000018,0.231401,0.369468,1.250778,0.000018,0.663177,0.000000,0.000000,0.000000,0.000000,0.000000,0.000000
1778537953.364802,sequential_ik_elbow_then_wrist,0,0,0.029908,-0.039862,0.295832,0.214580,-0.157094,0.501143,-0.000442,-0.034191,0.298045,0.188602,0.144830,0.447087,0.002020,0.078435,0.044898,0.280013,0.000206,0.069898,0.014317,0.264378,0.000000,0.000000,0.000000,-0.426045,1.496803,-0.000014,0.188114,0.381181,1.303281,0.000014,0.651705,0.000000,0.000000,0.000000,0.000000,0.000000,0.000000
1778537953.421379,sequential_ik_elbow_then_wrist,0,0,0.045580,-0.039914,0.293819,0.256892,-0.180954,0.453365,-0.008390,-0.039106,0.297322,0.207945,0.120156,0.430868,0.003458,0.116696,0.058748,0.341563,0.000539,0.080758,0.023165,0.284148,0.000000,0.000000,0.000000,-0.432547,1.528511,-0.000010,0.168648,0.387041,1.341763,0.000010,0.632787,0.000000,0.000000,0.000000,0.000000,0.000000,0.000000
1778537953.486045,sequential_ik_elbow_then_wrist,0,0,0.049394,-0.038401,0.293403,0.256482,-0.193805,0.444943,-0.018028,-0.039077,0.296897,0.201187,0.121450,0.424081,0.003764,0.120469,0.061325,0.346930,0.000998,0.078919,0.031544,0.280925,0.000000,0.000000,0.000000,-0.433557,1.550422,-0.000008,0.178861,0.387466,1.372731,0.000008,0.619834,0.000000,0.000000,0.000000,0.000000,0.000000,0.000000
1778537953.556911,sequential_ik_elbow_then_wrist,0,0,0.046121,-0.033160,0.294573,0.267288,-0.201215,0.407898,-0.018876,-0.043015,0.296299,0.199259,0.114379,0.429131,0.003131,0.138306,0.055930,0.371685,0.001109,0.075003,0.033239,0.273867,0.000000,0.000000,0.000000,-0.431353,1.564926,-0.000006,0.216600,0.383414,1.394223,0.000006,0.610300,0.000000,0.000000,0.000000,0.000000,0.000000,0.000000
1778537953.606499,sequential_ik_elbow_then_wrist,0,0,0.044013,-0.007802,0.296651,0.262204,-0.181351,0.407435,-0.028462,-0.090645,0.284558,0.174336,0.087660,0.415250,0.001951,0.129665,0.043770,0.359948,0.003387,0.059181,0.056754,0.242679,0.000000,0.000000,0.000000,-0.429596,1.561764,-0.000005,0.269621,0.367376,1.382513,0.000005,0.643793,0.000000,0.000000,0.000000,0.000000,0.000000,0.000000
1778537953.672017,sequential_ik_elbow_then_wrist,0,0,0.035109,0.044802,0.294551,0.217445,-0.143855,0.440022,-0.024770,-0.118052,0.274682,0.168317,0.064036,0.414544,0.000471,0.085049,0.017495,0.291309,0.002990,0.047649,0.052834,0.217324,0.000000,0.000000,0.000000,-0.429966,1.528545,-0.000003,0.342847,0.334982,1.346474,0.000003,0.718361,0.000000,0.000000,0.000000,0.000000,0.000000,0.000000
1778537953.719435,sequential_ik_elbow_then_wrist,0,0,-0.004846,0.098419,0.283355,0.130014,-0.103456,0.459592,-0.015140,-0.148558,0.260195,0.178598,0.029996,0.403666,0.002002,0.034328,0.042819,0.183978,0.001718,0.045132,0.038430,0.211559,0.000000,0.000000,0.000000,-0.418282,1.474549,-0.000003,0.451118,0.289045,1.288502,0.000003,0.821489,0.000000,0.000000,0.000000,0.000000,0.000000,0.000000
1778537953.788536,sequential_ik_elbow_then_wrist,0,0,-0.075787,0.171667,0.234066,-0.023831,-0.014923,0.463162,0.001346,-0.195563,0.227493,0.184679,-0.034964,0.402412,0.012337,0.004072,0.106288,0.057884,0.000904,0.041226,0.022888,0.202699,0.000000,0.000000,0.000000,-0.353389,1.380096,-0.000002,0.597845,0.240199,1.199781,0.000002,0.928172,0.000000,0.000000,0.000000,0.000000,0.000000,0.000000
1778537953.843294,sequential_ik_elbow_then_wrist,0,0,-0.169262,0.244015,0.042512,-0.243646,0.081264,0.283301,-0.055814,-0.258404,0.141817,0.065204,-0.091676,0.359891,0.018959,0.056849,0.109878,0.234385,0.003174,0.009800,0.042281,0.094436,0.000000,0.000000,0.000000,-0.183844,1.149549,-0.000002,0.814312,0.157861,1.055280,0.000002,1.080537,0.000000,0.000000,0.000000,0.000000,0.000000,0.000000
1778537953.923033,sequential_ik_elbow_then_wrist,0,0,-0.169186,0.237095,-0.071848,-0.324274,0.147249,0.168725,-0.212763,-0.211471,0.003473,-0.349162,-0.051642,0.217600,0.005526,0.050765,0.050710,0.225053,0.009304,0.080979,0.069462,0.284433,0.000000,0.000000,0.000000,-0.006581,0.853206,-0.000001,1.004696,-0.027081,0.841408,0.000001,1.217458,0.000000,0.000000,0.000000,0.000000,0.000000,0.000000
1778537953.965274,sequential_ik_elbow_then_wrist,0,0,-0.154019,0.175563,-0.188296,-0.310991,0.136478,0.064354,-0.195303,-0.203002,-0.103183,-0.399176,-0.101747,0.092223,0.004096,0.033011,0.043648,0.180442,0.003110,0.070724,0.037614,0.265805,0.000000,0.000000,0.000000,0.154298,0.518737,-0.000001,1.200388,-0.195141,0.583969,0.000001,1.301152,0.000000,0.000000,0.000000,0.000000,0.000000,0.000000
1778537954.022653,sequential_ik_elbow_then_wrist,0,0,-0.138963,0.142728,-0.224317,-0.309966,0.138486,0.022138,-0.175000,-0.182048,-0.161968,-0.432954,-0.136721,-0.015663,0.001124,0.022549,0.023195,0.149829,0.001246,0.064390,0.023632,0.253059,0.000000,0.000000,0.000000,0.290581,0.208158,-0.000001,1.373101,-0.329178,0.325688,0.000001,1.319802,0.000000,0.000000,0.000000,0.000000,0.000000,0.000000
1778537954.081722,sequential_ik_elbow_then_wrist,0,0,-0.145182,0.107649,-0.239445,-0.349430,0.120928,-0.020113,-0.165902,-0.162884,-0.189593,-0.443443,-0.139209,-0.078192,0.000765,0.024307,0.023092,0.155832,0.000412,0.058339,0.013675,0.241191,0.000000,0.000000,0.000000,0.417075,-0.056303,-0.000001,1.492698,-0.437161,0.093880,0.000001,1.303086,0.000000,0.000000,0.000000,0.000000,0.000000,0.000000
1778537954.150043,sequential_ik_elbow_then_wrist,0,0,-0.134511,0.086538,-0.253807,-0.346012,0.127172,-0.044962,-0.142732,-0.162616,-0.207806,-0.429424,-0.163546,-0.119450,0.000518,0.015152,0.019687,0.123052,0.000208,0.050688,0.010189,0.225038,0.000000,0.000000,0.000000,0.529612,-0.279251,-0.000000,1.575870,-0.511242,-0.105483,0.000000,1.274122,0.000000,0.000000,0.000000,0.000000,0.000000,0.000000
1778537954.209568,sequential_ik_elbow_then_wrist,0,0,-0.120892,0.084698,-0.261173,-0.332864,0.153080,-0.060196,-0.121600,-0.170610,-0.214723,-0.403069,-0.182857,-0.111643,0.000114,0.007178,0.008797,0.084695,0.000238,0.048116,0.013003,0.219248,0.000000,0.000000,0.000000,0.620920,-0.461981,-0.000000,1.633760,-0.551305,-0.268552,0.000000,1.268487,0.000000,0.000000,0.000000,0.000000,0.000000,0.000000
1778537954.268799,sequential_ik_elbow_then_wrist,0,0,-0.115343,0.088806,-0.262315,-0.340349,0.188374,-0.090680,-0.074472,-0.185340,-0.223837,-0.353560,-0.233989,-0.125129,0.000006,0.003800,0.001681,0.060772,0.001133,0.043987,0.029830,0.209664,0.000000,0.000000,0.000000,0.690656,-0.605214,-0.000000,1.652961,-0.546376,-0.404781,0.000000,1.277056,0.000000,0.000000,0.000000,0.000000,0.000000,0.000000
1778537954.332750,sequential_ik_elbow_then_wrist,1,0,-0.129787,0.107116,-0.248358,-0.356376,0.248485,-0.111712,0.056991,-0.213330,-0.203082,-0.060145,-0.440423,-0.045893,0.000086,0.001348,0.006607,0.031512,0.008917,0.000240,0.085417,0.010946,0.000000,0.000000,0.000000,0.740966,-0.698641,-0.000000,1.622358,-0.446071,-0.504485,0.000000,1.309898,0.000000,0.000000,0.000000,0.000000,0.000000,0.000000
1778537954.394184,sequential_ik_elbow_then_wrist,1,0,-0.132909,0.140392,-0.229402,-0.329229,0.338157,-0.118284,0.029137,-0.234621,-0.184673,-0.122280,-0.478210,-0.096713,0.000436,0.001582,0.017558,0.035260,0.001097,0.019599,0.027298,0.137818,0.000000,0.000000,0.000000,0.764048,-0.747185,-0.000000,1.554951,-0.334571,-0.552325,0.000000,1.275806,0.000000,0.000000,0.000000,0.000000,0.000000,0.000000
1778537954.446373,sequential_ik_elbow_then_wrist,0,0,-0.074585,0.202235,-0.208658,-0.255717,0.434835,-0.153082,0.029644,-0.239984,-0.177564,-0.098155,-0.510908,-0.193923,0.003401,0.001930,0.052298,0.037017,0.000188,0.063004,0.010874,0.222605,0.000000,0.000000,0.000000,0.722757,-0.764704,-0.000000,1.446932,-0.234400,-0.575814,0.753600,0.971551,0.000000,0.000000,0.000000,0.000000,0.000000,0.000000
1778537954.505821,sequential_ik_elbow_then_wrist,1,0,-0.026115,0.228044,-0.193168,-0.193555,0.476883,-0.199764,0.040481,-0.242382,-0.172082,-0.094317,-0.503356,-0.233090,0.003208,0.045987,0.049414,0.171623,0.000100,0.031537,0.007967,0.176363,0.000000,0.000000,0.000000,0.627416,-0.759999,-0.753600,1.056244,-0.145731,-0.586488,1.326336,0.690379,0.000000,0.000000,0.000000,0.000000,0.000000,0.000000
1778537954.569363,sequential_ik_elbow_then_wrist,0,0,-0.024854,0.228519,-0.192773,-0.198017,0.466773,-0.249778,0.011075,-0.235616,-0.185371,-0.163143,-0.466744,-0.264289,0.000621,0.019098,0.021234,0.138181,0.000116,0.045797,0.008596,0.214003,0.000000,0.000000,0.000000,0.524701,-0.748470,-1.326336,0.754746,-0.091320,-0.603183,1.761615,0.476688,0.000000,0.000000,0.000000,0.000000,0.000000,0.000000
1778537954.635309,sequential_ik_elbow_then_wrist,0,0,-0.019758,0.197969,-0.224540,-0.189343,0.416473,-0.340714,-0.004818,-0.221421,-0.202360,-0.185582,-0.437127,-0.306259,0.000312,0.018565,0.013323,0.136253,0.000204,0.042546,0.011217,0.206267,0.000000,0.000000,0.000000,0.434337,-0.764639,-1.761615,0.525607,-0.064168,-0.631634,2.092428,0.314283,0.000000,0.000000,0.000000,0.000000,0.000000,0.000000
1778537954.691295,sequential_ik_elbow_then_wrist,0,0,-0.007458,0.178809,-0.240773,-0.169728,0.374991,-0.399459,0.002412,-0.203819,-0.220118,-0.196659,-0.388752,-0.347280,0.000279,0.018718,0.013234,0.136812,0.000112,0.047629,0.007076,0.218223,0.000000,0.000000,0.000000,0.354333,-0.798580,-2.092428,0.351461,-0.044787,-0.672145,2.343845,0.197726,0.000000,0.000000,0.000000,0.000000,0.000000,0.000000
1778537954.770620,sequential_ik_elbow_then_wrist,1,0,-0.009296,0.164459,-0.250732,-0.148342,0.341041,-0.449441,0.025963,-0.175510,-0.241914,-0.118184,-0.361491,-0.428013,0.000098,0.015063,0.007274,0.122640,0.000403,0.023177,0.015957,0.152001,0.000000,0.000000,0.000000,0.289377,-0.839869,-2.343845,0.230606,-0.016246,-0.728731,2.534922,0.129556,0.000000,0.000000,0.000000,0.000000,0.000000,0.000000
1778537954.818201,sequential_ik_elbow_then_wrist,1,0,-0.014072,0.140940,-0.264458,-0.158872,0.313774,-0.462350,0.030943,-0.172200,-0.243700,-0.111081,-0.360164,-0.429439,0.000128,0.018032,0.007608,0.134219,0.000149,0.025610,0.010954,0.160027,0.000000,0.000000,0.000000,0.241205,-0.891326,-2.534922,0.128886,0.015762,-0.779419,2.680141,0.075573,0.000000,0.000000,0.000000,0.000000,0.000000,0.000000
1778537954.878789,sequential_ik_elbow_then_wrist,1,0,-0.013768,0.145021,-0.262258,-0.150517,0.330485,-0.454359,0.028789,-0.172849,-0.243504,-0.108501,-0.368247,-0.425085,0.000001,0.015675,0.000889,0.125197,0.000029,0.027212,0.004982,0.164930,0.000000,0.000000,0.000000,0.205037,-0.932192,-2.680141,0.049954,0.044795,-0.819307,2.790507,0.027092,0.000000,0.000000,0.000000,0.000000,0.000000,0.000000
1778537954.934128,sequential_ik_elbow_then_wrist,0,0,-0.007815,0.145513,-0.262230,-0.157641,0.367701,-0.397082,0.008334,-0.178256,-0.241155,-0.198123,-0.355369,-0.367670,0.000015,0.026546,0.003731,0.162931,0.000103,0.064154,0.009412,0.253180,0.000000,0.000000,0.000000,0.174846,-0.963651,-2.790507,-0.010035,0.057869,-0.847608,2.874385,-0.027410,0.000000,0.000000,0.000000,0.000000,0.000000,0.000000
1778537954.983402,sequential_ik_elbow_then_wrist,0,0,-0.031504,0.181477,-0.236798,-0.197072,0.413899,-0.329360,-0.024588,-0.210094,-0.212735,-0.247798,-0.386326,-0.308231,0.000367,0.037045,0.014672,0.192470,0.000869,0.070903,0.025097,0.266276,0.000000,0.000000,0.000000,0.160914,-0.959367,-2.874385,-0.055627,0.041855,-0.842560,2.938133,-0.068832,0.000000,0.000000,0.000000,0.000000,0.000000,0.000000
1778537955.050653,sequential_ik_elbow_then_wrist,0,0,-0.049533,0.244946,-0.165976,-0.195136,0.501919,-0.218553,-0.031490,-0.261034,-0.144463,-0.236204,-0.468371,-0.215899,0.001479,0.023308,0.026315,0.152671,0.001285,0.044512,0.024795,0.210979,0.000000,0.000000,0.000000,0.162180,-0.889862,-2.938133,-0.090276,0.012441,-0.779041,2.986581,-0.100312,0.000000,0.000000,0.000000,0.000000,0.000000,0.000000
1778537955.110938,sequential_ik_elbow_then_wrist,0,0,-0.042680,0.290940,-0.059433,-0.195711,0.548959,-0.056685,-0.041715,-0.289190,-0.068037,-0.235244,-0.518415,-0.066448,0.002381,0.016927,0.032779,0.130104,0.001350,0.033126,0.024656,0.182006,0.000000,0.000000,0.000000,0.159533,-0.750364,-2.986581,-0.116610,-0.020957,-0.666335,3.023402,-0.124237,0.000000,0.000000,0.000000,0.000000,0.000000,0.000000
1778537955.180083,sequential_ik_elbow_then_wrist,1,0,-0.036659,0.297597,0.009586,-0.171661,0.551019,0.096489,-0.003267,-0.298119,0.033386,-0.155200,-0.533113,0.141525,0.001250,0.014394,0.023634,0.110031,0.002046,0.024444,0.030357,0.147502,0.000000,0.000000,0.000000,0.152257,-0.581452,-2.269802,-0.021832,-0.025050,-0.503067,2.297785,-0.018023,0.000000,0.000000,0.000000,0.000000,0.000000,0.000000
1778537955.234285,sequential_ik_elbow_then_wrist,1,0,-0.104891,0.273095,0.066461,-0.289480,0.476542,0.187026,-0.097433,-0.270742,0.084886,-0.269199,-0.476221,0.220071,0.001383,0.017367,0.024965,0.131667,0.001812,0.017929,0.028839,0.133883,0.000000,0.000000,0.000000,0.190079,-0.403115,-1.725049,0.063570,-0.083663,-0.328314,1.746317,0.067764,0.000000,0.000000,0.000000,0.000000,0.000000,0.000000
1778537955.302314,sequential_ik_elbow_then_wrist,1,0,-0.075098,0.234408,0.171503,-0.101236,0.365852,0.439904,-0.066586,-0.219619,0.193220,0.032185,-0.315024,0.459945,0.002144,0.001832,0.031064,0.032319,0.002428,0.016905,0.033113,0.124370,0.000000,0.000000,0.000000,0.218855,-0.185178,-1.311037,0.195812,-0.132076,-0.108014,1.327201,0.223935,0.000000,0.000000,0.000000,0.000000,0.000000,0.000000
1778537955.360080,sequential_ik_elbow_then_wrist,0,0,-0.063344,0.201425,0.213109,0.043016,0.095495,0.472852,0.035137,-0.163263,0.249220,0.252504,-0.140603,0.454738,0.000869,0.010544,0.019671,0.085851,0.004344,0.074240,0.053399,0.272067,0.000000,0.000000,0.000000,0.239998,0.033134,-0.996388,0.431517,-0.116478,0.135913,1.008673,0.378218,0.000000,0.000000,0.000000,0.000000,0.000000,0.000000
1778537955.417536,sequential_ik_elbow_then_wrist,0,0,-0.026489,0.126550,0.270709,0.142610,-0.060478,0.433271,0.039633,-0.166558,0.246348,0.282983,-0.087678,0.403060,0.001815,0.015726,0.029145,0.122911,0.001130,0.093914,0.030982,0.306307,0.000000,0.000000,0.000000,0.248150,0.273192,-0.757255,0.670354,-0.075784,0.333530,0.766591,0.518164,0.000000,0.000000,0.000000,0.000000,0.000000,0.000000
1778537955.477594,sequential_ik_elbow_then_wrist,1,0,-0.039500,0.068809,0.289318,0.053512,-0.138380,0.485331,0.004744,-0.128537,0.271027,0.170807,-0.018134,0.495157,0.001098,0.000839,0.025171,0.023149,0.000305,0.030799,0.011674,0.175488,0.000000,0.000000,0.000000,0.262986,0.506616,-0.575514,0.810063,-0.045956,0.514872,0.582609,0.620487,0.000000,0.000000,0.000000,0.000000,0.000000,0.000000
1778537955.537999,sequential_ik_elbow_then_wrist,1,0,-0.076005,0.011248,0.289994,0.047181,-0.176731,0.488713,-0.020881,-0.089121,0.285695,0.139172,0.042266,0.502767,0.004857,0.000959,0.067620,0.026898,0.000810,0.020828,0.024410,0.144306,0.000000,0.000000,0.000000,0.293031,0.719875,-0.437391,0.879437,-0.034184,0.686037,0.442783,0.693510,0.000000,0.000000,0.000000,0.000000,0.000000,0.000000
1778537955.600289,sequential_ik_elbow_then_wrist,1,0,-0.066572,-0.030691,0.290906,0.072550,-0.218157,0.479325,-0.021611,-0.099260,0.282277,0.150332,0.048751,0.478562,0.005803,0.000705,0.074861,0.024506,0.000353,0.024808,0.018465,0.157400,0.000000,0.000000,0.000000,0.323646,0.914885,-0.332417,0.907649,-0.033583,0.816734,0.336515,0.762868,0.000000,0.000000,0.000000,0.000000,0.000000,0.000000
1778537955.661329,sequential_ik_elbow_then_wrist,1,0,-0.041526,-0.022630,0.296249,0.109218,-0.195316,0.489784,-0.018156,-0.105137,0.280386,0.158734,0.059965,0.457730,0.002265,0.000608,0.047434,0.022479,0.000162,0.027087,0.012379,0.164235,0.000000,0.000000,0.000000,0.347682,1.072378,-0.252637,0.904772,-0.038877,0.912200,0.255751,0.841250,0.000000,0.000000,0.000000,0.000000,0.000000,0.000000
1778537955.710464,sequential_ik_elbow_then_wrist,1,0,-0.036089,-0.032264,0.296069,0.126018,-0.214657,0.470579,-0.010786,-0.102095,0.281887,0.174370,0.048199,0.463901,0.002163,0.000866,0.046351,0.029418,0.000019,0.032360,0.004269,0.179887,0.000000,0.000000,0.000000,0.364523,1.201162,-0.192004,0.904468,-0.044893,0.986112,0.194371,0.898943,0.000000,0.000000,0.000000,0.000000,0.000000,0.000000
1778537955.773567,sequential_ik_elbow_then_wrist,1,0,-0.025500,-0.009246,0.298771,0.119384,-0.201853,0.477408,-0.023070,-0.121303,0.273411,0.151705,0.018725,0.473026,0.000755,0.000837,0.027261,0.028916,0.000207,0.024993,0.013035,0.158083,0.000000,0.000000,0.000000,0.376789,1.290840,-0.145923,0.906028,-0.055805,1.029070,0.147722,0.938715,0.000000,0.000000,0.000000,0.000000,0.000000,0.000000
1778537955.838766,sequential_ik_elbow_then_wrist,1,0,-0.012279,0.010445,0.299567,0.123505,-0.171039,0.496101,-0.041276,-0.126217,0.269008,0.159224,-0.006605,0.457403,0.000078,0.001982,0.007877,0.044423,0.000562,0.029270,0.022786,0.171066,0.000000,0.000000,0.000000,0.386306,1.349290,-0.110901,0.900128,-0.077421,1.053260,0.112269,0.975132,0.000000,0.000000,0.000000,0.000000,0.000000,0.000000
1778537955.903400,sequential_ik_elbow_then_wrist,1,0,-0.098909,0.117473,0.257715,-0.093579,-0.095254,0.469183,-0.047995,-0.167988,0.243878,0.129201,-0.045866,0.452894,0.003858,0.018839,0.049414,0.136321,0.000584,0.021254,0.019300,0.145586,0.000000,0.000000,0.000000,0.406604,1.304340,-0.084285,0.934052,-0.105417,1.038689,0.085324,1.021226,0.000000,0.000000,0.000000,0.000000,0.000000,0.000000
1778537955.968570,sequential_ik_elbow_then_wrist,0,0,-0.100202,0.240722,0.148365,-0.146696,0.063350,0.385804,-0.014265,-0.226443,0.196265,0.154165,-0.129446,0.424788,0.004588,0.017984,0.046294,0.131404,0.001078,0.032483,0.023941,0.180148,0.000000,0.000000,0.000000,0.411364,1.151978,-0.064057,1.024121,-0.109987,0.976355,0.064846,1.069315,0.000000,0.000000,0.000000,0.000000,0.000000,0.000000
1778537956.028601,sequential_ik_elbow_then_wrist,0,0,-0.109976,0.278641,-0.016257,-0.200218,0.165006,0.246314,-0.191814,-0.230203,-0.014631,-0.355108,-0.092751,0.196182,0.005719,0.023601,0.051532,0.150459,0.011609,0.089793,0.077884,0.298865,0.000000,0.000000,0.000000,0.405870,0.903659,-0.048683,1.167064,-0.214062,0.781304,0.049283,1.158026,0.000000,0.000000,0.000000,0.000000,0.000000,0.000000
1778537956.086333,sequential_ik_elbow_then_wrist,0,0,-0.144250,0.204045,-0.166005,-0.322701,0.212284,0.075008,-0.164010,-0.203043,-0.147899,-0.368190,-0.197593,0.071830,0.005931,0.035176,0.052773,0.187552,0.005198,0.041044,0.049073,0.202591,0.000000,0.000000,0.000000,0.439668,0.585793,-0.036999,1.276937,-0.316535,0.508469,0.037455,1.222808,0.000000,0.000000,0.000000,0.000000,0.000000,0.000000
1778537956.139039,sequential_ik_elbow_then_wrist,1,0,-0.145924,0.147968,-0.216360,-0.376108,0.250949,-0.053848,0.033475,-0.204957,-0.216499,-0.118614,-0.390952,-0.036848,0.002192,0.021537,0.033508,0.145215,0.009663,0.004474,0.078785,0.066830,0.000000,0.000000,0.000000,0.497246,0.272508,-0.028119,1.309573,-0.287121,0.209487,0.028466,1.278686,0.000000,0.000000,0.000000,0.000000,0.000000,0.000000
1778537956.197534,sequential_ik_elbow_then_wrist,0,0,-0.116128,0.125223,-0.246645,-0.314077,0.330158,-0.152742,0.050837,-0.182053,-0.232965,-0.085627,-0.445083,-0.186139,0.000697,0.001253,0.018126,0.031883,0.002895,0.142441,0.047219,0.359173,0.000000,0.000000,0.000000,0.548198,-0.011085,-0.021371,1.297439,-0.211979,-0.050040,0.775234,1.042962,0.000000,0.000000,0.000000,0.000000,0.000000,0.000000
1778537956.259857,sequential_ik_elbow_then_wrist,0,0,-0.044331,0.111758,-0.274854,-0.239995,0.339112,-0.269807,0.053769,-0.166855,-0.243451,-0.174822,-0.360999,-0.250811,0.001636,0.098974,0.033925,0.284239,0.001052,0.094975,0.029443,0.304154,0.000000,0.000000,0.000000,0.565825,-0.275064,-0.769842,0.964598,-0.126175,-0.262908,1.342778,0.744651,0.000000,0.000000,0.000000,0.000000,0.000000,0.000000
1778537956.316703,sequential_ik_elbow_then_wrist,0,0,-0.034610,0.093345,-0.283000,-0.227812,0.309730,-0.359489,0.035428,-0.155982,-0.253800,-0.220293,-0.303103,-0.308227,0.000667,0.045630,0.023333,0.213325,0.000125,0.110284,0.009246,0.332090,0.000000,0.000000,0.000000,0.567872,-0.499733,-1.338680,0.685095,-0.054065,-0.438049,1.774111,0.517935,0.000000,0.000000,0.000000,0.000000,0.000000,0.000000
1778537956.386283,sequential_ik_elbow_then_wrist,0,0,-0.030395,0.091848,-0.283972,-0.186033,0.259675,-0.477908,0.037880,-0.147637,-0.258396,-0.179388,-0.314899,-0.380126,0.000461,0.009831,0.020894,0.099149,0.000089,0.073664,0.008352,0.271411,0.000000,0.000000,0.000000,0.560131,-0.677735,-1.770997,0.472672,0.006971,-0.579663,2.101925,0.345631,0.000000,0.000000,0.000000,0.000000,0.000000,0.000000
1778537956.456034,sequential_ik_elbow_then_wrist,0,0,-0.020799,0.095782,-0.283537,-0.147999,0.233644,-0.517662,0.047845,-0.131172,-0.265527,-0.160994,-0.279545,-0.421642,0.000730,0.002150,0.026597,0.046372,0.000274,0.064589,0.015222,0.253916,0.000000,0.000000,0.000000,0.542903,-0.814782,-2.099557,0.311231,0.063970,-0.698668,2.351063,0.240422,0.000000,0.000000,0.000000,0.000000,0.000000,0.000000
1778537956.501969,sequential_ik_elbow_then_wrist,0,0,-0.026227,0.082518,-0.287233,-0.148249,0.155279,-0.551461,0.011357,-0.124762,-0.272590,-0.168362,-0.202180,-0.499983,0.000202,0.004119,0.013797,0.063903,0.000270,0.048854,0.015110,0.219422,0.000000,0.000000,0.000000,0.524378,-0.925048,-2.349264,0.202796,0.098107,-0.801612,2.540408,0.224315,0.000000,0.000000,0.000000,0.000000,0.000000,0.000000
1778537956.568144,sequential_ik_elbow_then_wrist,0,0,-0.045428,0.074211,-0.287104,-0.192174,0.057341,-0.548219,-0.007594,-0.121796,-0.274058,-0.184366,-0.149701,-0.514834,0.000042,0.022644,0.006380,0.149445,0.000681,0.045792,0.025239,0.213293,0.000000,0.000000,0.000000,0.512755,-1.009428,-2.539040,0.162646,0.109434,-0.886113,2.684310,0.253499,0.000000,0.000000,0.000000,0.000000,0.000000,0.000000
1778537956.626087,sequential_ik_elbow_then_wrist,0,0,-0.070180,0.060094,-0.285418,-0.236714,-0.016997,-0.522743,-0.018494,-0.125564,-0.271830,-0.202899,-0.101400,-0.507226,0.000964,0.049948,0.030662,0.223100,0.000843,0.048703,0.028233,0.220055,0.000000,0.000000,0.000000,0.515669,-1.073450,-2.683271,0.163823,0.101803,-0.948843,2.793675,0.315749,0.000000,0.000000,0.000000,0.000000,0.000000,0.000000
1778537956.680099,sequential_ik_elbow_then_wrist,0,0,-0.077916,0.035332,-0.287543,-0.256234,-0.075326,-0.501920,-0.037396,-0.122982,-0.271066,-0.246892,-0.078530,-0.481151,0.002109,0.072734,0.045296,0.269650,0.001393,0.068345,0.036292,0.261321,0.000000,0.000000,0.000000,0.533473,-1.131350,-2.792886,0.176095,0.075061,-0.996463,2.876793,0.381060,0.000000,0.000000,0.000000,0.000000,0.000000,0.000000
1778537956.743494,sequential_ik_elbow_then_wrist,0,0,-0.078469,0.034090,-0.287542,-0.272371,-0.072016,-0.490381,-0.050766,-0.110315,-0.274324,-0.275603,-0.060864,-0.466685,0.001812,0.077663,0.042177,0.278576,0.001654,0.083336,0.039573,0.288670,0.000000,0.000000,0.000000,0.560687,-1.176334,-2.876193,0.167017,0.032994,-1.038351,2.939963,0.425150,0.000000,0.000000,0.000000,0.000000,0.000000,0.000000
1778537956.802598,sequential_ik_elbow_then_wrist,0,0,-0.077535,0.034681,-0.287725,-0.265832,-0.050234,-0.505288,-0.047472,-0.106256,-0.276507,-0.269457,-0.058453,-0.472562,0.001412,0.061947,0.037230,0.248721,0.000909,0.076669,0.029422,0.276797,0.000000,0.000000,0.000000,0.593540,-1.209537,-2.939507,0.137978,-0.014506,-1.072976,2.987972,0.441230,0.000000,0.000000,0.000000,0.000000,0.000000,0.000000
1778537956.865058,sequential_ik_elbow_then_wrist,0,0,-0.063825,0.034232,-0.291126,-0.246879,-0.037697,-0.517660,-0.054643,-0.097812,-0.278293,-0.277026,-0.060266,-0.476121,0.000631,0.048021,0.024833,0.219034,0.001003,0.076458,0.030958,0.276266,0.000000,0.000000,0.000000,0.626197,-1.239823,-2.987625,0.099824,-0.066223,-1.103190,3.024459,0.425552,0.000000,0.000000,0.000000,0.000000,0.000000,0.000000
1778537956.926134,sequential_ik_elbow_then_wrist,0,0,-0.051770,0.043876,-0.292224,-0.217957,-0.013319,-0.535351,-0.054437,-0.091355,-0.280519,-0.262830,-0.060145,-0.494056,0.000076,0.031110,0.008650,0.176369,0.000748,0.062978,0.026761,0.250769,0.000000,0.000000,0.000000,0.653565,-1.264465,-3.024195,0.066120,-0.118361,-1.130179,3.052189,0.390527,0.000000,0.000000,0.000000,0.000000,0.000000,0.000000
1778537956.995296,sequential_ik_elbow_then_wrist,0,0,-0.029184,0.048467,-0.294617,-0.197905,0.075104,-0.541241,-0.057366,-0.091165,-0.279997,-0.263342,-0.064969,-0.496532,0.000130,0.010880,0.010882,0.103083,0.000626,0.058480,0.024549,0.241699,0.000000,0.000000,0.000000,0.671601,-1.290952,-3.051988,0.002251,-0.169627,-1.150330,3.073263,0.345161,0.000000,0.000000,0.000000,0.000000,0.000000,0.000000
1778537957.049889,sequential_ik_elbow_then_wrist,1,0,-0.000954,0.061531,-0.293621,-0.131943,0.158959,-0.545314,-0.016854,-0.096846,-0.283437,-0.194967,-0.088866,-0.524709,0.001518,0.003235,0.038692,0.056880,0.000187,0.028240,0.013306,0.168015,0.000000,0.000000,0.000000,0.676661,-1.317650,-3.073111,-0.046289,-0.202585,-1.170450,3.089280,0.302803,0.000000,0.000000,0.000000,0.000000,0.000000,0.000000
1778537957.107243,sequential_ik_elbow_then_wrist,1,0,-0.007399,0.060621,-0.293718,-0.138080,0.179671,-0.536102,-0.003205,-0.106784,-0.280334,-0.160715,-0.117787,-0.535421,0.001007,0.005758,0.031594,0.075883,0.000622,0.017295,0.024455,0.131501,0.000000,0.000000,0.000000,0.673660,-1.336729,-3.089164,-0.083180,-0.216433,-1.182528,3.101453,0.266889,0.000000,0.000000,0.000000,0.000000,0.000000,0.000000
1778537957.172063,sequential_ik_elbow_then_wrist,1,0,-0.009931,0.066448,-0.292380,-0.138028,0.187011,-0.535393,-0.012248,-0.107782,-0.279702,-0.144720,-0.122672,-0.548457,0.001001,0.004869,0.031432,0.069781,0.000182,0.013395,0.013154,0.115701,0.000000,0.000000,0.000000,0.663969,-1.346468,-3.101365,-0.111216,-0.220673,-1.188542,3.110704,0.246674,0.000000,0.000000,0.000000,0.000000,0.000000,0.000000
1778537957.225904,sequential_ik_elbow_then_wrist,1,0,-0.017520,0.066618,-0.291985,-0.152171,0.177646,-0.535997,-0.028374,-0.104945,-0.279610,-0.144117,-0.123558,-0.555757,0.000573,0.004050,0.023730,0.063642,0.000008,0.012644,0.002712,0.112434,0.000000,0.000000,0.000000,0.650411,-1.349458,-3.110637,-0.132525,-0.225207,-1.191726,3.117735,0.235234,0.000000,0.000000,0.000000,0.000000,0.000000,0.000000
1778537957.297745,sequential_ik_elbow_then_wrist,1,0,-0.023085,0.067275,-0.291447,-0.155762,0.174988,-0.538012,-0.032383,-0.110530,-0.277010,-0.149442,-0.126762,-0.552752,0.000333,0.003459,0.018054,0.058809,0.000025,0.013346,0.004530,0.115512,0.000000,0.000000,0.000000,0.635001,-1.348114,-3.117684,-0.148719,-0.230817,-1.189561,3.123079,0.230812,0.000000,0.000000,0.000000,0.000000,0.000000,0.000000
1778537957.350684,sequential_ik_elbow_then_wrist,1,0,-0.027859,0.071021,-0.290138,-0.178504,0.176765,-0.527043,-0.039937,-0.107207,-0.277330,-0.156028,-0.119644,-0.553677,0.000226,0.006075,0.014790,0.077942,0.000102,0.014424,0.009873,0.120094,0.000000,0.000000,0.000000,0.618762,-1.342418,-3.123040,-0.161026,-0.240272,-1.187617,3.127140,0.230784,0.000000,0.000000,0.000000,0.000000,0.000000,0.000000
1778537957.414720,sequential_ik_elbow_then_wrist,1,0,-0.024398,0.073285,-0.289886,-0.176835,0.174456,-0.527641,-0.038966,-0.115724,-0.274025,-0.161394,-0.122828,-0.547815,0.000298,0.006015,0.017102,0.077558,0.000038,0.015137,0.005588,0.123017,0.000000,0.000000,0.000000,0.600913,-1.336726,-3.127111,-0.170380,-0.250330,-1.180688,3.130226,0.235553,0.000000,0.000000,0.000000,0.000000,0.000000,0.000000
1778537957.468637,sequential_ik_elbow_then_wrist,1,0,-0.003002,0.065120,-0.292832,-0.144435,0.187616,-0.527333,-0.032035,-0.117847,-0.274018,-0.157094,-0.125984,-0.546587,0.000896,0.005726,0.029415,0.075667,0.000003,0.014118,0.001662,0.118814,0.000000,0.000000,0.000000,0.579058,-1.342866,-3.130204,-0.177489,-0.257072,-1.174096,3.132572,0.241382,0.000000,0.000000,0.000000,0.000000,0.000000,0.000000
1778537957.531666,sequential_ik_elbow_then_wrist,1,0,-0.001041,0.044282,-0.296712,-0.152438,0.174010,-0.520876,-0.028403,-0.119612,-0.273653,-0.159054,-0.152142,-0.541743,0.000465,0.012122,0.020665,0.110098,0.000020,0.013411,0.004310,0.115649,0.000000,0.000000,0.000000,0.558172,-1.361667,-3.132555,-0.182891,-0.259721,-1.168276,3.134355,0.231300,0.000000,0.000000,0.000000,0.000000,0.000000,0.000000
1778537957.585021,sequential_ik_elbow_then_wrist,1,0,0.005417,0.032974,-0.298133,-0.147228,0.137237,-0.534414,-0.038262,-0.141763,-0.261609,-0.180530,-0.188666,-0.521532,0.000441,0.011872,0.020442,0.108958,0.000088,0.016275,0.006234,0.127542,0.000000,0.000000,0.000000,0.539316,-1.387116,-3.134342,-0.186997,-0.261425,-1.147103,3.135710,0.216738,0.000000,0.000000,0.000000,0.000000,0.000000,0.000000
1778537957.646233,sequential_ik_elbow_then_wrist,1,0,0.013978,0.017728,-0.299149,-0.133581,0.113628,-0.542109,-0.030289,-0.151564,-0.257121,-0.165258,-0.214553,-0.517535,0.000476,0.012356,0.021102,0.111157,0.000085,0.012319,0.008054,0.110993,0.000000,0.000000,0.000000,0.523277,-1.419721,-3.135700,-0.190118,-0.257308,-1.121788,3.136739,0.205899,0.000000,0.000000,0.000000,0.000000,0.000000,0.000000
1778537957.719534,sequential_ik_elbow_then_wrist,1,0,0.010595,0.009116,-0.299674,-0.140255,0.098178,-0.543215,-0.038012,-0.158015,-0.252163,-0.183815,-0.232966,-0.503408,0.000199,0.015339,0.013811,0.123852,0.000021,0.015805,0.003097,0.125707,0.000000,0.000000,0.000000,0.510592,-1.451302,-3.136732,-0.192490,-0.253483,-1.094529,3.137522,0.193404,0.000000,0.000000,0.000000,0.000000,0.000000,0.000000
1778537957.779439,sequential_ik_elbow_then_wrist,1,0,0.010242,0.003507,-0.299805,-0.138243,0.094873,-0.543945,-0.040408,-0.156784,-0.252559,-0.196672,-0.230651,-0.497763,0.000121,0.016578,0.010852,0.128757,0.000002,0.019138,0.001239,0.138340,0.000000,0.000000,0.000000,0.500857,-1.479843,-3.137516,-0.194292,-0.251514,-1.072430,3.138117,0.182675,0.000000,0.000000,0.000000,0.000000,0.000000,0.000000
1778537957.845618,sequential_ik_elbow_then_wrist,1,0,0.022686,0.016694,-0.298675,-0.104322,0.109216,-0.554231,-0.020562,-0.146532,-0.260970,-0.162894,-0.232982,-0.510506,0.000776,0.009497,0.027831,0.097452,0.000154,0.012853,0.011183,0.113335,0.000000,0.000000,0.000000,0.493179,-1.498778,-3.138112,-0.195662,-0.241794,-1.065629,3.138569,0.167715,0.000000,0.000000,0.000000,0.000000,0.000000,0.000000
1778537957.889702,sequential_ik_elbow_then_wrist,1,0,0.018272,0.018030,-0.298900,-0.114747,0.106110,-0.552963,-0.023792,-0.131646,-0.268521,-0.178186,-0.176239,-0.521847,0.000600,0.009918,0.024469,0.099590,0.000055,0.020661,0.005411,0.143598,0.000000,0.000000,0.000000,0.486761,-1.510536,-3.138565,-0.196703,-0.232253,-1.072421,3.138912,0.171750,0.000000,0.000000,0.000000,0.000000,0.000000,0.000000
1778537957.961438,sequential_ik_elbow_then_wrist,1,0,-0.004461,0.053382,-0.295179,-0.213273,0.127912,-0.497275,-0.017640,-0.113277,-0.277231,-0.180546,-0.090983,-0.528159,0.000606,0.030177,0.021958,0.173716,0.000096,0.028209,0.007213,0.167252,0.000000,0.000000,0.000000,0.479542,-1.492835,-3.138910,-0.197494,-0.222490,-1.093321,3.139173,0.211636,0.000000,0.000000,0.000000,0.000000,0.000000,0.000000
1778537958.009920,sequential_ik_elbow_then_wrist,1,0,-0.032923,0.094530,-0.282808,-0.235908,0.153680,-0.495642,-0.011425,-0.116101,-0.276388,-0.170926,-0.073260,-0.526836,0.000564,0.025038,0.017749,0.158235,0.000080,0.026796,0.008642,0.163441,0.000000,0.000000,0.000000,0.470731,-1.441636,-3.139171,-0.198096,-0.210343,-1.111618,3.139372,0.263842,0.000000,0.000000,0.000000,0.000000,0.000000,0.000000
1778537958.072245,sequential_ik_elbow_then_wrist,1,0,-0.028189,0.087958,-0.285427,-0.216694,0.157643,-0.508160,-0.018350,-0.127520,-0.270928,-0.148334,-0.054561,-0.531276,0.000120,0.019165,0.010712,0.138437,0.000028,0.020515,0.004078,0.142559,0.000000,0.000000,0.000000,0.459841,-1.399112,-3.139370,-0.198553,-0.199454,-1.117654,3.139522,0.336761,0.000000,0.000000,0.000000,0.000000,0.000000,0.000000
1778537958.135255,sequential_ik_elbow_then_wrist,1,0,-0.035972,0.091397,-0.283465,-0.225621,0.160667,-0.505355,-0.019750,-0.128999,-0.270128,-0.154361,-0.021618,-0.515789,0.000026,0.021430,0.004609,0.146392,0.000004,0.024220,0.001685,0.154895,0.000000,0.000000,0.000000,0.449781,-1.361817,-3.139521,-0.198900,-0.190395,-1.119281,3.139637,0.428351,0.000000,0.000000,0.000000,0.000000,0.000000,0.000000
1778537958.203351,sequential_ik_elbow_then_wrist,0,0,-0.064351,0.097516,-0.276314,-0.257796,0.173530,-0.492650,-0.032138,-0.132089,-0.267432,-0.190633,0.015128,-0.475293,0.000305,0.026013,0.016339,0.161286,0.000069,0.040768,0.007847,0.201143,0.000000,0.000000,0.000000,0.449738,-1.320674,-3.139636,-0.199164,-0.188424,-1.116240,3.139724,0.540198,0.000000,0.000000,0.000000,0.000000,0.000000,0.000000
1778537958.257278,sequential_ik_elbow_then_wrist,0,0,-0.087584,0.090648,-0.272235,-0.310008,0.138727,-0.467724,-0.072793,-0.136654,-0.256957,-0.256848,0.032160,-0.423167,0.001032,0.043216,0.031208,0.207884,0.001205,0.076845,0.032982,0.276898,0.000000,0.000000,0.000000,0.466574,-1.282193,-3.139724,-0.199365,-0.209954,-1.101948,3.139790,0.656730,0.000000,0.000000,0.000000,0.000000,0.000000,0.000000
1778537958.320254,sequential_ik_elbow_then_wrist,0,0,-0.098960,0.087816,-0.269250,-0.318317,0.156567,-0.462008,-0.069527,-0.134644,-0.258915,-0.294182,-0.045215,-0.436489,0.001121,0.033252,0.032447,0.182351,0.000459,0.086303,0.020462,0.292545,0.000000,0.000000,0.000000,0.498277,-1.247133,-3.139790,-0.199517,-0.241523,-1.089219,3.139841,0.680880,0.000000,0.000000,0.000000,0.000000,0.000000,0.000000
1778537958.386472,sequential_ik_elbow_then_wrist,0,0,-0.106681,0.079248,-0.268959,-0.309483,0.120392,-0.486165,-0.069695,-0.128436,-0.262006,-0.285087,-0.117543,-0.470542,0.001158,0.028098,0.032994,0.167624,0.000273,0.058198,0.015746,0.238196,0.000000,0.000000,0.000000,0.542284,-1.218850,-3.139840,-0.199412,-0.277019,-1.082572,3.139879,0.607499,0.000000,0.000000,0.000000,0.000000,0.000000,0.000000
1778537958.431523,sequential_ik_elbow_then_wrist,1,0,-0.072557,0.066448,-0.283408,-0.199585,0.067077,-0.555187,-0.065951,-0.117454,-0.268058,-0.235425,-0.128155,-0.515371,0.000278,0.012807,0.014117,0.111074,0.000174,0.028262,0.012275,0.167487,0.000000,0.000000,0.000000,0.581881,-1.217701,-3.139879,-0.147302,-0.312101,-1.085956,3.139908,0.516893,0.000000,0.000000,0.000000,0.000000,0.000000,0.000000
1778537958.497871,sequential_ik_elbow_then_wrist,1,0,-0.076447,0.036810,-0.287751,-0.252980,0.051465,-0.529870,-0.021440,-0.083570,-0.287326,-0.188709,-0.118452,-0.533912,0.001020,0.023220,0.030767,0.151580,0.000530,0.018278,0.017842,0.134188,0.000000,0.000000,0.000000,0.624188,-1.233351,-3.139908,-0.145112,-0.332492,-1.122858,3.139930,0.408450,0.000000,0.000000,0.000000,0.000000,0.000000,0.000000
1778537958.555412,sequential_ik_elbow_then_wrist,1,0,-0.075136,0.065716,-0.282906,-0.190128,0.169951,-0.539640,-0.008475,-0.054647,-0.294859,-0.173947,-0.108974,-0.539129,0.000093,0.000424,0.008725,0.019640,0.000397,0.016456,0.016127,0.127044,0.000000,0.000000,0.000000,0.659653,-1.235959,-3.139930,-0.158285,-0.343957,-1.178743,3.139947,0.283354,0.000000,0.000000,0.000000,0.000000,0.000000,0.000000
1778537958.617799,sequential_ik_elbow_then_wrist,1,0,-0.049321,0.079113,-0.285147,-0.158350,0.171371,-0.548967,0.038336,-0.034649,-0.295516,-0.076013,-0.073576,-0.570123,0.000305,0.000009,0.017151,0.002277,0.002545,0.002610,0.048990,0.051060,0.000000,0.000000,0.000000,0.679446,-1.240934,-3.139947,-0.163864,-0.344368,-1.248894,3.139960,0.184222,0.000000,0.000000,0.000000,0.000000,0.000000,0.000000
1778537958.695609,sequential_ik_elbow_then_wrist,0,0,-0.018684,0.081571,-0.288092,-0.176374,0.151467,-0.533548,-0.181519,-0.060826,-0.230978,-0.438132,0.054713,-0.127054,0.001455,0.002449,0.037429,0.049456,0.019290,0.330025,0.133867,0.574435,0.000000,0.000000,0.000000,0.680926,-1.256117,-3.139960,-0.172537,-0.392379,-1.227271,3.139969,0.092009,0.000000,0.000000,0.000000,0.000000,0.000000,0.000000
1778537958.743271,sequential_ik_elbow_then_wrist,0,0,-0.011928,0.106357,-0.280260,-0.140588,0.162311,-0.545432,-0.180978,-0.064088,-0.230520,-0.455749,0.018137,-0.142544,0.002695,0.000762,0.051117,0.027155,0.008073,0.219528,0.084822,0.468538,0.000000,0.000000,0.000000,0.662696,-1.257892,-3.139969,-0.167247,-0.488809,-1.172543,3.139977,0.021927,0.000000,0.000000,0.000000,0.000000,0.000000,0.000000
1778537958.802211,sequential_ik_elbow_then_wrist,0,0,-0.026813,0.108868,-0.278261,-0.191166,0.165919,-0.522664,-0.186867,-0.056834,-0.227707,-0.436580,0.028793,-0.085188,0.001192,0.006598,0.033671,0.081220,0.003414,0.192902,0.053956,0.439206,0.000000,0.000000,0.000000,0.633958,-1.248597,-3.139977,-0.166086,-0.612125,-1.111180,3.139982,-0.031336,0.000000,0.000000,0.000000,0.000000,0.000000,0.000000
1778537958.859576,sequential_ik_elbow_then_wrist,0,0,-0.116689,0.112858,-0.252283,-0.390330,0.016632,-0.175724,-0.179973,0.069743,-0.229664,-0.416566,0.137997,-0.058301,0.001405,0.202821,0.032880,0.450341,0.012448,0.096625,0.104957,0.284113,0.000000,0.000000,0.000000,0.631115,-1.202757,-3.139982,-0.174225,-0.795600,-1.078389,2.386387,0.230864,0.000000,0.000000,0.000000,0.000000,0.000000,0.000000
1778537958.910641,sequential_ik_elbow_then_wrist,0,0,-0.207399,0.053255,-0.210118,-0.309650,-0.146807,-0.011321,-0.216469,0.103927,-0.179835,-0.373780,0.200450,0.056674,0.008383,0.303360,0.084491,0.546478,0.007360,0.024843,0.075368,0.148722,0.000000,0.000000,0.000000,0.703976,-1.128716,-2.386386,-0.015495,-1.018489,-1.001428,1.813654,0.555408,0.000000,0.000000,0.000000,0.000000,0.000000,0.000000
1778537958.986474,sequential_ik_elbow_then_wrist,0,0,-0.186650,0.075753,-0.222313,-0.381379,-0.110334,-0.090207,-0.039878,0.130746,-0.267049,-0.231982,0.236785,-0.062472,0.000862,0.128571,0.026435,0.351837,0.013399,0.014163,0.105113,0.115213,0.000000,0.000000,0.000000,0.788388,-1.062744,-1.813654,0.271096,-1.260914,-1.033508,1.378377,0.873602,0.000000,0.000000,0.000000,0.000000,0.000000,0.000000
1778537959.047390,sequential_ik_elbow_then_wrist,0,0,-0.210536,0.084190,-0.196435,-0.466760,-0.027652,-0.087619,-0.132914,0.102652,-0.248589,-0.318089,0.199366,-0.033282,0.000448,0.056189,0.016701,0.236910,0.000791,0.000323,0.024599,0.017138,0.000000,0.000000,0.000000,0.870532,-0.987058,-1.378377,0.507940,-1.461621,-1.029653,1.047566,1.102532,0.000000,0.000000,0.000000,0.000000,0.000000,0.000000
1778537959.097966,sequential_ik_elbow_then_wrist,0,0,-0.185758,0.095543,-0.215327,-0.475254,0.174005,-0.209352,-0.207607,0.012418,-0.216207,-0.467781,0.059865,-0.074581,0.000045,0.062806,0.004994,0.210737,0.003617,0.009491,0.054313,0.091339,0.000000,0.000000,0.000000,0.928505,-0.939402,-1.801166,0.362425,-1.562322,-0.992700,0.796150,1.195204,0.000000,0.000000,0.000000,0.000000,0.000000,0.000000
1778537959.173775,sequential_ik_elbow_then_wrist,0,0,-0.063952,0.102670,-0.274534,-0.315225,0.147058,-0.432305,-0.105316,-0.040255,-0.278007,-0.377635,-0.032192,-0.403616,0.004121,0.008967,0.054130,0.094145,0.004698,0.079990,0.060607,0.249335,0.000000,0.000000,0.000000,0.935428,-0.977202,-2.122486,0.227443,-1.600870,-1.031387,1.358674,0.945234,0.000000,0.000000,0.000000,0.000000,0.000000,0.000000
1778537959.224647,sequential_ik_elbow_then_wrist,0,0,-0.056335,0.080854,-0.283353,-0.308197,0.113478,-0.443044,-0.093923,-0.056047,-0.279351,-0.359698,-0.079130,-0.416577,0.001062,0.021860,0.029750,0.147851,0.003780,0.036162,0.059798,0.186846,0.000000,0.000000,0.000000,0.926008,-1.034319,-2.366690,0.124857,-1.601986,-1.080316,1.786193,0.670378,0.000000,0.000000,0.000000,0.000000,0.000000,0.000000
1778537959.288530,sequential_ik_elbow_then_wrist,0,0,-0.054079,0.083030,-0.283163,-0.283636,0.125379,-0.471604,-0.107502,-0.104842,-0.259714,-0.357058,-0.183782,-0.406311,0.000731,0.015962,0.026476,0.126342,0.008403,0.039551,0.089607,0.198873,0.000000,0.000000,0.000000,0.907024,-1.083586,-2.552284,0.046891,-1.559028,-1.102340,2.111106,0.461487,0.000000,0.000000,0.000000,0.000000,0.000000,0.000000
1778537959.349277,sequential_ik_elbow_then_wrist,0,0,-0.057901,0.080220,-0.283218,-0.306010,0.130810,-0.444098,-0.094956,-0.177163,-0.222703,-0.365816,-0.296246,-0.272242,0.000354,0.027004,0.018505,0.164328,0.015743,0.062852,0.120421,0.250703,0.000000,0.000000,0.000000,0.884519,-1.121273,-2.693336,-0.012363,-1.449015,-1.084905,2.358041,0.302730,0.000000,0.000000,0.000000,0.000000,0.000000,0.000000
1778537959.403413,sequential_ik_elbow_then_wrist,1,0,-0.059070,0.082311,-0.282375,-0.295856,0.164227,-0.447366,-0.073845,-0.240528,-0.163381,-0.325651,-0.401229,-0.191108,0.000273,0.022732,0.016246,0.150772,0.012719,0.030086,0.100130,0.173454,0.000000,0.000000,0.000000,0.860215,-1.148128,-2.800535,-0.057396,-1.261023,-1.003691,2.545711,0.182075,0.000000,0.000000,0.000000,0.000000,0.000000,0.000000
1778537959.463128,sequential_ik_elbow_then_wrist,0,0,-0.059600,0.080854,-0.282685,-0.284478,0.164626,-0.462717,-0.065820,-0.255634,-0.142546,-0.327132,-0.400267,-0.170779,0.000162,0.018517,0.012497,0.136078,0.002862,0.032527,0.042386,0.180353,0.000000,0.000000,0.000000,0.836143,-1.168350,-2.882007,-0.091621,-1.053329,-0.897992,2.688340,0.090377,0.000000,0.000000,0.000000,0.000000,0.000000,0.000000
1778537959.527048,sequential_ik_elbow_then_wrist,0,0,-0.058394,0.079251,-0.283389,-0.268162,0.151782,-0.485222,-0.071422,-0.169483,-0.237012,-0.332044,-0.252509,-0.360230,0.000112,0.014095,0.010392,0.118721,0.001293,0.051511,0.024041,0.226889,0.000000,0.000000,0.000000,0.813238,-1.184835,-2.943925,-0.117632,-0.895864,-0.881847,2.796739,0.034433,0.000000,0.000000,0.000000,0.000000,0.000000,0.000000
1778537959.589105,sequential_ik_elbow_then_wrist,0,0,-0.050730,0.077841,-0.285250,-0.244443,0.137246,-0.506487,-0.083951,-0.146122,-0.248195,-0.328169,-0.227067,-0.402485,0.000179,0.010889,0.013063,0.104353,0.000400,0.043358,0.015737,0.208202,0.000000,0.000000,0.000000,0.790323,-1.201450,-2.990983,-0.137400,-0.788499,-0.896466,2.879121,-0.015807,0.000000,0.000000,0.000000,0.000000,0.000000,0.000000
1778537959.643135,sequential_ik_elbow_then_wrist,1,0,-0.040789,0.084426,-0.284971,-0.223463,0.137376,-0.516976,-0.072369,-0.141904,-0.254216,-0.295658,-0.229623,-0.434348,0.000475,0.008608,0.021481,0.092777,0.000056,0.029252,0.005234,0.171031,0.000000,0.000000,0.000000,0.764099,-1.215490,-3.026747,-0.152424,-0.708935,-0.920227,2.941732,-0.055346,0.000000,0.000000,0.000000,0.000000,0.000000,0.000000
1778537959.704280,sequential_ik_elbow_then_wrist,1,0,-0.049234,0.085776,-0.283229,-0.244845,0.125482,-0.507192,-0.069463,-0.147585,-0.251781,-0.299200,-0.243783,-0.419014,0.000191,0.015052,0.013527,0.122685,0.000004,0.029401,0.001767,0.171457,0.000000,0.000000,0.000000,0.738459,-1.222114,-3.053928,-0.163842,-0.646967,-0.938379,2.989317,-0.090063,0.000000,0.000000,0.000000,0.000000,0.000000,0.000000
1778537959.766304,sequential_ik_elbow_then_wrist,0,0,-0.056508,0.082313,-0.282898,-0.252191,0.111639,-0.508394,-0.070294,-0.130372,-0.260887,-0.300846,-0.190662,-0.443125,0.000024,0.019045,0.004757,0.138005,0.000058,0.037284,0.005937,0.193075,0.000000,0.000000,0.000000,0.716898,-1.225079,-3.074585,-0.172520,-0.603297,-0.963061,3.025481,-0.110580,0.000000,0.000000,0.000000,0.000000,0.000000,0.000000
1778537959.833618,sequential_ik_elbow_then_wrist,0,0,-0.062653,0.079327,-0.282457,-0.278771,0.076161,-0.490502,-0.068036,-0.110804,-0.270358,-0.309359,-0.141788,-0.445866,0.000004,0.033880,0.001761,0.184066,0.000143,0.048623,0.009872,0.220505,0.000000,0.000000,0.000000,0.701275,-1.225981,-3.090285,-0.179115,-0.575642,-0.997039,3.052965,-0.127425,0.000000,0.000000,0.000000,0.000000,0.000000,0.000000
1778537959.884315,sequential_ik_elbow_then_wrist,0,0,-0.058060,0.077965,-0.283814,-0.273040,0.062384,-0.492479,-0.057588,-0.101236,-0.276469,-0.285381,-0.130785,-0.469438,0.000002,0.035964,0.001267,0.189636,0.000056,0.040137,0.005332,0.200342,0.000000,0.000000,0.000000,0.688972,-1.228886,-3.102216,-0.180190,-0.556178,-1.035365,3.073854,-0.138880,0.000000,0.000000,0.000000,0.000000,0.000000,0.000000
1778537959.954659,sequential_ik_elbow_then_wrist,0,0,-0.173187,0.113159,-0.217259,-0.464056,0.051882,-0.176758,-0.075130,-0.094318,-0.274699,-0.313719,-0.094360,-0.456566,0.003858,0.153577,0.051669,0.391885,0.000295,0.056063,0.016717,0.236776,0.000000,0.000000,0.000000,0.713449,-1.155600,-3.111284,-0.184944,-0.550764,-1.065358,3.089729,-0.147784,0.000000,0.000000,0.000000,0.000000,0.000000,0.000000
1778537960.022155,sequential_ik_elbow_then_wrist,0,0,-0.263065,0.069460,-0.126381,-0.451177,-0.098553,0.036054,-0.184403,-0.071642,-0.225529,-0.403787,0.058957,-0.068002,0.006402,0.135755,0.063470,0.353231,0.007983,0.221214,0.083665,0.460690,0.000000,0.000000,0.000000,0.812190,-1.014749,-2.364576,0.062959,-0.607609,-1.044036,2.348194,0.072869,0.000000,0.000000,0.000000,0.000000,0.000000,0.000000
1778537960.069248,sequential_ik_elbow_then_wrist,0,0,-0.255107,0.054155,-0.148283,-0.482208,-0.141517,-0.159995,-0.168356,-0.061840,-0.240483,-0.456260,0.015672,-0.207274,0.000693,0.117151,0.020646,0.335389,0.002435,0.145445,0.046200,0.368788,0.000000,0.000000,0.000000,0.925398,-0.898779,-2.550678,0.087427,-0.692182,-1.023695,2.538227,0.007380,0.000000,0.000000,0.000000,0.000000,0.000000,0.000000
1778537960.128587,sequential_ik_elbow_then_wrist,0,0,-0.236647,0.047568,-0.178144,-0.432395,-0.124905,-0.030036,-0.133080,-0.057487,-0.262650,-0.392282,-0.068653,-0.413281,0.000208,0.076829,0.010529,0.267095,0.000567,0.026476,0.021192,0.162714,0.000000,0.000000,0.000000,1.024966,-0.830030,-1.938515,0.283835,-0.772201,-1.029023,2.682653,-0.042391,0.000000,0.000000,0.000000,0.000000,0.000000,0.000000
1778537960.183359,sequential_ik_elbow_then_wrist,0,0,-0.234901,0.015438,-0.185966,-0.420610,-0.140490,-0.009335,-0.150186,-0.056750,-0.253424,-0.428511,-0.067453,-0.364872,0.000361,0.045198,0.015459,0.208844,0.000428,0.033667,0.019493,0.183485,0.000000,0.000000,0.000000,1.124902,-0.788578,-1.473272,0.528576,-0.848265,-1.026550,2.792416,-0.080217,0.000000,0.000000,0.000000,0.000000,0.000000,0.000000
1778537960.249324,sequential_ik_elbow_then_wrist,1,0,-0.230081,0.002770,-0.192497,-0.415315,-0.146306,-0.009563,-0.148962,-0.053162,-0.254920,-0.431642,-0.067064,-0.354414,0.000185,0.031931,0.011228,0.178173,0.000229,0.032202,0.014344,0.179449,0.000000,0.000000,0.000000,1.217633,-0.764564,-1.119686,0.747256,-0.917617,-1.024540,2.875836,-0.108965,0.000000,0.000000,0.000000,0.000000,0.000000,0.000000
1778537960.312877,sequential_ik_elbow_then_wrist,1,0,-0.234404,0.010217,-0.186951,-0.408691,-0.127544,0.014658,-0.147390,-0.048780,-0.256704,-0.420878,-0.058048,-0.379660,0.000006,0.023351,0.001841,0.152578,0.000152,0.023986,0.011696,0.154876,0.000000,0.000000,0.000000,1.290415,-0.743406,-0.850962,0.933738,-0.979602,-1.024936,2.939236,-0.130813,0.000000,0.000000,0.000000,0.000000,0.000000,0.000000
1778537960.373790,sequential_ik_elbow_then_wrist,1,0,-0.227462,0.010594,-0.195318,-0.394911,-0.127810,0.011576,-0.145265,-0.045259,-0.258553,-0.423871,-0.038605,-0.369615,0.000011,0.023197,0.002258,0.152170,0.000101,0.028801,0.009508,0.169707,0.000000,0.000000,0.000000,1.346204,-0.733354,-0.646731,1.090926,-1.034058,-1.027798,2.987419,-0.147418,0.000000,0.000000,0.000000,0.000000,0.000000,0.000000
1778537960.430866,sequential_ik_elbow_then_wrist,1,0,-0.235178,0.003645,-0.186221,-0.404293,-0.128770,0.023222,-0.139381,-0.042943,-0.262162,-0.420248,-0.046059,-0.367539,0.000024,0.020619,0.003748,0.143593,0.000055,0.028819,0.006813,0.169762,0.000000,0.000000,0.000000,1.393286,-0.719838,-0.491515,1.208798,-1.080330,-1.034936,3.024038,-0.160038,0.000000,0.000000,0.000000,0.000000,0.000000,0.000000
1778537960.496927,sequential_ik_elbow_then_wrist,0,0,-0.234531,-0.000781,-0.187068,-0.405395,-0.130167,0.022849,-0.150956,-0.042338,-0.255773,-0.438304,-0.043658,-0.341967,0.000013,0.018826,0.002964,0.137202,0.000074,0.033278,0.007770,0.182422,0.000000,0.000000,0.000000,1.433666,-0.708887,-0.373552,1.295399,-1.121165,-1.033703,3.051869,-0.169629,0.000000,0.000000,0.000000,0.000000,0.000000,0.000000
1778537960.547944,sequential_ik_elbow_then_wrist,1,0,-0.246543,-0.000552,-0.170928,-0.414491,-0.125537,0.043949,-0.144690,-0.040508,-0.259661,-0.420942,-0.041016,-0.376643,0.000051,0.016503,0.004785,0.128433,0.000028,0.022930,0.004936,0.151426,0.000000,0.000000,0.000000,1.466097,-0.687982,-0.283899,1.354198,-1.155884,-1.035861,3.073021,-0.176918,0.000000,0.000000,0.000000,0.000000,0.000000,0.000000
1778537960.613018,sequential_ik_elbow_then_wrist,1,0,-0.251913,0.003119,-0.162881,-0.414062,-0.118898,0.058071,-0.140873,-0.036086,-0.262398,-0.422540,-0.032847,-0.365615,0.000026,0.015554,0.003412,0.124710,0.000038,0.028298,0.005653,0.168221,0.000000,0.000000,0.000000,1.489127,-0.663239,-0.215763,1.396355,-1.186289,-1.041651,3.089096,-0.182458,0.000000,0.000000,0.000000,0.000000,0.000000,0.000000
1778537987.735788,sequential_ik_elbow_then_wrist,0,0,-0.291077,0.026448,-0.067638,-0.457093,-0.125537,0.130703,-0.201718,-0.054365,-0.215301,-0.489997,0.005724,-0.157991,0.001446,0.026033,0.025585,0.160005,0.000729,0.084991,0.018106,0.291532,0.000000,0.000000,0.000000,1.492185,-0.578492,-0.163980,1.378581,-1.212221,-0.998092,3.101313,-0.186668,0.000000,0.000000,0.000000,0.000000,0.000000,0.000000
1778537987.787636,sequential_ik_elbow_then_wrist,1,0,-0.296069,0.024535,-0.041727,-0.422312,-0.124728,0.185833,-0.255273,-0.021798,-0.156079,-0.501020,0.048974,0.000763,0.000313,0.026089,0.011772,0.161510,0.001534,0.040867,0.028696,0.172508,0.000000,0.000000,0.000000,1.492000,-0.482529,-0.124625,1.360820,-1.260600,-0.907786,2.356998,0.063080,0.000000,0.000000,0.000000,0.000000,0.000000,0.000000
1778537987.851747,sequential_ik_elbow_then_wrist,1,0,-0.293343,0.030517,-0.054944,-0.413955,-0.119546,0.175130,-0.243089,-0.027736,-0.173604,-0.502831,0.025603,-0.033286,0.000007,0.027655,0.001755,0.166294,0.000023,0.009125,0.003906,0.093195,0.000000,0.000000,0.000000,1.487427,-0.410625,-0.094715,1.350661,-1.303964,-0.838308,1.791318,0.303197,0.000000,0.000000,0.000000,0.000000,0.000000,0.000000
1778537987.918169,sequential_ik_elbow_then_wrist,1,0,-0.289554,0.024224,-0.074645,-0.448535,-0.111737,0.140388,-0.256111,-0.024806,-0.154247,-0.498504,0.059678,0.001020,0.000052,0.024689,0.004816,0.156901,0.000078,0.013102,0.006103,0.114249,0.000000,0.000000,0.000000,1.486554,-0.368661,-0.071983,1.322669,-1.342149,-0.771033,1.361402,0.502509,0.000000,0.000000,0.000000,0.000000,0.000000,0.000000
1778537987.974091,sequential_ik_elbow_then_wrist,1,0,-0.288088,0.024232,-0.080114,-0.446618,-0.113944,0.133838,-0.261388,-0.019437,-0.145941,-0.493541,0.079157,0.016491,0.000013,0.024751,0.002382,0.157324,0.000040,0.015037,0.004455,0.122616,0.000000,0.000000,0.000000,1.486446,-0.343164,-0.054707,1.300782,-1.376615,-0.710671,1.034665,0.657722,0.000000,0.000000,0.000000,0.000000,0.000000,0.000000
1778537988.036810,sequential_ik_elbow_then_wrist,1,0,-0.290313,0.009370,-0.075038,-0.451424,-0.124605,0.139657,-0.279573,-0.027180,-0.105359,-0.513457,0.053782,0.064180,0.000031,0.022219,0.003859,0.149043,0.000277,0.010463,0.011088,0.102061,0.000000,0.000000,0.000000,1.495807,-0.322020,-0.041578,1.278925,-1.400763,-0.635072,0.786346,0.759362,0.000000,0.000000,0.000000,0.000000,0.000000,0.000000
1778537988.106035,sequential_ik_elbow_then_wrist,1,0,-0.286756,0.013862,-0.087058,-0.435808,-0.117077,0.137972,-0.271651,-0.011323,-0.126797,-0.516259,0.062627,0.030359,0.000017,0.020325,0.002711,0.142450,0.000048,0.008731,0.004944,0.093244,0.000000,0.000000,0.000000,1.502393,-0.313236,-0.031599,1.276198,-1.427963,-0.585172,0.597623,0.822128,0.000000,0.000000,0.000000,0.000000,0.000000,0.000000
1778537988.162677,sequential_ik_elbow_then_wrist,1,0,-0.285162,0.009363,-0.092710,-0.430224,-0.120099,0.135755,-0.274022,-0.016252,-0.121027,-0.484797,0.061841,0.077656,0.000011,0.019619,0.002254,0.140002,0.000002,0.008582,0.000841,0.091776,0.000000,0.000000,0.000000,1.510016,-0.311884,-0.024015,1.284505,-1.448201,-0.545046,0.454193,0.900145,0.000000,0.000000,0.000000,0.000000,0.000000,0.000000
1778537988.215037,sequential_ik_elbow_then_wrist,1,0,-0.282630,0.001472,-0.100590,-0.430505,-0.134108,0.122459,-0.273203,-0.028897,-0.120520,-0.481522,0.049645,0.080562,0.000023,0.020854,0.003327,0.144406,0.000025,0.009059,0.003698,0.095084,0.000000,0.000000,0.000000,1.521354,-0.317215,-0.018252,1.292995,-1.455551,-0.513722,0.345187,0.969520,0.000000,0.000000,0.000000,0.000000,0.000000,0.000000
1778537988.286816,sequential_ik_elbow_then_wrist,1,0,-0.276843,-0.003000,-0.115538,-0.428275,-0.144236,0.101536,-0.270750,-0.032487,-0.125056,-0.477514,0.049819,0.076126,0.000047,0.021833,0.004598,0.147753,0.000011,0.010941,0.002411,0.104566,0.000000,0.000000,0.000000,1.534203,-0.332606,-0.013871,1.302576,-1.456457,-0.492782,0.262342,1.028335,0.000000,0.000000,0.000000,0.000000,0.000000,0.000000
1778537988.340310,sequential_ik_elbow_then_wrist,1,0,-0.275238,-0.002719,-0.119318,-0.421338,-0.142612,0.102232,-0.273181,-0.026601,-0.121098,-0.477083,0.052450,0.084266,0.000009,0.020674,0.001953,0.143732,0.000004,0.010341,0.001362,0.101684,0.000000,0.000000,0.000000,1.544963,-0.349429,-0.010542,1.319159,-1.459610,-0.474842,0.199380,1.075939,0.000000,0.000000,0.000000,0.000000,0.000000,0.000000
1778537988.398978,sequential_ik_elbow_then_wrist,1,0,-0.275837,-0.011526,-0.117393,-0.421224,-0.143064,0.109676,-0.275182,-0.027118,-0.116359,-0.471085,0.051516,0.096805,0.000013,0.017533,0.002615,0.132403,0.000004,0.009811,0.001373,0.099026,0.000000,0.000000,0.000000,1.558914,-0.362103,-0.008012,1.335161,-1.462517,-0.457558,0.151529,1.117204,0.000000,0.000000,0.000000,0.000000,0.000000,0.000000
1778537988.461493,sequential_ik_elbow_then_wrist,1,0,-0.277858,-0.006320,-0.112938,-0.415957,-0.144332,0.114837,-0.270700,-0.027700,-0.126309,-0.468746,0.051508,0.084651,0.000004,0.018828,0.001341,0.137210,0.000011,0.010073,0.002192,0.100356,0.000000,0.000000,0.000000,1.567863,-0.368726,-0.006089,1.350756,-1.464233,-0.450299,0.115162,1.151703,0.000000,0.000000,0.000000,0.000000,0.000000,0.000000
1778537988.516520,sequential_ik_elbow_then_wrist,1,0,-0.277047,-0.004215,-0.115009,-0.409655,-0.147123,0.113009,-0.266159,-0.028508,-0.135449,-0.458051,0.052091,0.080610,0.000001,0.020762,0.000831,0.144077,0.000018,0.010411,0.002858,0.101915,0.000000,0.000000,0.000000,1.572902,-0.374452,-0.004628,1.367557,-1.464601,-0.452395,0.087523,1.189766,0.000000,0.000000,0.000000,0.000000,0.000000,0.000000
1778537988.576329,sequential_ik_elbow_then_wrist,1,0,-0.274225,-0.004286,-0.121583,-0.402033,-0.142057,0.112264,-0.256021,-0.020552,-0.155019,-0.483804,0.060340,0.022665,0.000007,0.019549,0.001706,0.139763,0.000082,0.011208,0.006126,0.105521,0.000000,0.000000,0.000000,1.576314,-0.383374,-0.003517,1.389808,-1.468926,-0.469539,0.066517,1.198178,0.000000,0.000000,0.000000,0.000000,0.000000,0.000000
1778537988.640312,sequential_ik_elbow_then_wrist,1,0,-0.278847,-0.002068,-0.110635,-0.415672,-0.138687,0.118742,-0.252585,-0.015863,-0.161087,-0.488829,0.063554,0.005891,0.000013,0.019026,0.002430,0.137894,0.000027,0.010012,0.003663,0.100004,0.000000,0.000000,0.000000,1.577364,-0.383876,-0.002673,1.398736,-1.476260,-0.490533,0.050553,1.196646,0.000000,0.000000,0.000000,0.000000,0.000000,0.000000
1778537988.709563,sequential_ik_elbow_then_wrist,1,0,-0.278097,-0.004991,-0.112416,-0.412029,-0.137998,0.120760,-0.256407,-0.036807,-0.151329,-0.465232,0.041304,0.049397,0.000001,0.018192,0.000629,0.134878,0.000068,0.009737,0.006387,0.098121,0.000000,0.000000,0.000000,1.579558,-0.384005,-0.002031,1.405561,-1.470357,-0.501311,0.038421,1.220536,0.000000,0.000000,0.000000,0.000000,0.000000,0.000000
1778537988.765790,sequential_ik_elbow_then_wrist,1,0,-0.275406,-0.006488,-0.118783,-0.410189,-0.140594,0.113272,-0.258596,-0.024796,-0.150045,-0.463745,0.064715,0.049708,0.000006,0.018383,0.001672,0.135582,0.000008,0.012998,0.002144,0.113987,0.000000,0.000000,0.000000,1.582577,-0.388301,-0.001544,1.412436,-1.469683,-0.507348,0.029200,1.243918,0.000000,0.000000,0.000000,0.000000,0.000000,0.000000
1778537988.825641,sequential_ik_elbow_then_wrist,1,0,-0.281242,-0.004278,-0.104330,-0.418288,-0.134813,0.128434,-0.257432,-0.011912,-0.153580,-0.472587,0.072411,0.037727,0.000024,0.016985,0.003242,0.130300,0.000039,0.010913,0.004882,0.104413,0.000000,0.000000,0.000000,1.583801,-0.382920,-0.001173,1.411466,-1.478358,-0.514002,0.022192,1.253905,0.000000,0.000000,0.000000,0.000000,0.000000,0.000000
1778537988.879327,sequential_ik_elbow_then_wrist,1,0,-0.281843,-0.003006,-0.102741,-0.419271,-0.133833,0.129634,-0.255218,-0.009244,-0.157411,-0.482901,0.073826,0.019394,0.000003,0.017346,0.001217,0.131693,0.000013,0.009499,0.002724,0.097318,0.000000,0.000000,0.000000,1.583642,-0.375807,-0.000892,1.406666,-1.489548,-0.522269,0.016866,1.248837,0.000000,0.000000,0.000000,0.000000,0.000000,0.000000
1778537988.936960,sequential_ik_elbow_then_wrist,1,0,-0.288942,-0.010590,-0.080003,-0.416415,-0.142771,0.157229,-0.269374,-0.018996,-0.130677,-0.465710,0.057832,0.082747,0.000081,0.017461,0.006002,0.132118,0.000109,0.007696,0.007018,0.087470,0.000000,0.000000,0.000000,1.587859,-0.354981,-0.000678,1.397091,-1.493956,-0.510469,0.012818,1.261013,0.000000,0.000000,0.000000,0.000000,0.000000,0.000000
1778537989.002098,sequential_ik_elbow_then_wrist,1,0,-0.290421,-0.018497,-0.072895,-0.407067,-0.151838,0.169208,-0.275934,-0.022796,-0.115503,-0.457891,0.078539,0.100420,0.000032,0.017300,0.003847,0.131527,0.000069,0.013189,0.005570,0.114839,0.000000,0.000000,0.000000,1.597040,-0.331091,-0.000515,1.387853,-1.493958,-0.487091,0.009742,1.272469,0.000000,0.000000,0.000000,0.000000,0.000000,0.000000
1778537989.074712,sequential_ik_elbow_then_wrist,1,0,-0.291211,-0.015205,-0.070462,-0.443906,-0.149074,0.150362,-0.275605,-0.038263,-0.112150,-0.481477,0.032868,0.094144,0.000004,0.016730,0.001280,0.128718,0.000052,0.008527,0.005183,0.092002,0.000000,0.000000,0.000000,1.603448,-0.309538,-0.000391,1.350286,-1.483388,-0.463815,0.007404,1.262107,0.000000,0.000000,0.000000,0.000000,0.000000,0.000000
1778537989.138013,sequential_ik_elbow_then_wrist,1,0,-0.292198,-0.004267,-0.067840,-0.446774,-0.121003,0.161243,-0.239075,-0.023032,-0.179757,-0.498591,0.056962,-0.052271,0.000018,0.012613,0.002900,0.112286,0.000687,0.013504,0.017515,0.115238,0.000000,0.000000,0.000000,1.601377,-0.290724,-0.000298,1.316320,-1.479224,-0.492787,0.005627,1.218318,0.000000,0.000000,0.000000,0.000000,0.000000,0.000000
1778537989.189972,sequential_ik_elbow_then_wrist,0,0,-0.288458,0.000497,-0.082412,-0.438343,-0.111636,0.152025,-0.155424,-0.004873,-0.256553,-0.449679,0.053548,-0.255533,0.000031,0.012638,0.003735,0.112340,0.002146,0.062433,0.031368,0.217455,0.000000,0.000000,0.000000,1.595179,-0.285153,-0.000226,1.300514,-1.483492,-0.596282,0.757876,0.889668,0.000000,0.000000,0.000000,0.000000,0.000000,0.000000
1778537989.258559,sequential_ik_elbow_then_wrist,0,0,-0.294230,-0.001094,-0.058547,-0.435271,-0.107593,0.183868,-0.231183,-0.007639,-0.191040,-0.520298,0.031046,-0.120926,0.000054,0.011424,0.004882,0.106881,0.000606,0.061448,0.016645,0.247838,0.000000,0.000000,0.000000,1.590280,-0.267762,-0.000172,1.290368,-1.492175,-0.631766,1.329586,0.628148,0.000000,0.000000,0.000000,0.000000,0.000000,0.000000
1778537989.315503,sequential_ik_elbow_then_wrist,0,0,-0.294008,-0.003550,-0.059555,-0.435543,-0.110235,0.182490,-0.233157,0.002713,-0.188760,-0.504709,0.041587,-0.067317,0.000002,0.011534,0.001053,0.107389,0.000093,0.074021,0.007433,0.272068,0.000000,0.000000,0.000000,1.588032,-0.252168,-0.000131,1.279741,-1.507669,-0.647026,1.764085,0.429392,0.000000,0.000000,0.000000,0.000000,0.000000,0.000000
1778537989.379184,sequential_ik_elbow_then_wrist,0,0,-0.286910,0.005157,-0.087499,-0.433806,-0.099442,0.152252,-0.146492,0.019315,-0.261088,-0.440857,0.068070,-0.229914,0.000101,0.011527,0.006714,0.107304,0.001607,0.058127,0.028243,0.241095,0.000000,0.000000,0.000000,1.581287,-0.257563,-0.000099,1.280126,-1.532754,-0.725573,2.094305,0.278338,0.000000,0.000000,0.000000,0.000000,0.000000,0.000000
1778537989.439950,sequential_ik_elbow_then_wrist,0,0,-0.287768,0.006528,-0.084539,-0.430483,-0.095482,0.158826,-0.156730,0.031669,-0.253836,-0.440879,0.078004,-0.169498,0.000003,0.011212,0.001149,0.105825,0.000307,0.096702,0.016305,0.310970,0.000000,0.000000,0.000000,1.574048,-0.263704,-0.000075,1.289083,-1.565476,-0.792216,2.345272,0.163537,0.000000,0.000000,0.000000,0.000000,0.000000,0.000000
1778538011.767712,sequential_ik_elbow_then_wrist,0,0,-0.214156,0.209516,0.015500,-0.418018,0.129546,0.220549,-0.051605,-0.148807,-0.255330,-0.350129,-0.173516,-0.238805,0.007520,0.017894,0.060115,0.133032,0.020987,0.115827,0.139988,0.340334,0.000000,0.000000,0.000000,1.431142,-0.208222,-0.000057,1.262290,-1.519216,-0.897168,2.536006,0.076288,0.000000,0.000000,0.000000,0.000000,0.000000,0.000000
1778538011.835615,sequential_ik_elbow_then_wrist,0,0,-0.219264,0.203930,0.018327,-0.387084,0.128155,0.255170,-0.049548,-0.117642,-0.271487,-0.349506,-0.118680,-0.276369,0.000357,0.026468,0.012577,0.162653,0.009136,0.091894,0.094207,0.303140,0.000000,0.000000,0.000000,1.293516,-0.148721,-0.000044,1.250215,-1.446231,-0.985405,2.680965,0.009979,0.000000,0.000000,0.000000,0.000000,0.000000,0.000000
1778538013.948857,sequential_ik_elbow_then_wrist,1,0,-0.068911,0.081795,-0.280287,-0.278159,0.069572,-0.494916,-0.077852,-0.134086,-0.256827,-0.336206,-0.108690,-0.407186,0.017852,0.027887,0.095905,0.157726,0.006763,0.019261,0.079593,0.138784,0.000000,0.000000,0.000000,1.175175,-0.326341,-0.753633,1.109377,-1.350643,-1.023247,2.791133,-0.040416,0.000000,0.000000,0.000000,0.000000,0.000000,0.000000
1778538014.010570,sequential_ik_elbow_then_wrist,1,0,-0.078715,0.080466,-0.278081,-0.290054,0.067660,-0.490618,-0.079904,-0.140951,-0.252484,-0.342772,-0.122829,-0.395913,0.000951,0.032151,0.020642,0.171901,0.003872,0.024035,0.059539,0.155031,0.000000,0.000000,0.000000,1.083646,-0.516290,-1.326361,0.879944,-1.238714,-1.033467,2.874861,-0.078716,0.000000,0.000000,0.000000,0.000000,0.000000,0.000000
1778538014.058941,sequential_ik_elbow_then_wrist,0,0,-0.069034,0.083083,-0.279878,-0.288386,0.076323,-0.484424,-0.083730,-0.155510,-0.242500,-0.354381,-0.155958,-0.371912,0.000158,0.027338,0.010475,0.163190,0.002194,0.033505,0.043789,0.183044,0.000000,0.000000,0.000000,1.009288,-0.676551,-1.761634,0.641784,-1.118582,-1.022139,2.938495,-0.107824,0.000000,0.000000,0.000000,0.000000,0.000000,0.000000
1778538014.125571,sequential_ik_elbow_then_wrist,0,0,-0.098001,0.081805,-0.271484,-0.326401,0.071152,-0.465700,-0.092616,-0.151663,-0.241703,-0.367102,-0.145163,-0.362598,0.000133,0.034312,0.010571,0.185027,0.000487,0.050565,0.020405,0.224867,0.000000,0.000000,0.000000,0.958415,-0.788845,-2.092442,0.439756,-1.008879,-1.005235,2.986856,-0.129946,0.000000,0.000000,0.000000,0.000000,0.000000,0.000000
1778538014.191989,sequential_ik_elbow_then_wrist,0,0,-0.099795,0.085461,-0.269699,-0.325962,0.073716,-0.466448,-0.095217,-0.152250,-0.240320,-0.368536,-0.143393,-0.363681,0.000052,0.031454,0.006690,0.177352,0.000139,0.058309,0.010842,0.241472,0.000000,0.000000,0.000000,0.923673,-0.869305,-2.343856,0.286215,-0.915219,-0.988441,3.023610,-0.146759,0.000000,0.000000,0.000000,0.000000,0.000000,0.000000
1778538075.796576,sequential_ik_elbow_then_wrist,0,0,0.048067,-0.257249,-0.146671,0.261484,-0.463639,-0.103587,0.076094,-0.276731,-0.087346,0.288578,-0.426290,0.062597,0.047577,0.054915,0.196311,0.189961,0.016407,0.201574,0.106126,0.448970,0.000000,0.000000,0.000000,0.878322,-1.157836,-2.534931,0.498852,-0.705854,-0.873023,3.051544,-0.159537,0.000000,0.000000,0.000000,0.000000,0.000000,0.000000
1778538075.856025,sequential_ik_elbow_then_wrist,0,0,-0.002895,-0.273676,-0.122853,0.205920,-0.483464,-0.074010,0.067234,-0.279300,-0.086436,0.261913,-0.460827,0.051940,0.013677,0.003986,0.098689,0.061340,0.001388,0.079496,0.026600,0.281950,0.000000,0.000000,0.000000,0.736942,-1.483197,-2.680147,0.624595,-0.497895,-0.746146,3.072773,-0.169248,0.000000,0.000000,0.000000,0.000000,0.000000,0.000000
1778538079.236682,sequential_ik_elbow_then_wrist,0,0,0.018967,-0.268389,-0.132695,0.248486,-0.455986,-0.086564,0.087940,-0.281886,-0.052981,0.294638,-0.366370,0.147364,0.000883,0.039160,0.022236,0.196997,0.000518,0.062563,0.015457,0.231864,0.000000,0.000000,0.000000,0.593660,-1.761338,-2.790512,0.675097,-0.314158,-0.618960,2.335308,0.048534,0.000000,0.000000,0.000000,0.000000,0.000000,0.000000
1778538079.414919,sequential_ik_elbow_then_wrist,0,0,-0.000729,-0.263562,-0.143299,0.222670,-0.456185,-0.088623,0.088124,-0.278392,-0.068790,0.295353,-0.382786,0.121363,0.000236,0.049761,0.011838,0.223024,0.000019,0.033184,0.002971,0.180376,0.000000,0.000000,0.000000,0.461297,-1.972791,-2.874389,0.702338,-0.167473,-0.525110,1.774834,0.275170,0.000000,0.000000,0.000000,0.000000,0.000000,0.000000
1778538081.045816,sequential_ik_elbow_then_wrist,0,0,0.029319,-0.257628,-0.150891,0.264223,-0.427515,-0.073700,0.089883,-0.273346,-0.084870,0.316330,-0.264133,0.111693,0.000067,0.059978,0.006245,0.244798,0.000042,0.061630,0.004312,0.245773,0.000000,0.000000,0.000000,0.372268,-2.128291,-2.938136,0.740246,-0.052287,-0.464687,1.348874,0.531440,0.000000,0.000000,0.000000,0.000000,0.000000,0.000000
1778538081.129119,sequential_ik_elbow_then_wrist,0,0,0.043671,-0.243059,-0.170338,0.281483,-0.405381,-0.086096,0.094859,-0.271639,-0.084936,0.319985,-0.251559,0.112334,0.000163,0.056756,0.009439,0.238113,0.000008,0.058941,0.001961,0.242264,0.000000,0.000000,0.000000,0.318239,-2.231032,-2.986583,0.787352,0.039459,-0.421304,1.025144,0.764108,0.000000,0.000000,0.000000,0.000000,0.000000,0.000000
1778538081.168262,sequential_ik_elbow_then_wrist,0,0,0.041820,-0.169636,-0.243875,0.260481,-0.352689,-0.150714,0.095057,-0.269244,-0.092044,0.351323,-0.251197,0.062881,0.001517,0.043796,0.026640,0.208341,0.000009,0.079424,0.002038,0.281814,0.000000,0.000000,0.000000,0.287884,-2.241778,-3.023403,0.870554,0.110859,-0.393500,0.779109,0.935711,0.000000,0.000000,0.000000,0.000000,0.000000,0.000000
1778538081.218946,sequential_ik_elbow_then_wrist,0,0,0.069088,-0.135545,-0.258562,0.298713,-0.315876,-0.189622,0.103462,-0.249099,-0.131323,0.367965,-0.254886,0.010115,0.001177,0.042478,0.029639,0.205853,0.000268,0.080033,0.011047,0.282805,0.000000,0.000000,0.000000,0.288892,-2.216209,-3.051386,0.958067,0.174818,-0.399706,0.592123,1.048411,0.000000,0.000000,0.000000,0.000000,0.000000,0.000000
1778538081.290546,sequential_ik_elbow_then_wrist,0,0,0.059350,-0.186408,-0.227442,0.302050,-0.356377,-0.180462,0.091040,-0.260028,-0.118732,0.348182,-0.248860,0.035389,0.000231,0.036768,0.010180,0.191545,0.000020,0.074934,0.003299,0.273663,0.000000,0.000000,0.000000,0.291398,-2.223763,-3.072654,1.003288,0.216462,-0.402132,0.450014,1.149743,0.000000,0.000000,0.000000,0.000000,0.000000,0.000000
1778538081.364983,sequential_ik_elbow_then_wrist,0,0,0.049907,-0.189166,-0.227432,0.294956,-0.352580,-0.170453,0.089908,-0.266307,-0.104868,0.338811,-0.237879,0.060175,0.000034,0.039175,0.004859,0.197920,0.000035,0.074295,0.004022,0.272421,0.000000,0.000000,0.000000,0.288615,-2.235669,-3.088817,1.033320,0.244148,-0.394224,0.342010,1.248399,0.000000,0.000000,0.000000,0.000000,0.000000,0.000000
1778538081.419038,sequential_ik_elbow_then_wrist,0,0,0.009078,-0.201492,-0.222078,0.242294,-0.372120,-0.141478,0.064693,-0.289055,-0.047562,0.302352,-0.254692,0.132264,0.000728,0.037693,0.024308,0.194033,0.000608,0.064129,0.016609,0.253190,0.000000,0.000000,0.000000,0.258939,-2.250010,-3.101101,1.072052,0.244939,-0.349450,0.259928,1.335111,0.000000,0.000000,0.000000,0.000000,0.000000,0.000000
1778538081.480373,sequential_ik_elbow_then_wrist,0,0,-0.065082,-0.200290,-0.213654,0.154211,-0.379995,-0.115589,0.066526,-0.290340,-0.035732,0.306133,-0.275357,0.144168,0.003081,0.045402,0.049897,0.212710,0.000088,0.067472,0.006260,0.259654,0.000000,0.000000,0.000000,0.178274,-2.266126,-3.110437,1.131535,0.241465,-0.299087,0.197545,1.383694,0.000000,0.000000,0.000000,0.000000,0.000000,0.000000
1778538081.558759,sequential_ik_elbow_then_wrist,0,0,-0.056101,-0.190295,-0.225034,0.168133,-0.362396,-0.124533,0.076966,-0.287645,-0.036555,0.317334,-0.271268,0.142205,0.000561,0.072641,0.021231,0.269304,0.000014,0.070294,0.002468,0.265081,0.000000,0.000000,0.000000,0.092344,-2.273091,-3.117532,1.202672,0.244522,-0.257583,0.150134,1.408221,0.000000,0.000000,0.000000,0.000000,0.000000,0.000000
1778538081.598704,sequential_ik_elbow_then_wrist,0,0,-0.098357,-0.083733,-0.270767,0.127316,-0.253443,-0.169423,0.091994,-0.283854,-0.031051,0.289817,-0.240698,0.190317,0.005241,0.086655,0.064886,0.292691,0.000043,0.048372,0.004390,0.219795,0.000000,0.000000,0.000000,-0.019043,-2.216607,-3.122924,1.332131,0.257750,-0.221890,0.114102,1.445813,0.000000,0.000000,0.000000,0.000000,0.000000,0.000000
1778538081.647114,sequential_ik_elbow_then_wrist,0,0,-0.085380,-0.107819,-0.266618,0.137272,-0.277439,-0.158658,0.078169,-0.289253,-0.014911,0.286014,-0.237765,0.195206,0.000950,0.094313,0.029752,0.306334,0.000051,0.052130,0.004750,0.228306,0.000000,0.000000,0.000000,-0.122959,-2.173146,-3.127022,1.482692,0.261208,-0.183820,0.086718,1.480581,0.000000,0.000000,0.000000,0.000000,0.000000,0.000000
1778538081.712288,sequential_ik_elbow_then_wrist,0,0,-0.094483,-0.118885,-0.258727,0.126475,-0.287396,-0.145671,0.073913,-0.290744,-0.002113,0.296133,-0.248005,0.194843,0.000616,0.096796,0.023446,0.310713,0.000039,0.060075,0.004177,0.245058,0.000000,0.000000,0.000000,-0.218161,-2.151086,-3.130137,1.635308,0.259541,-0.144482,0.065905,1.495840,0.000000,0.000000,0.000000,0.000000,0.000000,0.000000
1778538081.783362,sequential_ik_elbow_then_wrist,0,0,-0.103393,-0.214423,-0.182572,0.095593,-0.355750,-0.008127,0.055282,-0.293893,0.023895,0.259705,-0.246465,0.238283,0.001841,0.146954,0.029233,0.369674,0.000156,0.048251,0.008303,0.219662,0.000000,0.000000,0.000000,-0.281304,-2.209133,-2.378904,1.994813,0.245648,-0.096144,0.050088,1.506941,0.000000,0.000000,0.000000,0.000000,0.000000,0.000000
1778538083.045377,sequential_ik_elbow_then_wrist,0,0,0.043882,-0.009984,-0.296605,0.237986,-0.215538,-0.196251,0.087465,-0.254318,-0.132936,0.363073,-0.292123,-0.020638,0.009902,0.141677,0.075408,0.376400,0.003046,0.101593,0.037254,0.317667,0.000000,0.000000,0.000000,-0.307868,-2.098898,-1.807967,2.269658,0.257700,-0.154468,0.038067,1.452770,0.000000,0.000000,0.000000,0.000000,0.000000,0.000000
1778538083.101802,sequential_ik_elbow_then_wrist,0,0,-0.001215,-0.029537,-0.298540,0.166166,-0.253921,-0.190673,0.068592,-0.267699,-0.116758,0.317029,-0.344171,0.033011,0.000179,0.128587,0.011580,0.358590,0.000062,0.056928,0.005402,0.238543,0.000000,0.000000,0.000000,-0.326365,-1.999182,-1.374055,2.478540,0.259055,-0.210023,0.028931,1.399631,0.000000,0.000000,0.000000,0.000000,0.000000,0.000000
1778538083.158132,sequential_ik_elbow_then_wrist,0,0,-0.011226,-0.098214,-0.283246,0.153822,-0.327798,-0.182995,0.061286,-0.268788,-0.118310,0.331876,-0.353167,-0.020017,0.001067,0.164785,0.028117,0.405937,0.000021,0.074343,0.003322,0.272295,0.000000,0.000000,0.000000,-0.333649,-1.962756,-1.044282,2.637290,0.253336,-0.255853,0.021987,1.325419,0.000000,0.000000,0.000000,0.000000,0.000000,0.000000
1778538083.230101,sequential_ik_elbow_then_wrist,0,0,-0.048077,-0.090375,-0.281994,0.099217,-0.325791,-0.168486,0.057283,-0.270211,-0.117066,0.313661,-0.388786,-0.016020,0.000188,0.144560,0.012467,0.380210,0.000008,0.060276,0.002052,0.245312,0.000000,0.000000,0.000000,-0.343921,-1.947898,-0.793654,2.757941,0.244454,-0.290669,0.016710,1.245282,0.000000,0.000000,0.000000,0.000000,0.000000,0.000000
1778538083.283649,sequential_ik_elbow_then_wrist,0,0,-0.023924,-0.193837,-0.227716,0.156893,-0.409320,-0.123446,0.071754,-0.264273,-0.122520,0.333280,-0.353822,-0.005965,0.002536,0.207603,0.040465,0.455635,0.000031,0.067316,0.004058,0.259410,0.000000,0.000000,0.000000,-0.328259,-2.004626,-0.603177,2.849635,0.246059,-0.320810,0.012700,1.195799,0.000000,0.000000,0.000000,0.000000,0.000000,0.000000
1778538083.346566,sequential_ik_elbow_then_wrist,0,0,-0.022717,-0.238982,-0.179921,0.177255,-0.436183,-0.074455,0.071185,-0.270785,-0.107741,0.332431,-0.328912,0.027801,0.001529,0.227415,0.029130,0.476881,0.000026,0.070377,0.003389,0.265051,0.000000,0.000000,0.000000,-0.291228,-2.105089,-0.458415,2.919323,0.248308,-0.334664,0.009652,1.185071,0.000000,0.000000,0.000000,0.000000,0.000000,0.000000
1778538083.407671,sequential_ik_elbow_then_wrist,0,0,0.013434,-0.226479,-0.196282,0.216368,-0.425519,-0.100362,0.092454,-0.256851,-0.124418,0.358705,-0.302233,0.006162,0.000681,0.238144,0.022360,0.488000,0.000117,0.075019,0.007796,0.273873,0.000000,0.000000,0.000000,-0.230776,-2.181497,-0.348395,2.972285,0.265439,-0.354345,0.007335,1.185549,0.000000,0.000000,0.000000,0.000000,0.000000,0.000000
1778538083.472135,sequential_ik_elbow_then_wrist,0,0,0.036273,-0.218642,-0.202188,0.248380,-0.412775,-0.116613,0.098037,-0.253413,-0.127164,0.364423,-0.275334,0.009064,0.000522,0.245868,0.019644,0.495851,0.000032,0.076212,0.004171,0.275970,0.000000,0.000000,0.000000,-0.157182,-2.234907,-0.264780,3.012537,0.286865,-0.373221,0.005575,1.203293,0.000000,0.000000,0.000000,0.000000,0.000000,0.000000
1778538083.525290,sequential_ik_elbow_then_wrist,0,0,0.037396,-0.230301,-0.188582,0.258382,-0.419982,-0.116568,0.090340,-0.258472,-0.122599,0.349220,-0.273950,0.028204,0.000127,0.256924,0.009052,0.506876,0.000005,0.070364,0.001678,0.265117,0.000000,0.000000,0.000000,-0.089165,-2.286077,-0.201233,3.043128,0.299996,-0.385348,0.004237,1.237806,0.000000,0.000000,0.000000,0.000000,0.000000,0.000000
1778538083.590762,sequential_ik_elbow_then_wrist,0,0,0.063614,-0.232090,-0.179130,0.299538,-0.410605,-0.129407,0.107152,-0.249098,-0.128330,0.366631,-0.253473,0.022173,0.000278,0.275237,0.013662,0.524630,0.000051,0.073719,0.005286,0.271483,0.000000,0.000000,0.000000,-0.016639,-2.334586,-0.152937,3.066377,0.320943,-0.397982,0.003220,1.273461,0.000000,0.000000,0.000000,0.000000,0.000000,0.000000
1778538083.653782,sequential_ik_elbow_then_wrist,0,0,0.077707,-0.223460,-0.184465,0.319538,-0.396771,-0.145979,0.154480,-0.206642,-0.153085,0.411466,-0.245210,-0.003183,0.000181,0.281007,0.011208,0.530101,0.000845,0.054364,0.022040,0.232939,0.000000,0.000000,0.000000,0.056312,-2.369600,-0.116232,3.084047,0.378335,-0.426274,0.002447,1.276127,0.000000,0.000000,0.000000,0.000000,0.000000,0.000000
1778538083.708506,sequential_ik_elbow_then_wrist,0,0,0.080494,-0.220532,-0.186779,0.317598,-0.399401,-0.144498,0.148047,-0.218770,-0.142203,0.402817,-0.267390,0.008557,0.000049,0.281446,0.005838,0.530515,0.000019,0.039644,0.003271,0.199012,0.000000,0.000000,0.000000,0.120869,-2.394127,-0.088336,3.097475,0.427688,-0.443712,0.001860,1.263261,0.000000,0.000000,0.000000,0.000000,0.000000,0.000000
1778538083.790093,sequential_ik_elbow_then_wrist,0,0,0.100100,-0.209336,-0.190154,0.335170,-0.385972,-0.130645,0.163379,-0.222195,-0.118055,0.411627,-0.264091,0.045094,0.000182,0.278578,0.011301,0.527805,0.000124,0.035819,0.007641,0.189232,0.000000,0.000000,0.000000,0.187268,-2.409452,-0.067136,3.107681,0.473720,-0.439504,0.001414,1.245863,0.000000,0.000000,0.000000,0.000000,0.000000,0.000000
1778538083.831053,sequential_ik_elbow_then_wrist,0,0,0.087895,-0.240638,-0.156102,0.326719,-0.415551,-0.107435,0.145986,-0.239176,-0.107160,0.391025,-0.293258,0.057251,0.000226,0.291148,0.010301,0.539581,0.000097,0.032565,0.006960,0.180413,0.000000,0.000000,0.000000,0.230340,-2.446298,-0.051023,3.115438,0.496296,-0.425073,0.001074,1.223042,0.000000,0.000000,0.000000,0.000000,0.000000,0.000000
1778538083.889617,sequential_ik_elbow_then_wrist,0,0,-0.009088,-0.282920,-0.099368,0.221209,-0.459639,-0.023647,0.063705,-0.291054,-0.035061,0.241794,-0.382156,0.188511,0.002499,0.260917,0.037018,0.510800,0.002110,0.014251,0.031652,0.119255,0.000000,0.000000,0.000000,0.194839,-2.517277,-0.038778,3.121333,0.449465,-0.366278,0.000816,1.218627,0.000000,0.000000,0.000000,0.000000,0.000000,0.000000
1778538083.956348,sequential_ik_elbow_then_wrist,0,0,-0.042079,-0.281597,-0.094512,0.167988,-0.475431,-0.003406,0.042889,-0.296817,-0.007767,0.207127,-0.393689,0.223839,0.000663,0.254410,0.018495,0.504390,0.000521,0.018553,0.015261,0.136162,0.000000,0.000000,0.000000,0.127305,-2.585470,-0.029471,3.125813,0.384777,-0.293119,0.000621,1.206567,0.000000,0.000000,0.000000,0.000000,0.000000,0.000000
1778538084.016031,sequential_ik_elbow_then_wrist,0,0,-0.087556,-0.271530,-0.092764,0.085649,-0.498107,0.000312,-0.017950,-0.299287,-0.010260,0.108342,-0.408331,0.239058,0.000569,0.255585,0.017037,0.505555,0.000623,0.012874,0.016661,0.113429,0.000000,0.000000,0.000000,0.036123,-2.641753,-0.022398,3.129218,0.291303,-0.232528,0.000472,1.204013,0.000000,0.000000,0.000000,0.000000,0.000000,0.000000
1778538084.070714,sequential_ik_elbow_then_wrist,0,0,-0.125435,-0.262518,-0.073145,0.041769,-0.474479,0.057682,-0.051920,-0.295146,0.013891,0.046376,-0.364185,0.288793,0.000470,0.230360,0.015132,0.479958,0.000387,0.009487,0.013104,0.096674,0.000000,0.000000,0.000000,-0.067844,-2.698261,-0.017022,3.131806,0.188936,-0.170386,0.000358,1.230575,0.000000,0.000000,0.000000,0.000000,0.000000,0.000000
1778538084.123251,sequential_ik_elbow_then_wrist,0,0,-0.148165,-0.254473,-0.057364,-0.011969,-0.485311,0.077412,-0.074610,-0.289834,0.020723,-0.004645,-0.397855,0.291715,0.000239,0.241820,0.010579,0.491752,0.000165,0.007393,0.008555,0.085506,0.000000,0.000000,0.000000,-0.170507,-2.754457,-0.012937,3.133772,0.089569,-0.115237,0.000272,1.229015,0.000000,0.000000,0.000000,0.000000,0.000000,0.000000
1778538084.199787,sequential_ik_elbow_then_wrist,0,0,-0.086593,-0.281190,-0.058600,0.077160,-0.497249,0.069865,-0.014738,-0.298900,0.021008,0.076268,-0.422683,0.278682,0.000421,0.258241,0.014051,0.508174,0.000331,0.013475,0.012157,0.115600,0.000000,0.000000,0.000000,-0.212717,-2.799349,-0.009832,3.135267,0.046514,-0.071311,0.000207,1.202519,0.000000,0.000000,0.000000,0.000000,0.000000,0.000000
1778538084.257125,sequential_ik_elbow_then_wrist,0,0,-0.095444,-0.278589,-0.057259,0.068460,-0.489744,0.078935,-0.016426,-0.297997,0.030461,0.065277,-0.427447,0.288468,0.000004,0.250922,0.001281,0.500921,0.000025,0.008700,0.003345,0.093044,0.000000,0.000000,0.000000,-0.241823,-2.834954,-0.007472,3.136403,0.020203,-0.031646,0.000157,1.166681,0.000000,0.000000,0.000000,0.000000,0.000000,0.000000
1778538084.314415,sequential_ik_elbow_then_wrist,0,0,-0.089525,-0.280677,-0.056617,0.059636,-0.497520,0.087364,-0.013366,-0.297011,0.040069,0.061477,-0.428068,0.299343,0.000007,0.258879,0.001808,0.508802,0.000021,0.006915,0.003021,0.083035,0.000000,0.000000,0.000000,-0.259342,-2.862757,-0.005679,3.137266,0.003544,0.005904,0.000120,1.128747,0.000000,0.000000,0.000000,0.000000,0.000000,0.000000
1778538119.042409,sequential_ik_elbow_then_wrist,0,0,-0.067041,0.092752,-0.277313,-0.264221,0.052262,-0.499755,-0.042258,-0.087619,-0.283791,-0.272979,-0.070594,-0.474783,0.040134,0.322336,0.165921,0.567747,0.022766,0.067401,0.110950,0.259596,0.000000,0.000000,0.000000,-0.353146,-2.626747,-0.757916,3.137922,-0.041496,-0.208822,0.753691,1.092135,0.000000,0.000000,0.000000,0.000000,0.000000,0.000000
1778538119.100208,sequential_ik_elbow_then_wrist,0,0,-0.054741,0.092972,-0.279928,-0.232158,0.062414,-0.519906,-0.041174,-0.084780,-0.284811,-0.261986,-0.075024,-0.487657,0.012764,0.228871,0.108013,0.469092,0.001882,0.069072,0.032289,0.259230,0.000000,0.000000,0.000000,-0.436440,-2.368779,-1.329616,2.912977,-0.088866,-0.440288,1.326405,0.960463,0.000000,0.000000,0.000000,0.000000,0.000000,0.000000
1778538119.158296,sequential_ik_elbow_then_wrist,0,0,-0.056455,0.088910,-0.280905,-0.224947,0.055668,-0.526884,-0.042756,-0.081161,-0.285631,-0.263626,-0.076580,-0.488597,0.010297,0.079395,0.101139,0.260403,0.000469,0.064706,0.020073,0.252637,0.000000,0.000000,0.000000,-0.491575,-2.154701,-1.764108,2.483698,-0.133651,-0.633559,1.761668,0.789185,0.000000,0.000000,0.000000,0.000000,0.000000,0.000000
1778538119.211013,sequential_ik_elbow_then_wrist,0,0,-0.054555,0.085880,-0.282221,-0.220378,0.054231,-0.530214,-0.040694,-0.078789,-0.286594,-0.264541,-0.070679,-0.486160,0.009123,0.049266,0.095322,0.218597,0.000255,0.062731,0.015578,0.250050,0.000000,0.000000,0.000000,-0.520573,-1.985407,-2.094322,2.065070,-0.173956,-0.785977,2.092468,0.624600,0.000000,0.000000,0.000000,0.000000,0.000000,0.000000
1778538119.283466,sequential_ik_elbow_then_wrist,0,0,-0.053569,0.090167,-0.281070,-0.213289,0.058730,-0.533065,-0.039343,-0.082896,-0.285623,-0.261840,-0.074375,-0.486676,0.008861,0.047130,0.093829,0.216778,0.000130,0.058846,0.011251,0.242499,0.000000,0.000000,0.000000,-0.526256,-1.848706,-2.345285,1.718817,-0.209088,-0.900657,2.343875,0.484356,0.000000,0.000000,0.000000,0.000000,0.000000,0.000000
1778538119.338887,sequential_ik_elbow_then_wrist,0,0,-0.049035,0.096843,-0.279673,-0.202990,0.060976,-0.534646,-0.037537,-0.085097,-0.285218,-0.254696,-0.080716,-0.492155,0.007870,0.045229,0.088177,0.212653,0.000060,0.052756,0.007648,0.229670,0.000000,0.000000,0.000000,-0.510333,-1.733180,-2.536017,1.448968,-0.238903,-0.986494,2.534945,0.371133,0.000000,0.000000,0.000000,0.000000,0.000000,0.000000
1778538127.203528,sequential_ik_elbow_then_wrist,0,0,0.219188,-0.200816,-0.040366,0.457451,-0.326422,-0.172480,0.253002,-0.099763,-0.126639,0.533462,-0.192763,-0.178536,0.150834,0.415678,0.386838,0.641525,0.081226,0.375388,0.281301,0.612320,0.000000,0.000000,0.000000,-0.504014,-1.727983,-2.680973,1.398006,-0.155706,-1.022296,2.680158,0.234061,0.000000,0.000000,0.000000,0.000000,0.000000,0.000000
1778538127.250273,sequential_ik_elbow_then_wrist,0,0,0.229498,-0.187698,-0.045829,0.461282,-0.354144,-0.138413,0.248134,-0.123183,-0.115131,0.546278,-0.155784,-0.122025,0.100418,0.232910,0.310278,0.482206,0.025517,0.157662,0.143007,0.397067,0.000000,0.000000,0.000000,-0.390007,-1.833364,-2.791139,1.406497,0.040497,-0.942285,2.790520,0.129887,0.000000,0.000000,0.000000,0.000000,0.000000,0.000000
1778538127.312731,sequential_ik_elbow_then_wrist,0,0,0.210752,-0.203314,-0.065171,0.447056,-0.383997,-0.104080,0.229916,-0.170893,-0.089074,0.527005,-0.137911,-0.063580,0.016807,0.047000,0.105016,0.206343,0.002492,0.077638,0.035424,0.278636,0.000000,0.000000,0.000000,-0.170732,-2.038731,-2.874866,1.253344,0.235718,-0.810784,2.874395,0.050714,0.000000,0.000000,0.000000,0.000000,0.000000,0.000000
1778538127.377882,sequential_ik_elbow_then_wrist,0,0,0.181079,-0.232191,-0.057427,0.431679,-0.396063,-0.076012,0.195183,-0.214114,-0.077838,0.482313,-0.150916,-0.018150,0.000937,0.016899,0.020765,0.123957,0.000332,0.087893,0.012518,0.296468,0.000000,0.000000,0.000000,0.020819,-2.242728,-2.938498,1.042944,0.363639,-0.686524,2.938141,-0.009458,0.000000,0.000000,0.000000,0.000000,0.000000,0.000000
1778538127.437585,sequential_ik_elbow_then_wrist,0,0,0.166641,-0.227035,-0.103373,0.414806,-0.394075,-0.126002,0.209263,-0.191026,-0.098579,0.499361,-0.143532,-0.038681,0.000105,0.011067,0.006807,0.104573,0.000061,0.080129,0.005444,0.283070,0.000000,0.000000,0.000000,0.167419,-2.379461,-2.986858,0.855556,0.471860,-0.599842,2.986587,-0.055188,0.000000,0.000000,0.000000,0.000000,0.000000,0.000000
1778538127.492150,sequential_ik_elbow_then_wrist,0,0,0.149972,-0.241032,-0.097015,0.382435,-0.425459,-0.141145,0.198575,-0.200024,-0.102754,0.498089,-0.199461,-0.085706,0.000062,0.008211,0.005627,0.090363,0.000018,0.054139,0.002976,0.232678,0.000000,0.000000,0.000000,0.265577,-2.483313,-3.023612,0.696964,0.548341,-0.538457,3.023406,-0.089943,0.000000,0.000000,0.000000,0.000000,0.000000,0.000000
1778538127.569771,sequential_ik_elbow_then_wrist,1,0,0.165557,-0.246784,-0.041096,0.399580,-0.430832,-0.077960,0.226088,-0.163409,-0.110371,0.518919,-0.224837,-0.088542,0.000396,0.009110,0.013250,0.095160,0.000276,0.026820,0.011993,0.163769,0.000000,0.000000,0.000000,0.342818,-2.597751,-3.051545,0.558681,0.633372,-0.498019,3.051389,-0.116356,0.000000,0.000000,0.000000,0.000000,0.000000,0.000000
1778538127.633086,sequential_ik_elbow_then_wrist,1,0,0.211269,-0.212981,0.002034,0.461297,-0.368396,-0.055693,0.244971,-0.139513,-0.102592,0.537966,-0.203474,-0.094634,0.000782,0.009673,0.018711,0.096626,0.000257,0.015907,0.011569,0.126124,0.000000,0.000000,0.000000,0.437328,-2.719469,-3.072775,0.409539,0.724346,-0.463567,3.072655,-0.136431,0.000000,0.000000,0.000000,0.000000,0.000000,0.000000
1778538127.686412,sequential_ik_elbow_then_wrist,1,0,0.189229,-0.232370,-0.014017,0.427650,-0.407236,-0.064784,0.231799,-0.158033,-0.106278,0.519970,-0.241314,-0.101637,0.000031,0.004645,0.003721,0.067941,0.000018,0.010437,0.003090,0.102160,0.000000,0.000000,0.000000,0.499319,-2.810111,-3.088909,0.283198,0.786488,-0.438811,3.088818,-0.151687,0.000000,0.000000,0.000000,0.000000,0.000000,0.000000
1778538127.743901,sequential_ik_elbow_then_wrist,1,0,0.194600,-0.226436,0.029291,0.431972,-0.409156,0.012934,0.244512,-0.160891,-0.065786,0.509340,-0.284243,0.002407,0.000909,0.004308,0.029820,0.064415,0.000207,0.010662,0.009584,0.103257,0.000000,0.000000,0.000000,0.549075,-2.889284,-3.101171,0.217388,0.834714,-0.394217,3.101102,-0.163282,0.000000,0.000000,0.000000,0.000000,0.000000,0.000000
1778538127.802590,sequential_ik_elbow_then_wrist,0,0,0.086119,-0.241459,0.155824,0.245911,-0.480509,0.241390,0.150721,-0.248764,0.073484,0.243049,-0.450165,0.275754,0.027828,0.037029,0.164755,0.191291,0.004829,0.015892,0.047313,0.104244,0.000000,0.000000,0.000000,0.524149,-2.949456,-2.356890,0.117215,0.790992,-0.268331,2.356837,-0.001969,0.000000,0.000000,0.000000,0.000000,0.000000,0.000000
1778538127.862281,sequential_ik_elbow_then_wrist,0,0,0.039297,-0.212268,0.208322,0.166077,-0.467140,0.303017,0.126806,-0.254259,0.096295,0.180671,-0.436793,0.328200,0.051487,0.070801,0.226247,0.266084,0.000801,0.003378,0.019249,0.057052,0.000000,0.000000,0.000000,0.463670,-2.995187,-1.791236,0.041084,0.723829,-0.136178,1.791196,0.147225,0.000000,0.000000,0.000000,0.000000,0.000000,0.000000
1778538127.920282,sequential_ik_elbow_then_wrist,0,0,0.020647,-0.245997,0.170467,0.140122,-0.511152,0.244079,0.128285,-0.267852,0.042409,0.159928,-0.503962,0.224757,0.032449,0.043696,0.179642,0.209036,0.000256,0.007081,0.010699,0.083447,0.000000,0.000000,0.000000,0.385727,-3.029942,-1.361339,-0.016776,0.661008,-0.061713,1.361309,0.234531,0.000000,0.000000,0.000000,0.000000,0.000000,0.000000
1778538138.124014,sequential_ik_elbow_then_wrist,0,0,-0.232909,0.105523,-0.156902,-0.429554,0.002009,0.044632,0.124869,-0.232421,-0.142788,0.122760,-0.516856,-0.047435,0.074726,0.201919,0.240722,0.449354,0.004874,0.021392,0.047390,0.146222,0.000000,0.000000,0.000000,0.055244,-2.904448,-1.034618,-0.060750,0.618624,-0.128050,1.034595,0.309002,0.000000,0.000000,0.000000,0.000000,0.000000,0.000000
1778538138.185523,sequential_ik_elbow_then_wrist,0,0,-0.210638,0.105823,-0.185562,-0.345546,-0.056016,0.027999,0.125171,-0.254560,-0.097630,0.055636,-0.510474,0.042630,0.014919,0.168824,0.106787,0.410883,0.000009,0.037124,0.002110,0.190539,0.000000,0.000000,0.000000,-0.335991,-2.783910,-0.786310,-0.094170,0.581575,-0.177241,0.786292,0.434265,0.000000,0.000000,0.000000,0.000000,0.000000,0.000000
1778538138.307134,sequential_ik_elbow_then_wrist,0,0,-0.237055,0.090768,-0.159894,-0.511982,0.007625,-0.073278,-0.170792,-0.181774,-0.166699,-0.411237,-0.332148,-0.068854,0.002001,0.060525,0.036235,0.246019,0.019375,0.096797,0.113650,0.310632,0.000000,0.000000,0.000000,-0.688242,-2.723111,-0.597595,-0.119569,0.371756,-0.279448,0.597582,0.571350,0.000000,0.000000,0.000000,0.000000,0.000000,0.000000
1778538138.364542,sequential_ik_elbow_then_wrist,0,0,-0.261665,0.079781,-0.123151,-0.517535,-0.031236,-0.012672,-0.137768,-0.257597,-0.068291,-0.338631,-0.422279,0.081822,0.000424,0.074491,0.013991,0.272930,0.001954,0.016305,0.030435,0.127609,0.000000,0.000000,0.000000,-0.966469,-2.711634,-0.454172,-0.138873,0.177401,-0.288547,0.454162,0.664594,0.000000,0.000000,0.000000,0.000000,0.000000,0.000000
1778538138.433497,sequential_ik_elbow_then_wrist,0,0,-0.237504,0.064371,-0.171604,-0.096149,-0.163341,-0.036822,-0.054622,-0.286776,-0.069110,-0.167285,-0.457671,0.150211,0.000219,0.321213,0.009857,0.566756,0.000763,0.002599,0.019266,0.049602,0.000000,0.000000,0.000000,-1.176030,-2.676516,-0.345171,-0.153543,0.074629,-0.280083,0.345163,0.763738,0.000000,0.000000,0.000000,0.000000,0.000000,0.000000
1778538138.497628,sequential_ik_elbow_then_wrist,0,0,-0.218137,0.044853,-0.201009,-0.095210,-0.153510,-0.012486,-0.030005,-0.287844,-0.079028,-0.121672,-0.468720,0.142063,0.000318,0.323848,0.012400,0.569076,0.000237,0.003074,0.010720,0.055353,0.000000,0.000000,0.000000,-1.325944,-2.620540,-0.262330,-0.164693,0.022926,-0.276215,0.262324,0.846723,0.000000,0.000000,0.000000,0.000000,0.000000,0.000000
1778538138.549452,sequential_ik_elbow_then_wrist,0,0,-0.238564,0.069555,-0.168076,-0.388984,-0.103081,0.025755,-0.038409,-0.292343,-0.055319,-0.156096,-0.478778,0.148131,0.000150,0.172714,0.008674,0.415589,0.000067,0.008525,0.005440,0.091993,0.000000,0.000000,0.000000,-1.448041,-2.597131,-0.199371,-0.173167,-0.014519,-0.258746,0.199366,0.890891,0.000000,0.000000,0.000000,0.000000,0.000000,0.000000
1778538138.610543,sequential_ik_elbow_then_wrist,0,0,-0.256611,0.113533,-0.106117,-0.481270,-0.011766,0.048248,-0.050092,-0.294652,-0.025904,-0.192242,-0.488570,0.153509,0.000982,0.105668,0.021847,0.325066,0.000159,0.013165,0.008408,0.113725,0.000000,0.000000,0.000000,-1.566778,-2.626610,-0.151522,-0.179607,-0.049473,-0.223829,0.151518,0.887946,0.000000,0.000000,0.000000,0.000000,0.000000,0.000000
1778538138.668037,sequential_ik_elbow_then_wrist,0,0,-0.254081,0.122603,-0.102037,-0.520077,0.024543,-0.003903,-0.082881,-0.288268,0.005689,-0.267059,-0.435335,0.191296,0.000127,0.069300,0.007891,0.263250,0.000340,0.023351,0.012285,0.152735,0.000000,0.000000,0.000000,-1.670559,-2.662771,-0.115157,-0.184501,-0.098191,-0.172842,0.115154,0.874107,0.000000,0.000000,0.000000,0.000000,0.000000,0.000000
1778538138.732266,sequential_ik_elbow_then_wrist,0,0,-0.258766,0.115568,-0.098409,-0.505397,-0.000223,0.027151,-0.054669,-0.293615,-0.028311,-0.243897,-0.434087,0.157324,0.000010,0.085903,0.002161,0.293091,0.000124,0.025807,0.007401,0.160613,0.000000,0.000000,0.000000,-1.747960,-2.695823,-0.087519,-0.188221,-0.122593,-0.149480,0.087517,0.871408,0.000000,0.000000,0.000000,0.000000,0.000000,0.000000
1778538138.798640,sequential_ik_elbow_then_wrist,0,0,-0.265344,0.078913,-0.115609,-0.372806,-0.080917,0.114404,-0.059990,-0.293385,-0.018074,-0.249502,-0.422324,0.175472,0.000229,0.178137,0.010865,0.422063,0.000003,0.027721,0.001052,0.166419,0.000000,0.000000,0.000000,-1.783688,-2.710731,-0.066514,-0.191048,-0.141476,-0.128908,0.066513,0.881601,0.000000,0.000000,0.000000,0.000000,0.000000,0.000000
1778538138.854184,sequential_ik_elbow_then_wrist,0,0,-0.269828,0.086937,-0.098157,-0.350010,-0.097047,0.124824,-0.067794,-0.290041,-0.035782,-0.218903,-0.444517,0.172312,0.000029,0.189501,0.003623,0.435317,0.000042,0.013913,0.004303,0.117929,0.000000,0.000000,0.000000,-1.808322,-2.731373,-0.050551,-0.193196,-0.161049,-0.123601,0.050550,0.895006,0.000000,0.000000,0.000000,0.000000,0.000000,0.000000
1778538138.922520,sequential_ik_elbow_then_wrist,0,0,-0.265369,0.108258,-0.088653,-0.429854,-0.040768,0.113179,-0.118297,-0.274368,-0.026980,-0.279581,-0.370401,0.207039,0.000078,0.132828,0.006189,0.364456,0.000366,0.017519,0.012817,0.131750,0.000000,0.000000,0.000000,-1.839794,-2.755333,-0.038419,-0.194829,-0.209846,-0.116531,0.038418,0.935620,0.000000,0.000000,0.000000,0.000000,0.000000,0.000000
1778538138.970302,sequential_ik_elbow_then_wrist,0,0,-0.256992,0.118758,-0.099254,-0.469528,-0.022114,0.058808,-0.121473,-0.268740,-0.054981,-0.267882,-0.306343,0.204153,0.000053,0.108101,0.005140,0.328788,0.000125,0.017332,0.007484,0.129473,0.000000,0.000000,0.000000,-1.875050,-2.768554,-0.029198,-0.196070,-0.257942,-0.127853,0.029198,1.023724,0.000000,0.000000,0.000000,0.000000,0.000000,0.000000
1778538139.050767,sequential_ik_elbow_then_wrist,0,0,-0.265539,0.103552,-0.093626,-0.518904,-0.036075,-0.014187,-0.131783,-0.265249,-0.047708,-0.304080,-0.300565,0.195328,0.000023,0.078518,0.003428,0.280212,0.000028,0.021761,0.003580,0.147510,0.000000,0.000000,0.000000,-1.894041,-2.781141,-0.022191,-0.197013,-0.303810,-0.135725,0.022190,1.093459,0.000000,0.000000,0.000000,0.000000,0.000000,0.000000
1778538139.100562,sequential_ik_elbow_then_wrist,0,0,-0.276958,0.062510,-0.096884,-0.339359,-0.103997,0.144739,-0.019124,-0.276335,-0.115210,0.052352,-0.423427,0.136296,0.000288,0.192969,0.012103,0.439282,0.002158,0.016491,0.032477,0.128146,0.000000,0.000000,0.000000,-1.879963,-2.789019,-0.016865,-0.197730,-0.272127,-0.185609,0.016865,1.166510,0.000000,0.000000,0.000000,0.000000,0.000000,0.000000
1778538139.150088,sequential_ik_elbow_then_wrist,0,0,-0.276465,0.052656,-0.103897,-0.297127,-0.123502,0.138055,-0.017382,-0.288082,-0.081896,-0.004676,-0.453379,0.168135,0.000072,0.212599,0.006029,0.461085,0.000185,0.001402,0.009489,0.036470,0.000000,0.000000,0.000000,-1.855851,-2.790151,-0.012817,-0.198275,-0.228152,-0.211181,0.012817,1.201608,0.000000,0.000000,0.000000,0.000000,0.000000,0.000000
1778538139.223422,sequential_ik_elbow_then_wrist,0,0,-0.278329,0.025411,-0.109029,-0.242325,-0.178829,0.107743,0.034490,-0.276810,-0.110393,0.186937,-0.442689,0.087708,0.000160,0.240965,0.009118,0.490882,0.000576,0.026530,0.017069,0.162665,0.000000,0.000000,0.000000,-1.817000,-2.786457,-0.009741,-0.198689,-0.157514,-0.246572,0.009741,1.208231,0.000000,0.000000,0.000000,0.000000,0.000000,0.000000
1778538139.279382,sequential_ik_elbow_then_wrist,0,0,-0.278071,0.023178,-0.110178,-0.259568,-0.187132,0.102959,0.007382,-0.284368,-0.095291,0.015811,-0.498994,0.114148,0.000019,0.225851,0.003131,0.475237,0.000031,0.000166,0.003887,0.008749,0.000000,0.000000,0.000000,-1.780509,-2.781930,-0.007403,-0.199004,-0.110927,-0.266927,0.007403,1.190612,0.000000,0.000000,0.000000,0.000000,0.000000,0.000000
1778538139.337493,sequential_ik_elbow_then_wrist,0,0,-0.281315,0.031190,-0.099443,-0.294930,-0.171911,0.120932,-0.038447,-0.292661,-0.053588,-0.106391,-0.531058,0.115380,0.000017,0.204217,0.002771,0.451903,0.000553,0.004302,0.016045,0.061619,0.000000,0.000000,0.000000,-1.755633,-2.785175,-0.005626,-0.199243,-0.105832,-0.254454,0.005626,1.123286,0.000000,0.000000,0.000000,0.000000,0.000000,0.000000
1778538139.404652,sequential_ik_elbow_then_wrist,0,0,-0.284974,0.034777,-0.087066,-0.312528,-0.155040,0.143608,-0.050441,-0.292554,-0.043217,-0.134180,-0.542713,0.099642,0.000031,0.192368,0.003729,0.438598,0.000124,0.003151,0.007492,0.053131,0.000000,0.000000,0.000000,-1.739459,-2.797206,-0.004276,-0.199424,-0.116796,-0.231969,0.004276,1.028644,0.000000,0.000000,0.000000,0.000000,0.000000,0.000000
1778538139.467213,sequential_ik_elbow_then_wrist,0,0,-0.276268,0.068316,-0.094915,-0.334584,-0.125847,0.126218,-0.051473,-0.291989,-0.045751,-0.186645,-0.517432,0.098831,0.000174,0.181927,0.009366,0.426529,0.000006,0.009642,0.001694,0.098147,0.000000,0.000000,0.000000,-1.749307,-2.803364,-0.003250,-0.199563,-0.129340,-0.213463,0.003250,0.949521,0.000000,0.000000,0.000000,0.000000,0.000000,0.000000
1778538139.523329,sequential_ik_elbow_then_wrist,0,0,-0.274241,0.075816,-0.095100,-0.320137,-0.123559,0.124316,-0.051558,-0.291573,-0.048239,-0.179806,-0.524522,0.090639,0.000040,0.197509,0.004488,0.444419,0.000001,0.007662,0.000618,0.087491,0.000000,0.000000,0.000000,-1.767418,-2.807312,-0.002470,-0.199668,-0.139964,-0.200627,0.002470,0.882826,0.000000,0.000000,0.000000,0.000000,0.000000,0.000000
1778538139.585886,sequential_ik_elbow_then_wrist,0,0,-0.272625,0.082526,-0.094154,-0.314668,-0.120276,0.122879,-0.050605,-0.291301,-0.050822,-0.177079,-0.526387,0.086067,0.000018,0.204155,0.002988,0.451835,0.000001,0.007241,0.000712,0.085091,0.000000,0.000000,0.000000,-1.788262,-2.810772,-0.001877,-0.199747,-0.147745,-0.192768,0.001877,0.830270,0.000000,0.000000,0.000000,0.000000,0.000000,0.000000
1778538139.651972,sequential_ik_elbow_then_wrist,0,0,-0.269910,0.086053,-0.098710,-0.300932,-0.123323,0.113892,-0.047908,-0.291199,-0.053925,-0.173294,-0.527497,0.081875,0.000010,0.215128,0.002161,0.463819,0.000003,0.007243,0.001100,0.085106,0.000000,0.000000,0.000000,-1.808545,-2.810545,-0.001427,-0.199808,-0.151955,-0.189175,0.001427,0.790878,0.000000,0.000000,0.000000,0.000000,0.000000,0.000000
1778538139.698490,sequential_ik_elbow_then_wrist,0,0,-0.254426,0.087726,-0.132558,-0.267457,-0.131166,0.072177,-0.041694,-0.293237,-0.047681,-0.170331,-0.534543,0.075705,0.000179,0.238710,0.008960,0.488580,0.000010,0.008359,0.002101,0.091339,0.000000,0.000000,0.000000,-1.829080,-2.787069,-0.001084,-0.199854,-0.150752,-0.183080,0.001084,0.751441,0.000000,0.000000,0.000000,0.000000,0.000000,0.000000
1778538139.760036,sequential_ik_elbow_then_wrist,0,0,-0.256634,0.087641,-0.128289,-0.273740,-0.120832,0.086760,-0.049524,-0.292391,-0.045328,-0.179240,-0.524013,0.094406,0.000002,0.239784,0.001004,0.489678,0.000006,0.008645,0.001681,0.092926,0.000000,0.000000,0.000000,-1.845665,-2.766819,-0.000824,-0.199889,-0.153658,-0.176208,0.000824,0.728884,0.000000,0.000000,0.000000,0.000000,0.000000,0.000000
1778538139.823818,sequential_ik_elbow_then_wrist,0,0,-0.262302,0.063816,-0.130863,-0.247136,-0.150473,0.078542,-0.038530,-0.291027,-0.061798,-0.124887,-0.542348,0.077414,0.000091,0.254941,0.007155,0.504916,0.000040,0.002396,0.004256,0.048924,0.000000,0.000000,0.000000,-1.843294,-2.749049,-0.000626,-0.199916,-0.150175,-0.180804,0.000626,0.715168,0.000000,0.000000,0.000000,0.000000,0.000000,0.000000
1778538139.878976,sequential_ik_elbow_then_wrist,0,0,-0.258317,0.058171,-0.141026,-0.214163,-0.161683,0.058259,-0.006107,-0.285573,-0.091711,0.051430,-0.569091,-0.012295,0.000039,0.268410,0.004497,0.518083,0.000292,0.006860,0.011649,0.082198,0.000000,0.000000,0.000000,-1.834262,-2.728016,-0.000476,-0.199936,-0.126473,-0.205699,0.000476,0.680273,0.000000,0.000000,0.000000,0.000000,0.000000,0.000000
1778538139.937753,sequential_ik_elbow_then_wrist,0,0,-0.256189,0.061557,-0.143451,-0.224013,-0.159409,0.056895,0.007838,-0.281353,-0.103822,0.056041,-0.564580,-0.017456,0.000004,0.262223,0.001265,0.512077,0.000120,0.002795,0.007569,0.052724,0.000000,0.000000,0.000000,-1.827554,-2.708628,-0.000362,-0.199951,-0.094494,-0.237399,0.000362,0.663160,0.000000,0.000000,0.000000,0.000000,0.000000,0.000000
1778538139.996099,sequential_ik_elbow_then_wrist,0,0,-0.217655,0.053389,-0.199439,-0.142852,-0.188106,-0.037931,0.030012,-0.272834,-0.121081,0.006371,-0.545515,0.001745,0.000579,0.294435,0.016044,0.542619,0.000182,0.001912,0.009534,0.040823,0.000000,0.000000,0.000000,-1.823184,-2.650837,-0.000275,-0.199963,-0.052460,-0.275941,0.000275,0.687778,0.000000,0.000000,0.000000,0.000000,0.000000,0.000000
1778538140.072913,sequential_ik_elbow_then_wrist,0,0,-0.214427,0.086054,-0.191352,-0.209225,-0.161014,-0.021264,0.034423,-0.273964,-0.117299,-0.031396,-0.524043,0.034781,0.000255,0.266369,0.013425,0.516110,0.000022,0.008751,0.003463,0.092336,0.000000,0.000000,0.000000,-1.840302,-2.603284,-0.000209,-0.199972,-0.012875,-0.305937,0.000209,0.742469,0.000000,0.000000,0.000000,0.000000,0.000000,0.000000
1778538140.131605,sequential_ik_elbow_then_wrist,0,0,-0.221665,0.113740,-0.167117,-0.241951,-0.146223,-0.018766,0.005160,-0.284758,-0.094267,-0.166091,-0.455340,0.083427,0.000382,0.257774,0.015365,0.507715,0.000170,0.038111,0.009115,0.194339,0.000000,0.000000,0.000000,-1.876186,-2.584965,-0.000159,-0.199979,0.000603,-0.313754,0.000159,0.828531,0.000000,0.000000,0.000000,0.000000,0.000000,0.000000
1778538140.184212,sequential_ik_elbow_then_wrist,0,0,-0.224378,0.145852,-0.135579,-0.359135,-0.086689,-0.002292,-0.046370,-0.291562,-0.053304,-0.254633,-0.429319,0.112977,0.000522,0.198666,0.016846,0.445720,0.000717,0.046378,0.018347,0.215325,0.000000,0.000000,0.000000,-1.929214,-2.597713,-0.000121,-0.199984,-0.025566,-0.290325,0.000121,0.885100,0.000000,0.000000,0.000000,0.000000,0.000000,0.000000
1778538140.244969,sequential_ik_elbow_then_wrist,0,0,-0.234262,0.131087,-0.133931,-0.341390,-0.108522,0.011367,-0.036200,-0.292939,-0.053632,-0.219102,-0.478400,0.095200,0.000021,0.218809,0.003095,0.467770,0.000016,0.028370,0.002702,0.167508,0.000000,0.000000,0.000000,-1.966817,-2.614938,-0.000092,-0.199988,-0.048103,-0.265784,0.000092,0.885764,0.000000,0.000000,0.000000,0.000000,0.000000,0.000000
1778538140.301520,sequential_ik_elbow_then_wrist,0,0,-0.232203,0.134216,-0.134415,-0.355957,-0.093012,0.017414,-0.027454,-0.295641,-0.042927,-0.191561,-0.526353,0.056272,0.000002,0.207069,0.000895,0.455048,0.000029,0.021605,0.003591,0.144831,0.000000,0.000000,0.000000,-1.996901,-2.629421,-0.000070,-0.199991,-0.060306,-0.238901,0.000070,0.826062,0.000000,0.000000,0.000000,0.000000,0.000000,0.000000
1778538140.378745,sequential_ik_elbow_then_wrist,0,0,-0.235875,0.130172,-0.131978,-0.359944,-0.092298,0.026497,-0.023753,-0.295420,-0.046507,-0.181817,-0.532548,0.047227,0.000005,0.205191,0.001568,0.452980,0.000004,0.019814,0.001317,0.140470,0.000000,0.000000,0.000000,-2.016892,-2.642423,-0.000053,-0.199993,-0.066150,-0.218819,0.000053,0.758894,0.000000,0.000000,0.000000,0.000000,0.000000,0.000000
1778538140.436265,sequential_ik_elbow_then_wrist,0,0,-0.242613,0.123865,-0.125684,-0.373836,-0.088625,0.040533,-0.026253,-0.295563,-0.044196,-0.178845,-0.538628,0.043182,0.000023,0.195181,0.003473,0.441793,0.000001,0.018093,0.000576,0.134422,0.000000,0.000000,0.000000,-2.025752,-2.657050,-0.000040,-0.199995,-0.071313,-0.202193,0.000040,0.696175,0.000000,0.000000,0.000000,0.000000,0.000000,0.000000
1778538140.485142,sequential_ik_elbow_then_wrist,0,0,-0.246033,0.120471,-0.122287,-0.429336,-0.065788,0.025047,-0.036841,-0.294717,-0.042245,-0.205891,-0.531184,0.031953,0.000012,0.153791,0.002530,0.392162,0.000015,0.021760,0.002626,0.147427,0.000000,0.000000,0.000000,-2.027764,-2.671561,-0.000031,-0.199996,-0.081973,-0.188033,0.000031,0.636375,0.000000,0.000000,0.000000,0.000000,0.000000,0.000000
1778538140.544727,sequential_ik_elbow_then_wrist,0,0,-0.252758,0.119655,-0.108611,-0.484164,-0.017948,0.023739,-0.048343,-0.293881,-0.036013,-0.230044,-0.517472,0.047602,0.000036,0.108182,0.004035,0.328911,0.000030,0.023595,0.003651,0.153604,0.000000,0.000000,0.000000,-2.025616,-2.692511,-0.000023,-0.199997,-0.098774,-0.173046,0.000023,0.592434,0.000000,0.000000,0.000000,0.000000,0.000000,0.000000
1778538140.605806,sequential_ik_elbow_then_wrist,0,0,-0.251918,0.124926,-0.104550,-0.469793,-0.021896,0.040273,-0.040495,-0.294476,-0.040543,-0.204578,-0.539004,0.016754,0.000009,0.116641,0.002066,0.341527,0.000004,0.017160,0.001267,0.130741,0.000000,0.000000,0.000000,-2.026141,-2.713386,-0.000018,-0.199998,-0.108728,-0.163501,0.000018,0.539499,0.000000,0.000000,0.000000,0.000000,0.000000,0.000000
1778538140.657932,sequential_ik_elbow_then_wrist,0,0,-0.248552,0.132627,-0.103112,-0.452007,-0.022114,0.053927,-0.035786,-0.294662,-0.043513,-0.185143,-0.549999,0.006444,0.000014,0.128977,0.002636,0.359133,0.000006,0.013789,0.001594,0.117367,0.000000,0.000000,0.000000,-2.032351,-2.731325,-0.000013,-0.199998,-0.112733,-0.158521,0.000013,0.490201,0.000000,0.000000,0.000000,0.000000,0.000000,0.000000
1778538140.734183,sequential_ik_elbow_then_wrist,0,0,-0.237636,0.141998,-0.115610,-0.412304,-0.041719,0.044825,-0.032711,-0.293591,-0.052291,-0.179654,-0.549069,0.003736,0.000056,0.159880,0.005270,0.399849,0.000013,0.014021,0.002447,0.118388,0.000000,0.000000,0.000000,-2.047017,-2.737134,-0.000010,-0.199999,-0.113132,-0.160743,0.000010,0.458190,0.000000,0.000000,0.000000,0.000000,0.000000,0.000000
1778538140.791288,sequential_ik_elbow_then_wrist,0,0,-0.234586,0.145128,-0.117929,-0.411363,-0.030749,0.048853,-0.032624,-0.293750,-0.051443,-0.182450,-0.546611,0.008674,0.000014,0.163171,0.002729,0.403944,0.000000,0.015181,0.000410,0.123184,0.000000,0.000000,0.000000,-2.063569,-2.738222,-0.000008,-0.199999,-0.112742,-0.163273,0.000008,0.439984,0.000000,0.000000,0.000000,0.000000,0.000000,0.000000
1778538140.850928,sequential_ik_elbow_then_wrist,0,0,-0.238047,0.142592,-0.114023,-0.425775,-0.024307,0.049999,-0.024215,-0.295350,-0.046710,-0.170938,-0.549120,0.017115,0.000001,0.155048,0.000811,0.393762,0.000012,0.015466,0.002324,0.124356,0.000000,0.000000,0.000000,-2.075198,-2.740908,-0.000006,-0.199999,-0.107006,-0.162432,0.000006,0.429122,0.000000,0.000000,0.000000,0.000000,0.000000,0.000000
1778538140.911834,sequential_ik_elbow_then_wrist,0,0,-0.240680,0.141907,-0.109249,-0.434342,-0.018769,0.054086,-0.026052,-0.295665,-0.043626,-0.174444,-0.549058,0.017790,0.000005,0.147915,0.001486,0.384597,0.000002,0.016479,0.000952,0.128366,0.000000,0.000000,0.000000,-2.082562,-2.746548,-0.000004,-0.199999,-0.102471,-0.159233,0.000004,0.418175,0.000000,0.000000,0.000000,0.000000,0.000000,0.000000
1778538140.962544,sequential_ik_elbow_then_wrist,0,0,-0.234814,0.145523,-0.116984,-0.423462,-0.025397,0.041756,-0.026416,-0.295876,-0.041949,-0.176758,-0.547348,0.022540,0.000010,0.155190,0.002215,0.393942,0.000001,0.017053,0.000608,0.130586,0.000000,0.000000,0.000000,-2.091564,-2.746503,-0.000003,-0.200000,-0.099196,-0.155171,0.000003,0.409964,0.000000,0.000000,0.000000,0.000000,0.000000,0.000000
1778538141.022952,sequential_ik_elbow_then_wrist,0,0,-0.235056,0.147301,-0.114240,-0.465679,-0.012098,-0.007446,-0.026158,-0.296353,-0.038611,-0.181361,-0.542237,0.035233,0.000001,0.126147,0.000874,0.355172,0.000002,0.018609,0.000911,0.136397,0.000000,0.000000,0.000000,-2.100225,-2.747314,-0.000003,-0.200000,-0.096562,-0.149632,0.000003,0.408953,0.000000,0.000000,0.000000,0.000000,0.000000,0.000000
1778538141.110366,sequential_ik_elbow_then_wrist,0,0,-0.236039,0.145284,-0.114796,-0.467711,-0.013082,-0.008737,-0.025835,-0.296354,-0.038817,-0.172435,-0.545178,0.042393,0.000000,0.125276,0.000402,0.353943,0.000000,0.016176,0.000183,0.127169,0.000000,0.000000,0.000000,-2.105923,-2.747753,-0.000002,-0.200000,-0.094328,-0.144989,0.000002,0.413040,0.000000,0.000000,0.000000,0.000000,0.000000,0.000000
1778538141.147447,sequential_ik_elbow_then_wrist,0,0,-0.221024,0.152417,-0.133855,-0.430243,-0.024042,-0.011015,-0.020272,-0.294872,-0.051379,-0.157480,-0.540649,0.052386,0.000081,0.150926,0.006254,0.388492,0.000022,0.014650,0.003153,0.120737,0.000000,0.000000,0.000000,-2.118795,-2.735102,-0.000001,-0.200000,-0.089222,-0.149203,0.000001,0.436574,0.000000,0.000000,0.000000,0.000000,0.000000,0.000000
1778538141.205997,sequential_ik_elbow_then_wrist,0,0,-0.219356,0.147926,-0.141424,-0.442156,-0.012219,-0.020125,-0.036814,-0.295002,-0.040233,-0.185635,-0.521691,0.088080,0.000021,0.144350,0.003066,0.379934,0.000036,0.016690,0.004059,0.128861,0.000000,0.000000,0.000000,-2.129334,-2.717280,-0.000001,-0.200000,-0.094722,-0.147225,0.000001,0.476597,0.000000,0.000000,0.000000,0.000000,0.000000,0.000000
1778538141.260832,sequential_ik_elbow_then_wrist,0,0,-0.221110,0.147202,-0.139435,-0.449477,-0.001828,-0.014380,-0.035654,-0.295355,-0.038655,-0.175019,-0.534908,0.076201,0.000000,0.139348,0.000415,0.373294,0.000002,0.012694,0.000980,0.112617,0.000000,0.000000,0.000000,-2.136589,-2.703246,-0.000001,-0.200000,-0.100371,-0.143546,0.000001,0.498913,0.000000,0.000000,0.000000,0.000000,0.000000,0.000000
1778538141.326857,sequential_ik_elbow_then_wrist,0,0,-0.221879,0.147905,-0.137456,-0.443879,-0.003119,-0.003635,-0.034088,-0.295354,-0.040053,-0.171497,-0.534688,0.077581,0.000001,0.143911,0.000474,0.379355,0.000000,0.012222,0.000271,0.110551,0.000000,0.000000,0.000000,-2.141968,-2.693846,-0.000001,-0.200000,-0.104049,-0.141123,0.000001,0.515471,0.000000,0.000000,0.000000,0.000000,0.000000,0.000000
1778538141.391567,sequential_ik_elbow_then_wrist,0,0,-0.222802,0.146936,-0.137000,-0.441559,-0.002490,0.003773,-0.035874,-0.295222,-0.039463,-0.176779,-0.530347,0.082447,0.000000,0.145469,0.000479,0.381403,0.000000,0.013054,0.000379,0.114244,0.000000,0.000000,0.000000,-2.145191,-2.687306,-0.000000,-0.200000,-0.107804,-0.138999,0.000000,0.531300,0.000000,0.000000,0.000000,0.000000,0.000000,0.000000
1778538141.460092,sequential_ik_elbow_then_wrist,0,0,-0.226496,0.146108,-0.131728,-0.449397,0.009471,0.015397,-0.041932,-0.295144,-0.033638,-0.187003,-0.526248,0.091044,0.000006,0.138231,0.001691,0.371795,0.000009,0.013408,0.002022,0.115792,0.000000,0.000000,0.000000,-2.145677,-2.686112,-0.000000,-0.200000,-0.114603,-0.133701,0.000000,0.544125,0.000000,0.000000,0.000000,0.000000,0.000000,0.000000
1778538141.516995,sequential_ik_elbow_then_wrist,0,0,-0.226740,0.147083,-0.130214,-0.451284,0.011718,0.015581,-0.046509,-0.294616,-0.032219,-0.195290,-0.523131,0.092863,0.000001,0.135338,0.000710,0.367884,0.000005,0.013444,0.001556,0.115949,0.000000,0.000000,0.000000,-2.145883,-2.687107,-0.000000,-0.200000,-0.123535,-0.127950,0.000000,0.552688,0.000000,0.000000,0.000000,0.000000,0.000000,0.000000
1778538141.568700,sequential_ik_elbow_then_wrist,0,0,-0.227757,0.146596,-0.128981,-0.471750,0.018745,-0.010147,-0.050384,-0.294274,-0.029400,-0.213750,-0.507397,0.104353,0.000001,0.118645,0.000565,0.344448,0.000005,0.016957,0.001464,0.130188,0.000000,0.000000,0.000000,-2.145391,-2.689143,-0.000000,-0.200000,-0.133595,-0.121437,0.000000,0.565816,0.000000,0.000000,0.000000,0.000000,0.000000,0.000000
1778538141.628116,sequential_ik_elbow_then_wrist,0,0,-0.233009,0.145034,-0.121128,-0.474578,0.020895,0.006286,-0.054621,-0.293144,-0.032914,-0.221182,-0.500153,0.106387,0.000013,0.116977,0.002453,0.342019,0.000005,0.017248,0.001443,0.131304,0.000000,0.000000,0.000000,-2.142237,-2.696311,-0.000000,-0.200000,-0.144697,-0.118176,0.000000,0.582330,0.000000,0.000000,0.000000,0.000000,0.000000,0.000000
1778538141.688976,sequential_ik_elbow_then_wrist,0,0,-0.229044,0.151056,-0.121329,-0.459503,0.016409,0.015634,-0.062589,-0.290420,-0.041702,-0.230679,-0.492482,0.102923,0.000006,0.126906,0.001753,0.356238,0.000022,0.016627,0.003128,0.128896,0.000000,0.000000,0.000000,-2.143532,-2.702907,-0.000000,-0.200000,-0.159091,-0.121550,0.000000,0.603628,0.000000,0.000000,0.000000,0.000000,0.000000,0.000000
1778538141.767307,sequential_ik_elbow_then_wrist,0,0,-0.227451,0.154017,-0.120603,-0.446495,0.009833,0.025105,-0.059783,-0.289279,-0.052380,-0.222330,-0.494985,0.093440,0.000004,0.138312,0.001472,0.371904,0.000020,0.014485,0.002971,0.120310,0.000000,0.000000,0.000000,-2.147666,-2.708674,-0.000000,-0.200000,-0.169870,-0.132122,0.000000,0.627528,0.000000,0.000000,0.000000,0.000000,0.000000,0.000000
1778538141.815607,sequential_ik_elbow_then_wrist,0,0,-0.214578,0.157119,-0.138816,-0.304452,-0.094959,-0.003245,-0.029341,-0.286396,-0.084357,-0.082242,-0.571668,-0.008057,0.000067,0.241795,0.005669,0.491727,0.000264,0.000573,0.010990,0.017536,0.000000,0.000000,0.000000,-2.157851,-2.700752,-0.000000,-0.200000,-0.159724,-0.162299,0.000000,0.606568,0.000000,0.000000,0.000000,0.000000,0.000000,0.000000
1778538141.866378,sequential_ik_elbow_then_wrist,0,0,-0.177718,0.156981,-0.183775,-0.195310,-0.118936,-0.067326,-0.014124,-0.281083,-0.103888,-0.026599,-0.569946,-0.023871,0.000524,0.294754,0.016030,0.542913,0.000163,0.000223,0.008727,0.014563,0.000000,0.000000,0.000000,-2.181468,-2.658834,-0.000000,-0.200000,-0.138355,-0.202988,0.000000,0.598740,0.000000,0.000000,0.000000,0.000000,0.000000,0.000000
1778538141.940153,sequential_ik_elbow_then_wrist,0,0,-0.175504,0.154244,-0.188168,-0.195396,-0.117738,-0.063148,-0.012055,-0.279091,-0.109376,-0.084801,-0.550597,-0.004531,0.000057,0.299431,0.005371,0.547203,0.000027,0.003518,0.003523,0.058225,0.000000,0.000000,0.000000,-2.204621,-2.615394,-0.000000,-0.200000,-0.117307,-0.241570,0.000000,0.619877,0.000000,0.000000,0.000000,0.000000,0.000000,0.000000
1778538141.997228,sequential_ik_elbow_then_wrist,0,0,-0.171480,0.151925,-0.193684,-0.257011,-0.102707,-0.060090,0.008981,-0.266006,-0.138420,0.009206,-0.556553,-0.063705,0.000019,0.271717,0.003097,0.521265,0.000223,0.000047,0.010374,0.006846,0.000000,0.000000,0.000000,-2.224759,-2.575329,-0.000000,-0.200000,-0.087093,-0.292383,0.000000,0.635593,0.000000,0.000000,0.000000,0.000000,0.000000,0.000000
1778538142.062592,sequential_ik_elbow_then_wrist,0,0,-0.172469,0.145458,-0.197728,-0.248822,-0.107880,-0.056343,0.011343,-0.265942,-0.138370,0.032324,-0.560505,-0.085527,0.000011,0.278319,0.002431,0.527559,0.000020,0.000221,0.003289,0.014544,0.000000,0.000000,0.000000,-2.237682,-2.539974,-0.000000,-0.200000,-0.058453,-0.335841,0.000000,0.640209,0.000000,0.000000,0.000000,0.000000,0.000000,0.000000
1778538142.109980,sequential_ik_elbow_then_wrist,0,0,-0.157606,0.125860,-0.222080,-0.127824,-0.149496,-0.106788,0.052922,-0.245648,-0.163879,0.194732,-0.509105,-0.141960,0.000167,0.312789,0.008863,0.558683,0.000491,0.035231,0.016771,0.167103,0.000000,0.000000,0.000000,-2.243270,-2.490899,-0.000000,-0.138219,-0.008065,-0.388547,0.753600,0.438559,0.000000,0.000000,0.000000,0.000000,0.000000,0.000000
1778538142.168137,sequential_ik_elbow_then_wrist,0,0,-0.155076,0.117305,-0.228453,-0.128388,-0.148083,-0.091132,0.066156,-0.236850,-0.171830,0.250919,-0.464278,-0.107495,0.000060,0.270000,0.005896,0.515736,0.000204,0.051084,0.011205,0.226018,0.000000,0.000000,0.000000,-2.242558,-2.442547,-0.000000,0.060829,0.048896,-0.438858,1.326336,0.285305,0.000000,0.000000,0.000000,0.000000,0.000000,0.000000
1778538142.244578,sequential_ik_elbow_then_wrist,0,0,-0.161168,0.112289,-0.226751,-0.150432,-0.148325,-0.078545,0.038964,-0.252926,-0.156557,0.152810,-0.499819,-0.029738,0.000047,0.152719,0.006214,0.375770,0.000095,0.059525,0.007475,0.243978,0.000000,0.000000,0.000000,-2.234964,-2.404840,-0.000000,0.469661,0.080080,-0.468070,1.761615,0.168831,0.000000,0.000000,0.000000,0.000000,0.000000,0.000000
1778538142.299610,sequential_ik_elbow_then_wrist,0,0,-0.161223,0.107758,-0.228901,-0.122722,-0.161543,-0.102430,0.026375,-0.259158,-0.148801,0.134466,-0.505256,-0.015566,0.000034,0.061545,0.005248,0.237359,0.000089,0.059563,0.007192,0.244055,0.000000,0.000000,0.000000,-2.223390,-2.373948,-0.000000,0.953532,0.091266,-0.482642,2.092428,0.080312,0.000000,0.000000,0.000000,0.000000,0.000000,0.000000
1778538142.353447,sequential_ik_elbow_then_wrist,0,0,-0.147031,0.101460,-0.241014,-0.075487,-0.174332,-0.147097,0.027555,-0.252160,-0.160175,0.174569,-0.489230,-0.049792,0.000050,0.038601,0.004787,0.196258,0.000016,0.059926,0.002812,0.244799,0.000000,0.000000,0.000000,-2.213353,-2.337978,-0.000000,1.343186,0.096928,-0.500095,2.343845,0.013037,0.000000,0.000000,0.000000,0.000000,0.000000,0.000000
1778538142.419598,sequential_ik_elbow_then_wrist,0,0,-0.150110,0.098788,-0.240224,-0.114889,-0.178117,-0.130302,0.034641,-0.247209,-0.166396,0.141440,-0.489750,-0.025798,0.000012,0.052360,0.003058,0.228540,0.000018,0.069045,0.003077,0.262765,0.000000,0.000000,0.000000,-2.202790,-2.308582,-0.000000,1.666653,0.105042,-0.519397,2.534922,-0.038092,0.000000,0.000000,0.000000,0.000000,0.000000,0.000000
1778538142.478800,sequential_ik_elbow_then_wrist,0,0,-0.188000,0.112904,-0.204716,-0.224778,-0.142330,-0.051408,-0.046716,-0.280339,-0.096060,-0.172505,-0.480488,0.088651,0.000372,0.076108,0.013480,0.272699,0.001720,0.038812,0.029989,0.170963,0.000000,0.000000,0.000000,-2.187480,-2.318557,-0.000000,2.012680,0.060298,-0.487857,1.926541,0.157998,0.000000,0.000000,0.000000,0.000000,0.000000,0.000000
1778538142.543635,sequential_ik_elbow_then_wrist,0,0,-0.194425,0.112821,-0.198672,-0.216632,-0.149073,-0.054040,-0.050190,-0.284529,-0.080773,-0.153866,-0.518285,0.076100,0.000072,0.072114,0.006248,0.268522,0.000238,0.005656,0.010583,0.074769,0.000000,0.000000,0.000000,-2.170112,-2.338625,-0.000000,2.283237,0.009704,-0.442595,1.464171,0.326454,0.000000,0.000000,0.000000,0.000000,0.000000,0.000000
1778538142.599125,sequential_ik_elbow_then_wrist,0,0,-0.179741,0.103829,-0.216594,-0.136181,-0.168990,-0.099664,-0.048510,-0.283588,-0.084997,-0.153278,-0.517426,0.071028,0.000053,0.054380,0.005028,0.232734,0.000005,0.004456,0.001618,0.066753,0.000000,0.000000,0.000000,-2.154306,-2.341425,-0.000000,2.453672,-0.032124,-0.405975,1.112770,0.453341,0.000000,0.000000,0.000000,0.000000,0.000000,0.000000
1778538142.662904,sequential_ik_elbow_then_wrist,0,0,-0.165520,0.088234,-0.234132,-0.070782,-0.176404,-0.129292,-0.020913,-0.279542,-0.106859,0.000363,-0.562058,-0.008209,0.000139,0.040083,0.008355,0.199157,0.000148,0.003515,0.008443,0.057632,0.000000,0.000000,0.000000,-2.137358,-2.324258,-0.000000,2.534025,-0.048122,-0.391923,0.845705,0.516419,0.000000,0.000000,0.000000,0.000000,0.000000,0.000000
1778538142.726231,sequential_ik_elbow_then_wrist,0,0,-0.160873,0.050104,-0.248212,-0.044505,-0.192965,-0.116396,-0.010106,-0.278784,-0.110352,0.059710,-0.558541,-0.027518,0.000638,0.040325,0.022292,0.200766,0.000053,0.008213,0.005174,0.090514,0.000000,0.000000,0.000000,-2.104079,-2.291234,-0.000000,2.585002,-0.049379,-0.386686,0.642736,0.553480,0.000000,0.000000,0.000000,0.000000,0.000000,0.000000
1778538142.772483,sequential_ik_elbow_then_wrist,0,0,-0.155310,0.041468,-0.253297,-0.038159,-0.205475,-0.129624,0.011549,-0.272699,-0.124508,0.109718,-0.547419,-0.054567,0.000355,0.046451,0.017322,0.215490,0.000138,0.010622,0.008442,0.103052,0.000000,0.000000,0.000000,-2.064105,-2.256167,-0.000000,2.614555,-0.033942,-0.393487,0.488479,0.578292,0.000000,0.000000,0.000000,0.000000,0.000000,0.000000
1778538142.848126,sequential_ik_elbow_then_wrist,0,0,-0.139316,0.008360,-0.265558,-0.001616,-0.225366,-0.137453,0.006383,-0.272785,-0.124689,0.119067,-0.534979,-0.032187,0.001078,0.051075,0.030522,0.225922,0.000003,0.012160,0.001148,0.109998,0.000000,0.000000,0.000000,-2.011792,-2.210552,-0.000000,2.623003,-0.020768,-0.401176,0.371244,0.615723,0.000000,0.000000,0.000000,0.000000,0.000000,0.000000
1778538142.896193,sequential_ik_elbow_then_wrist,0,0,-0.170510,0.021887,-0.245860,-0.059849,-0.220967,-0.108835,0.027371,-0.261611,-0.144258,0.180000,-0.491665,-0.026870,0.000424,0.061118,0.017872,0.246700,0.000141,0.021538,0.008527,0.146081,0.000000,0.000000,0.000000,-1.958947,-2.196585,-0.000000,2.667883,0.003060,-0.421170,0.282146,0.677981,0.000000,0.000000,0.000000,0.000000,0.000000,0.000000
1778538142.961804,sequential_ik_elbow_then_wrist,0,0,-0.166965,0.048316,-0.244517,-0.066380,-0.195140,-0.100947,0.059508,-0.231236,-0.181628,0.278832,-0.415009,-0.091492,0.000061,0.050117,0.006876,0.223720,0.000642,0.043504,0.018806,0.208460,0.000000,0.000000,0.000000,-1.924556,-2.192622,-0.000000,2.721594,0.047615,-0.467397,0.214431,0.741911,0.000000,0.000000,0.000000,0.000000,0.000000,0.000000
1778538143.020235,sequential_ik_elbow_then_wrist,0,0,-0.167637,0.082614,-0.234676,-0.105447,-0.183992,-0.111982,0.044870,-0.229077,-0.188442,0.225666,-0.428356,-0.055776,0.000634,0.055332,0.023016,0.235204,0.000046,0.021699,0.004509,0.146287,0.000000,0.000000,0.000000,-1.920529,-2.200266,-0.000000,2.770379,0.082167,-0.514630,0.162967,0.832014,0.000000,0.000000,0.000000,0.000000,0.000000,0.000000
1778538143.074188,sequential_ik_elbow_then_wrist,0,0,-0.167398,0.082910,-0.234742,-0.094894,-0.180524,-0.110866,0.031787,-0.238004,-0.179843,0.172570,-0.479877,-0.071779,0.000196,0.049676,0.012838,0.222863,0.000047,0.009603,0.005600,0.097835,0.000000,0.000000,0.000000,-1.930550,-2.209165,-0.000000,2.800505,0.099706,-0.546625,0.123855,0.887088,0.000000,0.000000,0.000000,0.000000,0.000000,0.000000
1778538143.139466,sequential_ik_elbow_then_wrist,0,0,-0.147417,0.065996,-0.252809,-0.036164,-0.193703,-0.151918,0.047209,-0.231522,-0.184848,0.241652,-0.447652,-0.110820,0.000112,0.042777,0.007347,0.205789,0.000028,0.026253,0.004350,0.161818,0.000000,0.000000,0.000000,-1.940855,-2.197768,-0.000000,2.773769,0.119772,-0.573917,0.094130,0.909159,0.000000,0.000000,0.000000,0.000000,0.000000,0.000000
1778538143.204216,sequential_ik_elbow_then_wrist,0,0,-0.146512,0.064046,-0.253835,-0.030515,-0.181533,-0.126416,0.045884,-0.235757,-0.179759,0.227882,-0.457512,-0.092003,0.000010,0.035456,0.002195,0.188299,0.000004,0.020067,0.001472,0.141656,0.000000,0.000000,0.000000,-1.949502,-2.183785,-0.000000,2.753835,0.136344,-0.591358,0.071539,0.926860,0.000000,0.000000,0.000000,0.000000,0.000000,0.000000
1778538143.281129,sequential_ik_elbow_then_wrist,0,0,-0.178125,0.059294,-0.234000,-0.070371,-0.163074,-0.063878,0.066498,-0.218328,-0.194707,0.333472,-0.304877,-0.088715,0.000218,0.035385,0.011733,0.186764,0.000177,0.076568,0.010709,0.276044,0.000000,0.000000,0.000000,-1.947358,-2.192865,-0.000000,2.792585,0.164140,-0.615836,0.054369,0.986335,0.000000,0.000000,0.000000,0.000000,0.000000,0.000000
1778538143.329120,sequential_ik_elbow_then_wrist,0,0,-0.191020,0.063071,-0.222561,-0.096129,-0.162616,-0.049180,0.059365,-0.223414,-0.191211,0.300992,-0.349265,-0.065601,0.000110,0.038532,0.007859,0.195776,0.000001,0.047218,0.000727,0.217149,0.000000,0.000000,0.000000,-1.939859,-2.215278,-0.000000,2.856282,0.186341,-0.634020,0.041321,1.050778,0.000000,0.000000,0.000000,0.000000,0.000000,0.000000
1778538143.378911,sequential_ik_elbow_then_wrist,0,0,-0.193163,0.069461,-0.218777,-0.105533,-0.160794,-0.047595,0.045611,-0.222826,-0.195623,0.282955,-0.339667,-0.054145,0.000015,0.039342,0.002616,0.198257,0.000041,0.047169,0.005319,0.216938,0.000000,0.000000,0.000000,-1.934146,-2.239364,-0.000000,2.919171,0.195528,-0.651352,0.031404,1.124507,0.000000,0.000000,0.000000,0.000000,0.000000,0.000000
1778538143.438818,sequential_ik_elbow_then_wrist,0,0,-0.218257,0.073125,-0.192397,-0.157757,-0.148001,0.001105,0.036683,-0.230404,-0.188596,0.259267,-0.356112,-0.031580,0.000186,0.046863,0.009179,0.216467,0.000063,0.040983,0.006549,0.202346,0.000000,0.000000,0.000000,-1.926795,-2.281666,-0.000000,2.972170,0.192957,-0.659704,0.023867,1.195668,0.000000,0.000000,0.000000,0.000000,0.000000,0.000000
1778538143.500901,sequential_ik_elbow_then_wrist,0,0,-0.227106,0.073946,-0.181535,-0.172971,-0.148968,0.011802,0.026847,-0.234722,-0.184891,0.251461,-0.355787,-0.027120,0.000066,0.052328,0.005491,0.228753,0.000067,0.045839,0.006783,0.214069,0.000000,0.000000,0.000000,-1.918596,-2.327887,-0.000000,3.012449,0.180687,-0.662036,0.018139,1.258610,0.000000,0.000000,0.000000,0.000000,0.000000,0.000000
1778538143.573138,sequential_ik_elbow_then_wrist,0,0,-0.228075,0.075624,-0.179618,-0.177158,-0.147309,0.014568,0.030801,-0.233231,-0.186158,0.245308,-0.348654,-0.011046,0.000007,0.053378,0.001752,0.231038,0.000001,0.043948,0.000975,0.209534,0.000000,0.000000,0.000000,-1.912117,-2.367721,-0.000000,3.043062,0.169830,-0.663808,0.013786,1.322243,0.000000,0.000000,0.000000,0.000000,0.000000,0.000000
1778538143.638165,sequential_ik_elbow_then_wrist,0,0,-0.226817,0.081022,-0.178856,-0.182344,-0.146034,0.012109,0.034295,-0.228148,-0.191761,0.233571,-0.354335,-0.006381,0.000007,0.054803,0.002123,0.234100,0.000008,0.036305,0.002089,0.190513,0.000000,0.000000,0.000000,-1.910518,-2.399651,-0.000000,3.066327,0.163545,-0.669608,0.010477,1.377967,0.000000,0.000000,0.000000,0.000000,0.000000,0.000000
1778538143.681613,sequential_ik_elbow_then_wrist,0,0,-0.221110,0.081614,-0.185606,-0.176212,-0.150656,-0.001120,0.017947,-0.222346,-0.200599,0.117754,-0.336280,0.058356,0.000012,0.053816,0.002500,0.231982,0.000070,0.007757,0.006699,0.085177,0.000000,0.000000,0.000000,-1.912081,-2.419056,-0.000000,3.084008,0.150056,-0.682304,0.007963,1.474061,0.000000,0.000000,0.000000,0.000000,0.000000,0.000000
1778538143.749577,sequential_ik_elbow_then_wrist,0,0,-0.202554,0.085959,-0.203919,-0.169352,-0.156984,-0.031071,0.012439,-0.213075,-0.210818,0.115689,-0.323974,0.048104,0.000116,0.054331,0.007862,0.233089,0.000064,0.008509,0.006125,0.091692,0.000000,0.000000,0.000000,-1.920835,-2.417784,-0.000000,3.097446,0.133368,-0.702491,0.006052,1.571263,0.000000,0.000000,0.000000,0.000000,0.000000,0.000000
1778538143.805033,sequential_ik_elbow_then_wrist,0,0,-0.203008,0.088058,-0.202568,-0.174406,-0.152262,-0.025288,0.009805,-0.211484,-0.212552,0.117234,-0.322369,0.044671,0.000014,0.054289,0.003167,0.233000,0.000019,0.009774,0.003653,0.098795,0.000000,0.000000,0.000000,-1.931762,-2.414314,-0.000000,3.107659,0.116289,-0.721735,0.004599,1.653886,0.000000,0.000000,0.000000,0.000000,0.000000,0.000000
1778538143.867521,sequential_ik_elbow_then_wrist,0,0,-0.204366,0.086430,-0.201902,-0.173027,-0.151727,-0.022182,-0.000942,-0.183638,-0.237226,0.119056,-0.190460,0.037645,0.000000,0.053501,0.000438,0.231302,0.000233,0.016753,0.011089,0.123518,0.000000,0.000000,0.000000,-1.940682,-2.411677,-0.000000,3.115421,0.095845,-0.760385,0.003495,1.809523,0.000000,0.000000,0.000000,0.000000,0.000000,0.000000
1778538143.924320,sequential_ik_elbow_then_wrist,0,0,-0.200248,0.087464,-0.205550,-0.149719,-0.154738,-0.035889,-0.000500,-0.185857,-0.235493,0.180025,-0.235798,-0.001150,0.000005,0.047673,0.001744,0.218341,0.000019,0.034792,0.003719,0.186490,0.000000,0.000000,0.000000,-1.949288,-2.406603,-0.000000,3.121320,0.076667,-0.793463,0.002656,1.919147,0.000000,0.000000,0.000000,0.000000,0.000000,0.000000
1778538144.000497,sequential_ik_elbow_then_wrist,0,0,-0.204768,0.082540,-0.203119,-0.137535,-0.145752,-0.020465,-0.005427,-0.173794,-0.244472,0.170641,-0.106721,-0.011016,0.000007,0.040610,0.002249,0.201520,0.000058,0.035975,0.006076,0.185839,0.000000,0.000000,0.000000,-1.952794,-2.404088,-0.000000,3.125803,0.057403,-0.828711,0.002019,2.093487,0.000000,0.000000,0.000000,0.000000,0.000000,0.000000
1778538144.051285,sequential_ik_elbow_then_wrist,0,0,-0.208077,0.077389,-0.201780,-0.135945,-0.148599,-0.018132,-0.006487,-0.168725,-0.247972,0.182481,-0.090597,-0.028456,0.000018,0.040926,0.003624,0.202301,0.000026,0.039015,0.004216,0.196729,0.000000,0.000000,0.000000,-1.950446,-2.403588,-0.000000,3.129210,0.039481,-0.861572,0.001534,2.268420,0.000000,0.000000,0.000000,0.000000,0.000000,0.000000
1778538144.106230,sequential_ik_elbow_then_wrist,0,0,-0.196136,0.068363,-0.216465,-0.078329,-0.160138,-0.061842,0.012430,-0.167332,-0.248687,0.225117,-0.110616,-0.044855,0.000064,0.034632,0.005801,0.185895,0.000103,0.057797,0.009478,0.240407,0.000000,0.000000,0.000000,-1.943974,-2.390886,-0.000000,3.111027,0.034284,-0.888891,0.001166,2.398451,0.000000,0.000000,0.000000,0.000000,0.000000,0.000000
1778538144.169917,sequential_ik_elbow_then_wrist,0,0,-0.180149,0.059527,-0.232386,-0.041009,-0.163657,-0.088063,0.016159,-0.162055,-0.251947,0.235750,-0.107100,-0.055071,0.000110,0.030874,0.007333,0.175189,0.000084,0.062782,0.008506,0.250561,0.000000,0.000000,0.000000,-1.935221,-2.363597,-0.000000,3.064730,0.037556,-0.913799,0.000886,2.494493,0.000000,0.000000,0.000000,0.000000,0.000000,0.000000
1778538144.237097,sequential_ik_elbow_then_wrist,0,0,-0.174072,0.054201,-0.238246,-0.029718,-0.167271,-0.096430,0.013027,-0.155065,-0.256486,0.241947,-0.119588,-0.065864,0.000045,0.030661,0.005081,0.174970,0.000026,0.066880,0.004287,0.258555,0.000000,0.000000,0.000000,-1.924862,-2.332985,-0.000000,3.013143,0.043028,-0.938829,0.000674,2.554593,0.000000,0.000000,0.000000,0.000000,0.000000,0.000000
1778538144.287938,sequential_ik_elbow_then_wrist,0,0,-0.165384,0.048676,-0.245517,-0.020672,-0.176067,-0.109322,0.038474,-0.169179,-0.244741,0.315563,-0.198739,-0.133619,0.000045,0.033069,0.005096,0.181750,0.000383,0.118437,0.017934,0.342356,0.000000,0.000000,0.000000,-1.913551,-2.299872,-0.000000,2.959544,0.062321,-0.946662,0.000512,2.516101,0.000000,0.000000,0.000000,0.000000,0.000000,0.000000
1778538144.348381,sequential_ik_elbow_then_wrist,0,0,-0.119677,0.031044,-0.273338,0.056826,-0.191124,-0.175930,0.051253,-0.195076,-0.222078,0.334406,-0.258941,-0.146280,0.000450,0.030908,0.014537,0.173464,0.000444,0.113562,0.017185,0.333660,0.000000,0.000000,0.000000,-1.901482,-2.237760,-0.000000,2.850146,0.092066,-0.927486,0.000389,2.373447,0.000000,0.000000,0.000000,0.000000,0.000000,0.000000
1778538144.415684,sequential_ik_elbow_then_wrist,0,0,-0.104231,0.036905,-0.278880,0.073141,-0.189790,-0.194331,0.032292,-0.232137,-0.187269,0.263877,-0.411823,-0.123385,0.000111,0.027795,0.007630,0.166035,0.000427,0.300960,0.014115,0.546951,0.000000,0.000000,0.000000,-1.894707,-2.173328,-0.000000,2.730811,0.108059,-0.877329,0.753896,2.163075,0.000000,0.000000,0.000000,0.000000,0.000000,0.000000
1778538144.476916,sequential_ik_elbow_then_wrist,0,0,-0.096423,0.020515,-0.283340,0.087935,-0.199694,-0.196622,0.004487,-0.263474,-0.143391,0.121376,-0.518913,-0.038091,0.000105,0.029643,0.008804,0.172029,0.000767,0.120545,0.019879,0.318621,0.000000,0.000000,0.000000,-1.885853,-2.112383,-0.000000,2.623314,0.097720,-0.798774,1.326561,1.672152,0.000000,0.000000,0.000000,0.000000,0.000000,0.000000
1778538144.533972,sequential_ik_elbow_then_wrist,0,0,-0.048908,0.004440,-0.295953,0.140296,-0.218358,-0.228406,0.004615,-0.262714,-0.144776,0.170432,-0.489443,-0.039426,0.000455,0.031670,0.015680,0.176959,0.000049,0.067831,0.005120,0.258500,0.000000,0.000000,0.000000,-1.876221,-2.031482,-0.000000,2.496380,0.082131,-0.730507,1.761786,1.222835,0.000000,0.000000,0.000000,0.000000,0.000000,0.000000
1778538144.597419,sequential_ik_elbow_then_wrist,0,0,-0.012276,-0.017689,-0.299226,0.184075,-0.236312,-0.238809,0.022689,-0.261836,-0.144663,0.281134,-0.342342,-0.015338,0.000759,0.034260,0.023761,0.184329,0.000035,0.149562,0.004541,0.386732,0.000000,0.000000,0.000000,-1.866035,-1.936648,-0.000000,2.359550,0.079080,-0.676590,2.092557,0.881355,0.000000,0.000000,0.000000,0.000000,0.000000,0.000000
1778538144.645957,sequential_ik_elbow_then_wrist,0,0,-0.033871,-0.016894,-0.297603,0.150746,-0.246040,-0.239220,0.030963,-0.236774,-0.181603,0.297631,-0.205776,-0.047710,0.000628,0.043656,0.024937,0.208936,0.000265,0.215834,0.011226,0.464579,0.000000,0.000000,0.000000,-1.855799,-1.870093,-0.000000,2.252600,0.085988,-0.662363,2.343944,0.621830,0.000000,0.000000,0.000000,0.000000,0.000000,0.000000
1778538144.705381,sequential_ik_elbow_then_wrist,0,0,-0.041075,-0.010201,-0.297000,0.143200,-0.241708,-0.247532,0.035128,-0.233662,-0.184846,0.296745,-0.209796,-0.039976,0.000406,0.044115,0.019911,0.210034,0.000044,0.213649,0.004925,0.462221,0.000000,0.000000,0.000000,-1.845376,-1.826280,-0.000000,2.169271,0.097347,-0.660188,2.534997,0.424590,0.000000,0.000000,0.000000,0.000000,0.000000,0.000000
1778538144.772545,sequential_ik_elbow_then_wrist,0,0,-0.042419,-0.011088,-0.296779,0.136482,-0.247822,-0.252606,0.028876,-0.226274,-0.194849,0.292467,-0.221755,-0.051672,0.000421,0.049011,0.020441,0.221382,0.000031,0.204328,0.003729,0.452026,0.000000,0.000000,0.000000,-1.834299,-1.795379,-0.000000,2.103919,0.105072,-0.668460,2.680198,0.274689,0.000000,0.000000,0.000000,0.000000,0.000000,0.000000
1778538144.828311,sequential_ik_elbow_then_wrist,0,0,-0.056114,-0.007860,-0.294600,0.113044,-0.248291,-0.234781,0.040031,-0.216177,-0.204120,0.299590,-0.225912,-0.054004,0.000413,0.054259,0.019880,0.232795,0.000066,0.201751,0.006282,0.449167,0.000000,0.000000,0.000000,-1.822114,-1.781422,-0.000000,2.073688,0.118229,-0.684723,2.790550,0.160763,0.000000,0.000000,0.000000,0.000000,0.000000,0.000000
1778538144.890033,sequential_ik_elbow_then_wrist,0,0,-0.066510,-0.004896,-0.292494,0.092737,-0.246706,-0.213954,0.047686,-0.212793,-0.206022,0.304999,-0.228303,-0.052564,0.000343,0.057802,0.018032,0.240130,0.000050,0.197957,0.006029,0.444923,0.000000,0.000000,0.000000,-1.808545,-1.779988,-0.000000,2.079048,0.136309,-0.700991,2.874418,0.074180,0.000000,0.000000,0.000000,0.000000,0.000000,0.000000
1778538144.957151,sequential_ik_elbow_then_wrist,0,0,-0.046987,0.011981,-0.296055,0.084763,-0.247974,-0.224882,0.075213,-0.197655,-0.212780,0.329199,-0.256512,-0.064366,0.000026,0.062106,0.003869,0.249209,0.000375,0.172411,0.016832,0.415224,0.000000,0.000000,0.000000,-1.798820,-1.771027,-0.000000,2.085442,0.171923,-0.720528,2.938158,0.008377,0.000000,0.000000,0.000000,0.000000,0.000000,0.000000
1778538145.010476,sequential_ik_elbow_then_wrist,0,0,-0.059834,0.047649,-0.290085,0.046305,-0.228733,-0.241636,0.062848,-0.189320,-0.224071,0.331348,-0.268945,-0.116516,0.001121,0.136180,0.032968,0.358739,0.000056,0.142911,0.005488,0.378036,0.000000,0.000000,0.000000,-1.799847,-1.775466,-0.753600,2.297957,0.203310,-0.746690,2.986600,-0.041633,0.000000,0.000000,0.000000,0.000000,0.000000,0.000000
1778538145.084012,sequential_ik_elbow_then_wrist,0,0,-0.068061,0.046285,-0.288488,0.048371,-0.224536,-0.232813,0.057269,-0.188660,-0.226115,0.323796,-0.267397,-0.113137,0.000749,0.107398,0.026937,0.327279,0.000007,0.146562,0.001844,0.382834,0.000000,0.000000,0.000000,-1.808909,-1.786932,-1.326336,2.500047,0.226228,-0.771046,3.023416,-0.079641,0.000000,0.000000,0.000000,0.000000,0.000000,0.000000
1778538145.135678,sequential_ik_elbow_then_wrist,0,0,-0.065678,0.076389,-0.282580,-0.010502,-0.213428,-0.228157,0.028911,-0.164920,-0.248929,0.200152,-0.149262,-0.003100,0.002606,0.097836,0.050406,0.312787,0.000364,0.263256,0.015313,0.513085,0.000000,0.000000,0.000000,-1.833546,-1.803610,-1.761615,2.653636,0.231426,-0.814038,3.051396,-0.108528,0.000000,0.000000,0.000000,0.000000,0.000000,0.000000
1778538145.200339,sequential_ik_elbow_then_wrist,0,0,-0.066251,0.105661,-0.272849,-0.149671,-0.178491,-0.224901,-0.048220,-0.141450,-0.260128,-0.122221,-0.038690,0.011836,0.004590,0.104864,0.066493,0.323826,0.003811,0.363528,0.057920,0.602933,0.000000,0.000000,0.000000,-1.880117,-1.830216,-2.092428,2.770363,0.191367,-0.872972,3.072661,-0.130481,0.000000,0.000000,0.000000,0.000000,0.000000,0.000000
1778538145.262392,sequential_ik_elbow_then_wrist,0,0,-0.073344,0.106523,-0.270691,-0.169369,-0.176896,-0.249412,-0.044934,-0.137933,-0.262594,-0.036540,-0.054103,0.025334,0.002782,0.122233,0.051416,0.349618,0.001607,0.349326,0.038437,0.591038,0.000000,0.000000,0.000000,-1.941188,-1.862218,-2.343845,2.859076,0.134076,-0.922576,3.088822,-0.147165,0.000000,0.000000,0.000000,0.000000,0.000000,0.000000
1778538145.311455,sequential_ik_elbow_then_wrist,0,0,-0.032705,0.118972,-0.273452,-0.029524,-0.180447,-0.255064,0.017891,-0.184471,-0.235903,0.271121,-0.255571,-0.091616,0.005105,0.098661,0.069962,0.314103,0.000610,0.217252,0.020007,0.466103,0.000000,0.000000,0.000000,-2.021336,-1.878003,-2.534922,2.926498,0.104487,-0.928474,3.101105,-0.159846,0.000000,0.000000,0.000000,0.000000,0.000000,0.000000
1778538145.376374,sequential_ik_elbow_then_wrist,0,0,-0.019253,0.006089,-0.299320,0.158462,-0.200444,-0.173774,-0.000315,-0.275629,-0.118442,0.224503,-0.396945,0.038845,0.000989,0.095744,0.021741,0.309426,0.003157,0.154166,0.037866,0.392640,0.000000,0.000000,0.000000,-2.080252,-1.835510,-2.680141,2.977738,0.080115,-0.833347,3.110440,-0.169483,0.000000,0.000000,0.000000,0.000000,0.000000,0.000000
1778538145.437244,sequential_ik_elbow_then_wrist,0,0,-0.028738,0.031918,-0.296910,0.174267,-0.148478,-0.169450,-0.006043,-0.275937,-0.117567,0.170084,-0.404428,0.088514,0.000036,0.081367,0.005950,0.285250,0.000186,0.137579,0.009121,0.370917,0.000000,0.000000,0.000000,-2.126037,-1.805462,-2.790507,3.016681,0.057377,-0.737109,3.117534,-0.176807,0.000000,0.000000,0.000000,0.000000,0.000000,0.000000
1778538145.503370,sequential_ik_elbow_then_wrist,0,0,-0.022916,0.063214,-0.292368,0.220982,-0.075656,-0.186401,0.001287,-0.276636,-0.116063,0.149169,-0.373448,0.126339,0.001069,0.089537,0.032249,0.299228,0.000017,0.154259,0.002848,0.392758,0.000000,0.000000,0.000000,-2.167667,-1.793544,-2.874385,3.046278,0.043411,-0.657472,3.122926,-0.182373,0.000000,0.000000,0.000000,0.000000,0.000000,0.000000
1778538145.559646,sequential_ik_elbow_then_wrist,1,0,-0.105588,0.066453,-0.272828,0.069927,-0.100203,-0.095571,-0.073906,-0.286586,-0.049057,-0.028730,-0.374851,0.234083,0.000922,0.024203,0.023943,0.155572,0.001324,0.038994,0.025031,0.153523,0.000000,0.000000,0.000000,-2.192286,-1.828765,-2.938133,3.068771,-0.012646,-0.552756,2.373424,0.111472,0.000000,0.000000,0.000000,0.000000,0.000000,0.000000
1778538145.615912,sequential_ik_elbow_then_wrist,1,0,-0.130642,0.049615,-0.265464,-0.007041,-0.124234,-0.054514,-0.131482,-0.265546,-0.046879,-0.175535,-0.254926,0.249678,0.001410,0.018535,0.035807,0.136144,0.000831,0.008984,0.019678,0.079131,0.000000,0.000000,0.000000,-2.190793,-1.873730,-2.986581,3.085866,-0.104459,-0.461544,1.803802,0.460006,0.000000,0.000000,0.000000,0.000000,0.000000,0.000000
1778538145.688005,sequential_ik_elbow_then_wrist,1,0,-0.124597,0.081171,-0.260551,0.009852,-0.132513,-0.098493,-0.142497,-0.259469,-0.048686,-0.285038,-0.270701,0.215049,0.000074,0.027473,0.006398,0.165750,0.000124,0.017391,0.007557,0.131637,0.000000,0.000000,0.000000,-2.186945,-1.921431,-3.023402,3.098858,-0.193820,-0.390463,1.370890,0.705969,0.000000,0.000000,0.000000,0.000000,0.000000,0.000000
1778538145.738985,sequential_ik_elbow_then_wrist,0,0,-0.211765,0.077786,-0.197750,-0.339962,-0.123603,-0.016069,-0.180342,-0.235303,-0.045925,-0.374954,-0.270767,0.179616,0.002251,0.091456,0.037399,0.296751,0.000339,0.025102,0.012474,0.156746,0.000000,0.000000,0.000000,-2.153309,-2.020675,-3.051385,2.968906,-0.294173,-0.334371,1.041876,0.837500,0.000000,0.000000,0.000000,0.000000,0.000000,0.000000
1778538145.805662,sequential_ik_elbow_then_wrist,0,0,-0.191180,0.082659,-0.215911,-0.282984,-0.123670,-0.018426,-0.183586,-0.232805,-0.045804,-0.355989,-0.264293,0.197683,0.000059,0.064976,0.006792,0.254712,0.000034,0.015334,0.003915,0.123821,0.000000,0.000000,0.000000,-2.119270,-2.096618,-3.072653,2.846335,-0.380666,-0.291108,0.791826,0.934053,0.000000,0.000000,0.000000,0.000000,0.000000,0.000000
1778538150.759516,sequential_ik_elbow_then_wrist,0,0,-0.011231,-0.047868,-0.295943,0.113085,-0.307801,-0.212394,0.048110,-0.246442,-0.164169,0.310393,-0.373177,-0.092431,0.009196,0.157523,0.074430,0.390992,0.010098,0.158301,0.075240,0.397815,0.000000,0.000000,0.000000,-2.071249,-2.010925,-3.088816,2.916815,-0.310268,-0.342031,0.601788,0.991450,0.000000,0.000000,0.000000,0.000000,0.000000,0.000000
1778538150.809865,sequential_ik_elbow_then_wrist,0,0,-0.072348,0.034739,-0.289066,0.030809,-0.234984,-0.207773,0.132568,-0.240381,-0.121007,0.363834,-0.394523,-0.008064,0.000162,0.099488,0.010061,0.315417,0.004211,0.050791,0.049847,0.224838,0.000000,0.000000,0.000000,-2.036810,-1.964471,-3.101100,2.970379,-0.157865,-0.367923,0.457359,0.997949,0.000000,0.000000,0.000000,0.000000,0.000000,0.000000
1778538150.927768,sequential_ik_elbow_then_wrist,0,0,-0.068706,0.091256,-0.277402,0.094853,-0.159896,-0.264312,0.142350,-0.220855,-0.144774,0.399766,-0.347370,-0.056850,0.003037,0.104644,0.053930,0.323488,0.000735,0.038068,0.020643,0.194729,0.000000,0.000000,0.000000,-2.031139,-1.947117,-3.110436,3.011088,-0.001189,-0.398132,0.347593,0.973594,0.000000,0.000000,0.000000,0.000000,0.000000,0.000000
1778538150.985502,sequential_ik_elbow_then_wrist,0,0,-0.057207,0.072802,-0.285355,0.109035,-0.175331,-0.257180,0.141923,-0.219367,-0.147431,0.390469,-0.362575,-0.059586,0.001366,0.109008,0.036374,0.330163,0.000077,0.021912,0.006726,0.147972,0.000000,0.000000,0.000000,-2.041197,-1.927722,-3.117531,3.042027,0.130856,-0.424847,0.264170,0.945431,0.000000,0.000000,0.000000,0.000000,0.000000,0.000000
1778538151.057896,sequential_ik_elbow_then_wrist,0,0,-0.063376,0.082478,-0.281391,0.089600,-0.175322,-0.293104,0.171680,-0.186652,-0.160271,0.415697,-0.343263,-0.083271,0.001345,0.124919,0.036053,0.353438,0.000473,0.012054,0.016957,0.109756,0.000000,0.000000,0.000000,-2.063619,-1.919622,-3.122924,3.065541,0.262212,-0.455599,0.200769,0.917232,0.000000,0.000000,0.000000,0.000000,0.000000,0.000000
1778538151.843521,sequential_ik_elbow_then_wrist,0,0,0.002378,0.112407,-0.278135,0.272993,-0.007202,-0.228525,0.137867,-0.194258,-0.182364,0.424068,-0.157257,-0.100391,0.008137,0.127054,0.089020,0.356446,0.000151,0.082318,0.008746,0.286395,0.000000,0.000000,0.000000,-2.111661,-1.897218,-3.127022,3.083411,0.352861,-0.497599,0.152585,0.937071,0.000000,0.000000,0.000000,0.000000,0.000000,0.000000
1778538151.891152,sequential_ik_elbow_then_wrist,0,0,0.097461,0.083028,-0.271307,0.365278,-0.051035,-0.288663,0.137102,-0.086706,-0.252359,0.434322,-0.048367,-0.238558,0.018056,0.219652,0.132229,0.468670,0.002911,0.151575,0.042466,0.380341,0.000000,0.000000,0.000000,-2.164757,-1.825281,-3.130137,3.096992,0.459225,-0.600063,0.869564,0.752565,0.000000,0.000000,0.000000,0.000000,0.000000,0.000000
1778538151.957417,sequential_ik_elbow_then_wrist,0,0,0.171917,0.035587,-0.243265,0.448490,-0.068696,-0.294570,0.168297,-0.050535,-0.243151,0.467393,-0.035009,-0.260491,0.021158,0.292917,0.141282,0.541219,0.002938,0.090931,0.050519,0.299290,0.000000,0.000000,0.000000,-2.176048,-1.692799,-3.132504,3.107314,0.586268,-0.687147,1.414469,0.523950,0.000000,0.000000,0.000000,0.000000,0.000000,0.000000
1778538152.018264,sequential_ik_elbow_then_wrist,0,0,0.194317,0.061070,-0.220253,0.479535,-0.015134,-0.273578,0.184442,-0.032745,-0.234326,0.481542,0.000082,-0.259903,0.018426,0.305281,0.130724,0.552523,0.002232,0.070490,0.043828,0.265499,0.000000,0.000000,0.000000,-2.113087,-1.541260,-3.134303,3.115159,0.724297,-0.744917,1.828596,0.350202,0.000000,0.000000,0.000000,0.000000,0.000000,0.000000
1778538152.077176,sequential_ik_elbow_then_wrist,0,0,0.204096,0.021263,-0.218844,0.484339,-0.057478,-0.291398,0.190895,-0.017292,-0.230782,0.488626,-0.018547,-0.267587,0.003554,0.322989,0.053647,0.568322,0.001359,0.041459,0.033856,0.203616,0.000000,0.000000,0.000000,-2.017359,-1.386089,-3.135670,3.121121,0.863528,-0.781828,2.143333,0.218153,0.000000,0.000000,0.000000,0.000000,0.000000,0.000000
1778538152.145101,sequential_ik_elbow_then_wrist,0,0,0.179228,-0.102959,-0.217432,0.433071,-0.248938,-0.282654,0.206309,-0.049793,-0.212031,0.499172,-0.110360,-0.235758,0.001985,0.329584,0.040170,0.574094,0.000150,0.027401,0.008398,0.165533,0.000000,0.000000,0.000000,-1.989168,-1.255662,-3.136709,3.125652,0.972984,-0.788843,2.382533,0.117797,0.000000,0.000000,0.000000,0.000000,0.000000,0.000000
1778538152.190787,sequential_ik_elbow_then_wrist,0,0,0.134340,-0.171921,-0.205902,0.365694,-0.351919,-0.269747,0.203607,-0.088904,-0.201594,0.483603,-0.194202,-0.224288,0.004617,0.330510,0.060847,0.574900,0.000392,0.022279,0.016809,0.149262,0.000000,0.000000,0.000000,-2.039754,-1.147400,-3.137499,3.129095,1.034894,-0.780920,2.564325,0.041525,0.000000,0.000000,0.000000,0.000000,0.000000,0.000000
1778538152.263372,sequential_ik_elbow_then_wrist,0,0,0.131195,-0.171772,-0.208044,0.359720,-0.357097,-0.266622,0.204675,-0.105162,-0.192481,0.481406,-0.219400,-0.211720,0.001097,0.328164,0.029179,0.572856,0.000268,0.018795,0.013661,0.137096,0.000000,0.000000,0.000000,-2.115393,-1.059615,-3.138099,3.131712,1.063158,-0.764240,2.702487,-0.016441,0.000000,0.000000,0.000000,0.000000,0.000000,0.000000
1778538152.323838,sequential_ik_elbow_then_wrist,0,0,0.127265,-0.180100,-0.203390,0.339640,-0.383178,-0.263857,0.200778,-0.123660,-0.185463,0.452225,-0.285470,-0.209786,0.000390,0.331953,0.017111,0.576153,0.000245,0.015862,0.013007,0.125945,0.000000,0.000000,0.000000,-2.195649,-0.986646,-3.138556,3.133701,1.065331,-0.743523,2.807490,-0.060495,0.000000,0.000000,0.000000,0.000000,0.000000,0.000000
1778538152.382324,sequential_ik_elbow_then_wrist,0,0,0.105861,-0.207985,-0.188510,0.285959,-0.437232,-0.259293,0.180655,-0.155529,-0.182139,0.391890,-0.368392,-0.190456,0.000683,0.340309,0.022012,0.583360,0.000563,0.021583,0.019817,0.146913,0.000000,0.000000,0.000000,-2.287780,-0.917917,-3.138902,3.135213,1.035903,-0.723737,2.887293,-0.093976,0.000000,0.000000,0.000000,0.000000,0.000000,0.000000
1778538152.448876,sequential_ik_elbow_then_wrist,0,0,0.039830,-0.249735,-0.161387,0.183605,-0.504368,-0.228403,0.114241,-0.218510,-0.170887,0.275016,-0.471362,-0.185629,0.002240,0.340379,0.038710,0.583420,0.002685,0.019182,0.043006,0.138499,0.000000,0.000000,0.000000,-2.419328,-0.843595,-3.139166,3.136362,0.944524,-0.701605,2.947942,-0.119422,0.000000,0.000000,0.000000,0.000000,0.000000,0.000000
1778538152.495769,sequential_ik_elbow_then_wrist,0,0,0.040894,-0.245567,-0.167406,0.190512,-0.495516,-0.239099,0.095592,-0.224031,-0.175135,0.262886,-0.468826,-0.220835,0.000241,0.339091,0.012543,0.582316,0.000773,0.007005,0.022870,0.083693,0.000000,0.000000,0.000000,-2.541035,-0.784360,-3.139366,3.137235,0.837160,-0.684158,2.994036,-0.138761,0.000000,0.000000,0.000000,0.000000,0.000000,0.000000
1778538152.572470,sequential_ik_elbow_then_wrist,0,0,-0.012628,-0.253808,-0.159443,0.099345,-0.526191,-0.216621,0.076260,-0.230345,-0.176425,0.141450,-0.522615,-0.194544,0.000857,0.333771,0.023462,0.577729,0.000382,0.016398,0.016064,0.128054,0.000000,0.000000,0.000000,-2.675113,-0.733478,-3.139518,3.137899,0.728865,-0.671293,3.029068,-0.153458,0.000000,0.000000,0.000000,0.000000,0.000000,0.000000
1778538152.629262,sequential_ik_elbow_then_wrist,0,0,0.017935,-0.255606,-0.156025,0.160979,-0.512335,-0.216262,0.175436,-0.161519,-0.182027,0.350753,-0.404924,-0.186223,0.000016,0.335256,0.002991,0.579013,0.002399,0.018789,0.040835,0.137073,0.000000,0.000000,0.000000,-2.772528,-0.690115,-3.139634,3.138403,0.711136,-0.668309,3.055691,-0.164628,0.000000,0.000000,0.000000,0.000000,0.000000,0.000000
1778538152.687513,sequential_ik_elbow_then_wrist,0,0,0.078409,-0.260281,-0.126910,0.284427,-0.476276,-0.156953,0.204915,-0.185299,-0.116936,0.443759,-0.353955,-0.049789,0.000775,0.332463,0.020932,0.576596,0.001107,0.030418,0.023659,0.174406,0.000000,0.000000,0.000000,-2.807822,-0.636253,-3.139722,3.138786,0.727788,-0.618644,3.075925,-0.173117,0.000000,0.000000,0.000000,0.000000,0.000000,0.000000
1778538152.747026,sequential_ik_elbow_then_wrist,0,0,0.068274,-0.253704,-0.144821,0.292811,-0.451753,-0.163781,0.144893,-0.236727,-0.113871,0.428394,-0.284946,-0.028420,0.000035,0.316737,0.004250,0.562794,0.000665,0.065484,0.019061,0.255899,0.000000,0.000000,0.000000,-2.827904,-0.602384,-3.139788,3.139078,0.700777,-0.568027,3.091303,-0.179569,0.000000,0.000000,0.000000,0.000000,0.000000,0.000000
1778538152.798904,sequential_ik_elbow_then_wrist,0,0,0.076428,-0.249871,-0.147387,0.311816,-0.434669,-0.168423,0.128078,-0.248286,-0.109317,0.419094,-0.232597,-0.038159,0.000029,0.314627,0.004083,0.560916,0.000230,0.106022,0.011051,0.325610,0.000000,0.000000,0.000000,-2.835519,-0.580079,-3.139839,3.139299,0.656139,-0.523272,3.102991,-0.184473,0.000000,0.000000,0.000000,0.000000,0.000000,0.000000
1778538152.874540,sequential_ik_elbow_then_wrist,0,0,0.023106,-0.274231,-0.119430,0.231781,-0.489599,-0.127884,0.128159,-0.255712,-0.090481,0.415191,-0.278181,-0.006176,0.000559,0.309880,0.017497,0.556669,0.000088,0.094654,0.006407,0.307658,0.000000,0.000000,0.000000,-2.874870,-0.544992,-3.139878,3.139467,0.613338,-0.475363,3.111873,-0.188199,0.000000,0.000000,0.000000,0.000000,0.000000,0.000000
1778538152.922911,sequential_ik_elbow_then_wrist,0,0,0.099858,-0.243665,-0.143721,0.348646,-0.411175,-0.137058,0.193196,-0.210845,-0.090663,0.478362,-0.196330,0.001369,0.000742,0.309511,0.020601,0.556337,0.000773,0.096973,0.019785,0.311405,0.000000,0.000000,0.000000,-2.863935,-0.531063,-3.139907,3.139595,0.627593,-0.436296,3.118623,-0.191031,0.000000,0.000000,0.000000,0.000000,0.000000,0.000000
1778538152.986530,sequential_ik_elbow_then_wrist,0,0,0.052997,-0.255300,-0.148368,0.266628,-0.464463,-0.123613,0.176769,-0.223544,-0.093707,0.455693,-0.255550,0.012013,0.000144,0.302233,0.009170,0.549758,0.000000,0.068982,0.000443,0.262645,0.000000,0.000000,0.000000,-2.873213,-0.526218,-3.139929,3.139692,0.637779,-0.407547,3.123754,-0.193184,0.000000,0.000000,0.000000,0.000000,0.000000,0.000000
1778538153.056798,sequential_ik_elbow_then_wrist,0,0,0.063348,-0.238297,-0.170885,0.279728,-0.438125,-0.113888,0.186733,-0.217057,-0.089538,0.460088,-0.257719,0.027183,0.000102,0.283341,0.006776,0.532298,0.000020,0.065094,0.003138,0.255134,0.000000,0.000000,0.000000,-2.877015,-0.540151,-3.139946,3.139766,0.652705,-0.383222,3.127653,-0.194820,0.000000,0.000000,0.000000,0.000000,0.000000,0.000000
1778538153.455021,sequential_ik_elbow_then_wrist,0,0,-0.030688,-0.208947,-0.213071,0.117377,-0.448886,-0.110571,0.046476,-0.285922,-0.078031,0.198611,-0.426354,0.139072,0.002344,0.227720,0.039637,0.477200,0.003247,0.026999,0.040542,0.131800,0.000000,0.000000,0.000000,-2.932977,-0.591213,-3.139959,3.139822,0.568165,-0.358417,2.377016,0.039430,0.000000,0.000000,0.000000,0.000000,0.000000,0.000000
1778538153.505111,sequential_ik_elbow_then_wrist,0,0,0.062333,-0.232921,-0.178501,0.246845,-0.465058,-0.133034,0.082780,-0.260724,-0.123169,0.310050,-0.361241,0.044893,0.000817,0.295106,0.023440,0.543236,0.000219,0.042255,0.009856,0.203842,0.000000,0.000000,0.000000,-2.942082,-0.609475,-3.139969,3.139865,0.505122,-0.366061,1.806532,0.281098,0.000000,0.000000,0.000000,0.000000,0.000000,0.000000
1778538153.567029,sequential_ik_elbow_then_wrist,0,0,0.092019,-0.227810,-0.172149,0.297256,-0.446534,-0.166014,0.144080,-0.208624,-0.160365,0.385541,-0.353587,-0.057009,0.000593,0.315474,0.019925,0.561671,0.001339,0.029627,0.027288,0.171823,0.000000,0.000000,0.000000,-2.916864,-0.613615,-3.139976,3.139897,0.505507,-0.404864,1.372965,0.440294,0.000000,0.000000,0.000000,0.000000,0.000000,0.000000
1778538153.631068,sequential_ik_elbow_then_wrist,0,0,0.087655,-0.236686,-0.162162,0.289865,-0.458067,-0.172232,0.171933,-0.180664,-0.166732,0.393472,-0.370337,-0.096412,0.000063,0.323652,0.005864,0.568904,0.000799,0.006218,0.022345,0.078201,0.000000,0.000000,0.000000,-2.889890,-0.606494,-3.139982,3.139922,0.545538,-0.446509,1.043453,0.536979,0.000000,0.000000,0.000000,0.000000,0.000000,0.000000
1778538153.699194,sequential_ik_elbow_then_wrist,0,0,0.107452,-0.220359,-0.172904,0.312466,-0.438586,-0.191513,0.181066,-0.175437,-0.162594,0.413783,-0.354395,-0.100811,0.000172,0.326807,0.010518,0.571670,0.000198,0.003366,0.011255,0.057855,0.000000,0.000000,0.000000,-2.851523,-0.606867,-3.139986,3.139941,0.596188,-0.477328,0.793024,0.599980,0.000000,0.000000,0.000000,0.000000,0.000000,0.000000
1778538153.781706,sequential_ik_elbow_then_wrist,0,0,0.081648,-0.207800,-0.200382,0.292325,-0.421314,-0.195197,0.172673,-0.192773,-0.151732,0.418134,-0.346028,-0.072601,0.000179,0.301228,0.009136,0.548843,0.000029,0.005839,0.003800,0.076390,0.000000,0.000000,0.000000,-2.827604,-0.630002,-3.139990,3.139955,0.630489,-0.492496,0.602698,0.652471,0.000000,0.000000,0.000000,0.000000,0.000000,0.000000
1778538153.818604,sequential_ik_elbow_then_wrist,0,0,0.092537,-0.181476,-0.220234,0.315069,-0.381973,-0.236990,0.173114,-0.171708,-0.174780,0.422712,-0.326452,-0.113502,0.000238,0.301505,0.011446,0.549095,0.000100,0.005859,0.007105,0.076534,0.000000,0.000000,0.000000,-2.799095,-0.670109,-3.139992,3.139966,0.664307,-0.519119,0.458051,0.689339,0.000000,0.000000,0.000000,0.000000,0.000000,0.000000
1778538153.882972,sequential_ik_elbow_then_wrist,0,0,0.100806,-0.180315,-0.217542,0.335015,-0.367269,-0.231484,0.178056,-0.169396,-0.172049,0.438185,-0.300756,-0.100791,0.000077,0.300885,0.007731,0.548529,0.000019,0.008590,0.003497,0.092592,0.000000,0.000000,0.000000,-2.767867,-0.703317,-3.139994,3.139974,0.695968,-0.540731,0.348119,0.727065,0.000000,0.000000,0.000000,0.000000,0.000000,0.000000
1778538153.927996,sequential_ik_elbow_then_wrist,0,0,0.132285,-0.153336,-0.221334,0.385017,-0.314573,-0.232692,0.191530,-0.156203,-0.170049,0.470099,-0.250144,-0.110260,0.000730,0.301525,0.024100,0.549113,0.000099,0.014916,0.008059,0.122116,0.000000,0.000000,0.000000,-2.715297,-0.733616,-3.139995,3.139980,0.733920,-0.556057,0.264570,0.751429,0.000000,0.000000,0.000000,0.000000,0.000000,0.000000
1778538153.970226,sequential_ik_elbow_then_wrist,0,0,0.152834,-0.107547,-0.234682,0.411827,-0.258686,-0.243592,0.192402,-0.155661,-0.169562,0.480131,-0.219236,-0.113258,0.001707,0.296062,0.037300,0.544116,0.000016,0.020124,0.003247,0.141853,0.000000,0.000000,0.000000,-2.635612,-0.772136,-3.139997,3.139985,0.768378,-0.566999,0.201073,0.767380,0.000000,0.000000,0.000000,0.000000,0.000000,0.000000
1778538154.017695,sequential_ik_elbow_then_wrist,0,0,0.155546,-0.116180,-0.228709,0.408618,-0.276733,-0.242020,0.195886,-0.157535,-0.163742,0.485755,-0.222158,-0.121319,0.000384,0.302334,0.017813,0.549849,0.000009,0.018957,0.002183,0.137580,0.000000,0.000000,0.000000,-2.555920,-0.797012,-3.139997,3.139989,0.797062,-0.570821,0.152816,0.766663,0.000000,0.000000,0.000000,0.000000,0.000000,0.000000
1778538154.075287,sequential_ik_elbow_then_wrist,0,0,0.157227,-0.126460,-0.222008,0.407773,-0.290492,-0.239909,0.189424,-0.161921,-0.167034,0.472365,-0.251041,-0.122290,0.000059,0.308424,0.006408,0.555359,0.000008,0.012978,0.002201,0.113917,0.000000,0.000000,0.000000,-2.488825,-0.808082,-3.139998,3.139991,0.815072,-0.575136,0.116140,0.763406,0.000000,0.000000,0.000000,0.000000,0.000000,0.000000
1778538154.141565,sequential_ik_elbow_then_wrist,0,0,0.165338,-0.087751,-0.234442,0.413782,-0.251841,-0.271188,0.185428,-0.158433,-0.174686,0.463580,-0.270538,-0.166691,0.000619,0.308378,0.022350,0.555318,0.000012,0.034042,0.002366,0.157980,0.000000,0.000000,0.000000,-2.413955,-0.827453,-3.139998,3.139993,0.827484,-0.584476,0.841866,0.532189,0.000000,0.000000,0.000000,0.000000,0.000000,0.000000
1778538154.201405,sequential_ik_elbow_then_wrist,0,0,0.151223,-0.007829,-0.258979,0.413849,-0.150401,-0.285448,0.187129,-0.164307,-0.167291,0.473107,-0.248947,-0.134849,0.003654,0.275594,0.055561,0.524971,0.000009,0.037277,0.002133,0.193073,0.000000,0.000000,0.000000,-2.312078,-0.877449,-3.139999,3.139995,0.834361,-0.587410,1.393418,0.356463,0.000000,0.000000,0.000000,0.000000,0.000000,0.000000
1778538154.259674,sequential_ik_elbow_then_wrist,0,0,0.118830,-0.004863,-0.275419,0.381501,-0.149786,-0.274110,0.180387,-0.172712,-0.166226,0.464163,-0.255073,-0.114382,0.001441,0.243364,0.035179,0.493319,0.000030,0.044172,0.004368,0.210171,0.000000,0.000000,0.000000,-2.213377,-0.942311,-3.139999,3.139996,0.831975,-0.587924,1.812598,0.222912,0.000000,0.000000,0.000000,0.000000,0.000000,0.000000
1778538154.314339,sequential_ik_elbow_then_wrist,0,0,0.115457,-0.011691,-0.276646,0.371765,-0.167581,-0.278882,0.175178,-0.169261,-0.175109,0.456179,-0.261296,-0.124432,0.000471,0.244320,0.021010,0.494287,0.000018,0.044550,0.003019,0.211069,0.000000,0.000000,0.000000,-2.126854,-0.997674,-3.139999,3.139997,0.826832,-0.594563,2.131174,0.121413,0.000000,0.000000,0.000000,0.000000,0.000000,0.000000
1778538154.378189,sequential_ik_elbow_then_wrist,0,0,0.103565,0.035406,-0.279322,0.358731,-0.113496,-0.331458,0.167008,-0.169946,-0.182282,0.446408,-0.264483,-0.127525,0.002996,0.251664,0.053420,0.501661,0.000029,0.049076,0.003996,0.221530,0.000000,0.000000,0.000000,-2.035919,-1.053298,-3.139999,3.139998,0.817883,-0.606557,2.373293,0.044274,0.000000,0.000000,0.000000,0.000000,0.000000,0.000000
1778538154.446282,sequential_ik_elbow_then_wrist,0,0,0.016671,0.131032,-0.269356,0.193122,-0.097680,-0.350325,0.173259,-0.178673,-0.167503,0.409866,-0.331391,-0.064090,0.019379,0.169718,0.136628,0.411968,0.000034,0.053929,0.003988,0.232226,0.000000,0.000000,0.000000,-1.936854,-1.152156,-3.140000,3.139998,0.808083,-0.606025,2.557302,-0.014352,0.000000,0.000000,0.000000,0.000000,0.000000,0.000000
1778538161.939848,sequential_ik_elbow_then_wrist,0,0,0.192029,-0.208554,-0.098134,0.463577,-0.335439,-0.110847,0.232564,-0.177181,-0.067237,0.520611,-0.129974,0.002047,0.029936,0.339985,0.151355,0.583082,0.001771,0.079582,0.028620,0.282103,0.000000,0.000000,0.000000,-1.953754,-1.048452,-3.140000,3.139999,0.825757,-0.535980,2.697150,-0.058907,0.000000,0.000000,0.000000,0.000000,0.000000,0.000000
1778538162.955225,sequential_ik_elbow_then_wrist,0,0,0.083737,-0.205723,-0.201659,0.315966,-0.391490,-0.162164,0.100456,-0.262895,-0.103900,0.356374,-0.284445,0.051153,0.007391,0.279622,0.075742,0.528793,0.003002,0.094684,0.039721,0.307708,0.000000,0.000000,0.000000,-2.063289,-0.983102,-3.140000,3.139999,0.749061,-0.491823,2.803434,-0.092770,0.000000,0.000000,0.000000,0.000000,0.000000,0.000000
1778538163.008942,sequential_ik_elbow_then_wrist,0,0,0.064706,-0.236055,-0.173469,0.294459,-0.424887,-0.134029,0.078240,-0.275595,-0.089027,0.319523,-0.302148,0.087260,0.003093,0.285401,0.046858,0.534229,0.000612,0.083432,0.017614,0.274665,0.000000,0.000000,0.000000,-2.213601,-0.907528,-3.140000,3.139999,0.650096,-0.449216,2.130610,0.096039,0.000000,0.000000,0.000000,0.000000,0.000000,0.000000
1778538163.067399,sequential_ik_elbow_then_wrist,0,0,0.023058,-0.253202,-0.159239,0.238659,-0.432919,-0.053324,0.093883,-0.275085,-0.074256,0.311388,-0.310402,0.129323,0.001742,0.090956,0.033814,0.276736,0.000045,0.047280,0.004443,0.212514,0.000000,0.000000,0.000000,-2.383607,-0.831790,-2.386400,2.852268,0.573479,-0.404958,1.619263,0.349975,0.000000,0.000000,0.000000,0.000000,0.000000,0.000000
1778538172.379092,sequential_ik_elbow_then_wrist,1,0,-0.083700,-0.281426,-0.061593,0.047898,-0.549141,-0.029798,-0.077719,-0.282478,-0.064546,-0.165086,-0.562868,-0.003323,0.009268,0.026640,0.089436,0.130206,0.003995,0.014787,0.044463,0.109601,0.000000,0.000000,0.000000,-2.565142,-0.706606,-1.813664,2.397383,0.407665,-0.364181,1.230640,0.416545,0.000000,0.000000,0.000000,0.000000,0.000000,0.000000
1778538172.435241,sequential_ik_elbow_then_wrist,1,0,-0.055675,-0.271613,-0.114571,0.093219,-0.528912,-0.074223,-0.086845,-0.272514,-0.090520,-0.131446,-0.558392,-0.011246,0.003261,0.012849,0.056698,0.109005,0.000452,0.000351,0.014808,0.017682,0.000000,0.000000,0.000000,-2.703108,-0.627836,-1.378385,1.977049,0.247546,-0.346598,0.935287,0.452210,0.000000,0.000000,0.000000,0.000000,0.000000,0.000000
1778538172.511049,sequential_ik_elbow_then_wrist,0,0,0.102728,-0.016622,-0.281373,0.298886,-0.229917,-0.203740,-0.059835,-0.285326,-0.070772,-0.109753,-0.577598,-0.025107,0.021106,0.063238,0.118968,0.245708,0.000060,0.000596,0.005280,0.021420,0.000000,0.000000,0.000000,-2.731362,-0.752852,-1.047572,1.786076,0.135370,-0.323483,0.710818,0.451226,0.000000,0.000000,0.000000,0.000000,0.000000,0.000000
1778538172.556170,sequential_ik_elbow_then_wrist,0,0,0.117709,0.051804,-0.271037,0.352740,-0.118546,-0.195266,-0.059295,-0.287735,-0.060768,-0.092666,-0.553174,0.074983,0.019170,0.076540,0.134272,0.272243,0.000026,0.001174,0.003395,0.028470,0.000000,0.000000,0.000000,-2.718169,-0.921163,-0.796155,1.759091,0.053135,-0.297345,0.540222,0.496239,0.000000,0.000000,0.000000,0.000000,0.000000,0.000000
1778538172.625011,sequential_ik_elbow_then_wrist,0,0,0.143316,0.140190,-0.223175,0.395389,-0.018643,-0.188081,-0.041145,-0.287242,-0.076151,-0.027204,-0.563293,0.040474,0.042180,0.129968,0.203626,0.358776,0.000065,0.003897,0.005494,0.062426,0.000000,0.000000,0.000000,-2.718253,-1.112495,-0.605078,1.823374,0.002365,-0.285285,0.410568,0.531893,0.000000,0.000000,0.000000,0.000000,0.000000,0.000000
1778538172.675427,sequential_ik_elbow_then_wrist,0,0,-0.090208,-0.285040,-0.024791,-0.008916,-0.565728,0.043076,-0.144096,-0.263121,0.001946,-0.295176,-0.482468,0.140010,0.055557,0.021026,0.209792,0.131392,0.001960,0.005258,0.029883,0.072390,0.000000,0.000000,0.000000,-2.793866,-1.011351,-0.459859,1.725021,-0.099269,-0.229555,0.312032,0.548900,0.000000,0.000000,0.000000,0.000000,0.000000,0.000000
1778538172.728753,sequential_ik_elbow_then_wrist,1,0,-0.052743,-0.255921,-0.147386,0.028916,-0.528124,-0.051277,-0.088260,-0.285954,-0.020993,-0.148824,-0.474530,0.204331,0.003269,0.003199,0.054694,0.043360,0.000161,0.001163,0.008471,0.024150,0.000000,0.000000,0.000000,-2.876938,-0.903739,-0.349493,1.563114,-0.154025,-0.190355,0.237144,0.619596,0.000000,0.000000,0.000000,0.000000,0.000000,0.000000
1778538172.813641,sequential_ik_elbow_then_wrist,0,0,-0.212887,-0.197565,-0.075149,-0.201795,-0.495602,-0.042735,-0.165023,-0.245445,-0.050241,-0.316940,-0.462844,0.089969,0.053836,0.045655,0.231662,0.212893,0.000861,0.002167,0.019758,0.043123,0.000000,0.000000,0.000000,-2.940073,-0.790786,-0.265615,1.396386,-0.244101,-0.179585,0.180230,0.631220,0.000000,0.000000,0.000000,0.000000,0.000000,0.000000
1778538172.867352,sequential_ik_elbow_then_wrist,0,0,-0.238872,-0.177375,-0.038449,-0.261179,-0.462714,0.051461,-0.217741,-0.206288,-0.005819,-0.407770,-0.329471,0.190942,0.071919,0.074329,0.267857,0.272535,0.001030,0.005869,0.021513,0.075899,0.000000,0.000000,0.000000,-2.988056,-0.673455,-0.201867,1.287354,-0.364787,-0.148208,0.136975,0.665071,0.000000,0.000000,0.000000,0.000000,0.000000,0.000000
1778538172.922248,sequential_ik_elbow_then_wrist,1,0,-0.112993,-0.257854,-0.103653,0.096226,-0.415288,0.042779,-0.068753,-0.287700,-0.050018,-0.145575,-0.475442,0.171006,0.013427,0.019705,0.115717,0.139420,0.002983,0.001336,0.037097,0.033526,0.000000,0.000000,0.000000,-3.024522,-0.598719,-0.153419,1.243698,-0.362967,-0.146806,0.104101,0.725761,0.000000,0.000000,0.000000,0.000000,0.000000,0.000000
1778538172.976060,sequential_ik_elbow_then_wrist,0,0,0.078079,-0.001078,-0.289659,0.311276,-0.141195,-0.163221,-0.045090,-0.293896,-0.039903,-0.079121,-0.488802,0.185603,0.020855,0.103394,0.114122,0.317608,0.000452,0.000445,0.014349,0.020354,0.000000,0.000000,0.000000,-2.994365,-0.746261,-0.116598,1.330982,-0.323961,-0.144188,0.079116,0.785113,0.000000,0.000000,0.000000,0.000000,0.000000,0.000000
1778538173.036556,sequential_ik_elbow_then_wrist,0,0,0.081213,-0.004735,-0.288759,0.295958,-0.171145,-0.161510,-0.045414,-0.294497,-0.034769,-0.048016,-0.500040,0.183739,0.006479,0.054288,0.077573,0.231485,0.000028,0.001185,0.003568,0.034361,0.000000,0.000000,0.000000,-2.949996,-0.905262,-0.088615,1.460946,-0.285588,-0.138550,0.060129,0.825014,0.000000,0.000000,0.000000,0.000000,0.000000,0.000000
1778538173.101025,sequential_ik_elbow_then_wrist,1,0,0.051172,-0.148032,-0.255867,0.243500,-0.295161,-0.078771,-0.043708,-0.294820,-0.034219,-0.115964,-0.498606,0.173748,0.001607,0.017996,0.026833,0.134068,0.000003,0.001610,0.001252,0.039862,0.000000,0.000000,0.000000,-2.916234,-0.954632,-0.067347,1.548482,-0.253315,-0.133084,0.045698,0.844264,0.000000,0.000000,0.000000,0.000000,0.000000,0.000000
1778538173.165287,sequential_ik_elbow_then_wrist,1,0,-0.017008,-0.015897,-0.299095,0.110601,-0.117109,-0.047159,-0.021676,-0.295485,-0.047104,-0.120775,-0.465690,0.179192,0.002395,0.012612,0.036265,0.096424,0.000084,0.006449,0.006148,0.079591,0.000000,0.000000,0.000000,-2.896963,-1.070775,-0.051184,1.753187,-0.214501,-0.136698,0.034730,0.884611,0.000000,0.000000,0.000000,0.000000,0.000000,0.000000
1778538173.232503,sequential_ik_elbow_then_wrist,1,0,-0.076717,0.042606,-0.286879,-0.018863,-0.063319,-0.012228,-0.027698,-0.291406,-0.065693,-0.162372,-0.452256,0.148759,0.004942,0.004700,0.064982,0.053545,0.000056,0.015118,0.004992,0.122823,0.000000,0.000000,0.000000,-2.879264,-1.223330,-0.038900,2.011502,-0.185579,-0.152885,0.026395,0.928858,0.000000,0.000000,0.000000,0.000000,0.000000,0.000000
1778538173.281446,sequential_ik_elbow_then_wrist,1,0,-0.093685,0.094193,-0.268981,-0.069350,-0.007345,0.012262,-0.030069,-0.287943,-0.078644,-0.167146,-0.460274,0.125101,0.003550,0.006076,0.054810,0.071864,0.000041,0.015111,0.004257,0.122924,0.000000,0.000000,0.000000,-2.847286,-1.392184,-0.029564,2.280266,-0.165412,-0.176496,0.020060,0.963886,0.000000,0.000000,0.000000,0.000000,0.000000,0.000000
1778538173.335652,sequential_ik_elbow_then_wrist,1,0,-0.152326,0.051380,-0.253292,-0.090707,-0.055466,0.020180,-0.116238,-0.276550,0.002983,-0.256925,-0.321751,0.264065,0.010088,0.011726,0.097928,0.108283,0.001680,0.020060,0.027616,0.140408,0.000000,0.000000,0.000000,-2.772008,-1.536933,-0.022469,2.486602,-0.204647,-0.146392,0.015246,1.035144,0.000000,0.000000,0.000000,0.000000,0.000000,0.000000
1778538173.395670,sequential_ik_elbow_then_wrist,1,0,-0.131128,0.074622,-0.259301,-0.090642,-0.011630,0.025166,-0.130008,-0.270366,-0.000042,-0.290250,-0.343121,0.242917,0.002489,0.009040,0.047914,0.095080,0.000180,0.016288,0.008919,0.126987,0.000000,0.000000,0.000000,-2.684316,-1.660513,-0.017076,2.643418,-0.256542,-0.114096,0.011587,1.058712,0.000000,0.000000,0.000000,0.000000,0.000000,0.000000
1778538173.459651,sequential_ik_elbow_then_wrist,1,0,-0.104026,0.075468,-0.271078,-0.082568,-0.029165,0.009264,-0.200675,-0.222986,0.002547,-0.397686,-0.273781,0.223016,0.000444,0.007791,0.020109,0.088264,0.001045,0.022368,0.021586,0.148871,0.000000,0.000000,0.000000,-2.605038,-1.746278,-0.012978,2.762597,-0.353604,-0.085797,0.008806,1.042247,0.000000,0.000000,0.000000,0.000000,0.000000,0.000000
1778538173.529137,sequential_ik_elbow_then_wrist,1,0,-0.094891,0.075624,-0.274366,-0.073348,-0.103160,-0.034424,-0.125252,-0.269689,-0.039747,-0.319422,-0.406227,0.143707,0.000123,0.016345,0.010521,0.127599,0.000746,0.009600,0.018270,0.096885,0.000000,0.000000,0.000000,-2.538710,-1.805485,-0.009863,2.834011,-0.385744,-0.089631,0.006693,0.994652,0.000000,0.000000,0.000000,0.000000,0.000000,0.000000
1778538190.318326,sequential_ik_elbow_then_wrist,0,0,-0.196439,0.109426,-0.198589,-0.455497,-0.037851,-0.163963,-0.145189,-0.056310,-0.256416,-0.348931,0.014598,-0.047943,0.002913,0.166668,0.041727,0.400927,0.014449,0.100579,0.090007,0.308890,0.000000,0.000000,0.000000,-2.459095,-1.927270,-0.761096,2.703541,-0.489763,-0.266410,0.005086,1.130985,0.000000,0.000000,0.000000,0.000000,0.000000,0.000000
1778538190.371515,sequential_ik_elbow_then_wrist,0,0,-0.205318,0.087607,-0.200423,-0.337112,-0.099557,-0.006515,-0.003724,-0.065296,-0.292784,0.086898,0.049782,-0.030974,0.000810,0.130974,0.024409,0.351789,0.005213,0.046697,0.056563,0.167860,0.000000,0.000000,0.000000,-2.367828,-2.036768,-0.578433,2.808291,-0.545466,-0.505894,0.003866,1.561207,0.000000,0.000000,0.000000,0.000000,0.000000,0.000000
1778538190.433185,sequential_ik_elbow_then_wrist,0,0,-0.197111,0.031464,-0.223958,-0.210619,-0.176191,-0.007864,0.158167,-0.034286,-0.252601,0.342603,0.034118,-0.026097,0.001598,0.075561,0.035148,0.274883,0.026038,0.119921,0.155680,0.345619,0.000000,0.000000,0.000000,-2.256471,-2.101984,-0.439609,2.887901,-0.581083,-0.789555,0.002938,1.940117,0.000000,0.000000,0.000000,0.000000,0.000000,0.000000
1778538190.489928,sequential_ik_elbow_then_wrist,0,0,0.014471,-0.080742,-0.288568,0.184153,-0.302157,-0.178190,0.206086,-0.013520,-0.217591,0.474405,0.005572,-0.084775,0.013803,0.078447,0.097929,0.268746,0.023098,0.232573,0.146400,0.482258,0.000000,0.000000,0.000000,-2.142670,-1.998519,-0.334103,2.759083,-0.664972,-1.084905,0.002233,2.228089,0.000000,0.000000,0.000000,0.000000,0.000000,0.000000
1778538190.551043,sequential_ik_elbow_then_wrist,0,0,0.270197,-0.125691,0.034573,0.521578,-0.274399,0.103084,0.295393,-0.027215,-0.044748,0.553541,-0.068240,0.102480,0.042145,0.031731,0.162703,0.142492,0.019417,0.321872,0.111415,0.567338,0.000000,0.000000,0.000000,-2.086321,-1.620944,-0.253918,2.404632,-0.844028,-1.473837,0.001697,2.446948,0.000000,0.000000,0.000000,0.000000,0.000000,0.000000
1778538190.617222,sequential_ik_elbow_then_wrist,0,0,0.210791,-0.212874,-0.015868,0.464370,-0.359785,0.048278,0.287793,-0.072087,-0.044483,0.527782,-0.146334,0.119507,0.003785,0.007660,0.042583,0.059445,0.002728,0.314473,0.036499,0.560779,0.000000,0.000000,0.000000,-2.125862,-1.266349,-0.192978,1.981079,-1.053095,-1.821498,0.001290,2.613280,0.000000,0.000000,0.000000,0.000000,0.000000,0.000000
1778538190.686914,sequential_ik_elbow_then_wrist,0,0,0.070803,-0.290109,-0.028696,0.222102,-0.535905,0.053116,0.181004,-0.238233,-0.021966,0.294919,-0.443398,0.164932,0.004642,0.000598,0.046664,0.016723,0.006892,0.310994,0.057685,0.557668,0.000000,0.000000,0.000000,-2.274795,-0.989056,-0.146663,1.616366,-1.353062,-2.110770,0.000980,2.739693,0.000000,0.000000,0.000000,0.000000,0.000000,0.000000
1778538190.742001,sequential_ik_elbow_then_wrist,0,0,0.182729,-0.235263,0.035517,0.347860,-0.469107,0.125233,0.250817,-0.163758,0.016564,0.403003,-0.355568,0.189908,0.001317,0.000848,0.024283,0.025865,0.000671,0.325087,0.020074,0.570164,0.000000,0.000000,0.000000,-2.339132,-0.735875,-0.111464,1.307058,-1.552622,-2.357785,0.000745,2.835767,0.000000,0.000000,0.000000,0.000000,0.000000,0.000000
1778538201.842215,sequential_ik_elbow_then_wrist,0,0,-0.129845,0.114291,-0.245108,-0.400832,-0.012428,-0.267652,0.022074,-0.253919,-0.158234,-0.048658,-0.515245,-0.028985,0.081227,0.186369,0.248629,0.421197,0.011801,0.268851,0.079358,0.518508,0.000000,0.000000,0.000000,-2.441784,-0.873476,-0.838313,1.299197,-1.847384,-2.439590,0.000566,2.908783,0.000000,0.000000,0.000000,0.000000,0.000000,0.000000
1778538201.922505,sequential_ik_elbow_then_wrist,0,0,-0.113301,0.120542,-0.250264,-0.355039,-0.054093,-0.282900,0.076962,-0.238318,-0.165170,0.056809,-0.531079,-0.102838,0.010578,0.217091,0.082440,0.465930,0.000236,0.296025,0.010438,0.544081,0.000000,0.000000,0.000000,-2.510602,-1.125343,-1.390718,1.292075,-2.079131,-2.475818,0.000430,2.964275,0.000000,0.000000,0.000000,0.000000,0.000000,0.000000
1778538201.972848,sequential_ik_elbow_then_wrist,0,0,-0.099513,0.127005,-0.252917,-0.327146,-0.068290,-0.259479,0.084413,-0.225459,-0.179005,0.051562,-0.518139,-0.121915,0.001328,0.226322,0.031905,0.475667,0.000094,0.286175,0.006600,0.534953,0.000000,0.000000,0.000000,-2.544588,-1.354838,-1.810545,1.305674,-2.250752,-2.486997,0.000327,3.006449,0.000000,0.000000,0.000000,0.000000,0.000000,0.000000
1778538202.026587,sequential_ik_elbow_then_wrist,0,0,-0.122299,0.131484,-0.240323,-0.368224,-0.038665,-0.216442,0.057515,-0.219842,-0.195860,-0.018041,-0.468446,-0.045902,0.001083,0.188288,0.029877,0.433705,0.000191,0.222110,0.010510,0.471286,0.000000,0.000000,0.000000,-2.546117,-1.551765,-2.129614,1.348939,-2.394237,-2.478314,0.000249,3.038501,0.000000,0.000000,0.000000,0.000000,0.000000,0.000000
1778538202.097263,sequential_ik_elbow_then_wrist,0,0,-0.127720,0.130821,-0.237851,-0.366436,-0.048983,-0.211678,0.068405,-0.187794,-0.223727,0.036357,-0.447547,-0.077094,0.000458,0.177607,0.019641,0.421323,0.000281,0.207814,0.011688,0.455866,0.000000,0.000000,0.000000,-2.528783,-1.710049,-2.372107,1.405089,-2.496272,-2.443742,0.000189,3.062861,0.000000,0.000000,0.000000,0.000000,0.000000,0.000000
1778538202.156899,sequential_ik_elbow_then_wrist,0,0,-0.139524,0.137785,-0.227043,-0.269592,-0.100032,-0.098492,0.081782,-0.231099,-0.172931,0.085982,-0.518956,-0.088548,0.000257,0.122064,0.013940,0.342063,0.000402,0.284785,0.013390,0.533653,0.000000,0.000000,0.000000,-2.501778,-1.843312,-2.556401,1.618426,-2.571200,-2.453153,0.000144,3.081374,0.000000,0.000000,0.000000,0.000000,0.000000,0.000000
1778538202.221208,sequential_ik_elbow_then_wrist,0,0,-0.177281,0.115768,-0.212530,-0.253654,-0.129541,-0.057641,0.049889,-0.266570,-0.128263,0.022187,-0.558080,-0.063035,0.001028,0.087083,0.028323,0.292528,0.000767,0.316113,0.019725,0.562240,0.000000,0.000000,0.000000,-2.448445,-1.959606,-2.696465,1.873848,-2.652486,-2.500144,0.000109,3.095444,0.000000,0.000000,0.000000,0.000000,0.000000,0.000000
1778538202.268558,sequential_ik_elbow_then_wrist,0,0,-0.151159,0.093456,-0.241696,-0.191446,-0.163712,-0.092559,0.059310,-0.258364,-0.140465,0.070574,-0.556094,-0.105396,0.000448,0.075130,0.017552,0.272136,0.000001,0.325491,0.000620,0.570518,0.000000,0.000000,0.000000,-2.391557,-2.024728,-2.802913,2.146544,-2.715265,-2.536852,0.000083,3.106138,0.000000,0.000000,0.000000,0.000000,0.000000,0.000000
1778538202.319920,sequential_ik_elbow_then_wrist,0,0,-0.141659,0.061616,-0.257170,-0.146255,-0.202438,-0.114851,0.050577,-0.257399,-0.145560,0.143888,-0.542305,-0.156581,0.000748,0.075777,0.024206,0.274969,0.000016,0.178562,0.003036,0.405403,0.000000,0.000000,0.000000,-2.328561,-2.050967,-2.883814,2.384973,-2.768480,-2.561389,0.753663,2.828167,0.000000,0.000000,0.000000,0.000000,0.000000,0.000000
1778538202.392991,sequential_ik_elbow_then_wrist,0,0,-0.102613,-0.052026,-0.277063,-0.003356,-0.315258,-0.172867,0.030581,-0.261218,-0.144326,0.146596,-0.536569,-0.117450,0.008696,0.129436,0.088309,0.359772,0.000090,0.025778,0.007313,0.126418,0.000000,0.000000,0.000000,-2.235675,-2.014856,-2.945299,2.566180,-2.823385,-2.580070,1.326384,2.379360,0.000000,0.000000,0.000000,0.000000,0.000000,0.000000
1778538202.448070,sequential_ik_elbow_then_wrist,0,0,-0.137546,-0.018642,-0.265958,-0.046744,-0.274052,-0.137425,0.070661,-0.209556,-0.202715,0.258696,-0.443291,-0.206021,0.003117,0.096250,0.053936,0.310242,0.000993,0.022109,0.023017,0.146749,0.000000,0.000000,0.000000,-2.137422,-2.008162,-2.992027,2.703897,-2.839295,-2.549539,1.761652,1.980795,0.000000,0.000000,0.000000,0.000000,0.000000,0.000000
1778538202.517454,sequential_ik_elbow_then_wrist,0,0,-0.110920,-0.013625,-0.278408,0.026233,-0.268848,-0.200625,0.078958,-0.230233,-0.175381,0.274597,-0.457665,-0.175168,0.001207,0.113355,0.033722,0.336682,0.000120,0.016524,0.008493,0.128454,0.000000,0.000000,0.000000,-2.045267,-1.993275,-3.027541,2.808561,-2.839678,-2.538154,2.092455,1.666215,0.000000,0.000000,0.000000,0.000000,0.000000,0.000000
1778538202.573090,sequential_ik_elbow_then_wrist,0,0,-0.091538,-0.005048,-0.285649,0.062065,-0.258838,-0.240966,0.079148,-0.228545,-0.177491,0.276727,-0.454275,-0.180312,0.000407,0.129077,0.019112,0.359273,0.000013,0.014699,0.002998,0.121194,0.000000,0.000000,0.000000,-1.966975,-1.968746,-3.054531,2.888107,-2.835067,-2.530672,2.343866,1.419254,0.000000,0.000000,0.000000,0.000000,0.000000,0.000000
1778538202.634979,sequential_ik_elbow_then_wrist,0,0,-0.080172,0.102200,-0.270421,0.076009,-0.150987,-0.231634,0.088503,-0.218871,-0.185102,0.296742,-0.434524,-0.196512,0.005997,0.082409,0.076110,0.287070,0.000058,0.016168,0.006127,0.127139,0.000000,0.000000,0.000000,-1.941005,-1.957519,-3.075043,2.948561,-2.822280,-2.519317,2.534938,1.226933,0.000000,0.000000,0.000000,0.000000,0.000000,0.000000
1778538202.696117,sequential_ik_elbow_then_wrist,0,0,-0.067773,0.125745,-0.263809,0.085381,-0.127622,-0.215342,0.087518,-0.213866,-0.191316,0.320913,-0.402335,-0.193830,0.007354,0.070145,0.083958,0.264849,0.000022,0.024151,0.003501,0.155362,0.000000,0.000000,0.000000,-1.962253,-1.957699,-3.090633,2.994506,-2.808452,-2.504511,2.680153,1.089589,0.000000,0.000000,0.000000,0.000000,0.000000,0.000000
1778538202.755312,sequential_ik_elbow_then_wrist,0,0,-0.046369,0.110932,-0.274853,0.125825,-0.132793,-0.244080,0.076488,-0.212700,-0.197252,0.323224,-0.382830,-0.183937,0.004639,0.093282,0.066720,0.305421,0.000024,0.031427,0.003770,0.177124,0.000000,0.000000,0.000000,-2.010082,-1.949187,-3.102481,3.029425,-2.802381,-2.487035,2.790516,1.002829,0.000000,0.000000,0.000000,0.000000,0.000000,0.000000
1778538202.831350,sequential_ik_elbow_then_wrist,0,0,0.036861,0.019207,-0.297107,0.256046,-0.170386,-0.219567,0.089429,-0.209142,-0.195607,0.354222,-0.333367,-0.128880,0.003229,0.143101,0.046983,0.378287,0.000026,0.047687,0.004334,0.217515,0.000000,0.000000,0.000000,-2.052977,-1.866293,-3.111486,3.055963,-2.791388,-2.473654,2.874392,0.983297,0.000000,0.000000,0.000000,0.000000,0.000000,0.000000
1778538202.880203,sequential_ik_elbow_then_wrist,0,0,0.058448,-0.106169,-0.274430,0.281887,-0.294010,-0.205216,0.079174,-0.217041,-0.191376,0.326608,-0.367316,-0.112676,0.004235,0.208331,0.056652,0.456433,0.000019,0.033659,0.003568,0.183299,0.000000,0.000000,0.000000,-2.096188,-1.727158,-3.118329,3.076132,-2.788028,-2.466892,2.938138,0.987075,0.000000,0.000000,0.000000,0.000000,0.000000,0.000000
1778538202.938894,sequential_ik_elbow_then_wrist,0,0,0.069251,-0.039364,-0.289231,0.292442,-0.226605,-0.217631,0.095618,-0.193701,-0.208175,0.370664,-0.268007,-0.114217,0.000112,0.184520,0.010394,0.429558,0.000163,0.063962,0.010225,0.252490,0.000000,0.000000,0.000000,-2.125345,-1.624713,-3.123530,3.091460,-2.772862,-2.448502,2.986585,1.024789,0.000000,0.000000,0.000000,0.000000,0.000000,0.000000
1778538203.004112,sequential_ik_elbow_then_wrist,0,0,0.005399,-0.197489,-0.225763,0.194122,-0.400444,-0.110901,0.063011,-0.254540,-0.145736,0.258031,-0.424277,0.006436,0.016443,0.210654,0.123344,0.458970,0.001019,0.110270,0.023285,0.303645,0.000000,0.000000,0.000000,-2.212141,-1.493001,-3.127483,3.103110,-2.788666,-2.479210,2.269805,0.730840,0.000000,0.000000,0.000000,0.000000,0.000000,0.000000
1778538203.054039,sequential_ik_elbow_then_wrist,0,0,-0.024224,-0.132396,-0.268113,0.165571,-0.321979,-0.133814,0.092193,-0.246359,-0.144248,0.322558,-0.389512,-0.016032,0.007134,0.025429,0.081673,0.122480,0.000079,0.086148,0.006406,0.293510,0.000000,0.000000,0.000000,-2.324102,-1.416498,-2.376887,2.866886,-2.791688,-2.514274,1.725052,0.507438,0.000000,0.000000,0.000000,0.000000,0.000000,0.000000
1778538203.126335,sequential_ik_elbow_then_wrist,0,0,-0.145586,0.158639,-0.208898,-0.168696,0.034914,0.063422,-0.001187,-0.238796,-0.181590,0.048274,-0.330603,0.099701,0.018709,0.044250,0.105255,0.183909,0.001598,0.192743,0.031727,0.439025,0.000000,0.000000,0.000000,-2.399481,-1.567775,-1.806434,2.932434,-2.846093,-2.514660,1.311039,0.337653,0.000000,0.000000,0.000000,0.000000,0.000000,0.000000
1778538203.184751,sequential_ik_elbow_then_wrist,0,0,-0.154225,0.134411,-0.219428,-0.115552,-0.022249,0.033480,0.112092,-0.164269,-0.224613,0.357027,-0.248117,-0.073033,0.002614,0.015028,0.044512,0.122589,0.003226,0.168271,0.047745,0.410208,0.000000,0.000000,0.000000,-2.419523,-1.730267,-1.372890,2.982250,-2.828617,-2.470352,0.996390,0.208616,0.000000,0.000000,0.000000,0.000000,0.000000,0.000000
1778538203.244155,sequential_ik_elbow_then_wrist,0,0,-0.003249,0.163161,-0.251730,0.219041,-0.008613,-0.146463,0.182309,-0.069915,-0.227762,0.475846,-0.096243,-0.171701,0.004958,0.042915,0.065530,0.202125,0.009348,0.151754,0.088712,0.389556,0.000000,0.000000,0.000000,-2.489992,-1.825966,-1.043396,2.911160,-2.726472,-2.411861,0.757256,0.110548,0.000000,0.000000,0.000000,0.000000,0.000000,0.000000
1778538203.295040,sequential_ik_elbow_then_wrist,0,0,0.131509,-0.002533,-0.269628,0.398718,-0.138076,-0.284704,0.173325,-0.070131,-0.234606,0.470852,-0.107410,-0.243995,0.022060,0.261403,0.138271,0.509256,0.002604,0.053728,0.047212,0.218678,0.000000,0.000000,0.000000,-2.576281,-1.772725,-1.546581,2.966082,-2.602395,-2.366012,1.329115,0.220490,0.000000,0.000000,0.000000,0.000000,0.000000,0.000000
1778538203.354830,sequential_ik_elbow_then_wrist,0,0,0.145944,-0.019071,-0.261413,0.405886,-0.163062,-0.302607,0.161343,-0.102404,-0.231262,0.458152,-0.133715,-0.261656,0.018930,0.283132,0.135963,0.532101,0.000087,0.024330,0.008125,0.155179,0.000000,0.000000,0.000000,-2.626906,-1.683951,-1.929002,3.007822,-2.500117,-2.338556,1.763727,0.341930,0.000000,0.000000,0.000000,0.000000,0.000000,0.000000
1778538203.417692,sequential_ik_elbow_then_wrist,0,0,0.119637,-0.037635,-0.272526,0.351249,-0.227588,-0.289079,0.159535,-0.117440,-0.225292,0.454079,-0.171850,-0.242141,0.008701,0.258999,0.092120,0.508919,0.000028,0.015960,0.004096,0.126198,0.000000,0.000000,0.000000,-2.639032,-1.593156,-2.219641,3.039545,-2.425734,-2.325157,2.094033,0.448222,0.000000,0.000000,0.000000,0.000000,0.000000,0.000000
1778538203.484601,sequential_ik_elbow_then_wrist,0,0,0.147531,-0.002688,-0.261203,0.395248,-0.170174,-0.285387,0.153185,-0.141122,-0.215914,0.449779,-0.183060,-0.232437,0.014645,0.266887,0.119719,0.516611,0.000236,0.021697,0.013345,0.147294,0.000000,0.000000,0.000000,-2.606433,-1.516883,-2.440527,3.063654,-2.384508,-2.324928,2.345065,0.525618,0.000000,0.000000,0.000000,0.000000,0.000000,0.000000
1778538203.541562,sequential_ik_elbow_then_wrist,0,0,0.144483,-0.056947,-0.256674,0.385632,-0.233636,-0.281737,0.145627,-0.139851,-0.221888,0.442529,-0.182523,-0.227200,0.004705,0.282933,0.065382,0.531915,0.000087,0.026921,0.008303,0.164055,0.000000,0.000000,0.000000,-2.547777,-1.422417,-2.608401,3.081977,-2.363057,-2.321822,2.535849,0.590633,0.000000,0.000000,0.000000,0.000000,0.000000,0.000000
1778538203.600010,sequential_ik_elbow_then_wrist,0,0,0.167757,-0.046050,-0.244411,0.397861,-0.234437,-0.283943,0.181430,-0.059941,-0.231279,0.470136,-0.141449,-0.233533,0.004049,0.294111,0.060206,0.542320,0.002099,0.014315,0.041464,0.119488,0.000000,0.000000,0.000000,-2.460021,-1.326549,-2.735985,3.095903,-2.301754,-2.306667,2.680845,0.654780,0.000000,0.000000,0.000000,0.000000,0.000000,0.000000
1778538203.651463,sequential_ik_elbow_then_wrist,0,0,0.171509,-0.061317,-0.238380,0.398331,-0.248265,-0.298398,0.190893,-0.052012,-0.225510,0.477149,-0.136691,-0.255292,0.001067,0.309543,0.029932,0.556366,0.000963,0.004117,0.028177,0.063837,0.000000,0.000000,0.000000,-2.367302,-1.236096,-2.832948,3.106486,-2.224273,-2.299567,2.791043,0.687942,0.000000,0.000000,0.000000,0.000000,0.000000,0.000000
1778538203.721545,sequential_ik_elbow_then_wrist,0,0,0.189608,-0.053212,-0.226312,0.407799,-0.233953,-0.324930,0.195254,-0.029956,-0.225784,0.477052,-0.108236,-0.292585,0.000796,0.326760,0.025261,0.571629,0.000844,0.001159,0.026332,0.031958,0.000000,0.000000,0.000000,-2.271487,-1.150965,-2.906641,3.114529,-2.135996,-2.295116,2.874792,0.685002,0.000000,0.000000,0.000000,0.000000,0.000000,0.000000
1778538203.802349,sequential_ik_elbow_then_wrist,0,0,0.227156,0.066738,-0.184245,0.465923,-0.042671,-0.329227,0.190472,0.017476,-0.231117,0.483046,0.037452,-0.294375,0.007187,0.327370,0.074903,0.572163,0.001818,0.008379,0.038883,0.091536,0.000000,0.000000,0.000000,-2.108586,-1.055176,-2.962647,3.120642,-2.027409,-2.285210,2.938442,0.682829,0.000000,0.000000,0.000000,0.000000,0.000000,0.000000
1778538203.847809,sequential_ik_elbow_then_wrist,0,0,0.219545,0.005613,-0.204373,0.436999,-0.141185,-0.349852,0.191648,0.021515,-0.229800,0.484685,-0.024474,-0.274682,0.000028,0.333338,0.004622,0.577354,0.000650,0.000465,0.023258,0.021102,0.000000,0.000000,0.000000,-1.978429,-0.981975,-3.005212,3.125288,-1.919938,-2.279405,2.986816,0.691950,0.000000,0.000000,0.000000,0.000000,0.000000,0.000000
1778538203.916464,sequential_ik_elbow_then_wrist,0,0,0.184077,-0.003377,-0.236863,0.389816,-0.169914,-0.378061,0.183714,0.008381,-0.237021,0.473615,-0.013570,-0.311015,0.000279,0.323812,0.011216,0.569045,0.000047,0.000508,0.005935,0.021824,0.000000,0.000000,0.000000,-1.882085,-0.955932,-3.037561,3.128819,-1.832462,-2.269312,3.023580,0.685465,0.000000,0.000000,0.000000,0.000000,0.000000,0.000000
1778538203.971833,sequential_ik_elbow_then_wrist,0,0,0.124033,-0.138029,-0.235720,0.312547,-0.332339,-0.364973,0.190654,-0.031979,-0.229409,0.470523,-0.107297,-0.306872,0.009199,0.341460,0.089352,0.584346,0.000438,0.005680,0.019028,0.075295,0.000000,0.000000,0.000000,-1.889577,-0.958154,-3.062146,3.131502,-1.786102,-2.267158,3.051521,0.672781,0.000000,0.000000,0.000000,0.000000,0.000000,0.000000
1778538204.014369,sequential_ik_elbow_then_wrist,0,0,0.046599,-0.219356,-0.199277,0.173692,-0.485873,-0.252342,0.198937,-0.146929,-0.169812,0.400425,-0.366880,-0.201808,0.017421,0.330119,0.123404,0.574560,0.005353,0.033535,0.062394,0.183118,0.000000,0.000000,0.000000,-2.006374,-0.942999,-3.080831,3.133542,-1.830506,-2.310993,3.072756,0.666985,0.000000,0.000000,0.000000,0.000000,0.000000,0.000000
1778538204.082043,sequential_ik_elbow_then_wrist,0,0,0.066637,-0.218410,-0.194568,0.215154,-0.474990,-0.240493,0.216991,-0.119625,-0.169129,0.380158,-0.368996,-0.203636,0.003431,0.329924,0.051233,0.574390,0.000224,0.026950,0.011464,0.163846,0.000000,0.000000,0.000000,-2.156068,-0.900967,-3.095032,3.135092,-1.879925,-2.361336,3.088895,0.638004,0.000000,0.000000,0.000000,0.000000,0.000000,0.000000
1778538204.143328,sequential_ik_elbow_then_wrist,0,0,0.083625,-0.206533,-0.200876,0.243330,-0.457505,-0.239696,0.214126,-0.128126,-0.166535,0.401202,-0.361588,-0.188855,0.000216,0.326140,0.012622,0.571087,0.000076,0.014437,0.006919,0.120139,0.000000,0.000000,0.000000,-2.286924,-0.862971,-3.105824,3.136270,-1.928857,-2.405510,3.101160,0.611694,0.000000,0.000000,0.000000,0.000000,0.000000,0.000000
1778538204.209132,sequential_ik_elbow_then_wrist,0,0,0.069939,-0.209737,-0.202778,0.222237,-0.465584,-0.239490,0.203736,-0.137654,-0.171881,0.384537,-0.376680,-0.185197,0.000176,0.323677,0.011475,0.568926,0.000081,0.013063,0.007264,0.114274,0.000000,0.000000,0.000000,-2.402339,-0.834256,-3.114026,3.137165,-1.978494,-2.436427,3.110481,0.596835,0.000000,0.000000,0.000000,0.000000,0.000000,0.000000
1778538204.268353,sequential_ik_elbow_then_wrist,0,0,0.086150,-0.193720,-0.212251,0.248577,-0.442446,-0.254118,0.207304,-0.120295,-0.180428,0.393457,-0.354875,-0.198295,0.000044,0.322289,0.005240,0.567705,0.000034,0.010847,0.004376,0.104145,0.000000,0.000000,0.000000,-2.484262,-0.820359,-3.120260,3.137845,-2.010362,-2.452865,3.117566,0.588255,0.000000,0.000000,0.000000,0.000000,0.000000,0.000000
1778538204.325232,sequential_ik_elbow_then_wrist,0,0,0.111731,-0.146945,-0.236481,0.294817,-0.372958,-0.309953,0.202003,-0.073455,-0.209283,0.409525,-0.279378,-0.276592,0.000952,0.322244,0.026494,0.567665,0.000638,0.007306,0.020198,0.085233,0.000000,0.000000,0.000000,-2.518557,-0.835408,-3.124998,3.138363,-2.008719,-2.439729,3.122950,0.566258,0.000000,0.000000,0.000000,0.000000,0.000000,0.000000
1778538204.386888,sequential_ik_elbow_then_wrist,0,0,0.098060,-0.161425,-0.233080,0.265218,-0.401406,-0.299915,0.193722,-0.090198,-0.210562,0.383711,-0.314278,-0.271322,0.000013,0.321592,0.003260,0.567091,0.000013,0.016129,0.002391,0.126962,0.000000,0.000000,0.000000,-2.541174,-0.848110,-3.128598,3.138756,-2.007867,-2.423349,3.127042,0.556949,0.000000,0.000000,0.000000,0.000000,0.000000,0.000000
1778538204.463980,sequential_ik_elbow_then_wrist,0,0,0.098511,-0.143839,-0.244143,0.268657,-0.378801,-0.320582,0.193776,-0.066415,-0.219181,0.399000,-0.273433,-0.290075,0.000104,0.318615,0.008438,0.564460,0.000161,0.011865,0.010811,0.108923,0.000000,0.000000,0.000000,-2.551180,-0.869415,-3.131335,3.139054,-1.994280,-2.401613,3.130152,0.551991,0.000000,0.000000,0.000000,0.000000,0.000000,0.000000
1778538204.507228,sequential_ik_elbow_then_wrist,0,0,0.092919,-0.149261,-0.243079,0.264777,-0.384479,-0.314752,0.190198,-0.074522,-0.219707,0.397701,-0.280829,-0.285889,0.000001,0.317184,0.000566,0.563191,0.000002,0.013802,0.001134,0.117448,0.000000,0.000000,0.000000,-2.558974,-0.887035,-3.133414,3.139281,-1.983093,-2.382693,3.132516,0.555048,0.000000,0.000000,0.000000,0.000000,0.000000,0.000000
1778538204.556814,sequential_ik_elbow_then_wrist,0,0,0.085362,-0.158255,-0.240143,0.250672,-0.400704,-0.302522,0.190120,-0.092145,-0.212988,0.392977,-0.304587,-0.273959,0.000053,0.315110,0.006670,0.561346,0.000080,0.014855,0.007741,0.121873,0.000000,0.000000,0.000000,-2.571285,-0.897789,-3.134995,3.139454,-1.983976,-2.373644,3.134312,0.560388,0.000000,0.000000,0.000000,0.000000,0.000000,0.000000
1778538204.642414,sequential_ik_elbow_then_wrist,0,0,0.066632,-0.176338,-0.233378,0.220197,-0.427959,-0.289097,0.182121,-0.105911,-0.213576,0.367125,-0.337381,-0.260429,0.000391,0.315402,0.018042,0.561607,0.000156,0.018289,0.011033,0.135191,0.000000,0.000000,0.000000,-2.598762,-0.899117,-3.136196,3.139585,-1.998666,-2.367347,3.135677,0.572738,0.000000,0.000000,0.000000,0.000000,0.000000,0.000000
1778538204.689768,sequential_ik_elbow_then_wrist,0,0,0.043793,-0.191503,-0.226735,0.186378,-0.452134,-0.268465,0.168928,-0.126986,-0.212927,0.336755,-0.374716,-0.234467,0.000718,0.311428,0.024317,0.558057,0.000369,0.019453,0.016958,0.139253,0.000000,0.000000,0.000000,-2.645638,-0.892679,-3.137109,3.139684,-2.031420,-2.362950,3.136714,0.600872,0.000000,0.000000,0.000000,0.000000,0.000000,0.000000
1778538204.754166,sequential_ik_elbow_then_wrist,0,0,0.026088,-0.196281,-0.225374,0.166949,-0.459828,-0.251855,0.162899,-0.138369,-0.210518,0.324293,-0.391257,-0.210143,0.000603,0.302939,0.022242,0.550399,0.000251,0.015082,0.013930,0.122589,0.000000,0.000000,0.000000,-2.706047,-0.884621,-3.137803,3.139760,-2.074272,-2.361976,3.137503,0.639887,0.000000,0.000000,0.000000,0.000000,0.000000,0.000000
1778538204.810469,sequential_ik_elbow_then_wrist,0,0,0.054001,-0.170666,-0.240743,0.224758,-0.415286,-0.272415,0.174318,-0.112897,-0.216489,0.382827,-0.328554,-0.220475,0.000103,0.297378,0.008000,0.545324,0.000058,0.002819,0.006581,0.053073,0.000000,0.000000,0.000000,-2.745458,-0.891964,-3.138330,3.139818,-2.098753,-2.356818,3.138102,0.673281,0.000000,0.000000,0.000000,0.000000,0.000000,0.000000
1778538204.865088,sequential_ik_elbow_then_wrist,0,0,0.068431,-0.145358,-0.253354,0.277296,-0.359554,-0.275617,0.171107,-0.114367,-0.218272,0.422853,-0.277387,-0.211284,0.000417,0.282335,0.018014,0.531352,0.000005,0.000095,0.001875,0.008819,0.000000,0.000000,0.000000,-2.760255,-0.914922,-3.138731,3.139861,-2.115345,-2.350363,3.138558,0.708685,0.000000,0.000000,0.000000,0.000000,0.000000,0.000000
1778538204.937800,sequential_ik_elbow_then_wrist,0,0,0.054337,-0.149226,-0.254517,0.253985,-0.372922,-0.264560,0.172046,-0.121123,-0.213844,0.419792,-0.288801,-0.191342,0.000009,0.273788,0.002299,0.523248,0.000007,0.000034,0.002055,0.003965,0.000000,0.000000,0.000000,-2.770242,-0.937061,-3.139036,3.139895,-2.130011,-2.348815,3.138904,0.745781,0.000000,0.000000,0.000000,0.000000,0.000000,0.000000
1778538204.987511,sequential_ik_elbow_then_wrist,0,0,0.054013,-0.148542,-0.254986,0.248520,-0.376546,-0.268435,0.167745,-0.123954,-0.215631,0.415675,-0.292263,-0.201396,0.000002,0.275826,0.001105,0.525192,0.000012,0.000020,0.003074,0.004306,0.000000,0.000000,0.000000,-2.777074,-0.955504,-3.139267,3.139920,-2.145012,-2.346815,3.139167,0.771137,0.000000,0.000000,0.000000,0.000000,0.000000,0.000000
1778538205.071223,sequential_ik_elbow_then_wrist,0,0,0.051946,-0.155004,-0.251546,0.247079,-0.382304,-0.267597,0.167020,-0.124679,-0.215776,0.415269,-0.292703,-0.203926,0.000009,0.279030,0.002432,0.528233,0.000005,0.000078,0.001951,0.008784,0.000000,0.000000,0.000000,-2.783965,-0.965938,-3.139443,3.139939,-2.158858,-2.344988,3.139367,0.788602,0.000000,0.000000,0.000000,0.000000,0.000000,0.000000
1778538205.109284,sequential_ik_elbow_then_wrist,0,0,0.067621,-0.148823,-0.251554,0.272164,-0.365519,-0.286262,0.172925,-0.107673,-0.220235,0.437315,-0.249292,-0.226722,0.000100,0.289827,0.009409,0.538356,0.000076,0.001452,0.007638,0.037921,0.000000,0.000000,0.000000,-2.781252,-0.973245,-3.139577,3.139954,-2.160214,-2.339425,3.139519,0.792793,0.000000,0.000000,0.000000,0.000000,0.000000,0.000000
1778538205.167869,sequential_ik_elbow_then_wrist,0,0,0.107227,-0.086565,-0.266475,0.316056,-0.291022,-0.334209,0.192711,-0.068618,-0.219440,0.475004,-0.158351,-0.266966,0.002940,0.296483,0.051171,0.544503,0.000809,0.005401,0.025438,0.072715,0.000000,0.000000,0.000000,-2.743790,-1.003326,-3.139678,3.139965,-2.130743,-2.333824,3.139634,0.770402,0.000000,0.000000,0.000000,0.000000,0.000000,0.000000
1778538205.244686,sequential_ik_elbow_then_wrist,0,0,0.117760,-0.069461,-0.267035,0.332525,-0.266857,-0.337115,0.203658,-0.051780,-0.214108,0.491312,-0.123434,-0.260161,0.002878,0.295650,0.051878,0.543737,0.000620,0.002943,0.022112,0.054159,0.000000,0.000000,0.000000,-2.683211,-1.032975,-3.139755,3.139973,-2.081240,-2.334338,3.139722,0.745841,0.000000,0.000000,0.000000,0.000000,0.000000,0.000000
1778538205.295427,sequential_ik_elbow_then_wrist,0,0,0.152447,-0.060144,-0.251282,0.360467,-0.263559,-0.324427,0.226466,-0.027310,-0.194852,0.510661,-0.118073,-0.226397,0.004040,0.304869,0.060802,0.552150,0.000813,0.000021,0.024210,0.004295,0.000000,0.000000,0.000000,-2.595938,-1.038906,-3.139814,3.139980,-2.011868,-2.352008,3.139789,0.723632,0.000000,0.000000,0.000000,0.000000,0.000000,0.000000
1778538205.350654,sequential_ik_elbow_then_wrist,0,0,0.162225,0.002673,-0.252341,0.388207,-0.175688,-0.336716,0.215112,0.005881,-0.209027,0.505798,-0.055490,-0.250683,0.007438,0.295154,0.082952,0.543281,0.000788,0.000182,0.024341,0.013262,0.000000,0.000000,0.000000,-2.473204,-1.048439,-3.139859,3.139985,-1.926527,-2.357463,3.139839,0.701053,0.000000,0.000000,0.000000,0.000000,0.000000,0.000000
1778538205.405528,sequential_ik_elbow_then_wrist,0,0,0.173978,0.062946,-0.236156,0.428636,-0.060937,-0.335161,0.217825,0.016651,-0.205609,0.515060,0.005749,-0.244760,0.011142,0.299966,0.101170,0.547691,0.000333,0.000013,0.015900,0.003607,0.000000,0.000000,0.000000,-2.308472,-1.045004,-3.139893,3.139988,-1.840283,-2.363319,3.139878,0.684398,0.000000,0.000000,0.000000,0.000000,0.000000,0.000000
1778538205.472855,sequential_ik_elbow_then_wrist,0,0,0.173894,0.077541,-0.231837,0.425331,-0.051412,-0.332585,0.221214,0.018541,-0.201793,0.516763,0.015135,-0.253169,0.005960,0.294313,0.072559,0.542506,0.000086,0.000138,0.007940,0.010896,0.000000,0.000000,0.000000,-2.122444,-1.024997,-3.139918,3.139991,-1.763957,-2.371722,3.139907,0.661253,0.000000,0.000000,0.000000,0.000000,0.000000,0.000000
1778538205.541811,sequential_ik_elbow_then_wrist,0,0,0.182920,0.076036,-0.225297,0.435965,-0.048595,-0.327451,0.220851,0.015353,-0.202458,0.516278,0.030124,-0.252506,0.001855,0.299763,0.039188,0.547506,0.000006,0.000004,0.002026,0.001592,0.000000,0.000000,0.000000,-1.942041,-0.991984,-3.139938,3.139993,-1.703130,-2.378561,3.139930,0.641109,0.000000,0.000000,0.000000,0.000000,0.000000,0.000000
1778538205.594765,sequential_ik_elbow_then_wrist,0,0,0.178690,0.086370,-0.224967,0.447972,-0.002885,-0.322543,0.224303,0.015296,-0.198631,0.519705,0.035375,-0.246944,0.000831,0.304829,0.026122,0.552113,0.000004,0.000003,0.001432,0.001650,0.000000,0.000000,0.000000,-1.776312,-0.960905,-3.139953,3.139995,-1.655832,-2.387043,3.139946,0.624319,0.000000,0.000000,0.000000,0.000000,0.000000,0.000000
1778538205.662492,sequential_ik_elbow_then_wrist,0,0,0.131660,-0.170647,-0.208675,0.343445,-0.379983,-0.245084,0.231013,-0.099099,-0.163744,0.508665,-0.211699,-0.178931,0.024162,0.322595,0.146254,0.567974,0.003073,0.008305,0.045906,0.091068,0.000000,0.000000,0.000000,-1.774707,-0.959750,-3.139964,3.139996,-1.690365,-2.417900,3.139959,0.619736,0.000000,0.000000,0.000000,0.000000,0.000000,0.000000
1778538205.717088,sequential_ik_elbow_then_wrist,0,0,0.009801,-0.241326,-0.177949,0.146526,-0.507862,-0.194224,0.140634,-0.179212,-0.195206,0.286702,-0.438817,-0.159581,0.034419,0.317358,0.176197,0.563345,0.005844,0.038910,0.065171,0.196337,0.000000,0.000000,0.000000,-1.912711,-0.952013,-3.139973,3.139997,-1.809827,-2.418781,3.139969,0.661919,0.000000,0.000000,0.000000,0.000000,0.000000,0.000000
1778538205.796541,sequential_ik_elbow_then_wrist,0,0,-0.023836,-0.229291,-0.191983,0.099265,-0.502734,-0.183336,0.106446,-0.201742,-0.194857,0.219334,-0.474228,-0.140016,0.012922,0.296445,0.104008,0.544468,0.002797,0.017522,0.045612,0.131964,0.000000,0.000000,0.000000,-2.125010,-0.922024,-3.139979,3.139998,-1.964827,-2.418162,3.139976,0.718889,0.000000,0.000000,0.000000,0.000000,0.000000,0.000000
1778538205.842986,sequential_ik_elbow_then_wrist,0,0,-0.016282,-0.218875,-0.204520,0.110159,-0.490321,-0.222683,0.122186,-0.184615,-0.202455,0.252376,-0.454787,-0.194887,0.002380,0.302323,0.043111,0.549839,0.000130,0.004286,0.009795,0.064599,0.000000,0.000000,0.000000,-2.340052,-0.888392,-3.139984,3.139998,-2.096367,-2.414674,3.139982,0.736697,0.000000,0.000000,0.000000,0.000000,0.000000,0.000000
1778538205.898299,sequential_ik_elbow_then_wrist,0,0,0.045125,-0.190565,-0.227263,0.199520,-0.437117,-0.300574,0.132134,-0.139800,-0.230210,0.318934,-0.369026,-0.280820,0.000219,0.321365,0.012301,0.566890,0.000399,0.000348,0.015650,0.015130,0.000000,0.000000,0.000000,-2.490247,-0.877443,-3.139988,3.139999,-2.181179,-2.386412,3.139986,0.724054,0.000000,0.000000,0.000000,0.000000,0.000000,0.000000
1778538205.960406,sequential_ik_elbow_then_wrist,0,0,0.044800,-0.193539,-0.224801,0.195192,-0.447207,-0.279891,0.136445,-0.149162,-0.221660,0.302055,-0.397101,-0.254831,0.000034,0.316597,0.005256,0.562669,0.000033,0.001125,0.005065,0.033382,0.000000,0.000000,0.000000,-2.598317,-0.869970,-3.139991,3.139999,-2.239773,-2.367344,3.139990,0.722101,0.000000,0.000000,0.000000,0.000000,0.000000,0.000000
1778538206.026259,sequential_ik_elbow_then_wrist,0,0,0.010225,-0.214749,-0.209232,0.136945,-0.483636,-0.249759,0.119446,-0.172022,-0.214805,0.261563,-0.435480,-0.234617,0.000366,0.315206,0.016421,0.561432,0.000168,0.003681,0.011345,0.060621,0.000000,0.000000,0.000000,-2.699922,-0.850965,-3.139993,3.139999,-2.297885,-2.359385,3.139992,0.726403,0.000000,0.000000,0.000000,0.000000,0.000000,0.000000
1778538206.070986,sequential_ik_elbow_then_wrist,0,0,-0.031571,-0.216978,-0.204753,0.055254,-0.503622,-0.221973,0.088549,-0.196393,-0.208779,0.179807,-0.482147,-0.204719,0.001176,0.306141,0.032086,0.553300,0.000733,0.008304,0.023820,0.090986,0.000000,0.000000,0.000000,-2.805541,-0.830564,-3.139995,3.139999,-2.372357,-2.359263,3.139994,0.741793,0.000000,0.000000,0.000000,0.000000,0.000000,0.000000
1778538206.135998,sequential_ik_elbow_then_wrist,0,0,-0.056129,-0.205362,-0.211367,0.005483,-0.498545,-0.227098,0.072899,-0.214663,-0.196483,0.102823,-0.513073,-0.203952,0.003228,0.300337,0.056760,0.548030,0.000595,0.013167,0.020821,0.114625,0.000000,0.000000,0.000000,-2.885811,-0.821318,-3.139996,3.140000,-2.457002,-2.371120,3.139995,0.740797,0.000000,0.000000,0.000000,0.000000,0.000000,0.000000
1778538206.195532,sequential_ik_elbow_then_wrist,0,0,-0.052238,-0.198268,-0.219000,0.028578,-0.487176,-0.220020,0.086866,-0.214571,-0.190824,0.139149,-0.509683,-0.177601,0.002803,0.286765,0.052844,0.535504,0.000033,0.004859,0.004266,0.069697,0.000000,0.000000,0.000000,-2.946816,-0.822239,-3.139997,3.140000,-2.525834,-2.388169,3.139997,0.742678,0.000000,0.000000,0.000000,0.000000,0.000000,0.000000
1778538206.257931,sequential_ik_elbow_then_wrist,0,0,-0.035441,-0.192224,-0.227583,0.060584,-0.476111,-0.241261,0.093678,-0.209457,-0.193267,0.168126,-0.500073,-0.193582,0.001303,0.288753,0.035942,0.537358,0.000006,0.002165,0.002149,0.046364,0.000000,0.000000,0.000000,-2.993180,-0.831136,-3.139998,3.140000,-2.574930,-2.401012,3.139997,0.734835,0.000000,0.000000,0.000000,0.000000,0.000000,0.000000
1778538206.380094,sequential_ik_elbow_then_wrist,0,0,0.018664,-0.138894,-0.265255,0.178265,-0.391416,-0.237679,0.092411,-0.227968,-0.171728,0.289973,-0.446882,-0.116537,0.000720,0.241688,0.019841,0.491618,0.000096,0.009427,0.006663,0.096573,0.000000,0.000000,0.000000,-3.017905,-0.879954,-3.139998,3.140000,-2.616161,-2.427501,3.139998,0.752926,0.000000,0.000000,0.000000,0.000000,0.000000,0.000000
1778538206.441833,sequential_ik_elbow_then_wrist,0,0,0.039823,-0.139014,-0.262848,0.197849,-0.392610,-0.236073,0.107314,-0.209735,-0.185728,0.321823,-0.411841,-0.129703,0.000613,0.249253,0.023499,0.499253,0.000089,0.013502,0.007568,0.116150,0.000000,0.000000,0.000000,-3.019588,-0.924550,-3.139999,3.140000,-2.636028,-2.440628,3.139998,0.774853,0.000000,0.000000,0.000000,0.000000,0.000000,0.000000
1778538206.504552,sequential_ik_elbow_then_wrist,0,0,0.051613,-0.152316,-0.253251,0.210833,-0.405640,-0.231429,0.129107,-0.205165,-0.176745,0.356009,-0.393234,-0.120658,0.000580,0.262796,0.022612,0.512636,0.000183,0.013490,0.011079,0.116147,0.000000,0.000000,0.000000,-3.003681,-0.948318,-3.139999,3.140000,-2.633329,-2.455841,3.139999,0.791524,0.000000,0.000000,0.000000,0.000000,0.000000,0.000000
1778538206.553131,sequential_ik_elbow_then_wrist,0,0,0.097988,-0.161737,-0.232894,0.276136,-0.402853,-0.244130,0.196752,-0.149083,-0.170478,0.438089,-0.324213,-0.137525,0.001924,0.298364,0.040235,0.546227,0.002037,0.007738,0.037181,0.087646,0.000000,0.000000,0.000000,-2.955769,-0.944580,-3.139999,3.140000,-2.569993,-2.471244,3.139999,0.786283,0.000000,0.000000,0.000000,0.000000,0.000000,0.000000
1778538206.636627,sequential_ik_elbow_then_wrist,0,0,0.109510,-0.159705,-0.229133,0.286275,-0.401966,-0.237129,0.225263,-0.125280,-0.153497,0.450096,-0.322448,-0.129520,0.000955,0.299979,0.028175,0.547704,0.001102,0.000197,0.026414,0.011192,0.000000,0.000000,0.000000,-2.890609,-0.931523,-3.139999,3.140000,-2.475859,-2.497505,3.139999,0.762023,0.000000,0.000000,0.000000,0.000000,0.000000,0.000000
1778538206.685141,sequential_ik_elbow_then_wrist,0,0,0.110538,-0.156680,-0.230722,0.291668,-0.395826,-0.229624,0.232200,-0.115471,-0.150830,0.460453,-0.308618,-0.126439,0.000317,0.294697,0.016248,0.542860,0.000262,0.002097,0.012673,0.045558,0.000000,0.000000,0.000000,-2.823701,-0.919763,-3.140000,3.140000,-2.380899,-2.523538,3.139999,0.732578,0.000000,0.000000,0.000000,0.000000,0.000000,0.000000
1778538206.748168,sequential_ik_elbow_then_wrist,0,0,0.132164,-0.117254,-0.242455,0.327115,-0.345174,-0.235642,0.236026,-0.083684,-0.165193,0.460304,-0.281671,-0.142821,0.001257,0.281907,0.032461,0.530950,0.000359,0.006877,0.014904,0.082928,0.000000,0.000000,0.000000,-2.741162,-0.923844,-3.140000,3.140000,-2.282229,-2.534192,3.140000,0.711079,0.000000,0.000000,0.000000,0.000000,0.000000,0.000000
1778538206.807151,sequential_ik_elbow_then_wrist,0,0,0.133559,-0.105486,-0.247052,0.330188,-0.331182,-0.227087,0.231718,-0.086404,-0.169828,0.458957,-0.278968,-0.134031,0.000715,0.270518,0.024849,0.520114,0.000029,0.009093,0.004162,0.095193,0.000000,0.000000,0.000000,-2.655742,-0.933973,-3.140000,3.140000,-2.200730,-2.537067,3.140000,0.708080,0.000000,0.000000,0.000000,0.000000,0.000000,0.000000
1778538207.344265,sequential_ik_elbow_then_wrist,0,0,0.117461,0.010980,-0.275830,0.363283,-0.160691,-0.285857,0.201663,-0.105274,-0.195575,0.479871,-0.209187,-0.153120,0.007337,0.239757,0.080194,0.489650,0.000283,0.000355,0.012677,0.016795,0.000000,0.000000,0.000000,-2.545188,-0.997655,-3.140000,3.140000,-2.154475,-2.517860,3.140000,0.726299,0.000000,0.000000,0.000000,0.000000,0.000000,0.000000
1778538207.472348,sequential_ik_elbow_then_wrist,0,0,0.083393,0.044618,-0.284701,0.323403,-0.135354,-0.286962,0.201387,-0.088061,-0.204178,0.489296,-0.155455,-0.153522,0.006980,0.205523,0.081322,0.453347,0.000051,0.003666,0.004990,0.059917,0.000000,0.000000,0.000000,-2.434157,-1.083199,-3.140000,3.140000,-2.115914,-2.491404,3.140000,0.761082,0.000000,0.000000,0.000000,0.000000,0.000000,0.000000
1778538207.531887,sequential_ik_elbow_then_wrist,0,0,0.079905,0.073620,-0.279634,0.337006,-0.078680,-0.306168,0.189390,-0.104745,-0.207750,0.484833,-0.133747,-0.164483,0.010370,0.213776,0.101259,0.462360,0.000094,0.010316,0.008232,0.101529,0.000000,0.000000,0.000000,-2.327626,-1.161709,-3.140000,3.140000,-2.097499,-2.465447,3.140000,0.794438,0.000000,0.000000,0.000000,0.000000,0.000000,0.000000
1778538207.587996,sequential_ik_elbow_then_wrist,0,0,0.083209,0.084280,-0.275632,0.343253,-0.054838,-0.330616,0.194802,-0.086228,-0.211227,0.493274,-0.111527,-0.194672,0.011856,0.230406,0.108502,0.480007,0.000039,0.012346,0.005292,0.110994,0.000000,0.000000,0.000000,-2.224862,-1.219198,-3.140000,3.140000,-2.076806,-2.441452,3.140000,0.807437,0.000000,0.000000,0.000000,0.000000,0.000000,0.000000
1778538207.649519,sequential_ik_elbow_then_wrist,0,0,0.094613,0.089234,-0.270344,0.351685,-0.059658,-0.312120,0.197720,-0.080032,-0.210954,0.494957,-0.115522,-0.191182,0.012171,0.224924,0.109550,0.474262,0.000040,0.008482,0.005512,0.092100,0.000000,0.000000,0.000000,-2.119016,-1.248552,-3.140000,3.140000,-2.053867,-2.422467,3.140000,0.817210,0.000000,0.000000,0.000000,0.000000,0.000000,0.000000
1778538207.706654,sequential_ik_elbow_then_wrist,0,0,0.085781,-0.031568,-0.285736,0.296710,-0.244235,-0.302526,0.193492,-0.086486,-0.212323,0.487488,-0.135984,-0.178906,0.000194,0.239443,0.012472,0.489329,0.000002,0.005316,0.001091,0.072805,0.000000,0.000000,0.000000,-2.042509,-1.256449,-3.140000,3.140000,-2.037703,-2.406732,3.140000,0.833993,0.000000,0.000000,0.000000,0.000000,0.000000,0.000000
1778538207.786281,sequential_ik_elbow_then_wrist,0,0,0.101026,-0.094749,-0.266113,0.312794,-0.305935,-0.289670,0.194138,-0.085453,-0.212152,0.487601,-0.144691,-0.192917,0.003503,0.275586,0.056980,0.524963,0.000000,0.004146,0.000120,0.064330,0.000000,0.000000,0.000000,-2.011468,-1.235207,-3.140000,3.140000,-2.025281,-2.394625,3.140000,0.840098,0.000000,0.000000,0.000000,0.000000,0.000000,0.000000
1778538207.831877,sequential_ik_elbow_then_wrist,0,0,0.102817,-0.092471,-0.266229,0.316494,-0.301897,-0.288196,0.197312,-0.080329,-0.211224,0.488425,-0.152448,-0.204013,0.001729,0.274607,0.040187,0.524030,0.000010,0.002479,0.002836,0.049624,0.000000,0.000000,0.000000,-2.011470,-1.209023,-3.140000,3.140000,-2.012173,-2.386182,3.140000,0.835089,0.000000,0.000000,0.000000,0.000000,0.000000,0.000000
1778538207.885323,sequential_ik_elbow_then_wrist,0,0,0.111500,-0.075550,-0.268067,0.337813,-0.270063,-0.298845,0.190212,-0.058678,-0.224446,0.483051,-0.121286,-0.242501,0.000257,0.276597,0.015440,0.525925,0.000168,0.002683,0.010872,0.051603,0.000000,0.000000,0.000000,-2.021183,-1.185864,-3.140000,3.140000,-1.990110,-2.367889,3.140000,0.820537,0.000000,0.000000,0.000000,0.000000,0.000000,0.000000
1778538207.943773,sequential_ik_elbow_then_wrist,0,0,0.105809,-0.087135,-0.266856,0.323359,-0.292509,-0.289064,0.179143,-0.091500,-0.222566,0.464097,-0.184660,-0.233625,0.000463,0.273922,0.020773,0.523375,0.000192,0.000251,0.012417,0.015711,0.000000,0.000000,0.000000,-2.041987,-1.166354,-3.140000,3.140000,-1.987988,-2.352900,3.140000,0.814099,0.000000,0.000000,0.000000,0.000000,0.000000,0.000000
1778538208.010636,sequential_ik_elbow_then_wrist,0,0,0.112656,-0.037378,-0.275520,0.356737,-0.207789,-0.312729,0.158913,-0.100338,-0.233835,0.447700,-0.180595,-0.246524,0.000461,0.268477,0.020290,0.518147,0.000324,0.002289,0.015905,0.047758,0.000000,0.000000,0.000000,-2.046088,-1.163651,-3.140000,3.140000,-2.003306,-2.330363,3.140000,0.816195,0.000000,0.000000,0.000000,0.000000,0.000000,0.000000
1778538208.076526,sequential_ik_elbow_then_wrist,0,0,0.098259,-0.055548,-0.277956,0.332501,-0.241913,-0.297933,0.137821,-0.133899,-0.230383,0.414127,-0.250110,-0.218150,0.000015,0.258093,0.003133,0.508029,0.001079,0.001333,0.030016,0.035522,0.000000,0.000000,0.000000,-2.050484,-1.167159,-3.140000,3.140000,-2.046956,-2.312718,3.140000,0.838031,0.000000,0.000000,0.000000,0.000000,0.000000,0.000000
1778538244.318803,sequential_ik_elbow_then_wrist,0,0,0.258365,0.123008,-0.090093,0.524161,0.015698,-0.001567,0.152832,-0.153937,-0.207234,0.448414,-0.104337,-0.194164,0.025623,0.275283,0.139794,0.524674,0.000565,0.054760,0.019917,0.234006,0.000000,0.000000,0.000000,-1.923372,-1.035635,-3.140000,3.140000,-2.102171,-2.321301,3.140000,0.852395,0.000000,0.000000,0.000000,0.000000,0.000000,0.000000
1778538244.368217,sequential_ik_elbow_then_wrist,0,0,0.247728,0.079944,-0.149130,0.532144,-0.015490,-0.148635,0.090994,-0.177432,-0.224138,0.390932,-0.182703,-0.227221,0.000934,0.305644,0.024024,0.552850,0.001957,0.049495,0.039518,0.222435,0.000000,0.000000,0.000000,-1.784936,-0.918230,-3.140000,3.140000,-2.190239,-2.315448,3.140000,0.853308,0.000000,0.000000,0.000000,0.000000,0.000000,0.000000
1778538244.430383,sequential_ik_elbow_then_wrist,0,0,0.207028,0.110611,-0.186827,0.480656,-0.012302,-0.182323,0.051117,-0.210622,-0.207426,0.334131,-0.264826,-0.123968,0.001010,0.264538,0.025239,0.514332,0.002583,0.048063,0.045204,0.217606,0.000000,0.000000,0.000000,-1.640198,-0.853218,-3.140000,3.140000,-2.311755,-2.322267,3.140000,0.917991,0.000000,0.000000,0.000000,0.000000,0.000000,0.000000
1778538244.496479,sequential_ik_elbow_then_wrist,0,0,0.272109,-0.014851,-0.125443,0.565802,-0.035721,-0.067917,0.268523,-0.039295,-0.127873,0.490786,0.006483,0.068349,0.002904,0.326215,0.041747,0.571153,0.015328,0.222858,0.105662,0.455242,0.000000,0.000000,0.000000,-1.602868,-0.766263,-3.140000,3.140000,-2.257196,-2.376417,2.386400,0.667274,0.000000,0.000000,0.000000,0.000000,0.000000,0.000000
1778538244.570973,sequential_ik_elbow_then_wrist,0,0,0.003208,-0.296212,0.047417,0.144652,-0.506216,0.208327,0.211726,-0.193772,0.087319,0.232272,-0.267151,0.377480,0.042188,0.090995,0.166004,0.264600,0.011958,0.165538,0.090352,0.406798,0.000000,0.000000,0.000000,-1.847844,-0.602448,-2.386400,2.792363,-2.256490,-2.559677,1.813664,0.459128,0.000000,0.000000,0.000000,0.000000,0.000000,0.000000
1778538250.946535,sequential_ik_elbow_then_wrist,0,0,-0.092110,0.008556,-0.285381,0.064464,-0.233735,-0.203043,0.100704,-0.231912,-0.161479,0.368836,-0.365657,-0.146734,0.039184,0.020161,0.159765,0.141971,0.005955,0.022442,0.054114,0.144856,0.000000,0.000000,0.000000,-2.104127,-0.749541,-1.813664,2.533502,-2.335516,-2.593572,2.131985,0.392599,0.000000,0.000000,0.000000,0.000000,0.000000,0.000000
1778538251.011539,sequential_ik_elbow_then_wrist,0,0,-0.106750,-0.014380,-0.279996,0.058633,-0.242132,-0.176183,0.101473,-0.219404,-0.177665,0.370064,-0.346705,-0.137001,0.013404,0.003730,0.112142,0.057720,0.000571,0.036928,0.016853,0.188594,0.000000,0.000000,0.000000,-2.322430,-0.926243,-1.378385,2.384646,-2.414616,-2.583447,2.373908,0.430565,0.000000,0.000000,0.000000,0.000000,0.000000,0.000000
1778538251.080459,sequential_ik_elbow_then_wrist,0,0,-0.073906,-0.007792,-0.290650,0.090695,-0.240737,-0.197682,0.114362,-0.206679,-0.184946,0.403668,-0.279302,-0.152883,0.005692,0.005273,0.075133,0.072569,0.000068,0.060156,0.005708,0.244794,0.000000,0.000000,0.000000,-2.492143,-1.076555,-1.047572,2.277930,-2.470439,-2.562034,2.557770,0.496003,0.000000,0.000000,0.000000,0.000000,0.000000,0.000000
1778538251.144961,sequential_ik_elbow_then_wrist,0,0,0.004634,-0.071974,-0.291201,0.173188,-0.298836,-0.190586,0.144469,-0.195913,-0.175348,0.425616,-0.274216,-0.105888,0.000548,0.020216,0.015791,0.141546,0.000248,0.046920,0.012929,0.215978,0.000000,0.000000,0.000000,-2.621670,-1.149320,-0.796155,2.164553,-2.491655,-2.549758,2.697505,0.585443,0.000000,0.000000,0.000000,0.000000,0.000000,0.000000
1778538251.193841,sequential_ik_elbow_then_wrist,0,0,0.005936,-0.286232,-0.089643,0.213533,-0.478986,0.009098,0.116570,-0.265162,-0.078105,0.350117,-0.377318,0.073147,0.013076,0.038703,0.080696,0.191144,0.001780,0.088548,0.028968,0.277719,0.000000,0.000000,0.000000,-2.732898,-1.010600,-0.605078,1.966655,-2.537129,-2.607961,2.050104,0.396936,0.000000,0.000000,0.000000,0.000000,0.000000,0.000000
1778538251.264283,sequential_ik_elbow_then_wrist,0,0,0.006033,-0.266318,-0.137979,0.209793,-0.419306,0.020376,0.134896,-0.258434,-0.070817,0.370164,-0.300827,0.110433,0.000106,0.043089,0.007024,0.207548,0.000136,0.102837,0.007776,0.320682,0.000000,0.000000,0.000000,-2.822989,-0.887900,-0.459859,1.807781,-2.567987,-2.672736,1.558079,0.253672,0.000000,0.000000,0.000000,0.000000,0.000000,0.000000
1778538251.315246,sequential_ik_elbow_then_wrist,0,0,0.013244,-0.273151,-0.123342,0.240195,-0.419143,0.007728,0.104971,-0.275570,-0.055156,0.333778,-0.341166,0.127449,0.000064,0.057756,0.005337,0.240115,0.000202,0.090428,0.009683,0.300712,0.000000,0.000000,0.000000,-2.888897,-0.780651,-0.349493,1.662912,-2.611794,-2.736500,1.184140,0.144790,0.000000,0.000000,0.000000,0.000000,0.000000,0.000000
1778538251.370878,sequential_ik_elbow_then_wrist,0,0,0.038950,-0.258099,-0.147878,0.267946,-0.412481,-0.030716,0.101863,-0.272927,-0.071659,0.332243,-0.342367,0.107515,0.000187,0.055882,0.010037,0.236218,0.000028,0.093542,0.003561,0.305847,0.000000,0.000000,0.000000,-2.921575,-0.713022,-0.265615,1.530909,-2.651217,-2.777919,0.899947,0.062041,0.000000,0.000000,0.000000,0.000000,0.000000,0.000000
1778538251.444504,sequential_ik_elbow_then_wrist,0,0,0.025658,-0.281408,-0.100754,0.247737,-0.455083,0.001803,0.071943,-0.288033,-0.043139,0.252125,-0.417147,0.159011,0.000268,0.046522,0.010939,0.215172,0.000241,0.071853,0.010488,0.268054,0.000000,0.000000,0.000000,-2.950852,-0.632703,-0.201867,1.394719,-2.703269,-2.825671,0.683959,-0.000849,0.000000,0.000000,0.000000,0.000000,0.000000,0.000000
1778538251.502842,sequential_ik_elbow_then_wrist,0,0,-0.025868,-0.285987,-0.086847,0.171387,-0.493120,0.003632,0.006233,-0.299371,-0.018387,0.125206,-0.475086,0.193673,0.000862,0.034628,0.026990,0.185498,0.000800,0.054694,0.019012,0.233867,0.000000,0.000000,0.000000,-2.996248,-0.556309,-0.153419,1.255735,-2.789379,-2.880949,0.519809,-0.048645,0.000000,0.000000,0.000000,0.000000,0.000000,0.000000
1778538251.553705,sequential_ik_elbow_then_wrist,0,0,-0.184975,-0.233059,-0.038309,-0.133179,-0.502237,0.083595,-0.160957,-0.250728,0.035048,-0.217802,-0.417348,0.277961,0.038726,0.020008,0.196510,0.141448,0.029882,0.127192,0.172485,0.356640,0.000000,0.000000,0.000000,-3.030748,-0.473128,-0.116598,1.150963,-2.873528,-2.943122,0.395055,-0.084970,0.000000,0.000000,0.000000,0.000000,0.000000,0.000000
1778538267.025493,sequential_ik_elbow_then_wrist,0,0,-0.080780,-0.249048,-0.146456,0.100071,-0.455877,-0.025979,0.042160,-0.295630,-0.028734,0.149093,-0.418677,0.223109,0.007838,0.017493,0.085102,0.131889,0.000304,0.080718,0.011629,0.284109,0.000000,0.000000,0.000000,-3.056969,-0.468484,-0.088615,1.095189,-2.911630,-2.972901,0.300242,-0.112577,0.000000,0.000000,0.000000,0.000000,0.000000,0.000000
1778538267.083180,sequential_ik_elbow_then_wrist,0,0,-0.075207,-0.266534,-0.115342,0.101318,-0.468961,0.018306,0.039738,-0.297323,-0.004454,0.131772,-0.385779,0.267033,0.005836,0.013840,0.076316,0.117314,0.000044,0.095456,0.004397,0.308960,0.000000,0.000000,0.000000,-3.076896,-0.456700,-0.067347,1.073872,-2.936230,-3.006553,0.228184,-0.133559,0.000000,0.000000,0.000000,0.000000,0.000000,0.000000
1778538267.135273,sequential_ik_elbow_then_wrist,0,0,-0.123550,-0.247111,-0.116924,-0.014610,-0.481548,0.035297,0.014239,-0.299662,-0.000032,-0.012215,-0.422538,0.272367,0.016086,0.001547,0.126819,0.038798,0.000077,0.078683,0.005829,0.280505,0.000000,0.000000,0.000000,-3.092041,-0.451815,-0.051184,1.073251,-2.969726,-3.037377,0.173420,-0.149505,0.000000,0.000000,0.000000,0.000000,0.000000,0.000000
1778538267.189205,sequential_ik_elbow_then_wrist,0,0,-0.110631,-0.257512,-0.106997,0.008035,-0.491578,0.038369,0.002988,-0.299956,0.004165,-0.028956,-0.420287,0.277112,0.012804,0.001186,0.113109,0.034310,0.000055,0.079689,0.006021,0.282293,0.000000,0.000000,0.000000,-3.103551,-0.440509,-0.038900,1.065830,-3.005517,-3.062006,0.131799,-0.161624,0.000000,0.000000,0.000000,0.000000,0.000000,0.000000
1778538267.253134,sequential_ik_elbow_then_wrist,0,0,-0.132222,-0.209248,-0.169507,-0.022640,-0.438952,-0.010674,0.025072,-0.298630,-0.013830,0.066815,-0.422688,0.256109,0.019370,0.003713,0.137683,0.057988,0.000061,0.077575,0.005188,0.278522,0.000000,0.000000,0.000000,-3.112299,-0.480737,-0.029564,1.105108,-3.021430,-3.072483,0.100167,-0.170834,0.000000,0.000000,0.000000,0.000000,0.000000,0.000000
1778538267.317339,sequential_ik_elbow_then_wrist,0,0,-0.126015,-0.154861,-0.223916,-0.008169,-0.382687,-0.068327,0.063221,-0.289824,-0.044780,0.187354,-0.438507,0.184315,0.018135,0.004017,0.132047,0.058309,0.000363,0.067913,0.012741,0.260601,0.000000,0.000000,0.000000,-3.118947,-0.574760,-0.022469,1.194558,-3.006871,-3.059338,0.076127,-0.177834,0.000000,0.000000,0.000000,0.000000,0.000000,0.000000
1778538267.387409,sequential_ik_elbow_then_wrist,0,0,-0.127161,-0.052334,-0.266630,-0.019505,-0.273966,-0.095488,0.079019,-0.278999,-0.076911,0.235930,-0.442582,0.119608,0.019829,0.005853,0.135827,0.063920,0.000293,0.063252,0.011496,0.251500,0.000000,0.000000,0.000000,-3.124000,-0.735370,-0.017076,1.363440,-2.978576,-3.024269,0.057857,-0.183154,0.000000,0.000000,0.000000,0.000000,0.000000,0.000000
1778538267.443521,sequential_ik_elbow_then_wrist,0,0,-0.113057,-0.024688,-0.276783,-0.010394,-0.259484,-0.120799,0.098318,-0.240350,-0.150218,0.292198,-0.387808,0.024902,0.013903,0.001086,0.116561,0.028952,0.001140,0.083937,0.022970,0.289719,0.000000,0.000000,0.000000,-3.127840,-0.900141,-0.012978,1.529537,-2.934316,-2.942781,0.043971,-0.187197,0.000000,0.000000,0.000000,0.000000,0.000000,0.000000
1778538267.501230,sequential_ik_elbow_then_wrist,0,0,-0.108137,-0.011015,-0.279616,-0.003484,-0.247220,-0.127120,0.125029,-0.215395,-0.167251,0.323779,-0.349688,0.012925,0.012237,0.000336,0.110311,0.016768,0.000560,0.101286,0.017628,0.318255,0.000000,0.000000,0.000000,-3.130758,-1.045164,-0.009863,1.673513,-2.872413,-2.855618,0.033418,-0.190270,0.000000,0.000000,0.000000,0.000000,0.000000,0.000000
1778538267.553139,sequential_ik_elbow_then_wrist,0,0,-0.118033,0.022580,-0.274879,-0.025655,-0.219443,-0.123581,0.145168,-0.199911,-0.170182,0.341612,-0.325969,0.018282,0.014714,0.001057,0.120780,0.030821,0.000333,0.108053,0.014536,0.328714,0.000000,0.000000,0.000000,-3.130506,-1.182276,-0.007496,1.807722,-2.800167,-2.781418,0.025398,-0.192605,0.000000,0.000000,0.000000,0.000000,0.000000,0.000000
1778538267.617777,sequential_ik_elbow_then_wrist,0,0,-0.130765,0.027383,-0.268609,-0.119936,-0.208149,-0.083117,0.139176,-0.209365,-0.163696,0.313033,-0.347532,0.038006,0.017547,0.018340,0.132239,0.134579,0.000007,0.108337,0.001901,0.329146,0.000000,0.000000,0.000000,-3.117666,-1.299996,-0.005697,1.946037,-2.742687,-2.728349,0.019302,-0.194380,0.000000,0.000000,0.000000,0.000000,0.000000,0.000000
1778538267.681210,sequential_ik_elbow_then_wrist,0,0,-0.140069,0.033057,-0.263226,-0.165035,-0.211056,-0.090640,0.122037,-0.225131,-0.156279,0.242171,-0.400003,0.055824,0.018930,0.038763,0.137114,0.196788,0.000096,0.106332,0.007649,0.326085,0.000000,0.000000,0.000000,-3.085069,-1.404481,-0.004330,2.065727,-2.712383,-2.694105,0.014670,-0.195729,0.000000,0.000000,0.000000,0.000000,0.000000,0.000000
1778538267.749994,sequential_ik_elbow_then_wrist,0,0,-0.145464,0.031618,-0.260462,-0.203313,-0.193292,-0.070543,0.106574,-0.239726,-0.145511,0.172755,-0.455946,0.051640,0.018173,0.063336,0.133993,0.251164,0.000160,0.092053,0.009683,0.303403,0.000000,0.000000,0.000000,-3.027900,-1.498445,-0.003291,2.194795,-2.706729,-2.677118,0.011149,-0.196754,0.000000,0.000000,0.000000,0.000000,0.000000,0.000000
1778538267.821724,sequential_ik_elbow_then_wrist,0,0,-0.123665,0.067040,-0.264977,-0.267937,-0.190210,-0.210132,0.101557,-0.226162,-0.168929,0.124023,-0.461919,0.015227,0.007806,0.155127,0.086379,0.390190,0.000079,0.094567,0.006084,0.307517,0.000000,0.000000,0.000000,-2.951071,-1.599344,-0.756101,2.421644,-2.707239,-2.649416,0.008473,-0.197533,0.000000,0.000000,0.000000,0.000000,0.000000,0.000000
1778538267.859529,sequential_ik_elbow_then_wrist,0,0,-0.115948,0.092714,-0.260692,-0.367683,0.011133,-0.402021,0.073450,-0.217319,-0.193332,-0.163523,-0.332431,-0.049830,0.002897,0.296690,0.051412,0.544673,0.000290,0.211804,0.012696,0.460222,0.000000,0.000000,0.000000,-2.863971,-1.701281,-1.328237,2.582946,-2.723121,-2.605927,0.006440,-0.198125,0.000000,0.000000,0.000000,0.000000,0.000000,0.000000
1778538267.922602,sequential_ik_elbow_then_wrist,0,0,-0.104280,0.093478,-0.265306,-0.339054,0.046200,-0.445988,0.045787,-0.126421,-0.268181,-0.233324,-0.236030,-0.259050,0.000909,0.311690,0.029078,0.557987,0.002012,0.183029,0.030104,0.427819,0.000000,0.000000,0.000000,-2.779005,-1.782637,-1.763060,2.661188,-2.736935,-2.493075,0.758494,-0.198575,0.000000,0.000000,0.000000,0.000000,0.000000,0.000000
1778538267.978230,sequential_ik_elbow_then_wrist,0,0,-0.091847,0.105699,-0.265315,-0.321686,0.068011,-0.454401,0.059544,-0.161201,-0.245904,-0.199695,-0.302660,-0.193138,0.000079,0.273354,0.008493,0.519745,0.000022,0.188484,0.003180,0.432844,0.000000,0.000000,0.000000,-2.708771,-1.847282,-2.093525,2.584486,-2.748090,-2.415641,1.330056,-0.118223,0.000000,0.000000,0.000000,0.000000,0.000000,0.000000
1778538268.039588,sequential_ik_elbow_then_wrist,0,0,-0.090260,0.110042,-0.264091,-0.310781,0.100492,-0.467263,0.020097,-0.047777,-0.295489,-0.263279,-0.067591,-0.391954,0.000013,0.128303,0.003327,0.338320,0.001951,0.130071,0.029641,0.359083,0.000000,0.000000,0.000000,-2.653182,-1.898812,-2.344679,2.243819,-2.755650,-2.278201,1.764442,-0.137850,0.000000,0.000000,0.000000,0.000000,0.000000,0.000000
1778538268.350938,sequential_ik_elbow_then_wrist,0,0,-0.134294,0.095404,-0.250725,-0.353495,0.097116,-0.455538,-0.187292,-0.178030,-0.152405,-0.476193,-0.256018,-0.173713,0.001138,0.050367,0.031653,0.211999,0.046383,0.316224,0.209616,0.559628,0.000000,0.000000,0.000000,-2.587026,-1.952494,-2.535556,1.808171,-2.847894,-2.254964,2.094576,-0.020415,0.000000,0.000000,0.000000,0.000000,0.000000,0.000000
1778538268.405811,sequential_ik_elbow_then_wrist,0,0,-0.151807,0.090912,-0.242259,-0.371773,0.102082,-0.445951,-0.201983,-0.188199,-0.117406,-0.494544,-0.252484,-0.100807,0.000992,0.028344,0.029217,0.166862,0.048978,0.326576,0.219681,0.569485,0.000000,0.000000,0.000000,-2.511618,-2.006186,-2.680623,1.423379,-2.917999,-2.301621,2.345478,0.183021,0.000000,0.000000,0.000000,0.000000,0.000000,0.000000
1778538268.460641,sequential_ik_elbow_then_wrist,0,0,-0.165467,0.090516,-0.233297,-0.405915,0.092222,-0.412690,-0.177339,-0.191950,-0.147330,-0.473460,-0.219656,-0.108030,0.000592,0.026250,0.022036,0.162018,0.034966,0.306476,0.186974,0.552113,0.000000,0.000000,0.000000,-2.433205,-2.059832,-2.790873,1.128961,-2.971279,-2.343283,2.536163,0.435037,0.000000,0.000000,0.000000,0.000000,0.000000,0.000000
1778538268.523276,sequential_ik_elbow_then_wrist,0,0,-0.172267,0.085235,-0.230346,-0.419178,0.082766,-0.400724,-0.197664,-0.190726,-0.120633,-0.488005,-0.247450,-0.070790,0.000323,0.022166,0.016309,0.148878,0.044876,0.291241,0.211727,0.538528,0.000000,0.000000,0.000000,-2.356612,-2.106827,-2.874664,0.908223,-3.011772,-2.391452,2.681084,0.710717,0.000000,0.000000,0.000000,0.000000,0.000000,0.000000
1778538268.593335,sequential_ik_elbow_then_wrist,0,0,-0.180079,0.085764,-0.224089,-0.426217,0.083688,-0.395589,-0.192118,-0.199048,-0.116063,-0.479660,-0.258436,-0.054475,0.000146,0.017269,0.010615,0.131404,0.041966,0.273280,0.204801,0.522341,0.000000,0.000000,0.000000,-2.286954,-2.150198,-2.938344,0.737356,-3.042547,-2.439391,2.791224,0.970600,0.000000,0.000000,0.000000,0.000000,0.000000,0.000000
1778538268.653969,sequential_ik_elbow_then_wrist,0,0,-0.193092,0.088253,-0.211960,-0.442563,0.091431,-0.378555,-0.199652,-0.180327,-0.132746,-0.459378,-0.243138,0.003625,0.000110,0.013591,0.008318,0.116573,0.045887,0.325517,0.214137,0.564191,0.000000,0.000000,0.000000,-2.225643,-2.195928,-2.986742,0.604468,-3.065936,-2.462075,2.121330,1.371834,0.000000,0.000000,0.000000,0.000000,0.000000,0.000000
1778538268.715254,sequential_ik_elbow_then_wrist,0,0,-0.173020,0.097779,-0.224729,-0.452520,0.060265,-0.327065,-0.176920,-0.194636,-0.144277,-0.400747,-0.238802,0.050533,0.000058,0.028296,0.006211,0.167470,0.034779,0.222827,0.186479,0.469416,0.000000,0.000000,0.000000,-2.185453,-2.222141,-3.023524,0.541427,-3.083711,-2.474115,1.612211,1.796194,0.000000,0.000000,0.000000,0.000000,0.000000,0.000000
1778538268.766954,sequential_ik_elbow_then_wrist,0,0,-0.152628,0.104670,-0.236112,-0.383091,-0.066673,-0.149346,-0.113099,-0.202607,-0.190156,-0.294391,-0.195050,0.048750,0.000210,0.112247,0.012399,0.330445,0.013530,0.127245,0.115946,0.356714,0.000000,0.000000,0.000000,-2.167330,-2.228925,-3.051478,0.626137,-3.097220,-2.460903,1.225280,2.118708,0.000000,0.000000,0.000000,0.000000,0.000000,0.000000
1778538268.824815,sequential_ik_elbow_then_wrist,0,0,-0.168287,0.110698,-0.222318,-0.365302,-0.108709,-0.167129,-0.130742,-0.204282,-0.176566,-0.307553,-0.221942,0.065149,0.000058,0.138290,0.005882,0.371057,0.018088,0.148277,0.134491,0.385068,0.000000,0.000000,0.000000,-2.158549,-2.244505,-3.072723,0.749625,-3.107488,-2.452503,0.931213,2.363818,0.000000,0.000000,0.000000,0.000000,0.000000,0.000000
1778538268.881349,sequential_ik_elbow_then_wrist,0,0,-0.161413,0.117546,-0.223894,-0.259856,-0.138011,-0.101422,-0.121642,-0.213621,-0.171957,-0.276344,-0.249555,0.082554,0.000062,0.140083,0.007072,0.367843,0.015567,0.145671,0.124736,0.381669,0.000000,0.000000,0.000000,-2.160062,-2.257219,-3.088870,1.009314,-3.115291,-2.452799,0.707722,2.550101,0.000000,0.000000,0.000000,0.000000,0.000000,0.000000
1778538268.952487,sequential_ik_elbow_then_wrist,0,0,-0.165646,0.126422,-0.215821,-0.254377,-0.125208,-0.078675,-0.134376,-0.233037,-0.132803,-0.287446,-0.290987,0.118616,0.000061,0.097355,0.006517,0.307287,0.019496,0.181613,0.139072,0.426161,0.000000,0.000000,0.000000,-2.168342,-2.274435,-3.101141,1.336584,-3.121221,-2.482913,0.537869,2.691677,0.000000,0.000000,0.000000,0.000000,0.000000,0.000000
1778538269.006913,sequential_ik_elbow_then_wrist,0,0,-0.131077,0.087596,-0.255236,0.002974,-0.159458,-0.150382,-0.010755,-0.232963,-0.188712,0.233188,-0.373463,-0.085022,0.000461,0.054090,0.014486,0.219558,0.000271,0.201233,0.013752,0.448590,0.000000,0.000000,0.000000,-2.171406,-2.249611,-3.110467,1.769404,-3.125728,-2.484053,0.408780,2.799275,0.000000,0.000000,0.000000,0.000000,0.000000,0.000000
1778538269.085059,sequential_ik_elbow_then_wrist,0,0,-0.158698,0.122934,-0.222940,-0.257737,-0.135689,-0.107591,-0.034963,-0.233121,-0.185559,0.187051,-0.376838,-0.043942,0.000220,0.095276,0.010518,0.308509,0.001257,0.179116,0.035419,0.423221,0.000000,0.000000,0.000000,-2.179230,-2.255271,-3.117555,2.074603,-3.129153,-2.481510,0.310673,2.881049,0.000000,0.000000,0.000000,0.000000,0.000000,0.000000
1778538269.134002,sequential_ik_elbow_then_wrist,0,0,-0.154845,0.067790,-0.247846,0.013287,-0.136217,-0.106026,-0.007993,-0.244233,-0.174030,0.190882,-0.288872,0.046098,0.000691,0.030194,0.023228,0.173482,0.000096,0.122206,0.009033,0.349580,0.000000,0.000000,0.000000,-2.163754,-2.239301,-3.122942,2.330298,-3.131756,-2.488647,0.236111,2.943197,0.000000,0.000000,0.000000,0.000000,0.000000,0.000000
1778538269.187245,sequential_ik_elbow_then_wrist,0,0,-0.201406,0.080218,-0.207366,-0.138501,-0.129130,-0.001900,-0.032572,-0.241357,-0.175174,0.097546,-0.274480,0.093102,0.000758,0.033653,0.021906,0.182984,0.001090,0.093749,0.033007,0.306184,0.000000,0.000000,0.000000,-2.131705,-2.261661,-3.127036,2.493353,-3.133735,-2.494517,0.179445,2.990430,0.000000,0.000000,0.000000,0.000000,0.000000,0.000000
1778538269.259671,sequential_ik_elbow_then_wrist,0,0,-0.212653,0.084486,-0.194012,-0.327686,-0.114262,-0.000966,-0.079753,-0.229063,-0.176550,-0.010160,-0.266425,0.112865,0.000205,0.074976,0.010846,0.268519,0.006546,0.084064,0.080880,0.289938,0.000000,0.000000,0.000000,-2.096236,-2.298126,-3.130147,2.488621,-3.135238,-2.493795,0.136378,3.026327,0.000000,0.000000,0.000000,0.000000,0.000000,0.000000
1778538269.314981,sequential_ik_elbow_then_wrist,0,0,-0.192963,0.087268,-0.212484,-0.193763,-0.147311,-0.025477,-0.019772,-0.236989,-0.182880,0.161640,-0.288959,0.050334,0.000039,0.055541,0.004208,0.234503,0.000407,0.112365,0.020167,0.335209,0.000000,0.000000,0.000000,-2.070790,-2.314906,-3.132512,2.541286,-3.136381,-2.491912,0.103647,3.053608,0.000000,0.000000,0.000000,0.000000,0.000000,0.000000
1778538269.375379,sequential_ik_elbow_then_wrist,0,0,-0.186987,-0.015923,-0.234056,-0.082830,-0.215216,-0.035477,0.016555,-0.265666,-0.138374,0.209432,-0.336674,0.080158,0.003297,0.056848,0.051264,0.236068,0.000376,0.163867,0.013235,0.404805,0.000000,0.000000,0.000000,-1.995858,-2.300069,-2.380709,2.661637,-3.127422,-2.523037,0.078772,3.074342,0.000000,0.000000,0.000000,0.000000,0.000000,0.000000
1778538269.427572,sequential_ik_elbow_then_wrist,0,0,-0.174298,-0.015779,-0.243662,-0.107234,-0.202089,-0.018293,-0.068160,-0.267484,-0.117500,-0.008943,-0.321203,0.171649,0.000982,0.052830,0.028654,0.229641,0.004905,0.132994,0.069448,0.364684,0.000000,0.000000,0.000000,-1.911245,-2.276092,-1.809339,2.776444,-3.130441,-2.566056,0.059867,3.090100,0.000000,0.000000,0.000000,0.000000,0.000000,0.000000
1778538269.489974,sequential_ik_elbow_then_wrist,0,0,-0.165179,-0.057582,-0.243722,-0.050658,-0.243456,-0.037965,-0.071925,-0.269766,-0.109785,0.068955,-0.363136,0.138075,0.002089,0.063315,0.042684,0.251624,0.005344,0.155944,0.072989,0.394897,0.000000,0.000000,0.000000,-1.808040,-2.252717,-1.375098,2.863697,-3.132735,-2.608380,0.045499,3.102076,0.000000,0.000000,0.000000,0.000000,0.000000,0.000000
1778538269.549010,sequential_ik_elbow_then_wrist,0,0,-0.143316,-0.091750,-0.247067,-0.001906,-0.276938,-0.058100,-0.038507,-0.270677,-0.123495,0.144917,-0.401173,0.074813,0.002872,0.080104,0.050394,0.283026,0.001532,0.187760,0.039072,0.433313,0.000000,0.000000,0.000000,-1.686325,-2.228540,-1.045074,2.930010,-3.134479,-2.635209,0.034579,3.111178,0.000000,0.000000,0.000000,0.000000,0.000000,0.000000
1778538269.611624,sequential_ik_elbow_then_wrist,0,0,-0.134495,-0.068899,-0.259160,-0.021889,-0.282150,-0.080712,-0.033527,-0.270166,-0.126040,0.132317,-0.402759,0.085891,0.000498,0.086657,0.020789,0.294376,0.001159,0.187336,0.034028,0.432823,0.000000,0.000000,0.000000,-1.577569,-2.199318,-0.794256,2.980408,-3.135804,-2.652799,0.026280,3.118095,0.000000,0.000000,0.000000,0.000000,0.000000,0.000000
1778538269.673640,sequential_ik_elbow_then_wrist,0,0,-0.108055,0.041089,-0.276832,0.024764,-0.140099,-0.078010,0.008341,-0.248865,-0.167322,0.166991,-0.372406,0.055316,0.004344,0.025543,0.062365,0.159629,0.000280,0.169867,0.011220,0.412149,0.000000,0.000000,0.000000,-1.529877,-2.139728,-0.603635,2.999911,-3.131734,-2.636822,0.019973,3.123352,0.000000,0.000000,0.000000,0.000000,0.000000,0.000000
1778538269.735483,sequential_ik_elbow_then_wrist,0,0,-0.027415,0.019627,-0.298099,0.121475,-0.181757,-0.132943,0.051408,-0.225079,-0.191564,0.267319,-0.345759,-0.021803,0.001539,0.049881,0.031549,0.221295,0.000683,0.191692,0.020368,0.437826,0.000000,0.000000,0.000000,-1.500439,-2.038900,-0.458762,2.942371,-3.099113,-2.598737,0.015179,3.127348,0.000000,0.000000,0.000000,0.000000,0.000000,0.000000
1778538269.820310,sequential_ik_elbow_then_wrist,0,0,-0.086600,0.049558,-0.282921,0.061581,-0.137818,-0.101447,0.036974,-0.228302,-0.191078,0.253130,-0.348601,-0.021358,0.003617,0.026223,0.059004,0.161883,0.000010,0.186269,0.002309,0.431589,0.000000,0.000000,0.000000,-1.493689,-1.985436,-0.348659,2.908473,-3.072200,-2.564783,0.011536,3.130384,0.000000,0.000000,0.000000,0.000000,0.000000,0.000000
1778538269.865111,sequential_ik_elbow_then_wrist,0,0,-0.066199,0.042626,-0.289484,0.092044,-0.148518,-0.120891,0.042488,-0.223255,-0.195836,0.264269,-0.343217,-0.033286,0.002113,0.028515,0.045577,0.168502,0.000021,0.188957,0.003647,0.434692,0.000000,0.000000,0.000000,-1.501882,-1.939357,-0.264981,2.856175,-3.047044,-2.533976,0.008768,3.132692,0.000000,0.000000,0.000000,0.000000,0.000000,0.000000
1778538269.929458,sequential_ik_elbow_then_wrist,0,0,-0.043744,0.037344,-0.294435,0.125901,-0.163305,-0.149657,0.044953,-0.221374,-0.197415,0.277370,-0.345031,-0.053570,0.001495,0.033028,0.038032,0.180893,0.000010,0.199057,0.002637,0.446158,0.000000,0.000000,0.000000,-1.516805,-1.890050,-0.201386,2.774479,-3.024292,-2.508136,0.006663,3.134446,0.000000,0.000000,0.000000,0.000000,0.000000,0.000000
1778538269.982286,sequential_ik_elbow_then_wrist,0,0,-0.067568,-0.092704,-0.277201,0.121167,-0.291987,-0.156100,0.049146,-0.230805,-0.185240,0.293670,-0.355574,-0.064241,0.007691,0.099621,0.086885,0.315627,0.000032,0.216998,0.003924,0.465830,0.000000,0.000000,0.000000,-1.505530,-1.870015,-0.153053,2.710836,-3.004048,-2.497701,0.005064,3.135779,0.000000,0.000000,0.000000,0.000000,0.000000,0.000000
1778538270.036355,sequential_ik_elbow_then_wrist,0,0,-0.062425,-0.080286,-0.282236,0.118497,-0.287670,-0.162824,0.048203,-0.232275,-0.183644,0.292520,-0.358365,-0.063602,0.004659,0.105615,0.067666,0.324961,0.000004,0.218232,0.001277,0.467154,0.000000,0.000000,0.000000,-1.475874,-1.858735,-0.116320,2.671796,-2.988228,-2.493133,0.003849,3.136792,0.000000,0.000000,0.000000,0.000000,0.000000,0.000000
1778538270.101738,sequential_ik_elbow_then_wrist,0,0,-0.054616,-0.136091,-0.261718,0.138290,-0.335309,-0.147263,0.057417,-0.241958,-0.167809,0.299471,-0.375523,-0.051317,0.012656,0.148184,0.111050,0.384651,0.000062,0.233529,0.005461,0.483249,0.000000,0.000000,0.000000,-1.412921,-1.865418,-0.088403,2.678299,-2.971690,-2.502476,0.002925,3.137562,0.000000,0.000000,0.000000,0.000000,0.000000,0.000000
1778538270.161808,sequential_ik_elbow_then_wrist,0,0,-0.053405,-0.148732,-0.255004,0.132117,-0.349527,-0.131461,0.050695,-0.254473,-0.150577,0.282609,-0.393793,-0.020940,0.010591,0.160200,0.100614,0.399192,0.000083,0.235582,0.006166,0.485368,0.000000,0.000000,0.000000,-1.317254,-1.890739,-0.067187,2.753042,-2.963221,-2.525060,0.002223,3.138147,0.000000,0.000000,0.000000,0.000000,0.000000,0.000000
1778538270.215966,sequential_ik_elbow_then_wrist,0,0,-0.041198,-0.137484,-0.263440,0.132994,-0.338205,-0.124271,0.055129,-0.255312,-0.147569,0.267216,-0.390864,0.015663,0.006070,0.147802,0.075972,0.384156,0.000011,0.224646,0.002203,0.473968,0.000000,0.000000,0.000000,-1.203245,-1.913591,-0.051062,2.845912,-2.955571,-2.547915,0.001690,3.138592,0.000000,0.000000,0.000000,0.000000,0.000000,0.000000
1778538270.278780,sequential_ik_elbow_then_wrist,0,0,-0.034466,-0.141932,-0.262044,0.141113,-0.333708,-0.112398,0.060014,-0.251870,-0.151525,0.275432,-0.371592,0.019535,0.004331,0.144007,0.063853,0.379482,0.000007,0.214545,0.002071,0.463190,0.000000,0.000000,0.000000,-1.079055,-1.938186,-0.038807,2.916493,-2.945926,-2.563765,0.001284,3.138930,0.000000,0.000000,0.000000,0.000000,0.000000,0.000000
1778538270.331953,sequential_ik_elbow_then_wrist,0,0,-0.029021,-0.129373,-0.269110,0.147604,-0.312570,-0.110231,0.065894,-0.246419,-0.157911,0.284792,-0.350879,0.018644,0.002229,0.131752,0.045808,0.362977,0.000022,0.204790,0.003501,0.452537,0.000000,0.000000,0.000000,-0.957442,-1.953640,-0.029493,2.970135,-2.932987,-2.570858,0.000976,3.139187,0.000000,0.000000,0.000000,0.000000,0.000000,0.000000
1778538270.395761,sequential_ik_elbow_then_wrist,0,0,-0.048899,-0.145590,-0.257706,0.125007,-0.332009,-0.099577,0.064986,-0.243759,-0.162353,0.285046,-0.348893,0.012348,0.000866,0.135920,0.027446,0.368674,0.000007,0.203350,0.001873,0.450944,0.000000,0.000000,0.000000,-0.846922,-1.983290,-0.022415,3.010903,-2.921422,-2.571886,0.000742,3.139382,0.000000,0.000000,0.000000,0.000000,0.000000,0.000000
1778538270.455586,sequential_ik_elbow_then_wrist,0,0,-0.069051,-0.126216,-0.263252,0.097675,-0.314328,-0.099494,0.067225,-0.240354,-0.166465,0.290468,-0.347443,0.002928,0.000001,0.118388,0.000564,0.344076,0.000008,0.205316,0.002039,0.453118,0.000000,0.000000,0.000000,-0.763190,-2.004672,-0.017035,3.041886,-2.910146,-2.568634,0.000564,3.139530,0.000000,0.000000,0.000000,0.000000,0.000000,0.000000
1778538270.525121,sequential_ik_elbow_then_wrist,0,0,-0.063137,-0.133624,-0.261071,0.101683,-0.324265,-0.098312,0.081298,-0.234243,-0.168882,0.303939,-0.362343,-0.013894,0.000038,0.125307,0.005857,0.353987,0.000056,0.224088,0.005970,0.473379,0.000000,0.000000,0.000000,-0.695353,-2.023345,-0.012947,3.065433,-2.891220,-2.563389,0.000428,3.139643,0.000000,0.000000,0.000000,0.000000,0.000000,0.000000
1778538270.583601,sequential_ik_elbow_then_wrist,0,0,-0.053022,-0.230507,-0.184540,0.125922,-0.405656,-0.019307,0.071884,-0.275118,-0.095619,0.265416,-0.409751,0.089906,0.002651,0.180996,0.039644,0.425437,0.000817,0.246671,0.019179,0.496660,0.000000,0.000000,0.000000,-0.610944,-2.109214,-0.009840,3.083329,-2.886273,-2.609355,0.000326,3.139729,0.000000,0.000000,0.000000,0.000000,0.000000,0.000000
1778538270.664749,sequential_ik_elbow_then_wrist,0,0,-0.006211,-0.250298,-0.165265,0.163555,-0.411839,0.022042,0.113505,-0.273060,-0.050546,0.283346,-0.401356,0.160864,0.001639,0.197081,0.032793,0.443938,0.000672,0.267498,0.017503,0.517202,0.000000,0.000000,0.000000,-0.499106,-2.205624,-0.007478,3.096930,-2.860262,-2.684404,0.000247,3.139794,0.000000,0.000000,0.000000,0.000000,0.000000,0.000000
1778538270.703945,sequential_ik_elbow_then_wrist,0,0,0.095849,-0.257687,-0.120043,0.304841,-0.397964,0.043189,0.131089,-0.267651,-0.034330,0.271758,-0.422006,0.181046,0.003575,0.253402,0.046288,0.503391,0.000208,0.284956,0.009676,0.533813,0.000000,0.000000,0.000000,-0.331383,-2.316439,-0.005683,3.107267,-2.823659,-2.760816,0.000188,3.139843,0.000000,0.000000,0.000000,0.000000,0.000000,0.000000
1778538270.769406,sequential_ik_elbow_then_wrist,0,0,0.113902,-0.164724,-0.223366,0.337964,-0.278017,-0.059169,0.129599,-0.269205,-0.027072,0.265015,-0.426947,0.189215,0.003307,0.195233,0.044427,0.441851,0.000027,0.288547,0.003481,0.537166,0.000000,0.000000,0.000000,-0.150989,-2.330794,-0.004319,3.115123,-2.793108,-2.827855,0.000143,3.139881,0.000000,0.000000,0.000000,0.000000,0.000000,0.000000
1778538270.821830,sequential_ik_elbow_then_wrist,0,0,0.097508,-0.118674,-0.257699,0.319071,-0.239245,-0.095303,0.144973,-0.255659,-0.060177,0.303627,-0.404360,0.146503,0.001535,0.168367,0.031300,0.410325,0.000161,0.277383,0.008494,0.526671,0.000000,0.000000,0.000000,0.010658,-2.290732,-0.003283,3.121093,-2.756993,-2.860191,0.000109,3.139909,0.000000,0.000000,0.000000,0.000000,0.000000,0.000000
1778538270.879067,sequential_ik_elbow_then_wrist,0,0,0.110306,-0.103405,-0.259114,0.339508,-0.231707,-0.114183,0.168613,-0.229713,-0.093818,0.363256,-0.359264,0.094146,0.001028,0.182254,0.029953,0.426912,0.000401,0.270110,0.013635,0.519721,0.000000,0.000000,0.000000,0.157065,-2.246216,-0.002495,3.125631,-2.705564,-2.858958,0.000083,3.139931,0.000000,0.000000,0.000000,0.000000,0.000000,0.000000
1778538270.940826,sequential_ik_elbow_then_wrist,0,0,0.083156,-0.218665,-0.187805,0.297739,-0.357218,-0.030461,0.132621,-0.252035,-0.094286,0.303636,-0.375965,0.118776,0.002360,0.217462,0.037908,0.466328,0.000155,0.247900,0.008778,0.497896,0.000000,0.000000,0.000000,0.235225,-2.277327,-0.001896,3.129080,-2.686801,-2.851808,0.000063,3.139948,0.000000,0.000000,0.000000,0.000000,0.000000,0.000000
1778538271.002173,sequential_ik_elbow_then_wrist,0,0,0.056889,-0.251270,-0.153710,0.273440,-0.402822,-0.011802,0.123432,-0.266064,-0.063042,0.298448,-0.384883,0.149683,0.001418,0.237415,0.029114,0.487253,0.000178,0.259856,0.009036,0.509761,0.000000,0.000000,0.000000,0.254655,-2.342069,-0.001441,3.131700,-2.686972,-2.864978,0.000048,3.139960,0.000000,0.000000,0.000000,0.000000,0.000000,0.000000
1778538271.075195,sequential_ik_elbow_then_wrist,0,0,0.044629,-0.264313,-0.134709,0.254888,-0.422714,0.009168,0.115893,-0.274155,-0.037523,0.289660,-0.382637,0.181650,0.000440,0.243959,0.015477,0.493922,0.000160,0.263549,0.008440,0.513370,0.000000,0.000000,0.000000,0.244940,-2.414860,-0.001095,3.133692,-2.697023,-2.895240,0.000036,3.139970,0.000000,0.000000,0.000000,0.000000,0.000000,0.000000
1778538271.138238,sequential_ik_elbow_then_wrist,0,0,-0.009574,-0.278501,-0.111109,0.182509,-0.457843,0.033599,0.075666,-0.290266,0.004508,0.233621,-0.411731,0.228777,0.000856,0.244265,0.021542,0.494231,0.000559,0.276668,0.015783,0.525993,0.000000,0.000000,0.000000,0.194978,-2.491242,-0.000832,3.135206,-2.733809,-2.948828,0.000028,3.139977,0.000000,0.000000,0.000000,0.000000,0.000000,0.000000
1778538271.249514,sequential_ik_elbow_then_wrist,0,0,-0.018378,-0.285922,-0.088943,0.173722,-0.492728,0.012687,0.033391,-0.297801,0.014136,0.175240,-0.436564,0.239133,0.000237,0.273282,0.010663,0.522763,0.000563,0.278711,0.019147,0.527931,0.000000,0.000000,0.000000,0.139176,-2.569108,-0.000633,3.136357,-2.794979,-2.994709,0.000021,3.139983,0.000000,0.000000,0.000000,0.000000,0.000000,0.000000
1778538271.303389,sequential_ik_elbow_then_wrist,0,0,-0.014655,-0.287721,-0.083676,0.182237,-0.492673,0.012389,0.033618,-0.298070,0.004887,0.142535,-0.454913,0.236269,0.000022,0.276235,0.003129,0.525580,0.000046,0.283312,0.006046,0.532270,0.000000,0.000000,0.000000,0.094383,-2.636288,-0.000481,3.137231,-2.848982,-3.029579,0.000016,3.139987,0.000000,0.000000,0.000000,0.000000,0.000000,0.000000
1778538271.363909,sequential_ik_elbow_then_wrist,0,0,0.013633,-0.289710,-0.076695,0.218922,-0.482081,0.027467,0.053722,-0.295148,-0.001247,0.176859,-0.449053,0.224918,0.000110,0.281231,0.007295,0.530312,0.000036,0.283732,0.004016,0.532665,0.000000,0.000000,0.000000,0.077308,-2.693600,-0.000365,3.137896,-2.879207,-3.055605,0.000012,3.139990,0.000000,0.000000,0.000000,0.000000,0.000000,0.000000
1778538271.427350,sequential_ik_elbow_then_wrist,0,0,0.003244,-0.292462,-0.066750,0.203616,-0.489222,0.038779,0.048264,-0.296090,-0.000995,0.166623,-0.456345,0.223304,0.000021,0.282447,0.003022,0.531457,0.000000,0.286094,0.000350,0.534877,0.000000,0.000000,0.000000,0.062134,-2.744954,-0.000278,3.138401,-2.903120,-3.075433,0.000009,3.139992,0.000000,0.000000,0.000000,0.000000,0.000000,0.000000
1778538271.498646,sequential_ik_elbow_then_wrist,0,0,0.041485,-0.275907,-0.110246,0.265935,-0.440539,0.001640,0.065891,-0.292275,-0.015284,0.201889,-0.439692,0.207813,0.000416,0.264951,0.014012,0.514734,0.000061,0.277491,0.005206,0.526775,0.000000,0.000000,0.000000,0.074353,-2.757554,-0.000211,3.138785,-2.910385,-3.081691,0.000007,3.139994,0.000000,0.000000,0.000000,0.000000,0.000000,0.000000
1778538271.551318,sequential_ik_elbow_then_wrist,0,0,0.070839,-0.247902,-0.153384,0.295872,-0.394352,-0.019547,0.077510,-0.288358,-0.029015,0.236088,-0.407844,0.195877,0.000702,0.243624,0.018706,0.493582,0.000066,0.260664,0.005409,0.510553,0.000000,0.000000,0.000000,0.110897,-2.731284,-0.000160,3.139076,-2.905869,-3.075934,0.000005,3.139996,0.000000,0.000000,0.000000,0.000000,0.000000,0.000000
1778538271.608719,sequential_ik_elbow_then_wrist,0,0,0.074166,-0.251135,-0.146392,0.296240,-0.401595,-0.012060,0.101246,-0.280818,-0.029839,0.267460,-0.415290,0.180613,0.000045,0.249388,0.005144,0.499387,0.000101,0.276837,0.006728,0.526153,0.000000,0.000000,0.000000,0.148593,-2.708270,-0.000122,3.139298,-2.884736,-3.068630,0.000004,3.139997,0.000000,0.000000,0.000000,0.000000,0.000000,0.000000
1778538271.787067,sequential_ik_elbow_then_wrist,0,0,0.137216,-0.189156,-0.188127,0.387709,-0.348566,-0.145213,0.127495,-0.244021,-0.119159,0.381351,-0.360968,-0.010162,0.001836,0.293074,0.033880,0.541363,0.001312,0.275975,0.024469,0.525333,0.000000,0.000000,0.000000,0.230614,-2.657384,-0.000093,3.139466,-2.840973,-3.005264,0.000003,3.139997,0.000000,0.000000,0.000000,0.000000,0.000000,0.000000
1778538280.248932,sequential_ik_elbow_then_wrist,0,0,0.195473,-0.172740,0.148159,0.427489,-0.326697,0.259810,0.252762,-0.017971,0.160587,0.479697,-0.174881,0.278400,0.029236,0.357228,0.156348,0.597685,0.042703,0.338466,0.190283,0.581778,0.000000,0.000000,0.000000,0.353983,-2.773212,-0.000070,3.139594,-2.631830,-3.037601,0.000002,3.139998,0.000000,0.000000,0.000000,0.000000,0.000000,0.000000
