time_sec,source,valid,manual_enabled,left_target_elbow_x,left_target_elbow_y,left_target_elbow_z,left_target_wrist_x,left_target_wrist_y,left_target_wrist_z,right_target_elbow_x,right_target_elbow_y,right_target_elbow_z,right_target_wrist_x,right_target_wrist_y,right_target_wrist_z,left_shoulder_loss,left_elbow_loss,left_elbow_error,left_wrist_error,right_shoulder_loss,right_elbow_loss,right_elbow_error,right_wrist_error,torso_joint,neck_joint,head_joint,left_shoulder_pitch_joint,left_shoulder_roll_joint,left_shoulder_yaw_joint,left_elbow_joint,right_shoulder_pitch_joint,right_shoulder_roll_joint,right_shoulder_yaw_joint,right_elbow_joint,left_hip_joint,left_knee_joint,left_ankle_joint,right_hip_joint,right_knee_joint,right_ankle_joint
1778448481.971593,sequential_ik_elbow_then_wrist,0,0,-0.203005,0.049793,-0.215197,-0.410357,-0.082318,-0.043290,-0.105243,-0.050672,-0.276326,-0.352936,-0.131009,-0.425303,0.027907,0.233991,0.133459,0.478190,0.025955,0.087911,0.125284,0.296486,0.000000,0.000000,0.000000,0.177509,-0.163225,0.000000,0.375131,-0.091710,-0.225123,0.753600,0.206614,0.000000,0.000000,0.000000,0.000000,0.000000,0.000000
1778448482.009967,sequential_ik_elbow_then_wrist,0,0,-0.205471,0.040541,-0.214798,-0.391284,-0.087685,-0.017234,-0.111481,-0.039598,-0.275688,-0.356672,-0.116031,-0.430736,0.005252,0.088629,0.063229,0.290523,0.006626,0.067649,0.075401,0.256555,0.000000,0.000000,0.000000,0.392297,-0.316349,0.000000,0.664243,-0.206485,-0.454399,1.326336,0.109027,0.000000,0.000000,0.000000,0.000000,0.000000,0.000000
1778448492.535295,sequential_ik_elbow_then_wrist,0,0,-0.126877,0.149146,-0.227283,-0.341572,0.122320,-0.435096,-0.033753,-0.085018,-0.285714,-0.255819,-0.160766,-0.472661,0.001735,0.043446,0.037274,0.183101,0.000305,0.024243,0.015957,0.155701,0.000000,0.000000,0.000000,0.513012,-0.446229,-0.753600,0.644937,-0.286899,-0.644341,1.761615,0.034860,0.000000,0.000000,0.000000,0.000000,0.000000,0.000000
1778448492.578868,sequential_ik_elbow_then_wrist,1,0,-0.124296,0.153299,-0.225942,-0.338930,0.127093,-0.433897,-0.029689,-0.083608,-0.286580,-0.255276,-0.158973,-0.469420,0.000586,0.026807,0.021909,0.160649,0.000252,0.027999,0.015510,0.167328,0.000000,0.000000,0.000000,0.580070,-0.545015,-1.326336,0.554430,-0.341771,-0.794147,2.092428,-0.021506,0.000000,0.000000,0.000000,0.000000,0.000000,0.000000
1778448492.638397,sequential_ik_elbow_then_wrist,1,0,-0.116554,0.166082,-0.220979,-0.328254,0.138880,-0.431795,-0.029024,-0.081904,-0.287140,-0.256344,-0.154609,-0.468908,0.000430,0.029444,0.018595,0.171563,0.000183,0.030904,0.013315,0.175795,0.000000,0.000000,0.000000,0.609567,-0.615239,-1.761615,0.477947,-0.378335,-0.910216,2.343845,-0.064345,0.000000,0.000000,0.000000,0.000000,0.000000,0.000000
1778448492.703512,sequential_ik_elbow_then_wrist,1,0,-0.107113,0.182022,-0.213061,-0.310567,0.188057,-0.433447,-0.015180,-0.081365,-0.288356,-0.213698,-0.163434,-0.497773,0.000403,0.023584,0.017665,0.153567,0.000525,0.018053,0.022580,0.134360,0.000000,0.000000,0.000000,0.610617,-0.660329,-2.092428,0.422205,-0.397933,-1.002937,2.534922,-0.096902,0.000000,0.000000,0.000000,0.000000,0.000000,0.000000
1778448492.772383,sequential_ik_elbow_then_wrist,1,0,-0.083386,0.207327,-0.200155,-0.286184,0.250358,-0.417000,-0.011885,-0.074345,-0.290399,-0.195848,-0.164635,-0.509500,0.000750,0.020868,0.023611,0.144456,0.000430,0.015198,0.020416,0.123282,0.000000,0.000000,0.000000,0.580553,-0.682124,-2.343845,0.380885,-0.406052,-1.078995,2.680141,-0.121646,0.000000,0.000000,0.000000,0.000000,0.000000,0.000000
1778448492.824625,sequential_ik_elbow_then_wrist,0,0,-0.094780,0.213312,-0.188454,-0.313887,0.246004,-0.390749,0.001144,-0.067077,-0.292403,-0.180918,-0.168205,-0.508335,0.000112,0.035524,0.008133,0.188438,0.000767,0.015353,0.027281,0.123907,0.000000,0.000000,0.000000,0.548184,-0.685450,-2.534922,0.358908,-0.404337,-1.145126,2.790507,-0.140451,0.000000,0.000000,0.000000,0.000000,0.000000,0.000000
1778448492.889773,sequential_ik_elbow_then_wrist,1,0,-0.075839,0.223245,-0.185500,-0.283209,0.268528,-0.397507,0.044181,-0.060554,-0.290484,-0.083044,-0.172528,-0.538024,0.000182,0.030798,0.011260,0.175372,0.003957,0.003385,0.062377,0.058177,0.000000,0.000000,0.000000,0.506474,-0.682758,-2.680141,0.357895,-0.389226,-1.209258,2.874385,-0.154742,0.000000,0.000000,0.000000,0.000000,0.000000,0.000000
1778448492.942397,sequential_ik_elbow_then_wrist,0,0,-0.081482,0.226885,-0.178561,-0.287384,0.264854,-0.393416,0.049011,-0.053514,-0.291091,-0.091505,-0.161550,-0.533131,0.000025,0.035089,0.003714,0.187194,0.003978,0.005913,0.062846,0.076896,0.000000,0.000000,0.000000,0.470378,-0.673930,-2.790507,0.373698,-0.366799,-1.264521,2.938133,-0.165604,0.000000,0.000000,0.000000,0.000000,0.000000,0.000000
1778448493.003897,sequential_ik_elbow_then_wrist,0,0,-0.088907,0.229445,-0.171612,-0.302403,0.234736,-0.382305,0.049621,-0.056790,-0.290366,-0.104072,-0.147651,-0.531453,0.000017,0.045411,0.002821,0.212842,0.003934,0.007194,0.062562,0.084816,0.000000,0.000000,0.000000,0.445013,-0.660378,-2.874385,0.410838,-0.339146,-1.304454,2.986581,-0.173859,0.000000,0.000000,0.000000,0.000000,0.000000,0.000000
1778448493.064390,sequential_ik_elbow_then_wrist,0,0,-0.091581,0.228101,-0.171996,-0.298307,0.223140,-0.389344,0.065842,-0.057486,-0.286985,-0.072523,-0.154764,-0.534759,0.000004,0.043442,0.001601,0.208282,0.005869,0.004139,0.076407,0.064339,0.000000,0.000000,0.000000,0.428348,-0.648804,-2.938133,0.457684,-0.304708,-1.333757,3.023402,-0.180133,0.000000,0.000000,0.000000,0.000000,0.000000,0.000000
1778448493.118236,sequential_ik_elbow_then_wrist,0,0,-0.093208,0.224332,-0.176033,-0.302622,0.217557,-0.390741,0.064979,-0.059724,-0.286724,-0.058120,-0.160747,-0.540971,0.000006,0.044428,0.001927,0.210775,0.005386,0.002690,0.073133,0.051861,0.000000,0.000000,0.000000,0.418440,-0.642773,-2.986581,0.496426,-0.264411,-1.351603,3.051385,-0.184901,0.000000,0.000000,0.000000,0.000000,0.000000,0.000000
1778448493.184062,sequential_ik_elbow_then_wrist,0,0,-0.090755,0.226145,-0.174991,-0.297528,0.221625,-0.392303,0.063034,-0.057218,-0.287668,-0.071209,-0.160690,-0.535200,0.000000,0.042123,0.000492,0.205239,0.004626,0.005058,0.067754,0.071116,0.000000,0.000000,0.000000,0.410088,-0.638026,-3.023402,0.526637,-0.219596,-1.362986,3.072653,-0.188525,0.000000,0.000000,0.000000,0.000000,0.000000,0.000000
1778448493.238813,sequential_ik_elbow_then_wrist,0,0,-0.110378,0.219463,-0.172199,-0.320897,0.213606,-0.385852,0.056681,-0.073707,-0.285227,-0.081940,-0.155648,-0.538348,0.000083,0.045245,0.007429,0.212691,0.003476,0.007915,0.058339,0.088767,0.000000,0.000000,0.000000,0.416296,-0.632360,-3.051385,0.542908,-0.170239,-1.358057,3.088816,-0.176972,0.000000,0.000000,0.000000,0.000000,0.000000,0.000000
1778448493.303278,sequential_ik_elbow_then_wrist,0,0,-0.113486,0.196464,-0.196272,-0.317778,0.164814,-0.413674,0.029567,-0.075582,-0.288813,-0.147923,-0.141641,-0.521480,0.000197,0.045959,0.010523,0.214380,0.000802,0.026641,0.027998,0.162997,0.000000,0.000000,0.000000,0.433548,-0.646443,-3.072653,0.556722,-0.124022,-1.349042,3.101100,-0.147749,0.000000,0.000000,0.000000,0.000000,0.000000,0.000000
1778448493.362011,sequential_ik_elbow_then_wrist,0,0,-0.091335,0.162459,-0.235085,-0.295690,0.132007,-0.452597,-0.005486,-0.073967,-0.290687,-0.198272,-0.119363,-0.516014,0.000475,0.042937,0.014595,0.206984,0.000043,0.045102,0.006494,0.212216,0.000000,0.000000,0.000000,0.449451,-0.695886,-3.088816,0.543826,-0.090986,-1.342461,3.110436,-0.105973,0.000000,0.000000,0.000000,0.000000,0.000000,0.000000
1778448493.452030,sequential_ik_elbow_then_wrist,0,0,-0.074376,0.117333,-0.265897,-0.275469,0.083921,-0.486000,-0.020157,-0.061422,-0.292952,-0.238069,-0.105112,-0.494461,0.000642,0.043516,0.017407,0.208090,0.000406,0.065006,0.019744,0.254960,0.000000,0.000000,0.000000,0.466709,-0.777351,-3.101100,0.498842,-0.071558,-1.345292,3.117531,-0.077098,0.000000,0.000000,0.000000,0.000000,0.000000,0.000000
1778448493.491072,sequential_ik_elbow_then_wrist,0,0,-0.072785,0.107227,-0.270564,-0.283884,0.084048,-0.482459,-0.074521,-0.057567,-0.284838,-0.321451,-0.096169,-0.450776,0.000139,0.045605,0.009362,0.212806,0.004912,0.114750,0.069644,0.338619,0.000000,0.000000,0.000000,0.484674,-0.855826,-3.110436,0.421820,-0.075584,-1.347839,3.122924,-0.077547,0.000000,0.000000,0.000000,0.000000,0.000000,0.000000
1778448493.555766,sequential_ik_elbow_then_wrist,0,0,-0.081554,0.111136,-0.266454,-0.289596,0.093468,-0.481875,-0.074654,-0.059209,-0.284466,-0.306402,-0.109368,-0.468252,0.000091,0.041962,0.009166,0.204653,0.004207,0.091676,0.064385,0.302622,0.000000,0.000000,0.000000,0.504372,-0.913650,-3.117531,0.341864,-0.096998,-1.345603,3.127022,-0.101423,0.000000,0.000000,0.000000,0.000000,0.000000,0.000000
1778448493.733975,sequential_ik_elbow_then_wrist,0,0,-0.053686,0.104708,-0.275960,-0.249805,0.156582,-0.496973,-0.063740,-0.111560,-0.271093,-0.248239,-0.198736,-0.491003,0.000131,0.019413,0.009772,0.138253,0.001792,0.040566,0.039134,0.201402,0.000000,0.000000,0.000000,0.514290,-0.970937,-3.122924,0.239605,-0.129327,-1.308627,3.130137,-0.123615,0.000000,0.000000,0.000000,0.000000,0.000000,0.000000
1778448493.782713,sequential_ik_elbow_then_wrist,1,0,-0.060153,0.104063,-0.274868,-0.225202,0.151555,-0.520843,-0.054966,-0.137332,-0.260995,-0.218856,-0.234875,-0.492567,0.000005,0.013809,0.002064,0.117492,0.000462,0.022750,0.018428,0.150634,0.000000,0.000000,0.000000,0.520681,-1.015637,-3.127022,0.166857,-0.163886,-1.255903,3.132504,-0.121982,0.000000,0.000000,0.000000,0.000000,0.000000,0.000000
1778448493.853478,sequential_ik_elbow_then_wrist,1,0,-0.056225,0.093653,-0.279406,-0.196251,0.143347,-0.540027,-0.048888,-0.142872,-0.259225,-0.206601,-0.246574,-0.492404,0.000018,0.009173,0.002810,0.095724,0.000059,0.016885,0.006634,0.129842,0.000000,0.000000,0.000000,0.525527,-1.057184,-3.130137,0.119108,-0.194384,-1.207471,3.134303,-0.108577,0.000000,0.000000,0.000000,0.000000,0.000000,0.000000
1778448493.907466,sequential_ik_elbow_then_wrist,1,0,-0.046798,0.094631,-0.280811,-0.199409,0.122992,-0.537532,-0.033948,-0.129355,-0.268542,-0.195567,-0.219527,-0.504653,0.000058,0.012834,0.007241,0.113271,0.000044,0.017020,0.005010,0.130413,0.000000,0.000000,0.000000,0.525708,-1.093071,-3.132504,0.087685,-0.215288,-1.180804,3.135670,-0.090014,0.000000,0.000000,0.000000,0.000000,0.000000,0.000000
1778448493.973666,sequential_ik_elbow_then_wrist,1,0,-0.058287,0.076259,-0.284231,-0.205937,0.079915,-0.545356,-0.035705,-0.123847,-0.270901,-0.191384,-0.172319,-0.522723,0.000126,0.018868,0.010598,0.137290,0.000010,0.019780,0.002085,0.140215,0.000000,0.000000,0.000000,0.530500,-1.127813,-3.134303,0.074383,-0.231126,-1.166154,3.136709,-0.049586,0.000000,0.000000,0.000000,0.000000,0.000000,0.000000
1778448494.025610,sequential_ik_elbow_then_wrist,1,0,-0.054100,0.059788,-0.288961,-0.197587,0.073139,-0.552083,-0.022376,-0.101722,-0.281340,-0.171986,-0.119692,-0.540750,0.000230,0.016765,0.014167,0.129408,0.000131,0.019168,0.008600,0.138223,0.000000,0.000000,0.000000,0.539400,-1.166206,-3.135670,0.054008,-0.240216,-1.172967,3.137499,0.000042,0.000000,0.000000,0.000000,0.000000,0.000000,0.000000
1778448494.089441,sequential_ik_elbow_then_wrist,1,0,-0.052327,0.066896,-0.287727,-0.189511,0.079133,-0.554243,-0.005936,-0.089765,-0.286194,-0.139898,-0.105290,-0.554174,0.000053,0.013725,0.007221,0.117149,0.000312,0.013029,0.016413,0.114143,0.000000,0.000000,0.000000,0.548838,-1.194841,-3.136709,0.035979,-0.240214,-1.192296,3.138099,0.038853,0.000000,0.000000,0.000000,0.000000,0.000000,0.000000
1778448494.148267,sequential_ik_elbow_then_wrist,1,0,-0.055747,0.063848,-0.287777,-0.181710,0.073437,-0.559883,-0.003275,-0.096183,-0.284144,-0.134215,-0.092504,-0.554035,0.000111,0.012253,0.010399,0.110677,0.000295,0.013432,0.016915,0.115777,0.000000,0.000000,0.000000,0.559865,-1.216802,-3.137499,0.026878,-0.233104,-1.206247,3.138556,0.080872,0.000000,0.000000,0.000000,0.000000,0.000000,0.000000
1778448494.213986,sequential_ik_elbow_then_wrist,1,0,-0.055995,0.063843,-0.287730,-0.182905,0.069065,-0.559515,-0.003653,-0.093077,-0.285173,-0.134471,-0.091189,-0.555142,0.000090,0.012516,0.009385,0.111874,0.000194,0.014106,0.013713,0.118758,0.000000,0.000000,0.000000,0.571726,-1.233359,-3.138099,0.022045,-0.222007,-1.218373,3.138902,0.116322,0.000000,0.000000,0.000000,0.000000,0.000000,0.000000
1778448494.275329,sequential_ik_elbow_then_wrist,1,0,-0.056121,0.061667,-0.288180,-0.178311,0.061342,-0.562168,-0.005850,-0.095538,-0.284321,-0.133452,-0.099231,-0.555806,0.000093,0.012150,0.009532,0.110216,0.000110,0.013938,0.010313,0.118059,0.000000,0.000000,0.000000,0.584238,-1.246917,-3.138556,0.022370,-0.209255,-1.225969,3.139166,0.142993,0.000000,0.000000,0.000000,0.000000,0.000000,0.000000
1778448494.333120,sequential_ik_elbow_then_wrist,1,0,-0.047160,0.058817,-0.290373,-0.159500,0.066820,-0.568430,-0.006156,-0.087855,-0.286781,-0.134915,-0.089283,-0.557741,0.000021,0.008201,0.003995,0.090555,0.000065,0.015009,0.007749,0.122510,0.000000,0.000000,0.000000,0.594968,-1.262257,-3.138902,0.020472,-0.196501,-1.236177,3.139366,0.163703,0.000000,0.000000,0.000000,0.000000,0.000000,0.000000
1778448494.393430,sequential_ik_elbow_then_wrist,1,0,-0.048470,0.054415,-0.291015,-0.180998,0.059266,-0.560111,-0.002658,-0.082770,-0.288344,-0.140638,-0.085733,-0.554713,0.000046,0.012518,0.006626,0.111788,0.000091,0.017193,0.009217,0.131110,0.000000,0.000000,0.000000,0.605246,-1.276806,-3.139166,0.008013,-0.183386,-1.248443,3.139518,0.175359,0.000000,0.000000,0.000000,0.000000,0.000000,0.000000
1778448494.449484,sequential_ik_elbow_then_wrist,1,0,-0.052600,0.046162,-0.291723,-0.191942,0.044426,-0.557394,-0.006327,-0.084144,-0.287888,-0.153130,-0.093466,-0.549349,0.000191,0.016157,0.013630,0.127086,0.000025,0.020752,0.004987,0.144031,0.000000,0.000000,0.000000,0.617227,-1.291017,-3.139366,-0.007563,-0.171574,-1.257562,3.139634,0.177633,0.000000,0.000000,0.000000,0.000000,0.000000,0.000000
1778448494.521876,sequential_ik_elbow_then_wrist,1,0,-0.051948,0.040052,-0.292741,-0.178370,0.036502,-0.564779,-0.005502,-0.093268,-0.285080,-0.150378,-0.114317,-0.546935,0.000251,0.013929,0.015666,0.118018,0.000049,0.019507,0.006474,0.139648,0.000000,0.000000,0.000000,0.630804,-1.305666,-3.139518,-0.017924,-0.160195,-1.258636,3.139722,0.173952,0.000000,0.000000,0.000000,0.000000,0.000000,0.000000
1778448494.567366,sequential_ik_elbow_then_wrist,1,0,-0.048854,0.028939,-0.294577,-0.169800,0.026673,-0.569108,-0.003797,-0.098121,-0.283475,-0.148230,-0.133771,-0.543990,0.000383,0.013150,0.019240,0.114662,0.000059,0.018740,0.007340,0.136870,0.000000,0.000000,0.000000,0.645924,-1.324111,-3.139634,-0.029468,-0.148517,-1.255052,3.139788,0.164830,0.000000,0.000000,0.000000,0.000000,0.000000,0.000000
1778448494.637045,sequential_ik_elbow_then_wrist,1,0,-0.045168,0.018010,-0.296033,-0.153010,0.021093,-0.575963,-0.001886,-0.099789,-0.282911,-0.150250,-0.143683,-0.539935,0.000525,0.010540,0.022572,0.102648,0.000064,0.019725,0.007847,0.140432,0.000000,0.000000,0.000000,0.662096,-1.346250,-3.139722,-0.042655,-0.136200,-1.250297,3.139839,0.153531,0.000000,0.000000,0.000000,0.000000,0.000000,0.000000
1778448494.692554,sequential_ik_elbow_then_wrist,1,0,-0.037456,0.023330,-0.296737,-0.150828,0.028729,-0.574438,0.001361,-0.104044,-0.281377,-0.156003,-0.148452,-0.532901,0.000163,0.009019,0.012677,0.094904,0.000098,0.022469,0.009642,0.149896,0.000000,0.000000,0.000000,0.676739,-1.365492,-3.139788,-0.060973,-0.122458,-1.243523,3.139878,0.145913,0.000000,0.000000,0.000000,0.000000,0.000000,0.000000
1778448494.756650,sequential_ik_elbow_then_wrist,0,0,-0.042076,0.024511,-0.296022,-0.159017,0.035119,-0.572087,-0.019579,-0.103846,-0.280772,-0.215523,-0.139791,-0.505079,0.000222,0.009067,0.014815,0.095187,0.000093,0.045147,0.009416,0.212478,0.000000,0.000000,0.000000,0.690661,-1.378101,-3.139839,-0.081053,-0.116446,-1.236569,3.139907,0.138970,0.000000,0.000000,0.000000,0.000000,0.000000,0.000000
1778448494.820012,sequential_ik_elbow_then_wrist,0,0,-0.042416,0.026271,-0.295822,-0.158155,0.032065,-0.572537,-0.018247,-0.104993,-0.280434,-0.224768,-0.137172,-0.495640,0.000180,0.009058,0.013350,0.095171,0.000045,0.049445,0.006570,0.222363,0.000000,0.000000,0.000000,0.703881,-1.386170,-3.139878,-0.094244,-0.115027,-1.230140,3.139929,0.132775,0.000000,0.000000,0.000000,0.000000,0.000000,0.000000
1778448494.874683,sequential_ik_elbow_then_wrist,0,0,-0.046194,0.025080,-0.295359,-0.162731,0.028704,-0.571776,-0.014685,-0.105409,-0.280487,-0.222600,-0.136555,-0.494500,0.000266,0.009799,0.016240,0.098987,0.000006,0.048415,0.002446,0.220035,0.000000,0.000000,0.000000,0.717273,-1.390758,-3.139907,-0.102747,-0.115132,-1.224969,3.139946,0.127897,0.000000,0.000000,0.000000,0.000000,0.000000,0.000000
1778448494.933825,sequential_ik_elbow_then_wrist,0,0,-0.045380,0.028017,-0.295221,-0.173367,0.026929,-0.566548,-0.007312,-0.104352,-0.281171,-0.213977,-0.131551,-0.496925,0.000171,0.011374,0.013025,0.106644,0.000017,0.045616,0.003959,0.213574,0.000000,0.000000,0.000000,0.730238,-1.392810,-3.139929,-0.112038,-0.113324,-1.222204,3.139959,0.128058,0.000000,0.000000,0.000000,0.000000,0.000000,0.000000
1778448494.991487,sequential_ik_elbow_then_wrist,0,0,-0.050601,0.025933,-0.294562,-0.185842,0.018144,-0.562236,-0.019806,-0.115517,-0.276158,-0.224234,-0.135661,-0.494798,0.000304,0.014329,0.017357,0.119701,0.000056,0.048589,0.006558,0.220402,0.000000,0.000000,0.000000,0.743967,-1.392520,-3.139946,-0.120397,-0.114944,-1.212053,3.139969,0.136280,0.000000,0.000000,0.000000,0.000000,0.000000,0.000000
1778448495.057582,sequential_ik_elbow_then_wrist,0,0,-0.059494,0.022817,-0.293155,-0.217555,0.005752,-0.547567,-0.017231,-0.114734,-0.276657,-0.218468,-0.143870,-0.497235,0.000606,0.021929,0.024457,0.148040,0.000008,0.044755,0.002707,0.211552,0.000000,0.000000,0.000000,0.760233,-1.388920,-3.139959,-0.135606,-0.117603,-1.203211,3.139976,0.141195,0.000000,0.000000,0.000000,0.000000,0.000000,0.000000
1778448495.112652,sequential_ik_elbow_then_wrist,0,0,-0.059870,0.027753,-0.292652,-0.222242,-0.003187,-0.543008,-0.023647,-0.115593,-0.275824,-0.228159,-0.153667,-0.491984,0.000398,0.024052,0.019799,0.155087,0.000053,0.047147,0.007075,0.217101,0.000000,0.000000,0.000000,0.777685,-1.382824,-3.139969,-0.145616,-0.123455,-1.195037,3.139982,0.135885,0.000000,0.000000,0.000000,0.000000,0.000000,0.000000
1778448495.184939,sequential_ik_elbow_then_wrist,0,0,-0.058508,0.025692,-0.293116,-0.221506,-0.008391,-0.542655,-0.025926,-0.115431,-0.275687,-0.227582,-0.168025,-0.491486,0.000369,0.024092,0.019091,0.155217,0.000057,0.044046,0.007353,0.209789,0.000000,0.000000,0.000000,0.795953,-1.378671,-3.139976,-0.153138,-0.131933,-1.188290,3.139986,0.117705,0.000000,0.000000,0.000000,0.000000,0.000000,0.000000
1778448495.230994,sequential_ik_elbow_then_wrist,0,0,-0.059481,0.030756,-0.292431,-0.223128,0.001263,-0.542130,-0.035429,-0.115132,-0.274753,-0.237832,-0.184602,-0.485009,0.000225,0.021257,0.014854,0.145796,0.000183,0.043906,0.013162,0.209371,0.000000,0.000000,0.000000,0.813854,-1.372898,-3.139982,-0.161001,-0.145674,-1.181924,3.139990,0.083764,0.000000,0.000000,0.000000,0.000000,0.000000,0.000000
1778448495.300723,sequential_ik_elbow_then_wrist,1,0,-0.061118,0.037541,-0.291299,-0.217447,0.015509,-0.546399,-0.033990,-0.118904,-0.273325,-0.214323,-0.224866,-0.488388,0.000104,0.016483,0.009962,0.128378,0.000079,0.028596,0.008591,0.168798,0.000000,0.000000,0.000000,0.830332,-1.364268,-3.139986,-0.163678,-0.160983,-1.174350,3.139992,0.033592,0.000000,0.000000,0.000000,0.000000,0.000000,0.000000
1778448495.362857,sequential_ik_elbow_then_wrist,1,0,-0.062453,0.059805,-0.287268,-0.206069,0.040912,-0.549980,-0.034524,-0.121796,-0.271981,-0.215232,-0.234437,-0.483303,0.000070,0.010617,0.007044,0.102865,0.000046,0.026507,0.006528,0.162743,0.000000,0.000000,0.000000,0.840870,-1.347005,-3.139990,-0.151250,-0.176415,-1.165893,3.139994,-0.015714,0.000000,0.000000,0.000000,0.000000,0.000000,0.000000
1778448495.420913,sequential_ik_elbow_then_wrist,1,0,-0.068892,0.082153,-0.280187,-0.223396,0.080855,-0.537339,-0.038103,-0.119119,-0.272688,-0.227510,-0.225087,-0.479801,0.000334,0.008010,0.016894,0.089495,0.000069,0.029653,0.008056,0.172195,0.000000,0.000000,0.000000,0.842137,-1.318565,-3.139992,-0.139281,-0.192912,-1.159952,3.139995,-0.056653,0.000000,0.000000,0.000000,0.000000,0.000000,0.000000
1778448495.476680,sequential_ik_elbow_then_wrist,1,0,-0.072512,0.089335,-0.277058,-0.230652,0.106232,-0.531432,-0.042409,-0.119366,-0.271943,-0.234997,-0.245431,-0.464343,0.000268,0.006814,0.015640,0.082543,0.000092,0.028629,0.009279,0.169196,0.000000,0.000000,0.000000,0.835571,-1.288134,-3.139994,-0.128958,-0.210969,-1.154508,3.139997,-0.091057,0.000000,0.000000,0.000000,0.000000,0.000000,0.000000
1778448495.527329,sequential_ik_elbow_then_wrist,1,0,-0.070127,0.092120,-0.276760,-0.226900,0.130103,-0.529702,-0.044205,-0.120787,-0.271029,-0.243453,-0.254105,-0.451380,0.000243,0.004972,0.015189,0.070501,0.000069,0.029701,0.008053,0.172340,0.000000,0.000000,0.000000,0.822679,-1.262496,-3.139995,-0.123940,-0.229550,-1.148772,3.139997,-0.117203,0.000000,0.000000,0.000000,0.000000,0.000000,0.000000
1778448495.606181,sequential_ik_elbow_then_wrist,1,0,-0.064755,0.102957,-0.274238,-0.223823,0.159641,-0.522198,-0.046005,-0.126944,-0.267897,-0.251365,-0.257567,-0.443297,0.000467,0.003648,0.021018,0.060346,0.000045,0.030426,0.006178,0.174432,0.000000,0.000000,0.000000,0.801485,-1.239067,-3.139997,-0.126047,-0.247408,-1.139567,3.139998,-0.137074,0.000000,0.000000,0.000000,0.000000,0.000000,0.000000
1778448495.662836,sequential_ik_elbow_then_wrist,1,0,-0.077183,0.102913,-0.271020,-0.240076,0.181538,-0.510360,-0.042599,-0.129021,-0.267468,-0.246355,-0.267938,-0.438306,0.000098,0.004068,0.009252,0.063674,0.000003,0.027912,0.001624,0.167070,0.000000,0.000000,0.000000,0.780173,-1.214579,-3.139997,-0.136530,-0.261946,-1.130792,3.139998,-0.152176,0.000000,0.000000,0.000000,0.000000,0.000000,0.000000
1778448495.738600,sequential_ik_elbow_then_wrist,1,0,-0.075564,0.095585,-0.274142,-0.251968,0.193403,-0.496207,-0.040013,-0.131377,-0.266719,-0.248916,-0.272954,-0.428939,0.000021,0.005176,0.004248,0.071879,0.000002,0.029614,0.001338,0.172089,0.000000,0.000000,0.000000,0.761578,-1.198888,-3.139998,-0.151763,-0.272180,-1.122700,3.139999,-0.163654,0.000000,0.000000,0.000000,0.000000,0.000000,0.000000
1778448495.789711,sequential_ik_elbow_then_wrist,1,0,-0.082439,0.094605,-0.272495,-0.283453,0.209758,-0.463108,-0.038044,-0.133617,-0.265893,-0.249001,-0.281558,-0.419551,0.000003,0.010851,0.001516,0.104170,0.000009,0.030894,0.002772,0.175768,0.000000,0.000000,0.000000,0.748240,-1.185125,-3.139998,-0.163340,-0.278130,-1.115133,3.139999,-0.172377,0.000000,0.000000,0.000000,0.000000,0.000000,0.000000
1778448495.852530,sequential_ik_elbow_then_wrist,0,0,-0.087793,0.098501,-0.269425,-0.321050,0.217836,-0.415542,-0.049500,-0.135677,-0.262948,-0.273365,-0.280783,-0.400165,0.000012,0.022920,0.002814,0.151393,0.000037,0.039246,0.005598,0.198105,0.000000,0.000000,0.000000,0.739435,-1.169838,-3.139999,-0.172138,-0.286399,-1.105262,3.139999,-0.179007,0.000000,0.000000,0.000000,0.000000,0.000000,0.000000
1778448495.906791,sequential_ik_elbow_then_wrist,0,0,-0.087491,0.096636,-0.270198,-0.337796,0.217502,-0.383064,-0.053956,-0.136005,-0.261900,-0.297184,-0.273633,-0.370979,0.000006,0.033847,0.002358,0.183976,0.000049,0.051322,0.006683,0.226544,0.000000,0.000000,0.000000,0.734215,-1.158208,-3.139999,-0.178825,-0.297435,-1.095518,3.139999,-0.184045,0.000000,0.000000,0.000000,0.000000,0.000000,0.000000
1778448495.956349,sequential_ik_elbow_then_wrist,0,0,-0.086683,0.100642,-0.268993,-0.357832,0.221649,-0.311835,-0.061599,-0.132396,-0.262063,-0.321028,-0.260180,-0.341858,0.000001,0.061095,0.000913,0.247174,0.000119,0.065431,0.010456,0.255796,0.000000,0.000000,0.000000,0.729832,-1.147658,-3.139999,-0.183907,-0.313368,-1.087965,3.140000,-0.187874,0.000000,0.000000,0.000000,0.000000,0.000000,0.000000
1778448496.028764,sequential_ik_elbow_then_wrist,0,0,-0.096807,0.103520,-0.264408,-0.380272,0.199972,-0.245834,-0.062397,-0.126357,-0.264840,-0.327080,-0.251317,-0.330628,0.000028,0.091974,0.004390,0.303273,0.000101,0.070359,0.009536,0.265252,0.000000,0.000000,0.000000,0.728947,-1.133100,-3.139999,-0.187769,-0.332128,-1.085731,3.140000,-0.190784,0.000000,0.000000,0.000000,0.000000,0.000000,0.000000
1778448496.080581,sequential_ik_elbow_then_wrist,0,0,-0.098458,0.087026,-0.269690,-0.377221,0.176547,-0.204289,-0.061830,-0.124408,-0.265894,-0.336518,-0.235836,-0.312047,0.000158,0.119498,0.011885,0.345685,0.000053,0.081052,0.006970,0.284697,0.000000,0.000000,0.000000,0.735882,-1.128021,-3.140000,-0.190705,-0.351136,-1.086128,3.140000,-0.192996,0.000000,0.000000,0.000000,0.000000,0.000000,0.000000
1778448496.142051,sequential_ik_elbow_then_wrist,0,0,-0.108850,0.078866,-0.268201,-0.377856,0.160537,-0.163484,-0.062841,-0.129814,-0.263058,-0.347022,-0.224654,-0.278753,0.000361,0.142943,0.018371,0.378079,0.000021,0.096636,0.004200,0.310864,0.000000,0.000000,0.000000,0.752898,-1.123971,-3.140000,-0.192936,-0.368387,-1.083120,3.140000,-0.194677,0.000000,0.000000,0.000000,0.000000,0.000000,0.000000
1778448496.203902,sequential_ik_elbow_then_wrist,0,0,-0.117064,0.068822,-0.267506,-0.382663,0.138683,-0.146772,-0.082875,-0.128220,-0.258247,-0.369924,-0.215085,-0.250660,0.000572,0.152571,0.023105,0.390603,0.000281,0.108807,0.015852,0.329859,0.000000,0.000000,0.000000,0.780653,-1.120394,-3.140000,-0.194631,-0.393057,-1.074614,3.140000,-0.195955,0.000000,0.000000,0.000000,0.000000,0.000000,0.000000
1778448496.270175,sequential_ik_elbow_then_wrist,0,0,-0.117722,0.067594,-0.267531,-0.381215,0.133363,-0.140070,-0.085564,-0.136090,-0.253295,-0.375081,-0.214591,-0.249145,0.000346,0.152817,0.017969,0.390918,0.000118,0.101180,0.009891,0.318088,0.000000,0.000000,0.000000,0.813360,-1.117053,-3.140000,-0.195920,-0.419318,-1.060506,3.140000,-0.196925,0.000000,0.000000,0.000000,0.000000,0.000000,0.000000
1778448496.325162,sequential_ik_elbow_then_wrist,0,0,-0.133718,0.067367,-0.259964,-0.392197,0.121622,-0.117680,-0.101781,-0.135498,-0.247550,-0.392209,-0.207828,-0.227064,0.000445,0.156488,0.019890,0.395585,0.000273,0.104849,0.015295,0.323804,0.000000,0.000000,0.000000,0.851845,-1.104643,-3.140000,-0.196899,-0.452090,-1.041884,3.140000,-0.197663,0.000000,0.000000,0.000000,0.000000,0.000000,0.000000
1778448496.390428,sequential_ik_elbow_then_wrist,0,0,-0.137521,0.071285,-0.256917,-0.383131,0.126008,-0.093574,-0.106225,-0.136283,-0.245241,-0.395420,-0.207329,-0.208924,0.000182,0.161214,0.012631,0.401515,0.000148,0.104337,0.011278,0.323012,0.000000,0.000000,0.000000,0.890440,-1.088699,-3.140000,-0.197643,-0.487019,-1.023203,3.140000,-0.198224,0.000000,0.000000,0.000000,0.000000,0.000000,0.000000
1778448496.444603,sequential_ik_elbow_then_wrist,0,0,-0.140606,0.073870,-0.254506,-0.383408,0.127153,-0.086553,-0.110230,-0.137233,-0.242933,-0.397265,-0.208546,-0.192676,0.000073,0.158994,0.007937,0.398741,0.000083,0.104658,0.008385,0.323509,0.000000,0.000000,0.000000,0.925927,-1.072027,-3.140000,-0.198209,-0.521273,-1.005397,3.140000,-0.198650,0.000000,0.000000,0.000000,0.000000,0.000000,0.000000
1778448496.505473,sequential_ik_elbow_then_wrist,0,0,-0.141729,0.079232,-0.252260,-0.379158,0.134971,-0.077557,-0.108701,-0.138096,-0.243133,-0.396040,-0.207348,-0.191753,0.000011,0.050730,0.002750,0.186855,0.000017,0.102022,0.003865,0.319409,0.000000,0.000000,0.000000,0.954854,-1.055603,-2.386400,0.103180,-0.550947,-0.991137,3.140000,-0.198974,0.000000,0.000000,0.000000,0.000000,0.000000,0.000000
1778448496.567730,sequential_ik_elbow_then_wrist,0,0,-0.142441,0.082809,-0.250706,-0.370592,0.141112,-0.064835,-0.113953,-0.138283,-0.240609,-0.399853,-0.198003,-0.172093,0.000002,0.008246,0.001003,0.077409,0.000027,0.110336,0.004738,0.332169,0.000000,0.000000,0.000000,0.976639,-1.040490,-1.813664,0.446178,-0.577950,-0.977513,3.140000,-0.199220,0.000000,0.000000,0.000000,0.000000,0.000000,0.000000
1778448496.635455,sequential_ik_elbow_then_wrist,0,0,-0.144464,0.086954,-0.248132,-0.366426,0.135881,-0.052328,-0.111944,-0.139257,-0.240990,-0.396862,-0.195385,-0.165682,0.000007,0.005104,0.002161,0.070067,0.000002,0.112422,0.001418,0.335293,0.000000,0.000000,0.000000,0.991674,-1.025550,-1.378385,0.740291,-0.599846,-0.966876,3.140000,-0.199408,0.000000,0.000000,0.000000,0.000000,0.000000,0.000000
1778448496.698237,sequential_ik_elbow_then_wrist,0,0,-0.149772,0.090079,-0.243832,-0.370085,0.126660,-0.043522,-0.120915,-0.137392,-0.237704,-0.403620,-0.188963,-0.151574,0.000010,0.006496,0.002269,0.080507,0.000039,0.117244,0.005616,0.342409,0.000000,0.000000,0.000000,1.002143,-1.008768,-1.047572,0.972865,-0.621921,-0.955420,3.140000,-0.199550,0.000000,0.000000,0.000000,0.000000,0.000000,0.000000
1778448496.763071,sequential_ik_elbow_then_wrist,0,0,-0.158979,0.088655,-0.238466,-0.381115,0.111310,-0.038110,-0.120943,-0.135403,-0.238828,-0.403911,-0.174580,-0.147208,0.000024,0.009045,0.003781,0.095103,0.000017,0.121386,0.003852,0.348405,0.000000,0.000000,0.000000,1.012827,-0.989218,-0.796155,1.148542,-0.642542,-0.947054,3.140000,-0.199658,0.000000,0.000000,0.000000,0.000000,0.000000,0.000000
1778448496.803901,sequential_ik_elbow_then_wrist,0,0,-0.157374,0.088843,-0.239458,-0.381187,0.104701,-0.040319,-0.119048,-0.133793,-0.240680,-0.401643,-0.170731,-0.147002,0.000001,0.009952,0.001078,0.099759,0.000006,0.122481,0.002119,0.349973,0.000000,0.000000,0.000000,1.021992,-0.973803,-0.605078,1.281692,-0.660177,-0.942652,3.140000,-0.199740,0.000000,0.000000,0.000000,0.000000,0.000000,0.000000
1778448496.871193,sequential_ik_elbow_then_wrist,0,0,-0.156836,0.091148,-0.238944,-0.382319,0.109267,-0.041893,-0.127740,-0.126728,-0.240047,-0.412654,-0.158311,-0.151580,0.000001,0.009500,0.000733,0.097461,0.000067,0.121291,0.007604,0.348268,0.000000,0.000000,0.000000,1.028270,-0.961435,-0.459859,1.380311,-0.681041,-0.939213,3.140000,-0.199802,0.000000,0.000000,0.000000,0.000000,0.000000,0.000000
1778448496.946654,sequential_ik_elbow_then_wrist,0,0,-0.157638,0.091435,-0.238306,-0.383759,0.109328,-0.041967,-0.128027,-0.121661,-0.242503,-0.413920,-0.156467,-0.158518,0.000000,0.009730,0.000427,0.098639,0.000052,0.116461,0.006644,0.341264,0.000000,0.000000,0.000000,1.032735,-0.951234,-0.349493,1.453561,-0.703254,-0.939099,3.140000,-0.199850,0.000000,0.000000,0.000000,0.000000,0.000000,0.000000
1778448496.996253,sequential_ik_elbow_then_wrist,0,0,-0.157891,0.090999,-0.238305,-0.384421,0.108897,-0.042439,-0.120558,-0.117001,-0.248549,-0.403762,-0.157485,-0.158237,0.000000,0.009840,0.000131,0.099196,0.000024,0.119015,0.003767,0.344986,0.000000,0.000000,0.000000,1.036240,-0.943298,-0.265615,1.508301,-0.722646,-0.946003,3.140000,-0.199886,0.000000,0.000000,0.000000,0.000000,0.000000,0.000000
1778448497.058758,sequential_ik_elbow_then_wrist,0,0,-0.160327,0.088769,-0.237519,-0.389691,0.100032,-0.044477,-0.109796,-0.112450,-0.255539,-0.385298,-0.161988,-0.147630,0.000004,0.011385,0.001868,0.106696,0.000030,0.130161,0.003697,0.360779,0.000000,0.000000,0.000000,1.040762,-0.936435,-0.201867,1.547747,-0.736479,-0.960791,3.140000,-0.199913,0.000000,0.000000,0.000000,0.000000,0.000000,0.000000
1778448497.112060,sequential_ik_elbow_then_wrist,0,0,-0.160078,0.089475,-0.237422,-0.389660,0.102858,-0.044774,-0.107960,-0.112266,-0.256400,-0.385705,-0.160105,-0.153594,0.000000,0.010639,0.000633,0.103141,0.000006,0.130779,0.001894,0.361634,0.000000,0.000000,0.000000,1.044830,-0.930925,-0.153419,1.576140,-0.745801,-0.975235,3.140000,-0.199934,0.000000,0.000000,0.000000,0.000000,0.000000,0.000000
1778448497.167107,sequential_ik_elbow_then_wrist,0,0,-0.159912,0.089830,-0.237400,-0.390090,0.104576,-0.045566,-0.109687,-0.112022,-0.255773,-0.388763,-0.156897,-0.155260,0.000000,0.010326,0.000135,0.101613,0.000000,0.131174,0.000047,0.362180,0.000000,0.000000,0.000000,1.048054,-0.926647,-0.116598,1.596342,-0.752848,-0.986198,3.140000,-0.199950,0.000000,0.000000,0.000000,0.000000,0.000000,0.000000
1778448497.231227,sequential_ik_elbow_then_wrist,0,0,-0.160058,0.089876,-0.237284,-0.389460,0.105270,-0.044573,-0.106295,-0.112831,-0.256847,-0.387272,-0.157519,-0.161690,0.000000,0.010100,0.000105,0.100498,0.000005,0.128699,0.002061,0.358746,0.000000,0.000000,0.000000,1.050597,-0.923257,-0.088615,1.611809,-0.756611,-0.995811,3.140000,-0.199962,0.000000,0.000000,0.000000,0.000000,0.000000,0.000000
1778448497.288088,sequential_ik_elbow_then_wrist,0,0,-0.160734,0.089507,-0.236967,-0.390534,0.105180,-0.044753,-0.107832,-0.112966,-0.256147,-0.389227,-0.156522,-0.161703,0.000000,0.010075,0.000438,0.100372,0.000001,0.129134,0.000688,0.359352,0.000000,0.000000,0.000000,1.052955,-0.920331,-0.067347,1.622799,-0.758950,-1.002569,3.140000,-0.199971,0.000000,0.000000,0.000000,0.000000,0.000000,0.000000
1778448497.340820,sequential_ik_elbow_then_wrist,0,0,-0.162416,0.087832,-0.236446,-0.392449,0.103508,-0.044510,-0.108457,-0.114538,-0.255183,-0.391502,-0.156422,-0.165010,0.000003,0.010030,0.001530,0.100151,0.000001,0.126790,0.000970,0.356075,0.000000,0.000000,0.000000,1.056293,-0.917507,-0.051184,1.630016,-0.760046,-1.006443,3.140000,-0.199978,0.000000,0.000000,0.000000,0.000000,0.000000,0.000000
1778448497.416933,sequential_ik_elbow_then_wrist,0,0,-0.163166,0.086900,-0.236274,-0.393735,0.102788,-0.045000,-0.110214,-0.114851,-0.254287,-0.394868,-0.154450,-0.168241,0.000003,0.009768,0.001509,0.098832,0.000001,0.124776,0.000513,0.353236,0.000000,0.000000,0.000000,1.060372,-0.915052,-0.038900,1.634167,-0.760987,-1.008051,3.140000,-0.199983,0.000000,0.000000,0.000000,0.000000,0.000000,0.000000
1778448497.495896,sequential_ik_elbow_then_wrist,0,0,-0.163599,0.087241,-0.235848,-0.392169,0.104768,-0.042332,-0.117070,-0.113123,-0.251988,-0.402003,-0.150239,-0.165759,0.000001,0.009004,0.000808,0.094889,0.000021,0.124483,0.004161,0.352821,0.000000,0.000000,0.000000,1.064280,-0.912687,-0.029564,1.637960,-0.765043,-1.006360,3.140000,-0.199987,0.000000,0.000000,0.000000,0.000000,0.000000,0.000000
1778448497.541151,sequential_ik_elbow_then_wrist,0,0,-0.163427,0.086857,-0.236109,-0.392317,0.105731,-0.043100,-0.119667,-0.113121,-0.250766,-0.406042,-0.147272,-0.168163,0.000000,0.008669,0.000584,0.093105,0.000017,0.121039,0.003784,0.347906,0.000000,0.000000,0.000000,1.067848,-0.911035,-0.022469,1.640383,-0.771277,-1.003021,3.140000,-0.199990,0.000000,0.000000,0.000000,0.000000,0.000000,0.000000
1778448497.602547,sequential_ik_elbow_then_wrist,0,0,-0.158171,0.089048,-0.238857,-0.388592,0.112555,-0.048191,-0.119837,-0.114995,-0.249831,-0.406980,-0.149536,-0.170107,0.000008,0.007936,0.002409,0.089084,0.000003,0.117345,0.001661,0.342557,0.000000,0.000000,0.000000,1.068367,-0.912596,-0.017076,1.642034,-0.777362,-0.998942,3.140000,-0.199993,0.000000,0.000000,0.000000,0.000000,0.000000,0.000000
1778448497.654669,sequential_ik_elbow_then_wrist,0,0,-0.155333,0.088926,-0.240757,-0.391114,0.110857,-0.056565,-0.117401,-0.115931,-0.250553,-0.406352,-0.153130,-0.178976,0.000007,0.009068,0.002195,0.095222,0.000000,0.111937,0.000537,0.334570,0.000000,0.000000,0.000000,1.066812,-0.916377,-0.012978,1.640754,-0.781545,-0.996293,3.140000,-0.199994,0.000000,0.000000,0.000000,0.000000,0.000000,0.000000
1778448497.717358,sequential_ik_elbow_then_wrist,0,0,-0.154441,0.090888,-0.240598,-0.390158,0.113630,-0.056423,-0.117068,-0.116758,-0.250325,-0.406064,-0.153637,-0.178763,0.000007,0.009235,0.002387,0.096100,0.000001,0.112118,0.000838,0.334840,0.000000,0.000000,0.000000,1.063298,-0.919683,-0.009863,1.639704,-0.784002,-0.994127,3.140000,-0.199996,0.000000,0.000000,0.000000,0.000000,0.000000,0.000000
1778448497.782460,sequential_ik_elbow_then_wrist,0,0,-0.155018,0.093963,-0.239040,-0.390219,0.118429,-0.054427,-0.124211,-0.116156,-0.247143,-0.412481,-0.152453,-0.172426,0.000009,0.009281,0.002787,0.096339,0.000013,0.112900,0.003124,0.336007,0.000000,0.000000,0.000000,1.057931,-0.920699,-0.007496,1.638221,-0.788379,-0.988950,3.140000,-0.199997,0.000000,0.000000,0.000000,0.000000,0.000000,0.000000
1778448497.840601,sequential_ik_elbow_then_wrist,0,0,-0.162313,0.095499,-0.233526,-0.391910,0.118365,-0.041791,-0.136056,-0.119138,-0.239363,-0.419935,-0.148422,-0.146868,0.000011,0.009462,0.002191,0.097271,0.000057,0.118834,0.006192,0.344724,0.000000,0.000000,0.000000,1.053641,-0.915591,-0.005697,1.638252,-0.796647,-0.976043,3.140000,-0.199998,0.000000,0.000000,0.000000,0.000000,0.000000,0.000000
1778448497.894477,sequential_ik_elbow_then_wrist,0,0,-0.179309,0.094369,-0.221230,-0.404113,0.110413,-0.023226,-0.146126,-0.128640,-0.228252,-0.425581,-0.146877,-0.120675,0.000080,0.010151,0.006806,0.100739,0.000062,0.121115,0.005570,0.348016,0.000000,0.000000,0.000000,1.055810,-0.898771,-0.004330,1.633990,-0.805823,-0.953189,3.140000,-0.199998,0.000000,0.000000,0.000000,0.000000,0.000000,0.000000
1778448497.951562,sequential_ik_elbow_then_wrist,0,0,-0.191341,0.100144,-0.208230,-0.407803,0.107120,-0.000636,-0.150855,-0.139781,-0.218413,-0.422877,-0.150036,-0.092323,0.000074,0.009950,0.005988,0.099741,0.000047,0.125288,0.004639,0.353960,0.000000,0.000000,0.000000,1.060773,-0.871503,-0.003291,1.627783,-0.811428,-0.923727,3.140000,-0.199999,0.000000,0.000000,0.000000,0.000000,0.000000,0.000000
1778448498.033163,sequential_ik_elbow_then_wrist,0,0,-0.197083,0.118005,-0.192959,-0.392343,0.119223,0.034795,-0.158728,-0.158707,-0.199041,-0.410046,-0.158209,-0.035214,0.000106,0.008507,0.007406,0.092186,0.000142,0.070503,0.008439,0.242846,0.000000,0.000000,0.000000,1.058296,-0.834809,-0.002501,1.630184,-0.809856,-0.881944,2.386400,0.057693,0.000000,0.000000,0.000000,0.000000,0.000000,0.000000
1778448498.064900,sequential_ik_elbow_then_wrist,0,0,-0.205491,0.130801,-0.175113,-0.389242,0.122987,0.061898,-0.174187,-0.172676,-0.172748,-0.414583,-0.164799,0.006550,0.000124,0.009785,0.007861,0.098918,0.000200,0.035922,0.009456,0.184628,0.000000,0.000000,0.000000,1.049514,-0.789315,-0.001901,1.632876,-0.806418,-0.825027,1.813664,0.356339,0.000000,0.000000,0.000000,0.000000,0.000000,0.000000
1778448498.136195,sequential_ik_elbow_then_wrist,0,0,-0.207530,0.143951,-0.161892,-0.372711,0.127894,0.088023,-0.182995,-0.183578,-0.151036,-0.417205,-0.159201,0.034844,0.000100,0.010136,0.007282,0.100631,0.000148,0.036098,0.008118,0.189684,0.000000,0.000000,0.000000,1.033926,-0.740859,-0.001444,1.642137,-0.801943,-0.760085,1.378385,0.609346,0.000000,0.000000,0.000000,0.000000,0.000000,0.000000
1778448498.193970,sequential_ik_elbow_then_wrist,0,0,-0.188706,0.165836,-0.163978,-0.335001,0.137571,0.096404,-0.184808,-0.189077,-0.141759,-0.416005,-0.144675,0.044188,0.000217,0.010947,0.011839,0.104201,0.000044,0.042609,0.004431,0.206383,0.000000,0.000000,0.000000,1.001028,-0.702570,-0.001098,1.671815,-0.796284,-0.699206,1.047572,0.810934,0.000000,0.000000,0.000000,0.000000,0.000000,0.000000
1778448498.265648,sequential_ik_elbow_then_wrist,0,0,-0.187176,0.165834,-0.165723,-0.347834,0.128312,0.084838,-0.186584,-0.189411,-0.138959,-0.417758,-0.126904,0.041738,0.000031,0.017475,0.004480,0.132186,0.000007,0.050312,0.001704,0.224293,0.000000,0.000000,0.000000,0.968061,-0.674231,-0.000834,1.697538,-0.791902,-0.648344,0.796155,0.969289,0.000000,0.000000,0.000000,0.000000,0.000000,0.000000
1778448498.308715,sequential_ik_elbow_then_wrist,0,0,-0.188714,0.161842,-0.167912,-0.352686,0.114704,0.078849,-0.186927,-0.190454,-0.137060,-0.412169,-0.109758,0.043921,0.000001,0.021599,0.000673,0.146959,0.000002,0.055673,0.000894,0.235905,0.000000,0.000000,0.000000,0.942733,-0.654459,-0.000634,1.720737,-0.788244,-0.607318,0.605078,1.100844,0.000000,0.000000,0.000000,0.000000,0.000000,0.000000
1778448498.384238,sequential_ik_elbow_then_wrist,0,0,-0.186299,0.164586,-0.167941,-0.343991,0.107063,0.080704,-0.188721,-0.188994,-0.136623,-0.413769,-0.100163,0.040754,0.000003,0.022766,0.001360,0.150830,0.000001,0.059338,0.000725,0.243585,0.000000,0.000000,0.000000,0.921109,-0.639861,-0.000482,1.748182,-0.786800,-0.575292,0.459859,1.205900,0.000000,0.000000,0.000000,0.000000,0.000000,0.000000
1778448498.441395,sequential_ik_elbow_then_wrist,0,0,-0.184328,0.168759,-0.165962,-0.339621,0.102739,0.082081,-0.189324,-0.186589,-0.139072,-0.414536,-0.096030,0.037220,0.000007,0.024523,0.002101,0.156568,0.000002,0.060018,0.001020,0.244985,0.000000,0.000000,0.000000,0.901071,-0.627400,-0.000366,1.776646,-0.787439,-0.552462,0.349493,1.287765,0.000000,0.000000,0.000000,0.000000,0.000000,0.000000
1778448498.513252,sequential_ik_elbow_then_wrist,0,0,-0.178045,0.171401,-0.170064,-0.327717,0.102145,0.080539,-0.188457,-0.186016,-0.141004,-0.414758,-0.095356,0.033835,0.000015,0.024396,0.003099,0.156125,0.000001,0.060191,0.000659,0.245338,0.000000,0.000000,0.000000,0.880719,-0.620677,-0.000278,1.809396,-0.788331,-0.536802,0.265615,1.350526,0.000000,0.000000,0.000000,0.000000,0.000000,0.000000
1778448498.565075,sequential_ik_elbow_then_wrist,0,0,-0.176645,0.170282,-0.172628,-0.324874,0.098819,0.078213,-0.186195,-0.187264,-0.142350,-0.415099,-0.099766,0.030702,0.000004,0.025301,0.001459,0.159035,0.000001,0.059877,0.000864,0.244697,0.000000,0.000000,0.000000,0.863333,-0.618113,-0.000212,1.841692,-0.787586,-0.526231,0.201867,1.396760,0.000000,0.000000,0.000000,0.000000,0.000000,0.000000
1778448498.618550,sequential_ik_elbow_then_wrist,0,0,-0.176052,0.170369,-0.173148,-0.326420,0.097510,0.076013,-0.184451,-0.188445,-0.143061,-0.414366,-0.103464,0.029907,0.000001,0.026390,0.000681,0.162448,0.000001,0.059545,0.000919,0.244017,0.000000,0.000000,0.000000,0.849132,-0.617137,-0.000161,1.868605,-0.785283,-0.519000,0.153419,1.431268,0.000000,0.000000,0.000000,0.000000,0.000000,0.000000
1778448498.677007,sequential_ik_elbow_then_wrist,0,0,-0.175978,0.170257,-0.173333,-0.329882,0.096857,0.073499,-0.184640,-0.188153,-0.143202,-0.413975,-0.103382,0.030635,0.000000,0.027578,0.000241,0.166066,0.000000,0.059538,0.000197,0.244005,0.000000,0.000000,0.000000,0.837997,-0.616757,-0.000122,1.888262,-0.783201,-0.513787,0.116598,1.458162,0.000000,0.000000,0.000000,0.000000,0.000000,0.000000
1778448498.742518,sequential_ik_elbow_then_wrist,0,0,-0.174191,0.171144,-0.174262,-0.325945,0.098084,0.073998,-0.184257,-0.188312,-0.143486,-0.412676,-0.104887,0.032199,0.000001,0.026880,0.000816,0.163950,0.000000,0.058573,0.000199,0.242019,0.000000,0.000000,0.000000,0.828241,-0.617255,-0.000093,1.905250,-0.781274,-0.510088,0.088615,1.479719,0.000000,0.000000,0.000000,0.000000,0.000000,0.000000
1778448498.803267,sequential_ik_elbow_then_wrist,0,0,-0.174188,0.171548,-0.173867,-0.326261,0.099020,0.074353,-0.184631,-0.188251,-0.143083,-0.411071,-0.106577,0.035955,0.000000,0.026970,0.000389,0.164226,0.000000,0.056900,0.000093,0.238536,0.000000,0.000000,0.000000,0.820170,-0.617515,-0.000071,1.918438,-0.779894,-0.507055,0.067347,1.497660,0.000000,0.000000,0.000000,0.000000,0.000000,0.000000
1778448498.869372,sequential_ik_elbow_then_wrist,0,0,-0.172632,0.171916,-0.175052,-0.324851,0.101239,0.073613,-0.184983,-0.189009,-0.141622,-0.410290,-0.108631,0.039420,0.000001,0.026567,0.000717,0.162995,0.000000,0.055739,0.000405,0.236091,0.000000,0.000000,0.000000,0.812954,-0.618583,-0.000054,1.928873,-0.778699,-0.503674,0.051184,1.511888,0.000000,0.000000,0.000000,0.000000,0.000000,0.000000
1778448498.921038,sequential_ik_elbow_then_wrist,0,0,-0.175449,0.168218,-0.175841,-0.330898,0.106027,0.073092,-0.184772,-0.191088,-0.139085,-0.409816,-0.114969,0.044111,0.000003,0.025616,0.001498,0.160031,0.000002,0.053799,0.000911,0.231944,0.000000,0.000000,0.000000,0.809939,-0.620198,-0.000041,1.931049,-0.776743,-0.499089,0.038900,1.521111,0.000000,0.000000,0.000000,0.000000,0.000000,0.000000
1778448498.980116,sequential_ik_elbow_then_wrist,0,0,-0.180103,0.162822,-0.176215,-0.348761,0.118788,0.067947,-0.178155,-0.196841,-0.139694,-0.410277,-0.148463,0.044097,0.000015,0.024176,0.003190,0.155293,0.000014,0.046526,0.002867,0.215630,0.000000,0.000000,0.000000,0.812984,-0.621907,-0.000031,1.914106,-0.769462,-0.495578,0.029564,1.514951,0.000000,0.000000,0.000000,0.000000,0.000000,0.000000
1778448499.055977,sequential_ik_elbow_then_wrist,0,0,-0.180446,0.163723,-0.175026,-0.365389,0.146298,0.060543,-0.169011,-0.195016,-0.152984,-0.424986,-0.165615,0.000680,0.000002,0.020599,0.001063,0.143078,0.000039,0.051947,0.004398,0.227644,0.000000,0.000000,0.000000,0.817011,-0.622396,-0.000024,1.874176,-0.758682,-0.502297,0.022469,1.483454,0.000000,0.000000,0.000000,0.000000,0.000000,0.000000
1778448499.097025,sequential_ik_elbow_then_wrist,0,0,-0.193623,0.152721,-0.170841,-0.403613,0.173572,0.042395,-0.153066,-0.193263,-0.170938,-0.425318,-0.200621,-0.045141,0.000068,0.016822,0.006672,0.128310,0.000108,0.048237,0.007380,0.219260,0.000000,0.000000,0.000000,0.831264,-0.619492,-0.000018,1.798404,-0.741973,-0.522740,0.017076,1.428976,0.000000,0.000000,0.000000,0.000000,0.000000,0.000000
1778448499.161494,sequential_ik_elbow_then_wrist,0,0,-0.197977,0.159511,-0.159252,-0.428077,0.199229,0.029101,-0.149650,-0.192597,-0.174674,-0.431856,-0.223828,-0.077799,0.000031,0.014436,0.003761,0.118809,0.000022,0.046466,0.003439,0.215154,0.000000,0.000000,0.000000,0.844642,-0.607904,-0.000014,1.697883,-0.724926,-0.544583,0.012978,1.355841,0.000000,0.000000,0.000000,0.000000,0.000000,0.000000
1778448499.229968,sequential_ik_elbow_then_wrist,0,0,-0.201465,0.160933,-0.153337,-0.456225,0.215461,-0.004595,-0.151706,-0.188760,-0.177074,-0.441567,-0.238352,-0.117737,0.000014,0.015138,0.002527,0.121445,0.000004,0.044392,0.001325,0.210074,0.000000,0.000000,0.000000,0.856375,-0.592673,-0.000010,1.574144,-0.712883,-0.564444,0.009863,1.261494,0.000000,0.000000,0.000000,0.000000,0.000000,0.000000
1778448499.289010,sequential_ik_elbow_then_wrist,0,0,-0.193008,0.165440,-0.159303,-0.459773,0.244819,-0.047341,-0.148494,-0.186758,-0.181855,-0.436997,-0.261289,-0.147053,0.000014,0.012638,0.002888,0.111253,0.000006,0.078191,0.001664,0.257857,0.000000,0.000000,0.000000,0.860303,-0.583950,-0.000008,1.441355,-0.703286,-0.583964,0.761096,0.930176,0.000000,0.000000,0.000000,0.000000,0.000000,0.000000
1778448499.345563,sequential_ik_elbow_then_wrist,0,0,-0.196435,0.165699,-0.154782,-0.477610,0.246788,-0.088716,-0.147921,-0.182720,-0.186367,-0.434123,-0.271892,-0.174677,0.000002,0.015274,0.001003,0.122375,0.000007,0.049634,0.001824,0.222640,0.000000,0.000000,0.000000,0.862861,-0.574688,-0.000006,1.298968,-0.697109,-0.603340,1.332033,0.658934,0.000000,0.000000,0.000000,0.000000,0.000000,0.000000
1778448499.421979,sequential_ik_elbow_then_wrist,0,0,-0.199858,0.164604,-0.151534,-0.481755,0.254225,-0.101513,-0.148291,-0.181709,-0.187061,-0.430851,-0.282498,-0.186096,0.000004,0.013139,0.001427,0.114198,0.000001,0.043353,0.000870,0.208213,0.000000,0.000000,0.000000,0.866558,-0.564717,-0.000005,1.166972,-0.693421,-0.619651,1.765945,0.452790,0.000000,0.000000,0.000000,0.000000,0.000000,0.000000
1778448499.475767,sequential_ik_elbow_then_wrist,0,0,-0.201423,0.164166,-0.149928,-0.485897,0.252706,-0.114788,-0.153962,-0.180012,-0.184096,-0.438224,-0.275746,-0.178582,0.000002,0.013228,0.000997,0.114790,0.000009,0.045019,0.002497,0.212178,0.000000,0.000000,0.000000,0.870776,-0.555323,-0.000003,1.049508,-0.694395,-0.630091,2.095718,0.296120,0.000000,0.000000,0.000000,0.000000,0.000000,0.000000
1778448499.530621,sequential_ik_elbow_then_wrist,0,0,-0.202388,0.161135,-0.151904,-0.488088,0.246190,-0.118122,-0.156375,-0.180371,-0.181696,-0.440082,-0.277236,-0.170407,0.000003,0.037817,0.001259,0.173542,0.000005,0.044472,0.001768,0.210885,0.000000,0.000000,0.000000,0.876287,-0.549179,-0.753603,0.749626,-0.697612,-0.635703,2.346346,0.177051,0.000000,0.000000,0.000000,0.000000,0.000000,0.000000
1778448499.587645,sequential_ik_elbow_then_wrist,0,0,-0.200234,0.160227,-0.155672,-0.483133,0.253272,-0.119462,-0.155328,-0.181825,-0.181143,-0.439481,-0.276787,-0.165675,0.000003,0.029418,0.001104,0.171518,0.000000,0.045329,0.000365,0.212906,0.000000,0.000000,0.000000,0.880828,-0.547442,-1.326338,0.521716,-0.699933,-0.639006,2.536823,0.086559,0.000000,0.000000,0.000000,0.000000,0.000000,0.000000
1778448499.642329,sequential_ik_elbow_then_wrist,0,0,-0.199817,0.159258,-0.157194,-0.482130,0.251913,-0.115785,-0.159351,-0.176054,-0.183336,-0.441966,-0.275908,-0.170770,0.000001,0.031446,0.000696,0.177330,0.000010,0.042775,0.002656,0.206820,0.000000,0.000000,0.000000,0.884706,-0.547895,-1.761617,0.348504,-0.705875,-0.643010,2.681585,0.017785,0.000000,0.000000,0.000000,0.000000,0.000000,0.000000
1778448499.705237,sequential_ik_elbow_then_wrist,0,0,-0.195466,0.159171,-0.162659,-0.476260,0.257725,-0.124690,-0.153810,-0.176999,-0.187120,-0.439144,-0.269291,-0.178967,0.000007,0.030704,0.001826,0.175225,0.000004,0.043995,0.001493,0.209750,0.000000,0.000000,0.000000,0.886138,-0.552631,-2.092429,0.216863,-0.709041,-0.649353,2.791605,-0.034484,0.000000,0.000000,0.000000,0.000000,0.000000,0.000000
1778448499.760727,sequential_ik_elbow_then_wrist,0,0,-0.197978,0.159065,-0.159697,-0.477592,0.257363,-0.113293,-0.157765,-0.176369,-0.184402,-0.443986,-0.265337,-0.171660,0.000001,0.033320,0.000516,0.182538,0.000002,0.046226,0.001115,0.215003,0.000000,0.000000,0.000000,0.887746,-0.555067,-2.343846,0.116816,-0.713013,-0.652793,2.875220,-0.074207,0.000000,0.000000,0.000000,0.000000,0.000000,0.000000
1778448499.830504,sequential_ik_elbow_then_wrist,0,0,-0.204892,0.159287,-0.150489,-0.483232,0.256891,-0.095713,-0.160882,-0.175885,-0.182158,-0.448033,-0.260103,-0.160912,0.000018,0.033532,0.002950,0.183117,0.000004,0.048805,0.001602,0.220918,0.000000,0.000000,0.000000,0.891730,-0.550018,-2.534923,0.040780,-0.718285,-0.653345,2.938767,-0.104398,0.000000,0.000000,0.000000,0.000000,0.000000,0.000000
1778448499.889843,sequential_ik_elbow_then_wrist,0,0,-0.209046,0.161261,-0.142458,-0.486172,0.256832,-0.078680,-0.164114,-0.176979,-0.178171,-0.450644,-0.258107,-0.141852,0.000017,0.033437,0.002805,0.182858,0.000006,0.052374,0.001757,0.228855,0.000000,0.000000,0.000000,0.896298,-0.538922,-2.680141,-0.017007,-0.724190,-0.650215,2.987063,-0.127342,0.000000,0.000000,0.000000,0.000000,0.000000,0.000000
1778448499.952065,sequential_ik_elbow_then_wrist,0,0,-0.220070,0.164363,-0.120640,-0.488510,0.260287,-0.027159,-0.173334,-0.177226,-0.168956,-0.455874,-0.252662,-0.102018,0.000090,0.018440,0.006356,0.114584,0.000031,0.060074,0.004040,0.245100,0.000000,0.000000,0.000000,0.902916,-0.513848,-2.036907,0.113967,-0.733489,-0.640064,3.023768,-0.144780,0.000000,0.000000,0.000000,0.000000,0.000000,0.000000
1778448500.019234,sequential_ik_elbow_then_wrist,0,0,-0.229283,0.161335,-0.106773,-0.479629,0.251353,0.031877,-0.172435,-0.186616,-0.159501,-0.448828,-0.251603,-0.062635,0.000066,0.007090,0.005514,0.079564,0.000027,0.069572,0.003578,0.263766,0.000000,0.000000,0.000000,0.913804,-0.481742,-1.548050,0.279651,-0.737880,-0.623590,3.051664,-0.158033,0.000000,0.000000,0.000000,0.000000,0.000000,0.000000
1778448500.081352,sequential_ik_elbow_then_wrist,0,0,-0.222656,0.182575,-0.084204,-0.442735,0.261682,0.103698,-0.174934,-0.202116,-0.136189,-0.438099,-0.265921,-0.007065,0.000143,0.005400,0.008154,0.071542,0.000124,0.042776,0.007607,0.188287,0.000000,0.000000,0.000000,0.910655,-0.439683,-1.176518,0.445842,-0.734898,-0.592541,2.319264,0.037284,0.000000,0.000000,0.000000,0.000000,0.000000,0.000000
1778448500.137987,sequential_ik_elbow_then_wrist,1,0,-0.219277,0.198051,-0.051899,-0.424893,0.258157,0.158123,-0.183850,-0.205669,-0.117895,-0.447380,-0.254060,0.017052,0.000233,0.007414,0.010235,0.085924,0.000087,0.030446,0.006213,0.172642,0.000000,0.000000,0.000000,0.896546,-0.383198,-0.894153,0.585627,-0.733311,-0.552225,1.762641,0.246475,0.000000,0.000000,0.000000,0.000000,0.000000,0.000000
1778448500.187127,sequential_ik_elbow_then_wrist,0,0,-0.222748,0.200102,-0.018507,-0.418871,0.232372,0.206202,-0.196262,-0.206794,-0.093367,-0.457888,-0.231178,0.051399,0.000219,0.011291,0.009842,0.106252,0.000135,0.033892,0.007796,0.183999,0.000000,0.000000,0.000000,0.883434,-0.313887,-0.679557,0.694371,-0.737553,-0.501592,1.339607,0.420027,0.000000,0.000000,0.000000,0.000000,0.000000,0.000000
1778448500.262832,sequential_ik_elbow_then_wrist,0,0,-0.220307,0.203559,0.005349,-0.402960,0.219089,0.242828,-0.202562,-0.207930,-0.075722,-0.454402,-0.208869,0.087298,0.000137,0.012508,0.007798,0.111838,0.000084,0.036346,0.006119,0.190586,0.000000,0.000000,0.000000,0.870319,-0.240443,-0.516463,0.778040,-0.744600,-0.447182,1.018101,0.563306,0.000000,0.000000,0.000000,0.000000,0.000000,0.000000
1778448500.304326,sequential_ik_elbow_then_wrist,0,0,-0.220719,0.201344,0.027275,-0.384801,0.198414,0.278409,-0.213062,-0.205102,-0.050374,-0.454853,-0.182926,0.125823,0.000104,0.013034,0.006796,0.114145,0.000135,0.038593,0.007772,0.196436,0.000000,0.000000,0.000000,0.860811,-0.166321,-0.392512,0.846772,-0.756790,-0.386190,0.773757,0.678003,0.000000,0.000000,0.000000,0.000000,0.000000,0.000000
1778448500.370433,sequential_ik_elbow_then_wrist,0,0,-0.225133,0.192158,0.048890,-0.388067,0.175327,0.300225,-0.220552,-0.200727,-0.032647,-0.454765,-0.169522,0.152206,0.000109,0.015228,0.006948,0.123359,0.000090,0.037297,0.006326,0.193122,0.000000,0.000000,0.000000,0.859744,-0.092351,-0.298309,0.891346,-0.772860,-0.324293,0.588055,0.762937,0.000000,0.000000,0.000000,0.000000,0.000000,0.000000
1778448500.428487,sequential_ik_elbow_then_wrist,0,0,-0.224883,0.188148,0.063468,-0.385966,0.162125,0.315213,-0.224797,-0.196676,-0.028015,-0.456421,-0.158557,0.158793,0.000058,0.016173,0.005052,0.127121,0.000021,0.037472,0.003089,0.193569,0.000000,0.000000,0.000000,0.862164,-0.022940,-0.226715,0.916544,-0.790283,-0.270818,0.446922,0.823379,0.000000,0.000000,0.000000,0.000000,0.000000,0.000000
1778448500.491943,sequential_ik_elbow_then_wrist,0,0,-0.225896,0.186045,0.066017,-0.387076,0.153361,0.316922,-0.227024,-0.193987,-0.028795,-0.459233,-0.152813,0.156633,0.000008,0.017356,0.001918,0.131724,0.000004,0.037699,0.001315,0.194155,0.000000,0.000000,0.000000,0.866184,0.034443,-0.172303,0.930588,-0.806891,-0.229188,0.339661,0.865492,0.000000,0.000000,0.000000,0.000000,0.000000,0.000000
1778448500.561807,sequential_ik_elbow_then_wrist,0,0,-0.225993,0.188022,0.059789,-0.390025,0.154392,0.308711,-0.226168,-0.194352,-0.032795,-0.463230,-0.153642,0.146494,0.000003,0.018000,0.001075,0.134161,0.000002,0.038639,0.000842,0.196555,0.000000,0.000000,0.000000,0.868865,0.075182,-0.130951,0.939717,-0.819776,-0.199803,0.258142,0.892415,0.000000,0.000000,0.000000,0.000000,0.000000,0.000000
1778448500.618391,sequential_ik_elbow_then_wrist,0,0,-0.230227,0.184301,0.055033,-0.381969,0.154218,0.312073,-0.223885,-0.195608,-0.040161,-0.465489,-0.161162,0.134312,0.000008,0.015091,0.001878,0.122804,0.000009,0.038120,0.001967,0.195236,0.000000,0.000000,0.000000,0.874255,0.102498,-0.099522,0.954278,-0.828121,-0.182564,0.196188,0.908788,0.000000,0.000000,0.000000,0.000000,0.000000,0.000000
1778448500.672010,sequential_ik_elbow_then_wrist,0,0,-0.222932,0.195247,0.046690,-0.385244,0.167571,0.297466,-0.218325,-0.200809,-0.044833,-0.463775,-0.173590,0.125500,0.000028,0.016271,0.003593,0.127556,0.000013,0.037825,0.002436,0.194485,0.000000,0.000000,0.000000,0.871063,0.117206,-0.075637,0.966324,-0.829438,-0.173542,0.149103,0.919015,0.000000,0.000000,0.000000,0.000000,0.000000,0.000000
1778448500.741459,sequential_ik_elbow_then_wrist,0,0,-0.216600,0.207223,-0.011966,-0.404528,0.194640,0.221539,-0.193790,-0.213624,-0.082526,-0.466179,-0.214736,0.043184,0.000473,0.019983,0.014498,0.141343,0.000292,0.042601,0.011501,0.206176,0.000000,0.000000,0.000000,0.858761,0.090719,-0.057484,0.980631,-0.812975,-0.191459,0.113318,0.903771,0.000000,0.000000,0.000000,0.000000,0.000000,0.000000
1778448500.792984,sequential_ik_elbow_then_wrist,0,0,-0.232504,0.160780,-0.100458,-0.484391,0.182931,0.060979,-0.175412,-0.206772,-0.128359,-0.467129,-0.227170,-0.061390,0.001527,0.023493,0.026252,0.152752,0.000437,0.049261,0.014031,0.221587,0.000000,0.000000,0.000000,0.875565,0.006218,-0.043688,0.961188,-0.790582,-0.240966,0.086122,0.861827,0.000000,0.000000,0.000000,0.000000,0.000000,0.000000
1778448500.850519,sequential_ik_elbow_then_wrist,0,0,-0.225220,0.156060,-0.122152,-0.519530,0.204106,-0.089390,-0.175835,-0.199839,-0.138371,-0.467173,-0.266681,-0.163955,0.000281,0.021126,0.011197,0.141886,0.000071,0.047462,0.005609,0.205488,0.000000,0.000000,0.000000,0.894590,-0.087239,-0.033203,0.870725,-0.773886,-0.293702,0.819053,0.656284,0.000000,0.000000,0.000000,0.000000,0.000000,0.000000
1778448500.914056,sequential_ik_elbow_then_wrist,1,0,-0.252448,0.124512,-0.103762,-0.546716,0.171234,-0.138745,-0.175111,-0.197884,-0.142050,-0.453940,-0.288499,-0.205635,0.000288,0.020520,0.012272,0.129243,0.000011,0.024548,0.002252,0.155737,0.000000,0.000000,0.000000,0.936613,-0.152890,-0.778834,0.653704,-0.761761,-0.339808,1.376080,0.458910,0.000000,0.000000,0.000000,0.000000,0.000000,0.000000
1778448500.965358,sequential_ik_elbow_then_wrist,1,0,-0.237708,0.112059,-0.144697,-0.518584,0.161221,-0.237927,-0.175523,-0.194541,-0.146101,-0.432215,-0.292492,-0.266579,0.000258,0.007480,0.010911,0.086301,0.000007,0.016997,0.001800,0.130026,0.000000,0.000000,0.000000,0.978670,-0.229185,-1.345514,0.475073,-0.754300,-0.379078,1.799421,0.331687,0.000000,0.000000,0.000000,0.000000,0.000000,0.000000
1778448501.030835,sequential_ik_elbow_then_wrist,1,0,-0.172158,0.119614,-0.214602,-0.429198,0.177087,-0.358224,-0.150773,-0.190075,-0.176463,-0.394962,-0.284533,-0.322918,0.001390,0.005277,0.026095,0.072602,0.000210,0.015902,0.010051,0.125984,0.000000,0.000000,0.000000,0.990251,-0.347741,-1.776191,0.333253,-0.739365,-0.432170,2.121160,0.248059,0.000000,0.000000,0.000000,0.000000,0.000000,0.000000
1778448501.092321,sequential_ik_elbow_then_wrist,1,0,-0.081286,0.122012,-0.261736,-0.267245,0.202539,-0.482948,-0.098359,-0.178984,-0.219750,-0.325024,-0.264427,-0.396731,0.003201,0.000515,0.046760,0.022408,0.000948,0.016508,0.023289,0.128459,0.000000,0.000000,0.000000,0.960611,-0.503906,-2.103505,0.234062,-0.703363,-0.514083,2.365681,0.190315,0.000000,0.000000,0.000000,0.000000,0.000000,0.000000
1778448501.177307,sequential_ik_elbow_then_wrist,1,0,-0.035262,0.122137,-0.271733,-0.162258,0.210494,-0.528765,-0.058414,-0.171375,-0.239204,-0.273222,-0.247568,-0.434274,0.003448,0.000350,0.055165,0.018643,0.001050,0.019260,0.027649,0.138780,0.000000,0.000000,0.000000,0.902800,-0.655588,-2.352264,0.162171,-0.647631,-0.605326,2.551518,0.147450,0.000000,0.000000,0.000000,0.000000,0.000000,0.000000
1778448501.214101,sequential_ik_elbow_then_wrist,1,0,-0.042436,0.108749,-0.276357,-0.161883,0.185276,-0.540697,-0.041708,-0.161022,-0.249665,-0.245769,-0.213184,-0.463295,0.001083,0.000343,0.031846,0.018524,0.000644,0.024617,0.022753,0.156772,0.000000,0.000000,0.000000,0.841375,-0.780314,-2.541320,0.108243,-0.584770,-0.692161,2.692754,0.129857,0.000000,0.000000,0.000000,0.000000,0.000000,0.000000
1778448501.278683,sequential_ik_elbow_then_wrist,1,0,-0.033284,0.103163,-0.279731,-0.144347,0.157883,-0.552991,-0.010901,-0.159510,-0.253846,-0.196921,-0.203409,-0.485080,0.000912,0.001193,0.029413,0.034219,0.001208,0.021069,0.032587,0.144899,0.000000,0.000000,0.000000,0.780025,-0.882556,-2.685004,0.078583,-0.509818,-0.768238,2.800093,0.137112,0.000000,0.000000,0.000000,0.000000,0.000000,0.000000
1778448501.340477,sequential_ik_elbow_then_wrist,1,0,-0.028345,0.089783,-0.284843,-0.119942,0.129591,-0.567731,-0.016776,-0.160881,-0.252658,-0.194637,-0.197390,-0.491472,0.000543,0.001345,0.022557,0.036285,0.000343,0.024786,0.017510,0.157251,0.000000,0.000000,0.000000,0.723532,-0.970373,-2.794203,0.068830,-0.438402,-0.825300,2.881670,0.160941,0.000000,0.000000,0.000000,0.000000,0.000000,0.000000
1778448501.399489,sequential_ik_elbow_then_wrist,1,0,-0.021955,0.073605,-0.290001,-0.098652,0.111521,-0.577542,-0.020877,-0.159185,-0.253425,-0.188623,-0.187382,-0.500541,0.000360,0.000948,0.017985,0.030791,0.000080,0.025102,0.008456,0.158279,0.000000,0.000000,0.000000,0.674159,-1.050120,-2.877194,0.062243,-0.377128,-0.868847,2.943670,0.195883,0.000000,0.000000,0.000000,0.000000,0.000000,0.000000
1778448501.464913,sequential_ik_elbow_then_wrist,1,0,-0.019113,0.061319,-0.293044,-0.086627,0.098539,-0.582969,-0.021894,-0.158891,-0.253524,-0.184428,-0.182243,-0.504596,0.000198,0.000832,0.013292,0.028789,0.000025,0.024924,0.004768,0.157810,0.000000,0.000000,0.000000,0.632739,-1.121227,-2.940267,0.052638,-0.326616,-0.901989,2.990789,0.233176,0.000000,0.000000,0.000000,0.000000,0.000000,0.000000
1778448501.509766,sequential_ik_elbow_then_wrist,1,0,-0.017323,0.055232,-0.294363,-0.089603,0.088165,-0.583657,-0.017020,-0.161347,-0.252344,-0.172882,-0.185264,-0.507560,0.000128,0.001440,0.010938,0.037877,0.000046,0.022493,0.006406,0.149950,0.000000,0.000000,0.000000,0.598438,-1.181492,-2.988203,0.039682,-0.282898,-0.925873,3.026600,0.268229,0.000000,0.000000,0.000000,0.000000,0.000000,0.000000
1778448501.587369,sequential_ik_elbow_then_wrist,1,0,-0.020436,0.050715,-0.294975,-0.088317,0.085278,-0.585143,-0.010297,-0.162509,-0.251962,-0.165350,-0.188322,-0.507485,0.000034,0.001495,0.005633,0.038637,0.000080,0.021988,0.008420,0.148274,0.000000,0.000000,0.000000,0.571036,-1.230279,-3.024634,0.026152,-0.242595,-0.943358,3.053816,0.299125,0.000000,0.000000,0.000000,0.000000,0.000000,0.000000
1778448501.632154,sequential_ik_elbow_then_wrist,1,0,-0.020802,0.051841,-0.294754,-0.088956,0.085403,-0.584976,-0.001413,-0.162020,-0.252483,-0.146893,-0.188695,-0.513489,0.000030,0.001581,0.005428,0.039754,0.000136,0.018717,0.010987,0.136790,0.000000,0.000000,0.000000,0.548927,-1.267290,-3.052322,0.014996,-0.202749,-0.957201,3.074500,0.327998,0.000000,0.000000,0.000000,0.000000,0.000000,0.000000
1778448501.706625,sequential_ik_elbow_then_wrist,1,0,-0.023131,0.051350,-0.294666,-0.098693,0.084354,-0.583112,0.000784,-0.161654,-0.252720,-0.146559,-0.187895,-0.512723,0.000009,0.002431,0.002973,0.049302,0.000079,0.020305,0.008418,0.142485,0.000000,0.000000,0.000000,0.531418,-1.294996,-3.073365,0.004650,-0.165426,-0.968008,3.090220,0.354042,0.000000,0.000000,0.000000,0.000000,0.000000,0.000000
1778448501.755885,sequential_ik_elbow_then_wrist,1,0,-0.021859,0.053500,-0.294381,-0.107527,0.084836,-0.580176,0.005632,-0.162245,-0.252279,-0.137750,-0.189562,-0.514378,0.000024,0.003330,0.004819,0.057699,0.000081,0.019336,0.008490,0.139046,0.000000,0.000000,0.000000,0.516948,-1.315107,-3.089357,-0.005138,-0.129947,-0.975785,3.102167,0.377477,0.000000,0.000000,0.000000,0.000000,0.000000,0.000000
1778448501.829051,sequential_ik_elbow_then_wrist,1,0,-0.025097,0.052459,-0.294310,-0.117740,0.084686,-0.577821,0.007772,-0.163252,-0.251572,-0.145914,-0.192150,-0.507590,0.000002,0.004509,0.001382,0.067142,0.000052,0.023403,0.006771,0.152976,0.000000,0.000000,0.000000,0.505614,-1.329832,-3.101512,-0.015188,-0.097271,-0.980732,3.111247,0.397648,0.000000,0.000000,0.000000,0.000000,0.000000,0.000000
1778448501.876873,sequential_ik_elbow_then_wrist,1,0,-0.025513,0.050093,-0.294686,-0.114804,0.083662,-0.579115,0.007327,-0.164048,-0.251067,-0.153914,-0.195820,-0.502049,0.000000,0.004212,0.000407,0.064898,0.000018,0.027119,0.004000,0.164678,0.000000,0.000000,0.000000,0.497017,-1.342103,-3.110749,-0.023550,-0.069040,-0.983635,3.118148,0.413531,0.000000,0.000000,0.000000,0.000000,0.000000,0.000000
1778448501.945028,sequential_ik_elbow_then_wrist,1,0,-0.025239,0.049782,-0.294762,-0.115631,0.092450,-0.577620,0.011149,-0.164447,-0.250665,-0.154465,-0.199784,-0.498300,0.000000,0.003809,0.000187,0.061665,0.000027,0.028733,0.004917,0.169509,0.000000,0.000000,0.000000,0.490477,-1.351928,-3.117769,-0.036088,-0.043373,-0.985210,3.123392,0.425622,0.000000,0.000000,0.000000,0.000000,0.000000,0.000000
1778448502.003744,sequential_ik_elbow_then_wrist,1,0,-0.025991,0.048920,-0.294841,-0.118389,0.093763,-0.576713,0.007706,-0.164288,-0.250899,-0.158340,-0.201922,-0.497905,0.000001,0.004020,0.000987,0.063382,0.000001,0.030271,0.000929,0.173984,0.000000,0.000000,0.000000,0.485738,-1.359778,-3.123104,-0.049292,-0.023069,-0.986475,3.127378,0.433706,0.000000,0.000000,0.000000,0.000000,0.000000,0.000000
1778448502.063500,sequential_ik_elbow_then_wrist,1,0,-0.026700,0.049538,-0.294675,-0.116102,0.095728,-0.577294,0.007076,-0.164280,-0.250922,-0.160409,-0.205505,-0.496379,0.000002,0.003625,0.001271,0.060208,0.000000,0.031175,0.000189,0.176560,0.000000,0.000000,0.000000,0.482435,-1.365282,-3.127159,-0.059838,-0.007476,-0.987476,3.130407,0.437029,0.000000,0.000000,0.000000,0.000000,0.000000,0.000000
1778448502.129363,sequential_ik_elbow_then_wrist,1,0,-0.027036,0.050017,-0.294563,-0.115489,0.097982,-0.577185,0.005323,-0.164257,-0.250980,-0.162151,-0.207761,-0.496052,0.000002,0.003415,0.001280,0.058436,0.000001,0.031555,0.000985,0.177633,0.000000,0.000000,0.000000,0.480230,-1.368995,-3.130241,-0.068348,0.003530,-0.988314,3.132710,0.436699,0.000000,0.000000,0.000000,0.000000,0.000000,0.000000
1778448502.177111,sequential_ik_elbow_then_wrist,0,0,-0.027930,0.051882,-0.294157,-0.119668,0.102093,-0.575338,0.004095,-0.163703,-0.251365,-0.165802,-0.210188,-0.494211,0.000002,0.003617,0.001258,0.060140,0.000002,0.032661,0.001393,0.180717,0.000000,0.000000,0.000000,0.478837,-1.370408,-3.132583,-0.076463,0.010713,-0.989404,3.134459,0.432614,0.000000,0.000000,0.000000,0.000000,0.000000,0.000000
1778448502.247586,sequential_ik_elbow_then_wrist,0,0,-0.031984,0.052373,-0.293656,-0.139955,0.110609,-0.567428,-0.010857,-0.158397,-0.254544,-0.195729,-0.209799,-0.485152,0.000019,0.005465,0.004301,0.073822,0.000127,0.042102,0.010532,0.205126,0.000000,0.000000,0.000000,0.478864,-1.369706,-3.134363,-0.092071,0.007510,-0.994228,3.135789,0.417311,0.000000,0.000000,0.000000,0.000000,0.000000,0.000000
1778448502.306524,sequential_ik_elbow_then_wrist,0,0,-0.040217,0.054414,-0.292270,-0.156587,0.129044,-0.558519,-0.014119,-0.157232,-0.255105,-0.202539,-0.217301,-0.480692,0.000104,0.006112,0.009981,0.078000,0.000090,0.042399,0.008951,0.205802,0.000000,0.000000,0.000000,0.481588,-1.365155,-3.135716,-0.116591,-0.002192,-0.999400,3.136800,0.389631,0.000000,0.000000,0.000000,0.000000,0.000000,0.000000
1778448502.368498,sequential_ik_elbow_then_wrist,0,0,-0.047174,0.059867,-0.290156,-0.176212,0.166898,-0.538941,-0.015102,-0.154245,-0.256867,-0.208396,-0.226794,-0.474522,0.000165,0.006743,0.012490,0.082116,0.000050,0.042880,0.006670,0.206917,0.000000,0.000000,0.000000,0.487397,-1.355515,-3.136744,-0.136609,-0.014837,-1.005678,3.137568,0.349236,0.000000,0.000000,0.000000,0.000000,0.000000,0.000000
1778448502.429475,sequential_ik_elbow_then_wrist,0,0,-0.053677,0.070232,-0.286681,-0.208612,0.205010,-0.505382,-0.023798,-0.153136,-0.256872,-0.224966,-0.250656,-0.456925,0.000162,0.011785,0.011991,0.108558,0.000115,0.046064,0.010196,0.214191,0.000000,0.000000,0.000000,0.495862,-1.338811,-3.137526,-0.151823,-0.032481,-1.011131,3.138152,0.285775,0.000000,0.000000,0.000000,0.000000,0.000000,0.000000
1778448502.482618,sequential_ik_elbow_then_wrist,0,0,-0.053415,0.089659,-0.281262,-0.226851,0.277974,-0.437650,-0.034141,-0.153152,-0.255693,-0.250280,-0.280813,-0.419970,0.000055,0.023886,0.005003,0.154551,0.000204,0.051006,0.013543,0.224942,0.000000,0.000000,0.000000,0.502843,-1.313087,-3.138119,-0.163385,-0.056610,-1.014213,3.138595,0.189149,0.000000,0.000000,0.000000,0.000000,0.000000,0.000000
1778448502.543329,sequential_ik_elbow_then_wrist,0,0,-0.064673,0.134248,-0.260375,-0.264864,0.337314,-0.353584,-0.045632,-0.162845,-0.247789,-0.288310,-0.301765,-0.356456,0.000418,0.035701,0.014905,0.188948,0.000275,0.063965,0.015269,0.252777,0.000000,0.000000,0.000000,0.503163,-1.260286,-3.138571,-0.172173,-0.087529,-1.007401,3.138932,0.095753,0.000000,0.000000,0.000000,0.000000,0.000000,0.000000
1778448502.609648,sequential_ik_elbow_then_wrist,0,0,-0.087943,0.156072,-0.240640,-0.320273,0.345302,-0.255299,-0.085238,-0.169373,-0.232480,-0.355988,-0.290721,-0.276856,0.000282,0.057800,0.011197,0.240416,0.001156,0.089021,0.031012,0.298365,0.000000,0.000000,0.000000,0.504235,-1.190149,-3.138914,-0.178851,-0.140143,-0.985729,3.139189,0.024773,0.000000,0.000000,0.000000,0.000000,0.000000,0.000000
1778448502.677550,sequential_ik_elbow_then_wrist,0,0,-0.138324,0.180755,-0.195433,-0.377930,0.351536,-0.136928,-0.118012,-0.177537,-0.211078,-0.395047,-0.292451,-0.204255,0.001011,0.070561,0.023670,0.265634,0.001260,0.088368,0.031003,0.297267,0.000000,0.000000,0.000000,0.523816,-1.089500,-3.139174,-0.183927,-0.214209,-0.945638,3.139383,-0.029173,0.000000,0.000000,0.000000,0.000000,0.000000,0.000000
1778448502.721331,sequential_ik_elbow_then_wrist,0,0,-0.179152,0.179350,-0.160431,-0.422937,0.330538,-0.072620,-0.164608,-0.176205,-0.178482,-0.439533,-0.284847,-0.127359,0.000962,0.059821,0.023631,0.244584,0.001557,0.076553,0.032523,0.276683,0.000000,0.000000,0.000000,0.568866,-0.975423,-3.139373,-0.187785,-0.313580,-0.883201,3.139531,-0.070171,0.000000,0.000000,0.000000,0.000000,0.000000,0.000000
1778448502.799592,sequential_ik_elbow_then_wrist,1,0,-0.200508,0.198402,-0.102143,-0.424614,0.336161,0.042075,-0.178662,-0.193274,-0.143962,-0.442225,-0.295286,-0.043324,0.000834,0.020426,0.019534,0.113006,0.000536,0.037069,0.016523,0.173653,0.000000,0.000000,0.000000,0.616630,-0.839483,-2.385923,0.019276,-0.407919,-0.801717,2.386044,0.098224,0.000000,0.000000,0.000000,0.000000,0.000000,0.000000
1778448502.840334,sequential_ik_elbow_then_wrist,1,0,-0.187037,0.232706,-0.029409,-0.394373,0.335824,0.161322,-0.176874,-0.220863,-0.099676,-0.427950,-0.308890,0.038930,0.001125,0.008159,0.022481,0.087801,0.000460,0.020356,0.014333,0.140462,0.000000,0.000000,0.000000,0.636380,-0.678790,-1.813302,0.227574,-0.474189,-0.701887,1.813393,0.286254,0.000000,0.000000,0.000000,0.000000,0.000000,0.000000
1778448502.919215,sequential_ik_elbow_then_wrist,1,0,-0.151658,0.258689,0.008952,-0.318974,0.360195,0.236333,-0.184586,-0.232299,-0.044330,-0.414619,-0.293962,0.138104,0.000731,0.005621,0.018064,0.074772,0.000604,0.020294,0.016382,0.142188,0.000000,0.000000,0.000000,0.620235,-0.519761,-1.378109,0.399096,-0.522267,-0.582115,1.378179,0.450159,0.000000,0.000000,0.000000,0.000000,0.000000,0.000000
1778448502.972949,sequential_ik_elbow_then_wrist,1,0,-0.152516,0.257261,0.023572,-0.303454,0.337150,0.270220,-0.188094,-0.233550,-0.008674,-0.414921,-0.267638,0.184684,0.000108,0.007417,0.006919,0.086039,0.000323,0.025382,0.011963,0.159312,0.000000,0.000000,0.000000,0.601688,-0.381351,-1.047363,0.538417,-0.559451,-0.458917,1.047416,0.571337,0.000000,0.000000,0.000000,0.000000,0.000000,0.000000
1778448503.034300,sequential_ik_elbow_then_wrist,1,0,-0.140623,0.257950,0.060723,-0.273031,0.318943,0.322920,-0.168835,-0.245462,0.035257,-0.367956,-0.254695,0.259457,0.000251,0.006872,0.010548,0.082883,0.000431,0.024144,0.013832,0.155308,0.000000,0.000000,0.000000,0.579577,-0.248983,-0.795996,0.647676,-0.573933,-0.330774,0.796036,0.675060,0.000000,0.000000,0.000000,0.000000,0.000000,0.000000
1778448503.093126,sequential_ik_elbow_then_wrist,1,0,-0.122242,0.256218,0.097002,-0.247152,0.312943,0.363797,-0.119619,-0.264440,0.075913,-0.269567,-0.250114,0.335355,0.000315,0.006775,0.011890,0.082127,0.000757,0.016770,0.018565,0.128928,0.000000,0.000000,0.000000,0.551285,-0.118936,-0.604957,0.717440,-0.549583,-0.199834,0.604987,0.783069,0.000000,0.000000,0.000000,0.000000,0.000000,0.000000
1778448503.156116,sequential_ik_elbow_then_wrist,1,0,-0.117568,0.254184,0.107555,-0.237508,0.301781,0.378385,-0.107663,-0.263532,0.094656,-0.238660,-0.237475,0.363283,0.000067,0.007504,0.005498,0.086570,0.000198,0.016033,0.009554,0.126555,0.000000,0.000000,0.000000,0.524786,-0.006437,-0.459767,0.762915,-0.515991,-0.080633,0.459790,0.875025,0.000000,0.000000,0.000000,0.000000,0.000000,0.000000
1778448503.213546,sequential_ik_elbow_then_wrist,1,0,-0.116374,0.250128,0.117868,-0.228104,0.301217,0.391558,-0.109418,-0.256847,0.109806,-0.269159,-0.224160,0.361629,0.000031,0.006360,0.003728,0.079665,0.000065,0.027107,0.005374,0.164558,0.000000,0.000000,0.000000,0.503712,0.089050,-0.349423,0.788531,-0.489254,0.024375,0.349441,0.932299,0.000000,0.000000,0.000000,0.000000,0.000000,0.000000
1778448503.265493,sequential_ik_elbow_then_wrist,1,0,-0.109240,0.250825,0.123099,-0.220991,0.298703,0.397360,-0.098082,-0.250186,0.133368,-0.234929,-0.213984,0.397872,0.000018,0.006605,0.002974,0.081254,0.000126,0.019888,0.007529,0.141002,0.000000,0.000000,0.000000,0.483203,0.167436,-0.265562,0.803632,-0.463678,0.123394,0.265575,0.969935,0.000000,0.000000,0.000000,0.000000,0.000000,0.000000
1778448503.329296,sequential_ik_elbow_then_wrist,1,0,-0.107909,0.248562,0.128736,-0.213605,0.290948,0.406281,-0.107901,-0.242511,0.139806,-0.258733,-0.206091,0.396562,0.000009,0.006358,0.002032,0.079736,0.000039,0.025898,0.004382,0.160801,0.000000,0.000000,0.000000,0.466144,0.232166,-0.201827,0.815482,-0.450235,0.207513,0.201837,0.983167,0.000000,0.000000,0.000000,0.000000,0.000000,0.000000
1778448503.387790,sequential_ik_elbow_then_wrist,1,0,-0.109062,0.243862,0.136516,-0.212461,0.278175,0.416036,-0.112763,-0.231370,0.154119,-0.264932,-0.193559,0.409882,0.000014,0.006686,0.002515,0.081766,0.000070,0.026444,0.005900,0.162494,0.000000,0.000000,0.000000,0.454590,0.287892,-0.153388,0.824926,-0.447453,0.283613,0.153396,0.978006,0.000000,0.000000,0.000000,0.000000,0.000000,0.000000
1778448503.449943,sequential_ik_elbow_then_wrist,1,0,-0.110384,0.242688,0.137542,-0.211227,0.274041,0.418340,-0.118076,-0.227652,0.155668,-0.275896,-0.184461,0.407118,0.000002,0.006455,0.001090,0.080346,0.000023,0.028925,0.003669,0.170026,0.000000,0.000000,0.000000,0.447288,0.332451,-0.116575,0.832049,-0.451734,0.345346,0.116581,0.964439,0.000000,0.000000,0.000000,0.000000,0.000000,0.000000
1778448503.514401,sequential_ik_elbow_then_wrist,1,0,-0.116201,0.237118,0.142382,-0.212616,0.270737,0.424470,-0.111334,-0.226232,0.162554,-0.263083,-0.182185,0.417568,0.000016,0.005702,0.002956,0.075497,0.000012,0.025724,0.002288,0.160382,0.000000,0.000000,0.000000,0.446948,0.370205,-0.088597,0.833807,-0.453729,0.398149,0.088602,0.950679,0.000000,0.000000,0.000000,0.000000,0.000000,0.000000
1778448503.595301,sequential_ik_elbow_then_wrist,1,0,-0.125043,0.232788,0.142035,-0.226798,0.263486,0.422577,-0.099096,-0.225526,0.171226,-0.250906,-0.179194,0.425798,0.000026,0.006512,0.003885,0.080684,0.000044,0.025280,0.004959,0.158996,0.000000,0.000000,0.000000,0.454460,0.399558,-0.067334,0.831710,-0.448132,0.446091,0.067337,0.938424,0.000000,0.000000,0.000000,0.000000,0.000000,0.000000
1778448503.638611,sequential_ik_elbow_then_wrist,1,0,-0.125722,0.230839,0.144593,-0.224540,0.258983,0.426449,-0.101348,-0.226441,0.168680,-0.257335,-0.178897,0.420489,0.000006,0.005772,0.001837,0.075977,0.000001,0.028128,0.000848,0.167713,0.000000,0.000000,0.000000,0.463534,0.423795,-0.051174,0.829823,-0.442399,0.482383,0.051176,0.927555,0.000000,0.000000,0.000000,0.000000,0.000000,0.000000
1778448503.704585,sequential_ik_elbow_then_wrist,1,0,-0.124184,0.231616,0.144681,-0.224642,0.259183,0.426014,-0.066388,-0.233944,0.175678,-0.189133,-0.185113,0.445027,0.000000,0.005791,0.000185,0.076096,0.000270,0.015037,0.013326,0.122460,0.000000,0.000000,0.000000,0.470412,0.442715,-0.038892,0.827467,-0.415621,0.515493,0.038894,0.934527,0.000000,0.000000,0.000000,0.000000,0.000000,0.000000
1778448503.767276,sequential_ik_elbow_then_wrist,1,0,-0.124512,0.230218,0.146617,-0.226685,0.257837,0.427326,-0.067881,-0.232697,0.176760,-0.191392,-0.182605,0.445527,0.000001,0.006040,0.000625,0.077713,0.000028,0.017471,0.004280,0.132162,0.000000,0.000000,0.000000,0.476228,0.458574,-0.029558,0.823748,-0.388181,0.542487,0.029559,0.945034,0.000000,0.000000,0.000000,0.000000,0.000000,0.000000
1778448503.818205,sequential_ik_elbow_then_wrist,1,0,-0.124721,0.229343,0.147805,-0.228048,0.253742,0.428390,-0.055867,-0.232055,0.181740,-0.166979,-0.182450,0.455954,0.000001,0.006424,0.000523,0.080150,0.000057,0.013624,0.006105,0.116714,0.000000,0.000000,0.000000,0.481209,0.471807,-0.022464,0.820790,-0.357660,0.567282,0.022465,0.956618,0.000000,0.000000,0.000000,0.000000,0.000000,0.000000
1778448503.867274,sequential_ik_elbow_then_wrist,1,0,-0.125166,0.228884,0.148140,-0.229678,0.248967,0.428629,-0.054062,-0.231296,0.183247,-0.161258,-0.181548,0.458990,0.000000,0.006923,0.000344,0.083200,0.000013,0.013310,0.002975,0.115368,0.000000,0.000000,0.000000,0.485556,0.482372,-0.017073,0.819870,-0.329833,0.588232,0.017074,0.966575,0.000000,0.000000,0.000000,0.000000,0.000000,0.000000
1778448503.925889,sequential_ik_elbow_then_wrist,1,0,-0.126891,0.227469,0.148852,-0.231126,0.243516,0.429703,-0.053072,-0.230036,0.185113,-0.155946,-0.179431,0.462342,0.000001,0.007228,0.000831,0.085014,0.000004,0.012627,0.001551,0.112370,0.000000,0.000000,0.000000,0.490409,0.491024,-0.012975,0.821019,-0.306493,0.606083,0.012976,0.974740,0.000000,0.000000,0.000000,0.000000,0.000000,0.000000
1778448503.995618,sequential_ik_elbow_then_wrist,1,0,-0.127403,0.224963,0.152184,-0.231310,0.238392,0.433294,-0.055641,-0.228151,0.186685,-0.158614,-0.176452,0.463675,0.000003,0.007318,0.001230,0.085545,0.000001,0.013184,0.000872,0.114822,0.000000,0.000000,0.000000,0.495636,0.500118,-0.009861,0.821932,-0.289718,0.621325,0.009862,0.980197,0.000000,0.000000,0.000000,0.000000,0.000000,0.000000
1778448504.053158,sequential_ik_elbow_then_wrist,1,0,-0.126150,0.224328,0.154153,-0.229903,0.237861,0.435315,-0.055331,-0.227949,0.187023,-0.154612,-0.175116,0.465146,0.000001,0.007155,0.000737,0.084585,0.000000,0.012307,0.000280,0.110935,0.000000,0.000000,0.000000,0.499622,0.509018,-0.007494,0.821029,-0.277191,0.633558,0.007495,0.984668,0.000000,0.000000,0.000000,0.000000,0.000000,0.000000
1778448504.134118,sequential_ik_elbow_then_wrist,1,0,-0.126414,0.223940,0.154500,-0.232530,0.237285,0.434788,-0.057229,-0.228177,0.186172,-0.158397,-0.174505,0.463452,0.000000,0.007554,0.000297,0.086913,0.000001,0.012974,0.000786,0.113905,0.000000,0.000000,0.000000,0.502919,0.516487,-0.005696,0.818423,-0.268865,0.642333,0.005696,0.988324,0.000000,0.000000,0.000000,0.000000,0.000000,0.000000
1778448504.177208,sequential_ik_elbow_then_wrist,1,0,-0.126300,0.222909,0.156077,-0.232159,0.235392,0.436502,-0.053880,-0.229223,0.185886,-0.159884,-0.175182,0.461281,0.000001,0.007576,0.000515,0.087041,0.000002,0.013679,0.001086,0.116956,0.000000,0.000000,0.000000,0.505767,0.523461,-0.004329,0.815583,-0.260843,0.648660,0.004329,0.991578,0.000000,0.000000,0.000000,0.000000,0.000000,0.000000
1778448504.234886,sequential_ik_elbow_then_wrist,1,0,-0.123874,0.221999,0.159285,-0.228647,0.235022,0.440093,-0.052805,-0.228575,0.186990,-0.155932,-0.174347,0.463439,0.000003,0.007280,0.001094,0.085321,0.000001,0.013019,0.000832,0.114100,0.000000,0.000000,0.000000,0.507005,0.531386,-0.003290,0.811733,-0.253527,0.654258,0.003290,0.994576,0.000000,0.000000,0.000000,0.000000,0.000000,0.000000
1778448504.316242,sequential_ik_elbow_then_wrist,1,0,-0.122103,0.222265,0.160279,-0.227238,0.234113,0.441003,-0.050632,-0.227957,0.188340,-0.150948,-0.173711,0.465818,0.000001,0.007466,0.000887,0.086407,0.000002,0.012242,0.001189,0.110645,0.000000,0.000000,0.000000,0.506587,0.538734,-0.002500,0.808003,-0.246262,0.659761,0.002500,0.996960,0.000000,0.000000,0.000000,0.000000,0.000000,0.000000
1778448504.355960,sequential_ik_elbow_then_wrist,1,0,-0.123925,0.222495,0.158551,-0.230588,0.235021,0.438669,-0.048937,-0.227767,0.189016,-0.149982,-0.173325,0.466191,0.000000,0.007813,0.000435,0.088392,0.000002,0.012377,0.001124,0.111251,0.000000,0.000000,0.000000,0.506734,0.543362,-0.001900,0.804312,-0.239068,0.664767,0.001900,0.998660,0.000000,0.000000,0.000000,0.000000,0.000000,0.000000
1778448504.423439,sequential_ik_elbow_then_wrist,1,0,-0.125048,0.221937,0.158453,-0.231576,0.234972,0.438599,-0.049549,-0.226982,0.189800,-0.151924,-0.170822,0.466142,0.000000,0.007742,0.000519,0.087987,0.000000,0.012979,0.000326,0.113925,0.000000,0.000000,0.000000,0.507784,0.546590,-0.001444,0.801191,-0.233405,0.669380,0.001444,1.000332,0.000000,0.000000,0.000000,0.000000,0.000000,0.000000
1778448504.470992,sequential_ik_elbow_then_wrist,1,0,-0.126055,0.221521,0.158236,-0.233759,0.232956,0.438002,-0.050117,-0.225722,0.191149,-0.154922,-0.169123,0.466490,0.000000,0.008031,0.000543,0.089613,0.000001,0.013684,0.000547,0.116976,0.000000,0.000000,0.000000,0.509573,0.548819,-0.001098,0.799156,-0.229531,0.674150,0.001098,1.000692,0.000000,0.000000,0.000000,0.000000,0.000000,0.000000
1778448504.541545,sequential_ik_elbow_then_wrist,1,0,-0.126392,0.221633,0.157809,-0.234981,0.230605,0.437323,-0.049940,-0.225394,0.191582,-0.154321,-0.168146,0.466950,0.000000,0.008331,0.000293,0.091273,0.000000,0.013580,0.000247,0.116534,0.000000,0.000000,0.000000,0.511417,0.550152,-0.000834,0.798857,-0.226698,0.678410,0.000834,1.000612,0.000000,0.000000,0.000000,0.000000,0.000000,0.000000
1778448504.600029,sequential_ik_elbow_then_wrist,1,0,-0.126248,0.221773,0.157728,-0.234894,0.228582,0.437281,-0.050390,-0.225190,0.191704,-0.154965,-0.167369,0.466877,0.000000,0.008497,0.000057,0.092179,0.000000,0.013710,0.000244,0.117092,0.000000,0.000000,0.000000,0.512859,0.551023,-0.000634,0.800223,-0.224888,0.681891,0.000634,1.000474,0.000000,0.000000,0.000000,0.000000,0.000000,0.000000
1778448504.656212,sequential_ik_elbow_then_wrist,1,0,-0.127017,0.221857,0.156991,-0.236508,0.227566,0.436239,-0.050989,-0.224867,0.191925,-0.155783,-0.165817,0.466755,0.000000,0.008763,0.000303,0.093611,0.000000,0.013881,0.000370,0.117816,0.000000,0.000000,0.000000,0.514361,0.551119,-0.000482,0.802201,-0.224057,0.684769,0.000482,1.000776,0.000000,0.000000,0.000000,0.000000,0.000000,0.000000
1778448504.716586,sequential_ik_elbow_then_wrist,1,0,-0.127685,0.221922,0.156356,-0.238502,0.226176,0.435105,-0.053162,-0.224891,0.191306,-0.155882,-0.164973,0.466730,0.000000,0.009116,0.000337,0.095475,0.000001,0.013639,0.001019,0.116787,0.000000,0.000000,0.000000,0.515980,0.550603,-0.000366,0.804568,-0.224949,0.686516,0.000366,1.001678,0.000000,0.000000,0.000000,0.000000,0.000000,0.000000
1778448504.778964,sequential_ik_elbow_then_wrist,1,0,-0.128201,0.222128,0.155639,-0.239394,0.225320,0.434253,-0.053847,-0.225309,0.190621,-0.156479,-0.165085,0.466012,0.000000,0.009258,0.000314,0.096218,0.000001,0.013589,0.000684,0.116574,0.000000,0.000000,0.000000,0.517584,0.549559,-0.000278,0.807410,-0.226600,0.687193,0.000278,1.002902,0.000000,0.000000,0.000000,0.000000,0.000000,0.000000
1778448504.848608,sequential_ik_elbow_then_wrist,1,0,-0.128988,0.222340,0.154684,-0.240800,0.225191,0.433054,-0.063754,-0.225370,0.187467,-0.175502,-0.163695,0.458960,0.000000,0.009389,0.000404,0.096894,0.000026,0.017117,0.004218,0.130832,0.000000,0.000000,0.000000,0.519289,0.547927,-0.000212,0.810266,-0.234181,0.685082,0.000212,1.003439,0.000000,0.000000,0.000000,0.000000,0.000000,0.000000
1778448504.894312,sequential_ik_elbow_then_wrist,1,0,-0.129416,0.222498,0.154098,-0.241543,0.224119,0.432351,-0.063537,-0.225694,0.187151,-0.172816,-0.163381,0.459502,0.000000,0.009536,0.000291,0.097650,0.000003,0.015909,0.001545,0.126130,0.000000,0.000000,0.000000,0.520926,0.546073,-0.000161,0.813574,-0.242292,0.682602,0.000161,1.004596,0.000000,0.000000,0.000000,0.000000,0.000000,0.000000
1778448504.969871,sequential_ik_elbow_then_wrist,1,0,-0.127187,0.223030,0.155181,-0.238388,0.224589,0.433806,-0.061413,-0.226334,0.187086,-0.169502,-0.163805,0.459863,0.000001,0.009267,0.000709,0.096266,0.000000,0.015156,0.000296,0.123108,0.000000,0.000000,0.000000,0.520913,0.545304,-0.000122,0.816766,-0.248019,0.680461,0.000122,1.006387,0.000000,0.000000,0.000000,0.000000,0.000000,0.000000
1778448505.020699,sequential_ik_elbow_then_wrist,1,0,-0.126468,0.223140,0.155610,-0.238164,0.224199,0.434039,-0.059057,-0.227001,0.187037,-0.167018,-0.164136,0.459787,0.000000,0.009487,0.000479,0.097403,0.000002,0.014892,0.001081,0.122033,0.000000,0.000000,0.000000,0.520062,0.545176,-0.000093,0.819284,-0.250685,0.678739,0.000093,1.008855,0.000000,0.000000,0.000000,0.000000,0.000000,0.000000
1778448505.082915,sequential_ik_elbow_then_wrist,1,0,-0.126185,0.223300,0.155611,-0.238132,0.224190,0.433940,-0.057648,-0.227451,0.186930,-0.165470,-0.164875,0.459802,0.000000,0.009611,0.000260,0.098038,0.000001,0.014797,0.001013,0.121643,0.000000,0.000000,0.000000,0.518933,0.545182,-0.000071,0.821208,-0.251130,0.677324,0.000071,1.011433,0.000000,0.000000,0.000000,0.000000,0.000000,0.000000
1778448505.139996,sequential_ik_elbow_then_wrist,1,0,-0.126125,0.223563,0.155281,-0.237856,0.223969,0.433698,-0.057695,-0.227774,0.186521,-0.165230,-0.164603,0.459369,0.000000,0.009659,0.000166,0.098281,0.000000,0.014886,0.000433,0.122007,0.000000,0.000000,0.000000,0.517801,0.544974,-0.000054,0.823197,-0.250821,0.675900,0.000054,1.014431,0.000000,0.000000,0.000000,0.000000,0.000000,0.000000
1778448505.194194,sequential_ik_elbow_then_wrist,1,0,-0.126341,0.223927,0.154579,-0.239001,0.223252,0.432620,-0.059355,-0.227821,0.185942,-0.166804,-0.163895,0.458647,0.000000,0.009963,0.000211,0.099816,0.000000,0.015155,0.000506,0.123105,0.000000,0.000000,0.000000,0.516855,0.544260,-0.000041,0.825482,-0.251317,0.674283,0.000041,1.017610,0.000000,0.000000,0.000000,0.000000,0.000000,0.000000
1778448505.272552,sequential_ik_elbow_then_wrist,1,0,-0.126903,0.224261,0.153632,-0.240144,0.221754,0.431427,-0.060309,-0.227681,0.185808,-0.168591,-0.163413,0.458103,0.000000,0.010281,0.000314,0.101393,0.000000,0.015442,0.000566,0.124267,0.000000,0.000000,0.000000,0.516311,0.542910,-0.000031,0.828727,-0.252575,0.672825,0.000031,1.020288,0.000000,0.000000,0.000000,0.000000,0.000000,0.000000
1778448505.316337,sequential_ik_elbow_then_wrist,1,0,-0.128501,0.223957,0.152744,-0.243241,0.220357,0.429912,-0.064037,-0.226889,0.185529,-0.177650,-0.162234,0.455550,0.000001,0.010717,0.000617,0.103520,0.000004,0.017276,0.001717,0.131436,0.000000,0.000000,0.000000,0.516917,0.541062,-0.000024,0.831964,-0.256232,0.671451,0.000024,1.021205,0.000000,0.000000,0.000000,0.000000,0.000000,0.000000
1778448505.407048,sequential_ik_elbow_then_wrist,1,0,-0.129545,0.223366,0.152728,-0.244907,0.219365,0.429632,-0.079584,-0.224169,0.182796,-0.211515,-0.158019,0.443983,0.000001,0.010825,0.000575,0.104042,0.000067,0.024800,0.006816,0.157468,0.000000,0.000000,0.000000,0.518461,0.539459,-0.000018,0.834564,-0.269787,0.668284,0.000018,1.017033,0.000000,0.000000,0.000000,0.000000,0.000000,0.000000
1778448505.445106,sequential_ik_elbow_then_wrist,1,0,-0.129158,0.223856,0.152338,-0.244153,0.219116,0.429382,-0.077555,-0.224894,0.182778,-0.207346,-0.158489,0.444971,0.000000,0.010720,0.000121,0.103539,0.000005,0.022685,0.001793,0.150615,0.000000,0.000000,0.000000,0.519629,0.537914,-0.000014,0.837339,-0.282942,0.665304,0.000014,1.012569,0.000000,0.000000,0.000000,0.000000,0.000000,0.000000
1778448505.513548,sequential_ik_elbow_then_wrist,1,0,-0.129627,0.224024,0.151690,-0.244320,0.219302,0.428860,-0.080608,-0.224976,0.181351,-0.208558,-0.158424,0.444409,0.000000,0.010676,0.000225,0.103325,0.000005,0.022224,0.001842,0.149079,0.000000,0.000000,0.000000,0.520715,0.536202,-0.000010,0.840064,-0.295817,0.661800,0.000010,1.008951,0.000000,0.000000,0.000000,0.000000,0.000000,0.000000
1778448505.564752,sequential_ik_elbow_then_wrist,1,0,-0.129671,0.224817,0.150476,-0.244547,0.219648,0.427562,-0.079822,-0.226210,0.180160,-0.206536,-0.159081,0.443669,0.000000,0.010733,0.000376,0.103601,0.000001,0.021476,0.000509,0.146546,0.000000,0.000000,0.000000,0.521382,0.533911,-0.000008,0.843183,-0.305994,0.657927,0.000008,1.007493,0.000000,0.000000,0.000000,0.000000,0.000000,0.000000
1778448505.629626,sequential_ik_elbow_then_wrist,1,0,-0.130366,0.225842,0.148324,-0.245452,0.221489,0.425337,-0.078915,-0.227726,0.178642,-0.205540,-0.160357,0.442134,0.000001,0.010709,0.000652,0.103485,0.000001,0.021272,0.000682,0.145848,0.000000,0.000000,0.000000,0.521893,0.530412,-0.000006,0.846496,-0.313036,0.653539,0.000006,1.008203,0.000000,0.000000,0.000000,0.000000,0.000000,0.000000
1778448505.691949,sequential_ik_elbow_then_wrist,1,0,-0.130910,0.225992,0.147614,-0.246133,0.221611,0.424570,-0.077614,-0.228629,0.178058,-0.201409,-0.160972,0.442818,0.000000,0.010743,0.000359,0.103647,0.000001,0.020317,0.000787,0.142535,0.000000,0.000000,0.000000,0.522530,0.526848,-0.000005,0.849961,-0.317180,0.649426,0.000005,1.011081,0.000000,0.000000,0.000000,0.000000,0.000000,0.000000
1778448505.740078,sequential_ik_elbow_then_wrist,1,0,-0.132668,0.226200,0.145715,-0.248339,0.222216,0.422490,-0.080402,-0.228750,0.176660,-0.208426,-0.161343,0.439464,0.000001,0.010817,0.000757,0.104004,0.000001,0.022017,0.000836,0.148381,0.000000,0.000000,0.000000,0.523978,0.522589,-0.000003,0.853258,-0.321486,0.645053,0.000003,1.013323,0.000000,0.000000,0.000000,0.000000,0.000000,0.000000
1778448505.810887,sequential_ik_elbow_then_wrist,1,0,-0.133491,0.226988,0.143724,-0.250024,0.222934,0.420136,-0.077528,-0.230473,0.175703,-0.203007,-0.163428,0.439825,0.000001,0.010916,0.000700,0.104478,0.000002,0.020684,0.001031,0.143817,0.000000,0.000000,0.000000,0.525581,0.517594,-0.000003,0.856805,-0.323155,0.640715,0.000003,1.016701,0.000000,0.000000,0.000000,0.000000,0.000000,0.000000
1778448505.864885,sequential_ik_elbow_then_wrist,1,0,-0.133119,0.228103,0.142297,-0.249580,0.223748,0.418735,-0.074938,-0.231403,0.175604,-0.199134,-0.164396,0.440341,0.000001,0.010859,0.000557,0.104206,0.000003,0.020096,0.001379,0.141760,0.000000,0.000000,0.000000,0.526405,0.512395,-0.000002,0.861170,-0.322118,0.637112,0.000002,1.021130,0.000000,0.000000,0.000000,0.000000,0.000000,0.000000
1778448505.947745,sequential_ik_elbow_then_wrist,1,0,-0.132789,0.229439,0.140446,-0.248671,0.225858,0.417138,-0.075166,-0.234153,0.171820,-0.198615,-0.167786,0.437067,0.000001,0.010671,0.000699,0.103298,0.000003,0.020008,0.001315,0.141447,0.000000,0.000000,0.000000,0.526310,0.506828,-0.000002,0.866073,-0.320077,0.631439,0.000002,1.027024,0.000000,0.000000,0.000000,0.000000,0.000000,0.000000
1778448505.989273,sequential_ik_elbow_then_wrist,1,0,-0.133063,0.231488,0.136776,-0.248542,0.229822,0.413654,-0.071828,-0.237318,0.168881,-0.195150,-0.173317,0.434768,0.000003,0.010441,0.001140,0.102177,0.000007,0.019377,0.002053,0.139199,0.000000,0.000000,0.000000,0.525520,0.499674,-0.000001,0.871502,-0.315490,0.624256,0.000001,1.033945,0.000000,0.000000,0.000000,0.000000,0.000000,0.000000
1778448506.051951,sequential_ik_elbow_then_wrist,1,0,-0.133029,0.234689,0.131242,-0.248763,0.236841,0.408011,-0.066548,-0.241242,0.165451,-0.190558,-0.180509,0.431783,0.000007,0.010116,0.001767,0.100577,0.000015,0.018869,0.003048,0.137359,0.000000,0.000000,0.000000,0.523685,0.489752,-0.000001,0.877357,-0.307059,0.615600,0.000001,1.041809,0.000000,0.000000,0.000000,0.000000,0.000000,0.000000
1778448506.105361,sequential_ik_elbow_then_wrist,1,0,-0.134656,0.240243,0.118958,-0.254235,0.246627,0.394022,-0.067264,-0.246396,0.157368,-0.202013,-0.187148,0.418772,0.000028,0.010517,0.003518,0.102544,0.000016,0.022479,0.002749,0.149922,0.000000,0.000000,0.000000,0.521093,0.472847,-0.000001,0.885193,-0.298454,0.602362,0.000001,1.051185,0.000000,0.000000,0.000000,0.000000,0.000000,0.000000
1778448506.163877,sequential_ik_elbow_then_wrist,0,0,-0.137418,0.243216,0.109373,-0.262018,0.258715,0.381833,-0.084727,-0.247449,0.146936,-0.244258,-0.191365,0.394735,0.000023,0.010600,0.003169,0.102956,0.000066,0.033325,0.006004,0.182545,0.000000,0.000000,0.000000,0.519367,0.451460,-0.000001,0.891599,-0.301433,0.583346,0.000001,1.054719,0.000000,0.000000,0.000000,0.000000,0.000000,0.000000
1778448506.228032,sequential_ik_elbow_then_wrist,0,0,-0.139440,0.245366,0.101746,-0.265013,0.267485,0.373301,-0.110865,-0.244662,0.133602,-0.286341,-0.191606,0.371075,0.000015,0.010056,0.002598,0.100278,0.000193,0.041169,0.010381,0.202865,0.000000,0.000000,0.000000,0.518559,0.428225,-0.000000,0.897957,-0.322764,0.557631,0.000000,1.048279,0.000000,0.000000,0.000000,0.000000,0.000000,0.000000
1778448506.286997,sequential_ik_elbow_then_wrist,0,0,-0.142000,0.246275,0.095835,-0.268449,0.270074,0.366842,-0.124021,-0.241762,0.127160,-0.304398,-0.191808,0.361615,0.000010,0.009999,0.002093,0.099987,0.000096,0.040764,0.007255,0.201870,0.000000,0.000000,0.000000,0.519186,0.405107,-0.000000,0.905944,-0.353104,0.531029,0.000000,1.034852,0.000000,0.000000,0.000000,0.000000,0.000000,0.000000
1778448506.363858,sequential_ik_elbow_then_wrist,0,0,-0.143970,0.246030,0.093497,-0.268852,0.274341,0.364796,-0.134933,-0.240252,0.118627,-0.323241,-0.193670,0.347472,0.000003,0.009142,0.001199,0.095613,0.000062,0.041896,0.005674,0.204653,0.000000,0.000000,0.000000,0.521128,0.384768,-0.000000,0.913060,-0.386870,0.503393,0.000000,1.016023,0.000000,0.000000,0.000000,0.000000,0.000000,0.000000
1778448506.408283,sequential_ik_elbow_then_wrist,0,0,-0.150576,0.243642,0.089248,-0.283458,0.271924,0.356722,-0.141675,-0.238083,0.115085,-0.329862,-0.193785,0.344482,0.000011,0.010468,0.002322,0.102311,0.000026,0.039751,0.003688,0.199368,0.000000,0.000000,0.000000,0.527278,0.365928,-0.000000,0.916805,-0.419943,0.478301,0.000000,0.997137,0.000000,0.000000,0.000000,0.000000,0.000000,0.000000
1778448506.471045,sequential_ik_elbow_then_wrist,0,0,-0.151327,0.243332,0.088824,-0.283381,0.270482,0.356825,-0.145487,-0.237743,0.110960,-0.338381,-0.194992,0.336712,0.000001,0.010032,0.000811,0.100158,0.000011,0.040246,0.002340,0.200606,0.000000,0.000000,0.000000,0.533664,0.350559,-0.000000,0.920910,-0.449325,0.455538,0.000000,0.978540,0.000000,0.000000,0.000000,0.000000,0.000000,0.000000
1778448506.531157,sequential_ik_elbow_then_wrist,0,0,-0.155040,0.242263,0.085272,-0.290877,0.268655,0.351452,-0.149139,-0.236999,0.107653,-0.343196,-0.195041,0.332556,0.000005,0.010671,0.001473,0.103299,0.000007,0.039898,0.001863,0.199743,0.000000,0.000000,0.000000,0.541267,0.336348,-0.000000,0.924136,-0.475019,0.435200,0.000000,0.962484,0.000000,0.000000,0.000000,0.000000,0.000000,0.000000
1778448506.594573,sequential_ik_elbow_then_wrist,0,0,-0.160710,0.240531,0.079480,-0.306534,0.266399,0.340375,-0.151083,-0.236348,0.106365,-0.346142,-0.195925,0.330681,0.000012,0.012381,0.002355,0.111264,0.000002,0.039357,0.001108,0.198384,0.000000,0.000000,0.000000,0.551292,0.321255,-0.000000,0.924288,-0.496710,0.418197,0.000000,0.948495,0.000000,0.000000,0.000000,0.000000,0.000000,0.000000
1778448506.658795,sequential_ik_elbow_then_wrist,0,0,-0.162190,0.240919,0.075181,-0.310563,0.266243,0.334689,-0.153591,-0.236486,0.102392,-0.347038,-0.196815,0.328234,0.000005,0.012543,0.001546,0.111993,0.000004,0.038261,0.001365,0.195605,0.000000,0.000000,0.000000,0.560618,0.306054,-0.000000,0.925361,-0.515055,0.402305,0.000000,0.938680,0.000000,0.000000,0.000000,0.000000,0.000000,0.000000
1778448506.716919,sequential_ik_elbow_then_wrist,0,0,-0.163349,0.240856,0.072839,-0.312165,0.266893,0.332022,-0.152961,-0.237640,0.100650,-0.348068,-0.199167,0.325268,0.000002,0.012352,0.000965,0.111139,0.000001,0.038267,0.000682,0.195619,0.000000,0.000000,0.000000,0.568751,0.292156,-0.000000,0.927513,-0.528779,0.388405,0.000000,0.931484,0.000000,0.000000,0.000000,0.000000,0.000000,0.000000
1778448506.794542,sequential_ik_elbow_then_wrist,0,0,-0.163815,0.241438,0.069803,-0.314723,0.267260,0.327795,-0.159432,-0.235290,0.096021,-0.358419,-0.197695,0.317360,0.000002,0.012695,0.000922,0.112671,0.000010,0.039708,0.002167,0.199267,0.000000,0.000000,0.000000,0.575229,0.279129,-0.000000,0.930350,-0.543323,0.374405,0.000000,0.923414,0.000000,0.000000,0.000000,0.000000,0.000000,0.000000
1778448506.840838,sequential_ik_elbow_then_wrist,0,0,-0.164009,0.243016,0.063596,-0.314258,0.270925,0.321756,-0.157324,-0.237950,0.092892,-0.353451,-0.201372,0.316937,0.000006,0.012300,0.001672,0.110898,0.000003,0.037644,0.001117,0.194018,0.000000,0.000000,0.000000,0.579777,0.264737,-0.000000,0.935243,-0.553456,0.360940,0.000000,0.920181,0.000000,0.000000,0.000000,0.000000,0.000000,0.000000
1778448506.899890,sequential_ik_elbow_then_wrist,1,0,-0.139656,0.257528,0.064620,-0.276378,0.298756,0.328451,-0.107332,-0.261018,0.101732,-0.269995,-0.232696,0.352209,0.000102,0.008595,0.006953,0.092683,0.000430,0.023073,0.014828,0.151506,0.000000,0.000000,0.000000,0.565583,0.253456,-0.000000,0.943960,-0.526783,0.356070,0.000000,0.943931,0.000000,0.000000,0.000000,0.000000,0.000000,0.000000
1778448506.955071,sequential_ik_elbow_then_wrist,1,0,-0.127645,0.266005,0.054298,-0.265218,0.318596,0.315656,-0.053482,-0.276386,0.103685,-0.182018,-0.261892,0.374367,0.000072,0.009235,0.005750,0.096095,0.000702,0.012853,0.019104,0.112939,0.000000,0.000000,0.000000,0.541444,0.238288,-0.000000,0.952426,-0.462514,0.355059,0.000000,0.985720,0.000000,0.000000,0.000000,0.000000,0.000000,0.000000
1778448507.018692,sequential_ik_elbow_then_wrist,1,0,-0.122584,0.271671,0.034180,-0.263115,0.336427,0.291196,-0.018017,-0.282426,0.099552,-0.117867,-0.285465,0.382432,0.000080,0.009974,0.005966,0.099857,0.000425,0.007421,0.014831,0.086034,0.000000,0.000000,0.000000,0.515541,0.212686,-0.000000,0.962538,-0.379344,0.352028,0.000000,1.028106,0.000000,0.000000,0.000000,0.000000,0.000000,0.000000
1778448507.080041,sequential_ik_elbow_then_wrist,1,0,-0.121590,0.273820,0.015446,-0.266026,0.351072,0.266783,-0.010057,-0.286263,0.089177,-0.100840,-0.312348,0.373919,0.000071,0.010309,0.005606,0.101520,0.000090,0.007177,0.006656,0.084710,0.000000,0.000000,0.000000,0.492970,0.178404,-0.000000,0.973878,-0.301781,0.342249,0.000000,1.057487,0.000000,0.000000,0.000000,0.000000,0.000000,0.000000
1778448507.137126,sequential_ik_elbow_then_wrist,1,0,-0.137337,0.266672,0.004945,-0.302083,0.352205,0.240621,-0.039790,-0.290015,0.065636,-0.158814,-0.321626,0.339194,0.000062,0.013321,0.005221,0.115373,0.000158,0.015300,0.008543,0.123693,0.000000,0.000000,0.000000,0.485822,0.142477,-0.000000,0.974900,-0.257308,0.318063,0.000000,1.080936,0.000000,0.000000,0.000000,0.000000,0.000000,0.000000
1778448507.198117,sequential_ik_elbow_then_wrist,1,0,-0.167772,0.248517,-0.009600,-0.353974,0.340935,0.206704,-0.053962,-0.293170,0.033751,-0.188606,-0.330979,0.299159,0.000221,0.014310,0.009901,0.119451,0.000223,0.018528,0.009985,0.136086,0.000000,0.000000,0.000000,0.504553,0.103936,-0.000000,0.960252,-0.235532,0.275877,0.000000,1.105996,0.000000,0.000000,0.000000,0.000000,0.000000,0.000000
1778448507.251623,sequential_ik_elbow_then_wrist,1,0,-0.174218,0.243901,-0.012660,-0.359715,0.339856,0.202708,-0.080104,-0.287755,0.027937,-0.205680,-0.337896,0.295737,0.000040,0.010605,0.004213,0.102969,0.000144,0.014209,0.008035,0.119198,0.000000,0.000000,0.000000,0.529219,0.070183,-0.000000,0.945721,-0.238310,0.234766,0.000000,1.122976,0.000000,0.000000,0.000000,0.000000,0.000000,0.000000
1778448507.317339,sequential_ik_elbow_then_wrist,1,0,-0.169071,0.247731,-0.006640,-0.341129,0.351594,0.216090,-0.084561,-0.286249,0.030186,-0.253447,-0.336188,0.273051,0.000003,0.006950,0.001157,0.083362,0.000017,0.024590,0.002792,0.156708,0.000000,0.000000,0.000000,0.546400,0.047227,-0.000000,0.936708,-0.247819,0.202823,0.000000,1.122098,0.000000,0.000000,0.000000,0.000000,0.000000,0.000000
1778448507.380098,sequential_ik_elbow_then_wrist,1,0,-0.172624,0.245179,-0.009396,-0.351523,0.358943,0.202861,-0.078381,-0.287970,0.030490,-0.257003,-0.341808,0.265427,0.000002,0.006924,0.000957,0.083111,0.000002,0.026723,0.000844,0.163433,0.000000,0.000000,0.000000,0.561798,0.028696,-0.000000,0.920083,-0.252800,0.178572,0.000000,1.112711,0.000000,0.000000,0.000000,0.000000,0.000000,0.000000
1778448507.447842,sequential_ik_elbow_then_wrist,1,0,-0.173104,0.244759,-0.011309,-0.355786,0.366360,0.193241,-0.080731,-0.287698,0.026695,-0.264932,-0.345331,0.256365,0.000001,0.006468,0.000632,0.080342,0.000002,0.028660,0.000936,0.169275,0.000000,0.000000,0.000000,0.574428,0.013184,-0.000000,0.898707,-0.257508,0.157795,0.000000,1.099539,0.000000,0.000000,0.000000,0.000000,0.000000,0.000000
1778448507.504001,sequential_ik_elbow_then_wrist,1,0,-0.174217,0.243338,-0.020858,-0.363569,0.369960,0.174366,-0.083147,-0.287697,0.017811,-0.270028,-0.350801,0.243849,0.000013,0.006744,0.002358,0.082086,0.000012,0.028987,0.002321,0.170250,0.000000,0.000000,0.000000,0.585306,-0.004833,-0.000000,0.876434,-0.262735,0.135972,0.000000,1.086251,0.000000,0.000000,0.000000,0.000000,0.000000,0.000000
1778448507.582218,sequential_ik_elbow_then_wrist,1,0,-0.173538,0.243239,-0.026823,-0.376434,0.368292,0.155372,-0.079726,-0.288847,0.014537,-0.269233,-0.354835,0.237545,0.000008,0.008830,0.001897,0.093930,0.000005,0.029497,0.001437,0.171748,0.000000,0.000000,0.000000,0.593563,-0.023642,-0.000000,0.853137,-0.264862,0.115983,0.000000,1.075704,0.000000,0.000000,0.000000,0.000000,0.000000,0.000000
1778448507.624437,sequential_ik_elbow_then_wrist,1,0,-0.171701,0.244441,-0.027700,-0.372433,0.373021,0.154438,-0.078638,-0.289204,0.013304,-0.269175,-0.355066,0.235471,0.000001,0.008208,0.000814,0.090597,0.000001,0.030147,0.000709,0.173627,0.000000,0.000000,0.000000,0.598481,-0.039651,-0.000000,0.835295,-0.265350,0.099251,0.000000,1.069024,0.000000,0.000000,0.000000,0.000000,0.000000,0.000000
1778448507.673376,sequential_ik_elbow_then_wrist,1,0,-0.170839,0.245157,-0.026683,-0.373681,0.375281,0.151986,-0.079832,-0.289009,0.010032,-0.273195,-0.354790,0.229767,0.000000,0.008555,0.000386,0.092487,0.000002,0.031394,0.000898,0.177184,0.000000,0.000000,0.000000,0.601214,-0.051580,-0.000000,0.819289,-0.266204,0.084162,0.000000,1.064526,0.000000,0.000000,0.000000,0.000000,0.000000,0.000000
1778448507.751156,sequential_ik_elbow_then_wrist,1,0,-0.168059,0.246604,-0.030704,-0.370380,0.376644,0.148617,-0.065087,-0.292694,0.009684,-0.252513,-0.360885,0.233786,0.000003,0.008807,0.001212,0.093845,0.000027,0.029334,0.003454,0.171254,0.000000,0.000000,0.000000,0.601140,-0.063084,-0.000000,0.808742,-0.257585,0.071938,0.000000,1.066864,0.000000,0.000000,0.000000,0.000000,0.000000,0.000000
1778448507.795313,sequential_ik_elbow_then_wrist,1,0,-0.149499,0.258172,-0.031581,-0.342912,0.392923,0.153982,-0.012673,-0.299420,0.013688,-0.163354,-0.379620,0.260392,0.000062,0.008521,0.005282,0.092260,0.000379,0.018367,0.012978,0.135342,0.000000,0.000000,0.000000,0.587076,-0.072939,-0.000000,0.807900,-0.216289,0.064970,0.000000,1.085609,0.000000,0.000000,0.000000,0.000000,0.000000,0.000000
1778448507.874033,sequential_ik_elbow_then_wrist,1,0,-0.142830,0.261181,-0.037202,-0.338224,0.394823,0.147084,0.006626,-0.299608,0.013824,-0.139613,-0.383770,0.261879,0.000023,0.010879,0.003234,0.104283,0.000124,0.020671,0.007409,0.143723,0.000000,0.000000,0.000000,0.568639,-0.084168,-0.000000,0.812090,-0.165003,0.060274,0.000000,1.109103,0.000000,0.000000,0.000000,0.000000,0.000000,0.000000
1778448507.920527,sequential_ik_elbow_then_wrist,1,0,-0.136778,0.263525,-0.042967,-0.329856,0.397979,0.143160,0.018150,-0.299118,0.014099,-0.119284,-0.389347,0.265038,0.000017,0.011640,0.002743,0.107855,0.000043,0.020049,0.004349,0.141589,0.000000,0.000000,0.000000,0.548841,-0.097144,-0.000000,0.821861,-0.114339,0.057007,0.000000,1.130244,0.000000,0.000000,0.000000,0.000000,0.000000,0.000000
1778448507.986810,sequential_ik_elbow_then_wrist,1,0,-0.132857,0.265320,-0.044204,-0.318999,0.402922,0.146628,0.032979,-0.297785,0.015374,-0.082670,-0.397144,0.273740,0.000006,0.010828,0.001667,0.104023,0.000044,0.015164,0.004428,0.123141,0.000000,0.000000,0.000000,0.529775,-0.108794,-0.000000,0.835884,-0.063964,0.055380,0.000000,1.145609,0.000000,0.000000,0.000000,0.000000,0.000000,0.000000
1778448508.054191,sequential_ik_elbow_then_wrist,1,0,-0.134384,0.264905,-0.042024,-0.317522,0.403653,0.150874,0.031301,-0.297999,0.014719,-0.104475,-0.395576,0.263805,0.000000,0.010406,0.000353,0.102006,0.000001,0.022264,0.000631,0.149210,0.000000,0.000000,0.000000,0.515297,-0.116696,-0.000000,0.848970,-0.023997,0.053932,0.000000,1.158139,0.000000,0.000000,0.000000,0.000000,0.000000,0.000000
1778448508.120479,sequential_ik_elbow_then_wrist,1,0,-0.137087,0.263250,-0.043666,-0.321797,0.399588,0.149451,0.049672,-0.295367,0.017058,-0.057000,-0.405087,0.275094,0.000001,0.010748,0.000802,0.103673,0.000044,0.014495,0.004438,0.120379,0.000000,0.000000,0.000000,0.506249,-0.123507,-0.000000,0.860219,0.018217,0.054232,0.000000,1.163185,0.000000,0.000000,0.000000,0.000000,0.000000,0.000000
1778448508.163953,sequential_ik_elbow_then_wrist,1,0,-0.141404,0.260935,-0.043790,-0.329033,0.394309,0.148582,0.045331,-0.296028,0.017678,-0.068521,-0.408136,0.271586,0.000004,0.011074,0.001332,0.105234,0.000000,0.017625,0.000259,0.132753,0.000000,0.000000,0.000000,0.502862,-0.128947,-0.000000,0.868921,0.050309,0.055159,0.000000,1.163591,0.000000,0.000000,0.000000,0.000000,0.000000,0.000000
1778448508.217307,sequential_ik_elbow_then_wrist,1,0,-0.143490,0.259644,-0.044674,-0.331562,0.392184,0.147841,0.040932,-0.296698,0.017173,-0.078210,-0.408576,0.268745,0.000002,0.010720,0.000919,0.103539,0.000002,0.019123,0.001023,0.138286,0.000000,0.000000,0.000000,0.502624,-0.133692,-0.000000,0.875843,0.071956,0.055712,0.000000,1.162206,0.000000,0.000000,0.000000,0.000000,0.000000,0.000000
1778448508.291684,sequential_ik_elbow_then_wrist,1,0,-0.145197,0.258617,-0.045111,-0.334449,0.389883,0.147120,0.040291,-0.296860,0.015841,-0.081959,-0.409079,0.265765,0.000001,0.010700,0.000696,0.103442,0.000001,0.019791,0.000500,0.140682,0.000000,0.000000,0.000000,0.504224,-0.137710,-0.000000,0.881295,0.087372,0.055275,0.000000,1.160589,0.000000,0.000000,0.000000,0.000000,0.000000,0.000000
1778448508.336341,sequential_ik_elbow_then_wrist,1,0,-0.146749,0.257487,-0.046532,-0.341748,0.385819,0.141899,0.037029,-0.297404,0.013405,-0.088316,-0.410408,0.261434,0.000001,0.011821,0.000711,0.108721,0.000003,0.020643,0.001056,0.143676,0.000000,0.000000,0.000000,0.507039,-0.141746,-0.000000,0.883923,0.096810,0.053241,0.000000,1.158894,0.000000,0.000000,0.000000,0.000000,0.000000,0.000000
1778448508.402163,sequential_ik_elbow_then_wrist,1,0,-0.149228,0.254415,-0.054811,-0.355394,0.379002,0.124001,0.032511,-0.298171,0.006112,-0.122923,-0.409726,0.237187,0.000011,0.014197,0.002250,0.119145,0.000011,0.031056,0.002199,0.176226,0.000000,0.000000,0.000000,0.511832,-0.150220,-0.000000,0.882744,0.100635,0.046804,0.000000,1.158290,0.000000,0.000000,0.000000,0.000000,0.000000,0.000000
1778448508.466462,sequential_ik_elbow_then_wrist,0,0,-0.144015,0.256045,-0.060832,-0.348400,0.386256,0.116008,0.022539,-0.299050,-0.007824,-0.145394,-0.414370,0.212402,0.000010,0.013224,0.002132,0.114997,0.000044,0.035979,0.004431,0.189680,0.000000,0.000000,0.000000,0.512806,-0.161683,-0.000000,0.882773,0.096599,0.032195,0.000000,1.156662,0.000000,0.000000,0.000000,0.000000,0.000000,0.000000
1778448508.529780,sequential_ik_elbow_then_wrist,0,0,-0.147653,0.248833,-0.079251,-0.371067,0.378215,0.073544,-0.075188,-0.282934,-0.065538,-0.323239,-0.383439,0.069995,0.000055,0.017584,0.004967,0.132561,0.001721,0.076919,0.028031,0.276898,0.000000,0.000000,0.000000,0.517089,-0.183233,-0.000000,0.874667,0.030939,-0.017255,0.000000,1.117730,0.000000,0.000000,0.000000,0.000000,0.000000,0.000000
1778448508.589889,sequential_ik_elbow_then_wrist,0,0,-0.191364,0.209732,-0.096913,-0.452973,0.325398,-0.006456,-0.127716,-0.256601,-0.088569,-0.389054,-0.368082,0.007735,0.000542,0.022542,0.016312,0.149335,0.001049,0.056258,0.022366,0.236313,0.000000,0.000000,0.000000,0.557416,-0.214184,-0.000000,0.831222,-0.069971,-0.078470,0.000000,1.039294,0.000000,0.000000,0.000000,0.000000,0.000000,0.000000
1778448508.653654,sequential_ik_elbow_then_wrist,0,0,-0.205262,0.189882,-0.108684,-0.474885,0.301930,-0.039773,-0.156794,-0.234172,-0.102856,-0.422026,-0.358164,-0.037451,0.000250,0.015461,0.011250,0.124128,0.000505,0.035458,0.015858,0.187705,0.000000,0.000000,0.000000,0.612420,-0.248663,-0.000000,0.780717,-0.182011,-0.139596,0.000000,0.943687,0.000000,0.000000,0.000000,0.000000,0.000000,0.000000
1778448508.706852,sequential_ik_elbow_then_wrist,1,0,-0.217848,0.180956,-0.098981,-0.495918,0.292163,-0.081371,-0.157296,-0.232873,-0.105014,-0.422351,-0.371669,-0.083068,0.000097,0.011966,0.007050,0.108200,0.000043,0.024582,0.004641,0.156029,0.000000,0.000000,0.000000,0.670241,-0.270923,-0.000000,0.703758,-0.277203,-0.190600,0.000000,0.834053,0.000000,0.000000,0.000000,0.000000,0.000000,0.000000
1778448508.765237,sequential_ik_elbow_then_wrist,1,0,-0.223329,0.182512,-0.082543,-0.502138,0.290601,-0.106672,-0.163675,-0.231641,-0.097740,-0.424574,-0.377213,-0.124950,0.000053,0.014808,0.004927,0.110309,0.000019,0.024882,0.003084,0.148478,0.000000,0.000000,0.000000,0.719945,-0.276247,-0.753600,0.521965,-0.355980,-0.225623,0.753600,0.622915,0.000000,0.000000,0.000000,0.000000,0.000000,0.000000
1778448508.842876,sequential_ik_elbow_then_wrist,1,0,-0.202414,0.199612,-0.095830,-0.472074,0.308058,-0.170149,-0.146424,-0.239360,-0.106146,-0.390894,-0.390157,-0.192717,0.000090,0.010354,0.006679,0.101751,0.000042,0.015579,0.004608,0.124808,0.000000,0.000000,0.000000,0.742661,-0.286263,-1.326336,0.385988,-0.405965,-0.256912,1.326336,0.466069,0.000000,0.000000,0.000000,0.000000,0.000000,0.000000
1778448508.878969,sequential_ik_elbow_then_wrist,1,0,-0.181850,0.213825,-0.105874,-0.446280,0.304582,-0.214687,-0.159501,-0.230268,-0.107406,-0.410808,-0.359480,-0.208148,0.000153,0.017369,0.008782,0.131474,0.000020,0.020407,0.003241,0.142791,0.000000,0.000000,0.000000,0.740660,-0.301856,-1.761615,0.304572,-0.451210,-0.282582,1.761615,0.356856,0.000000,0.000000,0.000000,0.000000,0.000000,0.000000
1778448508.944758,sequential_ik_elbow_then_wrist,1,0,-0.174086,0.212332,-0.120869,-0.436336,0.282092,-0.248769,-0.146319,-0.233033,-0.119525,-0.391690,-0.351489,-0.245069,0.000068,0.025005,0.005695,0.157985,0.000035,0.020968,0.004094,0.144623,0.000000,0.000000,0.000000,0.730938,-0.325466,-2.092428,0.258872,-0.479766,-0.310599,2.092428,0.291166,0.000000,0.000000,0.000000,0.000000,0.000000,0.000000
1778448509.003629,sequential_ik_elbow_then_wrist,1,0,-0.129505,0.229599,-0.143223,-0.372458,0.292297,-0.307669,-0.089890,-0.249375,-0.140471,-0.285070,-0.387988,-0.321278,0.000495,0.027142,0.016418,0.164327,0.000652,0.012006,0.018966,0.108638,0.000000,0.000000,0.000000,0.692495,-0.361758,-2.343845,0.252463,-0.464016,-0.348616,2.343845,0.275514,0.000000,0.000000,0.000000,0.000000,0.000000,0.000000
1778448509.078078,sequential_ik_elbow_then_wrist,1,0,-0.054292,0.247307,-0.160909,-0.266531,0.312238,-0.362747,-0.076629,-0.249611,-0.147725,-0.266408,-0.378040,-0.341347,0.001550,0.026117,0.030682,0.160758,0.000178,0.017348,0.010089,0.131533,0.000000,0.000000,0.000000,0.606825,-0.407267,-2.534922,0.287280,-0.432974,-0.386132,2.534922,0.280094,0.000000,0.000000,0.000000,0.000000,0.000000,0.000000
1778448509.136899,sequential_ik_elbow_then_wrist,1,0,-0.033195,0.243516,-0.172041,-0.233817,0.307673,-0.385664,-0.045411,-0.253525,-0.153827,-0.213270,-0.376047,-0.370187,0.000511,0.031270,0.017971,0.176574,0.000300,0.016124,0.013444,0.126648,0.000000,0.000000,0.000000,0.510860,-0.453335,-2.680141,0.336789,-0.383968,-0.421105,2.680141,0.305573,0.000000,0.000000,0.000000,0.000000,0.000000,0.000000
1778448509.199826,sequential_ik_elbow_then_wrist,0,0,-0.036408,0.236542,-0.180893,-0.232059,0.298932,-0.399590,-0.057873,-0.247403,-0.159507,-0.222227,-0.355942,-0.385796,0.000060,0.034888,0.005874,0.186759,0.000009,0.019335,0.001975,0.138941,0.000000,0.000000,0.000000,0.429796,-0.497272,-2.790507,0.381741,-0.346884,-0.453004,2.790507,0.338104,0.000000,0.000000,0.000000,0.000000,0.000000,0.000000
1778448509.253546,sequential_ik_elbow_then_wrist,1,0,-0.028531,0.230998,-0.189277,-0.208216,0.295692,-0.420639,-0.056710,-0.244767,-0.163931,-0.240149,-0.342808,-0.380120,0.000053,0.029365,0.005596,0.171358,0.000006,0.026258,0.001660,0.162043,0.000000,0.000000,0.000000,0.360898,-0.539278,-2.874385,0.418811,-0.318421,-0.481705,2.874385,0.362644,0.000000,0.000000,0.000000,0.000000,0.000000,0.000000
1778448509.310373,sequential_ik_elbow_then_wrist,1,0,-0.014907,0.227889,-0.194536,-0.178794,0.291744,-0.437566,-0.064606,-0.240485,-0.167311,-0.257845,-0.330425,-0.378426,0.000085,0.024203,0.007588,0.155560,0.000018,0.030523,0.003259,0.174702,0.000000,0.000000,0.000000,0.297578,-0.577450,-2.938133,0.451995,-0.302107,-0.507053,2.938133,0.377816,0.000000,0.000000,0.000000,0.000000,0.000000,0.000000
1778448509.364381,sequential_ik_elbow_then_wrist,0,0,-0.013003,0.225040,-0.197959,-0.168173,0.288305,-0.446796,-0.080368,-0.236220,-0.166557,-0.289997,-0.317892,-0.365014,0.000024,0.022890,0.004029,0.151290,0.000072,0.036672,0.006811,0.191457,0.000000,0.000000,0.000000,0.243984,-0.610614,-2.986581,0.479415,-0.301756,-0.526628,2.986581,0.379677,0.000000,0.000000,0.000000,0.000000,0.000000,0.000000
1778448509.421125,sequential_ik_elbow_then_wrist,0,0,-0.018037,0.220335,-0.202798,-0.178858,0.282260,-0.448363,-0.081255,-0.233404,-0.170059,-0.295895,-0.311028,-0.364749,0.000008,0.026124,0.001964,0.161624,0.000016,0.036542,0.003182,0.191139,0.000000,0.000000,0.000000,0.204260,-0.640758,-3.023402,0.496992,-0.306790,-0.544126,3.023402,0.374570,0.000000,0.000000,0.000000,0.000000,0.000000,0.000000
1778448509.499753,sequential_ik_elbow_then_wrist,0,0,-0.020636,0.218543,-0.204482,-0.185513,0.280080,-0.447441,-0.077899,-0.233669,-0.171262,-0.293396,-0.307774,-0.366376,0.000005,0.027691,0.001784,0.166395,0.000001,0.036318,0.000558,0.190573,0.000000,0.000000,0.000000,0.176175,-0.666215,-3.051385,0.505741,-0.310471,-0.558911,3.051385,0.369441,0.000000,0.000000,0.000000,0.000000,0.000000,0.000000
1778448509.549837,sequential_ik_elbow_then_wrist,0,0,-0.018902,0.216603,-0.206702,-0.180389,0.280510,-0.451320,-0.076316,-0.232750,-0.173214,-0.290754,-0.306321,-0.369692,0.000002,0.025890,0.000912,0.160894,0.000001,0.036004,0.000820,0.189747,0.000000,0.000000,0.000000,0.154805,-0.688022,-3.072653,0.508307,-0.312462,-0.571959,3.072653,0.365365,0.000000,0.000000,0.000000,0.000000,0.000000,0.000000
1778448509.623224,sequential_ik_elbow_then_wrist,0,0,-0.016698,0.216375,-0.207130,-0.177012,0.282805,-0.451847,-0.076020,-0.233469,-0.172376,-0.290486,-0.307403,-0.368687,0.000002,0.025274,0.001045,0.158974,0.000000,0.036195,0.000365,0.190249,0.000000,0.000000,0.000000,0.137227,-0.705525,-3.088816,0.507145,-0.313367,-0.581658,3.088816,0.361862,0.000000,0.000000,0.000000,0.000000,0.000000,0.000000
1778448509.670948,sequential_ik_elbow_then_wrist,0,0,-0.012017,0.216966,-0.206836,-0.170375,0.284180,-0.452611,-0.076557,-0.233609,-0.171948,-0.290326,-0.307243,-0.369130,0.000009,0.024496,0.002564,0.156511,0.000000,0.036064,0.000144,0.189906,0.000000,0.000000,0.000000,0.120404,-0.718799,-3.101100,0.506457,-0.314124,-0.588656,3.101100,0.359915,0.000000,0.000000,0.000000,0.000000,0.000000,0.000000
1778448509.737677,sequential_ik_elbow_then_wrist,0,0,-0.013111,0.215977,-0.207803,-0.168889,0.283554,-0.455121,-0.075503,-0.233268,-0.172874,-0.287911,-0.303516,-0.372744,0.000001,0.024250,0.000702,0.155725,0.000000,0.035948,0.000385,0.189595,0.000000,0.000000,0.000000,0.106763,-0.729695,-3.110436,0.506122,-0.314167,-0.594587,3.110436,0.361871,0.000000,0.000000,0.000000,0.000000,0.000000,0.000000
1778448509.794063,sequential_ik_elbow_then_wrist,0,0,-0.008421,0.215146,-0.208905,-0.158768,0.282415,-0.459645,-0.074052,-0.231953,-0.175255,-0.285246,-0.302012,-0.376472,0.000008,0.022236,0.002431,0.149116,0.000002,0.035570,0.000862,0.188600,0.000000,0.000000,0.000000,0.093199,-0.739116,-3.117531,0.507499,-0.313399,-0.601040,3.117531,0.364530,0.000000,0.000000,0.000000,0.000000,0.000000,0.000000
1778448509.869568,sequential_ik_elbow_then_wrist,0,0,-0.006868,0.213936,-0.210200,-0.155552,0.280568,-0.462100,-0.070407,-0.231372,-0.177510,-0.274350,-0.301214,-0.386148,0.000005,0.022107,0.001853,0.148684,0.000004,0.032809,0.001616,0.181125,0.000000,0.000000,0.000000,0.080533,-0.747649,-3.122924,0.509629,-0.310472,-0.608111,3.122924,0.370625,0.000000,0.000000,0.000000,0.000000,0.000000,0.000000
1778448509.917227,sequential_ik_elbow_then_wrist,1,0,0.002121,0.209716,-0.214511,-0.130407,0.280447,-0.474190,-0.048737,-0.230947,-0.185171,-0.232174,-0.302407,-0.411542,0.000037,0.016840,0.005207,0.129769,0.000118,0.025253,0.008828,0.158837,0.000000,0.000000,0.000000,0.064487,-0.758254,-3.127022,0.510492,-0.294534,-0.620036,3.127022,0.386886,0.000000,0.000000,0.000000,0.000000,0.000000,0.000000
1778448509.973281,sequential_ik_elbow_then_wrist,1,0,-0.000067,0.202325,-0.221505,-0.122455,0.264230,-0.488318,-0.034987,-0.225967,-0.194203,-0.213753,-0.297241,-0.424339,0.000018,0.015101,0.002974,0.122880,0.000123,0.025679,0.008988,0.160236,0.000000,0.000000,0.000000,0.050665,-0.773495,-3.130137,0.513640,-0.269560,-0.637791,3.130137,0.403878,0.000000,0.000000,0.000000,0.000000,0.000000,0.000000
1778448510.029860,sequential_ik_elbow_then_wrist,1,0,-0.005207,0.182423,-0.238107,-0.127099,0.249264,-0.503953,-0.032768,-0.214593,-0.207065,-0.218830,-0.283011,-0.432232,0.000102,0.015644,0.006878,0.124933,0.000068,0.030977,0.005948,0.175992,0.000000,0.000000,0.000000,0.042508,-0.802685,-3.132504,0.501759,-0.245343,-0.663853,3.132504,0.411984,0.000000,0.000000,0.000000,0.000000,0.000000,0.000000
1778448510.083318,sequential_ik_elbow_then_wrist,0,0,-0.008150,0.159475,-0.253971,-0.128534,0.226935,-0.520348,-0.028028,-0.201071,-0.220873,-0.224622,-0.274417,-0.435282,0.000153,0.015388,0.008567,0.123774,0.000081,0.036187,0.006300,0.190104,0.000000,0.000000,0.000000,0.039424,-0.846062,-3.134303,0.472925,-0.223193,-0.698689,3.134303,0.401567,0.000000,0.000000,0.000000,0.000000,0.000000,0.000000
1778448510.166675,sequential_ik_elbow_then_wrist,1,0,-0.005126,0.133095,-0.268811,-0.099002,0.201971,-0.545295,-0.002806,-0.193873,-0.228922,-0.187255,-0.272580,-0.452045,0.000174,0.008819,0.008789,0.093487,0.000276,0.029797,0.014449,0.172597,0.000000,0.000000,0.000000,0.037695,-0.902592,-3.135670,0.429675,-0.190310,-0.736474,3.135670,0.387393,0.000000,0.000000,0.000000,0.000000,0.000000,0.000000
1778448510.217277,sequential_ik_elbow_then_wrist,0,0,0.001891,0.111290,-0.278588,-0.087753,0.158205,-0.561011,-0.004190,-0.183290,-0.237460,-0.188098,-0.258595,-0.462198,0.000147,0.007235,0.008647,0.085019,0.000084,0.033224,0.007513,0.182269,0.000000,0.000000,0.000000,0.033849,-0.965796,-3.136709,0.390708,-0.158521,-0.775859,3.136709,0.373161,0.000000,0.000000,0.000000,0.000000,0.000000,0.000000
1778448510.270696,sequential_ik_elbow_then_wrist,0,0,0.001970,0.086945,-0.287118,-0.092273,0.116496,-0.570394,-0.009546,-0.176327,-0.242524,-0.187207,-0.232484,-0.477647,0.000143,0.008356,0.008302,0.091382,0.000018,0.033184,0.002832,0.182133,0.000000,0.000000,0.000000,0.029412,-1.034364,-3.137499,0.355531,-0.133981,-0.813357,3.137499,0.370613,0.000000,0.000000,0.000000,0.000000,0.000000,0.000000
1778448510.334934,sequential_ik_elbow_then_wrist,0,0,-0.005236,0.073752,-0.290746,-0.105059,0.088144,-0.573285,-0.008188,-0.171540,-0.245981,-0.188983,-0.206981,-0.482745,0.000067,0.010886,0.006085,0.104325,0.000010,0.034985,0.002189,0.186969,0.000000,0.000000,0.000000,0.027391,-1.099540,-3.138099,0.325107,-0.114503,-0.847262,3.138099,0.381330,0.000000,0.000000,0.000000,0.000000,0.000000,0.000000
1778448510.423636,sequential_ik_elbow_then_wrist,0,0,-0.005873,0.056946,-0.294487,-0.108206,0.070559,-0.576165,-0.009671,-0.169515,-0.247328,-0.192442,-0.182907,-0.484847,0.000077,0.011618,0.006670,0.107690,0.000002,0.036921,0.001088,0.192028,0.000000,0.000000,0.000000,0.027125,-1.162664,-3.138556,0.291059,-0.100092,-0.875725,3.138556,0.405741,0.000000,0.000000,0.000000,0.000000,0.000000,0.000000
1778448510.469356,sequential_ik_elbow_then_wrist,0,0,-0.007461,0.055510,-0.294725,-0.111595,0.067445,-0.575819,-0.011946,-0.162467,-0.251916,-0.203450,-0.167005,-0.482796,0.000037,0.012300,0.005855,0.110862,0.000014,0.041655,0.002874,0.204079,0.000000,0.000000,0.000000,0.028344,-1.214602,-3.138902,0.257912,-0.090828,-0.903086,3.138902,0.430393,0.000000,0.000000,0.000000,0.000000,0.000000,0.000000
1778448510.525064,sequential_ik_elbow_then_wrist,0,0,-0.010677,0.053835,-0.294937,-0.115340,0.069753,-0.575636,-0.014569,-0.160638,-0.252949,-0.206046,-0.158575,-0.483886,0.000074,0.012987,0.008511,0.113925,0.000012,0.042256,0.003117,0.205560,0.000000,0.000000,0.000000,0.031279,-1.255923,-3.139166,0.225905,-0.086304,-0.926382,3.139166,0.451807,0.000000,0.000000,0.000000,0.000000,0.000000,0.000000
1778448510.588795,sequential_ik_elbow_then_wrist,0,0,-0.013844,0.048924,-0.295660,-0.117201,0.062434,-0.576969,-0.018462,-0.160448,-0.252815,-0.209944,-0.157946,-0.483745,0.000133,0.013286,0.011397,0.115258,0.000022,0.042784,0.004401,0.206842,0.000000,0.000000,0.000000,0.036016,-1.290668,-3.139366,0.198658,-0.086549,-0.944530,3.139366,0.466344,0.000000,0.000000,0.000000,0.000000,0.000000,0.000000
1778448510.642853,sequential_ik_elbow_then_wrist,0,0,-0.015571,0.050606,-0.295291,-0.126410,0.057125,-0.573988,-0.019145,-0.154379,-0.256516,-0.212617,-0.150716,-0.485765,0.000155,0.015473,0.012400,0.124388,0.000021,0.043379,0.004019,0.208271,0.000000,0.000000,0.000000,0.042301,-1.316643,-3.139518,0.180039,-0.089715,-0.962732,3.139518,0.473667,0.000000,0.000000,0.000000,0.000000,0.000000,0.000000
1778448510.702012,sequential_ik_elbow_then_wrist,0,0,-0.020270,0.046943,-0.295610,-0.132917,0.052113,-0.573610,-0.021203,-0.153322,-0.256988,-0.216641,-0.151099,-0.484582,0.000279,0.016991,0.016626,0.130350,0.000017,0.044345,0.003901,0.210567,0.000000,0.000000,0.000000,0.050576,-1.338238,-3.139634,0.165275,-0.095180,-0.978141,3.139634,0.473305,0.000000,0.000000,0.000000,0.000000,0.000000,0.000000
1778448510.756200,sequential_ik_elbow_then_wrist,0,0,-0.023784,0.042757,-0.295983,-0.137426,0.047123,-0.573592,-0.030386,-0.151603,-0.257086,-0.231834,-0.147274,-0.479347,0.000394,0.018042,0.019741,0.134316,0.000085,0.049383,0.008757,0.222210,0.000000,0.000000,0.000000,0.060761,-1.357309,-3.139722,0.151365,-0.106214,-0.990472,3.139722,0.467085,0.000000,0.000000,0.000000,0.000000,0.000000,0.000000
1778448510.831442,sequential_ik_elbow_then_wrist,0,0,-0.023761,0.040784,-0.296263,-0.139284,0.047962,-0.573036,-0.029484,-0.151042,-0.257521,-0.230710,-0.146861,-0.479985,0.000373,0.018303,0.019244,0.135271,0.000031,0.047561,0.005294,0.218076,0.000000,0.000000,0.000000,0.072096,-1.373455,-3.139788,0.135574,-0.118736,-1.000395,3.139788,0.457500,0.000000,0.000000,0.000000,0.000000,0.000000,0.000000
1778448510.881923,sequential_ik_elbow_then_wrist,0,0,-0.022975,0.040708,-0.296336,-0.138716,0.047347,-0.573031,-0.026776,-0.149840,-0.258517,-0.227285,-0.150236,-0.481667,0.000321,0.017935,0.017876,0.133919,0.000004,0.045302,0.001941,0.212827,0.000000,0.000000,0.000000,0.083978,-1.386049,-3.139839,0.121032,-0.129710,-1.009211,3.139839,0.443988,0.000000,0.000000,0.000000,0.000000,0.000000,0.000000
1778448510.941433,sequential_ik_elbow_then_wrist,0,0,-0.022680,0.043012,-0.296033,-0.133368,0.051224,-0.574746,-0.026223,-0.149626,-0.258698,-0.222648,-0.149209,-0.485451,0.000282,0.016123,0.016719,0.126976,0.000001,0.042852,0.000942,0.207006,0.000000,0.000000,0.000000,0.096140,-1.394152,-3.139878,0.108585,-0.138759,-1.016416,3.139878,0.432198,0.000000,0.000000,0.000000,0.000000,0.000000,0.000000
1778448510.998698,sequential_ik_elbow_then_wrist,0,0,-0.021568,0.044827,-0.295847,-0.128377,0.058298,-0.575865,-0.020944,-0.150629,-0.258597,-0.211387,-0.153823,-0.490376,0.000221,0.014390,0.014801,0.119954,0.000010,0.038343,0.002994,0.195815,0.000000,0.000000,0.000000,0.108273,-1.398830,-3.139907,0.096147,-0.143340,-1.021903,3.139907,0.422573,0.000000,0.000000,0.000000,0.000000,0.000000,0.000000
1778448511.062050,sequential_ik_elbow_then_wrist,0,0,-0.017235,0.052689,-0.294834,-0.121873,0.080964,-0.574568,-0.016648,-0.152099,-0.258048,-0.198302,-0.161354,-0.496619,0.000087,0.011957,0.009097,0.109302,0.000028,0.033530,0.005016,0.183112,0.000000,0.000000,0.000000,0.119417,-1.397526,-3.139929,0.079160,-0.142962,-1.025448,3.139929,0.414786,0.000000,0.000000,0.000000,0.000000,0.000000,0.000000
1778448511.128493,sequential_ik_elbow_then_wrist,1,0,-0.015000,0.073847,-0.290382,-0.114707,0.104737,-0.571637,-0.007253,-0.154598,-0.256996,-0.183805,-0.183628,-0.497800,0.000072,0.009602,0.006124,0.097964,0.000106,0.029387,0.009789,0.171390,0.000000,0.000000,0.000000,0.128765,-1.382420,-3.139946,0.071742,-0.135065,-1.026896,3.139946,0.400428,0.000000,0.000000,0.000000,0.000000,0.000000,0.000000
1778448511.192065,sequential_ik_elbow_then_wrist,1,0,-0.013603,0.095958,-0.283914,-0.107726,0.130499,-0.566664,-0.009585,-0.156384,-0.255836,-0.190326,-0.215386,-0.487895,0.000094,0.007652,0.006538,0.087326,0.000029,0.031987,0.005093,0.178632,0.000000,0.000000,0.000000,0.135320,-1.353783,-3.139959,0.078371,-0.125069,-1.026171,3.139959,0.368311,0.000000,0.000000,0.000000,0.000000,0.000000,0.000000
1778448511.240896,sequential_ik_elbow_then_wrist,0,0,-0.015516,0.114625,-0.276804,-0.110763,0.173810,-0.555058,-0.017191,-0.159838,-0.253291,-0.199799,-0.240931,-0.477072,0.000087,0.007078,0.006381,0.084130,0.000006,0.033941,0.001915,0.184019,0.000000,0.000000,0.000000,0.139340,-1.315722,-3.139969,0.083309,-0.118636,-1.022180,3.139969,0.322714,0.000000,0.000000,0.000000,0.000000,0.000000,0.000000
1778448511.319365,sequential_ik_elbow_then_wrist,0,0,-0.017334,0.136713,-0.266475,-0.139780,0.232027,-0.523229,-0.031176,-0.168494,-0.246247,-0.224525,-0.274705,-0.449559,0.000118,0.011431,0.007474,0.106742,0.000113,0.038627,0.009505,0.196195,0.000000,0.000000,0.000000,0.140810,-1.267999,-3.139976,0.072427,-0.121550,-1.010679,3.139976,0.260214,0.000000,0.000000,0.000000,0.000000,0.000000,0.000000
1778448511.359432,sequential_ik_elbow_then_wrist,0,0,-0.018330,0.163376,-0.250943,-0.146038,0.343451,-0.454078,-0.058678,-0.182867,-0.230471,-0.278828,-0.297685,-0.398847,0.000184,0.010919,0.009403,0.102277,0.000532,0.049410,0.020381,0.221949,0.000000,0.000000,0.000000,0.139163,-1.208436,-3.139982,0.012779,-0.142920,-0.984518,3.139982,0.183507,0.000000,0.000000,0.000000,0.000000,0.000000,0.000000
1778448511.423826,sequential_ik_elbow_then_wrist,0,0,-0.054692,0.186142,-0.228823,-0.258558,0.355994,-0.368782,-0.121549,-0.187181,-0.200472,-0.358371,-0.316991,-0.331106,0.000561,0.037262,0.019607,0.193020,0.002133,0.045052,0.040158,0.211789,0.000000,0.000000,0.000000,0.153941,-1.135551,-3.139986,-0.038288,-0.205818,-0.935964,3.139986,0.091465,0.000000,0.000000,0.000000,0.000000,0.000000,0.000000
1778448511.484943,sequential_ik_elbow_then_wrist,0,0,-0.151045,0.180438,-0.186084,-0.402863,0.328963,-0.253376,-0.134303,-0.202360,-0.176105,-0.368284,-0.378510,-0.241098,0.004045,0.054055,0.055034,0.232497,0.000677,0.024276,0.020481,0.155807,0.000000,0.000000,0.000000,0.231257,-1.041591,-3.139990,-0.077099,-0.279933,-0.870956,3.139990,0.021513,0.000000,0.000000,0.000000,0.000000,0.000000,0.000000
1778448511.535573,sequential_ik_elbow_then_wrist,0,0,-0.125825,0.213371,-0.169236,-0.340201,0.419685,-0.130798,-0.134030,-0.213994,-0.161996,-0.390493,-0.365983,-0.128442,0.000264,0.038398,0.011286,0.195954,0.000120,0.044765,0.007662,0.211577,0.000000,0.000000,0.000000,0.298511,-0.943462,-3.139992,-0.106595,-0.343214,-0.804057,3.139992,-0.031650,0.000000,0.000000,0.000000,0.000000,0.000000,0.000000
1778448511.609116,sequential_ik_elbow_then_wrist,0,0,-0.172158,0.203383,-0.137829,-0.399169,0.373760,-0.040680,-0.147384,-0.210435,-0.154903,-0.403974,-0.338254,-0.066451,0.000697,0.022604,0.019757,0.126857,0.000080,0.061200,0.006775,0.247387,0.000000,0.000000,0.000000,0.380661,-0.840580,-2.386394,0.064649,-0.402027,-0.744083,3.139994,-0.072054,0.000000,0.000000,0.000000,0.000000,0.000000,0.000000
1778448511.655677,sequential_ik_elbow_then_wrist,1,0,-0.145206,0.261222,-0.026041,-0.338988,0.389555,0.163640,-0.150859,-0.243384,-0.089476,-0.389749,-0.348496,0.058451,0.002165,0.009712,0.031403,0.094038,0.000687,0.037982,0.017523,0.175152,0.000000,0.000000,0.000000,0.418937,-0.683594,-1.813659,0.265554,-0.440909,-0.652056,2.386395,0.102342,0.000000,0.000000,0.000000,0.000000,0.000000,0.000000
1778448511.733938,sequential_ik_elbow_then_wrist,1,0,-0.128169,0.270616,0.018432,-0.285218,0.385820,0.246607,-0.156423,-0.255734,-0.011487,-0.339494,-0.349320,0.206977,0.000759,0.006749,0.018390,0.082054,0.001114,0.012805,0.022295,0.108997,0.000000,0.000000,0.000000,0.429962,-0.518461,-1.378381,0.427733,-0.467693,-0.522575,1.813661,0.307850,0.000000,0.000000,0.000000,0.000000,0.000000,0.000000
1778448511.788182,sequential_ik_elbow_then_wrist,1,0,-0.146625,0.254583,0.060732,-0.291504,0.326809,0.313306,-0.139398,-0.262324,0.041885,-0.264432,-0.321031,0.308193,0.000460,0.009107,0.014296,0.095424,0.000726,0.006185,0.017966,0.077637,0.000000,0.000000,0.000000,0.448894,-0.356078,-1.047570,0.553465,-0.476248,-0.377469,1.378382,0.494135,0.000000,0.000000,0.000000,0.000000,0.000000,0.000000
1778448511.854873,sequential_ik_elbow_then_wrist,1,0,-0.155858,0.241622,0.085600,-0.289044,0.259033,0.353851,-0.146604,-0.250676,0.075294,-0.265445,-0.251809,0.350749,0.000228,0.011939,0.010118,0.109138,0.000322,0.010976,0.011944,0.104609,0.000000,0.000000,0.000000,0.474803,-0.208371,-0.796153,0.661789,-0.487442,-0.235432,1.047570,0.649418,0.000000,0.000000,0.000000,0.000000,0.000000,0.000000
1778448511.909431,sequential_ik_elbow_then_wrist,1,0,-0.168595,0.228487,0.096795,-0.308588,0.212281,0.361634,-0.177230,-0.221218,0.098246,-0.313837,-0.166775,0.359732,0.000119,0.017291,0.007505,0.131493,0.000405,0.024372,0.013853,0.156116,0.000000,0.000000,0.000000,0.508490,-0.083280,-0.605076,0.746416,-0.523060,-0.105295,0.796153,0.766558,0.000000,0.000000,0.000000,0.000000,0.000000,0.000000
1778448511.964991,sequential_ik_elbow_then_wrist,1,0,-0.164940,0.218221,0.123185,-0.305225,0.201057,0.387809,-0.177573,-0.203465,0.130651,-0.331233,-0.134334,0.378863,0.000141,0.016204,0.007963,0.127141,0.000294,0.030243,0.011715,0.173593,0.000000,0.000000,0.000000,0.539623,0.032205,-0.459858,0.795795,-0.564107,0.020261,0.605077,0.830606,0.000000,0.000000,0.000000,0.000000,0.000000,0.000000
1778448512.026255,sequential_ik_elbow_then_wrist,1,0,-0.151818,0.221203,0.134240,-0.281992,0.203874,0.403971,-0.166250,-0.195208,0.155740,-0.322240,-0.115323,0.399226,0.000062,0.013314,0.005387,0.115344,0.000176,0.031774,0.008842,0.178048,0.000000,0.000000,0.000000,0.557085,0.132204,-0.349492,0.825860,-0.597155,0.139365,0.459858,0.858736,0.000000,0.000000,0.000000,0.000000,0.000000,0.000000
1778448512.095496,sequential_ik_elbow_then_wrist,0,0,-0.139900,0.220918,0.147048,-0.261765,0.189805,0.419410,-0.171113,-0.177081,0.171355,-0.338720,-0.091313,0.404919,0.000069,0.013693,0.005852,0.117013,0.000141,0.038508,0.008491,0.195913,0.000000,0.000000,0.000000,0.562474,0.219960,-0.265614,0.851068,-0.632620,0.246854,0.349492,0.853166,0.000000,0.000000,0.000000,0.000000,0.000000,0.000000
1778448512.163415,sequential_ik_elbow_then_wrist,0,0,-0.132154,0.215483,0.161563,-0.222330,0.172691,0.444471,-0.180486,-0.161328,0.177195,-0.345936,-0.069402,0.409953,0.000064,0.009537,0.005462,0.097565,0.000132,0.039505,0.009109,0.198603,0.000000,0.000000,0.000000,0.561882,0.299777,-0.201867,0.880443,-0.674196,0.336928,0.265614,0.829984,0.000000,0.000000,0.000000,0.000000,0.000000,0.000000
1778448512.207511,sequential_ik_elbow_then_wrist,0,0,-0.136686,0.210036,0.164929,-0.225587,0.154111,0.445944,-0.183934,-0.158959,0.175785,-0.355391,-0.060101,0.401239,0.000013,0.011644,0.002501,0.107895,0.000033,0.041632,0.004708,0.203971,0.000000,0.000000,0.000000,0.564087,0.365911,-0.153419,0.906837,-0.713693,0.406142,0.201867,0.799649,0.000000,0.000000,0.000000,0.000000,0.000000,0.000000
1778448512.268691,sequential_ik_elbow_then_wrist,0,0,-0.147323,0.203345,0.164154,-0.228705,0.138381,0.445502,-0.200622,-0.151003,0.164161,-0.376595,-0.043153,0.381881,0.000037,0.012179,0.004882,0.110342,0.000114,0.046192,0.008355,0.214903,0.000000,0.000000,0.000000,0.574520,0.416888,-0.116598,0.931808,-0.757184,0.450274,0.153419,0.769377,0.000000,0.000000,0.000000,0.000000,0.000000,0.000000
1778448512.333421,sequential_ik_elbow_then_wrist,0,0,-0.144684,0.201457,0.168766,-0.222457,0.136775,0.451197,-0.197651,-0.150387,0.168280,-0.369276,-0.041063,0.388718,0.000007,0.010713,0.001877,0.103503,0.000008,0.042304,0.002275,0.205678,0.000000,0.000000,0.000000,0.584816,0.459179,-0.088615,0.950170,-0.794181,0.484838,0.116598,0.746756,0.000000,0.000000,0.000000,0.000000,0.000000,0.000000
1778448512.399482,sequential_ik_elbow_then_wrist,0,0,-0.145181,0.198632,0.171662,-0.221120,0.126393,0.452757,-0.197107,-0.148843,0.170278,-0.366871,-0.036038,0.390404,0.000005,0.011354,0.001644,0.106555,0.000003,0.042386,0.001290,0.205878,0.000000,0.000000,0.000000,0.594752,0.494301,-0.067347,0.965740,-0.824252,0.512828,0.088615,0.729974,0.000000,0.000000,0.000000,0.000000,0.000000,0.000000
1778448512.453511,sequential_ik_elbow_then_wrist,0,0,-0.148134,0.194369,0.174003,-0.223478,0.122291,0.455301,-0.195440,-0.147765,0.173114,-0.363210,-0.036690,0.395636,0.000009,0.011494,0.002407,0.107205,0.000002,0.040698,0.001000,0.201736,0.000000,0.000000,0.000000,0.606113,0.523449,-0.051184,0.975126,-0.847709,0.536626,0.067347,0.716301,0.000000,0.000000,0.000000,0.000000,0.000000,0.000000
1778448512.512636,sequential_ik_elbow_then_wrist,0,0,-0.151556,0.192046,0.173636,-0.224985,0.117631,0.454830,-0.194587,-0.148461,0.173479,-0.361089,-0.037770,0.397141,0.000008,0.011562,0.002330,0.107526,0.000000,0.040053,0.000411,0.200131,0.000000,0.000000,0.000000,0.618705,0.545886,-0.038900,0.982016,-0.865089,0.555567,0.051184,0.705693,0.000000,0.000000,0.000000,0.000000,0.000000,0.000000
1778448512.576784,sequential_ik_elbow_then_wrist,0,0,-0.153813,0.192303,0.171351,-0.228108,0.122476,0.453494,-0.187683,-0.148874,0.180587,-0.341814,-0.040604,0.414085,0.000004,0.010948,0.001563,0.104627,0.000015,0.035301,0.002753,0.187868,0.000000,0.000000,0.000000,0.630734,0.561274,-0.029564,0.984828,-0.875320,0.575594,0.038900,0.703671,0.000000,0.000000,0.000000,0.000000,0.000000,0.000000
1778448512.637191,sequential_ik_elbow_then_wrist,0,0,-0.156496,0.193521,0.167507,-0.233081,0.125435,0.449463,-0.189931,-0.150987,0.176435,-0.353061,-0.045545,0.405062,0.000005,0.011039,0.001563,0.105068,0.000002,0.037542,0.001050,0.193749,0.000000,0.000000,0.000000,0.641605,0.569714,-0.022468,0.986367,-0.881804,0.588912,0.029564,0.697534,0.000000,0.000000,0.000000,0.000000,0.000000,0.000000
1778448512.695258,sequential_ik_elbow_then_wrist,0,0,-0.160659,0.199010,0.156792,-0.246379,0.134113,0.436864,-0.188450,-0.153740,0.175644,-0.361472,-0.052823,0.398979,0.000023,0.012118,0.003203,0.110084,0.000003,0.038842,0.001481,0.197059,0.000000,0.000000,0.000000,0.650364,0.567523,-0.017076,0.987762,-0.884339,0.597998,0.022468,0.685409,0.000000,0.000000,0.000000,0.000000,0.000000,0.000000
1778448512.750013,sequential_ik_elbow_then_wrist,0,0,-0.188551,0.208738,0.104294,-0.347788,0.199361,0.358372,-0.211046,-0.170094,0.128560,-0.407516,-0.091356,0.341162,0.000488,0.019064,0.014875,0.137064,0.000361,0.039156,0.012650,0.197839,0.000000,0.000000,0.000000,0.666724,0.527878,-0.012978,0.948834,-0.886276,0.570887,0.017076,0.666562,0.000000,0.000000,0.000000,0.000000,0.000000,0.000000
1778448512.812135,sequential_ik_elbow_then_wrist,1,0,-0.197424,0.220514,0.048960,-0.370857,0.260205,0.290509,-0.217847,-0.186462,0.088173,-0.420683,-0.149543,0.306106,0.000608,0.011767,0.016445,0.108400,0.000382,0.027438,0.013050,0.165619,0.000000,0.000000,0.000000,0.681271,0.453672,-0.009863,0.909513,-0.882562,0.515753,0.012978,0.659200,0.000000,0.000000,0.000000,0.000000,0.000000,0.000000
1778448512.877074,sequential_ik_elbow_then_wrist,1,0,-0.188740,0.232869,0.012222,-0.407956,0.337058,0.188543,-0.218088,-0.204501,0.024834,-0.473452,-0.243622,0.177342,0.000361,0.011008,0.012658,0.103530,0.000744,0.022045,0.018211,0.147606,0.000000,0.000000,0.000000,0.683804,0.364367,-0.007496,0.838805,-0.869989,0.426118,0.009863,0.615069,0.000000,0.000000,0.000000,0.000000,0.000000,0.000000
1778448512.947785,sequential_ik_elbow_then_wrist,1,0,-0.234631,0.181628,-0.044268,-0.521037,0.257363,0.003015,-0.208018,-0.215662,-0.014788,-0.477484,-0.332727,0.045902,0.001082,0.023809,0.022001,0.151469,0.000434,0.012408,0.013878,0.109140,0.000000,0.000000,0.000000,0.726238,0.254017,-0.005697,0.714418,-0.848823,0.322565,0.007496,0.528070,0.000000,0.000000,0.000000,0.000000,0.000000,0.000000
1778448513.000618,sequential_ik_elbow_then_wrist,1,0,-0.229661,0.179180,-0.071766,-0.516534,0.245799,-0.128912,-0.204072,-0.217989,-0.028904,-0.472324,-0.343147,-0.077650,0.000252,0.018639,0.010591,0.134938,0.000098,0.011880,0.006578,0.108551,0.000000,0.000000,0.000000,0.767145,0.143107,-0.757930,0.570083,-0.827315,0.226997,0.759297,0.438374,0.000000,0.000000,0.000000,0.000000,0.000000,0.000000
1778448513.061260,sequential_ik_elbow_then_wrist,1,0,-0.194355,0.178982,-0.142098,-0.465206,0.258010,-0.244049,-0.189130,-0.209999,-0.100649,-0.457128,-0.305526,-0.195789,0.000924,0.013928,0.020398,0.117832,0.000766,0.018205,0.018468,0.134926,0.000000,0.000000,0.000000,0.786311,0.006054,-1.329627,0.444476,-0.806315,0.105104,1.330666,0.369406,0.000000,0.000000,0.000000,0.000000,0.000000,0.000000
1778448513.119972,sequential_ik_elbow_then_wrist,1,0,-0.075876,0.198114,-0.212117,-0.296675,0.277169,-0.399195,-0.150666,-0.210585,-0.151505,-0.410882,-0.300206,-0.270902,0.004031,0.011583,0.049360,0.107268,0.000816,0.021842,0.019489,0.147680,0.000000,0.000000,0.000000,0.734428,-0.167146,-1.764116,0.369949,-0.770565,-0.033585,1.764906,0.303327,0.000000,0.000000,0.000000,0.000000,0.000000,0.000000
1778448513.175498,sequential_ik_elbow_then_wrist,1,0,-0.028064,0.171654,-0.244433,-0.170270,0.277111,-0.486623,-0.089251,-0.197767,-0.207178,-0.330653,-0.282416,-0.363893,0.002521,0.002921,0.042612,0.054023,0.001523,0.024192,0.028716,0.155522,0.000000,0.000000,0.000000,0.651947,-0.345761,-2.094328,0.317462,-0.710453,-0.193212,2.094928,0.247718,0.000000,0.000000,0.000000,0.000000,0.000000,0.000000
1778448513.240762,sequential_ik_elbow_then_wrist,1,0,-0.029486,0.148011,-0.259275,-0.151938,0.264438,-0.507166,-0.061977,-0.182304,-0.230052,-0.294137,-0.258037,-0.404311,0.000602,0.003861,0.021084,0.061589,0.000769,0.029924,0.022077,0.172958,0.000000,0.000000,0.000000,0.573008,-0.506829,-2.345290,0.257834,-0.641799,-0.347604,2.345746,0.198122,0.000000,0.000000,0.000000,0.000000,0.000000,0.000000
1778448513.313054,sequential_ik_elbow_then_wrist,0,0,-0.033779,0.123572,-0.271273,-0.139940,0.237501,-0.527691,-0.055598,-0.177144,-0.235646,-0.278426,-0.242829,-0.425469,0.000166,0.003894,0.009364,0.062115,0.000226,0.033547,0.012951,0.183153,0.000000,0.000000,0.000000,0.509378,-0.650173,-2.536020,0.198241,-0.576445,-0.477634,2.536367,0.163671,0.000000,0.000000,0.000000,0.000000,0.000000,0.000000
1778448513.358012,sequential_ik_elbow_then_wrist,0,0,-0.026964,0.106334,-0.279224,-0.109156,0.220622,-0.544144,-0.048448,-0.176639,-0.237595,-0.268301,-0.243822,-0.430341,0.000120,0.001666,0.008201,0.040561,0.000136,0.035424,0.010568,0.188211,0.000000,0.000000,0.000000,0.458076,-0.776287,-2.680975,0.142042,-0.516029,-0.581245,2.681239,0.138869,0.000000,0.000000,0.000000,0.000000,0.000000,0.000000
1778448513.409190,sequential_ik_elbow_then_wrist,0,0,-0.025063,0.100247,-0.281642,-0.110535,0.206232,-0.548966,-0.042917,-0.175852,-0.239237,-0.262597,-0.244008,-0.431839,0.000040,0.002313,0.005247,0.048032,0.000093,0.038044,0.008842,0.195048,0.000000,0.000000,0.000000,0.416941,-0.880244,-2.791141,0.093356,-0.461295,-0.662690,2.791341,0.121589,0.000000,0.000000,0.000000,0.000000,0.000000,0.000000
1778448513.473936,sequential_ik_elbow_then_wrist,0,0,-0.025591,0.096411,-0.282931,-0.116720,0.201659,-0.548672,-0.039481,-0.173115,-0.241811,-0.257084,-0.245593,-0.435190,0.000011,0.003180,0.002749,0.056330,0.000053,0.038960,0.006669,0.197382,0.000000,0.000000,0.000000,0.384620,-0.963415,-2.874867,0.050101,-0.413282,-0.727793,2.875019,0.108110,0.000000,0.000000,0.000000,0.000000,0.000000,0.000000
1778448513.541746,sequential_ik_elbow_then_wrist,0,0,-0.030317,0.096949,-0.282280,-0.143298,0.195448,-0.542151,-0.034334,-0.165839,-0.247626,-0.257229,-0.245334,-0.432012,0.000003,0.006927,0.001773,0.083216,0.000054,0.042427,0.006372,0.205939,0.000000,0.000000,0.000000,0.360867,-1.026373,-2.938499,0.013472,-0.371378,-0.784192,2.938615,0.088254,0.000000,0.000000,0.000000,0.000000,0.000000,0.000000
1778448513.600073,sequential_ik_elbow_then_wrist,0,0,-0.031198,0.100537,-0.280925,-0.149307,0.202396,-0.537197,-0.041476,-0.161996,-0.249073,-0.268455,-0.245347,-0.426649,0.000004,0.007486,0.001619,0.086510,0.000005,0.046534,0.001686,0.215657,0.000000,0.000000,0.000000,0.343439,-1.071735,-2.986859,-0.017672,-0.340633,-0.830160,2.986947,0.060821,0.000000,0.000000,0.000000,0.000000,0.000000,0.000000
1778448513.656523,sequential_ik_elbow_then_wrist,0,0,-0.021274,0.104574,-0.280378,-0.129313,0.218174,-0.536156,-0.048517,-0.158611,-0.249977,-0.275483,-0.251188,-0.422939,0.000062,0.004418,0.007713,0.066449,0.000036,0.045550,0.005570,0.213333,0.000000,0.000000,0.000000,0.326499,-1.104864,-3.023613,-0.045116,-0.322115,-0.866874,3.023680,0.024903,0.000000,0.000000,0.000000,0.000000,0.000000,0.000000
1778448513.722260,sequential_ik_elbow_then_wrist,0,0,-0.021938,0.096404,-0.283240,-0.139863,0.221526,-0.529082,-0.047666,-0.158379,-0.250288,-0.271589,-0.256331,-0.424253,0.000024,0.006128,0.004433,0.078082,0.000010,0.041425,0.002997,0.203500,0.000000,0.000000,0.000000,0.311741,-1.134758,-3.051546,-0.079355,-0.310635,-0.895484,3.051597,-0.010995,0.000000,0.000000,0.000000,0.000000,0.000000,0.000000
1778448513.780753,sequential_ik_elbow_then_wrist,0,0,-0.022386,0.091467,-0.284838,-0.151803,0.222373,-0.521724,-0.053695,-0.153343,-0.252196,-0.279123,-0.259692,-0.419145,0.000009,0.008541,0.002518,0.092407,0.000048,0.040588,0.006497,0.201380,0.000000,0.000000,0.000000,0.299650,-1.161580,-3.072775,-0.108310,-0.307401,-0.919617,3.072814,-0.052268,0.000000,0.000000,0.000000,0.000000,0.000000,0.000000
1778448513.841695,sequential_ik_elbow_then_wrist,0,0,-0.027853,0.083519,-0.286790,-0.169071,0.219312,-0.513986,-0.056842,-0.146219,-0.255713,-0.286811,-0.253387,-0.415804,0.000030,0.012681,0.004984,0.112611,0.000070,0.041119,0.007701,0.202772,0.000000,0.000000,0.000000,0.292346,-1.186934,-3.088909,-0.130316,-0.311105,-0.942617,3.088938,-0.087724,0.000000,0.000000,0.000000,0.000000,0.000000,0.000000
1778448513.898361,sequential_ik_elbow_then_wrist,0,0,-0.034848,0.078905,-0.287332,-0.197768,0.203830,-0.506080,-0.057257,-0.144359,-0.256675,-0.293026,-0.247767,-0.410687,0.000128,0.020049,0.011121,0.141595,0.000036,0.042460,0.005658,0.206058,0.000000,0.000000,0.000000,0.291080,-1.208874,-3.101171,-0.147040,-0.318397,-0.962247,3.101193,-0.114670,0.000000,0.000000,0.000000,0.000000,0.000000,0.000000
1778448513.966380,sequential_ik_elbow_then_wrist,0,0,-0.036085,0.071518,-0.289107,-0.211585,0.195461,-0.498482,-0.057226,-0.140776,-0.258665,-0.294712,-0.245289,-0.409254,0.000175,0.024801,0.012943,0.157483,0.000025,0.041964,0.004660,0.204852,0.000000,0.000000,0.000000,0.294766,-1.230312,-3.110490,-0.159750,-0.327472,-0.980031,3.110507,-0.135149,0.000000,0.000000,0.000000,0.000000,0.000000,0.000000
1778448514.021184,sequential_ik_elbow_then_wrist,0,0,-0.039166,0.068135,-0.289523,-0.242322,0.181706,-0.478809,-0.056496,-0.135619,-0.261564,-0.300699,-0.233187,-0.405943,0.000235,0.036968,0.015143,0.192272,0.000022,0.045630,0.004180,0.213611,0.000000,0.000000,0.000000,0.302770,-1.248942,-3.117572,-0.169410,-0.337273,-0.997781,3.117585,-0.150713,0.000000,0.000000,0.000000,0.000000,0.000000,0.000000
1778448514.077098,sequential_ik_elbow_then_wrist,0,0,-0.042438,0.066033,-0.289549,-0.267665,0.169527,-0.458552,-0.055699,-0.128840,-0.265137,-0.303966,-0.229702,-0.400011,0.000297,0.048996,0.017074,0.221350,0.000027,0.047945,0.004445,0.218964,0.000000,0.000000,0.000000,0.314595,-1.263958,-3.122955,-0.176752,-0.347520,-1.016846,3.122965,-0.162542,0.000000,0.000000,0.000000,0.000000,0.000000,0.000000
1778448514.166113,sequential_ik_elbow_then_wrist,0,0,-0.056439,0.063864,-0.287639,-0.300048,0.154902,-0.437193,-0.053646,-0.126144,-0.266852,-0.307506,-0.228205,-0.389890,0.000791,0.063746,0.027832,0.252480,0.000009,0.051673,0.002547,0.227317,0.000000,0.000000,0.000000,0.333126,-1.273044,-3.127046,-0.182331,-0.356794,-1.034872,3.127053,-0.171532,0.000000,0.000000,0.000000,0.000000,0.000000,0.000000
1778448514.210412,sequential_ik_elbow_then_wrist,0,0,-0.063782,0.063481,-0.286185,-0.323432,0.150218,-0.408899,-0.055656,-0.124773,-0.267084,-0.318747,-0.221806,-0.373704,0.000979,0.076204,0.030916,0.276051,0.000012,0.059898,0.003332,0.244740,0.000000,0.000000,0.000000,0.358309,-1.276876,-3.130155,-0.186572,-0.366051,-1.049712,3.130160,-0.178364,0.000000,0.000000,0.000000,0.000000,0.000000,0.000000
1778448514.271664,sequential_ik_elbow_then_wrist,0,0,-0.070448,0.061024,-0.285154,-0.339765,0.144155,-0.387905,-0.055980,-0.123724,-0.267504,-0.324718,-0.218285,-0.361516,0.001151,0.084230,0.033502,0.290224,0.000009,0.065278,0.002934,0.255495,0.000000,0.000000,0.000000,0.389971,-1.277501,-3.132518,-0.189795,-0.375015,-1.061815,3.132522,-0.183557,0.000000,0.000000,0.000000,0.000000,0.000000,0.000000
1778448514.327256,sequential_ik_elbow_then_wrist,0,0,-0.071624,0.060898,-0.284888,-0.345076,0.148033,-0.372248,-0.056028,-0.122711,-0.267960,-0.330016,-0.212589,-0.350743,0.000941,0.085385,0.030280,0.292208,0.000007,0.070880,0.002474,0.266233,0.000000,0.000000,0.000000,0.425720,-1.276146,-3.134313,-0.192244,-0.383438,-1.071820,3.134317,-0.187503,0.000000,0.000000,0.000000,0.000000,0.000000,0.000000
1778448514.393359,sequential_ik_elbow_then_wrist,0,0,-0.076252,0.060263,-0.283820,-0.357681,0.150415,-0.335495,-0.055999,-0.122512,-0.268057,-0.334272,-0.210353,-0.337689,0.000927,0.098103,0.030005,0.313214,0.000004,0.076584,0.001840,0.276738,0.000000,0.000000,0.000000,0.464893,-1.272470,-3.135678,-0.194105,-0.391038,-1.079734,3.135681,-0.190502,0.000000,0.000000,0.000000,0.000000,0.000000,0.000000
1778448514.440390,sequential_ik_elbow_then_wrist,0,0,-0.076101,0.057780,-0.284377,-0.360265,0.151216,-0.307198,-0.051401,-0.123106,-0.268706,-0.335315,-0.205004,-0.320529,0.000753,0.107393,0.027052,0.327709,0.000004,0.085154,0.001953,0.291812,0.000000,0.000000,0.000000,0.505648,-1.269596,-3.136715,-0.195520,-0.395571,-1.086717,3.136717,-0.192782,0.000000,0.000000,0.000000,0.000000,0.000000,0.000000
1778448514.506732,sequential_ik_elbow_then_wrist,0,0,-0.072548,0.054833,-0.285885,-0.355970,0.153068,-0.281214,-0.049507,-0.124601,-0.268372,-0.337935,-0.201262,-0.298909,0.000528,0.117465,0.022647,0.342732,0.000010,0.096485,0.003127,0.310621,0.000000,0.000000,0.000000,0.545612,-1.269699,-3.137504,-0.196595,-0.396997,-1.091798,3.137505,-0.194514,0.000000,0.000000,0.000000,0.000000,0.000000,0.000000
1778448514.573696,sequential_ik_elbow_then_wrist,0,0,-0.080815,0.056334,-0.283364,-0.359788,0.159474,-0.244172,-0.050822,-0.124074,-0.268371,-0.341053,-0.199229,-0.279197,0.000612,0.131761,0.024316,0.362988,0.000002,0.107181,0.001256,0.327385,0.000000,0.000000,0.000000,0.585937,-1.265502,-3.138103,-0.197412,-0.397269,-1.095586,3.138104,-0.195831,0.000000,0.000000,0.000000,0.000000,0.000000,0.000000
1778448514.624699,sequential_ik_elbow_then_wrist,0,0,-0.098018,0.058065,-0.277526,-0.369770,0.161708,-0.203980,-0.053152,-0.124542,-0.267702,-0.343111,-0.200608,-0.255964,0.000963,0.143963,0.030186,0.379425,0.000001,0.118014,0.000626,0.343531,0.000000,0.000000,0.000000,0.630406,-1.251841,-3.138558,-0.198033,-0.397814,-1.097525,3.138559,-0.196831,0.000000,0.000000,0.000000,0.000000,0.000000,0.000000
1778448514.688088,sequential_ik_elbow_then_wrist,0,0,-0.106930,0.059150,-0.273984,-0.364416,0.158086,-0.156031,-0.064811,-0.126535,-0.264175,-0.352637,-0.205577,-0.234031,0.000861,0.160771,0.028486,0.400963,0.000068,0.125837,0.007703,0.354736,0.000000,0.000000,0.000000,0.678917,-1.233089,-3.138904,-0.198505,-0.403306,-1.094219,3.138905,-0.197592,0.000000,0.000000,0.000000,0.000000,0.000000,0.000000
1778448514.752025,sequential_ik_elbow_then_wrist,0,0,-0.126341,0.077729,-0.260761,-0.378745,0.152834,-0.117055,-0.082291,-0.128829,-0.258130,-0.367055,-0.206622,-0.204678,0.000567,0.163066,0.021447,0.403814,0.000282,0.133840,0.015738,0.365841,0.000000,0.000000,0.000000,0.728503,-1.197556,-3.139167,-0.198864,-0.418743,-1.083448,3.139168,-0.198170,0.000000,0.000000,0.000000,0.000000,0.000000,0.000000
1778448514.811009,sequential_ik_elbow_then_wrist,0,0,-0.143553,0.098140,-0.244461,-0.394302,0.164192,-0.093590,-0.091745,-0.136736,-0.250771,-0.375259,-0.206412,-0.181739,0.000283,0.148505,0.013055,0.385363,0.000226,0.134014,0.013691,0.366079,0.000000,0.000000,0.000000,0.773858,-1.146218,-3.139367,-0.199137,-0.441036,-1.064618,3.139367,-0.198609,0.000000,0.000000,0.000000,0.000000,0.000000,0.000000
1778448514.877027,sequential_ik_elbow_then_wrist,0,0,-0.156638,0.104066,-0.233741,-0.398533,0.171556,-0.069631,-0.098336,-0.150554,-0.240133,-0.378271,-0.211119,-0.150870,0.000146,0.046859,0.009465,0.180154,0.000121,0.134928,0.008891,0.367325,0.000000,0.000000,0.000000,0.815289,-1.090584,-2.385919,0.088691,-0.464525,-1.036173,3.139519,-0.198943,0.000000,0.000000,0.000000,0.000000,0.000000,0.000000
1778448514.931292,sequential_ik_elbow_then_wrist,0,0,-0.167741,0.107865,-0.224116,-0.398711,0.183924,-0.048423,-0.110537,-0.160802,-0.227869,-0.381848,-0.214667,-0.111726,0.000090,0.008057,0.007356,0.080883,0.000127,0.139520,0.008812,0.373524,0.000000,0.000000,0.000000,0.852832,-1.035261,-1.813298,0.400865,-0.489367,-0.999200,3.139635,-0.199197,0.000000,0.000000,0.000000,0.000000,0.000000,0.000000
1778448514.998650,sequential_ik_elbow_then_wrist,0,0,-0.177717,0.123331,-0.207861,-0.397866,0.197324,-0.017968,-0.122587,-0.172758,-0.212432,-0.385622,-0.222968,-0.077185,0.000096,0.004104,0.006544,0.063552,0.000129,0.078757,0.008276,0.261635,0.000000,0.000000,0.000000,0.880398,-0.975708,-1.378107,0.657549,-0.514319,-0.953512,2.386122,0.044225,0.000000,0.000000,0.000000,0.000000,0.000000,0.000000
1778448515.054592,sequential_ik_elbow_then_wrist,0,0,-0.193448,0.136537,-0.184216,-0.413521,0.198733,0.009947,-0.148435,-0.177136,-0.191285,-0.405604,-0.223464,-0.043916,0.000171,0.005492,0.008725,0.074033,0.000288,0.040707,0.013082,0.197727,0.000000,0.000000,0.000000,0.899712,-0.907148,-1.047361,0.844544,-0.547656,-0.897252,1.813453,0.325551,0.000000,0.000000,0.000000,0.000000,0.000000,0.000000
1778448515.113956,sequential_ik_elbow_then_wrist,1,0,-0.202557,0.157953,-0.154989,-0.404276,0.210745,0.060702,-0.163765,-0.188279,-0.166529,-0.407645,-0.230804,0.002924,0.000265,0.005510,0.011169,0.074219,0.000231,0.029294,0.010694,0.170835,0.000000,0.000000,0.000000,0.906202,-0.827859,-0.795994,0.984199,-0.582487,-0.830385,1.378224,0.564453,0.000000,0.000000,0.000000,0.000000,0.000000,0.000000
1778448515.171437,sequential_ik_elbow_then_wrist,1,0,-0.201509,0.172882,-0.139664,-0.401358,0.225752,0.077742,-0.167214,-0.205143,-0.141265,-0.402111,-0.232910,0.043267,0.000141,0.006581,0.008421,0.081001,0.000177,0.028291,0.008852,0.168184,0.000000,0.000000,0.000000,0.900485,-0.750524,-0.604956,1.079641,-0.607514,-0.755819,1.047450,0.751623,0.000000,0.000000,0.000000,0.000000,0.000000,0.000000
1778448515.234294,sequential_ik_elbow_then_wrist,1,0,-0.195844,0.194136,-0.118138,-0.369408,0.248796,0.120374,-0.179688,-0.210710,-0.115384,-0.389963,-0.223819,0.098188,0.000207,0.005137,0.010203,0.071657,0.000171,0.024805,0.008724,0.157440,0.000000,0.000000,0.000000,0.880386,-0.673162,-0.459766,1.155808,-0.629830,-0.676040,0.796062,0.904101,0.000000,0.000000,0.000000,0.000000,0.000000,0.000000
1778448515.289985,sequential_ik_elbow_then_wrist,1,0,-0.188254,0.211676,-0.098759,-0.307574,0.260628,0.172103,-0.175122,-0.222405,-0.099339,-0.366809,-0.221004,0.131430,0.000182,0.002363,0.009423,0.047643,0.000091,0.023099,0.006441,0.151900,0.000000,0.000000,0.000000,0.849396,-0.597268,-0.349422,1.236807,-0.640932,-0.599519,0.605007,1.032070,0.000000,0.000000,0.000000,0.000000,0.000000,0.000000
1778448515.367211,sequential_ik_elbow_then_wrist,1,0,-0.182776,0.218891,-0.093165,-0.286588,0.254024,0.186100,-0.177058,-0.226681,-0.085242,-0.356638,-0.211203,0.154573,0.000052,0.002734,0.005046,0.051942,0.000053,0.023740,0.004842,0.154036,0.000000,0.000000,0.000000,0.816025,-0.531989,-0.265561,1.312688,-0.647060,-0.528576,0.459806,1.137824,0.000000,0.000000,0.000000,0.000000,0.000000,0.000000
1778448515.404771,sequential_ik_elbow_then_wrist,1,0,-0.180310,0.222077,-0.090390,-0.290385,0.244173,0.187810,-0.177541,-0.230649,-0.072664,-0.350533,-0.206313,0.171225,0.000013,0.004788,0.002491,0.069170,0.000039,0.024165,0.004141,0.155445,0.000000,0.000000,0.000000,0.785622,-0.478825,-0.201826,1.374969,-0.649838,-0.463690,0.349452,1.221083,0.000000,0.000000,0.000000,0.000000,0.000000,0.000000
1778448515.472709,sequential_ik_elbow_then_wrist,1,0,-0.181439,0.224461,-0.081837,-0.297819,0.228844,0.194634,-0.176411,-0.232950,-0.067922,-0.352585,-0.200960,0.172784,0.000013,0.007662,0.002449,0.087527,0.000011,0.027144,0.002183,0.164753,0.000000,0.000000,0.000000,0.760809,-0.432095,-0.153388,1.424458,-0.650053,-0.408855,0.265584,1.283736,0.000000,0.000000,0.000000,0.000000,0.000000,0.000000
1778448515.535007,sequential_ik_elbow_then_wrist,1,0,-0.180133,0.227138,-0.077203,-0.301873,0.221911,0.196935,-0.179444,-0.230919,-0.066906,-0.363673,-0.194261,0.167008,0.000008,0.009743,0.001847,0.098708,0.000002,0.031114,0.001001,0.176381,0.000000,0.000000,0.000000,0.739841,-0.392168,-0.116575,1.461892,-0.652005,-0.365275,0.201844,1.326657,0.000000,0.000000,0.000000,0.000000,0.000000,0.000000
1778448515.596832,sequential_ik_elbow_then_wrist,0,0,-0.179614,0.227918,-0.076107,-0.302865,0.218382,0.197240,-0.186931,-0.225175,-0.065977,-0.383859,-0.182926,0.156361,0.000001,0.010743,0.000770,0.103647,0.000013,0.036574,0.002511,0.191196,0.000000,0.000000,0.000000,0.722822,-0.360113,-0.088597,1.490677,-0.659776,-0.331134,0.153401,1.349154,0.000000,0.000000,0.000000,0.000000,0.000000,0.000000
1778448515.662093,sequential_ik_elbow_then_wrist,0,0,-0.182068,0.226635,-0.074081,-0.301493,0.214662,0.200863,-0.190684,-0.222163,-0.065446,-0.393445,-0.177447,0.151091,0.000002,0.010544,0.000844,0.102682,0.000007,0.038294,0.001794,0.195657,0.000000,0.000000,0.000000,0.711303,-0.334070,-0.067334,1.513913,-0.670200,-0.304616,0.116585,1.357862,0.000000,0.000000,0.000000,0.000000,0.000000,0.000000
1778448515.723692,sequential_ik_elbow_then_wrist,0,0,-0.183118,0.225530,-0.074858,-0.304275,0.214550,0.199369,-0.189686,-0.223527,-0.063680,-0.392013,-0.177508,0.152990,0.000001,0.010636,0.000519,0.103128,0.000000,0.037815,0.000464,0.194457,0.000000,0.000000,0.000000,0.703838,-0.314387,-0.051174,1.530382,-0.678209,-0.283213,0.088605,1.361939,0.000000,0.000000,0.000000,0.000000,0.000000,0.000000
1778448515.771907,sequential_ik_elbow_then_wrist,0,0,-0.183497,0.224490,-0.077028,-0.305140,0.215496,0.197056,-0.189314,-0.224210,-0.062372,-0.391318,-0.178892,0.154747,0.000001,0.010378,0.000638,0.101874,0.000000,0.037500,0.000445,0.193647,0.000000,0.000000,0.000000,0.699075,-0.300836,-0.038892,1.542266,-0.683867,-0.265836,0.067339,1.363621,0.000000,0.000000,0.000000,0.000000,0.000000,0.000000
1778448515.833995,sequential_ik_elbow_then_wrist,0,0,-0.184481,0.223319,-0.078072,-0.306862,0.216238,0.195739,-0.190512,-0.223667,-0.060648,-0.391871,-0.179382,0.157281,0.000001,0.010185,0.000595,0.100918,0.000001,0.036989,0.000564,0.192324,0.000000,0.000000,0.000000,0.696616,-0.291528,-0.029558,1.550337,-0.688846,-0.251289,0.051178,1.363203,0.000000,0.000000,0.000000,0.000000,0.000000,0.000000
1778448515.897877,sequential_ik_elbow_then_wrist,0,0,-0.186053,0.221821,-0.078611,-0.311627,0.216374,0.193788,-0.190583,-0.223423,-0.061320,-0.392224,-0.180559,0.156633,0.000001,0.010412,0.000694,0.102035,0.000000,0.036621,0.000124,0.191365,0.000000,0.000000,0.000000,0.696383,-0.285024,-0.022464,1.553969,-0.692927,-0.240349,0.038895,1.361429,0.000000,0.000000,0.000000,0.000000,0.000000,0.000000
1778448515.945915,sequential_ik_elbow_then_wrist,0,0,-0.186277,0.220800,-0.080923,-0.307396,0.215744,0.193494,-0.187990,-0.225358,-0.062237,-0.390405,-0.184596,0.155402,0.000001,0.009544,0.000705,0.097688,0.000001,0.036339,0.000787,0.190626,0.000000,0.000000,0.000000,0.697129,-0.281691,-0.017073,1.559042,-0.694099,-0.232640,0.029560,1.359536,0.000000,0.000000,0.000000,0.000000,0.000000,0.000000
1778448516.011374,sequential_ik_elbow_then_wrist,0,0,-0.186732,0.219214,-0.084122,-0.302215,0.212351,0.192675,-0.182560,-0.229181,-0.064405,-0.389830,-0.194025,0.149611,0.000002,0.008883,0.001001,0.094222,0.000008,0.036969,0.001878,0.192271,0.000000,0.000000,0.000000,0.698782,-0.281579,-0.012975,1.568541,-0.690421,-0.228291,0.022466,1.355343,0.000000,0.000000,0.000000,0.000000,0.000000,0.000000
1778448516.068666,sequential_ik_elbow_then_wrist,0,0,-0.187545,0.218209,-0.084921,-0.302666,0.212116,0.192045,-0.179263,-0.230983,-0.067169,-0.387548,-0.200389,0.146562,0.000001,0.008647,0.000590,0.092984,0.000005,0.036892,0.001550,0.192073,0.000000,0.000000,0.000000,0.701102,-0.282562,-0.009861,1.577477,-0.684219,-0.227077,0.017074,1.351646,0.000000,0.000000,0.000000,0.000000,0.000000,0.000000
1778448516.133163,sequential_ik_elbow_then_wrist,0,0,-0.187962,0.216814,-0.087534,-0.303446,0.211543,0.189297,-0.177739,-0.230884,-0.071424,-0.387000,-0.203326,0.141768,0.000002,0.008545,0.000832,0.092436,0.000004,0.037015,0.001327,0.192391,0.000000,0.000000,0.000000,0.703899,-0.285237,-0.007494,1.585359,-0.677967,-0.229330,0.012976,1.349520,0.000000,0.000000,0.000000,0.000000,0.000000,0.000000
1778448516.196757,sequential_ik_elbow_then_wrist,0,0,-0.184907,0.217952,-0.091140,-0.298535,0.214013,0.186480,-0.175690,-0.229831,-0.079441,-0.386664,-0.207970,0.132719,0.000003,0.008019,0.001232,0.089542,0.000011,0.036449,0.002201,0.190915,0.000000,0.000000,0.000000,0.704388,-0.290041,-0.005696,1.594363,-0.672226,-0.236879,0.009862,1.348705,0.000000,0.000000,0.000000,0.000000,0.000000,0.000000
1778448516.255068,sequential_ik_elbow_then_wrist,0,0,-0.181733,0.219797,-0.093072,-0.294704,0.218231,0.184840,-0.175549,-0.228740,-0.082829,-0.386877,-0.211487,0.129404,0.000004,0.007704,0.001318,0.087766,0.000004,0.035346,0.001301,0.188005,0.000000,0.000000,0.000000,0.702088,-0.295580,-0.004329,1.603153,-0.667960,-0.246123,0.007495,1.348507,0.000000,0.000000,0.000000,0.000000,0.000000,0.000000
1778448516.318210,sequential_ik_elbow_then_wrist,0,0,-0.177477,0.220682,-0.099002,-0.288692,0.221986,0.179619,-0.176865,-0.228122,-0.081726,-0.388505,-0.209740,0.130100,0.000009,0.007293,0.002060,0.085385,0.000000,0.035541,0.000371,0.188522,0.000000,0.000000,0.000000,0.697250,-0.304084,-0.003290,1.613743,-0.665623,-0.253244,0.005696,1.348625,0.000000,0.000000,0.000000,0.000000,0.000000,0.000000
1778448516.384370,sequential_ik_elbow_then_wrist,0,0,-0.172783,0.220488,-0.107382,-0.284543,0.221200,0.171022,-0.179096,-0.227072,-0.079768,-0.399022,-0.212813,0.123773,0.000016,0.007628,0.002737,0.087293,0.000001,0.037059,0.000836,0.192468,0.000000,0.000000,0.000000,0.690555,-0.317036,-0.002500,1.628456,-0.665570,-0.257423,0.004329,1.339248,0.000000,0.000000,0.000000,0.000000,0.000000,0.000000
1778448516.445397,sequential_ik_elbow_then_wrist,0,0,-0.176975,0.217297,-0.107061,-0.288238,0.220531,0.171525,-0.181778,-0.225134,-0.079192,-0.401948,-0.212739,0.124208,0.000003,0.007484,0.001175,0.086511,0.000002,0.036139,0.001038,0.190089,0.000000,0.000000,0.000000,0.687935,-0.328151,-0.001900,1.640529,-0.668016,-0.259949,0.003290,1.326654,0.000000,0.000000,0.000000,0.000000,0.000000,0.000000
1778448516.503691,sequential_ik_elbow_then_wrist,0,0,-0.178544,0.212041,-0.114719,-0.295353,0.215380,0.161586,-0.178072,-0.226623,-0.083259,-0.398170,-0.219837,0.120483,0.000014,0.008183,0.002527,0.090457,0.000003,0.034488,0.001157,0.185708,0.000000,0.000000,0.000000,0.689447,-0.341977,-0.001444,1.650768,-0.668127,-0.264327,0.002501,1.315289,0.000000,0.000000,0.000000,0.000000,0.000000,0.000000
1778448516.573470,sequential_ik_elbow_then_wrist,1,0,-0.181828,0.212072,-0.109379,-0.291093,0.215285,0.169997,-0.179476,-0.227078,-0.078891,-0.386191,-0.231440,0.138480,0.000004,0.006876,0.001413,0.082918,0.000002,0.027481,0.000830,0.165769,0.000000,0.000000,0.000000,0.693123,-0.350161,-0.001098,1.659829,-0.668276,-0.265416,0.001900,1.309587,0.000000,0.000000,0.000000,0.000000,0.000000,0.000000
1778448516.624980,sequential_ik_elbow_then_wrist,1,0,-0.175248,0.211363,-0.120888,-0.294036,0.223783,0.154312,-0.181727,-0.224006,-0.082442,-0.401057,-0.232844,0.122048,0.000018,0.006973,0.002827,0.083497,0.000003,0.030174,0.001141,0.173652,0.000000,0.000000,0.000000,0.693765,-0.363540,-0.000834,1.664412,-0.670687,-0.268007,0.001444,1.294832,0.000000,0.000000,0.000000,0.000000,0.000000,0.000000
1778448516.695282,sequential_ik_elbow_then_wrist,1,0,-0.168656,0.209435,-0.133012,-0.292702,0.229119,0.139431,-0.177079,-0.226089,-0.086758,-0.395277,-0.233570,0.118994,0.000034,0.007026,0.003933,0.083817,0.000005,0.030111,0.001558,0.173523,0.000000,0.000000,0.000000,0.691239,-0.383603,-0.000634,1.669671,-0.670038,-0.273156,0.001098,1.285306,0.000000,0.000000,0.000000,0.000000,0.000000,0.000000
1778448516.742228,sequential_ik_elbow_then_wrist,1,0,-0.162137,0.212842,-0.135684,-0.288684,0.238131,0.135141,-0.171752,-0.228195,-0.091806,-0.390983,-0.237739,0.112758,0.000017,0.006875,0.003014,0.082918,0.000011,0.030701,0.002241,0.175212,0.000000,0.000000,0.000000,0.683916,-0.402967,-0.000482,1.674299,-0.665492,-0.281060,0.000834,1.281205,0.000000,0.000000,0.000000,0.000000,0.000000,0.000000
1778448516.795336,sequential_ik_elbow_then_wrist,1,0,-0.155817,0.208575,-0.149056,-0.280892,0.240148,0.121793,-0.164547,-0.232006,-0.095381,-0.385080,-0.247163,0.107438,0.000037,0.006493,0.004134,0.080534,0.000016,0.030895,0.002812,0.175768,0.000000,0.000000,0.000000,0.675219,-0.427992,-0.000366,1.684280,-0.655979,-0.290307,0.000634,1.280099,0.000000,0.000000,0.000000,0.000000,0.000000,0.000000
1778448516.856426,sequential_ik_elbow_then_wrist,1,0,-0.164914,0.202468,-0.147682,-0.297927,0.246461,0.117595,-0.167913,-0.230170,-0.093951,-0.373788,-0.254773,0.122868,0.000016,0.006485,0.003035,0.080444,0.000000,0.024917,0.000337,0.157830,0.000000,0.000000,0.000000,0.674462,-0.448406,-0.000278,1.683061,-0.649530,-0.297138,0.000482,1.285613,0.000000,0.000000,0.000000,0.000000,0.000000,0.000000
1778448516.922007,sequential_ik_elbow_then_wrist,1,0,-0.163530,0.199535,-0.153114,-0.308410,0.245070,0.105607,-0.169486,-0.227412,-0.097768,-0.371981,-0.255059,0.121849,0.000008,0.007420,0.001971,0.086105,0.000003,0.023166,0.001242,0.152197,0.000000,0.000000,0.000000,0.676229,-0.468101,-0.000212,1.676145,-0.646637,-0.304771,0.000366,1.293227,0.000000,0.000000,0.000000,0.000000,0.000000,0.000000
1778448516.988966,sequential_ik_elbow_then_wrist,1,0,-0.165887,0.191275,-0.160921,-0.316940,0.244602,0.092730,-0.165924,-0.227267,-0.104013,-0.351198,-0.254380,0.130376,0.000026,0.007161,0.003710,0.084600,0.000007,0.018837,0.001800,0.137089,0.000000,0.000000,0.000000,0.682751,-0.489690,-0.000161,1.666461,-0.643237,-0.315221,0.000278,1.314942,0.000000,0.000000,0.000000,0.000000,0.000000,0.000000
1778448517.041433,sequential_ik_elbow_then_wrist,1,0,-0.190158,0.178633,-0.148088,-0.360029,0.239911,0.091472,-0.173367,-0.222067,-0.103103,-0.330451,-0.257329,0.150039,0.000170,0.007871,0.010063,0.088113,0.000010,0.011531,0.002308,0.107200,0.000000,0.000000,0.000000,0.706037,-0.498506,-0.000122,1.634258,-0.645985,-0.323636,0.000212,1.346516,0.000000,0.000000,0.000000,0.000000,0.000000,0.000000
1778448517.114741,sequential_ik_elbow_then_wrist,1,0,-0.191653,0.174352,-0.151230,-0.359699,0.265913,0.079805,-0.176429,-0.222358,-0.097106,-0.283330,-0.264144,0.180069,0.000033,0.002952,0.004462,0.053680,0.000007,0.003689,0.001863,0.060074,0.000000,0.000000,0.000000,0.732288,-0.505591,-0.000093,1.589620,-0.650903,-0.326209,0.000161,1.391963,0.000000,0.000000,0.000000,0.000000,0.000000,0.000000
1778448517.161746,sequential_ik_elbow_then_wrist,1,0,-0.192598,0.176531,-0.147455,-0.372562,0.276699,0.070672,-0.180706,-0.218329,-0.098377,-0.290207,-0.271252,0.175864,0.000004,0.002595,0.001494,0.050328,0.000007,0.002853,0.001872,0.053402,0.000000,0.000000,0.000000,0.754434,-0.508350,-0.000071,1.536769,-0.659035,-0.328122,0.000122,1.424072,0.000000,0.000000,0.000000,0.000000,0.000000,0.000000
1778448517.225416,sequential_ik_elbow_then_wrist,1,0,-0.190390,0.178628,-0.147796,-0.361160,0.300161,0.066837,-0.169591,-0.223670,-0.105879,-0.272334,-0.289850,0.168099,0.000001,0.000765,0.000626,0.027366,0.000022,0.001468,0.003278,0.038314,0.000000,0.000000,0.000000,0.770075,-0.510086,-0.000054,1.486926,-0.658899,-0.334493,0.000093,1.448742,0.000000,0.000000,0.000000,0.000000,0.000000,0.000000
1778448517.284001,sequential_ik_elbow_then_wrist,1,0,-0.178473,0.183996,-0.155861,-0.352425,0.312233,0.052216,-0.164099,-0.224060,-0.113441,-0.295582,-0.292790,0.147305,0.000039,0.000797,0.004679,0.028189,0.000019,0.004016,0.003039,0.063254,0.000000,0.000000,0.000000,0.774014,-0.517119,-0.000041,1.445458,-0.654222,-0.345469,0.000071,1.458287,0.000000,0.000000,0.000000,0.000000,0.000000,0.000000
1778448517.341127,sequential_ik_elbow_then_wrist,1,0,-0.179820,0.180724,-0.158125,-0.358612,0.319121,0.039054,-0.159912,-0.225008,-0.117470,-0.291310,-0.299799,0.141646,0.000003,0.000840,0.001126,0.028794,0.000010,0.003823,0.002256,0.061824,0.000000,0.000000,0.000000,0.776434,-0.525384,-0.000031,1.406073,-0.646950,-0.357906,0.000054,1.463953,0.000000,0.000000,0.000000,0.000000,0.000000,0.000000
1778448517.404399,sequential_ik_elbow_then_wrist,1,0,-0.176408,0.182574,-0.159835,-0.352269,0.333047,0.031034,-0.159763,-0.223172,-0.121120,-0.298269,-0.299078,0.133939,0.000004,0.000385,0.001538,0.019469,0.000004,0.004726,0.001273,0.068739,0.000000,0.000000,0.000000,0.775755,-0.533580,-0.000024,1.370381,-0.640973,-0.370746,0.000041,1.466551,0.000000,0.000000,0.000000,0.000000,0.000000,0.000000
1778448517.453779,sequential_ik_elbow_then_wrist,1,0,-0.166327,0.188023,-0.164264,-0.334737,0.352113,0.022049,-0.149185,-0.221165,-0.137222,-0.318896,-0.294301,0.099103,0.000033,0.000088,0.004491,0.009307,0.000052,0.009696,0.004932,0.098441,0.000000,0.000000,0.000000,0.767489,-0.543521,-0.000018,1.340872,-0.631628,-0.392295,0.000031,1.463132,0.000000,0.000000,0.000000,0.000000,0.000000,0.000000
1778448517.524056,sequential_ik_elbow_then_wrist,1,0,-0.157129,0.196169,-0.163793,-0.326778,0.363905,0.018097,-0.138343,-0.221309,-0.147930,-0.319133,-0.295523,0.079682,0.000052,0.000272,0.005753,0.016432,0.000054,0.012352,0.005196,0.111140,0.000000,0.000000,0.000000,0.750867,-0.551602,-0.000014,1.315332,-0.617405,-0.418892,0.000024,1.461728,0.000000,0.000000,0.000000,0.000000,0.000000,0.000000
1778448517.587934,sequential_ik_elbow_then_wrist,1,0,-0.146631,0.202414,-0.165915,-0.310523,0.371395,0.020055,-0.138772,-0.219728,-0.149873,-0.343163,-0.286802,0.059234,0.000061,0.000472,0.006266,0.021654,0.000005,0.019617,0.001567,0.140030,0.000000,0.000000,0.000000,0.727112,-0.559441,-0.000010,1.299907,-0.605121,-0.442807,0.000018,1.453504,0.000000,0.000000,0.000000,0.000000,0.000000,0.000000
1778448517.661611,sequential_ik_elbow_then_wrist,1,0,-0.149133,0.204787,-0.160691,-0.295400,0.362230,0.048636,-0.141269,-0.218091,-0.149931,-0.346433,-0.275723,0.061223,0.000010,0.000577,0.002353,0.022862,0.000001,0.021449,0.000792,0.146448,0.000000,0.000000,0.000000,0.705519,-0.561888,-0.000008,1.305871,-0.597177,-0.461871,0.000014,1.450508,0.000000,0.000000,0.000000,0.000000,0.000000,0.000000
1778448517.713580,sequential_ik_elbow_then_wrist,1,0,-0.161249,0.199984,-0.154935,-0.299180,0.340048,0.071686,-0.145522,-0.216039,-0.148830,-0.346045,-0.253737,0.071101,0.000028,0.000739,0.004019,0.026370,0.000005,0.023382,0.001757,0.152812,0.000000,0.000000,0.000000,0.695725,-0.558782,-0.000006,1.326199,-0.594516,-0.475783,0.000010,1.461485,0.000000,0.000000,0.000000,0.000000,0.000000,0.000000
1778448517.779989,sequential_ik_elbow_then_wrist,1,0,-0.186690,0.188165,-0.140502,-0.322352,0.264735,0.115882,-0.179444,-0.190150,-0.147115,-0.359438,-0.213326,0.091768,0.000200,0.003592,0.010698,0.058648,0.000339,0.019432,0.014317,0.139270,0.000000,0.000000,0.000000,0.707441,-0.545181,-0.000005,1.371273,-0.620248,-0.485315,0.000008,1.484263,0.000000,0.000000,0.000000,0.000000,0.000000,0.000000
1778448517.835310,sequential_ik_elbow_then_wrist,1,0,-0.227633,0.136890,-0.139442,-0.361894,0.161632,0.127694,-0.213919,-0.150847,-0.146573,-0.407631,-0.158160,0.082386,0.000947,0.007022,0.023718,0.083290,0.000759,0.020200,0.021437,0.142060,0.000000,0.000000,0.000000,0.763328,-0.532215,-0.000003,1.427591,-0.681325,-0.492323,0.000006,1.491094,0.000000,0.000000,0.000000,0.000000,0.000000,0.000000
1778448517.898648,sequential_ik_elbow_then_wrist,1,0,-0.261193,0.068626,-0.130647,-0.435255,0.075119,0.113608,-0.239677,-0.107723,-0.144743,-0.449665,-0.083785,0.068170,0.001638,0.007948,0.030936,0.088336,0.000876,0.022178,0.022992,0.148708,0.000000,0.000000,0.000000,0.868141,-0.516223,-0.000003,1.441502,-0.772444,-0.496403,0.000005,1.477073,0.000000,0.000000,0.000000,0.000000,0.000000,0.000000
1778448517.949669,sequential_ik_elbow_then_wrist,1,0,-0.278597,0.015886,-0.110143,-0.465459,0.019773,0.124521,-0.260934,-0.056941,-0.136642,-0.467257,-0.011796,0.076414,0.001212,0.002669,0.025768,0.049840,0.001027,0.017166,0.024656,0.130875,0.000000,0.000000,0.000000,1.001720,-0.488327,-0.000002,1.419441,-0.890491,-0.493654,0.000003,1.451690,0.000000,0.000000,0.000000,0.000000,0.000000,0.000000
1778448518.009915,sequential_ik_elbow_then_wrist,1,0,-0.279653,-0.017483,-0.107185,-0.461669,-0.024498,0.131187,-0.267489,-0.018700,-0.134536,-0.482507,0.028988,0.069162,0.000501,0.000528,0.016322,0.022618,0.000651,0.009635,0.019458,0.097752,0.000000,0.000000,0.000000,1.139482,-0.461044,-0.000002,1.392855,-1.019661,-0.488426,0.000003,1.411063,0.000000,0.000000,0.000000,0.000000,0.000000,0.000000
1778448518.068614,sequential_ik_elbow_then_wrist,1,0,-0.276279,-0.026799,-0.113806,-0.471865,-0.052197,0.112249,-0.263590,-0.000823,-0.143248,-0.484155,0.038022,0.056358,0.000096,0.000394,0.007146,0.019120,0.000229,0.003718,0.011553,0.060852,0.000000,0.000000,0.000000,1.260080,-0.443046,-0.000001,1.359793,-1.140772,-0.489442,0.000002,1.370814,0.000000,0.000000,0.000000,0.000000,0.000000,0.000000
1778448518.132653,sequential_ik_elbow_then_wrist,1,0,-0.272263,-0.030708,-0.122188,-0.466101,-0.062146,0.104612,-0.261719,0.008524,-0.146391,-0.485273,0.046161,0.050096,0.000031,0.000233,0.003944,0.015249,0.000075,0.001822,0.006661,0.042666,0.000000,0.000000,0.000000,1.358791,-0.435570,-0.000001,1.337021,-1.245776,-0.493444,0.000002,1.336913,0.000000,0.000000,0.000000,0.000000,0.000000,0.000000
1778448518.206271,sequential_ik_elbow_then_wrist,1,0,-0.269413,-0.031164,-0.128239,-0.456741,-0.065598,0.103543,-0.261676,0.007445,-0.146528,-0.483980,0.045449,0.051302,0.000012,0.000249,0.002348,0.015242,0.000005,0.001223,0.001769,0.034966,0.000000,0.000000,0.000000,1.436289,-0.435404,-0.000001,1.329453,-1.329006,-0.497262,0.000001,1.312073,0.000000,0.000000,0.000000,0.000000,0.000000,0.000000
1778448518.251554,sequential_ik_elbow_then_wrist,1,0,-0.267093,-0.023473,-0.134574,-0.449415,-0.050994,0.102072,-0.260354,0.002459,-0.149029,-0.481978,0.038266,0.049970,0.000016,0.000113,0.002793,0.009533,0.000003,0.001020,0.001259,0.031912,0.000000,0.000000,0.000000,1.491280,-0.440890,-0.000001,1.335034,-1.390253,-0.502111,0.000001,1.295779,0.000000,0.000000,0.000000,0.000000,0.000000,0.000000
1778448518.315200,sequential_ik_elbow_then_wrist,1,0,-0.263122,-0.016282,-0.143185,-0.444393,-0.036682,0.094984,-0.258397,0.004147,-0.152361,-0.478770,0.041776,0.047688,0.000029,0.000058,0.003802,0.006432,0.000003,0.001203,0.001070,0.034653,0.000000,0.000000,0.000000,1.527641,-0.452343,-0.000000,1.348938,-1.437229,-0.508618,0.000001,1.287078,0.000000,0.000000,0.000000,0.000000,0.000000,0.000000
1778448518.379673,sequential_ik_elbow_then_wrist,1,0,-0.267028,-0.007810,-0.136509,-0.444351,-0.024378,0.104908,-0.264667,0.005362,-0.141147,-0.486772,0.047777,0.056009,0.000024,0.000036,0.003673,0.005790,0.000017,0.001508,0.002736,0.038750,0.000000,0.000000,0.000000,1.548157,-0.458066,-0.000000,1.363181,-1.473764,-0.506275,0.000001,1.274268,0.000000,0.000000,0.000000,0.000000,0.000000,0.000000
1778448518.446780,sequential_ik_elbow_then_wrist,1,0,-0.269358,0.001194,-0.132079,-0.444563,-0.012297,0.111070,-0.268731,0.007355,-0.133153,-0.489001,0.055308,0.064791,0.000029,0.000066,0.004042,0.008096,0.000017,0.001878,0.002769,0.043261,0.000000,0.000000,0.000000,1.555903,-0.458679,-0.000000,1.373867,-1.502984,-0.497282,0.000000,1.258566,0.000000,0.000000,0.000000,0.000000,0.000000,0.000000
1778448518.497620,sequential_ik_elbow_then_wrist,1,0,-0.271260,0.006759,-0.127954,-0.451454,-0.007354,0.111485,-0.269986,0.011329,-0.130304,-0.484689,0.060578,0.073356,0.000018,0.000210,0.003096,0.014214,0.000007,0.001826,0.001930,0.042736,0.000000,0.000000,0.000000,1.555950,-0.455457,-0.000000,1.375420,-1.528091,-0.486842,0.000000,1.246948,0.000000,0.000000,0.000000,0.000000,0.000000,0.000000
1778448518.556868,sequential_ik_elbow_then_wrist,1,0,-0.270559,0.005247,-0.129501,-0.453232,-0.008401,0.108079,-0.270118,0.005486,-0.130408,-0.481171,0.051728,0.077723,0.000000,0.000278,0.000383,0.016613,0.000003,0.001576,0.001355,0.039679,0.000000,0.000000,0.000000,1.555192,-0.453210,-0.000000,1.373203,-1.544391,-0.478154,0.000000,1.241208,0.000000,0.000000,0.000000,0.000000,0.000000,0.000000
1778448518.612348,sequential_ik_elbow_then_wrist,1,0,-0.269401,0.006590,-0.131831,-0.455127,-0.004141,0.103522,-0.266154,-0.004685,-0.138348,-0.469176,0.045907,0.076646,0.000001,0.000209,0.000800,0.014444,0.000030,0.002390,0.003986,0.048649,0.000000,0.000000,0.000000,1.553529,-0.453145,-0.000000,1.369621,-1.549635,-0.476873,0.000000,1.248405,0.000000,0.000000,0.000000,0.000000,0.000000,0.000000
1778448518.671341,sequential_ik_elbow_then_wrist,1,0,-0.266479,0.009808,-0.137450,-0.451523,0.000595,0.098503,-0.260252,-0.034947,-0.145079,-0.454101,0.025863,0.075658,0.000008,0.000205,0.001955,0.014243,0.000202,0.004862,0.010837,0.069368,0.000000,0.000000,0.000000,1.549884,-0.457354,-0.000000,1.370277,-1.532398,-0.481976,0.000000,1.270915,0.000000,0.000000,0.000000,0.000000,0.000000,0.000000
1778448518.746941,sequential_ik_elbow_then_wrist,1,0,-0.260290,0.018571,-0.148001,-0.449282,0.003165,0.084473,-0.248067,-0.064900,-0.155727,-0.442810,-0.004722,0.064395,0.000039,0.000567,0.004456,0.023741,0.000332,0.007569,0.014090,0.086779,0.000000,0.000000,0.000000,1.540755,-0.468941,-0.000000,1.375033,-1.493068,-0.494961,0.000000,1.302943,0.000000,0.000000,0.000000,0.000000,0.000000,0.000000
1778448518.797250,sequential_ik_elbow_then_wrist,1,0,-0.257747,0.034604,-0.149563,-0.447654,0.013638,0.081728,-0.235119,-0.101833,-0.156042,-0.430253,-0.036948,0.062390,0.000067,0.001270,0.006329,0.035603,0.000502,0.012652,0.017660,0.112341,0.000000,0.000000,0.000000,1.521690,-0.480820,-0.000000,1.382396,-1.430171,-0.507339,0.000000,1.340784,0.000000,0.000000,0.000000,0.000000,0.000000,0.000000
1778448518.852780,sequential_ik_elbow_then_wrist,1,0,-0.243356,0.056741,-0.166007,-0.434785,0.043208,0.064583,-0.232089,-0.116307,-0.150357,-0.434218,-0.049357,0.060976,0.000216,0.001613,0.011255,0.039918,0.000188,0.019084,0.010712,0.138143,0.000000,0.000000,0.000000,1.488378,-0.502589,-0.000000,1.398692,-1.362224,-0.512931,0.000000,1.370263,0.000000,0.000000,0.000000,0.000000,0.000000,0.000000
1778448518.907690,sequential_ik_elbow_then_wrist,1,0,-0.219561,0.073894,-0.190611,-0.392448,0.069663,0.054526,-0.222265,-0.140507,-0.144415,-0.435216,-0.076349,0.056919,0.000368,0.001994,0.014665,0.042169,0.000237,0.024425,0.011921,0.156270,0.000000,0.000000,0.000000,1.443032,-0.541032,-0.000000,1.446356,-1.287699,-0.512134,0.000000,1.387250,0.000000,0.000000,0.000000,0.000000,0.000000,0.000000
1778448518.991963,sequential_ik_elbow_then_wrist,1,0,-0.214196,0.089633,-0.189963,-0.379411,0.087632,0.060436,-0.201038,-0.172532,-0.140771,-0.411901,-0.122230,0.066609,0.000197,0.002310,0.011709,0.047407,0.000425,0.025524,0.015877,0.159733,0.000000,0.000000,0.000000,1.390589,-0.574727,-0.000000,1.501548,-1.199730,-0.507980,0.000000,1.407298,0.000000,0.000000,0.000000,0.000000,0.000000,0.000000
1778448519.029287,sequential_ik_elbow_then_wrist,1,0,-0.207355,0.113259,-0.184868,-0.361742,0.126422,0.072020,-0.183973,-0.192903,-0.137631,-0.390154,-0.157213,0.077348,0.000295,0.001595,0.014369,0.039752,0.000297,0.026494,0.013189,0.162718,0.000000,0.000000,0.000000,1.328390,-0.597456,-0.000000,1.552672,-1.106412,-0.501705,0.000000,1.432348,0.000000,0.000000,0.000000,0.000000,0.000000,0.000000
1778448519.118081,sequential_ik_elbow_then_wrist,1,0,-0.194552,0.136427,-0.183131,-0.346734,0.164400,0.073886,-0.176863,-0.201300,-0.134899,-0.384405,-0.183965,0.081030,0.000366,0.001534,0.015974,0.039163,0.000096,0.026779,0.007422,0.163643,0.000000,0.000000,0.000000,1.255896,-0.612798,-0.000000,1.592604,-1.020454,-0.494156,0.000000,1.450214,0.000000,0.000000,0.000000,0.000000,0.000000,0.000000
1778448519.159117,sequential_ik_elbow_then_wrist,1,0,-0.184966,0.161186,-0.172647,-0.318499,0.209982,0.091527,-0.180385,-0.203961,-0.125941,-0.374206,-0.193423,0.102799,0.000389,0.000711,0.016089,0.026667,0.000021,0.023791,0.003197,0.154237,0.000000,0.000000,0.000000,1.174796,-0.615961,-0.000000,1.623471,-0.951043,-0.481572,0.000000,1.466899,0.000000,0.000000,0.000000,0.000000,0.000000,0.000000
1778448519.228739,sequential_ik_elbow_then_wrist,1,0,-0.161426,0.193735,-0.162506,-0.302243,0.257564,0.094587,-0.189285,-0.202823,-0.114166,-0.372335,-0.192079,0.123273,0.000634,0.001376,0.020265,0.036670,0.000032,0.021579,0.003848,0.146897,0.000000,0.000000,0.000000,1.078471,-0.609111,-0.000000,1.633458,-0.901672,-0.462511,0.000000,1.479350,0.000000,0.000000,0.000000,0.000000,0.000000,0.000000
1778448519.278074,sequential_ik_elbow_then_wrist,1,0,-0.154164,0.204597,-0.156121,-0.282893,0.275498,0.105416,-0.195394,-0.197979,-0.112363,-0.373738,-0.184288,0.128482,0.000211,0.001876,0.011441,0.043286,0.000016,0.020697,0.002886,0.143864,0.000000,0.000000,0.000000,0.984992,-0.596681,-0.000000,1.637669,-0.869949,-0.444656,0.000000,1.488368,0.000000,0.000000,0.000000,0.000000,0.000000,0.000000
1778448519.351237,sequential_ik_elbow_then_wrist,1,0,-0.162574,0.204623,-0.147306,-0.293787,0.284024,0.110529,-0.190805,-0.202554,-0.112096,-0.374815,-0.197521,0.124789,0.000024,0.002653,0.003374,0.051254,0.000002,0.019541,0.001135,0.139755,0.000000,0.000000,0.000000,0.911094,-0.579084,-0.000000,1.628505,-0.843420,-0.430131,0.000000,1.487962,0.000000,0.000000,0.000000,0.000000,0.000000,0.000000
1778448519.398322,sequential_ik_elbow_then_wrist,1,0,-0.158739,0.204911,-0.151041,-0.293892,0.300640,0.099099,-0.192083,-0.201496,-0.111818,-0.379452,-0.208634,0.122365,0.000004,0.002160,0.001542,0.046183,0.000000,0.018066,0.000219,0.134351,0.000000,0.000000,0.000000,0.852020,-0.566500,-0.000000,1.609038,-0.823618,-0.418687,0.000000,1.477976,0.000000,0.000000,0.000000,0.000000,0.000000,0.000000
1778448519.454487,sequential_ik_elbow_then_wrist,1,0,-0.165431,0.194765,-0.157160,-0.320512,0.320405,0.066814,-0.163675,-0.217546,-0.126033,-0.368377,-0.260175,0.089095,0.000024,0.002083,0.003737,0.044159,0.000179,0.016542,0.009728,0.128405,0.000000,0.000000,0.000000,0.813397,-0.561531,-0.000000,1.566532,-0.788776,-0.419557,0.000000,1.452704,0.000000,0.000000,0.000000,0.000000,0.000000,0.000000
1778448519.516805,sequential_ik_elbow_then_wrist,1,0,-0.154385,0.202724,-0.158329,-0.320382,0.353400,0.041025,-0.143626,-0.224193,-0.138236,-0.371613,-0.290352,0.045190,0.000020,0.001410,0.003517,0.035846,0.000168,0.022157,0.009551,0.148572,0.000000,0.000000,0.000000,0.777635,-0.559656,-0.000000,1.507384,-0.744106,-0.430794,0.000000,1.411603,0.000000,0.000000,0.000000,0.000000,0.000000,0.000000
1778448519.577929,sequential_ik_elbow_then_wrist,1,0,-0.139903,0.213075,-0.158197,-0.311867,0.380861,0.021460,-0.109285,-0.232855,-0.154387,-0.344221,-0.321987,0.009504,0.000082,0.001584,0.007169,0.038811,0.000368,0.025858,0.014534,0.160765,0.000000,0.000000,0.000000,0.737191,-0.558632,-0.000000,1.441336,-0.683593,-0.453341,0.000000,1.372008,0.000000,0.000000,0.000000,0.000000,0.000000,0.000000
1778448519.643928,sequential_ik_elbow_then_wrist,1,0,-0.122273,0.225386,-0.155726,-0.293324,0.409553,0.008054,-0.091098,-0.229917,-0.169822,-0.331694,-0.337821,-0.026748,0.000149,0.002026,0.009638,0.044419,0.000217,0.031521,0.011214,0.177520,0.000000,0.000000,0.000000,0.688557,-0.556221,-0.000000,1.373743,-0.619711,-0.484882,0.000000,1.335439,0.000000,0.000000,0.000000,0.000000,0.000000,0.000000
1778448519.695850,sequential_ik_elbow_then_wrist,1,0,-0.108638,0.234713,-0.152012,-0.259371,0.444393,0.000678,-0.098764,-0.225755,-0.171115,-0.331512,-0.347239,-0.025959,0.000123,0.001076,0.008693,0.032182,0.000006,0.029342,0.001588,0.171295,0.000000,0.000000,0.000000,0.635323,-0.551316,-0.000000,1.307108,-0.570388,-0.512964,0.000000,1.307055,0.000000,0.000000,0.000000,0.000000,0.000000,0.000000
1778448519.771383,sequential_ik_elbow_then_wrist,1,0,-0.088165,0.248770,-0.142620,-0.233534,0.467588,0.002246,-0.094985,-0.231641,-0.165289,-0.331314,-0.351759,-0.024859,0.000203,0.001920,0.010950,0.043459,0.000011,0.031362,0.002545,0.177086,0.000000,0.000000,0.000000,0.574195,-0.540289,-0.000000,1.243092,-0.529005,-0.530914,0.000000,1.281931,0.000000,0.000000,0.000000,0.000000,0.000000,0.000000
1778448519.820987,sequential_ik_elbow_then_wrist,0,0,-0.087383,0.261765,-0.117659,-0.228788,0.495951,0.005471,-0.117591,-0.226048,-0.158350,-0.369609,-0.338666,-0.040858,0.000151,0.002871,0.008468,0.051984,0.000090,0.037449,0.007443,0.193308,0.000000,0.000000,0.000000,0.517789,-0.512999,-0.000000,1.163299,-0.510477,-0.538769,0.000000,1.241307,0.000000,0.000000,0.000000,0.000000,0.000000,0.000000
1778448519.878920,sequential_ik_elbow_then_wrist,1,0,-0.064584,0.274106,-0.103415,-0.190507,0.532170,-0.016543,-0.128247,-0.231499,-0.141283,-0.377096,-0.355811,-0.028942,0.000190,0.002741,0.009811,0.049292,0.000092,0.029571,0.006803,0.171689,0.000000,0.000000,0.000000,0.456148,-0.478534,-0.000000,1.060312,-0.505247,-0.531208,0.000000,1.187128,0.000000,0.000000,0.000000,0.000000,0.000000,0.000000
1778448519.942044,sequential_ik_elbow_then_wrist,1,0,-0.054345,0.282956,-0.083561,-0.185676,0.544671,-0.018310,-0.140329,-0.236761,-0.119381,-0.383166,-0.374623,-0.009725,0.000137,0.005189,0.008018,0.070574,0.000127,0.022348,0.007707,0.149135,0.000000,0.000000,0.000000,0.396635,-0.436249,-0.000000,0.947441,-0.509147,-0.507347,0.000000,1.121144,0.000000,0.000000,0.000000,0.000000,0.000000,0.000000
1778448520.008796,sequential_ik_elbow_then_wrist,1,0,-0.047253,0.284068,-0.084099,-0.179009,0.545172,-0.017281,-0.136603,-0.244494,-0.107529,-0.375436,-0.392318,-0.002140,0.000024,0.006708,0.003429,0.081759,0.000047,0.019126,0.004573,0.138036,0.000000,0.000000,0.000000,0.343661,-0.400753,-0.000000,0.849978,-0.510032,-0.477146,0.000000,1.050632,0.000000,0.000000,0.000000,0.000000,0.000000,0.000000
1778448520.060675,sequential_ik_elbow_then_wrist,1,0,-0.059605,0.284904,-0.072644,-0.198350,0.535865,0.015492,-0.142560,-0.242025,-0.105358,-0.387227,-0.379566,0.000569,0.000030,0.008002,0.003729,0.089415,0.000010,0.021909,0.002156,0.147976,0.000000,0.000000,0.000000,0.308862,-0.365679,-0.000000,0.782132,-0.514106,-0.450001,0.000000,0.988838,0.000000,0.000000,0.000000,0.000000,0.000000,0.000000
1778448520.131576,sequential_ik_elbow_then_wrist,1,0,-0.074822,0.281321,-0.072526,-0.217395,0.512242,0.055336,-0.145291,-0.238925,-0.108653,-0.391078,-0.371228,0.001275,0.000042,0.007867,0.004488,0.088046,0.000005,0.022062,0.001546,0.148534,0.000000,0.000000,0.000000,0.293473,-0.337109,-0.000000,0.756341,-0.520576,-0.430588,0.000000,0.942634,0.000000,0.000000,0.000000,0.000000,0.000000,0.000000
1778448520.179421,sequential_ik_elbow_then_wrist,1,0,-0.093794,0.274508,-0.076472,-0.248752,0.485592,0.069923,-0.150070,-0.235861,-0.108852,-0.396995,-0.362725,0.004873,0.000079,0.008346,0.006164,0.090955,0.000007,0.021982,0.001966,0.148257,0.000000,0.000000,0.000000,0.296995,-0.317486,-0.000000,0.757244,-0.529953,-0.416246,0.000000,0.910859,0.000000,0.000000,0.000000,0.000000,0.000000,0.000000
1778448520.240454,sequential_ik_elbow_then_wrist,1,0,-0.100640,0.271225,-0.079426,-0.263607,0.464143,0.082514,-0.152243,-0.231514,-0.114993,-0.404759,-0.345908,-0.000320,0.000026,0.008758,0.003533,0.093255,0.000011,0.024582,0.002299,0.156771,0.000000,0.000000,0.000000,0.308147,-0.304916,-0.000000,0.776826,-0.540898,-0.409523,0.000000,0.892084,0.000000,0.000000,0.000000,0.000000,0.000000,0.000000
1778448520.307155,sequential_ik_elbow_then_wrist,1,0,-0.108413,0.266828,-0.083960,-0.269819,0.450714,0.089633,-0.151847,-0.228660,-0.121066,-0.404533,-0.337369,-0.001349,0.000023,0.007616,0.003352,0.087034,0.000009,0.024886,0.002041,0.157706,0.000000,0.000000,0.000000,0.324228,-0.298804,-0.000000,0.807089,-0.551045,-0.409442,0.000000,0.886916,0.000000,0.000000,0.000000,0.000000,0.000000,0.000000
1778448520.363591,sequential_ik_elbow_then_wrist,1,0,-0.121622,0.259694,-0.088132,-0.293583,0.427509,0.091500,-0.152646,-0.225479,-0.125930,-0.405424,-0.326769,-0.000060,0.000047,0.008862,0.004795,0.094004,0.000008,0.025730,0.001897,0.160339,0.000000,0.000000,0.000000,0.347662,-0.297645,-0.000000,0.842070,-0.560791,-0.413825,0.000000,0.894017,0.000000,0.000000,0.000000,0.000000,0.000000,0.000000
1778448520.434275,sequential_ik_elbow_then_wrist,1,0,-0.131170,0.254184,-0.090469,-0.304255,0.415951,0.093578,-0.149646,-0.225908,-0.128729,-0.406796,-0.317831,-0.004534,0.000034,0.007705,0.004118,0.087721,0.000003,0.028892,0.001204,0.169956,0.000000,0.000000,0.000000,0.375176,-0.299069,-0.000000,0.876249,-0.567080,-0.420079,0.000000,0.905766,0.000000,0.000000,0.000000,0.000000,0.000000,0.000000
1778448520.475508,sequential_ik_elbow_then_wrist,1,0,-0.125679,0.256099,-0.092834,-0.287739,0.419671,0.099470,-0.151645,-0.223088,-0.131285,-0.406900,-0.297362,0.007741,0.000002,0.005393,0.000882,0.073345,0.000003,0.032144,0.001203,0.179140,0.000000,0.000000,0.000000,0.395006,-0.302193,-0.000000,0.911105,-0.573549,-0.427250,0.000000,0.932203,0.000000,0.000000,0.000000,0.000000,0.000000,0.000000
1778448520.552294,sequential_ik_elbow_then_wrist,0,0,-0.143468,0.244504,-0.098158,-0.310443,0.403378,0.093880,-0.162374,-0.216817,-0.128939,-0.424846,-0.263050,0.008795,0.000063,0.005460,0.005634,0.073874,0.000027,0.039825,0.003928,0.199528,0.000000,0.000000,0.000000,0.422945,-0.308532,-0.000000,0.941615,-0.586707,-0.431668,0.000000,0.961294,0.000000,0.000000,0.000000,0.000000,0.000000,0.000000
1778448520.616564,sequential_ik_elbow_then_wrist,0,0,-0.179005,0.217875,-0.102409,-0.378439,0.351303,0.077654,-0.169111,-0.217173,-0.119319,-0.434433,-0.260711,0.013755,0.000348,0.008891,0.013377,0.094275,0.000027,0.038772,0.003641,0.196892,0.000000,0.000000,0.000000,0.475163,-0.317209,-0.000000,0.960685,-0.602393,-0.428258,0.000000,0.977860,0.000000,0.000000,0.000000,0.000000,0.000000,0.000000
1778448520.673141,sequential_ik_elbow_then_wrist,0,0,-0.197823,0.204639,-0.094811,-0.392045,0.329127,0.096970,-0.173020,-0.219115,-0.109786,-0.436803,-0.256968,0.028002,0.000187,0.004966,0.009752,0.070454,0.000023,0.038200,0.003201,0.195445,0.000000,0.000000,0.000000,0.537453,-0.319627,-0.000000,0.979019,-0.617143,-0.417747,0.000000,0.987485,0.000000,0.000000,0.000000,0.000000,0.000000,0.000000
1778448520.735070,sequential_ik_elbow_then_wrist,0,0,-0.195957,0.205232,-0.097370,-0.365498,0.342177,0.108790,-0.180832,-0.219414,-0.095693,-0.442070,-0.242860,0.049927,0.000009,0.001039,0.002079,0.031950,0.000045,0.039974,0.004539,0.199935,0.000000,0.000000,0.000000,0.589664,-0.322074,-0.000000,1.003118,-0.632834,-0.398693,0.000000,0.995124,0.000000,0.000000,0.000000,0.000000,0.000000,0.000000
1778448520.790548,sequential_ik_elbow_then_wrist,0,0,-0.170524,0.222395,-0.107061,-0.337183,0.360898,0.100404,-0.174348,-0.223546,-0.098133,-0.436847,-0.251392,0.044411,0.000126,0.001245,0.008004,0.035084,0.000005,0.039554,0.001555,0.198874,0.000000,0.000000,0.000000,0.611689,-0.330496,-0.000000,1.030300,-0.641206,-0.383269,0.000000,0.996602,0.000000,0.000000,0.000000,0.000000,0.000000,0.000000
1778448520.842206,sequential_ik_elbow_then_wrist,0,0,-0.210892,0.185282,-0.105808,-0.439978,0.260000,0.072901,-0.183540,-0.220608,-0.087437,-0.450718,-0.261748,0.042654,0.000316,0.014330,0.012855,0.119606,0.000024,0.036817,0.003295,0.191704,0.000000,0.000000,0.000000,0.657880,-0.337702,-0.000000,1.039025,-0.652233,-0.364392,0.000000,0.978114,0.000000,0.000000,0.000000,0.000000,0.000000,0.000000
1778448520.901931,sequential_ik_elbow_then_wrist,1,0,-0.231911,0.166889,-0.091462,-0.472108,0.226120,0.078235,-0.184804,-0.216207,-0.095405,-0.448764,-0.268626,0.037175,0.000254,0.012739,0.011314,0.112648,0.000008,0.031378,0.001985,0.177112,0.000000,0.000000,0.000000,0.718259,-0.333925,-0.000000,1.028735,-0.664174,-0.353569,0.000000,0.956954,0.000000,0.000000,0.000000,0.000000,0.000000,0.000000
1778448520.967901,sequential_ik_elbow_then_wrist,0,0,-0.229200,0.167653,-0.096746,-0.464357,0.218821,0.082372,-0.175971,-0.219401,-0.104392,-0.443353,-0.267765,0.022761,0.000010,0.010601,0.002271,0.102952,0.000021,0.034157,0.003158,0.184817,0.000000,0.000000,0.000000,0.769415,-0.332243,-0.000000,1.023642,-0.668683,-0.352031,0.000000,0.941431,0.000000,0.000000,0.000000,0.000000,0.000000,0.000000
1778448521.030302,sequential_ik_elbow_then_wrist,0,0,-0.218010,0.179786,-0.100740,-0.438628,0.235637,0.094730,-0.158188,-0.232564,-0.104359,-0.425092,-0.292944,0.018590,0.000030,0.008577,0.003921,0.092381,0.000082,0.034667,0.006519,0.186192,0.000000,0.000000,0.000000,0.799450,-0.333856,-0.000000,1.035524,-0.657098,-0.352417,0.000000,0.929965,0.000000,0.000000,0.000000,0.000000,0.000000,0.000000
1778448521.098724,sequential_ik_elbow_then_wrist,0,0,-0.215992,0.180105,-0.104449,-0.427982,0.237163,0.100013,-0.153555,-0.235177,-0.105417,-0.423643,-0.289415,0.013372,0.000007,0.008300,0.001824,0.090929,0.000020,0.041663,0.003212,0.204113,0.000000,0.000000,0.000000,0.818977,-0.338166,-0.000000,1.058033,-0.640946,-0.353724,0.000000,0.922857,0.000000,0.000000,0.000000,0.000000,0.000000,0.000000
1778448521.151073,sequential_ik_elbow_then_wrist,0,0,-0.213127,0.181772,-0.107405,-0.432251,0.241967,0.088455,-0.155092,-0.235348,-0.102751,-0.427168,-0.285400,0.013306,0.000005,0.009157,0.001576,0.095689,0.000001,0.045165,0.000785,0.212521,0.000000,0.000000,0.000000,0.830991,-0.344095,-0.000000,1.073637,-0.627419,-0.353185,0.000000,0.916910,0.000000,0.000000,0.000000,0.000000,0.000000,0.000000
1778448521.212122,sequential_ik_elbow_then_wrist,0,0,-0.214697,0.183877,-0.100471,-0.435506,0.248860,0.091937,-0.162841,-0.235471,-0.089644,-0.434998,-0.277056,0.029526,0.000005,0.008930,0.001547,0.094463,0.000029,0.046713,0.003636,0.216131,0.000000,0.000000,0.000000,0.838985,-0.344646,-0.000000,1.079486,-0.620766,-0.343889,0.000000,0.910906,0.000000,0.000000,0.000000,0.000000,0.000000,0.000000
1778448521.280695,sequential_ik_elbow_then_wrist,0,0,-0.223953,0.182840,-0.080093,-0.447681,0.257875,0.105151,-0.163553,-0.241314,-0.070839,-0.432057,-0.287171,0.054870,0.000067,0.007602,0.005473,0.086843,0.000062,0.043248,0.005232,0.207949,0.000000,0.000000,0.000000,0.848959,-0.330978,-0.000000,1.065304,-0.614980,-0.322746,0.000000,0.900800,0.000000,0.000000,0.000000,0.000000,0.000000,0.000000
1778448521.334909,sequential_ik_elbow_then_wrist,0,0,-0.221259,0.199632,-0.034517,-0.448773,0.265641,0.149548,-0.169445,-0.247500,-0.005683,-0.421392,-0.297171,0.149415,0.000338,0.009870,0.012259,0.098856,0.000599,0.034873,0.016316,0.186716,0.000000,0.000000,0.000000,0.848521,-0.288709,-0.000000,1.030862,-0.611260,-0.262886,0.000000,0.885304,0.000000,0.000000,0.000000,0.000000,0.000000,0.000000
1778448521.397894,sequential_ik_elbow_then_wrist,1,0,-0.226654,0.196155,0.012292,-0.452670,0.277147,0.192173,-0.181135,-0.238546,0.016910,-0.435964,-0.298944,0.163245,0.000410,0.008190,0.013494,0.089117,0.000206,0.032298,0.009554,0.179122,0.000000,0.000000,0.000000,0.850087,-0.220363,-0.000000,0.966856,-0.617673,-0.193390,0.000000,0.838490,0.000000,0.000000,0.000000,0.000000,0.000000,0.000000
1778448521.442645,sequential_ik_elbow_then_wrist,1,0,-0.213053,0.206101,0.046160,-0.424749,0.296750,0.238429,-0.181426,-0.231585,0.058763,-0.420108,-0.297208,0.228246,0.000298,0.005914,0.011493,0.076295,0.000318,0.023881,0.011867,0.154351,0.000000,0.000000,0.000000,0.841518,-0.139111,-0.000000,0.895120,-0.627410,-0.109037,0.000000,0.784791,0.000000,0.000000,0.000000,0.000000,0.000000,0.000000
1778448521.514222,sequential_ik_elbow_then_wrist,1,0,-0.206055,0.202996,0.079586,-0.409402,0.295875,0.279645,-0.187639,-0.215232,0.092014,-0.421595,-0.293361,0.262779,0.000246,0.005612,0.010444,0.074419,0.000289,0.018472,0.011379,0.135280,0.000000,0.000000,0.000000,0.831117,-0.049548,-0.000000,0.819987,-0.645338,-0.016487,0.000000,0.712577,0.000000,0.000000,0.000000,0.000000,0.000000,0.000000
1778448521.580963,sequential_ik_elbow_then_wrist,1,0,-0.205788,0.197442,0.093103,-0.392918,0.295376,0.306155,-0.181705,-0.216298,0.100987,-0.408577,-0.311596,0.272589,0.000071,0.003624,0.005625,0.060068,0.000048,0.013133,0.004589,0.114170,0.000000,0.000000,0.000000,0.824623,0.033600,-0.000000,0.753206,-0.658360,0.066203,0.000000,0.633850,0.000000,0.000000,0.000000,0.000000,0.000000,0.000000
1778448521.636463,sequential_ik_elbow_then_wrist,1,0,-0.128802,0.229215,0.144466,-0.247976,0.364100,0.384474,-0.182471,-0.214292,0.103841,-0.418642,-0.304380,0.265420,0.001401,0.000030,0.026934,0.005053,0.000007,0.015671,0.001797,0.124978,0.000000,0.000000,0.000000,0.770712,0.135461,-0.000000,0.697452,-0.669270,0.133748,0.000000,0.556804,0.000000,0.000000,0.000000,0.000000,0.000000,0.000000
1778448521.698365,sequential_ik_elbow_then_wrist,1,0,-0.135736,0.215213,0.158931,-0.274280,0.350479,0.388079,-0.179514,-0.211718,0.113799,-0.414653,-0.306052,0.274456,0.000123,0.001816,0.007555,0.040928,0.000018,0.014584,0.002844,0.120681,0.000000,0.000000,0.000000,0.723727,0.231452,-0.000000,0.626610,-0.677466,0.192751,0.000000,0.487391,0.000000,0.000000,0.000000,0.000000,0.000000,0.000000
1778448521.755039,sequential_ik_elbow_then_wrist,1,0,-0.120721,0.211123,0.175652,-0.244442,0.359427,0.405214,-0.169999,-0.216408,0.119448,-0.392050,-0.320269,0.292383,0.000123,0.000759,0.007849,0.026196,0.000025,0.011455,0.003566,0.107027,0.000000,0.000000,0.000000,0.679487,0.321113,-0.000000,0.552274,-0.677229,0.243141,0.000000,0.435172,0.000000,0.000000,0.000000,0.000000,0.000000,0.000000
1778448521.815059,sequential_ik_elbow_then_wrist,1,0,-0.112952,0.210703,0.181235,-0.233156,0.373534,0.402678,-0.144873,-0.226116,0.133730,-0.357679,-0.336342,0.314184,0.000047,0.000580,0.005200,0.022474,0.000166,0.011390,0.009398,0.106722,0.000000,0.000000,0.000000,0.638790,0.397359,-0.000000,0.475013,-0.659045,0.292514,0.000000,0.395882,0.000000,0.000000,0.000000,0.000000,0.000000,0.000000
1778448521.874302,sequential_ik_elbow_then_wrist,1,0,-0.114325,0.223786,0.163858,-0.241086,0.387667,0.380826,-0.155848,-0.219345,0.132663,-0.369008,-0.333299,0.310363,0.000057,0.001054,0.005370,0.032436,0.000004,0.012553,0.001454,0.112008,0.000000,0.000000,0.000000,0.602032,0.444037,-0.000000,0.412584,-0.647965,0.331742,0.000000,0.359430,0.000000,0.000000,0.000000,0.000000,0.000000,0.000000
1778448521.939854,sequential_ik_elbow_then_wrist,1,0,-0.086556,0.247266,0.146176,-0.202834,0.429470,0.354217,-0.071295,-0.240967,0.163865,-0.217579,-0.395074,0.375648,0.000337,0.000721,0.014045,0.026840,0.001383,0.002369,0.028664,0.048551,0.000000,0.000000,0.000000,0.550050,0.464429,-0.000000,0.367326,-0.587869,0.385243,0.000000,0.340093,0.000000,0.000000,0.000000,0.000000,0.000000,0.000000
1778448522.001027,sequential_ik_elbow_then_wrist,1,0,-0.071721,0.254585,0.141573,-0.178155,0.456349,0.336413,-0.040567,-0.252097,0.157485,-0.167101,-0.427770,0.365158,0.000158,0.000955,0.009622,0.030877,0.000670,0.003830,0.020547,0.061836,0.000000,0.000000,0.000000,0.492332,0.473107,-0.000000,0.329466,-0.504388,0.426199,0.000000,0.319254,0.000000,0.000000,0.000000,0.000000,0.000000,0.000000
1778448522.056457,sequential_ik_elbow_then_wrist,1,0,-0.055730,0.261052,0.136915,-0.177728,0.499810,0.271494,-0.052596,-0.258336,0.143165,-0.211155,-0.440530,0.321109,0.000121,0.003406,0.008372,0.055848,0.000054,0.013445,0.005201,0.115800,0.000000,0.000000,0.000000,0.431983,0.474867,-0.000000,0.260052,-0.434542,0.446533,0.000000,0.289145,0.000000,0.000000,0.000000,0.000000,0.000000,0.000000
1778448522.106623,sequential_ik_elbow_then_wrist,1,0,-0.030198,0.269521,0.128243,-0.153795,0.520784,0.235906,-0.021629,-0.265165,0.138635,-0.132435,-0.499185,0.290150,0.000208,0.005799,0.010810,0.075622,0.000212,0.005304,0.011134,0.072076,0.000000,0.000000,0.000000,0.364333,0.469191,-0.000000,0.185747,-0.359629,0.456511,0.000000,0.241139,0.000000,0.000000,0.000000,0.000000,0.000000,0.000000
1778448522.183605,sequential_ik_elbow_then_wrist,1,0,-0.015472,0.280098,0.106327,-0.124269,0.543674,0.199553,0.010250,-0.270982,0.128310,-0.078755,-0.529038,0.252750,0.000186,0.006496,0.009630,0.080578,0.000318,0.005678,0.013410,0.074918,0.000000,0.000000,0.000000,0.296468,0.448495,-0.000000,0.124854,-0.275740,0.455795,0.000000,0.185215,0.000000,0.000000,0.000000,0.000000,0.000000,0.000000
1778448522.231041,sequential_ik_elbow_then_wrist,1,0,-0.012784,0.286858,0.086884,-0.122644,0.552607,0.172373,0.017705,-0.274599,0.119507,-0.075767,-0.541598,0.219378,0.000100,0.008815,0.006729,0.093847,0.000083,0.010205,0.006640,0.100858,0.000000,0.000000,0.000000,0.238326,0.416280,-0.000000,0.085394,-0.199258,0.447191,0.000000,0.128996,0.000000,0.000000,0.000000,0.000000,0.000000,0.000000
1778448522.314854,sequential_ik_elbow_then_wrist,1,0,-0.013753,0.289849,0.076146,-0.121202,0.556765,0.161063,0.027985,-0.276746,0.112377,-0.062864,-0.548830,0.200222,0.000036,0.009053,0.003988,0.095044,0.000051,0.012383,0.005147,0.111258,0.000000,0.000000,0.000000,0.192919,0.381129,-0.000000,0.066086,-0.131136,0.434017,0.000000,0.080792,0.000000,0.000000,0.000000,0.000000,0.000000,0.000000
1778448522.356259,sequential_ik_elbow_then_wrist,1,0,-0.017827,0.290453,0.072933,-0.131647,0.555467,0.155471,0.040485,-0.277394,0.106833,-0.044494,-0.549537,0.200198,0.000008,0.010103,0.001884,0.100483,0.000049,0.013732,0.005032,0.117146,0.000000,0.000000,0.000000,0.160603,0.349928,-0.000000,0.057509,-0.068851,0.418813,0.000000,0.051354,0.000000,0.000000,0.000000,0.000000,0.000000,0.000000
1778448522.414137,sequential_ik_elbow_then_wrist,1,0,-0.014091,0.291887,0.067847,-0.128725,0.558288,0.144594,0.042311,-0.277813,0.105024,-0.038473,-0.553691,0.190844,0.000007,0.010362,0.001736,0.101791,0.000008,0.014558,0.001953,0.120655,0.000000,0.000000,0.000000,0.134228,0.321960,-0.000000,0.052046,-0.017536,0.404853,0.000000,0.028134,0.000000,0.000000,0.000000,0.000000,0.000000,0.000000
1778448522.475816,sequential_ik_elbow_then_wrist,1,0,-0.010947,0.292619,0.065227,-0.122304,0.561720,0.137227,0.038922,-0.279324,0.102289,-0.038064,-0.558119,0.181956,0.000004,0.010175,0.001365,0.100872,0.000002,0.013912,0.001002,0.117944,0.000000,0.000000,0.000000,0.111769,0.298073,-0.000000,0.047325,0.020322,0.391893,0.000000,0.007445,0.000000,0.000000,0.000000,0.000000,0.000000,0.000000
1778448522.543700,sequential_ik_elbow_then_wrist,1,0,-0.007302,0.292670,0.065505,-0.115508,0.563274,0.136675,0.043083,-0.280760,0.096528,-0.023163,-0.563199,0.172947,0.000003,0.010150,0.001134,0.100749,0.000007,0.011746,0.001837,0.108378,0.000000,0.000000,0.000000,0.091851,0.279492,-0.000000,0.043898,0.051221,0.377738,0.000000,-0.009039,0.000000,0.000000,0.000000,0.000000,0.000000,0.000000
1778448522.599668,sequential_ik_elbow_then_wrist,1,0,-0.002580,0.292790,0.065327,-0.101260,0.566381,0.138881,0.049093,-0.282836,0.087142,-0.002571,-0.568434,0.163065,0.000004,0.008981,0.001429,0.094764,0.000021,0.009576,0.003123,0.097844,0.000000,0.000000,0.000000,0.073092,0.265162,-0.000000,0.042810,0.078760,0.359915,0.000000,-0.017993,0.000000,0.000000,0.000000,0.000000,0.000000,0.000000
1778448522.660379,sequential_ik_elbow_then_wrist,1,0,0.008370,0.292692,0.065279,-0.076329,0.570619,0.139997,0.050756,-0.282950,0.085809,-0.007700,-0.565796,0.166931,0.000019,0.007714,0.003021,0.087828,0.000003,0.011606,0.001252,0.107681,0.000000,0.000000,0.000000,0.051164,0.254198,-0.000000,0.042917,0.101747,0.343891,0.000000,-0.016931,0.000000,0.000000,0.000000,0.000000,0.000000,0.000000
1778448522.716278,sequential_ik_elbow_then_wrist,1,0,0.013557,0.292575,0.064934,-0.066776,0.572074,0.138600,0.049272,-0.283278,0.085592,-0.012755,-0.564652,0.169144,0.000009,0.008177,0.002004,0.090425,0.000000,0.012460,0.000313,0.111608,0.000000,0.000000,0.000000,0.029413,0.245627,-0.000000,0.042755,0.118801,0.331005,0.000000,-0.011382,0.000000,0.000000,0.000000,0.000000,0.000000,0.000000
1778448522.768782,sequential_ik_elbow_then_wrist,1,0,0.014562,0.292333,0.065800,-0.063913,0.572801,0.137768,0.049309,-0.283326,0.085412,-0.010531,-0.565378,0.168272,0.000001,0.008469,0.000758,0.092024,0.000000,0.011926,0.000109,0.109207,0.000000,0.000000,0.000000,0.011012,0.239603,-0.000000,0.041270,0.131674,0.320935,0.000000,-0.006319,0.000000,0.000000,0.000000,0.000000,0.000000,0.000000
1778448522.846882,sequential_ik_elbow_then_wrist,1,0,0.013280,0.292340,0.066037,-0.068634,0.571815,0.138036,0.049266,-0.283356,0.085337,-0.014674,-0.564210,0.169198,0.000000,0.009216,0.000165,0.096000,0.000000,0.012809,0.000047,0.113177,0.000000,0.000000,0.000000,-0.002634,0.235286,-0.000000,0.039749,0.141405,0.313169,0.000000,-0.001162,0.000000,0.000000,0.000000,0.000000,0.000000,0.000000
1778448522.894490,sequential_ik_elbow_then_wrist,1,0,0.011199,0.292341,0.066419,-0.075255,0.570440,0.138437,0.051172,-0.283083,0.085121,-0.009831,-0.564656,0.168759,0.000001,0.009886,0.000552,0.099430,0.000000,0.012352,0.000490,0.111139,0.000000,0.000000,0.000000,-0.011635,0.232308,-0.000000,0.038456,0.149983,0.307103,0.000000,0.002922,0.000000,0.000000,0.000000,0.000000,0.000000,0.000000
1778448522.964445,sequential_ik_elbow_then_wrist,1,0,0.011838,0.292332,0.066346,-0.075676,0.570508,0.136771,0.050408,-0.283234,0.085073,-0.012638,-0.564218,0.169176,0.000000,0.010011,0.000025,0.100054,0.000000,0.012880,0.000079,0.113492,0.000000,0.000000,0.000000,-0.018537,0.230066,-0.000000,0.036366,0.156320,0.302424,0.000000,0.006595,0.000000,0.000000,0.000000,0.000000,0.000000,0.000000
1778448523.022625,sequential_ik_elbow_then_wrist,1,0,0.012830,0.292316,0.066231,-0.074235,0.570594,0.136808,0.050611,-0.283182,0.085128,-0.013705,-0.563894,0.169176,0.000000,0.010024,0.000250,0.100120,0.000000,0.013169,0.000035,0.114755,0.000000,0.000000,0.000000,-0.024411,0.228295,-0.000000,0.034657,0.161220,0.298887,0.000000,0.009603,0.000000,0.000000,0.000000,0.000000,0.000000,0.000000
1778448523.109629,sequential_ik_elbow_then_wrist,1,0,0.013255,0.292223,0.066560,-0.073757,0.570370,0.137716,0.051734,-0.283113,0.084679,-0.005898,-0.565252,0.168800,0.000000,0.010128,0.000180,0.100640,0.000000,0.011807,0.000312,0.108659,0.000000,0.000000,0.000000,-0.029295,0.227142,-0.000000,0.033653,0.165660,0.295916,0.000000,0.011689,0.000000,0.000000,0.000000,0.000000,0.000000,0.000000
1778448523.147829,sequential_ik_elbow_then_wrist,1,0,0.012830,0.292272,0.066427,-0.075079,0.569919,0.138429,0.051487,-0.283173,0.084630,-0.007554,-0.564949,0.168988,0.000000,0.010320,0.000065,0.101588,0.000000,0.012179,0.000037,0.110360,0.000000,0.000000,0.000000,-0.032845,0.226225,-0.000000,0.033539,0.169058,0.293560,0.000000,0.013609,0.000000,0.000000,0.000000,0.000000,0.000000,0.000000
1778448523.211342,sequential_ik_elbow_then_wrist,1,0,0.012513,0.292303,0.066348,-0.075872,0.569907,0.137932,0.050975,-0.283254,0.084670,-0.009441,-0.564997,0.168158,0.000000,0.010369,0.000096,0.101829,0.000000,0.012443,0.000129,0.111548,0.000000,0.000000,0.000000,-0.035307,0.225470,-0.000000,0.033383,0.171326,0.291774,0.000000,0.014661,0.000000,0.000000,0.000000,0.000000,0.000000,0.000000
1778448523.260734,sequential_ik_elbow_then_wrist,1,0,0.013763,0.292367,0.065818,-0.074063,0.570509,0.135987,0.052686,-0.283122,0.084058,-0.003193,-0.566052,0.166691,0.000000,0.010354,0.000310,0.101754,0.000000,0.011599,0.000427,0.107699,0.000000,0.000000,0.000000,-0.037892,0.224547,-0.000000,0.032520,0.174030,0.290024,0.000000,0.014737,0.000000,0.000000,0.000000,0.000000,0.000000,0.000000
1778448523.327129,sequential_ik_elbow_then_wrist,1,0,0.015718,0.292194,0.066148,-0.070209,0.570825,0.136728,0.053715,-0.282981,0.083883,0.005901,-0.567590,0.165809,0.000001,0.010239,0.000550,0.101190,0.000000,0.010160,0.000374,0.100794,0.000000,0.000000,0.000000,-0.041246,0.223974,-0.000000,0.031957,0.176978,0.288491,0.000000,0.013862,0.000000,0.000000,0.000000,0.000000,0.000000,0.000000
1778448523.384018,sequential_ik_elbow_then_wrist,1,0,0.016806,0.292160,0.066033,-0.066998,0.571553,0.136148,0.053675,-0.282990,0.083879,0.003155,-0.567061,0.166045,0.000000,0.010075,0.000400,0.100373,0.000000,0.010814,0.000085,0.103990,0.000000,0.000000,0.000000,-0.044809,0.223496,-0.000000,0.031180,0.179421,0.287278,0.000000,0.013400,0.000000,0.000000,0.000000,0.000000,0.000000,0.000000
1778448523.437710,sequential_ik_elbow_then_wrist,1,0,0.014750,0.292220,0.066257,-0.072332,0.570825,0.135509,0.053438,-0.282928,0.084240,0.001641,-0.566946,0.165792,0.000000,0.010675,0.000408,0.103319,0.000000,0.011090,0.000089,0.105309,0.000000,0.000000,0.000000,-0.046491,0.223264,-0.000000,0.029995,0.181191,0.286577,0.000000,0.012665,0.000000,0.000000,0.000000,0.000000,0.000000,0.000000
1778448523.508163,sequential_ik_elbow_then_wrist,1,0,0.013132,0.291876,0.068088,-0.073954,0.569483,0.141232,0.051784,-0.282681,0.086079,-0.002645,-0.565011,0.171678,0.000001,0.010379,0.000660,0.101877,0.000001,0.011427,0.000616,0.106895,0.000000,0.000000,0.000000,-0.046527,0.224277,-0.000000,0.030801,0.181534,0.287277,0.000000,0.014142,0.000000,0.000000,0.000000,0.000000,0.000000,0.000000
1778448523.569679,sequential_ik_elbow_then_wrist,1,0,0.007288,0.290530,0.074426,-0.081071,0.565310,0.156211,0.032519,-0.283918,0.091287,-0.058536,-0.553114,0.187423,0.000011,0.009907,0.002224,0.099523,0.000056,0.017863,0.005243,0.133616,0.000000,0.000000,0.000000,-0.042663,0.229347,-0.000000,0.034867,0.169594,0.291482,0.000000,0.022768,0.000000,0.000000,0.000000,0.000000,0.000000,0.000000
1778448523.621681,sequential_ik_elbow_then_wrist,1,0,-0.014353,0.286205,0.088774,-0.105014,0.552531,0.192942,0.004008,-0.283054,0.099320,-0.102594,-0.538167,0.215738,0.000103,0.008012,0.006988,0.089439,0.000164,0.016711,0.009067,0.129183,0.000000,0.000000,0.000000,-0.025335,0.243413,-0.000000,0.046554,0.139752,0.300802,0.000000,0.040706,0.000000,0.000000,0.000000,0.000000,0.000000,0.000000
1778448523.686081,sequential_ik_elbow_then_wrist,1,0,-0.027023,0.270096,0.127742,-0.110301,0.527111,0.258156,-0.011164,-0.276171,0.116641,-0.115115,-0.501502,0.285223,0.000300,0.004650,0.011737,0.068191,0.000132,0.011978,0.008078,0.108652,0.000000,0.000000,0.000000,-0.000097,0.282239,-0.000000,0.056779,0.102216,0.320709,0.000000,0.085930,0.000000,0.000000,0.000000,0.000000,0.000000,0.000000
1778448523.755551,sequential_ik_elbow_then_wrist,1,0,-0.034834,0.258251,0.148638,-0.113251,0.503193,0.303085,-0.028668,-0.263482,0.140554,-0.127668,-0.446315,0.356821,0.000170,0.002893,0.008924,0.053782,0.000210,0.008761,0.010203,0.092593,0.000000,0.000000,0.000000,0.028044,0.332716,-0.000000,0.063351,0.058318,0.355130,0.000000,0.153182,0.000000,0.000000,0.000000,0.000000,0.000000,0.000000
1778448523.812333,sequential_ik_elbow_then_wrist,1,0,-0.049100,0.245118,0.165850,-0.131030,0.465716,0.351926,-0.089144,-0.241566,0.153945,-0.254304,-0.389037,0.356367,0.000168,0.002557,0.009359,0.050416,0.000919,0.021265,0.023307,0.145788,0.000000,0.000000,0.000000,0.062169,0.388399,-0.000000,0.077607,-0.019231,0.395888,0.000000,0.196197,0.000000,0.000000,0.000000,0.000000,0.000000,0.000000
1778448523.863266,sequential_ik_elbow_then_wrist,1,0,-0.058526,0.219755,0.195659,-0.142475,0.406132,0.415240,-0.162226,-0.206372,0.145235,-0.384087,-0.304604,0.321667,0.000323,0.002398,0.012877,0.048719,0.001904,0.032045,0.034161,0.178762,0.000000,0.000000,0.000000,0.101116,0.457795,-0.000000,0.100319,-0.143315,0.425006,0.000000,0.206208,0.000000,0.000000,0.000000,0.000000,0.000000,0.000000
1778448523.926596,sequential_ik_elbow_then_wrist,1,0,-0.076974,0.177945,0.228933,-0.159634,0.336750,0.469658,-0.153681,-0.196088,0.167128,-0.343690,-0.260971,0.390033,0.000789,0.002180,0.021899,0.046664,0.000251,0.017083,0.012123,0.130259,0.000000,0.000000,0.000000,0.152969,0.546377,-0.000000,0.114205,-0.257798,0.460961,0.000000,0.239596,0.000000,0.000000,0.000000,0.000000,0.000000,0.000000
1778448523.992368,sequential_ik_elbow_then_wrist,1,0,-0.079008,0.152700,0.245846,-0.160769,0.296965,0.495852,-0.120716,-0.184311,0.203610,-0.271666,-0.242201,0.456321,0.000493,0.001463,0.018341,0.037849,0.000332,0.008019,0.012330,0.089371,0.000000,0.000000,0.000000,0.208607,0.638960,-0.000000,0.111597,-0.339123,0.519974,0.000000,0.278393,0.000000,0.000000,0.000000,0.000000,0.000000,0.000000
1778448524.055010,sequential_ik_elbow_then_wrist,1,0,-0.073876,0.136722,0.256611,-0.147974,0.267100,0.516440,-0.096400,-0.172866,0.225443,-0.230672,-0.215898,0.490243,0.000233,0.000634,0.012774,0.025000,0.000313,0.007057,0.012995,0.084006,0.000000,0.000000,0.000000,0.260395,0.727020,-0.000000,0.102448,-0.390142,0.591502,0.000000,0.307785,0.000000,0.000000,0.000000,0.000000,0.000000,0.000000
1778448524.100933,sequential_ik_elbow_then_wrist,1,0,-0.075950,0.112291,0.267623,-0.134777,0.212215,0.544308,-0.131523,-0.149400,0.224458,-0.268198,-0.151794,0.491506,0.000395,0.000552,0.017657,0.023285,0.000373,0.016213,0.017228,0.127307,0.000000,0.000000,0.000000,0.311589,0.812401,-0.000000,0.103024,-0.449065,0.651494,0.000000,0.336129,0.000000,0.000000,0.000000,0.000000,0.000000,0.000000
1778448524.173090,sequential_ik_elbow_then_wrist,1,0,-0.075564,0.084823,0.277660,-0.110534,0.155700,0.567062,-0.098383,-0.122316,0.255655,-0.191521,-0.111772,0.540636,0.000654,0.000321,0.023561,0.017353,0.000360,0.007191,0.012938,0.084754,0.000000,0.000000,0.000000,0.363688,0.897227,-0.000000,0.114228,-0.497661,0.730176,0.000000,0.364478,0.000000,0.000000,0.000000,0.000000,0.000000,0.000000
1778448524.225495,sequential_ik_elbow_then_wrist,1,0,-0.076008,0.065395,0.282748,-0.106633,0.116620,0.576751,-0.086728,-0.102604,0.268236,-0.139016,-0.068568,0.561677,0.000841,0.000611,0.027827,0.024698,0.000198,0.004506,0.009951,0.067027,0.000000,0.000000,0.000000,0.416533,0.976062,-0.000000,0.124983,-0.538130,0.813554,0.000000,0.394634,0.000000,0.000000,0.000000,0.000000,0.000000,0.000000
1778448524.294641,sequential_ik_elbow_then_wrist,1,0,-0.081468,0.065044,0.281305,-0.112255,0.094145,0.578298,-0.085279,-0.097199,0.270702,-0.128602,-0.056265,0.564722,0.000757,0.001214,0.027023,0.034669,0.000053,0.004192,0.006106,0.064742,0.000000,0.000000,0.000000,0.468990,1.036507,-0.000000,0.141402,-0.572248,0.885799,0.000000,0.415998,0.000000,0.000000,0.000000,0.000000,0.000000,0.000000
1778448524.341555,sequential_ik_elbow_then_wrist,1,0,-0.082831,0.063875,0.281174,-0.120498,0.090635,0.577595,-0.093646,-0.096173,0.268293,-0.122655,-0.046442,0.562717,0.000605,0.001337,0.024160,0.036570,0.000089,0.004063,0.009081,0.063663,0.000000,0.000000,0.000000,0.519893,1.081854,-0.000000,0.154183,-0.603990,0.939494,0.000000,0.439837,0.000000,0.000000,0.000000,0.000000,0.000000,0.000000
1778448524.412824,sequential_ik_elbow_then_wrist,1,0,-0.088671,0.059759,0.280297,-0.128628,0.076646,0.577144,-0.098294,-0.092260,0.268004,-0.129634,-0.033420,0.560503,0.000707,0.001991,0.026109,0.044586,0.000133,0.005504,0.011128,0.074164,0.000000,0.000000,0.000000,0.570684,1.114920,-0.000000,0.168120,-0.635302,0.979735,0.000000,0.462584,0.000000,0.000000,0.000000,0.000000,0.000000,0.000000
1778448524.468198,sequential_ik_elbow_then_wrist,1,0,-0.095455,0.057572,0.278521,-0.133629,0.065052,0.575988,-0.100170,-0.094267,0.266608,-0.134222,-0.026675,0.556904,0.000753,0.002376,0.026880,0.048641,0.000072,0.006374,0.008160,0.079817,0.000000,0.000000,0.000000,0.622188,1.136763,-0.000000,0.186142,-0.664445,1.008138,0.000000,0.484344,0.000000,0.000000,0.000000,0.000000,0.000000,0.000000
1778448524.543772,sequential_ik_elbow_then_wrist,1,0,-0.095037,0.055036,0.279175,-0.130216,0.056954,0.577100,-0.100733,-0.094895,0.266172,-0.133889,-0.020505,0.554906,0.000564,0.002083,0.023266,0.045581,0.000037,0.006753,0.005859,0.082153,0.000000,0.000000,0.000000,0.672691,1.153182,-0.000000,0.205492,-0.690502,1.028561,0.000000,0.505832,0.000000,0.000000,0.000000,0.000000,0.000000,0.000000
1778448524.587895,sequential_ik_elbow_then_wrist,1,0,-0.096941,0.058491,0.277815,-0.135379,0.059911,0.575339,-0.101753,-0.092741,0.266544,-0.138057,-0.012857,0.553425,0.000335,0.001727,0.017867,0.041553,0.000037,0.007897,0.005835,0.088863,0.000000,0.000000,0.000000,0.720033,1.162649,-0.000000,0.221333,-0.714216,1.044314,0.000000,0.523793,0.000000,0.000000,0.000000,0.000000,0.000000,0.000000
1778448524.661500,sequential_ik_elbow_then_wrist,1,0,-0.099319,0.058911,0.276885,-0.134708,0.057974,0.574789,-0.102205,-0.092699,0.266385,-0.141594,-0.009082,0.551791,0.000246,0.001444,0.015291,0.037961,0.000021,0.008625,0.004464,0.092872,0.000000,0.000000,0.000000,0.763944,1.167385,-0.000000,0.237605,-0.735232,1.056090,0.000000,0.537577,0.000000,0.000000,0.000000,0.000000,0.000000,0.000000
1778448524.707098,sequential_ik_elbow_then_wrist,1,0,-0.098562,0.058242,0.277297,-0.132995,0.053496,0.575276,-0.102248,-0.091539,0.266769,-0.142691,-0.007568,0.551924,0.000157,0.001348,0.012258,0.036689,0.000016,0.008759,0.003857,0.093591,0.000000,0.000000,0.000000,0.803757,1.170847,-0.000000,0.253076,-0.753781,1.065500,0.000000,0.546953,0.000000,0.000000,0.000000,0.000000,0.000000,0.000000
1778448524.775107,sequential_ik_elbow_then_wrist,1,0,-0.100287,0.055914,0.277157,-0.133122,0.051415,0.575321,-0.104368,-0.092609,0.265576,-0.142900,-0.008739,0.551025,0.000154,0.001207,0.012123,0.034743,0.000012,0.008445,0.003305,0.091899,0.000000,0.000000,0.000000,0.840403,1.173210,-0.000000,0.266047,-0.770079,1.071150,0.000000,0.554882,0.000000,0.000000,0.000000,0.000000,0.000000,0.000000
1778448524.836594,sequential_ik_elbow_then_wrist,1,0,-0.101172,0.052620,0.277480,-0.137446,0.047507,0.575235,-0.105548,-0.093766,0.264703,-0.144347,-0.010132,0.550185,0.000158,0.001345,0.012280,0.036665,0.000006,0.008307,0.002357,0.091140,0.000000,0.000000,0.000000,0.874704,1.175482,-0.000000,0.274017,-0.784037,1.073935,0.000000,0.561653,0.000000,0.000000,0.000000,0.000000,0.000000,0.000000
1778448524.886852,sequential_ik_elbow_then_wrist,1,0,-0.100249,0.051316,0.278059,-0.135726,0.045082,0.575889,-0.105248,-0.093625,0.264872,-0.143951,-0.009531,0.550232,0.000112,0.001199,0.010345,0.034619,0.000003,0.008243,0.001558,0.090790,0.000000,0.000000,0.000000,0.906152,1.178136,-0.000000,0.279493,-0.795720,1.075921,0.000000,0.567348,0.000000,0.000000,0.000000,0.000000,0.000000,0.000000
1778448524.955175,sequential_ik_elbow_then_wrist,1,0,-0.098097,0.051147,0.278856,-0.132948,0.044138,0.576743,-0.103537,-0.092198,0.266044,-0.140770,-0.006976,0.551265,0.000060,0.001007,0.007568,0.031732,0.000002,0.008130,0.001190,0.090168,0.000000,0.000000,0.000000,0.933921,1.181542,-0.000000,0.282901,-0.805315,1.078950,0.000000,0.571987,0.000000,0.000000,0.000000,0.000000,0.000000,0.000000
1778448525.008863,sequential_ik_elbow_then_wrist,1,0,-0.097242,0.051966,0.279004,-0.125454,0.044774,0.577588,-0.099556,-0.090719,0.268065,-0.131693,-0.004434,0.553586,0.000028,0.000670,0.005200,0.025858,0.000003,0.007388,0.001205,0.085954,0.000000,0.000000,0.000000,0.957664,1.184606,-0.000000,0.288218,-0.812353,1.084334,0.000000,0.576424,0.000000,0.000000,0.000000,0.000000,0.000000,0.000000
1778448525.078784,sequential_ik_elbow_then_wrist,1,0,-0.096875,0.052342,0.279062,-0.125760,0.044511,0.577565,-0.099381,-0.090083,0.268344,-0.132402,-0.003140,0.553564,0.000015,0.000634,0.003805,0.025174,0.000000,0.007654,0.000404,0.087484,0.000000,0.000000,0.000000,0.977633,1.187101,-0.000000,0.292409,-0.817689,1.089514,0.000000,0.578683,0.000000,0.000000,0.000000,0.000000,0.000000,0.000000
1778448525.132697,sequential_ik_elbow_then_wrist,1,0,-0.097727,0.052371,0.278759,-0.127534,0.042406,0.577108,-0.101013,-0.089232,0.268018,-0.135068,-0.001981,0.553023,0.000012,0.000726,0.003416,0.026944,0.000002,0.008073,0.001252,0.089849,0.000000,0.000000,0.000000,0.994541,1.188520,-0.000000,0.295921,-0.822558,1.093257,0.000000,0.579505,0.000000,0.000000,0.000000,0.000000,0.000000,0.000000
1778448525.203076,sequential_ik_elbow_then_wrist,1,0,-0.099496,0.051489,0.278298,-0.129318,0.039816,0.576583,-0.102581,-0.088539,0.267653,-0.137173,0.000430,0.552060,0.000018,0.000837,0.004096,0.028935,0.000005,0.008564,0.002065,0.092543,0.000000,0.000000,0.000000,1.009483,1.188738,-0.000000,0.299629,-0.827602,1.095562,0.000000,0.580463,0.000000,0.000000,0.000000,0.000000,0.000000,0.000000
1778448525.259117,sequential_ik_elbow_then_wrist,1,0,-0.099852,0.051452,0.278177,-0.129818,0.039974,0.576456,-0.102567,-0.088058,0.267817,-0.138044,0.000526,0.552236,0.000013,0.000787,0.003459,0.028052,0.000003,0.008594,0.001758,0.092701,0.000000,0.000000,0.000000,1.022623,1.188492,-0.000000,0.302847,-0.832586,1.097413,0.000000,0.580465,0.000000,0.000000,0.000000,0.000000,0.000000,0.000000
1778448525.319428,sequential_ik_elbow_then_wrist,1,0,-0.101925,0.051705,0.277377,-0.132246,0.039689,0.575599,-0.104209,-0.088185,0.267140,-0.140405,0.000062,0.551574,0.000013,0.000812,0.003435,0.028487,0.000005,0.008719,0.002026,0.093376,0.000000,0.000000,0.000000,1.034386,1.186904,-0.000000,0.306104,-0.837690,1.097923,0.000000,0.579980,0.000000,0.000000,0.000000,0.000000,0.000000,0.000000
1778448525.372598,sequential_ik_elbow_then_wrist,1,0,-0.106314,0.050686,0.275913,-0.142590,0.039443,0.573500,-0.105326,-0.088876,0.266472,-0.142526,0.000913,0.550293,0.000029,0.001027,0.005152,0.032035,0.000003,0.009029,0.001653,0.095020,0.000000,0.000000,0.000000,1.046046,1.183081,-0.000000,0.306826,-0.842636,1.097199,0.000000,0.580241,0.000000,0.000000,0.000000,0.000000,0.000000,0.000000
1778448525.434326,sequential_ik_elbow_then_wrist,1,0,-0.109720,0.051052,0.274509,-0.147402,0.040851,0.571958,-0.109257,-0.091278,0.264067,-0.150687,-0.001766,0.547388,0.000028,0.000981,0.005055,0.031326,0.000007,0.009596,0.002102,0.097957,0.000000,0.000000,0.000000,1.057659,1.177395,-0.000000,0.307828,-0.847542,1.093218,0.000000,0.580328,0.000000,0.000000,0.000000,0.000000,0.000000,0.000000
1778448525.505585,sequential_ik_elbow_then_wrist,1,0,-0.110324,0.050538,0.274362,-0.156071,0.040928,0.570698,-0.109374,-0.090992,0.264117,-0.155028,-0.002051,0.546969,0.000021,0.001132,0.004429,0.033616,0.000002,0.010019,0.001416,0.100095,0.000000,0.000000,0.000000,1.068983,1.172199,-0.000000,0.304923,-0.852240,1.089470,0.000000,0.578940,0.000000,0.000000,0.000000,0.000000,0.000000,0.000000
1778448525.550635,sequential_ik_elbow_then_wrist,1,0,-0.105861,0.053589,0.275539,-0.152405,0.045072,0.571784,-0.106521,-0.094522,0.264043,-0.151813,-0.009152,0.548051,0.000001,0.000804,0.000629,0.028332,0.000005,0.008704,0.002226,0.093293,0.000000,0.000000,0.000000,1.077452,1.169811,-0.000000,0.300479,-0.854253,1.086368,0.000000,0.576854,0.000000,0.000000,0.000000,0.000000,0.000000,0.000000
1778448525.619685,sequential_ik_elbow_then_wrist,1,0,-0.104977,0.061175,0.274294,-0.160162,0.064658,0.569154,-0.098930,-0.103528,0.263619,-0.156314,-0.028721,0.548419,0.000036,0.000297,0.005802,0.016911,0.000106,0.007326,0.009882,0.085517,0.000000,0.000000,0.000000,1.080631,1.166527,-0.000000,0.289041,-0.848847,1.083630,0.000000,0.566734,0.000000,0.000000,0.000000,0.000000,0.000000,0.000000
1778448525.690062,sequential_ik_elbow_then_wrist,1,0,-0.095925,0.068562,0.275858,-0.155192,0.091980,0.569012,-0.096951,-0.116618,0.258845,-0.160742,-0.058457,0.546157,0.000180,0.000056,0.013021,0.005949,0.000235,0.005386,0.014493,0.073339,0.000000,0.000000,0.000000,1.075840,1.166504,-0.000000,0.269574,-0.834237,1.075712,0.000000,0.552507,0.000000,0.000000,0.000000,0.000000,0.000000,0.000000
1778448525.742314,sequential_ik_elbow_then_wrist,1,0,-0.087345,0.078300,0.276116,-0.146751,0.132937,0.565055,-0.081765,-0.131041,0.257182,-0.145161,-0.088888,0.547362,0.000438,0.001319,0.020403,0.035826,0.000628,0.002801,0.023883,0.052917,0.000000,0.000000,0.000000,1.061155,1.168175,-0.000000,0.240449,-0.805063,1.067189,0.000000,0.539360,0.000000,0.000000,0.000000,0.000000,0.000000,0.000000
1778448525.797654,sequential_ik_elbow_then_wrist,1,0,-0.075259,0.087071,0.277046,-0.129850,0.153103,0.564552,-0.071171,-0.137580,0.256917,-0.134122,-0.099118,0.547705,0.000798,0.002509,0.027582,0.049993,0.000653,0.002531,0.024334,0.050301,0.000000,0.000000,0.000000,1.035552,1.172353,-0.000000,0.210726,-0.764226,1.059872,0.000000,0.531841,0.000000,0.000000,0.000000,0.000000,0.000000,0.000000
1778448525.873880,sequential_ik_elbow_then_wrist,1,0,-0.067988,0.097478,0.275455,-0.127444,0.185180,0.556121,-0.064917,-0.139504,0.257535,-0.129335,-0.120556,0.549924,0.001096,0.003970,0.032346,0.062717,0.000464,0.002010,0.020517,0.044737,0.000000,0.000000,0.000000,0.999199,1.174442,-0.000000,0.173726,-0.717414,1.054467,0.000000,0.519008,0.000000,0.000000,0.000000,0.000000,0.000000,0.000000
1778448525.922603,sequential_ik_elbow_then_wrist,1,0,-0.063802,0.109166,0.272052,-0.123481,0.205021,0.549991,-0.074061,-0.139751,0.254921,-0.164438,-0.133795,0.540922,0.001268,0.003895,0.034661,0.062365,0.000085,0.005390,0.008636,0.073178,0.000000,0.000000,0.000000,0.952635,1.170906,-0.000000,0.140080,-0.675098,1.046477,0.000000,0.495087,0.000000,0.000000,0.000000,0.000000,0.000000,0.000000
1778448525.994933,sequential_ik_elbow_then_wrist,1,0,-0.058752,0.118040,0.269471,-0.119101,0.223782,0.543655,-0.089098,-0.142680,0.248403,-0.199341,-0.148883,0.527344,0.001240,0.003454,0.034163,0.058748,0.000026,0.008872,0.003615,0.094059,0.000000,0.000000,0.000000,0.897421,1.163145,-0.000000,0.110657,-0.644472,1.031967,0.000000,0.464900,0.000000,0.000000,0.000000,0.000000,0.000000,0.000000
1778448526.044693,sequential_ik_elbow_then_wrist,1,0,-0.061376,0.134381,0.261103,-0.128814,0.251625,0.528883,-0.084886,-0.149367,0.245934,-0.186710,-0.171338,0.527269,0.001081,0.002162,0.031317,0.046488,0.000018,0.005464,0.003645,0.073904,0.000000,0.000000,0.000000,0.835193,1.144243,-0.000000,0.085502,-0.618318,1.016337,0.000000,0.438727,0.000000,0.000000,0.000000,0.000000,0.000000,0.000000
1778448526.107096,sequential_ik_elbow_then_wrist,1,0,-0.057293,0.142234,0.257851,-0.135944,0.262981,0.520974,-0.073722,-0.158145,0.244039,-0.185657,-0.185468,0.521030,0.000799,0.000568,0.026899,0.023828,0.000126,0.005812,0.010436,0.076227,0.000000,0.000000,0.000000,0.768562,1.122278,-0.000000,0.066313,-0.588882,1.001586,0.000000,0.415972,0.000000,0.000000,0.000000,0.000000,0.000000,0.000000
1778448526.166347,sequential_ik_elbow_then_wrist,1,0,-0.058628,0.148388,0.254054,-0.138429,0.268689,0.517037,-0.074173,-0.162813,0.240812,-0.178547,-0.199809,0.519626,0.000418,0.000048,0.019249,0.006479,0.000064,0.004927,0.007304,0.070189,0.000000,0.000000,0.000000,0.703070,1.098507,-0.000000,0.057644,-0.559707,0.986215,0.000000,0.399534,0.000000,0.000000,0.000000,0.000000,0.000000,0.000000
1778448526.217729,sequential_ik_elbow_then_wrist,1,0,-0.058291,0.153261,0.251223,-0.139593,0.274904,0.513126,-0.076899,-0.168211,0.236202,-0.191515,-0.213104,0.509786,0.000224,0.000055,0.014015,0.007082,0.000029,0.006500,0.004557,0.080610,0.000000,0.000000,0.000000,0.641849,1.075187,-0.000000,0.056065,-0.533508,0.968819,0.000000,0.384063,0.000000,0.000000,0.000000,0.000000,0.000000,0.000000
1778448526.290569,sequential_ik_elbow_then_wrist,1,0,-0.060056,0.158567,0.247487,-0.142395,0.285174,0.506699,-0.066516,-0.175801,0.233815,-0.185391,-0.226716,0.504511,0.000102,0.000236,0.009274,0.015326,0.000105,0.006506,0.009327,0.080661,0.000000,0.000000,0.000000,0.587464,1.051864,-0.000000,0.057215,-0.504052,0.952060,0.000000,0.371851,0.000000,0.000000,0.000000,0.000000,0.000000,0.000000
1778448526.339389,sequential_ik_elbow_then_wrist,1,0,-0.060492,0.164266,0.243634,-0.143601,0.301142,0.497322,-0.072559,-0.189129,0.221282,-0.203788,-0.258986,0.481856,0.000059,0.000335,0.006871,0.018298,0.000077,0.008459,0.006638,0.091929,0.000000,0.000000,0.000000,0.540131,1.028633,-0.000000,0.056286,-0.476454,0.926507,0.000000,0.355710,0.000000,0.000000,0.000000,0.000000,0.000000,0.000000
1778448526.402960,sequential_ik_elbow_then_wrist,1,0,-0.059160,0.174055,0.237076,-0.145899,0.323069,0.482578,-0.053223,-0.200676,0.216556,-0.183523,-0.290820,0.471303,0.000071,0.000470,0.007238,0.021628,0.000234,0.006969,0.013475,0.083465,0.000000,0.000000,0.000000,0.497719,1.002952,-0.000000,0.051814,-0.439569,0.900182,0.000000,0.339499,0.000000,0.000000,0.000000,0.000000,0.000000,0.000000
1778448526.462487,sequential_ik_elbow_then_wrist,1,0,-0.062104,0.181396,0.230735,-0.163700,0.341074,0.463504,-0.050535,-0.207505,0.210684,-0.189218,-0.308345,0.456852,0.000035,0.001431,0.004633,0.037724,0.000106,0.009866,0.008811,0.099320,0.000000,0.000000,0.000000,0.461811,0.975284,-0.000000,0.041800,-0.400841,0.873234,0.000000,0.324267,0.000000,0.000000,0.000000,0.000000,0.000000,0.000000
1778448526.529202,sequential_ik_elbow_then_wrist,1,0,-0.059291,0.193053,0.221845,-0.167940,0.361152,0.445313,-0.051224,-0.213945,0.203970,-0.193543,-0.322452,0.444743,0.000065,0.001990,0.006426,0.044599,0.000041,0.011754,0.005082,0.108414,0.000000,0.000000,0.000000,0.428635,0.944062,-0.000000,0.031947,-0.365682,0.845334,0.000000,0.312511,0.000000,0.000000,0.000000,0.000000,0.000000,0.000000
1778448526.589323,sequential_ik_elbow_then_wrist,1,0,-0.049729,0.202417,0.215764,-0.158610,0.380750,0.431037,-0.054061,-0.220901,0.195653,-0.189359,-0.338386,0.436260,0.000107,0.002213,0.008893,0.047041,0.000026,0.010610,0.003483,0.102996,0.000000,0.000000,0.000000,0.393235,0.912598,-0.000000,0.023454,-0.336983,0.815521,0.000000,0.306369,0.000000,0.000000,0.000000,0.000000,0.000000,0.000000
1778448526.648379,sequential_ik_elbow_then_wrist,1,0,-0.045478,0.215327,0.203878,-0.151579,0.401142,0.414152,-0.046624,-0.226761,0.190803,-0.180127,-0.358318,0.425046,0.000115,0.002683,0.008570,0.051774,0.000034,0.009821,0.004660,0.099095,0.000000,0.000000,0.000000,0.356730,0.876614,-0.000000,0.020973,-0.309035,0.787008,0.000000,0.299439,0.000000,0.000000,0.000000,0.000000,0.000000,0.000000
1778448526.711265,sequential_ik_elbow_then_wrist,1,0,-0.048018,0.225501,0.191947,-0.150890,0.414702,0.400801,-0.062221,-0.226448,0.186682,-0.200887,-0.361308,0.415994,0.000062,0.003142,0.005591,0.055924,0.000035,0.011476,0.004784,0.107121,0.000000,0.000000,0.000000,0.324613,0.836625,-0.000000,0.028354,-0.294668,0.760732,0.000000,0.291714,0.000000,0.000000,0.000000,0.000000,0.000000,0.000000
1778448526.776166,sequential_ik_elbow_then_wrist,1,0,-0.044603,0.233682,0.182765,-0.145786,0.433324,0.382528,-0.040622,-0.236077,0.180604,-0.158298,-0.389746,0.409816,0.000047,0.003158,0.004960,0.056189,0.000087,0.006156,0.007600,0.078461,0.000000,0.000000,0.000000,0.295210,0.796087,-0.000000,0.036616,-0.272130,0.735023,0.000000,0.284590,0.000000,0.000000,0.000000,0.000000,0.000000,0.000000
1778448526.839283,sequential_ik_elbow_then_wrist,1,0,-0.044726,0.245448,0.166598,-0.148833,0.451541,0.358137,-0.041058,-0.242617,0.171613,-0.163997,-0.405436,0.391559,0.000072,0.003874,0.005773,0.062216,0.000035,0.008126,0.004290,0.090138,0.000000,0.000000,0.000000,0.269515,0.750672,-0.000000,0.047315,-0.249974,0.707242,0.000000,0.276868,0.000000,0.000000,0.000000,0.000000,0.000000,0.000000
1778448526.876752,sequential_ik_elbow_then_wrist,1,0,-0.044621,0.249287,0.160825,-0.147138,0.462583,0.345203,-0.041633,-0.251225,0.158595,-0.164032,-0.430315,0.365828,0.000019,0.003830,0.002981,0.061881,0.000044,0.008161,0.004490,0.090316,0.000000,0.000000,0.000000,0.248257,0.708557,-0.000000,0.057936,-0.230685,0.674609,0.000000,0.265895,0.000000,0.000000,0.000000,0.000000,0.000000,0.000000
1778448526.947373,sequential_ik_elbow_then_wrist,1,0,-0.040693,0.251586,0.158267,-0.142485,0.472685,0.333634,-0.041022,-0.256377,0.150293,-0.157870,-0.451041,0.346386,0.000009,0.003865,0.002228,0.062158,0.000025,0.007046,0.003330,0.083911,0.000000,0.000000,0.000000,0.228838,0.672951,-0.000000,0.063212,-0.214263,0.641195,0.000000,0.252330,0.000000,0.000000,0.000000,0.000000,0.000000,0.000000
1778448527.003455,sequential_ik_elbow_then_wrist,1,0,-0.040180,0.252666,0.156670,-0.140670,0.481726,0.322300,-0.028552,-0.259986,0.146943,-0.126736,-0.467817,0.339728,0.000002,0.003858,0.001109,0.062057,0.000039,0.004537,0.004739,0.067353,0.000000,0.000000,0.000000,0.212543,0.643905,-0.000000,0.060844,-0.193174,0.611479,0.000000,0.240295,0.000000,0.000000,0.000000,0.000000,0.000000,0.000000
1778448527.086648,sequential_ik_elbow_then_wrist,1,0,-0.031888,0.257174,0.151145,-0.143301,0.487572,0.307682,-0.014758,-0.264362,0.141049,-0.117566,-0.480495,0.321927,0.000023,0.005900,0.003597,0.076794,0.000066,0.006543,0.006178,0.080867,0.000000,0.000000,0.000000,0.194099,0.617420,-0.000000,0.055194,-0.165511,0.583782,0.000000,0.226673,0.000000,0.000000,0.000000,0.000000,0.000000,0.000000
1778448527.135157,sequential_ik_elbow_then_wrist,1,0,-0.024346,0.262330,0.143493,-0.131873,0.499213,0.292907,-0.011679,-0.268986,0.132325,-0.115243,-0.492430,0.303636,0.000035,0.006246,0.004337,0.079029,0.000030,0.008066,0.003902,0.089801,0.000000,0.000000,0.000000,0.173014,0.590866,-0.000000,0.049381,-0.138710,0.555476,0.000000,0.213441,0.000000,0.000000,0.000000,0.000000,0.000000,0.000000
1778448527.193704,sequential_ik_elbow_then_wrist,1,0,-0.025536,0.265471,0.137379,-0.139160,0.502818,0.281449,-0.000371,-0.275434,0.118895,-0.103852,-0.507657,0.278156,0.000012,0.008064,0.002300,0.089800,0.000068,0.009431,0.005794,0.097110,0.000000,0.000000,0.000000,0.155273,0.564928,-0.000000,0.046072,-0.109377,0.523190,0.000000,0.201806,0.000000,0.000000,0.000000,0.000000,0.000000,0.000000
1778448527.262292,sequential_ik_elbow_then_wrist,1,0,-0.021606,0.268116,0.132841,-0.137916,0.507182,0.271836,0.009963,-0.278503,0.111071,-0.088977,-0.516338,0.264840,0.000010,0.009046,0.002245,0.095109,0.000049,0.010348,0.004979,0.101718,0.000000,0.000000,0.000000,0.138660,0.540764,-0.000000,0.044448,-0.078043,0.490959,0.000000,0.195536,0.000000,0.000000,0.000000,0.000000,0.000000,0.000000
1778448527.309181,sequential_ik_elbow_then_wrist,1,0,-0.017514,0.269886,0.129827,-0.131980,0.512157,0.264742,0.007543,-0.280095,0.107191,-0.086879,-0.523741,0.254572,0.000008,0.009333,0.002061,0.096608,0.000006,0.010337,0.001673,0.101669,0.000000,0.000000,0.000000,0.122452,0.519313,-0.000000,0.043302,-0.053229,0.462111,0.000000,0.190130,0.000000,0.000000,0.000000,0.000000,0.000000,0.000000
1778448527.379852,sequential_ik_elbow_then_wrist,1,0,-0.014275,0.270513,0.128915,-0.120928,0.519678,0.257529,0.017419,-0.280431,0.105143,-0.046070,-0.542264,0.237100,0.000004,0.008406,0.001556,0.091672,0.000017,0.005658,0.002934,0.075058,0.000000,0.000000,0.000000,0.107024,0.501680,-0.000000,0.038775,-0.027956,0.437849,0.000000,0.174171,0.000000,0.000000,0.000000,0.000000,0.000000,0.000000
1778448527.423315,sequential_ik_elbow_then_wrist,1,0,-0.015838,0.271964,0.125637,-0.119598,0.525877,0.247136,0.030485,-0.279968,0.103385,-0.024350,-0.547293,0.228007,0.000002,0.008077,0.000942,0.089854,0.000036,0.005785,0.004333,0.076013,0.000000,0.000000,0.000000,0.095298,0.485737,-0.000000,0.030743,0.001132,0.417731,0.000000,0.155712,0.000000,0.000000,0.000000,0.000000,0.000000,0.000000
1778448527.508683,sequential_ik_elbow_then_wrist,1,0,-0.015986,0.273222,0.122859,-0.119385,0.527478,0.243948,0.028937,-0.280360,0.102765,-0.028114,-0.548447,0.224727,0.000002,0.007995,0.000914,0.089412,0.000001,0.007011,0.000788,0.083728,0.000000,0.000000,0.000000,0.086434,0.471157,-0.000000,0.025113,0.024924,0.401629,0.000000,0.139513,0.000000,0.000000,0.000000,0.000000,0.000000,0.000000
1778448527.547623,sequential_ik_elbow_then_wrist,1,0,-0.014345,0.274819,0.119453,-0.117304,0.529561,0.239892,0.029150,-0.283546,0.093552,-0.035225,-0.548446,0.218787,0.000003,0.008033,0.001168,0.089624,0.000012,0.008467,0.002306,0.091983,0.000000,0.000000,0.000000,0.078632,0.457215,-0.000000,0.022636,0.043392,0.383189,0.000000,0.133128,0.000000,0.000000,0.000000,0.000000,0.000000,0.000000
1778448527.608557,sequential_ik_elbow_then_wrist,1,0,-0.013990,0.277094,0.114120,-0.119054,0.531124,0.234246,0.025725,-0.285745,0.087683,-0.059028,-0.542882,0.216901,0.000006,0.008603,0.001591,0.092742,0.000010,0.012369,0.002133,0.111132,0.000000,0.000000,0.000000,0.072102,0.442392,-0.000000,0.024113,0.055276,0.363958,0.000000,0.138637,0.000000,0.000000,0.000000,0.000000,0.000000,0.000000
1778448527.689098,sequential_ik_elbow_then_wrist,1,0,-0.012470,0.278749,0.110197,-0.119047,0.532804,0.228929,0.027162,-0.286397,0.085082,-0.060635,-0.541939,0.215428,0.000004,0.009098,0.001425,0.095373,0.000003,0.012873,0.001071,0.113426,0.000000,0.000000,0.000000,0.065973,0.427551,-0.000000,0.028193,0.064602,0.346472,0.000000,0.149334,0.000000,0.000000,0.000000,0.000000,0.000000,0.000000
1778448527.745867,sequential_ik_elbow_then_wrist,1,0,-0.009016,0.279112,0.109614,-0.113855,0.533254,0.229699,0.025307,-0.287512,0.081831,-0.065281,-0.542329,0.211685,0.000003,0.009173,0.001185,0.095767,0.000003,0.013370,0.001119,0.115621,0.000000,0.000000,0.000000,0.058832,0.415067,-0.000000,0.034526,0.070555,0.330438,0.000000,0.161021,0.000000,0.000000,0.000000,0.000000,0.000000,0.000000
1778448527.841507,sequential_ik_elbow_then_wrist,1,0,-0.008912,0.279225,0.109335,-0.113245,0.533046,0.230535,0.024564,-0.287455,0.082256,-0.066589,-0.542189,0.211880,0.000000,0.009379,0.000373,0.096840,0.000000,0.013272,0.000332,0.115201,0.000000,0.000000,0.000000,0.052654,0.405118,-0.000000,0.041466,0.074334,0.317898,0.000000,0.171418,0.000000,0.000000,0.000000,0.000000,0.000000,0.000000
1778448527.878207,sequential_ik_elbow_then_wrist,1,0,-0.009195,0.279128,0.109558,-0.113659,0.531981,0.232654,0.018904,-0.287597,0.083250,-0.076552,-0.540622,0.213120,0.000000,0.009478,0.000020,0.097352,0.000005,0.013634,0.001526,0.116763,0.000000,0.000000,0.000000,0.047931,0.397599,-0.000000,0.048705,0.073506,0.308925,0.000000,0.179723,0.000000,0.000000,0.000000,0.000000,0.000000,0.000000
1778448527.975001,sequential_ik_elbow_then_wrist,1,0,-0.009858,0.279471,0.108621,-0.111457,0.534079,0.230492,0.020493,-0.287063,0.084704,-0.048901,-0.547559,0.216333,0.000000,0.008846,0.000286,0.094055,0.000000,0.007866,0.000394,0.088683,0.000000,0.000000,0.000000,0.044739,0.391274,-0.000000,0.053782,0.072945,0.303166,0.000000,0.183669,0.000000,0.000000,0.000000,0.000000,0.000000,0.000000
1778448528.048764,sequential_ik_elbow_then_wrist,1,0,-0.008915,0.279353,0.109006,-0.108331,0.535410,0.229636,0.023093,-0.286657,0.085407,-0.028657,-0.551625,0.216227,0.000000,0.008444,0.000213,0.091889,0.000001,0.005203,0.000724,0.072118,0.000000,0.000000,0.000000,0.041838,0.386582,-0.000000,0.056581,0.074166,0.299484,0.000000,0.183513,0.000000,0.000000,0.000000,0.000000,0.000000,0.000000
1778448528.107486,sequential_ik_elbow_then_wrist,1,0,-0.005290,0.279501,0.108863,-0.104058,0.536395,0.228238,0.023540,-0.286643,0.085333,-0.032553,-0.552015,0.213518,0.000002,0.008657,0.001052,0.093041,0.000000,0.006046,0.000290,0.077748,0.000000,0.000000,0.000000,0.037242,0.382948,-0.000000,0.057760,0.075792,0.296797,0.000000,0.180994,0.000000,0.000000,0.000000,0.000000,0.000000,0.000000
1778448528.187317,sequential_ik_elbow_then_wrist,1,0,-0.001863,0.280123,0.107368,-0.099268,0.537968,0.225809,0.025808,-0.286931,0.083692,-0.026621,-0.555132,0.207464,0.000003,0.008945,0.001283,0.094576,0.000001,0.005726,0.000748,0.075658,0.000000,0.000000,0.000000,0.030951,0.379183,-0.000000,0.058471,0.078595,0.293725,0.000000,0.175798,0.000000,0.000000,0.000000,0.000000,0.000000,0.000000
1778448528.232934,sequential_ik_elbow_then_wrist,1,0,0.000444,0.283035,0.099454,-0.095455,0.541443,0.217895,0.027898,-0.289116,0.075057,-0.020083,-0.561550,0.191150,0.000011,0.009178,0.002230,0.095792,0.000011,0.005378,0.002229,0.073326,0.000000,0.000000,0.000000,0.023956,0.370890,-0.000000,0.062128,0.082295,0.285631,0.000000,0.168891,0.000000,0.000000,0.000000,0.000000,0.000000,0.000000
1778448528.271523,sequential_ik_elbow_then_wrist,1,0,0.001442,0.284827,0.094190,-0.092336,0.545695,0.208878,0.026903,-0.290688,0.069114,-0.020978,-0.565452,0.179622,0.000007,0.009098,0.001809,0.095378,0.000008,0.005451,0.001894,0.073829,0.000000,0.000000,0.000000,0.017425,0.359912,-0.000000,0.066678,0.084795,0.274384,0.000000,0.163160,0.000000,0.000000,0.000000,0.000000,0.000000,0.000000
1778448528.306472,sequential_ik_elbow_then_wrist,1,0,0.000724,0.290535,0.074760,-0.095986,0.552573,0.184228,0.019350,-0.294423,0.054226,-0.052097,-0.565476,0.161117,0.000057,0.009794,0.005033,0.098943,0.000043,0.008827,0.004364,0.093925,0.000000,0.000000,0.000000,0.012599,0.338004,-0.000000,0.075363,0.081761,0.255286,0.000000,0.164251,0.000000,0.000000,0.000000,0.000000,0.000000,0.000000
1778448528.350786,sequential_ik_elbow_then_wrist,1,0,-0.001799,0.294444,0.057443,-0.101529,0.559759,0.155736,0.016856,-0.296397,0.043185,-0.060623,-0.568555,0.142819,0.000062,0.010171,0.005254,0.100837,0.000030,0.009249,0.003622,0.096160,0.000000,0.000000,0.000000,0.010529,0.307296,-0.000000,0.086171,0.076644,0.231452,0.000000,0.169014,0.000000,0.000000,0.000000,0.000000,0.000000,0.000000
1778448528.401760,sequential_ik_elbow_then_wrist,1,0,-0.002699,0.296602,0.044943,-0.105516,0.564428,0.132680,0.013009,-0.297865,0.033272,-0.087983,-0.566059,0.122000,0.000038,0.010542,0.004113,0.102665,0.000024,0.013708,0.003294,0.117078,0.000000,0.000000,0.000000,0.009894,0.272913,-0.000000,0.097456,0.069665,0.205039,0.000000,0.174241,0.000000,0.000000,0.000000,0.000000,0.000000,0.000000
1778448528.466413,sequential_ik_elbow_then_wrist,1,0,-0.001236,0.298330,0.031584,-0.105119,0.570976,0.101388,0.012760,-0.298622,0.025735,-0.088152,-0.570201,0.103592,0.000037,0.010804,0.004029,0.103935,0.000014,0.013285,0.002461,0.115259,0.000000,0.000000,0.000000,0.008723,0.235944,-0.000000,0.103124,0.063465,0.178393,0.000000,0.176483,0.000000,0.000000,0.000000,0.000000,0.000000,0.000000
1778448528.515984,sequential_ik_elbow_then_wrist,1,0,-0.000459,0.299413,0.018758,-0.102085,0.576393,0.073107,0.010737,-0.299740,0.006396,-0.095065,-0.574665,0.063160,0.000034,0.010474,0.003873,0.102333,0.000057,0.014199,0.005022,0.119135,0.000000,0.000000,0.000000,0.007190,0.197426,-0.000000,0.104430,0.057269,0.144689,0.000000,0.172307,0.000000,0.000000,0.000000,0.000000,0.000000,0.000000
1778448528.585357,sequential_ik_elbow_then_wrist,1,0,-0.001429,0.299987,0.002400,-0.102919,0.579450,0.042402,0.009596,-0.299815,-0.004338,-0.100595,-0.575480,0.038870,0.000049,0.010414,0.004634,0.102047,0.000030,0.014969,0.003620,0.122344,0.000000,0.000000,0.000000,0.006475,0.155669,-0.000000,0.104273,0.051514,0.109372,0.000000,0.166993,0.000000,0.000000,0.000000,0.000000,0.000000,0.000000
1778448528.635007,sequential_ik_elbow_then_wrist,1,0,-0.002700,0.298942,-0.025026,-0.109934,0.578101,-0.001130,-0.000734,-0.299074,-0.023539,-0.138333,-0.563987,0.006259,0.000122,0.011503,0.007354,0.107245,0.000075,0.021280,0.005774,0.145875,0.000000,0.000000,0.000000,0.006822,0.104142,-0.000000,0.106773,0.040535,0.068451,0.000000,0.163648,0.000000,0.000000,0.000000,0.000000,0.000000,0.000000
1778448528.706470,sequential_ik_elbow_then_wrist,1,0,-0.003865,0.297797,-0.036083,-0.117609,0.575219,-0.026120,-0.002303,-0.298000,-0.034510,-0.139337,-0.564328,-0.017444,0.000041,0.012751,0.004240,0.112915,0.000033,0.019795,0.003833,0.140694,0.000000,0.000000,0.000000,0.008017,0.053592,-0.000000,0.110932,0.029704,0.027328,0.000000,0.161099,0.000000,0.000000,0.000000,0.000000,0.000000,0.000000
1778448528.757190,sequential_ik_elbow_then_wrist,1,0,-0.008811,0.295969,-0.048216,-0.129668,0.570519,-0.044249,-0.005678,-0.295611,-0.050812,-0.149371,-0.558615,-0.037345,0.000036,0.013778,0.003974,0.117362,0.000051,0.021019,0.004732,0.144957,0.000000,0.000000,0.000000,0.012219,0.005006,-0.000000,0.118709,0.018794,-0.016382,0.000000,0.165421,0.000000,0.000000,0.000000,0.000000,0.000000,0.000000
1778448528.824368,sequential_ik_elbow_then_wrist,1,0,-0.012378,0.293186,-0.062361,-0.140375,0.564192,-0.075480,-0.001815,-0.293673,-0.061261,-0.141585,-0.559110,-0.058482,0.000042,0.015544,0.004320,0.122958,0.000029,0.019887,0.003556,0.141019,0.000000,0.000000,0.000000,0.018450,-0.043127,-0.753600,0.075135,0.012247,-0.059013,0.000000,0.170917,0.000000,0.000000,0.000000,0.000000,0.000000,0.000000
1778448528.875360,sequential_ik_elbow_then_wrist,1,0,-0.014574,0.289345,-0.077890,-0.147062,0.557860,-0.096507,-0.001435,-0.290919,-0.073241,-0.139934,-0.557035,-0.072652,0.000050,0.015311,0.004689,0.123512,0.000030,0.019851,0.003621,0.140869,0.000000,0.000000,0.000000,0.025377,-0.092126,-1.326336,0.024162,0.007914,-0.101151,0.000000,0.181344,0.000000,0.000000,0.000000,0.000000,0.000000,0.000000
1778448528.935389,sequential_ik_elbow_then_wrist,1,0,-0.018052,0.285008,-0.091894,-0.156810,0.550566,-0.106897,-0.004281,-0.288496,-0.082170,-0.144276,-0.553815,-0.079476,0.000046,0.016239,0.004548,0.127278,0.000020,0.022575,0.003014,0.146048,0.000000,0.000000,0.000000,0.033484,-0.141216,-1.761615,-0.029637,0.003000,-0.141108,0.753600,0.104597,0.000000,0.000000,0.000000,0.000000,0.000000,0.000000
1778448528.998264,sequential_ik_elbow_then_wrist,1,0,-0.016805,0.281984,-0.101008,-0.161661,0.543810,-0.122538,-0.006587,-0.285442,-0.092084,-0.148702,-0.549561,-0.098740,0.000023,0.017725,0.003208,0.133134,0.000022,0.020454,0.003141,0.142886,0.000000,0.000000,0.000000,0.039710,-0.187175,-2.092428,-0.070524,-0.002607,-0.179684,1.326336,0.031494,0.000000,0.000000,0.000000,0.000000,0.000000,0.000000
1778448529.060138,sequential_ik_elbow_then_wrist,1,0,-0.018269,0.278243,-0.110667,-0.165990,0.537829,-0.138837,-0.012455,-0.279440,-0.108435,-0.159263,-0.540705,-0.122153,0.000022,0.018437,0.003131,0.135781,0.000056,0.021008,0.005009,0.144943,0.000000,0.000000,0.000000,0.045513,-0.230452,-2.343845,-0.101598,-0.011106,-0.221586,1.761615,-0.024065,0.000000,0.000000,0.000000,0.000000,0.000000,0.000000
1778448529.123066,sequential_ik_elbow_then_wrist,1,0,-0.022318,0.275711,-0.116127,-0.173176,0.533148,-0.147241,-0.022172,-0.275675,-0.116241,-0.175508,-0.533055,-0.131834,0.000013,0.018800,0.002435,0.137114,0.000040,0.021480,0.004414,0.146561,0.000000,0.000000,0.000000,0.052844,-0.268893,-2.534922,-0.125215,-0.024880,-0.261516,2.092428,-0.066289,0.000000,0.000000,0.000000,0.000000,0.000000,0.000000
1778448529.179238,sequential_ik_elbow_then_wrist,1,0,-0.032358,0.267876,-0.131131,-0.196582,0.516121,-0.168611,-0.027279,-0.270660,-0.126487,-0.174583,-0.530431,-0.155137,0.000063,0.021392,0.005485,0.146262,0.000035,0.017494,0.004099,0.132264,0.000000,0.000000,0.000000,0.065905,-0.309553,-2.680141,-0.143163,-0.040801,-0.300621,2.343845,-0.098380,0.000000,0.000000,0.000000,0.000000,0.000000,0.000000
1778448529.242898,sequential_ik_elbow_then_wrist,1,0,-0.033185,0.263438,-0.139640,-0.197539,0.510589,-0.183273,-0.029571,-0.268163,-0.131202,-0.174119,-0.527986,-0.171179,0.000026,0.020117,0.003469,0.141834,0.000012,0.015314,0.002438,0.123749,0.000000,0.000000,0.000000,0.078841,-0.348944,-2.790507,-0.156804,-0.056046,-0.335561,2.534922,-0.122769,0.000000,0.000000,0.000000,0.000000,0.000000,0.000000
1778448529.304920,sequential_ik_elbow_then_wrist,1,0,-0.034046,0.258182,-0.148939,-0.201568,0.501101,-0.203038,-0.030100,-0.263669,-0.139902,-0.170146,-0.523200,-0.194953,0.000024,0.020391,0.003282,0.142797,0.000017,0.013262,0.002779,0.115163,0.000000,0.000000,0.000000,0.090523,-0.387367,-2.874385,-0.167171,-0.069189,-0.369324,2.680141,-0.141304,0.000000,0.000000,0.000000,0.000000,0.000000,0.000000
1778448529.363443,sequential_ik_elbow_then_wrist,1,0,-0.031329,0.254144,-0.156298,-0.203129,0.489064,-0.229082,-0.030338,-0.261065,-0.144654,-0.171143,-0.515881,-0.217060,0.000016,0.021398,0.002707,0.146281,0.000008,0.012935,0.001890,0.113731,0.000000,0.000000,0.000000,0.098620,-0.423782,-2.938133,-0.175050,-0.079982,-0.399963,2.790507,-0.155391,0.000000,0.000000,0.000000,0.000000,0.000000,0.000000
1778448529.424418,sequential_ik_elbow_then_wrist,1,0,-0.027137,0.249249,-0.164738,-0.194815,0.483113,-0.249542,-0.030455,-0.257396,-0.151063,-0.169444,-0.508737,-0.237719,0.000022,0.020604,0.003202,0.143541,0.000010,0.012360,0.002129,0.111174,0.000000,0.000000,0.000000,0.102284,-0.459275,-2.986581,-0.181038,-0.088772,-0.428932,2.874385,-0.165689,0.000000,0.000000,0.000000,0.000000,0.000000,0.000000
1778448529.475796,sequential_ik_elbow_then_wrist,1,0,-0.015589,0.244106,-0.173693,-0.171655,0.480048,-0.273566,-0.016533,-0.253291,-0.159907,-0.145798,-0.504674,-0.260392,0.000052,0.018536,0.005416,0.136147,0.000049,0.011214,0.005219,0.105881,0.000000,0.000000,0.000000,0.097381,-0.494759,-3.023402,-0.185589,-0.087255,-0.458660,2.938133,-0.169301,0.000000,0.000000,0.000000,0.000000,0.000000,0.000000
1778448529.547938,sequential_ik_elbow_then_wrist,1,0,-0.021931,0.232938,-0.187774,-0.176924,0.463286,-0.301426,-0.018352,-0.248847,-0.166549,-0.154016,-0.493719,-0.274405,0.000053,0.019300,0.004873,0.138925,0.000015,0.013990,0.002571,0.118278,0.000000,0.000000,0.000000,0.095419,-0.534532,-3.051385,-0.189048,-0.084719,-0.487873,2.986581,-0.170149,0.000000,0.000000,0.000000,0.000000,0.000000,0.000000
1778448529.602973,sequential_ik_elbow_then_wrist,1,0,-0.035683,0.220260,-0.200530,-0.225939,0.420690,-0.317279,-0.016249,-0.243889,-0.173937,-0.154583,-0.485629,-0.285407,0.000117,0.031099,0.008292,0.176349,0.000017,0.015130,0.002765,0.123003,0.000000,0.000000,0.000000,0.103857,-0.578093,-3.072653,-0.191676,-0.081237,-0.517126,3.023402,-0.172357,0.000000,0.000000,0.000000,0.000000,0.000000,0.000000
1778448529.672768,sequential_ik_elbow_then_wrist,1,0,-0.032792,0.211336,-0.210384,-0.221225,0.408307,-0.335667,-0.015168,-0.238261,-0.181664,-0.151264,-0.477748,-0.300508,0.000047,0.028045,0.004762,0.167466,0.000018,0.014928,0.002856,0.122180,0.000000,0.000000,0.000000,0.113349,-0.622528,-3.088816,-0.193674,-0.077600,-0.546890,3.051385,-0.174786,0.000000,0.000000,0.000000,0.000000,0.000000,0.000000
1778448529.740468,sequential_ik_elbow_then_wrist,1,0,-0.018648,0.200612,-0.222277,-0.185219,0.402347,-0.369100,-0.015700,-0.233893,-0.187210,-0.150558,-0.471558,-0.311019,0.000086,0.020095,0.006983,0.141757,0.000011,0.014762,0.002250,0.121495,0.000000,0.000000,0.000000,0.114345,-0.669524,-3.101100,-0.195192,-0.074973,-0.575572,3.072653,-0.178278,0.000000,0.000000,0.000000,0.000000,0.000000,0.000000
1778448529.784549,sequential_ik_elbow_then_wrist,1,0,-0.008138,0.192436,-0.230005,-0.153946,0.397079,-0.393898,-0.005101,-0.230456,-0.192000,-0.136896,-0.468099,-0.319106,0.000103,0.015581,0.008446,0.124825,0.000033,0.014646,0.004569,0.121020,0.000000,0.000000,0.000000,0.106466,-0.715592,-3.110436,-0.195997,-0.066610,-0.602602,3.088816,-0.182542,0.000000,0.000000,0.000000,0.000000,0.000000,0.000000
1778448529.850237,sequential_ik_elbow_then_wrist,1,0,-0.024409,0.177245,-0.240808,-0.197359,0.368123,-0.394606,-0.002691,-0.223431,-0.200179,-0.143215,-0.455505,-0.328219,0.000090,0.026937,0.007383,0.164125,0.000029,0.018602,0.003935,0.136388,0.000000,0.000000,0.000000,0.106252,-0.763683,-3.117531,-0.196957,-0.056370,-0.630991,3.101100,-0.186732,0.000000,0.000000,0.000000,0.000000,0.000000,0.000000
1778448529.911337,sequential_ik_elbow_then_wrist,1,0,-0.031338,0.168899,-0.245949,-0.216590,0.355108,-0.390890,-0.001744,-0.219330,-0.204674,-0.146374,-0.448292,-0.333740,0.000095,0.031121,0.008533,0.176410,0.000013,0.020867,0.002566,0.144456,0.000000,0.000000,0.000000,0.113660,-0.808724,-3.122924,-0.197688,-0.046432,-0.658113,3.110436,-0.189916,0.000000,0.000000,0.000000,0.000000,0.000000,0.000000
1778448529.971814,sequential_ik_elbow_then_wrist,1,0,-0.035429,0.162357,-0.249770,-0.222424,0.346480,-0.395137,-0.000410,-0.212255,-0.212008,-0.146544,-0.437755,-0.345405,0.000084,0.030287,0.008270,0.174031,0.000020,0.022004,0.003075,0.148338,0.000000,0.000000,0.000000,0.126432,-0.849086,-3.127022,-0.198243,-0.037188,-0.686283,3.117531,-0.192336,0.000000,0.000000,0.000000,0.000000,0.000000,0.000000
1778448530.025476,sequential_ik_elbow_then_wrist,1,0,-0.034732,0.150734,-0.257047,-0.215112,0.331438,-0.414555,0.006310,-0.209302,-0.214832,-0.131375,-0.433905,-0.358347,0.000070,0.025938,0.006998,0.161054,0.000024,0.019962,0.004065,0.141287,0.000000,0.000000,0.000000,0.141106,-0.889501,-3.130137,-0.198664,-0.025337,-0.711924,3.122924,-0.194176,0.000000,0.000000,0.000000,0.000000,0.000000,0.000000
1778448530.099436,sequential_ik_elbow_then_wrist,1,0,-0.037382,0.141082,-0.262104,-0.212699,0.311692,-0.435759,0.008220,-0.203036,-0.220701,-0.128323,-0.424716,-0.369743,0.000078,0.023076,0.007780,0.151907,0.000022,0.020847,0.003633,0.144386,0.000000,0.000000,0.000000,0.157669,-0.928711,-3.132504,-0.198985,-0.012869,-0.737633,3.127022,-0.195573,0.000000,0.000000,0.000000,0.000000,0.000000,0.000000
1778448530.139663,sequential_ik_elbow_then_wrist,1,0,-0.038141,0.129250,-0.268029,-0.196036,0.291688,-0.464709,0.012308,-0.196888,-0.226017,-0.121306,-0.411741,-0.387217,0.000090,0.016642,0.008277,0.129005,0.000029,0.020801,0.004294,0.144218,0.000000,0.000000,0.000000,0.175399,-0.968287,-3.134303,-0.199229,0.000822,-0.763519,3.130137,-0.192873,0.000000,0.000000,0.000000,0.000000,0.000000,0.000000
1778448530.215955,sequential_ik_elbow_then_wrist,1,0,-0.042970,0.115491,-0.273524,-0.200449,0.261687,-0.482873,0.012377,-0.188300,-0.233217,-0.122230,-0.398725,-0.399356,0.000177,0.016855,0.012236,0.129827,0.000027,0.022127,0.003776,0.148752,0.000000,0.000000,0.000000,0.196067,-1.008716,-3.135670,-0.199414,0.013614,-0.791533,3.132504,-0.190332,0.000000,0.000000,0.000000,0.000000,0.000000,0.000000
1778448530.278692,sequential_ik_elbow_then_wrist,1,0,-0.043453,0.108659,-0.276234,-0.200863,0.242258,-0.493888,0.009214,-0.181656,-0.238571,-0.126767,-0.387832,-0.408867,0.000138,0.016187,0.011140,0.127229,0.000016,0.023139,0.002711,0.152115,0.000000,0.000000,0.000000,0.217944,-1.045952,-3.136709,-0.199554,0.022973,-0.820070,3.134303,-0.189934,0.000000,0.000000,0.000000,0.000000,0.000000,0.000000
1778448530.348870,sequential_ik_elbow_then_wrist,1,0,-0.044138,0.097849,-0.280138,-0.200424,0.224289,-0.502821,0.017799,-0.177433,-0.241248,-0.120607,-0.377119,-0.417229,0.000167,0.015649,0.012232,0.125097,0.000034,0.023598,0.005133,0.153613,0.000000,0.000000,0.000000,0.240712,-1.082279,-3.137499,-0.199661,0.034902,-0.846218,3.135670,-0.186805,0.000000,0.000000,0.000000,0.000000,0.000000,0.000000
1778448530.394405,sequential_ik_elbow_then_wrist,1,0,-0.043665,0.090140,-0.282786,-0.201823,0.215007,-0.505035,0.015557,-0.173623,-0.244158,-0.127674,-0.369149,-0.420947,0.000152,0.015633,0.011788,0.125032,0.000008,0.026611,0.002275,0.163128,0.000000,0.000000,0.000000,0.263470,-1.116450,-3.138099,-0.199743,0.045607,-0.870121,3.136709,-0.183647,0.000000,0.000000,0.000000,0.000000,0.000000,0.000000
1778448530.454692,sequential_ik_elbow_then_wrist,1,0,-0.046907,0.086729,-0.283333,-0.204571,0.211547,-0.505960,0.011544,-0.171503,-0.245873,-0.137658,-0.360029,-0.425307,0.000185,0.015269,0.013340,0.123569,0.000004,0.029282,0.001628,0.171117,0.000000,0.000000,0.000000,0.286735,-1.145092,-3.138556,-0.199804,0.052564,-0.891041,3.137499,-0.178841,0.000000,0.000000,0.000000,0.000000,0.000000,0.000000
1778448530.530909,sequential_ik_elbow_then_wrist,1,0,-0.059340,0.085735,-0.281298,-0.223080,0.208312,-0.500761,0.000480,-0.171162,-0.246381,-0.154173,-0.361260,-0.419427,0.000469,0.017408,0.021265,0.131941,0.000064,0.031543,0.007447,0.177583,0.000000,0.000000,0.000000,0.314029,-1.164608,-3.138902,-0.199851,0.051048,-0.908234,3.138099,-0.181797,0.000000,0.000000,0.000000,0.000000,0.000000,0.000000
1778448530.572710,sequential_ik_elbow_then_wrist,1,0,-0.059000,0.087049,-0.280965,-0.223588,0.214092,-0.497231,0.001158,-0.172268,-0.245607,-0.152641,-0.366253,-0.415063,0.000301,0.015175,0.017018,0.123186,0.000019,0.029036,0.004115,0.170397,0.000000,0.000000,0.000000,0.342666,-1.177809,-3.139166,-0.199887,0.046132,-0.920679,3.138556,-0.186166,0.000000,0.000000,0.000000,0.000000,0.000000,0.000000
1778448530.636363,sequential_ik_elbow_then_wrist,1,0,-0.059639,0.088269,-0.280449,-0.223836,0.220922,-0.493621,0.001467,-0.173703,-0.244592,-0.151756,-0.371561,-0.410045,0.000208,0.013337,0.014140,0.115485,0.000007,0.027749,0.002348,0.166582,0.000000,0.000000,0.000000,0.371132,-1.186276,-3.139366,-0.199914,0.040266,-0.928884,3.138902,-0.189486,0.000000,0.000000,0.000000,0.000000,0.000000,0.000000
1778448530.686070,sequential_ik_elbow_then_wrist,1,0,-0.059332,0.090016,-0.279959,-0.220862,0.231736,-0.489299,0.001678,-0.174763,-0.243834,-0.150819,-0.376214,-0.405581,0.000121,0.011406,0.010763,0.106800,0.000002,0.026978,0.001322,0.164251,0.000000,0.000000,0.000000,0.397968,-1.191238,-3.139518,-0.199935,0.034633,-0.934020,3.139166,-0.192009,0.000000,0.000000,0.000000,0.000000,0.000000,0.000000
1778448530.759973,sequential_ik_elbow_then_wrist,1,0,-0.060431,0.090613,-0.279531,-0.229965,0.248323,-0.470281,0.000265,-0.175442,-0.243352,-0.162234,-0.377360,-0.394425,0.000092,0.014081,0.009372,0.118662,0.000003,0.030849,0.001613,0.175638,0.000000,0.000000,0.000000,0.422971,-1.193853,-3.139634,-0.199950,0.028855,-0.937165,3.139366,-0.193927,0.000000,0.000000,0.000000,0.000000,0.000000,0.000000
1778448530.816347,sequential_ik_elbow_then_wrist,0,0,-0.060409,0.090203,-0.279668,-0.236060,0.261110,-0.452692,0.004350,-0.178555,-0.241038,-0.166778,-0.385657,-0.374544,0.000063,0.017572,0.007797,0.132559,0.000004,0.034972,0.001731,0.187009,0.000000,0.000000,0.000000,0.445832,-1.195727,-3.139722,-0.199962,0.025845,-0.936960,3.139518,-0.195385,0.000000,0.000000,0.000000,0.000000,0.000000,0.000000
1778448530.877594,sequential_ik_elbow_then_wrist,0,0,-0.054071,0.086116,-0.282242,-0.233294,0.267436,-0.440363,0.006425,-0.183744,-0.237059,-0.173969,-0.393267,-0.353498,0.000019,0.021774,0.003936,0.147560,0.000011,0.040779,0.002602,0.201939,0.000000,0.000000,0.000000,0.464915,-1.201513,-3.139788,-0.199971,0.025493,-0.932152,3.139634,-0.196492,0.000000,0.000000,0.000000,0.000000,0.000000,0.000000
1778448530.931790,sequential_ik_elbow_then_wrist,0,0,-0.054309,0.081352,-0.283606,-0.250037,0.257599,-0.427228,0.001197,-0.186777,-0.234761,-0.202926,-0.383494,-0.332926,0.000032,0.029397,0.005388,0.171454,0.000008,0.054315,0.002245,0.233056,0.000000,0.000000,0.000000,0.481780,-1.209489,-3.139839,-0.199978,0.023309,-0.925137,3.139722,-0.197334,0.000000,0.000000,0.000000,0.000000,0.000000,0.000000
1778448530.999280,sequential_ik_elbow_then_wrist,0,0,-0.056933,0.073211,-0.285305,-0.271134,0.235074,-0.419163,-0.009805,-0.185708,-0.235407,-0.237092,-0.363560,-0.317317,0.000109,0.037567,0.010122,0.193823,0.000060,0.068650,0.007137,0.262011,0.000000,0.000000,0.000000,0.498861,-1.219931,-3.139878,-0.199983,0.014267,-0.919776,3.139788,-0.197974,0.000000,0.000000,0.000000,0.000000,0.000000,0.000000
1778448531.053109,sequential_ik_elbow_then_wrist,0,0,-0.057035,0.068507,-0.286450,-0.275531,0.226883,-0.417509,-0.015022,-0.184212,-0.236306,-0.249002,-0.353540,-0.317430,0.000126,0.040331,0.010998,0.200825,0.000057,0.069724,0.006915,0.264053,0.000000,0.000000,0.000000,0.516257,-1.231284,-3.139907,-0.199987,0.000288,-0.916585,3.139839,-0.198460,0.000000,0.000000,0.000000,0.000000,0.000000,0.000000
1778448531.116088,sequential_ik_elbow_then_wrist,0,0,-0.056412,0.069184,-0.286411,-0.275151,0.229050,-0.415235,-0.020206,-0.182499,-0.237247,-0.257561,-0.347981,-0.316483,0.000079,0.040656,0.008761,0.201633,0.000056,0.069235,0.006849,0.263126,0.000000,0.000000,0.000000,0.532942,-1.240456,-3.139929,-0.199990,-0.017305,-0.915306,3.139878,-0.198830,0.000000,0.000000,0.000000,0.000000,0.000000,0.000000
1778448531.170169,sequential_ik_elbow_then_wrist,0,0,-0.057425,0.069709,-0.286082,-0.280696,0.227207,-0.409955,-0.020359,-0.182743,-0.237045,-0.259636,-0.346594,-0.313852,0.000068,0.042500,0.008112,0.206156,0.000018,0.067826,0.003920,0.260433,0.000000,0.000000,0.000000,0.548841,-1.246831,-3.139946,-0.199993,-0.034663,-0.914328,3.139907,-0.199111,0.000000,0.000000,0.000000,0.000000,0.000000,0.000000
1778448531.230130,sequential_ik_elbow_then_wrist,0,0,-0.056839,0.071103,-0.285856,-0.278118,0.229582,-0.412032,-0.021001,-0.182602,-0.237098,-0.256061,-0.350818,-0.317412,0.000036,0.040320,0.005944,0.200799,0.000008,0.062920,0.002571,0.250838,0.000000,0.000000,0.000000,0.563305,-1.250966,-3.139959,-0.199994,-0.050469,-0.913619,3.139929,-0.199324,0.000000,0.000000,0.000000,0.000000,0.000000,0.000000
1778448531.317515,sequential_ik_elbow_then_wrist,0,0,-0.055891,0.074779,-0.285104,-0.273972,0.232983,-0.417059,-0.021075,-0.182833,-0.236914,-0.254995,-0.350993,-0.320602,0.000008,0.036519,0.002717,0.191100,0.000003,0.060551,0.001473,0.246071,0.000000,0.000000,0.000000,0.575377,-1.252336,-3.139969,-0.199996,-0.063980,-0.912893,3.139946,-0.199486,0.000000,0.000000,0.000000,0.000000,0.000000,0.000000
1778448531.354015,sequential_ik_elbow_then_wrist,0,0,-0.055383,0.078475,-0.284209,-0.268723,0.241117,-0.418497,-0.031123,-0.181301,-0.236984,-0.265663,-0.348032,-0.321787,0.000001,0.033765,0.000812,0.183752,0.000050,0.060231,0.006536,0.245421,0.000000,0.000000,0.000000,0.584586,-1.251196,-3.139976,-0.199997,-0.080899,-0.912453,3.139959,-0.199610,0.000000,0.000000,0.000000,0.000000,0.000000,0.000000
1778448531.418675,sequential_ik_elbow_then_wrist,0,0,-0.054059,0.081985,-0.283472,-0.256394,0.255657,-0.420944,-0.029482,-0.181613,-0.236955,-0.260818,-0.351873,-0.323529,0.000008,0.030294,0.002663,0.174053,0.000009,0.055372,0.002734,0.235312,0.000000,0.000000,0.000000,0.590468,-1.248449,-3.139982,-0.199998,-0.096540,-0.912042,3.139969,-0.199703,0.000000,0.000000,0.000000,0.000000,0.000000,0.000000
1778448531.488158,sequential_ik_elbow_then_wrist,0,0,-0.052970,0.091419,-0.280779,-0.242484,0.279291,-0.417851,-0.030609,-0.183691,-0.235204,-0.259891,-0.355991,-0.323195,0.000065,0.027406,0.007625,0.165547,0.000006,0.052693,0.002080,0.229549,0.000000,0.000000,0.000000,0.591546,-1.241190,-3.139986,-0.199998,-0.110458,-0.909954,3.139976,-0.199774,0.000000,0.000000,0.000000,0.000000,0.000000,0.000000
1778448531.539208,sequential_ik_elbow_then_wrist,0,0,-0.050300,0.096646,-0.279517,-0.237677,0.294461,-0.405051,-0.028291,-0.189192,-0.231098,-0.257167,-0.367408,-0.307615,0.000113,0.029727,0.010345,0.172415,0.000007,0.052987,0.001764,0.230188,0.000000,0.000000,0.000000,0.587394,-1.232465,-3.139990,-0.199999,-0.120365,-0.903928,3.139982,-0.199829,0.000000,0.000000,0.000000,0.000000,0.000000,0.000000
1778448531.607599,sequential_ik_elbow_then_wrist,0,0,-0.040109,0.103277,-0.278792,-0.226678,0.315739,-0.379052,-0.028580,-0.196090,-0.225237,-0.255183,-0.383620,-0.284258,0.000351,0.038008,0.018329,0.194955,0.000014,0.054454,0.002547,0.233354,0.000000,0.000000,0.000000,0.575164,-1.224572,-3.139992,-0.199999,-0.127086,-0.892762,3.139986,-0.199870,0.000000,0.000000,0.000000,0.000000,0.000000,0.000000
1778448531.654556,sequential_ik_elbow_then_wrist,0,0,-0.027549,0.111038,-0.277329,-0.200476,0.343954,-0.353792,-0.029774,-0.205248,-0.216764,-0.256463,-0.397275,-0.258452,0.000755,0.046636,0.026890,0.215954,0.000027,0.056902,0.003456,0.238542,0.000000,0.000000,0.000000,0.552330,-1.217003,-3.139994,-0.199999,-0.131667,-0.875037,3.139990,-0.199901,0.000000,0.000000,0.000000,0.000000,0.000000,0.000000
1778448531.716787,sequential_ik_elbow_then_wrist,0,0,-0.018776,0.125380,-0.271896,-0.180002,0.369937,-0.336686,-0.027226,-0.213430,-0.209061,-0.248653,-0.413073,-0.242422,0.001129,0.048408,0.032621,0.220019,0.000029,0.054646,0.003814,0.233765,0.000000,0.000000,0.000000,0.517382,-1.203281,-3.139995,-0.199999,-0.132671,-0.852710,3.139992,-0.199925,0.000000,0.000000,0.000000,0.000000,0.000000,0.000000
1778448531.767470,sequential_ik_elbow_then_wrist,0,0,-0.014553,0.137773,-0.266095,-0.167513,0.392101,-0.309917,-0.025251,-0.223423,-0.198607,-0.247800,-0.423884,-0.215559,0.001046,0.052443,0.031095,0.229004,0.000043,0.057996,0.004621,0.240823,0.000000,0.000000,0.000000,0.472104,-1.182474,-3.139997,-0.200000,-0.130273,-0.824925,3.139994,-0.199943,0.000000,0.000000,0.000000,0.000000,0.000000,0.000000
1778448531.836170,sequential_ik_elbow_then_wrist,0,0,-0.023651,0.147231,-0.260314,-0.179186,0.400933,-0.298320,-0.027218,-0.233081,-0.186902,-0.247313,-0.436721,-0.196333,0.000381,0.050766,0.018234,0.225313,0.000045,0.056831,0.004461,0.238393,0.000000,0.000000,0.000000,0.425498,-1.155193,-3.139997,-0.200000,-0.127532,-0.791898,3.139995,-0.199957,0.000000,0.000000,0.000000,0.000000,0.000000,0.000000
1778448531.893193,sequential_ik_elbow_then_wrist,0,0,-0.037299,0.178885,-0.237926,-0.175360,0.442352,-0.276971,-0.038682,-0.245311,-0.168304,-0.242612,-0.464920,-0.181893,0.000320,0.039527,0.013187,0.198813,0.000107,0.043701,0.007177,0.209048,0.000000,0.000000,0.000000,0.383123,-1.106297,-3.139998,-0.200000,-0.131153,-0.749847,3.139997,-0.199967,0.000000,0.000000,0.000000,0.000000,0.000000,0.000000
1778448531.962493,sequential_ik_elbow_then_wrist,1,0,-0.036128,0.217911,-0.203002,-0.190500,0.467467,-0.265381,-0.024356,-0.256037,-0.154441,-0.186137,-0.505468,-0.194575,0.000561,0.023058,0.016920,0.151849,0.000089,0.021649,0.006688,0.147135,0.000000,0.000000,0.000000,0.340265,-1.030780,-3.139998,-0.200000,-0.126328,-0.703869,3.139997,-0.199975,0.000000,0.000000,0.000000,0.000000,0.000000,0.000000
1778448532.019027,sequential_ik_elbow_then_wrist,1,0,-0.040034,0.233324,-0.184274,-0.208929,0.473958,-0.244023,-0.019378,-0.259399,-0.149455,-0.171257,-0.513263,-0.199311,0.000196,0.022058,0.009562,0.148520,0.000030,0.018699,0.004005,0.136745,0.000000,0.000000,0.000000,0.302777,-0.949315,-3.139999,-0.200000,-0.116767,-0.662135,3.139998,-0.199981,0.000000,0.000000,0.000000,0.000000,0.000000,0.000000
1778448532.094891,sequential_ik_elbow_then_wrist,1,0,-0.039227,0.233308,-0.184468,-0.210024,0.474603,-0.235512,-0.019682,-0.256195,-0.154845,-0.152185,-0.515167,-0.228171,0.000013,0.023054,0.002579,0.151836,0.000003,0.013129,0.001189,0.114581,0.000000,0.000000,0.000000,0.271741,-0.882022,-3.139999,-0.200000,-0.107923,-0.632708,3.139998,-0.199986,0.000000,0.000000,0.000000,0.000000,0.000000,0.000000
1778448532.148460,sequential_ik_elbow_then_wrist,1,0,-0.031225,0.231757,-0.187919,-0.195851,0.475996,-0.244887,-0.020808,-0.251866,-0.161649,-0.151479,-0.507534,-0.248592,0.000020,0.021463,0.003709,0.146504,0.000009,0.012610,0.002038,0.112295,0.000000,0.000000,0.000000,0.242431,-0.832382,-3.139999,-0.200000,-0.101599,-0.615808,3.139999,-0.199989,0.000000,0.000000,0.000000,0.000000,0.000000,0.000000
1778448532.219599,sequential_ik_elbow_then_wrist,1,0,-0.030529,0.234037,-0.185188,-0.194031,0.476358,-0.252625,-0.022150,-0.248739,-0.166247,-0.156989,-0.498104,-0.264408,0.000006,0.020818,0.001967,0.144284,0.000007,0.013419,0.001832,0.115839,0.000000,0.000000,0.000000,0.217255,-0.792831,-3.139999,-0.200000,-0.097925,-0.607603,3.139999,-0.199992,0.000000,0.000000,0.000000,0.000000,0.000000,0.000000
1778448532.272821,sequential_ik_elbow_then_wrist,1,0,-0.033485,0.232418,-0.186710,-0.196584,0.471017,-0.267140,-0.026371,-0.245547,-0.170326,-0.145746,-0.495960,-0.284534,0.000001,0.019677,0.000589,0.140276,0.000010,0.009416,0.002373,0.097025,0.000000,0.000000,0.000000,0.198929,-0.763546,-3.140000,-0.200000,-0.098327,-0.605473,3.139999,-0.196491,0.000000,0.000000,0.000000,0.000000,0.000000,0.000000
1778448532.320668,sequential_ik_elbow_then_wrist,1,0,-0.034498,0.231837,-0.187247,-0.195803,0.467440,-0.279291,-0.011968,-0.243091,-0.175395,-0.126456,-0.491530,-0.298565,0.000001,0.018048,0.000671,0.134343,0.000037,0.008930,0.004826,0.094486,0.000000,0.000000,0.000000,0.185990,-0.741890,-3.140000,-0.200000,-0.090971,-0.608648,3.139999,-0.189772,0.000000,0.000000,0.000000,0.000000,0.000000,0.000000
1778448532.391240,sequential_ik_elbow_then_wrist,1,0,-0.035743,0.231836,-0.187015,-0.198267,0.462700,-0.288443,-0.007248,-0.241432,-0.177927,-0.124127,-0.486059,-0.306369,0.000001,0.017604,0.000738,0.132680,0.000020,0.010925,0.003568,0.104517,0.000000,0.000000,0.000000,0.177310,-0.725386,-3.140000,-0.200000,-0.079713,-0.614077,3.140000,-0.181582,0.000000,0.000000,0.000000,0.000000,0.000000,0.000000
1778448532.437572,sequential_ik_elbow_then_wrist,1,0,-0.036169,0.230952,-0.188024,-0.198078,0.459594,-0.295299,0.000097,-0.240231,-0.179692,-0.118609,-0.482005,-0.311806,0.000001,0.016975,0.000590,0.130290,0.000025,0.012797,0.004100,0.113118,0.000000,0.000000,0.000000,0.171511,-0.713629,-3.140000,-0.200000,-0.064514,-0.620258,3.140000,-0.172499,0.000000,0.000000,0.000000,0.000000,0.000000,0.000000
1778448532.504521,sequential_ik_elbow_then_wrist,1,0,-0.025181,0.230682,-0.190136,-0.180693,0.461746,-0.301606,0.000494,-0.239626,-0.180497,-0.119542,-0.477617,-0.318161,0.000025,0.015712,0.004199,0.125346,0.000004,0.014356,0.001725,0.119802,0.000000,0.000000,0.000000,0.160730,-0.706583,-3.140000,-0.200000,-0.050218,-0.626023,3.140000,-0.161123,0.000000,0.000000,0.000000,0.000000,0.000000,0.000000
1778448532.558259,sequential_ik_elbow_then_wrist,1,0,-0.020989,0.230883,-0.190401,-0.170360,0.463980,-0.305960,0.004490,-0.239084,-0.181159,-0.117016,-0.476216,-0.319017,0.000016,0.015520,0.003370,0.124578,0.000007,0.015528,0.002183,0.124610,0.000000,0.000000,0.000000,0.147394,-0.701861,-3.140000,-0.200000,-0.035832,-0.631164,3.140000,-0.151018,0.000000,0.000000,0.000000,0.000000,0.000000,0.000000
1778448532.631977,sequential_ik_elbow_then_wrist,1,0,-0.023061,0.226733,-0.195091,-0.173115,0.458594,-0.312242,0.000938,-0.237252,-0.183604,-0.118805,-0.472016,-0.326950,0.000005,0.016679,0.001490,0.129147,0.000002,0.015488,0.000931,0.124447,0.000000,0.000000,0.000000,0.136723,-0.702173,-3.140000,-0.200000,-0.025749,-0.637137,3.140000,-0.140461,0.000000,0.000000,0.000000,0.000000,0.000000,0.000000
1778448532.679686,sequential_ik_elbow_then_wrist,1,0,-0.023292,0.222508,-0.199869,-0.174448,0.453159,-0.317988,-0.001159,-0.234632,-0.186939,-0.121286,-0.469807,-0.329285,0.000007,0.017232,0.001788,0.131273,0.000004,0.015296,0.001537,0.123673,0.000000,0.000000,0.000000,0.128802,-0.707219,-3.140000,-0.200000,-0.019705,-0.644767,3.140000,-0.134756,0.000000,0.000000,0.000000,0.000000,0.000000,0.000000
1778448532.749322,sequential_ik_elbow_then_wrist,1,0,-0.023177,0.219820,-0.202835,-0.175538,0.449874,-0.320569,-0.002066,-0.232633,-0.189414,-0.121848,-0.468979,-0.330102,0.000004,0.017742,0.001330,0.133198,0.000003,0.014841,0.001254,0.121812,0.000000,0.000000,0.000000,0.122962,-0.714623,-3.140000,-0.200000,-0.016310,-0.653233,3.140000,-0.134631,0.000000,0.000000,0.000000,0.000000,0.000000,0.000000
1778448532.808799,sequential_ik_elbow_then_wrist,1,0,-0.025605,0.222405,-0.199701,-0.181440,0.451873,-0.313980,-0.010703,-0.232175,-0.189685,-0.135279,-0.467972,-0.327090,0.000002,0.018704,0.001183,0.136762,0.000020,0.015313,0.003794,0.123728,0.000000,0.000000,0.000000,0.119912,-0.718460,-3.140000,-0.200000,-0.019546,-0.660516,3.140000,-0.139317,0.000000,0.000000,0.000000,0.000000,0.000000,0.000000
1778448532.867969,sequential_ik_elbow_then_wrist,1,0,-0.029156,0.227446,-0.193438,-0.193144,0.458028,-0.293135,-0.026678,-0.233065,-0.187000,-0.159957,-0.469219,-0.315326,0.000013,0.021158,0.002630,0.145457,0.000089,0.015357,0.007888,0.123879,0.000000,0.000000,0.000000,0.120009,-0.715855,-3.140000,-0.200000,-0.034176,-0.664201,3.140000,-0.150673,0.000000,0.000000,0.000000,0.000000,0.000000,0.000000
1778448532.930234,sequential_ik_elbow_then_wrist,1,0,-0.033396,0.237051,-0.180809,-0.205228,0.469215,-0.261884,-0.035072,-0.240034,-0.176503,-0.170703,-0.482317,-0.290097,0.000044,0.023334,0.004557,0.152754,0.000075,0.012879,0.006758,0.113479,0.000000,0.000000,0.000000,0.122961,-0.702641,-3.140000,-0.200000,-0.054932,-0.658389,3.140000,-0.162511,0.000000,0.000000,0.000000,0.000000,0.000000,0.000000
1778448532.993583,sequential_ik_elbow_then_wrist,1,0,-0.038144,0.254598,-0.154029,-0.208500,0.496143,-0.205361,-0.026997,-0.249324,-0.164648,-0.162250,-0.503365,-0.249319,0.000161,0.022595,0.008483,0.150317,0.000039,0.012202,0.004211,0.110460,0.000000,0.000000,0.000000,0.127788,-0.670098,-3.140000,-0.200000,-0.068727,-0.643050,3.140000,-0.171509,0.000000,0.000000,0.000000,0.000000,0.000000,0.000000
1778448533.045421,sequential_ik_elbow_then_wrist,1,0,-0.038609,0.278030,-0.105870,-0.199529,0.528126,-0.145326,-0.022513,-0.270088,-0.128629,-0.157513,-0.530243,-0.192618,0.000455,0.017049,0.014209,0.130571,0.000254,0.012610,0.010693,0.112293,0.000000,0.000000,0.000000,0.130585,-0.607199,-3.140000,-0.200000,-0.074355,-0.603400,3.140000,-0.178347,0.000000,0.000000,0.000000,0.000000,0.000000,0.000000
1778448533.104877,sequential_ik_elbow_then_wrist,1,0,-0.041826,0.288240,-0.071893,-0.199302,0.542002,-0.100284,-0.019333,-0.288054,-0.081554,-0.153091,-0.552615,-0.127555,0.000294,0.014990,0.011421,0.122434,0.000445,0.012981,0.014073,0.113932,0.000000,0.000000,0.000000,0.133544,-0.528683,-3.140000,-0.200000,-0.074189,-0.535815,3.140000,-0.183543,0.000000,0.000000,0.000000,0.000000,0.000000,0.000000
1778448533.175210,sequential_ik_elbow_then_wrist,1,0,-0.033417,0.295269,-0.041228,-0.181051,0.555710,-0.060585,-0.012293,-0.296070,-0.046815,-0.149837,-0.561816,-0.068281,0.000226,0.013381,0.010008,0.115577,0.000302,0.015576,0.011588,0.124763,0.000000,0.000000,0.000000,0.130271,-0.442708,-3.140000,-0.188382,-0.068209,-0.453912,3.140000,-0.179748,0.000000,0.000000,0.000000,0.000000,0.000000,0.000000
1778448533.225029,sequential_ik_elbow_then_wrist,1,0,-0.023003,0.298701,-0.015769,-0.165949,0.562418,-0.011360,-0.007856,-0.299585,-0.013672,-0.133702,-0.571882,-0.009565,0.000168,0.014188,0.008633,0.119096,0.000242,0.013914,0.010364,0.117925,0.000000,0.000000,0.000000,0.119841,-0.355561,-3.140000,-0.174628,-0.059411,-0.364107,3.140000,-0.170205,0.000000,0.000000,0.000000,0.000000,0.000000,0.000000
1778448533.289249,sequential_ik_elbow_then_wrist,1,0,-0.019975,0.299334,-0.000020,-0.153888,0.566026,0.030689,0.032227,-0.298219,-0.005155,-0.069498,-0.579271,0.020580,0.000072,0.013319,0.005635,0.115401,0.000249,0.013476,0.010509,0.116087,0.000000,0.000000,0.000000,0.108180,-0.274612,-3.140000,-0.167253,-0.026985,-0.284299,3.140000,-0.163091,0.000000,0.000000,0.000000,0.000000,0.000000,0.000000
1778448533.354336,sequential_ik_elbow_then_wrist,1,0,-0.023475,0.298088,0.024337,-0.145878,0.566734,0.077692,0.039352,-0.296754,0.019707,-0.056402,-0.576328,0.071377,0.000106,0.011631,0.006851,0.105439,0.000135,0.017317,0.007718,0.129516,0.000000,0.000000,0.000000,0.100673,-0.194680,-2.386400,-0.107260,0.008039,-0.205637,2.386400,-0.101802,0.000000,0.000000,0.000000,0.000000,0.000000,0.000000
1778448533.423287,sequential_ik_elbow_then_wrist,1,0,-0.024160,0.295581,0.045258,-0.141489,0.563971,0.110071,0.052785,-0.292012,0.044079,-0.019207,-0.573765,0.117782,0.000092,0.009398,0.006395,0.096896,0.000154,0.013381,0.008261,0.115520,0.000000,0.000000,0.000000,0.095824,-0.116721,-1.813664,-0.054490,0.045669,-0.126602,1.813664,-0.040845,0.000000,0.000000,0.000000,0.000000,0.000000,0.000000
1778448533.466862,sequential_ik_elbow_then_wrist,1,0,-0.022419,0.292273,0.063826,-0.124978,0.562584,0.143911,0.052816,-0.289015,0.060668,-0.028819,-0.561864,0.154949,0.000076,0.006685,0.005791,0.081758,0.000071,0.016992,0.005603,0.130323,0.000000,0.000000,0.000000,0.091425,-0.041882,-1.378385,-0.015626,0.077173,-0.051737,1.378385,0.012196,0.000000,0.000000,0.000000,0.000000,0.000000,0.000000
1778448533.532624,sequential_ik_elbow_then_wrist,1,0,-0.013875,0.285630,0.090680,-0.108685,0.553618,0.186564,0.052709,-0.281826,0.088296,-0.021786,-0.551429,0.196761,0.000143,0.006133,0.007972,0.078289,0.000138,0.015441,0.007812,0.124255,0.000000,0.000000,0.000000,0.082900,0.035717,-1.047572,0.009422,0.102543,0.026145,1.047572,0.049323,0.000000,0.000000,0.000000,0.000000,0.000000,0.000000
1778448533.595815,sequential_ik_elbow_then_wrist,1,0,-0.011404,0.279608,0.108118,-0.098688,0.543234,0.221619,0.050113,-0.279146,0.097808,-0.020594,-0.544654,0.218249,0.000084,0.005602,0.006097,0.074834,0.000038,0.014285,0.004091,0.119512,0.000000,0.000000,0.000000,0.073762,0.110839,-0.796155,0.025647,0.120894,0.096316,0.796155,0.073975,0.000000,0.000000,0.000000,0.000000,0.000000,0.000000
1778448533.654299,sequential_ik_elbow_then_wrist,1,0,-0.016520,0.272694,0.123956,-0.086770,0.537928,0.245265,0.051021,-0.273793,0.111509,-0.015175,-0.536363,0.240641,0.000066,0.003237,0.005439,0.056799,0.000042,0.013108,0.004297,0.114481,0.000000,0.000000,0.000000,0.069512,0.182225,-0.605078,0.029963,0.135753,0.161178,0.605078,0.089058,0.000000,0.000000,0.000000,0.000000,0.000000,0.000000
1778448533.714869,sequential_ik_elbow_then_wrist,1,0,-0.038660,0.266579,0.132065,-0.129321,0.515268,0.273254,-0.010183,-0.275934,0.117289,-0.150943,-0.503338,0.253208,0.000111,0.004633,0.007708,0.068044,0.000553,0.028175,0.017185,0.167847,0.000000,0.000000,0.000000,0.081154,0.245347,-0.459859,0.037569,0.109142,0.217332,0.459859,0.104421,0.000000,0.000000,0.000000,0.000000,0.000000,0.000000
1778448533.764773,sequential_ik_elbow_then_wrist,1,0,-0.038318,0.265031,0.135241,-0.122764,0.514655,0.278618,-0.027839,-0.266863,0.134199,-0.127150,-0.499396,0.295647,0.000013,0.002714,0.002571,0.052083,0.000237,0.008983,0.011249,0.094776,0.000000,0.000000,0.000000,0.094290,0.297478,-0.349493,0.040933,0.067176,0.272850,0.349493,0.117783,0.000000,0.000000,0.000000,0.000000,0.000000,0.000000
1778448533.849052,sequential_ik_elbow_then_wrist,1,0,-0.033442,0.259931,0.146005,-0.114022,0.501197,0.305058,-0.024692,-0.268200,0.132134,-0.116801,-0.497118,0.302757,0.000023,0.002313,0.003206,0.048045,0.000008,0.005656,0.002158,0.075198,0.000000,0.000000,0.000000,0.102966,0.345562,-0.265615,0.048739,0.030889,0.316426,0.265615,0.130424,0.000000,0.000000,0.000000,0.000000,0.000000,0.000000
1778448533.890610,sequential_ik_elbow_then_wrist,1,0,-0.038528,0.254318,0.154395,-0.113460,0.490032,0.324172,-0.040284,-0.263302,0.138020,-0.139257,-0.475547,0.325519,0.000024,0.001776,0.003377,0.042125,0.000058,0.005860,0.005731,0.076412,0.000000,0.000000,0.000000,0.112778,0.390026,-0.201867,0.057161,-0.008000,0.353965,0.201867,0.151156,0.000000,0.000000,0.000000,0.000000,0.000000,0.000000
1778448533.953493,sequential_ik_elbow_then_wrist,1,0,-0.047096,0.245933,0.165224,-0.123044,0.469651,0.350108,-0.056388,-0.253928,0.149469,-0.167856,-0.453340,0.343917,0.000053,0.001616,0.005303,0.040152,0.000113,0.006292,0.007958,0.079314,0.000000,0.000000,0.000000,0.127377,0.433547,-0.153419,0.068496,-0.051841,0.391588,0.153419,0.169562,0.000000,0.000000,0.000000,0.000000,0.000000,0.000000
1778448534.022752,sequential_ik_elbow_then_wrist,1,0,-0.050458,0.238333,0.175075,-0.116906,0.453906,0.372845,-0.054996,-0.245114,0.163996,-0.163447,-0.432723,0.371460,0.000043,0.000696,0.004707,0.026341,0.000059,0.004864,0.005301,0.069737,0.000000,0.000000,0.000000,0.143828,0.476220,-0.116598,0.080550,-0.089918,0.432710,0.116598,0.186004,0.000000,0.000000,0.000000,0.000000,0.000000,0.000000
1778448534.079374,sequential_ik_elbow_then_wrist,1,0,-0.068926,0.227339,0.183211,-0.141476,0.429289,0.392859,-0.076294,-0.230333,0.176425,-0.222268,-0.386709,0.386754,0.000139,0.000776,0.009428,0.027820,0.000188,0.011628,0.010636,0.107831,0.000000,0.000000,0.000000,0.170951,0.517225,-0.088615,0.093453,-0.135540,0.476284,0.088615,0.198044,0.000000,0.000000,0.000000,0.000000,0.000000,0.000000
1778448534.133397,sequential_ik_elbow_then_wrist,1,0,-0.074719,0.217434,0.192715,-0.153477,0.409489,0.409308,-0.049495,-0.221576,0.196097,-0.167192,-0.381644,0.420877,0.000094,0.000631,0.007681,0.025127,0.000146,0.004970,0.008707,0.070483,0.000000,0.000000,0.000000,0.202189,0.557823,-0.067347,0.103128,-0.161612,0.527615,0.067347,0.203841,0.000000,0.000000,0.000000,0.000000,0.000000,0.000000
1778448534.198852,sequential_ik_elbow_then_wrist,1,0,-0.073413,0.206363,0.205000,-0.148671,0.391849,0.428452,-0.040082,-0.208598,0.211849,-0.147594,-0.356691,0.449567,0.000067,0.000263,0.005945,0.016163,0.000130,0.004737,0.008270,0.068822,0.000000,0.000000,0.000000,0.231456,0.600907,-0.051184,0.107707,-0.174260,0.584053,0.051184,0.207048,0.000000,0.000000,0.000000,0.000000,0.000000,0.000000
1778448534.251042,sequential_ik_elbow_then_wrist,1,0,-0.074863,0.183373,0.225322,-0.154016,0.363158,0.452064,-0.034972,-0.197080,0.223464,-0.136039,-0.332012,0.471616,0.000184,0.000354,0.009885,0.018178,0.000083,0.004859,0.006544,0.069704,0.000000,0.000000,0.000000,0.261415,0.654514,-0.038900,0.099441,-0.179159,0.641332,0.038900,0.209374,0.000000,0.000000,0.000000,0.000000,0.000000,0.000000
1778448534.307991,sequential_ik_elbow_then_wrist,1,0,-0.077101,0.171215,0.233967,-0.154892,0.339713,0.469673,-0.045689,-0.184931,0.231760,-0.160972,-0.307259,0.480247,0.000108,0.000238,0.008255,0.015245,0.000066,0.008433,0.006307,0.091807,0.000000,0.000000,0.000000,0.291640,0.708342,-0.029564,0.087246,-0.188270,0.696034,0.029564,0.206163,0.000000,0.000000,0.000000,0.000000,0.000000,0.000000
1778448534.388461,sequential_ik_elbow_then_wrist,1,0,-0.075466,0.153027,0.246754,-0.145058,0.309364,0.493160,-0.073142,-0.174612,0.232725,-0.201961,-0.268039,0.487042,0.000140,0.000058,0.009296,0.007591,0.000410,0.013236,0.018420,0.115028,0.000000,0.000000,0.000000,0.321570,0.765464,-0.022469,0.075868,-0.214954,0.741741,0.022469,0.208933,0.000000,0.000000,0.000000,0.000000,0.000000,0.000000
1778448534.430058,sequential_ik_elbow_then_wrist,1,0,-0.075433,0.142831,0.252802,-0.139053,0.289222,0.506815,-0.081468,-0.161932,0.239042,-0.212410,-0.237935,0.498035,0.000090,0.000004,0.008027,0.001968,0.000358,0.012652,0.017225,0.112473,0.000000,0.000000,0.000000,0.350521,0.819330,-0.017076,0.065920,-0.252613,0.783654,0.017076,0.214011,0.000000,0.000000,0.000000,0.000000,0.000000,0.000000
1778448534.504375,sequential_ik_elbow_then_wrist,1,0,-0.078932,0.121018,0.262915,-0.131463,0.261674,0.522639,-0.094491,-0.153673,0.239700,-0.221981,-0.224121,0.501966,0.000265,0.000038,0.014425,0.005956,0.000404,0.010749,0.018567,0.103677,0.000000,0.000000,0.000000,0.382845,0.875211,-0.012978,0.054934,-0.299571,0.817939,0.012978,0.216257,0.000000,0.000000,0.000000,0.000000,0.000000,0.000000
1778448534.559387,sequential_ik_elbow_then_wrist,1,0,-0.074555,0.117778,0.265650,-0.125577,0.261207,0.524155,-0.084368,-0.141520,0.250707,-0.124972,-0.216416,0.538356,0.000080,0.000328,0.008188,0.017742,0.000137,0.000207,0.010027,0.012228,0.000000,0.000000,0.000000,0.412936,0.924386,-0.009863,0.037756,-0.343495,0.855814,0.009863,0.236151,0.000000,0.000000,0.000000,0.000000,0.000000,0.000000
1778448534.622170,sequential_ik_elbow_then_wrist,1,0,-0.070890,0.108608,0.270516,-0.119126,0.249747,0.530810,-0.056907,-0.137175,0.260662,-0.075516,-0.200960,0.553211,0.000069,0.000517,0.007360,0.022640,0.000152,0.000415,0.010332,0.020214,0.000000,0.000000,0.000000,0.440181,0.969952,-0.007496,0.019363,-0.369779,0.899068,0.007496,0.257286,0.000000,0.000000,0.000000,0.000000,0.000000,0.000000
1778448534.675726,sequential_ik_elbow_then_wrist,1,0,-0.066520,0.101889,0.274215,-0.112703,0.233498,0.539820,-0.040855,-0.135814,0.264359,-0.055266,-0.192569,0.558588,0.000041,0.000532,0.005536,0.023056,0.000298,0.000629,0.016213,0.025061,0.000000,0.000000,0.000000,0.463790,1.011850,-0.005697,0.005177,-0.378197,0.940405,0.005697,0.271643,0.000000,0.000000,0.000000,0.000000,0.000000,0.000000
1778448534.727820,sequential_ik_elbow_then_wrist,1,0,-0.062428,0.080277,0.282238,-0.104430,0.186029,0.559821,-0.081122,-0.115478,0.264734,-0.170037,-0.174458,0.545119,0.000180,0.000125,0.011639,0.010780,0.000469,0.005700,0.020779,0.074661,0.000000,0.000000,0.000000,0.486977,1.058916,-0.004330,0.001469,-0.398978,0.974694,0.004330,0.255607,0.000000,0.000000,0.000000,0.000000,0.000000,0.000000
1778448534.797489,sequential_ik_elbow_then_wrist,1,0,-0.060174,0.071137,0.285164,-0.104994,0.159716,0.568263,-0.081678,-0.111390,0.266310,-0.165416,-0.173363,0.547641,0.000156,0.000001,0.011716,0.000858,0.000302,0.003560,0.016691,0.059537,0.000000,0.000000,0.000000,0.509601,1.103834,-0.003291,0.000659,-0.426032,1.003131,0.003291,0.234037,0.000000,0.000000,0.000000,0.000000,0.000000,0.000000
1778448534.852722,sequential_ik_elbow_then_wrist,1,0,-0.045744,0.055628,0.291227,-0.082760,0.113117,0.583331,-0.074909,-0.115544,0.266530,-0.121745,-0.178578,0.556069,0.000123,0.000059,0.008981,0.006568,0.000043,0.000246,0.006313,0.015253,0.000000,0.000000,0.000000,0.529325,1.153412,-0.002501,0.009620,-0.450824,1.024980,0.002501,0.226540,0.000000,0.000000,0.000000,0.000000,0.000000,0.000000
1778448534.919474,sequential_ik_elbow_then_wrist,1,0,-0.041354,0.045692,0.293602,-0.073501,0.084758,0.589305,-0.055830,-0.100262,0.277183,-0.086019,-0.145676,0.572185,0.000101,0.000164,0.009040,0.012688,0.000079,0.000025,0.006081,0.003607,0.000000,0.000000,0.000000,0.546752,1.201339,-0.001901,0.020799,-0.468542,1.057160,0.001901,0.229274,0.000000,0.000000,0.000000,0.000000,0.000000,0.000000
1778448534.974867,sequential_ik_elbow_then_wrist,1,0,-0.041239,0.038543,0.294642,-0.069852,0.076533,0.590848,-0.044707,-0.090368,0.282551,-0.069021,-0.109276,0.580965,0.000145,0.000171,0.011698,0.013023,0.000082,0.000060,0.007217,0.007081,0.000000,0.000000,0.000000,0.562934,1.243764,-0.001444,0.026438,-0.479281,1.094480,0.001444,0.238924,0.000000,0.000000,0.000000,0.000000,0.000000,0.000000
1778448535.034566,sequential_ik_elbow_then_wrist,1,0,-0.039361,0.034134,0.295441,-0.066441,0.070926,0.591943,-0.040933,-0.080923,0.285965,-0.072357,-0.086156,0.584269,0.000149,0.000155,0.012019,0.012383,0.000041,0.000460,0.004960,0.021435,0.000000,0.000000,0.000000,0.577966,1.280231,-0.001098,0.027562,-0.485913,1.132335,0.001098,0.245161,0.000000,0.000000,0.000000,0.000000,0.000000,0.000000
1778448535.094527,sequential_ik_elbow_then_wrist,1,0,-0.035625,0.030512,0.296310,-0.053712,0.060844,0.594225,-0.039886,-0.072130,0.288455,-0.052141,-0.068478,0.588183,0.000118,0.000054,0.010702,0.007242,0.000017,0.000158,0.002767,0.012458,0.000000,0.000000,0.000000,0.591580,1.312052,-0.000834,0.031099,-0.490903,1.168557,0.000834,0.254055,0.000000,0.000000,0.000000,0.000000,0.000000,0.000000
1778448535.175778,sequential_ik_elbow_then_wrist,1,0,-0.030644,0.027193,0.297189,-0.041619,0.040639,0.596687,-0.040992,-0.068038,0.289293,-0.028709,-0.058295,0.588883,0.000075,0.000103,0.008455,0.009543,0.000011,0.000031,0.002860,0.004491,0.000000,0.000000,0.000000,0.603450,1.340649,-0.000634,0.042143,-0.495603,1.199733,0.000634,0.268782,0.000000,0.000000,0.000000,0.000000,0.000000,0.000000
1778448535.221497,sequential_ik_elbow_then_wrist,1,0,-0.031861,0.023326,0.297390,-0.038614,0.029599,0.597248,-0.039519,-0.064964,0.290203,-0.017756,-0.057420,0.589318,0.000130,0.000173,0.011325,0.012990,0.000009,0.000163,0.002710,0.012776,0.000000,0.000000,0.000000,0.614355,1.364813,-0.000482,0.055199,-0.500019,1.226428,0.000482,0.281021,0.000000,0.000000,0.000000,0.000000,0.000000,0.000000
1778448535.283324,sequential_ik_elbow_then_wrist,1,0,-0.031118,0.018954,0.297779,-0.035475,0.015416,0.597727,-0.039028,-0.064891,0.290286,-0.015469,-0.056564,0.589244,0.000174,0.000355,0.013103,0.018745,0.000004,0.000210,0.001911,0.014493,0.000000,0.000000,0.000000,0.624632,1.386110,-0.000366,0.069733,-0.504001,1.247594,0.000366,0.290413,0.000000,0.000000,0.000000,0.000000,0.000000,0.000000
1778448535.339478,sequential_ik_elbow_then_wrist,1,0,-0.029922,0.015410,0.298106,-0.035131,0.008030,0.597970,-0.035446,-0.064910,0.290741,-0.010415,-0.050316,0.589338,0.000200,0.000515,0.014071,0.022688,0.000002,0.000250,0.001229,0.015759,0.000000,0.000000,0.000000,0.634366,1.405090,-0.000278,0.081138,-0.506660,1.264997,0.000278,0.300476,0.000000,0.000000,0.000000,0.000000,0.000000,0.000000
1778448535.401090,sequential_ik_elbow_then_wrist,1,0,-0.029504,0.011882,0.298309,-0.039425,0.000240,0.597919,-0.035410,-0.065324,0.290652,-0.003856,-0.048537,0.588516,0.000248,0.000942,0.015686,0.030687,0.000002,0.000424,0.001240,0.020529,0.000000,0.000000,0.000000,0.643701,1.421957,-0.000212,0.088116,-0.508281,1.278304,0.000212,0.311638,0.000000,0.000000,0.000000,0.000000,0.000000,0.000000
1778448535.455721,sequential_ik_elbow_then_wrist,1,0,-0.030121,0.007480,0.298390,-0.035720,-0.000676,0.598227,-0.039161,-0.066918,0.289808,-0.004537,-0.050118,0.587329,0.000351,0.000795,0.018698,0.028178,0.000003,0.000434,0.001356,0.020788,0.000000,0.000000,0.000000,0.652870,1.437127,-0.000161,0.091125,-0.509885,1.286376,0.000161,0.323017,0.000000,0.000000,0.000000,0.000000,0.000000,0.000000
1778448535.522864,sequential_ik_elbow_then_wrist,1,0,-0.032911,0.005534,0.298138,-0.040104,0.000241,0.598005,-0.038645,-0.066527,0.289967,-0.008106,-0.053610,0.588128,0.000478,0.000949,0.021835,0.030774,0.000001,0.000378,0.000785,0.019433,0.000000,0.000000,0.000000,0.662150,1.448911,-0.000122,0.090158,-0.511366,1.292421,0.000122,0.329446,0.000000,0.000000,0.000000,0.000000,0.000000,0.000000
1778448535.585147,sequential_ik_elbow_then_wrist,1,0,-0.036709,0.005904,0.297687,-0.045748,0.007731,0.597545,-0.040322,-0.066645,0.289711,-0.012832,-0.057182,0.588299,0.000589,0.000901,0.024226,0.029966,0.000004,0.000299,0.001982,0.017257,0.000000,0.000000,0.000000,0.671905,1.456081,-0.000093,0.085421,-0.513157,1.296398,0.000093,0.331415,0.000000,0.000000,0.000000,0.000000,0.000000,0.000000
1778448535.646177,sequential_ik_elbow_then_wrist,1,0,-0.042791,0.011642,0.296704,-0.053756,0.022395,0.596311,-0.048082,-0.064675,0.288973,-0.040867,-0.056460,0.588774,0.000620,0.000670,0.024744,0.025863,0.000078,0.000057,0.008708,0.007048,0.000000,0.000000,0.000000,0.682639,1.455752,-0.000071,0.079449,-0.517512,1.297840,0.000071,0.326338,0.000000,0.000000,0.000000,0.000000,0.000000,0.000000
1778448535.715726,sequential_ik_elbow_then_wrist,1,0,-0.044877,0.013652,0.296310,-0.060227,0.029747,0.595485,-0.059256,-0.066769,0.286410,-0.071035,-0.060183,0.586106,0.000595,0.000621,0.024296,0.024916,0.000246,0.000833,0.015357,0.028776,0.000000,0.000000,0.000000,0.694604,1.452143,-0.000054,0.073223,-0.526439,1.293535,0.000054,0.317305,0.000000,0.000000,0.000000,0.000000,0.000000,0.000000
1778448535.784339,sequential_ik_elbow_then_wrist,1,0,-0.044194,0.014954,0.296350,-0.062868,0.040897,0.594642,-0.059159,-0.069788,0.285709,-0.063282,-0.068552,0.585678,0.000498,0.000341,0.022247,0.018370,0.000146,0.000254,0.011850,0.015940,0.000000,0.000000,0.000000,0.707427,1.448093,-0.000041,0.063682,-0.537842,1.287242,0.000041,0.311777,0.000000,0.000000,0.000000,0.000000,0.000000,0.000000
1778448535.829621,sequential_ik_elbow_then_wrist,1,0,-0.046153,0.017760,0.295896,-0.070574,0.060396,0.591845,-0.075368,-0.075776,0.280317,-0.109243,-0.080449,0.578362,0.000448,0.000112,0.021091,0.009853,0.000391,0.001933,0.019006,0.043866,0.000000,0.000000,0.000000,0.720951,1.442393,-0.000031,0.047050,-0.554688,1.272292,0.000031,0.300436,0.000000,0.000000,0.000000,0.000000,0.000000,0.000000
1778448535.891898,sequential_ik_elbow_then_wrist,1,0,-0.051404,0.019180,0.294940,-0.075142,0.069232,0.589781,-0.078738,-0.081039,0.277908,-0.102533,-0.096370,0.576570,0.000535,0.000024,0.022992,0.004759,0.000247,0.000623,0.015169,0.024944,0.000000,0.000000,0.000000,0.735762,1.434277,-0.000024,0.032041,-0.574804,1.254131,0.000024,0.294225,0.000000,0.000000,0.000000,0.000000,0.000000,0.000000
1778448535.939098,sequential_ik_elbow_then_wrist,1,0,-0.051376,0.022052,0.294744,-0.077304,0.076548,0.588612,-0.076772,-0.084257,0.277501,-0.107364,-0.106482,0.575108,0.000404,0.000003,0.019990,0.001812,0.000091,0.000394,0.009251,0.019827,0.000000,0.000000,0.000000,0.751272,1.425753,-0.000018,0.019519,-0.594826,1.237695,0.000018,0.286903,0.000000,0.000000,0.000000,0.000000,0.000000,0.000000
1778448536.012722,sequential_ik_elbow_then_wrist,1,0,-0.056850,0.028183,0.293213,-0.089249,0.086781,0.585645,-0.077808,-0.084865,0.277027,-0.120769,-0.106662,0.573134,0.000349,0.000008,0.018419,0.002708,0.000063,0.000768,0.007721,0.027665,0.000000,0.000000,0.000000,0.767428,1.413370,-0.000014,0.008989,-0.614098,1.223758,0.000014,0.277355,0.000000,0.000000,0.000000,0.000000,0.000000,0.000000
1778448536.061673,sequential_ik_elbow_then_wrist,1,0,-0.058917,0.030852,0.292535,-0.093850,0.087869,0.584988,-0.083936,-0.083494,0.275651,-0.133881,-0.103738,0.570771,0.000282,0.000009,0.016630,0.002797,0.000119,0.001281,0.010589,0.035791,0.000000,0.000000,0.000000,0.784070,1.400308,-0.000010,0.003859,-0.634442,1.210800,0.000010,0.268412,0.000000,0.000000,0.000000,0.000000,0.000000,0.000000
1778448536.135418,sequential_ik_elbow_then_wrist,1,0,-0.060966,0.031466,0.292050,-0.093999,0.087575,0.584899,-0.083148,-0.084427,0.275606,-0.127903,-0.109322,0.571202,0.000269,0.000027,0.016256,0.004874,0.000057,0.000615,0.007361,0.024802,0.000000,0.000000,0.000000,0.801240,1.388122,-0.000008,0.004191,-0.653938,1.200175,0.000008,0.261933,0.000000,0.000000,0.000000,0.000000,0.000000,0.000000
1778448536.190107,sequential_ik_elbow_then_wrist,1,0,-0.061362,0.033241,0.291770,-0.093084,0.089875,0.584663,-0.084745,-0.084870,0.274982,-0.126880,-0.113585,0.570617,0.000200,0.000085,0.014012,0.009136,0.000045,0.000349,0.006490,0.018694,0.000000,0.000000,0.000000,0.818334,1.377262,-0.000006,0.007432,-0.672352,1.190920,0.000006,0.257083,0.000000,0.000000,0.000000,0.000000,0.000000,0.000000
1778448536.247063,sequential_ik_elbow_then_wrist,1,0,-0.070133,0.037836,0.289223,-0.101657,0.095481,0.581940,-0.073247,-0.088263,0.277209,-0.108398,-0.111839,0.574208,0.000232,0.000118,0.014833,0.010708,0.000016,0.000058,0.003648,0.007444,0.000000,0.000000,0.000000,0.835965,1.362300,-0.000005,0.014542,-0.684470,1.187044,0.000005,0.257327,0.000000,0.000000,0.000000,0.000000,0.000000,0.000000
1778448536.309124,sequential_ik_elbow_then_wrist,1,0,-0.059545,0.039662,0.291344,-0.087569,0.097416,0.584395,-0.072452,-0.097308,0.274375,-0.106720,-0.113678,0.571962,0.000039,0.000481,0.006062,0.021902,0.000069,0.000071,0.007966,0.008013,0.000000,0.000000,0.000000,0.851267,1.353877,-0.000003,0.022774,-0.689332,1.180515,0.000003,0.263572,0.000000,0.000000,0.000000,0.000000,0.000000,0.000000
1778448536.386655,sequential_ik_elbow_then_wrist,1,0,-0.057638,0.040050,0.291674,-0.085326,0.097332,0.584850,-0.063359,-0.102443,0.274756,-0.088811,-0.116520,0.573343,0.000018,0.000570,0.004141,0.023874,0.000211,0.000024,0.014162,0.003948,0.000000,0.000000,0.000000,0.864161,1.348931,-0.000003,0.028645,-0.685102,1.175709,0.000003,0.275261,0.000000,0.000000,0.000000,0.000000,0.000000,0.000000
1778448536.434903,sequential_ik_elbow_then_wrist,1,0,-0.060491,0.043078,0.290663,-0.089531,0.102576,0.583266,-0.057963,-0.100506,0.276656,-0.077933,-0.118308,0.575461,0.000012,0.000674,0.003292,0.025964,0.000198,0.000068,0.013656,0.008252,0.000000,0.000000,0.000000,0.874958,1.342881,-0.000002,0.032451,-0.674461,1.175040,0.000002,0.284428,0.000000,0.000000,0.000000,0.000000,0.000000,0.000000
1778448536.497272,sequential_ik_elbow_then_wrist,1,0,-0.055564,0.041364,0.291893,-0.085434,0.097935,0.584993,-0.071268,-0.102343,0.272849,-0.112757,-0.124808,0.569116,0.000004,0.000626,0.001686,0.025028,0.000020,0.000310,0.003776,0.017295,0.000000,0.000000,0.000000,0.883590,1.340896,-0.000002,0.035092,-0.664599,1.168849,0.000002,0.283640,0.000000,0.000000,0.000000,0.000000,0.000000,0.000000
1778448536.546522,sequential_ik_elbow_then_wrist,1,0,-0.052812,0.038749,0.292762,-0.089441,0.090951,0.585905,-0.078607,-0.107104,0.268979,-0.127718,-0.132515,0.563839,0.000005,0.000304,0.001971,0.017346,0.000015,0.000605,0.002555,0.024588,0.000000,0.000000,0.000000,0.890625,1.342375,-0.000001,0.033216,-0.657090,1.157255,0.000001,0.282003,0.000000,0.000000,0.000000,0.000000,0.000000,0.000000
1778448536.611071,sequential_ik_elbow_then_wrist,1,0,-0.055510,0.044749,0.291404,-0.098340,0.096952,0.583706,-0.082405,-0.104306,0.268942,-0.141373,-0.127207,0.562196,0.000005,0.000271,0.001747,0.016398,0.000014,0.001371,0.003528,0.037022,0.000000,0.000000,0.000000,0.895571,1.340503,-0.000001,0.028757,-0.653585,1.146847,0.000001,0.280232,0.000000,0.000000,0.000000,0.000000,0.000000,0.000000
1778448536.671245,sequential_ik_elbow_then_wrist,1,0,-0.064024,0.048222,0.289094,-0.107535,0.106160,0.580213,-0.083254,-0.103274,0.269078,-0.137026,-0.121376,0.563664,0.000014,0.000332,0.002559,0.018223,0.000013,0.001255,0.003531,0.035377,0.000000,0.000000,0.000000,0.899662,1.332748,-0.000001,0.026224,-0.653170,1.138763,0.000001,0.283446,0.000000,0.000000,0.000000,0.000000,0.000000,0.000000
1778448536.735376,sequential_ik_elbow_then_wrist,1,0,-0.073285,0.055514,0.285565,-0.125182,0.116515,0.574677,-0.080835,-0.099933,0.271070,-0.131374,-0.113511,0.566471,0.000026,0.000251,0.003447,0.015834,0.000010,0.001186,0.002910,0.034413,0.000000,0.000000,0.000000,0.903071,1.317812,-0.000001,0.025461,-0.654554,1.135389,0.000001,0.288784,0.000000,0.000000,0.000000,0.000000,0.000000,0.000000
1778448536.789993,sequential_ik_elbow_then_wrist,1,0,-0.055203,0.052134,0.290232,-0.101794,0.109734,0.580941,-0.076769,-0.100923,0.271885,-0.116449,-0.112645,0.569018,0.000069,0.000541,0.007476,0.023240,0.000002,0.000555,0.001063,0.023500,0.000000,0.000000,0.000000,0.903221,1.314873,-0.000000,0.026551,-0.655101,1.134621,0.000000,0.297067,0.000000,0.000000,0.000000,0.000000,0.000000,0.000000
1778448536.841672,sequential_ik_elbow_then_wrist,1,0,-0.061968,0.055449,0.288245,-0.115811,0.107606,0.578729,-0.085090,-0.084361,0.275033,-0.131820,-0.084384,0.571371,0.000025,0.000140,0.004769,0.011814,0.000170,0.002352,0.012493,0.048499,0.000000,0.000000,0.000000,0.901686,1.309831,-0.000000,0.025885,-0.662650,1.139602,0.000000,0.303162,0.000000,0.000000,0.000000,0.000000,0.000000,0.000000
1778448536.919287,sequential_ik_elbow_then_wrist,1,0,-0.058318,0.058554,0.288393,-0.108984,0.101889,0.580891,-0.096025,-0.080800,0.272489,-0.147274,-0.074108,0.568004,0.000071,0.000104,0.008329,0.009934,0.000336,0.003667,0.017797,0.060556,0.000000,0.000000,0.000000,0.897518,1.305873,-0.000000,0.030848,-0.678647,1.141255,0.000000,0.307933,0.000000,0.000000,0.000000,0.000000,0.000000,0.000000
1778448536.976910,sequential_ik_elbow_then_wrist,1,0,-0.065826,0.060694,0.286327,-0.122113,0.100835,0.578253,-0.099108,-0.077974,0.272209,-0.148878,-0.065131,0.567773,0.000028,0.000002,0.004897,0.001029,0.000300,0.003799,0.016834,0.061620,0.000000,0.000000,0.000000,0.892614,1.298199,-0.000000,0.036970,-0.700672,1.141517,0.000000,0.314928,0.000000,0.000000,0.000000,0.000000,0.000000,0.000000
1778448537.035722,sequential_ik_elbow_then_wrist,1,0,-0.062175,0.060873,0.287104,-0.110944,0.101853,0.580263,-0.099313,-0.082651,0.270750,-0.150394,-0.069840,0.566092,0.000039,0.000041,0.006191,0.006110,0.000117,0.003067,0.010423,0.055379,0.000000,0.000000,0.000000,0.886501,1.292996,-0.000000,0.046219,-0.723657,1.138891,0.000000,0.321487,0.000000,0.000000,0.000000,0.000000,0.000000,0.000000
1778448537.088760,sequential_ik_elbow_then_wrist,1,0,-0.071425,0.059633,0.285206,-0.127584,0.101752,0.576877,-0.097597,-0.081152,0.271826,-0.150844,-0.070765,0.566880,0.000005,0.000023,0.001583,0.004805,0.000064,0.002696,0.007762,0.051914,0.000000,0.000000,0.000000,0.882113,1.285141,-0.000000,0.052210,-0.745815,1.137681,0.000000,0.324368,0.000000,0.000000,0.000000,0.000000,0.000000,0.000000
1778448537.163877,sequential_ik_elbow_then_wrist,1,0,-0.072363,0.059645,0.284967,-0.126189,0.103409,0.576836,-0.089274,-0.079316,0.275208,-0.139150,-0.069761,0.570878,0.000002,0.000006,0.001182,0.002418,0.000015,0.001906,0.003245,0.043644,0.000000,0.000000,0.000000,0.879220,1.277809,-0.000000,0.058630,-0.764179,1.141878,0.000000,0.324131,0.000000,0.000000,0.000000,0.000000,0.000000,0.000000
1778448537.213949,sequential_ik_elbow_then_wrist,1,0,-0.078329,0.054992,0.284324,-0.134977,0.097293,0.575875,-0.093507,-0.078319,0.274085,-0.145020,-0.059587,0.569035,0.000055,0.000111,0.007275,0.010550,0.000025,0.002861,0.004847,0.053488,0.000000,0.000000,0.000000,0.880082,1.270845,-0.000000,0.064179,-0.780899,1.144564,0.000000,0.325303,0.000000,0.000000,0.000000,0.000000,0.000000,0.000000
1778448537.276980,sequential_ik_elbow_then_wrist,1,0,-0.086896,0.035537,0.284932,-0.162746,0.067398,0.573431,-0.106548,-0.075936,0.269965,-0.172561,-0.036922,0.560000,0.000596,0.001979,0.024031,0.044387,0.000154,0.007186,0.011822,0.084757,0.000000,0.000000,0.000000,0.890636,1.268273,-0.000000,0.061282,-0.800568,1.140748,0.000000,0.330014,0.000000,0.000000,0.000000,0.000000,0.000000,0.000000
1778448537.332392,sequential_ik_elbow_then_wrist,1,0,-0.084409,0.032178,0.286076,-0.156996,0.067348,0.575030,-0.111951,-0.076597,0.267582,-0.177009,-0.033517,0.557257,0.000500,0.001216,0.022041,0.034839,0.000131,0.007366,0.010920,0.085793,0.000000,0.000000,0.000000,0.907383,1.268974,-0.000000,0.055559,-0.822352,1.133138,0.000000,0.339119,0.000000,0.000000,0.000000,0.000000,0.000000,0.000000
1778448537.403264,sequential_ik_elbow_then_wrist,1,0,-0.115360,0.029791,0.275326,-0.199417,0.064208,0.561246,-0.110073,-0.070997,0.269895,-0.170425,-0.032615,0.561245,0.001320,0.002346,0.035036,0.048436,0.000116,0.006063,0.010394,0.077865,0.000000,0.000000,0.000000,0.935942,1.252770,-0.000000,0.052076,-0.845476,1.129475,0.000000,0.346577,0.000000,0.000000,0.000000,0.000000,0.000000,0.000000
1778448537.449186,sequential_ik_elbow_then_wrist,1,0,-0.116062,0.031339,0.274859,-0.193824,0.067605,0.562327,-0.107823,-0.083232,0.267295,-0.163064,-0.030536,0.557418,0.000755,0.000988,0.026743,0.031144,0.000004,0.005742,0.001367,0.075668,0.000000,0.000000,0.000000,0.971511,1.234512,-0.000000,0.059597,-0.862709,1.123292,0.000000,0.361835,0.000000,0.000000,0.000000,0.000000,0.000000,0.000000
1778448537.519154,sequential_ik_elbow_then_wrist,1,0,-0.101345,0.030550,0.280706,-0.164511,0.065654,0.571872,-0.109012,-0.086639,0.265726,-0.161265,-0.035665,0.556709,0.000308,0.000185,0.016933,0.013117,0.000006,0.005065,0.002102,0.071127,0.000000,0.000000,0.000000,1.006935,1.227719,-0.000000,0.073977,-0.874597,1.115714,0.000000,0.379096,0.000000,0.000000,0.000000,0.000000,0.000000,0.000000
1778448537.574598,sequential_ik_elbow_then_wrist,1,0,-0.102619,0.033789,0.279871,-0.163637,0.064380,0.572003,-0.108378,-0.091992,0.264181,-0.160588,-0.061207,0.557995,0.000145,0.000089,0.011812,0.009344,0.000025,0.002744,0.004678,0.052362,0.000000,0.000000,0.000000,1.039637,1.222280,-0.000000,0.087942,-0.880488,1.107307,0.000000,0.388432,0.000000,0.000000,0.000000,0.000000,0.000000,0.000000
1778448537.636625,sequential_ik_elbow_then_wrist,1,0,-0.097097,0.039316,0.281116,-0.159926,0.073289,0.572489,-0.097325,-0.096500,0.266862,-0.148775,-0.080482,0.561983,0.000015,0.000004,0.003762,0.001843,0.000129,0.001224,0.010874,0.034873,0.000000,0.000000,0.000000,1.066279,1.219863,-0.000000,0.096465,-0.877652,1.104112,0.000000,0.388984,0.000000,0.000000,0.000000,0.000000,0.000000,0.000000
1778448537.705553,sequential_ik_elbow_then_wrist,1,0,-0.099854,0.041502,0.279833,-0.161455,0.078699,0.571075,-0.096553,-0.098788,0.266305,-0.150050,-0.088810,0.561328,0.000007,0.000047,0.002428,0.006850,0.000096,0.001149,0.009437,0.033831,0.000000,0.000000,0.000000,1.087662,1.216161,-0.000000,0.102994,-0.869170,1.101593,0.000000,0.384576,0.000000,0.000000,0.000000,0.000000,0.000000,0.000000
1778448537.751058,sequential_ik_elbow_then_wrist,1,0,-0.100369,0.043756,0.279305,-0.164305,0.086049,0.569346,-0.102042,-0.109526,0.259984,-0.185350,-0.099579,0.548013,0.000001,0.000159,0.000629,0.012585,0.000121,0.003110,0.010046,0.055611,0.000000,0.000000,0.000000,1.104104,1.212007,-0.000000,0.106427,-0.855902,1.091522,0.000000,0.371319,0.000000,0.000000,0.000000,0.000000,0.000000,0.000000
1778448537.810359,sequential_ik_elbow_then_wrist,1,0,-0.099834,0.047485,0.278888,-0.163497,0.094489,0.568262,-0.092932,-0.115903,0.260634,-0.169761,-0.106213,0.550467,0.000008,0.000384,0.002658,0.019589,0.000217,0.002337,0.014098,0.048309,0.000000,0.000000,0.000000,1.115273,1.207861,-0.000000,0.108387,-0.835477,1.083066,0.000000,0.365796,0.000000,0.000000,0.000000,0.000000,0.000000,0.000000
1778448537.879163,sequential_ik_elbow_then_wrist,1,0,-0.094566,0.060763,0.278146,-0.151790,0.119785,0.566663,-0.084271,-0.124039,0.259832,-0.156362,-0.109160,0.550661,0.000196,0.001766,0.013682,0.042023,0.000348,0.002228,0.017834,0.047079,0.000000,0.000000,0.000000,1.116791,1.203789,-0.000000,0.110339,-0.806764,1.075742,0.000000,0.369929,0.000000,0.000000,0.000000,0.000000,0.000000,0.000000
1778448537.941349,sequential_ik_elbow_then_wrist,1,0,-0.091017,0.071604,0.276747,-0.149041,0.138784,0.563313,-0.076609,-0.130739,0.258918,-0.145583,-0.112932,0.550337,0.000423,0.002691,0.020080,0.051863,0.000401,0.002241,0.019109,0.047226,0.000000,0.000000,0.000000,1.107524,1.198830,-0.000000,0.109323,-0.770655,1.068952,0.000000,0.380984,0.000000,0.000000,0.000000,0.000000,0.000000,0.000000
1778448538.002600,sequential_ik_elbow_then_wrist,1,0,-0.087925,0.080167,0.275395,-0.142862,0.145519,0.562990,-0.082350,-0.134416,0.255246,-0.154121,-0.112434,0.545704,0.000563,0.002566,0.023144,0.050644,0.000145,0.003722,0.011295,0.060922,0.000000,0.000000,0.000000,1.088164,1.192856,-0.000000,0.110987,-0.734534,1.058540,0.000000,0.396986,0.000000,0.000000,0.000000,0.000000,0.000000,0.000000
1778448538.055186,sequential_ik_elbow_then_wrist,1,0,-0.085978,0.087231,0.273859,-0.138936,0.149651,0.562474,-0.080164,-0.137239,0.254439,-0.148459,-0.109252,0.545218,0.000594,0.002071,0.023724,0.045478,0.000102,0.004072,0.009527,0.063675,0.000000,0.000000,0.000000,1.060420,1.185494,-0.000000,0.116159,-0.699450,1.048403,0.000000,0.419091,0.000000,0.000000,0.000000,0.000000,0.000000,0.000000
1778448538.124024,sequential_ik_elbow_then_wrist,1,0,-0.081327,0.094996,0.272693,-0.121883,0.156692,0.563466,-0.081931,-0.146291,0.248770,-0.153853,-0.102156,0.536657,0.000685,0.002468,0.025462,0.049555,0.000091,0.006069,0.008606,0.077640,0.000000,0.000000,0.000000,1.024947,1.177722,-0.000000,0.128601,-0.665825,1.033707,0.000000,0.451306,0.000000,0.000000,0.000000,0.000000,0.000000,0.000000
1778448538.181748,sequential_ik_elbow_then_wrist,1,0,-0.107765,0.097026,0.262627,-0.171435,0.156912,0.549611,-0.106952,-0.152298,0.235301,-0.209022,-0.099195,0.512361,0.000145,0.000208,0.009804,0.014432,0.000115,0.015116,0.008149,0.122919,0.000000,0.000000,0.000000,0.992917,1.155900,-0.000000,0.138363,-0.645700,1.006773,0.000000,0.482282,0.000000,0.000000,0.000000,0.000000,0.000000,0.000000
1778448538.238230,sequential_ik_elbow_then_wrist,0,0,-0.158388,0.107776,0.230863,-0.253503,0.150919,0.512095,-0.161689,-0.152068,0.201822,-0.318810,-0.085426,0.448544,0.000558,0.001108,0.017039,0.032696,0.001108,0.038192,0.027693,0.195407,0.000000,0.000000,0.000000,0.976810,1.100895,-0.000000,0.160721,-0.660184,0.953485,0.000000,0.498836,0.000000,0.000000,0.000000,0.000000,0.000000,0.000000
1778448538.290714,sequential_ik_elbow_then_wrist,1,0,-0.159156,0.123043,0.222553,-0.251953,0.152631,0.506301,-0.160080,-0.159715,0.197144,-0.301450,-0.076674,0.448378,0.000090,0.001241,0.006393,0.033257,0.000132,0.030797,0.009170,0.175240,0.000000,0.000000,0.000000,0.963058,1.042274,-0.000000,0.205587,-0.682152,0.900568,0.000000,0.533928,0.000000,0.000000,0.000000,0.000000,0.000000,0.000000
1778448538.369113,sequential_ik_elbow_then_wrist,0,0,-0.201018,0.169162,0.144831,-0.342191,0.163596,0.409480,-0.177252,-0.172699,0.169577,-0.328100,-0.084331,0.413372,0.001363,0.009091,0.024852,0.094353,0.000214,0.033705,0.010085,0.183477,0.000000,0.000000,0.000000,0.945171,0.932612,-0.000000,0.272622,-0.705851,0.835914,0.000000,0.576089,0.000000,0.000000,0.000000,0.000000,0.000000,0.000000
1778448538.419095,sequential_ik_elbow_then_wrist,0,0,-0.210082,0.187402,0.103665,-0.347796,0.181251,0.370117,-0.189403,-0.180036,0.147354,-0.362237,-0.104191,0.380541,0.000602,0.009917,0.016458,0.097356,0.000159,0.035248,0.008500,0.187745,0.000000,0.000000,0.000000,0.923677,0.806297,-0.000000,0.373848,-0.728647,0.765003,0.000000,0.607993,0.000000,0.000000,0.000000,0.000000,0.000000,0.000000
1778448538.495457,sequential_ik_elbow_then_wrist,1,0,-0.182780,0.207543,0.116265,-0.341222,0.225583,0.370373,-0.169630,-0.207765,0.134384,-0.356853,-0.156067,0.363021,0.000201,0.008822,0.010449,0.093905,0.000219,0.030864,0.010998,0.175681,0.000000,0.000000,0.000000,0.884334,0.708898,-0.000000,0.455552,-0.726714,0.697190,0.000000,0.633712,0.000000,0.000000,0.000000,0.000000,0.000000,0.000000
1778448538.539453,sequential_ik_elbow_then_wrist,1,0,-0.160454,0.233160,0.099455,-0.320930,0.272124,0.349912,-0.127820,-0.228861,0.145893,-0.307474,-0.199376,0.384336,0.000318,0.009102,0.012799,0.095391,0.000522,0.024788,0.017594,0.157385,0.000000,0.000000,0.000000,0.826934,0.623476,-0.000000,0.521475,-0.690603,0.650810,0.000000,0.663517,0.000000,0.000000,0.000000,0.000000,0.000000,0.000000
1778448538.609018,sequential_ik_elbow_then_wrist,1,0,-0.148514,0.239643,0.102543,-0.308438,0.297528,0.349674,-0.070690,-0.239501,0.166259,-0.213754,-0.228868,0.429735,0.000091,0.009419,0.006859,0.097047,0.001054,0.013425,0.025464,0.115672,0.000000,0.000000,0.000000,0.767454,0.557846,-0.000000,0.569193,-0.617714,0.631968,0.000000,0.702311,0.000000,0.000000,0.000000,0.000000,0.000000,0.000000
1778448538.656186,sequential_ik_elbow_then_wrist,1,0,-0.143236,0.240713,0.107427,-0.299397,0.311986,0.353463,-0.068483,-0.241157,0.164783,-0.209712,-0.243193,0.429453,0.000023,0.008871,0.003407,0.094153,0.000145,0.016351,0.009636,0.127871,0.000000,0.000000,0.000000,0.714852,0.510979,-0.000000,0.599415,-0.545080,0.619500,0.000000,0.731161,0.000000,0.000000,0.000000,0.000000,0.000000,0.000000
1778448538.722914,sequential_ik_elbow_then_wrist,1,0,-0.140471,0.239937,0.112687,-0.294278,0.321985,0.356841,-0.072310,-0.242363,0.161343,-0.214250,-0.246748,0.425604,0.000009,0.008131,0.002104,0.090097,0.000009,0.018522,0.002342,0.136096,0.000000,0.000000,0.000000,0.671639,0.479527,-0.000000,0.613638,-0.485923,0.607777,0.000000,0.753687,0.000000,0.000000,0.000000,0.000000,0.000000,0.000000
1778448538.779265,sequential_ik_elbow_then_wrist,1,0,-0.131999,0.243160,0.115973,-0.281879,0.329192,0.361196,-0.081948,-0.242673,0.156187,-0.226974,-0.244566,0.418797,0.000019,0.007606,0.003124,0.087198,0.000014,0.020664,0.002822,0.143747,0.000000,0.000000,0.000000,0.632323,0.458778,-0.000000,0.620631,-0.445276,0.594606,0.000000,0.772935,0.000000,0.000000,0.000000,0.000000,0.000000,0.000000
1778448538.843255,sequential_ik_elbow_then_wrist,1,0,-0.124274,0.243655,0.123240,-0.268561,0.328530,0.372192,-0.078228,-0.244063,0.155928,-0.229467,-0.251495,0.414910,0.000024,0.007486,0.003510,0.086523,0.000001,0.021196,0.000698,0.145584,0.000000,0.000000,0.000000,0.596248,0.448620,-0.000000,0.625719,-0.413364,0.583426,0.000000,0.784721,0.000000,0.000000,0.000000,0.000000,0.000000,0.000000
1778448538.907175,sequential_ik_elbow_then_wrist,0,0,-0.114724,0.242629,0.134050,-0.243339,0.331840,0.389979,-0.105055,-0.237334,0.150453,-0.299124,-0.243928,0.379132,0.000042,0.005435,0.004543,0.073722,0.000134,0.038443,0.009016,0.195893,0.000000,0.000000,0.000000,0.562035,0.449570,-0.000000,0.628699,-0.405970,0.570854,0.000000,0.773741,0.000000,0.000000,0.000000,0.000000,0.000000,0.000000
1778448538.974217,sequential_ik_elbow_then_wrist,0,0,-0.169148,0.212019,0.128207,-0.330037,0.291633,0.368574,-0.171387,-0.208445,0.131063,-0.385484,-0.217821,0.341001,0.000553,0.011143,0.017698,0.105311,0.001159,0.042888,0.026055,0.206577,0.000000,0.000000,0.000000,0.573125,0.448690,-0.000000,0.613639,-0.451149,0.547659,0.000000,0.730273,0.000000,0.000000,0.000000,0.000000,0.000000,0.000000
1778448539.034148,sequential_ik_elbow_then_wrist,1,0,-0.204370,0.182421,0.122292,-0.356439,0.249333,0.372087,-0.211304,-0.174951,0.121420,-0.419662,-0.171724,0.337236,0.000630,0.006566,0.018758,0.081020,0.000968,0.031073,0.023354,0.176213,0.000000,0.000000,0.000000,0.621342,0.443680,-0.000000,0.605733,-0.533830,0.520127,0.000000,0.685988,0.000000,0.000000,0.000000,0.000000,0.000000,0.000000
1778448539.089893,sequential_ik_elbow_then_wrist,1,0,-0.237861,0.124820,0.133574,-0.383108,0.076282,0.391542,-0.223599,-0.146204,0.136485,-0.415155,-0.093436,0.361255,0.001133,0.022086,0.025384,0.147957,0.000454,0.031611,0.016032,0.177722,0.000000,0.000000,0.000000,0.710589,0.446982,-0.000000,0.633213,-0.629488,0.506839,0.000000,0.664628,0.000000,0.000000,0.000000,0.000000,0.000000,0.000000
1778448539.144991,sequential_ik_elbow_then_wrist,1,0,-0.227015,0.099462,0.169031,-0.366025,0.039254,0.427973,-0.221028,-0.128565,0.156900,-0.173720,0.001482,0.423077,0.000525,0.017392,0.016925,0.131834,0.000221,0.016491,0.010984,0.111693,0.000000,0.000000,0.000000,0.804397,0.475892,-0.000000,0.645676,-0.720210,0.512712,0.000000,0.800476,0.000000,0.000000,0.000000,0.000000,0.000000,0.000000
1778448539.232615,sequential_ik_elbow_then_wrist,0,0,0.003237,0.134006,0.268388,0.193562,0.093966,0.496802,0.020666,-0.164728,0.249875,0.211102,0.000566,0.412393,0.014908,0.045047,0.105302,0.208174,0.016682,0.033887,0.112729,0.181263,0.000000,0.000000,0.000000,0.794097,0.621719,-0.000000,0.754406,-0.683349,0.625312,0.000000,0.980764,0.000000,0.000000,0.000000,0.000000,0.000000,0.000000
1778448539.265377,sequential_ik_elbow_then_wrist,0,0,0.039664,0.113695,0.274773,0.297374,0.060333,0.418781,0.073750,-0.139098,0.255368,0.283679,0.047407,0.360940,0.010137,0.083543,0.097251,0.288717,0.013353,0.069033,0.110776,0.262610,0.000000,0.000000,0.000000,0.741876,0.776591,-0.000000,0.869748,-0.585370,0.747403,0.000000,1.137752,0.000000,0.000000,0.000000,0.000000,0.000000,0.000000
1778448539.335372,sequential_ik_elbow_then_wrist,0,0,0.035707,0.087938,0.284591,0.311154,0.016803,0.379821,0.083146,-0.131207,0.256655,0.279833,0.082691,0.331234,0.005471,0.087951,0.072947,0.296407,0.008872,0.080251,0.091597,0.283176,0.000000,0.000000,0.000000,0.678943,0.912293,-0.000000,0.980644,-0.458209,0.840516,0.000000,1.275921,0.000000,0.000000,0.000000,0.000000,0.000000,0.000000
1778448539.392491,sequential_ik_elbow_then_wrist,0,0,0.019024,0.085677,0.286875,0.288260,-0.008716,0.379623,0.073712,-0.137554,0.256214,0.251873,0.092546,0.329105,0.002767,0.075276,0.052199,0.274345,0.003847,0.074813,0.059688,0.273504,0.000000,0.000000,0.000000,0.615657,1.013763,-0.000000,1.072847,-0.323026,0.898858,0.000000,1.387866,0.000000,0.000000,0.000000,0.000000,0.000000,0.000000
1778448539.457135,sequential_ik_elbow_then_wrist,0,0,0.021834,0.099213,0.282277,0.282121,0.029386,0.414091,0.051960,-0.147918,0.255774,0.218460,0.080867,0.355450,0.003002,0.087730,0.054088,0.295878,0.000697,0.060041,0.024920,0.244927,0.000000,0.000000,0.000000,0.549320,1.080564,-0.000000,1.110151,-0.202101,0.932985,0.000000,1.455689,0.000000,0.000000,0.000000,0.000000,0.000000,0.000000
1778448539.509961,sequential_ik_elbow_then_wrist,0,0,-0.152241,0.086837,0.243479,-0.193324,-0.013121,0.523337,-0.094770,-0.159902,0.235478,-0.187116,0.019710,0.457315,0.008999,0.034889,0.090667,0.182241,0.007437,0.038424,0.081756,0.193699,0.000000,0.000000,0.000000,0.546651,1.084359,-0.000000,1.040197,-0.174947,0.946993,0.000000,1.435039,0.000000,0.000000,0.000000,0.000000,0.000000,0.000000
1778448539.570012,sequential_ik_elbow_then_wrist,0,0,-0.260342,0.059317,0.136761,-0.419811,-0.012393,0.380538,-0.226362,-0.125542,0.151656,-0.423853,-0.034784,0.358441,0.015463,0.065870,0.108208,0.254655,0.018297,0.132285,0.121579,0.360617,0.000000,0.000000,0.000000,0.654358,0.989361,-0.000000,0.910358,-0.282451,0.895775,0.000000,1.305756,0.000000,0.000000,0.000000,0.000000,0.000000,0.000000
1778448539.635866,sequential_ik_elbow_then_wrist,0,0,-0.264126,0.078414,0.118695,-0.409409,0.040008,0.378345,-0.229125,-0.161721,0.106529,-0.449645,-0.124371,0.306468,0.001857,0.013813,0.031847,0.117265,0.002855,0.048240,0.039269,0.217023,0.000000,0.000000,0.000000,0.783603,0.866102,-0.000000,0.830578,-0.419590,0.789850,0.000000,1.126432,0.000000,0.000000,0.000000,0.000000,0.000000,0.000000
1778448539.683733,sequential_ik_elbow_then_wrist,1,0,-0.292431,0.050696,0.043746,-0.407052,0.004507,0.317111,-0.208062,-0.215831,0.011289,-0.467616,-0.268776,0.152103,0.001640,0.009626,0.027628,0.094160,0.001947,0.022473,0.029630,0.149009,0.000000,0.000000,0.000000,0.919007,0.711857,-0.000000,0.836116,-0.507979,0.632506,0.000000,0.950782,0.000000,0.000000,0.000000,0.000000,0.000000,0.000000
1778448539.771888,sequential_ik_elbow_then_wrist,1,0,-0.291368,0.021669,-0.068084,-0.576073,-0.063589,-0.108999,-0.189017,-0.228456,-0.045612,-0.444433,-0.317823,-0.175134,0.002435,0.022077,0.033171,0.138779,0.000980,0.016956,0.020903,0.130039,0.000000,0.000000,0.000000,1.049087,0.511253,-0.753600,0.712927,-0.557365,0.459912,0.753600,0.833530,0.000000,0.000000,0.000000,0.000000,0.000000,0.000000
1778448539.806167,sequential_ik_elbow_then_wrist,1,0,-0.245734,0.049005,-0.164964,-0.515112,0.000446,-0.287756,-0.125025,-0.238492,-0.132250,-0.359901,-0.296450,-0.309660,0.002337,0.008367,0.032570,0.089625,0.002043,0.025267,0.030819,0.158894,0.000000,0.000000,0.000000,1.133555,0.274279,-1.326336,0.575403,-0.554888,0.260208,1.326336,0.755054,0.000000,0.000000,0.000000,0.000000,0.000000,0.000000
1778448539.880685,sequential_ik_elbow_then_wrist,1,0,-0.244599,0.056330,-0.164312,-0.517960,0.015367,-0.280912,-0.113657,-0.249086,-0.122631,-0.324613,-0.320157,-0.323743,0.000151,0.009336,0.008555,0.094782,0.000184,0.023653,0.009844,0.153796,0.000000,0.000000,0.000000,1.188749,0.074995,-1.761615,0.425868,-0.532588,0.099270,1.761615,0.695655,0.000000,0.000000,0.000000,0.000000,0.000000,0.000000
1778448539.935329,sequential_ik_elbow_then_wrist,0,0,-0.288805,0.023017,-0.077857,-0.574017,-0.052160,-0.132653,-0.195138,-0.219640,-0.060656,-0.463433,-0.304452,-0.164698,0.001109,0.014271,0.022670,0.118864,0.001236,0.036387,0.024432,0.188664,0.000000,0.000000,0.000000,1.253133,-0.022361,-2.092428,0.283624,-0.563114,0.014761,2.092428,0.582938,0.000000,0.000000,0.000000,0.000000,0.000000,0.000000
1778448540.002517,sequential_ik_elbow_then_wrist,0,0,-0.290808,0.059072,-0.044061,-0.587463,0.021091,-0.020546,-0.192375,-0.226242,-0.042504,-0.483516,-0.294622,-0.066196,0.000440,0.008348,0.014080,0.091309,0.000152,0.038334,0.008246,0.194456,0.000000,0.000000,0.000000,1.286295,-0.062491,-2.343845,0.167554,-0.594522,-0.028991,2.343845,0.442513,0.000000,0.000000,0.000000,0.000000,0.000000,0.000000
1778448540.059285,sequential_ik_elbow_then_wrist,0,0,-0.286296,0.080948,-0.038498,-0.535060,0.077490,0.129146,-0.209193,-0.214067,-0.020342,-0.476444,-0.260039,0.107967,0.000139,0.013878,0.007935,0.093226,0.000174,0.035134,0.008820,0.181564,0.000000,0.000000,0.000000,1.293871,-0.081749,-1.781322,0.252195,-0.633124,-0.043811,1.781322,0.447547,0.000000,0.000000,0.000000,0.000000,0.000000,0.000000
1778448540.133491,sequential_ik_elbow_then_wrist,1,0,-0.269894,0.101245,0.083105,-0.469812,0.095963,0.306722,-0.206216,-0.207897,0.065222,-0.418299,-0.230511,0.276195,0.002043,0.004698,0.030333,0.065736,0.001034,0.020566,0.021476,0.140899,0.000000,0.000000,0.000000,1.280399,-0.018280,-1.353805,0.363077,-0.667213,0.002180,1.353805,0.515472,0.000000,0.000000,0.000000,0.000000,0.000000,0.000000
1778448540.173289,sequential_ik_elbow_then_wrist,1,0,-0.246825,0.122638,0.118479,-0.442825,0.132444,0.345388,-0.208507,-0.179118,0.120172,-0.425860,-0.164234,0.326415,0.000711,0.004098,0.018067,0.063209,0.000827,0.027770,0.019292,0.166521,0.000000,0.000000,0.000000,1.247751,0.071332,-1.028892,0.423010,-0.708162,0.086027,1.028892,0.551735,0.000000,0.000000,0.000000,0.000000,0.000000,0.000000
1778448540.251071,sequential_ik_elbow_then_wrist,0,0,-0.245834,0.110954,0.131357,-0.419170,0.108410,0.376200,-0.219401,-0.158204,0.129750,-0.429359,-0.096198,0.334866,0.000103,0.005503,0.006741,0.074158,0.000228,0.037478,0.010690,0.193548,0.000000,0.000000,0.000000,1.223359,0.157592,-0.781958,0.464269,-0.757741,0.167555,0.781958,0.569262,0.000000,0.000000,0.000000,0.000000,0.000000,0.000000
1778448540.307676,sequential_ik_elbow_then_wrist,0,0,-0.244101,0.087265,0.150995,-0.397065,0.059564,0.407578,-0.210886,-0.134836,0.165367,-0.410602,-0.039602,0.367961,0.000175,0.007750,0.009391,0.088027,0.000353,0.043448,0.013052,0.208393,0.000000,0.000000,0.000000,1.218160,0.241106,-0.594288,0.497870,-0.809357,0.258843,0.594288,0.571775,0.000000,0.000000,0.000000,0.000000,0.000000,0.000000
1778448540.354867,sequential_ik_elbow_then_wrist,0,0,0.031189,0.111787,0.276642,0.250431,0.080695,0.479043,0.035226,-0.166237,0.247234,0.259414,-0.008034,0.368523,0.021068,0.055175,0.123969,0.228624,0.018093,0.068388,0.118569,0.245434,0.000000,0.000000,0.000000,1.134623,0.467344,-0.451659,0.652798,-0.738199,0.433361,0.451659,0.790349,0.000000,0.000000,0.000000,0.000000,0.000000,0.000000
1778448540.425516,sequential_ik_elbow_then_wrist,0,0,0.060197,0.067789,0.285974,0.349388,0.039612,0.360637,0.078003,-0.146084,0.250150,0.302806,0.048463,0.290337,0.009864,0.079645,0.094799,0.281446,0.012814,0.087041,0.108468,0.293160,0.000000,0.000000,0.000000,1.048561,0.706689,-0.343261,0.820486,-0.611310,0.593126,0.343261,1.035987,0.000000,0.000000,0.000000,0.000000,0.000000,0.000000
1778448540.472394,sequential_ik_elbow_then_wrist,0,0,0.032209,0.053420,0.293443,0.317657,-0.016961,0.353158,0.064134,-0.148348,0.252744,0.257093,0.079496,0.281967,0.003666,0.050754,0.060374,0.225221,0.004942,0.070660,0.067566,0.265542,0.000000,0.000000,0.000000,0.977110,0.897702,-0.260878,0.960961,-0.468881,0.706937,0.260878,1.251838,0.000000,0.000000,0.000000,0.000000,0.000000,0.000000
1778448540.540205,sequential_ik_elbow_then_wrist,0,0,0.025726,0.043356,0.295734,0.308062,-0.049953,0.335477,0.043190,-0.157267,0.251797,0.207482,0.092050,0.280938,0.002341,0.039402,0.048345,0.198411,0.001071,0.050417,0.030876,0.224475,0.000000,0.000000,0.000000,0.919298,1.046337,-0.198267,1.082070,-0.337046,0.782328,0.198267,1.428723,0.000000,0.000000,0.000000,0.000000,0.000000,0.000000
1778448540.597407,sequential_ik_elbow_then_wrist,0,0,0.059692,0.059962,0.287822,0.294252,0.016577,0.469754,0.063958,-0.160885,0.245001,0.247446,0.042049,0.368086,0.007287,0.059925,0.085310,0.241015,0.001182,0.075537,0.032194,0.273257,0.000000,0.000000,0.000000,0.871601,1.165745,-0.150683,1.071266,-0.209661,0.829705,0.150683,1.492450,0.000000,0.000000,0.000000,0.000000,0.000000,0.000000
1778448540.658831,sequential_ik_elbow_then_wrist,0,0,-0.223646,0.035308,0.196815,-0.376019,-0.037269,0.444836,-0.175136,-0.140512,0.198957,-0.370923,-0.008061,0.383684,0.018896,0.081870,0.124506,0.277954,0.020503,0.148873,0.134881,0.384451,0.000000,0.000000,0.000000,0.887865,1.126904,-0.114519,0.900072,-0.227279,0.851220,0.114519,1.462365,0.000000,0.000000,0.000000,0.000000,0.000000,0.000000
1778448540.714898,sequential_ik_elbow_then_wrist,0,0,-0.272052,0.024314,0.124083,-0.450151,-0.010383,0.362990,-0.236211,-0.141380,0.119231,-0.457545,-0.073761,0.310120,0.007972,0.020701,0.071191,0.143656,0.011026,0.105721,0.086983,0.319442,0.000000,0.000000,0.000000,0.981829,0.997061,-0.087035,0.750824,-0.354445,0.784015,0.087035,1.293950,0.000000,0.000000,0.000000,0.000000,0.000000,0.000000
1778448540.786433,sequential_ik_elbow_then_wrist,1,0,-0.295337,0.037675,0.036832,-0.466523,0.040847,0.283176,-0.247522,-0.156800,0.064394,-0.432400,-0.108614,0.295691,0.002613,0.003538,0.034711,0.052354,0.002067,0.031231,0.031579,0.176702,0.000000,0.000000,0.000000,1.082728,0.813290,-0.066146,0.705141,-0.495095,0.667945,0.066146,1.159189,0.000000,0.000000,0.000000,0.000000,0.000000,0.000000
1778448540.838579,sequential_ik_elbow_then_wrist,0,0,-0.267668,0.053325,-0.124541,-0.567552,0.060820,-0.128193,0.103600,-0.256137,-0.116879,0.271488,-0.373685,-0.335960,0.004716,0.007299,0.046581,0.069271,0.026265,0.076721,0.121277,0.275973,0.000000,0.000000,0.000000,1.154449,0.552623,-0.803871,0.550403,-0.377768,0.452082,0.803871,1.113571,0.000000,0.000000,0.000000,0.000000,0.000000,0.000000
1778448540.909761,sequential_ik_elbow_then_wrist,1,0,-0.167288,0.028491,-0.247392,-0.425106,0.025717,-0.400763,-0.037480,-0.223047,-0.197092,0.012418,-0.276571,-0.488031,0.005269,0.003079,0.049362,0.054223,0.002814,0.002227,0.036265,0.046673,0.000000,0.000000,0.000000,1.211429,0.226802,-1.364542,0.404485,-0.312973,0.198373,1.364542,1.062136,0.000000,0.000000,0.000000,0.000000,0.000000,0.000000
1778448540.965446,sequential_ik_elbow_then_wrist,1,0,-0.047363,0.043175,-0.293074,-0.213441,0.049047,-0.542841,-0.000536,-0.196721,-0.226496,-0.108838,-0.246292,-0.501838,0.004497,0.000267,0.049959,0.015637,0.000799,0.010005,0.019836,0.097813,0.000000,0.000000,0.000000,1.236605,-0.126628,-1.790652,0.282283,-0.250517,-0.040951,1.790652,0.972844,0.000000,0.000000,0.000000,0.000000,0.000000,0.000000
1778448541.013515,sequential_ik_elbow_then_wrist,1,0,-0.011527,0.044080,-0.296520,-0.126188,0.083264,-0.570960,0.046117,-0.168498,-0.243889,-0.079024,-0.218767,-0.511868,0.002165,0.002049,0.042320,0.044262,0.001452,0.010331,0.033285,0.100993,0.000000,0.000000,0.000000,1.245990,-0.440585,-2.114496,0.166650,-0.170049,-0.252764,2.114496,0.877480,0.000000,0.000000,0.000000,0.000000,0.000000,0.000000
1778448541.085521,sequential_ik_elbow_then_wrist,1,0,-0.023131,0.040143,-0.296401,-0.139691,0.086130,-0.568979,0.036325,-0.145122,-0.260038,-0.075038,-0.198377,-0.533465,0.000971,0.002526,0.031056,0.050264,0.000450,0.010987,0.017929,0.104341,0.000000,0.000000,0.000000,1.248258,-0.683078,-2.360617,0.078654,-0.095656,-0.437496,2.360617,0.780980,0.000000,0.000000,0.000000,0.000000,0.000000,0.000000
1778448541.137148,sequential_ik_elbow_then_wrist,1,0,-0.023393,0.038658,-0.296578,-0.156229,0.077111,-0.562803,0.040417,-0.131264,-0.266714,-0.069994,-0.190448,-0.539306,0.000839,0.002848,0.028917,0.053365,0.000319,0.011454,0.016231,0.106734,0.000000,0.000000,0.000000,1.245720,-0.868072,-2.547669,0.011777,-0.028033,-0.591962,2.547669,0.688710,0.000000,0.000000,0.000000,0.000000,0.000000,0.000000
1778448541.201318,sequential_ik_elbow_then_wrist,1,0,-0.018987,0.036442,-0.297172,-0.166665,0.074169,-0.555568,0.041090,-0.115976,-0.273608,-0.074536,-0.183002,-0.542193,0.000777,0.004670,0.027802,0.068338,0.000271,0.013636,0.015105,0.116578,0.000000,0.000000,0.000000,1.240013,-1.011585,-2.689828,-0.039049,0.032333,-0.722342,2.689828,0.602411,0.000000,0.000000,0.000000,0.000000,0.000000,0.000000
1778448541.264621,sequential_ik_elbow_then_wrist,1,0,-0.014028,0.041277,-0.296815,-0.175850,0.072099,-0.547542,0.038294,-0.103278,-0.279047,-0.096514,-0.165146,-0.539813,0.001131,0.006931,0.033579,0.083255,0.000181,0.019381,0.012299,0.139201,0.000000,0.000000,0.000000,1.231543,-1.122829,-2.797869,-0.077678,0.084524,-0.832871,2.797869,0.532107,0.000000,0.000000,0.000000,0.000000,0.000000,0.000000
1778448541.348877,sequential_ik_elbow_then_wrist,1,0,-0.010612,0.042338,-0.296808,-0.177304,0.074443,-0.544160,0.035982,-0.100729,-0.280284,-0.101890,-0.159505,-0.540162,0.001255,0.008322,0.035378,0.091227,0.000075,0.021178,0.008307,0.145524,0.000000,0.000000,0.000000,1.221121,-1.209246,-2.879981,-0.107035,0.128291,-0.921401,2.879981,0.476644,0.000000,0.000000,0.000000,0.000000,0.000000,0.000000
1778448541.385717,sequential_ik_elbow_then_wrist,1,0,-0.009278,0.042706,-0.296800,-0.177242,0.079322,-0.542661,0.035599,-0.099056,-0.280928,-0.106128,-0.151186,-0.540150,0.001286,0.009104,0.035821,0.095417,0.000049,0.022284,0.006817,0.149271,0.000000,0.000000,0.000000,1.209377,-1.275679,-2.942385,-0.129347,0.164844,-0.990783,2.942385,0.438199,0.000000,0.000000,0.000000,0.000000,0.000000,0.000000
1778448541.442209,sequential_ik_elbow_then_wrist,1,0,-0.006731,0.043427,-0.296764,-0.175995,0.082067,-0.541420,0.041563,-0.101866,-0.279098,-0.100620,-0.150646,-0.538722,0.001380,0.009719,0.037115,0.098587,0.000098,0.021423,0.009627,0.146345,0.000000,0.000000,0.000000,1.196683,-1.327259,-2.989813,-0.146303,0.197345,-1.040980,2.989813,0.414983,0.000000,0.000000,0.000000,0.000000,0.000000,0.000000
1778448541.495821,sequential_ik_elbow_then_wrist,1,0,-0.004543,0.043660,-0.296771,-0.189094,0.078776,-0.530669,0.036620,-0.104405,-0.278852,-0.106295,-0.147967,-0.539001,0.001437,0.013388,0.037879,0.115707,0.000012,0.022905,0.003362,0.151314,0.000000,0.000000,0.000000,1.183401,-1.367534,-3.025858,-0.159191,0.223722,-1.077894,3.025858,0.404398,0.000000,0.000000,0.000000,0.000000,0.000000,0.000000
1778448541.555157,sequential_ik_elbow_then_wrist,1,0,-0.021789,0.043323,-0.296055,-0.215563,0.078911,-0.522296,0.016403,-0.101663,-0.281772,-0.129515,-0.135056,-0.541759,0.000918,0.014280,0.029992,0.119499,0.000172,0.027741,0.012680,0.166546,0.000000,0.000000,0.000000,1.169512,-1.388462,-3.053252,-0.168985,0.237724,-1.111196,3.053252,0.400558,0.000000,0.000000,0.000000,0.000000,0.000000,0.000000
1778448541.624639,sequential_ik_elbow_then_wrist,1,0,-0.028490,0.043480,-0.295462,-0.225899,0.060817,-0.520693,0.017542,-0.098540,-0.282811,-0.129609,-0.115029,-0.543722,0.000702,0.013028,0.026301,0.114142,0.000084,0.025481,0.008941,0.159595,0.000000,0.000000,0.000000,1.154576,-1.398037,-3.074071,-0.176428,0.244281,-1.139355,3.074071,0.405552,0.000000,0.000000,0.000000,0.000000,0.000000,0.000000
1778448541.699437,sequential_ik_elbow_then_wrist,1,0,-0.031741,0.041186,-0.295459,-0.229429,0.022726,-0.520357,0.017383,-0.100383,-0.282172,-0.131007,-0.102604,-0.542893,0.000483,0.014760,0.021886,0.121489,0.000066,0.024549,0.007982,0.156630,0.000000,0.000000,0.000000,1.139091,-1.402449,-3.089894,-0.182086,0.245618,-1.160183,3.089894,0.419060,0.000000,0.000000,0.000000,0.000000,0.000000,0.000000
1778448541.746798,sequential_ik_elbow_then_wrist,1,0,-0.046243,0.030771,-0.294813,-0.220768,-0.036420,-0.529390,0.004522,-0.107389,-0.280084,-0.144220,-0.082167,-0.539391,0.000042,0.020526,0.006010,0.143268,0.000354,0.026410,0.018424,0.162324,0.000000,0.000000,0.000000,1.126113,-1.400087,-3.101920,-0.186385,0.237986,-1.173034,3.101920,0.448114,0.000000,0.000000,0.000000,0.000000,0.000000,0.000000
1778448541.811330,sequential_ik_elbow_then_wrist,0,0,-0.064277,0.026343,-0.291847,-0.245572,-0.066576,-0.512070,-0.000409,-0.111754,-0.278408,-0.166798,-0.066304,-0.523865,0.000071,0.032684,0.007287,0.180786,0.000409,0.032986,0.019763,0.181413,0.000000,0.000000,0.000000,1.117891,-1.388202,-3.111059,-0.189653,0.222506,-1.179406,3.111059,0.490983,0.000000,0.000000,0.000000,0.000000,0.000000,0.000000
1778448541.883436,sequential_ik_elbow_then_wrist,0,0,-0.060113,0.022818,-0.293029,-0.236742,-0.085908,-0.509779,0.000666,-0.106630,-0.280410,-0.174609,-0.055708,-0.518497,0.000049,0.037387,0.006948,0.193356,0.000224,0.035111,0.014633,0.187351,0.000000,0.000000,0.000000,1.113571,-1.380190,-3.118005,-0.192136,0.203600,-1.186364,3.118005,0.531580,0.000000,0.000000,0.000000,0.000000,0.000000,0.000000
1778448541.928605,sequential_ik_elbow_then_wrist,0,0,-0.071982,0.021464,-0.290444,-0.252475,-0.094148,-0.500339,0.001173,-0.102466,-0.281956,-0.175607,-0.052470,-0.519125,0.000168,0.042377,0.012613,0.205857,0.000134,0.035243,0.011313,0.187728,0.000000,0.000000,0.000000,1.113997,-1.367893,-3.123284,-0.194023,0.183919,-1.194617,3.123284,0.559995,0.000000,0.000000,0.000000,0.000000,0.000000,0.000000
1778448541.988712,sequential_ik_elbow_then_wrist,0,0,-0.070143,0.025614,-0.290558,-0.261516,-0.066568,-0.502404,-0.013870,-0.095114,-0.284185,-0.185104,-0.045796,-0.525528,0.000053,0.033375,0.007175,0.182689,0.000494,0.037881,0.021719,0.194584,0.000000,0.000000,0.000000,1.116588,-1.356969,-3.127296,-0.195458,0.159464,-1.206919,3.127296,0.571311,0.000000,0.000000,0.000000,0.000000,0.000000,0.000000
1778448542.047473,sequential_ik_elbow_then_wrist,0,0,-0.061694,0.020664,-0.292860,-0.232247,-0.058538,-0.526609,-0.014267,-0.084878,-0.287388,-0.179717,-0.045077,-0.534455,0.000066,0.024484,0.007678,0.156473,0.000373,0.035360,0.018795,0.187876,0.000000,0.000000,0.000000,1.120754,-1.354449,-3.130345,-0.196548,0.133501,-1.223862,3.130345,0.560935,0.000000,0.000000,0.000000,0.000000,0.000000,0.000000
1778448542.096802,sequential_ik_elbow_then_wrist,1,0,-0.057852,0.020427,-0.293660,-0.211328,-0.037553,-0.544824,-0.011059,-0.085796,-0.287257,-0.162432,-0.048602,-0.543583,0.000035,0.015582,0.005731,0.124827,0.000190,0.028466,0.013613,0.168629,0.000000,0.000000,0.000000,1.125447,-1.356095,-3.132662,-0.197376,0.108607,-1.237579,3.132662,0.539928,0.000000,0.000000,0.000000,0.000000,0.000000,0.000000
1778448542.166786,sequential_ik_elbow_then_wrist,0,0,-0.050783,0.027119,-0.294424,-0.194359,0.020799,-0.557761,-0.036093,-0.107947,-0.277569,-0.224034,-0.109395,-0.511398,0.000014,0.004248,0.003448,0.065175,0.001195,0.053815,0.033452,0.231675,0.000000,0.000000,0.000000,1.128182,-1.360437,-3.134423,-0.198006,0.075243,-1.232846,3.134423,0.495341,0.000000,0.000000,0.000000,0.000000,0.000000,0.000000
1778448542.225755,sequential_ik_elbow_then_wrist,0,0,-0.051133,0.128856,-0.266048,-0.209701,0.158156,-0.519026,-0.048837,-0.164748,-0.245913,-0.246652,-0.199789,-0.468716,0.007489,0.001004,0.084397,0.031687,0.001629,0.055263,0.034590,0.234897,0.000000,0.000000,0.000000,1.099534,-1.329564,-3.135762,-0.198485,0.029455,-1.183677,3.135762,0.439113,0.000000,0.000000,0.000000,0.000000,0.000000,0.000000
1778448542.293837,sequential_ik_elbow_then_wrist,1,0,-0.135539,0.195993,-0.182252,-0.408408,0.254545,-0.292317,-0.002839,-0.242243,-0.176947,-0.145076,-0.371822,-0.407116,0.006411,0.018993,0.064937,0.137814,0.001847,0.016915,0.029773,0.130004,0.000000,0.000000,0.000000,1.029979,-1.204335,-3.136779,-0.198848,0.008672,-1.073262,3.136779,0.387373,0.000000,0.000000,0.000000,0.000000,0.000000,0.000000
1778448542.351537,sequential_ik_elbow_then_wrist,1,0,-0.139729,0.264940,-0.016804,-0.336685,0.380993,0.177464,-0.012521,-0.296856,0.041466,-0.125325,-0.443293,0.277754,0.007473,0.025642,0.060661,0.124954,0.008150,0.021647,0.062131,0.126150,0.000000,0.000000,0.000000,0.920087,-0.972793,-2.383952,0.041215,-0.004432,-0.832185,2.383952,0.529777,0.000000,0.000000,0.000000,0.000000,0.000000,0.000000
1778448542.422988,sequential_ik_elbow_then_wrist,0,0,-0.224287,0.196436,0.033292,-0.438633,0.268379,0.230472,-0.188388,-0.220104,0.077871,-0.419802,-0.256658,0.265252,0.002161,0.014389,0.031262,0.119956,0.005944,0.054142,0.053033,0.232259,0.000000,0.000000,0.000000,0.887973,-0.732189,-1.811803,0.224579,-0.133646,-0.587174,1.811803,0.604263,0.000000,0.000000,0.000000,0.000000,0.000000,0.000000
1778448542.468672,sequential_ik_elbow_then_wrist,1,0,-0.161554,0.195504,0.160246,-0.361408,0.260755,0.374257,-0.156258,-0.173327,0.188524,-0.334793,-0.167669,0.429549,0.003166,0.010727,0.038004,0.101661,0.002989,0.025924,0.037490,0.160633,0.000000,0.000000,0.000000,0.847516,-0.451037,-1.376971,0.316425,-0.261681,-0.310244,1.376971,0.634517,0.000000,0.000000,0.000000,0.000000,0.000000,0.000000
1778448542.543614,sequential_ik_elbow_then_wrist,0,0,0.044931,0.129202,0.266998,0.319973,0.132287,0.386758,0.052637,-0.160627,0.247847,0.277779,0.000804,0.362961,0.015126,0.138184,0.102155,0.368606,0.012788,0.084007,0.098303,0.280354,0.000000,0.000000,0.000000,0.730790,-0.097277,-1.046498,0.501657,-0.262508,-0.006569,1.046498,0.834018,0.000000,0.000000,0.000000,0.000000,0.000000,0.000000
1778448542.587516,sequential_ik_elbow_then_wrist,0,0,-0.007257,0.074963,0.290393,0.231445,-0.074138,0.394268,0.019522,-0.168299,0.247577,0.170295,0.083727,0.308816,0.001265,0.041296,0.026757,0.201435,0.001787,0.028327,0.039616,0.164478,0.000000,0.000000,0.000000,0.633314,0.227152,-0.795338,0.706846,-0.228298,0.230526,0.795338,1.071309,0.000000,0.000000,0.000000,0.000000,0.000000,0.000000
1778448542.644527,sequential_ik_elbow_then_wrist,1,0,-0.025386,0.065406,0.291681,0.195909,-0.099217,0.409697,0.005776,-0.174146,0.244213,0.139311,0.081009,0.328265,0.000078,0.025003,0.006234,0.158124,0.000305,0.018744,0.016228,0.136854,0.000000,0.000000,0.000000,0.560261,0.488605,-0.604457,0.861815,-0.187727,0.405675,0.604457,1.261093,0.000000,0.000000,0.000000,0.000000,0.000000,0.000000
1778448542.712937,sequential_ik_elbow_then_wrist,1,0,-0.048986,0.092186,0.281251,0.108677,-0.001741,0.518570,-0.030208,-0.191265,0.229140,0.056721,0.029265,0.413015,0.000309,0.013807,0.015709,0.111600,0.000214,0.003916,0.012097,0.058606,0.000000,0.000000,0.000000,0.510418,0.669228,-0.459387,0.891322,-0.167475,0.522139,0.459387,1.352655,0.000000,0.000000,0.000000,0.000000,0.000000,0.000000
1778448542.769188,sequential_ik_elbow_then_wrist,0,0,-0.220533,0.101588,0.176196,-0.400312,-0.042783,0.368125,-0.196221,-0.151463,0.168986,-0.425547,-0.008555,0.299320,0.015937,0.136287,0.114618,0.368271,0.010655,0.176017,0.091037,0.418191,0.000000,0.000000,0.000000,0.559150,0.713646,-0.349134,0.851949,-0.261654,0.570262,0.349134,1.341469,0.000000,0.000000,0.000000,0.000000,0.000000,0.000000
1778448542.826584,sequential_ik_elbow_then_wrist,0,0,-0.274538,0.106788,0.056792,-0.411248,0.074064,0.321820,-0.189875,-0.209915,0.099415,-0.425208,-0.122792,0.263817,0.007885,0.021985,0.065270,0.148272,0.001965,0.088541,0.030758,0.294662,0.000000,0.000000,0.000000,0.678777,0.628843,-0.265342,0.821700,-0.362810,0.536172,0.265342,1.233559,0.000000,0.000000,0.000000,0.000000,0.000000,0.000000
1778448542.885964,sequential_ik_elbow_then_wrist,0,0,-0.257698,0.128804,-0.083674,-0.480953,0.134927,0.116624,0.149315,-0.240224,-0.099988,0.369275,-0.178087,-0.294299,0.004499,0.012924,0.045454,0.113509,0.025023,0.113839,0.118057,0.333343,0.000000,0.000000,0.000000,0.778698,0.446367,-0.201660,0.813759,-0.226456,0.374677,0.955260,1.276754,0.000000,0.000000,0.000000,0.000000,0.000000,0.000000
1778448542.974518,sequential_ik_elbow_then_wrist,1,0,-0.062211,0.155986,-0.248592,-0.269263,0.156401,-0.465685,0.049244,-0.220700,-0.197146,0.023167,-0.229760,-0.495873,0.013116,0.011094,0.086130,0.102062,0.003634,0.003011,0.040707,0.046629,0.000000,0.000000,0.000000,0.770022,0.147504,-0.906862,0.745264,-0.120640,0.145242,1.479598,1.240145,0.000000,0.000000,0.000000,0.000000,0.000000,0.000000
1778448543.024607,sequential_ik_elbow_then_wrist,1,0,-0.027672,0.145265,-0.261021,-0.183528,0.135898,-0.517188,0.037376,-0.200263,-0.220222,-0.065603,-0.211069,-0.501786,0.003956,0.008762,0.055509,0.092540,0.000641,0.011818,0.016965,0.107027,0.000000,0.000000,0.000000,0.717249,-0.133554,-1.442815,0.659380,-0.044135,-0.074067,1.878094,1.166569,0.000000,0.000000,0.000000,0.000000,0.000000,0.000000
1778448543.095497,sequential_ik_elbow_then_wrist,0,0,-0.042134,0.147014,-0.258092,-0.213747,0.124579,-0.503134,0.000462,-0.210790,-0.213465,-0.202342,-0.217142,-0.434440,0.000852,0.020970,0.027743,0.144702,0.000489,0.055241,0.019398,0.234959,0.000000,0.000000,0.000000,0.655812,-0.351236,-1.850139,0.580729,-0.010964,-0.245731,2.180952,1.096459,0.000000,0.000000,0.000000,0.000000,0.000000,0.000000
1778448543.145176,sequential_ik_elbow_then_wrist,0,0,-0.149516,0.170610,-0.196309,-0.421071,0.168333,-0.323795,-0.031809,-0.239564,-0.177756,-0.270827,-0.304373,-0.347080,0.002124,0.078621,0.036648,0.278327,0.000918,0.083373,0.024461,0.287533,0.000000,0.000000,0.000000,0.641187,-0.457788,-2.159706,0.439395,-0.018371,-0.348349,2.411123,0.979751,0.000000,0.000000,0.000000,0.000000,0.000000,0.000000
1778448543.211853,sequential_ik_elbow_then_wrist,0,0,-0.240970,0.157256,-0.084878,-0.515679,0.175105,0.034354,-0.136891,-0.249202,-0.095702,-0.387084,-0.329019,0.049325,0.004799,0.050610,0.050680,0.212359,0.003897,0.066677,0.046670,0.254936,0.000000,0.000000,0.000000,0.696941,-0.447231,-1.641376,0.510181,-0.101881,-0.364393,1.832454,0.989573,0.000000,0.000000,0.000000,0.000000,0.000000,0.000000
1778448543.259778,sequential_ik_elbow_then_wrist,1,0,-0.245013,0.170763,0.028440,-0.439548,0.183732,0.256448,-0.193003,-0.229669,0.001385,-0.426445,-0.291786,0.179279,0.002870,0.013243,0.036080,0.112568,0.003119,0.032108,0.038079,0.179068,0.000000,0.000000,0.000000,0.755562,-0.345552,-1.247446,0.621345,-0.226130,-0.299668,1.392665,0.981303,0.000000,0.000000,0.000000,0.000000,0.000000,0.000000
1778448543.315122,sequential_ik_elbow_then_wrist,0,0,-0.180265,0.198138,0.135076,-0.275748,0.235211,0.417049,-0.164074,-0.213763,0.131853,-0.409492,-0.238320,0.302636,0.003032,0.001189,0.037326,0.034478,0.003269,0.037041,0.038548,0.190809,0.000000,0.000000,0.000000,0.764848,-0.177748,-0.948059,0.704559,-0.326692,-0.149323,1.058425,0.914637,0.000000,0.000000,0.000000,0.000000,0.000000,0.000000
1778448543.374938,sequential_ik_elbow_then_wrist,0,0,-0.195407,0.164462,0.157380,-0.306070,0.138528,0.435015,-0.196743,-0.166647,0.153366,-0.410730,-0.093130,0.350355,0.000487,0.009934,0.014999,0.099343,0.001026,0.053357,0.022890,0.230969,0.000000,0.000000,0.000000,0.784502,-0.013431,-0.720525,0.748456,-0.439915,0.004163,0.804403,0.856140,0.000000,0.000000,0.000000,0.000000,0.000000,0.000000
1778448543.425925,sequential_ik_elbow_then_wrist,0,0,0.071515,0.144446,0.253024,0.353023,0.148182,0.356653,-0.007581,-0.184361,0.236545,0.213236,-0.015931,0.349995,0.021560,0.166253,0.129095,0.406024,0.008456,0.055960,0.076269,0.218933,0.000000,0.000000,0.000000,0.687611,0.236700,-0.547599,0.871519,-0.438097,0.207313,0.611346,1.026726,0.000000,0.000000,0.000000,0.000000,0.000000,0.000000
1778448543.503255,sequential_ik_elbow_then_wrist,0,0,0.050893,0.080454,0.284494,0.328807,-0.024393,0.326573,0.095513,-0.151535,0.240654,0.308258,0.059501,0.254930,0.005985,0.111394,0.072014,0.332820,0.012991,0.099874,0.106590,0.313631,0.000000,0.000000,0.000000,0.580617,0.485891,-0.416175,1.025033,-0.347981,0.400567,0.464623,1.249604,0.000000,0.000000,0.000000,0.000000,0.000000,0.000000
1778448543.556794,sequential_ik_elbow_then_wrist,0,0,0.045402,0.108912,0.275820,0.259212,0.041310,0.475108,0.041224,-0.170772,0.243182,0.123290,0.063257,0.411989,0.003775,0.082770,0.060418,0.283803,0.001204,0.018261,0.032406,0.131532,0.000000,0.000000,0.000000,0.474141,0.666081,-0.316293,1.028480,-0.251548,0.537175,0.353114,1.344610,0.000000,0.000000,0.000000,0.000000,0.000000,0.000000
1778448543.620343,sequential_ik_elbow_then_wrist,0,0,-0.174481,0.099005,0.223057,-0.304092,0.053412,0.489745,-0.127726,-0.171742,0.210216,-0.305298,-0.049474,0.418827,0.016351,0.073502,0.122906,0.267600,0.007461,0.093420,0.079349,0.303142,0.000000,0.000000,0.000000,0.465043,0.758164,-0.240383,0.926702,-0.256536,0.616821,0.268366,1.323104,0.000000,0.000000,0.000000,0.000000,0.000000,0.000000
1778448543.681696,sequential_ik_elbow_then_wrist,0,0,-0.264361,0.082305,0.115496,-0.426305,0.039186,0.364323,-0.215027,-0.163033,0.131087,-0.419151,-0.076809,0.333321,0.016151,0.054690,0.108438,0.233388,0.007767,0.095052,0.072243,0.305636,0.000000,0.000000,0.000000,0.578359,0.724002,-0.182691,0.813748,-0.359539,0.607822,0.203958,1.209614,0.000000,0.000000,0.000000,0.000000,0.000000,0.000000
1778448543.745474,sequential_ik_elbow_then_wrist,1,0,-0.273893,0.113036,0.046962,-0.393765,0.102588,0.321774,-0.235963,-0.159407,0.094397,-0.338032,-0.086320,0.366868,0.002945,0.009619,0.037382,0.092939,0.001711,0.022949,0.029813,0.150898,0.000000,0.000000,0.000000,0.707518,0.614007,-0.138845,0.803088,-0.487978,0.553882,0.155008,1.155444,0.000000,0.000000,0.000000,0.000000,0.000000,0.000000
1778448543.798270,sequential_ik_elbow_then_wrist,0,0,-0.293062,0.062567,-0.014139,-0.586758,0.001674,-0.020026,-0.231114,-0.190759,0.014046,-0.523701,-0.243423,-0.026194,0.001691,0.033627,0.027642,0.171417,0.001212,0.043229,0.023264,0.185040,0.000000,0.000000,0.000000,0.850609,0.472769,-0.105522,0.638643,-0.583039,0.450790,0.117806,0.886731,0.000000,0.000000,0.000000,0.000000,0.000000,0.000000
1778448543.851326,sequential_ik_elbow_then_wrist,1,0,-0.276616,0.067577,-0.094428,-0.549585,0.028722,-0.212659,-0.195282,-0.212215,-0.082642,-0.465229,-0.269823,-0.200157,0.001287,0.011725,0.023987,0.107608,0.001955,0.022593,0.029678,0.148045,0.000000,0.000000,0.000000,0.964303,0.301585,-0.833797,0.542635,-0.629841,0.297992,0.843133,0.744885,0.000000,0.000000,0.000000,0.000000,0.000000,0.000000
1778448543.928766,sequential_ik_elbow_then_wrist,1,0,-0.257231,0.102136,-0.115759,-0.527825,0.050243,-0.234444,-0.181892,-0.215649,-0.102034,-0.459091,-0.269741,-0.203200,0.000448,0.018055,0.014528,0.134183,0.000342,0.030870,0.012436,0.175434,0.000000,0.000000,0.000000,1.027729,0.142588,-1.387286,0.452758,-0.651675,0.152021,1.394381,0.613952,0.000000,0.000000,0.000000,0.000000,0.000000,0.000000
1778448543.972980,sequential_ik_elbow_then_wrist,1,0,-0.283531,0.093494,-0.029483,-0.579547,0.045062,-0.034827,-0.237248,-0.181461,-0.028021,-0.533771,-0.226945,-0.030390,0.000742,0.022726,0.018174,0.148218,0.000925,0.032447,0.020554,0.177885,0.000000,0.000000,0.000000,1.080262,0.070263,-1.807937,0.318402,-0.704333,0.080993,1.813330,0.446388,0.000000,0.000000,0.000000,0.000000,0.000000,0.000000
1778448544.033936,sequential_ik_elbow_then_wrist,1,0,-0.268668,0.132714,0.014301,-0.499709,0.126567,0.205565,-0.226695,-0.195004,0.024142,-0.474446,-0.224997,0.190634,0.000649,0.017199,0.017002,0.112735,0.000539,0.026213,0.015475,0.151405,0.000000,0.000000,0.000000,1.095312,0.053453,-1.374032,0.377107,-0.742381,0.068521,1.378130,0.456688,0.000000,0.000000,0.000000,0.000000,0.000000,0.000000
1778448544.096303,sequential_ik_elbow_then_wrist,1,0,-0.218925,0.171490,0.112530,-0.309705,0.175846,0.398432,-0.189819,-0.210056,0.099222,-0.394336,-0.205077,0.318648,0.002185,0.003841,0.031657,0.047994,0.001191,0.021770,0.023158,0.145702,0.000000,0.000000,0.000000,1.064786,0.111773,-1.044264,0.515836,-0.748364,0.116006,1.047379,0.520305,0.000000,0.000000,0.000000,0.000000,0.000000,0.000000
1778448544.162395,sequential_ik_elbow_then_wrist,1,0,-0.135818,0.201890,0.175482,-0.182493,0.179734,0.470999,-0.108728,-0.193733,0.201608,-0.207793,-0.093373,0.466398,0.002740,0.000554,0.038200,0.023063,0.003103,0.015301,0.039056,0.120227,0.000000,0.000000,0.000000,0.982084,0.218044,-0.793641,0.632577,-0.714771,0.239474,0.796008,0.638461,0.000000,0.000000,0.000000,0.000000,0.000000,0.000000
1778448544.222231,sequential_ik_elbow_then_wrist,1,0,-0.043269,0.187289,0.230327,0.018876,0.182676,0.523784,-0.056797,-0.169615,0.240842,-0.030244,-0.045755,0.512786,0.003920,0.010041,0.050948,0.099985,0.001896,0.000517,0.033886,0.019581,0.000000,0.000000,0.000000,0.858965,0.362006,-0.603167,0.705384,-0.656953,0.390451,0.604966,0.755965,0.000000,0.000000,0.000000,0.000000,0.000000,0.000000
1778448544.292081,sequential_ik_elbow_then_wrist,0,0,0.121202,0.067259,0.266057,0.401619,-0.003301,0.345981,0.116334,-0.163134,0.223279,0.339342,0.017434,0.310815,0.022258,0.177758,0.138894,0.420325,0.017456,0.129890,0.124022,0.357359,0.000000,0.000000,0.000000,0.692617,0.579997,-0.458407,0.839781,-0.506527,0.529940,0.459774,0.957451,0.000000,0.000000,0.000000,0.000000,0.000000,0.000000
1778448544.347767,sequential_ik_elbow_then_wrist,0,0,0.123057,0.044138,0.270016,0.411169,-0.034798,0.297596,0.150372,-0.161284,0.203410,0.367702,0.044773,0.220976,0.016560,0.211396,0.127322,0.459425,0.009779,0.171946,0.090914,0.413431,0.000000,0.000000,0.000000,0.533063,0.775913,-0.348389,0.985170,-0.302803,0.608957,0.349428,1.187270,0.000000,0.000000,0.000000,0.000000,0.000000,0.000000
1778448544.425909,sequential_ik_elbow_then_wrist,0,0,0.050234,0.071356,0.287028,0.227531,0.026074,0.524757,0.068592,-0.177725,0.231752,0.209193,0.054924,0.358662,0.002446,0.069264,0.048869,0.253305,0.000014,0.054870,0.003103,0.233435,0.000000,0.000000,0.000000,0.398886,0.911887,-0.264776,0.924264,-0.145067,0.673393,0.265566,1.315288,0.000000,0.000000,0.000000,0.000000,0.000000,0.000000
1778448544.467268,sequential_ik_elbow_then_wrist,0,0,-0.146338,0.100608,0.241792,-0.251041,0.014377,0.509376,-0.124536,-0.176129,0.208493,-0.334463,-0.071416,0.395485,0.017631,0.063439,0.129966,0.251716,0.014118,0.123385,0.110000,0.349705,0.000000,0.000000,0.000000,0.349722,0.976867,-0.201230,0.856760,-0.132981,0.724577,0.201830,1.333293,0.000000,0.000000,0.000000,0.000000,0.000000,0.000000
1778448544.522288,sequential_ik_elbow_then_wrist,0,0,-0.152556,0.192111,0.172685,-0.265464,0.193635,0.450623,-0.168309,-0.189775,0.160179,-0.380323,-0.102125,0.353486,0.007324,0.027204,0.070883,0.164626,0.006772,0.108166,0.069951,0.326761,0.000000,0.000000,0.000000,0.371810,0.927715,-0.152935,0.781220,-0.213843,0.711360,0.153391,1.257389,0.000000,0.000000,0.000000,0.000000,0.000000,0.000000
1778448544.585374,sequential_ik_elbow_then_wrist,0,0,-0.165964,0.240976,0.066233,-0.264294,0.274671,0.347650,-0.139229,-0.220288,0.148622,-0.358608,-0.165839,0.345874,0.003575,0.008886,0.040949,0.091353,0.000351,0.061968,0.013339,0.247907,0.000000,0.000000,0.000000,0.416434,0.789570,-0.116230,0.779605,-0.290182,0.673457,0.116577,1.145507,0.000000,0.000000,0.000000,0.000000,0.000000,0.000000
1778448544.631823,sequential_ik_elbow_then_wrist,0,0,-0.267510,0.135664,-0.005818,-0.565728,0.114818,-0.030938,-0.233312,-0.188273,0.010915,-0.527615,-0.202168,-0.045587,0.004753,0.067758,0.047457,0.250116,0.004365,0.052675,0.045679,0.228916,0.000000,0.000000,0.000000,0.549647,0.617162,-0.088335,0.605307,-0.413226,0.550346,0.842198,1.020867,0.000000,0.000000,0.000000,0.000000,0.000000,0.000000
1778448544.696950,sequential_ik_elbow_then_wrist,0,0,-0.248424,0.146610,-0.082407,-0.544518,0.121606,-0.123676,-0.206268,-0.206491,-0.069391,-0.496347,-0.229161,-0.142466,0.001354,0.035896,0.024617,0.189458,0.001666,0.039958,0.027331,0.198512,0.000000,0.000000,0.000000,0.662894,0.421595,-0.820735,0.476294,-0.503450,0.384091,1.393671,0.869826,0.000000,0.000000,0.000000,0.000000,0.000000,0.000000
1778448544.759013,sequential_ik_elbow_then_wrist,0,0,-0.260387,0.141220,-0.047493,-0.558791,0.116438,-0.065954,-0.216280,-0.203307,-0.043469,-0.512811,-0.232678,-0.078205,0.000046,0.032095,0.004549,0.178732,0.000008,0.039871,0.001908,0.197843,0.000000,0.000000,0.000000,0.758536,0.280122,-1.377358,0.348866,-0.577003,0.257176,1.812790,0.690240,0.000000,0.000000,0.000000,0.000000,0.000000,0.000000
1778448544.833017,sequential_ik_elbow_then_wrist,1,0,-0.279618,0.108270,0.009569,-0.572227,0.078966,0.068907,-0.250625,-0.164830,0.004271,-0.543233,-0.207932,0.054495,0.000636,0.025154,0.016835,0.156540,0.000613,0.023034,0.016539,0.151464,0.000000,0.000000,0.000000,0.857082,0.209520,-1.046792,0.313170,-0.665999,0.190082,1.377720,0.576876,0.000000,0.000000,0.000000,0.000000,0.000000,0.000000
1778448544.891437,sequential_ik_elbow_then_wrist,1,0,-0.267914,0.134878,0.005487,-0.488459,0.112111,0.207580,-0.236506,-0.182206,0.029422,-0.487357,-0.207765,0.191966,0.000056,0.017230,0.004969,0.123000,0.000167,0.018875,0.008601,0.134378,0.000000,0.000000,0.000000,0.919996,0.161849,-0.795562,0.396052,-0.727459,0.161409,1.047067,0.559345,0.000000,0.000000,0.000000,0.000000,0.000000,0.000000
1778448544.951640,sequential_ik_elbow_then_wrist,1,0,-0.220657,0.176654,0.100519,-0.323724,0.157855,0.381631,-0.199782,-0.187746,0.121814,-0.419170,-0.166416,0.325318,0.001708,0.005537,0.027915,0.066271,0.001413,0.025122,0.025246,0.157999,0.000000,0.000000,0.000000,0.927816,0.186854,-0.604627,0.540250,-0.755628,0.203835,0.795771,0.576238,0.000000,0.000000,0.000000,0.000000,0.000000,0.000000
1778448545.009474,sequential_ik_elbow_then_wrist,0,0,-0.230918,0.142191,0.128291,-0.345515,0.076522,0.397652,-0.204770,-0.163789,0.145748,-0.422637,-0.097697,0.341108,0.000378,0.015150,0.013101,0.123072,0.000335,0.041391,0.012314,0.203409,0.000000,0.000000,0.000000,0.945172,0.238414,-0.459517,0.645302,-0.785612,0.267386,0.604786,0.579408,0.000000,0.000000,0.000000,0.000000,0.000000,0.000000
1778448545.061239,sequential_ik_elbow_then_wrist,0,0,0.004445,0.132706,0.269016,0.273584,0.062162,0.381212,0.006826,-0.171824,0.245825,0.175462,0.035681,0.381853,0.015225,0.070634,0.100983,0.260030,0.012070,0.035661,0.092253,0.164150,0.000000,0.000000,0.000000,0.874599,0.425723,-0.349233,0.856988,-0.711098,0.420728,0.459637,0.805873,0.000000,0.000000,0.000000,0.000000,0.000000,0.000000
1778448545.124330,sequential_ik_elbow_then_wrist,0,0,0.089206,0.057848,0.280528,0.385763,0.012801,0.285516,0.105787,-0.140733,0.242906,0.308620,0.079441,0.223358,0.014699,0.126863,0.113400,0.355796,0.016687,0.096446,0.122655,0.306432,0.000000,0.000000,0.000000,0.783484,0.663933,-0.265417,1.057432,-0.565775,0.577191,0.349324,1.099076,0.000000,0.000000,0.000000,0.000000,0.000000,0.000000
1778448545.187514,sequential_ik_elbow_then_wrist,0,0,0.094113,0.061042,0.278238,0.384110,0.007240,0.223401,0.102321,-0.139127,0.245304,0.268563,0.102140,0.180853,0.012926,0.135956,0.113280,0.368053,0.007525,0.085761,0.083153,0.291439,0.000000,0.000000,0.000000,0.700436,0.863612,-0.201717,1.263069,-0.396344,0.689815,0.265487,1.390788,0.000000,0.000000,0.000000,0.000000,0.000000,0.000000
1778448545.252083,sequential_ik_elbow_then_wrist,0,0,0.090933,0.081458,0.274036,0.382278,0.017526,0.306143,0.159374,-0.130066,0.218364,0.397597,0.048608,0.181961,0.013742,0.151195,0.116945,0.388541,0.009045,0.200613,0.088951,0.447253,0.000000,0.000000,0.000000,0.622306,1.003049,-0.153305,1.382883,-0.191759,0.747543,0.201770,1.670174,0.000000,0.000000,0.000000,0.000000,0.000000,0.000000
1778448545.323963,sequential_ik_elbow_then_wrist,0,0,-0.224858,0.070592,0.185623,-0.386740,-0.048223,0.408506,-0.175218,-0.148972,0.192628,-0.385475,-0.025444,0.367365,0.025539,0.158675,0.150365,0.391777,0.031694,0.183818,0.169289,0.424022,0.000000,0.000000,0.000000,0.635419,1.001240,-0.116512,1.301103,-0.168272,0.799003,0.153345,1.730281,0.000000,0.000000,0.000000,0.000000,0.000000,0.000000
1778448545.381701,sequential_ik_elbow_then_wrist,0,0,-0.257944,0.115648,0.100452,-0.408970,0.075251,0.356497,-0.234259,-0.129407,0.135560,-0.404307,-0.016046,0.355180,0.007863,0.032754,0.067589,0.177430,0.018084,0.131457,0.118625,0.356980,0.000000,0.000000,0.000000,0.719823,0.883946,-0.088549,1.153343,-0.285626,0.768633,0.116542,1.623762,0.000000,0.000000,0.000000,0.000000,0.000000,0.000000
1778448545.428148,sequential_ik_elbow_then_wrist,0,0,-0.263515,0.132887,0.053857,-0.426597,0.130146,0.305644,-0.230034,-0.156578,0.112107,-0.441408,-0.109661,0.319760,0.001334,0.008700,0.024646,0.093173,0.002111,0.051197,0.033962,0.219439,0.000000,0.000000,0.000000,0.804848,0.733580,-0.067297,1.051411,-0.427547,0.693237,0.088572,1.410397,0.000000,0.000000,0.000000,0.000000,0.000000,0.000000
1778448545.494504,sequential_ik_elbow_then_wrist,0,0,-0.285354,0.091507,-0.014129,-0.579935,0.036184,-0.026836,-0.251610,-0.159970,0.033199,-0.550020,-0.190357,0.027902,0.001367,0.038436,0.024789,0.185644,0.001445,0.036289,0.025602,0.175338,0.000000,0.000000,0.000000,0.903822,0.563121,-0.051146,0.822677,-0.558534,0.572583,0.067315,1.069509,0.000000,0.000000,0.000000,0.000000,0.000000,0.000000
1778448545.554457,sequential_ik_elbow_then_wrist,1,0,-0.249548,0.131042,-0.102732,-0.519903,0.077013,-0.221006,-0.240101,-0.171161,-0.055278,-0.518580,-0.209885,-0.159920,0.001670,0.027182,0.027439,0.164014,0.001518,0.018349,0.026071,0.132105,0.000000,0.000000,0.000000,0.955780,0.364706,-0.792471,0.689137,-0.654075,0.411514,0.804759,0.882308,0.000000,0.000000,0.000000,0.000000,0.000000,0.000000
1778448545.616826,sequential_ik_elbow_then_wrist,1,0,-0.273071,0.114212,-0.048865,-0.566929,0.068336,-0.088142,-0.254212,-0.158401,-0.016891,-0.550141,-0.173428,-0.063798,0.000139,0.029764,0.007889,0.170933,0.000054,0.024695,0.004883,0.156563,0.000000,0.000000,0.000000,1.005178,0.232403,-1.355878,0.531587,-0.737205,0.296908,1.365217,0.707536,0.000000,0.000000,0.000000,0.000000,0.000000,0.000000
1778448545.673365,sequential_ik_elbow_then_wrist,1,0,-0.277897,0.111846,-0.016230,-0.566892,0.050830,0.036299,-0.242575,-0.176483,0.003362,-0.538125,-0.197084,0.050541,0.000195,0.031418,0.009286,0.175949,0.000100,0.024195,0.006661,0.155494,0.000000,0.000000,0.000000,1.047618,0.156354,-1.030467,0.463308,-0.789536,0.224096,1.037565,0.584638,0.000000,0.000000,0.000000,0.000000,0.000000,0.000000
1778448545.736501,sequential_ik_elbow_then_wrist,1,0,-0.268560,0.126906,0.042073,-0.454669,0.087755,0.274087,-0.218578,-0.192200,0.072683,-0.426884,-0.175476,0.287924,0.000571,0.017175,0.015927,0.120292,0.000794,0.024335,0.018830,0.148887,0.000000,0.000000,0.000000,1.070172,0.140194,-0.783155,0.536240,-0.810055,0.215214,0.788549,0.602966,0.000000,0.000000,0.000000,0.000000,0.000000,0.000000
1778448545.785731,sequential_ik_elbow_then_wrist,1,0,-0.231272,0.164314,0.097541,-0.352291,0.151744,0.371761,-0.172239,-0.183557,0.163220,-0.344670,-0.117167,0.399567,0.001009,0.004429,0.021491,0.064156,0.001776,0.026719,0.028511,0.162868,0.000000,0.000000,0.000000,1.053596,0.172805,-0.595198,0.634106,-0.805627,0.280209,0.599298,0.650216,0.000000,0.000000,0.000000,0.000000,0.000000,0.000000
1778448545.851020,sequential_ik_elbow_then_wrist,0,0,-0.242227,0.143050,0.104225,-0.402665,0.094397,0.353007,-0.224765,-0.134348,0.146394,-0.430057,-0.040117,0.343817,0.000080,0.016892,0.006042,0.129654,0.000675,0.052364,0.020054,0.228188,0.000000,0.000000,0.000000,1.047385,0.212170,-0.452350,0.686844,-0.841616,0.334594,0.455466,0.645003,0.000000,0.000000,0.000000,0.000000,0.000000,0.000000
1778448545.903885,sequential_ik_elbow_then_wrist,0,0,0.047280,0.134098,0.264164,0.288608,0.130459,0.442341,0.075756,-0.167091,0.237364,0.326299,-0.053703,0.357243,0.024001,0.101699,0.130606,0.316678,0.025566,0.118664,0.142401,0.335009,0.000000,0.000000,0.000000,0.933779,0.409829,-0.343786,0.817197,-0.736235,0.489242,0.346154,0.833529,0.000000,0.000000,0.000000,0.000000,0.000000,0.000000
1778448545.977409,sequential_ik_elbow_then_wrist,0,0,0.141301,0.068815,0.255536,0.440542,0.048201,0.250090,0.148540,-0.128273,0.226896,0.400987,0.033049,0.211218,0.029013,0.213852,0.164831,0.460382,0.024975,0.187580,0.152121,0.429776,0.000000,0.000000,0.000000,0.791366,0.646498,-0.261278,1.020876,-0.556472,0.631869,0.263077,1.105423,0.000000,0.000000,0.000000,0.000000,0.000000,0.000000
1778448546.038995,sequential_ik_elbow_then_wrist,0,0,0.124004,0.064747,0.265388,0.416490,0.001525,0.244064,0.132440,-0.139880,0.229986,0.340270,0.071302,0.182983,0.019660,0.189378,0.139789,0.434656,0.008737,0.147716,0.088561,0.382798,0.000000,0.000000,0.000000,0.659769,0.838260,-0.198571,1.226726,-0.351972,0.716954,0.199939,1.394549,0.000000,0.000000,0.000000,0.000000,0.000000,0.000000
1778448546.100937,sequential_ik_elbow_then_wrist,0,0,-0.013229,0.103439,0.281292,0.169893,-0.008343,0.490985,-0.038133,-0.175002,0.240666,-0.110485,0.085825,0.370028,0.000671,0.041332,0.018999,0.191428,0.003442,0.013918,0.055137,0.109635,0.000000,0.000000,0.000000,0.556422,0.941882,-0.150914,1.218849,-0.244504,0.777759,0.151953,1.509707,0.000000,0.000000,0.000000,0.000000,0.000000,0.000000
1778448546.172012,sequential_ik_elbow_then_wrist,0,0,-0.211522,0.156603,0.143993,-0.341834,0.024691,0.379828,-0.177833,-0.172268,0.169409,-0.398155,-0.030888,0.315934,0.016128,0.089245,0.109857,0.298118,0.014396,0.168955,0.108080,0.409850,0.000000,0.000000,0.000000,0.565551,0.895349,-0.114695,1.166617,-0.277772,0.774749,0.115485,1.522167,0.000000,0.000000,0.000000,0.000000,0.000000,0.000000
1778448546.213765,sequential_ik_elbow_then_wrist,0,0,-0.247397,0.167373,0.027952,-0.416752,0.132059,0.273047,-0.216544,-0.191969,0.079098,-0.413687,-0.079485,0.275267,0.006433,0.033200,0.056627,0.181654,0.005375,0.092204,0.054135,0.301034,0.000000,0.000000,0.000000,0.639679,0.741372,-0.087168,1.092819,-0.381392,0.683338,0.087768,1.436161,0.000000,0.000000,0.000000,0.000000,0.000000,0.000000
1778448546.266706,sequential_ik_elbow_then_wrist,0,0,-0.243548,0.164843,-0.059255,-0.413623,0.191067,0.186482,-0.205765,-0.218303,0.002136,-0.425960,-0.167906,0.199554,0.002310,0.009053,0.032278,0.094037,0.001626,0.049662,0.027007,0.222130,0.000000,0.000000,0.000000,0.714583,0.540924,-0.066248,1.071548,-0.468636,0.542499,0.066704,1.327817,0.000000,0.000000,0.000000,0.000000,0.000000,0.000000
1778448546.331249,sequential_ik_elbow_then_wrist,1,0,-0.112463,0.172423,-0.218226,-0.329972,0.244358,-0.411914,-0.178444,-0.191829,-0.146148,-0.423285,-0.275024,-0.298239,0.007148,0.012618,0.059703,0.099451,0.003957,0.019503,0.042529,0.131833,0.000000,0.000000,0.000000,0.717794,0.255329,-0.803948,0.930051,-0.535691,0.324229,0.804295,1.134889,0.000000,0.000000,0.000000,0.000000,0.000000,0.000000
1778448546.394587,sequential_ik_elbow_then_wrist,1,0,-0.061281,0.126260,-0.265147,-0.201039,0.184010,-0.524247,-0.078338,-0.177836,-0.228555,-0.260792,-0.286465,-0.440476,0.002773,0.003775,0.038910,0.058193,0.003902,0.005678,0.045354,0.071400,0.000000,0.000000,0.000000,0.695908,-0.043335,-1.364601,0.775190,-0.543007,0.064944,1.364864,0.930446,0.000000,0.000000,0.000000,0.000000,0.000000,0.000000
1778448546.456024,sequential_ik_elbow_then_wrist,1,0,-0.054260,0.078430,-0.284437,-0.204733,0.133569,-0.538046,-0.038561,-0.148642,-0.257718,-0.186739,-0.231827,-0.504950,0.000715,0.009178,0.017873,0.092662,0.001867,0.005107,0.035114,0.070734,0.000000,0.000000,0.000000,0.678283,-0.318053,-1.790696,0.599134,-0.519897,-0.185322,1.790897,0.750589,0.000000,0.000000,0.000000,0.000000,0.000000,0.000000
1778448546.524302,sequential_ik_elbow_then_wrist,1,0,-0.033942,0.028118,-0.296745,-0.219580,0.068719,-0.528887,-0.032653,-0.101553,-0.280394,-0.190383,-0.119351,-0.534961,0.000726,0.020861,0.019573,0.142399,0.000705,0.016804,0.019439,0.129628,0.000000,0.000000,0.000000,0.668385,-0.571150,-2.114529,0.407342,-0.495102,-0.418335,2.114682,0.611840,0.000000,0.000000,0.000000,0.000000,0.000000,0.000000
1778448546.582691,sequential_ik_elbow_then_wrist,0,0,-0.032765,-0.026169,-0.297055,-0.210077,-0.081207,-0.532706,-0.037507,-0.005375,-0.297598,-0.163168,0.189949,-0.487487,0.002198,0.050423,0.044225,0.224542,0.002253,0.061020,0.039235,0.243189,0.000000,0.000000,0.000000,0.665920,-0.800542,-2.360642,0.266465,-0.485687,-0.658820,2.360758,0.610409,0.000000,0.000000,0.000000,0.000000,0.000000,0.000000
1778448546.641266,sequential_ik_elbow_then_wrist,0,0,-0.009773,-0.022997,-0.298958,-0.167695,-0.065935,-0.550387,-0.015943,0.002978,-0.299561,-0.117593,0.222815,-0.476590,0.000552,0.031980,0.022581,0.178818,0.000440,0.045828,0.018168,0.213707,0.000000,0.000000,0.000000,0.664081,-0.990527,-2.547688,0.154513,-0.480124,-0.866678,2.547776,0.639368,0.000000,0.000000,0.000000,0.000000,0.000000,0.000000
1778448546.700721,sequential_ik_elbow_then_wrist,0,0,-0.016706,-0.025610,-0.298438,-0.180569,-0.145322,-0.519385,0.002872,-0.008556,-0.299864,-0.152777,0.180176,-0.473513,0.000836,0.060453,0.028888,0.245662,0.000047,0.057136,0.006601,0.238770,0.000000,0.000000,0.000000,0.661693,-1.137230,-2.689843,0.093815,-0.475631,-1.029208,2.689910,0.634566,0.000000,0.000000,0.000000,0.000000,0.000000,0.000000
1778448546.754919,sequential_ik_elbow_then_wrist,1,0,-0.026946,-0.009136,-0.298648,-0.188515,-0.012260,-0.551404,-0.002579,-0.031415,-0.298340,-0.138437,-0.003666,-0.564371,0.000768,0.027799,0.027304,0.166420,0.000188,0.021273,0.012561,0.136917,0.000000,0.000000,0.000000,0.659876,-1.237349,-2.797881,0.023299,-0.471311,-1.139595,2.797931,0.510269,0.000000,0.000000,0.000000,0.000000,0.000000,0.000000
1778448546.838103,sequential_ik_elbow_then_wrist,1,0,-0.033134,0.001417,-0.298161,-0.200652,0.058153,-0.540481,-0.001782,-0.040273,-0.297279,-0.144033,-0.101410,-0.554236,0.000675,0.023074,0.025623,0.151900,0.000272,0.009945,0.016157,0.094565,0.000000,0.000000,0.000000,0.659886,-1.303248,-2.879989,-0.030293,-0.465981,-1.215685,2.880028,0.339804,0.000000,0.000000,0.000000,0.000000,0.000000,0.000000
1778448546.890232,sequential_ik_elbow_then_wrist,1,0,-0.018938,0.043686,-0.296197,-0.168674,0.131936,-0.540719,0.015253,-0.080683,-0.288544,-0.122091,-0.184705,-0.534137,0.000231,0.009360,0.013285,0.096749,0.002297,0.004419,0.046929,0.066475,0.000000,0.000000,0.000000,0.658343,-1.335615,-2.942392,-0.071022,-0.451933,-1.252354,2.942421,0.210251,0.000000,0.000000,0.000000,0.000000,0.000000,0.000000
1778448546.941117,sequential_ik_elbow_then_wrist,1,0,-0.013522,0.057366,-0.294154,-0.148388,0.149491,-0.545796,0.037830,-0.111509,-0.275925,-0.093751,-0.243959,-0.510751,0.000565,0.004218,0.023391,0.064948,0.005264,0.002906,0.071306,0.053905,0.000000,0.000000,0.000000,0.652575,-1.351145,-2.989818,-0.101977,-0.417673,-1.258342,2.989840,0.111791,0.000000,0.000000,0.000000,0.000000,0.000000,0.000000
1778448546.997494,sequential_ik_elbow_then_wrist,1,0,0.001225,0.050374,-0.295738,-0.102351,0.137949,-0.563325,0.040311,-0.148617,-0.257465,-0.085165,-0.305943,-0.479961,0.000913,0.001049,0.029994,0.032393,0.004902,0.002201,0.066952,0.046911,0.000000,0.000000,0.000000,0.642455,-1.369397,-3.025862,-0.125502,-0.357431,-1.227572,3.025878,0.036961,0.000000,0.000000,0.000000,0.000000,0.000000,0.000000
1778448547.066114,sequential_ik_elbow_then_wrist,1,0,-0.013339,0.048133,-0.295813,-0.150327,0.114791,-0.554252,0.036984,-0.152428,-0.255730,-0.095942,-0.317743,-0.467866,0.000262,0.004959,0.016101,0.070423,0.002154,0.007661,0.044228,0.087528,0.000000,0.000000,0.000000,0.631707,-1.380549,-3.053255,-0.143382,-0.281859,-1.188340,3.053268,-0.019910,0.000000,0.000000,0.000000,0.000000,0.000000,0.000000
1778448547.126246,sequential_ik_elbow_then_wrist,0,0,-0.101673,0.053575,-0.277114,-0.399383,0.019925,-0.292477,-0.057769,-0.137924,-0.260076,-0.316372,-0.245511,-0.367545,0.002753,0.157088,0.049689,0.396343,0.001446,0.093800,0.036439,0.306267,0.000000,0.000000,0.000000,0.639293,-1.351744,-3.074074,-0.156970,-0.250468,-1.158900,3.074083,-0.063131,0.000000,0.000000,0.000000,0.000000,0.000000,0.000000
1778448547.172674,sequential_ik_elbow_then_wrist,0,0,-0.190649,0.028917,-0.229819,-0.473570,-0.068916,-0.210217,-0.136153,-0.134016,-0.231305,-0.432301,-0.122847,-0.277903,0.011086,0.193701,0.099982,0.440114,0.006320,0.164567,0.074791,0.405668,0.000000,0.000000,0.000000,0.704254,-1.277218,-3.089896,-0.167297,-0.287004,-1.113339,3.089903,-0.095980,0.000000,0.000000,0.000000,0.000000,0.000000,0.000000
1778448547.240276,sequential_ik_elbow_then_wrist,0,0,-0.197463,0.013172,-0.225466,-0.471736,-0.098767,-0.178097,-0.154441,-0.131795,-0.220857,-0.446231,-0.062111,-0.219126,0.005499,0.147310,0.068962,0.383810,0.003172,0.161728,0.051389,0.402154,0.000000,0.000000,0.000000,0.813606,-1.194419,-3.101921,-0.175146,-0.365882,-1.057492,3.101927,-0.120945,0.000000,0.000000,0.000000,0.000000,0.000000,0.000000
1778448547.298568,sequential_ik_elbow_then_wrist,0,0,-0.197833,0.015241,-0.225011,-0.468766,-0.107599,-0.186211,-0.158955,-0.105063,-0.231722,-0.442765,-0.007896,-0.228547,0.001564,0.103799,0.035970,0.322178,0.001767,0.143964,0.038510,0.379426,0.000000,0.000000,0.000000,0.933928,-1.118422,-3.111060,-0.181111,-0.466154,-1.018402,3.111064,-0.139918,0.000000,0.000000,0.000000,0.000000,0.000000,0.000000
1778448547.362807,sequential_ik_elbow_then_wrist,0,0,-0.210436,-0.011779,-0.213490,-0.473398,-0.156079,-0.208135,-0.188827,-0.088877,-0.215511,-0.472698,0.003229,-0.246069,0.001369,0.075059,0.032937,0.273970,0.001705,0.102806,0.036997,0.320634,0.000000,0.000000,0.000000,1.063364,-1.046763,-3.118006,-0.185644,-0.583836,-0.974004,3.118009,-0.154338,0.000000,0.000000,0.000000,0.000000,0.000000,0.000000
1778448547.434892,sequential_ik_elbow_then_wrist,0,0,-0.201229,-0.024626,-0.221134,-0.450629,-0.183147,-0.272814,-0.166971,-0.092284,-0.231526,-0.450049,-0.002541,-0.274107,0.000613,0.047406,0.022148,0.217728,0.000174,0.079009,0.011516,0.281085,0.000000,0.000000,0.000000,1.188121,-0.994906,-3.123284,-0.189090,-0.685624,-0.949423,3.123287,-0.165297,0.000000,0.000000,0.000000,0.000000,0.000000,0.000000
1778448547.490426,sequential_ik_elbow_then_wrist,0,0,-0.149161,-0.002268,-0.260280,-0.329181,-0.146275,-0.452257,-0.165586,-0.081813,-0.236406,-0.423112,-0.012133,-0.373610,0.000515,0.021659,0.015125,0.147083,0.000148,0.044129,0.010877,0.210070,0.000000,0.000000,0.000000,1.283182,-0.996115,-3.127296,-0.179604,-0.774144,-0.937635,3.127298,-0.173625,0.000000,0.000000,0.000000,0.000000,0.000000,0.000000
1778448547.565551,sequential_ik_elbow_then_wrist,1,0,-0.076925,0.007325,-0.289877,-0.227987,-0.042091,-0.544315,-0.120825,-0.073664,-0.264527,-0.285240,0.000235,-0.504333,0.001090,0.001905,0.022635,0.043625,0.000353,0.023452,0.012681,0.150819,0.000000,0.000000,0.000000,1.351581,-1.054576,-3.130345,-0.169248,-0.838963,-0.961858,3.130346,-0.116217,0.000000,0.000000,0.000000,0.000000,0.000000,0.000000
1778448547.608649,sequential_ik_elbow_then_wrist,1,0,-0.050308,0.015083,-0.295367,-0.202677,0.041739,-0.552414,-0.073118,-0.076337,-0.280760,-0.238621,-0.055883,-0.530140,0.000477,0.002262,0.017849,0.047131,0.000922,0.007819,0.026334,0.088109,0.000000,0.000000,0.000000,1.399123,-1.128895,-3.132662,-0.176628,-0.874408,-1.013825,3.132663,-0.090607,0.000000,0.000000,0.000000,0.000000,0.000000,0.000000
1778448547.665815,sequential_ik_elbow_then_wrist,1,0,-0.024603,0.040114,-0.296286,-0.165591,0.107615,-0.552345,-0.036824,-0.087928,-0.284451,-0.168840,-0.113894,-0.552589,0.001665,0.012594,0.039675,0.112225,0.002333,0.000419,0.046784,0.019485,0.000000,0.000000,0.000000,1.428125,-1.207163,-3.134423,-0.182238,-0.881138,-1.073819,3.134424,-0.086281,0.000000,0.000000,0.000000,0.000000,0.000000,0.000000
1778448547.729198,sequential_ik_elbow_then_wrist,1,0,-0.023075,0.055303,-0.293954,-0.180037,0.108187,-0.544087,-0.017848,-0.092141,-0.284941,-0.159605,-0.143703,-0.544260,0.002877,0.015524,0.053526,0.124595,0.003157,0.000379,0.055431,0.015839,0.000000,0.000000,0.000000,1.443314,-1.271170,-3.135762,-0.186501,-0.866348,-1.128898,3.135762,-0.110169,0.000000,0.000000,0.000000,0.000000,0.000000,0.000000
1778448547.781910,sequential_ik_elbow_then_wrist,1,0,-0.024651,0.058311,-0.293244,-0.197836,0.101712,-0.534332,-0.008858,-0.094688,-0.284527,-0.160386,-0.167001,-0.533144,0.003096,0.016699,0.055562,0.129225,0.003376,0.001199,0.057546,0.034598,0.000000,0.000000,0.000000,1.447999,-1.318750,-3.136779,-0.189740,-0.835933,-1.172954,3.136779,-0.131728,0.000000,0.000000,0.000000,0.000000,0.000000,0.000000
1778448547.847301,sequential_ik_elbow_then_wrist,1,0,-0.021340,0.061819,-0.292785,-0.185598,0.105031,-0.540074,0.000799,-0.098945,-0.283212,-0.150266,-0.174429,-0.531167,0.003440,0.014578,0.058573,0.120741,0.003825,0.001256,0.061261,0.035443,0.000000,0.000000,0.000000,1.444317,-1.355374,-3.137552,-0.192203,-0.792506,-1.205631,3.137552,-0.148114,0.000000,0.000000,0.000000,0.000000,0.000000,0.000000
1778448547.897940,sequential_ik_elbow_then_wrist,1,0,-0.023157,0.061855,-0.292639,-0.188245,0.099471,-0.540290,-0.000078,-0.101902,-0.282163,-0.155928,-0.174737,-0.527939,0.003300,0.012528,0.057352,0.111930,0.003157,0.002056,0.055544,0.045342,0.000000,0.000000,0.000000,1.434059,-1.381089,-3.138139,-0.194074,-0.739869,-1.225359,3.138140,-0.160566,0.000000,0.000000,0.000000,0.000000,0.000000,0.000000
1778448547.974755,sequential_ik_elbow_then_wrist,1,0,-0.016943,0.060190,-0.293411,-0.182833,0.089704,-0.541623,0.003756,-0.102837,-0.281799,-0.154496,-0.170523,-0.527512,0.003136,0.010911,0.055913,0.104458,0.002783,0.003709,0.052102,0.060902,0.000000,0.000000,0.000000,1.419242,-1.403094,-3.138586,-0.195496,-0.680238,-1.237088,3.138586,-0.170030,0.000000,0.000000,0.000000,0.000000,0.000000,0.000000
1778448548.029921,sequential_ik_elbow_then_wrist,1,0,-0.016559,0.057710,-0.293931,-0.177152,0.080022,-0.546344,0.006903,-0.105070,-0.280914,-0.157168,-0.165473,-0.524701,0.002791,0.008428,0.052767,0.091805,0.002422,0.007097,0.048525,0.084195,0.000000,0.000000,0.000000,1.401620,-1.420049,-3.138925,-0.196577,-0.615575,-1.242224,3.138926,-0.170159,0.000000,0.000000,0.000000,0.000000,0.000000,0.000000
1778448548.104116,sequential_ik_elbow_then_wrist,1,0,-0.019134,0.045910,-0.295848,-0.186816,0.071259,-0.543316,-0.008209,-0.103604,-0.281423,-0.168206,-0.160851,-0.528655,0.001603,0.008833,0.039980,0.093985,0.000864,0.011197,0.028869,0.105660,0.000000,0.000000,0.000000,1.383351,-1.432550,-3.139183,-0.197399,-0.554057,-1.241129,3.139183,-0.156542,0.000000,0.000000,0.000000,0.000000,0.000000,0.000000
1778448548.147210,sequential_ik_elbow_then_wrist,1,0,-0.022607,0.034644,-0.297134,-0.189353,0.031576,-0.546506,-0.020341,-0.102472,-0.281222,-0.183398,-0.149189,-0.528669,0.000770,0.006917,0.027707,0.083168,0.000213,0.016810,0.014274,0.129515,0.000000,0.000000,0.000000,1.365987,-1.441314,-3.139379,-0.198023,-0.500827,-1.236763,3.139379,-0.131728,0.000000,0.000000,0.000000,0.000000,0.000000,0.000000
1778448548.218338,sequential_ik_elbow_then_wrist,1,0,-0.020750,0.031906,-0.297576,-0.186253,0.021672,-0.547584,-0.024973,-0.103846,-0.280343,-0.191594,-0.122563,-0.529114,0.000635,0.006986,0.025163,0.083581,0.000077,0.022721,0.008548,0.150404,0.000000,0.000000,0.000000,1.349697,-1.449151,-3.139528,-0.198497,-0.456344,-1.230680,3.139528,-0.088962,0.000000,0.000000,0.000000,0.000000,0.000000,0.000000
1778448548.270077,sequential_ik_elbow_then_wrist,1,0,-0.026869,0.028247,-0.297456,-0.197583,-0.014584,-0.540401,-0.026692,-0.099201,-0.281863,-0.197232,-0.082672,-0.528120,0.000389,0.010529,0.019652,0.102612,0.000022,0.029472,0.004550,0.171268,0.000000,0.000000,0.000000,1.334747,-1.452200,-3.139641,-0.198858,-0.420414,-1.227950,3.139642,-0.028177,0.000000,0.000000,0.000000,0.000000,0.000000,0.000000
1778448548.331112,sequential_ik_elbow_then_wrist,0,0,-0.052729,0.024699,-0.294295,-0.240318,-0.048958,-0.516522,-0.028379,-0.095953,-0.282821,-0.201250,-0.062215,-0.525674,0.000150,0.019797,0.010359,0.140700,0.000004,0.033314,0.001785,0.182376,0.000000,0.000000,0.000000,1.321741,-1.438930,-3.139728,-0.199132,-0.392372,-1.228000,3.139728,0.035453,0.000000,0.000000,0.000000,0.000000,0.000000,0.000000
1778448548.388882,sequential_ik_elbow_then_wrist,0,0,-0.073062,0.019154,-0.290336,-0.267297,-0.080992,-0.495869,-0.039162,-0.083162,-0.285570,-0.232250,-0.036706,-0.510423,0.000075,0.029508,0.006009,0.171780,0.000131,0.048970,0.010991,0.221289,0.000000,0.000000,0.000000,1.312505,-1.413948,-3.139793,-0.199340,-0.375669,-1.234228,3.139793,0.086239,0.000000,0.000000,0.000000,0.000000,0.000000,0.000000
1778448548.445509,sequential_ik_elbow_then_wrist,0,0,-0.089459,0.013439,-0.286036,-0.285990,-0.098752,-0.482984,-0.050492,-0.083153,-0.283789,-0.268438,-0.029100,-0.482730,0.000174,0.034911,0.012004,0.186844,0.000351,0.068373,0.018444,0.261462,0.000000,0.000000,0.000000,1.309374,-1.382381,-3.139843,-0.199499,-0.370754,-1.237634,3.139843,0.116973,0.000000,0.000000,0.000000,0.000000,0.000000,0.000000
1778448548.516037,sequential_ik_elbow_then_wrist,0,0,-0.099883,0.010697,-0.282682,-0.288458,-0.104152,-0.485781,-0.061729,-0.085100,-0.280976,-0.288150,-0.020882,-0.467013,0.000231,0.032842,0.014496,0.181224,0.000595,0.078990,0.023904,0.281043,0.000000,0.000000,0.000000,1.312813,-1.349220,-3.139880,-0.199619,-0.377604,-1.235426,3.139880,0.135312,0.000000,0.000000,0.000000,0.000000,0.000000,0.000000
1778448548.576177,sequential_ik_elbow_then_wrist,0,0,-0.105233,0.004713,-0.280898,-0.295488,-0.110288,-0.482337,-0.068599,-0.084949,-0.279424,-0.293806,-0.024711,-0.468244,0.000334,0.032265,0.017837,0.179625,0.000656,0.076141,0.025089,0.275905,0.000000,0.000000,0.000000,1.323440,-1.319053,-3.139909,-0.199710,-0.394560,-1.230097,3.139909,0.139087,0.000000,0.000000,0.000000,0.000000,0.000000,0.000000
1778448548.651983,sequential_ik_elbow_then_wrist,0,0,-0.094542,0.007107,-0.284625,-0.279366,-0.093872,-0.498268,-0.069316,-0.085694,-0.279020,-0.291725,-0.018741,-0.468892,0.000137,0.023438,0.011335,0.153094,0.000452,0.072881,0.020828,0.269961,0.000000,0.000000,0.000000,1.336429,-1.301320,-3.139931,-0.199780,-0.417560,-1.223916,3.139931,0.138370,0.000000,0.000000,0.000000,0.000000,0.000000,0.000000
1778448548.691756,sequential_ik_elbow_then_wrist,0,0,-0.070430,0.013460,-0.291305,-0.257249,-0.068971,-0.511086,-0.049176,-0.083402,-0.283947,-0.239374,-0.010539,-0.504210,0.000076,0.016783,0.005794,0.129549,0.000028,0.048260,0.004330,0.219590,0.000000,0.000000,0.000000,1.346405,-1.303441,-3.139947,-0.199833,-0.436631,-1.226261,3.139948,0.153028,0.000000,0.000000,0.000000,0.000000,0.000000,0.000000
1778448548.752095,sequential_ik_elbow_then_wrist,0,0,-0.064755,0.010900,-0.292725,-0.251978,-0.053613,-0.518082,-0.042616,-0.085855,-0.284276,-0.223514,-0.034073,-0.517930,0.000020,0.014218,0.003167,0.119238,0.000011,0.036685,0.003073,0.191517,0.000000,0.000000,0.000000,1.354472,-1.312461,-3.139960,-0.199873,-0.449830,-1.230277,3.139960,0.158210,0.000000,0.000000,0.000000,0.000000,0.000000,0.000000
1778448548.805739,sequential_ik_elbow_then_wrist,1,0,-0.065263,0.010784,-0.292617,-0.249964,-0.018979,-0.527137,-0.045966,-0.091238,-0.282069,-0.213271,-0.083138,-0.530953,0.000003,0.008511,0.001734,0.092254,0.000009,0.024174,0.002530,0.155255,0.000000,0.000000,0.000000,1.361082,-1.320709,-3.139970,-0.199903,-0.458901,-1.229699,3.139970,0.142089,0.000000,0.000000,0.000000,0.000000,0.000000,0.000000
1778448548.870520,sequential_ik_elbow_then_wrist,1,0,-0.055398,0.012752,-0.294565,-0.229499,0.021523,-0.538721,-0.045440,-0.099241,-0.279440,-0.206625,-0.124498,-0.531196,0.000016,0.004446,0.003047,0.066681,0.000037,0.016999,0.005592,0.130177,0.000000,0.000000,0.000000,1.365577,-1.333168,-3.139977,-0.199927,-0.463294,-1.223893,3.139977,0.112320,0.000000,0.000000,0.000000,0.000000,0.000000,0.000000
1778448548.929481,sequential_ik_elbow_then_wrist,1,0,-0.032291,0.022503,-0.297407,-0.208568,0.048973,-0.538707,-0.015550,-0.115049,-0.276626,-0.171565,-0.160437,-0.528815,0.000305,0.007085,0.016370,0.084175,0.001057,0.009534,0.031804,0.097604,0.000000,0.000000,0.000000,1.365895,-1.356941,-3.139982,-0.199944,-0.450740,-1.216505,3.139982,0.083007,0.000000,0.000000,0.000000,0.000000,0.000000,0.000000
1778448548.990063,sequential_ik_elbow_then_wrist,1,0,-0.009790,0.027286,-0.298596,-0.147882,0.054774,-0.563502,0.025001,-0.121684,-0.273071,-0.101053,-0.186840,-0.537391,0.000686,0.004043,0.025280,0.063583,0.003626,0.002472,0.058966,0.049698,0.000000,0.000000,0.000000,1.363244,-1.391142,-3.139987,-0.199958,-0.411924,-1.211669,3.139987,0.064538,0.000000,0.000000,0.000000,0.000000,0.000000,0.000000
1778448549.057648,sequential_ik_elbow_then_wrist,1,0,-0.016829,0.034379,-0.297548,-0.163880,0.062944,-0.557471,0.016369,-0.124737,-0.272347,-0.117810,-0.193007,-0.531837,0.000886,0.006098,0.029740,0.078091,0.001767,0.006721,0.040979,0.081936,0.000000,0.000000,0.000000,1.358417,-1.415429,-3.139990,-0.199968,-0.360877,-1.201811,3.139990,0.057043,0.000000,0.000000,0.000000,0.000000,0.000000,0.000000
1778448549.114490,sequential_ik_elbow_then_wrist,1,0,-0.023370,0.035997,-0.296914,-0.175133,0.067382,-0.553786,0.012122,-0.121772,-0.273906,-0.131023,-0.194927,-0.527200,0.000874,0.006221,0.029458,0.078873,0.000848,0.011783,0.028386,0.108539,0.000000,0.000000,0.000000,1.351393,-1.429068,-3.139992,-0.199976,-0.306526,-1.192875,3.139992,0.055314,0.000000,0.000000,0.000000,0.000000,0.000000,0.000000
1778448549.181274,sequential_ik_elbow_then_wrist,1,0,-0.023620,0.034616,-0.297059,-0.181961,0.058626,-0.550735,0.010084,-0.120402,-0.274594,-0.134232,-0.199346,-0.525474,0.000761,0.006153,0.027535,0.078438,0.000444,0.014683,0.020530,0.121173,0.000000,0.000000,0.000000,1.342547,-1.438131,-3.139994,-0.199981,-0.253852,-1.185735,3.139994,0.055486,0.000000,0.000000,0.000000,0.000000,0.000000,0.000000
1778448549.225969,sequential_ik_elbow_then_wrist,1,0,-0.026851,0.035482,-0.296682,-0.186492,0.051585,-0.550168,0.008656,-0.117135,-0.276051,-0.138461,-0.191168,-0.526802,0.000734,0.005472,0.027018,0.073972,0.000233,0.017752,0.014876,0.133217,0.000000,0.000000,0.000000,1.332073,-1.442382,-3.139996,-0.199986,-0.205681,-1.181942,3.139996,0.061307,0.000000,0.000000,0.000000,0.000000,0.000000,0.000000
1778448549.302846,sequential_ik_elbow_then_wrist,1,0,-0.029271,0.027210,-0.297326,-0.197170,0.032363,-0.545889,-0.011062,-0.115094,-0.276823,-0.163115,-0.182795,-0.526416,0.000324,0.006716,0.017970,0.081950,0.000016,0.024443,0.003932,0.156335,0.000000,0.000000,0.000000,1.321478,-1.444813,-3.139997,-0.199989,-0.171185,-1.180069,3.139997,0.069252,0.000000,0.000000,0.000000,0.000000,0.000000,0.000000
1778448549.358068,sequential_ik_elbow_then_wrist,1,0,-0.035206,0.015908,-0.297502,-0.199453,-0.010340,-0.547170,-0.011274,-0.111697,-0.278203,-0.165903,-0.155869,-0.531459,0.000029,0.008609,0.005360,0.092784,0.000015,0.025631,0.003596,0.159982,0.000000,0.000000,0.000000,1.312603,-1.444881,-3.139997,-0.199992,-0.146802,-1.181107,3.139997,0.089855,0.000000,0.000000,0.000000,0.000000,0.000000,0.000000
1778448549.417459,sequential_ik_elbow_then_wrist,1,0,-0.047174,0.012138,-0.296019,-0.210415,-0.043310,-0.541535,-0.007291,-0.107003,-0.280173,-0.164970,-0.120027,-0.535061,0.000017,0.013038,0.003030,0.114182,0.000005,0.026459,0.001435,0.162396,0.000000,0.000000,0.000000,1.306153,-1.438029,-3.139998,-0.199994,-0.128202,-1.185748,3.139998,0.127802,0.000000,0.000000,0.000000,0.000000,0.000000,0.000000
1778448549.479162,sequential_ik_elbow_then_wrist,1,0,-0.070002,0.010264,-0.291538,-0.246332,-0.063556,-0.522748,-0.010408,-0.096908,-0.283726,-0.173079,-0.092845,-0.535761,0.000156,0.019547,0.010762,0.139810,0.000027,0.029642,0.004114,0.172094,0.000000,0.000000,0.000000,1.303543,-1.417729,-3.139999,-0.199995,-0.115501,-1.196611,3.139999,0.168863,0.000000,0.000000,0.000000,0.000000,0.000000,0.000000
1778448549.530322,sequential_ik_elbow_then_wrist,0,0,-0.081078,0.012781,-0.288553,-0.262591,-0.070793,-0.512313,-0.020771,-0.085316,-0.286862,-0.190448,-0.048652,-0.531536,0.000115,0.021410,0.009682,0.146322,0.000181,0.037088,0.012807,0.192449,0.000000,0.000000,0.000000,1.304370,-1.391542,-3.139999,-0.199996,-0.111001,-1.213350,3.139999,0.217260,0.000000,0.000000,0.000000,0.000000,0.000000,0.000000
1778448549.585850,sequential_ik_elbow_then_wrist,0,0,-0.083574,0.016614,-0.287645,-0.273414,-0.084528,-0.496764,-0.026091,-0.077035,-0.288764,-0.208946,-0.033105,-0.522504,0.000034,0.026555,0.005397,0.162958,0.000292,0.045488,0.016667,0.213279,0.000000,0.000000,0.000000,1.306826,-1.366961,-3.139999,-0.199997,-0.113711,-1.232691,3.139999,0.255445,0.000000,0.000000,0.000000,0.000000,0.000000,0.000000
1778448549.663585,sequential_ik_elbow_then_wrist,0,0,-0.085979,0.018009,-0.286851,-0.268316,-0.090975,-0.498689,-0.013201,-0.080208,-0.288778,-0.196446,-0.037148,-0.522373,0.000018,0.026772,0.003978,0.163622,0.000009,0.040402,0.002965,0.200998,0.000000,0.000000,0.000000,1.310142,-1.345465,-3.139999,-0.199998,-0.116830,-1.247883,3.139999,0.281781,0.000000,0.000000,0.000000,0.000000,0.000000,0.000000
1778448549.713302,sequential_ik_elbow_then_wrist,0,0,-0.087831,0.017694,-0.286309,-0.273748,-0.091080,-0.495123,-0.015062,-0.082013,-0.288179,-0.196587,-0.041374,-0.523544,0.000018,0.026970,0.004070,0.164227,0.000017,0.039934,0.004093,0.199831,0.000000,0.000000,0.000000,1.314230,-1.327358,-3.140000,-0.199998,-0.120671,-1.258224,3.140000,0.298944,0.000000,0.000000,0.000000,0.000000,0.000000,0.000000
1778448549.791530,sequential_ik_elbow_then_wrist,1,0,-0.085176,0.016744,-0.287167,-0.269792,-0.089507,-0.498419,-0.006191,-0.082615,-0.288334,-0.176376,-0.048746,-0.533059,0.000015,0.025571,0.003802,0.159909,0.000019,0.031480,0.004270,0.177420,0.000000,0.000000,0.000000,1.318799,-1.314987,-3.140000,-0.199999,-0.122038,-1.266161,3.140000,0.308060,0.000000,0.000000,0.000000,0.000000,0.000000,0.000000
1778448549.855314,sequential_ik_elbow_then_wrist,1,0,-0.086110,0.017921,-0.286817,-0.268312,-0.080875,-0.503708,-0.009219,-0.086731,-0.287041,-0.175277,-0.055715,-0.534958,0.000006,0.022174,0.002496,0.148910,0.000005,0.030581,0.001896,0.174873,0.000000,0.000000,0.000000,1.323236,-1.305132,-3.140000,-0.199999,-0.122488,-1.269335,3.140000,0.313754,0.000000,0.000000,0.000000,0.000000,0.000000,0.000000
1778448549.902395,sequential_ik_elbow_then_wrist,1,0,-0.081173,0.018151,-0.288239,-0.258317,-0.073169,-0.512472,0.002467,-0.096197,-0.284148,-0.146592,-0.091195,-0.544448,0.000004,0.018866,0.001479,0.137353,0.000168,0.020252,0.012567,0.142235,0.000000,0.000000,0.000000,1.326983,-1.300595,-3.140000,-0.199999,-0.117827,-1.265768,3.140000,0.307098,0.000000,0.000000,0.000000,0.000000,0.000000,0.000000
1778448549.960616,sequential_ik_elbow_then_wrist,1,0,-0.056722,0.009406,-0.294439,-0.213067,-0.061390,-0.540497,0.020650,-0.104638,-0.280401,-0.123432,-0.128382,-0.542463,0.000104,0.012493,0.007285,0.111770,0.000733,0.014978,0.026496,0.122275,0.000000,0.000000,0.000000,1.330930,-1.314192,-3.140000,-0.199999,-0.102618,-1.256516,3.140000,0.289508,0.000000,0.000000,0.000000,0.000000,0.000000,0.000000
1778448550.032269,sequential_ik_elbow_then_wrist,1,0,-0.045721,0.008363,-0.296378,-0.201772,-0.020833,-0.550927,0.017661,-0.111107,-0.278107,-0.128325,-0.148626,-0.537491,0.000040,0.006020,0.004494,0.077589,0.000405,0.017367,0.019556,0.131773,0.000000,0.000000,0.000000,1.334410,-1.335287,-3.140000,-0.200000,-0.081676,-1.243052,3.140000,0.271906,0.000000,0.000000,0.000000,0.000000,0.000000,0.000000
1778448550.085453,sequential_ik_elbow_then_wrist,1,0,-0.045300,0.012167,-0.296310,-0.202912,0.011829,-0.551572,0.019148,-0.110910,-0.278087,-0.126228,-0.155072,-0.536767,0.000004,0.004037,0.001856,0.063538,0.000300,0.018199,0.016933,0.134904,0.000000,0.000000,0.000000,1.336712,-1.353506,-3.140000,-0.200000,-0.057227,-1.231045,3.140000,0.258804,0.000000,0.000000,0.000000,0.000000,0.000000,0.000000
1778448550.160347,sequential_ik_elbow_then_wrist,1,0,-0.030038,0.021574,-0.297712,-0.181138,0.043699,-0.555935,0.014439,-0.112428,-0.277762,-0.132745,-0.151667,-0.536213,0.000217,0.003516,0.014263,0.059298,0.000101,0.020851,0.009814,0.144372,0.000000,0.000000,0.000000,1.336072,-1.375709,-3.140000,-0.200000,-0.033597,-1.220411,3.140000,0.255486,0.000000,0.000000,0.000000,0.000000,0.000000,0.000000
1778448550.207516,sequential_ik_elbow_then_wrist,1,0,-0.029082,0.021810,-0.297789,-0.179545,0.047787,-0.556026,0.022480,-0.112219,-0.277311,-0.118820,-0.156856,-0.538160,0.000201,0.004170,0.014119,0.064574,0.000215,0.018224,0.014322,0.134995,0.000000,0.000000,0.000000,1.333497,-1.394962,-3.140000,-0.200000,-0.008175,-1.211571,3.140000,0.254899,0.000000,0.000000,0.000000,0.000000,0.000000,0.000000
1778448550.262503,sequential_ik_elbow_then_wrist,1,0,-0.028660,0.020252,-0.297940,-0.182662,0.040213,-0.554621,0.024383,-0.109933,-0.278065,-0.106508,-0.158881,-0.543530,0.000156,0.004741,0.012449,0.068854,0.000182,0.015895,0.013199,0.126074,0.000000,0.000000,0.000000,1.329792,-1.410570,-3.140000,-0.200000,0.017988,-1.205824,3.140000,0.254265,0.000000,0.000000,0.000000,0.000000,0.000000,0.000000
1778448550.324194,sequential_ik_elbow_then_wrist,1,0,-0.049563,0.021869,-0.295068,-0.178600,0.037265,-0.565461,0.020217,-0.112660,-0.277307,-0.103484,-0.158363,-0.546768,0.000122,0.000924,0.009671,0.030398,0.000052,0.015488,0.007046,0.124443,0.000000,0.000000,0.000000,1.325427,-1.409750,-3.140000,-0.200000,0.041547,-1.200068,3.140000,0.257489,0.000000,0.000000,0.000000,0.000000,0.000000,0.000000
1778448550.375054,sequential_ik_elbow_then_wrist,1,0,-0.057248,0.020200,-0.293794,-0.170263,0.030935,-0.571485,0.016614,-0.115529,-0.276364,-0.103376,-0.156037,-0.548322,0.000038,0.000213,0.005330,0.014601,0.000008,0.015484,0.002576,0.124411,0.000000,0.000000,0.000000,1.321040,-1.401810,-3.140000,-0.199635,0.060775,-1.193739,3.140000,0.265941,0.000000,0.000000,0.000000,0.000000,0.000000,0.000000
1778448550.439373,sequential_ik_elbow_then_wrist,1,0,-0.069774,0.025619,-0.290646,-0.170006,0.031327,-0.573349,0.013960,-0.117574,-0.275648,-0.101067,-0.150780,-0.550722,0.000070,0.000319,0.007130,0.016472,0.000001,0.014625,0.000674,0.120897,0.000000,0.000000,0.000000,1.315988,-1.385524,-3.140000,-0.182858,0.075211,-1.187337,3.140000,0.279624,0.000000,0.000000,0.000000,0.000000,0.000000,0.000000
1778448550.491475,sequential_ik_elbow_then_wrist,1,0,-0.072458,0.032101,-0.289343,-0.175125,0.013994,-0.570647,0.008554,-0.118388,-0.275520,-0.104218,-0.136151,-0.552949,0.000120,0.001336,0.010628,0.036250,0.000022,0.014578,0.004554,0.120643,0.000000,0.000000,0.000000,1.308761,-1.367945,-3.140000,-0.158797,0.083672,-1.181966,3.140000,0.301575,0.000000,0.000000,0.000000,0.000000,0.000000,0.000000
1778448550.560385,sequential_ik_elbow_then_wrist,1,0,-0.062071,0.027924,-0.292177,-0.172379,-0.016389,-0.567620,0.015716,-0.117611,-0.275537,-0.091009,-0.124580,-0.555824,0.000086,0.004452,0.008861,0.066722,0.000005,0.011348,0.002085,0.106446,0.000000,0.000000,0.000000,1.300593,-1.360419,-3.140000,-0.140473,0.091256,-1.177749,3.140000,0.328182,0.000000,0.000000,0.000000,0.000000,0.000000,0.000000
1778448550.628417,sequential_ik_elbow_then_wrist,1,0,-0.066131,0.018432,-0.292039,-0.190858,-0.042526,-0.557985,0.014244,-0.108111,-0.279480,-0.104610,-0.106586,-0.554928,0.000003,0.009496,0.001551,0.097375,0.000015,0.014060,0.002738,0.118551,0.000000,0.000000,0.000000,1.294843,-1.355326,-3.140000,-0.135635,0.097746,-1.180916,3.140000,0.354193,0.000000,0.000000,0.000000,0.000000,0.000000,0.000000
1778448550.685391,sequential_ik_elbow_then_wrist,1,0,-0.070405,0.011529,-0.291393,-0.215356,-0.052695,-0.546078,0.017148,-0.102338,-0.281483,-0.114730,-0.088028,-0.550562,0.000076,0.012705,0.008628,0.112516,0.000025,0.016376,0.004482,0.127928,0.000000,0.000000,0.000000,1.293072,-1.350212,-3.140000,-0.147993,0.104677,-1.188312,3.140000,0.381716,0.000000,0.000000,0.000000,0.000000,0.000000,0.000000
1778448550.751831,sequential_ik_elbow_then_wrist,1,0,-0.072821,0.007154,-0.290940,-0.233607,-0.068236,-0.532733,0.017817,-0.097457,-0.283169,-0.128303,-0.080983,-0.544660,0.000155,0.017239,0.012359,0.131289,0.000027,0.020250,0.004771,0.142297,0.000000,0.000000,0.000000,1.295532,-1.345216,-3.140000,-0.160475,0.112024,-1.198166,3.140000,0.405374,0.000000,0.000000,0.000000,0.000000,0.000000,0.000000
1778448550.803503,sequential_ik_elbow_then_wrist,1,0,-0.079222,0.000711,-0.289350,-0.267633,-0.080991,-0.508042,0.019270,-0.090575,-0.285351,-0.137245,-0.080549,-0.541090,0.000347,0.024180,0.018416,0.155500,0.000044,0.023415,0.006205,0.153007,0.000000,0.000000,0.000000,1.303338,-1.338017,-3.140000,-0.169961,0.120149,-1.210891,3.140000,0.418808,0.000000,0.000000,0.000000,0.000000,0.000000,0.000000
1778448550.863823,sequential_ik_elbow_then_wrist,1,0,-0.081752,-0.002357,-0.288637,-0.280148,-0.092943,-0.494629,0.018458,-0.089600,-0.285712,-0.137273,-0.076881,-0.541810,0.000400,0.028336,0.019774,0.168333,0.000022,0.023358,0.004578,0.152832,0.000000,0.000000,0.000000,1.315951,-1.330300,-3.140000,-0.177170,0.128194,-1.222437,3.140000,0.428126,0.000000,0.000000,0.000000,0.000000,0.000000,0.000000
1778448550.925162,sequential_ik_elbow_then_wrist,0,0,-0.086140,-0.010575,-0.287172,-0.291291,-0.110489,-0.481930,0.009496,-0.095377,-0.284276,-0.143143,-0.087420,-0.542419,0.000674,0.033307,0.025654,0.182501,0.000022,0.025403,0.004558,0.159375,0.000000,0.000000,0.000000,1.334584,-1.321645,-3.140000,-0.182649,0.132432,-1.228800,3.140000,0.431334,0.000000,0.000000,0.000000,0.000000,0.000000,0.000000
1778448550.982599,sequential_ik_elbow_then_wrist,0,0,-0.087526,-0.013324,-0.286638,-0.292652,-0.120317,-0.477626,0.003657,-0.099173,-0.283110,-0.155282,-0.098995,-0.537548,0.000657,0.033688,0.025334,0.183543,0.000089,0.029799,0.009211,0.172609,0.000000,0.000000,0.000000,1.358006,-1.313195,-3.140000,-0.186814,0.131669,-1.231081,3.140000,0.428495,0.000000,0.000000,0.000000,0.000000,0.000000,0.000000
1778448551.046699,sequential_ik_elbow_then_wrist,1,0,-0.076252,-0.010875,-0.289944,-0.277501,-0.107629,-0.490287,0.004266,-0.106019,-0.280610,-0.147855,-0.105058,-0.539179,0.000390,0.026646,0.019374,0.163236,0.000072,0.026912,0.008079,0.164049,0.000000,0.000000,0.000000,1.382453,-1.312909,-3.140000,-0.189978,0.127464,-1.227637,3.140000,0.426215,0.000000,0.000000,0.000000,0.000000,0.000000,0.000000
1778448551.121438,sequential_ik_elbow_then_wrist,1,0,-0.050762,-0.004441,-0.295641,-0.221140,-0.097651,-0.524296,0.032667,-0.102409,-0.280081,-0.113052,-0.109673,-0.542213,0.000180,0.018192,0.011361,0.134876,0.000308,0.017801,0.017193,0.133418,0.000000,0.000000,0.000000,1.403596,-1.329557,-3.140000,-0.192384,0.132476,-1.223642,3.140000,0.423519,0.000000,0.000000,0.000000,0.000000,0.000000,0.000000
1778448551.161899,sequential_ik_elbow_then_wrist,1,0,-0.020803,0.006530,-0.299207,-0.177658,-0.062044,-0.545568,0.041406,-0.104188,-0.278263,-0.099218,-0.120072,-0.542787,0.000166,0.010787,0.009153,0.103861,0.000457,0.015740,0.020907,0.125460,0.000000,0.000000,0.000000,1.418961,-1.363905,-3.140000,-0.194211,0.146580,-1.217617,3.140000,0.420808,0.000000,0.000000,0.000000,0.000000,0.000000,0.000000
1778448551.229827,sequential_ik_elbow_then_wrist,1,0,-0.020901,0.009881,-0.299108,-0.182253,-0.042604,-0.546516,0.031208,-0.105188,-0.279216,-0.116454,-0.121751,-0.539834,0.000065,0.010491,0.007797,0.102424,0.000078,0.020860,0.008670,0.144425,0.000000,0.000000,0.000000,1.429828,-1.394689,-3.140000,-0.195601,0.161639,-1.212867,3.140000,0.421703,0.000000,0.000000,0.000000,0.000000,0.000000,0.000000
1778448551.289936,sequential_ik_elbow_then_wrist,1,0,-0.044319,0.013580,-0.296397,-0.209649,-0.020367,-0.544417,0.018583,-0.102555,-0.281313,-0.132333,-0.124984,-0.539618,0.000132,0.007669,0.009953,0.087573,0.000011,0.025638,0.002874,0.160107,0.000000,0.000000,0.000000,1.436841,-1.404424,-3.140000,-0.196657,0.171827,-1.212638,3.140000,0.417673,0.000000,0.000000,0.000000,0.000000,0.000000,0.000000
1778448551.351151,sequential_ik_elbow_then_wrist,1,0,-0.044886,0.016483,-0.296165,-0.202125,-0.006363,-0.550633,0.005836,-0.104007,-0.281333,-0.139421,-0.127368,-0.542781,0.000126,0.004361,0.011077,0.066036,0.000170,0.027011,0.012773,0.164325,0.000000,0.000000,0.000000,1.440154,-1.408083,-3.140000,-0.197459,0.173525,-1.213772,3.140000,0.407951,0.000000,0.000000,0.000000,0.000000,0.000000,0.000000
1778448551.405211,sequential_ik_elbow_then_wrist,0,0,-0.037133,0.020081,-0.297015,-0.206297,0.000988,-0.544036,-0.008545,-0.103718,-0.281371,-0.163140,-0.128522,-0.537271,0.000232,0.006220,0.015105,0.078866,0.000525,0.034010,0.022488,0.184395,0.000000,0.000000,0.000000,1.439999,-1.414433,-3.140000,-0.198069,0.164384,-1.216101,3.140000,0.393377,0.000000,0.000000,0.000000,0.000000,0.000000,0.000000
1778448551.467136,sequential_ik_elbow_then_wrist,0,0,-0.029634,0.022883,-0.297655,-0.202408,0.008975,-0.542513,-0.015726,-0.103704,-0.281066,-0.175006,-0.121058,-0.534697,0.000349,0.007564,0.018522,0.086974,0.000637,0.036402,0.024792,0.190792,0.000000,0.000000,0.000000,1.437056,-1.424331,-3.140000,-0.198532,0.146026,-1.218006,3.140000,0.380168,0.000000,0.000000,0.000000,0.000000,0.000000,0.000000
1778448551.529602,sequential_ik_elbow_then_wrist,0,0,-0.034068,0.019589,-0.297415,-0.211393,-0.004882,-0.538158,-0.016327,-0.105760,-0.280265,-0.185288,-0.113711,-0.528032,0.000203,0.009335,0.014224,0.096619,0.000470,0.039018,0.021254,0.197527,0.000000,0.000000,0.000000,1.432703,-1.430501,-3.140000,-0.198885,0.122121,-1.217534,3.140000,0.372594,0.000000,0.000000,0.000000,0.000000,0.000000,0.000000
1778448551.584472,sequential_ik_elbow_then_wrist,0,0,-0.046989,0.015784,-0.295877,-0.224229,-0.007864,-0.536763,-0.017392,-0.101489,-0.281776,-0.188871,-0.095166,-0.527855,0.000087,0.008488,0.008715,0.092133,0.000355,0.038929,0.018490,0.197288,0.000000,0.000000,0.000000,1.427923,-1.427246,-3.140000,-0.199152,0.095373,-1.219092,3.140000,0.372842,0.000000,0.000000,0.000000,0.000000,0.000000,0.000000
1778448551.648131,sequential_ik_elbow_then_wrist,0,0,-0.050635,0.019707,-0.295039,-0.222084,-0.020220,-0.537960,-0.011538,-0.092181,-0.285253,-0.189966,-0.086239,-0.526351,0.000128,0.007629,0.011118,0.087343,0.000131,0.039141,0.010973,0.197834,0.000000,0.000000,0.000000,1.421980,-1.420246,-3.140000,-0.199356,0.070388,-1.226591,3.140000,0.368853,0.000000,0.000000,0.000000,0.000000,0.000000,0.000000
1778448551.705919,sequential_ik_elbow_then_wrist,0,0,-0.053764,0.019961,-0.294467,-0.226960,-0.024864,-0.535286,-0.017651,-0.078643,-0.288970,-0.195097,-0.067266,-0.530596,0.000107,0.008175,0.010231,0.090414,0.000263,0.040448,0.015491,0.201099,0.000000,0.000000,0.000000,1.415130,-1.411864,-3.140000,-0.199510,0.045657,-1.242170,3.140000,0.359346,0.000000,0.000000,0.000000,0.000000,0.000000,0.000000
1778448551.787199,sequential_ik_elbow_then_wrist,1,0,-0.049088,0.016969,-0.295470,-0.220775,-0.043026,-0.534058,0.009263,-0.075786,-0.290122,-0.166156,-0.068339,-0.533377,0.000061,0.010716,0.007724,0.103520,0.000121,0.030366,0.010711,0.174232,0.000000,0.000000,0.000000,1.408188,-1.407974,-3.140000,-0.199628,0.030511,-1.258547,3.140000,0.344785,0.000000,0.000000,0.000000,0.000000,0.000000,0.000000
1778448551.842119,sequential_ik_elbow_then_wrist,1,0,-0.055072,0.008636,-0.294775,-0.229344,-0.058383,-0.529589,0.007616,-0.076657,-0.289941,-0.161568,-0.067945,-0.537531,0.000004,0.014001,0.001734,0.118324,0.000067,0.028667,0.008090,0.169311,0.000000,0.000000,0.000000,1.403266,-1.402854,-3.140000,-0.199717,0.021710,-1.271395,3.140000,0.332447,0.000000,0.000000,0.000000,0.000000,0.000000,0.000000
1778448551.891159,sequential_ik_elbow_then_wrist,1,0,-0.064049,0.005517,-0.293031,-0.237611,-0.066124,-0.527005,0.009351,-0.082294,-0.288341,-0.152425,-0.077596,-0.540940,0.000045,0.014911,0.006219,0.122112,0.000083,0.025638,0.008912,0.160118,0.000000,0.000000,0.000000,1.401013,-1.393245,-3.140000,-0.199785,0.018090,-1.277577,3.140000,0.322897,0.000000,0.000000,0.000000,0.000000,0.000000,0.000000
1778448551.953792,sequential_ik_elbow_then_wrist,1,0,-0.061493,0.004299,-0.293599,-0.230004,-0.075181,-0.528730,0.013147,-0.092283,-0.285151,-0.129662,-0.088657,-0.548954,0.000039,0.015586,0.006177,0.124845,0.000140,0.018716,0.011274,0.136790,0.000000,0.000000,0.000000,1.400929,-1.386328,-3.140000,-0.199837,0.019544,-1.274864,3.140000,0.320846,0.000000,0.000000,0.000000,0.000000,0.000000,0.000000
1778448552.001728,sequential_ik_elbow_then_wrist,1,0,-0.064561,-0.000728,-0.292970,-0.247933,-0.088667,-0.513518,0.008328,-0.093776,-0.284845,-0.135359,-0.102473,-0.548053,0.000120,0.021296,0.010892,0.145933,0.000030,0.020571,0.005315,0.143420,0.000000,0.000000,0.000000,1.403782,-1.379705,-3.140000,-0.199876,0.022791,-1.270178,3.140000,0.316363,0.000000,0.000000,0.000000,0.000000,0.000000,0.000000
1778448552.069183,sequential_ik_elbow_then_wrist,1,0,-0.067064,0.000726,-0.292407,-0.247943,-0.083825,-0.516313,0.029388,-0.099999,-0.281312,-0.111562,-0.128592,-0.544591,0.000086,0.018786,0.009167,0.137064,0.000512,0.015958,0.022136,0.126292,0.000000,0.000000,0.000000,1.408492,-1.372588,-3.140000,-0.199906,0.034909,-1.260881,3.140000,0.306056,0.000000,0.000000,0.000000,0.000000,0.000000,0.000000
1778448552.125639,sequential_ik_elbow_then_wrist,1,0,-0.067922,0.000217,-0.292210,-0.248181,-0.084416,-0.516585,0.026598,-0.104734,-0.279863,-0.119704,-0.150118,-0.537809,0.000083,0.018140,0.009046,0.134683,0.000260,0.019801,0.015716,0.140693,0.000000,0.000000,0.000000,1.414658,-1.366148,-3.140000,-0.199928,0.051454,-1.249178,3.140000,0.291877,0.000000,0.000000,0.000000,0.000000,0.000000,0.000000
1778448552.203305,sequential_ik_elbow_then_wrist,1,0,-0.068402,-0.000597,-0.292097,-0.247378,-0.080492,-0.519219,0.034543,-0.111451,-0.276379,-0.109317,-0.152922,-0.536349,0.000085,0.016317,0.009161,0.127740,0.000366,0.018527,0.018544,0.136060,0.000000,0.000000,0.000000,1.422002,-1.360720,-3.140000,-0.199945,0.073355,-1.233708,3.140000,0.290146,0.000000,0.000000,0.000000,0.000000,0.000000,0.000000
1778448552.265946,sequential_ik_elbow_then_wrist,1,0,-0.044106,-0.002616,-0.296728,-0.222974,-0.075254,-0.526359,0.028725,-0.111695,-0.276946,-0.116019,-0.147886,-0.537214,0.000132,0.015917,0.009592,0.126164,0.000106,0.020816,0.010037,0.144212,0.000000,0.000000,0.000000,1.429410,-1.371729,-3.140000,-0.199959,0.095284,-1.220668,3.140000,0.299326,0.000000,0.000000,0.000000,0.000000,0.000000,0.000000
1778448552.330799,sequential_ik_elbow_then_wrist,1,0,-0.023363,0.000689,-0.299088,-0.190168,-0.056985,-0.541678,0.042076,-0.111649,-0.275253,-0.097940,-0.154056,-0.537163,0.000084,0.012363,0.006279,0.111189,0.000356,0.017686,0.018389,0.132979,0.000000,0.000000,0.000000,1.435348,-1.396106,-3.140000,-0.199969,0.121859,-1.208457,3.140000,0.309999,0.000000,0.000000,0.000000,0.000000,0.000000,0.000000
1778448552.379258,sequential_ik_elbow_then_wrist,1,0,-0.015779,0.006549,-0.299513,-0.171810,-0.038708,-0.551716,0.048221,-0.111130,-0.274454,-0.084371,-0.154720,-0.540009,0.000041,0.009500,0.005484,0.097466,0.000390,0.015617,0.019234,0.124951,0.000000,0.000000,0.000000,1.439421,-1.422528,-3.140000,-0.199976,0.152662,-1.197501,3.140000,0.322912,0.000000,0.000000,0.000000,0.000000,0.000000,0.000000
1778448552.430367,sequential_ik_elbow_then_wrist,1,0,-0.018588,0.006759,-0.299347,-0.169431,-0.031442,-0.555837,0.033329,-0.119750,-0.273037,-0.102876,-0.161857,-0.536998,0.000020,0.008219,0.004486,0.090657,0.000008,0.020998,0.002426,0.144889,0.000000,0.000000,0.000000,1.442156,-1.442673,-3.140000,-0.199982,0.177239,-1.185627,3.140000,0.338191,0.000000,0.000000,0.000000,0.000000,0.000000,0.000000
1778448552.488996,sequential_ik_elbow_then_wrist,1,0,-0.018509,0.009787,-0.299268,-0.162352,-0.023295,-0.560448,0.016142,-0.122896,-0.273196,-0.116646,-0.163015,-0.539200,0.000056,0.006286,0.007453,0.079286,0.000149,0.023688,0.011859,0.153908,0.000000,0.000000,0.000000,1.443632,-1.457810,-3.140000,-0.199986,0.189035,-1.176404,3.140000,0.350271,0.000000,0.000000,0.000000,0.000000,0.000000,0.000000
1778448552.545284,sequential_ik_elbow_then_wrist,1,0,-0.019942,0.013754,-0.299020,-0.156583,-0.022826,-0.563579,-0.004177,-0.120961,-0.274501,-0.146019,-0.164877,-0.535178,0.000125,0.005052,0.011141,0.071080,0.000634,0.030979,0.024480,0.175975,0.000000,0.000000,0.000000,1.443805,-1.468069,-3.140000,-0.199989,0.184198,-1.172620,3.140000,0.351051,0.000000,0.000000,0.000000,0.000000,0.000000,0.000000
1778448552.629835,sequential_ik_elbow_then_wrist,0,0,-0.023662,0.018295,-0.298505,-0.147038,-0.009664,-0.570528,-0.008832,-0.121920,-0.273966,-0.159170,-0.165458,-0.529902,0.000229,0.002419,0.015055,0.049185,0.000551,0.033278,0.022857,0.182397,0.000000,0.000000,0.000000,1.442468,-1.472886,-3.140000,-0.199992,0.167733,-1.169441,3.140000,0.344197,0.000000,0.000000,0.000000,0.000000,0.000000,0.000000
1778448552.674160,sequential_ik_elbow_then_wrist,0,0,-0.024855,0.027034,-0.297744,-0.156295,0.012345,-0.567016,-0.012757,-0.116457,-0.276179,-0.174262,-0.152672,-0.526389,0.000542,0.002266,0.023244,0.047600,0.000454,0.036317,0.020729,0.190566,0.000000,0.000000,0.000000,1.438877,-1.474265,-3.140000,-0.199994,0.143920,-1.170158,3.140000,0.335746,0.000000,0.000000,0.000000,0.000000,0.000000,0.000000
1778448552.739824,sequential_ik_elbow_then_wrist,0,0,-0.028810,0.030783,-0.297023,-0.159857,0.033112,-0.566877,-0.021832,-0.109695,-0.278371,-0.192109,-0.119212,-0.525181,0.000678,0.002002,0.025963,0.044744,0.000596,0.040519,0.023785,0.201260,0.000000,0.000000,0.000000,1.432855,-1.471809,-3.140000,-0.199995,0.113533,-1.175420,3.140000,0.338012,0.000000,0.000000,0.000000,0.000000,0.000000,0.000000
1778448552.798856,sequential_ik_elbow_then_wrist,0,0,-0.035169,0.031164,-0.296297,-0.188482,0.025944,-0.554110,-0.022227,-0.101714,-0.281354,-0.194441,-0.086096,-0.526504,0.000620,0.003882,0.024766,0.062303,0.000422,0.039969,0.020004,0.199866,0.000000,0.000000,0.000000,1.424557,-1.464961,-3.140000,-0.199996,0.080817,-1.185182,3.140000,0.351075,0.000000,0.000000,0.000000,0.000000,0.000000,0.000000
1778448552.869811,sequential_ik_elbow_then_wrist,0,0,-0.044116,0.028100,-0.295405,-0.198636,0.016012,-0.552266,-0.021180,-0.098562,-0.282554,-0.212639,-0.077432,-0.512547,0.000392,0.003390,0.019566,0.058225,0.000265,0.048146,0.015941,0.219421,0.000000,0.000000,0.000000,1.414701,-1.453262,-3.140000,-0.199997,0.048644,-1.195651,3.140000,0.361484,0.000000,0.000000,0.000000,0.000000,0.000000,0.000000
1778448552.927871,sequential_ik_elbow_then_wrist,0,0,-0.043931,0.025471,-0.295671,-0.202710,0.012378,-0.549871,-0.032046,-0.087839,-0.285057,-0.220599,-0.054743,-0.516038,0.000265,0.003832,0.016214,0.061900,0.000586,0.050600,0.023686,0.224944,0.000000,0.000000,0.000000,1.403984,-1.443163,-3.140000,-0.199998,0.014173,-1.210206,3.140000,0.368832,0.000000,0.000000,0.000000,0.000000,0.000000,0.000000
1778448552.974641,sequential_ik_elbow_then_wrist,0,0,-0.053230,0.022190,-0.294405,-0.212576,0.005544,-0.548042,-0.039300,-0.083384,-0.285487,-0.223081,-0.044265,-0.519355,0.000123,0.003949,0.010790,0.062842,0.000767,0.050474,0.027284,0.224656,0.000000,0.000000,0.000000,1.393493,-1.429844,-3.140000,-0.199998,-0.022920,-1.224346,3.140000,0.369649,0.000000,0.000000,0.000000,0.000000,0.000000,0.000000
1778448553.044930,sequential_ik_elbow_then_wrist,0,0,-0.067241,0.029312,-0.290894,-0.222066,0.009529,-0.547093,-0.050265,-0.077957,-0.285300,-0.230731,-0.033426,-0.520776,0.000223,0.002621,0.014138,0.051198,0.001203,0.052664,0.034234,0.229471,0.000000,0.000000,0.000000,1.381829,-1.408700,-3.140000,-0.199999,-0.064300,-1.236984,3.140000,0.364061,0.000000,0.000000,0.000000,0.000000,0.000000,0.000000
1778448553.086830,sequential_ik_elbow_then_wrist,1,0,-0.072492,0.027259,-0.289831,-0.220189,0.007761,-0.550225,-0.031504,-0.082218,-0.286789,-0.186540,-0.041556,-0.540384,0.000099,0.002180,0.009617,0.046694,0.000177,0.032154,0.013125,0.179304,0.000000,0.000000,0.000000,1.370008,-1.387062,-3.140000,-0.199999,-0.100789,-1.246470,3.140000,0.355340,0.000000,0.000000,0.000000,0.000000,0.000000,0.000000
1778448553.159452,sequential_ik_elbow_then_wrist,1,0,-0.068827,0.029630,-0.290491,-0.210933,0.012082,-0.554115,-0.035091,-0.082794,-0.286206,-0.184439,-0.047159,-0.543937,0.000133,0.001758,0.011417,0.041928,0.000214,0.030006,0.014444,0.173207,0.000000,0.000000,0.000000,1.357334,-1.371139,-3.140000,-0.199999,-0.134131,-1.252560,3.140000,0.343022,0.000000,0.000000,0.000000,0.000000,0.000000,0.000000
1778448553.216600,sequential_ik_elbow_then_wrist,1,0,-0.073974,0.027686,-0.289416,-0.206396,-0.004594,-0.556665,-0.030370,-0.087713,-0.285279,-0.158314,-0.055738,-0.554738,0.000059,0.003473,0.007507,0.058859,0.000060,0.020346,0.007583,0.142641,0.000000,0.000000,0.000000,1.345226,-1.356237,-3.140000,-0.193028,-0.162493,-1.254496,3.140000,0.333620,0.000000,0.000000,0.000000,0.000000,0.000000,0.000000
1778448553.284827,sequential_ik_elbow_then_wrist,1,0,-0.071946,0.023942,-0.290260,-0.206314,-0.014329,-0.555741,-0.030283,-0.092682,-0.283713,-0.164067,-0.063738,-0.550666,0.000016,0.004815,0.003957,0.069389,0.000033,0.021242,0.005467,0.145746,0.000000,0.000000,0.000000,1.334711,-1.346130,-3.140000,-0.186434,-0.186283,-1.252202,3.140000,0.325221,0.000000,0.000000,0.000000,0.000000,0.000000,0.000000
1778448553.344043,sequential_ik_elbow_then_wrist,1,0,-0.077938,0.023691,-0.288729,-0.206386,-0.017658,-0.556668,-0.009913,-0.096400,-0.283917,-0.121084,-0.102306,-0.562496,0.000007,0.005359,0.002255,0.073154,0.000177,0.009206,0.013110,0.095726,0.000000,0.000000,0.000000,1.326073,-1.335073,-3.140000,-0.175073,-0.198728,-1.250473,3.140000,0.303147,0.000000,0.000000,0.000000,0.000000,0.000000,0.000000
1778448553.411468,sequential_ik_elbow_then_wrist,1,0,-0.067820,0.027207,-0.290964,-0.180688,-0.007037,-0.566805,0.016882,-0.105044,-0.280501,-0.093538,-0.134890,-0.557840,0.000061,0.003341,0.007462,0.057666,0.001263,0.005205,0.034934,0.071934,0.000000,0.000000,0.000000,1.317101,-1.331468,-3.140000,-0.156865,-0.192825,-1.246235,3.140000,0.273104,0.000000,0.000000,0.000000,0.000000,0.000000,0.000000
1778448553.460776,sequential_ik_elbow_then_wrist,1,0,-0.070896,0.042418,-0.288400,-0.163321,0.006327,-0.571516,0.011078,-0.108697,-0.279396,-0.112609,-0.157141,-0.548385,0.000369,0.002047,0.018950,0.044656,0.000640,0.009101,0.024771,0.095294,0.000000,0.000000,0.000000,1.303902,-1.324907,-3.140000,-0.125541,-0.176814,-1.238450,3.140000,0.239534,0.000000,0.000000,0.000000,0.000000,0.000000,0.000000
1778448553.522849,sequential_ik_elbow_then_wrist,1,0,-0.073698,0.063925,-0.283694,-0.149626,0.021590,-0.570822,-0.011064,-0.103826,-0.281243,-0.144353,-0.151899,-0.545673,0.001193,0.001323,0.033965,0.035144,0.000003,0.016312,0.001729,0.127715,0.000000,0.000000,0.000000,1.281173,-1.311905,-3.140000,-0.079281,-0.163825,-1.232823,3.140000,0.211539,0.000000,0.000000,0.000000,0.000000,0.000000,0.000000
1778448553.578258,sequential_ik_elbow_then_wrist,1,0,-0.091396,0.043691,-0.282379,-0.210026,0.013372,-0.556254,-0.011371,-0.104907,-0.280830,-0.172179,-0.161955,-0.527581,0.000074,0.004311,0.007838,0.065279,0.000002,0.024748,0.001308,0.157247,0.000000,0.000000,0.000000,1.260813,-1.293980,-3.140000,-0.060966,-0.153339,-1.227879,3.140000,0.179295,0.000000,0.000000,0.000000,0.000000,0.000000,0.000000
1778448553.643443,sequential_ik_elbow_then_wrist,1,0,-0.109492,0.035132,-0.277087,-0.240878,0.003361,-0.544908,-0.011904,-0.105267,-0.280673,-0.184754,-0.155672,-0.520635,0.000075,0.006868,0.007225,0.082851,0.000001,0.029703,0.000678,0.172344,0.000000,0.000000,0.000000,1.248259,-1.269395,-3.140000,-0.051868,-0.145054,-1.223690,3.140000,0.154392,0.000000,0.000000,0.000000,0.000000,0.000000,0.000000
1778448553.707462,sequential_ik_elbow_then_wrist,1,0,-0.113665,0.011759,-0.277384,-0.242571,-0.021678,-0.546206,-0.016909,-0.103553,-0.281053,-0.189416,-0.150344,-0.521992,0.000587,0.009126,0.023700,0.095528,0.000015,0.031002,0.003740,0.176071,0.000000,0.000000,0.000000,1.250842,-1.250238,-3.140000,-0.043727,-0.140545,-1.221118,3.140000,0.136948,0.000000,0.000000,0.000000,0.000000,0.000000,0.000000
1778448553.754622,sequential_ik_elbow_then_wrist,1,0,-0.095889,0.029988,-0.282677,-0.224208,0.000874,-0.552281,-0.028951,-0.094462,-0.283265,-0.184448,-0.116186,-0.538898,0.000017,0.004640,0.002822,0.068100,0.000215,0.028773,0.014290,0.169503,0.000000,0.000000,0.000000,1.253153,-1.243034,-3.140000,-0.041157,-0.143599,-1.223950,3.140000,0.139208,0.000000,0.000000,0.000000,0.000000,0.000000,0.000000
1778448553.826226,sequential_ik_elbow_then_wrist,1,0,-0.073119,0.048646,-0.286857,-0.222629,0.002125,-0.542753,-0.027965,-0.070925,-0.290151,-0.165877,-0.050464,-0.555785,0.000490,0.005825,0.021311,0.075911,0.000310,0.025089,0.016118,0.158097,0.000000,0.000000,0.000000,1.246192,-1.249089,-3.140000,-0.058148,-0.151646,-1.242035,3.140000,0.164290,0.000000,0.000000,0.000000,0.000000,0.000000,0.000000
1778448553.883701,sequential_ik_elbow_then_wrist,1,0,-0.063294,0.055433,-0.287960,-0.246248,-0.019626,-0.513557,-0.018762,-0.054621,-0.294389,-0.152081,-0.011447,-0.559647,0.000776,0.014267,0.027410,0.119121,0.000137,0.022759,0.009903,0.150809,0.000000,0.000000,0.000000,1.230807,-1.260003,-3.140000,-0.092192,-0.160195,-1.270547,3.140000,0.192780,0.000000,0.000000,0.000000,0.000000,0.000000,0.000000
1778448553.954835,sequential_ik_elbow_then_wrist,0,0,-0.061850,0.072675,-0.284417,-0.281520,-0.041134,-0.454101,-0.018038,-0.047923,-0.295598,-0.198343,-0.004442,-0.531394,0.001544,0.035017,0.038803,0.187128,0.000089,0.041563,0.008827,0.203829,0.000000,0.000000,0.000000,1.204761,-1.264834,-3.140000,-0.118066,-0.168702,-1.299763,3.140000,0.204481,0.000000,0.000000,0.000000,0.000000,0.000000,0.000000
1778448554.009759,sequential_ik_elbow_then_wrist,0,0,-0.060572,0.081378,-0.282327,-0.307690,-0.053243,-0.386295,-0.034738,-0.033185,-0.296128,-0.251855,0.105163,-0.450142,0.001737,0.065370,0.041082,0.255676,0.000743,0.089181,0.026946,0.297475,0.000000,0.000000,0.000000,1.168789,-1.264103,-3.140000,-0.137730,-0.180403,-1.330324,3.140000,0.276400,0.000000,0.000000,0.000000,0.000000,0.000000,0.000000
1778448554.065763,sequential_ik_elbow_then_wrist,0,0,-0.064408,0.065154,-0.285669,-0.305635,-0.109362,-0.322463,-0.050823,-0.021158,-0.294906,-0.286413,0.141419,-0.384717,0.000485,0.116632,0.021718,0.341514,0.001977,0.127699,0.044286,0.356549,0.000000,0.000000,0.000000,1.132790,-1.264995,-3.140000,-0.152675,-0.196270,-1.359806,3.140000,0.388438,0.000000,0.000000,0.000000,0.000000,0.000000,0.000000
1778448554.131021,sequential_ik_elbow_then_wrist,0,0,-0.079595,0.051074,-0.284703,-0.303348,-0.144818,-0.245188,-0.075213,0.022976,-0.289508,-0.309771,0.209978,-0.293112,0.000006,0.174104,0.001935,0.417258,0.006461,0.165947,0.079772,0.405273,0.000000,0.000000,0.000000,1.104813,-1.262399,-3.140000,-0.164033,-0.213660,-1.405269,3.140000,0.572568,0.000000,0.000000,0.000000,0.000000,0.000000,0.000000
1778448554.191397,sequential_ik_elbow_then_wrist,0,0,-0.143637,0.036764,-0.260800,-0.369800,-0.135307,-0.164664,-0.000036,-0.080244,-0.289069,-0.184589,-0.062127,-0.524891,0.001558,0.202902,0.035921,0.450447,0.001029,0.046562,0.026163,0.201933,0.000000,0.000000,0.000000,1.102460,-1.226049,-3.140000,-0.172665,-0.223239,-1.395393,3.140000,0.529963,0.000000,0.000000,0.000000,0.000000,0.000000,0.000000
1778448554.251037,sequential_ik_elbow_then_wrist,0,0,-0.182049,0.009702,-0.238252,-0.417350,-0.135624,-0.122003,0.025987,-0.102910,-0.280596,-0.121698,-0.112328,-0.541557,0.002891,0.182585,0.049722,0.427300,0.002236,0.012189,0.045928,0.108646,0.000000,0.000000,0.000000,1.138807,-1.167493,-3.140000,-0.179225,-0.214950,-1.365775,3.140000,0.450476,0.000000,0.000000,0.000000,0.000000,0.000000,0.000000
1778448554.296962,sequential_ik_elbow_then_wrist,0,0,-0.189618,0.002929,-0.232458,-0.426420,-0.120110,-0.095397,0.045910,-0.090772,-0.282228,-0.096864,-0.123552,-0.544031,0.001308,0.154647,0.033116,0.393252,0.003116,0.008629,0.055131,0.092681,0.000000,0.000000,0.000000,1.197691,-1.107451,-3.140000,-0.184211,-0.187775,-1.345030,3.140000,0.374942,0.000000,0.000000,0.000000,0.000000,0.000000,0.000000
1778448554.360477,sequential_ik_elbow_then_wrist,0,0,-0.189964,0.000382,-0.232192,-0.397504,-0.093263,-0.036852,0.059721,-0.097152,-0.277480,-0.079488,-0.132518,-0.540861,0.000450,0.067203,0.019398,0.227960,0.003745,0.007989,0.060290,0.089336,0.000000,0.000000,0.000000,1.262403,-1.056608,-2.386400,0.108255,-0.142903,-1.322263,3.140000,0.324175,0.000000,0.000000,0.000000,0.000000,0.000000,0.000000
1778448554.420257,sequential_ik_elbow_then_wrist,1,0,-0.197629,-0.005095,-0.225648,-0.394562,-0.076063,-0.010750,0.051582,-0.121140,-0.269564,-0.086786,-0.177897,-0.529627,0.000237,0.013396,0.013748,0.104075,0.001911,0.012031,0.042005,0.109645,0.000000,0.000000,0.000000,1.326347,-1.010129,-1.813664,0.452057,-0.087931,-1.284716,3.140000,0.292905,0.000000,0.000000,0.000000,0.000000,0.000000,0.000000
1778448554.507246,sequential_ik_elbow_then_wrist,1,0,-0.204799,0.006946,-0.219110,-0.411514,-0.044734,-0.007927,0.052187,-0.151099,-0.253861,-0.066299,-0.223978,-0.519661,0.000022,0.003728,0.003137,0.060672,0.001035,0.011570,0.029078,0.107346,0.000000,0.000000,0.000000,1.375915,-0.966647,-1.378385,0.729825,-0.027629,-1.228805,3.140000,0.285635,0.000000,0.000000,0.000000,0.000000,0.000000,0.000000
1778448554.555093,sequential_ik_elbow_then_wrist,1,0,-0.213811,0.014657,-0.209928,-0.426292,-0.033749,-0.003751,0.064329,-0.148302,-0.252722,-0.042900,-0.235879,-0.518865,0.000043,0.003249,0.004810,0.056894,0.000768,0.010802,0.026190,0.103831,0.000000,0.000000,0.000000,1.409694,-0.923644,-1.047572,0.932675,0.038575,-1.178578,3.140000,0.291100,0.000000,0.000000,0.000000,0.000000,0.000000,0.000000
1778448554.621387,sequential_ik_elbow_then_wrist,1,0,-0.221816,0.022040,-0.200778,-0.443095,-0.006492,-0.000224,0.066164,-0.145207,-0.254042,-0.045378,-0.234418,-0.517859,0.000057,0.001803,0.005782,0.041943,0.000386,0.014227,0.018610,0.119207,0.000000,0.000000,0.000000,1.429337,-0.880956,-0.796155,1.071000,0.103908,-1.139419,3.140000,0.305123,0.000000,0.000000,0.000000,0.000000,0.000000,0.000000
1778448554.676236,sequential_ik_elbow_then_wrist,1,0,-0.226665,0.021187,-0.195382,-0.448422,-0.016692,0.003084,0.069051,-0.139332,-0.256551,-0.043138,-0.223233,-0.521833,0.000017,0.003142,0.002844,0.055917,0.000262,0.015245,0.015323,0.123407,0.000000,0.000000,0.000000,1.442333,-0.841758,-0.605078,1.166673,0.165741,-1.112136,3.140000,0.325357,0.000000,0.000000,0.000000,0.000000,0.000000,0.000000
1778448554.732462,sequential_ik_elbow_then_wrist,1,0,-0.225135,0.020617,-0.197203,-0.452121,-0.022324,-0.005803,0.057143,-0.129913,-0.264306,-0.050737,-0.223221,-0.528229,0.000000,0.003994,0.000384,0.063122,0.000059,0.017692,0.006337,0.132966,0.000000,0.000000,0.000000,1.451654,-0.811904,-0.459859,1.231770,0.216582,-1.101142,3.140000,0.332253,0.000000,0.000000,0.000000,0.000000,0.000000,0.000000
1778448554.791699,sequential_ik_elbow_then_wrist,1,0,-0.210752,0.020592,-0.212508,-0.437600,-0.036802,-0.024768,0.045280,-0.119726,-0.271322,-0.061363,-0.162932,-0.548378,0.000053,0.006275,0.004851,0.079167,0.000046,0.014116,0.004627,0.118513,0.000000,0.000000,0.000000,1.457723,-0.802135,-0.349493,1.288032,0.254226,-1.104574,3.140000,0.357600,0.000000,0.000000,0.000000,0.000000,0.000000,0.000000
1778448554.852562,sequential_ik_elbow_then_wrist,1,0,-0.198190,0.026322,-0.223669,-0.424471,-0.041747,-0.038835,0.029605,-0.104613,-0.279606,-0.078208,-0.117508,-0.559267,0.000071,0.008424,0.006115,0.091657,0.000153,0.013277,0.010290,0.115134,0.000000,0.000000,0.000000,1.457702,-0.807726,-0.265615,1.342375,0.278126,-1.123041,3.140000,0.387892,0.000000,0.000000,0.000000,0.000000,0.000000,0.000000
1778448554.906470,sequential_ik_elbow_then_wrist,1,0,-0.199188,0.024244,-0.223016,-0.420051,-0.040791,-0.030688,0.028863,-0.097573,-0.282217,-0.065718,-0.098023,-0.566917,0.000003,0.008283,0.001184,0.090904,0.000053,0.009101,0.006325,0.095396,0.000000,0.000000,0.000000,1.456735,-0.814325,-0.201867,1.394283,0.293560,-1.145178,3.140000,0.409296,0.000000,0.000000,0.000000,0.000000,0.000000,0.000000
1778448554.970925,sequential_ik_elbow_then_wrist,1,0,-0.195005,0.023438,-0.226768,-0.419294,-0.031006,-0.035116,0.037921,-0.092612,-0.282816,-0.025345,-0.087498,-0.576024,0.000005,0.006607,0.001517,0.081269,0.000018,0.002917,0.004021,0.053919,0.000000,0.000000,0.000000,1.455710,-0.823375,-0.153419,1.437117,0.307080,-1.164905,3.140000,0.418173,0.000000,0.000000,0.000000,0.000000,0.000000,0.000000
1778448555.048880,sequential_ik_elbow_then_wrist,1,0,-0.201645,0.028824,-0.220246,-0.430608,-0.027452,-0.034750,0.031585,-0.086804,-0.285425,-0.027258,-0.087955,-0.579596,0.000015,0.007037,0.003065,0.083827,0.000010,0.003139,0.002090,0.055866,0.000000,0.000000,0.000000,1.452090,-0.825153,-0.116598,1.462233,0.317323,-1.185530,3.140000,0.414790,0.000000,0.000000,0.000000,0.000000,0.000000,0.000000
1778448555.101718,sequential_ik_elbow_then_wrist,1,0,-0.204424,0.034912,-0.216777,-0.436075,-0.021995,-0.034845,0.027727,-0.086913,-0.285793,-0.030658,-0.090698,-0.580032,0.000025,0.007741,0.004246,0.087933,0.000012,0.003554,0.003317,0.059558,0.000000,0.000000,0.000000,1.444533,-0.822232,-0.088615,1.474271,0.323775,-1.203272,3.140000,0.405706,0.000000,0.000000,0.000000,0.000000,0.000000,0.000000
1778448555.165428,sequential_ik_elbow_then_wrist,1,0,-0.211370,0.035777,-0.209864,-0.457355,-0.013121,-0.045243,0.023923,-0.090303,-0.285084,-0.046380,-0.107074,-0.576248,0.000019,0.007582,0.003153,0.086617,0.000049,0.006277,0.006864,0.079175,0.000000,0.000000,0.000000,1.436548,-0.812944,-0.067347,1.462068,0.325852,-1.215936,3.140000,0.391734,0.000000,0.000000,0.000000,0.000000,0.000000,0.000000
1778448555.223806,sequential_ik_elbow_then_wrist,1,0,-0.232990,0.034587,-0.185794,-0.488813,-0.008904,-0.035253,0.008066,-0.093291,-0.285012,-0.062219,-0.119689,-0.575465,0.000145,0.007213,0.008033,0.083893,0.000402,0.009068,0.019756,0.095149,0.000000,0.000000,0.000000,1.432202,-0.784485,-0.051184,1.421060,0.319337,-1.226438,3.140000,0.371833,0.000000,0.000000,0.000000,0.000000,0.000000,0.000000
1778448555.272470,sequential_ik_elbow_then_wrist,0,0,-0.244989,0.024859,-0.171354,-0.494487,-0.021647,-0.011392,-0.018425,-0.093969,-0.284307,-0.153092,-0.138824,-0.548604,0.000112,0.006600,0.007587,0.081051,0.001625,0.034207,0.039761,0.184910,0.000000,0.000000,0.000000,1.436614,-0.746902,-0.038900,1.376546,0.298748,-1.237465,3.140000,0.347395,0.000000,0.000000,0.000000,0.000000,0.000000,0.000000
1778448555.335024,sequential_ik_elbow_then_wrist,0,0,-0.259108,0.021426,-0.149680,-0.506869,-0.011025,0.016336,-0.017076,-0.094198,-0.284315,-0.206574,-0.191116,-0.495733,0.000136,0.003564,0.007966,0.059375,0.001160,0.063703,0.033609,0.251820,0.000000,0.000000,0.000000,1.445990,-0.698830,-0.029564,1.327714,0.269922,-1.244919,3.140000,0.287981,0.000000,0.000000,0.000000,0.000000,0.000000,0.000000
1778448555.392872,sequential_ik_elbow_then_wrist,0,0,-0.253915,0.029530,-0.157019,-0.494822,0.005944,0.020202,-0.053207,-0.095781,-0.279276,-0.322134,-0.188165,-0.374898,0.000005,0.002313,0.001791,0.048071,0.003812,0.150216,0.060925,0.387038,0.000000,0.000000,0.000000,1.449816,-0.663083,-0.022469,1.294064,0.223990,-1.249340,3.140000,0.193780,0.000000,0.000000,0.000000,0.000000,0.000000,0.000000
1778448555.459616,sequential_ik_elbow_then_wrist,0,0,-0.242051,0.073744,-0.161162,-0.471363,0.042229,0.029685,-0.073415,-0.100679,-0.272899,-0.354294,-0.203742,-0.294927,0.000415,0.004795,0.016178,0.068808,0.004997,0.180037,0.069504,0.424201,0.000000,0.000000,0.000000,1.423200,-0.639519,-0.017076,1.287102,0.159319,-1.244216,3.140000,0.099273,0.000000,0.000000,0.000000,0.000000,0.000000,0.000000
1778448555.505660,sequential_ik_elbow_then_wrist,0,0,-0.238624,0.120546,-0.136115,-0.457069,0.102375,0.068706,-0.075907,-0.148798,-0.249193,-0.344722,-0.262682,-0.180138,0.000751,0.006663,0.020986,0.081543,0.003150,0.182073,0.051928,0.426700,0.000000,0.000000,0.000000,1.364163,-0.604832,-0.012978,1.290827,0.078882,-1.199900,3.140000,0.027448,0.000000,0.000000,0.000000,0.000000,0.000000,0.000000
1778448555.578036,sequential_ik_elbow_then_wrist,0,0,-0.245251,0.141665,-0.098909,-0.458093,0.129840,0.112179,-0.107981,-0.162212,-0.228095,-0.379992,-0.238216,-0.126934,0.000463,0.010154,0.015027,0.100670,0.002809,0.175974,0.048279,0.419493,0.000000,0.000000,0.000000,1.296673,-0.549197,-0.009863,1.283074,-0.023950,-1.134341,3.140000,-0.027140,0.000000,0.000000,0.000000,0.000000,0.000000,0.000000
1778448555.636960,sequential_ik_elbow_then_wrist,0,0,-0.224636,0.189991,-0.058670,-0.391994,0.170508,0.189547,-0.100561,-0.206849,-0.192616,-0.353742,-0.273245,-0.046018,0.000839,0.010453,0.019958,0.101914,0.000708,0.092421,0.019127,0.286179,0.000000,0.000000,0.000000,1.206763,-0.474586,-0.007496,1.296709,-0.115731,-1.042283,2.386400,0.177565,0.000000,0.000000,0.000000,0.000000,0.000000,0.000000
1778448555.715615,sequential_ik_elbow_then_wrist,1,0,-0.200532,0.216040,-0.055802,-0.362862,0.196329,0.195715,-0.112148,-0.238564,-0.143214,-0.303758,-0.321528,0.072198,0.000356,0.014085,0.012914,0.118620,0.000698,0.025798,0.017705,0.152235,0.000000,0.000000,0.000000,1.106799,-0.408522,-0.005697,1.316082,-0.190711,-0.925547,1.813664,0.456053,0.000000,0.000000,0.000000,0.000000,0.000000,0.000000
1778448555.765265,sequential_ik_elbow_then_wrist,1,0,-0.192756,0.225607,-0.044125,-0.325563,0.212597,0.224563,-0.140567,-0.247448,-0.094924,-0.325853,-0.295703,0.136032,0.000103,0.010740,0.006854,0.103495,0.000675,0.022240,0.017622,0.148918,0.000000,0.000000,0.000000,1.015589,-0.348767,-0.004330,1.343621,-0.263022,-0.793646,1.378385,0.686851,0.000000,0.000000,0.000000,0.000000,0.000000,0.000000
1778448555.842059,sequential_ik_elbow_then_wrist,1,0,-0.181321,0.233890,-0.049175,-0.327669,0.240260,0.212630,-0.100684,-0.275861,-0.061345,-0.227501,-0.335294,0.203958,0.000049,0.011613,0.004737,0.107701,0.000532,0.007214,0.015729,0.084891,0.000000,0.000000,0.000000,0.933950,-0.304314,-0.003291,1.355582,-0.292391,-0.662065,1.047572,0.868797,0.000000,0.000000,0.000000,0.000000,0.000000,0.000000
1778448555.876568,sequential_ik_elbow_then_wrist,1,0,-0.175242,0.240177,-0.040066,-0.329986,0.253575,0.216595,-0.101682,-0.279126,-0.041828,-0.211006,-0.336284,0.231633,0.000031,0.013239,0.003751,0.114963,0.000133,0.006401,0.007685,0.079973,0.000000,0.000000,0.000000,0.863628,-0.265058,-0.002501,1.353361,-0.308116,-0.542545,0.796155,1.001548,0.000000,0.000000,0.000000,0.000000,0.000000,0.000000
1778448555.936073,sequential_ik_elbow_then_wrist,1,0,-0.170557,0.243960,-0.037331,-0.331925,0.261830,0.214941,-0.098400,-0.281747,-0.030593,-0.222912,-0.331650,0.237747,0.000013,0.014812,0.002411,0.121647,0.000046,0.010027,0.004516,0.100062,0.000000,0.000000,0.000000,0.804519,-0.232267,-0.001901,1.342608,-0.316036,-0.440252,0.605078,1.093135,0.000000,0.000000,0.000000,0.000000,0.000000,0.000000
1778448555.997990,sequential_ik_elbow_then_wrist,1,0,-0.166617,0.247633,-0.030273,-0.328886,0.272526,0.220823,-0.099544,-0.282659,-0.013967,-0.233485,-0.328282,0.250566,0.000015,0.014573,0.002560,0.120666,0.000052,0.012637,0.004792,0.112305,0.000000,0.000000,0.000000,0.754976,-0.202285,-0.001444,1.325852,-0.321591,-0.349601,0.459859,1.150892,0.000000,0.000000,0.000000,0.000000,0.000000,0.000000
1778448556.059514,sequential_ik_elbow_then_wrist,1,0,-0.161545,0.251626,-0.024242,-0.322299,0.287326,0.226525,-0.081846,-0.288618,0.000878,-0.202148,-0.336001,0.271585,0.000015,0.013332,0.002622,0.115400,0.000088,0.009670,0.006236,0.098305,0.000000,0.000000,0.000000,0.712276,-0.174605,-0.001098,1.303842,-0.314182,-0.268593,0.349493,1.188685,0.000000,0.000000,0.000000,0.000000,0.000000,0.000000
1778448556.116024,sequential_ik_elbow_then_wrist,1,0,-0.159473,0.253249,-0.020818,-0.320484,0.291617,0.229389,-0.083796,-0.288026,0.004378,-0.218440,-0.333449,0.268590,0.000006,0.013569,0.001589,0.116462,0.000008,0.013934,0.001903,0.118000,0.000000,0.000000,0.000000,0.677039,-0.150329,-0.000834,1.281488,-0.307144,-0.202092,0.265615,1.209642,0.000000,0.000000,0.000000,0.000000,0.000000,0.000000
1778448556.183354,sequential_ik_elbow_then_wrist,1,0,-0.155389,0.255869,-0.019632,-0.312641,0.294096,0.232975,-0.067839,-0.292047,0.010306,-0.205534,-0.335947,0.273199,0.000005,0.013183,0.001463,0.114819,0.000041,0.014856,0.004275,0.121884,0.000000,0.000000,0.000000,0.646622,-0.130405,-0.000634,1.264769,-0.291320,-0.146763,0.201867,1.223533,0.000000,0.000000,0.000000,0.000000,0.000000,0.000000
1778448556.238213,sequential_ik_elbow_then_wrist,1,0,-0.149525,0.259547,-0.016660,-0.302706,0.297050,0.238544,-0.081013,-0.288823,0.004243,-0.246833,-0.320316,0.252259,0.000010,0.012875,0.002067,0.113465,0.000013,0.025465,0.002423,0.159578,0.000000,0.000000,0.000000,0.618396,-0.113089,-0.000482,1.254287,-0.285263,-0.107359,0.153419,1.233187,0.000000,0.000000,0.000000,0.000000,0.000000,0.000000
1778448556.307503,sequential_ik_elbow_then_wrist,0,0,-0.149195,0.259765,-0.016208,-0.301124,0.297285,0.239741,-0.090005,-0.286180,-0.000393,-0.279856,-0.309886,0.230680,0.000001,0.013094,0.000602,0.114430,0.000020,0.034742,0.002947,0.186386,0.000000,0.000000,0.000000,0.595526,-0.099151,-0.000366,1.247124,-0.287809,-0.080879,0.116598,1.236577,0.000000,0.000000,0.000000,0.000000,0.000000,0.000000
1778448556.366940,sequential_ik_elbow_then_wrist,0,0,-0.148690,0.260162,-0.014396,-0.301153,0.300180,0.240856,-0.098256,-0.283421,-0.004303,-0.292520,-0.308469,0.222928,0.000001,0.013037,0.000550,0.114175,0.000018,0.035331,0.002857,0.187954,0.000000,0.000000,0.000000,0.577427,-0.087261,-0.000278,1.239518,-0.296747,-0.063960,0.088615,1.234288,0.000000,0.000000,0.000000,0.000000,0.000000,0.000000
1778448556.426396,sequential_ik_elbow_then_wrist,1,0,-0.146442,0.261722,-0.007511,-0.301015,0.304892,0.245952,-0.095038,-0.284543,0.001697,-0.277598,-0.318323,0.237347,0.000007,0.013182,0.001821,0.114785,0.000003,0.028502,0.001116,0.168819,0.000000,0.000000,0.000000,0.561825,-0.073677,-0.000212,1.227881,-0.303041,-0.048132,0.067347,1.228843,0.000000,0.000000,0.000000,0.000000,0.000000,0.000000
1778448556.485917,sequential_ik_elbow_then_wrist,1,0,-0.142373,0.263517,0.017002,-0.293643,0.313007,0.271301,-0.052341,-0.294039,0.028312,-0.172737,-0.353456,0.296592,0.000084,0.011941,0.006113,0.109129,0.000321,0.009246,0.011952,0.096157,0.000000,0.000000,0.000000,0.546811,-0.047185,-0.000161,1.205387,-0.280727,-0.018965,0.051184,1.223587,0.000000,0.000000,0.000000,0.000000,0.000000,0.000000
1778448556.550542,sequential_ik_elbow_then_wrist,1,0,-0.139990,0.262221,0.040534,-0.286579,0.317329,0.296414,-0.027104,-0.293396,0.056429,-0.125357,-0.354748,0.333164,0.000105,0.010760,0.006815,0.103475,0.000292,0.006780,0.011451,0.082268,0.000000,0.000000,0.000000,0.533762,-0.008764,-0.000122,1.170821,-0.242184,0.024665,0.038900,1.211450,0.000000,0.000000,0.000000,0.000000,0.000000,0.000000
1778448556.604892,sequential_ik_elbow_then_wrist,1,0,-0.137094,0.259587,0.061803,-0.275121,0.309115,0.323519,-0.041426,-0.286796,0.077667,-0.157453,-0.316505,0.352722,0.000096,0.009823,0.006513,0.099017,0.000110,0.012886,0.007003,0.113515,0.000000,0.000000,0.000000,0.522650,0.037941,-0.000093,1.134172,-0.217106,0.076155,0.029564,1.203095,0.000000,0.000000,0.000000,0.000000,0.000000,0.000000
1778448556.664727,sequential_ik_elbow_then_wrist,1,0,-0.144307,0.252268,0.074406,-0.286427,0.281693,0.336963,-0.059284,-0.271967,0.111889,-0.176147,-0.259621,0.387915,0.000056,0.012796,0.005006,0.113109,0.000283,0.015304,0.011372,0.123701,0.000000,0.000000,0.000000,0.520018,0.085433,-0.000071,1.102253,-0.211546,0.141778,0.022469,1.200499,0.000000,0.000000,0.000000,0.000000,0.000000,0.000000
1778448556.719064,sequential_ik_elbow_then_wrist,1,0,-0.147848,0.247864,0.081881,-0.292927,0.233190,0.344058,-0.096122,-0.254031,0.127393,-0.227665,-0.188301,0.388882,0.000025,0.018943,0.003371,0.137506,0.000399,0.026181,0.014407,0.161761,0.000000,0.000000,0.000000,0.522715,0.129048,-0.000054,1.092171,-0.236006,0.208334,0.017076,1.207723,0.000000,0.000000,0.000000,0.000000,0.000000,0.000000
1778448556.784988,sequential_ik_elbow_then_wrist,0,0,-0.183259,0.218572,0.092964,-0.324226,0.152289,0.349353,-0.146255,-0.217695,0.145664,-0.288287,-0.100181,0.382344,0.000328,0.028627,0.012706,0.169085,0.000965,0.044687,0.023413,0.211393,0.000000,0.000000,0.000000,0.554371,0.171213,-0.000041,1.099071,-0.300528,0.275905,0.012978,1.214056,0.000000,0.000000,0.000000,0.000000,0.000000,0.000000
1778448556.840954,sequential_ik_elbow_then_wrist,0,0,-0.144920,0.206722,0.162062,-0.181077,0.103897,0.441561,-0.165354,-0.192272,0.160280,-0.311691,-0.036293,0.370652,0.000776,0.007747,0.018656,0.086915,0.000548,0.058722,0.018071,0.242321,0.000000,0.000000,0.000000,0.571373,0.252431,-0.000031,1.137677,-0.382373,0.341371,0.009863,1.214728,0.000000,0.000000,0.000000,0.000000,0.000000,0.000000
1778448556.907428,sequential_ik_elbow_then_wrist,0,0,-0.099761,0.186876,0.212427,-0.080201,0.059026,0.483115,-0.116717,-0.190487,0.200229,-0.253426,-0.017183,0.403395,0.001031,0.001617,0.022609,0.040169,0.000453,0.046079,0.014990,0.214659,0.000000,0.000000,0.000000,0.565745,0.365636,-0.000024,1.171368,-0.431463,0.424920,0.007496,1.217082,0.000000,0.000000,0.000000,0.000000,0.000000,0.000000
1778448556.965817,sequential_ik_elbow_then_wrist,1,0,-0.103530,0.168140,0.225855,-0.079162,0.032233,0.492192,-0.101284,-0.179303,0.218156,-0.193179,0.006396,0.435115,0.000176,0.002631,0.008821,0.051005,0.000230,0.030659,0.011031,0.175070,0.000000,0.000000,0.000000,0.561954,0.475404,-0.000018,1.183974,-0.459454,0.511586,0.005697,1.226293,0.000000,0.000000,0.000000,0.000000,0.000000,0.000000
1778448557.027631,sequential_ik_elbow_then_wrist,1,0,-0.104062,0.150546,0.237712,-0.066560,0.005218,0.497469,-0.101685,-0.166529,0.227878,-0.142559,0.027251,0.453220,0.000126,0.002830,0.008347,0.053123,0.000063,0.019238,0.005264,0.138661,0.000000,0.000000,0.000000,0.565035,0.575857,-0.000014,1.186575,-0.480738,0.591639,0.004330,1.241263,0.000000,0.000000,0.000000,0.000000,0.000000,0.000000
1778448557.080211,sequential_ik_elbow_then_wrist,1,0,-0.096641,0.136124,0.249260,-0.046701,-0.022202,0.499138,-0.113911,-0.153312,0.231343,-0.120343,0.042995,0.458107,0.000102,0.002620,0.007333,0.051181,0.000117,0.015777,0.009520,0.125593,0.000000,0.000000,0.000000,0.571434,0.668288,-0.000010,1.186737,-0.507142,0.659219,0.003291,1.257070,0.000000,0.000000,0.000000,0.000000,0.000000,0.000000
1778448557.145874,sequential_ik_elbow_then_wrist,1,0,-0.089378,0.112814,0.263220,-0.025313,-0.046814,0.509014,-0.108244,-0.144326,0.239694,-0.093159,0.059732,0.459086,0.000193,0.002324,0.010715,0.048031,0.000063,0.012474,0.006450,0.111669,0.000000,0.000000,0.000000,0.582352,0.758926,-0.000008,1.176829,-0.532733,0.720333,0.002501,1.274139,0.000000,0.000000,0.000000,0.000000,0.000000,0.000000
1778448557.213824,sequential_ik_elbow_then_wrist,1,0,-0.087909,0.098885,0.269247,-0.017965,-0.063767,0.511429,-0.120396,-0.139889,0.236508,-0.105267,0.069529,0.450787,0.000171,0.002811,0.011536,0.052885,0.000119,0.016397,0.010042,0.128045,0.000000,0.000000,0.000000,0.597862,0.840702,-0.000006,1.160151,-0.562383,0.765927,0.001901,1.290312,0.000000,0.000000,0.000000,0.000000,0.000000,0.000000
1778448557.258497,sequential_ik_elbow_then_wrist,1,0,-0.091225,0.086662,0.272337,-0.027749,-0.075667,0.516509,-0.127264,-0.134232,0.236190,-0.116819,0.076773,0.449187,0.000276,0.004878,0.015783,0.069651,0.000133,0.020110,0.010608,0.141807,0.000000,0.000000,0.000000,0.619294,0.910601,-0.000005,1.135176,-0.595750,0.800090,0.001444,1.300648,0.000000,0.000000,0.000000,0.000000,0.000000,0.000000
1778448557.348876,sequential_ik_elbow_then_wrist,1,0,-0.092257,0.075258,0.275363,-0.019941,-0.078102,0.522853,-0.114175,-0.122173,0.249074,-0.060963,0.077776,0.466304,0.000372,0.004530,0.018567,0.067155,0.000084,0.009534,0.007046,0.097634,0.000000,0.000000,0.000000,0.646139,0.970383,-0.000003,1.105348,-0.625861,0.839301,0.001098,1.305700,0.000000,0.000000,0.000000,0.000000,0.000000,0.000000
1778448557.380841,sequential_ik_elbow_then_wrist,1,0,-0.095208,0.067003,0.276489,-0.028607,-0.077055,0.531070,-0.113585,-0.111486,0.254301,-0.035831,0.077759,0.473711,0.000457,0.005633,0.020810,0.074798,0.000088,0.006305,0.008159,0.079372,0.000000,0.000000,0.000000,0.677827,1.019396,-0.000003,1.067847,-0.655128,0.878132,0.000834,1.303883,0.000000,0.000000,0.000000,0.000000,0.000000,0.000000
1778448557.454937,sequential_ik_elbow_then_wrist,1,0,-0.100310,0.066718,0.274748,-0.040156,-0.078114,0.530493,-0.119181,-0.099606,0.256660,-0.079612,0.088236,0.487202,0.000397,0.007235,0.019418,0.085014,0.000194,0.014619,0.013046,0.120452,0.000000,0.000000,0.000000,0.712502,1.054554,-0.000002,1.032732,-0.687810,0.912746,0.000634,1.277251,0.000000,0.000000,0.000000,0.000000,0.000000,0.000000
1778448557.519172,sequential_ik_elbow_then_wrist,1,0,-0.099607,0.065832,0.275218,-0.042184,-0.080980,0.530460,-0.113238,-0.094581,0.261211,-0.076883,0.091975,0.493322,0.000249,0.007987,0.015383,0.089362,0.000091,0.014770,0.008727,0.121378,0.000000,0.000000,0.000000,0.747336,1.081129,-0.000002,1.003228,-0.719042,0.945566,0.000482,1.242256,0.000000,0.000000,0.000000,0.000000,0.000000,0.000000
1778448557.583735,sequential_ik_elbow_then_wrist,1,0,-0.098408,0.063373,0.276224,-0.037938,-0.085159,0.529763,-0.082274,-0.086711,0.275159,0.010829,0.083452,0.504017,0.000179,0.008196,0.013025,0.090531,0.000164,0.002765,0.009339,0.052582,0.000000,0.000000,0.000000,0.780909,1.102686,-0.000001,0.980480,-0.739375,0.991219,0.000366,1.214793,0.000000,0.000000,0.000000,0.000000,0.000000,0.000000
1778448557.633924,sequential_ik_elbow_then_wrist,1,0,-0.095133,0.059764,0.278169,-0.036812,-0.089085,0.532024,-0.056020,-0.085529,0.282040,0.039246,0.078561,0.514417,0.000131,0.008762,0.011099,0.093586,0.000455,0.000747,0.019681,0.026592,0.000000,0.000000,0.000000,0.812246,1.122393,-0.000001,0.958852,-0.745171,1.043188,0.000278,1.178688,0.000000,0.000000,0.000000,0.000000,0.000000,0.000000
1778448557.693161,sequential_ik_elbow_then_wrist,1,0,-0.087934,0.057146,0.281073,-0.022606,-0.089528,0.534487,-0.032289,-0.089813,0.284413,0.070864,0.066560,0.518735,0.000063,0.007332,0.007429,0.085615,0.001191,0.000168,0.033659,0.011930,0.000000,0.000000,0.000000,0.839611,1.142878,-0.000001,0.939316,-0.735020,1.093883,0.000212,1.139057,0.000000,0.000000,0.000000,0.000000,0.000000,0.000000
1778448557.749186,sequential_ik_elbow_then_wrist,1,0,-0.089967,0.053846,0.281081,-0.030002,-0.091284,0.536700,-0.035986,-0.089744,0.283991,0.057123,0.066469,0.522587,0.000087,0.008523,0.009123,0.092275,0.000716,0.000048,0.026377,0.005875,0.000000,0.000000,0.000000,0.864779,1.159821,-0.000001,0.917694,-0.716380,1.132622,0.000161,1.100077,0.000000,0.000000,0.000000,0.000000,0.000000,0.000000
1778448557.812304,sequential_ik_elbow_then_wrist,1,0,-0.091185,0.048167,0.281719,-0.033192,-0.095481,0.538628,-0.041480,-0.092617,0.282315,0.050490,0.064133,0.521001,0.000151,0.009660,0.012033,0.098257,0.000426,0.000019,0.020249,0.004406,0.000000,0.000000,0.000000,0.889552,1.174349,-0.000000,0.895597,-0.693502,1.157922,0.000122,1.071101,0.000000,0.000000,0.000000,0.000000,0.000000,0.000000
1778448557.874226,sequential_ik_elbow_then_wrist,1,0,-0.091287,0.046553,0.281957,-0.035929,-0.097277,0.539344,-0.039636,-0.093656,0.282237,0.058744,0.060999,0.519730,0.000130,0.010403,0.011209,0.101980,0.000366,0.000235,0.018811,0.015261,0.000000,0.000000,0.000000,0.913572,1.186139,-0.000000,0.874333,-0.667744,1.175880,0.000093,1.052113,0.000000,0.000000,0.000000,0.000000,0.000000,0.000000
1778448557.931237,sequential_ik_elbow_then_wrist,1,0,-0.092453,0.046935,0.281513,-0.038108,-0.097239,0.538924,-0.039433,-0.096364,0.281352,0.059892,0.057202,0.519159,0.000096,0.010752,0.009613,0.103690,0.000306,0.000438,0.017152,0.020913,0.000000,0.000000,0.000000,0.936298,1.194363,-0.000000,0.856038,-0.640344,1.187430,0.000071,1.039530,0.000000,0.000000,0.000000,0.000000,0.000000,0.000000
1778448557.995176,sequential_ik_elbow_then_wrist,1,0,-0.092376,0.048298,0.281308,-0.039377,-0.096382,0.538716,-0.043307,-0.097393,0.280427,0.049658,0.057191,0.520138,0.000051,0.010817,0.006996,0.104002,0.000149,0.000195,0.011937,0.013959,0.000000,0.000000,0.000000,0.956852,1.199939,-0.000000,0.840868,-0.613901,1.193608,0.000054,1.030299,0.000000,0.000000,0.000000,0.000000,0.000000,0.000000
1778448558.045761,sequential_ik_elbow_then_wrist,1,0,-0.089409,0.047371,0.282422,-0.033894,-0.095314,0.540412,-0.038015,-0.098726,0.280728,0.059737,0.053374,0.520122,0.000029,0.010057,0.005256,0.100283,0.000209,0.000712,0.014183,0.026690,0.000000,0.000000,0.000000,0.974889,1.205965,-0.000000,0.828016,-0.587042,1.198423,0.000041,1.023758,0.000000,0.000000,0.000000,0.000000,0.000000,0.000000
1778448558.109542,sequential_ik_elbow_then_wrist,1,0,-0.089214,0.047829,0.282406,-0.034931,-0.095437,0.540337,-0.039174,-0.097540,0.280983,0.057634,0.054152,0.521020,0.000016,0.010244,0.003960,0.101210,0.000113,0.000677,0.010433,0.026024,0.000000,0.000000,0.000000,0.990411,1.210886,-0.000000,0.816580,-0.561664,1.202269,0.000031,1.017912,0.000000,0.000000,0.000000,0.000000,0.000000,0.000000
1778448558.176033,sequential_ik_elbow_then_wrist,1,0,-0.088317,0.047672,0.282714,-0.041102,-0.094213,0.542790,-0.038381,-0.095672,0.281733,0.055097,0.056846,0.522565,0.000010,0.010718,0.003066,0.103498,0.000076,0.000567,0.008561,0.023800,0.000000,0.000000,0.000000,1.003599,1.215251,-0.000000,0.802188,-0.538358,1.206460,0.000024,1.011590,0.000000,0.000000,0.000000,0.000000,0.000000,0.000000
1778448558.234888,sequential_ik_elbow_then_wrist,1,0,-0.088446,0.049073,0.282434,-0.041311,-0.092030,0.542949,-0.036498,-0.095715,0.281969,0.056525,0.057049,0.522822,0.000003,0.010358,0.001609,0.101772,0.000076,0.000689,0.008566,0.026243,0.000000,0.000000,0.000000,1.014351,1.218174,-0.000000,0.789429,-0.516667,1.210363,0.000018,1.005604,0.000000,0.000000,0.000000,0.000000,0.000000,0.000000
1778448558.298563,sequential_ik_elbow_then_wrist,1,0,-0.089995,0.050977,0.281607,-0.045125,-0.090235,0.542462,-0.037942,-0.095251,0.281936,0.054005,0.057143,0.523435,0.000001,0.010455,0.000846,0.102249,0.000036,0.000615,0.005895,0.024788,0.000000,0.000000,0.000000,1.022804,1.218801,-0.000000,0.779005,-0.497451,1.213308,0.000014,0.999946,0.000000,0.000000,0.000000,0.000000,0.000000,0.000000
1778448558.352707,sequential_ik_elbow_then_wrist,1,0,-0.097213,0.052398,0.278934,-0.058059,-0.088457,0.540901,-0.037862,-0.094120,0.282326,0.054159,0.057614,0.524212,0.000014,0.011532,0.003047,0.107386,0.000022,0.000645,0.004602,0.025387,0.000000,0.000000,0.000000,1.030411,1.214303,-0.000000,0.770446,-0.480730,1.216206,0.000010,0.994451,0.000000,0.000000,0.000000,0.000000,0.000000,0.000000
1778448558.420897,sequential_ik_elbow_then_wrist,1,0,-0.105299,0.054846,0.275507,-0.078745,-0.083517,0.540367,-0.038798,-0.094116,0.282200,0.047533,0.056344,0.526962,0.000026,0.012865,0.004205,0.113412,0.000010,0.000415,0.003132,0.020341,0.000000,0.000000,0.000000,1.037987,1.204226,-0.000000,0.759992,-0.466582,1.218293,0.000008,0.987116,0.000000,0.000000,0.000000,0.000000,0.000000,0.000000
1778448558.481763,sequential_ik_elbow_then_wrist,1,0,-0.109977,0.064521,0.271555,-0.094798,-0.065196,0.541634,-0.046022,-0.092641,0.281602,0.020348,0.058931,0.531843,0.000022,0.011135,0.003497,0.105501,0.000012,0.000045,0.003411,0.006310,0.000000,0.000000,0.000000,1.042521,1.189083,-0.000000,0.747155,-0.457403,1.218779,0.000006,0.975956,0.000000,0.000000,0.000000,0.000000,0.000000,0.000000
1778448558.534412,sequential_ik_elbow_then_wrist,1,0,-0.115617,0.076180,0.266138,-0.103788,-0.045446,0.540122,-0.056962,-0.100100,0.277011,0.004145,0.043864,0.533019,0.000078,0.008799,0.007754,0.093798,0.000091,0.000239,0.008772,0.015409,0.000000,0.000000,0.000000,1.041538,1.168433,-0.000000,0.739043,-0.454573,1.211288,0.000005,0.964687,0.000000,0.000000,0.000000,0.000000,0.000000,0.000000
1778448558.592265,sequential_ik_elbow_then_wrist,1,0,-0.130067,0.100957,0.250779,-0.135755,-0.002678,0.532253,-0.069113,-0.105352,0.272258,-0.033792,0.033242,0.535970,0.000343,0.006183,0.015841,0.078633,0.000207,0.002079,0.013573,0.045545,0.000000,0.000000,0.000000,1.030244,1.132215,-0.000000,0.733226,-0.459756,1.196771,0.000003,0.950730,0.000000,0.000000,0.000000,0.000000,0.000000,0.000000
1778448558.642855,sequential_ik_elbow_then_wrist,1,0,-0.160472,0.116822,0.224948,-0.200768,0.040543,0.512276,-0.083803,-0.110935,0.265839,-0.087733,0.018868,0.536275,0.000346,0.006813,0.013025,0.082516,0.000361,0.007475,0.017893,0.086325,0.000000,0.000000,0.000000,1.015897,1.073359,-0.000000,0.723818,-0.474607,1.175050,0.000003,0.928740,0.000000,0.000000,0.000000,0.000000,0.000000,0.000000
1778448558.724602,sequential_ik_elbow_then_wrist,1,0,-0.160025,0.133169,0.216005,-0.238037,0.090210,0.502481,-0.072369,-0.127251,0.261859,-0.109111,-0.015351,0.537772,0.000189,0.005438,0.011253,0.073430,0.000022,0.007893,0.003140,0.088586,0.000000,0.000000,0.000000,0.993637,1.013420,-0.000000,0.700449,-0.485570,1.150171,0.000002,0.895777,0.000000,0.000000,0.000000,0.000000,0.000000,0.000000
1778448558.780987,sequential_ik_elbow_then_wrist,1,0,-0.135483,0.149669,0.221909,-0.214085,0.131467,0.510856,-0.069262,-0.138703,0.256835,-0.104903,-0.045243,0.539669,0.000447,0.002343,0.018939,0.048293,0.000059,0.005093,0.006673,0.071294,0.000000,0.000000,0.000000,0.954261,0.970228,-0.000000,0.674646,-0.489411,1.123261,0.000002,0.863255,0.000000,0.000000,0.000000,0.000000,0.000000,0.000000
1778448558.841436,sequential_ik_elbow_then_wrist,1,0,-0.115389,0.169719,0.218817,-0.193772,0.186491,0.507910,-0.069146,-0.152829,0.248721,-0.123119,-0.093662,0.537834,0.000697,0.000693,0.023639,0.025804,0.000113,0.004721,0.009138,0.068321,0.000000,0.000000,0.000000,0.896173,0.935510,-0.000000,0.642474,-0.485555,1.091739,0.000001,0.821021,0.000000,0.000000,0.000000,0.000000,0.000000,0.000000
1778448558.909413,sequential_ik_elbow_then_wrist,1,0,-0.101513,0.185998,0.212367,-0.180071,0.239337,0.496943,-0.069161,-0.174319,0.234157,-0.174105,-0.137842,0.512826,0.000600,0.000255,0.021659,0.014791,0.000220,0.010796,0.012204,0.103668,0.000000,0.000000,0.000000,0.825316,0.902769,-0.000000,0.603589,-0.472752,1.050156,0.000001,0.772195,0.000000,0.000000,0.000000,0.000000,0.000000,0.000000
1778448558.974109,sequential_ik_elbow_then_wrist,1,0,-0.099197,0.196990,0.203359,-0.186921,0.266359,0.481734,-0.066200,-0.185774,0.226066,-0.198659,-0.163824,0.494343,0.000263,0.000801,0.013860,0.028162,0.000151,0.015844,0.010411,0.125836,0.000000,0.000000,0.000000,0.753689,0.868178,-0.000000,0.567129,-0.452867,1.006694,0.000001,0.727808,0.000000,0.000000,0.000000,0.000000,0.000000,0.000000
1778448559.024449,sequential_ik_elbow_then_wrist,1,0,-0.096653,0.195960,0.205567,-0.187494,0.270462,0.481606,-0.065135,-0.193710,0.219623,-0.209904,-0.189697,0.482350,0.000059,0.001498,0.006706,0.038690,0.000080,0.018220,0.007479,0.134955,0.000000,0.000000,0.000000,0.690135,0.841281,-0.000000,0.537182,-0.429910,0.964922,0.000001,0.687716,0.000000,0.000000,0.000000,0.000000,0.000000,0.000000
1778448559.094894,sequential_ik_elbow_then_wrist,1,0,-0.099112,0.194935,0.205371,-0.191834,0.267342,0.481342,-0.071938,-0.196343,0.215115,-0.219052,-0.198916,0.476555,0.000004,0.002240,0.001809,0.047329,0.000012,0.019811,0.002351,0.140750,0.000000,0.000000,0.000000,0.639372,0.820458,-0.000000,0.515106,-0.411715,0.927053,0.000000,0.656204,0.000000,0.000000,0.000000,0.000000,0.000000,0.000000
1778448559.140413,sequential_ik_elbow_then_wrist,1,0,-0.106297,0.190963,0.205509,-0.205772,0.257537,0.480596,-0.078878,-0.200068,0.209168,-0.230355,-0.208209,0.467989,0.000011,0.003483,0.002854,0.059015,0.000019,0.021034,0.003248,0.145031,0.000000,0.000000,0.000000,0.604690,0.804671,-0.000000,0.499010,-0.400651,0.891689,0.000000,0.630951,0.000000,0.000000,0.000000,0.000000,0.000000,0.000000
1778448559.193475,sequential_ik_elbow_then_wrist,1,0,-0.106714,0.189339,0.206792,-0.205212,0.256774,0.482020,-0.070889,-0.204853,0.207388,-0.209471,-0.214788,0.473276,0.000005,0.003088,0.001835,0.055566,0.000016,0.016148,0.003392,0.127040,0.000000,0.000000,0.000000,0.580763,0.793762,-0.000000,0.485856,-0.387989,0.861792,0.000000,0.618827,0.000000,0.000000,0.000000,0.000000,0.000000,0.000000
1778448559.267243,sequential_ik_elbow_then_wrist,1,0,-0.107596,0.185370,0.209907,-0.209901,0.246708,0.485173,-0.071770,-0.204957,0.206982,-0.215187,-0.217650,0.470175,0.000008,0.003717,0.002314,0.060966,0.000002,0.017759,0.001153,0.133264,0.000000,0.000000,0.000000,0.565306,0.788394,-0.000000,0.475445,-0.376908,0.838015,0.000000,0.610000,0.000000,0.000000,0.000000,0.000000,0.000000,0.000000
1778448559.323378,sequential_ik_elbow_then_wrist,1,0,-0.103037,0.184672,0.212790,-0.208775,0.242750,0.487465,-0.066341,-0.204565,0.209170,-0.201424,-0.215769,0.476802,0.000004,0.004004,0.001384,0.063276,0.000011,0.015501,0.002828,0.124490,0.000000,0.000000,0.000000,0.552605,0.787482,-0.000000,0.465748,-0.364800,0.821589,0.000000,0.607262,0.000000,0.000000,0.000000,0.000000,0.000000,0.000000
1778448559.393521,sequential_ik_elbow_then_wrist,1,0,-0.098463,0.185157,0.214528,-0.199752,0.247593,0.489922,-0.065847,-0.203640,0.210226,-0.198765,-0.213320,0.478999,0.000009,0.003239,0.002484,0.056902,0.000003,0.015529,0.001428,0.124613,0.000000,0.000000,0.000000,0.539959,0.789051,-0.000000,0.455665,-0.353816,0.810382,0.000000,0.607267,0.000000,0.000000,0.000000,0.000000,0.000000,0.000000
1778448559.443964,sequential_ik_elbow_then_wrist,1,0,-0.097713,0.184644,0.215311,-0.196452,0.245172,0.492054,-0.058702,-0.203553,0.212415,-0.188844,-0.211067,0.482612,0.000003,0.003283,0.001384,0.057293,0.000020,0.014674,0.003857,0.121133,0.000000,0.000000,0.000000,0.528690,0.791445,-0.000000,0.448464,-0.340559,0.804083,0.000000,0.609983,0.000000,0.000000,0.000000,0.000000,0.000000,0.000000
1778448559.498311,sequential_ik_elbow_then_wrist,1,0,-0.095887,0.184064,0.216624,-0.189028,0.239210,0.496416,-0.062020,-0.203670,0.211358,-0.195344,-0.207486,0.480077,0.000003,0.003090,0.001377,0.055555,0.000000,0.016681,0.000338,0.129154,0.000000,0.000000,0.000000,0.518535,0.794708,-0.000000,0.447268,-0.330100,0.798855,0.000000,0.614189,0.000000,0.000000,0.000000,0.000000,0.000000,0.000000
1778448559.574445,sequential_ik_elbow_then_wrist,1,0,-0.096193,0.181389,0.218735,-0.182428,0.239274,0.500183,-0.070096,-0.203102,0.209371,-0.216648,-0.209247,0.471066,0.000002,0.002438,0.000832,0.049381,0.000017,0.020989,0.003554,0.144861,0.000000,0.000000,0.000000,0.510969,0.799407,-0.000000,0.446577,-0.326738,0.793084,0.000000,0.612509,0.000000,0.000000,0.000000,0.000000,0.000000,0.000000
1778448559.618861,sequential_ik_elbow_then_wrist,1,0,-0.095545,0.181649,0.218803,-0.174127,0.238191,0.502753,-0.069935,-0.203767,0.208777,-0.209766,-0.207595,0.474169,0.000000,0.001846,0.000350,0.042946,0.000003,0.018558,0.001471,0.136223,0.000000,0.000000,0.000000,0.504876,0.803547,-0.000000,0.448667,-0.326077,0.787757,0.000000,0.613407,0.000000,0.000000,0.000000,0.000000,0.000000,0.000000
1778448559.691374,sequential_ik_elbow_then_wrist,1,0,-0.093522,0.182111,0.219293,-0.167552,0.237260,0.504736,-0.055455,-0.206171,0.210757,-0.183057,-0.207263,0.482265,0.000002,0.001537,0.001140,0.039185,0.000048,0.014108,0.006046,0.118737,0.000000,0.000000,0.000000,0.498881,0.807268,-0.000000,0.452818,-0.317652,0.785266,0.000000,0.621452,0.000000,0.000000,0.000000,0.000000,0.000000,0.000000
1778448559.755269,sequential_ik_elbow_then_wrist,1,0,-0.099653,0.189781,0.209887,-0.182444,0.240648,0.493715,-0.048081,-0.210044,0.208734,-0.183758,-0.207483,0.476288,0.000021,0.002554,0.003055,0.050498,0.000056,0.016705,0.006519,0.129227,0.000000,0.000000,0.000000,0.494788,0.801919,-0.000000,0.460576,-0.302657,0.781994,0.000000,0.633362,0.000000,0.000000,0.000000,0.000000,0.000000,0.000000
1778448559.800712,sequential_ik_elbow_then_wrist,1,0,-0.104155,0.210119,0.187088,-0.205456,0.264556,0.464170,-0.048703,-0.219348,0.198783,-0.200281,-0.231057,0.457408,0.000139,0.004193,0.007951,0.064692,0.000041,0.021465,0.004838,0.146498,0.000000,0.000000,0.000000,0.488628,0.777209,-0.000000,0.473061,-0.286276,0.770770,0.000000,0.638278,0.000000,0.000000,0.000000,0.000000,0.000000,0.000000
1778448559.863627,sequential_ik_elbow_then_wrist,1,0,-0.099962,0.243421,0.144062,-0.224332,0.306124,0.409769,-0.043096,-0.238209,0.177199,-0.198016,-0.274679,0.431501,0.000497,0.007167,0.015388,0.084402,0.000152,0.021148,0.008820,0.145418,0.000000,0.000000,0.000000,0.471289,0.721881,-0.000000,0.498439,-0.265680,0.743163,0.000000,0.639153,0.000000,0.000000,0.000000,0.000000,0.000000,0.000000
1778448559.922664,sequential_ik_elbow_then_wrist,1,0,-0.099578,0.266503,0.095187,-0.238873,0.383564,0.333710,-0.050033,-0.267895,0.125415,-0.213710,-0.355709,0.360996,0.000575,0.007245,0.016118,0.085107,0.000541,0.022570,0.015514,0.150163,0.000000,0.000000,0.000000,0.447914,0.638479,-0.000000,0.514566,-0.247413,0.680683,0.000000,0.628797,0.000000,0.000000,0.000000,0.000000,0.000000,0.000000
1778448559.994518,sequential_ik_elbow_then_wrist,0,0,-0.111658,0.275873,0.037771,-0.270157,0.436821,0.235189,-0.082073,-0.283956,0.051312,-0.313020,-0.390224,0.210594,0.000659,0.008231,0.017115,0.090670,0.001129,0.048482,0.022581,0.219971,0.000000,0.000000,0.000000,0.432096,0.529221,-0.000000,0.519368,-0.250027,0.575810,0.000000,0.597605,0.000000,0.000000,0.000000,0.000000,0.000000,0.000000
1778448560.046449,sequential_ik_elbow_then_wrist,0,0,-0.151949,0.234843,-0.108444,-0.388574,0.379346,0.006131,-0.085080,-0.280100,-0.065614,-0.320889,-0.433467,0.038660,0.003695,0.024426,0.041128,0.156275,0.002328,0.040743,0.032401,0.201819,0.000000,0.000000,0.000000,0.454432,0.344396,-0.000000,0.528104,-0.258703,0.410549,0.000000,0.565568,0.000000,0.000000,0.000000,0.000000,0.000000,0.000000
1778448560.114290,sequential_ik_elbow_then_wrist,0,0,-0.136569,0.205893,-0.170167,-0.365753,0.381432,-0.088553,-0.103525,-0.242547,-0.143016,-0.354641,-0.404768,-0.118021,0.001445,0.012511,0.025524,0.110938,0.001730,0.048084,0.028033,0.211225,0.000000,0.000000,0.000000,0.481210,0.137021,-0.000000,0.569026,-0.285340,0.213979,0.753600,0.399873,0.000000,0.000000,0.000000,0.000000,0.000000,0.000000
1778448560.176406,sequential_ik_elbow_then_wrist,0,0,-0.090350,0.162931,-0.235139,-0.342875,0.324544,-0.245734,-0.043795,-0.227111,-0.191057,-0.286675,-0.398937,-0.229594,0.001595,0.045771,0.026942,0.194154,0.001215,0.039256,0.024713,0.197990,0.000000,0.000000,0.000000,0.494240,-0.090976,-0.753600,0.384460,-0.278591,0.012121,1.326336,0.255903,0.000000,0.000000,0.000000,0.000000,0.000000,0.000000
1778448560.225877,sequential_ik_elbow_then_wrist,1,0,-0.077884,0.137483,-0.255015,-0.302603,0.244636,-0.422406,-0.006423,-0.209827,-0.214316,-0.195258,-0.405332,-0.341278,0.000445,0.020739,0.014110,0.144009,0.000918,0.022183,0.024168,0.148939,0.000000,0.000000,0.000000,0.502267,-0.301826,-1.326336,0.244189,-0.243503,-0.173309,1.761615,0.148089,0.000000,0.000000,0.000000,0.000000,0.000000,0.000000
1778448560.281575,sequential_ik_elbow_then_wrist,1,0,-0.052223,0.087163,-0.282268,-0.224885,0.129565,-0.523908,0.002265,-0.176384,-0.242659,-0.159235,-0.358513,-0.418007,0.000700,0.017812,0.017653,0.132682,0.000599,0.019964,0.018860,0.141182,0.000000,0.000000,0.000000,0.508983,-0.509351,-1.761615,0.172149,-0.201286,-0.348261,2.092428,0.079687,0.000000,0.000000,0.000000,0.000000,0.000000,0.000000
1778448560.342581,sequential_ik_elbow_then_wrist,1,0,-0.021494,0.054744,-0.294179,-0.177134,0.046398,-0.550512,0.008323,-0.143795,-0.263161,-0.169057,-0.236488,-0.486643,0.000537,0.018467,0.016621,0.135736,0.000466,0.030639,0.016661,0.173636,0.000000,0.000000,0.000000,0.510889,-0.705721,-2.092428,0.133086,-0.159152,-0.512600,2.343845,0.080815,0.000000,0.000000,0.000000,0.000000,0.000000,0.000000
1778448560.406945,sequential_ik_elbow_then_wrist,0,0,-0.017617,0.030389,-0.297936,-0.182414,-0.021579,-0.543173,0.020589,-0.128186,-0.270452,-0.165330,-0.167994,-0.502508,0.000169,0.031351,0.008654,0.177051,0.000424,0.033432,0.018597,0.181969,0.000000,0.000000,0.000000,0.512402,-0.878254,-2.343845,0.107817,-0.115196,-0.655006,2.534922,0.124535,0.000000,0.000000,0.000000,0.000000,0.000000,0.000000
1778448560.468845,sequential_ik_elbow_then_wrist,0,0,-0.015366,0.032897,-0.297795,-0.186111,-0.035844,-0.534693,0.013753,-0.124115,-0.272775,-0.172031,-0.136006,-0.508026,0.000015,0.036078,0.003324,0.189942,0.000085,0.035999,0.008526,0.189367,0.000000,0.000000,0.000000,0.513076,-1.014050,-2.534922,0.089474,-0.076766,-0.769991,2.680141,0.186131,0.000000,0.000000,0.000000,0.000000,0.000000,0.000000
1778448560.527847,sequential_ik_elbow_then_wrist,0,0,-0.024561,0.033928,-0.297062,-0.191810,-0.047705,-0.532357,0.007974,-0.122421,-0.273769,-0.178922,-0.114772,-0.508315,0.000022,0.040371,0.004606,0.200893,0.000006,0.038221,0.002172,0.195320,0.000000,0.000000,0.000000,0.514346,-1.114938,-2.680141,0.084207,-0.046443,-0.860240,2.790507,0.253116,0.000000,0.000000,0.000000,0.000000,0.000000,0.000000
1778448560.598386,sequential_ik_elbow_then_wrist,0,0,-0.029422,0.040176,-0.295838,-0.191550,-0.034138,-0.537068,0.003337,-0.119030,-0.275355,-0.193642,-0.112311,-0.501528,0.000039,0.036898,0.005802,0.192085,0.000007,0.044607,0.002304,0.211200,0.000000,0.000000,0.000000,0.516348,-1.186176,-2.790507,0.082898,-0.024535,-0.931914,2.874385,0.307475,0.000000,0.000000,0.000000,0.000000,0.000000,0.000000
1778448560.650821,sequential_ik_elbow_then_wrist,0,0,-0.024819,0.043935,-0.295726,-0.174302,-0.010122,-0.550152,0.003154,-0.120681,-0.274638,-0.193683,-0.122290,-0.501029,0.000001,0.026313,0.000797,0.162204,0.000003,0.044752,0.001766,0.211531,0.000000,0.000000,0.000000,0.517785,-1.238472,-2.874385,0.078024,-0.008878,-0.985982,2.938133,0.342705,0.000000,0.000000,0.000000,0.000000,0.000000,0.000000
1778448560.706798,sequential_ik_elbow_then_wrist,0,0,-0.024371,0.046345,-0.295395,-0.161555,0.005621,-0.559066,0.002581,-0.125504,-0.272474,-0.193208,-0.121873,-0.499748,0.000004,0.020040,0.002000,0.141560,0.000007,0.044248,0.002303,0.210350,0.000000,0.000000,0.000000,0.518464,-1.276625,-2.938133,0.071700,0.001894,-1.023729,2.986581,0.372205,0.000000,0.000000,0.000000,0.000000,0.000000,0.000000
1778448560.780368,sequential_ik_elbow_then_wrist,0,0,-0.031377,0.046504,-0.294708,-0.160421,0.017030,-0.563927,-0.000497,-0.127414,-0.271598,-0.192122,-0.124974,-0.502409,0.000017,0.017773,0.004004,0.133311,0.000017,0.042900,0.003934,0.207123,0.000000,0.000000,0.000000,0.519869,-1.302976,-2.986581,0.064330,0.007775,-1.050400,3.023402,0.394807,0.000000,0.000000,0.000000,0.000000,0.000000,0.000000
1778448560.826132,sequential_ik_elbow_then_wrist,0,0,-0.031893,0.045425,-0.294821,-0.159861,0.021179,-0.565073,0.001539,-0.125379,-0.272540,-0.183970,-0.130001,-0.508262,0.000022,0.016906,0.004619,0.130016,0.000002,0.038990,0.001388,0.197444,0.000000,0.000000,0.000000,0.522019,-1.322808,-3.023402,0.055966,0.011438,-1.071552,3.051385,0.406428,0.000000,0.000000,0.000000,0.000000,0.000000,0.000000
1778448560.891161,sequential_ik_elbow_then_wrist,0,0,-0.031831,0.042887,-0.295207,-0.159468,0.019508,-0.565693,0.000032,-0.128292,-0.271185,-0.186183,-0.125403,-0.506378,0.000032,0.016879,0.005583,0.129916,0.000006,0.039628,0.002306,0.199061,0.000000,0.000000,0.000000,0.524934,-1.339211,-3.051385,0.047513,0.012887,-1.085861,3.072653,0.418796,0.000000,0.000000,0.000000,0.000000,0.000000,0.000000
1778448560.947929,sequential_ik_elbow_then_wrist,0,0,-0.037317,0.040445,-0.294909,-0.167487,0.011496,-0.563643,-0.012669,-0.128917,-0.270592,-0.202208,-0.120054,-0.502963,0.000121,0.019639,0.010968,0.140138,0.000135,0.044872,0.011241,0.211827,0.000000,0.000000,0.000000,0.529652,-1.351475,-3.072653,0.041563,0.007116,-1.095801,3.088816,0.430606,0.000000,0.000000,0.000000,0.000000,0.000000,0.000000
1778448561.004547,sequential_ik_elbow_then_wrist,0,0,-0.037684,0.041193,-0.294759,-0.168477,0.008719,-0.562786,-0.008205,-0.127363,-0.271498,-0.190209,-0.115794,-0.509701,0.000108,0.020058,0.010351,0.141626,0.000028,0.038815,0.005132,0.197015,0.000000,0.000000,0.000000,0.535628,-1.360163,-3.088816,0.038378,-0.000394,-1.104183,3.101100,0.440323,0.000000,0.000000,0.000000,0.000000,0.000000,0.000000
1778448561.083115,sequential_ik_elbow_then_wrist,0,0,-0.039521,0.039983,-0.294685,-0.176419,0.004842,-0.559306,-0.007636,-0.127266,-0.271561,-0.184074,-0.113092,-0.513777,0.000143,0.022427,0.011913,0.149755,0.000013,0.035734,0.003447,0.189033,0.000000,0.000000,0.000000,0.542943,-1.366571,-3.101100,0.034567,-0.008194,-1.110794,3.110436,0.448365,0.000000,0.000000,0.000000,0.000000,0.000000,0.000000
1778448561.136789,sequential_ik_elbow_then_wrist,0,0,-0.038422,0.034138,-0.295564,-0.176876,0.003727,-0.559961,-0.005189,-0.126089,-0.272167,-0.176705,-0.109601,-0.517749,0.000187,0.022320,0.013556,0.149376,0.000001,0.032696,0.000858,0.180820,0.000000,0.000000,0.000000,0.551489,-1.374750,-3.110436,0.025454,-0.014597,-1.116728,3.117531,0.455567,0.000000,0.000000,0.000000,0.000000,0.000000,0.000000
1778448561.207007,sequential_ik_elbow_then_wrist,1,0,-0.036251,0.033586,-0.295902,-0.175407,0.002335,-0.559831,-0.002574,-0.123086,-0.273575,-0.162601,-0.106038,-0.526756,0.000134,0.021902,0.011523,0.147983,0.000003,0.027394,0.001571,0.165511,0.000000,0.000000,0.000000,0.560387,-1.382680,-3.117531,0.014549,-0.018685,-1.123540,3.122924,0.460775,0.000000,0.000000,0.000000,0.000000,0.000000,0.000000
1778448561.278879,sequential_ik_elbow_then_wrist,1,0,-0.031085,0.034063,-0.296435,-0.174909,0.007270,-0.558344,0.002027,-0.117396,-0.276069,-0.151256,-0.104039,-0.533607,0.000046,0.020881,0.006728,0.144472,0.000027,0.023884,0.004784,0.154535,0.000000,0.000000,0.000000,0.568481,-1.390618,-3.122924,-0.000956,-0.019258,-1.133135,3.127022,0.460513,0.000000,0.000000,0.000000,0.000000,0.000000,0.000000
1778448561.331175,sequential_ik_elbow_then_wrist,1,0,-0.032177,0.033351,-0.296399,-0.178694,0.013344,-0.557421,0.000579,-0.116195,-0.276583,-0.144531,-0.101464,-0.538740,0.000060,0.020557,0.007711,0.143341,0.000007,0.021759,0.002483,0.147509,0.000000,0.000000,0.000000,0.576129,-1.397044,-3.127022,-0.020551,-0.018385,-1.142211,3.130137,0.458679,0.000000,0.000000,0.000000,0.000000,0.000000,0.000000
1778448561.369874,sequential_ik_elbow_then_wrist,1,0,-0.030691,0.034012,-0.296481,-0.181898,0.025193,-0.555438,-0.001457,-0.116251,-0.276557,-0.145795,-0.107030,-0.539391,0.000035,0.019220,0.005896,0.138566,0.000000,0.022108,0.000313,0.148673,0.000000,0.000000,0.000000,0.583076,-1.402184,-3.130137,-0.046010,-0.017567,-1.149459,3.132504,0.452634,0.000000,0.000000,0.000000,0.000000,0.000000,0.000000
1778448561.439044,sequential_ik_elbow_then_wrist,1,0,-0.027197,0.034454,-0.296771,-0.168306,0.040022,-0.561455,-0.003053,-0.117849,-0.275866,-0.146401,-0.120828,-0.539386,0.000008,0.013832,0.002707,0.117579,0.000001,0.022135,0.001083,0.148730,0.000000,0.000000,0.000000,0.588860,-1.407158,-3.132504,-0.071577,-0.017500,-1.153959,3.134303,0.438852,0.000000,0.000000,0.000000,0.000000,0.000000,0.000000
1778448561.496315,sequential_ik_elbow_then_wrist,1,0,-0.020614,0.034838,-0.297256,-0.150879,0.051877,-0.566961,0.009402,-0.118716,-0.275351,-0.131965,-0.131345,-0.539654,0.000010,0.009237,0.002995,0.096097,0.000086,0.018774,0.009009,0.136993,0.000000,0.000000,0.000000,0.592747,-1.413323,-3.134303,-0.094956,-0.012488,-1.156570,3.135670,0.422101,0.000000,0.000000,0.000000,0.000000,0.000000,0.000000
1778448561.563847,sequential_ik_elbow_then_wrist,1,0,-0.021418,0.033553,-0.297347,-0.153362,0.053506,-0.566034,0.012209,-0.119829,-0.274758,-0.131403,-0.136153,-0.537644,0.000002,0.009472,0.001469,0.097309,0.000090,0.019488,0.009242,0.139597,0.000000,0.000000,0.000000,0.595458,-1.418926,-3.135670,-0.116902,-0.003529,-1.157463,3.136709,0.408009,0.000000,0.000000,0.000000,0.000000,0.000000,0.000000
1778448561.626058,sequential_ik_elbow_then_wrist,1,0,-0.021447,0.031313,-0.297590,-0.147664,0.055566,-0.568663,0.013875,-0.120756,-0.274273,-0.131123,-0.140595,-0.536155,0.000001,0.008310,0.000516,0.091155,0.000076,0.020247,0.008470,0.142292,0.000000,0.000000,0.000000,0.597497,-1.424531,-3.136709,-0.135205,0.008059,-1.157109,3.137499,0.397289,0.000000,0.000000,0.000000,0.000000,0.000000,0.000000
1778448561.679777,sequential_ik_elbow_then_wrist,1,0,-0.022646,0.030423,-0.297593,-0.150109,0.053948,-0.568148,0.011542,-0.120926,-0.274306,-0.133470,-0.143200,-0.535984,0.000002,0.008835,0.001335,0.093994,0.000024,0.021357,0.004756,0.146142,0.000000,0.000000,0.000000,0.599260,-1.429131,-3.137499,-0.150213,0.019569,-1.156518,3.138099,0.389013,0.000000,0.000000,0.000000,0.000000,0.000000,0.000000
1778448561.734771,sequential_ik_elbow_then_wrist,1,0,-0.025549,0.028024,-0.297594,-0.160006,0.051834,-0.564716,0.009602,-0.123078,-0.273422,-0.134720,-0.151020,-0.534938,0.000025,0.010656,0.004959,0.103229,0.000005,0.022041,0.002150,0.148460,0.000000,0.000000,0.000000,0.601386,-1.432894,-3.138099,-0.162162,0.029515,-1.154608,3.138556,0.380161,0.000000,0.000000,0.000000,0.000000,0.000000,0.000000
1778448561.798531,sequential_ik_elbow_then_wrist,0,0,-0.028813,0.027579,-0.297337,-0.169986,0.055301,-0.560589,-0.007316,-0.127976,-0.271235,-0.191109,-0.167920,-0.504954,0.000060,0.011988,0.007697,0.109490,0.000143,0.042746,0.011555,0.206702,0.000000,0.000000,0.000000,0.604242,-1.434859,-3.138556,-0.171243,0.030249,-1.149947,3.138902,0.362652,0.000000,0.000000,0.000000,0.000000,0.000000,0.000000
1778448561.858165,sequential_ik_elbow_then_wrist,0,0,-0.031772,0.040167,-0.295596,-0.184944,0.098271,-0.546917,-0.020479,-0.131779,-0.268728,-0.207404,-0.231031,-0.481350,0.000026,0.010847,0.003967,0.104147,0.000370,0.046852,0.018571,0.215385,0.000000,0.000000,0.000000,0.606936,-1.428655,-3.138902,-0.178145,0.019365,-1.142658,3.139166,0.297788,0.000000,0.000000,0.000000,0.000000,0.000000,0.000000
1778448561.927887,sequential_ik_elbow_then_wrist,0,0,-0.052454,0.123255,-0.268434,-0.230535,0.216687,-0.491049,-0.039186,-0.163061,-0.248748,-0.230697,-0.319974,-0.418165,0.001488,0.007789,0.031001,0.088258,0.000848,0.044964,0.026108,0.210391,0.000000,0.000000,0.000000,0.599362,-1.369706,-3.139166,-0.183390,-0.007226,-1.112148,3.139366,0.185031,0.000000,0.000000,0.000000,0.000000,0.000000,0.000000
1778448561.974471,sequential_ik_elbow_then_wrist,0,0,-0.099319,0.154791,-0.237013,-0.335595,0.291540,-0.361406,-0.049785,-0.197231,-0.220503,-0.261801,-0.379276,-0.329631,0.000792,0.026487,0.018775,0.162748,0.000722,0.046246,0.021502,0.215030,0.000000,0.000000,0.000000,0.593162,-1.274605,-3.139366,-0.187376,-0.044835,-1.054419,3.139518,0.092624,0.000000,0.000000,0.000000,0.000000,0.000000,0.000000
1778448562.039964,sequential_ik_elbow_then_wrist,0,0,-0.115275,0.199068,-0.192571,-0.330017,0.408399,-0.200723,-0.077598,-0.236792,-0.167057,-0.281047,-0.455205,-0.197129,0.000850,0.034686,0.019764,0.186241,0.001156,0.038510,0.024684,0.196240,0.000000,0.000000,0.000000,0.582108,-1.151281,-3.139518,-0.190406,-0.095670,-0.959026,3.139634,0.022394,0.000000,0.000000,0.000000,0.000000,0.000000,0.000000
1778448562.102333,sequential_ik_elbow_then_wrist,0,0,-0.159331,0.229802,-0.108649,-0.385271,0.416600,-0.044951,-0.069879,-0.269896,-0.110785,-0.273099,-0.485274,-0.062683,0.001675,0.035540,0.027550,0.188521,0.000830,0.039795,0.019225,0.199486,0.000000,0.000000,0.000000,0.583527,-0.985597,-3.139634,-0.192709,-0.133749,-0.835018,3.139722,-0.030980,0.000000,0.000000,0.000000,0.000000,0.000000,0.000000
1778448562.163501,sequential_ik_elbow_then_wrist,1,0,-0.134264,0.268000,-0.012224,-0.325098,0.462958,0.112571,-0.064215,-0.292384,-0.019698,-0.221380,-0.517690,0.100868,0.002064,0.012692,0.030579,0.091306,0.001535,0.018438,0.026234,0.119000,0.000000,0.000000,0.000000,0.562072,-0.782258,-2.386122,-0.036075,-0.155736,-0.671263,2.386188,0.085407,0.000000,0.000000,0.000000,0.000000,0.000000,0.000000
1778448562.221835,sequential_ik_elbow_then_wrist,1,0,-0.113912,0.270226,0.063263,-0.270479,0.467845,0.225846,-0.056042,-0.292671,0.034685,-0.176859,-0.494298,0.221098,0.001415,0.003134,0.025165,0.055720,0.000785,0.006455,0.018688,0.078119,0.000000,0.000000,0.000000,0.528341,-0.562940,-1.813452,0.095841,-0.165776,-0.497167,1.813503,0.218919,0.000000,0.000000,0.000000,0.000000,0.000000,0.000000
1778448562.280825,sequential_ik_elbow_then_wrist,1,0,-0.079551,0.276507,0.084943,-0.191179,0.471609,0.283625,-0.046221,-0.292762,0.046409,-0.175266,-0.468534,0.252447,0.000473,0.001258,0.014711,0.035470,0.000127,0.009275,0.007509,0.096202,0.000000,0.000000,0.000000,0.477240,-0.367417,-1.378224,0.196250,-0.165876,-0.346128,1.378262,0.331151,0.000000,0.000000,0.000000,0.000000,0.000000,0.000000
1778448562.335356,sequential_ik_elbow_then_wrist,1,0,-0.061967,0.277676,0.095163,-0.161232,0.471440,0.301566,-0.044155,-0.288517,0.069342,-0.176356,-0.428458,0.299428,0.000154,0.001811,0.008569,0.042470,0.000111,0.011982,0.007016,0.109259,0.000000,0.000000,0.000000,0.421361,-0.205622,-1.047450,0.266197,-0.163348,-0.212631,1.047479,0.432523,0.000000,0.000000,0.000000,0.000000,0.000000,0.000000
1778448562.399209,sequential_ik_elbow_then_wrist,1,0,-0.055695,0.274531,0.107382,-0.154873,0.473400,0.308913,-0.044013,-0.283443,0.087879,-0.171432,-0.410312,0.328022,0.000059,0.002751,0.005260,0.052129,0.000081,0.011540,0.005987,0.107419,0.000000,0.000000,0.000000,0.371132,-0.071664,-0.796062,0.305431,-0.161195,-0.095039,0.796084,0.511824,0.000000,0.000000,0.000000,0.000000,0.000000,0.000000
1778448562.462838,sequential_ik_elbow_then_wrist,1,0,-0.055519,0.276600,0.102030,-0.154958,0.473346,0.305507,-0.046293,-0.282778,0.088845,-0.184896,-0.420214,0.316662,0.000002,0.003276,0.001125,0.057225,0.000006,0.013899,0.001703,0.117705,0.000000,0.000000,0.000000,0.330503,0.029125,-0.605007,0.332317,-0.160966,-0.001352,0.605024,0.556083,0.000000,0.000000,0.000000,0.000000,0.000000,0.000000
1778448562.528120,sequential_ik_elbow_then_wrist,1,0,-0.057691,0.276489,0.101121,-0.164246,0.479757,0.294326,-0.048821,-0.287244,0.071468,-0.199254,-0.451117,0.272752,0.000000,0.004075,0.000424,0.063747,0.000033,0.015807,0.003807,0.125307,0.000000,0.000000,0.000000,0.300303,0.104894,-0.459805,0.344603,-0.162254,0.059711,0.459818,0.565141,0.000000,0.000000,0.000000,0.000000,0.000000,0.000000
1778448562.580004,sequential_ik_elbow_then_wrist,1,0,-0.059574,0.279893,0.090059,-0.171555,0.495927,0.265529,-0.036707,-0.291237,0.061917,-0.177981,-0.485269,0.241898,0.000017,0.004363,0.002767,0.065872,0.000040,0.013008,0.004274,0.113717,0.000000,0.000000,0.000000,0.278246,0.155088,-0.349452,0.342136,-0.155802,0.097762,0.349462,0.551063,0.000000,0.000000,0.000000,0.000000,0.000000,0.000000
1778448562.639652,sequential_ik_elbow_then_wrist,1,0,-0.058711,0.280426,0.088961,-0.181036,0.503198,0.248364,-0.025793,-0.293074,0.058672,-0.152904,-0.509772,0.222637,0.000002,0.005577,0.000903,0.074530,0.000029,0.010798,0.003692,0.103693,0.000000,0.000000,0.000000,0.261124,0.190835,-0.265584,0.329045,-0.142237,0.122726,0.265591,0.524054,0.000000,0.000000,0.000000,0.000000,0.000000,0.000000
1778448562.710931,sequential_ik_elbow_then_wrist,1,0,-0.055765,0.284619,0.076697,-0.178264,0.517329,0.221057,-0.008990,-0.294345,0.057273,-0.130420,-0.525714,0.204661,0.000024,0.005550,0.003275,0.074410,0.000052,0.011658,0.004921,0.107811,0.000000,0.000000,0.000000,0.245701,0.209581,-0.201844,0.310457,-0.119401,0.139922,0.201849,0.489356,0.000000,0.000000,0.000000,0.000000,0.000000,0.000000
1778448562.758199,sequential_ik_elbow_then_wrist,1,0,-0.047828,0.287868,0.069604,-0.164021,0.529460,0.204260,-0.006752,-0.294122,0.058706,-0.118788,-0.537454,0.193754,0.000024,0.005087,0.003338,0.071304,0.000006,0.011084,0.001720,0.105131,0.000000,0.000000,0.000000,0.228161,0.217393,-0.153401,0.292540,-0.097649,0.153471,0.153405,0.449572,0.000000,0.000000,0.000000,0.000000,0.000000,0.000000
1778448562.822028,sequential_ik_elbow_then_wrist,1,0,-0.036076,0.291151,0.062685,-0.144226,0.542592,0.185491,-0.004553,-0.294397,0.057528,-0.116507,-0.539448,0.189499,0.000037,0.004958,0.004149,0.070386,0.000002,0.011731,0.000971,0.108288,0.000000,0.000000,0.000000,0.205878,0.217486,-0.116585,0.274309,-0.078693,0.163136,0.116588,0.414341,0.000000,0.000000,0.000000,0.000000,0.000000,0.000000
1778448562.884326,sequential_ik_elbow_then_wrist,1,0,-0.031216,0.292266,0.060052,-0.139387,0.552334,0.163316,0.012503,-0.293552,0.060588,-0.088160,-0.547702,0.184178,0.000012,0.005925,0.002341,0.076830,0.000041,0.011094,0.004395,0.105275,0.000000,0.000000,0.000000,0.183684,0.214553,-0.088604,0.249230,-0.053141,0.172274,0.088607,0.379494,0.000000,0.000000,0.000000,0.000000,0.000000,0.000000
1778448562.944348,sequential_ik_elbow_then_wrist,1,0,-0.029223,0.292713,0.058867,-0.136328,0.557294,0.151201,0.023218,-0.292098,0.064339,-0.077546,-0.551369,0.176702,0.000003,0.006283,0.001121,0.079185,0.000031,0.013645,0.003810,0.116729,0.000000,0.000000,0.000000,0.164286,0.210888,-0.067339,0.221713,-0.024357,0.181993,0.067341,0.342426,0.000000,0.000000,0.000000,0.000000,0.000000,0.000000
1778448563.007795,sequential_ik_elbow_then_wrist,1,0,-0.026128,0.293117,0.058309,-0.132448,0.560901,0.141900,0.020402,-0.292694,0.062564,-0.087456,-0.551419,0.169463,0.000002,0.006575,0.001021,0.081031,0.000000,0.016448,0.000272,0.128227,0.000000,0.000000,0.000000,0.147001,0.207424,-0.051178,0.193784,-0.001973,0.188883,0.051179,0.308290,0.000000,0.000000,0.000000,0.000000,0.000000,0.000000
1778448563.068499,sequential_ik_elbow_then_wrist,1,0,-0.021134,0.293590,0.057953,-0.127410,0.563791,0.133428,0.023860,-0.293170,0.059010,-0.087801,-0.552525,0.160334,0.000005,0.007188,0.001453,0.084738,0.000003,0.018025,0.001235,0.134249,0.000000,0.000000,0.000000,0.130147,0.204412,-0.038895,0.166113,0.017278,0.191767,0.038896,0.278966,0.000000,0.000000,0.000000,0.000000,0.000000,0.000000
1778448563.129622,sequential_ik_elbow_then_wrist,1,0,-0.022646,0.293540,0.057633,-0.130946,0.564337,0.127917,0.024668,-0.293323,0.057904,-0.077351,-0.558164,0.155125,0.000000,0.007775,0.000108,0.088154,0.000001,0.015871,0.000609,0.125970,0.000000,0.000000,0.000000,0.117377,0.201834,-0.029560,0.140478,0.032940,0.192725,0.029561,0.253104,0.000000,0.000000,0.000000,0.000000,0.000000,0.000000
1778448563.188245,sequential_ik_elbow_then_wrist,1,0,-0.025214,0.293277,0.057905,-0.134973,0.563530,0.128020,0.023703,-0.293422,0.057805,-0.082277,-0.557484,0.152882,0.000001,0.007808,0.000626,0.088360,0.000000,0.016966,0.000187,0.130252,0.000000,0.000000,0.000000,0.109281,0.199979,-0.022466,0.119784,0.044491,0.193109,0.022467,0.231910,0.000000,0.000000,0.000000,0.000000,0.000000,0.000000
1778448563.239207,sequential_ik_elbow_then_wrist,1,0,-0.028194,0.293059,0.057633,-0.140023,0.562783,0.126503,0.025288,-0.293737,0.055491,-0.078980,-0.561153,0.142766,0.000002,0.007761,0.000871,0.088098,0.000001,0.016718,0.000662,0.129283,0.000000,0.000000,0.000000,0.105363,0.198423,-0.017074,0.102981,0.054147,0.191867,0.017075,0.210764,0.000000,0.000000,0.000000,0.000000,0.000000,0.000000
1778448563.296975,sequential_ik_elbow_then_wrist,1,0,-0.030366,0.293026,0.056691,-0.143428,0.562323,0.125219,0.027856,-0.293899,0.053360,-0.076186,-0.563937,0.132447,0.000001,0.007571,0.000765,0.087013,0.000002,0.017173,0.000932,0.131024,0.000000,0.000000,0.000000,0.104265,0.196615,-0.012976,0.090051,0.063271,0.189237,0.012977,0.189163,0.000000,0.000000,0.000000,0.000000,0.000000,0.000000
1778448563.360765,sequential_ik_elbow_then_wrist,1,0,-0.030107,0.293423,0.054743,-0.142235,0.563129,0.123194,0.026983,-0.294571,0.049999,-0.076747,-0.565932,0.124856,0.000001,0.007238,0.000517,0.085075,0.000002,0.017258,0.000926,0.131364,0.000000,0.000000,0.000000,0.103697,0.193874,-0.009862,0.080947,0.070055,0.184746,0.009862,0.170050,0.000000,0.000000,0.000000,0.000000,0.000000,0.000000
1778448563.432036,sequential_ik_elbow_then_wrist,1,0,-0.031848,0.293454,0.053575,-0.142742,0.563456,0.122869,0.025645,-0.294706,0.049904,-0.077364,-0.566555,0.123982,0.000001,0.006848,0.000585,0.082749,0.000000,0.016866,0.000407,0.129869,0.000000,0.000000,0.000000,0.104398,0.190745,-0.007495,0.075511,0.074345,0.180703,0.007495,0.155080,0.000000,0.000000,0.000000,0.000000,0.000000,0.000000
1778448563.503663,sequential_ik_elbow_then_wrist,1,0,-0.029466,0.293734,0.053403,-0.124842,0.570063,0.120824,0.025376,-0.294560,0.050900,-0.059775,-0.572210,0.126129,0.000001,0.004466,0.000486,0.066828,0.000000,0.012283,0.000226,0.110829,0.000000,0.000000,0.000000,0.103718,0.188021,-0.005696,0.070366,0.077240,0.178110,0.005696,0.142888,0.000000,0.000000,0.000000,0.000000,0.000000,0.000000
1778448563.554279,sequential_ik_elbow_then_wrist,1,0,-0.029885,0.294072,0.051272,-0.124121,0.571155,0.117181,0.026864,-0.294347,0.051361,-0.044578,-0.575624,0.127386,0.000001,0.004370,0.000525,0.066106,0.000000,0.009486,0.000356,0.097394,0.000000,0.000000,0.000000,0.103149,0.184535,-0.004329,0.066041,0.080283,0.176538,0.004329,0.132819,0.000000,0.000000,0.000000,0.000000,0.000000,0.000000
1778448563.626324,sequential_ik_elbow_then_wrist,1,0,-0.027615,0.294523,0.049937,-0.120542,0.572106,0.115603,0.025183,-0.294798,0.049599,-0.050323,-0.574591,0.127155,0.000001,0.004348,0.000700,0.065940,0.000001,0.010225,0.000500,0.101115,0.000000,0.000000,0.000000,0.101278,0.180727,-0.003290,0.063463,0.081735,0.174331,0.003290,0.126609,0.000000,0.000000,0.000000,0.000000,0.000000,0.000000
1778448563.676622,sequential_ik_elbow_then_wrist,1,0,-0.021492,0.295737,0.045584,-0.115750,0.572697,0.111980,0.002655,-0.299101,0.023055,-0.101171,-0.566377,0.111280,0.000008,0.005096,0.001946,0.071380,0.000152,0.014150,0.008225,0.118737,0.000000,0.000000,0.000000,0.095677,0.174849,-0.002501,0.064218,0.068564,0.155936,0.002501,0.139133,0.000000,0.000000,0.000000,0.000000,0.000000,0.000000
1778448563.724377,sequential_ik_elbow_then_wrist,1,0,-0.017449,0.299395,0.007646,-0.121013,0.570843,0.082412,-0.026114,-0.298500,-0.014696,-0.152117,-0.558896,0.064783,0.000186,0.007563,0.009087,0.086558,0.000369,0.014523,0.012790,0.120320,0.000000,0.000000,0.000000,0.087776,0.146190,-0.001900,0.084958,0.037455,0.114824,0.001900,0.164966,0.000000,0.000000,0.000000,0.000000,0.000000,0.000000
1778448563.787445,sequential_ik_elbow_then_wrist,1,0,-0.049839,0.281712,-0.090303,-0.181316,0.540057,-0.013026,-0.034334,-0.289967,-0.068849,-0.153948,-0.561959,-0.027460,0.001532,0.011503,0.026232,0.105380,0.000534,0.009324,0.015405,0.096534,0.000000,0.000000,0.000000,0.102059,0.057704,-0.001444,0.148599,0.003453,0.043593,0.001444,0.190180,0.000000,0.000000,0.000000,0.000000,0.000000,0.000000
1778448563.845258,sequential_ik_elbow_then_wrist,1,0,-0.082159,0.243833,-0.154257,-0.262475,0.477871,-0.102174,-0.043757,-0.271315,-0.120306,-0.165016,-0.545060,-0.101336,0.001426,0.017529,0.025918,0.131184,0.000602,0.012288,0.016413,0.100392,0.000000,0.000000,0.000000,0.142539,-0.068434,-0.001098,0.239872,-0.032117,-0.053208,0.754698,0.096537,0.000000,0.000000,0.000000,0.000000,0.000000,0.000000
1778448563.915187,sequential_ik_elbow_then_wrist,0,0,-0.111152,0.203097,-0.190779,-0.347400,0.385302,-0.222220,-0.061426,-0.236271,-0.174365,-0.242687,-0.474030,-0.199164,0.001135,0.040331,0.025123,0.188048,0.000860,0.023010,0.020087,0.151692,0.000000,0.000000,0.000000,0.207588,-0.205874,-0.754434,0.140065,-0.076497,-0.175042,1.327170,0.025368,0.000000,0.000000,0.000000,0.000000,0.000000,0.000000
1778448563.972498,sequential_ik_elbow_then_wrist,1,0,-0.098372,0.164681,-0.230658,-0.314973,0.266377,-0.411605,-0.079661,-0.184348,-0.222867,-0.274190,-0.395503,-0.309884,0.000777,0.026700,0.020054,0.162892,0.001239,0.022564,0.025880,0.150214,0.000000,0.000000,0.000000,0.272194,-0.354220,-1.326970,0.095153,-0.134926,-0.319304,1.762249,-0.028720,0.000000,0.000000,0.000000,0.000000,0.000000,0.000000
1778448564.029899,sequential_ik_elbow_then_wrist,1,0,-0.088195,0.125284,-0.257926,-0.278027,0.166729,-0.486500,-0.045499,-0.154132,-0.253324,-0.253702,-0.325147,-0.385254,0.000677,0.025959,0.019540,0.160667,0.000574,0.024864,0.016104,0.157683,0.000000,0.000000,0.000000,0.333533,-0.506338,-1.762097,0.089937,-0.176148,-0.471370,2.092910,-0.069827,0.000000,0.000000,0.000000,0.000000,0.000000,0.000000
1778448564.087588,sequential_ik_elbow_then_wrist,1,0,-0.074131,0.093192,-0.275354,-0.233941,0.124726,-0.527280,-0.027726,-0.117635,-0.274578,-0.219002,-0.221310,-0.481133,0.000509,0.017744,0.017609,0.133207,0.000492,0.023858,0.015516,0.154364,0.000000,0.000000,0.000000,0.388852,-0.654703,-2.092794,0.085745,-0.202716,-0.624652,2.344211,-0.087998,0.000000,0.000000,0.000000,0.000000,0.000000,0.000000
1778448564.163072,sequential_ik_elbow_then_wrist,1,0,-0.071442,0.056554,-0.285828,-0.249689,0.078312,-0.526150,-0.024212,-0.092912,-0.284220,-0.199193,-0.183816,-0.510314,0.000920,0.026591,0.027537,0.162583,0.000201,0.021148,0.009619,0.145423,0.000000,0.000000,0.000000,0.443365,-0.795309,-2.344123,0.052376,-0.221585,-0.766140,2.535201,-0.102434,0.000000,0.000000,0.000000,0.000000,0.000000,0.000000
1778448564.226298,sequential_ik_elbow_then_wrist,1,0,-0.068191,0.060341,-0.285848,-0.240693,0.101216,-0.527865,-0.028965,-0.076923,-0.288520,-0.210536,-0.146947,-0.516837,0.000343,0.017946,0.018121,0.133517,0.000101,0.027363,0.007872,0.165413,0.000000,0.000000,0.000000,0.492261,-0.907385,-2.535134,0.000799,-0.238265,-0.888431,2.680352,-0.116199,0.000000,0.000000,0.000000,0.000000,0.000000,0.000000
1778448564.279022,sequential_ik_elbow_then_wrist,1,0,-0.050366,0.073931,-0.286352,-0.224654,0.139273,-0.521626,-0.038405,-0.099445,-0.280421,-0.211724,-0.192599,-0.506878,0.000015,0.010287,0.003840,0.101354,0.000098,0.022016,0.008332,0.148323,0.000000,0.000000,0.000000,0.527893,-0.993672,-2.680302,-0.047393,-0.253970,-0.968905,2.790668,-0.136311,0.000000,0.000000,0.000000,0.000000,0.000000,0.000000
1778448564.354506,sequential_ik_elbow_then_wrist,1,0,-0.054767,0.079157,-0.284139,-0.230956,0.158667,-0.513563,-0.036394,-0.112616,-0.275669,-0.207987,-0.239199,-0.486696,0.000014,0.009818,0.003314,0.099086,0.000037,0.017636,0.004100,0.132800,0.000000,0.000000,0.000000,0.553757,-1.055069,-2.790629,-0.084019,-0.266333,-1.019246,2.874508,-0.151596,0.000000,0.000000,0.000000,0.000000,0.000000,0.000000
1778448564.392310,sequential_ik_elbow_then_wrist,1,0,-0.072660,0.085469,-0.278236,-0.250753,0.233257,-0.469134,-0.049986,-0.124684,-0.268245,-0.227716,-0.275957,-0.456736,0.000082,0.012123,0.007616,0.110106,0.000117,0.019754,0.009099,0.140549,0.000000,0.000000,0.000000,0.576407,-1.090386,-2.874478,-0.111854,-0.280270,-1.044307,2.938226,-0.163213,0.000000,0.000000,0.000000,0.000000,0.000000,0.000000
1778448564.456402,sequential_ik_elbow_then_wrist,1,0,-0.078640,0.112625,-0.266704,-0.246753,0.305634,-0.423184,-0.061155,-0.129602,-0.263559,-0.215212,-0.334365,-0.419567,0.000139,0.013961,0.008352,0.118157,0.000180,0.016756,0.012435,0.129445,0.000000,0.000000,0.000000,0.591289,-1.097460,-2.938203,-0.133009,-0.298813,-1.054285,2.986652,-0.172042,0.000000,0.000000,0.000000,0.000000,0.000000,0.000000
1778448564.517167,sequential_ik_elbow_then_wrist,1,0,-0.073210,0.140631,-0.254683,-0.247375,0.341142,-0.394188,-0.077725,-0.168821,-0.235496,-0.216013,-0.406534,-0.355367,0.000430,0.012902,0.018476,0.113587,0.000433,0.014324,0.015050,0.119681,0.000000,0.000000,0.000000,0.590292,-1.083906,-2.986635,-0.149087,-0.320086,-1.028121,3.023455,-0.178752,0.000000,0.000000,0.000000,0.000000,0.000000,0.000000
1778448564.573497,sequential_ik_elbow_then_wrist,1,0,-0.062915,0.168792,-0.239898,-0.228146,0.402445,-0.329926,-0.072652,-0.198544,-0.212842,-0.207486,-0.448472,-0.309568,0.000841,0.020170,0.026257,0.142020,0.000280,0.010577,0.011441,0.102844,0.000000,0.000000,0.000000,0.567608,-1.053785,-3.023442,-0.161306,-0.331836,-0.979309,3.051426,-0.183851,0.000000,0.000000,0.000000,0.000000,0.000000,0.000000
1778448564.645366,sequential_ik_elbow_then_wrist,1,0,-0.045484,0.224061,-0.194237,-0.203163,0.471449,-0.256978,-0.058077,-0.238862,-0.171966,-0.192387,-0.492025,-0.260675,0.001917,0.016238,0.036217,0.127427,0.000713,0.005593,0.019537,0.074790,0.000000,0.000000,0.000000,0.512250,-0.985770,-3.051416,-0.170593,-0.321752,-0.902871,3.072684,-0.187727,0.000000,0.000000,0.000000,0.000000,0.000000,0.000000
1778448564.692486,sequential_ik_elbow_then_wrist,1,0,-0.046896,0.255613,-0.149877,-0.203551,0.507465,-0.194924,-0.037784,-0.264733,-0.135974,-0.169795,-0.525053,-0.205304,0.000961,0.013048,0.022417,0.114228,0.000653,0.005869,0.018455,0.076610,0.000000,0.000000,0.000000,0.446046,-0.888727,-3.072676,-0.177650,-0.290047,-0.809831,3.088840,-0.190673,0.000000,0.000000,0.000000,0.000000,0.000000,0.000000
1778448564.778626,sequential_ik_elbow_then_wrist,1,0,-0.050191,0.272293,-0.115488,-0.206803,0.525969,-0.148968,-0.025180,-0.277950,-0.110045,-0.148426,-0.547630,-0.155682,0.000405,0.012298,0.013577,0.110894,0.000321,0.007523,0.012491,0.086736,0.000000,0.000000,0.000000,0.386578,-0.780553,-3.088834,-0.183014,-0.248923,-0.713378,3.101118,-0.192911,0.000000,0.000000,0.000000,0.000000,0.000000,0.000000
1778448564.826518,sequential_ik_elbow_then_wrist,1,0,-0.044684,0.284441,-0.084243,-0.200195,0.539086,-0.115416,-0.026663,-0.287947,-0.079849,-0.140658,-0.565076,-0.094141,0.000271,0.012177,0.011032,0.110350,0.000212,0.007785,0.009727,0.088232,0.000000,0.000000,0.000000,0.333876,-0.669981,-3.101114,-0.187091,-0.212980,-0.614447,3.110450,-0.194612,0.000000,0.000000,0.000000,0.000000,0.000000,0.000000
1778448564.883285,sequential_ik_elbow_then_wrist,1,0,-0.035633,0.290867,-0.064240,-0.180973,0.549915,-0.106318,-0.023706,-0.296703,-0.037485,-0.141297,-0.572456,-0.025960,0.000138,0.011825,0.007867,0.108548,0.000334,0.008938,0.012176,0.094540,0.000000,0.000000,0.000000,0.285681,-0.566705,-3.110447,-0.174666,-0.182112,-0.506726,3.117542,-0.195905,0.000000,0.000000,0.000000,0.000000,0.000000,0.000000
1778448564.936555,sequential_ik_elbow_then_wrist,1,0,-0.039306,0.290762,-0.062551,-0.181958,0.551156,-0.105504,-0.025705,-0.297401,-0.029865,-0.144904,-0.572183,-0.012943,0.000009,0.011809,0.002035,0.108554,0.000046,0.009326,0.004526,0.096570,0.000000,0.000000,0.000000,0.249290,-0.482733,-3.117539,-0.153331,-0.158993,-0.412662,3.122932,-0.194992,0.000000,0.000000,0.000000,0.000000,0.000000,0.000000
1778448564.995819,sequential_ik_elbow_then_wrist,1,0,-0.041062,0.291215,-0.059224,-0.180082,0.552630,-0.107555,-0.031737,-0.297505,-0.021983,-0.150967,-0.572179,-0.003582,0.000004,0.010747,0.001315,0.103593,0.000023,0.008712,0.003179,0.093301,0.000000,0.000000,0.000000,0.222729,-0.415564,-3.122930,-0.127825,-0.145204,-0.333503,3.127028,-0.187805,0.000000,0.000000,0.000000,0.000000,0.000000,0.000000
1778448565.058022,sequential_ik_elbow_then_wrist,1,0,-0.042356,0.289192,-0.067630,-0.182282,0.551151,-0.110038,-0.042141,-0.295715,-0.027866,-0.164386,-0.568538,-0.002891,0.000007,0.010609,0.001752,0.102992,0.000018,0.007908,0.002852,0.088922,0.000000,0.000000,0.000000,0.203778,-0.369055,-3.127027,-0.111624,-0.142106,-0.275231,3.130141,-0.184124,0.000000,0.000000,0.000000,0.000000,0.000000,0.000000
1778448565.113049,sequential_ik_elbow_then_wrist,1,0,-0.043345,0.289420,-0.066011,-0.183285,0.551761,-0.105930,-0.044971,-0.294990,-0.030964,-0.168420,-0.567293,-0.006247,0.000000,0.010350,0.000350,0.101723,0.000006,0.007138,0.001577,0.084481,0.000000,0.000000,0.000000,0.190263,-0.333723,-3.130140,-0.102829,-0.143252,-0.233294,3.132507,-0.183230,0.000000,0.000000,0.000000,0.000000,0.000000,0.000000
1778448565.181942,sequential_ik_elbow_then_wrist,1,0,-0.042742,0.289625,-0.065503,-0.177770,0.553544,-0.111484,-0.045897,-0.294899,-0.030462,-0.171524,-0.566403,-0.008017,0.000000,0.009256,0.000136,0.096198,0.000001,0.007107,0.000527,0.084301,0.000000,0.000000,0.000000,0.179820,-0.306552,-3.132507,-0.093068,-0.145508,-0.201648,3.134306,-0.182225,0.000000,0.000000,0.000000,0.000000,0.000000,0.000000
1778448565.233438,sequential_ik_elbow_then_wrist,1,0,-0.040601,0.291545,-0.057907,-0.174106,0.556032,-0.105058,-0.044270,-0.295487,-0.026973,-0.164934,-0.569266,-0.004941,0.000008,0.009194,0.001899,0.095869,0.000002,0.006240,0.000829,0.078992,0.000000,0.000000,0.000000,0.170358,-0.281040,-3.134305,-0.081531,-0.146497,-0.175487,3.135672,-0.179994,0.000000,0.000000,0.000000,0.000000,0.000000,0.000000
1778448565.295689,sequential_ik_elbow_then_wrist,1,0,-0.034934,0.294661,-0.044207,-0.162905,0.560696,-0.097583,-0.038812,-0.296992,-0.017007,-0.151509,-0.574500,-0.000014,0.000035,0.008867,0.003925,0.094050,0.000018,0.005456,0.002815,0.073797,0.000000,0.000000,0.000000,0.159066,-0.251963,-3.135672,-0.061545,-0.143612,-0.148956,3.136711,-0.170673,0.000000,0.000000,0.000000,0.000000,0.000000,0.000000
1778448565.363912,sequential_ik_elbow_then_wrist,1,0,-0.027984,0.296899,-0.032674,-0.147492,0.567341,-0.083460,-0.040646,-0.297233,-0.000568,-0.150820,-0.575208,0.023751,0.000037,0.008264,0.004040,0.090844,0.000042,0.005223,0.004330,0.072239,0.000000,0.000000,0.000000,0.145089,-0.220473,-3.136711,-0.038224,-0.141684,-0.117124,3.137500,-0.158639,0.000000,0.000000,0.000000,0.000000,0.000000,0.000000
1778448565.433233,sequential_ik_elbow_then_wrist,1,0,-0.025424,0.298700,-0.011494,-0.135636,0.575516,-0.046506,-0.041018,-0.296448,0.020890,-0.144756,-0.574814,0.062728,0.000075,0.007249,0.005766,0.085137,0.000079,0.004831,0.005908,0.067145,0.000000,0.000000,0.000000,0.131525,-0.181286,-3.137500,-0.018665,-0.140572,-0.077014,2.384500,-0.106361,0.000000,0.000000,0.000000,0.000000,0.000000,0.000000
1778448565.492160,sequential_ik_elbow_then_wrist,1,0,-0.018100,0.299309,0.009310,-0.098950,0.588122,0.016408,-0.045353,-0.291857,0.052563,-0.132884,-0.566189,0.136705,0.000091,0.003637,0.006361,0.060018,0.000173,0.002315,0.008747,0.047355,0.000000,0.000000,0.000000,0.116003,-0.135176,-3.138100,-0.018002,-0.142865,-0.023194,1.812220,-0.046181,0.000000,0.000000,0.000000,0.000000,0.000000,0.000000
1778448565.541489,sequential_ik_elbow_then_wrist,1,0,-0.028016,0.298006,0.020184,-0.106262,0.584434,0.063043,-0.046695,-0.289153,0.064887,-0.143481,-0.548074,0.181473,0.000042,0.003169,0.004297,0.055528,0.000054,0.003173,0.004911,0.056021,0.000000,0.000000,0.000000,0.109177,-0.089676,-2.384956,0.004753,-0.146424,0.030809,1.377287,0.013686,0.000000,0.000000,0.000000,0.000000,0.000000,0.000000
1778448565.606391,sequential_ik_elbow_then_wrist,1,0,-0.042658,0.294057,0.041360,-0.134116,0.568711,0.120105,-0.045941,-0.288276,0.069182,-0.156544,-0.521511,0.222049,0.000109,0.003562,0.006965,0.059246,0.000010,0.005515,0.002120,0.073582,0.000000,0.000000,0.000000,0.114385,-0.039564,-1.812567,0.039379,-0.149191,0.077567,1.046738,0.083278,0.000000,0.000000,0.000000,0.000000,0.000000,0.000000
1778448565.660228,sequential_ik_elbow_then_wrist,1,0,-0.045402,0.286627,0.076050,-0.137936,0.544015,0.199293,-0.041623,-0.283663,0.088333,-0.146531,-0.483751,0.285714,0.000208,0.003083,0.009608,0.055108,0.000059,0.005736,0.005107,0.074517,0.000000,0.000000,0.000000,0.123093,0.023903,-1.377551,0.081974,-0.149100,0.126657,0.795521,0.168614,0.000000,0.000000,0.000000,0.000000,0.000000,0.000000
1778448565.718322,sequential_ik_elbow_then_wrist,1,0,-0.049507,0.279921,0.095882,-0.138416,0.520242,0.251898,-0.049538,-0.272874,0.114393,-0.165840,-0.412887,0.352868,0.000114,0.002448,0.007124,0.049272,0.000137,0.009195,0.007844,0.094630,0.000000,0.000000,0.000000,0.134052,0.090726,-1.046938,0.125104,-0.154402,0.184161,0.604596,0.270636,0.000000,0.000000,0.000000,0.000000,0.000000,0.000000
1778448565.787822,sequential_ik_elbow_then_wrist,1,0,-0.054226,0.275078,0.106731,-0.149362,0.485085,0.298685,-0.053418,-0.261922,0.136173,-0.158910,-0.355893,0.400826,0.000048,0.003303,0.004642,0.056836,0.000127,0.008027,0.007581,0.088878,0.000000,0.000000,0.000000,0.146923,0.152881,-0.795673,0.178327,-0.163499,0.247282,0.459493,0.375252,0.000000,0.000000,0.000000,0.000000,0.000000,0.000000
1778448565.857377,sequential_ik_elbow_then_wrist,1,0,-0.069124,0.263575,0.125499,-0.173803,0.434859,0.348443,-0.060603,-0.247608,0.158169,-0.161078,-0.318058,0.431923,0.000124,0.004646,0.007747,0.067534,0.000151,0.007494,0.008414,0.086531,0.000000,0.000000,0.000000,0.168502,0.215311,-0.604712,0.240918,-0.178127,0.315294,0.349215,0.460632,0.000000,0.000000,0.000000,0.000000,0.000000,0.000000
1778448565.904314,sequential_ik_elbow_then_wrist,1,0,-0.087697,0.246103,0.147454,-0.194639,0.405636,0.377915,-0.079060,-0.224125,0.183078,-0.195346,-0.264411,0.456674,0.000235,0.003833,0.010988,0.061901,0.000323,0.012146,0.013254,0.110193,0.000000,0.000000,0.000000,0.202334,0.281518,-0.459581,0.286036,-0.206545,0.390412,0.265403,0.521142,0.000000,0.000000,0.000000,0.000000,0.000000,0.000000
1778448565.966068,sequential_ik_elbow_then_wrist,1,0,-0.099090,0.216090,0.182993,-0.202719,0.366373,0.421060,-0.081681,-0.205228,0.203002,-0.196920,-0.237079,0.478148,0.000459,0.002571,0.015396,0.050291,0.000222,0.011322,0.010968,0.106220,0.000000,0.000000,0.000000,0.246354,0.362507,-0.349281,0.304733,-0.239564,0.468875,0.201706,0.552154,0.000000,0.000000,0.000000,0.000000,0.000000,0.000000
1778448566.025020,sequential_ik_elbow_then_wrist,1,0,-0.103765,0.185623,0.211606,-0.192923,0.312604,0.468367,-0.082224,-0.197144,0.210650,-0.189601,-0.208781,0.490534,0.000470,0.001307,0.016112,0.036003,0.000072,0.010322,0.006457,0.101593,0.000000,0.000000,0.000000,0.296479,0.454628,-0.265454,0.311168,-0.271372,0.539858,0.153297,0.574142,0.000000,0.000000,0.000000,0.000000,0.000000,0.000000
1778448566.094305,sequential_ik_elbow_then_wrist,1,0,-0.110362,0.169465,0.221589,-0.203108,0.282223,0.483665,-0.085656,-0.181658,0.222853,-0.182375,-0.177203,0.506799,0.000260,0.001382,0.013271,0.036906,0.000114,0.009600,0.008385,0.097977,0.000000,0.000000,0.000000,0.349654,0.540585,-0.201745,0.305458,-0.303912,0.607342,0.116506,0.590902,0.000000,0.000000,0.000000,0.000000,0.000000,0.000000
1778448566.146593,sequential_ik_elbow_then_wrist,1,0,-0.111541,0.144674,0.237967,-0.195343,0.233603,0.511953,-0.075619,-0.171989,0.233884,-0.159302,-0.151467,0.521244,0.000347,0.001233,0.015534,0.035117,0.000057,0.007424,0.005066,0.086158,0.000000,0.000000,0.000000,0.405151,0.625419,-0.153326,0.300823,-0.329456,0.672142,0.088544,0.605980,0.000000,0.000000,0.000000,0.000000,0.000000,0.000000
1778448566.208411,sequential_ik_elbow_then_wrist,1,0,-0.106713,0.140523,0.242623,-0.187569,0.228845,0.517689,-0.072215,-0.161551,0.242252,-0.150273,-0.113920,0.527976,0.000082,0.000535,0.007726,0.022883,0.000043,0.008549,0.004414,0.092395,0.000000,0.000000,0.000000,0.454272,0.698870,-0.116528,0.289188,-0.349896,0.732972,0.067294,0.625788,0.000000,0.000000,0.000000,0.000000,0.000000,0.000000
1778448566.263283,sequential_ik_elbow_then_wrist,1,0,-0.102730,0.120548,0.254784,-0.171606,0.169542,0.542630,-0.068963,-0.148997,0.251085,-0.117276,-0.092396,0.541709,0.000180,0.001288,0.011184,0.035503,0.000051,0.004813,0.004922,0.069347,0.000000,0.000000,0.000000,0.500038,0.770291,-0.088561,0.292906,-0.367166,0.791442,0.051143,0.645778,0.000000,0.000000,0.000000,0.000000,0.000000,0.000000
1778448566.329040,sequential_ik_elbow_then_wrist,1,0,-0.129123,0.110356,0.247283,-0.193483,0.097832,0.540030,-0.098194,-0.139745,0.246636,-0.140131,-0.058162,0.532267,0.000604,0.006641,0.023061,0.080472,0.000452,0.009306,0.019927,0.096323,0.000000,0.000000,0.000000,0.554761,0.820626,-0.067307,0.326603,-0.398027,0.834616,0.038869,0.673670,0.000000,0.000000,0.000000,0.000000,0.000000,0.000000
1778448566.388335,sequential_ik_elbow_then_wrist,1,0,-0.142285,0.096219,0.245961,-0.192654,0.054871,0.538798,-0.120639,-0.137466,0.237801,-0.176295,-0.023611,0.509720,0.000773,0.008466,0.026065,0.091443,0.000686,0.018489,0.024138,0.135772,0.000000,0.000000,0.000000,0.619440,0.856860,-0.051153,0.376735,-0.444093,0.858215,0.029540,0.712644,0.000000,0.000000,0.000000,0.000000,0.000000,0.000000
1778448566.441937,sequential_ik_elbow_then_wrist,1,0,-0.153760,0.088342,0.241978,-0.204136,0.027490,0.531390,-0.142737,-0.129458,0.229928,-0.222927,-0.002028,0.489410,0.000655,0.010746,0.023827,0.103529,0.000819,0.030252,0.026080,0.173929,0.000000,0.000000,0.000000,0.690465,0.879438,-0.038876,0.427523,-0.505631,0.866440,0.022451,0.743798,0.000000,0.000000,0.000000,0.000000,0.000000,0.000000
1778448566.509612,sequential_ik_elbow_then_wrist,0,0,-0.187990,0.092987,0.214507,-0.262513,0.027619,0.497656,-0.170761,-0.110310,0.220618,-0.283163,0.020195,0.466248,0.000778,0.013893,0.023466,0.117861,0.001208,0.044887,0.031327,0.211692,0.000000,0.000000,0.000000,0.767703,0.868901,-0.029546,0.469140,-0.587041,0.862303,0.017062,0.746908,0.000000,0.000000,0.000000,0.000000,0.000000,0.000000
1778448566.565681,sequential_ik_elbow_then_wrist,0,0,-0.205305,0.103032,0.192962,-0.279497,0.048888,0.478556,-0.193574,-0.108650,0.201803,-0.309570,0.025323,0.443869,0.000314,0.008966,0.013266,0.094495,0.000739,0.043193,0.023125,0.207797,0.000000,0.000000,0.000000,0.839119,0.835731,-0.022455,0.515218,-0.676922,0.839432,0.012967,0.740574,0.000000,0.000000,0.000000,0.000000,0.000000,0.000000
1778448566.644144,sequential_ik_elbow_then_wrist,1,0,-0.202978,0.169568,0.141586,-0.268737,0.094281,0.424442,-0.205288,-0.144562,0.164191,-0.308559,-0.018987,0.416314,0.001064,0.008785,0.023954,0.091081,0.000377,0.029727,0.012930,0.172103,0.000000,0.000000,0.000000,0.863163,0.766802,-0.017066,0.603352,-0.744586,0.787302,0.009855,0.760617,0.000000,0.000000,0.000000,0.000000,0.000000,0.000000
1778448566.690220,sequential_ik_elbow_then_wrist,1,0,-0.229739,0.192447,0.013574,-0.364670,0.127423,0.273508,-0.224679,-0.179413,0.085617,-0.357823,-0.069933,0.331151,0.002773,0.021936,0.035462,0.147209,0.001230,0.032076,0.023559,0.178682,0.000000,0.000000,0.000000,0.869510,0.621757,-0.012970,0.709451,-0.785278,0.686253,0.007490,0.805089,0.000000,0.000000,0.000000,0.000000,0.000000,0.000000
1778448566.753143,sequential_ik_elbow_then_wrist,0,0,-0.212031,0.149896,-0.150247,-0.427277,0.129467,0.057724,-0.205810,-0.206307,-0.071272,-0.433722,-0.153718,0.116585,0.005163,0.029597,0.048847,0.171618,0.004153,0.046354,0.043628,0.215295,0.000000,0.000000,0.000000,0.885631,0.385554,-0.009857,0.818870,-0.792551,0.498120,0.005692,0.842392,0.000000,0.000000,0.000000,0.000000,0.000000,0.000000
1778448566.808722,sequential_ik_elbow_then_wrist,0,0,-0.170195,0.139227,-0.204082,-0.411246,0.138885,-0.025493,-0.154418,-0.166085,-0.196395,-0.426952,-0.194627,-0.074286,0.001624,0.025957,0.027079,0.160268,0.004148,0.038042,0.043643,0.195015,0.000000,0.000000,0.000000,0.890352,0.134824,-0.007491,0.941511,-0.787761,0.241930,0.004326,0.878660,0.000000,0.000000,0.000000,0.000000,0.000000,0.000000
1778448566.873398,sequential_ik_elbow_then_wrist,1,0,-0.103157,0.104313,-0.261682,-0.291118,0.149671,-0.491057,-0.073204,-0.156925,-0.244981,-0.312866,-0.283090,-0.373994,0.001880,0.024847,0.029996,0.127323,0.002842,0.029620,0.040847,0.146765,0.000000,0.000000,0.000000,0.882326,-0.129953,-0.759294,0.811686,-0.746607,-0.025952,0.756888,0.690494,0.000000,0.000000,0.000000,0.000000,0.000000,0.000000
1778448566.926590,sequential_ik_elbow_then_wrist,1,0,-0.066626,0.084776,-0.279954,-0.208421,0.138161,-0.538882,-0.016961,-0.123865,-0.272708,-0.183790,-0.252073,-0.486556,0.000875,0.003779,0.022748,0.052317,0.002865,0.003450,0.046658,0.054513,0.000000,0.000000,0.000000,0.865880,-0.375355,-1.330663,0.635566,-0.683371,-0.283773,1.328835,0.495018,0.000000,0.000000,0.000000,0.000000,0.000000,0.000000
1778448566.986032,sequential_ik_elbow_then_wrist,1,0,-0.049324,0.058323,-0.290113,-0.212462,0.147441,-0.525578,-0.001553,-0.081931,-0.288591,-0.182370,-0.098910,-0.527373,0.000338,0.003922,0.013407,0.056129,0.001554,0.018336,0.035169,0.135099,0.000000,0.000000,0.000000,0.850107,-0.591859,-1.764904,0.435030,-0.620293,-0.519736,1.763514,0.368427,0.000000,0.000000,0.000000,0.000000,0.000000,0.000000
1778448567.066403,sequential_ik_elbow_then_wrist,1,0,-0.050895,0.048665,-0.291619,-0.219302,0.105797,-0.533228,-0.003674,-0.085418,-0.287559,-0.174312,-0.068126,-0.533697,0.000034,0.007360,0.003904,0.085793,0.000815,0.021514,0.028109,0.146368,0.000000,0.000000,0.000000,0.838286,-0.766842,-2.094927,0.282623,-0.561886,-0.704859,2.093871,0.295060,0.000000,0.000000,0.000000,0.000000,0.000000,0.000000
1778448567.106930,sequential_ik_elbow_then_wrist,1,0,-0.035391,0.034433,-0.295908,-0.193647,0.082919,-0.546117,-0.017520,-0.093314,-0.284580,-0.188188,-0.061764,-0.529277,0.000076,0.007248,0.005803,0.085136,0.000268,0.027259,0.015907,0.164891,0.000000,0.000000,0.000000,0.829281,-0.915467,-2.345745,0.166793,-0.511355,-0.838574,2.344942,0.259442,0.000000,0.000000,0.000000,0.000000,0.000000,0.000000
1778448567.185529,sequential_ik_elbow_then_wrist,1,0,-0.041757,0.028654,-0.295695,-0.209780,0.072941,-0.540249,-0.007004,-0.092627,-0.285256,-0.187072,-0.063051,-0.523375,0.000070,0.011498,0.008207,0.107229,0.000498,0.028816,0.022006,0.169721,0.000000,0.000000,0.000000,0.824245,-1.031621,-2.536366,0.078763,-0.464105,-0.940801,2.535756,0.240094,0.000000,0.000000,0.000000,0.000000,0.000000,0.000000
1778448567.234453,sequential_ik_elbow_then_wrist,1,0,-0.038433,0.026925,-0.296307,-0.202964,0.067513,-0.543860,-0.010877,-0.101610,-0.282059,-0.185005,-0.088588,-0.526005,0.000049,0.010946,0.006892,0.104623,0.000345,0.026338,0.018082,0.162290,0.000000,0.000000,0.000000,0.821820,-1.122853,-2.681238,0.011860,-0.420520,-1.011886,2.680774,0.225240,0.000000,0.000000,0.000000,0.000000,0.000000,0.000000
1778448567.295251,sequential_ik_elbow_then_wrist,1,0,-0.012892,0.022549,-0.298873,-0.177387,0.085119,-0.541827,-0.011880,-0.103100,-0.281477,-0.176807,-0.112565,-0.531896,0.000117,0.010231,0.009074,0.101150,0.000221,0.022382,0.014568,0.149583,0.000000,0.000000,0.000000,0.818855,-1.206251,-2.791341,-0.038987,-0.380801,-1.062988,2.790989,0.207721,0.000000,0.000000,0.000000,0.000000,0.000000,0.000000
1778448567.359564,sequential_ik_elbow_then_wrist,1,0,-0.014501,0.031725,-0.297965,-0.178568,0.124037,-0.531547,-0.011059,-0.110057,-0.278864,-0.166499,-0.137301,-0.534003,0.000164,0.012495,0.012753,0.111779,0.000213,0.018701,0.014138,0.136735,0.000000,0.000000,0.000000,0.814937,-1.268153,-2.875019,-0.077630,-0.343859,-1.096564,2.874751,0.189513,0.000000,0.000000,0.000000,0.000000,0.000000,0.000000
1778448567.407520,sequential_ik_elbow_then_wrist,1,0,-0.020820,0.048284,-0.295356,-0.195525,0.147793,-0.518013,-0.035960,-0.117661,-0.273611,-0.171100,-0.167731,-0.536727,0.000421,0.013754,0.019994,0.117278,0.000079,0.016491,0.007690,0.128394,0.000000,0.000000,0.000000,0.808625,-1.304697,-2.938615,-0.106999,-0.319408,-1.112089,2.938411,0.169623,0.000000,0.000000,0.000000,0.000000,0.000000,0.000000
1778448567.471146,sequential_ik_elbow_then_wrist,1,0,-0.028352,0.058296,-0.292912,-0.202045,0.158030,-0.516260,-0.045238,-0.122209,-0.270219,-0.176295,-0.182995,-0.533143,0.000447,0.010873,0.020606,0.104273,0.000146,0.015152,0.011415,0.123086,0.000000,0.000000,0.000000,0.799240,-1.322036,-2.986947,-0.129319,-0.307394,-1.116846,2.986792,0.151211,0.000000,0.000000,0.000000,0.000000,0.000000,0.000000
1778448567.538385,sequential_ik_elbow_then_wrist,1,0,-0.030989,0.076277,-0.288481,-0.193757,0.156518,-0.527371,-0.046011,-0.126251,-0.268223,-0.181999,-0.187990,-0.528407,0.000859,0.004617,0.028640,0.067945,0.000074,0.015026,0.008149,0.122580,0.000000,0.000000,0.000000,0.783867,-1.322838,-3.023680,-0.146282,-0.303272,-1.115898,3.023562,0.137038,0.000000,0.000000,0.000000,0.000000,0.000000,0.000000
1778448567.601621,sequential_ik_elbow_then_wrist,1,0,-0.033073,0.070732,-0.289660,-0.189973,0.134468,-0.537290,-0.056778,-0.119585,-0.269213,-0.245098,-0.209136,-0.484890,0.000443,0.004200,0.020847,0.064810,0.000241,0.029164,0.014996,0.169947,0.000000,0.000000,0.000000,0.765491,-1.321948,-3.051597,-0.159175,-0.309638,-1.115929,3.051507,0.085947,0.000000,0.000000,0.000000,0.000000,0.000000,0.000000
1778448567.658059,sequential_ik_elbow_then_wrist,1,0,-0.033969,0.070115,-0.289707,-0.196060,0.113686,-0.538360,-0.058751,-0.121451,-0.267951,-0.258244,-0.208401,-0.474451,0.000327,0.006955,0.017908,0.083394,0.000155,0.030194,0.011991,0.173616,0.000000,0.000000,0.000000,0.745672,-1.320562,-3.072813,-0.168973,-0.322150,-1.114159,3.072746,0.029994,0.000000,0.000000,0.000000,0.000000,0.000000,0.000000
1778448567.715972,sequential_ik_elbow_then_wrist,1,0,-0.048587,0.050317,-0.291732,-0.219021,0.048245,-0.538608,-0.039696,-0.127451,-0.268664,-0.201762,-0.258557,-0.484409,0.000034,0.020113,0.005609,0.141796,0.000037,0.010955,0.005881,0.104535,0.000000,0.000000,0.000000,0.732319,-1.323216,-3.088938,-0.170031,-0.327875,-1.113108,3.088887,-0.025205,0.000000,0.000000,0.000000,0.000000,0.000000,0.000000
1778448567.778087,sequential_ik_elbow_then_wrist,0,0,-0.076901,0.010780,-0.289776,-0.280953,-0.013499,-0.508347,-0.029878,-0.127098,-0.270099,-0.179750,-0.252033,-0.497980,0.002470,0.050015,0.049286,0.223624,0.000135,0.008903,0.011206,0.094336,0.000000,0.000000,0.000000,0.735880,-1.332151,-3.101193,-0.177223,-0.325171,-1.114627,3.101154,-0.062386,0.000000,0.000000,0.000000,0.000000,0.000000,0.000000
1778448567.834101,sequential_ik_elbow_then_wrist,0,0,-0.094561,0.009544,-0.284547,-0.311924,-0.024880,-0.488430,-0.039060,-0.125659,-0.269600,-0.168966,-0.248859,-0.510320,0.003438,0.059053,0.058104,0.243008,0.000002,0.007291,0.001502,0.085282,0.000000,0.000000,0.000000,0.755683,-1.330811,-3.110507,-0.182690,-0.322177,-1.115285,3.110477,-0.080594,0.000000,0.000000,0.000000,0.000000,0.000000,0.000000
1778448567.903860,sequential_ik_elbow_then_wrist,0,0,-0.088611,0.031915,-0.284832,-0.299122,0.001723,-0.496431,-0.044360,-0.127397,-0.267959,-0.171315,-0.253398,-0.508804,0.001153,0.040234,0.033345,0.200583,0.000007,0.007075,0.002389,0.084106,0.000000,0.000000,0.000000,0.782383,-1.319783,-3.117585,-0.186844,-0.321327,-1.113398,3.117562,-0.091812,0.000000,0.000000,0.000000,0.000000,0.000000,0.000000
1778448567.959038,sequential_ik_elbow_then_wrist,0,0,-0.097997,0.044174,-0.280081,-0.298057,-0.000134,-0.499199,-0.047279,-0.129524,-0.266436,-0.169204,-0.257603,-0.508779,0.000708,0.035438,0.025669,0.188250,0.000013,0.006089,0.003281,0.078027,0.000000,0.000000,0.000000,0.813368,-1.298477,-3.122965,-0.190002,-0.322752,-1.109364,3.122947,-0.097811,0.000000,0.000000,0.000000,0.000000,0.000000,0.000000
1778448568.024368,sequential_ik_elbow_then_wrist,0,0,-0.098785,0.040284,-0.280390,-0.297175,-0.008615,-0.500050,-0.052622,-0.133355,-0.263529,-0.180315,-0.265744,-0.500526,0.000597,0.033629,0.023974,0.183383,0.000032,0.006653,0.005202,0.081563,0.000000,0.000000,0.000000,0.847953,-1.279682,-3.127053,-0.192401,-0.327233,-1.101911,3.127040,-0.104424,0.000000,0.000000,0.000000,0.000000,0.000000,0.000000
1778448568.085759,sequential_ik_elbow_then_wrist,1,0,-0.100429,0.047671,-0.278642,-0.295557,-0.006185,-0.500057,-0.051373,-0.129006,-0.265929,-0.182247,-0.254494,-0.504937,0.000254,0.029868,0.015509,0.172817,0.000016,0.007068,0.003812,0.084065,0.000000,0.000000,0.000000,0.881741,-1.260749,-3.130160,-0.190542,-0.333199,-1.098367,3.130150,-0.106916,0.000000,0.000000,0.000000,0.000000,0.000000,0.000000
1778448568.153390,sequential_ik_elbow_then_wrist,1,0,-0.103970,0.045960,-0.277629,-0.309899,-0.007398,-0.489162,-0.055369,-0.135778,-0.261722,-0.191162,-0.257514,-0.499925,0.000243,0.030206,0.015205,0.173791,0.000022,0.007781,0.004044,0.088204,0.000000,0.000000,0.000000,0.915132,-1.243592,-3.132522,-0.192812,-0.340280,-1.090700,3.132514,-0.105876,0.000000,0.000000,0.000000,0.000000,0.000000,0.000000
1778448568.201938,sequential_ik_elbow_then_wrist,1,0,-0.102950,0.048654,-0.277550,-0.297743,0.000027,-0.500466,-0.063261,-0.144390,-0.255244,-0.201778,-0.260401,-0.494732,0.000103,0.023777,0.009910,0.154194,0.000056,0.008452,0.006244,0.091863,0.000000,0.000000,0.000000,0.945651,-1.229400,-3.134317,-0.192333,-0.349705,-1.075889,3.134311,-0.096501,0.000000,0.000000,0.000000,0.000000,0.000000,0.000000
1778448568.265429,sequential_ik_elbow_then_wrist,1,0,-0.150412,0.048793,-0.254942,-0.332725,-0.012169,-0.485259,-0.081403,-0.150651,-0.246328,-0.229422,-0.270400,-0.478170,0.000889,0.026719,0.026278,0.163194,0.000216,0.009779,0.013130,0.098888,0.000000,0.000000,0.000000,0.984581,-1.188663,-3.135681,-0.169645,-0.367399,-1.052811,3.135676,-0.087569,0.000000,0.000000,0.000000,0.000000,0.000000,0.000000
1778448568.321783,sequential_ik_elbow_then_wrist,1,0,-0.142725,0.044863,-0.260032,-0.321847,-0.032574,-0.487889,-0.071856,-0.157675,-0.244899,-0.222580,-0.289862,-0.468078,0.000289,0.026718,0.016237,0.163337,0.000007,0.007072,0.001751,0.084079,0.000000,0.000000,0.000000,1.026121,-1.156299,-3.136717,-0.137494,-0.381243,-1.030699,3.136714,-0.084754,0.000000,0.000000,0.000000,0.000000,0.000000,0.000000
1778448568.387824,sequential_ik_elbow_then_wrist,1,0,-0.132799,0.035000,-0.266720,-0.305381,-0.042449,-0.499565,-0.077386,-0.158701,-0.242540,-0.231030,-0.300458,-0.457710,0.000272,0.023468,0.015521,0.153191,0.000014,0.006897,0.003265,0.083004,0.000000,0.000000,0.000000,1.068291,-1.139970,-3.137505,-0.111165,-0.394570,-1.010371,3.137503,-0.089171,0.000000,0.000000,0.000000,0.000000,0.000000,0.000000
1778448568.445845,sequential_ik_elbow_then_wrist,1,0,-0.138013,0.021824,-0.265473,-0.295134,-0.043321,-0.512595,-0.084860,-0.152140,-0.244238,-0.236879,-0.301537,-0.455356,0.000487,0.017661,0.021235,0.132881,0.000065,0.005890,0.007469,0.076693,0.000000,0.000000,0.000000,1.114661,-1.128327,-3.138104,-0.086871,-0.411703,-0.996008,3.138102,-0.099492,0.000000,0.000000,0.000000,0.000000,0.000000,0.000000
1778448568.509910,sequential_ik_elbow_then_wrist,1,0,-0.139142,0.020395,-0.264997,-0.297986,-0.036213,-0.513119,-0.073183,-0.152665,-0.247664,-0.209313,-0.316000,-0.459302,0.000293,0.012897,0.016466,0.113558,0.000009,0.002324,0.002411,0.048148,0.000000,0.000000,0.000000,1.161065,-1.118570,-3.138559,-0.071696,-0.422943,-0.988921,3.138558,-0.113292,0.000000,0.000000,0.000000,0.000000,0.000000,0.000000
1778448568.557520,sequential_ik_elbow_then_wrist,1,0,-0.151102,0.017709,-0.258562,-0.306655,-0.032421,-0.510138,-0.072635,-0.151754,-0.248385,-0.211516,-0.314068,-0.459017,0.000276,0.009677,0.015578,0.098359,0.000003,0.002783,0.001396,0.052736,0.000000,0.000000,0.000000,1.207375,-1.102684,-3.138905,-0.056555,-0.430364,-0.985197,3.138904,-0.127377,0.000000,0.000000,0.000000,0.000000,0.000000,0.000000
1778448568.626975,sequential_ik_elbow_then_wrist,1,0,-0.130230,0.048462,-0.265879,-0.270634,0.021960,-0.529668,-0.057923,-0.140550,-0.258632,-0.188090,-0.285523,-0.486753,0.000221,0.002331,0.013994,0.048126,0.000091,0.002685,0.007763,0.051679,0.000000,0.000000,0.000000,1.232899,-1.097902,-3.139168,-0.035709,-0.430851,-0.994676,3.139167,-0.129019,0.000000,0.000000,0.000000,0.000000,0.000000,0.000000
1778448568.702707,sequential_ik_elbow_then_wrist,1,0,-0.116860,0.067015,-0.268054,-0.244013,0.032691,-0.537598,-0.055423,-0.141699,-0.258553,-0.183674,-0.279359,-0.492222,0.000727,0.002396,0.025900,0.048772,0.000043,0.003215,0.006145,0.056673,0.000000,0.000000,0.000000,1.235328,-1.100127,-3.139367,-0.009931,-0.426500,-1.004595,3.139367,-0.126053,0.000000,0.000000,0.000000,0.000000,0.000000,0.000000
1778448568.747608,sequential_ik_elbow_then_wrist,1,0,-0.103863,0.077958,-0.270435,-0.238780,0.059520,-0.537750,-0.052597,-0.142116,-0.258914,-0.210053,-0.245859,-0.492249,0.001004,0.001689,0.030615,0.040996,0.000039,0.010348,0.005958,0.101626,0.000000,0.000000,0.000000,1.218300,-1.107259,-3.139519,0.002788,-0.418632,-1.013191,3.139519,-0.113119,0.000000,0.000000,0.000000,0.000000,0.000000,0.000000
1778448568.817296,sequential_ik_elbow_then_wrist,0,0,-0.089454,0.081149,-0.274614,-0.241432,0.071381,-0.533085,-0.075335,-0.113138,-0.267441,-0.331894,-0.127308,-0.422285,0.001015,0.002553,0.030845,0.050025,0.000427,0.070245,0.019296,0.264960,0.000000,0.000000,0.000000,1.187825,-1.120282,-3.139635,-0.004667,-0.425793,-1.031763,3.139634,-0.118637,0.000000,0.000000,0.000000,0.000000,0.000000,0.000000
1778448568.870452,sequential_ik_elbow_then_wrist,0,0,-0.095177,0.082878,-0.272163,-0.246348,0.070876,-0.531013,-0.083563,-0.089451,-0.273890,-0.356177,-0.098433,-0.398792,0.000559,0.004339,0.022960,0.065874,0.000893,0.083102,0.028491,0.288204,0.000000,0.000000,0.000000,1.151561,-1.126995,-3.139722,-0.010554,-0.448290,-1.059177,3.139722,-0.138164,0.000000,0.000000,0.000000,0.000000,0.000000,0.000000
1778448568.941441,sequential_ik_elbow_then_wrist,0,0,-0.081366,0.087303,-0.275241,-0.242952,0.075946,-0.527751,-0.078517,-0.085064,-0.276765,-0.340367,-0.107787,-0.421397,0.000752,0.005751,0.026656,0.075803,0.000458,0.063393,0.020691,0.251779,0.000000,0.000000,0.000000,1.109195,-1.136603,-3.139789,-0.020469,-0.476722,-1.086550,3.139789,-0.153005,0.000000,0.000000,0.000000,0.000000,0.000000,0.000000
1778448568.983033,sequential_ik_elbow_then_wrist,1,0,-0.078031,0.097463,-0.272786,-0.231029,0.085494,-0.530562,-0.053212,-0.083167,-0.283288,-0.266241,-0.154752,-0.482019,0.000880,0.006010,0.028876,0.077446,0.000041,0.023322,0.004276,0.152714,0.000000,0.000000,0.000000,1.060887,-1.141483,-3.139840,-0.019527,-0.498427,-1.118866,3.139839,-0.164284,0.000000,0.000000,0.000000,0.000000,0.000000,0.000000
1778448569.038888,sequential_ik_elbow_then_wrist,1,0,-0.081689,0.106022,-0.268489,-0.266243,0.096053,-0.504795,-0.055575,-0.085089,-0.282261,-0.260204,-0.179306,-0.480377,0.000691,0.011960,0.025332,0.109278,0.000001,0.019546,0.001008,0.139806,0.000000,0.000000,0.000000,1.009109,-1.137841,-3.139878,-0.029181,-0.515372,-1.144167,3.139878,-0.172856,0.000000,0.000000,0.000000,0.000000,0.000000,0.000000
1778448569.105458,sequential_ik_elbow_then_wrist,0,0,-0.085673,0.106634,-0.267001,-0.309443,0.072848,-0.463941,-0.100482,-0.070501,-0.273739,-0.380217,-0.093374,-0.379689,0.000312,0.030398,0.016970,0.174231,0.001519,0.083380,0.037951,0.288755,0.000000,0.000000,0.000000,0.959001,-1.130438,-3.139907,-0.051986,-0.547152,-1.153505,3.139907,-0.179370,0.000000,0.000000,0.000000,0.000000,0.000000,0.000000
1778448569.161846,sequential_ik_elbow_then_wrist,0,0,-0.084521,0.107780,-0.266907,-0.301625,0.072174,-0.470863,-0.104481,-0.062489,-0.274188,-0.392933,-0.089147,-0.352192,0.000196,0.032016,0.013494,0.178904,0.001397,0.086691,0.036500,0.294433,0.000000,0.000000,0.000000,0.912094,-1.123362,-3.139930,-0.061834,-0.590600,-1.158784,3.139930,-0.184321,0.000000,0.000000,0.000000,0.000000,0.000000,0.000000
1778448569.237069,sequential_ik_elbow_then_wrist,0,0,-0.092290,0.108471,-0.264039,-0.301566,0.074615,-0.476306,-0.149682,-0.045075,-0.256054,-0.440450,-0.033911,-0.183052,0.000045,0.032491,0.006178,0.180183,0.004066,0.165987,0.061279,0.407415,0.000000,0.000000,0.000000,0.872395,-1.113477,-3.139946,-0.057289,-0.661044,-1.143106,3.139946,-0.188084,0.000000,0.000000,0.000000,0.000000,0.000000,0.000000
1778448569.288194,sequential_ik_elbow_then_wrist,0,0,-0.095163,0.109138,-0.262741,-0.297229,0.076124,-0.482012,-0.192745,-0.049478,-0.224502,-0.466573,-0.004968,-0.110323,0.000012,0.031437,0.003177,0.177235,0.003432,0.155890,0.052946,0.394829,0.000000,0.000000,0.000000,0.840104,-1.103197,-3.139959,-0.041964,-0.758806,-1.090363,3.139959,-0.190944,0.000000,0.000000,0.000000,0.000000,0.000000,0.000000
1778448569.352702,sequential_ik_elbow_then_wrist,0,0,-0.088627,0.108549,-0.265259,-0.293202,0.064554,-0.480232,-0.162943,-0.043792,-0.248056,-0.459901,-0.015374,-0.216299,0.000033,0.035272,0.005383,0.187783,0.000721,0.087335,0.024754,0.295526,0.000000,0.000000,0.000000,0.811877,-1.098069,-3.139969,-0.022983,-0.855677,-1.060867,3.139969,-0.193117,0.000000,0.000000,0.000000,0.000000,0.000000,0.000000
1778448569.403969,sequential_ik_elbow_then_wrist,0,0,-0.083112,0.106670,-0.267795,-0.297946,0.036730,-0.465164,-0.136044,-0.040215,-0.264339,-0.435286,-0.019678,-0.270012,0.000043,0.048335,0.006127,0.219843,0.000286,0.071107,0.013996,0.266659,0.000000,0.000000,0.000000,0.786441,-1.098215,-3.139977,-0.003474,-0.938439,-1.059287,3.139976,-0.194769,0.000000,0.000000,0.000000,0.000000,0.000000,0.000000
1778448569.464487,sequential_ik_elbow_then_wrist,0,0,-0.083218,0.102781,-0.269279,-0.297724,0.040621,-0.469587,-0.103007,-0.047811,-0.277676,-0.365037,-0.091058,-0.417209,0.000009,0.047109,0.002688,0.217044,0.000211,0.019103,0.010483,0.138212,0.000000,0.000000,0.000000,0.765514,-1.101230,-3.139982,0.008724,-0.997863,-1.081918,3.139982,-0.196025,0.000000,0.000000,0.000000,0.000000,0.000000,0.000000
1778448569.523897,sequential_ik_elbow_then_wrist,0,0,-0.085274,0.094373,-0.271702,-0.297880,0.035249,-0.474934,-0.082607,-0.057685,-0.282575,-0.304318,-0.126898,-0.472453,0.000018,0.047188,0.003728,0.217220,0.000430,0.008696,0.019388,0.093252,0.000000,0.000000,0.000000,0.751721,-1.107659,-3.139986,0.013608,-1.033699,-1.114083,3.139986,-0.196979,0.000000,0.000000,0.000000,0.000000,0.000000,0.000000
1778448569.579359,sequential_ik_elbow_then_wrist,0,0,-0.099250,0.085476,-0.269895,-0.331010,0.006894,-0.443424,-0.086471,-0.065252,-0.279759,-0.317818,-0.123883,-0.461531,0.000236,0.067006,0.014860,0.258769,0.000407,0.011810,0.019779,0.108672,0.000000,0.000000,0.000000,0.750409,-1.111451,-3.139990,0.001342,-1.051461,-1.137036,3.139990,-0.197704,0.000000,0.000000,0.000000,0.000000,0.000000,0.000000
1778448569.650516,sequential_ik_elbow_then_wrist,0,0,-0.138085,0.081776,-0.253466,-0.405224,-0.043168,-0.308473,-0.097873,-0.075907,-0.273238,-0.358058,-0.106382,-0.419441,0.001201,0.128429,0.032370,0.358002,0.000420,0.022616,0.019536,0.150386,0.000000,0.000000,0.000000,0.771917,-1.094906,-3.139992,-0.046980,-1.054822,-1.143542,3.139992,-0.198255,0.000000,0.000000,0.000000,0.000000,0.000000,0.000000
1778448569.719440,sequential_ik_elbow_then_wrist,0,0,-0.148011,0.077083,-0.249301,-0.409345,-0.031496,-0.348876,-0.094972,-0.084671,-0.271682,-0.348511,-0.104325,-0.430841,0.000828,0.090817,0.027009,0.301358,0.000504,0.019161,0.021756,0.138423,0.000000,0.000000,0.000000,0.809965,-1.072504,-3.139994,-0.083705,-1.044933,-1.143955,3.139994,-0.198674,0.000000,0.000000,0.000000,0.000000,0.000000,0.000000
1778448569.778974,sequential_ik_elbow_then_wrist,0,0,-0.179683,0.077806,-0.227289,-0.451316,-0.048995,-0.215593,-0.083387,-0.094874,-0.272113,-0.312180,-0.116827,-0.464913,0.000946,0.122274,0.027025,0.349677,0.000839,0.011005,0.028160,0.104906,0.000000,0.000000,0.000000,0.863710,-1.030500,-3.139995,-0.111616,-1.021093,-1.144753,3.139995,-0.198992,0.000000,0.000000,0.000000,0.000000,0.000000,0.000000
1778448569.844569,sequential_ik_elbow_then_wrist,0,0,-0.179952,0.089930,-0.222553,-0.453251,-0.018250,-0.282591,-0.066341,-0.110382,-0.270951,-0.270086,-0.139374,-0.489235,0.000111,0.072514,0.008722,0.269283,0.001642,0.006177,0.039403,0.078594,0.000000,0.000000,0.000000,0.913109,-0.987278,-3.139997,-0.132828,-0.980346,-1.145815,3.139997,-0.199234,0.000000,0.000000,0.000000,0.000000,0.000000,0.000000
1778448569.886228,sequential_ik_elbow_then_wrist,0,0,-0.177829,0.111905,-0.214135,-0.447664,0.015328,-0.302803,-0.055404,-0.123601,-0.267681,-0.265350,-0.150899,-0.480231,0.000080,0.056766,0.007234,0.238256,0.001989,0.009904,0.043277,0.099521,0.000000,0.000000,0.000000,0.943158,-0.944226,-3.139997,-0.148949,-0.923853,-1.142803,3.139997,-0.199418,0.000000,0.000000,0.000000,0.000000,0.000000,0.000000
1778448569.955754,sequential_ik_elbow_then_wrist,0,0,-0.183367,0.112481,-0.209104,-0.461689,0.002380,-0.229467,-0.047066,-0.132519,-0.264997,-0.263480,-0.166003,-0.470044,0.000018,0.081617,0.003078,0.285687,0.001827,0.014745,0.041332,0.121427,0.000000,0.000000,0.000000,0.963708,-0.904725,-3.139998,-0.161201,-0.855217,-1.135471,3.139998,-0.199558,0.000000,0.000000,0.000000,0.000000,0.000000,0.000000
1778448570.014770,sequential_ik_elbow_then_wrist,0,0,-0.255902,-0.002156,-0.156555,-0.419910,-0.215184,-0.023437,-0.139964,-0.167978,-0.205410,-0.434601,-0.116016,-0.183291,0.004579,0.140703,0.056155,0.364012,0.001421,0.127414,0.025622,0.356950,0.000000,0.000000,0.000000,1.061712,-0.837001,-2.386398,0.046784,-0.809659,-1.063871,3.139998,-0.199664,0.000000,0.000000,0.000000,0.000000,0.000000,0.000000
1778448570.075121,sequential_ik_elbow_then_wrist,0,0,-0.143478,0.067335,-0.254716,-0.395925,-0.052338,-0.364028,-0.066170,-0.158683,-0.245848,-0.328432,-0.221931,-0.377066,0.002253,0.047368,0.034899,0.206967,0.001028,0.032520,0.028253,0.180333,0.000000,0.000000,0.000000,1.111940,-0.858838,-2.567263,0.043271,-0.747983,-1.033832,3.139999,-0.199744,0.000000,0.000000,0.000000,0.000000,0.000000,0.000000
1778448570.132491,sequential_ik_elbow_then_wrist,0,0,-0.283552,0.076313,-0.061438,-0.423314,-0.112463,0.125191,-0.045249,-0.129253,-0.266920,-0.240499,-0.172178,-0.490605,0.005675,0.080858,0.051341,0.265443,0.000740,0.019820,0.023184,0.139853,0.000000,0.000000,0.000000,1.156352,-0.743264,-1.951120,0.285332,-0.685252,-1.041293,3.139999,-0.161050,0.000000,0.000000,0.000000,0.000000,0.000000,0.000000
1778448570.192816,sequential_ik_elbow_then_wrist,0,0,-0.258809,0.120106,-0.092695,-0.390207,-0.115165,0.039146,-0.033764,-0.133855,-0.266351,-0.213508,-0.176160,-0.502788,0.000330,0.095664,0.012933,0.307755,0.000616,0.016826,0.023741,0.129569,0.000000,0.000000,0.000000,1.161748,-0.643914,-1.482851,0.543291,-0.621400,-1.053504,3.139999,-0.116945,0.000000,0.000000,0.000000,0.000000,0.000000,0.000000
1778448570.259193,sequential_ik_elbow_then_wrist,0,0,-0.272590,0.111433,-0.057249,-0.366115,-0.129466,0.095136,-0.012385,-0.110238,-0.278737,-0.181136,-0.136670,-0.525363,0.000201,0.088602,0.009439,0.296587,0.000885,0.016602,0.027760,0.128742,0.000000,0.000000,0.000000,1.166555,-0.543005,-1.126967,0.799973,-0.557645,-1.083438,3.139999,-0.070843,0.000000,0.000000,0.000000,0.000000,0.000000,0.000000
1778448570.328707,sequential_ik_elbow_then_wrist,0,0,-0.162942,0.142547,-0.207678,-0.238042,-0.081973,-0.023421,-0.019091,-0.120341,-0.274142,-0.170035,-0.127457,-0.533305,0.004349,0.071069,0.046729,0.259020,0.000379,0.016499,0.018932,0.128116,0.000000,0.000000,0.000000,1.121821,-0.566980,-0.856495,1.146413,-0.498848,-1.102431,3.140000,-0.013654,0.000000,0.000000,0.000000,0.000000,0.000000,0.000000
1778448570.374890,sequential_ik_elbow_then_wrist,0,0,-0.095441,0.149522,-0.241938,-0.152847,-0.081726,-0.059650,-0.024991,-0.135236,-0.266621,-0.189658,-0.109471,-0.516063,0.002871,0.043168,0.043970,0.199343,0.000233,0.026205,0.013993,0.161290,0.000000,0.000000,0.000000,1.042230,-0.642816,-0.650936,1.550275,-0.446039,-1.104725,3.140000,0.062923,0.000000,0.000000,0.000000,0.000000,0.000000,0.000000
1778448570.430049,sequential_ik_elbow_then_wrist,0,0,-0.055084,0.157810,-0.249122,-0.108312,-0.089054,-0.087180,-0.019991,-0.143540,-0.262672,-0.201754,-0.106384,-0.498430,0.002562,0.028284,0.046527,0.165280,0.000245,0.033750,0.014747,0.183425,0.000000,0.000000,0.000000,0.939563,-0.723011,-0.494711,1.931809,-0.396103,-1.098579,3.140000,0.145718,0.000000,0.000000,0.000000,0.000000,0.000000,0.000000
1778448574.493089,sequential_ik_elbow_then_wrist,0,0,-0.222696,0.085626,-0.181865,-0.469545,-0.062235,-0.096997,-0.094916,-0.067559,-0.276454,-0.308562,-0.142732,-0.473188,0.006296,0.168676,0.069281,0.403370,0.004444,0.063438,0.063963,0.247702,0.000000,0.000000,0.000000,0.938151,-0.731537,-0.375981,2.036357,-0.392350,-1.123293,3.140000,0.099145,0.000000,0.000000,0.000000,0.000000,0.000000,0.000000
1778448574.595702,sequential_ik_elbow_then_wrist,0,0,-0.220032,0.082451,-0.186514,-0.470967,-0.061075,-0.106313,-0.100870,-0.063677,-0.275264,-0.323923,-0.142355,-0.459811,0.001075,0.104493,0.027691,0.316212,0.003575,0.053348,0.058644,0.230474,0.000000,0.000000,0.000000,0.976456,-0.723104,-0.285745,1.954768,-0.417362,-1.144903,3.140000,0.027350,0.000000,0.000000,0.000000,0.000000,0.000000,0.000000
1778448574.653546,sequential_ik_elbow_then_wrist,0,0,-0.216710,0.083591,-0.189867,-0.468554,-0.060521,-0.113669,-0.098726,-0.062104,-0.276399,-0.324620,-0.141973,-0.456934,0.000138,0.075183,0.009899,0.271790,0.002351,0.043394,0.047559,0.208312,0.000000,0.000000,0.000000,1.020551,-0.714808,-0.217166,1.805788,-0.459042,-1.160296,3.140000,-0.027214,0.000000,0.000000,0.000000,0.000000,0.000000,0.000000
1778448574.723290,sequential_ik_elbow_then_wrist,0,0,-0.217031,0.084164,-0.189245,-0.468960,-0.059395,-0.112286,-0.097688,-0.063635,-0.276419,-0.322572,-0.142661,-0.458579,0.000021,0.065325,0.003830,0.255126,0.001460,0.034086,0.037417,0.184624,0.000000,0.000000,0.000000,1.059899,-0.707431,-0.165046,1.655741,-0.509157,-1.169181,3.140000,-0.068683,0.000000,0.000000,0.000000,0.000000,0.000000,0.000000
1778448574.784817,sequential_ik_elbow_then_wrist,0,0,-0.217441,0.079992,-0.190580,-0.466933,-0.066710,-0.111635,-0.097994,-0.067279,-0.275447,-0.325010,-0.144326,-0.455800,0.000014,0.063408,0.003175,0.251756,0.000846,0.028318,0.028380,0.168279,0.000000,0.000000,0.000000,1.094636,-0.702635,-0.125435,1.529338,-0.561914,-1.171955,3.140000,-0.100199,0.000000,0.000000,0.000000,0.000000,0.000000,0.000000
1778448574.858242,sequential_ik_elbow_then_wrist,0,0,-0.223582,0.072311,-0.186500,-0.467542,-0.075732,-0.093941,-0.103261,-0.067041,-0.273574,-0.335098,-0.142120,-0.448544,0.000038,0.059536,0.005110,0.243997,0.000689,0.026093,0.025538,0.161533,0.000000,0.000000,0.000000,1.128759,-0.695964,-0.095331,1.436214,-0.615910,-1.169792,3.140000,-0.124151,0.000000,0.000000,0.000000,0.000000,0.000000,0.000000
1778448574.904309,sequential_ik_elbow_then_wrist,0,0,-0.221126,0.073473,-0.188957,-0.468040,-0.072111,-0.100419,-0.098555,-0.069927,-0.274585,-0.327604,-0.142194,-0.454346,0.000003,0.056327,0.001307,0.237330,0.000260,0.020541,0.015712,0.143322,0.000000,0.000000,0.000000,1.156593,-0.692106,-0.072451,1.362199,-0.665710,-1.167596,3.140000,-0.142355,0.000000,0.000000,0.000000,0.000000,0.000000,0.000000
1778448574.961595,sequential_ik_elbow_then_wrist,0,0,-0.206589,0.081463,-0.201705,-0.464256,-0.061866,-0.146351,-0.094380,-0.071260,-0.275707,-0.323111,-0.143083,-0.456050,0.000065,0.136944,0.006115,0.356752,0.000092,0.018238,0.009354,0.135047,0.000000,0.000000,0.000000,1.170920,-0.699853,-0.808663,1.069910,-0.708734,-1.167094,3.140000,-0.156190,0.000000,0.000000,0.000000,0.000000,0.000000,0.000000
1778448575.026119,sequential_ik_elbow_then_wrist,0,0,-0.160092,0.088346,-0.237835,-0.405275,-0.037196,-0.356680,-0.084446,-0.074734,-0.277999,-0.316862,-0.127506,-0.460203,0.000653,0.050865,0.019535,0.224396,0.000004,0.019307,0.001374,0.138949,0.000000,0.000000,0.000000,1.164947,-0.741485,-1.368184,0.793519,-0.741498,-1.170402,3.140000,-0.166704,0.000000,0.000000,0.000000,0.000000,0.000000,0.000000
1778448575.072577,sequential_ik_elbow_then_wrist,0,0,-0.159232,0.089015,-0.238163,-0.417157,-0.038192,-0.323562,-0.078782,-0.073191,-0.280065,-0.312868,-0.123971,-0.460690,0.000110,0.063494,0.009156,0.251702,0.000010,0.020553,0.002580,0.143363,0.000000,0.000000,0.000000,1.151405,-0.781393,-1.793420,0.555074,-0.765372,-1.177244,3.140000,-0.174695,0.000000,0.000000,0.000000,0.000000,0.000000,0.000000
1778448575.136370,sequential_ik_elbow_then_wrist,0,0,-0.158412,0.088667,-0.238838,-0.422796,-0.040204,-0.297942,-0.078822,-0.071469,-0.280498,-0.313084,-0.124067,-0.460373,0.000031,0.075583,0.005025,0.274924,0.000001,0.021348,0.000867,0.146110,0.000000,0.000000,0.000000,1.136130,-0.814199,-2.116599,0.373857,-0.783230,-1.184173,3.140000,-0.180768,0.000000,0.000000,0.000000,0.000000,0.000000,0.000000
1778448575.195086,sequential_ik_elbow_then_wrist,0,0,-0.154235,0.089897,-0.241102,-0.414915,-0.028680,-0.330464,-0.075374,-0.072886,-0.281081,-0.309805,-0.128657,-0.459775,0.000027,0.065488,0.004723,0.255906,0.000012,0.021173,0.003299,0.145511,0.000000,0.000000,0.000000,1.119990,-0.842018,-2.362215,0.236131,-0.795232,-1.190887,3.140000,-0.185384,0.000000,0.000000,0.000000,0.000000,0.000000,0.000000
1778448575.253199,sequential_ik_elbow_then_wrist,0,0,-0.142835,0.095026,-0.246106,-0.380642,-0.001872,-0.401214,-0.072726,-0.077624,-0.280509,-0.307842,-0.127252,-0.460113,0.000099,0.045079,0.009004,0.212301,0.000052,0.021473,0.007048,0.146537,0.000000,0.000000,0.000000,1.099523,-0.869232,-2.548884,0.138066,-0.800961,-1.195441,3.140000,-0.188892,0.000000,0.000000,0.000000,0.000000,0.000000,0.000000
1778448575.311728,sequential_ik_elbow_then_wrist,0,0,-0.159795,0.093681,-0.235986,-0.439813,-0.007955,-0.271477,-0.083816,-0.079673,-0.276816,-0.335193,-0.128779,-0.433016,0.000027,0.081160,0.003493,0.284873,0.000014,0.030044,0.002511,0.173333,0.000000,0.000000,0.000000,1.084573,-0.880645,-2.690752,0.056930,-0.804917,-1.192465,3.140000,-0.191558,0.000000,0.000000,0.000000,0.000000,0.000000,0.000000
1778448575.371626,sequential_ik_elbow_then_wrist,0,0,-0.187799,0.083201,-0.218653,-0.455415,-0.030557,-0.144892,-0.106540,-0.075897,-0.269979,-0.366955,-0.125634,-0.410372,0.000287,0.124765,0.014020,0.353220,0.000229,0.035539,0.014037,0.188517,0.000000,0.000000,0.000000,1.086960,-0.871075,-2.798571,-0.004733,-0.815634,-1.178935,3.140000,-0.193584,0.000000,0.000000,0.000000,0.000000,0.000000,0.000000
1778448575.435516,sequential_ik_elbow_then_wrist,0,0,-0.188859,0.082514,-0.218000,-0.455690,-0.041003,-0.158463,-0.106029,-0.075778,-0.270214,-0.365502,-0.130249,-0.410593,0.000061,0.112473,0.006791,0.335370,0.000105,0.031056,0.009897,0.176228,0.000000,0.000000,0.000000,1.096630,-0.858828,-2.880514,-0.051597,-0.829800,-1.166191,3.140000,-0.195124,0.000000,0.000000,0.000000,0.000000,0.000000,0.000000
1778448575.497814,sequential_ik_elbow_then_wrist,0,0,-0.189532,0.087312,-0.215533,-0.457203,-0.039838,-0.168789,-0.102761,-0.074937,-0.271707,-0.359249,-0.134681,-0.415390,0.000005,0.103810,0.001740,0.322195,0.000044,0.027430,0.006369,0.165620,0.000000,0.000000,0.000000,1.105455,-0.846102,-2.942791,-0.087214,-0.844433,-1.157941,3.140000,-0.196294,0.000000,0.000000,0.000000,0.000000,0.000000,0.000000
1778448575.554163,sequential_ik_elbow_then_wrist,0,0,-0.203968,0.084845,-0.202974,-0.455360,-0.049718,-0.109729,-0.107639,-0.068364,-0.271552,-0.359877,-0.136150,-0.419136,0.000066,0.123083,0.006080,0.350832,0.000129,0.024901,0.011011,0.157800,0.000000,0.000000,0.000000,1.117879,-0.824861,-2.990121,-0.114283,-0.862211,-1.151991,3.140000,-0.197183,0.000000,0.000000,0.000000,0.000000,0.000000,0.000000
1778448575.613301,sequential_ik_elbow_then_wrist,0,0,-0.208090,0.085626,-0.198410,-0.461940,-0.052105,-0.117227,-0.104808,-0.070174,-0.272196,-0.353013,-0.144022,-0.423658,0.000020,0.113117,0.003292,0.336329,0.000038,0.021306,0.005977,0.145966,0.000000,0.000000,0.000000,1.130493,-0.802257,-3.026092,-0.134855,-0.879307,-1.148254,3.140000,-0.197859,0.000000,0.000000,0.000000,0.000000,0.000000,0.000000
1778448575.678073,sequential_ik_elbow_then_wrist,0,0,-0.213562,0.091931,-0.189579,-0.466175,-0.055938,-0.123841,-0.104972,-0.070331,-0.272093,-0.344828,-0.151817,-0.432808,0.000024,0.107206,0.003254,0.327424,0.000022,0.016948,0.004519,0.130186,0.000000,0.000000,0.000000,1.139209,-0.776446,-3.053430,-0.150490,-0.895006,-1.145400,3.140000,-0.198373,0.000000,0.000000,0.000000,0.000000,0.000000,0.000000
1778448575.738366,sequential_ik_elbow_then_wrist,0,0,-0.199444,0.106582,-0.197135,-0.469776,-0.016365,-0.154659,-0.090750,-0.073351,-0.276377,-0.315032,-0.158154,-0.456671,0.000098,0.089801,0.008349,0.299669,0.000039,0.011198,0.005468,0.105822,0.000000,0.000000,0.000000,1.133724,-0.761074,-3.074207,-0.162372,-0.904153,-1.149766,3.140000,-0.198764,0.000000,0.000000,0.000000,0.000000,0.000000,0.000000
1778448575.796300,sequential_ik_elbow_then_wrist,0,0,-0.208924,0.106943,-0.186852,-0.478791,-0.007092,-0.122293,-0.091827,-0.073396,-0.276009,-0.313790,-0.163084,-0.456808,0.000021,0.096819,0.003263,0.311157,0.000012,0.011484,0.003405,0.107163,0.000000,0.000000,0.000000,1.126873,-0.741988,-3.089997,-0.171403,-0.909237,-1.153961,3.140000,-0.199060,0.000000,0.000000,0.000000,0.000000,0.000000,0.000000
1778448575.855797,sequential_ik_elbow_then_wrist,0,0,-0.227164,0.098435,-0.169432,-0.489262,-0.028357,-0.097124,-0.094549,-0.073994,-0.274928,-0.313262,-0.161991,-0.460458,0.000110,0.099670,0.007630,0.315705,0.000004,0.010487,0.001833,0.102408,0.000000,0.000000,0.000000,1.130271,-0.712466,-3.101998,-0.178266,-0.912131,-1.155643,3.140000,-0.199286,0.000000,0.000000,0.000000,0.000000,0.000000,0.000000
1778448575.917511,sequential_ik_elbow_then_wrist,0,0,-0.228587,0.102256,-0.165201,-0.507237,-0.001234,-0.124652,-0.085524,-0.079493,-0.276345,-0.294465,-0.170729,-0.471331,0.000015,0.072856,0.002588,0.269919,0.000089,0.007665,0.009179,0.087548,0.000000,0.000000,0.000000,1.134269,-0.683402,-3.111118,-0.183482,-0.909308,-1.159023,3.140000,-0.199457,0.000000,0.000000,0.000000,0.000000,0.000000,0.000000
1778448575.984032,sequential_ik_elbow_then_wrist,0,0,-0.232356,0.103347,-0.159154,-0.514952,0.006802,-0.130548,-0.084588,-0.079882,-0.276521,-0.285647,-0.172451,-0.479021,0.000011,0.064304,0.002257,0.253582,0.000067,0.006422,0.007957,0.080135,0.000000,0.000000,0.000000,1.138154,-0.655361,-3.118050,-0.187447,-0.902854,-1.162295,3.140000,-0.199588,0.000000,0.000000,0.000000,0.000000,0.000000,0.000000
1778448576.037174,sequential_ik_elbow_then_wrist,0,0,-0.213767,0.116335,-0.175413,-0.502802,0.038737,-0.154491,-0.078523,-0.084816,-0.276840,-0.269698,-0.181790,-0.486717,0.000108,0.059345,0.007940,0.243608,0.000163,0.004677,0.012437,0.068391,0.000000,0.000000,0.000000,1.129174,-0.644854,-3.123318,-0.190459,-0.891287,-1.165718,3.140000,-0.199687,0.000000,0.000000,0.000000,0.000000,0.000000,0.000000
1778448576.099581,sequential_ik_elbow_then_wrist,0,0,-0.202948,0.116787,-0.187545,-0.489717,0.031046,-0.167253,-0.071273,-0.086165,-0.278381,-0.259340,-0.188205,-0.488664,0.000076,0.069817,0.006440,0.264230,0.000228,0.004817,0.014721,0.069405,0.000000,0.000000,0.000000,1.114702,-0.648704,-3.127322,-0.192749,-0.874853,-1.171239,3.140000,-0.199762,0.000000,0.000000,0.000000,0.000000,0.000000,0.000000
1778448576.160597,sequential_ik_elbow_then_wrist,0,0,-0.199699,0.117877,-0.190330,-0.484775,0.025627,-0.175453,-0.067434,-0.086738,-0.279158,-0.253178,-0.192842,-0.489494,0.000019,0.075505,0.003421,0.274781,0.000218,0.005250,0.014431,0.072454,0.000000,0.000000,0.000000,1.099196,-0.656527,-3.130364,-0.194489,-0.855069,-1.177386,3.140000,-0.199819,0.000000,0.000000,0.000000,0.000000,0.000000,0.000000
1778448576.343536,sequential_ik_elbow_then_wrist,0,0,-0.235357,0.108631,-0.151018,-0.491099,-0.036137,-0.090700,-0.064066,-0.072889,-0.283871,-0.238055,-0.185013,-0.501025,0.000348,0.106578,0.013217,0.326463,0.000057,0.005100,0.006590,0.071418,0.000000,0.000000,0.000000,1.101338,-0.634127,-3.132677,-0.195812,-0.837323,-1.190416,3.140000,-0.199862,0.000000,0.000000,0.000000,0.000000,0.000000,0.000000
1778448576.455379,sequential_ik_elbow_then_wrist,0,0,-0.234853,0.108087,-0.152188,-0.492025,-0.035491,-0.095193,-0.059211,-0.066853,-0.286400,-0.227805,-0.182355,-0.506025,0.000022,0.096240,0.003432,0.310226,0.000034,0.005632,0.005035,0.075046,0.000000,0.000000,0.000000,1.108002,-0.611348,-3.134435,-0.196817,-0.822009,-1.207209,3.140000,-0.199895,0.000000,0.000000,0.000000,0.000000,0.000000,0.000000
1778448576.527104,sequential_ik_elbow_then_wrist,0,0,-0.239665,0.110676,-0.142519,-0.487571,-0.041193,-0.068503,-0.060086,-0.062097,-0.287287,-0.226286,-0.182644,-0.506024,0.000022,0.102310,0.003127,0.319859,0.000004,0.006589,0.001299,0.081171,0.000000,0.000000,0.000000,1.114554,-0.585860,-3.135770,-0.197581,-0.810235,-1.223349,3.140000,-0.199921,0.000000,0.000000,0.000000,0.000000,0.000000,0.000000
1778448576.584116,sequential_ik_elbow_then_wrist,0,0,-0.240955,0.110506,-0.140460,-0.489226,-0.039994,-0.064888,-0.060581,-0.061266,-0.287361,-0.228098,-0.182437,-0.504745,0.000004,0.100095,0.001310,0.316378,0.000001,0.007266,0.000622,0.085242,0.000000,0.000000,0.000000,1.120442,-0.563178,-3.136785,-0.198162,-0.801484,-1.236548,3.140000,-0.199940,0.000000,0.000000,0.000000,0.000000,0.000000,0.000000
1778448576.641269,sequential_ik_elbow_then_wrist,0,0,-0.244514,0.108500,-0.135797,-0.492528,-0.041681,-0.058759,-0.063632,-0.060511,-0.286861,-0.238957,-0.180314,-0.498777,0.000007,0.098239,0.001878,0.313431,0.000008,0.008966,0.002845,0.094688,0.000000,0.000000,0.000000,1.127262,-0.541941,-3.137557,-0.198603,-0.795924,-1.245758,3.140000,-0.199954,0.000000,0.000000,0.000000,0.000000,0.000000,0.000000
1778448576.706598,sequential_ik_elbow_then_wrist,0,0,-0.248601,0.106907,-0.129493,-0.493986,-0.048099,-0.053600,-0.064745,-0.059309,-0.286863,-0.241685,-0.179183,-0.497392,0.000011,0.097644,0.002330,0.312480,0.000016,0.009309,0.003912,0.096485,0.000000,0.000000,0.000000,1.135109,-0.520551,-3.138143,-0.198938,-0.793213,-1.252600,3.140000,-0.199965,0.000000,0.000000,0.000000,0.000000,0.000000,0.000000
1778448576.764850,sequential_ik_elbow_then_wrist,0,0,-0.250893,0.104874,-0.126704,-0.495547,-0.051019,-0.050270,-0.066692,-0.059569,-0.286363,-0.246496,-0.178686,-0.494886,0.000006,0.095791,0.001659,0.309502,0.000021,0.009739,0.004474,0.098686,0.000000,0.000000,0.000000,1.143599,-0.501191,-3.138589,-0.199193,-0.792899,-1.256735,3.140000,-0.199973,0.000000,0.000000,0.000000,0.000000,0.000000,0.000000
1778448576.829696,sequential_ik_elbow_then_wrist,0,0,-0.252593,0.102210,-0.125500,-0.499285,-0.050098,-0.048396,-0.069062,-0.059978,-0.285715,-0.249478,-0.179034,-0.493743,0.000004,0.091930,0.001380,0.303199,0.000027,0.009526,0.005093,0.097603,0.000000,0.000000,0.000000,1.152738,-0.484947,-3.138928,-0.199387,-0.794687,-1.258327,3.140000,-0.199980,0.000000,0.000000,0.000000,0.000000,0.000000,0.000000
1778448576.890030,sequential_ik_elbow_then_wrist,0,0,-0.252779,0.101240,-0.125910,-0.500533,-0.049244,-0.048629,-0.070911,-0.060296,-0.285195,-0.252695,-0.178892,-0.492292,0.000001,0.089790,0.000650,0.299650,0.000029,0.009423,0.005308,0.097074,0.000000,0.000000,0.000000,1.161073,-0.472530,-3.139185,-0.199534,-0.798207,-1.258146,3.140000,-0.199985,0.000000,0.000000,0.000000,0.000000,0.000000,0.000000
1778448576.949019,sequential_ik_elbow_then_wrist,0,0,-0.252664,0.101516,-0.125919,-0.500817,-0.047929,-0.047904,-0.070650,-0.060196,-0.285280,-0.252106,-0.178507,-0.492829,0.000000,0.089064,0.000102,0.298435,0.000021,0.009029,0.004463,0.095024,0.000000,0.000000,0.000000,1.167627,-0.463081,-3.139381,-0.199646,-0.802723,-1.257832,3.140000,-0.199988,0.000000,0.000000,0.000000,0.000000,0.000000,0.000000
1778448577.006780,sequential_ik_elbow_then_wrist,0,0,-0.252398,0.102250,-0.125859,-0.500690,-0.046764,-0.047463,-0.070761,-0.060513,-0.285186,-0.252382,-0.177353,-0.493422,0.000000,0.089035,0.000198,0.298388,0.000014,0.008746,0.003714,0.093520,0.000000,0.000000,0.000000,1.172184,-0.455857,-3.139529,-0.199731,-0.807691,-1.257344,3.140000,-0.199991,0.000000,0.000000,0.000000,0.000000,0.000000,0.000000
1778448577.077682,sequential_ik_elbow_then_wrist,0,0,-0.252198,0.102253,-0.126256,-0.500407,-0.046215,-0.046573,-0.070855,-0.059946,-0.285283,-0.252125,-0.175252,-0.494676,0.000000,0.089347,0.000126,0.298910,0.000013,0.008449,0.003615,0.091919,0.000000,0.000000,0.000000,1.175476,-0.450627,-3.139642,-0.199795,-0.812963,-1.257105,3.140000,-0.199993,0.000000,0.000000,0.000000,0.000000,0.000000,0.000000
1778448577.141940,sequential_ik_elbow_then_wrist,0,0,-0.252678,0.102893,-0.124767,-0.498984,-0.047786,-0.043347,-0.069444,-0.058699,-0.285888,-0.250465,-0.173135,-0.495973,0.000000,0.091043,0.000381,0.301734,0.000010,0.008399,0.003134,0.091644,0.000000,0.000000,0.000000,1.177670,-0.445700,-3.139728,-0.199844,-0.818236,-1.258163,3.140000,-0.199995,0.000000,0.000000,0.000000,0.000000,0.000000,0.000000
1778448577.204821,sequential_ik_elbow_then_wrist,0,0,-0.251160,0.102904,-0.127786,-0.496003,-0.048556,-0.043452,-0.068655,-0.059542,-0.285904,-0.250925,-0.172900,-0.495493,0.000001,0.093006,0.000713,0.304969,0.000003,0.008574,0.001692,0.092593,0.000000,0.000000,0.000000,1.178883,-0.443791,-3.139793,-0.199882,-0.822927,-1.259259,3.140000,-0.199996,0.000000,0.000000,0.000000,0.000000,0.000000,0.000000
1778448577.248928,sequential_ik_elbow_then_wrist,0,0,-0.247835,0.103472,-0.133683,-0.491111,-0.051706,-0.051606,-0.068290,-0.060413,-0.285809,-0.251054,-0.174321,-0.494668,0.000007,0.096064,0.001759,0.309942,0.000000,0.008646,0.000692,0.092986,0.000000,0.000000,0.000000,1.178555,-0.446803,-3.139843,-0.199910,-0.826772,-1.259956,3.140000,-0.199997,0.000000,0.000000,0.000000,0.000000,0.000000,0.000000
1778448577.307150,sequential_ik_elbow_then_wrist,0,0,-0.235259,0.105398,-0.153442,-0.489220,-0.045713,-0.101773,-0.066984,-0.059503,-0.286308,-0.250625,-0.172437,-0.494928,0.000078,0.089824,0.005992,0.299706,0.000000,0.008887,0.000566,0.094272,0.000000,0.000000,0.000000,1.173761,-0.464008,-3.139881,-0.199932,-0.829867,-1.261477,3.140000,-0.199998,0.000000,0.000000,0.000000,0.000000,0.000000,0.000000
1778448577.365077,sequential_ik_elbow_then_wrist,0,0,-0.232770,0.099434,-0.161030,-0.488061,-0.049395,-0.109292,-0.067551,-0.057794,-0.286525,-0.252242,-0.170162,-0.494522,0.000026,0.091927,0.003381,0.303194,0.000004,0.009340,0.001833,0.096646,0.000000,0.000000,0.000000,1.171471,-0.485989,-3.139909,-0.199948,-0.832938,-1.263321,3.140000,-0.199998,0.000000,0.000000,0.000000,0.000000,0.000000,0.000000
1778448577.426322,sequential_ik_elbow_then_wrist,0,0,-0.235124,0.089507,-0.163417,-0.483531,-0.065971,-0.099224,-0.068615,-0.056785,-0.286474,-0.256550,-0.166443,-0.493006,0.000026,0.098629,0.003962,0.314052,0.000008,0.010033,0.002858,0.100167,0.000000,0.000000,0.000000,1.176472,-0.506504,-3.139931,-0.199961,-0.836401,-1.264791,3.140000,-0.199999,0.000000,0.000000,0.000000,0.000000,0.000000,0.000000
1778448577.490229,sequential_ik_elbow_then_wrist,0,0,-0.241539,0.087542,-0.154905,-0.476987,-0.080235,-0.074811,-0.071185,-0.053525,-0.286475,-0.266759,-0.159069,-0.487997,0.000020,0.106968,0.003311,0.327059,0.000038,0.012071,0.006112,0.109870,0.000000,0.000000,0.000000,1.185188,-0.516760,-3.139948,-0.199970,-0.841440,-1.266031,3.140000,-0.199999,0.000000,0.000000,0.000000,0.000000,0.000000,0.000000
1778448577.551338,sequential_ik_elbow_then_wrist,0,0,-0.242666,0.087722,-0.153029,-0.476046,-0.080457,-0.067882,-0.074790,-0.052579,-0.285731,-0.276210,-0.154215,-0.483467,0.000004,0.106287,0.001348,0.326017,0.000066,0.013359,0.007997,0.115581,0.000000,0.000000,0.000000,1.193601,-0.521976,-3.139960,-0.199977,-0.848458,-1.265567,3.140000,-0.199999,0.000000,0.000000,0.000000,0.000000,0.000000,0.000000
1778448577.620027,sequential_ik_elbow_then_wrist,0,0,-0.239085,0.084744,-0.160178,-0.472157,-0.078141,-0.064544,-0.078703,-0.053151,-0.284571,-0.282976,-0.154715,-0.479397,0.000008,0.107710,0.001899,0.328193,0.000079,0.013541,0.008712,0.116367,0.000000,0.000000,0.000000,1.201571,-0.530521,-3.139970,-0.199983,-0.857366,-1.262621,3.140000,-0.199999,0.000000,0.000000,0.000000,0.000000,0.000000,0.000000
1778448577.683905,sequential_ik_elbow_then_wrist,0,0,-0.239478,0.083702,-0.160138,-0.475966,-0.074279,-0.064665,-0.080222,-0.053651,-0.284053,-0.285459,-0.155607,-0.477657,0.000001,0.104853,0.000767,0.323810,0.000065,0.013073,0.007912,0.114338,0.000000,0.000000,0.000000,1.208854,-0.538034,-3.139977,-0.199987,-0.867487,-1.258740,3.140000,-0.200000,0.000000,0.000000,0.000000,0.000000,0.000000,0.000000
1778448577.739244,sequential_ik_elbow_then_wrist,0,0,-0.240335,0.081874,-0.159800,-0.479711,-0.071838,-0.064553,-0.082845,-0.054827,-0.283074,-0.289369,-0.156708,-0.475345,0.000001,0.101789,0.000910,0.319044,0.000056,0.012676,0.007333,0.112589,0.000000,0.000000,0.000000,1.216060,-0.543731,-3.139983,-0.199990,-0.878366,-1.253527,3.140000,-0.200000,0.000000,0.000000,0.000000,0.000000,0.000000,0.000000
1778448577.794716,sequential_ik_elbow_then_wrist,0,0,-0.240862,0.078769,-0.160564,-0.483428,-0.070414,-0.066189,-0.084353,-0.056795,-0.282239,-0.291486,-0.156886,-0.474795,0.000003,0.098154,0.001385,0.313296,0.000034,0.011860,0.005639,0.108903,0.000000,0.000000,0.000000,1.224044,-0.548617,-3.139987,-0.199992,-0.889151,-1.247437,3.140000,-0.200000,0.000000,0.000000,0.000000,0.000000,0.000000,0.000000
1778448577.857083,sequential_ik_elbow_then_wrist,0,0,-0.239452,0.079758,-0.162177,-0.482954,-0.067806,-0.067667,-0.085861,-0.060123,-0.281093,-0.294423,-0.156510,-0.473996,0.000001,0.097236,0.000484,0.311826,0.000013,0.011130,0.003333,0.105499,0.000000,0.000000,0.000000,1.230103,-0.553635,-3.139990,-0.199994,-0.898836,-1.240197,3.140000,-0.200000,0.000000,0.000000,0.000000,0.000000,0.000000,0.000000
1778448577.921266,sequential_ik_elbow_then_wrist,0,0,-0.238317,0.077351,-0.164990,-0.479237,-0.070886,-0.065073,-0.086898,-0.060045,-0.280791,-0.296607,-0.155057,-0.473130,0.000002,0.100429,0.001103,0.316905,0.000011,0.010945,0.003227,0.104621,0.000000,0.000000,0.000000,1.235907,-0.559818,-3.139992,-0.199996,-0.907720,-1.233567,3.140000,-0.200000,0.000000,0.000000,0.000000,0.000000,0.000000,0.000000
1778448577.975508,sequential_ik_elbow_then_wrist,0,0,-0.238115,0.077628,-0.165152,-0.479366,-0.070240,-0.065489,-0.086724,-0.060494,-0.280748,-0.296788,-0.155241,-0.472832,0.000000,0.100210,0.000273,0.316559,0.000005,0.010740,0.002261,0.103635,0.000000,0.000000,0.000000,1.240531,-0.565179,-3.139994,-0.199997,-0.915556,-1.228178,3.140000,-0.200000,0.000000,0.000000,0.000000,0.000000,0.000000,0.000000
1778448578.038492,sequential_ik_elbow_then_wrist,0,0,-0.235161,0.078689,-0.168841,-0.478837,-0.067319,-0.072387,-0.087251,-0.063651,-0.279885,-0.298273,-0.155827,-0.472170,0.000003,0.099072,0.001249,0.314757,0.000001,0.010383,0.000590,0.101896,0.000000,0.000000,0.000000,1.242917,-0.572145,-3.139996,-0.199997,-0.921518,-1.222493,3.140000,-0.200000,0.000000,0.000000,0.000000,0.000000,0.000000,0.000000
1778448578.108595,sequential_ik_elbow_then_wrist,0,0,-0.233105,0.079847,-0.171133,-0.477328,-0.065989,-0.075808,-0.088343,-0.064710,-0.279300,-0.299809,-0.157055,-0.471014,0.000003,0.100137,0.001230,0.316445,0.000001,0.010203,0.000530,0.101010,0.000000,0.000000,0.000000,1.243241,-0.579817,-3.139997,-0.199998,-0.925970,-1.216812,3.140000,-0.200000,0.000000,0.000000,0.000000,0.000000,0.000000,0.000000
1778448578.171386,sequential_ik_elbow_then_wrist,0,0,-0.231592,0.082216,-0.172064,-0.476035,-0.064281,-0.078330,-0.086533,-0.065800,-0.279611,-0.298258,-0.158636,-0.470803,0.000003,0.101287,0.001378,0.318256,0.000003,0.010162,0.001722,0.100806,0.000000,0.000000,0.000000,1.241252,-0.586893,-3.139997,-0.199999,-0.928495,-1.212720,3.140000,-0.200000,0.000000,0.000000,0.000000,0.000000,0.000000,0.000000
1778448578.230463,sequential_ik_elbow_then_wrist,0,0,-0.232424,0.083327,-0.170398,-0.476372,-0.063694,-0.076195,-0.085270,-0.066123,-0.279923,-0.296522,-0.159839,-0.471208,0.000001,0.102455,0.000829,0.320086,0.000005,0.010200,0.002242,0.100996,0.000000,0.000000,0.000000,1.238452,-0.591303,-3.139998,-0.199999,-0.929309,-1.210201,3.140000,-0.200000,0.000000,0.000000,0.000000,0.000000,0.000000,0.000000
1778448578.300767,sequential_ik_elbow_then_wrist,0,0,-0.227201,0.087313,-0.175375,-0.473944,-0.058223,-0.086285,-0.082393,-0.067506,-0.280454,-0.290257,-0.164717,-0.473697,0.000012,0.101787,0.002642,0.319041,0.000018,0.009591,0.004174,0.097933,0.000000,0.000000,0.000000,1.232423,-0.598198,-3.139999,-0.199999,-0.927893,-1.209377,3.140000,-0.200000,0.000000,0.000000,0.000000,0.000000,0.000000,0.000000
1778448578.349522,sequential_ik_elbow_then_wrist,0,0,-0.216535,0.096679,-0.183754,-0.473918,-0.040566,-0.113629,-0.074686,-0.072948,-0.281248,-0.274596,-0.175674,-0.479952,0.000063,0.095618,0.006268,0.309222,0.000124,0.007999,0.010914,0.089438,0.000000,0.000000,0.000000,1.218593,-0.610749,-3.139999,-0.199999,-0.921604,-1.210717,3.140000,-0.200000,0.000000,0.000000,0.000000,0.000000,0.000000,0.000000
1778448578.407076,sequential_ik_elbow_then_wrist,0,0,-0.205179,0.105266,-0.191887,-0.467388,-0.032147,-0.143269,-0.068660,-0.078386,-0.281321,-0.265942,-0.183465,-0.481417,0.000094,0.095221,0.007810,0.308579,0.000257,0.007791,0.015735,0.088265,0.000000,0.000000,0.000000,1.196883,-0.628433,-3.139999,-0.200000,-0.909428,-1.212727,3.140000,-0.200000,0.000000,0.000000,0.000000,0.000000,0.000000,0.000000
1778448578.462057,sequential_ik_elbow_then_wrist,0,0,-0.197510,0.110983,-0.196653,-0.461866,-0.025541,-0.158218,-0.060434,-0.082520,-0.282025,-0.251210,-0.189645,-0.487278,0.000069,0.098365,0.006846,0.313631,0.000429,0.006849,0.020328,0.082757,0.000000,0.000000,0.000000,1.170674,-0.647580,-3.139999,-0.200000,-0.890848,-1.216296,3.140000,-0.200000,0.000000,0.000000,0.000000,0.000000,0.000000,0.000000
1778448578.528186,sequential_ik_elbow_then_wrist,0,0,-0.192880,0.113754,-0.199643,-0.459669,-0.019896,-0.168639,-0.058772,-0.087734,-0.280800,-0.250912,-0.191880,-0.486314,0.000035,0.099984,0.004930,0.316203,0.000463,0.007100,0.021127,0.084262,0.000000,0.000000,0.000000,1.143899,-0.665859,-3.140000,-0.200000,-0.866969,-1.217362,3.140000,-0.200000,0.000000,0.000000,0.000000,0.000000,0.000000,0.000000
1778448588.939029,sequential_ik_elbow_then_wrist,0,0,-0.121890,0.082809,-0.261315,-0.357785,-0.062831,-0.375957,-0.154503,-0.052624,-0.251713,-0.436933,0.041309,-0.214167,0.001265,0.075228,0.024345,0.274229,0.003268,0.165625,0.053552,0.406970,0.000000,0.000000,0.000000,1.115858,-0.741503,-3.140000,-0.187652,-0.880914,-1.182501,3.140000,-0.200000,0.000000,0.000000,0.000000,0.000000,0.000000,0.000000
1778448589.032485,sequential_ik_elbow_then_wrist,0,0,-0.084491,0.081921,-0.275954,-0.328755,-0.008734,-0.424670,-0.099324,-0.074905,-0.272991,-0.393055,-0.106425,-0.325230,0.000818,0.046484,0.023797,0.215540,0.000054,0.062229,0.004882,0.249458,0.000000,0.000000,0.000000,1.081106,-0.834646,-3.140000,-0.190616,-0.891486,-1.169166,3.140000,-0.200000,0.000000,0.000000,0.000000,0.000000,0.000000,0.000000
1778448589.105925,sequential_ik_elbow_then_wrist,0,0,-0.080633,0.076258,-0.278717,-0.360944,0.156170,-0.349706,-0.106781,-0.114886,-0.255732,-0.372707,-0.242851,-0.309658,0.000249,0.049310,0.014595,0.222059,0.000501,0.042530,0.020212,0.206228,0.000000,0.000000,0.000000,1.047020,-0.917540,-3.140000,-0.192868,-0.886116,-1.140182,3.140000,-0.200000,0.000000,0.000000,0.000000,0.000000,0.000000,0.000000
1778448589.204726,sequential_ik_elbow_then_wrist,0,0,-0.062644,0.086747,-0.280269,-0.326584,0.229063,-0.271238,-0.128217,-0.100462,-0.251928,-0.421802,-0.162171,-0.251540,0.000789,0.087816,0.027361,0.296337,0.000045,0.072352,0.005272,0.268983,0.000000,0.000000,0.000000,1.007631,-0.987694,-3.140000,-0.194580,-0.885177,-1.108646,3.140000,-0.200000,0.000000,0.000000,0.000000,0.000000,0.000000,0.000000
1778448589.305505,sequential_ik_elbow_then_wrist,0,0,-0.071898,0.091496,-0.276512,-0.328490,0.244081,-0.246869,-0.121344,-0.107674,-0.252353,-0.414562,-0.148650,-0.203935,0.000437,0.097267,0.020322,0.311876,0.000018,0.095473,0.003912,0.308986,0.000000,0.000000,0.000000,0.967449,-1.035276,-3.140000,-0.195881,-0.881247,-1.082985,3.140000,-0.200000,0.000000,0.000000,0.000000,0.000000,0.000000,0.000000
1778448589.360594,sequential_ik_elbow_then_wrist,0,0,-0.079648,0.097866,-0.272173,-0.327642,0.266399,-0.262391,-0.127789,-0.108239,-0.248906,-0.424216,-0.134586,-0.211000,0.000270,0.081995,0.015651,0.286348,0.000006,0.093204,0.001593,0.305294,0.000000,0.000000,0.000000,0.928362,-1.062956,-3.140000,-0.196869,-0.878192,-1.059193,3.140000,-0.200000,0.000000,0.000000,0.000000,0.000000,0.000000,0.000000
1778448589.412735,sequential_ik_elbow_then_wrist,0,0,-0.085406,0.120488,-0.261129,-0.331073,0.292505,-0.253472,-0.124763,-0.129988,-0.239869,-0.420820,-0.157397,-0.199876,0.000508,0.072477,0.020770,0.269215,0.000173,0.089130,0.011666,0.298547,0.000000,0.000000,0.000000,0.885678,-1.067439,-3.140000,-0.197621,-0.865613,-1.030763,3.140000,-0.200000,0.000000,0.000000,0.000000,0.000000,0.000000,0.000000
1778448589.483100,sequential_ik_elbow_then_wrist,0,0,-0.070992,0.136685,-0.257444,-0.315050,0.310540,-0.242957,-0.119399,-0.143455,-0.234872,-0.415867,-0.162822,-0.193261,0.000903,0.070709,0.028623,0.265912,0.000241,0.091925,0.014105,0.303191,0.000000,0.000000,0.000000,0.832551,-1.063484,-3.140000,-0.198192,-0.842211,-1.001883,3.140000,-0.200000,0.000000,0.000000,0.000000,0.000000,0.000000,0.000000
1778448589.549838,sequential_ik_elbow_then_wrist,0,0,-0.087494,0.139392,-0.250828,-0.321260,0.310869,-0.173697,-0.121861,-0.160305,-0.222379,-0.411420,-0.193386,-0.151236,0.000173,0.098697,0.011763,0.314162,0.000244,0.101018,0.013385,0.317833,0.000000,0.000000,0.000000,0.783295,-1.049489,-3.140000,-0.198626,-0.810746,-0.966264,3.140000,-0.200000,0.000000,0.000000,0.000000,0.000000,0.000000,0.000000
1778448589.596442,sequential_ik_elbow_then_wrist,0,0,-0.097538,0.151978,-0.239560,-0.318728,0.327788,-0.138735,-0.122257,-0.175725,-0.210176,-0.400429,-0.231108,-0.112436,0.000111,0.103112,0.008197,0.321111,0.000203,0.104753,0.011782,0.323656,0.000000,0.000000,0.000000,0.740286,-1.024066,-3.140000,-0.198956,-0.773804,-0.925106,3.140000,-0.200000,0.000000,0.000000,0.000000,0.000000,0.000000,0.000000
1778448589.667040,sequential_ik_elbow_then_wrist,0,0,-0.096402,0.157025,-0.236749,-0.311343,0.327524,-0.115380,-0.134132,-0.181953,-0.197236,-0.396640,-0.229177,-0.059907,0.000049,0.110281,0.006071,0.332085,0.000070,0.122297,0.005721,0.349709,0.000000,0.000000,0.000000,0.702050,-0.998495,-3.140000,-0.199206,-0.742798,-0.879521,3.140000,-0.200000,0.000000,0.000000,0.000000,0.000000,0.000000,0.000000
1778448589.741117,sequential_ik_elbow_then_wrist,0,0,-0.100222,0.147756,-0.241089,-0.314155,0.309193,-0.106289,-0.134383,-0.184856,-0.194344,-0.389453,-0.227350,-0.042247,0.000005,0.120623,0.001893,0.347308,0.000013,0.127840,0.002594,0.357547,0.000000,0.000000,0.000000,0.674518,-0.981999,-3.140000,-0.199397,-0.716998,-0.839244,3.140000,-0.200000,0.000000,0.000000,0.000000,0.000000,0.000000,0.000000
1778448589.823516,sequential_ik_elbow_then_wrist,0,0,-0.109569,0.149068,-0.236164,-0.309473,0.282848,-0.056884,-0.150985,-0.183213,-0.183402,-0.392114,-0.207934,-0.006638,0.000033,0.050748,0.005109,0.189450,0.000067,0.073643,0.006283,0.249752,0.000000,0.000000,0.000000,0.658472,-0.965164,-2.386400,0.092987,-0.705228,-0.798694,2.386400,0.054752,0.000000,0.000000,0.000000,0.000000,0.000000,0.000000
1778448589.887894,sequential_ik_elbow_then_wrist,0,0,-0.139251,0.134708,-0.229047,-0.340698,0.234116,-0.030206,-0.152823,-0.191464,-0.173167,-0.383615,-0.207562,0.017820,0.000510,0.016742,0.020509,0.120146,0.000033,0.036592,0.003809,0.185600,0.000000,0.000000,0.000000,0.667784,-0.945208,-1.813664,0.430467,-0.697137,-0.757705,1.813664,0.359512,0.000000,0.000000,0.000000,0.000000,0.000000,0.000000
1778448589.940403,sequential_ik_elbow_then_wrist,0,0,-0.145843,0.125064,-0.230410,-0.363346,0.208861,-0.041545,-0.163773,-0.187869,-0.166984,-0.396846,-0.193003,0.021830,0.000346,0.013366,0.016966,0.115311,0.000040,0.035172,0.004812,0.187189,0.000000,0.000000,0.000000,0.693184,-0.929462,-1.378385,0.706992,-0.698000,-0.719621,1.378385,0.618710,0.000000,0.000000,0.000000,0.000000,0.000000,0.000000
1778448590.021141,sequential_ik_elbow_then_wrist,0,0,-0.151011,0.120481,-0.229522,-0.375211,0.192530,-0.043664,-0.163686,-0.186225,-0.168900,-0.405139,-0.191127,0.009078,0.000196,0.012468,0.012742,0.111659,0.000005,0.036326,0.001801,0.190593,0.000000,0.000000,0.000000,0.726375,-0.916256,-1.047572,0.918487,-0.701795,-0.690495,1.047572,0.814320,0.000000,0.000000,0.000000,0.000000,0.000000,0.000000
1778448590.108351,sequential_ik_elbow_then_wrist,0,0,-0.159018,0.118794,-0.224947,-0.382633,0.188857,-0.037629,-0.165758,-0.189459,-0.163186,-0.408171,-0.190123,0.013549,0.000130,0.009900,0.010208,0.099488,0.000006,0.037008,0.001646,0.192372,0.000000,0.000000,0.000000,0.762916,-0.901487,-0.796155,1.075473,-0.705455,-0.664081,0.796155,0.960179,0.000000,0.000000,0.000000,0.000000,0.000000,0.000000
1778448590.164998,sequential_ik_elbow_then_wrist,0,0,-0.160786,0.122694,-0.221572,-0.386232,0.180705,-0.032340,-0.161765,-0.185867,-0.171131,-0.411908,-0.179533,-0.005637,0.000027,0.010011,0.004425,0.100051,0.000008,0.042323,0.001828,0.205721,0.000000,0.000000,0.000000,0.795492,-0.885896,-0.605078,1.193239,-0.708103,-0.648929,0.605078,1.067973,0.000000,0.000000,0.000000,0.000000,0.000000,0.000000
1778448590.265021,sequential_ik_elbow_then_wrist,0,0,-0.164409,0.124959,-0.217612,-0.393660,0.174084,-0.030447,-0.157632,-0.185558,-0.175273,-0.418481,-0.170937,-0.027816,0.000013,0.011116,0.002828,0.105418,0.000007,0.049860,0.001921,0.223275,0.000000,0.000000,0.000000,0.822975,-0.869439,-0.459859,1.278489,-0.708248,-0.641673,0.459859,1.142979,0.000000,0.000000,0.000000,0.000000,0.000000,0.000000
1778448590.330918,sequential_ik_elbow_then_wrist,0,0,-0.163642,0.127085,-0.216958,-0.390320,0.170459,-0.025293,-0.145890,-0.194196,-0.176080,-0.412288,-0.181681,-0.038692,0.000001,0.011335,0.000614,0.106463,0.000051,0.053264,0.005818,0.230782,0.000000,0.000000,0.000000,0.843922,-0.855283,-0.349493,1.345518,-0.698623,-0.637800,0.349493,1.195174,0.000000,0.000000,0.000000,0.000000,0.000000,0.000000
1778448590.416007,sequential_ik_elbow_then_wrist,0,0,-0.164660,0.127851,-0.215734,-0.390842,0.159747,-0.021249,-0.146818,-0.200647,-0.167884,-0.417043,-0.185244,-0.038494,0.000001,0.013381,0.000545,0.115665,0.000027,0.059247,0.003912,0.243389,0.000000,0.000000,0.000000,0.859882,-0.843056,-0.265615,1.400522,-0.685698,-0.629023,0.265615,1.227944,0.000000,0.000000,0.000000,0.000000,0.000000,0.000000
1778448590.486246,sequential_ik_elbow_then_wrist,0,0,-0.168285,0.122679,-0.215940,-0.391506,0.142181,-0.016461,-0.149916,-0.201520,-0.164057,-0.417243,-0.192336,-0.028220,0.000012,0.015386,0.003041,0.124009,0.000006,0.056944,0.001618,0.238627,0.000000,0.000000,0.000000,0.875817,-0.833629,-0.201867,1.449238,-0.675068,-0.618165,0.201867,1.249948,0.000000,0.000000,0.000000,0.000000,0.000000,0.000000
1778448590.553211,sequential_ik_elbow_then_wrist,0,0,-0.172160,0.118880,-0.215008,-0.392304,0.121679,-0.011222,-0.154654,-0.200798,-0.160507,-0.424822,-0.199653,-0.030093,0.000021,0.017749,0.004023,0.133188,0.000007,0.055218,0.001852,0.234935,0.000000,0.000000,0.000000,0.892972,-0.825620,-0.153419,1.493969,-0.669338,-0.606354,0.153419,1.255103,0.000000,0.000000,0.000000,0.000000,0.000000,0.000000
1778448590.626955,sequential_ik_elbow_then_wrist,0,0,-0.171013,0.110756,-0.220199,-0.389007,0.106333,-0.014143,-0.153516,-0.200700,-0.161717,-0.425353,-0.210394,-0.035185,0.000036,0.018152,0.005135,0.134692,0.000000,0.051658,0.000157,0.227236,0.000000,0.000000,0.000000,0.911981,-0.824008,-0.116598,1.535730,-0.665263,-0.597445,0.116598,1.247870,0.000000,0.000000,0.000000,0.000000,0.000000,0.000000
1778448590.713623,sequential_ik_elbow_then_wrist,0,0,-0.171300,0.113369,-0.218641,-0.389824,0.109518,-0.013135,-0.155848,-0.197897,-0.162936,-0.427634,-0.208741,-0.036387,0.000003,0.016725,0.001414,0.129327,0.000003,0.050716,0.001323,0.225194,0.000000,0.000000,0.000000,0.928143,-0.822355,-0.088615,1.567938,-0.664481,-0.591587,0.088615,1.237876,0.000000,0.000000,0.000000,0.000000,0.000000,0.000000
1778448590.798059,sequential_ik_elbow_then_wrist,0,0,-0.180973,0.103527,-0.215710,-0.401626,0.096711,-0.012571,-0.161915,-0.185731,-0.171136,-0.436473,-0.196283,-0.050695,0.000068,0.017300,0.007284,0.131512,0.000048,0.050201,0.005364,0.224046,0.000000,0.000000,0.000000,0.949371,-0.818476,-0.067347,1.587206,-0.672372,-0.593470,0.067347,1.225118,0.000000,0.000000,0.000000,0.000000,0.000000,0.000000
1778448590.879600,sequential_ik_elbow_then_wrist,0,0,-0.188294,0.094602,-0.213532,-0.411492,0.082097,-0.013467,-0.157165,-0.186580,-0.174606,-0.435577,-0.206333,-0.064623,0.000102,0.017032,0.008908,0.130477,0.000005,0.046392,0.001514,0.215355,0.000000,0.000000,0.000000,0.976693,-0.813053,-0.051184,1.594988,-0.678776,-0.598932,0.051184,1.206297,0.000000,0.000000,0.000000,0.000000,0.000000,0.000000
1778448590.962454,sequential_ik_elbow_then_wrist,0,0,-0.188916,0.097795,-0.211535,-0.414656,0.083692,-0.014449,-0.156075,-0.188302,-0.173732,-0.437330,-0.211544,-0.071969,0.000013,0.015451,0.003109,0.124274,0.000001,0.046284,0.000631,0.215104,0.000000,0.000000,0.000000,1.001285,-0.806487,-0.038900,1.594358,-0.682584,-0.603343,0.038900,1.183119,0.000000,0.000000,0.000000,0.000000,0.000000,0.000000
1778448591.050990,sequential_ik_elbow_then_wrist,0,0,-0.209633,0.114028,-0.181802,-0.440038,0.090944,0.008935,-0.173841,-0.189647,-0.154316,-0.451066,-0.210734,-0.041614,0.000194,0.017282,0.009276,0.131132,0.000090,0.043353,0.006722,0.208205,0.000000,0.000000,0.000000,1.019037,-0.776582,-0.029564,1.571518,-0.692980,-0.592470,0.029564,1.161008,0.000000,0.000000,0.000000,0.000000,0.000000,0.000000
1778448591.099951,sequential_ik_elbow_then_wrist,0,0,-0.205769,0.115215,-0.185432,-0.440185,0.099484,0.001120,-0.171534,-0.189586,-0.156949,-0.450264,-0.202847,-0.046795,0.000005,0.016599,0.001748,0.128723,0.000002,0.045260,0.000968,0.212737,0.000000,0.000000,0.000000,1.030365,-0.750979,-0.022469,1.541260,-0.702404,-0.582823,0.022469,1.139944,0.000000,0.000000,0.000000,0.000000,0.000000,0.000000
1778448591.160455,sequential_ik_elbow_then_wrist,0,0,-0.205711,0.113346,-0.186643,-0.442162,0.103835,-0.002250,-0.167602,-0.193045,-0.156981,-0.443650,-0.203141,-0.039952,0.000000,0.015735,0.000140,0.125411,0.000004,0.045634,0.001485,0.213611,0.000000,0.000000,0.000000,1.039112,-0.731812,-0.017076,1.511870,-0.706809,-0.575200,0.017076,1.128928,0.000000,0.000000,0.000000,0.000000,0.000000,0.000000
1778448591.263880,sequential_ik_elbow_then_wrist,0,0,-0.199441,0.108045,-0.196340,-0.433351,0.105365,-0.008512,-0.162297,-0.198092,-0.156267,-0.438315,-0.202352,-0.038812,0.000020,0.013912,0.002991,0.117933,0.000014,0.049481,0.002950,0.222434,0.000000,0.000000,0.000000,1.046817,-0.725086,-0.012978,1.494523,-0.704668,-0.568834,0.012978,1.125624,0.000000,0.000000,0.000000,0.000000,0.000000,0.000000
1778448591.329074,sequential_ik_elbow_then_wrist,0,0,-0.193432,0.108769,-0.201874,-0.424774,0.112679,-0.010914,-0.160904,-0.201373,-0.153489,-0.436244,-0.200248,-0.034380,0.000015,0.012130,0.002648,0.110093,0.000008,0.053149,0.002175,0.230533,0.000000,0.000000,0.000000,1.050939,-0.726335,-0.009863,1.488909,-0.699227,-0.561856,0.009863,1.127852,0.000000,0.000000,0.000000,0.000000,0.000000,0.000000
1778448591.386792,sequential_ik_elbow_then_wrist,0,0,-0.190726,0.111541,-0.202934,-0.422626,0.116333,-0.012673,-0.163316,-0.201050,-0.151349,-0.440735,-0.200189,-0.037165,0.000008,0.012331,0.002323,0.111033,0.000001,0.054902,0.000753,0.234308,0.000000,0.000000,0.000000,1.051042,-0.729632,-0.007496,1.488260,-0.695126,-0.554524,0.007496,1.126105,0.000000,0.000000,0.000000,0.000000,0.000000,0.000000
1778448591.449406,sequential_ik_elbow_then_wrist,0,0,-0.197415,0.103009,-0.201038,-0.446686,0.105176,-0.034127,-0.169987,-0.193828,-0.153412,-0.450075,-0.192432,-0.045947,0.000019,0.015250,0.003738,0.123258,0.000017,0.055178,0.003227,0.234878,0.000000,0.000000,0.000000,1.056356,-0.731109,-0.005697,1.469545,-0.698102,-0.549981,0.005697,1.116904,0.000000,0.000000,0.000000,0.000000,0.000000,0.000000
1778448591.534851,sequential_ik_elbow_then_wrist,0,0,-0.201733,0.093119,-0.201576,-0.453994,0.086576,-0.039337,-0.171727,-0.188351,-0.158220,-0.455130,-0.197037,-0.060205,0.000053,0.016060,0.006285,0.126686,0.000016,0.050332,0.003034,0.224292,0.000000,0.000000,0.000000,1.069243,-0.732491,-0.004330,1.447345,-0.705427,-0.550231,0.004330,1.097934,0.000000,0.000000,0.000000,0.000000,0.000000,0.000000
1778448591.610192,sequential_ik_elbow_then_wrist,0,0,-0.203593,0.097793,-0.197450,-0.450170,0.093720,-0.026620,-0.172036,-0.192640,-0.152621,-0.455568,-0.203980,-0.055252,0.000006,0.013157,0.001778,0.114703,0.000003,0.047863,0.001188,0.218760,0.000000,0.000000,0.000000,1.080823,-0.730122,-0.003291,1.431728,-0.711048,-0.547219,0.003291,1.077231,0.000000,0.000000,0.000000,0.000000,0.000000,0.000000
1778448591.666409,sequential_ik_elbow_then_wrist,0,0,-0.217403,0.098639,-0.181676,-0.463212,0.098406,-0.009693,-0.184401,-0.187515,-0.144342,-0.467927,-0.201822,-0.047345,0.000065,0.011617,0.005584,0.107707,0.000041,0.044717,0.004735,0.211431,0.000000,0.000000,0.000000,1.093609,-0.714987,-0.002501,1.410159,-0.723195,-0.538342,0.002501,1.052405,0.000000,0.000000,0.000000,0.000000,0.000000,0.000000
1778448591.716166,sequential_ik_elbow_then_wrist,0,0,-0.220058,0.106384,-0.173946,-0.460779,0.111993,0.005000,-0.187088,-0.190767,-0.136404,-0.468169,-0.205531,-0.032597,0.000027,0.009669,0.003558,0.098310,0.000018,0.041469,0.002867,0.203635,0.000000,0.000000,0.000000,1.101277,-0.694501,-0.001901,1.389085,-0.734753,-0.524524,0.001901,1.030099,0.000000,0.000000,0.000000,0.000000,0.000000,0.000000
1778448591.777387,sequential_ik_elbow_then_wrist,0,0,-0.223312,0.114010,-0.164722,-0.457170,0.119153,0.023119,-0.185230,-0.195586,-0.132046,-0.463252,-0.213070,-0.020699,0.000034,0.009673,0.004091,0.098349,0.000009,0.039641,0.002021,0.199100,0.000000,0.000000,0.000000,1.102952,-0.669988,-0.001444,1.372896,-0.741332,-0.509397,0.001444,1.013916,0.000000,0.000000,0.000000,0.000000,0.000000,0.000000
1778448591.864368,sequential_ik_elbow_then_wrist,0,0,-0.221353,0.122285,-0.161399,-0.448708,0.132928,0.034041,-0.183700,-0.199254,-0.128656,-0.458603,-0.216071,-0.009721,0.000028,0.009045,0.004050,0.095102,0.000007,0.039890,0.001877,0.199716,0.000000,0.000000,0.000000,1.097599,-0.646881,-0.001098,1.363079,-0.743401,-0.494521,0.001098,1.005771,0.000000,0.000000,0.000000,0.000000,0.000000,0.000000
1778448591.938463,sequential_ik_elbow_then_wrist,0,0,-0.222112,0.129128,-0.154894,-0.450639,0.139455,0.039190,-0.184792,-0.200471,-0.125153,-0.459185,-0.215380,-0.004793,0.000026,0.010332,0.003803,0.101637,0.000003,0.041076,0.001244,0.202671,0.000000,0.000000,0.000000,1.087713,-0.623567,-0.000834,1.352012,-0.744085,-0.480055,0.000834,1.000412,0.000000,0.000000,0.000000,0.000000,0.000000,0.000000
1778448591.999752,sequential_ik_elbow_then_wrist,0,0,-0.225308,0.124688,-0.153913,-0.457349,0.130580,0.036145,-0.189148,-0.197773,-0.122919,-0.465214,-0.215853,-0.006898,0.000002,0.012170,0.001074,0.110296,0.000005,0.040162,0.001572,0.200387,0.000000,0.000000,0.000000,1.081633,-0.603811,-0.000634,1.338396,-0.747481,-0.466826,0.000634,0.990145,0.000000,0.000000,0.000000,0.000000,0.000000,0.000000
1778448592.088873,sequential_ik_elbow_then_wrist,0,0,-0.237930,0.118062,-0.139466,-0.475228,0.116274,0.044073,-0.195758,-0.197679,-0.112259,-0.469423,-0.217679,0.009014,0.000062,0.013409,0.005635,0.115655,0.000024,0.037124,0.003333,0.192667,0.000000,0.000000,0.000000,1.084883,-0.578134,-0.000482,1.314334,-0.753911,-0.449113,0.000482,0.978177,0.000000,0.000000,0.000000,0.000000,0.000000,0.000000
1778448592.140355,sequential_ik_elbow_then_wrist,1,0,-0.248553,0.116624,-0.120914,-0.481158,0.115337,0.068542,-0.211020,-0.194696,-0.086972,-0.476044,-0.215196,0.052103,0.000087,0.011268,0.006370,0.106052,0.000134,0.031437,0.007825,0.177301,0.000000,0.000000,0.000000,1.093620,-0.543460,-0.000366,1.285056,-0.767892,-0.417368,0.000366,0.966676,0.000000,0.000000,0.000000,0.000000,0.000000,0.000000
1778448592.200010,sequential_ik_elbow_then_wrist,1,0,-0.245915,0.117307,-0.125558,-0.475731,0.111578,0.067189,-0.203641,-0.200426,-0.091433,-0.466286,-0.227140,0.051059,0.000000,0.011316,0.000372,0.106376,0.000004,0.028857,0.001482,0.169870,0.000000,0.000000,0.000000,1.101010,-0.516768,-0.000278,1.261916,-0.775178,-0.391923,0.000278,0.955479,0.000000,0.000000,0.000000,0.000000,0.000000,0.000000
1778448592.253451,sequential_ik_elbow_then_wrist,1,0,-0.238509,0.123965,-0.133215,-0.469961,0.114757,0.057429,-0.189244,-0.209260,-0.101965,-0.457178,-0.242551,0.028814,0.000021,0.012736,0.003257,0.112847,0.000057,0.031525,0.005314,0.177544,0.000000,0.000000,0.000000,1.101080,-0.501651,-0.000212,1.247686,-0.769612,-0.379170,0.000212,0.942803,0.000000,0.000000,0.000000,0.000000,0.000000,0.000000
1778448592.355032,sequential_ik_elbow_then_wrist,0,0,-0.222970,0.133340,-0.150016,-0.440574,0.119828,0.056057,-0.174855,-0.217345,-0.110394,-0.447167,-0.259085,0.008367,0.000107,0.013997,0.007456,0.117799,0.000077,0.035057,0.006241,0.187231,0.000000,0.000000,0.000000,1.089755,-0.503142,-0.000161,1.263222,-0.752388,-0.376558,0.000161,0.929802,0.000000,0.000000,0.000000,0.000000,0.000000,0.000000
1778448592.439194,sequential_ik_elbow_then_wrist,0,0,-0.221136,0.132931,-0.153063,-0.446692,0.122955,0.044484,-0.172942,-0.217284,-0.113484,-0.447977,-0.252700,0.000977,0.000015,0.015500,0.002786,0.124490,0.000011,0.040951,0.002386,0.202362,0.000000,0.000000,0.000000,1.077211,-0.509384,-0.000122,1.279005,-0.734858,-0.378215,0.000122,0.921619,0.000000,0.000000,0.000000,0.000000,0.000000,0.000000
1778448592.491827,sequential_ik_elbow_then_wrist,0,0,-0.220565,0.136067,-0.151120,-0.443565,0.127040,0.049353,-0.174447,-0.216504,-0.112668,-0.449747,-0.247830,0.002347,0.000004,0.015582,0.001644,0.124818,0.000000,0.043017,0.000136,0.207403,0.000000,0.000000,0.000000,1.064530,-0.513903,-0.000093,1.295045,-0.721343,-0.379759,0.000093,0.918151,0.000000,0.000000,0.000000,0.000000,0.000000,0.000000
1778448592.586782,sequential_ik_elbow_then_wrist,0,0,-0.222401,0.136183,-0.148296,-0.446678,0.128268,0.050795,-0.176663,-0.215339,-0.111443,-0.451501,-0.243659,0.005442,0.000001,0.015910,0.000807,0.126131,0.000001,0.043429,0.000713,0.208394,0.000000,0.000000,0.000000,1.054403,-0.515272,-0.000071,1.305523,-0.712548,-0.380184,0.000071,0.917719,0.000000,0.000000,0.000000,0.000000,0.000000,0.000000
1778448592.633847,sequential_ik_elbow_then_wrist,0,0,-0.222035,0.140355,-0.144916,-0.439793,0.134448,0.061353,-0.174578,-0.218961,-0.107602,-0.448451,-0.240510,0.012936,0.000005,0.014798,0.001658,0.121638,0.000004,0.045424,0.001345,0.213120,0.000000,0.000000,0.000000,1.044210,-0.513452,-0.000054,1.316907,-0.703842,-0.377790,0.000054,0.921656,0.000000,0.000000,0.000000,0.000000,0.000000,0.000000
1778448592.705342,sequential_ik_elbow_then_wrist,0,0,-0.211118,0.149762,-0.151660,-0.428354,0.154229,0.055194,-0.168362,-0.224728,-0.105600,-0.440286,-0.225189,0.021118,0.000045,0.013617,0.005109,0.116683,0.000014,0.053878,0.002643,0.232051,0.000000,0.000000,0.000000,1.027038,-0.516235,-0.000041,1.329200,-0.691406,-0.374035,0.000041,0.937816,0.000000,0.000000,0.000000,0.000000,0.000000,0.000000
1778448592.768135,sequential_ik_elbow_then_wrist,0,0,-0.207379,0.152019,-0.154546,-0.420628,0.162837,0.056186,-0.168030,-0.223325,-0.109051,-0.439938,-0.220796,0.017675,0.000017,0.013229,0.003118,0.114990,0.000002,0.056551,0.000864,0.237787,0.000000,0.000000,0.000000,1.008448,-0.521350,-0.000031,1.344571,-0.680737,-0.373010,0.000031,0.956837,0.000000,0.000000,0.000000,0.000000,0.000000,0.000000
1778448592.841417,sequential_ik_elbow_then_wrist,0,0,-0.204119,0.153149,-0.157737,-0.419208,0.168457,0.050835,-0.175365,-0.220340,-0.103429,-0.442997,-0.215210,0.032022,0.000009,0.013481,0.002213,0.116108,0.000010,0.054329,0.002281,0.233070,0.000000,0.000000,0.000000,0.990731,-0.528222,-0.000024,1.357896,-0.677054,-0.368945,0.000024,0.977743,0.000000,0.000000,0.000000,0.000000,0.000000,0.000000
1778448592.908996,sequential_ik_elbow_then_wrist,0,0,-0.203299,0.152627,-0.159294,-0.419646,0.178207,0.046956,-0.173236,-0.225208,-0.096283,-0.436604,-0.214542,0.046979,0.000002,0.012170,0.000949,0.110313,0.000010,0.053774,0.002143,0.231871,0.000000,0.000000,0.000000,0.976025,-0.535255,-0.000018,1.365657,-0.672545,-0.360425,0.000018,1.001155,0.000000,0.000000,0.000000,0.000000,0.000000,0.000000
1778448592.978844,sequential_ik_elbow_then_wrist,0,0,-0.203495,0.151184,-0.160416,-0.423607,0.182753,0.040964,-0.155037,-0.239199,-0.093527,-0.411902,-0.227568,0.061021,0.000001,0.011699,0.000500,0.108141,0.000079,0.054211,0.006327,0.232738,0.000000,0.000000,0.000000,0.965225,-0.541831,-0.000014,1.366572,-0.654389,-0.350956,0.000014,1.034845,0.000000,0.000000,0.000000,0.000000,0.000000,0.000000
1778448593.043396,sequential_ik_elbow_then_wrist,0,0,-0.212005,0.142576,-0.157245,-0.442503,0.174587,0.032085,-0.160916,-0.234027,-0.096631,-0.422798,-0.219105,0.048955,0.000028,0.012394,0.004178,0.111185,0.000001,0.060834,0.000629,0.246646,0.000000,0.000000,0.000000,0.964614,-0.544831,-0.000010,1.353737,-0.641555,-0.345052,0.000010,1.061083,0.000000,0.000000,0.000000,0.000000,0.000000,0.000000
1778448593.123879,sequential_ik_elbow_then_wrist,0,0,-0.207088,0.147529,-0.159216,-0.430736,0.181430,0.037843,-0.164776,-0.231858,-0.095346,-0.417468,-0.212237,0.065158,0.000002,0.010422,0.001000,0.102081,0.000003,0.056871,0.001283,0.238429,0.000000,0.000000,0.000000,0.962422,-0.548060,-0.000008,1.347147,-0.634799,-0.340025,0.000008,1.092350,0.000000,0.000000,0.000000,0.000000,0.000000,0.000000
1778448593.187994,sequential_ik_elbow_then_wrist,0,0,-0.203684,0.150474,-0.160842,-0.413347,0.184935,0.050946,-0.166168,-0.230851,-0.095372,-0.417638,-0.209100,0.066770,0.000006,0.009104,0.001882,0.095235,0.000001,0.056155,0.000785,0.236962,0.000000,0.000000,0.000000,0.957442,-0.551920,-0.000006,1.356284,-0.631521,-0.336097,0.000006,1.121185,0.000000,0.000000,0.000000,0.000000,0.000000,0.000000
1778448593.248740,sequential_ik_elbow_then_wrist,0,0,-0.202494,0.147369,-0.165163,-0.420511,0.179697,0.038365,-0.166964,-0.229666,-0.096833,-0.426692,-0.211786,0.052237,0.000004,0.010803,0.001295,0.103940,0.000001,0.058538,0.000656,0.241914,0.000000,0.000000,0.000000,0.953657,-0.558347,-0.000005,1.362985,-0.630350,-0.334038,0.000005,1.133646,0.000000,0.000000,0.000000,0.000000,0.000000,0.000000
1778448593.342016,sequential_ik_elbow_then_wrist,0,0,-0.203628,0.145875,-0.165094,-0.422476,0.179633,0.037307,-0.166704,-0.230649,-0.094926,-0.426051,-0.213493,0.054889,0.000001,0.010547,0.000711,0.102700,0.000000,0.057675,0.000387,0.240152,0.000000,0.000000,0.000000,0.951951,-0.563979,-0.000003,1.367274,-0.629317,-0.331443,0.000003,1.139558,0.000000,0.000000,0.000000,0.000000,0.000000,0.000000
1778448593.430099,sequential_ik_elbow_then_wrist,0,0,-0.203456,0.144504,-0.166506,-0.425706,0.181678,0.031542,-0.177116,-0.223829,-0.092360,-0.438415,-0.208144,0.054189,0.000001,0.010190,0.000739,0.100934,0.000022,0.056619,0.003309,0.237916,0.000000,0.000000,0.000000,0.951694,-0.569477,-0.000003,1.366898,-0.636224,-0.327580,0.000003,1.134813,0.000000,0.000000,0.000000,0.000000,0.000000,0.000000
1778448593.497530,sequential_ik_elbow_then_wrist,0,0,-0.218203,0.136647,-0.153996,-0.445591,0.152902,0.041018,-0.217317,-0.187007,-0.088328,-0.483241,-0.191340,0.050472,0.000068,0.013841,0.006180,0.117614,0.000453,0.042261,0.015074,0.205124,0.000000,0.000000,0.000000,0.961138,-0.564846,-0.000002,1.359802,-0.677411,-0.321832,0.000002,1.098555,0.000000,0.000000,0.000000,0.000000,0.000000,0.000000
1778448593.566793,sequential_ik_elbow_then_wrist,1,0,-0.220884,0.132011,-0.154218,-0.439684,0.138988,0.050911,-0.230537,-0.170584,-0.088056,-0.492474,-0.181304,0.057801,0.000021,0.013024,0.003577,0.114101,0.000174,0.028587,0.009326,0.168975,0.000000,0.000000,0.000000,0.974901,-0.559445,-0.000002,1.359745,-0.731141,-0.316495,0.000002,1.057027,0.000000,0.000000,0.000000,0.000000,0.000000,0.000000
1778448593.628204,sequential_ik_elbow_then_wrist,1,0,-0.219137,0.135319,-0.153843,-0.441745,0.144415,0.047062,-0.208572,-0.183481,-0.113280,-0.477173,-0.193800,0.019939,0.000000,0.012316,0.000277,0.110970,0.000112,0.029558,0.007183,0.171923,0.000000,0.000000,0.000000,0.985219,-0.554620,-0.000001,1.356502,-0.762907,-0.328669,0.000001,1.023890,0.000000,0.000000,0.000000,0.000000,0.000000,0.000000
1778448593.723351,sequential_ik_elbow_then_wrist,1,0,-0.215383,0.140024,-0.154931,-0.440275,0.152718,0.043216,-0.198649,-0.189958,-0.120227,-0.465818,-0.209373,0.014841,0.000007,0.012206,0.002018,0.110474,0.000056,0.029473,0.005312,0.171641,0.000000,0.000000,0.000000,0.989282,-0.551579,-0.000001,1.351423,-0.777448,-0.346296,0.000001,1.007198,0.000000,0.000000,0.000000,0.000000,0.000000,0.000000
1778448593.790416,sequential_ik_elbow_then_wrist,1,0,-0.212781,0.141302,-0.157347,-0.438963,0.154874,0.039268,-0.183283,-0.201395,-0.125886,-0.449925,-0.230609,0.008460,0.000005,0.012870,0.001654,0.113447,0.000092,0.030697,0.007029,0.175175,0.000000,0.000000,0.000000,0.989566,-0.551153,-0.000001,1.347445,-0.773982,-0.365474,0.000001,1.002473,0.000000,0.000000,0.000000,0.000000,0.000000,0.000000
1778448593.859892,sequential_ik_elbow_then_wrist,1,0,-0.212254,0.144110,-0.155501,-0.439464,0.169049,0.038802,-0.178456,-0.205336,-0.126454,-0.444248,-0.245786,0.006655,0.000003,0.011293,0.001420,0.106254,0.000026,0.030978,0.003819,0.176002,0.000000,0.000000,0.000000,0.987201,-0.549925,-0.000001,1.340091,-0.763268,-0.381718,0.000001,1.001491,0.000000,0.000000,0.000000,0.000000,0.000000,0.000000
1778448593.911990,sequential_ik_elbow_then_wrist,0,0,-0.207901,0.146265,-0.159323,-0.440737,0.180585,0.026713,-0.172046,-0.209557,-0.128398,-0.438273,-0.247694,0.004527,0.000008,0.010898,0.002113,0.104351,0.000021,0.034484,0.003398,0.185691,0.000000,0.000000,0.000000,0.981905,-0.551558,-0.000000,1.327561,-0.748022,-0.395765,0.000000,1.005092,0.000000,0.000000,0.000000,0.000000,0.000000,0.000000
1778448594.001269,sequential_ik_elbow_then_wrist,0,0,-0.201869,0.154577,-0.159232,-0.424999,0.196188,0.036936,-0.172251,-0.210044,-0.127324,-0.436577,-0.248497,0.009252,0.000027,0.009371,0.004123,0.096762,0.000002,0.035294,0.001036,0.187857,0.000000,0.000000,0.000000,0.970289,-0.553341,-0.000000,1.324703,-0.734250,-0.406085,0.000000,1.012279,0.000000,0.000000,0.000000,0.000000,0.000000,0.000000
1778448594.059786,sequential_ik_elbow_then_wrist,0,0,-0.190218,0.166154,-0.161895,-0.396410,0.213946,0.050710,-0.165513,-0.217937,-0.122920,-0.432509,-0.252154,0.009527,0.000078,0.008003,0.007018,0.089168,0.000022,0.039184,0.003456,0.197950,0.000000,0.000000,0.000000,0.948732,-0.556816,-0.000000,1.339844,-0.716774,-0.410869,0.000000,1.017721,0.000000,0.000000,0.000000,0.000000,0.000000,0.000000
1778448594.146918,sequential_ik_elbow_then_wrist,0,0,-0.185224,0.179353,-0.153377,-0.376395,0.237822,0.070308,-0.162671,-0.223275,-0.116989,-0.425925,-0.258351,0.022534,0.000084,0.006458,0.007116,0.080268,0.000018,0.039783,0.003046,0.199452,0.000000,0.000000,0.000000,0.919701,-0.553760,-0.000000,1.360505,-0.698028,-0.409807,0.000000,1.025386,0.000000,0.000000,0.000000,0.000000,0.000000,0.000000
1778448594.250758,sequential_ik_elbow_then_wrist,0,0,-0.176963,0.191444,-0.148435,-0.376811,0.251970,0.066966,-0.157204,-0.230651,-0.109942,-0.410891,-0.262818,0.046928,0.000086,0.009085,0.007152,0.095283,0.000029,0.039141,0.003797,0.197768,0.000000,0.000000,0.000000,0.884396,-0.546607,-0.000000,1.370101,-0.676769,-0.403233,0.000000,1.044132,0.000000,0.000000,0.000000,0.000000,0.000000,0.000000
1778448594.313532,sequential_ik_elbow_then_wrist,0,0,-0.178231,0.197819,-0.138208,-0.365777,0.256434,0.088488,-0.166029,-0.229294,-0.099292,-0.409637,-0.260622,0.072968,0.000040,0.009165,0.004500,0.095727,0.000025,0.036044,0.003363,0.189822,0.000000,0.000000,0.000000,0.851076,-0.532825,-0.000000,1.380504,-0.663643,-0.389895,0.000000,1.066723,0.000000,0.000000,0.000000,0.000000,0.000000,0.000000
1778448594.373811,sequential_ik_elbow_then_wrist,0,0,-0.179554,0.199131,-0.134563,-0.368031,0.245161,0.094256,-0.173424,-0.223733,-0.099335,-0.431797,-0.245665,0.051537,0.000008,0.011933,0.001912,0.109230,0.000017,0.043031,0.002902,0.207362,0.000000,0.000000,0.000000,0.823780,-0.517901,-0.000000,1.391368,-0.660237,-0.377885,0.000000,1.070364,0.000000,0.000000,0.000000,0.000000,0.000000,0.000000
1778448594.434182,sequential_ik_elbow_then_wrist,0,0,-0.175497,0.197244,-0.142462,-0.361030,0.242090,0.088982,-0.160203,-0.232897,-0.100471,-0.418209,-0.250589,0.051580,0.000007,0.012042,0.001859,0.109700,0.000024,0.044724,0.003539,0.211481,0.000000,0.000000,0.000000,0.801344,-0.511035,-0.000000,1.406328,-0.649393,-0.369077,0.000000,1.074571,0.000000,0.000000,0.000000,0.000000,0.000000,0.000000
1778448594.508555,sequential_ik_elbow_then_wrist,0,0,-0.178447,0.195284,-0.141494,-0.364084,0.240286,0.089836,-0.167299,-0.227023,-0.102332,-0.424999,-0.238713,0.050815,0.000001,0.012064,0.000840,0.109834,0.000005,0.047267,0.001585,0.217406,0.000000,0.000000,0.000000,0.785959,-0.506163,-0.000000,1.419188,-0.644670,-0.363664,0.000000,1.080601,0.000000,0.000000,0.000000,0.000000,0.000000,0.000000
1778448594.580223,sequential_ik_elbow_then_wrist,0,0,-0.176789,0.198812,-0.138634,-0.361033,0.252746,0.091899,-0.161499,-0.231546,-0.101510,-0.419040,-0.253804,0.050732,0.000002,0.010385,0.001112,0.101892,0.000005,0.043927,0.001566,0.209586,0.000000,0.000000,0.000000,0.772539,-0.500544,-0.000000,1.425025,-0.637446,-0.359304,0.000000,1.082916,0.000000,0.000000,0.000000,0.000000,0.000000,0.000000
1778448594.660396,sequential_ik_elbow_then_wrist,0,0,-0.171853,0.205181,-0.135527,-0.348898,0.267664,0.098462,-0.163406,-0.231576,-0.098342,-0.416573,-0.257796,0.060464,0.000014,0.008538,0.002846,0.092401,0.000001,0.041461,0.000791,0.203618,0.000000,0.000000,0.000000,0.756864,-0.493690,-0.000000,1.428124,-0.631942,-0.353859,0.000000,1.085840,0.000000,0.000000,0.000000,0.000000,0.000000,0.000000
1778448594.727237,sequential_ik_elbow_then_wrist,0,0,-0.173102,0.206113,-0.132488,-0.347315,0.275202,0.101770,-0.153372,-0.240220,-0.093654,-0.403013,-0.279807,0.067939,0.000003,0.007874,0.001222,0.088720,0.000028,0.037843,0.003707,0.194531,0.000000,0.000000,0.000000,0.743498,-0.485784,-0.000000,1.426818,-0.619565,-0.346194,0.000000,1.086325,0.000000,0.000000,0.000000,0.000000,0.000000,0.000000
1778448594.810492,sequential_ik_elbow_then_wrist,0,0,-0.176968,0.208166,-0.123893,-0.356928,0.291090,0.101358,-0.155336,-0.240424,-0.089818,-0.405046,-0.284149,0.070596,0.000013,0.007207,0.002420,0.084616,0.000004,0.038322,0.001325,0.195749,0.000000,0.000000,0.000000,0.733917,-0.473292,-0.000000,1.409390,-0.608959,-0.337062,0.000000,1.081960,0.000000,0.000000,0.000000,0.000000,0.000000,0.000000
1778448594.912510,sequential_ik_elbow_then_wrist,0,0,-0.180881,0.206763,-0.120544,-0.367851,0.293657,0.097382,-0.152255,-0.242831,-0.088608,-0.404416,-0.289406,0.067103,0.000007,0.007492,0.001834,0.086359,0.000003,0.039353,0.001271,0.198361,0.000000,0.000000,0.000000,0.729228,-0.460054,-0.000000,1.382193,-0.598168,-0.328585,0.000000,1.072705,0.000000,0.000000,0.000000,0.000000,0.000000,0.000000
1778448594.981765,sequential_ik_elbow_then_wrist,0,0,-0.184911,0.207757,-0.112450,-0.380339,0.302421,0.094544,-0.154211,-0.242355,-0.086505,-0.408766,-0.290232,0.064854,0.000014,0.007387,0.002537,0.085611,0.000001,0.040324,0.000664,0.200789,0.000000,0.000000,0.000000,0.727895,-0.443717,-0.000000,1.343267,-0.590447,-0.320433,0.000000,1.059075,0.000000,0.000000,0.000000,0.000000,0.000000,0.000000
1778448595.063595,sequential_ik_elbow_then_wrist,0,0,-0.192215,0.211624,-0.090932,-0.390274,0.321954,0.105536,-0.169022,-0.233897,-0.081998,-0.427334,-0.283907,0.062135,0.000077,0.005741,0.005863,0.074976,0.000042,0.038929,0.004554,0.197224,0.000000,0.000000,0.000000,0.729301,-0.415751,-0.000000,1.287415,-0.595276,-0.310968,0.000000,1.035184,0.000000,0.000000,0.000000,0.000000,0.000000,0.000000
1778448595.138874,sequential_ik_elbow_then_wrist,0,0,-0.199774,0.212680,-0.069696,-0.406801,0.330150,0.112897,-0.181433,-0.225998,-0.077504,-0.442223,-0.279513,0.060787,0.000096,0.005645,0.006541,0.074053,0.000052,0.034710,0.004993,0.186196,0.000000,0.000000,0.000000,0.734035,-0.377339,-0.000000,1.214503,-0.610781,-0.300154,0.000000,1.001673,0.000000,0.000000,0.000000,0.000000,0.000000,0.000000
1778448595.196910,sequential_ik_elbow_then_wrist,1,0,-0.189117,0.225295,-0.058965,-0.404949,0.373172,0.087832,-0.124338,-0.265756,-0.062561,-0.359812,-0.370367,0.091089,0.000064,0.004650,0.005385,0.065713,0.000572,0.021973,0.016510,0.148230,0.000000,0.000000,0.000000,0.728422,-0.337448,-0.000000,1.115402,-0.582320,-0.281826,0.000000,0.973831,0.000000,0.000000,0.000000,0.000000,0.000000,0.000000
1778448595.273726,sequential_ik_elbow_then_wrist,1,0,-0.177089,0.237293,-0.048286,-0.386853,0.402464,0.088526,-0.120842,-0.270457,-0.047437,-0.353664,-0.394455,0.095457,0.000078,0.003830,0.005976,0.061028,0.000101,0.025395,0.006778,0.159178,0.000000,0.000000,0.000000,0.711448,-0.297992,-0.000000,1.015456,-0.547533,-0.255886,0.000000,0.934547,0.000000,0.000000,0.000000,0.000000,0.000000,0.000000
1778448595.321170,sequential_ik_elbow_then_wrist,1,0,-0.122528,0.272698,-0.024957,-0.281773,0.473729,0.130695,-0.097578,-0.280115,-0.044875,-0.320976,-0.423331,0.095063,0.000682,0.001076,0.017583,0.032751,0.000118,0.025002,0.007356,0.158045,0.000000,0.000000,0.000000,0.655230,-0.251532,-0.000000,0.935205,-0.502375,-0.231836,0.000000,0.892970,0.000000,0.000000,0.000000,0.000000,0.000000,0.000000
1778448595.397820,sequential_ik_elbow_then_wrist,1,0,-0.080835,0.288805,0.007588,-0.227683,0.509065,0.148730,-0.040621,-0.295797,-0.029224,-0.201533,-0.509226,0.106994,0.000626,0.003381,0.016693,0.057074,0.000570,0.011158,0.016071,0.105242,0.000000,0.000000,0.000000,0.574744,-0.192262,-0.000000,0.847522,-0.427052,-0.202923,0.000000,0.839628,0.000000,0.000000,0.000000,0.000000,0.000000,0.000000
1778448595.464648,sequential_ik_elbow_then_wrist,1,0,-0.056109,0.294127,0.018474,-0.201703,0.520649,0.150723,-0.017265,-0.298060,-0.029360,-0.155107,-0.531615,0.098905,0.000231,0.007368,0.010117,0.085351,0.000185,0.012209,0.009109,0.110315,0.000000,0.000000,0.000000,0.489291,-0.134959,-0.000000,0.759004,-0.345729,-0.178512,0.000000,0.784005,0.000000,0.000000,0.000000,0.000000,0.000000,0.000000
1778448595.517787,sequential_ik_elbow_then_wrist,1,0,-0.028822,0.297716,0.023124,-0.167776,0.530234,0.152068,0.004235,-0.299156,-0.022085,-0.104638,-0.552797,0.095443,0.000169,0.010540,0.008681,0.102556,0.000120,0.010312,0.007326,0.101324,0.000000,0.000000,0.000000,0.401784,-0.085719,-0.000000,0.680431,-0.265031,-0.154882,0.000000,0.725521,0.000000,0.000000,0.000000,0.000000,0.000000,0.000000
1778448595.571508,sequential_ik_elbow_then_wrist,1,0,-0.025176,0.297874,0.025248,-0.162699,0.534882,0.147372,0.003294,-0.299259,-0.020818,-0.117785,-0.552594,0.084828,0.000019,0.013074,0.002947,0.114273,0.000006,0.015426,0.001590,0.124094,0.000000,0.000000,0.000000,0.327828,-0.045694,-0.000000,0.611127,-0.199915,-0.134961,0.000000,0.668535,0.000000,0.000000,0.000000,0.000000,0.000000,0.000000
1778448595.627729,sequential_ik_elbow_then_wrist,1,0,-0.020406,0.298102,0.026806,-0.148532,0.544905,0.139377,0.019634,-0.299232,-0.008652,-0.070468,-0.569501,0.085351,0.000008,0.012069,0.001840,0.109757,0.000057,0.010400,0.005035,0.101703,0.000000,0.000000,0.000000,0.266956,-0.013715,-0.000000,0.547164,-0.139472,-0.111860,0.000000,0.607243,0.000000,0.000000,0.000000,0.000000,0.000000,0.000000
1778448595.713063,sequential_ik_elbow_then_wrist,1,0,-0.013032,0.298926,0.021760,-0.133723,0.560821,0.104491,0.015590,-0.299226,-0.014854,-0.095129,-0.570896,0.047890,0.000012,0.011630,0.002350,0.107434,0.000001,0.016498,0.000743,0.128039,0.000000,0.000000,0.000000,0.215038,0.007822,-0.000000,0.476032,-0.093512,-0.096307,0.000000,0.536205,0.000000,0.000000,0.000000,0.000000,0.000000,0.000000
1778448595.801271,sequential_ik_elbow_then_wrist,1,0,-0.014522,0.299369,0.012932,-0.139841,0.566574,0.066756,0.009151,-0.299114,-0.021137,-0.119319,-0.566155,0.025606,0.000012,0.013159,0.002264,0.114388,0.000011,0.020633,0.002185,0.143532,0.000000,0.000000,0.000000,0.175181,0.018101,-0.000000,0.401255,-0.062545,-0.088829,0.000000,0.468827,0.000000,0.000000,0.000000,0.000000,0.000000,0.000000
1778448595.880707,sequential_ik_elbow_then_wrist,1,0,-0.002684,0.299923,0.006231,-0.132999,0.568742,0.033699,0.016085,-0.298467,-0.025668,-0.123910,-0.562620,-0.000671,0.000027,0.015918,0.003431,0.125954,0.000008,0.024853,0.001892,0.157532,0.000000,0.000000,0.000000,0.137486,0.020383,-0.000000,0.326784,-0.035628,-0.086944,0.000000,0.403154,0.000000,0.000000,0.000000,0.000000,0.000000,0.000000
1778448595.943753,sequential_ik_elbow_then_wrist,1,0,-0.006955,0.299857,-0.006124,-0.139893,0.567704,0.018070,0.017492,-0.297860,-0.031201,-0.114890,-0.566562,-0.014649,0.000025,0.017033,0.003315,0.130511,0.000007,0.023064,0.001712,0.151843,0.000000,0.000000,0.000000,0.109776,0.013229,-0.000000,0.269386,-0.013502,-0.089808,0.000000,0.346404,0.000000,0.000000,0.000000,0.000000,0.000000,0.000000
1778448596.005112,sequential_ik_elbow_then_wrist,1,0,0.004112,0.299453,-0.017633,-0.130337,0.566648,0.005400,0.018221,-0.297326,-0.035571,-0.117826,-0.564453,-0.023984,0.000040,0.018915,0.004188,0.137509,0.000004,0.024684,0.001408,0.157110,0.000000,0.000000,0.000000,0.082105,-0.001349,-0.000000,0.231713,0.004168,-0.095681,0.000000,0.301028,0.000000,0.000000,0.000000,0.000000,0.000000,0.000000
1778448596.090779,sequential_ik_elbow_then_wrist,1,0,0.012207,0.298967,-0.021670,-0.120264,0.567363,-0.001296,0.020591,-0.296934,-0.037503,-0.117435,-0.563175,-0.029462,0.000020,0.020519,0.002966,0.143234,0.000002,0.025907,0.000988,0.160955,0.000000,0.000000,0.000000,0.054555,-0.017017,-0.000000,0.207481,0.019273,-0.102192,0.000000,0.265480,0.000000,0.000000,0.000000,0.000000,0.000000,0.000000
1778448596.143033,sequential_ik_elbow_then_wrist,1,0,0.013271,0.298785,-0.023476,-0.113038,0.570280,-0.005120,0.021419,-0.296546,-0.040024,-0.111711,-0.565349,-0.035452,0.000003,0.019812,0.001138,0.140751,0.000002,0.024665,0.000831,0.157050,0.000000,0.000000,0.000000,0.031457,-0.031091,-0.000000,0.190983,0.031672,-0.109177,0.000000,0.237269,0.000000,0.000000,0.000000,0.000000,0.000000,0.000000
1778448596.202354,sequential_ik_elbow_then_wrist,1,0,0.010569,0.298939,-0.022889,-0.112599,0.571884,-0.004706,0.021820,-0.296373,-0.041069,-0.106762,-0.567344,-0.034623,0.000000,0.018811,0.000441,0.137154,0.000000,0.023374,0.000451,0.152883,0.000000,0.000000,0.000000,0.015074,-0.041919,-0.000000,0.179330,0.041564,-0.115602,0.000000,0.217786,0.000000,0.000000,0.000000,0.000000,0.000000,0.000000
1778448596.274582,sequential_ik_elbow_then_wrist,1,0,0.005763,0.299072,-0.022866,-0.115571,0.573040,-0.008052,0.025546,-0.295820,-0.042870,-0.097184,-0.569535,-0.038700,0.000003,0.017430,0.001210,0.132020,0.000002,0.022163,0.001056,0.148871,0.000000,0.000000,0.000000,0.005862,-0.050164,-0.000000,0.168406,0.051515,-0.121863,0.000000,0.202902,0.000000,0.000000,0.000000,0.000000,0.000000,0.000000
1778448596.333640,sequential_ik_elbow_then_wrist,1,0,0.003044,0.298739,-0.027311,-0.119854,0.572358,-0.021972,0.026997,-0.295423,-0.044683,-0.082016,-0.574873,-0.049565,0.000004,0.017032,0.001366,0.130489,0.000001,0.018661,0.000780,0.136588,0.000000,0.000000,0.000000,0.001281,-0.059187,-0.000000,0.154711,0.060565,-0.128068,0.000000,0.186575,0.000000,0.000000,0.000000,0.000000,0.000000,0.000000
1778448596.408071,sequential_ik_elbow_then_wrist,1,0,-0.000918,0.298184,-0.032947,-0.125893,0.570912,-0.033550,0.025065,-0.294635,-0.050618,-0.081259,-0.574824,-0.064379,0.000008,0.016710,0.001901,0.129264,0.000005,0.018512,0.001529,0.134866,0.000000,0.000000,0.000000,0.000804,-0.070169,-0.000000,0.141764,0.066645,-0.136822,0.753600,0.131037,0.000000,0.000000,0.000000,0.000000,0.000000,0.000000
1778448596.484783,sequential_ik_elbow_then_wrist,1,0,-0.004278,0.297962,-0.034648,-0.131196,0.569778,-0.037386,0.027822,-0.294075,-0.052398,-0.070449,-0.577034,-0.069056,0.000004,0.016350,0.001281,0.127865,0.000002,0.015994,0.000961,0.126377,0.000000,0.000000,0.000000,0.003215,-0.080516,-0.000000,0.131888,0.072807,-0.145514,1.326336,0.077414,0.000000,0.000000,0.000000,0.000000,0.000000,0.000000
1778448596.561441,sequential_ik_elbow_then_wrist,1,0,0.000775,0.297531,-0.038402,-0.123967,0.570297,-0.044555,0.035183,-0.292619,-0.056002,-0.058385,-0.577259,-0.071005,0.000004,0.016032,0.001395,0.126617,0.000010,0.015951,0.002178,0.126274,0.000000,0.000000,0.000000,0.002573,-0.091171,-0.000000,0.124019,0.082481,-0.154850,1.761615,0.030829,0.000000,0.000000,0.000000,0.000000,0.000000,0.000000
1778448596.646924,sequential_ik_elbow_then_wrist,1,0,0.000953,0.296946,-0.042689,-0.124496,0.569352,-0.050274,0.032209,-0.292771,-0.056991,-0.061998,-0.577318,-0.069543,0.000004,0.016611,0.001254,0.128883,0.000001,0.016456,0.000525,0.128269,0.000000,0.000000,0.000000,0.001396,-0.102576,-0.000000,0.119335,0.089187,-0.163189,2.092428,-0.008954,0.000000,0.000000,0.000000,0.000000,0.000000,0.000000
1778448596.707378,sequential_ik_elbow_then_wrist,1,0,0.004743,0.296178,-0.047500,-0.120728,0.568555,-0.055704,0.030357,-0.292218,-0.060720,-0.066627,-0.575954,-0.070112,0.000006,0.017241,0.001691,0.131299,0.000003,0.016872,0.001092,0.129876,0.000000,0.000000,0.000000,-0.002006,-0.115004,-0.000000,0.118355,0.093025,-0.172157,2.343845,-0.043988,0.000000,0.000000,0.000000,0.000000,0.000000,0.000000
1778448596.831115,sequential_ik_elbow_then_wrist,1,0,0.005039,0.296085,-0.048043,-0.120686,0.568340,-0.056469,0.028925,-0.292037,-0.062270,-0.070604,-0.574861,-0.072495,0.000001,0.017725,0.000535,0.133133,0.000001,0.017166,0.000744,0.131018,0.000000,0.000000,0.000000,-0.005368,-0.125648,-0.000000,0.119625,0.094769,-0.180552,2.534922,-0.072703,0.000000,0.000000,0.000000,0.000000,0.000000,0.000000
1778448596.913261,sequential_ik_elbow_then_wrist,1,0,0.004959,0.296014,-0.048489,-0.120107,0.568585,-0.056474,0.027211,-0.292323,-0.061700,-0.075287,-0.574114,-0.071065,0.000000,0.017642,0.000212,0.132822,0.000001,0.017554,0.000531,0.132492,0.000000,0.000000,0.000000,-0.008058,-0.134290,-0.000000,0.121972,0.094735,-0.186934,2.680141,-0.095990,0.000000,0.000000,0.000000,0.000000,0.000000,0.000000
1778448596.984910,sequential_ik_elbow_then_wrist,1,0,0.001910,0.295718,-0.050472,-0.123214,0.568194,-0.060495,0.027904,-0.292293,-0.061533,-0.073518,-0.574442,-0.071797,0.000002,0.017261,0.000873,0.131380,0.000000,0.017143,0.000055,0.130932,0.000000,0.000000,0.000000,-0.008251,-0.142226,-0.000000,0.123609,0.094809,-0.191680,2.790507,-0.113430,0.000000,0.000000,0.000000,0.000000,0.000000,0.000000
1778448597.060093,sequential_ik_elbow_then_wrist,1,0,0.002240,0.295558,-0.051387,-0.122078,0.568167,-0.066526,0.027472,-0.292374,-0.061341,-0.074523,-0.574339,-0.070968,0.000000,0.016802,0.000340,0.129617,0.000000,0.017255,0.000111,0.131360,0.000000,0.000000,0.000000,-0.008163,-0.149142,-0.000000,0.122238,0.094619,-0.195141,2.874385,-0.126936,0.000000,0.000000,0.000000,0.000000,0.000000,0.000000
1778448597.135919,sequential_ik_elbow_then_wrist,1,0,0.000779,0.295497,-0.051777,-0.123722,0.567682,-0.072144,0.028772,-0.292297,-0.061111,-0.069983,-0.575334,-0.072846,0.000000,0.017129,0.000405,0.129899,0.000000,0.016519,0.000299,0.128524,0.000000,0.000000,0.000000,-0.007137,-0.154846,-0.753600,0.082830,0.095220,-0.197593,2.938133,-0.135783,0.000000,0.000000,0.000000,0.000000,0.000000,0.000000
1778448597.228077,sequential_ik_elbow_then_wrist,1,0,0.000048,0.295323,-0.052768,-0.124350,0.566774,-0.081740,0.028999,-0.292422,-0.060402,-0.069759,-0.575274,-0.075941,0.000000,0.016364,0.000375,0.127909,0.000000,0.016655,0.000218,0.129048,0.000000,0.000000,0.000000,-0.005676,-0.159904,-1.326336,0.048247,0.095990,-0.198970,2.986581,-0.139349,0.000000,0.000000,0.000000,0.000000,0.000000,0.000000
1778448597.285842,sequential_ik_elbow_then_wrist,1,0,-0.002109,0.294898,-0.055054,-0.128345,0.564242,-0.094020,0.028199,-0.292632,-0.059763,-0.072878,-0.574541,-0.077378,0.000002,0.016482,0.000828,0.128367,0.000000,0.017212,0.000254,0.131190,0.000000,0.000000,0.000000,-0.003068,-0.165347,-1.761615,0.026425,0.096145,-0.199502,3.023402,-0.139477,0.000000,0.000000,0.000000,0.000000,0.000000,0.000000
1778448597.357236,sequential_ik_elbow_then_wrist,1,0,-0.002866,0.294790,-0.055595,-0.128588,0.563718,-0.098858,0.029446,-0.292772,-0.058459,-0.068729,-0.575620,-0.077396,0.000000,0.016017,0.000413,0.126553,0.000000,0.016527,0.000432,0.128554,0.000000,0.000000,0.000000,-0.000259,-0.170189,-2.092428,0.013015,0.096919,-0.198968,3.051385,-0.137491,0.000000,0.000000,0.000000,0.000000,0.000000,0.000000
1778448597.460382,sequential_ik_elbow_then_wrist,1,0,-0.001890,0.294675,-0.056239,-0.126533,0.564323,-0.098125,0.029746,-0.293029,-0.057000,-0.070049,-0.575273,-0.076477,0.000000,0.015728,0.000262,0.125410,0.000000,0.017095,0.000439,0.130744,0.000000,0.000000,0.000000,0.001470,-0.174434,-2.343845,0.002226,0.097835,-0.197431,3.072653,-0.134257,0.000000,0.000000,0.000000,0.000000,0.000000,0.000000
1778448597.521387,sequential_ik_elbow_then_wrist,1,0,-0.004958,0.294964,-0.054513,-0.130731,0.564196,-0.095689,0.025097,-0.293929,-0.054554,-0.087776,-0.571241,-0.073463,0.000001,0.015695,0.000781,0.125281,0.000004,0.020194,0.001286,0.142105,0.000000,0.000000,0.000000,0.004584,-0.176708,-2.534922,-0.006291,0.095692,-0.194468,3.088816,-0.130348,0.000000,0.000000,0.000000,0.000000,0.000000,0.000000
1778448597.628135,sequential_ik_elbow_then_wrist,1,0,-0.003582,0.298851,-0.025987,-0.125296,0.573041,-0.028350,0.019245,-0.297117,-0.036756,-0.095024,-0.574358,-0.045715,0.000101,0.014605,0.006676,0.120662,0.000048,0.019241,0.004599,0.138713,0.000000,0.000000,0.000000,0.006498,-0.160453,-2.680141,-0.029058,0.089615,-0.180696,3.101100,-0.127517,0.000000,0.000000,0.000000,0.000000,0.000000,0.000000
1778448597.735800,sequential_ik_elbow_then_wrist,1,0,-0.008463,0.299705,-0.010264,-0.128620,0.574233,0.003750,0.010133,-0.298857,-0.024121,-0.113832,-0.572005,-0.019304,0.000062,0.013585,0.005246,0.116547,0.000048,0.020061,0.004637,0.141637,0.000000,0.000000,0.000000,0.010849,-0.134264,-2.790507,-0.049679,0.078269,-0.159758,3.110436,-0.126522,0.000000,0.000000,0.000000,0.000000,0.000000,0.000000
1778448597.834543,sequential_ik_elbow_then_wrist,1,0,-0.004999,0.299364,0.018872,-0.120723,0.574840,0.045726,0.010733,-0.299742,-0.006302,-0.100728,-0.578113,0.002949,0.000140,0.012557,0.007870,0.112038,0.000056,0.015608,0.004995,0.124906,0.000000,0.000000,0.000000,0.012690,-0.093213,-2.874385,-0.060312,0.068436,-0.130437,3.117531,-0.119544,0.000000,0.000000,0.000000,0.000000,0.000000,0.000000
1778448597.908309,sequential_ik_elbow_then_wrist,1,0,-0.009994,0.295895,0.048439,-0.123082,0.567000,0.109377,0.013769,-0.299435,0.012214,-0.091715,-0.577457,0.051922,0.000170,0.012020,0.008680,0.108488,0.000066,0.014851,0.005410,0.120549,0.000000,0.000000,0.000000,0.016889,-0.038813,-2.184533,-0.030385,0.062563,-0.093660,2.369324,-0.071364,0.000000,0.000000,0.000000,0.000000,0.000000,0.000000
1778448597.988909,sequential_ik_elbow_then_wrist,1,0,-0.017209,0.293849,0.057935,-0.127581,0.563335,0.130015,0.019277,-0.297928,0.029455,-0.069890,-0.576302,0.096958,0.000048,0.009909,0.004629,0.099522,0.000065,0.011307,0.005379,0.106074,0.000000,0.000000,0.000000,0.025251,0.013802,-1.660245,-0.002839,0.061911,-0.051729,1.800686,-0.016832,0.000000,0.000000,0.000000,0.000000,0.000000,0.000000
1778448598.083449,sequential_ik_elbow_then_wrist,1,0,-0.016112,0.291591,0.068666,-0.127257,0.559101,0.146673,0.016930,-0.296015,0.045702,-0.074450,-0.570988,0.123416,0.000027,0.009599,0.003477,0.097970,0.000055,0.011875,0.004939,0.108972,0.000000,0.000000,0.000000,0.032236,0.063139,-1.261786,0.015654,0.060917,-0.006558,1.368522,0.025714,0.000000,0.000000,0.000000,0.000000,0.000000,0.000000
1778448598.156155,sequential_ik_elbow_then_wrist,1,0,-0.012966,0.287358,0.085189,-0.121068,0.552531,0.174617,0.023066,-0.290647,0.070655,-0.044112,-0.565924,0.169193,0.000051,0.009212,0.004754,0.095974,0.000114,0.007510,0.007119,0.086663,0.000000,0.000000,0.000000,0.035882,0.113323,-0.958958,0.027869,0.064052,0.046513,1.040076,0.057942,0.000000,0.000000,0.000000,0.000000,0.000000,0.000000
1778448598.245742,sequential_ik_elbow_then_wrist,1,0,-0.018004,0.279904,0.106440,-0.116133,0.542550,0.213155,0.017674,-0.287412,0.084154,-0.057515,-0.554532,0.198143,0.000090,0.007105,0.006337,0.084287,0.000054,0.008875,0.004875,0.094208,0.000000,0.000000,0.000000,0.041610,0.168205,-0.728808,0.035659,0.064179,0.099758,0.790458,0.082252,0.000000,0.000000,0.000000,0.000000,0.000000,0.000000
1778448598.325744,sequential_ik_elbow_then_wrist,1,0,-0.018769,0.279212,0.108114,-0.115903,0.541836,0.215785,0.012240,-0.285097,0.092572,-0.079138,-0.541159,0.219390,0.000008,0.006594,0.001915,0.081156,0.000027,0.011411,0.003496,0.106814,0.000000,0.000000,0.000000,0.047252,0.214853,-0.553894,0.035148,0.060417,0.148616,0.600748,0.103568,0.000000,0.000000,0.000000,0.000000,0.000000,0.000000
1778448598.429874,sequential_ik_elbow_then_wrist,1,0,-0.024729,0.275491,0.116159,-0.120705,0.534792,0.232571,-0.022198,-0.283063,0.096864,-0.153810,-0.516742,0.231297,0.000020,0.005878,0.003051,0.076670,0.000184,0.017661,0.009607,0.132882,0.000000,0.000000,0.000000,0.055764,0.256791,-0.420959,0.034242,0.035131,0.190552,0.456569,0.123973,0.000000,0.000000,0.000000,0.000000,0.000000,0.000000
1778448598.519150,sequential_ik_elbow_then_wrist,1,0,-0.029772,0.270801,0.125619,-0.118233,0.523093,0.261720,-0.068680,-0.272658,0.104599,-0.233336,-0.465058,0.265441,0.000027,0.004213,0.003591,0.064842,0.000462,0.020464,0.015415,0.142858,0.000000,0.000000,0.000000,0.066808,0.296527,-0.319929,0.040652,-0.019481,0.228758,0.346992,0.157367,0.000000,0.000000,0.000000,0.000000,0.000000,0.000000
1778448598.586057,sequential_ik_elbow_then_wrist,1,0,-0.032375,0.267025,0.132852,-0.105927,0.518099,0.279658,-0.072289,-0.264344,0.122051,-0.231219,-0.444374,0.301858,0.000018,0.002105,0.002917,0.045870,0.000113,0.013895,0.007462,0.117818,0.000000,0.000000,0.000000,0.078385,0.333468,-0.243146,0.048224,-0.073814,0.270651,0.263714,0.191838,0.000000,0.000000,0.000000,0.000000,0.000000,0.000000
1778448598.644076,sequential_ik_elbow_then_wrist,1,0,-0.042693,0.264509,0.134953,-0.119229,0.509417,0.290396,-0.093643,-0.254441,0.128415,-0.248753,-0.424192,0.321096,0.000026,0.001912,0.003794,0.043701,0.000145,0.010606,0.008848,0.102980,0.000000,0.000000,0.000000,0.094725,0.364550,-0.184791,0.057438,-0.133252,0.309807,0.200423,0.221017,0.000000,0.000000,0.000000,0.000000,0.000000,0.000000
1778448598.718406,sequential_ik_elbow_then_wrist,1,0,-0.054073,0.257273,0.144523,-0.128907,0.491345,0.316599,-0.118590,-0.236570,0.141319,-0.291794,-0.386583,0.334960,0.000059,0.001225,0.005667,0.034842,0.000268,0.012004,0.012226,0.109542,0.000000,0.000000,0.000000,0.117161,0.395549,-0.140441,0.072436,-0.202247,0.350249,0.152321,0.238036,0.000000,0.000000,0.000000,0.000000,0.000000,0.000000
1778448598.809235,sequential_ik_elbow_then_wrist,1,0,-0.077645,0.246486,0.152369,-0.159819,0.457073,0.349600,-0.141858,-0.222965,0.141996,-0.347329,-0.347266,0.321804,0.000175,0.001194,0.010136,0.033928,0.000247,0.017069,0.012039,0.130539,0.000000,0.000000,0.000000,0.153181,0.426476,-0.106735,0.099538,-0.278795,0.383924,0.115764,0.238123,0.000000,0.000000,0.000000,0.000000,0.000000,0.000000
1778448598.892803,sequential_ik_elbow_then_wrist,1,0,-0.083835,0.239167,0.160532,-0.167690,0.441613,0.365432,-0.191001,-0.193302,0.127093,-0.420596,-0.296230,0.290471,0.000074,0.000547,0.006566,0.023335,0.000799,0.017392,0.021383,0.131738,0.000000,0.000000,0.000000,0.191676,0.457481,-0.081119,0.124114,-0.380399,0.400327,0.087981,0.223648,0.000000,0.000000,0.000000,0.000000,0.000000,0.000000
1778448599.010345,sequential_ik_elbow_then_wrist,1,0,-0.088745,0.231424,0.169018,-0.174281,0.428100,0.378785,-0.187315,-0.192506,0.133621,-0.409809,-0.297021,0.305590,0.000052,0.000324,0.005440,0.018007,0.000056,0.009607,0.005647,0.098013,0.000000,0.000000,0.000000,0.229113,0.489005,-0.061650,0.141695,-0.469303,0.414569,0.066865,0.214553,0.000000,0.000000,0.000000,0.000000,0.000000,0.000000
1778448599.077841,sequential_ik_elbow_then_wrist,1,0,-0.093199,0.226715,0.172958,-0.178437,0.418949,0.386921,-0.175196,-0.194689,0.146296,-0.385368,-0.301791,0.331653,0.000028,0.000162,0.004142,0.012729,0.000030,0.006831,0.003722,0.082623,0.000000,0.000000,0.000000,0.264055,0.517732,-0.046854,0.153976,-0.533891,0.434600,0.050818,0.212489,0.000000,0.000000,0.000000,0.000000,0.000000,0.000000
1778448599.149087,sequential_ik_elbow_then_wrist,1,0,-0.093841,0.220408,0.180593,-0.182850,0.406999,0.397990,-0.164635,-0.195097,0.157584,-0.360043,-0.303503,0.357743,0.000024,0.000183,0.003578,0.013489,0.000049,0.005520,0.004921,0.074263,0.000000,0.000000,0.000000,0.294775,0.546474,-0.035609,0.161310,-0.576954,0.460021,0.038621,0.216068,0.000000,0.000000,0.000000,0.000000,0.000000,0.000000
1778448599.259117,sequential_ik_elbow_then_wrist,1,0,-0.089785,0.209878,0.194653,-0.176630,0.389224,0.418914,-0.077029,-0.213572,0.196095,-0.203847,-0.339087,0.437266,0.000052,0.000133,0.004840,0.011469,0.001916,0.000447,0.035145,0.020092,0.000000,0.000000,0.000000,0.319861,0.581011,-0.027063,0.164198,-0.556889,0.512988,0.029352,0.234496,0.000000,0.000000,0.000000,0.000000,0.000000,0.000000
1778448599.314165,sequential_ik_elbow_then_wrist,1,0,-0.090496,0.199420,0.205042,-0.175884,0.374711,0.433037,-0.098925,-0.209531,0.190553,-0.260874,-0.322469,0.416424,0.000050,0.000115,0.004961,0.010385,0.000034,0.008321,0.004910,0.091099,0.000000,0.000000,0.000000,0.342550,0.618770,-0.020568,0.160071,-0.534160,0.554677,0.022308,0.237294,0.000000,0.000000,0.000000,0.000000,0.000000,0.000000
1778448599.387264,sequential_ik_elbow_then_wrist,1,0,-0.098425,0.180271,0.218666,-0.175909,0.345662,0.456662,-0.116870,-0.196179,0.194564,-0.306458,-0.293400,0.405762,0.000155,0.000022,0.009899,0.004591,0.000073,0.016451,0.007181,0.128153,0.000000,0.000000,0.000000,0.370538,0.662099,-0.015632,0.154651,-0.527478,0.589962,0.016954,0.226846,0.000000,0.000000,0.000000,0.000000,0.000000,0.000000
1778448599.432541,sequential_ik_elbow_then_wrist,1,0,-0.102444,0.171963,0.223459,-0.178535,0.334622,0.463776,-0.182691,-0.168437,0.168086,-0.409728,-0.240727,0.350372,0.000094,0.000019,0.008282,0.003688,0.001402,0.025140,0.030695,0.158322,0.000000,0.000000,0.000000,0.401199,0.702740,-0.011880,0.144998,-0.570521,0.598498,0.012885,0.198279,0.000000,0.000000,0.000000,0.000000,0.000000,0.000000
1778448599.477608,sequential_ik_elbow_then_wrist,1,0,-0.100031,0.147293,0.241451,-0.171651,0.295185,0.492446,-0.168841,-0.167044,0.183274,-0.366408,-0.233767,0.398947,0.000231,0.000026,0.012132,0.005042,0.000096,0.011442,0.007926,0.106627,0.000000,0.000000,0.000000,0.434833,0.753065,-0.009029,0.135766,-0.615659,0.610948,0.009793,0.197105,0.000000,0.000000,0.000000,0.000000,0.000000,0.000000
1778448599.567348,sequential_ik_elbow_then_wrist,1,0,-0.099798,0.138342,0.246783,-0.164711,0.280032,0.503123,-0.083592,-0.167887,0.234150,-0.174017,-0.237969,0.511480,0.000115,0.000202,0.009269,0.014140,0.001668,0.000498,0.032799,0.015229,0.000000,0.000000,0.000000,0.468470,0.801381,-0.006862,0.125126,-0.615075,0.667267,0.007442,0.235356,0.000000,0.000000,0.000000,0.000000,0.000000,0.000000
1778448599.660413,sequential_ik_elbow_then_wrist,1,0,-0.094064,0.135448,0.250611,-0.157971,0.274004,0.508909,-0.073458,-0.165478,0.239209,-0.158690,-0.229111,0.519720,0.000025,0.000417,0.004039,0.020344,0.000530,0.000486,0.020404,0.022033,0.000000,0.000000,0.000000,0.496947,0.844496,-0.005215,0.112930,-0.593931,0.725178,0.005656,0.262049,0.000000,0.000000,0.000000,0.000000,0.000000,0.000000
1778448599.721379,sequential_ik_elbow_then_wrist,1,0,-0.091516,0.131277,0.253754,-0.148460,0.265245,0.516071,-0.067737,-0.164666,0.241448,-0.153649,-0.212324,0.524904,0.000013,0.000662,0.002894,0.025736,0.000239,0.001710,0.014166,0.041322,0.000000,0.000000,0.000000,0.520466,0.882295,-0.003963,0.104033,-0.564009,0.774568,0.004299,0.285989,0.000000,0.000000,0.000000,0.000000,0.000000,0.000000
1778448599.830323,sequential_ik_elbow_then_wrist,1,0,-0.090812,0.127037,0.256154,-0.143052,0.254593,0.522613,-0.061365,-0.165231,0.242762,-0.141717,-0.200451,0.529646,0.000013,0.000722,0.003003,0.026850,0.000162,0.002276,0.011773,0.047571,0.000000,0.000000,0.000000,0.540473,0.914988,-0.003012,0.099757,-0.529997,0.814586,0.003267,0.312938,0.000000,0.000000,0.000000,0.000000,0.000000,0.000000
1778448599.912714,sequential_ik_elbow_then_wrist,1,0,-0.076740,0.125269,0.261570,-0.120107,0.253866,0.529118,-0.060769,-0.162785,0.244557,-0.141961,-0.174526,0.533122,0.000050,0.001645,0.006100,0.040547,0.000054,0.004185,0.006765,0.064404,0.000000,0.000000,0.000000,0.551542,0.947410,-0.002289,0.094314,-0.497828,0.847270,0.002483,0.348014,0.000000,0.000000,0.000000,0.000000,0.000000,0.000000
1778448599.949593,sequential_ik_elbow_then_wrist,1,0,-0.073226,0.118365,0.265759,-0.114324,0.237693,0.537920,-0.062379,-0.156694,0.248105,-0.146230,-0.157708,0.536146,0.000027,0.001150,0.004151,0.033907,0.000009,0.005791,0.002364,0.076050,0.000000,0.000000,0.000000,0.557678,0.979160,-0.001740,0.090195,-0.471780,0.876376,0.001887,0.381056,0.000000,0.000000,0.000000,0.000000,0.000000,0.000000
1778448600.027359,sequential_ik_elbow_then_wrist,1,0,-0.073914,0.094178,0.275077,-0.111315,0.179142,0.560352,-0.056830,-0.140886,0.258692,-0.100068,-0.112058,0.554157,0.000140,0.000116,0.009807,0.009704,0.000055,0.002665,0.004928,0.050913,0.000000,0.000000,0.000000,0.567326,1.018390,-0.001322,0.098200,-0.451501,0.911685,0.001434,0.426684,0.000000,0.000000,0.000000,0.000000,0.000000,0.000000
1778448600.100306,sequential_ik_elbow_then_wrist,1,0,-0.077205,0.071645,0.280903,-0.115814,0.132168,0.572187,-0.057496,-0.129834,0.264268,-0.098864,-0.076872,0.556644,0.000445,0.000202,0.019826,0.014116,0.000041,0.003833,0.004735,0.061756,0.000000,0.000000,0.000000,0.584665,1.062218,-0.001005,0.108356,-0.438250,0.948581,0.001090,0.471839,0.000000,0.000000,0.000000,0.000000,0.000000,0.000000
1778448600.178411,sequential_ik_elbow_then_wrist,1,0,-0.089342,0.056322,0.280795,-0.128855,0.083406,0.576946,-0.076051,-0.112004,0.267715,-0.120163,-0.045211,0.556839,0.001061,0.002020,0.031900,0.044710,0.000431,0.007864,0.019747,0.088679,0.000000,0.000000,0.000000,0.612866,1.100625,-0.000764,0.126947,-0.441423,0.984485,0.000828,0.507389,0.000000,0.000000,0.000000,0.000000,0.000000,0.000000
1778448600.225359,sequential_ik_elbow_then_wrist,1,0,-0.101507,0.051008,0.277659,-0.138983,0.065298,0.574966,-0.082262,-0.105207,0.268634,-0.123049,-0.025728,0.555025,0.001419,0.002906,0.036933,0.053768,0.000466,0.009125,0.020812,0.095521,0.000000,0.000000,0.000000,0.651834,1.126533,-0.000580,0.150229,-0.457246,1.014977,0.000630,0.537115,0.000000,0.000000,0.000000,0.000000,0.000000,0.000000
1778448600.345318,sequential_ik_elbow_then_wrist,1,0,-0.113238,0.044336,0.274247,-0.154139,0.048235,0.571420,-0.096560,-0.101343,0.265341,-0.111044,-0.015374,0.552394,0.001715,0.004129,0.040468,0.064181,0.000711,0.007266,0.025692,0.085119,0.000000,0.000000,0.000000,0.701865,1.140643,-0.000441,0.175534,-0.486048,1.034954,0.000478,0.570564,0.000000,0.000000,0.000000,0.000000,0.000000,0.000000
1778448600.371547,sequential_ik_elbow_then_wrist,1,0,-0.123374,0.043319,0.270004,-0.170390,0.042327,0.566296,-0.104579,-0.098734,0.263277,-0.120194,-0.011913,0.550014,0.001478,0.004294,0.037306,0.065492,0.000635,0.007975,0.024211,0.089293,0.000000,0.000000,0.000000,0.760522,1.142907,-0.000335,0.199875,-0.524351,1.046497,0.000364,0.598666,0.000000,0.000000,0.000000,0.000000,0.000000,0.000000
1778448600.445009,sequential_ik_elbow_then_wrist,1,0,-0.125493,0.044156,0.268890,-0.170816,0.039194,0.565405,-0.104961,-0.097082,0.263739,-0.121934,-0.011410,0.550745,0.000870,0.003214,0.028555,0.056618,0.000354,0.007489,0.018073,0.086538,0.000000,0.000000,0.000000,0.822137,1.139577,-0.000255,0.225331,-0.565970,1.054404,0.000276,0.618498,0.000000,0.000000,0.000000,0.000000,0.000000,0.000000
1778448600.531763,sequential_ik_elbow_then_wrist,1,0,-0.128840,0.043690,0.267379,-0.174878,0.036407,0.563736,-0.108374,-0.093717,0.263576,-0.138949,-0.008041,0.549451,0.000555,0.002602,0.022735,0.050982,0.000284,0.009507,0.016175,0.097453,0.000000,0.000000,0.000000,0.883230,1.133011,-0.000194,0.248943,-0.608877,1.059844,0.000210,0.626035,0.000000,0.000000,0.000000,0.000000,0.000000,0.000000
1778448600.594902,sequential_ik_elbow_then_wrist,1,0,-0.139674,0.043351,0.261939,-0.192909,0.034938,0.557058,-0.113469,-0.092369,0.261902,-0.174322,-0.009426,0.543713,0.000453,0.002521,0.020225,0.050202,0.000233,0.013962,0.014597,0.117947,0.000000,0.000000,0.000000,0.943241,1.119614,-0.000147,0.268638,-0.651847,1.061578,0.000160,0.614656,0.000000,0.000000,0.000000,0.000000,0.000000,0.000000
1778448600.639101,sequential_ik_elbow_then_wrist,1,0,-0.143499,0.045146,0.259557,-0.193957,0.039283,0.555225,-0.118790,-0.093581,0.259097,-0.197992,-0.012790,0.536946,0.000215,0.001501,0.013872,0.038677,0.000162,0.016223,0.012040,0.127247,0.000000,0.000000,0.000000,0.998823,1.104018,-0.000112,0.289177,-0.693322,1.058681,0.000121,0.592639,0.000000,0.000000,0.000000,0.000000,0.000000,0.000000
1778448600.700469,sequential_ik_elbow_then_wrist,1,0,-0.145125,0.047393,0.258249,-0.194722,0.044880,0.554110,-0.121287,-0.095194,0.257347,-0.201341,-0.016676,0.535603,0.000078,0.000820,0.008366,0.028604,0.000080,0.014939,0.008431,0.122214,0.000000,0.000000,0.000000,1.047326,1.089044,-0.000085,0.308364,-0.731232,1.053220,0.000092,0.571887,0.000000,0.000000,0.000000,0.000000,0.000000,0.000000
1778448600.757476,sequential_ik_elbow_then_wrist,1,0,-0.146126,0.048677,0.257444,-0.195512,0.047475,0.553349,-0.121424,-0.096413,0.256828,-0.199777,-0.020552,0.536302,0.000028,0.000541,0.005022,0.023244,0.000028,0.013313,0.005022,0.115383,0.000000,0.000000,0.000000,1.088033,1.075875,-0.000065,0.325085,-0.763943,1.047597,0.000070,0.555182,0.000000,0.000000,0.000000,0.000000,0.000000,0.000000
1778448600.819938,sequential_ik_elbow_then_wrist,1,0,-0.142460,0.051164,0.259012,-0.191492,0.050450,0.554977,-0.115261,-0.096953,0.259452,-0.177070,-0.020878,0.542987,0.000002,0.000340,0.001066,0.018452,0.000003,0.009951,0.001107,0.099714,0.000000,0.000000,0.000000,1.119680,1.067302,-0.000049,0.337929,-0.789111,1.046107,0.000053,0.549236,0.000000,0.000000,0.000000,0.000000,0.000000,0.000000
1778448600.882293,sequential_ik_elbow_then_wrist,1,0,-0.136660,0.054592,0.261426,-0.183373,0.055601,0.557765,-0.113595,-0.095785,0.260617,-0.170827,-0.020957,0.545442,0.000013,0.000158,0.003190,0.012577,0.000001,0.009100,0.000785,0.095389,0.000000,0.000000,0.000000,1.141534,1.064127,-0.000037,0.346634,-0.808348,1.047054,0.000040,0.546309,0.000000,0.000000,0.000000,0.000000,0.000000,0.000000
1778448600.922804,sequential_ik_elbow_then_wrist,1,0,-0.134226,0.055698,0.262452,-0.172618,0.056883,0.559983,-0.109576,-0.096551,0.262052,-0.164598,-0.022923,0.547624,0.000014,0.000091,0.003440,0.009487,0.000006,0.008226,0.002259,0.090697,0.000000,0.000000,0.000000,1.155698,1.063784,-0.000028,0.356066,-0.821428,1.050062,0.000031,0.543721,0.000000,0.000000,0.000000,0.000000,0.000000,0.000000
1778448600.996560,sequential_ik_elbow_then_wrist,1,0,-0.132294,0.057082,0.263135,-0.170239,0.058456,0.560722,-0.103942,-0.096823,0.264237,-0.159181,-0.023155,0.549757,0.000016,0.000083,0.003768,0.009115,0.000023,0.007867,0.004375,0.088691,0.000000,0.000000,0.000000,1.163782,1.064876,-0.000022,0.362969,-0.828381,1.055712,0.000023,0.539973,0.000000,0.000000,0.000000,0.000000,0.000000,0.000000
1778448601.056896,sequential_ik_elbow_then_wrist,1,0,-0.125924,0.057773,0.266093,-0.161842,0.059633,0.563929,-0.102021,-0.096805,0.264991,-0.152373,-0.023754,0.551572,0.000031,0.000054,0.005063,0.007320,0.000017,0.007243,0.003924,0.085106,0.000000,0.000000,0.000000,1.166587,1.069914,-0.000016,0.366673,-0.830969,1.061758,0.000018,0.537726,0.000000,0.000000,0.000000,0.000000,0.000000,0.000000
1778448601.117245,sequential_ik_elbow_then_wrist,1,0,-0.125982,0.057631,0.266096,-0.167433,0.059145,0.563215,-0.100361,-0.096732,0.265651,-0.154099,-0.024330,0.551781,0.000012,0.000141,0.003372,0.011712,0.000014,0.007608,0.003553,0.087219,0.000000,0.000000,0.000000,1.166441,1.074681,-0.000012,0.364683,-0.830518,1.067619,0.000014,0.533805,0.000000,0.000000,0.000000,0.000000,0.000000,0.000000
1778448601.155813,sequential_ik_elbow_then_wrist,1,0,-0.125653,0.058049,0.266161,-0.168315,0.060253,0.563104,-0.100146,-0.096100,0.265962,-0.155567,-0.023890,0.551819,0.000008,0.000153,0.002786,0.012339,0.000006,0.007996,0.002312,0.089418,0.000000,0.000000,0.000000,1.164448,1.078595,-0.000009,0.360932,-0.828613,1.072759,0.000010,0.529163,0.000000,0.000000,0.000000,0.000000,0.000000,0.000000
1778448601.203105,sequential_ik_elbow_then_wrist,1,0,-0.125049,0.058703,0.266302,-0.167624,0.061391,0.563253,-0.100547,-0.095985,0.265852,-0.156573,-0.023602,0.551547,0.000007,0.000151,0.002613,0.012302,0.000002,0.008254,0.001394,0.090852,0.000000,0.000000,0.000000,1.161173,1.081823,-0.000007,0.357371,-0.826219,1.076667,0.000008,0.525121,0.000000,0.000000,0.000000,0.000000,0.000000,0.000000
1778448601.245028,sequential_ik_elbow_then_wrist,1,0,-0.126007,0.058566,0.265880,-0.172073,0.060697,0.562315,-0.100710,-0.096289,0.265680,-0.157379,-0.023436,0.551129,0.000003,0.000242,0.001519,0.015536,0.000001,0.008456,0.001082,0.091955,0.000000,0.000000,0.000000,1.157665,1.083760,-0.000005,0.352919,-0.823665,1.079407,0.000006,0.522142,0.000000,0.000000,0.000000,0.000000,0.000000,0.000000
1778448601.338401,sequential_ik_elbow_then_wrist,1,0,-0.124345,0.059575,0.266438,-0.166216,0.061509,0.563495,-0.097850,-0.096211,0.266775,-0.151435,-0.022945,0.552713,0.000006,0.000183,0.002254,0.013497,0.000006,0.007903,0.002217,0.088896,0.000000,0.000000,0.000000,1.153488,1.085866,-0.000004,0.351416,-0.820275,1.082911,0.000005,0.521110,0.000000,0.000000,0.000000,0.000000,0.000000,0.000000
1778448601.386764,sequential_ik_elbow_then_wrist,1,0,-0.125387,0.059445,0.265978,-0.167347,0.061160,0.563024,-0.095414,-0.096399,0.267588,-0.146629,-0.022977,0.553920,0.000002,0.000222,0.001228,0.014881,0.000010,0.007479,0.002936,0.086478,0.000000,0.000000,0.000000,1.149494,1.086988,-0.000003,0.350867,-0.815785,1.087013,0.000003,0.521129,0.000000,0.000000,0.000000,0.000000,0.000000,0.000000
1778448601.464884,sequential_ik_elbow_then_wrist,1,0,-0.126709,0.059591,0.265318,-0.170438,0.060264,0.562113,-0.096731,-0.096416,0.267109,-0.150852,-0.023292,0.552982,0.000001,0.000299,0.000675,0.017287,0.000002,0.008060,0.001448,0.089778,0.000000,0.000000,0.000000,1.146072,1.086852,-0.000002,0.350517,-0.811418,1.089791,0.000003,0.520006,0.000000,0.000000,0.000000,0.000000,0.000000,0.000000
1778448601.516199,sequential_ik_elbow_then_wrist,1,0,-0.126932,0.059565,0.265217,-0.170463,0.060415,0.562041,-0.100265,-0.096560,0.265750,-0.156595,-0.022919,0.551064,0.000000,0.000300,0.000347,0.017322,0.000002,0.008819,0.000970,0.093909,0.000000,0.000000,0.000000,1.143252,1.086388,-0.000002,0.350758,-0.808545,1.089997,0.000002,0.519135,0.000000,0.000000,0.000000,0.000000,0.000000,0.000000
1778448601.590445,sequential_ik_elbow_then_wrist,1,0,-0.128516,0.058331,0.264728,-0.173879,0.058427,0.561279,-0.108376,-0.097712,0.262120,-0.177201,-0.024881,0.544890,0.000001,0.000401,0.001078,0.020023,0.000024,0.011161,0.004296,0.105637,0.000000,0.000000,0.000000,1.141828,1.085313,-0.000001,0.350654,-0.809068,1.085040,0.000002,0.514884,0.000000,0.000000,0.000000,0.000000,0.000000,0.000000
1778448601.602222,sequential_ik_elbow_then_wrist,1,0,-0.127200,0.059234,0.265163,-0.170908,0.059527,0.561962,-0.106786,-0.097548,0.262833,-0.171270,-0.024089,0.546462,0.000000,0.000320,0.000278,0.017895,0.000004,0.010211,0.002010,0.101044,0.000000,0.000000,0.000000,1.140585,1.084899,-0.000001,0.351343,-0.810900,1.080984,0.000001,0.513930,0.000000,0.000000,0.000000,0.000000,0.000000,0.000000
1778448601.643194,sequential_ik_elbow_then_wrist,1,0,-0.125508,0.059882,0.265823,-0.169711,0.062626,0.562536,-0.104777,-0.098955,0.263116,-0.168131,-0.025206,0.546924,0.000002,0.000230,0.001156,0.015145,0.000000,0.009640,0.000296,0.098181,0.000000,0.000000,0.000000,1.138890,1.085555,-0.000001,0.350522,-0.812095,1.078189,0.000001,0.514361,0.000000,0.000000,0.000000,0.000000,0.000000,0.000000
1778448601.701601,sequential_ik_elbow_then_wrist,1,0,-0.125871,0.060821,0.265438,-0.170036,0.064077,0.562151,-0.104725,-0.099498,0.262931,-0.168133,-0.025126,0.546565,0.000002,0.000214,0.001289,0.014627,0.000000,0.009699,0.000498,0.098483,0.000000,0.000000,0.000000,1.136725,1.085765,-0.000001,0.349470,-0.812650,1.075894,0.000001,0.515346,0.000000,0.000000,0.000000,0.000000,0.000000,0.000000
1778448601.762365,sequential_ik_elbow_then_wrist,1,0,-0.126006,0.060666,0.265409,-0.170699,0.064035,0.562043,-0.102478,-0.099951,0.263644,-0.165111,-0.025094,0.547322,0.000001,0.000236,0.000779,0.015350,0.000003,0.009425,0.001694,0.097081,0.000000,0.000000,0.000000,1.134548,1.085818,-0.000000,0.348389,-0.811893,1.075034,0.000001,0.516681,0.000000,0.000000,0.000000,0.000000,0.000000,0.000000
1778448601.813617,sequential_ik_elbow_then_wrist,1,0,-0.127189,0.061717,0.264602,-0.172151,0.064965,0.561195,-0.102050,-0.099982,0.263798,-0.164281,-0.024903,0.547506,0.000001,0.000243,0.000957,0.015594,0.000002,0.009450,0.001402,0.097209,0.000000,0.000000,0.000000,1.132295,1.084771,-0.000000,0.348039,-0.810333,1.074780,0.000000,0.517975,0.000000,0.000000,0.000000,0.000000,0.000000,0.000000
1778448601.862620,sequential_ik_elbow_then_wrist,1,0,-0.129431,0.061260,0.263619,-0.176085,0.064315,0.559953,-0.106679,-0.100178,0.261886,-0.176957,-0.025482,0.543810,0.000001,0.000313,0.000672,0.017682,0.000003,0.011103,0.001455,0.105363,0.000000,0.000000,0.000000,1.130835,1.082446,-0.000000,0.348046,-0.809982,1.072230,0.000000,0.516128,0.000000,0.000000,0.000000,0.000000,0.000000,0.000000
1778448601.924956,sequential_ik_elbow_then_wrist,1,0,-0.129832,0.060119,0.263684,-0.176738,0.063633,0.559974,-0.107054,-0.100930,0.261443,-0.176366,-0.024977,0.543271,0.000001,0.000323,0.001106,0.017968,0.000001,0.011032,0.000731,0.105030,0.000000,0.000000,0.000000,1.130502,1.080417,-0.000000,0.348293,-0.810157,1.069192,0.000000,0.516017,0.000000,0.000000,0.000000,0.000000,0.000000,0.000000
1778448601.987148,sequential_ik_elbow_then_wrist,1,0,-0.129320,0.059264,0.264129,-0.176252,0.063753,0.560401,-0.106783,-0.100794,0.261606,-0.173885,-0.023504,0.543606,0.000002,0.000289,0.001184,0.017011,0.000000,0.010854,0.000359,0.104179,0.000000,0.000000,0.000000,1.131069,1.079392,-0.000000,0.347996,-0.810552,1.066836,0.000000,0.518053,0.000000,0.000000,0.000000,0.000000,0.000000,0.000000
1778448602.044107,sequential_ik_elbow_then_wrist,1,0,-0.124931,0.059011,0.266289,-0.168068,0.065619,0.563098,-0.105515,-0.100851,0.262099,-0.163838,-0.021447,0.545460,0.000003,0.000144,0.001149,0.012017,0.000000,0.009750,0.000447,0.098715,0.000000,0.000000,0.000000,1.131272,1.081579,-0.000000,0.347508,-0.810572,1.065657,0.000000,0.524870,0.000000,0.000000,0.000000,0.000000,0.000000,0.000000
1778448602.087789,sequential_ik_elbow_then_wrist,1,0,-0.122598,0.059680,0.267223,-0.164754,0.067252,0.564150,-0.102815,-0.100694,0.263230,-0.153543,-0.019957,0.547673,0.000003,0.000097,0.001572,0.009836,0.000003,0.008663,0.001602,0.093058,0.000000,0.000000,0.000000,1.130491,1.085185,-0.000000,0.345680,-0.809518,1.066351,0.000000,0.534653,0.000000,0.000000,0.000000,0.000000,0.000000,0.000000
1778448602.157646,sequential_ik_elbow_then_wrist,1,0,-0.117000,0.060147,0.269617,-0.156370,0.070714,0.566835,-0.095894,-0.101721,0.265437,-0.143417,-0.020375,0.550261,0.000015,0.000022,0.003411,0.004611,0.000030,0.007629,0.005140,0.087344,0.000000,0.000000,0.000000,1.127885,1.091698,-0.000000,0.342258,-0.805235,1.070179,0.000000,0.543598,0.000000,0.000000,0.000000,0.000000,0.000000,0.000000
1778448602.234559,sequential_ik_elbow_then_wrist,1,0,-0.111405,0.061118,0.271760,-0.150854,0.074808,0.568840,-0.089876,-0.101876,0.267476,-0.135036,-0.021233,0.552884,0.000030,0.000006,0.005057,0.001697,0.000053,0.006865,0.006888,0.082854,0.000000,0.000000,0.000000,1.122908,1.100616,-0.000000,0.335314,-0.797436,1.076636,0.000000,0.549898,0.000000,0.000000,0.000000,0.000000,0.000000,0.000000
1778448602.300992,sequential_ik_elbow_then_wrist,1,0,-0.106840,0.062476,0.273280,-0.144892,0.079955,0.570343,-0.087495,-0.101682,0.268338,-0.131890,-0.020477,0.553706,0.000044,0.000022,0.006306,0.004408,0.000041,0.006874,0.006147,0.082911,0.000000,0.000000,0.000000,1.115434,1.110588,-0.000000,0.326158,-0.787512,1.083517,0.000000,0.554280,0.000000,0.000000,0.000000,0.000000,0.000000,0.000000
1778448602.379021,sequential_ik_elbow_then_wrist,1,0,-0.103443,0.063365,0.274380,-0.141421,0.087220,0.571009,-0.086152,-0.102288,0.268542,-0.131575,-0.023045,0.554300,0.000048,0.000099,0.006680,0.009728,0.000033,0.006806,0.005520,0.082499,0.000000,0.000000,0.000000,1.105927,1.120575,-0.000000,0.314454,-0.776401,1.089462,0.000000,0.556161,0.000000,0.000000,0.000000,0.000000,0.000000,0.000000
1778448602.455043,sequential_ik_elbow_then_wrist,1,0,-0.101553,0.063477,0.275059,-0.140341,0.091879,0.571182,-0.084433,-0.102572,0.268980,-0.130588,-0.026662,0.555524,0.000038,0.000146,0.005971,0.011948,0.000029,0.006518,0.005153,0.080731,0.000000,0.000000,0.000000,1.095339,1.129737,-0.000000,0.301230,-0.764653,1.094741,0.000000,0.555497,0.000000,0.000000,0.000000,0.000000,0.000000,0.000000
1778448602.517789,sequential_ik_elbow_then_wrist,1,0,-0.102112,0.063802,0.274777,-0.145179,0.096582,0.569855,-0.085391,-0.104329,0.268000,-0.134680,-0.031228,0.554752,0.000023,0.000145,0.004646,0.011839,0.000019,0.006732,0.004134,0.082045,0.000000,0.000000,0.000000,1.084677,1.136586,-0.000000,0.286175,-0.753069,1.097547,0.000000,0.552956,0.000000,0.000000,0.000000,0.000000,0.000000,0.000000
1778448602.571032,sequential_ik_elbow_then_wrist,1,0,-0.100497,0.064925,0.275109,-0.145145,0.103341,0.569270,-0.084873,-0.105677,0.267636,-0.133967,-0.034224,0.554836,0.000027,0.000245,0.005023,0.015572,0.000017,0.006510,0.003946,0.080687,0.000000,0.000000,0.000000,1.073757,1.142287,-0.000000,0.270633,-0.741695,1.098901,0.000000,0.551061,0.000000,0.000000,0.000000,0.000000,0.000000,0.000000
1778448602.610409,sequential_ik_elbow_then_wrist,1,0,-0.100228,0.066195,0.274905,-0.145768,0.107124,0.568590,-0.085253,-0.108423,0.266414,-0.139189,-0.038841,0.553205,0.000025,0.000270,0.004883,0.016414,0.000018,0.006901,0.003989,0.083073,0.000000,0.000000,0.000000,1.062719,1.146414,-0.000000,0.256520,-0.730444,1.098098,0.000000,0.548530,0.000000,0.000000,0.000000,0.000000,0.000000,0.000000
1778448602.701631,sequential_ik_elbow_then_wrist,1,0,-0.100020,0.067637,0.274629,-0.146948,0.111631,0.567652,-0.085152,-0.113935,0.264136,-0.141238,-0.044605,0.550576,0.000025,0.000309,0.004854,0.017568,0.000035,0.006885,0.005512,0.082974,0.000000,0.000000,0.000000,1.051597,1.149079,-0.000000,0.243723,-0.718219,1.094090,0.000000,0.548488,0.000000,0.000000,0.000000,0.000000,0.000000,0.000000
1778448602.786075,sequential_ik_elbow_then_wrist,1,0,-0.098833,0.069576,0.274575,-0.144695,0.116461,0.567318,-0.086475,-0.116803,0.262449,-0.146128,-0.048524,0.548420,0.000032,0.000418,0.005547,0.020438,0.000023,0.007394,0.004437,0.085988,0.000000,0.000000,0.000000,1.040008,1.150933,-0.000000,0.233201,-0.705888,1.088069,0.000000,0.550046,0.000000,0.000000,0.000000,0.000000,0.000000,0.000000
1778448602.875245,sequential_ik_elbow_then_wrist,1,0,-0.094163,0.071896,0.275616,-0.134310,0.123722,0.568366,-0.086712,-0.121353,0.260297,-0.149081,-0.053241,0.545728,0.000066,0.000833,0.007878,0.028858,0.000028,0.007644,0.004925,0.087424,0.000000,0.000000,0.000000,1.026819,1.154003,-0.000000,0.225219,-0.693034,1.080117,0.000000,0.553809,0.000000,0.000000,0.000000,0.000000,0.000000,0.000000
1778448602.933809,sequential_ik_elbow_then_wrist,1,0,-0.091961,0.072991,0.276072,-0.131962,0.129528,0.567968,-0.086006,-0.125293,0.258659,-0.148713,-0.056233,0.543788,0.000066,0.001009,0.007884,0.031739,0.000032,0.007666,0.005326,0.087539,0.000000,0.000000,0.000000,1.012469,1.157433,-0.000000,0.216291,-0.679327,1.071297,0.000000,0.560842,0.000000,0.000000,0.000000,0.000000,0.000000,0.000000
1778448603.013167,sequential_ik_elbow_then_wrist,1,0,-0.091350,0.073345,0.276181,-0.131929,0.134899,0.566980,-0.084759,-0.128362,0.257564,-0.147853,-0.060161,0.542814,0.000048,0.001115,0.006728,0.033358,0.000033,0.007537,0.005440,0.086807,0.000000,0.000000,0.000000,0.997893,1.160415,-0.000000,0.205992,-0.664758,1.062637,0.000000,0.569254,0.000000,0.000000,0.000000,0.000000,0.000000,0.000000
1778448603.077121,sequential_ik_elbow_then_wrist,1,0,-0.089308,0.074675,0.276492,-0.131427,0.142341,0.565710,-0.083452,-0.131479,0.256416,-0.148867,-0.063879,0.541287,0.000053,0.001349,0.007129,0.036675,0.000034,0.007741,0.005520,0.087981,0.000000,0.000000,0.000000,0.982953,1.163278,-0.000000,0.193532,-0.649388,1.054236,0.000000,0.577692,0.000000,0.000000,0.000000,0.000000,0.000000,0.000000
1778448603.153998,sequential_ik_elbow_then_wrist,1,0,-0.085321,0.076975,0.277120,-0.127275,0.150898,0.564826,-0.081806,-0.133995,0.255642,-0.147583,-0.068583,0.540940,0.000086,0.001781,0.009046,0.042158,0.000033,0.007518,0.005455,0.086702,0.000000,0.000000,0.000000,0.966763,1.166686,-0.000000,0.179395,-0.633384,1.046518,0.000000,0.585453,0.000000,0.000000,0.000000,0.000000,0.000000,0.000000
1778448603.228489,sequential_ik_elbow_then_wrist,1,0,-0.081757,0.080785,0.277110,-0.123211,0.161356,0.563099,-0.081040,-0.137105,0.254234,-0.149729,-0.073788,0.539318,0.000135,0.002308,0.011362,0.048000,0.000030,0.007767,0.005117,0.088132,0.000000,0.000000,0.000000,0.948430,1.169680,-0.000000,0.164029,-0.617121,1.038689,0.000000,0.591918,0.000000,0.000000,0.000000,0.000000,0.000000,0.000000
1778448603.298329,sequential_ik_elbow_then_wrist,1,0,-0.078807,0.085027,0.276695,-0.119230,0.173779,0.560401,-0.078491,-0.139086,0.253957,-0.146596,-0.075565,0.539135,0.000182,0.002949,0.013166,0.054269,0.000032,0.007581,0.005369,0.087062,0.000000,0.000000,0.000000,0.927495,1.171510,-0.000000,0.147695,-0.600375,1.031976,0.000000,0.599154,0.000000,0.000000,0.000000,0.000000,0.000000,0.000000
1778448603.379367,sequential_ik_elbow_then_wrist,1,0,-0.076218,0.096801,0.273533,-0.119391,0.194265,0.553956,-0.074551,-0.143715,0.252563,-0.146670,-0.088599,0.538502,0.000371,0.003647,0.018686,0.060353,0.000058,0.007073,0.007175,0.084093,0.000000,0.000000,0.000000,0.901295,1.168358,-0.000000,0.130359,-0.581720,1.025144,0.000000,0.601823,0.000000,0.000000,0.000000,0.000000,0.000000,0.000000
1778448603.432928,sequential_ik_elbow_then_wrist,1,0,-0.074602,0.104374,0.271184,-0.117506,0.211258,0.548195,-0.072949,-0.150002,0.249355,-0.152707,-0.103915,0.534862,0.000401,0.003992,0.019387,0.063169,0.000066,0.007428,0.007477,0.086171,0.000000,0.000000,0.000000,0.870122,1.161507,-0.000000,0.113837,-0.561270,1.015946,0.000000,0.599885,0.000000,0.000000,0.000000,0.000000,0.000000,0.000000
1778448603.510766,sequential_ik_elbow_then_wrist,1,0,-0.073535,0.114858,0.267208,-0.118161,0.228566,0.541214,-0.073269,-0.153252,0.247276,-0.161842,-0.113704,0.531161,0.000454,0.003801,0.020467,0.061651,0.000035,0.008670,0.005421,0.093101,0.000000,0.000000,0.000000,0.833764,1.149775,-0.000000,0.099465,-0.541055,1.005696,0.000000,0.594909,0.000000,0.000000,0.000000,0.000000,0.000000,0.000000
1778448603.571571,sequential_ik_elbow_then_wrist,1,0,-0.069461,0.124121,0.264138,-0.119758,0.242027,0.535373,-0.070138,-0.156850,0.245924,-0.164446,-0.125674,0.529004,0.000496,0.002895,0.021354,0.053802,0.000041,0.008858,0.005955,0.094104,0.000000,0.000000,0.000000,0.792016,1.135350,-0.000000,0.086749,-0.520355,0.995710,0.000000,0.587079,0.000000,0.000000,0.000000,0.000000,0.000000,0.000000
1778448603.652950,sequential_ik_elbow_then_wrist,1,0,-0.066862,0.129880,0.262032,-0.136126,0.245986,0.529841,-0.067042,-0.161166,0.243989,-0.166920,-0.138589,0.525973,0.000393,0.000784,0.018963,0.027955,0.000048,0.009133,0.006398,0.095554,0.000000,0.000000,0.000000,0.747102,1.120170,-0.000000,0.073247,-0.498770,0.985561,0.000000,0.577007,0.000000,0.000000,0.000000,0.000000,0.000000,0.000000
1778448603.718385,sequential_ik_elbow_then_wrist,1,0,-0.067973,0.132859,0.260246,-0.142312,0.249829,0.526313,-0.078540,-0.163025,0.239279,-0.201314,-0.146593,0.512512,0.000205,0.000175,0.013636,0.013229,0.000014,0.015081,0.002836,0.122756,0.000000,0.000000,0.000000,0.703110,1.105005,-0.000000,0.062626,-0.484242,0.972281,0.000000,0.561004,0.000000,0.000000,0.000000,0.000000,0.000000,0.000000
1778448603.777717,sequential_ik_elbow_then_wrist,1,0,-0.069969,0.133499,0.259388,-0.150255,0.252936,0.522616,-0.090673,-0.164161,0.234157,-0.234922,-0.157128,0.497107,0.000077,0.000001,0.008359,0.000846,0.000069,0.020341,0.007335,0.142523,0.000000,0.000000,0.000000,0.663468,1.091316,-0.000000,0.052922,-0.480268,0.955859,0.000000,0.536196,0.000000,0.000000,0.000000,0.000000,0.000000,0.000000
1778448603.843031,sequential_ik_elbow_then_wrist,1,0,-0.070867,0.141145,0.255060,-0.156820,0.262943,0.515401,-0.091012,-0.165832,0.232845,-0.217285,-0.178438,0.504683,0.000074,0.000057,0.007873,0.007531,0.000017,0.012395,0.003697,0.111302,0.000000,0.000000,0.000000,0.627411,1.075195,-0.000000,0.045431,-0.480973,0.940568,0.000000,0.511214,0.000000,0.000000,0.000000,0.000000,0.000000,0.000000
1778448603.905552,sequential_ik_elbow_then_wrist,1,0,-0.071488,0.145424,0.252471,-0.157264,0.270462,0.511330,-0.072031,-0.171665,0.235250,-0.208357,-0.198942,0.501091,0.000045,0.000111,0.006103,0.010525,0.000094,0.011002,0.008857,0.104783,0.000000,0.000000,0.000000,0.595188,1.058585,-0.000000,0.041646,-0.472284,0.930810,0.000000,0.480912,0.000000,0.000000,0.000000,0.000000,0.000000,0.000000
1778448603.946928,sequential_ik_elbow_then_wrist,1,0,-0.071807,0.148176,0.250774,-0.162254,0.276803,0.506263,-0.070327,-0.174909,0.233369,-0.205447,-0.207280,0.499254,0.000024,0.000284,0.004504,0.016837,0.000050,0.011280,0.006480,0.106198,0.000000,0.000000,0.000000,0.567006,1.043007,-0.000000,0.038044,-0.458901,0.921887,0.000000,0.454872,0.000000,0.000000,0.000000,0.000000,0.000000,0.000000
1778448603.995261,sequential_ik_elbow_then_wrist,1,0,-0.080745,0.155239,0.243682,-0.175467,0.278794,0.500123,-0.070899,-0.174775,0.233296,-0.215909,-0.211649,0.493319,0.000022,0.000766,0.003139,0.027539,0.000012,0.014024,0.003214,0.118402,0.000000,0.000000,0.000000,0.545764,1.022722,-0.000000,0.042078,-0.445337,0.914626,0.000000,0.429769,0.000000,0.000000,0.000000,0.000000,0.000000,0.000000
1778448604.052329,sequential_ik_elbow_then_wrist,1,0,-0.081566,0.160071,0.240259,-0.180240,0.286411,0.493837,-0.064393,-0.178592,0.232290,-0.206733,-0.220773,0.492981,0.000010,0.000855,0.002178,0.029209,0.000041,0.012903,0.005819,0.113589,0.000000,0.000000,0.000000,0.528896,1.001800,-0.000000,0.048449,-0.428845,0.908060,0.000000,0.409619,0.000000,0.000000,0.000000,0.000000,0.000000,0.000000
1778448604.099504,sequential_ik_elbow_then_wrist,1,0,-0.085484,0.166061,0.234768,-0.188360,0.298154,0.483702,-0.065730,-0.180765,0.230225,-0.208824,-0.231413,0.488989,0.000014,0.000964,0.002525,0.031046,0.000012,0.013292,0.002995,0.115281,0.000000,0.000000,0.000000,0.516068,0.979092,-0.000000,0.053759,-0.413203,0.900779,0.000000,0.390976,0.000000,0.000000,0.000000,0.000000,0.000000,0.000000
1778448604.159576,sequential_ik_elbow_then_wrist,1,0,-0.093627,0.175415,0.224641,-0.203936,0.314599,0.466426,-0.071284,-0.186229,0.224136,-0.224060,-0.251176,0.474020,0.000042,0.001207,0.004459,0.034741,0.000012,0.015026,0.002342,0.122519,0.000000,0.000000,0.000000,0.508019,0.950563,-0.000000,0.057965,-0.401537,0.888953,0.000000,0.367364,0.000000,0.000000,0.000000,0.000000,0.000000,0.000000
1778448604.217345,sequential_ik_elbow_then_wrist,1,0,-0.096393,0.181215,0.218791,-0.219050,0.326277,0.450981,-0.080264,-0.205574,0.203216,-0.248666,-0.286971,0.437770,0.000020,0.001724,0.003016,0.041512,0.000124,0.017470,0.007411,0.132135,0.000000,0.000000,0.000000,0.502665,0.920938,-0.000000,0.058991,-0.393666,0.860111,0.000000,0.341538,0.000000,0.000000,0.000000,0.000000,0.000000,0.000000
1778448604.260049,sequential_ik_elbow_then_wrist,1,0,-0.092079,0.193234,0.210195,-0.217992,0.350054,0.432801,-0.073397,-0.220187,0.190081,-0.241898,-0.310679,0.421205,0.000049,0.001481,0.005406,0.038465,0.000101,0.016323,0.007274,0.127735,0.000000,0.000000,0.000000,0.493368,0.889050,-0.000000,0.057047,-0.381096,0.822946,0.000000,0.328303,0.000000,0.000000,0.000000,0.000000,0.000000,0.000000
1778448604.308580,sequential_ik_elbow_then_wrist,1,0,-0.089698,0.207120,0.197625,-0.217956,0.377540,0.408592,-0.057834,-0.229260,0.184649,-0.215177,-0.330308,0.419238,0.000090,0.001581,0.007204,0.039752,0.000129,0.013747,0.009313,0.117165,0.000000,0.000000,0.000000,0.478799,0.852115,-0.000000,0.053577,-0.357900,0.787019,0.000000,0.328892,0.000000,0.000000,0.000000,0.000000,0.000000,0.000000
1778448604.404457,sequential_ik_elbow_then_wrist,1,0,-0.070324,0.219706,0.191791,-0.183955,0.403825,0.399609,-0.053793,-0.239869,0.171957,-0.228998,-0.340087,0.393902,0.000208,0.000890,0.012116,0.029800,0.000092,0.021160,0.007263,0.145438,0.000000,0.000000,0.000000,0.450458,0.816599,-0.000000,0.054260,-0.330630,0.748140,0.000000,0.336033,0.000000,0.000000,0.000000,0.000000,0.000000,0.000000
1778448604.487016,sequential_ik_elbow_then_wrist,1,0,-0.064052,0.230611,0.180875,-0.174182,0.422375,0.383601,-0.088877,-0.242653,0.152382,-0.288749,-0.341493,0.353086,0.000135,0.001536,0.009268,0.039156,0.000228,0.030807,0.011326,0.175509,0.000000,0.000000,0.000000,0.415765,0.779185,-0.000000,0.059071,-0.326879,0.701667,0.000000,0.336904,0.000000,0.000000,0.000000,0.000000,0.000000,0.000000
1778448604.568761,sequential_ik_elbow_then_wrist,1,0,-0.066358,0.233680,0.176040,-0.175513,0.429895,0.375000,-0.108722,-0.239114,0.144928,-0.308473,-0.338626,0.345420,0.000022,0.002170,0.003528,0.046556,0.000174,0.025983,0.010082,0.161193,0.000000,0.000000,0.000000,0.385019,0.744542,-0.000000,0.066485,-0.342223,0.657173,0.000000,0.338367,0.000000,0.000000,0.000000,0.000000,0.000000,0.000000
1778448604.627429,sequential_ik_elbow_then_wrist,1,0,-0.068384,0.237448,0.170124,-0.183931,0.434431,0.364665,-0.127442,-0.235998,0.134400,-0.336918,-0.339325,0.322664,0.000011,0.003089,0.002284,0.055569,0.000155,0.023806,0.009320,0.154261,0.000000,0.000000,0.000000,0.360543,0.712313,-0.000000,0.074574,-0.371241,0.613890,0.000000,0.332185,0.000000,0.000000,0.000000,0.000000,0.000000,0.000000
1778448604.701911,sequential_ik_elbow_then_wrist,1,0,-0.071525,0.240219,0.164861,-0.189887,0.437163,0.357742,-0.122747,-0.238610,0.134158,-0.324909,-0.351596,0.324853,0.000009,0.003437,0.002032,0.058606,0.000004,0.017698,0.001331,0.133033,0.000000,0.000000,0.000000,0.342929,0.682554,-0.000000,0.084295,-0.395301,0.578553,0.000000,0.327181,0.000000,0.000000,0.000000,0.000000,0.000000,0.000000
1778448604.780485,sequential_ik_elbow_then_wrist,1,0,-0.068807,0.243250,0.161540,-0.185730,0.443726,0.351641,-0.090343,-0.247805,0.142937,-0.264596,-0.377732,0.349709,0.000006,0.003174,0.001684,0.056334,0.000180,0.010923,0.010196,0.104462,0.000000,0.000000,0.000000,0.327737,0.656293,-0.000000,0.093317,-0.393437,0.557389,0.000000,0.331145,0.000000,0.000000,0.000000,0.000000,0.000000,0.000000
1778448604.821853,sequential_ik_elbow_then_wrist,1,0,-0.067354,0.246993,0.156391,-0.187941,0.447609,0.344038,-0.047799,-0.254183,0.152007,-0.186079,-0.397397,0.376437,0.000009,0.003816,0.002056,0.061770,0.000489,0.006920,0.017102,0.083080,0.000000,0.000000,0.000000,0.314057,0.631754,-0.000000,0.102430,-0.359319,0.549317,0.000000,0.344233,0.000000,0.000000,0.000000,0.000000,0.000000,0.000000
1778448604.901205,sequential_ik_elbow_then_wrist,1,0,-0.071005,0.247529,0.153908,-0.208080,0.445620,0.332712,-0.036807,-0.255462,0.152920,-0.169063,-0.400767,0.379624,0.000003,0.006276,0.001285,0.079217,0.000138,0.009413,0.009177,0.097007,0.000000,0.000000,0.000000,0.305043,0.610267,-0.000000,0.107145,-0.315935,0.545369,0.000000,0.358036,0.000000,0.000000,0.000000,0.000000,0.000000,0.000000
1778448604.943627,sequential_ik_elbow_then_wrist,1,0,-0.068725,0.250673,0.149800,-0.203388,0.450789,0.328180,-0.022909,-0.256417,0.154031,-0.148370,-0.407412,0.380879,0.000005,0.005808,0.001530,0.076207,0.000094,0.010207,0.007605,0.101027,0.000000,0.000000,0.000000,0.296750,0.590347,-0.000000,0.112245,-0.268578,0.543628,0.000000,0.369269,0.000000,0.000000,0.000000,0.000000,0.000000,0.000000
1778448605.015421,sequential_ik_elbow_then_wrist,1,0,-0.069058,0.253031,0.145624,-0.209247,0.456367,0.315922,-0.023470,-0.257504,0.152121,-0.143889,-0.412850,0.378764,0.000005,0.006704,0.001443,0.081871,0.000009,0.010753,0.002391,0.103698,0.000000,0.000000,0.000000,0.289785,0.571427,-0.000000,0.113567,-0.228115,0.541140,0.000000,0.377337,0.000000,0.000000,0.000000,0.000000,0.000000,0.000000
1778448605.095345,sequential_ik_elbow_then_wrist,1,0,-0.070219,0.255353,0.140940,-0.211704,0.461594,0.306610,-0.033022,-0.260100,0.145800,-0.164083,-0.415978,0.366084,0.000005,0.006831,0.001542,0.082646,0.000015,0.013502,0.002831,0.116194,0.000000,0.000000,0.000000,0.284595,0.552892,-0.000000,0.113489,-0.201655,0.534490,0.000000,0.381802,0.000000,0.000000,0.000000,0.000000,0.000000,0.000000
1778448605.154909,sequential_ik_elbow_then_wrist,1,0,-0.067467,0.257965,0.137485,-0.209661,0.469424,0.295809,-0.035142,-0.262957,0.140067,-0.166801,-0.426808,0.354119,0.000005,0.006890,0.001606,0.082996,0.000011,0.012759,0.002269,0.112943,0.000000,0.000000,0.000000,0.278598,0.535451,-0.000000,0.110446,-0.184021,0.524318,0.000000,0.381410,0.000000,0.000000,0.000000,0.000000,0.000000,0.000000
1778448605.204914,sequential_ik_elbow_then_wrist,1,0,-0.059966,0.260607,0.135971,-0.198447,0.479644,0.287119,-0.037992,-0.263086,0.139076,-0.159237,-0.432568,0.354890,0.000014,0.006646,0.002811,0.081501,0.000004,0.009848,0.001431,0.099239,0.000000,0.000000,0.000000,0.268460,0.520387,-0.000000,0.103782,-0.173146,0.514727,0.000000,0.380450,0.000000,0.000000,0.000000,0.000000,0.000000,0.000000
1778448605.279712,sequential_ik_elbow_then_wrist,1,0,-0.059744,0.261812,0.133735,-0.196560,0.483508,0.282505,-0.036688,-0.264770,0.136201,-0.162579,-0.439685,0.344902,0.000003,0.006897,0.001218,0.083043,0.000002,0.010429,0.000903,0.102108,0.000000,0.000000,0.000000,0.258745,0.506972,-0.000000,0.097366,-0.164711,0.505013,0.000000,0.375384,0.000000,0.000000,0.000000,0.000000,0.000000,0.000000
1778448605.347900,sequential_ik_elbow_then_wrist,1,0,-0.062140,0.265420,0.125262,-0.200234,0.488707,0.270428,-0.032919,-0.267163,0.132440,-0.157157,-0.453735,0.331829,0.000012,0.007181,0.002322,0.084738,0.000006,0.009986,0.001710,0.099880,0.000000,0.000000,0.000000,0.251700,0.490529,-0.000000,0.093329,-0.155716,0.494482,0.000000,0.363792,0.000000,0.000000,0.000000,0.000000,0.000000,0.000000
1778448605.409965,sequential_ik_elbow_then_wrist,1,0,-0.063287,0.266431,0.122512,-0.197572,0.493442,0.265458,-0.031238,-0.268560,0.129999,-0.148922,-0.464726,0.324085,0.000004,0.006316,0.001258,0.079473,0.000003,0.008818,0.001280,0.093870,0.000000,0.000000,0.000000,0.246998,0.474740,-0.000000,0.091513,-0.146952,0.484084,0.000000,0.349100,0.000000,0.000000,0.000000,0.000000,0.000000,0.000000
1778448605.493899,sequential_ik_elbow_then_wrist,1,0,-0.065730,0.268003,0.117703,-0.200321,0.496669,0.257692,-0.025984,-0.269729,0.128728,-0.144826,-0.473899,0.313637,0.000006,0.006112,0.001621,0.078177,0.000007,0.009383,0.001930,0.096820,0.000000,0.000000,0.000000,0.244868,0.458749,-0.000000,0.091018,-0.136376,0.474767,0.000000,0.330650,0.000000,0.000000,0.000000,0.000000,0.000000,0.000000
1778448605.550718,sequential_ik_elbow_then_wrist,1,0,-0.065981,0.271514,0.109208,-0.199551,0.503151,0.245236,-0.020713,-0.271420,0.126103,-0.138671,-0.484356,0.301444,0.000013,0.005742,0.002439,0.075775,0.000010,0.009833,0.002271,0.099106,0.000000,0.000000,0.000000,0.243295,0.440022,-0.000000,0.092277,-0.123804,0.465575,0.000000,0.308798,0.000000,0.000000,0.000000,0.000000,0.000000,0.000000
1778448605.621308,sequential_ik_elbow_then_wrist,1,0,-0.059837,0.275615,0.102254,-0.187516,0.510682,0.238054,-0.017893,-0.274958,0.118650,-0.135746,-0.496007,0.283720,0.000018,0.005183,0.002934,0.071962,0.000014,0.010451,0.002540,0.102194,0.000000,0.000000,0.000000,0.237804,0.419704,-0.000000,0.098070,-0.110991,0.453066,0.000000,0.285807,0.000000,0.000000,0.000000,0.000000,0.000000,0.000000
1778448605.674418,sequential_ik_elbow_then_wrist,1,0,-0.059693,0.279079,0.092474,-0.191901,0.512983,0.225928,-0.012693,-0.278594,0.110564,-0.130406,-0.506337,0.266373,0.000020,0.006374,0.002975,0.079802,0.000021,0.011142,0.003139,0.105546,0.000000,0.000000,0.000000,0.231915,0.396487,-0.000000,0.108042,-0.096942,0.436900,0.000000,0.264870,0.000000,0.000000,0.000000,0.000000,0.000000,0.000000
1778448605.717363,sequential_ik_elbow_then_wrist,1,0,-0.059614,0.281422,0.085133,-0.195601,0.512658,0.219436,-0.008386,-0.281995,0.102022,-0.126018,-0.517136,0.246492,0.000013,0.007318,0.002442,0.085485,0.000022,0.011980,0.003175,0.109443,0.000000,0.000000,0.000000,0.226633,0.372320,-0.000000,0.123289,-0.082285,0.417452,0.000000,0.245257,0.000000,0.000000,0.000000,0.000000,0.000000,0.000000
1778448605.773323,sequential_ik_elbow_then_wrist,1,0,-0.058721,0.282581,0.081853,-0.196768,0.512203,0.216822,0.002075,-0.285609,0.091777,-0.114408,-0.525067,0.229949,0.000004,0.007894,0.001385,0.088815,0.000042,0.013172,0.004477,0.114766,0.000000,0.000000,0.000000,0.221720,0.350355,-0.000000,0.140929,-0.063510,0.394363,0.000000,0.231639,0.000000,0.000000,0.000000,0.000000,0.000000,0.000000
1778448605.831241,sequential_ik_elbow_then_wrist,1,0,-0.059191,0.284511,0.074497,-0.198505,0.510572,0.214097,0.003349,-0.288538,0.082064,-0.118149,-0.529981,0.212232,0.000010,0.008370,0.002050,0.091415,0.000023,0.015665,0.003245,0.125159,0.000000,0.000000,0.000000,0.217798,0.328137,-0.000000,0.163140,-0.046442,0.368641,0.000000,0.222990,0.000000,0.000000,0.000000,0.000000,0.000000,0.000000
1778448605.895863,sequential_ik_elbow_then_wrist,1,0,-0.055919,0.286863,0.067695,-0.197553,0.514388,0.202500,0.008604,-0.292640,0.065483,-0.108737,-0.541624,0.184806,0.000011,0.009047,0.002269,0.095107,0.000053,0.015570,0.004873,0.124780,0.000000,0.000000,0.000000,0.212491,0.305668,-0.000000,0.183353,-0.029532,0.336669,0.000000,0.217123,0.000000,0.000000,0.000000,0.000000,0.000000,0.000000
1778448605.986048,sequential_ik_elbow_then_wrist,1,0,-0.059020,0.287256,0.063252,-0.203130,0.514123,0.196532,0.012310,-0.294356,0.056594,-0.105666,-0.545907,0.169748,0.000006,0.009562,0.001595,0.097778,0.000026,0.016741,0.003380,0.129377,0.000000,0.000000,0.000000,0.209720,0.284505,-0.000000,0.201998,-0.013444,0.303924,0.000000,0.216168,0.000000,0.000000,0.000000,0.000000,0.000000,0.000000
1778448606.033741,sequential_ik_elbow_then_wrist,1,0,-0.058348,0.289425,0.053185,-0.202434,0.516401,0.186306,0.013291,-0.296596,0.043058,-0.104819,-0.550347,0.151043,0.000016,0.009527,0.002699,0.097581,0.000034,0.017402,0.003893,0.131902,0.000000,0.000000,0.000000,0.207248,0.261154,-0.000000,0.221678,0.000117,0.268635,0.000000,0.220108,0.000000,0.000000,0.000000,0.000000,0.000000,0.000000
1778448606.092747,sequential_ik_elbow_then_wrist,1,0,-0.054682,0.291943,0.042182,-0.197648,0.523072,0.169224,0.015583,-0.298298,0.027843,-0.102405,-0.554074,0.131077,0.000025,0.009535,0.003322,0.097640,0.000044,0.017888,0.004436,0.133719,0.000000,0.000000,0.000000,0.202754,0.234869,-0.000000,0.239869,0.012105,0.229982,0.000000,0.229585,0.000000,0.000000,0.000000,0.000000,0.000000,0.000000
1778448606.147893,sequential_ik_elbow_then_wrist,1,0,-0.053358,0.293146,0.034905,-0.196295,0.526696,0.157475,0.021991,-0.298283,0.023321,-0.100592,-0.552855,0.124150,0.000014,0.009850,0.002475,0.099238,0.000015,0.020294,0.002612,0.142430,0.000000,0.000000,0.000000,0.197780,0.208411,-0.000000,0.256791,0.025557,0.195097,0.000000,0.243493,0.000000,0.000000,0.000000,0.000000,0.000000,0.000000
1778448606.209902,sequential_ik_elbow_then_wrist,1,0,-0.049394,0.295728,0.010246,-0.193603,0.540098,0.107647,0.036516,-0.297471,0.013325,-0.079198,-0.561476,0.096462,0.000090,0.010353,0.006317,0.101716,0.000048,0.021078,0.004632,0.145167,0.000000,0.000000,0.000000,0.190944,0.171561,-0.000000,0.263430,0.045761,0.161149,0.000000,0.248793,0.000000,0.000000,0.000000,0.000000,0.000000,0.000000
1778448606.307534,sequential_ik_elbow_then_wrist,1,0,-0.046570,0.296313,-0.005468,-0.193316,0.543771,0.079560,0.038036,-0.297564,-0.002985,-0.083125,-0.564308,0.061571,0.000059,0.011416,0.005103,0.106846,0.000046,0.024912,0.004527,0.157816,0.000000,0.000000,0.000000,0.183268,0.130027,-0.000000,0.269860,0.064335,0.123578,0.000000,0.246935,0.000000,0.000000,0.000000,0.000000,0.000000,0.000000
1778448606.377825,sequential_ik_elbow_then_wrist,1,0,-0.042919,0.295926,-0.024200,-0.195851,0.543241,0.049604,0.033798,-0.297563,-0.017719,-0.086824,-0.566608,0.037644,0.000069,0.013589,0.005538,0.116559,0.000044,0.024695,0.004428,0.157146,0.000000,0.000000,0.000000,0.174675,0.083793,-0.000000,0.278945,0.076592,0.083235,0.000000,0.245918,0.000000,0.000000,0.000000,0.000000,0.000000,0.000000
1778448606.473933,sequential_ik_elbow_then_wrist,1,0,-0.041755,0.294710,-0.037447,-0.198286,0.542599,0.026188,0.027498,-0.296665,-0.035124,-0.113293,-0.557674,0.010174,0.000042,0.014941,0.004318,0.122222,0.000062,0.030580,0.005247,0.174865,0.000000,0.000000,0.000000,0.166907,0.037082,-0.000000,0.289770,0.081672,0.039094,0.000000,0.248720,0.000000,0.000000,0.000000,0.000000,0.000000,0.000000
1778448606.524765,sequential_ik_elbow_then_wrist,1,0,-0.041508,0.290186,-0.063792,-0.202395,0.538128,-0.012413,0.019822,-0.295938,-0.045031,-0.127309,-0.554031,-0.003314,0.000114,0.016290,0.007105,0.127611,0.000037,0.030842,0.004049,0.175601,0.000000,0.000000,0.000000,0.160961,-0.017560,-0.000000,0.303618,0.079862,-0.003707,0.000000,0.257069,0.000000,0.000000,0.000000,0.000000,0.000000,0.000000
1778448606.578550,sequential_ik_elbow_then_wrist,1,0,-0.041883,0.288030,-0.072693,-0.207632,0.535415,-0.036247,0.010953,-0.295040,-0.053211,-0.139187,-0.551998,-0.015382,0.000031,0.017491,0.003721,0.132252,0.000031,0.029350,0.003733,0.171308,0.000000,0.000000,0.000000,0.156852,-0.069111,-0.000000,0.315376,0.071714,-0.043470,0.000000,0.267923,0.000000,0.000000,0.000000,0.000000,0.000000,0.000000
1778448606.646764,sequential_ik_elbow_then_wrist,1,0,-0.039061,0.287318,-0.076958,-0.204809,0.536758,-0.059429,0.014146,-0.293972,-0.058143,-0.129423,-0.555551,-0.027090,0.000009,0.017682,0.001962,0.132938,0.000007,0.026192,0.001768,0.161840,0.000000,0.000000,0.000000,0.152159,-0.113300,-0.000000,0.317002,0.065917,-0.078439,0.000000,0.276479,0.000000,0.000000,0.000000,0.000000,0.000000,0.000000
1778448606.718143,sequential_ik_elbow_then_wrist,1,0,-0.032756,0.286524,-0.082650,-0.197246,0.537302,-0.075347,0.015068,-0.293155,-0.061912,-0.126485,-0.556231,-0.034461,0.000013,0.018349,0.002464,0.135444,0.000004,0.025706,0.001311,0.160330,0.000000,0.000000,0.000000,0.144382,-0.151676,-0.000000,0.313249,0.062202,-0.108475,0.000000,0.283374,0.000000,0.000000,0.000000,0.000000,0.000000,0.000000
1778448606.806460,sequential_ik_elbow_then_wrist,1,0,-0.033298,0.282610,-0.094990,-0.196094,0.534597,-0.095312,0.016026,-0.290000,-0.075122,-0.123656,-0.554291,-0.049842,0.000026,0.022381,0.003367,0.143004,0.000026,0.025434,0.003416,0.159471,0.000000,0.000000,0.000000,0.138032,-0.189907,-0.753600,0.204933,0.060240,-0.140466,0.000000,0.292513,0.000000,0.000000,0.000000,0.000000,0.000000,0.000000
1778448606.911788,sequential_ik_elbow_then_wrist,1,0,-0.033934,0.275117,-0.114713,-0.196894,0.526998,-0.115402,0.015895,-0.287034,-0.085783,-0.129939,-0.548220,-0.063108,0.000071,0.020275,0.005601,0.142257,0.000025,0.027820,0.003312,0.166775,0.000000,0.000000,0.000000,0.134042,-0.234025,-1.326336,0.107749,0.058980,-0.173704,0.000000,0.305472,0.000000,0.000000,0.000000,0.000000,0.000000,0.000000
1778448606.959455,sequential_ik_elbow_then_wrist,1,0,-0.033290,0.270100,-0.126244,-0.195565,0.522421,-0.127235,0.014672,-0.284093,-0.095268,-0.131808,-0.545081,-0.074559,0.000039,0.021312,0.004162,0.145985,0.000021,0.027930,0.003044,0.167101,0.000000,0.000000,0.000000,0.131219,-0.278773,-1.761615,0.033889,0.057420,-0.207145,0.000000,0.321748,0.000000,0.000000,0.000000,0.000000,0.000000,0.000000
1778448607.053567,sequential_ik_elbow_then_wrist,1,0,-0.031418,0.269853,-0.127249,-0.195654,0.520527,-0.140997,0.011639,-0.282773,-0.099520,-0.136114,-0.543617,-0.088150,0.000004,0.021327,0.001307,0.146039,0.000008,0.034074,0.001920,0.176860,0.000000,0.000000,0.000000,0.127990,-0.316032,-2.092428,-0.022244,0.054233,-0.237206,0.753600,0.207257,0.000000,0.000000,0.000000,0.000000,0.000000,0.000000
1778448607.133513,sequential_ik_elbow_then_wrist,1,0,-0.023243,0.265642,-0.137456,-0.189171,0.514775,-0.157462,0.018147,-0.279467,-0.107558,-0.128661,-0.541071,-0.110843,0.000029,0.023162,0.003782,0.152189,0.000017,0.029552,0.002828,0.171848,0.000000,0.000000,0.000000,0.120432,-0.352119,-2.343845,-0.064906,0.055433,-0.266402,1.326336,0.109515,0.000000,0.000000,0.000000,0.000000,0.000000,0.000000
1778448607.222165,sequential_ik_elbow_then_wrist,1,0,-0.021471,0.255864,-0.155154,-0.198169,0.495927,-0.189030,0.010495,-0.270778,-0.128721,-0.140546,-0.528789,-0.153564,0.000065,0.028070,0.005403,0.167542,0.000081,0.030198,0.006025,0.173776,0.000000,0.000000,0.000000,0.112616,-0.393826,-2.534922,-0.097328,0.052847,-0.304252,1.761615,0.035232,0.000000,0.000000,0.000000,0.000000,0.000000,0.000000
1778448607.297201,sequential_ik_elbow_then_wrist,1,0,-0.021808,0.250891,-0.163028,-0.199333,0.489363,-0.203227,0.008584,-0.264824,-0.140693,-0.146762,-0.518788,-0.177708,0.000025,0.029268,0.003339,0.171080,0.000045,0.030824,0.004505,0.175568,0.000000,0.000000,0.000000,0.106492,-0.434522,-2.680141,-0.121970,0.048837,-0.344868,2.092428,-0.021224,0.000000,0.000000,0.000000,0.000000,0.000000,0.000000
1778448607.415636,sequential_ik_elbow_then_wrist,0,0,-0.023577,0.247023,-0.168593,-0.216246,0.470115,-0.224351,0.008627,-0.260264,-0.148957,-0.146745,-0.512711,-0.195107,0.000013,0.034283,0.002397,0.185156,0.000023,0.030391,0.003175,0.174331,0.000000,0.000000,0.000000,0.103091,-0.471630,-2.790507,-0.140697,0.045298,-0.384269,2.343845,-0.064130,0.000000,0.000000,0.000000,0.000000,0.000000,0.000000
1778448607.508939,sequential_ik_elbow_then_wrist,0,0,-0.023812,0.243712,-0.173313,-0.216418,0.463910,-0.239765,0.011742,-0.254015,-0.159181,-0.134627,-0.509596,-0.216230,0.000008,0.033484,0.001892,0.182986,0.000029,0.027349,0.003600,0.165374,0.000000,0.000000,0.000000,0.101283,-0.504789,-2.874385,-0.154930,0.044543,-0.423520,2.534922,-0.096739,0.000000,0.000000,0.000000,0.000000,0.000000,0.000000
1778448607.630599,sequential_ik_elbow_then_wrist,0,0,-0.082543,0.222400,-0.183644,-0.311270,0.397674,-0.267087,0.000440,-0.250862,-0.164524,-0.152278,-0.499180,-0.235342,0.000842,0.044411,0.023837,0.210738,0.000031,0.028208,0.004146,0.167952,0.000000,0.000000,0.000000,0.138310,-0.539999,-2.938133,-0.165746,0.037617,-0.459414,2.680141,-0.121522,0.000000,0.000000,0.000000,0.000000,0.000000,0.000000
1778448607.665124,sequential_ik_elbow_then_wrist,1,0,-0.070038,0.218803,-0.192924,-0.276743,0.408009,-0.300042,0.003625,-0.250951,-0.164349,-0.145537,-0.498468,-0.244883,0.000059,0.024075,0.005968,0.155161,0.000000,0.025451,0.000472,0.159534,0.000000,0.000000,0.000000,0.174208,-0.575505,-2.986581,-0.173967,0.032159,-0.487931,2.790507,-0.140356,0.000000,0.000000,0.000000,0.000000,0.000000,0.000000
1778448607.739358,sequential_ik_elbow_then_wrist,1,0,-0.068937,0.207440,-0.205466,-0.273299,0.390006,-0.327555,0.000874,-0.250977,-0.164347,-0.147010,-0.495861,-0.254690,0.000060,0.021880,0.005533,0.147919,0.000002,0.024388,0.001000,0.156165,0.000000,0.000000,0.000000,0.205958,-0.614816,-3.023402,-0.180215,0.026228,-0.509888,2.874385,-0.154671,0.000000,0.000000,0.000000,0.000000,0.000000,0.000000
1778448607.799746,sequential_ik_elbow_then_wrist,1,0,-0.013633,0.194917,-0.227643,-0.155109,0.406037,-0.387057,0.012386,-0.245628,-0.171795,-0.123953,-0.490171,-0.279547,0.000841,0.006205,0.024620,0.078770,0.000032,0.021336,0.004317,0.146055,0.000000,0.000000,0.000000,0.201876,-0.668343,-3.051385,-0.184964,0.028328,-0.532210,2.938133,-0.160635,0.000000,0.000000,0.000000,0.000000,0.000000,0.000000
1778448607.878317,sequential_ik_elbow_then_wrist,1,0,0.006413,0.170278,-0.246910,-0.123229,0.374898,-0.423894,0.015499,-0.235236,-0.185536,-0.115630,-0.474425,-0.310411,0.000782,0.008217,0.024198,0.090650,0.000055,0.021332,0.005192,0.146027,0.000000,0.000000,0.000000,0.176252,-0.733956,-3.072653,-0.188572,0.034480,-0.561010,2.986581,-0.158338,0.000000,0.000000,0.000000,0.000000,0.000000,0.000000
1778448607.937867,sequential_ik_elbow_then_wrist,1,0,0.006740,0.155800,-0.256283,-0.129464,0.352540,-0.437230,0.016982,-0.225478,-0.197159,-0.114257,-0.460941,-0.328814,0.000291,0.014026,0.014958,0.118430,0.000050,0.022455,0.004871,0.149849,0.000000,0.000000,0.000000,0.144923,-0.799515,-3.088816,-0.191315,0.042148,-0.594913,3.023402,-0.157737,0.000000,0.000000,0.000000,0.000000,0.000000,0.000000
1778448608.027962,sequential_ik_elbow_then_wrist,1,0,-0.002461,0.139800,-0.265424,-0.159109,0.325944,-0.440957,0.022997,-0.217038,-0.205829,-0.105919,-0.451868,-0.340868,0.000075,0.024228,0.006069,0.155654,0.000050,0.022813,0.005253,0.151026,0.000000,0.000000,0.000000,0.119075,-0.863948,-3.101100,-0.193399,0.053253,-0.630668,3.051385,-0.162160,0.000000,0.000000,0.000000,0.000000,0.000000,0.000000
1778448608.086648,sequential_ik_elbow_then_wrist,1,0,-0.005185,0.123760,-0.273233,-0.165192,0.289424,-0.465466,0.037482,-0.199752,-0.220668,-0.093345,-0.425118,-0.369309,0.000064,0.025983,0.005317,0.161191,0.000189,0.025185,0.011042,0.158692,0.000000,0.000000,0.000000,0.099708,-0.927201,-3.110436,-0.194984,0.073762,-0.673300,3.072653,-0.162466,0.000000,0.000000,0.000000,0.000000,0.000000,0.000000
1778448608.136300,sequential_ik_elbow_then_wrist,1,0,-0.016920,0.116244,-0.276045,-0.188616,0.262117,-0.474140,0.039429,-0.187783,-0.230614,-0.092915,-0.410000,-0.382616,0.000119,0.032178,0.010132,0.179381,0.000108,0.028878,0.008282,0.169930,0.000000,0.000000,0.000000,0.090578,-0.983126,-3.117531,-0.196187,0.097185,-0.718475,3.088816,-0.166116,0.000000,0.000000,0.000000,0.000000,0.000000,0.000000
1778448608.229696,sequential_ik_elbow_then_wrist,0,0,-0.030916,0.107287,-0.278449,-0.205028,0.239809,-0.483687,0.043451,-0.176463,-0.238690,-0.088678,-0.396367,-0.394203,0.000413,0.034345,0.019665,0.185325,0.000097,0.030936,0.008152,0.175879,0.000000,0.000000,0.000000,0.093967,-1.032185,-3.122924,-0.197102,0.122420,-0.763742,3.101100,-0.172900,0.000000,0.000000,0.000000,0.000000,0.000000,0.000000
1778448608.291046,sequential_ik_elbow_then_wrist,0,0,-0.037032,0.101867,-0.279735,-0.215325,0.224038,-0.487788,0.039481,-0.173352,-0.241641,-0.091610,-0.392203,-0.399500,0.000485,0.034577,0.021514,0.185949,0.000015,0.032759,0.002995,0.180994,0.000000,0.000000,0.000000,0.107243,-1.073412,-3.127022,-0.197798,0.143792,-0.803593,3.110436,-0.179404,0.000000,0.000000,0.000000,0.000000,0.000000,0.000000
1778448608.383017,sequential_ik_elbow_then_wrist,0,0,-0.045897,0.096850,-0.280203,-0.226701,0.213826,-0.489072,0.026288,-0.165916,-0.248558,-0.120613,-0.373057,-0.408284,0.000688,0.034520,0.025701,0.185795,0.000059,0.039768,0.006401,0.199420,0.000000,0.000000,0.000000,0.129662,-1.107091,-3.130137,-0.198326,0.154918,-0.842587,3.117531,-0.184347,0.000000,0.000000,0.000000,0.000000,0.000000,0.000000
1778448608.472500,sequential_ik_elbow_then_wrist,0,0,-0.043874,0.092333,-0.282045,-0.220840,0.200086,-0.499007,0.024909,-0.166777,-0.248123,-0.126040,-0.366263,-0.413711,0.000444,0.029569,0.020659,0.171957,0.000022,0.039119,0.004366,0.197784,0.000000,0.000000,0.000000,0.156241,-1.135798,-3.132504,-0.198728,0.159488,-0.873710,3.122924,-0.187761,0.000000,0.000000,0.000000,0.000000,0.000000,0.000000
1778448608.529202,sequential_ik_elbow_then_wrist,0,0,-0.042165,0.088955,-0.283389,-0.210585,0.185714,-0.512020,0.022397,-0.159432,-0.253140,-0.132380,-0.347750,-0.428013,0.000293,0.024580,0.016794,0.156781,0.000025,0.038774,0.004146,0.196894,0.000000,0.000000,0.000000,0.183901,-1.160365,-3.134303,-0.199033,0.159948,-0.903325,3.127022,-0.183892,0.000000,0.000000,0.000000,0.000000,0.000000,0.000000
1778448608.641120,sequential_ik_elbow_then_wrist,0,0,-0.035758,0.078471,-0.287339,-0.196848,0.168393,-0.523906,0.024009,-0.157487,-0.254208,-0.130432,-0.330978,-0.444073,0.000161,0.020566,0.012081,0.143407,0.000003,0.036379,0.001410,0.190649,0.000000,0.000000,0.000000,0.209676,-1.187154,-3.135670,-0.199265,0.159435,-0.928405,3.130137,-0.167327,0.000000,0.000000,0.000000,0.000000,0.000000,0.000000
1778448608.697891,sequential_ik_elbow_then_wrist,0,0,-0.023968,0.072487,-0.290123,-0.190189,0.158290,-0.524662,0.026406,-0.150953,-0.257907,-0.129492,-0.312897,-0.456577,0.000022,0.019676,0.003439,0.140270,0.000010,0.035566,0.002415,0.188524,0.000000,0.000000,0.000000,0.229956,-1.215209,-3.136709,-0.199442,0.160288,-0.952438,3.132504,-0.142783,0.000000,0.000000,0.000000,0.000000,0.000000,0.000000
1778448608.783534,sequential_ik_elbow_then_wrist,1,0,-0.006729,0.065604,-0.292662,-0.162603,0.147562,-0.535533,0.032385,-0.146963,-0.259525,-0.117133,-0.296370,-0.472414,0.000162,0.014301,0.012068,0.119586,0.000036,0.031542,0.005593,0.177495,0.000000,0.000000,0.000000,0.241768,-1.245532,-3.137499,-0.199576,0.165143,-0.973879,3.134303,-0.109466,0.000000,0.000000,0.000000,0.000000,0.000000,0.000000
1778448608.848222,sequential_ik_elbow_then_wrist,1,0,-0.001086,0.062511,-0.293413,-0.144264,0.133272,-0.547367,0.040305,-0.142201,-0.261064,-0.100641,-0.286948,-0.482835,0.000239,0.011680,0.015227,0.108060,0.000105,0.027790,0.009730,0.166650,0.000000,0.000000,0.000000,0.246574,-1.273324,-3.138099,-0.195706,0.176062,-0.992964,3.135670,-0.074147,0.000000,0.000000,0.000000,0.000000,0.000000,0.000000
1778448608.916158,sequential_ik_elbow_then_wrist,1,0,0.000449,0.063068,-0.293296,-0.138108,0.128044,-0.551326,0.046704,-0.139944,-0.261217,-0.090223,-0.281566,-0.487478,0.000250,0.011257,0.015711,0.106070,0.000140,0.026933,0.011319,0.164080,0.000000,0.000000,0.000000,0.246082,-1.295268,-3.138556,-0.186937,0.192689,-1.008382,3.136709,-0.039311,0.000000,0.000000,0.000000,0.000000,0.000000,0.000000
1778448608.956427,sequential_ik_elbow_then_wrist,1,0,-0.001796,0.065379,-0.292784,-0.137918,0.134643,-0.550996,0.050039,-0.138223,-0.261516,-0.087374,-0.280080,-0.487336,0.000176,0.011321,0.013165,0.106401,0.000117,0.028667,0.010351,0.169299,0.000000,0.000000,0.000000,0.242174,-1.310248,-3.138902,-0.179199,0.212895,-1.020634,3.137499,-0.007861,0.000000,0.000000,0.000000,0.000000,0.000000,0.000000
1778448609.046129,sequential_ik_elbow_then_wrist,1,0,0.003159,0.063819,-0.293116,-0.133298,0.134540,-0.550755,0.060011,-0.135582,-0.260799,-0.072598,-0.281386,-0.486977,0.000275,0.011060,0.016489,0.105168,0.000222,0.027765,0.014263,0.166625,0.000000,0.000000,0.000000,0.234790,-1.322719,-3.139166,-0.172966,0.238701,-1.029398,3.138099,0.019077,0.000000,0.000000,0.000000,0.000000,0.000000,0.000000
1778448609.129723,sequential_ik_elbow_then_wrist,1,0,0.004285,0.064305,-0.292996,-0.129788,0.137567,-0.551176,0.061973,-0.135338,-0.260467,-0.067968,-0.281650,-0.487861,0.000277,0.010808,0.016550,0.103962,0.000136,0.029100,0.011129,0.170577,0.000000,0.000000,0.000000,0.224774,-1.332096,-3.139366,-0.168130,0.266526,-1.035328,3.138556,0.044174,0.000000,0.000000,0.000000,0.000000,0.000000,0.000000
1778448609.193828,sequential_ik_elbow_then_wrist,0,0,0.002564,0.064685,-0.292932,-0.133764,0.136806,-0.550252,0.060157,-0.136326,-0.260377,-0.073867,-0.280098,-0.487020,0.000197,0.012249,0.013949,0.110674,0.000042,0.032624,0.006217,0.180603,0.000000,0.000000,0.000000,0.213416,-1.338614,-3.139518,-0.162683,0.292288,-1.039353,3.138902,0.069508,0.000000,0.000000,0.000000,0.000000,0.000000,0.000000
1778448609.255874,sequential_ik_elbow_then_wrist,0,0,0.002563,0.064967,-0.292870,-0.134962,0.136626,-0.549681,0.058704,-0.135480,-0.261149,-0.076077,-0.279925,-0.486914,0.000173,0.013084,0.013056,0.114382,0.000014,0.034329,0.003564,0.185278,0.000000,0.000000,0.000000,0.201239,-1.343126,-3.139634,-0.156558,0.314494,-1.043204,3.139166,0.091225,0.000000,0.000000,0.000000,0.000000,0.000000,0.000000
1778448609.337162,sequential_ik_elbow_then_wrist,0,0,0.002120,0.064715,-0.292929,-0.131868,0.136630,-0.551532,0.057596,-0.134996,-0.261647,-0.076403,-0.280151,-0.487422,0.000139,0.012809,0.011729,0.113172,0.000004,0.034928,0.001891,0.186891,0.000000,0.000000,0.000000,0.188788,-1.346463,-3.139722,-0.149642,0.332743,-1.046915,3.139366,0.107957,0.000000,0.000000,0.000000,0.000000,0.000000,0.000000
1778448609.395041,sequential_ik_elbow_then_wrist,0,0,0.001093,0.063364,-0.293230,-0.134642,0.133702,-0.551355,0.058032,-0.132590,-0.262778,-0.075586,-0.282774,-0.485468,0.000098,0.013970,0.009821,0.118192,0.000006,0.035769,0.002299,0.189119,0.000000,0.000000,0.000000,0.176669,-1.349653,-3.139788,-0.142550,0.348217,-1.051355,3.139518,0.116702,0.000000,0.000000,0.000000,0.000000,0.000000,0.000000
1778448609.469604,sequential_ik_elbow_then_wrist,0,0,0.005010,0.062825,-0.293305,-0.139691,0.128584,-0.547741,0.037991,-0.132532,-0.266443,-0.111383,-0.284628,-0.477521,0.000165,0.016132,0.012754,0.127007,0.000156,0.047223,0.011805,0.217280,0.000000,0.000000,0.000000,0.164061,-1.352788,-3.139839,-0.134744,0.351942,-1.060231,3.139634,0.114919,0.000000,0.000000,0.000000,0.000000,0.000000,0.000000
1778448609.518721,sequential_ik_elbow_then_wrist,0,0,0.008586,0.064623,-0.292831,-0.128936,0.139933,-0.548597,0.039912,-0.135028,-0.264904,-0.114292,-0.297071,-0.464812,0.000242,0.013709,0.015441,0.117078,0.000064,0.048850,0.007676,0.220935,0.000000,0.000000,0.000000,0.150337,-1.354314,-3.139878,-0.131690,0.349523,-1.065995,3.139722,0.098760,0.000000,0.000000,0.000000,0.000000,0.000000,0.000000
1778448609.582692,sequential_ik_elbow_then_wrist,0,0,0.001452,0.064338,-0.293016,-0.169057,0.150343,-0.524381,0.022151,-0.136977,-0.265983,-0.170877,-0.295150,-0.432481,0.000061,0.025887,0.007750,0.160789,0.000354,0.073515,0.018086,0.271080,0.000000,0.000000,0.000000,0.137798,-1.354928,-3.139907,-0.143269,0.335464,-1.072256,3.139788,0.073206,0.000000,0.000000,0.000000,0.000000,0.000000,0.000000
1778448609.650455,sequential_ik_elbow_then_wrist,0,0,-0.000532,0.062702,-0.293374,-0.185303,0.175504,-0.501064,0.009423,-0.131147,-0.269651,-0.200493,-0.295098,-0.407691,0.000028,0.033002,0.005250,0.181653,0.000494,0.085381,0.021342,0.291953,0.000000,0.000000,0.000000,0.126852,-1.356155,-3.139929,-0.156885,0.311132,-1.082833,3.139839,0.024906,0.000000,0.000000,0.000000,0.000000,0.000000,0.000000
1778448609.726331,sequential_ik_elbow_then_wrist,0,0,-0.042213,0.065100,-0.289793,-0.317119,0.174912,-0.338456,-0.017745,-0.130327,-0.269629,-0.277553,-0.254094,-0.354372,0.001136,0.136655,0.033414,0.369669,0.001391,0.130537,0.036111,0.361228,0.000000,0.000000,0.000000,0.128039,-1.352473,-3.139946,-0.167232,0.270605,-1.094435,3.139878,-0.029071,0.000000,0.000000,0.000000,0.000000,0.000000,0.000000
1778448609.842777,sequential_ik_elbow_then_wrist,0,0,-0.058745,0.063569,-0.287242,-0.340838,0.164639,-0.272818,-0.020266,-0.127241,-0.270923,-0.294223,-0.242826,-0.310770,0.002140,0.176579,0.045869,0.420213,0.000901,0.144451,0.029120,0.380067,0.000000,0.000000,0.000000,0.142899,-1.346451,-3.139959,-0.175097,0.222402,-1.104731,3.139907,-0.070094,0.000000,0.000000,0.000000,0.000000,0.000000,0.000000
1778448609.927762,sequential_ik_elbow_then_wrist,0,0,-0.080792,0.060083,-0.282600,-0.356471,0.154817,-0.211699,-0.028865,-0.126660,-0.270415,-0.311417,-0.226529,-0.284202,0.003913,0.211976,0.061953,0.460408,0.000875,0.155381,0.028702,0.394183,0.000000,0.000000,0.000000,0.174365,-1.337216,-3.139969,-0.181073,0.168633,-1.112086,3.139929,-0.101272,0.000000,0.000000,0.000000,0.000000,0.000000,0.000000
1778448610.022913,sequential_ik_elbow_then_wrist,0,0,-0.110144,0.056969,-0.273172,-0.379338,0.134121,-0.165552,-0.060224,-0.124081,-0.266415,-0.352183,-0.189343,-0.244030,0.006654,0.235773,0.080476,0.485564,0.002211,0.184895,0.045580,0.429994,0.000000,0.000000,0.000000,0.228238,-1.319134,-3.139976,-0.185616,0.100165,-1.115160,3.139946,-0.124966,0.000000,0.000000,0.000000,0.000000,0.000000,0.000000
1778448610.076786,sequential_ik_elbow_then_wrist,0,0,-0.116660,0.050318,-0.271769,-0.382460,0.118108,-0.150300,-0.080805,-0.124231,-0.260839,-0.374529,-0.165257,-0.215637,0.005934,0.226492,0.075800,0.475911,0.002523,0.190812,0.048417,0.436821,0.000000,0.000000,0.000000,0.301327,-1.298048,-3.139982,-0.189068,0.016914,-1.110037,3.139959,-0.142975,0.000000,0.000000,0.000000,0.000000,0.000000,0.000000
1778448610.148539,sequential_ik_elbow_then_wrist,0,0,-0.128345,0.049452,-0.266612,-0.385244,0.106523,-0.122578,-0.086470,-0.123236,-0.259491,-0.378868,-0.147925,-0.197089,0.005147,0.219481,0.070103,0.468488,0.001586,0.183826,0.038206,0.428750,0.000000,0.000000,0.000000,0.391312,-1.269513,-3.139986,-0.191692,-0.072783,-1.100583,3.139969,-0.156661,0.000000,0.000000,0.000000,0.000000,0.000000,0.000000
1778448610.239771,sequential_ik_elbow_then_wrist,0,0,-0.146608,0.047976,-0.257302,-0.399753,0.096688,-0.103860,-0.099414,-0.127467,-0.252723,-0.383784,-0.134451,-0.157409,0.004401,0.200249,0.063969,0.447492,0.001206,0.187868,0.032872,0.433437,0.000000,0.000000,0.000000,0.497870,-1.229872,-3.139990,-0.193686,-0.165773,-1.083042,3.139976,-0.167062,0.000000,0.000000,0.000000,0.000000,0.000000,0.000000
1778448610.322351,sequential_ik_elbow_then_wrist,0,0,-0.156355,0.047441,-0.251600,-0.403838,0.090018,-0.087467,-0.107978,-0.131718,-0.246964,-0.387741,-0.124481,-0.138888,0.002604,0.179964,0.048543,0.424221,0.000687,0.180985,0.024463,0.425424,0.000000,0.000000,0.000000,0.613509,-1.184677,-3.139992,-0.195201,-0.256772,-1.059791,3.139982,-0.174967,0.000000,0.000000,0.000000,0.000000,0.000000,0.000000
1778448610.406219,sequential_ik_elbow_then_wrist,0,0,-0.164298,0.047494,-0.246476,-0.411157,0.073126,-0.077943,-0.114589,-0.134271,-0.242571,-0.393558,-0.120751,-0.133055,0.001292,0.165435,0.033706,0.406737,0.000353,0.169503,0.017342,0.411707,0.000000,0.000000,0.000000,0.728858,-1.138423,-3.139994,-0.196353,-0.341490,-1.034514,3.139986,-0.180975,0.000000,0.000000,0.000000,0.000000,0.000000,0.000000
1778448610.457370,sequential_ik_elbow_then_wrist,0,0,-0.165065,0.044440,-0.246533,-0.414063,0.060625,-0.079985,-0.119248,-0.137263,-0.238619,-0.398217,-0.121544,-0.129398,0.000578,0.154375,0.022542,0.392906,0.000155,0.159261,0.011331,0.399075,0.000000,0.000000,0.000000,0.836217,-1.099288,-3.139995,-0.197228,-0.416587,-1.009116,3.139990,-0.185541,0.000000,0.000000,0.000000,0.000000,0.000000,0.000000
1778448610.540620,sequential_ik_elbow_then_wrist,0,0,-0.168864,0.044509,-0.243934,-0.421417,0.058842,-0.082654,-0.119559,-0.137538,-0.238304,-0.400671,-0.119628,-0.135078,0.000243,0.143877,0.014470,0.379311,0.000049,0.150641,0.006400,0.388125,0.000000,0.000000,0.000000,0.930924,-1.065197,-3.139997,-0.197893,-0.479976,-0.987906,3.139992,-0.189011,0.000000,0.000000,0.000000,0.000000,0.000000,0.000000
1778448610.612048,sequential_ik_elbow_then_wrist,0,0,-0.167462,0.045576,-0.244702,-0.419042,0.060342,-0.081946,-0.121362,-0.137959,-0.237147,-0.402186,-0.115471,-0.134034,0.000068,0.141514,0.007719,0.376183,0.000022,0.148611,0.004276,0.385502,0.000000,0.000000,0.000000,1.010047,-1.038795,-3.139997,-0.198399,-0.532415,-0.970133,3.139994,-0.191649,0.000000,0.000000,0.000000,0.000000,0.000000,0.000000
1778448610.668685,sequential_ik_elbow_then_wrist,0,0,-0.165260,0.045031,-0.246295,-0.416819,0.064105,-0.083955,-0.121785,-0.138876,-0.236394,-0.403641,-0.114974,-0.136465,0.000025,0.140515,0.004602,0.374853,0.000006,0.145032,0.002263,0.380831,0.000000,0.000000,0.000000,1.074376,-1.020245,-3.139998,-0.198783,-0.574532,-0.955464,3.139995,-0.193653,0.000000,0.000000,0.000000,0.000000,0.000000,0.000000
1778448610.747862,sequential_ik_elbow_then_wrist,0,0,-0.165697,0.045268,-0.245958,-0.413862,0.067088,-0.078812,-0.125425,-0.138593,-0.234650,-0.405942,-0.113588,-0.131280,0.000008,0.143318,0.002701,0.378573,0.000011,0.145315,0.002959,0.381202,0.000000,0.000000,0.000000,1.125738,-1.006100,-3.139998,-0.199075,-0.609505,-0.942319,3.139997,-0.195176,0.000000,0.000000,0.000000,0.000000,0.000000,0.000000
1778448610.793328,sequential_ik_elbow_then_wrist,0,0,-0.164703,0.045212,-0.246635,-0.411192,0.069886,-0.077419,-0.125261,-0.138648,-0.234705,-0.406678,-0.115464,-0.133382,0.000003,0.144659,0.001525,0.380341,0.000003,0.141957,0.001500,0.376771,0.000000,0.000000,0.000000,1.166142,-0.996061,-3.139999,-0.199297,-0.637639,-0.931914,3.139997,-0.196334,0.000000,0.000000,0.000000,0.000000,0.000000,0.000000
1778448610.838851,sequential_ik_elbow_then_wrist,0,0,-0.164637,0.044450,-0.246818,-0.409184,0.070634,-0.075031,-0.127594,-0.138091,-0.233774,-0.409238,-0.116117,-0.132807,0.000002,0.146566,0.001355,0.382840,0.000005,0.140244,0.002015,0.374492,0.000000,0.000000,0.000000,1.198072,-0.988790,-3.139999,-0.199466,-0.661098,-0.922997,3.139998,-0.197214,0.000000,0.000000,0.000000,0.000000,0.000000,0.000000
1778448610.912942,sequential_ik_elbow_then_wrist,0,0,-0.164337,0.044391,-0.247028,-0.409197,0.071540,-0.075837,-0.126428,-0.139286,-0.233700,-0.408376,-0.118545,-0.133326,0.000001,0.146209,0.000815,0.382373,0.000000,0.138386,0.000207,0.372003,0.000000,0.000000,0.000000,1.223070,-0.983573,-3.139999,-0.199594,-0.679107,-0.915906,3.139998,-0.197882,0.000000,0.000000,0.000000,0.000000,0.000000,0.000000
1778448610.958177,sequential_ik_elbow_then_wrist,0,0,-0.165006,0.043996,-0.246652,-0.408451,0.073065,-0.073766,-0.124897,-0.141214,-0.233365,-0.406166,-0.122138,-0.130779,0.000001,0.147099,0.000840,0.383535,0.000002,0.138632,0.001242,0.372333,0.000000,0.000000,0.000000,1.242820,-0.979270,-3.139999,-0.199691,-0.691490,-0.910121,3.139999,-0.198391,0.000000,0.000000,0.000000,0.000000,0.000000,0.000000
1778448611.027756,sequential_ik_elbow_then_wrist,0,0,-0.165466,0.044799,-0.246199,-0.408462,0.074535,-0.072795,-0.125693,-0.142298,-0.232277,-0.406672,-0.124434,-0.128683,0.000000,0.146990,0.000237,0.383393,0.000001,0.138773,0.000856,0.372522,0.000000,0.000000,0.000000,1.257928,-0.975431,-3.140000,-0.199766,-0.700112,-0.904566,3.139999,-0.198777,0.000000,0.000000,0.000000,0.000000,0.000000,0.000000
1778448611.090626,sequential_ik_elbow_then_wrist,0,0,-0.165536,0.052464,-0.244633,-0.404111,0.079153,-0.064718,-0.126429,-0.148728,-0.227807,-0.406368,-0.127473,-0.122059,0.000023,0.043747,0.004415,0.167551,0.000013,0.139701,0.002903,0.373766,0.000000,0.000000,0.000000,1.265385,-0.970744,-2.386400,0.100649,-0.704071,-0.895792,3.139999,-0.199070,0.000000,0.000000,0.000000,0.000000,0.000000,0.000000
1778448611.157398,sequential_ik_elbow_then_wrist,0,0,-0.165658,0.065109,-0.241492,-0.398844,0.090014,-0.054398,-0.124801,-0.165178,-0.217120,-0.401685,-0.146366,-0.103184,0.000113,0.005133,0.009788,0.056467,0.000100,0.140067,0.008199,0.374255,0.000000,0.000000,0.000000,1.261869,-0.963628,-1.813664,0.434790,-0.698637,-0.878338,3.139999,-0.199294,0.000000,0.000000,0.000000,0.000000,0.000000,0.000000
1778448611.227652,sequential_ik_elbow_then_wrist,0,0,-0.173017,0.082932,-0.230624,-0.408923,0.102716,-0.046349,-0.131626,-0.195331,-0.185797,-0.407848,-0.177485,-0.070111,0.000254,0.003133,0.014083,0.055598,0.000359,0.134636,0.013807,0.366928,0.000000,0.000000,0.000000,1.245438,-0.946697,-1.378384,0.704302,-0.682120,-0.836501,3.140000,-0.199463,0.000000,0.000000,0.000000,0.000000,0.000000,0.000000
1778448611.275741,sequential_ik_elbow_then_wrist,0,0,-0.178929,0.114375,-0.211903,-0.412637,0.134127,-0.024845,-0.139874,-0.210865,-0.161156,-0.415045,-0.193948,-0.042856,0.000613,0.004894,0.021257,0.069920,0.000224,0.097940,0.010242,0.301750,0.000000,0.000000,0.000000,1.209411,-0.914458,-1.047572,0.903630,-0.662776,-0.779399,2.386400,-0.000420,0.000000,0.000000,0.000000,0.000000,0.000000,0.000000
1778448611.331015,sequential_ik_elbow_then_wrist,0,0,-0.177224,0.153029,-0.187547,-0.414391,0.175632,-0.005225,-0.152789,-0.221676,-0.132345,-0.427635,-0.200592,-0.013959,0.000932,0.009254,0.025321,0.095935,0.000214,0.072926,0.009740,0.267627,0.000000,0.000000,0.000000,1.149102,-0.865596,-0.796155,1.038062,-0.648396,-0.709786,1.813664,0.237442,0.000000,0.000000,0.000000,0.000000,0.000000,0.000000
1778448611.430757,sequential_ik_elbow_then_wrist,0,0,-0.185654,0.166128,-0.167135,-0.425650,0.192371,0.010947,-0.162071,-0.221466,-0.121186,-0.437683,-0.205993,-0.003719,0.000325,0.015309,0.013637,0.123429,0.000067,0.066769,0.005559,0.258281,0.000000,0.000000,0.000000,1.085500,-0.806467,-0.605078,1.119561,-0.642377,-0.643282,1.378384,0.436895,0.000000,0.000000,0.000000,0.000000,0.000000,0.000000
1778448611.481581,sequential_ik_elbow_then_wrist,0,0,-0.200963,0.176334,-0.136089,-0.435598,0.200096,0.049335,-0.172241,-0.223097,-0.102764,-0.446588,-0.220559,0.018592,0.000248,0.018018,0.010599,0.134034,0.000087,0.058075,0.006290,0.240968,0.000000,0.000000,0.000000,1.031680,-0.734087,-0.459859,1.163992,-0.643752,-0.577377,1.047572,0.581146,0.000000,0.000000,0.000000,0.000000,0.000000,0.000000
1778448611.541347,sequential_ik_elbow_then_wrist,0,0,-0.209198,0.178584,-0.119766,-0.449537,0.182778,0.059732,-0.181007,-0.219986,-0.094033,-0.455480,-0.222627,0.027037,0.000095,0.024873,0.006475,0.157561,0.000045,0.053647,0.004586,0.231539,0.000000,0.000000,0.000000,0.991275,-0.661643,-0.349493,1.181156,-0.651927,-0.518072,0.796155,0.676307,0.000000,0.000000,0.000000,0.000000,0.000000,0.000000
1778448611.586486,sequential_ik_elbow_then_wrist,0,0,-0.221849,0.173373,-0.103560,-0.470028,0.158416,0.064320,-0.193693,-0.214208,-0.081227,-0.468728,-0.225068,0.038094,0.000090,0.031233,0.006463,0.176530,0.000070,0.047013,0.005731,0.216677,0.000000,0.000000,0.000000,0.968249,-0.591836,-0.265615,1.174059,-0.668384,-0.462638,0.605078,0.729353,0.000000,0.000000,0.000000,0.000000,0.000000,0.000000
1778448611.657350,sequential_ik_elbow_then_wrist,0,0,-0.245493,0.166825,-0.043618,-0.486855,0.113461,0.126372,-0.210212,-0.208614,-0.047864,-0.472634,-0.236969,0.094722,0.000608,0.038199,0.016517,0.195251,0.000223,0.032044,0.010016,0.178932,0.000000,0.000000,0.000000,0.965029,-0.497234,-0.201867,1.147662,-0.693412,-0.397055,0.459859,0.757098,0.000000,0.000000,0.000000,0.000000,0.000000,0.000000
1778448611.743799,sequential_ik_elbow_then_wrist,0,0,-0.262786,0.142133,0.027233,-0.553117,0.086159,0.077973,-0.225084,-0.196456,0.027240,-0.519533,-0.245151,0.057712,0.001045,0.052405,0.021602,0.222674,0.000909,0.035159,0.020131,0.181205,0.000000,0.000000,0.000000,0.984748,-0.372034,-0.153419,1.000127,-0.727296,-0.295418,0.349493,0.662484,0.000000,0.000000,0.000000,0.000000,0.000000,0.000000
1778448611.795067,sequential_ik_elbow_then_wrist,0,0,-0.258786,0.151341,-0.011209,-0.556037,0.110820,-0.011911,-0.225387,-0.197575,0.012824,-0.520099,-0.247204,-0.013298,0.000041,0.041279,0.004261,0.199823,0.000006,0.030127,0.001592,0.169806,0.000000,0.000000,0.000000,0.998704,-0.288320,-0.116598,0.799834,-0.756093,-0.215152,0.265615,0.504270,0.000000,0.000000,0.000000,0.000000,0.000000,0.000000
1778448611.875139,sequential_ik_elbow_then_wrist,1,0,-0.247894,0.167079,-0.025156,-0.539500,0.166968,-0.095627,-0.207298,-0.216618,-0.010195,-0.476089,-0.303664,-0.111065,0.000085,0.026041,0.006125,0.161310,0.000132,0.017521,0.007639,0.129332,0.000000,0.000000,0.000000,0.997276,-0.235941,-0.842215,0.658436,-0.762462,-0.167661,0.955467,0.451675,0.000000,0.000000,0.000000,0.000000,0.000000,0.000000
1778448611.955757,sequential_ik_elbow_then_wrist,1,0,-0.226378,0.191416,-0.045967,-0.497581,0.216673,-0.171708,-0.110248,-0.274712,-0.048772,-0.304140,-0.390414,-0.246305,0.000239,0.021516,0.010353,0.146087,0.001954,0.010499,0.029819,0.097576,0.000000,0.000000,0.000000,0.973442,-0.211662,-1.393683,0.582666,-0.693869,-0.158817,1.479755,0.486739,0.000000,0.000000,0.000000,0.000000,0.000000,0.000000
1778448611.998193,sequential_ik_elbow_then_wrist,1,0,-0.151651,0.238658,-0.100221,-0.388765,0.262437,-0.282462,-0.004984,-0.292277,-0.067447,-0.143946,-0.407908,-0.306861,0.001647,0.025489,0.028011,0.158605,0.002387,0.009377,0.033551,0.094541,0.000000,0.000000,0.000000,0.896315,-0.231742,-1.812799,0.568885,-0.558530,-0.170537,1.878214,0.563652,0.000000,0.000000,0.000000,0.000000,0.000000,0.000000
1778448612.074635,sequential_ik_elbow_then_wrist,1,0,-0.083044,0.249853,-0.143795,-0.296594,0.290909,-0.350461,-0.001532,-0.291952,-0.069004,-0.130813,-0.392616,-0.320307,0.001670,0.025832,0.029574,0.160577,0.000175,0.014438,0.009077,0.119674,0.000000,0.000000,0.000000,0.782155,-0.285678,-2.131327,0.574932,-0.433083,-0.184030,2.181042,0.648015,0.000000,0.000000,0.000000,0.000000,0.000000,0.000000
1778448612.147707,sequential_ik_elbow_then_wrist,1,0,-0.046985,0.247682,-0.162622,-0.236995,0.294180,-0.390073,-0.006753,-0.290242,-0.075589,-0.112593,-0.378474,-0.342072,0.000771,0.025366,0.021114,0.159208,0.000010,0.010793,0.002121,0.103703,0.000000,0.000000,0.000000,0.658160,-0.348788,-2.373409,0.590000,-0.335476,-0.199459,2.411192,0.727104,0.000000,0.000000,0.000000,0.000000,0.000000,0.000000
1778448612.230479,sequential_ik_elbow_then_wrist,1,0,-0.027273,0.240008,-0.177911,-0.204526,0.285526,-0.415629,-0.033693,-0.282699,-0.094584,-0.167936,-0.361123,-0.351155,0.000353,0.025790,0.014632,0.160576,0.000149,0.018181,0.008401,0.134803,0.000000,0.000000,0.000000,0.540721,-0.412995,-2.557391,0.607034,-0.277704,-0.224635,2.586106,0.780080,0.000000,0.000000,0.000000,0.000000,0.000000,0.000000
1778448612.331411,sequential_ik_elbow_then_wrist,1,0,-0.009739,0.236034,-0.184914,-0.174478,0.276468,-0.432354,-0.055024,-0.274274,-0.108379,-0.217982,-0.346236,-0.349763,0.000221,0.024069,0.012031,0.155105,0.000163,0.025722,0.008970,0.160188,0.000000,0.000000,0.000000,0.432638,-0.470871,-2.697217,0.628195,-0.251882,-0.255916,2.719041,0.801438,0.000000,0.000000,0.000000,0.000000,0.000000,0.000000
1778448612.379232,sequential_ik_elbow_then_wrist,1,0,-0.008186,0.234269,-0.187219,-0.167411,0.272076,-0.438651,-0.057636,-0.269594,-0.118311,-0.219109,-0.340849,-0.360899,0.000042,0.024812,0.005288,0.157505,0.000045,0.022857,0.004658,0.151071,0.000000,0.000000,0.000000,0.342427,-0.518565,-2.803485,0.648949,-0.239256,-0.289031,2.820071,0.803592,0.000000,0.000000,0.000000,0.000000,0.000000,0.000000
1778448612.463348,sequential_ik_elbow_then_wrist,1,0,-0.004174,0.231920,-0.190252,-0.161972,0.271225,-0.442353,-0.057319,-0.266632,-0.124986,-0.242414,-0.337714,-0.350125,0.000022,0.025116,0.003796,0.158480,0.000015,0.030406,0.002647,0.174227,0.000000,0.000000,0.000000,0.268297,-0.558045,-2.884249,0.665123,-0.231793,-0.320831,2.896854,0.788080,0.000000,0.000000,0.000000,0.000000,0.000000,0.000000
1778448612.537600,sequential_ik_elbow_then_wrist,0,0,-0.021531,0.231001,-0.190198,-0.197430,0.270114,-0.430051,-0.059808,-0.263816,-0.129709,-0.245375,-0.339997,-0.352781,0.000044,0.034703,0.005560,0.186266,0.000009,0.029780,0.002112,0.172477,0.000000,0.000000,0.000000,0.220464,-0.588778,-2.945629,0.670590,-0.228623,-0.349736,2.955209,0.762874,0.000000,0.000000,0.000000,0.000000,0.000000,0.000000
1778448612.611786,sequential_ik_elbow_then_wrist,0,0,-0.026072,0.231628,-0.188862,-0.206615,0.272924,-0.424867,-0.062437,-0.262798,-0.130532,-0.248470,-0.344951,-0.351083,0.000023,0.035531,0.004045,0.188473,0.000003,0.029012,0.001324,0.170268,0.000000,0.000000,0.000000,0.190305,-0.611212,-2.992278,0.667725,-0.228692,-0.373351,2.999559,0.732714,0.000000,0.000000,0.000000,0.000000,0.000000,0.000000
1778448612.676305,sequential_ik_elbow_then_wrist,0,0,-0.022925,0.232289,-0.188457,-0.200880,0.281549,-0.424901,-0.060601,-0.263845,-0.129281,-0.243879,-0.350149,-0.350552,0.000000,0.032721,0.000393,0.180866,0.000000,0.027283,0.000309,0.165163,0.000000,0.000000,0.000000,0.167899,-0.627702,-3.027731,0.658591,-0.228214,-0.390817,3.033265,0.705019,0.000000,0.000000,0.000000,0.000000,0.000000,0.000000
1778448612.759613,sequential_ik_elbow_then_wrist,0,0,-0.023869,0.232513,-0.188063,-0.201942,0.282163,-0.424336,-0.058870,-0.263948,-0.129868,-0.247521,-0.350790,-0.346361,0.000000,0.032702,0.000525,0.180835,0.000001,0.029370,0.000591,0.171372,0.000000,0.000000,0.000000,0.151643,-0.639794,-3.054676,0.649308,-0.226625,-0.404383,3.058881,0.680462,0.000000,0.000000,0.000000,0.000000,0.000000,0.000000
1778448612.814750,sequential_ik_elbow_then_wrist,1,0,-0.024177,0.232907,-0.187536,-0.200603,0.282310,-0.425093,-0.066443,-0.262708,-0.128724,-0.259904,-0.348581,-0.341324,0.000000,0.031905,0.000360,0.178619,0.000008,0.031308,0.002108,0.176934,0.000000,0.000000,0.000000,0.139761,-0.648466,-3.075154,0.642219,-0.229836,-0.413983,3.078350,0.657844,0.000000,0.000000,0.000000,0.000000,0.000000,0.000000
1778448612.876192,sequential_ik_elbow_then_wrist,1,0,-0.025222,0.232403,-0.188023,-0.202701,0.281898,-0.424775,-0.069739,-0.261486,-0.129467,-0.265641,-0.347534,-0.339748,0.000000,0.032304,0.000564,0.179734,0.000005,0.031311,0.001656,0.176941,0.000000,0.000000,0.000000,0.131593,-0.655324,-3.090717,0.636101,-0.235764,-0.421623,3.093146,0.636789,0.000000,0.000000,0.000000,0.000000,0.000000,0.000000
1778448612.962317,sequential_ik_elbow_then_wrist,1,0,-0.019347,0.232504,-0.188593,-0.191501,0.284833,-0.428645,-0.069280,-0.261609,-0.129464,-0.265450,-0.347961,-0.339371,0.000006,0.029511,0.002124,0.171786,0.000000,0.030781,0.000349,0.175443,0.000000,0.000000,0.000000,0.122111,-0.661056,-3.102545,0.631545,-0.241003,-0.427502,3.104391,0.618927,0.000000,0.000000,0.000000,0.000000,0.000000,0.000000
1778448613.017032,sequential_ik_elbow_then_wrist,1,0,-0.019383,0.232013,-0.189194,-0.192475,0.284433,-0.428550,-0.070108,-0.261177,-0.129890,-0.266283,-0.348199,-0.339515,0.000001,0.030450,0.000843,0.174498,0.000000,0.030541,0.000390,0.174757,0.000000,0.000000,0.000000,0.113648,-0.666002,-3.111534,0.628040,-0.245771,-0.432278,3.112937,0.603852,0.000000,0.000000,0.000000,0.000000,0.000000,0.000000
1778448613.100432,sequential_ik_elbow_then_wrist,1,0,-0.019099,0.231529,-0.189815,-0.187628,0.285408,-0.432086,-0.069235,-0.260978,-0.130756,-0.264286,-0.348326,-0.341292,0.000000,0.028803,0.000484,0.169715,0.000000,0.029957,0.000276,0.173082,0.000000,0.000000,0.000000,0.106565,-0.670389,-3.118366,0.625049,-0.249133,-0.436571,3.119432,0.591997,0.000000,0.000000,0.000000,0.000000,0.000000,0.000000
1778448613.181108,sequential_ik_elbow_then_wrist,1,0,-0.019340,0.231312,-0.190054,-0.186771,0.287915,-0.432465,-0.068841,-0.260961,-0.130997,-0.264364,-0.347134,-0.341579,0.000000,0.028429,0.000141,0.168607,0.000000,0.030328,0.000190,0.174150,0.000000,0.000000,0.000000,0.101078,-0.674057,-3.123558,0.620724,-0.251375,-0.440151,3.124368,0.583308,0.000000,0.000000,0.000000,0.000000,0.000000,0.000000
1778448613.248792,sequential_ik_elbow_then_wrist,1,0,-0.020230,0.231138,-0.190173,-0.186565,0.287589,-0.433373,-0.070686,-0.259918,-0.132084,-0.267738,-0.346102,-0.341232,0.000000,0.028090,0.000342,0.167601,0.000001,0.030888,0.000644,0.175748,0.000000,0.000000,0.000000,0.097423,-0.677017,-3.127504,0.616787,-0.254267,-0.443691,3.128120,0.575071,0.000000,0.000000,0.000000,0.000000,0.000000,0.000000
1778448613.322464,sequential_ik_elbow_then_wrist,1,0,-0.019931,0.230943,-0.190442,-0.183135,0.288596,-0.435474,-0.075099,-0.259167,-0.131120,-0.273999,-0.343096,-0.339434,0.000000,0.026774,0.000097,0.163629,0.000004,0.031481,0.001508,0.177429,0.000000,0.000000,0.000000,0.094680,-0.679520,-3.130503,0.613168,-0.259601,-0.445910,3.130971,0.567792,0.000000,0.000000,0.000000,0.000000,0.000000,0.000000
1778448613.399091,sequential_ik_elbow_then_wrist,1,0,-0.021227,0.230926,-0.190322,-0.185390,0.290421,-0.434270,-0.074378,-0.259314,-0.131242,-0.272946,-0.343096,-0.339931,0.000000,0.027147,0.000531,0.164761,0.000000,0.030819,0.000228,0.175554,0.000000,0.000000,0.000000,0.093406,-0.681384,-3.132782,0.608401,-0.264133,-0.447568,3.133138,0.562167,0.000000,0.000000,0.000000,0.000000,0.000000,0.000000
1778448613.445343,sequential_ik_elbow_then_wrist,1,0,-0.021138,0.231178,-0.190027,-0.186924,0.291111,-0.432767,-0.072053,-0.259721,-0.131732,-0.267113,-0.343895,-0.343548,0.000000,0.027597,0.000192,0.166121,0.000001,0.029432,0.000644,0.171555,0.000000,0.000000,0.000000,0.092697,-0.682557,-3.134515,0.603626,-0.266253,-0.449159,3.134785,0.559734,0.000000,0.000000,0.000000,0.000000,0.000000,0.000000
1778448613.517914,sequential_ik_elbow_then_wrist,1,0,-0.021116,0.231597,-0.189518,-0.188695,0.293834,-0.430440,-0.071955,-0.259518,-0.132186,-0.261527,-0.344251,-0.348710,0.000000,0.028153,0.000177,0.167788,0.000000,0.027564,0.000247,0.166022,0.000000,0.000000,0.000000,0.092226,-0.682987,-3.135831,0.597966,-0.267444,-0.450756,3.136037,0.560553,0.000000,0.000000,0.000000,0.000000,0.000000,0.000000
1778448613.566288,sequential_ik_elbow_then_wrist,1,0,-0.022919,0.231863,-0.188982,-0.195506,0.293772,-0.426430,-0.066295,-0.260425,-0.133355,-0.252601,-0.346575,-0.352144,0.000001,0.030197,0.000754,0.173771,0.000006,0.026497,0.001801,0.162775,0.000000,0.000000,0.000000,0.092988,-0.682783,-3.136832,0.592149,-0.264664,-0.452866,3.136988,0.563297,0.000000,0.000000,0.000000,0.000000,0.000000,0.000000
1778448613.611424,sequential_ik_elbow_then_wrist,1,0,-0.023915,0.232044,-0.188636,-0.198253,0.294597,-0.424631,-0.065673,-0.260472,-0.133571,-0.251946,-0.347441,-0.352064,0.000001,0.030715,0.000697,0.175257,0.000001,0.027048,0.000729,0.164464,0.000000,0.000000,0.000000,0.094619,-0.682232,-3.137592,0.586292,-0.261062,-0.454821,3.137711,0.565615,0.000000,0.000000,0.000000,0.000000,0.000000,0.000000
1778448613.666744,sequential_ik_elbow_then_wrist,0,0,-0.038466,0.231554,-0.186824,-0.227360,0.294709,-0.411168,-0.065327,-0.260276,-0.134123,-0.247060,-0.350436,-0.355130,0.000052,0.037424,0.006065,0.193423,0.000000,0.025406,0.000347,0.159392,0.000000,0.000000,0.000000,0.105246,-0.680352,-3.138170,0.573581,-0.257697,-0.456766,3.138260,0.567084,0.000000,0.000000,0.000000,0.000000,0.000000,0.000000
1778448613.737342,sequential_ik_elbow_then_wrist,0,0,-0.035900,0.234089,-0.184156,-0.226527,0.306323,-0.404256,-0.067542,-0.259113,-0.135273,-0.256656,-0.347165,-0.350872,0.000004,0.035546,0.001538,0.188500,0.000001,0.028272,0.000726,0.168138,0.000000,0.000000,0.000000,0.115264,-0.676434,-3.138609,0.554953,-0.256470,-0.459144,3.138678,0.565298,0.000000,0.000000,0.000000,0.000000,0.000000,0.000000
1778448613.824760,sequential_ik_elbow_then_wrist,0,0,-0.035836,0.238409,-0.178541,-0.235992,0.324239,-0.384868,-0.076768,-0.256307,-0.135697,-0.269953,-0.347942,-0.346130,0.000008,0.038601,0.001836,0.196391,0.000017,0.028853,0.003125,0.169827,0.000000,0.000000,0.000000,0.123206,-0.668534,-3.138943,0.527230,-0.261961,-0.461464,3.138995,0.555690,0.000000,0.000000,0.000000,0.000000,0.000000,0.000000
1778448613.879326,sequential_ik_elbow_then_wrist,0,0,-0.075609,0.242153,-0.160141,-0.313822,0.334231,-0.317546,-0.078871,-0.259790,-0.127628,-0.277605,-0.364004,-0.326736,0.000358,0.057174,0.014862,0.238627,0.000012,0.028443,0.002368,0.168567,0.000000,0.000000,0.000000,0.153289,-0.647961,-3.139197,0.469631,-0.268737,-0.457792,3.139236,0.535642,0.000000,0.000000,0.000000,0.000000,0.000000,0.000000
1778448613.928882,sequential_ik_elbow_then_wrist,0,0,-0.144677,0.230232,-0.126735,-0.405345,0.326401,-0.239890,-0.134149,-0.246251,-0.106605,-0.371140,-0.350732,-0.257995,0.001389,0.052508,0.028348,0.228228,0.000567,0.038107,0.017350,0.194590,0.000000,0.000000,0.000000,0.228024,-0.606259,-3.139389,0.376683,-0.310007,-0.440018,3.139420,0.483114,0.000000,0.000000,0.000000,0.000000,0.000000,0.000000
1778448614.023066,sequential_ik_elbow_then_wrist,0,0,-0.153822,0.234577,-0.106358,-0.420483,0.338409,-0.196419,-0.146475,-0.244158,-0.094507,-0.388839,-0.374851,-0.213585,0.000286,0.036577,0.011948,0.191048,0.000153,0.025756,0.008730,0.159852,0.000000,0.000000,0.000000,0.304826,-0.553992,-3.139536,0.284832,-0.358934,-0.414872,3.139559,0.408965,0.000000,0.000000,0.000000,0.000000,0.000000,0.000000
1778448614.108366,sequential_ik_elbow_then_wrist,0,0,-0.175923,0.229880,-0.078779,-0.454263,0.328193,-0.132272,-0.150533,-0.243365,-0.090073,-0.384255,-0.413089,-0.171114,0.000284,0.033617,0.011560,0.183199,0.000027,0.014181,0.003643,0.118158,0.000000,0.000000,0.000000,0.381937,-0.491625,-3.139647,0.197130,-0.403233,-0.390163,3.139665,0.317013,0.000000,0.000000,0.000000,0.000000,0.000000,0.000000
1778448614.174273,sequential_ik_elbow_then_wrist,1,0,-0.187260,0.223606,-0.070244,-0.455814,0.355398,-0.092815,-0.151081,-0.243080,-0.089926,-0.375130,-0.441467,-0.111009,0.000091,0.018095,0.006520,0.134311,0.000002,0.008545,0.001066,0.090300,0.000000,0.000000,0.000000,0.453348,-0.433556,-3.139732,0.112618,-0.439138,-0.370001,3.139745,0.199649,0.000000,0.000000,0.000000,0.000000,0.000000,0.000000
1778448614.241074,sequential_ik_elbow_then_wrist,1,0,-0.175945,0.227835,-0.084465,-0.425204,0.393800,-0.066422,-0.074560,-0.271529,-0.103503,-0.188496,-0.544029,-0.050947,0.000019,0.010376,0.002926,0.101763,0.000920,0.008742,0.021706,0.093459,0.000000,0.000000,0.000000,0.503696,-0.396040,-3.139796,0.037590,-0.416414,-0.363721,3.139806,0.103733,0.000000,0.000000,0.000000,0.000000,0.000000,0.000000
1778448614.316077,sequential_ik_elbow_then_wrist,1,0,-0.174097,0.229959,-0.082519,-0.414034,0.399640,-0.022201,-0.100979,-0.268083,-0.089078,-0.193016,-0.534085,0.014711,0.000003,0.014887,0.001110,0.122013,0.000022,0.019836,0.003138,0.140841,0.000000,0.000000,0.000000,0.539253,-0.367792,-3.139845,-0.019432,-0.401945,-0.351109,3.139853,0.030837,0.000000,0.000000,0.000000,0.000000,0.000000,0.000000
1778448614.394989,sequential_ik_elbow_then_wrist,1,0,-0.172504,0.243986,-0.026710,-0.357344,0.424809,0.125399,-0.115686,-0.274661,-0.034320,-0.299506,-0.443978,0.131637,0.000396,0.010794,0.013269,0.077873,0.000432,0.023924,0.013861,0.134807,0.000000,0.000000,0.000000,0.559593,-0.311335,-2.386282,0.102284,-0.398723,-0.305185,2.386288,0.157447,0.000000,0.000000,0.000000,0.000000,0.000000,0.000000
1778448614.465990,sequential_ik_elbow_then_wrist,1,0,-0.156864,0.255607,-0.007669,-0.313382,0.430377,0.179300,-0.096946,-0.283300,0.018515,-0.293488,-0.410855,0.205867,0.000180,0.001808,0.008939,0.037405,0.000561,0.020437,0.015786,0.141634,0.000000,0.000000,0.000000,0.561454,-0.248639,-1.813575,0.243336,-0.385408,-0.229325,1.813579,0.300239,0.000000,0.000000,0.000000,0.000000,0.000000,0.000000
1778448614.540874,sequential_ik_elbow_then_wrist,1,0,-0.142141,0.264159,0.004005,-0.297496,0.412283,0.213586,-0.011789,-0.287375,0.085303,-0.162900,-0.407087,0.315161,0.000101,0.003536,0.006680,0.058766,0.001805,0.013669,0.028767,0.116632,0.000000,0.000000,0.000000,0.549232,-0.189249,-1.378317,0.372346,-0.320728,-0.120183,1.378320,0.428291,0.000000,0.000000,0.000000,0.000000,0.000000,0.000000
1778448614.627468,sequential_ik_elbow_then_wrist,1,0,-0.125156,0.272252,0.014657,-0.278005,0.402588,0.237479,0.002216,-0.279760,0.108301,-0.146114,-0.388073,0.345507,0.000094,0.005847,0.006462,0.076270,0.000388,0.019545,0.013481,0.139798,0.000000,0.000000,0.000000,0.525215,-0.134846,-1.047521,0.483431,-0.249759,-0.010526,1.047523,0.523052,0.000000,0.000000,0.000000,0.000000,0.000000,0.000000
1778448614.695275,sequential_ik_elbow_then_wrist,1,0,-0.126932,0.267320,0.049277,-0.293434,0.341661,0.287501,0.002290,-0.260436,0.148889,-0.113597,-0.348296,0.411284,0.000174,0.014301,0.008775,0.119382,0.000369,0.012996,0.012842,0.113989,0.000000,0.000000,0.000000,0.505888,-0.069894,-0.796116,0.584556,-0.190195,0.106600,0.796118,0.591182,0.000000,0.000000,0.000000,0.000000,0.000000,0.000000
1778448614.759043,sequential_ik_elbow_then_wrist,1,0,-0.131813,0.257715,0.078793,-0.295426,0.314133,0.323840,-0.010761,-0.251835,0.162675,-0.123881,-0.319429,0.432184,0.000189,0.015441,0.009152,0.124254,0.000117,0.013423,0.007420,0.115837,0.000000,0.000000,0.000000,0.496279,0.003521,-0.605048,0.658292,-0.151490,0.213328,0.605049,0.637961,0.000000,0.000000,0.000000,0.000000,0.000000,0.000000
1778448614.807716,sequential_ik_elbow_then_wrist,1,0,-0.136839,0.242343,0.112005,-0.274214,0.293019,0.373844,-0.033656,-0.243012,0.172662,-0.165515,-0.272941,0.440464,0.000255,0.010043,0.010694,0.100156,0.000180,0.019671,0.010401,0.140224,0.000000,0.000000,0.000000,0.497430,0.086455,-0.459836,0.706005,-0.138842,0.306056,0.459838,0.680245,0.000000,0.000000,0.000000,0.000000,0.000000,0.000000
1778448614.865476,sequential_ik_elbow_then_wrist,0,0,-0.149777,0.231727,0.117769,-0.299921,0.277973,0.373342,-0.100441,-0.229582,0.164936,-0.276040,-0.220411,0.408002,0.000090,0.012249,0.006719,0.110408,0.001190,0.042372,0.027925,0.205842,0.000000,0.000000,0.000000,0.510884,0.159579,-0.349476,0.723857,-0.177791,0.374546,0.349477,0.710195,0.000000,0.000000,0.000000,0.000000,0.000000,0.000000
1778448614.919931,sequential_ik_elbow_then_wrist,0,0,-0.146554,0.203614,0.164509,-0.251930,0.247903,0.441880,-0.135637,-0.208219,0.168070,-0.305576,-0.178018,0.413444,0.000438,0.004612,0.014239,0.067814,0.000917,0.038356,0.024524,0.195830,0.000000,0.000000,0.000000,0.532433,0.250209,-0.265602,0.728715,-0.249987,0.428182,0.265602,0.726566,0.000000,0.000000,0.000000,0.000000,0.000000,0.000000
1778448614.986724,sequential_ik_elbow_then_wrist,1,0,-0.144981,0.188792,0.182587,-0.249489,0.225098,0.461442,-0.122428,-0.200066,0.187043,-0.253121,-0.160767,0.454204,0.000181,0.004643,0.009347,0.067740,0.000120,0.020161,0.008191,0.141966,0.000000,0.000000,0.000000,0.556996,0.340797,-0.201857,0.714770,-0.315251,0.482922,0.201858,0.745037,0.000000,0.000000,0.000000,0.000000,0.000000,0.000000
1778448615.049560,sequential_ik_elbow_then_wrist,1,0,-0.126418,0.178545,0.205281,-0.185552,0.204683,0.498231,-0.100934,-0.196711,0.202773,-0.132797,-0.133554,0.494314,0.000173,0.000973,0.008824,0.031177,0.000107,0.003262,0.007404,0.055105,0.000000,0.000000,0.000000,0.573090,0.432953,-0.153411,0.706064,-0.358245,0.540464,0.153412,0.795076,0.000000,0.000000,0.000000,0.000000,0.000000,0.000000
1778448615.098497,sequential_ik_elbow_then_wrist,1,0,-0.116640,0.166732,0.220444,-0.156053,0.184259,0.517327,-0.084650,-0.185945,0.219679,-0.085626,-0.096716,0.506101,0.000110,0.000442,0.007035,0.020976,0.000160,0.001264,0.009405,0.034686,0.000000,0.000000,0.000000,0.583615,0.521613,-0.116593,0.696453,-0.382463,0.602589,0.116593,0.851903,0.000000,0.000000,0.000000,0.000000,0.000000,0.000000
1778448615.153366,sequential_ik_elbow_then_wrist,1,0,-0.117009,0.151638,0.230900,-0.154539,0.166466,0.528174,-0.059306,-0.178046,0.234056,-0.069923,-0.081697,0.517965,0.000081,0.000683,0.006578,0.025764,0.000329,0.001111,0.015178,0.033238,0.000000,0.000000,0.000000,0.596239,0.603082,-0.088610,0.678596,-0.385400,0.667880,0.088611,0.889058,0.000000,0.000000,0.000000,0.000000,0.000000,0.000000
1778448615.211919,sequential_ik_elbow_then_wrist,1,0,-0.122627,0.141121,0.234622,-0.175990,0.151962,0.529639,-0.046240,-0.160099,0.249460,-0.045608,-0.051725,0.529200,0.000093,0.001913,0.008437,0.043355,0.000274,0.000655,0.013519,0.025488,0.000000,0.000000,0.000000,0.614492,0.671963,-0.067344,0.651182,-0.376750,0.737623,0.067344,0.911686,0.000000,0.000000,0.000000,0.000000,0.000000,0.000000
1778448615.272345,sequential_ik_elbow_then_wrist,1,0,-0.126599,0.134545,0.236370,-0.164160,0.139296,0.533971,-0.040287,-0.142678,0.260806,-0.020089,-0.042050,0.542704,0.000089,0.001151,0.008568,0.033918,0.000158,0.000129,0.009822,0.009239,0.000000,0.000000,0.000000,0.637177,0.727663,-0.051181,0.632549,-0.364229,0.808413,0.051182,0.913052,0.000000,0.000000,0.000000,0.000000,0.000000,0.000000
1778448615.358108,sequential_ik_elbow_then_wrist,1,0,-0.125451,0.121132,0.244109,-0.174407,0.130599,0.539936,-0.047486,-0.135421,0.263450,-0.043237,-0.031234,0.544745,0.000130,0.001574,0.010096,0.039316,0.000018,0.000993,0.002987,0.031135,0.000000,0.000000,0.000000,0.663750,0.778785,-0.038898,0.605529,-0.355645,0.869516,0.038898,0.902522,0.000000,0.000000,0.000000,0.000000,0.000000,0.000000
1778448615.427400,sequential_ik_elbow_then_wrist,1,0,-0.123769,0.108459,0.250835,-0.152932,0.111946,0.549393,-0.043383,-0.113982,0.274091,-0.019487,-0.014821,0.556219,0.000153,0.000821,0.011055,0.028657,0.000096,0.000251,0.006930,0.014863,0.000000,0.000000,0.000000,0.693383,0.827042,-0.029562,0.585698,-0.351189,0.932479,0.029562,0.881320,0.000000,0.000000,0.000000,0.000000,0.000000,0.000000
1778448615.491898,sequential_ik_elbow_then_wrist,1,0,-0.126540,0.095576,0.254663,-0.157689,0.086865,0.552914,-0.042903,-0.098160,0.280221,-0.017294,-0.004178,0.563967,0.000231,0.001706,0.014135,0.041300,0.000103,0.000314,0.008229,0.016277,0.000000,0.000000,0.000000,0.727580,0.870452,-0.022467,0.568655,-0.351294,0.994116,0.022467,0.848350,0.000000,0.000000,0.000000,0.000000,0.000000,0.000000
1778448615.551783,sequential_ik_elbow_then_wrist,1,0,-0.116881,0.077265,0.265271,-0.131635,0.063545,0.564594,-0.046162,-0.100815,0.278757,0.001992,-0.003919,0.558565,0.000304,0.001207,0.015663,0.034744,0.000051,0.000011,0.006976,0.003271,0.000000,0.000000,0.000000,0.764476,0.918222,-0.017075,0.554554,-0.354939,1.041646,0.017075,0.823832,0.000000,0.000000,0.000000,0.000000,0.000000,0.000000
1778448615.632617,sequential_ik_elbow_then_wrist,1,0,-0.108532,0.052642,0.274681,-0.110627,0.019641,0.572853,-0.044650,-0.086519,0.283762,0.034507,0.017602,0.553749,0.000598,0.002464,0.022648,0.049634,0.000110,0.000662,0.009591,0.025541,0.000000,0.000000,0.000000,0.806031,0.972056,-0.012977,0.543370,-0.361918,1.086946,0.012977,0.812605,0.000000,0.000000,0.000000,0.000000,0.000000,0.000000
1778448615.716637,sequential_ik_elbow_then_wrist,1,0,-0.089522,0.040265,0.283486,-0.091568,-0.012523,0.578798,-0.037485,-0.079141,0.286935,0.047862,0.022714,0.555898,0.000409,0.003847,0.018352,0.061938,0.000041,0.001271,0.005380,0.035605,0.000000,0.000000,0.000000,0.846173,1.031513,-0.009863,0.527177,-0.369069,1.129625,0.009863,0.799767,0.000000,0.000000,0.000000,0.000000,0.000000,0.000000
1778448615.800601,sequential_ik_elbow_then_wrist,1,0,-0.080688,0.021146,0.288171,-0.074583,-0.045551,0.580599,-0.032145,-0.071138,0.289666,0.057929,0.042541,0.552275,0.000694,0.006118,0.025237,0.078174,0.000025,0.001377,0.003721,0.037095,0.000000,0.000000,0.000000,0.886589,1.091908,-0.007496,0.508734,-0.375343,1.170001,0.007496,0.791792,0.000000,0.000000,0.000000,0.000000,0.000000,0.000000
1778448615.882854,sequential_ik_elbow_then_wrist,1,0,-0.073812,0.011994,0.290531,-0.053138,-0.060127,0.580998,-0.037591,-0.065947,0.290238,0.071178,0.062448,0.538601,0.000730,0.006193,0.026462,0.078693,0.000076,0.001713,0.008499,0.041034,0.000000,0.000000,0.000000,0.926113,1.147447,-0.005697,0.493205,-0.382972,1.204155,0.005697,0.798736,0.000000,0.000000,0.000000,0.000000,0.000000,0.000000
1778448615.962734,sequential_ik_elbow_then_wrist,1,0,-0.070398,0.009886,0.291456,-0.028124,-0.067622,0.578170,-0.037904,-0.064580,0.290504,0.066527,0.073019,0.535781,0.000608,0.005353,0.024393,0.073089,0.000072,0.000985,0.008397,0.031273,0.000000,0.000000,0.000000,0.963497,1.193912,-0.004329,0.489356,-0.391521,1.231563,0.004329,0.810352,0.000000,0.000000,0.000000,0.000000,0.000000,0.000000
1778448615.997208,sequential_ik_elbow_then_wrist,1,0,-0.055398,0.006632,0.294766,-0.005460,-0.067392,0.581169,-0.042550,-0.061605,0.290507,0.064687,0.081457,0.531409,0.000400,0.003924,0.019443,0.062637,0.000162,0.000605,0.012592,0.024484,0.000000,0.000000,0.000000,0.996809,1.239241,-0.003290,0.484288,-0.402080,1.253112,0.003290,0.825032,0.000000,0.000000,0.000000,0.000000,0.000000,0.000000
1778448616.063810,sequential_ik_elbow_then_wrist,1,0,-0.055491,0.008998,0.294686,-0.014405,-0.064735,0.582567,-0.045156,-0.053904,0.291642,0.063760,0.100998,0.524328,0.000265,0.004204,0.016195,0.064730,0.000289,0.000181,0.016793,0.013016,0.000000,0.000000,0.000000,1.025902,1.275098,-0.002501,0.471503,-0.415245,1.273154,0.002501,0.844296,0.000000,0.000000,0.000000,0.000000,0.000000,0.000000
1778448616.120549,sequential_ik_elbow_then_wrist,1,0,-0.053336,0.006170,0.295156,-0.010590,-0.070767,0.581955,-0.051129,-0.054920,0.290464,0.046794,0.109124,0.521766,0.000292,0.004729,0.017004,0.068759,0.000401,0.000092,0.019853,0.009404,0.000000,0.000000,0.000000,1.051800,1.304488,-0.001901,0.459694,-0.431336,1.286641,0.001901,0.863749,0.000000,0.000000,0.000000,0.000000,0.000000,0.000000
1778448616.189239,sequential_ik_elbow_then_wrist,1,0,-0.051376,0.004252,0.295537,-0.012249,-0.074314,0.582411,-0.047097,-0.057336,0.290679,0.049919,0.107426,0.521854,0.000298,0.005337,0.017175,0.073032,0.000195,0.000061,0.013828,0.007782,0.000000,0.000000,0.000000,1.075120,1.328767,-0.001444,0.446609,-0.447894,1.296152,0.001444,0.880416,0.000000,0.000000,0.000000,0.000000,0.000000,0.000000
1778448616.257327,sequential_ik_elbow_then_wrist,1,0,-0.053833,0.003749,0.295107,-0.015258,-0.070665,0.583160,-0.046331,-0.058390,0.290593,0.047451,0.103515,0.525096,0.000321,0.005065,0.017835,0.071159,0.000135,0.000097,0.011528,0.009795,0.000000,0.000000,0.000000,1.096625,1.346211,-0.001098,0.433848,-0.464132,1.302738,0.001098,0.890741,0.000000,0.000000,0.000000,0.000000,0.000000,0.000000
1778448616.307884,sequential_ik_elbow_then_wrist,1,0,-0.054605,0.004357,0.294956,-0.010428,-0.070500,0.582089,-0.045045,-0.061692,0.290112,0.047622,0.099203,0.525751,0.000284,0.004813,0.016788,0.069362,0.000065,0.000075,0.007983,0.008679,0.000000,0.000000,0.000000,1.116618,1.358479,-0.000834,0.427161,-0.479057,1.306111,0.000834,0.898014,0.000000,0.000000,0.000000,0.000000,0.000000,0.000000
1778448616.373968,sequential_ik_elbow_then_wrist,1,0,-0.057028,0.003982,0.294503,-0.011495,-0.069644,0.581741,-0.047545,-0.063787,0.289259,0.047088,0.094705,0.525743,0.000299,0.004792,0.017190,0.069222,0.000070,0.000066,0.008213,0.008115,0.000000,0.000000,0.000000,1.135688,1.366084,-0.000634,0.423902,-0.493152,1.306280,0.000634,0.904318,0.000000,0.000000,0.000000,0.000000,0.000000,0.000000
1778448616.439408,sequential_ik_elbow_then_wrist,1,0,-0.063415,0.003917,0.293195,-0.018994,-0.068380,0.580945,-0.052732,-0.064671,0.288161,0.040876,0.091525,0.526573,0.000350,0.005035,0.018516,0.070955,0.000123,0.000180,0.010903,0.013402,0.000000,0.000000,0.000000,1.154690,1.367526,-0.000482,0.423046,-0.507691,1.303554,0.000482,0.909502,0.000000,0.000000,0.000000,0.000000,0.000000,0.000000
1778448616.501682,sequential_ik_elbow_then_wrist,1,0,-0.065647,0.003660,0.292707,-0.021844,-0.068309,0.580633,-0.053234,-0.065519,0.287877,0.039960,0.091391,0.525983,0.000337,0.005173,0.018233,0.071924,0.000095,0.000242,0.009622,0.015529,0.000000,0.000000,0.000000,1.173897,1.366130,-0.000366,0.423987,-0.522235,1.300101,0.000366,0.915064,0.000000,0.000000,0.000000,0.000000,0.000000,0.000000
1778448616.558773,sequential_ik_elbow_then_wrist,1,0,-0.068292,0.003391,0.292104,-0.024200,-0.068538,0.579996,-0.052613,-0.065889,0.287907,0.039842,0.091578,0.525933,0.000329,0.005316,0.018000,0.072909,0.000063,0.000286,0.007872,0.016901,0.000000,0.000000,0.000000,1.193439,1.362735,-0.000278,0.426380,-0.536184,1.297110,0.000278,0.920078,0.000000,0.000000,0.000000,0.000000,0.000000,0.000000
1778448616.611988,sequential_ik_elbow_then_wrist,1,0,-0.078028,0.002595,0.289664,-0.043689,-0.070067,0.578698,-0.052055,-0.065171,0.288172,0.040222,0.089224,0.528270,0.000415,0.006403,0.020030,0.080017,0.000049,0.000267,0.006921,0.016327,0.000000,0.000000,0.000000,1.214338,1.353572,-0.000212,0.426132,-0.549323,1.295284,0.000212,0.921680,0.000000,0.000000,0.000000,0.000000,0.000000,0.000000
1778448616.669851,sequential_ik_elbow_then_wrist,1,0,-0.087067,0.003408,0.287068,-0.067413,-0.069010,0.577532,-0.051672,-0.064541,0.288382,0.042761,0.082580,0.532181,0.000399,0.007165,0.019537,0.084620,0.000039,0.000136,0.006183,0.011489,0.000000,0.000000,0.000000,1.236909,1.339041,-0.000161,0.421000,-0.561556,1.294432,0.000161,0.918191,0.000000,0.000000,0.000000,0.000000,0.000000,0.000000
1778448616.716952,sequential_ik_elbow_then_wrist,1,0,-0.091388,0.019248,0.285093,-0.080694,-0.057482,0.574917,-0.048568,-0.062909,0.289281,0.047403,0.065455,0.542880,0.000036,0.005870,0.005174,0.076612,0.000018,0.000057,0.004136,0.005114,0.000000,0.000000,0.000000,1.255797,1.320886,-0.000122,0.416460,-0.572293,1.295877,0.000122,0.902183,0.000000,0.000000,0.000000,0.000000,0.000000,0.000000
1778448616.789980,sequential_ik_elbow_then_wrist,1,0,-0.095470,0.033116,0.282469,-0.083420,-0.024484,0.576641,-0.047278,-0.073659,0.286948,0.042028,0.023692,0.556294,0.000060,0.002119,0.007161,0.046012,0.000015,0.000590,0.003265,0.022637,0.000000,0.000000,0.000000,1.267253,1.300545,-0.000093,0.415980,-0.579437,1.292243,0.000093,0.868912,0.000000,0.000000,0.000000,0.000000,0.000000,0.000000
1778448616.883382,sequential_ik_elbow_then_wrist,1,0,-0.091893,0.057204,0.279792,-0.093758,0.044102,0.579499,-0.038318,-0.095315,0.281863,0.034323,-0.008434,0.559667,0.000696,0.000203,0.025842,0.013477,0.000406,0.001165,0.019452,0.033849,0.000000,0.000000,0.000000,1.264089,1.280766,-0.000071,0.404630,-0.576883,1.279658,0.000071,0.833103,0.000000,0.000000,0.000000,0.000000,0.000000,0.000000
1778448616.968818,sequential_ik_elbow_then_wrist,1,0,-0.085432,0.081467,0.275798,-0.101514,0.093994,0.575105,-0.034158,-0.118817,0.273342,0.026173,-0.034536,0.554868,0.001824,0.002262,0.041825,0.047256,0.000908,0.001607,0.028863,0.040075,0.000000,0.000000,0.000000,1.241393,1.261242,-0.000054,0.383177,-0.560755,1.254952,0.000054,0.808260,0.000000,0.000000,0.000000,0.000000,0.000000,0.000000
1778448617.027842,sequential_ik_elbow_then_wrist,1,0,-0.075260,0.126085,0.261608,-0.099724,0.184260,0.554894,-0.031176,-0.142410,0.262197,-0.003157,-0.057678,0.548615,0.004938,0.010951,0.068245,0.104466,0.001145,0.000501,0.031947,0.022277,0.000000,0.000000,0.000000,1.186687,1.231864,-0.000041,0.352090,-0.529228,1.217551,0.000041,0.794454,0.000000,0.000000,0.000000,0.000000,0.000000,0.000000
1778448617.110507,sequential_ik_elbow_then_wrist,1,0,-0.075118,0.150317,0.248520,-0.110210,0.243955,0.531363,-0.039099,-0.154834,0.253964,-0.046287,-0.072944,0.542481,0.004321,0.011687,0.062652,0.107971,0.000495,0.000340,0.020385,0.018343,0.000000,0.000000,0.000000,1.102560,1.187926,-0.000031,0.315498,-0.490807,1.173397,0.000031,0.788304,0.000000,0.000000,0.000000,0.000000,0.000000,0.000000
1778448617.172778,sequential_ik_elbow_then_wrist,1,0,-0.080615,0.161405,0.239687,-0.155923,0.268464,0.509626,-0.050133,-0.163716,0.246341,-0.112692,-0.114827,0.535644,0.002025,0.002674,0.041833,0.051379,0.000118,0.004857,0.009060,0.069239,0.000000,0.000000,0.000000,1.003781,1.135269,-0.000024,0.273544,-0.455071,1.126980,0.000024,0.764538,0.000000,0.000000,0.000000,0.000000,0.000000,0.000000
1778448617.217332,sequential_ik_elbow_then_wrist,1,0,-0.082941,0.180795,0.224575,-0.168221,0.299401,0.486605,-0.048076,-0.178318,0.236414,-0.109772,-0.175832,0.529991,0.001080,0.000419,0.029298,0.020451,0.000136,0.002836,0.009720,0.052545,0.000000,0.000000,0.000000,0.899863,1.074126,-0.000018,0.244096,-0.419891,1.078455,0.000018,0.725703,0.000000,0.000000,0.000000,0.000000,0.000000,0.000000
1778448617.280700,sequential_ik_elbow_then_wrist,1,0,-0.083750,0.221897,0.183705,-0.191042,0.356309,0.429514,-0.048878,-0.199682,0.218491,-0.085505,-0.222393,0.515379,0.001117,0.000377,0.026300,0.018923,0.000189,0.000516,0.010381,0.022705,0.000000,0.000000,0.000000,0.791884,0.987535,-0.000014,0.232263,-0.385089,1.021516,0.000014,0.696143,0.000000,0.000000,0.000000,0.000000,0.000000,0.000000
1778448617.341824,sequential_ik_elbow_then_wrist,1,0,-0.079266,0.254863,0.136974,-0.199614,0.432926,0.346282,-0.049738,-0.242793,0.169049,-0.166827,-0.309615,0.437051,0.000884,0.001586,0.021211,0.039823,0.000698,0.009135,0.018188,0.095446,0.000000,0.000000,0.000000,0.685975,0.877797,-0.000010,0.224611,-0.347985,0.933482,0.000010,0.661778,0.000000,0.000000,0.000000,0.000000,0.000000,0.000000
1778448617.386535,sequential_ik_elbow_then_wrist,1,0,-0.078240,0.273388,0.095591,-0.208782,0.461999,0.288942,-0.051022,-0.256409,0.147143,-0.178902,-0.350710,0.401612,0.000512,0.004340,0.015296,0.065381,0.000229,0.011156,0.010218,0.105618,0.000000,0.000000,0.000000,0.593005,0.756344,-0.000008,0.238156,-0.314345,0.840306,0.000008,0.636939,0.000000,0.000000,0.000000,0.000000,0.000000,0.000000
1778448617.443612,sequential_ik_elbow_then_wrist,1,0,-0.074328,0.279536,0.079592,-0.204783,0.481871,0.258594,-0.048918,-0.267341,0.127026,-0.188859,-0.377593,0.368399,0.000130,0.004924,0.007658,0.069992,0.000133,0.013894,0.007746,0.117865,0.000000,0.000000,0.000000,0.515442,0.644948,-0.000006,0.260506,-0.284283,0.749508,0.000006,0.621560,0.000000,0.000000,0.000000,0.000000,0.000000,0.000000
1778448617.525191,sequential_ik_elbow_then_wrist,1,0,-0.072469,0.286682,0.050611,-0.204870,0.502592,0.211399,-0.046736,-0.277887,0.102930,-0.178357,-0.399300,0.343626,0.000166,0.005431,0.008579,0.073661,0.000139,0.012137,0.007877,0.110054,0.000000,0.000000,0.000000,0.452449,0.537589,-0.000005,0.283026,-0.257533,0.659824,0.000005,0.621824,0.000000,0.000000,0.000000,0.000000,0.000000,0.000000
1778448617.564366,sequential_ik_elbow_then_wrist,1,0,-0.073966,0.290727,-0.002641,-0.225952,0.513338,0.129058,-0.039689,-0.287522,0.075868,-0.174001,-0.444192,0.293617,0.000455,0.008891,0.014209,0.094239,0.000168,0.012208,0.008674,0.110457,0.000000,0.000000,0.000000,0.403866,0.417821,-0.000003,0.307576,-0.230831,0.569439,0.000003,0.615697,0.000000,0.000000,0.000000,0.000000,0.000000,0.000000
1778448617.624406,sequential_ik_elbow_then_wrist,1,0,-0.074871,0.285866,-0.051720,-0.232692,0.510340,0.069540,-0.034594,-0.296325,0.031544,-0.169836,-0.495265,0.210799,0.000479,0.010092,0.014586,0.099936,0.000347,0.012398,0.012419,0.111174,0.000000,0.000000,0.000000,0.368070,0.287625,-0.000003,0.350770,-0.205030,0.467846,0.000003,0.596177,0.000000,0.000000,0.000000,0.000000,0.000000,0.000000
1778448617.673205,sequential_ik_elbow_then_wrist,1,0,-0.075734,0.279467,-0.078504,-0.236934,0.507736,0.030617,-0.020192,-0.299305,0.002915,-0.155878,-0.531970,0.135039,0.000210,0.010056,0.009654,0.099926,0.000232,0.013607,0.010143,0.116374,0.000000,0.000000,0.000000,0.342660,0.162755,-0.000002,0.403773,-0.175078,0.365400,0.000002,0.562097,0.000000,0.000000,0.000000,0.000000,0.000000,0.000000
1778448617.716516,sequential_ik_elbow_then_wrist,1,0,-0.073296,0.276009,-0.091907,-0.228606,0.515612,0.000121,0.000632,-0.299104,-0.023161,-0.150665,-0.535313,0.083208,0.000066,0.008069,0.005407,0.089790,0.000221,0.021859,0.009906,0.147844,0.000000,0.000000,0.000000,0.322879,0.053289,-0.000002,0.450086,-0.137097,0.265656,0.000002,0.533988,0.000000,0.000000,0.000000,0.000000,0.000000,0.000000
1778448617.784581,sequential_ik_elbow_then_wrist,1,0,-0.069070,0.272976,-0.103505,-0.223401,0.521492,-0.037009,0.007261,-0.297704,-0.036325,-0.144794,-0.537336,0.060916,0.000039,0.007783,0.004149,0.088180,0.000072,0.025440,0.005657,0.159482,0.000000,0.000000,0.000000,0.305659,-0.040807,-0.000001,0.478733,-0.100639,0.176675,0.000001,0.518198,0.000000,0.000000,0.000000,0.000000,0.000000,0.000000
1778448617.834188,sequential_ik_elbow_then_wrist,1,0,-0.066079,0.272975,-0.105442,-0.217685,0.525893,-0.050233,0.010206,-0.296910,-0.041714,-0.137628,-0.541395,0.049786,0.000006,0.007549,0.001737,0.086862,0.000017,0.025587,0.002725,0.159954,0.000000,0.000000,0.000000,0.290183,-0.116091,-0.000001,0.495816,-0.069337,0.102681,0.000001,0.509609,0.000000,0.000000,0.000000,0.000000,0.000000,0.000000
1778448617.877637,sequential_ik_elbow_then_wrist,1,0,-0.064357,0.273503,-0.105140,-0.216699,0.524834,-0.044934,0.015020,-0.297085,-0.038925,-0.140148,-0.537331,0.051654,0.000001,0.008154,0.000804,0.090288,0.000005,0.029579,0.001448,0.171979,0.000000,0.000000,0.000000,0.276658,-0.173970,-0.000001,0.512192,-0.041737,0.046725,0.000001,0.506409,0.000000,0.000000,0.000000,0.000000,0.000000,0.000000
1778448617.970513,sequential_ik_elbow_then_wrist,1,0,-0.059409,0.270646,-0.114985,-0.207101,0.522850,-0.047310,0.023507,-0.296805,-0.036803,-0.126822,-0.539692,0.054885,0.000017,0.007898,0.002828,0.088783,0.000013,0.029767,0.002378,0.172531,0.000000,0.000000,0.000000,0.263303,-0.224641,-0.000001,0.534204,-0.014624,0.005581,0.000001,0.505226,0.000000,0.000000,0.000000,0.000000,0.000000,0.000000
1778448618.032431,sequential_ik_elbow_then_wrist,1,0,-0.054890,0.271188,-0.115948,-0.210221,0.518110,-0.045933,0.028643,-0.296256,-0.037577,-0.116619,-0.542720,0.052725,0.000007,0.010344,0.001836,0.101661,0.000007,0.029867,0.001750,0.172821,0.000000,0.000000,0.000000,0.249472,-0.265325,-0.000000,0.557950,0.010607,-0.025852,0.000000,0.503369,0.000000,0.000000,0.000000,0.000000,0.000000,0.000000
1778448618.151029,sequential_ik_elbow_then_wrist,1,0,-0.055003,0.271474,-0.115223,-0.222036,0.509331,-0.040899,0.030853,-0.295838,-0.039091,-0.115457,-0.541528,0.051625,0.000000,0.013919,0.000448,0.117954,0.000002,0.031510,0.001001,0.177510,0.000000,0.000000,0.000000,0.237964,-0.296255,-0.000000,0.581949,0.032248,-0.050720,0.000000,0.503120,0.000000,0.000000,0.000000,0.000000,0.000000,0.000000
1778448618.239533,sequential_ik_elbow_then_wrist,1,0,-0.060446,0.270551,-0.114667,-0.232619,0.502274,-0.033053,0.033173,-0.294644,-0.045656,-0.112101,-0.540940,0.045085,0.000004,0.015077,0.001425,0.122761,0.000007,0.032051,0.001785,0.179024,0.000000,0.000000,0.000000,0.232379,-0.319394,-0.000000,0.606647,0.050775,-0.073935,0.000000,0.505802,0.000000,0.000000,0.000000,0.000000,0.000000,0.000000
1778448618.298728,sequential_ik_elbow_then_wrist,1,0,-0.060596,0.270565,-0.114554,-0.224665,0.505014,-0.024471,0.032026,-0.293955,-0.050641,-0.110747,-0.539715,0.045370,0.000000,0.012475,0.000441,0.111660,0.000005,0.031242,0.001523,0.176729,0.000000,0.000000,0.000000,0.229108,-0.336818,-0.000000,0.631856,0.064687,-0.095681,0.000000,0.515092,0.000000,0.000000,0.000000,0.000000,0.000000,0.000000
1778448618.359463,sequential_ik_elbow_then_wrist,1,0,-0.059316,0.270138,-0.116221,-0.222161,0.502154,-0.017987,0.033811,-0.293388,-0.052730,-0.109580,-0.538347,0.044397,0.000000,0.012313,0.000448,0.110917,0.000002,0.031675,0.000934,0.177960,0.000000,0.000000,0.000000,0.226172,-0.351137,-0.000000,0.658781,0.076356,-0.114455,0.000000,0.527385,0.000000,0.000000,0.000000,0.000000,0.000000,0.000000
1778448618.428216,sequential_ik_elbow_then_wrist,0,0,-0.055643,0.271725,-0.114321,-0.219249,0.501975,-0.013237,0.033854,-0.292416,-0.057852,-0.112086,-0.535961,0.039037,0.000003,0.012994,0.001217,0.113979,0.000004,0.032936,0.001390,0.181474,0.000000,0.000000,0.000000,0.221367,-0.360999,-0.000000,0.683119,0.085581,-0.132453,0.000000,0.540935,0.000000,0.000000,0.000000,0.000000,0.000000,0.000000
1778448618.502683,sequential_ik_elbow_then_wrist,0,0,-0.061368,0.269848,-0.115828,-0.232050,0.494214,-0.013223,0.027820,-0.291535,-0.065066,-0.138630,-0.522026,0.030683,0.000004,0.014826,0.001386,0.121756,0.000013,0.040736,0.002442,0.201808,0.000000,0.000000,0.000000,0.220730,-0.369267,-0.000000,0.704431,0.089021,-0.151533,0.000000,0.558559,0.000000,0.000000,0.000000,0.000000,0.000000,0.000000
1778448618.559983,sequential_ik_elbow_then_wrist,0,0,-0.066986,0.268481,-0.115890,-0.239544,0.491016,-0.012439,0.034800,-0.290472,-0.066445,-0.122610,-0.524547,0.035688,0.000007,0.014325,0.002006,0.119684,0.000005,0.037009,0.001586,0.192348,0.000000,0.000000,0.000000,0.224698,-0.375772,-0.000000,0.721917,0.095140,-0.168142,0.000000,0.580021,0.000000,0.000000,0.000000,0.000000,0.000000,0.000000
1778448618.621370,sequential_ik_elbow_then_wrist,0,0,-0.071321,0.266813,-0.117149,-0.245548,0.487498,-0.012539,0.042403,-0.289076,-0.068094,-0.109192,-0.525457,0.037469,0.000007,0.013710,0.001892,0.117087,0.000011,0.036468,0.002299,0.190950,0.000000,0.000000,0.000000,0.231839,-0.381609,-0.000000,0.736642,0.105430,-0.182294,0.000000,0.602535,0.000000,0.000000,0.000000,0.000000,0.000000,0.000000
1778448618.669701,sequential_ik_elbow_then_wrist,0,0,-0.071528,0.266493,-0.117750,-0.248086,0.485146,-0.012782,0.040623,-0.289493,-0.067404,-0.109423,-0.525788,0.040537,0.000001,0.013749,0.000646,0.117255,0.000000,0.036578,0.000106,0.191249,0.000000,0.000000,0.000000,0.238605,-0.386648,-0.000000,0.749085,0.113504,-0.192958,0.000000,0.623294,0.000000,0.000000,0.000000,0.000000,0.000000,0.000000
1778448618.735890,sequential_ik_elbow_then_wrist,0,0,-0.074681,0.262507,-0.124550,-0.255412,0.475899,-0.015920,0.033028,-0.290515,-0.067157,-0.110222,-0.528373,0.046435,0.000010,0.014568,0.002210,0.120673,0.000007,0.032569,0.001854,0.180465,0.000000,0.000000,0.000000,0.246674,-0.395204,-0.000000,0.764556,0.114952,-0.200888,0.000000,0.641728,0.000000,0.000000,0.000000,0.000000,0.000000,0.000000
1778448618.763717,sequential_ik_elbow_then_wrist,1,0,-0.085083,0.264684,-0.112708,-0.263549,0.478472,-0.001152,0.021015,-0.292930,-0.061241,-0.115107,-0.530388,0.061577,0.000032,0.012491,0.003961,0.111763,0.000029,0.027029,0.003696,0.164401,0.000000,0.000000,0.000000,0.259507,-0.394842,-0.000000,0.775597,0.107345,-0.203145,0.000000,0.658089,0.000000,0.000000,0.000000,0.000000,0.000000,0.000000
1778448618.846237,sequential_ik_elbow_then_wrist,1,0,-0.096826,0.263408,-0.106022,-0.279447,0.471993,0.008617,-0.007219,-0.295230,-0.052791,-0.148286,-0.526714,0.075720,0.000042,0.011758,0.004589,0.108426,0.000137,0.023361,0.007973,0.152841,0.000000,0.000000,0.000000,0.278345,-0.388575,-0.000000,0.780883,0.081912,-0.198721,0.000000,0.668568,0.000000,0.000000,0.000000,0.000000,0.000000,0.000000
1778448618.901555,sequential_ik_elbow_then_wrist,1,0,-0.162812,0.226060,-0.111306,-0.385642,0.391467,0.002656,-0.019382,-0.296460,-0.041663,-0.154811,-0.525302,0.097226,0.000918,0.016512,0.022123,0.128499,0.000070,0.017157,0.005623,0.130981,0.000000,0.000000,0.000000,0.342279,-0.386520,-0.000000,0.785093,0.050360,-0.186972,0.000000,0.674777,0.000000,0.000000,0.000000,0.000000,0.000000,0.000000
1778448618.970982,sequential_ik_elbow_then_wrist,1,0,-0.217178,0.174372,-0.111482,-0.457039,0.315243,0.000867,-0.039294,-0.295882,-0.030164,-0.173140,-0.516378,0.123024,0.001374,0.008927,0.027193,0.094476,0.000099,0.013301,0.006656,0.115330,0.000000,0.000000,0.000000,0.451321,-0.386016,-0.000000,0.785486,0.011197,-0.168980,0.000000,0.680639,0.000000,0.000000,0.000000,0.000000,0.000000,0.000000
1778448619.025857,sequential_ik_elbow_then_wrist,1,0,-0.233296,0.147985,-0.116934,-0.471727,0.290661,-0.003823,-0.055448,-0.294294,-0.017786,-0.184088,-0.504683,0.153061,0.000492,0.001590,0.016290,0.039875,0.000087,0.009444,0.006231,0.097166,0.000000,0.000000,0.000000,0.570195,-0.388925,-0.000000,0.785464,-0.032123,-0.145564,0.000000,0.689259,0.000000,0.000000,0.000000,0.000000,0.000000,0.000000
1778448619.090123,sequential_ik_elbow_then_wrist,1,0,-0.217976,0.161473,-0.128113,-0.384641,0.354606,0.029755,-0.062437,-0.293280,-0.009411,-0.184481,-0.498836,0.171840,0.000022,0.003881,0.003140,0.060255,0.000035,0.006710,0.003912,0.081914,0.000000,0.000000,0.000000,0.658257,-0.399112,-0.000000,0.823402,-0.072528,-0.120359,0.000000,0.697223,0.000000,0.000000,0.000000,0.000000,0.000000,0.000000
1778448619.150541,sequential_ik_elbow_then_wrist,1,0,-0.152906,0.208901,-0.151591,-0.290712,0.400356,0.033758,-0.045452,-0.296519,0.003281,-0.161427,-0.482676,0.207964,0.001172,0.003135,0.026026,0.053093,0.000053,0.006696,0.004851,0.081611,0.000000,0.000000,0.000000,0.675363,-0.425970,-0.000000,0.894912,-0.094283,-0.091677,0.000000,0.717567,0.000000,0.000000,0.000000,0.000000,0.000000,0.000000
1778448619.215193,sequential_ik_elbow_then_wrist,0,0,0.187315,0.181108,-0.148705,0.199029,0.420375,0.031888,-0.042985,-0.296476,0.015946,-0.159107,-0.458171,0.240380,0.035409,0.019524,0.165499,0.136742,0.000035,0.008243,0.003936,0.090541,0.000000,0.000000,0.000000,0.477482,-0.487864,-0.000000,1.018227,-0.107268,-0.059879,0.000000,0.749236,0.000000,0.000000,0.000000,0.000000,0.000000,0.000000
1778448619.279604,sequential_ik_elbow_then_wrist,1,0,0.227979,0.158250,-0.113940,0.224958,0.386473,0.080753,-0.017194,-0.298543,0.024014,-0.141280,-0.435340,0.260423,0.009555,0.005929,0.078736,0.076994,0.000105,0.011899,0.006817,0.108810,0.000000,0.000000,0.000000,0.195684,-0.489506,-0.000000,1.109579,-0.100357,-0.028426,0.000000,0.791839,0.000000,0.000000,0.000000,0.000000,0.000000,0.000000
1778448619.356675,sequential_ik_elbow_then_wrist,1,0,0.216355,0.201992,-0.048885,0.263979,0.459123,0.098137,-0.066858,-0.291593,0.022434,-0.209784,-0.458363,0.226787,0.001343,0.022769,0.024734,0.146185,0.000231,0.014857,0.010147,0.121130,0.000000,0.000000,0.000000,-0.040594,-0.429719,-0.000000,1.089239,-0.122226,-0.003814,0.000000,0.791579,0.000000,0.000000,0.000000,0.000000,0.000000,0.000000
1778448619.427620,sequential_ik_elbow_then_wrist,1,0,0.192714,0.229906,-0.002126,0.263392,0.478907,0.149543,-0.028870,-0.296860,0.032260,-0.136434,-0.448417,0.267760,0.000671,0.015108,0.017296,0.120106,0.000108,0.006976,0.006934,0.083306,0.000000,0.000000,0.000000,-0.203349,-0.341166,-0.000000,1.011084,-0.121423,0.021128,0.000000,0.805889,0.000000,0.000000,0.000000,0.000000,0.000000,0.000000
1778448619.492742,sequential_ik_elbow_then_wrist,1,0,0.141669,-0.031186,-0.262597,0.189466,-0.001410,-0.557265,-0.041658,-0.297062,-0.004301,-0.195872,-0.443376,0.207384,0.022319,0.006630,0.116892,0.081414,0.000144,0.019514,0.007987,0.139679,0.000000,0.000000,0.000000,-0.433535,-0.470111,-0.753600,0.948634,-0.124595,0.018906,0.000000,0.821200,0.000000,0.000000,0.000000,0.000000,0.000000,0.000000
1778448619.547751,sequential_ik_elbow_then_wrist,1,0,0.126516,-0.040773,-0.268945,0.153281,0.008527,-0.563654,-0.053250,-0.294495,-0.020912,-0.217612,-0.440230,0.183407,0.005621,0.001829,0.068509,0.033470,0.000092,0.021223,0.006378,0.145649,0.000000,0.000000,0.000000,-0.656896,-0.622856,-1.326336,0.837288,-0.135185,0.002110,0.000000,0.840206,0.000000,0.000000,0.000000,0.000000,0.000000,0.000000
1778448619.620794,sequential_ik_elbow_then_wrist,1,0,0.120229,-0.045937,-0.270989,0.137083,0.010971,-0.565059,-0.053996,-0.293177,-0.033638,-0.227711,-0.434663,0.165873,0.003224,0.000261,0.054975,0.012775,0.000042,0.023245,0.004308,0.152414,0.000000,0.000000,0.000000,-0.858481,-0.751050,-1.761615,0.728947,-0.145706,-0.021998,0.000000,0.863988,0.000000,0.000000,0.000000,0.000000,0.000000,0.000000
1778448619.693642,sequential_ik_elbow_then_wrist,1,0,0.126310,-0.039672,-0.269206,0.156210,0.039392,-0.557051,-0.056846,-0.291754,-0.040599,-0.231192,-0.441508,0.152215,0.001505,0.001986,0.037670,0.044338,0.000017,0.022205,0.002732,0.149014,0.000000,0.000000,0.000000,-1.033556,-0.844196,-2.092428,0.635818,-0.156168,-0.047244,0.000000,0.882462,0.000000,0.000000,0.000000,0.000000,0.000000,0.000000
1778448619.781617,sequential_ik_elbow_then_wrist,1,0,0.142441,-0.022166,-0.263096,0.213735,0.088547,-0.532650,-0.053280,-0.292490,-0.040139,-0.213069,-0.458355,0.152102,0.000265,0.010767,0.014957,0.103437,0.000001,0.016810,0.000796,0.129643,0.000000,0.000000,0.000000,-1.175919,-0.902598,-2.343845,0.545230,-0.162444,-0.067728,0.000000,0.892278,0.000000,0.000000,0.000000,0.000000,0.000000,0.000000
1778448619.853051,sequential_ik_elbow_then_wrist,1,0,0.136489,-0.026805,-0.265805,0.205417,0.052141,-0.546904,-0.036594,-0.294925,-0.040989,-0.181292,-0.467612,0.157106,0.000205,0.005232,0.013771,0.072332,0.000037,0.014001,0.004116,0.118319,0.000000,0.000000,0.000000,-1.293437,-0.947672,-2.534922,0.477994,-0.156400,-0.084131,0.000000,0.902638,0.000000,0.000000,0.000000,0.000000,0.000000,0.000000
1778448619.930299,sequential_ik_elbow_then_wrist,0,0,0.178604,0.039824,-0.237728,0.327035,0.212534,-0.433021,-0.061318,-0.292070,-0.030581,-0.212057,-0.486081,0.141574,0.001686,0.045823,0.037163,0.212399,0.000064,0.014115,0.005375,0.118244,0.000000,0.000000,0.000000,-1.353415,-0.952026,-2.680141,0.362970,-0.164638,-0.090323,0.000000,0.882747,0.000000,0.000000,0.000000,0.000000,0.000000,0.000000
1778448619.969042,sequential_ik_elbow_then_wrist,0,0,0.208264,0.215765,-0.008455,0.239796,0.464039,0.156972,-0.031120,-0.298341,-0.004895,-0.137204,-0.507594,0.182079,0.018565,0.087012,0.105638,0.279373,0.000174,0.005477,0.008786,0.073847,0.000000,0.000000,0.000000,-1.269066,-0.794799,-2.036907,0.502758,-0.154851,-0.077714,0.000000,0.856045,0.000000,0.000000,0.000000,0.000000,0.000000,0.000000
1778448620.032083,sequential_ik_elbow_then_wrist,0,0,0.098956,0.265901,-0.097490,-0.007550,0.466624,0.098384,-0.010939,-0.299463,0.014225,-0.150198,-0.472928,0.215512,0.004692,0.066404,0.049653,0.256011,0.000159,0.015846,0.008385,0.125816,0.000000,0.000000,0.000000,-1.092067,-0.684259,-1.548049,0.679475,-0.131257,-0.052361,0.000000,0.845421,0.000000,0.000000,0.000000,0.000000,0.000000,0.000000
1778448620.088317,sequential_ik_elbow_then_wrist,0,0,-0.260791,0.101177,-0.108403,-0.515092,0.199782,0.016530,-0.035317,-0.296995,0.023377,-0.169865,-0.452905,0.241527,0.043600,0.114392,0.177512,0.338216,0.000067,0.015332,0.005471,0.123783,0.000000,0.000000,0.000000,-0.697302,-0.643937,-1.176518,0.817032,-0.124746,-0.023821,0.000000,0.844847,0.000000,0.000000,0.000000,0.000000,0.000000,0.000000
1778448620.145155,sequential_ik_elbow_then_wrist,1,0,-0.227164,0.155876,-0.118741,-0.478283,0.263590,0.005101,-0.039585,-0.296428,0.023736,-0.199520,-0.446445,0.228470,0.002155,0.015702,0.035182,0.122504,0.000010,0.021263,0.002157,0.145793,0.000000,0.000000,0.000000,-0.327004,-0.594762,-0.894153,0.858305,-0.125084,0.000212,0.000000,0.838002,0.000000,0.000000,0.000000,0.000000,0.000000,0.000000
1778448620.230585,sequential_ik_elbow_then_wrist,1,0,-0.180962,0.212145,-0.110667,-0.394460,0.354913,0.044368,-0.023466,-0.298010,0.025290,-0.180668,-0.447472,0.232530,0.000260,0.002436,0.011722,0.049294,0.000025,0.020873,0.003330,0.144474,0.000000,0.000000,0.000000,-0.069646,-0.546216,-0.679557,0.883771,-0.116560,0.019976,0.000000,0.834058,0.000000,0.000000,0.000000,0.000000,0.000000,0.000000
1778448620.325142,sequential_ik_elbow_then_wrist,1,0,-0.134892,0.255681,-0.080196,-0.319331,0.416774,0.093099,-0.014880,-0.298340,0.027787,-0.168196,-0.450797,0.235755,0.000912,0.002799,0.021373,0.052906,0.000018,0.021290,0.002833,0.145910,0.000000,0.000000,0.000000,0.079775,-0.487215,-0.516463,0.901810,-0.102752,0.036886,0.000000,0.831263,0.000000,0.000000,0.000000,0.000000,0.000000,0.000000
1778448620.369404,sequential_ik_elbow_then_wrist,1,0,-0.107797,0.277458,-0.037374,-0.267976,0.453135,0.145602,-0.001655,-0.298337,0.031500,-0.133812,-0.457344,0.248874,0.000691,0.004039,0.017810,0.063225,0.000033,0.016586,0.003837,0.128785,0.000000,0.000000,0.000000,0.160026,-0.410056,-0.392512,0.900124,-0.082401,0.052475,0.000000,0.831027,0.000000,0.000000,0.000000,0.000000,0.000000,0.000000
1778448620.418669,sequential_ik_elbow_then_wrist,1,0,-0.107393,0.279454,-0.019300,-0.274686,0.462196,0.149869,0.004872,-0.298009,0.034164,-0.124181,-0.458281,0.252471,0.000133,0.007532,0.007697,0.085938,0.000014,0.017240,0.002523,0.131300,0.000000,0.000000,0.000000,0.212300,-0.332667,-0.298309,0.869770,-0.060617,0.066599,0.000000,0.831074,0.000000,0.000000,0.000000,0.000000,0.000000,0.000000
1778448620.495430,sequential_ik_elbow_then_wrist,1,0,-0.099620,0.282970,-0.001892,-0.262517,0.471720,0.164956,0.002573,-0.297915,0.035210,-0.125474,-0.467687,0.246827,0.000087,0.007661,0.006205,0.087110,0.000000,0.017636,0.000434,0.132753,0.000000,0.000000,0.000000,0.244752,-0.258808,-0.226715,0.826197,-0.044011,0.078502,0.000000,0.822468,0.000000,0.000000,0.000000,0.000000,0.000000,0.000000
1778448620.591145,sequential_ik_elbow_then_wrist,1,0,-0.104676,0.280919,0.011291,-0.268312,0.472208,0.174483,0.023463,-0.296663,0.037957,-0.072367,-0.468767,0.264224,0.000043,0.007892,0.004341,0.088545,0.000054,0.010667,0.004946,0.103271,0.000000,0.000000,0.000000,0.271112,-0.191096,-0.172303,0.775739,-0.018452,0.089534,0.000000,0.819672,0.000000,0.000000,0.000000,0.000000,0.000000,0.000000
1778448620.657896,sequential_ik_elbow_then_wrist,1,0,-0.095471,0.284366,0.004644,-0.248980,0.462546,0.190887,0.076772,-0.286639,0.044091,0.001337,-0.472171,0.267446,0.000011,0.007488,0.002174,0.086359,0.000431,0.010320,0.014014,0.101582,0.000000,0.000000,0.000000,0.285468,-0.141086,-0.130950,0.750453,0.037513,0.102279,0.000000,0.814865,0.000000,0.000000,0.000000,0.000000,0.000000,0.000000
1778448620.707732,sequential_ik_elbow_then_wrist,1,0,-0.109405,0.279328,-0.002499,-0.258542,0.450116,0.193944,0.114261,-0.273766,0.044682,0.068140,-0.462477,0.273289,0.000026,0.006846,0.003399,0.082548,0.000351,0.009591,0.012660,0.097930,0.000000,0.000000,0.000000,0.304222,-0.107818,-0.099522,0.744693,0.113165,0.113321,0.000000,0.813112,0.000000,0.000000,0.000000,0.000000,0.000000,0.000000
1778448620.818790,sequential_ik_elbow_then_wrist,1,0,-0.114950,0.277098,0.001796,-0.258687,0.433695,0.213496,0.128922,-0.268752,0.033938,0.108429,-0.464440,0.260402,0.000010,0.005957,0.002114,0.076897,0.000109,0.008965,0.007012,0.094681,0.000000,0.000000,0.000000,0.323957,-0.080969,-0.075637,0.756254,0.188053,0.115273,0.000000,0.810446,0.000000,0.000000,0.000000,0.000000,0.000000,0.000000
1778448620.898738,sequential_ik_elbow_then_wrist,0,0,-0.157589,0.255273,-0.001142,-0.327029,0.404281,0.196562,0.102880,-0.280780,-0.024045,-0.000597,-0.470309,0.184213,0.000297,0.007436,0.011469,0.086167,0.000493,0.032973,0.014791,0.181133,0.000000,0.000000,0.000000,0.369778,-0.062018,-0.057484,0.756987,0.231300,0.079458,0.000000,0.839194,0.000000,0.000000,0.000000,0.000000,0.000000,0.000000
1778448620.993643,sequential_ik_elbow_then_wrist,1,0,-0.161193,0.252392,0.017755,-0.333344,0.377607,0.229143,0.166799,-0.247515,-0.030240,0.242912,-0.466198,0.160507,0.000070,0.007092,0.005584,0.084190,0.000588,0.001319,0.016211,0.034315,0.000000,0.000000,0.000000,0.414492,-0.036283,-0.043688,0.762324,0.305598,0.039780,0.000000,0.832519,0.000000,0.000000,0.000000,0.000000,0.000000,0.000000
1778448621.077402,sequential_ik_elbow_then_wrist,1,0,-0.180463,0.235467,0.044589,-0.341394,0.319905,0.283276,0.144034,-0.254683,-0.066263,0.144231,-0.500782,0.105303,0.000218,0.007659,0.009849,0.087283,0.000207,0.016538,0.009582,0.128574,0.000000,0.000000,0.000000,0.466459,0.002531,-0.033203,0.781736,0.357294,-0.015697,0.000000,0.833557,0.000000,0.000000,0.000000,0.000000,0.000000,0.000000
1778448621.160333,sequential_ik_elbow_then_wrist,1,0,-0.204011,0.214627,0.048112,-0.370559,0.287510,0.286754,0.136424,-0.245720,-0.104930,0.098531,-0.482434,0.075432,0.000192,0.007229,0.009347,0.085004,0.000296,0.025465,0.011457,0.158750,0.000000,0.000000,0.000000,0.529601,0.038666,-0.025234,0.791817,0.394073,-0.088559,0.000000,0.873316,0.000000,0.000000,0.000000,0.000000,0.000000,0.000000
1778448621.207637,sequential_ik_elbow_then_wrist,1,0,-0.210683,0.207342,0.051205,-0.372162,0.280684,0.293167,0.180301,-0.225022,-0.082803,0.238958,-0.470660,0.079128,0.000047,0.004662,0.004656,0.068264,0.000316,0.007681,0.012515,0.087345,0.000000,0.000000,0.000000,0.589270,0.069552,-0.019178,0.796262,0.451473,-0.136753,0.000000,0.886191,0.000000,0.000000,0.000000,0.000000,0.000000,0.000000
1778448621.262710,sequential_ik_elbow_then_wrist,1,0,-0.210932,0.204665,0.060165,-0.367619,0.272895,0.306730,0.159356,-0.235471,-0.095702,0.153409,-0.480941,0.076661,0.000018,0.003936,0.002846,0.062740,0.000029,0.023353,0.003732,0.152643,0.000000,0.000000,0.000000,0.638674,0.099424,-0.014575,0.799171,0.488308,-0.179925,0.000000,0.913518,0.000000,0.000000,0.000000,0.000000,0.000000,0.000000
1778448621.359793,sequential_ik_elbow_then_wrist,1,0,-0.208883,0.208463,0.053955,-0.376676,0.275860,0.293336,0.173607,-0.229411,-0.085036,0.167196,-0.483276,0.074687,0.000003,0.004972,0.001095,0.070474,0.000029,0.025179,0.003753,0.158666,0.000000,0.000000,0.000000,0.674630,0.119687,-0.011077,0.795598,0.523947,-0.207333,0.000000,0.929356,0.000000,0.000000,0.000000,0.000000,0.000000,0.000000
1778448621.387854,sequential_ik_elbow_then_wrist,0,0,-0.206561,0.208139,0.063333,-0.355301,0.283971,0.312583,0.180378,-0.222872,-0.088272,0.134118,-0.461866,0.087061,0.000009,0.002655,0.002040,0.051511,0.000021,0.037209,0.003231,0.192601,0.000000,0.000000,0.000000,0.700702,0.140428,-0.008419,0.796247,0.558805,-0.229014,0.000000,0.966952,0.000000,0.000000,0.000000,0.000000,0.000000,0.000000
1778448621.452968,sequential_ik_elbow_then_wrist,0,0,-0.182377,0.230131,0.061469,-0.341571,0.277709,0.311256,0.063344,-0.262603,-0.130488,-0.096852,-0.439474,0.051318,0.000138,0.007199,0.008052,0.084724,0.002337,0.071966,0.035285,0.267208,0.000000,0.000000,0.000000,0.699950,0.156286,-0.006398,0.807561,0.511679,-0.275038,0.000000,1.052647,0.000000,0.000000,0.000000,0.000000,0.000000,0.000000
1778448621.508224,sequential_ik_elbow_then_wrist,0,0,-0.164599,0.241381,0.068135,-0.315065,0.295488,0.321970,0.081925,-0.261481,-0.122130,-0.053439,-0.454938,0.062941,0.000112,0.007161,0.007248,0.084594,0.000039,0.042186,0.004638,0.205389,0.000000,0.000000,0.000000,0.681418,0.172563,-0.004863,0.821341,0.465807,-0.309766,0.000000,1.120421,0.000000,0.000000,0.000000,0.000000,0.000000,0.000000
1778448621.556283,sequential_ik_elbow_then_wrist,0,0,-0.151607,0.248116,0.073851,-0.301688,0.319686,0.323558,-0.002354,-0.275055,-0.119747,-0.137967,-0.453459,0.079705,0.000066,0.007030,0.005601,0.083766,0.001231,0.032750,0.026114,0.180950,0.000000,0.000000,0.000000,0.653928,0.189514,-0.003696,0.823170,0.374731,-0.335374,0.000000,1.165525,0.000000,0.000000,0.000000,0.000000,0.000000,0.000000
1778448621.622831,sequential_ik_elbow_then_wrist,1,0,-0.134111,0.254836,0.084101,-0.272163,0.349901,0.332906,-0.010070,-0.287488,-0.085142,-0.122897,-0.466358,0.127639,0.000092,0.004838,0.006621,0.069356,0.000341,0.015052,0.012794,0.122413,0.000000,0.000000,0.000000,0.618256,0.210010,-0.002809,0.811931,0.284038,-0.331125,0.000000,1.180182,0.000000,0.000000,0.000000,0.000000,0.000000,0.000000
1778448621.696424,sequential_ik_elbow_then_wrist,1,0,-0.124264,0.259691,0.084375,-0.245642,0.367161,0.336798,-0.014782,-0.292710,-0.064048,-0.140344,-0.473424,0.139855,0.000039,0.003235,0.004375,0.056851,0.000137,0.015410,0.007841,0.123665,0.000000,0.000000,0.000000,0.580590,0.227489,-0.002135,0.799036,0.206568,-0.308936,0.000000,1.165402,0.000000,0.000000,0.000000,0.000000,0.000000,0.000000
1778448621.763397,sequential_ik_elbow_then_wrist,1,0,-0.109264,0.259951,0.102406,-0.218447,0.384380,0.352599,-0.018220,-0.295542,-0.048195,-0.120971,-0.486089,0.159492,0.000090,0.002087,0.006521,0.045340,0.000069,0.008986,0.005551,0.094386,0.000000,0.000000,0.000000,0.540777,0.252923,-0.001622,0.775872,0.143524,-0.277764,0.000000,1.133033,0.000000,0.000000,0.000000,0.000000,0.000000,0.000000
1778448621.827767,sequential_ik_elbow_then_wrist,1,0,-0.118150,0.254625,0.105862,-0.232551,0.383709,0.351320,-0.031670,-0.297654,-0.019976,-0.176850,-0.452822,0.191793,0.000012,0.002751,0.002390,0.052147,0.000161,0.018327,0.008469,0.135367,0.000000,0.000000,0.000000,0.513980,0.277285,-0.001233,0.744764,0.086414,-0.233278,0.000000,1.104318,0.000000,0.000000,0.000000,0.000000,0.000000,0.000000
1778448621.921895,sequential_ik_elbow_then_wrist,1,0,-0.123550,0.251170,0.107932,-0.245315,0.383784,0.347904,-0.055765,-0.294739,-0.004379,-0.226789,-0.425412,0.204607,0.000011,0.002991,0.002330,0.054489,0.000156,0.024750,0.008320,0.157289,0.000000,0.000000,0.000000,0.498507,0.298322,-0.000937,0.709898,0.025893,-0.185078,0.000000,1.074915,0.000000,0.000000,0.000000,0.000000,0.000000,0.000000
1778448622.002110,sequential_ik_elbow_then_wrist,1,0,-0.120312,0.246281,0.121944,-0.245019,0.377716,0.361054,-0.076867,-0.288857,0.025558,-0.264573,-0.399323,0.231868,0.000031,0.003059,0.003704,0.055174,0.000243,0.028010,0.010374,0.167250,0.000000,0.000000,0.000000,0.487591,0.324241,-0.000712,0.674129,-0.037527,-0.126656,0.000000,1.037961,0.000000,0.000000,0.000000,0.000000,0.000000,0.000000
1778448622.043357,sequential_ik_elbow_then_wrist,1,0,-0.118280,0.248030,0.120379,-0.242605,0.375282,0.361937,-0.083875,-0.284258,0.046498,-0.238108,-0.398086,0.277270,0.000001,0.003212,0.000775,0.056673,0.000126,0.014982,0.007483,0.122344,0.000000,0.000000,0.000000,0.477915,0.345158,-0.000541,0.645233,-0.094649,-0.064250,0.000000,1.001061,0.000000,0.000000,0.000000,0.000000,0.000000,0.000000
1778448622.162776,sequential_ik_elbow_then_wrist,1,0,-0.117794,0.248894,0.119065,-0.242452,0.373287,0.361936,-0.082814,-0.279071,0.072535,-0.237898,-0.378732,0.309213,0.000000,0.003495,0.000468,0.059116,0.000133,0.015222,0.007668,0.123330,0.000000,0.000000,0.000000,0.469662,0.360448,-0.000411,0.624826,-0.140409,0.003688,0.000000,0.964804,0.000000,0.000000,0.000000,0.000000,0.000000,0.000000
1778448622.214035,sequential_ik_elbow_then_wrist,1,0,-0.121665,0.246773,0.119586,-0.250233,0.360735,0.365518,-0.070489,-0.269344,0.111736,-0.208400,-0.367651,0.359357,0.000002,0.004511,0.001140,0.067131,0.000292,0.011315,0.011404,0.106194,0.000000,0.000000,0.000000,0.465883,0.372282,-0.000313,0.614427,-0.170028,0.085448,0.000000,0.922513,0.000000,0.000000,0.000000,0.000000,0.000000,0.000000
1778448622.295163,sequential_ik_elbow_then_wrist,1,0,-0.122743,0.240384,0.130958,-0.258294,0.328243,0.383755,-0.131974,-0.234429,0.132763,-0.302960,-0.285327,0.373953,0.000023,0.007003,0.003222,0.083591,0.000832,0.024103,0.021006,0.155115,0.000000,0.000000,0.000000,0.466090,0.389048,-0.000238,0.615921,-0.234781,0.169179,0.000000,0.874820,0.000000,0.000000,0.000000,0.000000,0.000000,0.000000
1778448622.345091,sequential_ik_elbow_then_wrist,0,0,-0.125530,0.220211,0.160466,-0.224720,0.298768,0.432478,-0.168384,-0.204112,0.141369,-0.365398,-0.196677,0.367489,0.000190,0.002876,0.009414,0.053574,0.000747,0.036890,0.020672,0.192014,0.000000,0.000000,0.000000,0.474519,0.424435,-0.000181,0.622954,-0.325494,0.243829,0.000000,0.827658,0.000000,0.000000,0.000000,0.000000,0.000000,0.000000
1778448622.396175,sequential_ik_elbow_then_wrist,1,0,-0.122598,0.199915,0.187092,-0.205091,0.268047,0.467365,-0.158139,-0.180835,0.179697,-0.245566,-0.163477,0.466149,0.000228,0.001695,0.010348,0.041080,0.000410,0.008059,0.014370,0.088812,0.000000,0.000000,0.000000,0.488218,0.476689,-0.000137,0.621787,-0.410680,0.330666,0.000000,0.823187,0.000000,0.000000,0.000000,0.000000,0.000000,0.000000
1778448622.496526,sequential_ik_elbow_then_wrist,1,0,-0.127637,0.178185,0.204839,-0.226661,0.202234,0.487002,-0.147685,-0.165949,0.201619,-0.295626,-0.115874,0.457755,0.000225,0.006078,0.011261,0.077958,0.000210,0.023525,0.009992,0.153022,0.000000,0.000000,0.000000,0.510997,0.536776,-0.000104,0.618790,-0.481990,0.420996,0.000000,0.794725,0.000000,0.000000,0.000000,0.000000,0.000000,0.000000
1778448622.579959,sequential_ik_elbow_then_wrist,1,0,-0.139084,0.155231,0.215775,-0.217536,0.175333,0.504637,-0.126201,-0.155248,0.223543,-0.224113,-0.090645,0.499659,0.000329,0.004092,0.015213,0.063933,0.000198,0.013348,0.009503,0.115507,0.000000,0.000000,0.000000,0.547174,0.596831,-0.000079,0.611174,-0.533054,0.514398,0.000000,0.779221,0.000000,0.000000,0.000000,0.000000,0.000000,0.000000
1778448622.631290,sequential_ik_elbow_then_wrist,1,0,-0.135799,0.132856,0.232181,-0.162481,0.070519,0.524417,-0.070837,-0.139064,0.256210,-0.039187,-0.044084,0.539012,0.000324,0.006167,0.014941,0.076405,0.001036,0.000651,0.026038,0.018748,0.000000,0.000000,0.000000,0.590066,0.660967,-0.000060,0.648932,-0.551376,0.625909,0.000000,0.808969,0.000000,0.000000,0.000000,0.000000,0.000000,0.000000
1778448622.714961,sequential_ik_elbow_then_wrist,1,0,-0.133643,0.119059,0.240758,-0.150418,0.032007,0.527360,-0.057780,-0.126142,0.265988,-0.006643,-0.021898,0.542607,0.000216,0.007284,0.012719,0.085179,0.000468,0.000066,0.018959,0.008054,0.000000,0.000000,0.000000,0.634862,0.722487,-0.000046,0.690568,-0.552210,0.731944,0.000000,0.833956,0.000000,0.000000,0.000000,0.000000,0.000000,0.000000
1778448622.782494,sequential_ik_elbow_then_wrist,1,0,-0.124709,0.104907,0.251878,-0.136958,0.004590,0.534343,-0.047357,-0.115342,0.272862,0.016300,-0.004985,0.544466,0.000172,0.008304,0.010977,0.091124,0.000318,0.000295,0.016285,0.017108,0.000000,0.000000,0.000000,0.677574,0.784107,-0.000035,0.720748,-0.542972,0.826959,0.000000,0.849278,0.000000,0.000000,0.000000,0.000000,0.000000,0.000000
1778448622.847599,sequential_ik_elbow_then_wrist,1,0,-0.115967,0.095548,0.259658,-0.117871,-0.011971,0.539722,-0.039725,-0.112372,0.275308,0.039032,-0.006325,0.544661,0.000101,0.007796,0.008267,0.088285,0.000288,0.001423,0.016261,0.037656,0.000000,0.000000,0.000000,0.715568,0.843442,-0.000026,0.740321,-0.526670,0.906269,0.000000,0.855816,0.000000,0.000000,0.000000,0.000000,0.000000,0.000000
1778448622.918433,sequential_ik_elbow_then_wrist,1,0,-0.117428,0.087201,0.261929,-0.120588,-0.020591,0.541877,-0.046002,-0.110705,0.275006,0.032023,-0.000047,0.542712,0.000112,0.008938,0.009876,0.094477,0.000061,0.000827,0.007601,0.028762,0.000000,0.000000,0.000000,0.751670,0.894347,-0.000020,0.746923,-0.510010,0.967132,0.000000,0.860475,0.000000,0.000000,0.000000,0.000000,0.000000,0.000000
1778448622.988793,sequential_ik_elbow_then_wrist,1,0,-0.112456,0.083831,0.265190,-0.126788,-0.027952,0.543217,-0.043791,-0.111244,0.275149,0.016261,0.010190,0.542819,0.000053,0.010636,0.006668,0.103037,0.000062,0.000108,0.007687,0.010385,0.000000,0.000000,0.000000,0.783617,0.938455,-0.000015,0.741328,-0.493052,1.013747,0.000000,0.864593,0.000000,0.000000,0.000000,0.000000,0.000000,0.000000
1778448623.059345,sequential_ik_elbow_then_wrist,1,0,-0.115344,0.078165,0.265680,-0.118244,-0.035058,0.543479,-0.064339,-0.108772,0.272083,0.043910,-0.000047,0.529883,0.000089,0.010234,0.009030,0.101164,0.000095,0.001617,0.009333,0.039930,0.000000,0.000000,0.000000,0.814081,0.973967,-0.000012,0.737076,-0.485483,1.044703,0.000000,0.879068,0.000000,0.000000,0.000000,0.000000,0.000000,0.000000
1778448623.142186,sequential_ik_elbow_then_wrist,1,0,-0.116613,0.075793,0.265813,-0.116180,-0.036490,0.544008,-0.068393,-0.108051,0.271381,0.037842,0.004805,0.528242,0.000076,0.009874,0.008370,0.099368,0.000107,0.001002,0.009995,0.031518,0.000000,0.000000,0.000000,0.842923,1.001561,-0.000009,0.733038,-0.485689,1.066221,0.000000,0.896978,0.000000,0.000000,0.000000,0.000000,0.000000,0.000000
1778448623.208390,sequential_ik_elbow_then_wrist,1,0,-0.116220,0.071223,0.267245,-0.109313,-0.041249,0.545279,-0.065052,-0.109642,0.271564,0.035956,0.004600,0.529917,0.000080,0.009498,0.008599,0.097458,0.000024,0.000868,0.004745,0.029464,0.000000,0.000000,0.000000,0.870564,1.024608,-0.000007,0.730490,-0.488711,1.082176,0.000000,0.911746,0.000000,0.000000,0.000000,0.000000,0.000000,0.000000
1778448623.260834,sequential_ik_elbow_then_wrist,1,0,-0.113395,0.070693,0.268596,-0.105917,-0.039829,0.547396,-0.063116,-0.107489,0.272878,0.034104,0.006568,0.532761,0.000033,0.008723,0.005472,0.093387,0.000011,0.000713,0.003178,0.026677,0.000000,0.000000,0.000000,0.895104,1.044339,-0.000005,0.725692,-0.492860,1.096106,0.000000,0.920710,0.000000,0.000000,0.000000,0.000000,0.000000,0.000000
1778448623.316157,sequential_ik_elbow_then_wrist,1,0,-0.111748,0.071908,0.268964,-0.106726,-0.036749,0.548550,-0.055261,-0.109248,0.273882,0.037015,-0.000549,0.537832,0.000007,0.008267,0.002591,0.090910,0.000015,0.001092,0.003626,0.032907,0.000000,0.000000,0.000000,0.915406,1.060294,-0.000004,0.718008,-0.493940,1.108618,0.000000,0.920329,0.000000,0.000000,0.000000,0.000000,0.000000,0.000000
1778448623.361869,sequential_ik_elbow_then_wrist,1,0,-0.132392,0.100029,0.249933,-0.144336,0.005469,0.534390,-0.053132,-0.115180,0.271865,0.006277,0.000936,0.542027,0.000210,0.006443,0.010584,0.080269,0.000044,0.000042,0.006365,0.005794,0.000000,0.000000,0.000000,0.926181,1.049167,-0.000003,0.711307,-0.491036,1.115644,0.000000,0.912915,0.000000,0.000000,0.000000,0.000000,0.000000,0.000000
1778448623.424177,sequential_ik_elbow_then_wrist,1,0,-0.129588,0.119072,0.242959,-0.147935,0.061125,0.536737,-0.050682,-0.117998,0.271123,0.000035,-0.023755,0.551384,0.000278,0.001918,0.014945,0.043763,0.000059,0.000193,0.007415,0.012148,0.000000,0.000000,0.000000,0.921817,1.028180,-0.000002,0.702313,-0.484366,1.119379,0.000000,0.891189,0.000000,0.000000,0.000000,0.000000,0.000000,0.000000
1778448623.486866,sequential_ik_elbow_then_wrist,1,0,-0.136855,0.129714,0.233335,-0.168630,0.102289,0.530384,-0.056885,-0.123845,0.267257,-0.038183,-0.032789,0.552492,0.000173,0.001041,0.011250,0.032064,0.000022,0.000438,0.003937,0.020435,0.000000,0.000000,0.000000,0.908399,0.999376,-0.000002,0.687023,-0.477213,1.116327,0.000000,0.863953,0.000000,0.000000,0.000000,0.000000,0.000000,0.000000
1778448623.556931,sequential_ik_elbow_then_wrist,1,0,-0.128063,0.140325,0.232182,-0.166147,0.141922,0.529751,-0.054827,-0.133732,0.262887,-0.064757,-0.052315,0.551457,0.000210,0.000188,0.013197,0.012903,0.000064,0.001399,0.007202,0.037167,0.000000,0.000000,0.000000,0.884469,0.973553,-0.000001,0.664313,-0.467187,1.106981,0.000000,0.833263,0.000000,0.000000,0.000000,0.000000,0.000000,0.000000
1778448623.623062,sequential_ik_elbow_then_wrist,1,0,-0.120764,0.157321,0.225091,-0.163174,0.179668,0.521236,-0.045091,-0.144927,0.258772,-0.073876,-0.079751,0.550188,0.000328,0.000024,0.016238,0.003756,0.000224,0.001493,0.014099,0.038407,0.000000,0.000000,0.000000,0.848620,0.946425,-0.000001,0.639432,-0.449401,1.093474,0.000000,0.799817,0.000000,0.000000,0.000000,0.000000,0.000000,0.000000
1778448623.683654,sequential_ik_elbow_then_wrist,1,0,-0.115724,0.176251,0.213410,-0.158676,0.219506,0.507151,-0.038468,-0.163657,0.248468,-0.079374,-0.110811,0.540930,0.000361,0.000077,0.016479,0.008672,0.000392,0.001577,0.018070,0.039712,0.000000,0.000000,0.000000,0.802304,0.913497,-0.000001,0.617680,-0.421684,1.070033,0.000000,0.773077,0.000000,0.000000,0.000000,0.000000,0.000000,0.000000
1778448623.749350,sequential_ik_elbow_then_wrist,1,0,-0.109844,0.188285,0.206115,-0.167294,0.251789,0.493633,-0.043521,-0.184655,0.232397,-0.112883,-0.150166,0.522224,0.000238,0.000027,0.013221,0.003839,0.000268,0.004493,0.013349,0.067032,0.000000,0.000000,0.000000,0.750486,0.879186,-0.000001,0.592747,-0.389927,1.032179,0.000000,0.752063,0.000000,0.000000,0.000000,0.000000,0.000000,0.000000
1778448623.821481,sequential_ik_elbow_then_wrist,1,0,-0.104643,0.203021,0.194505,-0.186595,0.283147,0.471748,-0.043829,-0.196177,0.222696,-0.126456,-0.178727,0.510564,0.000201,0.000459,0.011660,0.020977,0.000125,0.006188,0.008937,0.078666,0.000000,0.000000,0.000000,0.695864,0.841268,-0.000000,0.563354,-0.357747,0.989489,0.000000,0.736683,0.000000,0.000000,0.000000,0.000000,0.000000,0.000000
1778448623.871786,sequential_ik_elbow_then_wrist,1,0,-0.093662,0.219370,0.181945,-0.190237,0.310514,0.450955,-0.046542,-0.205167,0.213870,-0.125648,-0.195121,0.503078,0.000230,0.001338,0.012241,0.036560,0.000053,0.005955,0.005339,0.077127,0.000000,0.000000,0.000000,0.636996,0.799799,-0.000000,0.538308,-0.329225,0.945835,0.000000,0.731124,0.000000,0.000000,0.000000,0.000000,0.000000,0.000000
1778448623.955164,sequential_ik_elbow_then_wrist,1,0,-0.089384,0.230925,0.169364,-0.194818,0.331221,0.431708,-0.045393,-0.222995,0.195481,-0.133581,-0.232923,0.482054,0.000131,0.002647,0.008775,0.051440,0.000121,0.006711,0.007710,0.081916,0.000000,0.000000,0.000000,0.579894,0.755680,-0.000000,0.521343,-0.302362,0.894567,0.000000,0.728334,0.000000,0.000000,0.000000,0.000000,0.000000,0.000000
1778448624.004608,sequential_ik_elbow_then_wrist,1,0,-0.089569,0.250487,0.138685,-0.208131,0.371656,0.386195,-0.045244,-0.232116,0.184595,-0.130679,-0.259699,0.470846,0.000233,0.004163,0.010469,0.064522,0.000059,0.005931,0.005317,0.077010,0.000000,0.000000,0.000000,0.527423,0.697134,-0.000000,0.509006,-0.278376,0.842763,0.000000,0.727527,0.000000,0.000000,0.000000,0.000000,0.000000,0.000000
1778448624.079609,sequential_ik_elbow_then_wrist,1,0,-0.083582,0.264237,0.114860,-0.196813,0.406001,0.353778,-0.044279,-0.239665,0.174929,-0.124122,-0.288540,0.459949,0.000185,0.003508,0.009291,0.059163,0.000038,0.004654,0.004262,0.068205,0.000000,0.000000,0.000000,0.478173,0.630676,-0.000000,0.506447,-0.257193,0.793000,0.000000,0.723723,0.000000,0.000000,0.000000,0.000000,0.000000,0.000000
1778448624.158956,sequential_ik_elbow_then_wrist,1,0,-0.074092,0.277100,0.087898,-0.204568,0.429840,0.310713,-0.036891,-0.254267,0.154879,-0.143865,-0.334361,0.423470,0.000203,0.006532,0.009640,0.080778,0.000118,0.008286,0.007570,0.090891,0.000000,0.000000,0.000000,0.429979,0.557460,-0.000000,0.510913,-0.233823,0.738009,0.000000,0.708849,0.000000,0.000000,0.000000,0.000000,0.000000,0.000000
1778448624.250961,sequential_ik_elbow_then_wrist,1,0,-0.069971,0.277180,0.090968,-0.204179,0.444537,0.300682,-0.032893,-0.265354,0.136035,-0.152476,-0.365992,0.392105,0.000013,0.007484,0.002544,0.086494,0.000108,0.010921,0.007102,0.104485,0.000000,0.000000,0.000000,0.388009,0.498576,-0.000000,0.510440,-0.210042,0.678976,0.000000,0.692888,0.000000,0.000000,0.000000,0.000000,0.000000,0.000000
1778448624.298988,sequential_ik_elbow_then_wrist,1,0,-0.070892,0.285433,0.059180,-0.208676,0.463201,0.257710,-0.025363,-0.274528,0.118285,-0.157765,-0.402965,0.354872,0.000139,0.008323,0.007846,0.091225,0.000101,0.013997,0.006873,0.118243,0.000000,0.000000,0.000000,0.354000,0.432815,-0.000000,0.511884,-0.184707,0.618073,0.000000,0.671141,0.000000,0.000000,0.000000,0.000000,0.000000,0.000000
1778448624.395653,sequential_ik_elbow_then_wrist,1,0,-0.075020,0.288147,0.036650,-0.219575,0.484740,0.211164,-0.012234,-0.288234,0.082290,-0.152724,-0.452830,0.290065,0.000112,0.008668,0.007037,0.093079,0.000275,0.017161,0.011177,0.130905,0.000000,0.000000,0.000000,0.329692,0.363943,-0.000000,0.508016,-0.154450,0.544552,0.000000,0.642566,0.000000,0.000000,0.000000,0.000000,0.000000,0.000000
1778448624.477600,sequential_ik_elbow_then_wrist,1,0,-0.078050,0.289668,-0.000842,-0.232913,0.502078,0.143724,-0.004030,-0.297070,0.041634,-0.161832,-0.485040,0.214161,0.000237,0.009556,0.010243,0.097733,0.000340,0.024838,0.012298,0.157577,0.000000,0.000000,0.000000,0.313156,0.284098,-0.000000,0.500380,-0.123233,0.456774,0.000000,0.614317,0.000000,0.000000,0.000000,0.000000,0.000000,0.000000
1778448624.539865,sequential_ik_elbow_then_wrist,0,0,-0.077715,0.286233,-0.045067,-0.234050,0.513226,0.073395,0.004192,-0.299413,-0.018282,-0.170538,-0.508566,0.107116,0.000354,0.008893,0.012525,0.094287,0.000630,0.034290,0.016732,0.185158,0.000000,0.000000,0.000000,0.301384,0.189741,-0.000000,0.498629,-0.092419,0.345732,0.000000,0.586827,0.000000,0.000000,0.000000,0.000000,0.000000,0.000000
1778448624.610582,sequential_ik_elbow_then_wrist,0,0,-0.060445,0.261290,-0.134440,-0.223310,0.501136,-0.057309,0.012850,-0.281702,-0.102367,-0.171229,-0.508744,-0.034792,0.001368,0.011006,0.024755,0.104669,0.001272,0.042495,0.023845,0.206139,0.000000,0.000000,0.000000,0.286081,0.052363,-0.000000,0.514315,-0.061767,0.198119,0.000000,0.562349,0.000000,0.000000,0.000000,0.000000,0.000000,0.000000
1778448624.681686,sequential_ik_elbow_then_wrist,0,0,-0.050773,0.258273,-0.143935,-0.212678,0.505288,-0.091305,0.015277,-0.272482,-0.124580,-0.159640,-0.511254,-0.075673,0.000169,0.011518,0.008802,0.107172,0.000274,0.039420,0.011037,0.198474,0.000000,0.000000,0.000000,0.267193,-0.073848,-0.000000,0.539839,-0.034891,0.056532,0.000000,0.556585,0.000000,0.000000,0.000000,0.000000,0.000000,0.000000
1778448624.733552,sequential_ik_elbow_then_wrist,0,0,-0.024414,0.251824,-0.161210,-0.193489,0.498974,-0.143028,0.011425,-0.262278,-0.145189,-0.160907,-0.507412,-0.130662,0.000235,0.035955,0.011299,0.170939,0.000138,0.051608,0.007805,0.216059,0.000000,0.000000,0.000000,0.235116,-0.187257,-0.753600,0.362278,-0.015578,-0.072050,0.753600,0.383755,0.000000,0.000000,0.000000,0.000000,0.000000,0.000000
1778448624.803496,sequential_ik_elbow_then_wrist,0,0,-0.005547,0.244721,-0.173439,-0.175532,0.491711,-0.163395,0.008218,-0.255920,-0.156324,-0.160738,-0.503793,-0.159906,0.000197,0.036624,0.010802,0.191373,0.000053,0.042218,0.004862,0.205439,0.000000,0.000000,0.000000,0.193651,-0.286563,-1.326336,0.227331,-0.003076,-0.182524,1.326336,0.243654,0.000000,0.000000,0.000000,0.000000,0.000000,0.000000
1778448624.856064,sequential_ik_elbow_then_wrist,0,0,-0.006220,0.236974,-0.183861,-0.178333,0.482585,-0.191107,-0.000638,-0.252340,-0.162248,-0.170500,-0.498640,-0.184226,0.000052,0.039888,0.005173,0.199721,0.000034,0.039115,0.004285,0.197775,0.000000,0.000000,0.000000,0.156771,-0.372909,-1.761615,0.124772,0.000242,-0.273731,1.761615,0.137177,0.000000,0.000000,0.000000,0.000000,0.000000,0.000000
1778448624.915170,sequential_ik_elbow_then_wrist,0,0,0.001833,0.226544,-0.196658,-0.168125,0.472192,-0.224433,-0.001574,-0.243052,-0.175850,-0.173996,-0.486289,-0.209117,0.000078,0.039448,0.006481,0.198615,0.000047,0.038367,0.004632,0.195874,0.000000,0.000000,0.000000,0.121941,-0.451252,-2.092428,0.046827,0.000130,-0.354853,2.092428,0.056254,0.000000,0.000000,0.000000,0.000000,0.000000,0.000000
1778448625.018241,sequential_ik_elbow_then_wrist,0,0,0.015725,0.211067,-0.212611,-0.146427,0.459010,-0.259842,-0.007609,-0.238387,-0.181971,-0.168676,-0.486735,-0.230768,0.000174,0.038768,0.010224,0.196895,0.000029,0.031759,0.003962,0.178209,0.000000,0.000000,0.000000,0.084197,-0.527263,-2.343845,-0.012412,-0.004678,-0.423923,2.343845,-0.005247,0.000000,0.000000,0.000000,0.000000,0.000000,0.000000
1778448625.081296,sequential_ik_elbow_then_wrist,0,0,0.021164,0.187224,-0.233451,-0.119944,0.441356,-0.307649,0.020509,-0.230260,-0.191205,-0.131432,-0.482791,-0.247260,0.000235,0.034055,0.011396,0.184541,0.000169,0.030457,0.010560,0.174521,0.000000,0.000000,0.000000,0.046675,-0.608050,-2.534922,-0.057433,0.007330,-0.485551,2.534922,-0.051987,0.000000,0.000000,0.000000,0.000000,0.000000,0.000000
1778448625.159379,sequential_ik_elbow_then_wrist,0,0,0.020698,0.159166,-0.253452,-0.115173,0.406875,-0.354343,0.026362,-0.223962,-0.197854,-0.116109,-0.476145,-0.275992,0.000253,0.034248,0.011287,0.185063,0.000080,0.029773,0.007278,0.172547,0.000000,0.000000,0.000000,0.012864,-0.695863,-2.680141,-0.091649,0.026487,-0.539774,2.680141,-0.087510,0.000000,0.000000,0.000000,0.000000,0.000000,0.000000
1778448625.235151,sequential_ik_elbow_then_wrist,0,0,0.015210,0.131252,-0.269335,-0.114567,0.371871,-0.392869,0.023941,-0.210562,-0.212345,-0.113607,-0.457632,-0.312530,0.000216,0.034411,0.009877,0.185501,0.000068,0.029362,0.005721,0.171353,0.000000,0.000000,0.000000,-0.014301,-0.788657,-2.790507,-0.117653,0.044456,-0.594861,2.790507,-0.114508,0.000000,0.000000,0.000000,0.000000,0.000000,0.000000
1778448625.278342,sequential_ik_elbow_then_wrist,0,0,0.014493,0.118854,-0.275070,-0.109559,0.357161,-0.408564,0.021633,-0.193495,-0.228236,-0.121879,-0.428806,-0.346697,0.000068,0.034770,0.005676,0.186467,0.000098,0.031761,0.006613,0.178216,0.000000,0.000000,0.000000,-0.036131,-0.873579,-2.874385,-0.137417,0.059294,-0.654351,2.874385,-0.135026,0.000000,0.000000,0.000000,0.000000,0.000000,0.000000
1778448625.356967,sequential_ik_elbow_then_wrist,0,0,-0.013868,0.101421,-0.281996,-0.156041,0.315873,-0.436257,0.005992,-0.167732,-0.248656,-0.144307,-0.391871,-0.379698,0.000503,0.042076,0.020963,0.205124,0.000250,0.035183,0.011572,0.187573,0.000000,0.000000,0.000000,-0.042403,-0.954256,-2.938133,-0.152437,0.063638,-0.724521,2.938133,-0.150620,0.000000,0.000000,0.000000,0.000000,0.000000,0.000000
1778448625.421848,sequential_ik_elbow_then_wrist,0,0,-0.032025,0.096885,-0.282113,-0.190119,0.293943,-0.443898,-0.006335,-0.155571,-0.256432,-0.161828,-0.372946,-0.392705,0.001083,0.047510,0.032239,0.217968,0.000225,0.036729,0.012997,0.191647,0.000000,0.000000,0.000000,-0.032541,-1.021575,-2.986581,-0.163852,0.056859,-0.792679,2.986581,-0.162471,0.000000,0.000000,0.000000,0.000000,0.000000,0.000000
1778448625.484664,sequential_ik_elbow_then_wrist,0,0,-0.071901,0.079906,-0.280081,-0.252436,0.254322,-0.444355,-0.039885,-0.146571,-0.258701,-0.209669,-0.354998,-0.391861,0.004147,0.063267,0.063420,0.251530,0.001048,0.043472,0.030661,0.208500,0.000000,0.000000,0.000000,0.000660,-1.080479,-3.023402,-0.172527,0.028047,-0.852482,3.023402,-0.171478,0.000000,0.000000,0.000000,0.000000,0.000000,0.000000
1778448625.627816,sequential_ik_elbow_then_wrist,0,0,-0.067829,0.075584,-0.282287,-0.243213,0.254237,-0.447586,-0.029257,-0.147411,-0.259642,-0.192960,-0.357282,-0.398046,0.002830,0.051297,0.052517,0.226488,0.000202,0.032002,0.013539,0.178891,0.000000,0.000000,0.000000,0.046170,-1.127022,-3.051385,-0.179121,-0.004067,-0.899150,3.051385,-0.178323,0.000000,0.000000,0.000000,0.000000,0.000000,0.000000
1778448625.719095,sequential_ik_elbow_then_wrist,0,0,-0.066763,0.075418,-0.282586,-0.245143,0.252057,-0.446840,-0.028794,-0.144453,-0.261351,-0.192255,-0.350724,-0.405340,0.002077,0.045074,0.044978,0.212305,0.000094,0.028268,0.009239,0.168130,0.000000,0.000000,0.000000,0.098320,-1.160759,-3.072653,-0.184132,-0.035296,-0.936792,3.072653,-0.183526,0.000000,0.000000,0.000000,0.000000,0.000000,0.000000
1778448625.772563,sequential_ik_elbow_then_wrist,0,0,-0.062742,0.076837,-0.283125,-0.243276,0.243837,-0.454934,-0.030939,-0.141388,-0.262778,-0.198764,-0.335095,-0.418701,0.001277,0.036886,0.035231,0.192057,0.000075,0.026272,0.008219,0.162086,0.000000,0.000000,0.000000,0.152161,-1.184353,-3.088816,-0.187940,-0.064954,-0.967666,3.088816,-0.187480,0.000000,0.000000,0.000000,0.000000,0.000000,0.000000
1778448625.883851,sequential_ik_elbow_then_wrist,1,0,-0.068969,0.078299,-0.281270,-0.247026,0.226643,-0.471768,-0.036927,-0.136283,-0.264695,-0.200443,-0.325098,-0.430861,0.001248,0.028807,0.034741,0.169725,0.000124,0.023103,0.010609,0.151998,0.000000,0.000000,0.000000,0.207812,-1.198126,-3.101100,-0.190835,-0.094913,-0.994243,3.101100,-0.190484,0.000000,0.000000,0.000000,0.000000,0.000000,0.000000
1778448625.930880,sequential_ik_elbow_then_wrist,1,0,-0.069954,0.079730,-0.280624,-0.249419,0.210732,-0.482194,-0.040453,-0.127738,-0.268415,-0.208052,-0.309112,-0.438750,0.000904,0.023555,0.029525,0.153478,0.000150,0.023092,0.011590,0.151960,0.000000,0.000000,0.000000,0.263285,-1.205368,-3.110436,-0.193034,-0.125283,-1.020218,3.110436,-0.192768,0.000000,0.000000,0.000000,0.000000,0.000000,0.000000
1778448625.992790,sequential_ik_elbow_then_wrist,1,0,-0.072154,0.075203,-0.281315,-0.264733,0.188755,-0.481364,-0.044152,-0.125634,-0.268825,-0.215950,-0.303980,-0.438171,0.000818,0.025555,0.028113,0.159859,0.000141,0.023301,0.011429,0.152646,0.000000,0.000000,0.000000,0.318156,-1.211138,-3.117531,-0.194706,-0.155731,-1.041850,3.117531,-0.194504,0.000000,0.000000,0.000000,0.000000,0.000000,0.000000
1778448626.047521,sequential_ik_elbow_then_wrist,1,0,-0.069348,0.071454,-0.282993,-0.263431,0.175997,-0.486470,-0.044105,-0.121391,-0.270775,-0.215506,-0.298452,-0.441861,0.000561,0.023194,0.023276,0.152295,0.000095,0.021702,0.009363,0.147315,0.000000,0.000000,0.000000,0.370141,-1.217895,-3.122924,-0.195977,-0.184698,-1.061367,3.122924,-0.195823,0.000000,0.000000,0.000000,0.000000,0.000000,0.000000
1778448626.095038,sequential_ik_elbow_then_wrist,1,0,-0.065432,0.069845,-0.284325,-0.259285,0.170880,-0.489782,-0.041796,-0.114947,-0.273935,-0.213194,-0.287224,-0.449842,0.000326,0.020711,0.017756,0.143912,0.000057,0.020476,0.007051,0.143094,0.000000,0.000000,0.000000,0.417243,-1.225373,-3.127022,-0.196942,-0.210748,-1.081453,3.127022,-0.196825,0.000000,0.000000,0.000000,0.000000,0.000000,0.000000
1778448626.226268,sequential_ik_elbow_then_wrist,1,0,-0.066051,0.071330,-0.283812,-0.260464,0.172890,-0.488480,-0.040230,-0.114054,-0.274542,-0.203423,-0.281633,-0.462386,0.000230,0.019178,0.014926,0.138486,0.000021,0.016486,0.004365,0.128399,0.000000,0.000000,0.000000,0.459413,-1.230282,-3.130137,-0.197676,-0.233017,-1.098768,3.130137,-0.197587,0.000000,0.000000,0.000000,0.000000,0.000000,0.000000
1778448626.291399,sequential_ik_elbow_then_wrist,1,0,-0.061040,0.069419,-0.285403,-0.249252,0.172361,-0.495116,-0.040375,-0.113298,-0.274834,-0.204729,-0.281025,-0.461529,0.000109,0.015674,0.010237,0.125195,0.000014,0.016599,0.003648,0.128837,0.000000,0.000000,0.000000,0.495725,-1.236554,-3.132504,-0.198234,-0.252001,-1.112830,3.132504,-0.198166,0.000000,0.000000,0.000000,0.000000,0.000000,0.000000
1778448626.331455,sequential_ik_elbow_then_wrist,1,0,-0.061438,0.069838,-0.285216,-0.243945,0.171925,-0.500319,-0.039556,-0.112658,-0.275215,-0.205583,-0.281998,-0.458952,0.000081,0.013338,0.008873,0.115488,0.000006,0.017004,0.002402,0.130401,0.000000,0.000000,0.000000,0.526986,-1.241436,-3.134303,-0.198658,-0.267768,-1.124292,3.134303,-0.198606,0.000000,0.000000,0.000000,0.000000,0.000000,0.000000
1778448626.399952,sequential_ik_elbow_then_wrist,1,0,-0.060791,0.071903,-0.284841,-0.244747,0.171567,-0.499847,-0.042512,-0.108269,-0.276533,-0.209253,-0.279803,-0.457568,0.000039,0.012825,0.006147,0.113249,0.000030,0.018055,0.005254,0.134368,0.000000,0.000000,0.000000,0.553299,-1.244287,-3.135670,-0.198980,-0.282596,-1.135311,3.135670,-0.198941,0.000000,0.000000,0.000000,0.000000,0.000000,0.000000
1778448626.451321,sequential_ik_elbow_then_wrist,1,0,-0.063949,0.068779,-0.284921,-0.244536,0.160151,-0.506370,-0.043573,-0.108427,-0.276306,-0.210261,-0.279031,-0.458266,0.000085,0.012154,0.009063,0.110246,0.000025,0.017569,0.004856,0.132549,0.000000,0.000000,0.000000,0.577079,-1.246569,-3.136709,-0.199225,-0.296504,-1.143844,3.136709,-0.199195,0.000000,0.000000,0.000000,0.000000,0.000000,0.000000
1778448626.545613,sequential_ik_elbow_then_wrist,1,0,-0.063692,0.069097,-0.284902,-0.243579,0.156378,-0.508559,-0.043380,-0.104952,-0.277675,-0.210424,-0.274720,-0.460090,0.000057,0.011425,0.007452,0.106888,0.000024,0.017486,0.004731,0.132235,0.000000,0.000000,0.000000,0.598264,-1.248199,-3.137499,-0.199411,-0.309559,-1.152560,3.137499,-0.199388,0.000000,0.000000,0.000000,0.000000,0.000000,0.000000
1778448626.610399,sequential_ik_elbow_then_wrist,1,0,-0.061235,0.066752,-0.285997,-0.236854,0.150931,-0.514190,-0.040681,-0.100535,-0.279710,-0.204883,-0.272821,-0.462345,0.000039,0.010149,0.006084,0.100744,0.000014,0.017027,0.003288,0.130486,0.000000,0.000000,0.000000,0.616833,-1.251549,-3.138099,-0.199552,-0.320992,-1.163051,3.138099,-0.199535,0.000000,0.000000,0.000000,0.000000,0.000000,0.000000
1778448626.687574,sequential_ik_elbow_then_wrist,1,0,-0.057826,0.066587,-0.286744,-0.229490,0.148397,-0.518776,-0.033741,-0.101015,-0.280460,-0.195745,-0.270586,-0.467543,0.000011,0.008919,0.003118,0.094443,0.000011,0.015465,0.003146,0.124359,0.000000,0.000000,0.000000,0.632151,-1.256028,-3.138556,-0.199660,-0.328180,-1.173201,3.138556,-0.199647,0.000000,0.000000,0.000000,0.000000,0.000000,0.000000
1778448626.728834,sequential_ik_elbow_then_wrist,1,0,-0.059317,0.066837,-0.286381,-0.237558,0.144117,-0.514981,-0.034415,-0.100101,-0.280705,-0.197345,-0.270991,-0.465774,0.000013,0.010559,0.003523,0.102759,0.000003,0.016585,0.001758,0.128783,0.000000,0.000000,0.000000,0.645183,-1.259129,-3.138902,-0.199741,-0.332805,-1.181822,3.138902,-0.199731,0.000000,0.000000,0.000000,0.000000,0.000000,0.000000
1778448626.789420,sequential_ik_elbow_then_wrist,1,0,-0.059694,0.068668,-0.285869,-0.237382,0.142283,-0.516104,-0.034978,-0.098571,-0.281177,-0.197543,-0.269931,-0.466132,0.000006,0.010212,0.002342,0.101055,0.000001,0.017005,0.000676,0.130403,0.000000,0.000000,0.000000,0.656008,-1.260339,-3.139166,-0.199803,-0.336051,-1.189402,3.139166,-0.199796,0.000000,0.000000,0.000000,0.000000,0.000000,0.000000
1778448626.861813,sequential_ik_elbow_then_wrist,1,0,-0.060012,0.070995,-0.285234,-0.225306,0.142476,-0.525168,-0.035154,-0.101566,-0.280087,-0.192803,-0.270477,-0.471439,0.000002,0.007496,0.001087,0.086580,0.000002,0.014793,0.001313,0.121629,0.000000,0.000000,0.000000,0.664612,-1.259701,-3.139366,-0.199851,-0.337957,-1.193500,3.139366,-0.199845,0.000000,0.000000,0.000000,0.000000,0.000000,0.000000
1778448626.920250,sequential_ik_elbow_then_wrist,1,0,-0.066094,0.073651,-0.283209,-0.226188,0.140630,-0.527920,-0.033390,-0.109249,-0.277398,-0.186246,-0.268076,-0.480890,0.000017,0.007124,0.003676,0.084405,0.000027,0.011305,0.004712,0.106326,0.000000,0.000000,0.000000,0.672577,-1.254988,-3.139518,-0.199886,-0.337186,-1.191796,3.139518,-0.199882,0.000000,0.000000,0.000000,0.000000,0.000000,0.000000
1778448627.002564,sequential_ik_elbow_then_wrist,1,0,-0.062501,0.076233,-0.283341,-0.215717,0.140245,-0.533195,-0.034572,-0.112401,-0.275991,-0.177191,-0.268007,-0.489172,0.000001,0.005827,0.000965,0.076336,0.000016,0.008563,0.003614,0.092538,0.000000,0.000000,0.000000,0.678224,-1.250653,-3.139634,-0.199914,-0.334788,-1.187129,3.139634,-0.199910,0.000000,0.000000,0.000000,0.000000,0.000000,0.000000
1778448627.075798,sequential_ik_elbow_then_wrist,1,0,-0.054809,0.079016,-0.284170,-0.195463,0.145824,-0.540593,-0.031765,-0.112893,-0.276127,-0.165631,-0.257124,-0.502572,0.000056,0.003634,0.007357,0.060247,0.000025,0.006556,0.004907,0.080966,0.000000,0.000000,0.000000,0.679323,-1.248942,-3.139722,-0.194842,-0.330302,-1.183061,3.139722,-0.199932,0.000000,0.000000,0.000000,0.000000,0.000000,0.000000
1778448627.125778,sequential_ik_elbow_then_wrist,1,0,-0.054735,0.079048,-0.284175,-0.192430,0.149428,-0.541249,-0.032470,-0.113606,-0.275752,-0.165745,-0.238837,-0.513565,0.000041,0.003387,0.006326,0.058201,0.000013,0.007512,0.003520,0.086666,0.000000,0.000000,0.000000,0.677433,-1.247967,-3.139788,-0.190190,-0.324971,-1.179227,3.139788,-0.197848,0.000000,0.000000,0.000000,0.000000,0.000000,0.000000
1778448627.193401,sequential_ik_elbow_then_wrist,1,0,-0.058473,0.077089,-0.283969,-0.193833,0.149267,-0.541783,-0.028903,-0.114745,-0.275678,-0.168372,-0.217722,-0.520512,0.000004,0.003613,0.001863,0.060106,0.000034,0.009984,0.005708,0.099738,0.000000,0.000000,0.000000,0.675194,-1.246780,-3.139839,-0.185921,-0.317778,-1.176084,3.139839,-0.181847,0.000000,0.000000,0.000000,0.000000,0.000000,0.000000
1778448627.266760,sequential_ik_elbow_then_wrist,1,0,-0.059700,0.073030,-0.284785,-0.188103,0.149582,-0.544886,-0.027299,-0.117210,-0.274803,-0.171773,-0.206962,-0.521930,0.000003,0.002993,0.001493,0.054709,0.000041,0.012174,0.006246,0.110219,0.000000,0.000000,0.000000,0.674086,-1.247352,-3.139878,-0.182112,-0.308843,-1.172303,3.139878,-0.157425,0.000000,0.000000,0.000000,0.000000,0.000000,0.000000
1778448627.339480,sequential_ik_elbow_then_wrist,1,0,-0.060236,0.072046,-0.284923,-0.178894,0.152266,-0.548523,-0.017047,-0.123847,-0.272711,-0.161639,-0.196660,-0.525281,0.000005,0.002015,0.002090,0.044881,0.000205,0.012590,0.013875,0.111945,0.000000,0.000000,0.000000,0.674120,-1.248403,-3.139907,-0.177073,-0.294118,-1.166367,3.139907,-0.120606,0.000000,0.000000,0.000000,0.000000,0.000000,0.000000
1778448627.402603,sequential_ik_elbow_then_wrist,1,0,-0.054944,0.072101,-0.285977,-0.170023,0.156939,-0.549717,-0.017698,-0.127355,-0.271049,-0.192810,-0.157126,-0.512812,0.000005,0.001277,0.001993,0.035724,0.000124,0.026338,0.010734,0.161859,0.000000,0.000000,0.000000,0.673402,-1.251453,-3.139929,-0.174790,-0.276570,-1.158510,3.139929,-0.064206,0.000000,0.000000,0.000000,0.000000,0.000000,0.000000
1778448627.450555,sequential_ik_elbow_then_wrist,0,0,-0.054396,0.073432,-0.285743,-0.178571,0.164948,-0.543047,-0.019733,-0.127456,-0.270861,-0.226472,-0.124102,-0.488225,0.000007,0.001515,0.002655,0.038789,0.000046,0.045163,0.006565,0.212271,0.000000,0.000000,0.000000,0.671777,-1.253824,-3.139946,-0.180841,-0.259244,-1.151314,3.139946,0.003101,0.000000,0.000000,0.000000,0.000000,0.000000,0.000000
1778448627.523773,sequential_ik_elbow_then_wrist,0,0,-0.055296,0.072952,-0.285693,-0.184987,0.165100,-0.540033,-0.059634,-0.130393,-0.263517,-0.290460,-0.092183,-0.451293,0.000002,0.002028,0.001430,0.045034,0.000601,0.078242,0.023387,0.279619,0.000000,0.000000,0.000000,0.669961,-1.255519,-3.139959,-0.185439,-0.261218,-1.136786,3.139959,0.072061,0.000000,0.000000,0.000000,0.000000,0.000000,0.000000
1778448627.602021,sequential_ik_elbow_then_wrist,0,0,-0.054950,0.075460,-0.285108,-0.181812,0.175854,-0.537748,-0.069535,-0.129476,-0.261535,-0.302400,-0.088514,-0.446186,0.000009,0.001470,0.002835,0.038340,0.000590,0.078506,0.023252,0.280190,0.000000,0.000000,0.000000,0.667427,-1.255632,-3.139969,-0.188934,-0.278881,-1.121128,3.139969,0.124319,0.000000,0.000000,0.000000,0.000000,0.000000,0.000000
1778448627.679121,sequential_ik_elbow_then_wrist,0,0,-0.052130,0.080854,-0.284157,-0.171974,0.189123,-0.536972,-0.082691,-0.127396,-0.258713,-0.327242,-0.096610,-0.429731,0.000054,0.000689,0.007171,0.026255,0.000689,0.082285,0.025057,0.286674,0.000000,0.000000,0.000000,0.662489,-1.253737,-3.139976,-0.191590,-0.310541,-1.104850,3.139976,0.139652,0.000000,0.000000,0.000000,0.000000,0.000000,0.000000
1778448627.772042,sequential_ik_elbow_then_wrist,0,0,-0.044387,0.087875,-0.283386,-0.164138,0.199483,-0.534789,-0.087502,-0.126435,-0.257599,-0.324327,-0.101104,-0.440007,0.000231,0.000475,0.014951,0.021795,0.000449,0.068712,0.020178,0.262048,0.000000,0.000000,0.000000,0.652291,-1.250953,-3.139982,-0.193608,-0.349818,-1.089604,3.139982,0.135529,0.000000,0.000000,0.000000,0.000000,0.000000,0.000000
1778448627.838550,sequential_ik_elbow_then_wrist,0,0,-0.041511,0.092192,-0.282449,-0.153827,0.205969,-0.536299,-0.093818,-0.124113,-0.256504,-0.331534,-0.089964,-0.436295,0.000291,0.000224,0.016748,0.014973,0.000356,0.067472,0.017942,0.259729,0.000000,0.000000,0.000000,0.637149,-1.246960,-3.139986,-0.195142,-0.393534,-1.075844,3.139986,0.123674,0.000000,0.000000,0.000000,0.000000,0.000000,0.000000
1778448627.890710,sequential_ik_elbow_then_wrist,0,0,-0.040050,0.091209,-0.282979,-0.152521,0.187018,-0.544074,-0.100083,-0.116867,-0.257537,-0.334130,-0.079905,-0.441537,0.000224,0.000900,0.014715,0.029839,0.000362,0.062692,0.018099,0.250366,0.000000,0.000000,0.000000,0.619107,-1.244274,-3.139990,-0.189006,-0.440769,-1.066147,3.139990,0.107572,0.000000,0.000000,0.000000,0.000000,0.000000,0.000000
1778448627.941873,sequential_ik_elbow_then_wrist,0,0,-0.044951,0.094290,-0.281227,-0.163002,0.163706,-0.548145,-0.107189,-0.107408,-0.258794,-0.349666,-0.074885,-0.432423,0.000111,0.003179,0.010275,0.055944,0.000434,0.061999,0.019843,0.248833,0.000000,0.000000,0.000000,0.600721,-1.238747,-3.139992,-0.167561,-0.491782,-1.060636,3.139992,0.073703,0.000000,0.000000,0.000000,0.000000,0.000000,0.000000
1778448628.005828,sequential_ik_elbow_then_wrist,0,0,-0.051190,0.096121,-0.279536,-0.187373,0.158482,-0.539469,-0.111283,-0.099729,-0.260135,-0.359226,-0.070966,-0.426559,0.000028,0.006703,0.004976,0.081861,0.000398,0.057988,0.019024,0.240612,0.000000,0.000000,0.000000,0.584455,-1.230555,-3.139994,-0.147709,-0.544763,-1.058456,3.139994,0.024745,0.000000,0.000000,0.000000,0.000000,0.000000,0.000000
1778448628.074038,sequential_ik_elbow_then_wrist,0,0,-0.047973,0.093292,-0.281061,-0.185778,0.153905,-0.540552,-0.093639,-0.087235,-0.271333,-0.341486,-0.073698,-0.439823,0.000027,0.007267,0.005060,0.085244,0.000180,0.046409,0.011566,0.215315,0.000000,0.000000,0.000000,0.569667,-1.226065,-3.139995,-0.130963,-0.591823,-1.071610,3.139995,-0.029194,0.000000,0.000000,0.000000,0.000000,0.000000,0.000000
1778448628.137455,sequential_ik_elbow_then_wrist,0,0,-0.046763,0.080828,-0.285097,-0.181960,0.138388,-0.546647,-0.080395,-0.086776,-0.275693,-0.329321,-0.086281,-0.443132,0.000019,0.008024,0.002915,0.089575,0.000029,0.039846,0.003632,0.199615,0.000000,0.000000,0.000000,0.558488,-1.230505,-3.139997,-0.119541,-0.627935,-1.091271,3.139997,-0.070187,0.000000,0.000000,0.000000,0.000000,0.000000,0.000000
1778448628.189692,sequential_ik_elbow_then_wrist,0,0,-0.048651,0.075254,-0.286304,-0.189713,0.119461,-0.547354,-0.087294,-0.084684,-0.274241,-0.343929,-0.090768,-0.429487,0.000022,0.010976,0.004251,0.104766,0.000032,0.043494,0.005497,0.208551,0.000000,0.000000,0.000000,0.551618,-1.238174,-3.139997,-0.110700,-0.658517,-1.106269,3.139997,-0.101342,0.000000,0.000000,0.000000,0.000000,0.000000,0.000000
1778448628.247500,sequential_ik_elbow_then_wrist,0,0,-0.052900,0.066156,-0.287793,-0.202469,0.099497,-0.545703,-0.082112,-0.091300,-0.273719,-0.342337,-0.120717,-0.420066,0.000125,0.015147,0.010881,0.123069,0.000005,0.038494,0.002196,0.196200,0.000000,0.000000,0.000000,0.550548,-1.248534,-3.139998,-0.106210,-0.680511,-1.116818,3.139998,-0.125020,0.000000,0.000000,0.000000,0.000000,0.000000,0.000000
1778448628.323090,sequential_ik_elbow_then_wrist,0,0,-0.059191,0.057020,-0.288522,-0.225607,0.068475,-0.537870,-0.099236,-0.079811,-0.271629,-0.359096,-0.133397,-0.411634,0.000359,0.024153,0.018682,0.155410,0.000207,0.038236,0.013935,0.195539,0.000000,0.000000,0.000000,0.556493,-1.259996,-3.139998,-0.104662,-0.705409,-1.122054,3.139998,-0.143015,0.000000,0.000000,0.000000,0.000000,0.000000,0.000000
1778448628.380296,sequential_ik_elbow_then_wrist,0,0,-0.049938,0.037894,-0.293377,-0.221363,0.038511,-0.539575,-0.099544,-0.084802,-0.269999,-0.358175,-0.148020,-0.408251,0.000457,0.027281,0.020438,0.165144,0.000071,0.033081,0.008040,0.181881,0.000000,0.000000,0.000000,0.566988,-1.282577,-3.139999,-0.110665,-0.729186,-1.122706,3.139999,-0.156692,0.000000,0.000000,0.000000,0.000000,0.000000,0.000000
1778448628.459916,sequential_ik_elbow_then_wrist,1,0,-0.044570,0.042663,-0.293587,-0.190866,0.044391,-0.555493,-0.092300,-0.090255,-0.270804,-0.328805,-0.198256,-0.420474,0.000145,0.017665,0.011917,0.132900,0.000001,0.019681,0.000768,0.140290,0.000000,0.000000,0.000000,0.578142,-1.302240,-3.139999,-0.110956,-0.746786,-1.123423,3.139999,-0.167086,0.000000,0.000000,0.000000,0.000000,0.000000,0.000000
1778448628.510262,sequential_ik_elbow_then_wrist,0,0,-0.078540,0.046336,-0.285805,-0.260057,0.044967,-0.524656,-0.088894,-0.094516,-0.270490,-0.326692,-0.211063,-0.411446,0.001240,0.033289,0.034374,0.182369,0.000023,0.021058,0.004646,0.145113,0.000000,0.000000,0.000000,0.597380,-1.302415,-3.139999,-0.124312,-0.757290,-1.123624,3.139999,-0.174985,0.000000,0.000000,0.000000,0.000000,0.000000,0.000000
1778448628.624006,sequential_ik_elbow_then_wrist,0,0,-0.093379,0.067133,-0.277081,-0.289284,0.053853,-0.503895,-0.086314,-0.098919,-0.269750,-0.311974,-0.233154,-0.414865,0.000918,0.036201,0.028586,0.190262,0.000055,0.017730,0.007165,0.133155,0.000000,0.000000,0.000000,0.623844,-1.281521,-3.139999,-0.132189,-0.760809,-1.122726,3.139999,-0.180989,0.000000,0.000000,0.000000,0.000000,0.000000,0.000000
1778448628.722924,sequential_ik_elbow_then_wrist,0,0,-0.134041,0.074653,-0.257798,-0.366060,0.052501,-0.446680,-0.092956,-0.125176,-0.256301,-0.316413,-0.245852,-0.416001,0.001926,0.049901,0.040887,0.223344,0.000313,0.012062,0.015622,0.109826,0.000000,0.000000,0.000000,0.667762,-1.235679,-3.140000,-0.148464,-0.753337,-1.104817,3.140000,-0.185551,0.000000,0.000000,0.000000,0.000000,0.000000,0.000000
1778448628.784741,sequential_ik_elbow_then_wrist,0,0,-0.142055,0.088890,-0.248835,-0.378042,0.058963,-0.431632,-0.094953,-0.127295,-0.254519,-0.304383,-0.246318,-0.433327,0.000672,0.041343,0.023509,0.203331,0.000108,0.007896,0.009583,0.088859,0.000000,0.000000,0.000000,0.718489,-1.181132,-3.140000,-0.160136,-0.740367,-1.084895,3.140000,-0.189019,0.000000,0.000000,0.000000,0.000000,0.000000,0.000000
1778448628.850954,sequential_ik_elbow_then_wrist,0,0,-0.201643,0.086259,-0.204693,-0.438385,0.045764,-0.384453,-0.134713,-0.123912,-0.237694,-0.334039,-0.258647,-0.416902,0.001891,0.037863,0.036311,0.194479,0.000338,0.005688,0.015653,0.075417,0.000000,0.000000,0.000000,0.791796,-1.093980,-3.140000,-0.153601,-0.743125,-1.050312,3.140000,-0.191654,0.000000,0.000000,0.000000,0.000000,0.000000,0.000000
1778448628.963028,sequential_ik_elbow_then_wrist,1,0,-0.189226,0.075739,-0.220130,-0.414151,0.057136,-0.417773,-0.134176,-0.126098,-0.236846,-0.332766,-0.295762,-0.384413,0.000351,0.018619,0.016732,0.136215,0.000063,0.004718,0.007077,0.068687,0.000000,0.000000,0.000000,0.867667,-1.029366,-3.140000,-0.129371,-0.751922,-1.018418,3.140000,-0.193657,0.000000,0.000000,0.000000,0.000000,0.000000,0.000000
1778448629.023224,sequential_ik_elbow_then_wrist,1,0,-0.199581,0.085149,-0.207164,-0.443292,0.077070,-0.381921,-0.142705,-0.126596,-0.231536,-0.342300,-0.286163,-0.388698,0.000088,0.013705,0.007367,0.116970,0.000069,0.002735,0.007240,0.052296,0.000000,0.000000,0.000000,0.933034,-0.968758,-3.140000,-0.122420,-0.765737,-0.987651,3.140000,-0.195180,0.000000,0.000000,0.000000,0.000000,0.000000,0.000000
1778448629.105026,sequential_ik_elbow_then_wrist,1,0,-0.193404,0.090845,-0.210575,-0.445914,0.108087,-0.371639,-0.135595,-0.134520,-0.231340,-0.343141,-0.279320,-0.392455,0.000001,0.008382,0.000829,0.091360,0.000006,0.002624,0.002174,0.051225,0.000000,0.000000,0.000000,0.981632,-0.922929,-3.140000,-0.131418,-0.774013,-0.962500,3.140000,-0.196337,0.000000,0.000000,0.000000,0.000000,0.000000,0.000000
1778448629.175888,sequential_ik_elbow_then_wrist,1,0,-0.200930,0.075788,-0.209484,-0.481578,0.096526,-0.313439,-0.135947,-0.138356,-0.228858,-0.351986,-0.307877,-0.349646,0.000071,0.013050,0.007361,0.114168,0.000010,0.006784,0.002641,0.082366,0.000000,0.000000,0.000000,1.028250,-0.887309,-3.140000,-0.147878,-0.777641,-0.940597,3.140000,-0.197216,0.000000,0.000000,0.000000,0.000000,0.000000,0.000000
1778448629.241616,sequential_ik_elbow_then_wrist,1,0,-0.163164,0.122110,-0.220151,-0.375549,0.203876,-0.415617,-0.065974,-0.095579,-0.276608,-0.268415,-0.226142,-0.455413,0.000794,0.000244,0.024799,0.013272,0.001265,0.005338,0.026201,0.073063,0.000000,0.000000,0.000000,1.033299,-0.870544,-3.140000,-0.140580,-0.768620,-0.980461,3.140000,-0.197884,0.000000,0.000000,0.000000,0.000000,0.000000,0.000000
1778448629.315121,sequential_ik_elbow_then_wrist,1,0,-0.134129,0.130278,-0.234600,-0.333923,0.145368,-0.457881,-0.048982,-0.133203,-0.264306,-0.252859,-0.228194,-0.462828,0.000834,0.007383,0.025635,0.084928,0.001672,0.006459,0.039465,0.080368,0.000000,0.000000,0.000000,1.009571,-0.873950,-3.140000,-0.103730,-0.736122,-1.009328,3.140000,-0.198392,0.000000,0.000000,0.000000,0.000000,0.000000,0.000000
1778448629.394534,sequential_ik_elbow_then_wrist,1,0,-0.114816,0.123506,-0.248120,-0.287352,0.087550,-0.490892,-0.005072,-0.132161,-0.269273,-0.179079,-0.210282,-0.500830,0.000493,0.016275,0.019648,0.126645,0.003599,0.004375,0.058071,0.066050,0.000000,0.000000,0.000000,0.973676,-0.893789,-3.140000,-0.038845,-0.677150,-1.042791,3.140000,-0.190282,0.000000,0.000000,0.000000,0.000000,0.000000,0.000000
1778448629.488328,sequential_ik_elbow_then_wrist,1,0,-0.126389,0.120178,-0.244096,-0.305845,0.071739,-0.479573,-0.028510,-0.116284,-0.275073,-0.229651,-0.159681,-0.493383,0.000031,0.024622,0.005158,0.156878,0.000575,0.022330,0.023314,0.149374,0.000000,0.000000,0.000000,0.941608,-0.907775,-3.140000,0.018322,-0.619296,-1.071894,3.140000,-0.174121,0.000000,0.000000,0.000000,0.000000,0.000000,0.000000
1778448629.545080,sequential_ik_elbow_then_wrist,0,0,-0.125266,0.114059,-0.247587,-0.311886,0.050172,-0.473621,-0.042220,-0.113482,-0.274480,-0.257094,-0.155111,-0.479653,0.000004,0.032361,0.001515,0.179891,0.000061,0.033116,0.007561,0.181977,0.000000,0.000000,0.000000,0.916496,-0.921858,-3.140000,0.063527,-0.571098,-1.092559,3.140000,-0.164207,0.000000,0.000000,0.000000,0.000000,0.000000,0.000000
1778448629.645489,sequential_ik_elbow_then_wrist,0,0,-0.114890,0.118685,-0.250428,-0.298534,0.063681,-0.481187,-0.039768,-0.100767,-0.279758,-0.255158,-0.143040,-0.484258,0.000060,0.027875,0.007125,0.166958,0.000035,0.035055,0.004774,0.187224,0.000000,0.000000,0.000000,0.891273,-0.936600,-3.140000,0.097170,-0.532507,-1.116330,3.140000,-0.160390,0.000000,0.000000,0.000000,0.000000,0.000000,0.000000
1778448629.727977,sequential_ik_elbow_then_wrist,1,0,-0.101789,0.116096,-0.257217,-0.294230,0.064088,-0.481409,-0.024184,-0.096986,-0.282858,-0.225421,-0.137186,-0.501691,0.000120,0.029964,0.009798,0.173061,0.000217,0.027922,0.014101,0.167083,0.000000,0.000000,0.000000,0.864524,-0.956682,-3.140000,0.113798,-0.496621,-1.142338,3.140000,-0.152053,0.000000,0.000000,0.000000,0.000000,0.000000,0.000000
1778448629.777225,sequential_ik_elbow_then_wrist,1,0,-0.092559,0.114154,-0.261537,-0.290552,0.071446,-0.482840,-0.017522,-0.096564,-0.283493,-0.207269,-0.144256,-0.510918,0.000124,0.030120,0.010226,0.173475,0.000296,0.023300,0.016862,0.152642,0.000000,0.000000,0.000000,0.836693,-0.979317,-3.140000,0.114165,-0.461854,-1.165430,3.140000,-0.143689,0.000000,0.000000,0.000000,0.000000,0.000000,0.000000
1778448629.870513,sequential_ik_elbow_then_wrist,1,0,-0.087141,0.117279,-0.262015,-0.288042,0.075983,-0.480952,-0.024918,-0.095466,-0.283311,-0.226703,-0.141088,-0.500570,0.000135,0.031641,0.011090,0.177866,0.000067,0.031227,0.008050,0.176708,0.000000,0.000000,0.000000,0.807439,-0.998873,-3.140000,0.109145,-0.431882,-1.182663,3.140000,-0.140169,0.000000,0.000000,0.000000,0.000000,0.000000,0.000000
1778448629.947119,sequential_ik_elbow_then_wrist,0,0,-0.088461,0.129209,-0.255890,-0.287622,0.097319,-0.477966,-0.040418,-0.092050,-0.282654,-0.270645,-0.134022,-0.470360,0.000173,0.029910,0.012246,0.172944,0.000044,0.049717,0.006518,0.222882,0.000000,0.000000,0.000000,0.776053,-1.006817,-3.140000,0.107563,-0.412011,-1.194388,3.140000,-0.152842,0.000000,0.000000,0.000000,0.000000,0.000000,0.000000
1778448630.003084,sequential_ik_elbow_then_wrist,0,0,-0.088000,0.134321,-0.253405,-0.287384,0.107322,-0.475929,-0.054164,-0.088881,-0.281365,-0.298179,-0.114008,-0.454064,0.000120,0.030733,0.010240,0.175290,0.000306,0.063708,0.017177,0.252403,0.000000,0.000000,0.000000,0.744070,-1.008272,-3.140000,0.112250,-0.404759,-1.201456,3.140000,-0.164160,0.000000,0.000000,0.000000,0.000000,0.000000,0.000000
1778448630.075012,sequential_ik_elbow_then_wrist,0,0,-0.089113,0.157965,-0.238969,-0.294429,0.170751,-0.457331,-0.048925,-0.089243,-0.282209,-0.284349,-0.129801,-0.463678,0.000307,0.024852,0.015227,0.157613,0.000108,0.050939,0.010183,0.225697,0.000000,0.000000,0.000000,0.707091,-0.992887,-3.140000,0.108241,-0.403924,-1.207320,3.140000,-0.172761,0.000000,0.000000,0.000000,0.000000,0.000000,0.000000
1778448630.203597,sequential_ik_elbow_then_wrist,0,0,-0.082312,0.156743,-0.242191,-0.287649,0.167373,-0.460648,-0.041588,-0.087781,-0.283840,-0.269944,-0.126042,-0.474600,0.000142,0.028063,0.011069,0.167487,0.000014,0.044492,0.003545,0.210931,0.000000,0.000000,0.000000,0.668447,-0.980602,-3.140000,0.113083,-0.404800,-1.214626,3.140000,-0.179299,0.000000,0.000000,0.000000,0.000000,0.000000,0.000000
1778448630.260332,sequential_ik_elbow_then_wrist,0,0,-0.086128,0.150963,-0.244524,-0.291070,0.148151,-0.463592,-0.027554,-0.088996,-0.285167,-0.236422,-0.130713,-0.496434,0.000011,0.033986,0.002954,0.184305,0.000079,0.031799,0.008660,0.178322,0.000000,0.000000,0.000000,0.636391,-0.973350,-3.140000,0.126981,-0.401815,-1.223632,3.140000,-0.181972,0.000000,0.000000,0.000000,0.000000,0.000000,0.000000
1778448630.346812,sequential_ik_elbow_then_wrist,0,0,-0.087000,0.152374,-0.243337,-0.294723,0.144690,-0.459652,-0.027152,-0.089569,-0.285027,-0.235385,-0.135116,-0.496130,0.000003,0.036867,0.001697,0.191999,0.000064,0.031837,0.007884,0.178428,0.000000,0.000000,0.000000,0.610454,-0.967046,-3.140000,0.142084,-0.396255,-1.230947,3.140000,-0.184968,0.000000,0.000000,0.000000,0.000000,0.000000,0.000000
1778448630.413955,sequential_ik_elbow_then_wrist,0,0,-0.089041,0.151493,-0.243149,-0.300317,0.138950,-0.455764,-0.028347,-0.090963,-0.284468,-0.237648,-0.140426,-0.493625,0.000000,0.040143,0.000347,0.200355,0.000041,0.032756,0.006259,0.180986,0.000000,0.000000,0.000000,0.591041,-0.961869,-3.140000,0.155615,-0.389398,-1.235436,3.140000,-0.188575,0.000000,0.000000,0.000000,0.000000,0.000000,0.000000
1778448630.504689,sequential_ik_elbow_then_wrist,0,0,-0.093087,0.150717,-0.242114,-0.310346,0.135373,-0.448422,-0.029294,-0.091340,-0.284251,-0.238854,-0.141700,-0.492934,0.000007,0.043796,0.002503,0.209273,0.000023,0.033691,0.004706,0.183550,0.000000,0.000000,0.000000,0.578640,-0.956774,-3.140000,0.163601,-0.382184,-1.238125,3.140000,-0.191317,0.000000,0.000000,0.000000,0.000000,0.000000,0.000000
1778448630.566338,sequential_ik_elbow_then_wrist,0,0,-0.102315,0.150511,-0.238491,-0.320710,0.134553,-0.443550,-0.030302,-0.097056,-0.282244,-0.239341,-0.147721,-0.491375,0.000047,0.044620,0.006199,0.211232,0.000029,0.033825,0.005069,0.183911,0.000000,0.000000,0.000000,0.575123,-0.948964,-3.140000,0.167384,-0.374544,-1.236244,3.140000,-0.190564,0.000000,0.000000,0.000000,0.000000,0.000000,0.000000
1778448630.641640,sequential_ik_elbow_then_wrist,0,0,-0.108836,0.151600,-0.234888,-0.332428,0.142094,-0.434679,-0.031838,-0.096671,-0.282208,-0.242096,-0.151189,-0.489136,0.000051,0.043651,0.006343,0.208901,0.000008,0.034785,0.002771,0.186506,0.000000,0.000000,0.000000,0.578678,-0.938510,-3.140000,0.162336,-0.367485,-1.233798,3.140000,-0.190293,0.000000,0.000000,0.000000,0.000000,0.000000,0.000000
1778448630.719861,sequential_ik_elbow_then_wrist,0,0,-0.111053,0.155516,-0.231262,-0.336753,0.154944,-0.428896,-0.030640,-0.096736,-0.282318,-0.238932,-0.156617,-0.489751,0.000018,0.040031,0.003576,0.200056,0.000011,0.033359,0.003263,0.182644,0.000000,0.000000,0.000000,0.584697,-0.925922,-3.140000,0.151612,-0.360625,-1.231918,3.140000,-0.191712,0.000000,0.000000,0.000000,0.000000,0.000000,0.000000
1778448630.827684,sequential_ik_elbow_then_wrist,0,0,-0.118278,0.156685,-0.226849,-0.346197,0.155152,-0.421914,-0.033352,-0.102539,-0.279953,-0.256163,-0.159693,-0.472537,0.000032,0.040375,0.004837,0.200933,0.000010,0.040752,0.002674,0.201872,0.000000,0.000000,0.000000,0.594160,-0.911094,-3.140000,0.141325,-0.354376,-1.226280,3.140000,-0.193701,0.000000,0.000000,0.000000,0.000000,0.000000,0.000000
1778448630.872881,sequential_ik_elbow_then_wrist,0,0,-0.118860,0.160184,-0.224084,-0.347934,0.165738,-0.417718,-0.039200,-0.101117,-0.279712,-0.265869,-0.159867,-0.467247,0.000007,0.037295,0.002035,0.193116,0.000011,0.044068,0.003169,0.209923,0.000000,0.000000,0.000000,0.603019,-0.896001,-3.140000,0.130871,-0.351163,-1.220637,3.140000,-0.195213,0.000000,0.000000,0.000000,0.000000,0.000000,0.000000
1778448630.939959,sequential_ik_elbow_then_wrist,0,0,-0.118672,0.160956,-0.223629,-0.349910,0.176488,-0.414122,-0.043939,-0.101332,-0.278929,-0.275378,-0.159810,-0.460632,0.000001,0.034927,0.000647,0.186870,0.000040,0.046946,0.006146,0.216671,0.000000,0.000000,0.000000,0.610253,-0.883231,-3.140000,0.116912,-0.351782,-1.214795,3.140000,-0.196362,0.000000,0.000000,0.000000,0.000000,0.000000,0.000000
1778448630.995104,sequential_ik_elbow_then_wrist,0,0,-0.119496,0.161624,-0.222707,-0.351673,0.192465,-0.410172,-0.050252,-0.101512,-0.277795,-0.284946,-0.161161,-0.454885,0.000001,0.031284,0.000554,0.176829,0.000099,0.048569,0.009687,0.220384,0.000000,0.000000,0.000000,0.616165,-0.872376,-3.140000,0.096899,-0.357203,-1.208287,3.140000,-0.197235,0.000000,0.000000,0.000000,0.000000,0.000000,0.000000
1778448631.031106,sequential_ik_elbow_then_wrist,0,0,-0.121613,0.162155,-0.221170,-0.356903,0.193732,-0.404586,-0.051393,-0.101406,-0.277625,-0.284068,-0.162068,-0.457020,0.000002,0.031997,0.001069,0.178863,0.000078,0.045593,0.008639,0.213525,0.000000,0.000000,0.000000,0.621692,-0.862456,-3.140000,0.076571,-0.365815,-1.202534,3.140000,-0.197899,0.000000,0.000000,0.000000,0.000000,0.000000,0.000000
1778448631.062560,sequential_ik_elbow_then_wrist,0,0,-0.124056,0.162534,-0.219529,-0.361884,0.205058,-0.397376,-0.055106,-0.101682,-0.276811,-0.289339,-0.163284,-0.453842,0.000003,0.029877,0.001462,0.172813,0.000096,0.045194,0.009556,0.212589,0.000000,0.000000,0.000000,0.627441,-0.853044,-3.140000,0.052574,-0.377402,-1.196708,3.140000,-0.198403,0.000000,0.000000,0.000000,0.000000,0.000000,0.000000
1778448631.102433,sequential_ik_elbow_then_wrist,0,0,-0.126068,0.164088,-0.217214,-0.368588,0.212953,-0.386909,-0.064359,-0.101225,-0.274975,-0.301463,-0.165018,-0.447348,0.000003,0.029389,0.001333,0.171392,0.000219,0.046039,0.014382,0.214567,0.000000,0.000000,0.000000,0.632977,-0.843377,-3.140000,0.025399,-0.394015,-1.189380,3.140000,-0.198786,0.000000,0.000000,0.000000,0.000000,0.000000,0.000000
1778448631.148102,sequential_ik_elbow_then_wrist,0,0,-0.127135,0.163521,-0.217020,-0.368299,0.207711,-0.389898,-0.065576,-0.101343,-0.274644,-0.300833,-0.165858,-0.449263,0.000002,0.029697,0.001073,0.172328,0.000153,0.042012,0.012043,0.204967,0.000000,0.000000,0.000000,0.638467,-0.835282,-3.140000,0.006538,-0.413338,-1.182464,3.140000,-0.199077,0.000000,0.000000,0.000000,0.000000,0.000000,0.000000
1778448631.189466,sequential_ik_elbow_then_wrist,0,0,-0.129046,0.163066,-0.216233,-0.370319,0.202885,-0.390019,-0.065634,-0.102027,-0.274377,-0.299114,-0.167028,-0.451187,0.000003,0.030395,0.001399,0.174339,0.000089,0.038467,0.009172,0.196129,0.000000,0.000000,0.000000,0.644334,-0.828259,-3.140000,-0.005192,-0.433190,-1.176319,3.140000,-0.199299,0.000000,0.000000,0.000000,0.000000,0.000000,0.000000
1778448631.223741,sequential_ik_elbow_then_wrist,0,0,-0.131467,0.160018,-0.217050,-0.372491,0.194784,-0.392260,-0.066414,-0.100872,-0.274616,-0.296827,-0.170798,-0.453558,0.000008,0.031030,0.002490,0.176151,0.000069,0.034786,0.008102,0.186510,0.000000,0.000000,0.000000,0.651879,-0.823459,-3.140000,-0.011742,-0.452855,-1.171761,3.140000,-0.199467,0.000000,0.000000,0.000000,0.000000,0.000000,0.000000
1778448631.268968,sequential_ik_elbow_then_wrist,0,0,-0.132799,0.159215,-0.216829,-0.373586,0.191219,-0.392890,-0.068535,-0.100723,-0.274149,-0.300038,-0.170240,-0.451840,0.000005,0.030752,0.001942,0.175361,0.000064,0.034082,0.007789,0.184613,0.000000,0.000000,0.000000,0.660024,-0.819732,-3.140000,-0.015431,-0.472222,-1.167594,3.140000,-0.199595,0.000000,0.000000,0.000000,0.000000,0.000000,0.000000
1778448631.316199,sequential_ik_elbow_then_wrist,0,0,-0.132370,0.158650,-0.217505,-0.368714,0.189990,-0.399601,-0.071535,-0.100162,-0.273588,-0.304863,-0.170705,-0.448464,0.000001,0.028896,0.000976,0.169978,0.000072,0.033724,0.008244,0.183642,0.000000,0.000000,0.000000,0.667394,-0.817480,-3.140000,-0.013969,-0.491669,-1.163437,3.140000,-0.199692,0.000000,0.000000,0.000000,0.000000,0.000000,0.000000
1778448631.383105,sequential_ik_elbow_then_wrist,1,0,-0.133141,0.158329,-0.217268,-0.371292,0.190434,-0.396861,-0.072362,-0.100825,-0.273126,-0.303933,-0.175329,-0.448695,0.000001,0.028909,0.000848,0.170025,0.000047,0.030896,0.006619,0.175772,0.000000,0.000000,0.000000,0.674043,-0.815690,-3.140000,-0.014175,-0.510287,-1.159292,3.140000,-0.199766,0.000000,0.000000,0.000000,0.000000,0.000000,0.000000
1778448631.428919,sequential_ik_elbow_then_wrist,1,0,-0.135570,0.157534,-0.216342,-0.375582,0.186692,-0.393948,-0.074175,-0.099231,-0.273224,-0.309704,-0.174300,-0.443196,0.000003,0.029883,0.001583,0.172867,0.000051,0.031845,0.006916,0.178452,0.000000,0.000000,0.000000,0.681026,-0.813488,-3.140000,-0.015370,-0.528470,-1.156074,3.140000,-0.199822,0.000000,0.000000,0.000000,0.000000,0.000000,0.000000
1778448631.497595,sequential_ik_elbow_then_wrist,0,0,-0.135660,0.157360,-0.216413,-0.376010,0.185620,-0.393706,-0.079526,-0.098864,-0.271848,-0.322212,-0.170756,-0.432892,0.000001,0.029673,0.000835,0.172259,0.000084,0.034950,0.008857,0.186948,0.000000,0.000000,0.000000,0.687372,-0.811681,-3.140000,-0.016565,-0.547519,-1.151660,3.140000,-0.199865,0.000000,0.000000,0.000000,0.000000,0.000000,0.000000
1778448631.564303,sequential_ik_elbow_then_wrist,1,0,-0.137933,0.155272,-0.216483,-0.377687,0.177172,-0.395477,-0.076804,-0.099780,-0.272296,-0.318188,-0.170710,-0.435706,0.000005,0.030815,0.001885,0.175540,0.000023,0.032211,0.004619,0.179475,0.000000,0.000000,0.000000,0.694545,-0.810345,-3.140000,-0.014961,-0.564752,-1.148359,3.140000,-0.199897,0.000000,0.000000,0.000000,0.000000,0.000000,0.000000
1778448631.622089,sequential_ik_elbow_then_wrist,0,0,-0.140259,0.153122,-0.216520,-0.384982,0.166085,-0.389559,-0.073113,-0.101357,-0.272729,-0.305865,-0.173822,-0.447588,0.000008,0.034113,0.002431,0.184695,0.000000,0.026693,0.000577,0.163379,0.000000,0.000000,0.000000,0.703025,-0.809376,-3.140000,-0.015319,-0.578165,-1.146444,3.140000,-0.199922,0.000000,0.000000,0.000000,0.000000,0.000000,0.000000
1778448631.686965,sequential_ik_elbow_then_wrist,0,0,-0.148261,0.149390,-0.213779,-0.416067,0.138283,-0.348525,-0.065350,-0.102968,-0.274093,-0.285598,-0.178413,-0.463300,0.000036,0.049396,0.005245,0.222082,0.000030,0.020699,0.005252,0.143872,0.000000,0.000000,0.000000,0.715996,-0.806263,-3.140000,-0.036475,-0.585343,-1.147244,3.140000,-0.199941,0.000000,0.000000,0.000000,0.000000,0.000000,0.000000
1778448631.736705,sequential_ik_elbow_then_wrist,0,0,-0.149462,0.148962,-0.213240,-0.414791,0.138131,-0.352823,-0.064349,-0.102577,-0.274476,-0.284868,-0.176066,-0.464136,0.000012,0.045722,0.003009,0.213821,0.000022,0.021802,0.004508,0.147656,0.000000,0.000000,0.000000,0.729663,-0.802846,-3.140000,-0.056250,-0.588230,-1.148932,3.140000,-0.199955,0.000000,0.000000,0.000000,0.000000,0.000000,0.000000
1778448631.799836,sequential_ik_elbow_then_wrist,0,0,-0.148480,0.149780,-0.213354,-0.411407,0.141069,-0.357553,-0.065607,-0.102262,-0.274296,-0.288212,-0.171344,-0.463174,0.000001,0.042800,0.000806,0.206880,0.000007,0.023876,0.002541,0.154519,0.000000,0.000000,0.000000,0.741078,-0.800092,-3.140000,-0.069801,-0.588976,-1.150149,3.140000,-0.199966,0.000000,0.000000,0.000000,0.000000,0.000000,0.000000
1778448631.862490,sequential_ik_elbow_then_wrist,0,0,-0.145051,0.147549,-0.217231,-0.400740,0.137435,-0.373823,-0.065027,-0.103228,-0.274072,-0.291586,-0.168756,-0.459483,0.000004,0.040446,0.001261,0.201079,0.000008,0.026055,0.002763,0.161414,0.000000,0.000000,0.000000,0.749708,-0.801398,-3.140000,-0.071420,-0.587964,-1.150722,3.140000,-0.199974,0.000000,0.000000,0.000000,0.000000,0.000000,0.000000
1778448631.921371,sequential_ik_elbow_then_wrist,0,0,-0.140173,0.149544,-0.219062,-0.387334,0.141477,-0.388904,-0.062745,-0.104157,-0.274253,-0.290556,-0.168328,-0.458600,0.000009,0.036973,0.002558,0.192231,0.000017,0.026852,0.004014,0.163866,0.000000,0.000000,0.000000,0.753320,-0.804825,-3.140000,-0.061779,-0.584900,-1.151375,3.140000,-0.199980,0.000000,0.000000,0.000000,0.000000,0.000000,0.000000
1778448631.978021,sequential_ik_elbow_then_wrist,0,0,-0.140256,0.150482,-0.218365,-0.391131,0.156653,-0.382754,-0.065206,-0.106516,-0.272768,-0.299421,-0.169636,-0.449289,0.000003,0.034645,0.001457,0.186116,0.000008,0.030370,0.002614,0.174271,0.000000,0.000000,0.000000,0.754280,-0.807351,-3.140000,-0.060228,-0.581129,-1.149663,3.140000,-0.199985,0.000000,0.000000,0.000000,0.000000,0.000000,0.000000
1778448632.041397,sequential_ik_elbow_then_wrist,0,0,-0.145278,0.147505,-0.217110,-0.402304,0.157757,-0.371488,-0.065888,-0.107773,-0.272110,-0.299346,-0.172643,-0.448998,0.000006,0.035804,0.002097,0.189168,0.000005,0.030091,0.002045,0.173466,0.000000,0.000000,0.000000,0.757543,-0.808131,-3.140000,-0.069697,-0.577094,-1.146881,3.140000,-0.199989,0.000000,0.000000,0.000000,0.000000,0.000000,0.000000
1778448632.110255,sequential_ik_elbow_then_wrist,0,0,-0.156618,0.144031,-0.211484,-0.425145,0.139996,-0.345190,-0.067129,-0.108272,-0.271608,-0.299420,-0.172476,-0.450267,0.000054,0.043111,0.006245,0.207554,0.000001,0.030016,0.000985,0.173252,0.000000,0.000000,0.000000,0.767583,-0.803562,-3.140000,-0.090598,-0.573487,-1.143687,3.140000,-0.199991,0.000000,0.000000,0.000000,0.000000,0.000000,0.000000
1778448632.161745,sequential_ik_elbow_then_wrist,0,0,-0.157281,0.144082,-0.210958,-0.423397,0.139726,-0.349389,-0.067223,-0.108823,-0.271364,-0.298940,-0.174620,-0.450187,0.000012,0.039716,0.003018,0.199289,0.000001,0.029643,0.000871,0.172171,0.000000,0.000000,0.000000,0.779044,-0.798400,-3.140000,-0.106295,-0.570234,-1.140659,3.140000,-0.199993,0.000000,0.000000,0.000000,0.000000,0.000000,0.000000
1778448632.214569,sequential_ik_elbow_then_wrist,0,0,-0.156276,0.145892,-0.210460,-0.420916,0.141900,-0.351704,-0.069369,-0.107500,-0.271351,-0.299210,-0.174665,-0.452079,0.000000,0.037966,0.000534,0.194847,0.000002,0.029137,0.001269,0.170697,0.000000,0.000000,0.000000,0.788324,-0.793643,-3.140000,-0.115584,-0.568533,-1.138204,3.140000,-0.199995,0.000000,0.000000,0.000000,0.000000,0.000000,0.000000
1778448632.276614,sequential_ik_elbow_then_wrist,0,0,-0.152284,0.148554,-0.211521,-0.413649,0.150832,-0.358773,-0.071416,-0.107094,-0.270981,-0.298960,-0.175513,-0.454127,0.000005,0.034940,0.001983,0.186915,0.000006,0.028000,0.002431,0.167332,0.000000,0.000000,0.000000,0.792814,-0.790765,-3.140000,-0.118578,-0.568722,-1.135780,3.140000,-0.199996,0.000000,0.000000,0.000000,0.000000,0.000000,0.000000
1778448632.343653,sequential_ik_elbow_then_wrist,0,0,-0.152031,0.148822,-0.211515,-0.411375,0.150885,-0.362302,-0.073146,-0.106758,-0.270652,-0.301143,-0.175068,-0.453274,0.000002,0.035186,0.001085,0.187571,0.000010,0.027903,0.003057,0.167042,0.000000,0.000000,0.000000,0.794817,-0.788736,-3.140000,-0.116803,-0.570742,-1.133348,3.140000,-0.199997,0.000000,0.000000,0.000000,0.000000,0.000000,0.000000
1778448632.403044,sequential_ik_elbow_then_wrist,0,0,-0.149576,0.149324,-0.212907,-0.402607,0.150503,-0.374070,-0.075498,-0.106530,-0.270095,-0.303691,-0.176454,-0.451860,0.000003,0.034052,0.001546,0.184493,0.000016,0.027394,0.003861,0.165513,0.000000,0.000000,0.000000,0.794433,-0.788447,-3.140000,-0.106328,-0.574666,-1.130585,3.140000,-0.199998,0.000000,0.000000,0.000000,0.000000,0.000000,0.000000
1778448632.463367,sequential_ik_elbow_then_wrist,1,0,-0.146589,0.151446,-0.213485,-0.394451,0.156869,-0.382408,-0.073715,-0.104131,-0.271519,-0.298713,-0.178881,-0.455335,0.000008,0.031865,0.002407,0.178480,0.000009,0.024974,0.002861,0.158031,0.000000,0.000000,0.000000,0.791075,-0.789028,-3.140000,-0.091009,-0.579356,-1.130301,3.140000,-0.199998,0.000000,0.000000,0.000000,0.000000,0.000000,0.000000
1778448632.531356,sequential_ik_elbow_then_wrist,1,0,-0.139333,0.161709,-0.210799,-0.389240,0.172866,-0.376396,-0.071656,-0.103488,-0.272315,-0.292455,-0.183790,-0.458862,0.000062,0.032057,0.006913,0.179043,0.000002,0.022370,0.001235,0.149567,0.000000,0.000000,0.000000,0.779623,-0.787386,-3.140000,-0.077818,-0.583577,-1.131645,3.140000,-0.199999,0.000000,0.000000,0.000000,0.000000,0.000000,0.000000
1778448632.585382,sequential_ik_elbow_then_wrist,0,0,-0.137181,0.164248,-0.210248,-0.392302,0.174359,-0.367762,-0.070455,-0.105588,-0.271822,-0.283057,-0.189283,-0.466233,0.000029,0.036841,0.004709,0.191938,0.000001,0.018806,0.000833,0.137136,0.000000,0.000000,0.000000,0.764778,-0.785137,-3.140000,-0.069595,-0.586292,-1.132300,3.140000,-0.199999,0.000000,0.000000,0.000000,0.000000,0.000000,0.000000
1778448632.654211,sequential_ik_elbow_then_wrist,0,0,-0.139385,0.165188,-0.208050,-0.396174,0.171079,-0.363049,-0.069739,-0.105363,-0.272094,-0.281429,-0.191675,-0.466355,0.000005,0.040638,0.001846,0.201588,0.000001,0.018376,0.000986,0.135557,0.000000,0.000000,0.000000,0.751288,-0.781271,-3.140000,-0.062180,-0.587767,-1.133112,3.140000,-0.199999,0.000000,0.000000,0.000000,0.000000,0.000000,0.000000
1778448632.715522,sequential_ik_elbow_then_wrist,0,0,-0.143474,0.166000,-0.204595,-0.402160,0.164613,-0.356516,-0.067260,-0.104687,-0.272977,-0.273242,-0.194264,-0.471842,0.000004,0.044377,0.001338,0.210656,0.000005,0.016394,0.002096,0.128039,0.000000,0.000000,0.000000,0.741590,-0.774898,-3.140000,-0.053971,-0.587681,-1.135114,3.140000,-0.199999,0.000000,0.000000,0.000000,0.000000,0.000000,0.000000
1778448632.763900,sequential_ik_elbow_then_wrist,0,0,-0.146804,0.161008,-0.206216,-0.415278,0.143013,-0.338875,-0.060970,-0.103197,-0.275014,-0.259013,-0.195625,-0.480528,0.000010,0.054251,0.002777,0.232897,0.000030,0.013955,0.005166,0.118133,0.000000,0.000000,0.000000,0.737988,-0.770655,-3.140000,-0.055518,-0.584743,-1.140098,3.140000,-0.200000,0.000000,0.000000,0.000000,0.000000,0.000000,0.000000
1778448632.822247,sequential_ik_elbow_then_wrist,0,0,-0.153076,0.156280,-0.205291,-0.424484,0.133082,-0.330987,-0.063281,-0.103226,-0.274481,-0.259961,-0.197116,-0.480640,0.000030,0.055843,0.004732,0.236285,0.000006,0.014346,0.002399,0.119776,0.000000,0.000000,0.000000,0.741697,-0.766811,-3.140000,-0.065166,-0.581147,-1.143804,3.140000,-0.200000,0.000000,0.000000,0.000000,0.000000,0.000000,0.000000
1778448632.885841,sequential_ik_elbow_then_wrist,0,0,-0.155282,0.153995,-0.205360,-0.426178,0.129659,-0.331944,-0.064488,-0.102763,-0.274374,-0.261113,-0.196203,-0.480789,0.000016,0.053469,0.003518,0.231230,0.000001,0.014775,0.000883,0.121552,0.000000,0.000000,0.000000,0.749323,-0.763787,-3.140000,-0.076043,-0.577915,-1.146424,3.140000,-0.200000,0.000000,0.000000,0.000000,0.000000,0.000000,0.000000
1778448632.959829,sequential_ik_elbow_then_wrist,0,0,-0.166254,0.148012,-0.201127,-0.439969,0.122077,-0.321159,-0.065449,-0.101794,-0.274508,-0.262804,-0.196146,-0.479809,0.000066,0.052599,0.006923,0.229322,0.000000,0.015175,0.000356,0.123185,0.000000,0.000000,0.000000,0.764580,-0.757976,-3.140000,-0.092043,-0.575657,-1.148573,3.140000,-0.200000,0.000000,0.000000,0.000000,0.000000,0.000000,0.000000
1778448633.005720,sequential_ik_elbow_then_wrist,0,0,-0.168765,0.147112,-0.199691,-0.441888,0.123154,-0.321467,-0.064269,-0.101403,-0.274931,-0.264726,-0.194722,-0.477684,0.000022,0.047912,0.004024,0.218886,0.000000,0.016067,0.000423,0.126757,0.000000,0.000000,0.000000,0.781771,-0.751510,-3.140000,-0.106194,-0.573751,-1.150892,3.140000,-0.200000,0.000000,0.000000,0.000000,0.000000,0.000000,0.000000
1778448633.068700,sequential_ik_elbow_then_wrist,0,0,-0.169105,0.148336,-0.198494,-0.441790,0.125945,-0.321545,-0.063021,-0.100607,-0.275511,-0.260896,-0.194954,-0.480314,0.000003,0.045250,0.001499,0.212721,0.000001,0.015300,0.000850,0.123694,0.000000,0.000000,0.000000,0.796835,-0.745115,-3.140000,-0.116587,-0.571881,-1.153713,3.140000,-0.200000,0.000000,0.000000,0.000000,0.000000,0.000000,0.000000
1778448633.127598,sequential_ik_elbow_then_wrist,0,0,-0.163639,0.152325,-0.200049,-0.434738,0.133323,-0.327108,-0.063275,-0.099630,-0.275808,-0.261515,-0.194965,-0.479799,0.000007,0.043280,0.002265,0.208034,0.000000,0.015592,0.000261,0.124869,0.000000,0.000000,0.000000,0.805084,-0.741205,-3.140000,-0.121338,-0.570453,-1.156561,3.140000,-0.200000,0.000000,0.000000,0.000000,0.000000,0.000000,0.000000
1778448633.202898,sequential_ik_elbow_then_wrist,0,0,-0.144323,0.162613,-0.206707,-0.405436,0.156209,-0.354285,-0.066387,-0.093715,-0.277147,-0.260788,-0.196014,-0.481458,0.000148,0.037747,0.010393,0.194197,0.000024,0.014962,0.004677,0.122318,0.000000,0.000000,0.000000,0.797319,-0.744219,-3.140000,-0.110735,-0.571854,-1.161076,3.140000,-0.200000,0.000000,0.000000,0.000000,0.000000,0.000000,0.000000
1778448633.257230,sequential_ik_elbow_then_wrist,0,0,-0.142092,0.166415,-0.205222,-0.402655,0.158455,-0.353693,-0.073402,-0.093097,-0.275581,-0.271733,-0.198381,-0.474530,0.000055,0.042537,0.006429,0.206223,0.000078,0.016129,0.008562,0.127000,0.000000,0.000000,0.000000,0.782626,-0.746506,-3.140000,-0.095290,-0.577563,-1.162709,3.140000,-0.200000,0.000000,0.000000,0.000000,0.000000,0.000000,0.000000
1778448633.314137,sequential_ik_elbow_then_wrist,0,0,-0.140267,0.166377,-0.206504,-0.396013,0.166764,-0.363327,-0.076986,-0.094929,-0.273974,-0.282271,-0.200922,-0.465346,0.000016,0.040701,0.003493,0.201725,0.000073,0.017203,0.008223,0.131160,0.000000,0.000000,0.000000,0.766736,-0.749277,-3.140000,-0.076687,-0.586479,-1.161044,3.140000,-0.200000,0.000000,0.000000,0.000000,0.000000,0.000000,0.000000
1778448633.366987,sequential_ik_elbow_then_wrist,0,0,-0.141364,0.164304,-0.207413,-0.399259,0.163295,-0.360675,-0.078933,-0.096063,-0.273023,-0.288910,-0.200713,-0.459994,0.000001,0.043354,0.000685,0.208216,0.000053,0.017562,0.007043,0.132522,0.000000,0.000000,0.000000,0.753878,-0.752372,-3.140000,-0.062835,-0.597294,-1.157635,3.140000,-0.200000,0.000000,0.000000,0.000000,0.000000,0.000000,0.000000
1778448633.427894,sequential_ik_elbow_then_wrist,0,0,-0.138352,0.164157,-0.209550,-0.393892,0.162857,-0.366704,-0.080889,-0.097165,-0.272059,-0.294215,-0.200856,-0.455744,0.000003,0.042866,0.001473,0.207039,0.000040,0.017639,0.006089,0.132812,0.000000,0.000000,0.000000,0.742428,-0.756787,-3.140000,-0.049930,-0.609087,-1.153096,3.140000,-0.200000,0.000000,0.000000,0.000000,0.000000,0.000000,0.000000
1778448633.510956,sequential_ik_elbow_then_wrist,0,0,-0.136812,0.166522,-0.208694,-0.392105,0.171999,-0.366160,-0.084202,-0.097948,-0.270770,-0.301146,-0.200217,-0.450982,0.000004,0.041194,0.001810,0.202962,0.000043,0.018024,0.006259,0.134253,0.000000,0.000000,0.000000,0.731321,-0.759880,-3.140000,-0.041187,-0.621808,-1.147336,3.140000,-0.200000,0.000000,0.000000,0.000000,0.000000,0.000000,0.000000
1778448633.566733,sequential_ik_elbow_then_wrist,0,0,-0.137764,0.167441,-0.207327,-0.394904,0.174145,-0.361711,-0.083497,-0.098484,-0.270794,-0.300124,-0.200526,-0.451514,0.000001,0.042273,0.000882,0.205603,0.000017,0.016835,0.003999,0.129749,0.000000,0.000000,0.000000,0.721871,-0.760996,-3.140000,-0.036542,-0.633925,-1.142406,3.140000,-0.200000,0.000000,0.000000,0.000000,0.000000,0.000000,0.000000
1778448633.609564,sequential_ik_elbow_then_wrist,0,0,-0.150323,0.163434,-0.201723,-0.418371,0.163135,-0.336446,-0.074636,-0.100465,-0.272646,-0.290369,-0.197411,-0.457203,0.000042,0.048798,0.005377,0.220841,0.000013,0.015640,0.003313,0.125061,0.000000,0.000000,0.000000,0.721649,-0.756880,-3.140000,-0.045618,-0.641223,-1.141214,3.140000,-0.200000,0.000000,0.000000,0.000000,0.000000,0.000000,0.000000
1778448633.674207,sequential_ik_elbow_then_wrist,0,0,-0.161554,0.163675,-0.192642,-0.435402,0.162219,-0.315135,-0.069676,-0.100510,-0.273940,-0.281015,-0.198314,-0.463070,0.000065,0.048376,0.006421,0.219901,0.000034,0.014550,0.005558,0.120623,0.000000,0.000000,0.000000,0.729587,-0.745190,-3.140000,-0.063216,-0.643566,-1.142883,3.140000,-0.200000,0.000000,0.000000,0.000000,0.000000,0.000000,0.000000
1778448633.740965,sequential_ik_elbow_then_wrist,0,0,-0.171436,0.170799,-0.177306,-0.456122,0.142753,-0.267679,-0.062611,-0.100892,-0.275501,-0.261516,-0.199343,-0.477353,0.000075,0.060932,0.006029,0.246780,0.000086,0.011312,0.008934,0.106356,0.000000,0.000000,0.000000,0.740431,-0.722284,-3.140000,-0.090047,-0.640342,-1.147278,3.140000,-0.200000,0.000000,0.000000,0.000000,0.000000,0.000000,0.000000
1778448633.794080,sequential_ik_elbow_then_wrist,0,0,-0.172039,0.174498,-0.173069,-0.457133,0.130890,-0.255651,-0.058645,-0.100725,-0.276433,-0.241402,-0.206346,-0.489609,0.000013,0.067349,0.002412,0.259518,0.000096,0.008039,0.009494,0.089662,0.000000,0.000000,0.000000,0.749207,-0.698431,-3.140000,-0.110952,-0.632707,-1.152836,3.140000,-0.200000,0.000000,0.000000,0.000000,0.000000,0.000000,0.000000
1778448633.856196,sequential_ik_elbow_then_wrist,0,0,-0.189538,0.172186,-0.156293,-0.479116,0.104855,-0.196432,-0.060398,-0.092517,-0.278913,-0.230744,-0.199235,-0.501610,0.000098,0.081829,0.007148,0.286048,0.000013,0.007035,0.003123,0.083875,0.000000,0.000000,0.000000,0.764769,-0.666480,-3.140000,-0.132324,-0.625498,-1.161375,3.140000,-0.200000,0.000000,0.000000,0.000000,0.000000,0.000000,0.000000
1778448633.912219,sequential_ik_elbow_then_wrist,0,0,-0.198124,0.169600,-0.148265,-0.483637,0.079055,-0.165129,-0.059389,-0.088901,-0.280302,-0.219087,-0.194804,-0.511130,0.000053,0.091545,0.005324,0.302564,0.000005,0.005710,0.001722,0.075565,0.000000,0.000000,0.000000,0.784482,-0.633273,-3.140000,-0.148566,-0.619419,-1.171199,3.140000,-0.200000,0.000000,0.000000,0.000000,0.000000,0.000000,0.000000
1778448633.988996,sequential_ik_elbow_then_wrist,0,0,-0.198003,0.170597,-0.147281,-0.482672,0.079815,-0.174153,-0.058986,-0.088835,-0.280409,-0.215705,-0.195481,-0.512929,0.000004,0.086977,0.001481,0.294918,0.000002,0.005353,0.001277,0.073167,0.000000,0.000000,0.000000,0.801534,-0.605270,-3.140000,-0.160910,-0.614197,-1.179612,3.140000,-0.200000,0.000000,0.000000,0.000000,0.000000,0.000000,0.000000
1778448634.032672,sequential_ik_elbow_then_wrist,0,0,-0.190008,0.173323,-0.154453,-0.475017,0.090762,-0.198655,-0.057060,-0.090641,-0.280229,-0.219009,-0.195960,-0.509751,0.000013,0.081440,0.002636,0.285377,0.000010,0.006151,0.003150,0.078428,0.000000,0.000000,0.000000,0.810587,-0.588479,-3.140000,-0.170292,-0.608689,-1.185938,3.140000,-0.200000,0.000000,0.000000,0.000000,0.000000,0.000000,0.000000
1778448634.092320,sequential_ik_elbow_then_wrist,0,0,-0.180308,0.154513,-0.183343,-0.457383,0.097757,-0.283383,-0.055801,-0.098858,-0.277693,-0.241794,-0.190028,-0.494706,0.000165,0.062193,0.008635,0.249226,0.000058,0.011235,0.007253,0.105997,0.000000,0.000000,0.000000,0.820939,-0.598335,-3.140000,-0.156013,-0.600910,-1.186593,3.140000,-0.200000,0.000000,0.000000,0.000000,0.000000,0.000000,0.000000
1778448634.156622,sequential_ik_elbow_then_wrist,0,0,-0.177045,0.144504,-0.194355,-0.452234,0.090235,-0.300779,-0.054296,-0.102314,-0.276738,-0.244526,-0.182718,-0.494333,0.000073,0.058067,0.005967,0.240971,0.000072,0.013264,0.008214,0.115168,0.000000,0.000000,0.000000,0.833464,-0.619760,-3.140000,-0.146164,-0.590702,-1.184644,3.140000,-0.200000,0.000000,0.000000,0.000000,0.000000,0.000000,0.000000
1778448634.215945,sequential_ik_elbow_then_wrist,0,0,-0.170472,0.138802,-0.204141,-0.436819,0.085150,-0.331344,-0.052067,-0.102906,-0.276947,-0.247479,-0.179774,-0.491202,0.000042,0.052627,0.004389,0.229391,0.000072,0.015581,0.008259,0.124822,0.000000,0.000000,0.000000,0.844934,-0.647299,-3.140000,-0.132309,-0.578549,-1.182942,3.140000,-0.200000,0.000000,0.000000,0.000000,0.000000,0.000000,0.000000
1778448634.304945,sequential_ik_elbow_then_wrist,0,0,-0.170803,0.133137,-0.207607,-0.437436,0.075412,-0.332407,-0.050845,-0.102409,-0.277358,-0.253372,-0.176503,-0.485907,0.000019,0.053604,0.003350,0.231515,0.000055,0.018847,0.007232,0.137284,0.000000,0.000000,0.000000,0.857291,-0.673754,-3.140000,-0.126684,-0.565482,-1.182216,3.140000,-0.200000,0.000000,0.000000,0.000000,0.000000,0.000000,0.000000
1778448634.339764,sequential_ik_elbow_then_wrist,0,0,-0.165989,0.126098,-0.215748,-0.421764,0.078450,-0.365108,-0.047749,-0.101393,-0.278280,-0.258436,-0.169748,-0.480612,0.000029,0.044072,0.003928,0.209910,0.000061,0.022870,0.007587,0.151227,0.000000,0.000000,0.000000,0.869821,-0.702211,-3.140000,-0.115040,-0.551607,-1.183319,3.140000,-0.200000,0.000000,0.000000,0.000000,0.000000,0.000000,0.000000
1778448634.401625,sequential_ik_elbow_then_wrist,0,0,-0.163521,0.122837,-0.219481,-0.415675,0.078189,-0.375766,-0.051578,-0.104448,-0.276460,-0.272464,-0.167457,-0.469435,0.000012,0.040689,0.002579,0.201714,0.000024,0.028627,0.004647,0.169196,0.000000,0.000000,0.000000,0.881442,-0.729091,-3.140000,-0.104931,-0.538654,-1.181478,3.140000,-0.200000,0.000000,0.000000,0.000000,0.000000,0.000000,0.000000
1778448634.460124,sequential_ik_elbow_then_wrist,0,0,-0.160854,0.120970,-0.222469,-0.410685,0.079526,-0.383301,-0.054368,-0.103802,-0.276169,-0.279645,-0.165128,-0.464556,0.000006,0.038127,0.001649,0.195261,0.000002,0.031778,0.001466,0.178264,0.000000,0.000000,0.000000,0.891206,-0.753441,-3.140000,-0.097974,-0.528050,-1.178950,3.140000,-0.200000,0.000000,0.000000,0.000000,0.000000,0.000000,0.000000
1778448634.511605,sequential_ik_elbow_then_wrist,0,0,-0.155554,0.120491,-0.226462,-0.402653,0.083003,-0.392404,-0.054927,-0.103198,-0.276285,-0.282922,-0.163493,-0.461711,0.000008,0.035669,0.002005,0.188863,0.000000,0.033466,0.000496,0.182937,0.000000,0.000000,0.000000,0.897413,-0.776560,-3.140000,-0.093023,-0.519722,-1.176949,3.140000,-0.200000,0.000000,0.000000,0.000000,0.000000,0.000000,0.000000
1778448634.587955,sequential_ik_elbow_then_wrist,0,0,-0.153833,0.119677,-0.228063,-0.399633,0.083253,-0.396157,-0.054789,-0.101145,-0.277070,-0.283274,-0.163051,-0.461358,0.000003,0.035312,0.001215,0.187914,0.000001,0.033777,0.000538,0.183786,0.000000,0.000000,0.000000,0.901276,-0.796698,-3.140000,-0.090116,-0.513544,-1.176663,3.140000,-0.200000,0.000000,0.000000,0.000000,0.000000,0.000000,0.000000
1778448634.640882,sequential_ik_elbow_then_wrist,0,0,-0.151030,0.117814,-0.230889,-0.389513,0.076111,-0.408053,-0.055354,-0.100545,-0.277176,-0.283691,-0.161311,-0.462026,0.000004,0.035447,0.001331,0.188251,0.000001,0.033992,0.000864,0.184369,0.000000,0.000000,0.000000,0.903631,-0.815297,-3.140000,-0.081089,-0.509302,-1.176900,3.140000,-0.200000,0.000000,0.000000,0.000000,0.000000,0.000000,0.000000
1778448634.699548,sequential_ik_elbow_then_wrist,0,0,-0.148374,0.119970,-0.231500,-0.386110,0.079189,-0.409878,-0.055943,-0.099143,-0.277563,-0.285554,-0.157262,-0.461685,0.000006,0.035025,0.002130,0.187148,0.000003,0.035051,0.001648,0.187220,0.000000,0.000000,0.000000,0.903170,-0.830786,-3.140000,-0.072218,-0.506938,-1.177817,3.140000,-0.200000,0.000000,0.000000,0.000000,0.000000,0.000000,0.000000
1778448634.759902,sequential_ik_elbow_then_wrist,0,0,-0.148223,0.120543,-0.231300,-0.385022,0.079461,-0.410850,-0.055634,-0.100360,-0.277187,-0.285091,-0.156559,-0.462096,0.000002,0.035555,0.001405,0.188560,0.000000,0.034798,0.000637,0.186541,0.000000,0.000000,0.000000,0.901299,-0.842667,-3.140000,-0.063650,-0.505467,-1.178067,3.140000,-0.200000,0.000000,0.000000,0.000000,0.000000,0.000000,0.000000
1778448634.816079,sequential_ik_elbow_then_wrist,0,0,-0.148339,0.122205,-0.230351,-0.384350,0.081409,-0.411001,-0.055069,-0.100296,-0.277323,-0.283441,-0.156450,-0.463584,0.000003,0.035684,0.001443,0.188900,0.000000,0.034124,0.000128,0.184728,0.000000,0.000000,0.000000,0.898349,-0.850807,-3.140000,-0.054885,-0.504413,-1.178373,3.140000,-0.200000,0.000000,0.000000,0.000000,0.000000,0.000000,0.000000
1778448634.884073,sequential_ik_elbow_then_wrist,0,0,-0.148999,0.124212,-0.228846,-0.386548,0.085386,-0.407908,-0.054145,-0.100802,-0.277322,-0.281523,-0.157397,-0.464662,0.000003,0.035894,0.001480,0.189456,0.000001,0.033416,0.000746,0.182801,0.000000,0.000000,0.000000,0.894621,-0.855346,-3.140000,-0.048029,-0.503217,-1.178632,3.140000,-0.200000,0.000000,0.000000,0.000000,0.000000,0.000000,0.000000
1778448634.945527,sequential_ik_elbow_then_wrist,0,0,-0.149145,0.126040,-0.227749,-0.388077,0.089453,-0.405437,-0.053992,-0.100675,-0.277398,-0.279961,-0.157987,-0.466218,0.000003,0.035962,0.001494,0.189638,0.000000,0.032816,0.000656,0.181153,0.000000,0.000000,0.000000,0.890230,-0.857375,-3.140000,-0.043042,-0.501962,-1.178957,3.140000,-0.200000,0.000000,0.000000,0.000000,0.000000,0.000000,0.000000
1778448635.000297,sequential_ik_elbow_then_wrist,0,0,-0.149642,0.127490,-0.226614,-0.389525,0.093784,-0.403587,-0.050264,-0.100188,-0.278273,-0.270964,-0.158299,-0.472989,0.000002,0.035724,0.001254,0.189009,0.000010,0.030153,0.003022,0.173646,0.000000,0.000000,0.000000,0.885606,-0.857519,-3.140000,-0.039507,-0.499456,-1.180690,3.140000,-0.200000,0.000000,0.000000,0.000000,0.000000,0.000000,0.000000
1778448635.058469,sequential_ik_elbow_then_wrist,0,0,-0.154170,0.128715,-0.222854,-0.409698,0.093479,-0.376033,-0.047892,-0.099920,-0.278787,-0.266017,-0.159389,-0.475980,0.000005,0.041549,0.001481,0.203732,0.000017,0.029131,0.004015,0.170678,0.000000,0.000000,0.000000,0.882585,-0.853805,-3.140000,-0.052447,-0.495502,-1.183223,3.140000,-0.200000,0.000000,0.000000,0.000000,0.000000,0.000000,0.000000
1778448635.119851,sequential_ik_elbow_then_wrist,0,0,-0.158089,0.130873,-0.218815,-0.422521,0.093974,-0.355616,-0.045645,-0.098546,-0.279652,-0.258802,-0.159938,-0.481630,0.000007,0.044890,0.001807,0.211793,0.000021,0.027402,0.004399,0.165534,0.000000,0.000000,0.000000,0.881053,-0.846426,-3.140000,-0.076132,-0.490306,-1.186895,3.140000,-0.200000,0.000000,0.000000,0.000000,0.000000,0.000000,0.000000
1778448635.185111,sequential_ik_elbow_then_wrist,0,0,-0.163594,0.128651,-0.216069,-0.434983,0.084114,-0.335921,-0.043506,-0.098637,-0.279961,-0.251280,-0.161315,-0.487087,0.000014,0.050007,0.003120,0.223568,0.000028,0.025602,0.005163,0.160005,0.000000,0.000000,0.000000,0.883388,-0.837331,-3.140000,-0.105860,-0.483803,-1.190638,3.140000,-0.200000,0.000000,0.000000,0.000000,0.000000,0.000000,0.000000
1778448635.241297,sequential_ik_elbow_then_wrist,0,0,-0.164422,0.127592,-0.216069,-0.434225,0.080410,-0.338462,-0.042845,-0.099425,-0.279784,-0.250556,-0.162661,-0.486804,0.000005,0.049143,0.002030,0.221682,0.000026,0.026068,0.004985,0.161455,0.000000,0.000000,0.000000,0.887666,-0.829612,-3.140000,-0.128454,-0.476396,-1.193391,3.140000,-0.200000,0.000000,0.000000,0.000000,0.000000,0.000000,0.000000
1778448635.318222,sequential_ik_elbow_then_wrist,0,0,-0.163460,0.127195,-0.217030,-0.431908,0.079579,-0.342203,-0.041927,-0.100279,-0.279618,-0.248824,-0.163949,-0.487319,0.000001,0.047947,0.000866,0.218969,0.000027,0.026214,0.005053,0.161907,0.000000,0.000000,0.000000,0.891950,-0.824413,-3.140000,-0.145625,-0.468262,-1.195182,3.140000,-0.200000,0.000000,0.000000,0.000000,0.000000,0.000000,0.000000
1778448635.371255,sequential_ik_elbow_then_wrist,0,0,-0.164479,0.127742,-0.215937,-0.433704,0.078757,-0.338893,-0.038231,-0.098956,-0.280617,-0.237624,-0.166649,-0.494300,0.000001,0.048406,0.000581,0.220014,0.000044,0.023392,0.006465,0.152943,0.000000,0.000000,0.000000,0.895823,-0.819638,-3.140000,-0.158675,-0.458933,-1.198247,3.140000,-0.200000,0.000000,0.000000,0.000000,0.000000,0.000000,0.000000
1778448635.423861,sequential_ik_elbow_then_wrist,0,0,-0.163831,0.131095,-0.214415,-0.431390,0.081225,-0.340609,-0.035307,-0.099513,-0.280803,-0.231954,-0.168075,-0.496741,0.000003,0.048150,0.001339,0.219428,0.000062,0.022763,0.007704,0.150876,0.000000,0.000000,0.000000,0.897237,-0.814476,-3.140000,-0.166224,-0.448131,-1.201350,3.140000,-0.200000,0.000000,0.000000,0.000000,0.000000,0.000000,0.000000
1778448635.485003,sequential_ik_elbow_then_wrist,0,0,-0.163671,0.133168,-0.213255,-0.432578,0.081879,-0.335969,-0.030961,-0.099570,-0.281295,-0.219526,-0.169600,-0.503870,0.000003,0.049930,0.001476,0.223451,0.000098,0.020418,0.009715,0.142890,0.000000,0.000000,0.000000,0.896546,-0.809182,-3.140000,-0.171714,-0.435306,-1.204865,3.140000,-0.199219,0.000000,0.000000,0.000000,0.000000,0.000000,0.000000
1778448635.545509,sequential_ik_elbow_then_wrist,0,0,-0.159043,0.136510,-0.214640,-0.421177,0.087624,-0.352103,-0.027659,-0.100266,-0.281393,-0.210812,-0.171174,-0.508167,0.000014,0.047459,0.003281,0.217792,0.000122,0.019337,0.010829,0.139049,0.000000,0.000000,0.000000,0.891872,-0.806082,-3.140000,-0.163817,-0.420460,-1.208048,3.140000,-0.194997,0.000000,0.000000,0.000000,0.000000,0.000000,0.000000
1778448635.597003,sequential_ik_elbow_then_wrist,0,0,-0.154606,0.137444,-0.217269,-0.403063,0.092386,-0.379254,-0.029470,-0.102136,-0.280535,-0.218379,-0.169452,-0.503653,0.000016,0.042788,0.003413,0.206654,0.000069,0.022925,0.008139,0.151406,0.000000,0.000000,0.000000,0.884215,-0.806273,-3.140000,-0.136083,-0.405305,-1.208907,3.140000,-0.189247,0.000000,0.000000,0.000000,0.000000,0.000000,0.000000
1778448635.679288,sequential_ik_elbow_then_wrist,0,0,-0.152267,0.138415,-0.218303,-0.396385,0.096491,-0.387562,-0.029943,-0.102184,-0.280467,-0.222310,-0.168788,-0.500827,0.000010,0.041318,0.002750,0.203215,0.000042,0.025254,0.006340,0.158915,0.000000,0.000000,0.000000,0.875072,-0.807922,-3.140000,-0.103741,-0.390730,-1.209005,3.140000,-0.183591,0.000000,0.000000,0.000000,0.000000,0.000000,0.000000
1778448635.725278,sequential_ik_elbow_then_wrist,0,0,-0.151129,0.139212,-0.218587,-0.396792,0.098976,-0.386011,-0.030095,-0.101202,-0.280807,-0.224880,-0.167887,-0.499009,0.000005,0.042218,0.001986,0.205468,0.000024,0.027006,0.004838,0.164335,0.000000,0.000000,0.000000,0.865701,-0.809769,-3.140000,-0.077361,-0.377324,-1.209493,3.140000,-0.179320,0.000000,0.000000,0.000000,0.000000,0.000000,0.000000
1778448635.792061,sequential_ik_elbow_then_wrist,0,0,-0.151200,0.139754,-0.218191,-0.397259,0.105828,-0.386429,-0.030649,-0.101202,-0.280747,-0.230228,-0.167939,-0.494556,0.000002,0.040792,0.001138,0.201970,0.000013,0.029510,0.003560,0.171782,0.000000,0.000000,0.000000,0.857188,-0.810947,-3.140000,-0.058211,-0.365422,-1.209820,3.140000,-0.177931,0.000000,0.000000,0.000000,0.000000,0.000000,0.000000
1778448635.845747,sequential_ik_elbow_then_wrist,0,0,-0.151222,0.140011,-0.218011,-0.396183,0.107998,-0.388215,-0.030479,-0.100961,-0.280852,-0.231046,-0.167933,-0.493661,0.000001,0.040178,0.000642,0.200443,0.000009,0.030343,0.003008,0.174191,0.000000,0.000000,0.000000,0.849935,-0.811627,-3.140000,-0.042750,-0.354932,-1.210231,3.140000,-0.177533,0.000000,0.000000,0.000000,0.000000,0.000000,0.000000
1778448635.912032,sequential_ik_elbow_then_wrist,0,0,-0.151224,0.140649,-0.217598,-0.397507,0.116269,-0.387158,-0.030942,-0.099296,-0.281395,-0.231247,-0.166823,-0.494275,0.000000,0.038179,0.000559,0.195391,0.000003,0.030788,0.001731,0.175464,0.000000,0.000000,0.000000,0.843761,-0.811724,-3.140000,-0.033721,-0.346153,-1.211521,3.140000,-0.177806,0.000000,0.000000,0.000000,0.000000,0.000000,0.000000
1778448635.965130,sequential_ik_elbow_then_wrist,0,0,-0.151485,0.140465,-0.217536,-0.396062,0.120068,-0.390064,-0.033749,-0.099045,-0.281160,-0.237990,-0.168771,-0.489544,0.000000,0.036489,0.000122,0.191020,0.000001,0.032831,0.000874,0.181185,0.000000,0.000000,0.000000,0.838935,-0.811646,-3.140000,-0.026745,-0.339895,-1.212302,3.140000,-0.182082,0.000000,0.000000,0.000000,0.000000,0.000000,0.000000
1778448636.024848,sequential_ik_elbow_then_wrist,0,0,-0.151898,0.141160,-0.216797,-0.396337,0.120778,-0.389523,-0.035814,-0.099427,-0.280770,-0.245537,-0.168904,-0.483722,0.000000,0.036484,0.000305,0.191009,0.000005,0.035358,0.002256,0.188037,0.000000,0.000000,0.000000,0.835064,-0.810890,-3.140000,-0.020841,-0.336211,-1.212176,3.140000,-0.186382,0.000000,0.000000,0.000000,0.000000,0.000000,0.000000
1778448636.095341,sequential_ik_elbow_then_wrist,0,0,-0.151897,0.139014,-0.218180,-0.397020,0.117651,-0.389814,-0.038354,-0.099456,-0.280424,-0.253137,-0.168440,-0.478185,0.000001,0.037069,0.000793,0.192533,0.000015,0.037775,0.003829,0.194359,0.000000,0.000000,0.000000,0.832968,-0.811396,-3.140000,-0.017242,-0.335256,-1.211342,3.140000,-0.189651,0.000000,0.000000,0.000000,0.000000,0.000000,0.000000
1778448636.154547,sequential_ik_elbow_then_wrist,0,0,-0.151344,0.138412,-0.218946,-0.398376,0.117029,-0.387818,-0.040921,-0.098622,-0.280355,-0.256213,-0.168765,-0.477153,0.000000,0.037418,0.000506,0.193434,0.000030,0.037791,0.005362,0.194398,0.000000,0.000000,0.000000,0.831824,-0.812717,-3.140000,-0.017699,-0.337133,-1.210465,3.140000,-0.192134,0.000000,0.000000,0.000000,0.000000,0.000000,0.000000
1778448636.209096,sequential_ik_elbow_then_wrist,0,0,-0.150777,0.138697,-0.219157,-0.400532,0.117259,-0.383968,-0.044010,-0.095055,-0.281119,-0.257213,-0.169846,-0.478478,0.000000,0.038169,0.000186,0.195360,0.000064,0.036342,0.007850,0.190636,0.000000,0.000000,0.000000,0.830821,-0.814126,-3.140000,-0.022384,-0.342319,-1.211182,3.140000,-0.194022,0.000000,0.000000,0.000000,0.000000,0.000000,0.000000
1778448636.269018,sequential_ik_elbow_then_wrist,0,0,-0.152207,0.136512,-0.219539,-0.406268,0.112646,-0.377284,-0.042389,-0.094063,-0.281701,-0.254903,-0.170330,-0.479238,0.000002,0.040424,0.001223,0.201039,0.000032,0.034499,0.005562,0.185740,0.000000,0.000000,0.000000,0.831531,-0.815638,-3.140000,-0.032487,-0.348876,-1.212986,3.140000,-0.195457,0.000000,0.000000,0.000000,0.000000,0.000000,0.000000
1778448636.322286,sequential_ik_elbow_then_wrist,0,0,-0.150925,0.136868,-0.220201,-0.405769,0.112839,-0.376654,-0.045039,-0.093660,-0.281424,-0.259885,-0.171883,-0.475646,0.000000,0.040268,0.000262,0.200663,0.000048,0.035074,0.006784,0.187281,0.000000,0.000000,0.000000,0.832122,-0.817485,-3.140000,-0.043506,-0.357047,-1.214197,3.140000,-0.196547,0.000000,0.000000,0.000000,0.000000,0.000000,0.000000
1778448636.392559,sequential_ik_elbow_then_wrist,0,0,-0.148490,0.137150,-0.221677,-0.404142,0.115786,-0.377194,-0.049550,-0.093554,-0.280700,-0.269992,-0.172731,-0.468147,0.000002,0.039605,0.001057,0.199006,0.000087,0.037395,0.009120,0.193377,0.000000,0.000000,0.000000,0.831497,-0.820397,-3.140000,-0.054980,-0.367587,-1.213917,3.140000,-0.197376,0.000000,0.000000,0.000000,0.000000,0.000000,0.000000
1778448636.449613,sequential_ik_elbow_then_wrist,0,0,-0.143438,0.138584,-0.224098,-0.397568,0.124551,-0.382908,-0.048044,-0.092947,-0.281163,-0.268005,-0.173910,-0.468411,0.000011,0.037009,0.002878,0.192376,0.000045,0.035381,0.006592,0.188098,0.000000,0.000000,0.000000,0.827832,-0.825199,-3.140000,-0.065121,-0.378735,-1.214122,3.140000,-0.198006,0.000000,0.000000,0.000000,0.000000,0.000000,0.000000
1778448636.512286,sequential_ik_elbow_then_wrist,0,0,-0.142739,0.138149,-0.224812,-0.397785,0.128011,-0.382447,-0.050933,-0.092640,-0.280756,-0.276340,-0.173821,-0.461314,0.000003,0.037026,0.001538,0.192417,0.000062,0.037594,0.007741,0.193891,0.000000,0.000000,0.000000,0.823342,-0.830095,-3.140000,-0.076061,-0.390904,-1.213706,3.140000,-0.198484,0.000000,0.000000,0.000000,0.000000,0.000000,0.000000
1778448636.576539,sequential_ik_elbow_then_wrist,0,0,-0.143386,0.137447,-0.224830,-0.398522,0.127234,-0.382314,-0.051583,-0.091387,-0.281047,-0.277209,-0.172428,-0.461395,0.000000,0.037616,0.000285,0.193947,0.000056,0.036763,0.007326,0.191737,0.000000,0.000000,0.000000,0.819627,-0.834114,-3.140000,-0.085774,-0.403649,-1.213753,3.140000,-0.198848,0.000000,0.000000,0.000000,0.000000,0.000000,0.000000
1778448636.631400,sequential_ik_elbow_then_wrist,0,0,-0.146879,0.138378,-0.221987,-0.404600,0.131654,-0.375397,-0.053992,-0.090085,-0.281015,-0.279089,-0.172679,-0.461320,0.000003,0.037329,0.001207,0.193200,0.000072,0.035850,0.008331,0.189342,0.000000,0.000000,0.000000,0.817678,-0.834608,-3.140000,-0.096998,-0.417301,-1.213866,3.140000,-0.199125,0.000000,0.000000,0.000000,0.000000,0.000000,0.000000
1778448636.717800,sequential_ik_elbow_then_wrist,0,0,-0.150436,0.141378,-0.217672,-0.419718,0.138615,-0.349882,-0.058076,-0.090159,-0.280176,-0.284563,-0.172671,-0.458769,0.000007,0.039473,0.001741,0.198574,0.000102,0.035866,0.009864,0.189384,0.000000,0.000000,0.000000,0.816799,-0.830486,-3.140000,-0.120915,-0.432424,-1.212587,3.140000,-0.199335,0.000000,0.000000,0.000000,0.000000,0.000000,0.000000
1778448636.751080,sequential_ik_elbow_then_wrist,0,0,-0.151184,0.141048,-0.217368,-0.419716,0.139987,-0.351121,-0.060386,-0.090775,-0.279488,-0.287541,-0.173098,-0.457318,0.000001,0.038340,0.000776,0.195805,0.000095,0.034816,0.009521,0.186590,0.000000,0.000000,0.000000,0.816879,-0.826051,-3.140000,-0.139895,-0.448587,-1.210100,3.140000,-0.199494,0.000000,0.000000,0.000000,0.000000,0.000000,0.000000
1778448636.822371,sequential_ik_elbow_then_wrist,0,0,-0.151934,0.142716,-0.215751,-0.420851,0.147582,-0.348641,-0.066769,-0.092125,-0.277588,-0.298562,-0.174380,-0.449362,0.000001,0.036264,0.000647,0.190432,0.000146,0.036164,0.011737,0.190168,0.000000,0.000000,0.000000,0.816883,-0.820941,-3.140000,-0.154320,-0.466811,-1.204832,3.140000,-0.199616,0.000000,0.000000,0.000000,0.000000,0.000000,0.000000
1778448636.882424,sequential_ik_elbow_then_wrist,0,0,-0.157431,0.143266,-0.211401,-0.431555,0.142635,-0.333285,-0.071447,-0.093750,-0.275874,-0.297655,-0.178992,-0.453536,0.000009,0.039713,0.002205,0.199281,0.000151,0.031238,0.011907,0.176743,0.000000,0.000000,0.000000,0.818874,-0.812841,-3.140000,-0.165284,-0.486953,-1.197316,3.140000,-0.199708,0.000000,0.000000,0.000000,0.000000,0.000000,0.000000
1778448636.934256,sequential_ik_elbow_then_wrist,0,0,-0.163132,0.147924,-0.203731,-0.438634,0.144885,-0.322429,-0.076338,-0.096319,-0.273670,-0.300275,-0.185375,-0.452335,0.000019,0.040168,0.002930,0.200419,0.000143,0.027821,0.011524,0.166796,0.000000,0.000000,0.000000,0.821592,-0.799163,-3.140000,-0.173615,-0.508634,-1.187372,3.140000,-0.199778,0.000000,0.000000,0.000000,0.000000,0.000000,0.000000
1778448637.001802,sequential_ik_elbow_then_wrist,0,0,-0.161112,0.147805,-0.205419,-0.437220,0.130391,-0.321439,-0.075548,-0.093516,-0.274859,-0.296393,-0.186871,-0.455170,0.000000,0.045456,0.000203,0.213205,0.000097,0.024515,0.009580,0.156573,0.000000,0.000000,0.000000,0.823424,-0.788468,-3.140000,-0.179948,-0.530509,-1.180554,3.140000,-0.199831,0.000000,0.000000,0.000000,0.000000,0.000000,0.000000
1778448637.057908,sequential_ik_elbow_then_wrist,0,0,-0.159981,0.147674,-0.206394,-0.434761,0.121423,-0.323895,-0.075308,-0.090691,-0.275869,-0.294923,-0.185631,-0.456854,0.000000,0.048671,0.000469,0.220614,0.000079,0.022971,0.008652,0.151561,0.000000,0.000000,0.000000,0.824307,-0.781100,-3.140000,-0.182847,-0.551916,-1.177067,3.140000,-0.199872,0.000000,0.000000,0.000000,0.000000,0.000000,0.000000
1778448637.114249,sequential_ik_elbow_then_wrist,0,0,-0.152637,0.150974,-0.209544,-0.421063,0.127814,-0.341495,-0.075722,-0.087846,-0.276675,-0.296891,-0.181047,-0.456669,0.000019,0.045773,0.003697,0.213900,0.000075,0.023026,0.008438,0.151743,0.000000,0.000000,0.000000,0.820244,-0.778393,-3.140000,-0.174277,-0.572757,-1.176074,3.140000,-0.199903,0.000000,0.000000,0.000000,0.000000,0.000000,0.000000
1778448637.186876,sequential_ik_elbow_then_wrist,0,0,-0.145516,0.152830,-0.213233,-0.409189,0.130571,-0.354588,-0.069350,-0.085167,-0.279172,-0.285604,-0.180529,-0.463943,0.000032,0.045535,0.004791,0.213349,0.000022,0.020129,0.004266,0.141878,0.000000,0.000000,0.000000,0.811206,-0.780221,-3.140000,-0.157694,-0.590655,-1.179633,3.140000,-0.199926,0.000000,0.000000,0.000000,0.000000,0.000000,0.000000
1778448637.237321,sequential_ik_elbow_then_wrist,0,0,-0.132960,0.153371,-0.220905,-0.379344,0.133893,-0.390950,-0.067288,-0.084450,-0.279894,-0.284998,-0.178430,-0.463660,0.000077,0.040281,0.007358,0.200478,0.000007,0.020618,0.002382,0.143591,0.000000,0.000000,0.000000,0.795962,-0.789407,-3.140000,-0.122398,-0.605382,-1.184518,3.140000,-0.199944,0.000000,0.000000,0.000000,0.000000,0.000000,0.000000
1778448637.304755,sequential_ik_elbow_then_wrist,0,0,-0.125482,0.152899,-0.225557,-0.366573,0.136279,-0.403318,-0.068248,-0.084225,-0.279729,-0.289037,-0.175347,-0.461248,0.000057,0.039674,0.006466,0.199139,0.000007,0.021910,0.002566,0.148019,0.000000,0.000000,0.000000,0.777244,-0.802454,-3.140000,-0.085549,-0.617850,-1.188453,3.140000,-0.199957,0.000000,0.000000,0.000000,0.000000,0.000000,0.000000
1778448637.364554,sequential_ik_elbow_then_wrist,0,0,-0.125695,0.147913,-0.228741,-0.360799,0.129237,-0.414152,-0.067117,-0.085677,-0.279562,-0.292706,-0.170763,-0.458084,0.000008,0.040301,0.002113,0.200731,0.000000,0.023486,0.000645,0.153250,0.000000,0.000000,0.000000,0.761459,-0.816695,-3.140000,-0.050654,-0.627643,-1.191191,3.140000,-0.199967,0.000000,0.000000,0.000000,0.000000,0.000000,0.000000
1778448637.412204,sequential_ik_elbow_then_wrist,0,0,-0.124452,0.148511,-0.229033,-0.360585,0.131691,-0.413310,-0.066214,-0.085655,-0.279784,-0.293242,-0.170174,-0.456744,0.000003,0.040522,0.001502,0.201301,0.000000,0.023997,0.000129,0.154910,0.000000,0.000000,0.000000,0.747873,-0.828788,-3.140000,-0.024655,-0.635060,-1.193591,3.140000,-0.199975,0.000000,0.000000,0.000000,0.000000,0.000000,0.000000
1778448637.480173,sequential_ik_elbow_then_wrist,0,0,-0.128287,0.148870,-0.226672,-0.367960,0.130987,-0.406219,-0.063851,-0.087830,-0.279659,-0.292598,-0.169852,-0.455577,0.000002,0.042809,0.000978,0.206900,0.000007,0.024377,0.002655,0.156131,0.000000,0.000000,0.000000,0.738286,-0.836026,-3.140000,-0.007814,-0.639379,-1.195296,3.140000,-0.199981,0.000000,0.000000,0.000000,0.000000,0.000000,0.000000
1778448637.537555,sequential_ik_elbow_then_wrist,0,0,-0.131645,0.148719,-0.224838,-0.374575,0.130013,-0.399867,-0.062080,-0.090132,-0.279325,-0.291656,-0.170507,-0.454923,0.000005,0.044166,0.001879,0.210152,0.000021,0.024631,0.004454,0.156941,0.000000,0.000000,0.000000,0.732943,-0.839367,-3.140000,0.001725,-0.640441,-1.196037,3.140000,-0.199986,0.000000,0.000000,0.000000,0.000000,0.000000,0.000000
1778448637.605945,sequential_ik_elbow_then_wrist,0,0,-0.131863,0.147563,-0.225471,-0.374036,0.123303,-0.400867,-0.058527,-0.091660,-0.279594,-0.288027,-0.170109,-0.456160,0.000002,0.045150,0.001347,0.212484,0.000047,0.024680,0.006699,0.157099,0.000000,0.000000,0.000000,0.730428,-0.842001,-3.140000,0.010568,-0.637909,-1.197007,3.140000,-0.199989,0.000000,0.000000,0.000000,0.000000,0.000000,0.000000
1778448637.660777,sequential_ik_elbow_then_wrist,0,0,-0.135024,0.146544,-0.224261,-0.376071,0.122136,-0.401182,-0.057390,-0.095691,-0.278478,-0.287544,-0.172366,-0.454971,0.000007,0.044312,0.002280,0.210504,0.000069,0.025201,0.008125,0.158747,0.000000,0.000000,0.000000,0.731107,-0.842903,-3.140000,0.018209,-0.631893,-1.196020,3.140000,-0.199992,0.000000,0.000000,0.000000,0.000000,0.000000,0.000000
1778448637.711496,sequential_ik_elbow_then_wrist,0,0,-0.136880,0.146284,-0.223305,-0.381174,0.125354,-0.396170,-0.060663,-0.096775,-0.277407,-0.296253,-0.171503,-0.447445,0.000005,0.043524,0.001970,0.208615,0.000026,0.028902,0.004921,0.170005,0.000000,0.000000,0.000000,0.733866,-0.842449,-3.140000,0.019553,-0.624805,-1.192993,3.140000,-0.199994,0.000000,0.000000,0.000000,0.000000,0.000000,0.000000
1778448637.775574,sequential_ik_elbow_then_wrist,0,0,-0.144315,0.144310,-0.219882,-0.392421,0.124202,-0.387330,-0.069782,-0.096055,-0.275506,-0.312609,-0.168136,-0.436253,0.000027,0.043929,0.004521,0.209575,0.000010,0.034236,0.002772,0.185029,0.000000,0.000000,0.000000,0.741136,-0.838738,-3.140000,0.014318,-0.620730,-1.187099,3.140000,-0.199995,0.000000,0.000000,0.000000,0.000000,0.000000,0.000000
1778448637.842864,sequential_ik_elbow_then_wrist,0,0,-0.144972,0.144524,-0.219308,-0.390009,0.124342,-0.391207,-0.071319,-0.096433,-0.274980,-0.314990,-0.166643,-0.435279,0.000007,0.041121,0.002349,0.202782,0.000009,0.034191,0.002788,0.184909,0.000000,0.000000,0.000000,0.749438,-0.834602,-3.140000,0.012011,-0.619143,-1.180986,3.140000,-0.199996,0.000000,0.000000,0.000000,0.000000,0.000000,0.000000
1778448637.904511,sequential_ik_elbow_then_wrist,0,0,-0.148480,0.142964,-0.217979,-0.397196,0.123784,-0.384630,-0.076496,-0.094430,-0.274283,-0.324194,-0.162527,-0.429229,0.000011,0.041133,0.002930,0.202805,0.000043,0.036736,0.006328,0.191666,0.000000,0.000000,0.000000,0.759263,-0.829967,-3.140000,0.006031,-0.621495,-1.174988,3.140000,-0.199997,0.000000,0.000000,0.000000,0.000000,0.000000,0.000000
1778448637.964124,sequential_ik_elbow_then_wrist,0,0,-0.148773,0.142804,-0.217885,-0.396943,0.122315,-0.385191,-0.077736,-0.094180,-0.274021,-0.328210,-0.160691,-0.425146,0.000003,0.040257,0.001562,0.200641,0.000035,0.037375,0.005788,0.193326,0.000000,0.000000,0.000000,0.768639,-0.826006,-3.140000,0.001005,-0.626581,-1.169702,3.140000,-0.199998,0.000000,0.000000,0.000000,0.000000,0.000000,0.000000
1778448638.017508,sequential_ik_elbow_then_wrist,0,0,-0.144876,0.148093,-0.216978,-0.385916,0.124062,-0.393960,-0.078792,-0.095047,-0.273419,-0.327403,-0.161972,-0.427411,0.000008,0.038558,0.002420,0.196315,0.000024,0.035031,0.004728,0.187166,0.000000,0.000000,0.000000,0.772802,-0.822090,-3.140000,0.007389,-0.633165,-1.164580,3.140000,-0.199998,0.000000,0.000000,0.000000,0.000000,0.000000,0.000000
1778448638.084581,sequential_ik_elbow_then_wrist,0,0,-0.137396,0.154394,-0.217451,-0.384736,0.149868,-0.387164,-0.089522,-0.097266,-0.269305,-0.351593,-0.163247,-0.399555,0.000044,0.035332,0.005884,0.187945,0.000096,0.043053,0.009195,0.207493,0.000000,0.000000,0.000000,0.768693,-0.819385,-3.140000,0.005262,-0.643589,-1.154625,3.140000,-0.199999,0.000000,0.000000,0.000000,0.000000,0.000000,0.000000
1778448638.137091,sequential_ik_elbow_then_wrist,0,0,-0.130567,0.158972,-0.218358,-0.377004,0.162053,-0.389412,-0.104339,-0.099760,-0.262985,-0.379812,-0.162350,-0.363967,0.000059,0.034982,0.006825,0.187034,0.000226,0.051950,0.013998,0.227925,0.000000,0.000000,0.000000,0.757190,-0.818228,-3.140000,0.002433,-0.660549,-1.137453,3.140000,-0.199999,0.000000,0.000000,0.000000,0.000000,0.000000,0.000000
1778448638.191009,sequential_ik_elbow_then_wrist,0,0,-0.129071,0.160905,-0.217831,-0.374336,0.165011,-0.390539,-0.114040,-0.100839,-0.258508,-0.393899,-0.161390,-0.348023,0.000025,0.036805,0.004486,0.191843,0.000227,0.051591,0.014111,0.227137,0.000000,0.000000,0.000000,0.742934,-0.817031,-3.140000,0.002825,-0.683502,-1.116617,3.140000,-0.199999,0.000000,0.000000,0.000000,0.000000,0.000000,0.000000
1778448638.256082,sequential_ik_elbow_then_wrist,0,0,-0.128770,0.162423,-0.216881,-0.373874,0.165951,-0.389830,-0.119774,-0.100259,-0.256130,-0.401679,-0.155173,-0.342812,0.000010,0.038609,0.002774,0.196488,0.000172,0.049076,0.012372,0.221531,0.000000,0.000000,0.000000,0.728696,-0.815173,-3.140000,0.006180,-0.710390,-1.096044,3.140000,-0.199999,0.000000,0.000000,0.000000,0.000000,0.000000,0.000000
1778448638.322239,sequential_ik_elbow_then_wrist,0,0,-0.128676,0.163750,-0.215936,-0.371749,0.164250,-0.391764,-0.119705,-0.100354,-0.256124,-0.396798,-0.155298,-0.357123,0.000004,0.039820,0.001803,0.199534,0.000072,0.040253,0.008020,0.200630,0.000000,0.000000,0.000000,0.715682,-0.812695,-3.140000,0.014592,-0.737143,-1.079121,3.140000,-0.200000,0.000000,0.000000,0.000000,0.000000,0.000000,0.000000
1778448638.396381,sequential_ik_elbow_then_wrist,0,0,-0.133638,0.162224,-0.214066,-0.375507,0.161977,-0.391546,-0.115072,-0.100986,-0.257993,-0.384438,-0.161837,-0.375206,0.000004,0.040230,0.001620,0.200570,0.000010,0.031812,0.003000,0.178359,0.000000,0.000000,0.000000,0.707633,-0.808911,-3.140000,0.024606,-0.759763,-1.068073,3.140000,-0.200000,0.000000,0.000000,0.000000,0.000000,0.000000,0.000000
1778448638.443203,sequential_ik_elbow_then_wrist,0,0,-0.134633,0.161142,-0.214260,-0.378181,0.159545,-0.389421,-0.105376,-0.101383,-0.261949,-0.369828,-0.163186,-0.389407,0.000002,0.040697,0.001383,0.201735,0.000017,0.028407,0.003320,0.168544,0.000000,0.000000,0.000000,0.703267,-0.805770,-3.140000,0.032104,-0.774948,-1.064981,3.140000,-0.200000,0.000000,0.000000,0.000000,0.000000,0.000000,0.000000
1778448638.512886,sequential_ik_elbow_then_wrist,0,0,-0.140708,0.158297,-0.212469,-0.388875,0.154600,-0.380991,-0.100565,-0.100994,-0.263983,-0.362168,-0.160686,-0.398150,0.000018,0.042501,0.003747,0.206147,0.000022,0.027981,0.004218,0.167274,0.000000,0.000000,0.000000,0.704688,-0.801773,-3.140000,0.032627,-0.783639,-1.066474,3.140000,-0.200000,0.000000,0.000000,0.000000,0.000000,0.000000,0.000000
1778448638.570651,sequential_ik_elbow_then_wrist,0,0,-0.140767,0.156247,-0.213943,-0.382470,0.137185,-0.390623,-0.086124,-0.100454,-0.269243,-0.337332,-0.161633,-0.421399,0.000008,0.043654,0.002416,0.208899,0.000126,0.023512,0.010337,0.153337,0.000000,0.000000,0.000000,0.708829,-0.799645,-3.140000,0.042548,-0.783646,-1.075788,3.140000,-0.200000,0.000000,0.000000,0.000000,0.000000,0.000000,0.000000
1778448638.630392,sequential_ik_elbow_then_wrist,0,0,-0.141520,0.152099,-0.216420,-0.377967,0.123933,-0.398902,-0.079281,-0.100774,-0.271218,-0.327217,-0.161396,-0.428866,0.000011,0.043822,0.002868,0.209308,0.000142,0.024035,0.011362,0.155032,0.000000,0.000000,0.000000,0.715410,-0.800433,-3.140000,0.058653,-0.776613,-1.087626,3.140000,-0.200000,0.000000,0.000000,0.000000,0.000000,0.000000,0.000000
1778448638.708830,sequential_ik_elbow_then_wrist,0,0,-0.139295,0.148617,-0.220249,-0.371986,0.117313,-0.406998,-0.074943,-0.100107,-0.272694,-0.321513,-0.158937,-0.433138,0.000008,0.042446,0.002233,0.206018,0.000123,0.025555,0.010687,0.159860,0.000000,0.000000,0.000000,0.722464,-0.805018,-3.140000,0.074928,-0.764878,-1.099840,3.140000,-0.200000,0.000000,0.000000,0.000000,0.000000,0.000000,0.000000
1778448638.750511,sequential_ik_elbow_then_wrist,0,0,-0.138263,0.146906,-0.222040,-0.366892,0.115888,-0.413787,-0.075174,-0.099038,-0.273021,-0.322533,-0.157393,-0.432421,0.000003,0.040289,0.001400,0.200719,0.000059,0.028026,0.007476,0.167409,0.000000,0.000000,0.000000,0.729065,-0.811046,-3.140000,0.089388,-0.751553,-1.110189,3.140000,-0.200000,0.000000,0.000000,0.000000,0.000000,0.000000,0.000000
1778448638.798397,sequential_ik_elbow_then_wrist,0,0,-0.137229,0.146930,-0.222665,-0.360761,0.116116,-0.420362,-0.069783,-0.098797,-0.274535,-0.311386,-0.159447,-0.441716,0.000000,0.038074,0.000448,0.195120,0.000085,0.026054,0.008892,0.161412,0.000000,0.000000,0.000000,0.734237,-0.816782,-3.140000,0.104106,-0.736337,-1.120649,3.140000,-0.200000,0.000000,0.000000,0.000000,0.000000,0.000000,0.000000
1778448638.868807,sequential_ik_elbow_then_wrist,0,0,-0.137158,0.146952,-0.222695,-0.361104,0.117162,-0.420079,-0.071590,-0.098067,-0.274331,-0.315021,-0.158325,-0.438983,0.000000,0.037845,0.000113,0.194538,0.000031,0.028700,0.005425,0.169412,0.000000,0.000000,0.000000,0.738207,-0.821432,-3.140000,0.115237,-0.721681,-1.128745,3.140000,-0.200000,0.000000,0.000000,0.000000,0.000000,0.000000,0.000000
1778448638.920300,sequential_ik_elbow_then_wrist,0,0,-0.137290,0.146649,-0.222813,-0.360512,0.117845,-0.421161,-0.072538,-0.097872,-0.274152,-0.317062,-0.157620,-0.437364,0.000000,0.037288,0.000181,0.193102,0.000013,0.030260,0.003540,0.173955,0.000000,0.000000,0.000000,0.741422,-0.825142,-3.140000,0.123680,-0.708523,-1.134611,3.140000,-0.200000,0.000000,0.000000,0.000000,0.000000,0.000000,0.000000
1778448638.995177,sequential_ik_elbow_then_wrist,0,0,-0.139170,0.147065,-0.221367,-0.363154,0.120025,-0.419105,-0.074756,-0.096986,-0.273871,-0.320748,-0.157120,-0.434718,0.000001,0.036979,0.000790,0.192298,0.000001,0.031823,0.000984,0.178391,0.000000,0.000000,0.000000,0.744613,-0.826676,-3.140000,0.128979,-0.697969,-1.138545,3.140000,-0.200000,0.000000,0.000000,0.000000,0.000000,0.000000,0.000000
1778448639.048522,sequential_ik_elbow_then_wrist,0,0,-0.138844,0.147431,-0.221329,-0.363020,0.121187,-0.418956,-0.075284,-0.096950,-0.273739,-0.321832,-0.157338,-0.433637,0.000000,0.036562,0.000141,0.191213,0.000000,0.032261,0.000424,0.179613,0.000000,0.000000,0.000000,0.747121,-0.827512,-3.140000,0.132655,-0.689713,-1.141213,3.140000,-0.200000,0.000000,0.000000,0.000000,0.000000,0.000000,0.000000
1778448639.102874,sequential_ik_elbow_then_wrist,0,0,-0.138885,0.147091,-0.221529,-0.360310,0.114272,-0.421264,-0.073863,-0.098457,-0.273588,-0.318719,-0.157889,-0.436418,0.000000,0.037700,0.000171,0.194156,0.000004,0.031194,0.001896,0.176619,0.000000,0.000000,0.000000,0.749226,-0.828255,-3.140000,0.140040,-0.682344,-1.142950,3.140000,-0.200000,0.000000,0.000000,0.000000,0.000000,0.000000,0.000000
1778448639.168184,sequential_ik_elbow_then_wrist,0,0,-0.136949,0.146744,-0.222960,-0.355691,0.107677,-0.424517,-0.069295,-0.100093,-0.274189,-0.308882,-0.158761,-0.444941,0.000001,0.038677,0.000708,0.196652,0.000027,0.028461,0.005048,0.168704,0.000000,0.000000,0.000000,0.750228,-0.830159,-3.140000,0.151216,-0.673847,-1.145173,3.140000,-0.200000,0.000000,0.000000,0.000000,0.000000,0.000000,0.000000
1778448639.240794,sequential_ik_elbow_then_wrist,0,0,-0.131617,0.147370,-0.225741,-0.344112,0.105387,-0.433306,-0.067324,-0.102055,-0.273957,-0.302565,-0.160374,-0.450762,0.000010,0.037374,0.002690,0.193300,0.000038,0.027011,0.006034,0.164351,0.000000,0.000000,0.000000,0.748131,-0.834508,-3.140000,0.167190,-0.663929,-1.146747,3.140000,-0.200000,0.000000,0.000000,0.000000,0.000000,0.000000,0.000000
1778448639.287672,sequential_ik_elbow_then_wrist,0,0,-0.129648,0.148519,-0.226127,-0.341562,0.107296,-0.434437,-0.067533,-0.102895,-0.273591,-0.303979,-0.159296,-0.449409,0.000008,0.037553,0.002450,0.193784,0.000026,0.028669,0.004916,0.169319,0.000000,0.000000,0.000000,0.743766,-0.838839,-3.140000,0.181869,-0.653558,-1.147330,3.140000,-0.200000,0.000000,0.000000,0.000000,0.000000,0.000000,0.000000
1778448639.344281,sequential_ik_elbow_then_wrist,0,0,-0.127259,0.149527,-0.226819,-0.338393,0.109068,-0.436069,-0.068450,-0.103241,-0.273232,-0.306218,-0.157948,-0.447799,0.000008,0.037616,0.002546,0.193947,0.000012,0.030331,0.003369,0.174158,0.000000,0.000000,0.000000,0.737578,-0.843017,-3.140000,0.194808,-0.643724,-1.147060,3.140000,-0.200000,0.000000,0.000000,0.000000,0.000000,0.000000,0.000000
1778448639.404422,sequential_ik_elbow_then_wrist,0,0,-0.126637,0.149632,-0.227098,-0.338021,0.110500,-0.436348,-0.069575,-0.103408,-0.272885,-0.308760,-0.157426,-0.445722,0.000003,0.038024,0.001601,0.194997,0.000004,0.031723,0.001960,0.178110,0.000000,0.000000,0.000000,0.731074,-0.846651,-3.140000,0.204899,-0.635111,-1.146153,3.140000,-0.200000,0.000000,0.000000,0.000000,0.000000,0.000000,0.000000
1778448639.465053,sequential_ik_elbow_then_wrist,0,0,-0.127471,0.149141,-0.226954,-0.339005,0.109447,-0.435946,-0.069988,-0.103589,-0.272710,-0.309767,-0.157451,-0.444771,0.000000,0.038801,0.000333,0.196980,0.000002,0.032364,0.001315,0.179901,0.000000,0.000000,0.000000,0.725755,-0.849377,-3.140000,0.212856,-0.627795,-1.145040,3.140000,-0.200000,0.000000,0.000000,0.000000,0.000000,0.000000,0.000000
1778448639.534180,sequential_ik_elbow_then_wrist,0,0,-0.127130,0.150277,-0.226396,-0.339019,0.108768,-0.434674,-0.070986,-0.103939,-0.272319,-0.311831,-0.156804,-0.443195,0.000001,0.039533,0.000717,0.198829,0.000000,0.033279,0.000579,0.182427,0.000000,0.000000,0.000000,0.720930,-0.850916,-3.140000,0.220117,-0.621925,-1.143514,3.140000,-0.200000,0.000000,0.000000,0.000000,0.000000,0.000000,0.000000
1778448639.601773,sequential_ik_elbow_then_wrist,0,0,-0.126946,0.151727,-0.225530,-0.339225,0.108597,-0.433081,-0.071246,-0.104435,-0.272061,-0.312858,-0.156916,-0.441970,0.000001,0.040328,0.000975,0.200818,0.000000,0.033733,0.000490,0.183666,0.000000,0.000000,0.000000,0.716222,-0.851152,-3.140000,0.227465,-0.617196,-1.141821,3.140000,-0.200000,0.000000,0.000000,0.000000,0.000000,0.000000,0.000000
1778448639.659198,sequential_ik_elbow_then_wrist,0,0,-0.127426,0.151916,-0.225131,-0.340513,0.108515,-0.431797,-0.070265,-0.105108,-0.272057,-0.312275,-0.157565,-0.441407,0.000000,0.041012,0.000406,0.202514,0.000002,0.033824,0.001245,0.183914,0.000000,0.000000,0.000000,0.712251,-0.850744,-3.140000,0.233825,-0.612856,-1.140411,3.140000,-0.200000,0.000000,0.000000,0.000000,0.000000,0.000000,0.000000
1778448639.707285,sequential_ik_elbow_then_wrist,0,0,-0.127075,0.151600,-0.225542,-0.340311,0.107080,-0.431814,-0.068314,-0.105578,-0.272372,-0.308862,-0.157645,-0.443911,0.000000,0.041517,0.000229,0.203758,0.000006,0.033185,0.002382,0.182166,0.000000,0.000000,0.000000,0.708993,-0.850683,-3.140000,0.239426,-0.608138,-1.139783,3.140000,-0.200000,0.000000,0.000000,0.000000,0.000000,0.000000,0.000000
1778448639.771325,sequential_ik_elbow_then_wrist,0,0,-0.127318,0.151581,-0.225418,-0.342810,0.107987,-0.429532,-0.066009,-0.105469,-0.272982,-0.307084,-0.157393,-0.443823,0.000000,0.042172,0.000023,0.205357,0.000011,0.033740,0.003256,0.183685,0.000000,0.000000,0.000000,0.706511,-0.850578,-3.140000,0.241803,-0.602639,-1.140324,3.140000,-0.200000,0.000000,0.000000,0.000000,0.000000,0.000000,0.000000
1778448639.831839,sequential_ik_elbow_then_wrist,0,0,-0.127612,0.151470,-0.225326,-0.342988,0.107915,-0.429571,-0.063583,-0.106473,-0.273168,-0.303376,-0.158426,-0.445796,0.000000,0.042135,0.000154,0.205269,0.000021,0.033424,0.004464,0.182823,0.000000,0.000000,0.000000,0.704795,-0.850398,-3.140000,0.243066,-0.595840,-1.141270,3.140000,-0.200000,0.000000,0.000000,0.000000,0.000000,0.000000,0.000000
1778448639.909597,sequential_ik_elbow_then_wrist,0,0,-0.127896,0.150674,-0.225699,-0.343548,0.106054,-0.429423,-0.063545,-0.106618,-0.273120,-0.303615,-0.157686,-0.445627,0.000000,0.042586,0.000468,0.206364,0.000013,0.034536,0.003509,0.185838,0.000000,0.000000,0.000000,0.704010,-0.850588,-3.140000,0.243713,-0.588618,-1.142020,3.140000,-0.200000,0.000000,0.000000,0.000000,0.000000,0.000000,0.000000
1778448639.954801,sequential_ik_elbow_then_wrist,0,0,-0.128643,0.149518,-0.226043,-0.344567,0.102894,-0.429028,-0.063202,-0.107215,-0.272966,-0.303544,-0.156724,-0.445547,0.000001,0.043299,0.000924,0.208085,0.000011,0.035481,0.003159,0.188365,0.000000,0.000000,0.000000,0.704456,-0.851131,-3.140000,0.243935,-0.581276,-1.142361,3.140000,-0.200000,0.000000,0.000000,0.000000,0.000000,0.000000,0.000000
1778448640.003981,sequential_ik_elbow_then_wrist,0,0,-0.129348,0.148862,-0.226074,-0.345252,0.101927,-0.429008,-0.063018,-0.107237,-0.273000,-0.303375,-0.155848,-0.445816,0.000001,0.043174,0.000968,0.207783,0.000007,0.036225,0.002549,0.190329,0.000000,0.000000,0.000000,0.705899,-0.851664,-3.140000,0.243435,-0.574198,-1.142609,3.140000,-0.200000,0.000000,0.000000,0.000000,0.000000,0.000000,0.000000
1778448640.073697,sequential_ik_elbow_then_wrist,0,0,-0.130529,0.147223,-0.226467,-0.347097,0.098831,-0.428351,-0.066199,-0.106603,-0.272495,-0.309425,-0.152164,-0.442098,0.000003,0.043745,0.001524,0.209153,0.000000,0.039101,0.000472,0.197739,0.000000,0.000000,0.000000,0.708721,-0.852469,-3.140000,0.241825,-0.569042,-1.142030,3.140000,-0.200000,0.000000,0.000000,0.000000,0.000000,0.000000,0.000000
1778448640.136344,sequential_ik_elbow_then_wrist,0,0,-0.130463,0.148030,-0.225979,-0.346500,0.099157,-0.428314,-0.066475,-0.106412,-0.272502,-0.311180,-0.150511,-0.440355,0.000000,0.043181,0.000503,0.207801,0.000000,0.040066,0.000546,0.200166,0.000000,0.000000,0.000000,0.711417,-0.852710,-3.140000,0.240590,-0.565445,-1.141424,3.140000,-0.200000,0.000000,0.000000,0.000000,0.000000,0.000000,0.000000
1778448640.201376,sequential_ik_elbow_then_wrist,0,0,-0.130006,0.148343,-0.226037,-0.344858,0.099017,-0.429520,-0.068266,-0.105237,-0.272516,-0.317312,-0.148345,-0.434126,0.000000,0.042681,0.000036,0.206594,0.000004,0.042815,0.002048,0.206917,0.000000,0.000000,0.000000,0.713427,-0.852861,-3.140000,0.240876,-0.563927,-1.140957,3.140000,-0.200000,0.000000,0.000000,0.000000,0.000000,0.000000,0.000000
1778448640.261626,sequential_ik_elbow_then_wrist,0,0,-0.129858,0.149282,-0.225503,-0.345039,0.102869,-0.429324,-0.071994,-0.104777,-0.271733,-0.326353,-0.146547,-0.425215,0.000000,0.041805,0.000436,0.204463,0.000019,0.046177,0.004161,0.214888,0.000000,0.000000,0.000000,0.714504,-0.852469,-3.140000,0.240503,-0.565255,-1.139488,3.140000,-0.200000,0.000000,0.000000,0.000000,0.000000,0.000000,0.000000
1778448640.322650,sequential_ik_elbow_then_wrist,0,0,-0.130644,0.149510,-0.224897,-0.346659,0.105376,-0.428342,-0.076722,-0.104757,-0.270444,-0.333657,-0.146945,-0.419455,0.000000,0.041528,0.000254,0.203783,0.000041,0.047178,0.006164,0.217204,0.000000,0.000000,0.000000,0.715351,-0.851490,-3.140000,0.238880,-0.570003,-1.136312,3.140000,-0.200000,0.000000,0.000000,0.000000,0.000000,0.000000,0.000000
1778448640.373061,sequential_ik_elbow_then_wrist,0,0,-0.127974,0.151318,-0.225223,-0.340619,0.107550,-0.432265,-0.076150,-0.104912,-0.270545,-0.332528,-0.149061,-0.419948,0.000003,0.039930,0.001629,0.199822,0.000019,0.044886,0.004166,0.211864,0.000000,0.000000,0.000000,0.714121,-0.850899,-3.140000,0.240703,-0.576182,-1.133519,3.140000,-0.200000,0.000000,0.000000,0.000000,0.000000,0.000000,0.000000
1778448640.433615,sequential_ik_elbow_then_wrist,0,0,-0.127362,0.151388,-0.225523,-0.338446,0.106783,-0.433980,-0.077806,-0.104659,-0.270172,-0.336100,-0.148221,-0.416413,0.000002,0.040078,0.001104,0.200192,0.000019,0.045390,0.004250,0.213050,0.000000,0.000000,0.000000,0.711925,-0.850762,-3.140000,0.245001,-0.583514,-1.130779,3.140000,-0.200000,0.000000,0.000000,0.000000,0.000000,0.000000,0.000000
1778448640.493877,sequential_ik_elbow_then_wrist,0,0,-0.128420,0.150767,-0.225339,-0.340220,0.105409,-0.432904,-0.082965,-0.104998,-0.268500,-0.347403,-0.147534,-0.403642,0.000000,0.041012,0.000068,0.202513,0.000042,0.049033,0.006195,0.221434,0.000000,0.000000,0.000000,0.710321,-0.850554,-3.140000,0.248884,-0.592975,-1.126263,3.140000,-0.200000,0.000000,0.000000,0.000000,0.000000,0.000000,0.000000
1778448640.550823,sequential_ik_elbow_then_wrist,0,0,-0.129122,0.150690,-0.224989,-0.343239,0.106513,-0.430421,-0.087785,-0.103904,-0.267391,-0.356725,-0.146107,-0.393447,0.000000,0.041536,0.000353,0.203801,0.000067,0.051271,0.007850,0.226431,0.000000,0.000000,0.000000,0.709480,-0.850047,-3.140000,0.249788,-0.605239,-1.120811,3.140000,-0.200000,0.000000,0.000000,0.000000,0.000000,0.000000,0.000000
1778448640.615417,sequential_ik_elbow_then_wrist,0,0,-0.129466,0.150873,-0.224669,-0.344630,0.106274,-0.428912,-0.098027,-0.100489,-0.265127,-0.378304,-0.139268,-0.364834,0.000000,0.041976,0.000279,0.204879,0.000186,0.061057,0.013061,0.247097,0.000000,0.000000,0.000000,0.709118,-0.849283,-3.140000,0.249335,-0.623265,-1.113440,3.140000,-0.200000,0.000000,0.000000,0.000000,0.000000,0.000000,0.000000
1778448640.683234,sequential_ik_elbow_then_wrist,0,0,-0.127583,0.152600,-0.224579,-0.342268,0.108475,-0.429429,-0.116466,-0.096614,-0.259040,-0.412471,-0.116604,-0.303552,0.000002,0.041390,0.001183,0.203446,0.000484,0.085297,0.020855,0.292056,0.000000,0.000000,0.000000,0.707478,-0.848535,-3.140000,0.249670,-0.651739,-1.099959,3.140000,-0.200000,0.000000,0.000000,0.000000,0.000000,0.000000,0.000000
1778448640.738340,sequential_ik_elbow_then_wrist,0,0,-0.118657,0.154617,-0.228066,-0.328608,0.113057,-0.438288,-0.137630,-0.091114,-0.250512,-0.436965,-0.084960,-0.231512,0.000032,0.038539,0.004987,0.196305,0.000796,0.112047,0.026449,0.334734,0.000000,0.000000,0.000000,0.700743,-0.851249,-3.140000,0.253916,-0.694051,-1.078440,3.140000,-0.200000,0.000000,0.000000,0.000000,0.000000,0.000000,0.000000
1778448640.802247,sequential_ik_elbow_then_wrist,0,0,-0.118108,0.154672,-0.228313,-0.329969,0.114297,-0.436844,-0.138681,-0.088705,-0.250797,-0.438639,-0.085782,-0.246710,0.000010,0.040322,0.002802,0.200804,0.000373,0.092631,0.018206,0.304353,0.000000,0.000000,0.000000,0.692510,-0.854267,-3.140000,0.256837,-0.741401,-1.059050,3.140000,-0.200000,0.000000,0.000000,0.000000,0.000000,0.000000,0.000000
1778448640.854224,sequential_ik_elbow_then_wrist,0,0,-0.118786,0.157162,-0.226252,-0.331918,0.118334,-0.433778,-0.135344,-0.088672,-0.252625,-0.434990,-0.090800,-0.267047,0.000006,0.041148,0.002069,0.202849,0.000119,0.076979,0.010278,0.277450,0.000000,0.000000,0.000000,0.684032,-0.854823,-3.140000,0.259018,-0.786007,-1.045196,3.140000,-0.200000,0.000000,0.000000,0.000000,0.000000,0.000000,0.000000
1778448640.950356,sequential_ik_elbow_then_wrist,0,0,-0.119370,0.157436,-0.225754,-0.333108,0.118509,-0.432637,-0.136098,-0.088945,-0.252123,-0.435964,-0.090460,-0.260968,0.000001,0.042031,0.000920,0.205015,0.000050,0.076216,0.006703,0.276073,0.000000,0.000000,0.000000,0.676607,-0.854374,-3.140000,0.261612,-0.825539,-1.034159,3.140000,-0.200000,0.000000,0.000000,0.000000,0.000000,0.000000,0.000000
1778448640.994704,sequential_ik_elbow_then_wrist,0,0,-0.121946,0.158479,-0.223637,-0.337493,0.117927,-0.428320,-0.132499,-0.091491,-0.253127,-0.432001,-0.094047,-0.270205,0.000002,0.043662,0.000853,0.208954,0.000003,0.070536,0.001661,0.265585,0.000000,0.000000,0.000000,0.671289,-0.851862,-3.140000,0.264295,-0.856942,-1.026709,3.140000,-0.200000,0.000000,0.000000,0.000000,0.000000,0.000000,0.000000
1778448641.042816,sequential_ik_elbow_then_wrist,0,0,-0.125499,0.158252,-0.221825,-0.341805,0.117063,-0.425578,-0.123027,-0.094201,-0.256886,-0.409059,-0.121916,-0.343010,0.000005,0.044292,0.001814,0.210456,0.000024,0.039508,0.004330,0.198766,0.000000,0.000000,0.000000,0.669162,-0.847792,-3.140000,0.266757,-0.877598,-1.025697,3.140000,-0.200000,0.000000,0.000000,0.000000,0.000000,0.000000,0.000000
1778448641.099365,sequential_ik_elbow_then_wrist,0,0,-0.131133,0.156401,-0.219870,-0.351938,0.115012,-0.418696,-0.119887,-0.095502,-0.257889,-0.396644,-0.134780,-0.366805,0.000018,0.046027,0.003671,0.214534,0.000025,0.031332,0.004655,0.177010,0.000000,0.000000,0.000000,0.671824,-0.842441,-3.140000,0.264687,-0.889701,-1.027207,3.140000,-0.200000,0.000000,0.000000,0.000000,0.000000,0.000000,0.000000
1778448641.160471,sequential_ik_elbow_then_wrist,0,0,-0.138259,0.154018,-0.217170,-0.369620,0.119325,-0.404969,-0.117965,-0.099483,-0.257269,-0.390910,-0.147080,-0.372315,0.000036,0.047199,0.005282,0.217172,0.000039,0.028658,0.005940,0.169286,0.000000,0.000000,0.000000,0.680167,-0.835453,-3.140000,0.248897,-0.894258,-1.028164,3.140000,-0.200000,0.000000,0.000000,0.000000,0.000000,0.000000,0.000000
1778448641.224318,sequential_ik_elbow_then_wrist,0,0,-0.146058,0.151388,-0.213890,-0.389463,0.119743,-0.386379,-0.119051,-0.102998,-0.255378,-0.391750,-0.152921,-0.370022,0.000051,0.049189,0.006247,0.221651,0.000033,0.028950,0.005362,0.170147,0.000000,0.000000,0.000000,0.694168,-0.826584,-3.140000,0.218279,-0.893516,-1.026584,3.140000,-0.200000,0.000000,0.000000,0.000000,0.000000,0.000000,0.000000
1778448641.282479,sequential_ik_elbow_then_wrist,0,0,-0.147539,0.149980,-0.213865,-0.390680,0.117847,-0.386636,-0.116631,-0.104389,-0.255930,-0.385326,-0.158065,-0.378085,0.000019,0.046610,0.003866,0.215875,0.000030,0.026776,0.005190,0.163634,0.000000,0.000000,0.000000,0.709701,-0.818966,-3.140000,0.188429,-0.888806,-1.025504,3.140000,-0.200000,0.000000,0.000000,0.000000,0.000000,0.000000,0.000000
1778448641.359073,sequential_ik_elbow_then_wrist,0,0,-0.149639,0.148909,-0.213153,-0.391483,0.113863,-0.387174,-0.113913,-0.105595,-0.256658,-0.382063,-0.160614,-0.379411,0.000011,0.045598,0.002895,0.213536,0.000030,0.027387,0.005203,0.165491,0.000000,0.000000,0.000000,0.725185,-0.812336,-3.140000,0.164786,-0.881105,-1.025576,3.140000,-0.200000,0.000000,0.000000,0.000000,0.000000,0.000000,0.000000
1778448641.404684,sequential_ik_elbow_then_wrist,0,0,-0.150666,0.148077,-0.213009,-0.390560,0.107641,-0.388553,-0.107261,-0.107052,-0.258911,-0.371126,-0.163717,-0.389925,0.000005,0.045709,0.001973,0.213795,0.000059,0.025873,0.007235,0.160852,0.000000,0.000000,0.000000,0.739479,-0.806972,-3.140000,0.149330,-0.869708,-1.028610,3.140000,-0.200000,0.000000,0.000000,0.000000,0.000000,0.000000,0.000000
1778448641.461219,sequential_ik_elbow_then_wrist,0,0,-0.150572,0.146936,-0.213864,-0.388184,0.100187,-0.390938,-0.101567,-0.108789,-0.260478,-0.360723,-0.167574,-0.399700,0.000002,0.046457,0.001301,0.215532,0.000079,0.024670,0.008420,0.157068,0.000000,0.000000,0.000000,0.751976,-0.803567,-3.140000,0.141577,-0.854739,-1.033576,3.140000,-0.200000,0.000000,0.000000,0.000000,0.000000,0.000000,0.000000
1778448641.527942,sequential_ik_elbow_then_wrist,0,0,-0.151059,0.145396,-0.214572,-0.387711,0.094460,-0.391777,-0.099414,-0.109719,-0.260919,-0.357772,-0.170274,-0.400862,0.000002,0.047212,0.001318,0.217282,0.000058,0.025843,0.007235,0.160759,0.000000,0.000000,0.000000,0.763108,-0.801756,-3.140000,0.137831,-0.837997,-1.038465,3.140000,-0.200000,0.000000,0.000000,0.000000,0.000000,0.000000,0.000000
1778448641.584575,sequential_ik_elbow_then_wrist,0,0,-0.151399,0.144238,-0.215113,-0.385853,0.090052,-0.394264,-0.097758,-0.111517,-0.260782,-0.358443,-0.170728,-0.396933,0.000002,0.047157,0.001145,0.217153,0.000048,0.028579,0.006638,0.169054,0.000000,0.000000,0.000000,0.772985,-0.801036,-3.140000,0.137605,-0.820361,-1.042247,3.140000,-0.200000,0.000000,0.000000,0.000000,0.000000,0.000000,0.000000
1778448641.659099,sequential_ik_elbow_then_wrist,0,0,-0.153776,0.143109,-0.214180,-0.387874,0.089376,-0.393932,-0.096368,-0.112691,-0.260795,-0.357329,-0.173707,-0.395616,0.000004,0.046443,0.001716,0.215506,0.000037,0.029839,0.005803,0.172740,0.000000,0.000000,0.000000,0.782645,-0.799817,-3.140000,0.137547,-0.802665,-1.045126,3.140000,-0.200000,0.000000,0.000000,0.000000,0.000000,0.000000,0.000000
1778448641.707601,sequential_ik_elbow_then_wrist,0,0,-0.154160,0.142941,-0.214015,-0.388653,0.090790,-0.393719,-0.095385,-0.113842,-0.260656,-0.355832,-0.176715,-0.395617,0.000001,0.045309,0.000992,0.212858,0.000028,0.030473,0.005012,0.174565,0.000000,0.000000,0.000000,0.791239,-0.798589,-3.140000,0.136413,-0.785502,-1.047123,3.140000,-0.200000,0.000000,0.000000,0.000000,0.000000,0.000000,0.000000
1778448641.767080,sequential_ik_elbow_then_wrist,0,0,-0.152873,0.142396,-0.215298,-0.383962,0.086992,-0.398406,-0.089215,-0.114330,-0.262621,-0.344637,-0.178859,-0.406132,0.000000,0.044939,0.000461,0.211984,0.000054,0.028449,0.006957,0.168668,0.000000,0.000000,0.000000,0.798075,-0.798717,-3.140000,0.138918,-0.767438,-1.051129,3.140000,-0.200000,0.000000,0.000000,0.000000,0.000000,0.000000,0.000000
1778448641.827487,sequential_ik_elbow_then_wrist,0,0,-0.152295,0.142601,-0.215572,-0.380390,0.087257,-0.402413,-0.085843,-0.115304,-0.263317,-0.336973,-0.183613,-0.412541,0.000000,0.043749,0.000232,0.209157,0.000055,0.027289,0.007089,0.165193,0.000000,0.000000,0.000000,0.803086,-0.799301,-3.140000,0.144329,-0.748655,-1.055642,3.140000,-0.200000,0.000000,0.000000,0.000000,0.000000,0.000000,0.000000
1778448641.904290,sequential_ik_elbow_then_wrist,0,0,-0.147104,0.143144,-0.218793,-0.368242,0.085274,-0.413084,-0.081816,-0.116995,-0.263853,-0.330273,-0.186823,-0.416801,0.000008,0.042165,0.002275,0.205315,0.000069,0.027047,0.007938,0.164461,0.000000,0.000000,0.000000,0.804439,-0.802744,-3.140000,0.156419,-0.728780,-1.060133,3.140000,-0.200000,0.000000,0.000000,0.000000,0.000000,0.000000,0.000000
1778448642.022036,sequential_ik_elbow_then_wrist,0,0,-0.146969,0.143078,-0.218926,-0.368729,0.085774,-0.412676,-0.081782,-0.117468,-0.263653,-0.330488,-0.187632,-0.416042,0.000001,0.042868,0.001037,0.207046,0.000037,0.028753,0.005811,0.169567,0.000000,0.000000,0.000000,0.804252,-0.806161,-3.140000,0.166868,-0.709580,-1.063458,3.140000,-0.200000,0.000000,0.000000,0.000000,0.000000,0.000000,0.000000
1778448642.067356,sequential_ik_elbow_then_wrist,0,0,-0.147461,0.144846,-0.217428,-0.373992,0.104083,-0.409839,-0.085461,-0.117194,-0.262606,-0.333397,-0.188481,-0.415726,0.000002,0.039014,0.001030,0.197490,0.000005,0.029605,0.001971,0.172060,0.000000,0.000000,0.000000,0.802959,-0.807595,-3.140000,0.166497,-0.693636,-1.064546,3.140000,-0.200000,0.000000,0.000000,0.000000,0.000000,0.000000,0.000000
1778448642.107727,sequential_ik_elbow_then_wrist,0,0,-0.148430,0.144492,-0.217004,-0.376462,0.109411,-0.408761,-0.089588,-0.116296,-0.261628,-0.338266,-0.189952,-0.412406,0.000000,0.037914,0.000240,0.194702,0.000003,0.030296,0.001469,0.174058,0.000000,0.000000,0.000000,0.801974,-0.808036,-3.140000,0.161064,-0.682495,-1.063799,3.140000,-0.200000,0.000000,0.000000,0.000000,0.000000,0.000000,0.000000
1778448642.157741,sequential_ik_elbow_then_wrist,0,0,-0.147251,0.146039,-0.216771,-0.377661,0.119697,-0.407080,-0.093931,-0.115966,-0.260247,-0.343936,-0.190640,-0.408307,0.000001,0.035796,0.000942,0.189183,0.000014,0.030609,0.003521,0.174955,0.000000,0.000000,0.000000,0.800067,-0.808018,-3.140000,0.151142,-0.676564,-1.061169,3.140000,-0.200000,0.000000,0.000000,0.000000,0.000000,0.000000,0.000000
1778448642.201646,sequential_ik_elbow_then_wrist,0,0,-0.144864,0.147037,-0.217703,-0.377420,0.125440,-0.405987,-0.094740,-0.115041,-0.260365,-0.345652,-0.190628,-0.406412,0.000003,0.035264,0.001631,0.187777,0.000011,0.030213,0.003176,0.173818,0.000000,0.000000,0.000000,0.796629,-0.808761,-3.140000,0.138885,-0.674419,-1.058839,3.140000,-0.200000,0.000000,0.000000,0.000000,0.000000,0.000000,0.000000
1778448642.255627,sequential_ik_elbow_then_wrist,0,0,-0.140402,0.149075,-0.219235,-0.372838,0.135446,-0.408411,-0.094862,-0.113931,-0.260808,-0.344877,-0.191445,-0.407383,0.000012,0.033295,0.003088,0.182464,0.000008,0.028989,0.002718,0.170262,0.000000,0.000000,0.000000,0.790302,-0.810889,-3.140000,0.126087,-0.674803,-1.057539,3.140000,-0.200000,0.000000,0.000000,0.000000,0.000000,0.000000,0.000000
1778448642.310000,sequential_ik_elbow_then_wrist,1,0,-0.133128,0.151213,-0.222287,-0.359489,0.141444,-0.418922,-0.093589,-0.112620,-0.261836,-0.338577,-0.193126,-0.415132,0.000033,0.031210,0.004995,0.176658,0.000004,0.025845,0.001828,0.160764,0.000000,0.000000,0.000000,0.779674,-0.815674,-3.140000,0.119766,-0.676383,-1.057939,3.140000,-0.200000,0.000000,0.000000,0.000000,0.000000,0.000000,0.000000
1778448642.395748,sequential_ik_elbow_then_wrist,1,0,-0.125519,0.154396,-0.224515,-0.354035,0.155265,-0.418885,-0.094922,-0.112477,-0.261417,-0.337553,-0.196418,-0.416607,0.000053,0.030359,0.006482,0.174231,0.000004,0.024275,0.001989,0.155804,0.000000,0.000000,0.000000,0.764104,-0.822129,-3.140000,0.110678,-0.679039,-1.058034,3.140000,-0.200000,0.000000,0.000000,0.000000,0.000000,0.000000,0.000000
1778448642.450646,sequential_ik_elbow_then_wrist,1,0,-0.125109,0.154897,-0.224398,-0.354655,0.158005,-0.417528,-0.093951,-0.112705,-0.261669,-0.336681,-0.197365,-0.416313,0.000016,0.032104,0.003592,0.179173,0.000001,0.023846,0.000761,0.154422,0.000000,0.000000,0.000000,0.748103,-0.827516,-3.140000,0.101447,-0.681610,-1.058369,3.140000,-0.200000,0.000000,0.000000,0.000000,0.000000,0.000000,0.000000
1778448642.503388,sequential_ik_elbow_then_wrist,0,0,-0.124428,0.154919,-0.224761,-0.354159,0.157055,-0.417684,-0.092296,-0.113823,-0.261774,-0.331960,-0.200259,-0.420172,0.000006,0.033577,0.002112,0.183239,0.000001,0.022109,0.000856,0.148690,0.000000,0.000000,0.000000,0.733505,-0.832042,-3.140000,0.094695,-0.682941,-1.058816,3.140000,-0.200000,0.000000,0.000000,0.000000,0.000000,0.000000,0.000000
1778448642.550319,sequential_ik_elbow_then_wrist,0,0,-0.122987,0.156440,-0.224501,-0.354292,0.163523,-0.415414,-0.092030,-0.112952,-0.262245,-0.330911,-0.199660,-0.421674,0.000006,0.033417,0.002137,0.182799,0.000000,0.022017,0.000424,0.148382,0.000000,0.000000,0.000000,0.719939,-0.835338,-3.140000,0.087064,-0.683698,-1.059795,3.140000,-0.200000,0.000000,0.000000,0.000000,0.000000,0.000000,0.000000
1778448642.609492,sequential_ik_elbow_then_wrist,0,0,-0.122238,0.158075,-0.223764,-0.355085,0.167644,-0.412683,-0.090327,-0.111545,-0.263436,-0.329355,-0.198398,-0.422566,0.000005,0.033953,0.001922,0.184262,0.000001,0.022328,0.000825,0.149425,0.000000,0.000000,0.000000,0.707416,-0.837124,-3.140000,0.079330,-0.683884,-1.062210,3.140000,-0.200000,0.000000,0.000000,0.000000,0.000000,0.000000,0.000000
1778448642.685562,sequential_ik_elbow_then_wrist,0,0,-0.122466,0.158164,-0.223576,-0.355264,0.165967,-0.412638,-0.083586,-0.109848,-0.266358,-0.319297,-0.197600,-0.429881,0.000001,0.035053,0.000911,0.187224,0.000018,0.021173,0.003709,0.145510,0.000000,0.000000,0.000000,0.696847,-0.838138,-3.140000,0.074497,-0.681707,-1.068297,3.140000,-0.200000,0.000000,0.000000,0.000000,0.000000,0.000000,0.000000
1778448642.739524,sequential_ik_elbow_then_wrist,0,0,-0.122384,0.158689,-0.223249,-0.358426,0.166436,-0.408247,-0.083434,-0.107542,-0.267345,-0.318713,-0.196407,-0.430890,0.000001,0.036525,0.000667,0.191112,0.000004,0.022061,0.001703,0.148531,0.000000,0.000000,0.000000,0.688051,-0.838527,-3.140000,0.068853,-0.679063,-1.075206,3.140000,-0.200000,0.000000,0.000000,0.000000,0.000000,0.000000,0.000000
1778448642.807876,sequential_ik_elbow_then_wrist,0,0,-0.122008,0.159418,-0.222935,-0.365945,0.168572,-0.397322,-0.085472,-0.104961,-0.267727,-0.320344,-0.194248,-0.431626,0.000001,0.039300,0.000719,0.198214,0.000002,0.022629,0.001313,0.150431,0.000000,0.000000,0.000000,0.680539,-0.838445,-3.140000,0.056544,-0.677882,-1.081498,3.140000,-0.200000,0.000000,0.000000,0.000000,0.000000,0.000000,0.000000
1778448642.867254,sequential_ik_elbow_then_wrist,0,0,-0.121968,0.160224,-0.222378,-0.369443,0.169788,-0.391685,-0.086434,-0.102764,-0.268270,-0.321530,-0.191864,-0.431950,0.000001,0.040795,0.000656,0.201965,0.000007,0.022901,0.002502,0.151331,0.000000,0.000000,0.000000,0.674103,-0.837784,-3.140000,0.041668,-0.678599,-1.087275,3.140000,-0.200000,0.000000,0.000000,0.000000,0.000000,0.000000,0.000000
1778448642.911530,sequential_ik_elbow_then_wrist,0,0,-0.121143,0.160254,-0.222807,-0.368154,0.169623,-0.392801,-0.086031,-0.100099,-0.269405,-0.319178,-0.192714,-0.433919,0.000001,0.040894,0.000657,0.202224,0.000010,0.021956,0.002916,0.148175,0.000000,0.000000,0.000000,0.668445,-0.837540,-3.140000,0.029593,-0.680963,-1.093476,3.140000,-0.200000,0.000000,0.000000,0.000000,0.000000,0.000000,0.000000
1778448642.982682,sequential_ik_elbow_then_wrist,0,0,-0.121074,0.160710,-0.222516,-0.368405,0.170373,-0.392028,-0.084761,-0.099313,-0.270097,-0.317569,-0.191317,-0.435432,0.000000,0.041180,0.000499,0.202929,0.000004,0.021614,0.001827,0.147017,0.000000,0.000000,0.000000,0.663564,-0.837144,-3.140000,0.019984,-0.683867,-1.099567,3.140000,-0.200000,0.000000,0.000000,0.000000,0.000000,0.000000,0.000000
1778448643.044150,sequential_ik_elbow_then_wrist,0,0,-0.121161,0.160513,-0.222611,-0.368407,0.169566,-0.392279,-0.083050,-0.099599,-0.270523,-0.314745,-0.190875,-0.437814,0.000000,0.041518,0.000154,0.203759,0.000000,0.020930,0.000389,0.144673,0.000000,0.000000,0.000000,0.659673,-0.836883,-3.140000,0.013023,-0.686194,-1.105109,3.140000,-0.200000,0.000000,0.000000,0.000000,0.000000,0.000000,0.000000
1778448643.092375,sequential_ik_elbow_then_wrist,0,0,-0.123750,0.159666,-0.221794,-0.371235,0.165322,-0.391261,-0.081007,-0.099157,-0.271304,-0.314332,-0.188453,-0.437393,0.000002,0.042706,0.001244,0.206653,0.000001,0.021750,0.000962,0.147480,0.000000,0.000000,0.000000,0.658153,-0.835946,-3.140000,0.008789,-0.687454,-1.110653,3.140000,-0.200000,0.000000,0.000000,0.000000,0.000000,0.000000,0.000000
1778448643.155501,sequential_ik_elbow_then_wrist,0,0,-0.124941,0.157917,-0.222378,-0.374258,0.160331,-0.389217,-0.078439,-0.099220,-0.272034,-0.312903,-0.184965,-0.438391,0.000003,0.043991,0.001622,0.209739,0.000006,0.022503,0.002215,0.150009,0.000000,0.000000,0.000000,0.658911,-0.835603,-3.140000,0.004610,-0.687107,-1.116244,3.140000,-0.200000,0.000000,0.000000,0.000000,0.000000,0.000000,0.000000
1778448643.218569,sequential_ik_elbow_then_wrist,0,0,-0.125758,0.157127,-0.222478,-0.374476,0.156687,-0.390224,-0.074034,-0.099606,-0.273126,-0.305951,-0.184715,-0.443333,0.000002,0.044020,0.001381,0.209810,0.000022,0.021643,0.004504,0.147114,0.000000,0.000000,0.000000,0.661117,-0.835517,-3.140000,0.002088,-0.684204,-1.122463,3.140000,-0.200000,0.000000,0.000000,0.000000,0.000000,0.000000,0.000000
1778448643.297785,sequential_ik_elbow_then_wrist,0,0,-0.126745,0.156104,-0.222637,-0.375342,0.154651,-0.390558,-0.071886,-0.099415,-0.273768,-0.302676,-0.183461,-0.446026,0.000002,0.043757,0.001404,0.209183,0.000023,0.021905,0.004655,0.148003,0.000000,0.000000,0.000000,0.664448,-0.835638,-3.140000,0.000084,-0.679303,-1.128608,3.140000,-0.200000,0.000000,0.000000,0.000000,0.000000,0.000000,0.000000
1778448643.346527,sequential_ik_elbow_then_wrist,0,0,-0.124737,0.156579,-0.223436,-0.372808,0.152344,-0.392086,-0.070889,-0.099318,-0.274063,-0.301912,-0.181359,-0.446972,0.000000,0.043891,0.000370,0.209501,0.000018,0.022800,0.004150,0.150997,0.000000,0.000000,0.000000,0.666706,-0.836506,-3.140000,-0.000026,-0.673192,-1.134038,3.140000,-0.200000,0.000000,0.000000,0.000000,0.000000,0.000000,0.000000
1778448643.391417,sequential_ik_elbow_then_wrist,0,0,-0.124356,0.157491,-0.223007,-0.371435,0.151147,-0.393042,-0.069390,-0.099585,-0.274350,-0.299238,-0.183046,-0.448144,0.000000,0.044257,0.000561,0.210370,0.000019,0.022768,0.004267,0.150891,0.000000,0.000000,0.000000,0.667770,-0.836948,-3.140000,0.002404,-0.666111,-1.138777,3.140000,-0.200000,0.000000,0.000000,0.000000,0.000000,0.000000,0.000000
1778448643.473707,sequential_ik_elbow_then_wrist,0,0,-0.124488,0.159738,-0.221329,-0.370110,0.150379,-0.393324,-0.068256,-0.100197,-0.274412,-0.294160,-0.184280,-0.453010,0.000002,0.044852,0.001097,0.211774,0.000020,0.021586,0.004301,0.146920,0.000000,0.000000,0.000000,0.667483,-0.835694,-3.140000,0.008983,-0.658281,-1.142615,3.140000,-0.200000,0.000000,0.000000,0.000000,0.000000,0.000000,0.000000
1778448643.535602,sequential_ik_elbow_then_wrist,0,0,-0.124185,0.160268,-0.221116,-0.367553,0.135854,-0.394830,-0.059111,-0.100403,-0.276451,-0.272947,-0.187145,-0.468153,0.000001,0.049360,0.000771,0.222126,0.000095,0.017025,0.009386,0.130482,0.000000,0.000000,0.000000,0.666379,-0.834183,-3.140000,0.024863,-0.647188,-1.148959,3.140000,-0.200000,0.000000,0.000000,0.000000,0.000000,0.000000,0.000000
1778448643.583919,sequential_ik_elbow_then_wrist,0,0,-0.122939,0.160277,-0.221805,-0.358798,0.129417,-0.404611,-0.058311,-0.100559,-0.276564,-0.270970,-0.188226,-0.469153,0.000001,0.048510,0.000884,0.220175,0.000067,0.017795,0.007972,0.133398,0.000000,0.000000,0.000000,0.664511,-0.833537,-3.140000,0.050754,-0.634441,-1.154679,3.140000,-0.200000,0.000000,0.000000,0.000000,0.000000,0.000000,0.000000
1778448643.662866,sequential_ik_elbow_then_wrist,0,0,-0.122756,0.157596,-0.223818,-0.348476,0.110692,-0.415783,-0.056032,-0.102973,-0.276147,-0.267519,-0.189602,-0.470488,0.000001,0.049962,0.000797,0.223384,0.000083,0.018031,0.008871,0.134278,0.000000,0.000000,0.000000,0.663467,-0.835014,-3.140000,0.089252,-0.619946,-1.158611,3.140000,-0.200000,0.000000,0.000000,0.000000,0.000000,0.000000,0.000000
1778448643.727342,sequential_ik_elbow_then_wrist,0,0,-0.124243,0.149732,-0.228350,-0.348732,0.089345,-0.417977,-0.049341,-0.103819,-0.277105,-0.262491,-0.185464,-0.471787,0.000020,0.054515,0.003719,0.233458,0.000150,0.019387,0.011926,0.139238,0.000000,0.000000,0.000000,0.666411,-0.840863,-3.140000,0.126842,-0.602554,-1.163221,3.140000,-0.200000,0.000000,0.000000,0.000000,0.000000,0.000000,0.000000
1778448643.763452,sequential_ik_elbow_then_wrist,0,0,-0.125281,0.147514,-0.229226,-0.349430,0.084612,-0.418436,-0.047593,-0.105027,-0.276955,-0.260391,-0.183990,-0.473123,0.000011,0.054402,0.002973,0.233241,0.000131,0.020768,0.011194,0.144112,0.000000,0.000000,0.000000,0.671868,-0.847220,-3.140000,0.155624,-0.583386,-1.166806,3.140000,-0.200000,0.000000,0.000000,0.000000,0.000000,0.000000,0.000000
1778448643.831273,sequential_ik_elbow_then_wrist,0,0,-0.125273,0.145282,-0.230651,-0.349252,0.084735,-0.420828,-0.048129,-0.104400,-0.277100,-0.261412,-0.183145,-0.472828,0.000007,0.052567,0.002385,0.229270,0.000072,0.022592,0.008308,0.150306,0.000000,0.000000,0.000000,0.678530,-0.853851,-3.140000,0.174043,-0.564404,-1.169618,3.140000,-0.200000,0.000000,0.000000,0.000000,0.000000,0.000000,0.000000
1778448643.889112,sequential_ik_elbow_then_wrist,0,0,-0.125836,0.144287,-0.230969,-0.349785,0.082717,-0.420853,-0.048640,-0.103891,-0.277202,-0.262314,-0.182140,-0.472702,0.000004,0.052275,0.001818,0.228635,0.000039,0.024063,0.006076,0.155123,0.000000,0.000000,0.000000,0.685554,-0.859606,-3.140000,0.185408,-0.546753,-1.171845,3.140000,-0.200000,0.000000,0.000000,0.000000,0.000000,0.000000,0.000000
1778448643.943520,sequential_ik_elbow_then_wrist,0,0,-0.126225,0.143311,-0.231364,-0.351179,0.080924,-0.419788,-0.047867,-0.103539,-0.277468,-0.261464,-0.181162,-0.473302,0.000003,0.052516,0.001479,0.229160,0.000029,0.024925,0.005271,0.157877,0.000000,0.000000,0.000000,0.692482,-0.864523,-3.140000,0.191309,-0.530553,-1.173963,3.140000,-0.200000,0.000000,0.000000,0.000000,0.000000,0.000000,0.000000
1778448644.003280,sequential_ik_elbow_then_wrist,0,0,-0.125861,0.143561,-0.231407,-0.351200,0.082956,-0.419952,-0.048184,-0.103187,-0.277544,-0.260139,-0.181197,-0.475001,0.000000,0.051467,0.000555,0.226861,0.000016,0.025123,0.003861,0.158502,0.000000,0.000000,0.000000,0.698343,-0.868423,-3.140000,0.193306,-0.516206,-1.175756,3.140000,-0.200000,0.000000,0.000000,0.000000,0.000000,0.000000,0.000000
1778448644.057196,sequential_ik_elbow_then_wrist,0,0,-0.126132,0.146518,-0.229398,-0.352690,0.084026,-0.415854,-0.048254,-0.104111,-0.277187,-0.260040,-0.183786,-0.474161,0.000002,0.052445,0.000946,0.229008,0.000012,0.025391,0.003372,0.159347,0.000000,0.000000,0.000000,0.702108,-0.869489,-3.140000,0.194757,-0.503521,-1.176571,3.140000,-0.200000,0.000000,0.000000,0.000000,0.000000,0.000000,0.000000
1778448644.120197,sequential_ik_elbow_then_wrist,0,0,-0.126246,0.147191,-0.228904,-0.352476,0.084338,-0.415637,-0.049343,-0.104455,-0.276866,-0.261413,-0.185194,-0.473098,0.000001,0.052615,0.000620,0.229379,0.000004,0.025988,0.002041,0.161208,0.000000,0.000000,0.000000,0.704394,-0.869392,-3.140000,0.197460,-0.492800,-1.176528,3.140000,-0.200000,0.000000,0.000000,0.000000,0.000000,0.000000,0.000000
1778448644.188147,sequential_ik_elbow_then_wrist,0,0,-0.127800,0.147297,-0.227971,-0.359444,0.095774,-0.411509,-0.055958,-0.104783,-0.275480,-0.281793,-0.183454,-0.456614,0.000000,0.050955,0.000510,0.225707,0.000011,0.033119,0.003086,0.181986,0.000000,0.000000,0.000000,0.706474,-0.868223,-3.140000,0.191490,-0.486267,-1.174168,3.140000,-0.200000,0.000000,0.000000,0.000000,0.000000,0.000000,0.000000
1778448644.241796,sequential_ik_elbow_then_wrist,0,0,-0.128056,0.147341,-0.227799,-0.360644,0.100593,-0.411423,-0.060124,-0.105157,-0.274458,-0.288541,-0.183797,-0.452338,0.000000,0.049442,0.000291,0.222345,0.000029,0.034175,0.005142,0.184866,0.000000,0.000000,0.000000,0.708333,-0.866920,-3.140000,0.181937,-0.484146,-1.170312,3.140000,-0.200000,0.000000,0.000000,0.000000,0.000000,0.000000,0.000000
1778448644.303199,sequential_ik_elbow_then_wrist,0,0,-0.129584,0.146151,-0.227701,-0.364480,0.100667,-0.408686,-0.063511,-0.105585,-0.273529,-0.292371,-0.184623,-0.450662,0.000002,0.049970,0.001143,0.223531,0.000040,0.033643,0.006144,0.183421,0.000000,0.000000,0.000000,0.711025,-0.865745,-3.140000,0.169936,-0.486028,-1.165532,3.140000,-0.200000,0.000000,0.000000,0.000000,0.000000,0.000000,0.000000
1778448644.375471,sequential_ik_elbow_then_wrist,0,0,-0.131077,0.145806,-0.227067,-0.367767,0.103878,-0.406566,-0.068086,-0.105844,-0.272326,-0.299919,-0.184747,-0.445612,0.000002,0.049046,0.001319,0.221453,0.000064,0.034286,0.007709,0.185163,0.000000,0.000000,0.000000,0.714532,-0.864211,-3.140000,0.155811,-0.491952,-1.159745,3.140000,-0.200000,0.000000,0.000000,0.000000,0.000000,0.000000,0.000000
1778448644.431839,sequential_ik_elbow_then_wrist,0,0,-0.134949,0.144867,-0.225393,-0.373467,0.102988,-0.402468,-0.068092,-0.106647,-0.272011,-0.300575,-0.184797,-0.444766,0.000008,0.049442,0.002564,0.222349,0.000033,0.032973,0.005552,0.181583,0.000000,0.000000,0.000000,0.720027,-0.861335,-3.140000,0.141056,-0.499754,-1.154316,3.140000,-0.200000,0.000000,0.000000,0.000000,0.000000,0.000000,0.000000
1778448644.508868,sequential_ik_elbow_then_wrist,0,0,-0.137723,0.144179,-0.224154,-0.377428,0.102891,-0.399757,-0.066673,-0.106272,-0.272508,-0.299056,-0.184145,-0.445523,0.000009,0.048828,0.002617,0.220967,0.000013,0.031758,0.003433,0.178207,0.000000,0.000000,0.000000,0.727150,-0.857603,-3.140000,0.126749,-0.507725,-1.150634,3.140000,-0.200000,0.000000,0.000000,0.000000,0.000000,0.000000,0.000000
1778448644.549484,sequential_ik_elbow_then_wrist,0,0,-0.140074,0.142827,-0.223561,-0.381268,0.101263,-0.397049,-0.063879,-0.107279,-0.272783,-0.295871,-0.184328,-0.446690,0.000009,0.048610,0.002658,0.220473,0.000000,0.030656,0.000429,0.175088,0.000000,0.000000,0.000000,0.735632,-0.853865,-3.140000,0.112713,-0.514015,-1.148311,3.140000,-0.200000,0.000000,0.000000,0.000000,0.000000,0.000000,0.000000
1778448644.604960,sequential_ik_elbow_then_wrist,0,0,-0.141711,0.142327,-0.222848,-0.383318,0.100037,-0.395583,-0.060940,-0.107421,-0.273399,-0.292290,-0.184726,-0.448045,0.000006,0.048049,0.002128,0.219200,0.000003,0.030006,0.001741,0.173223,0.000000,0.000000,0.000000,0.744542,-0.850155,-3.140000,0.100207,-0.517799,-1.147581,3.140000,-0.200000,0.000000,0.000000,0.000000,0.000000,0.000000,0.000000
1778448644.670877,sequential_ik_elbow_then_wrist,0,0,-0.141865,0.141612,-0.223205,-0.382165,0.096713,-0.397100,-0.059756,-0.108318,-0.273307,-0.291507,-0.184205,-0.448042,0.000002,0.047728,0.001370,0.218468,0.000006,0.030452,0.002440,0.174504,0.000000,0.000000,0.000000,0.752921,-0.847460,-3.140000,0.091637,-0.519251,-1.147132,3.140000,-0.200000,0.000000,0.000000,0.000000,0.000000,0.000000,0.000000
1778448644.736732,sequential_ik_elbow_then_wrist,0,0,-0.141961,0.139284,-0.224604,-0.380404,0.088992,-0.399579,-0.059264,-0.108281,-0.273428,-0.291347,-0.183039,-0.448211,0.000004,0.048615,0.001640,0.220486,0.000005,0.031112,0.002192,0.176387,0.000000,0.000000,0.000000,0.761111,-0.846739,-3.140000,0.087424,-0.519078,-1.146995,3.140000,-0.200000,0.000000,0.000000,0.000000,0.000000,0.000000,0.000000
1778448644.784608,sequential_ik_elbow_then_wrist,0,0,-0.141893,0.135019,-0.227236,-0.378101,0.076267,-0.402605,-0.058073,-0.107819,-0.273866,-0.289811,-0.182332,-0.449210,0.000009,0.050632,0.002564,0.225014,0.000006,0.031317,0.002327,0.176966,0.000000,0.000000,0.000000,0.770016,-0.848969,-3.140000,0.086771,-0.517607,-1.147598,3.140000,-0.200000,0.000000,0.000000,0.000000,0.000000,0.000000,0.000000
1778448644.853777,sequential_ik_elbow_then_wrist,0,0,-0.141813,0.128992,-0.230760,-0.375653,0.061565,-0.406180,-0.056300,-0.106928,-0.274585,-0.287740,-0.180978,-0.450517,0.000020,0.052624,0.003807,0.229399,0.000008,0.031592,0.002697,0.177740,0.000000,0.000000,0.000000,0.780667,-0.854678,-3.140000,0.087423,-0.514972,-1.149316,3.140000,-0.200000,0.000000,0.000000,0.000000,0.000000,0.000000,0.000000
1778448644.912235,sequential_ik_elbow_then_wrist,0,0,-0.142350,0.127247,-0.231397,-0.377539,0.062798,-0.406132,-0.054230,-0.106241,-0.275267,-0.284574,-0.180502,-0.452544,0.000010,0.050679,0.002815,0.225110,0.000012,0.031439,0.003268,0.177312,0.000000,0.000000,0.000000,0.791765,-0.860543,-3.140000,0.082904,-0.511151,-1.151972,3.140000,-0.200000,0.000000,0.000000,0.000000,0.000000,0.000000,0.000000
1778448644.971470,sequential_ik_elbow_then_wrist,0,0,-0.144627,0.126193,-0.230561,-0.380382,0.063803,-0.405281,-0.052949,-0.105427,-0.275829,-0.281986,-0.180104,-0.454618,0.000009,0.049096,0.002721,0.221569,0.000011,0.031359,0.003146,0.177085,0.000000,0.000000,0.000000,0.803153,-0.864540,-3.140000,0.074997,-0.506520,-1.155175,3.140000,-0.200000,0.000000,0.000000,0.000000,0.000000,0.000000,0.000000
1778448645.020278,sequential_ik_elbow_then_wrist,0,0,-0.145275,0.126591,-0.229934,-0.380829,0.064434,-0.405008,-0.051166,-0.104869,-0.276377,-0.277850,-0.180861,-0.457595,0.000003,0.047907,0.001542,0.218876,0.000013,0.030592,0.003521,0.174907,0.000000,0.000000,0.000000,0.813469,-0.866860,-3.140000,0.067275,-0.501089,-1.158752,3.140000,-0.200000,0.000000,0.000000,0.000000,0.000000,0.000000,0.000000
1778448645.091396,sequential_ik_elbow_then_wrist,0,0,-0.145711,0.125205,-0.230417,-0.380324,0.059795,-0.405569,-0.048580,-0.104496,-0.276985,-0.271512,-0.181578,-0.462348,0.000003,0.048397,0.001521,0.219994,0.000021,0.029179,0.004482,0.170818,0.000000,0.000000,0.000000,0.822968,-0.868923,-3.140000,0.061805,-0.494559,-1.162724,3.140000,-0.200000,0.000000,0.000000,0.000000,0.000000,0.000000,0.000000
1778448645.152212,sequential_ik_elbow_then_wrist,0,0,-0.146389,0.124579,-0.230326,-0.381462,0.058308,-0.404536,-0.046111,-0.104201,-0.277518,-0.267639,-0.182906,-0.463880,0.000002,0.048398,0.001298,0.219994,0.000029,0.028913,0.005227,0.170038,0.000000,0.000000,0.000000,0.831607,-0.870471,-3.140000,0.056710,-0.486831,-1.166913,3.140000,-0.200000,0.000000,0.000000,0.000000,0.000000,0.000000,0.000000
1778448645.214142,sequential_ik_elbow_then_wrist,0,0,-0.147268,0.124739,-0.229679,-0.384029,0.058158,-0.401468,-0.044907,-0.103975,-0.277799,-0.265798,-0.183725,-0.464474,0.000001,0.048675,0.000959,0.220623,0.000026,0.029276,0.004966,0.171103,0.000000,0.000000,0.000000,0.839193,-0.871018,-3.140000,0.050569,-0.478353,-1.170815,3.140000,-0.200000,0.000000,0.000000,0.000000,0.000000,0.000000,0.000000
1778448645.284242,sequential_ik_elbow_then_wrist,0,0,-0.149137,0.125456,-0.228076,-0.388229,0.059287,-0.396767,-0.044365,-0.104084,-0.277846,-0.265050,-0.183866,-0.464749,0.000002,0.049015,0.001046,0.221391,0.000020,0.029899,0.004410,0.172913,0.000000,0.000000,0.000000,0.845893,-0.869761,-3.140000,0.042942,-0.469603,-1.174007,3.140000,-0.200000,0.000000,0.000000,0.000000,0.000000,0.000000,0.000000
1778448645.338396,sequential_ik_elbow_then_wrist,0,0,-0.152540,0.131734,-0.222211,-0.401778,0.069774,-0.377264,-0.043641,-0.103792,-0.278070,-0.263341,-0.184382,-0.465786,0.000012,0.050626,0.002347,0.224963,0.000017,0.030033,0.003972,0.173300,0.000000,0.000000,0.000000,0.849962,-0.862947,-3.140000,0.026987,-0.460888,-1.176840,3.140000,-0.200000,0.000000,0.000000,0.000000,0.000000,0.000000,0.000000
1778448645.423670,sequential_ik_elbow_then_wrist,0,0,-0.157781,0.136672,-0.215467,-0.418148,0.078941,-0.352858,-0.043486,-0.104230,-0.277930,-0.263639,-0.187174,-0.464084,0.000018,0.053449,0.002818,0.231119,0.000012,0.030614,0.003450,0.174968,0.000000,0.000000,0.000000,0.852327,-0.850343,-3.140000,0.001022,-0.452468,-1.178846,3.140000,-0.200000,0.000000,0.000000,0.000000,0.000000,0.000000,0.000000
1778448645.491022,sequential_ik_elbow_then_wrist,0,0,-0.160512,0.142175,-0.209815,-0.424104,0.091959,-0.343970,-0.040391,-0.103368,-0.278718,-0.255204,-0.190163,-0.469302,0.000016,0.051629,0.002829,0.227211,0.000024,0.028213,0.004799,0.167968,0.000000,0.000000,0.000000,0.852339,-0.834124,-3.140000,-0.023485,-0.443611,-1.181672,3.140000,-0.200000,0.000000,0.000000,0.000000,0.000000,0.000000,0.000000
1778448645.554680,sequential_ik_elbow_then_wrist,0,0,-0.163144,0.142415,-0.207610,-0.428742,0.094586,-0.338645,-0.038217,-0.103541,-0.278960,-0.247953,-0.192873,-0.473974,0.000004,0.051931,0.001269,0.227883,0.000032,0.026377,0.005547,0.162410,0.000000,0.000000,0.000000,0.852447,-0.818381,-3.140000,-0.043857,-0.434059,-1.184548,3.140000,-0.200000,0.000000,0.000000,0.000000,0.000000,0.000000,0.000000
1778448645.609258,sequential_ik_elbow_then_wrist,0,0,-0.170678,0.138707,-0.204033,-0.442365,0.084554,-0.319158,-0.035249,-0.107044,-0.278027,-0.232987,-0.201521,-0.482902,0.000021,0.056731,0.003760,0.238148,0.000064,0.021646,0.007795,0.147124,0.000000,0.000000,0.000000,0.857271,-0.802623,-3.140000,-0.069241,-0.422805,-1.185438,3.140000,-0.200000,0.000000,0.000000,0.000000,0.000000,0.000000,0.000000
1778448645.672372,sequential_ik_elbow_then_wrist,0,0,-0.169316,0.138282,-0.205451,-0.437831,0.085211,-0.328264,-0.035567,-0.107194,-0.277929,-0.233856,-0.201660,-0.482276,0.000002,0.053224,0.001309,0.230702,0.000039,0.022898,0.006067,0.151322,0.000000,0.000000,0.000000,0.862722,-0.790957,-3.140000,-0.086203,-0.411110,-1.185586,3.140000,-0.200000,0.000000,0.000000,0.000000,0.000000,0.000000,0.000000
1778448645.742515,sequential_ik_elbow_then_wrist,0,0,-0.168511,0.136051,-0.207592,-0.433911,0.083537,-0.337227,-0.035792,-0.107226,-0.277888,-0.235207,-0.200431,-0.481716,0.000003,0.051086,0.001330,0.226015,0.000023,0.024271,0.004713,0.155793,0.000000,0.000000,0.000000,0.868394,-0.783982,-3.140000,-0.094703,-0.399770,-1.185468,3.140000,-0.200000,0.000000,0.000000,0.000000,0.000000,0.000000,0.000000
1778448645.805205,sequential_ik_elbow_then_wrist,0,0,-0.166297,0.131078,-0.212518,-0.424793,0.074934,-0.354037,-0.035030,-0.106719,-0.278180,-0.235972,-0.198785,-0.481024,0.000010,0.049574,0.002403,0.222624,0.000019,0.025541,0.004221,0.159815,0.000000,0.000000,0.000000,0.874885,-0.783373,-3.140000,-0.092527,-0.388961,-1.185792,3.140000,-0.200000,0.000000,0.000000,0.000000,0.000000,0.000000,0.000000
1778448645.845238,sequential_ik_elbow_then_wrist,0,0,-0.162324,0.128229,-0.217275,-0.415160,0.071578,-0.368485,-0.034283,-0.105352,-0.278793,-0.238377,-0.196659,-0.478814,0.000009,0.047077,0.002068,0.216953,0.000014,0.027443,0.003616,0.165660,0.000000,0.000000,0.000000,0.880665,-0.788186,-3.140000,-0.084138,-0.378902,-1.187136,3.140000,-0.200000,0.000000,0.000000,0.000000,0.000000,0.000000,0.000000
1778448645.893991,sequential_ik_elbow_then_wrist,0,0,-0.159023,0.123198,-0.222563,-0.405591,0.062396,-0.382272,-0.034509,-0.105679,-0.278642,-0.241371,-0.194182,-0.477074,0.000013,0.046409,0.002562,0.215414,0.000008,0.029349,0.002824,0.171316,0.000000,0.000000,0.000000,0.886590,-0.797850,-3.140000,-0.071848,-0.369814,-1.188142,3.140000,-0.200000,0.000000,0.000000,0.000000,0.000000,0.000000,0.000000
1778448645.941427,sequential_ik_elbow_then_wrist,0,0,-0.156219,0.121779,-0.225312,-0.400507,0.061375,-0.388636,-0.034726,-0.107615,-0.277873,-0.244048,-0.192071,-0.475487,0.000005,0.044965,0.001492,0.212049,0.000008,0.031053,0.002670,0.176218,0.000000,0.000000,0.000000,0.891483,-0.809116,-3.140000,-0.061378,-0.361548,-1.187629,3.140000,-0.200000,0.000000,0.000000,0.000000,0.000000,0.000000,0.000000
1778448646.004892,sequential_ik_elbow_then_wrist,0,0,-0.155852,0.122107,-0.225389,-0.399615,0.062341,-0.389729,-0.035794,-0.107118,-0.277929,-0.246987,-0.189569,-0.474396,0.000000,0.044393,0.000368,0.210697,0.000001,0.032667,0.001172,0.180740,0.000000,0.000000,0.000000,0.895111,-0.818646,-3.140000,-0.053964,-0.354658,-1.187023,3.140000,-0.200000,0.000000,0.000000,0.000000,0.000000,0.000000,0.000000
1778448646.055083,sequential_ik_elbow_then_wrist,0,0,-0.156075,0.123086,-0.224701,-0.400703,0.065663,-0.388589,-0.035857,-0.107330,-0.277839,-0.248001,-0.189232,-0.473509,0.000000,0.043740,0.000396,0.209141,0.000001,0.033320,0.000949,0.182538,0.000000,0.000000,0.000000,0.897449,-0.825469,-3.140000,-0.049752,-0.348928,-1.186365,3.140000,-0.200000,0.000000,0.000000,0.000000,0.000000,0.000000,0.000000
1778448646.117370,sequential_ik_elbow_then_wrist,0,0,-0.156361,0.123993,-0.224002,-0.403006,0.067852,-0.385292,-0.037774,-0.108023,-0.277316,-0.250517,-0.189163,-0.472653,0.000000,0.044012,0.000535,0.209788,0.000001,0.034076,0.000612,0.184596,0.000000,0.000000,0.000000,0.898695,-0.829909,-3.140000,-0.048896,-0.344843,-1.184967,3.140000,-0.200000,0.000000,0.000000,0.000000,0.000000,0.000000,0.000000
1778448646.171680,sequential_ik_elbow_then_wrist,0,0,-0.155609,0.126148,-0.223321,-0.401406,0.072896,-0.386869,-0.038937,-0.107969,-0.277176,-0.254566,-0.188070,-0.469758,0.000002,0.042760,0.001358,0.206784,0.000002,0.035561,0.001310,0.188577,0.000000,0.000000,0.000000,0.898095,-0.832486,-3.140000,-0.047252,-0.342428,-1.183478,3.140000,-0.200000,0.000000,0.000000,0.000000,0.000000,0.000000,0.000000
1778448646.243793,sequential_ik_elbow_then_wrist,0,0,-0.154733,0.126979,-0.223459,-0.401431,0.080065,-0.387592,-0.040576,-0.105349,-0.277948,-0.257527,-0.186880,-0.468435,0.000002,0.041081,0.001276,0.202685,0.000010,0.036269,0.003006,0.190443,0.000000,0.000000,0.000000,0.896146,-0.834390,-3.140000,-0.046953,-0.342155,-1.183524,3.140000,-0.200000,0.000000,0.000000,0.000000,0.000000,0.000000,0.000000
1778448646.299475,sequential_ik_elbow_then_wrist,0,0,-0.153156,0.128307,-0.223787,-0.404078,0.082477,-0.381705,-0.041705,-0.101520,-0.279203,-0.258622,-0.185240,-0.468776,0.000003,0.042534,0.001677,0.206229,0.000021,0.036098,0.004399,0.189994,0.000000,0.000000,0.000000,0.892711,-0.836129,-3.140000,-0.051500,-0.344156,-1.185946,3.140000,-0.200000,0.000000,0.000000,0.000000,0.000000,0.000000,0.000000
1778448646.369426,sequential_ik_elbow_then_wrist,0,0,-0.154071,0.129402,-0.222525,-0.411972,0.084395,-0.369023,-0.044322,-0.100223,-0.279269,-0.263088,-0.183148,-0.467057,0.000002,0.045241,0.001059,0.212663,0.000036,0.036949,0.005871,0.192220,0.000000,0.000000,0.000000,0.888954,-0.836350,-3.140000,-0.064558,-0.348636,-1.188491,3.140000,-0.200000,0.000000,0.000000,0.000000,0.000000,0.000000,0.000000
1778448646.424261,sequential_ik_elbow_then_wrist,0,0,-0.153510,0.131705,-0.221559,-0.412308,0.089659,-0.367353,-0.049264,-0.097824,-0.279291,-0.271372,-0.180900,-0.463048,0.000003,0.044771,0.001611,0.211588,0.000089,0.038714,0.009236,0.196759,0.000000,0.000000,0.000000,0.884256,-0.835382,-3.140000,-0.077692,-0.356671,-1.190780,3.140000,-0.200000,0.000000,0.000000,0.000000,0.000000,0.000000,0.000000
1778448646.476130,sequential_ik_elbow_then_wrist,0,0,-0.152036,0.132353,-0.222189,-0.405392,0.091504,-0.377566,-0.050178,-0.097249,-0.279329,-0.272571,-0.179452,-0.463133,0.000003,0.043141,0.001508,0.207685,0.000073,0.037589,0.008390,0.193878,0.000000,0.000000,0.000000,0.878905,-0.834964,-3.140000,-0.080996,-0.366975,-1.192619,3.140000,-0.200000,0.000000,0.000000,0.000000,0.000000,0.000000,0.000000
1778448646.543401,sequential_ik_elbow_then_wrist,0,0,-0.149769,0.132874,-0.223414,-0.392481,0.092580,-0.395074,-0.051122,-0.097336,-0.279128,-0.274481,-0.180097,-0.461505,0.000004,0.040096,0.001760,0.200146,0.000059,0.036762,0.007508,0.191733,0.000000,0.000000,0.000000,0.872834,-0.835848,-3.140000,-0.068931,-0.378573,-1.193656,3.140000,-0.200000,0.000000,0.000000,0.000000,0.000000,0.000000,0.000000
1778448646.596344,sequential_ik_elbow_then_wrist,0,0,-0.147613,0.131767,-0.225495,-0.384904,0.091280,-0.404530,-0.053783,-0.098450,-0.278236,-0.283068,-0.178564,-0.454332,0.000003,0.039001,0.001427,0.197446,0.000062,0.038973,0.007694,0.197417,0.000000,0.000000,0.000000,0.866866,-0.838728,-3.140000,-0.050216,-0.391295,-1.192880,3.140000,-0.200000,0.000000,0.000000,0.000000,0.000000,0.000000,0.000000
1778448646.651588,sequential_ik_elbow_then_wrist,0,0,-0.145521,0.133267,-0.225972,-0.378461,0.093715,-0.410836,-0.055016,-0.099577,-0.277593,-0.285884,-0.177868,-0.452437,0.000005,0.037653,0.001926,0.194023,0.000047,0.038557,0.006702,0.196359,0.000000,0.000000,0.000000,0.860160,-0.841873,-3.140000,-0.029074,-0.404432,-1.190835,3.140000,-0.200000,0.000000,0.000000,0.000000,0.000000,0.000000,0.000000
1778448646.718243,sequential_ik_elbow_then_wrist,0,0,-0.143565,0.135168,-0.226094,-0.375108,0.096489,-0.412888,-0.056602,-0.100687,-0.276872,-0.288975,-0.177675,-0.450296,0.000007,0.037492,0.002385,0.193620,0.000040,0.038265,0.006112,0.195614,0.000000,0.000000,0.000000,0.852344,-0.844600,-3.140000,-0.009052,-0.417634,-1.187761,3.140000,-0.200000,0.000000,0.000000,0.000000,0.000000,0.000000,0.000000
1778448646.780105,sequential_ik_elbow_then_wrist,0,0,-0.140813,0.137035,-0.226701,-0.370832,0.099806,-0.415659,-0.059216,-0.101488,-0.276032,-0.293308,-0.175926,-0.448253,0.000010,0.037234,0.002920,0.192955,0.000044,0.038451,0.006420,0.196089,0.000000,0.000000,0.000000,0.843095,-0.847326,-3.140000,0.009427,-0.431116,-1.183751,3.140000,-0.200000,0.000000,0.000000,0.000000,0.000000,0.000000,0.000000
1778448646.842335,sequential_ik_elbow_then_wrist,0,0,-0.139099,0.138403,-0.226928,-0.367471,0.102002,-0.418033,-0.061023,-0.101459,-0.275649,-0.296021,-0.175529,-0.446790,0.000009,0.037335,0.002642,0.193217,0.000042,0.037925,0.006319,0.194744,0.000000,0.000000,0.000000,0.833078,-0.849758,-3.140000,0.026700,-0.444815,-1.179716,3.140000,-0.200000,0.000000,0.000000,0.000000,0.000000,0.000000,0.000000
1778448646.901139,sequential_ik_elbow_then_wrist,0,0,-0.139170,0.139219,-0.226384,-0.368560,0.103540,-0.416403,-0.063665,-0.101418,-0.275066,-0.299677,-0.175909,-0.444623,0.000003,0.038294,0.001653,0.195689,0.000049,0.037509,0.006800,0.193672,0.000000,0.000000,0.000000,0.823597,-0.851168,-3.140000,0.040573,-0.458991,-1.175534,3.140000,-0.200000,0.000000,0.000000,0.000000,0.000000,0.000000,0.000000
1778448646.952921,sequential_ik_elbow_then_wrist,0,0,-0.139188,0.139415,-0.226253,-0.369198,0.103499,-0.415477,-0.065468,-0.102060,-0.274404,-0.301221,-0.177433,-0.443931,0.000001,0.039135,0.000920,0.197826,0.000042,0.036063,0.006293,0.189902,0.000000,0.000000,0.000000,0.815350,-0.852013,-3.140000,0.051535,-0.473297,-1.171064,3.140000,-0.200000,0.000000,0.000000,0.000000,0.000000,0.000000,0.000000
1778448647.027410,sequential_ik_elbow_then_wrist,0,0,-0.140536,0.137578,-0.226544,-0.371580,0.097042,-0.413562,-0.065194,-0.101296,-0.274752,-0.300933,-0.175876,-0.444649,0.000001,0.041479,0.000697,0.203664,0.000026,0.034963,0.004999,0.186984,0.000000,0.000000,0.000000,0.809870,-0.852876,-3.140000,0.060131,-0.486992,-1.167864,3.140000,-0.200000,0.000000,0.000000,0.000000,0.000000,0.000000,0.000000
1778448647.084307,sequential_ik_elbow_then_wrist,0,0,-0.142182,0.136268,-0.226308,-0.376402,0.095812,-0.409349,-0.065006,-0.101029,-0.274895,-0.300280,-0.176365,-0.445102,0.000003,0.042392,0.001440,0.205886,0.000016,0.033779,0.003879,0.183790,0.000000,0.000000,0.000000,0.807340,-0.853363,-3.140000,0.062971,-0.499584,-1.165670,3.140000,-0.200000,0.000000,0.000000,0.000000,0.000000,0.000000,0.000000
1778448647.161043,sequential_ik_elbow_then_wrist,0,0,-0.142432,0.136014,-0.226303,-0.377312,0.095893,-0.408572,-0.064222,-0.101454,-0.274923,-0.298485,-0.175964,-0.446879,0.000001,0.041991,0.000928,0.204914,0.000006,0.032527,0.002332,0.180354,0.000000,0.000000,0.000000,0.806474,-0.853689,-3.140000,0.062822,-0.510465,-1.164072,3.140000,-0.200000,0.000000,0.000000,0.000000,0.000000,0.000000,0.000000
1778448648.160395,sequential_ik_elbow_then_wrist,0,0,-0.140364,0.148778,-0.219460,-0.387519,0.154674,-0.389401,-0.078156,-0.101953,-0.271104,-0.317942,-0.175096,-0.435885,0.000041,0.030920,0.005375,0.175569,0.000130,0.036219,0.010856,0.190312,0.000000,0.000000,0.000000,0.800101,-0.847661,-3.140000,0.039279,-0.524999,-1.157474,3.140000,-0.200000,0.000000,0.000000,0.000000,0.000000,0.000000,0.000000
1778448648.218768,sequential_ik_elbow_then_wrist,0,0,-0.137742,0.150677,-0.219826,-0.383626,0.159530,-0.391473,-0.080979,-0.100922,-0.270661,-0.320056,-0.175479,-0.435839,0.000020,0.031236,0.003991,0.176733,0.000113,0.033608,0.010274,0.183324,0.000000,0.000000,0.000000,0.790480,-0.841960,-3.140000,0.018669,-0.542270,-1.150567,3.140000,-0.200000,0.000000,0.000000,0.000000,0.000000,0.000000,0.000000
1778448648.275606,sequential_ik_elbow_then_wrist,0,0,-0.136110,0.151556,-0.220238,-0.381689,0.158906,-0.392393,-0.081900,-0.099679,-0.270844,-0.319854,-0.175835,-0.436911,0.000010,0.032996,0.002845,0.181646,0.000083,0.031017,0.008812,0.176117,0.000000,0.000000,0.000000,0.779739,-0.837731,-3.140000,0.004581,-0.560795,-1.145074,3.140000,-0.200000,0.000000,0.000000,0.000000,0.000000,0.000000,0.000000
1778448648.335428,sequential_ik_elbow_then_wrist,0,0,-0.135540,0.152687,-0.219808,-0.382844,0.159383,-0.389501,-0.083075,-0.097636,-0.271230,-0.319941,-0.174944,-0.438316,0.000005,0.034783,0.001993,0.186502,0.000073,0.029089,0.008266,0.170554,0.000000,0.000000,0.000000,0.769173,-0.834141,-3.140000,-0.006197,-0.579920,-1.141377,3.140000,-0.200000,0.000000,0.000000,0.000000,0.000000,0.000000,0.000000
1778448648.395994,sequential_ik_elbow_then_wrist,0,0,-0.133393,0.153788,-0.220353,-0.380037,0.161011,-0.390984,-0.085124,-0.097065,-0.270799,-0.322033,-0.174493,-0.437770,0.000006,0.035166,0.002140,0.187524,0.000063,0.027820,0.007718,0.166792,0.000000,0.000000,0.000000,0.758568,-0.831824,-3.140000,-0.013047,-0.599181,-1.138031,3.140000,-0.200000,0.000000,0.000000,0.000000,0.000000,0.000000,0.000000
1778448648.455663,sequential_ik_elbow_then_wrist,0,0,-0.130110,0.154235,-0.221997,-0.373361,0.161867,-0.397414,-0.085075,-0.098214,-0.270400,-0.320408,-0.176065,-0.439390,0.000008,0.034707,0.002510,0.186291,0.000029,0.025518,0.005234,0.159744,0.000000,0.000000,0.000000,0.747596,-0.831661,-3.140000,-0.014262,-0.617045,-1.134710,3.140000,-0.200000,0.000000,0.000000,0.000000,0.000000,0.000000,0.000000
1778448648.523835,sequential_ik_elbow_then_wrist,0,0,-0.130795,0.153510,-0.222097,-0.374487,0.160250,-0.396936,-0.087478,-0.098417,-0.269558,-0.322435,-0.177192,-0.438644,0.000001,0.035983,0.000744,0.189691,0.000029,0.024399,0.005221,0.156202,0.000000,0.000000,0.000000,0.738397,-0.831983,-3.140000,-0.014359,-0.633873,-1.130815,3.140000,-0.200000,0.000000,0.000000,0.000000,0.000000,0.000000,0.000000
1778448648.582069,sequential_ik_elbow_then_wrist,0,0,-0.128373,0.153625,-0.223427,-0.371137,0.160264,-0.399556,-0.084890,-0.099074,-0.270144,-0.318913,-0.178200,-0.440357,0.000003,0.035955,0.001419,0.189618,0.000005,0.022859,0.002078,0.151192,0.000000,0.000000,0.000000,0.729839,-0.833558,-3.140000,-0.013316,-0.647960,-1.128309,3.140000,-0.200000,0.000000,0.000000,0.000000,0.000000,0.000000,0.000000
1778448648.641510,sequential_ik_elbow_then_wrist,0,0,-0.128840,0.153263,-0.223407,-0.372543,0.159180,-0.398260,-0.083877,-0.099305,-0.270376,-0.317803,-0.178246,-0.440808,0.000000,0.036974,0.000389,0.192286,0.000001,0.022473,0.000870,0.149910,0.000000,0.000000,0.000000,0.722896,-0.835037,-3.140000,-0.013122,-0.659200,-1.126829,3.140000,-0.200000,0.000000,0.000000,0.000000,0.000000,0.000000,0.000000
1778448648.707391,sequential_ik_elbow_then_wrist,0,0,-0.128923,0.153525,-0.223179,-0.370642,0.155720,-0.400851,-0.079095,-0.099296,-0.271817,-0.309828,-0.178400,-0.446473,0.000000,0.037517,0.000249,0.193687,0.000006,0.020903,0.002272,0.144580,0.000000,0.000000,0.000000,0.717335,-0.836016,-3.140000,-0.009552,-0.666443,-1.127886,3.140000,-0.200000,0.000000,0.000000,0.000000,0.000000,0.000000,0.000000
1778448648.763875,sequential_ik_elbow_then_wrist,0,0,-0.128166,0.154152,-0.223183,-0.367217,0.154025,-0.404441,-0.070529,-0.099472,-0.274101,-0.298371,-0.178733,-0.452441,0.000000,0.037342,0.000619,0.193231,0.000054,0.019869,0.006970,0.140958,0.000000,0.000000,0.000000,0.712382,-0.836731,-3.140000,-0.001935,-0.667942,-1.132703,3.140000,-0.200000,0.000000,0.000000,0.000000,0.000000,0.000000,0.000000
1778448648.817924,sequential_ik_elbow_then_wrist,0,0,-0.127409,0.153897,-0.223791,-0.365343,0.152476,-0.406509,-0.067895,-0.100133,-0.274524,-0.296351,-0.178966,-0.452270,0.000000,0.037535,0.000564,0.193735,0.000056,0.021114,0.007233,0.145305,0.000000,0.000000,0.000000,0.708005,-0.837829,-3.140000,0.006936,-0.664954,-1.137944,3.140000,-0.200000,0.000000,0.000000,0.000000,0.000000,0.000000,0.000000
1778448648.882270,sequential_ik_elbow_then_wrist,0,0,-0.127246,0.154187,-0.223685,-0.364494,0.152593,-0.407290,-0.067674,-0.100201,-0.274554,-0.296819,-0.178796,-0.451516,0.000000,0.037520,0.000424,0.193699,0.000035,0.022479,0.005780,0.149931,0.000000,0.000000,0.000000,0.704183,-0.838692,-3.140000,0.015366,-0.659403,-1.142283,3.140000,-0.200000,0.000000,0.000000,0.000000,0.000000,0.000000,0.000000
1778448648.940701,sequential_ik_elbow_then_wrist,0,0,-0.127188,0.154227,-0.223690,-0.364134,0.150881,-0.407662,-0.067638,-0.099739,-0.274731,-0.296689,-0.178398,-0.451786,0.000000,0.038079,0.000251,0.195138,0.000020,0.023334,0.004310,0.152755,0.000000,0.000000,0.000000,0.700987,-0.839359,-3.140000,0.023403,-0.652748,-1.145891,3.140000,-0.200000,0.000000,0.000000,0.000000,0.000000,0.000000,0.000000
1778448649.004926,sequential_ik_elbow_then_wrist,0,0,-0.122924,0.155182,-0.225407,-0.353367,0.152288,-0.417468,-0.066228,-0.099591,-0.275128,-0.295059,-0.178695,-0.452269,0.000006,0.035646,0.002203,0.188783,0.000019,0.023791,0.004195,0.154245,0.000000,0.000000,0.000000,0.696105,-0.841475,-3.140000,0.035950,-0.645338,-1.149315,3.140000,-0.200000,0.000000,0.000000,0.000000,0.000000,0.000000,0.000000
1778448649.063093,sequential_ik_elbow_then_wrist,0,0,-0.122833,0.155332,-0.225353,-0.354153,0.151762,-0.416347,-0.064185,-0.099761,-0.275550,-0.291517,-0.179202,-0.454462,0.000002,0.036843,0.001179,0.191944,0.000023,0.023627,0.004674,0.153710,0.000000,0.000000,0.000000,0.691044,-0.843394,-3.140000,0.046965,-0.637110,-1.152740,3.140000,-0.200000,0.000000,0.000000,0.000000,0.000000,0.000000,0.000000
1778448649.120779,sequential_ik_elbow_then_wrist,0,0,-0.122398,0.155341,-0.225583,-0.350464,0.145976,-0.420258,-0.059411,-0.099887,-0.276573,-0.282502,-0.179913,-0.460493,0.000001,0.037726,0.000788,0.194216,0.000050,0.022211,0.006875,0.149033,0.000000,0.000000,0.000000,0.686302,-0.845138,-3.140000,0.061254,-0.627121,-1.157219,3.140000,-0.200000,0.000000,0.000000,0.000000,0.000000,0.000000,0.000000
1778448649.180065,sequential_ik_elbow_then_wrist,0,0,-0.120225,0.155373,-0.226727,-0.344036,0.142612,-0.426091,-0.054584,-0.100706,-0.277271,-0.276219,-0.178918,-0.463714,0.000002,0.037332,0.001362,0.193194,0.000086,0.022295,0.009027,0.149316,0.000000,0.000000,0.000000,0.681224,-0.847605,-3.140000,0.078956,-0.614713,-1.162272,3.140000,-0.200000,0.000000,0.000000,0.000000,0.000000,0.000000,0.000000
1778448649.240870,sequential_ik_elbow_then_wrist,0,0,-0.119342,0.155192,-0.227317,-0.342248,0.140586,-0.427566,-0.054997,-0.101018,-0.277075,-0.278960,-0.178056,-0.461210,0.000001,0.037902,0.001022,0.194680,0.000052,0.024617,0.007043,0.156898,0.000000,0.000000,0.000000,0.676260,-0.850296,-3.140000,0.095860,-0.601539,-1.166082,3.140000,-0.200000,0.000000,0.000000,0.000000,0.000000,0.000000,0.000000
1778448649.304899,sequential_ik_elbow_then_wrist,0,0,-0.119653,0.154535,-0.227601,-0.343312,0.140366,-0.427040,-0.056781,-0.100771,-0.276805,-0.283540,-0.177775,-0.457501,0.000000,0.038399,0.000240,0.195958,0.000019,0.027020,0.004299,0.164379,0.000000,0.000000,0.000000,0.672294,-0.852795,-3.140000,0.108639,-0.589232,-1.168446,3.140000,-0.200000,0.000000,0.000000,0.000000,0.000000,0.000000,0.000000
