time_sec,source,valid,manual_enabled,left_target_elbow_x,left_target_elbow_y,left_target_elbow_z,left_target_wrist_x,left_target_wrist_y,left_target_wrist_z,right_target_elbow_x,right_target_elbow_y,right_target_elbow_z,right_target_wrist_x,right_target_wrist_y,right_target_wrist_z,left_shoulder_loss,left_elbow_loss,left_elbow_error,left_wrist_error,right_shoulder_loss,right_elbow_loss,right_elbow_error,right_wrist_error,torso_joint,neck_joint,head_joint,left_shoulder_pitch_joint,left_shoulder_roll_joint,left_shoulder_yaw_joint,left_elbow_joint,right_shoulder_pitch_joint,right_shoulder_roll_joint,right_shoulder_yaw_joint,right_elbow_joint,left_hip_joint,left_knee_joint,left_ankle_joint,right_hip_joint,right_knee_joint,right_ankle_joint
1778443070.746958,sequential_ik_elbow_then_wrist,0,0,-0.222667,0.118972,-0.162066,-0.359157,-0.005131,0.074512,-0.172056,-0.238109,-0.060832,-0.319414,-0.256865,0.199809,0.016909,0.146155,0.097502,0.367622,0.004690,0.047437,0.046847,0.200275,0.000000,0.000000,0.000000,0.173639,-0.111752,0.000000,0.451816,-0.113578,-0.038406,0.000000,0.405441,0.000000,0.000000,0.000000,0.000000,0.000000,0.000000
1778443070.815916,sequential_ik_elbow_then_wrist,0,0,-0.209549,0.191093,-0.097839,-0.302236,0.054907,0.152885,-0.160317,-0.253570,-0.000901,-0.278939,-0.260409,0.274566,0.000322,0.037574,0.012466,0.185516,0.000351,0.012018,0.012487,0.106785,0.000000,0.000000,0.000000,0.324431,-0.172090,0.000000,0.778065,-0.216629,-0.038560,0.000000,0.621115,0.000000,0.000000,0.000000,0.000000,0.000000,0.000000
1778443070.868144,sequential_ik_elbow_then_wrist,1,0,-0.199606,0.212349,-0.071170,-0.295303,0.098446,0.189345,-0.144093,-0.262112,0.023120,-0.210624,-0.248520,0.315333,0.000188,0.021886,0.009195,0.147826,0.000161,0.004065,0.008450,0.062696,0.000000,0.000000,0.000000,0.430518,-0.195082,0.000000,1.039880,-0.287496,-0.017177,0.000000,0.812780,0.000000,0.000000,0.000000,0.000000,0.000000,0.000000
1778443070.940858,sequential_ik_elbow_then_wrist,1,0,-0.200575,0.214587,-0.061006,-0.223908,0.134306,0.227109,-0.138625,-0.265102,0.022449,-0.170533,-0.231121,0.318805,0.000045,0.005098,0.004462,0.071241,0.000016,0.001956,0.002664,0.043026,0.000000,0.000000,0.000000,0.508459,-0.200877,0.000000,1.250375,-0.335795,0.003585,0.000000,0.983067,0.000000,0.000000,0.000000,0.000000,0.000000,0.000000
1778443070.990373,sequential_ik_elbow_then_wrist,0,0,-0.213674,0.183856,-0.102668,-0.301463,-0.005772,0.112586,-0.158687,-0.254560,0.004173,-0.336788,-0.241952,0.245256,0.000300,0.050695,0.011806,0.224375,0.000083,0.030322,0.006067,0.172733,0.000000,0.000000,0.000000,0.586288,-0.229403,0.000000,1.455323,-0.385210,0.009110,0.000000,1.059643,0.000000,0.000000,0.000000,0.000000,0.000000,0.000000
1778443071.058737,sequential_ik_elbow_then_wrist,0,0,-0.213306,0.151142,-0.147162,-0.319175,-0.028827,0.068251,-0.133273,-0.131361,-0.234484,-0.375658,-0.191651,-0.400660,0.000562,0.055930,0.016368,0.236423,0.010055,0.042399,0.070159,0.192551,0.000000,0.000000,0.000000,0.665749,-0.286893,0.000000,1.625099,-0.457040,-0.155176,0.753600,0.942735,0.000000,0.000000,0.000000,0.000000,0.000000,0.000000
1778443071.122351,sequential_ik_elbow_then_wrist,0,0,-0.180111,0.134308,-0.198800,-0.421756,-0.030627,-0.265165,-0.101186,-0.112016,-0.259256,-0.364917,-0.169011,-0.390396,0.000699,0.177207,0.017638,0.416900,0.001477,0.041157,0.025890,0.193497,0.000000,0.000000,0.000000,0.727990,-0.377806,-0.753600,1.614158,-0.516384,-0.348037,1.326336,0.707583,0.000000,0.000000,0.000000,0.000000,0.000000,0.000000
1778443071.177288,sequential_ik_elbow_then_wrist,0,0,-0.127628,0.124972,-0.241025,-0.306536,0.032919,-0.463552,-0.052552,-0.102075,-0.277162,-0.259332,-0.156904,-0.487486,0.000954,0.049204,0.022097,0.207976,0.000956,0.013984,0.024964,0.117775,0.000000,0.000000,0.000000,0.760767,-0.496608,-1.326336,1.420717,-0.548054,-0.536299,1.761615,0.503291,0.000000,0.000000,0.000000,0.000000,0.000000,0.000000
1778443071.228400,sequential_ik_elbow_then_wrist,0,0,-0.112937,0.113692,-0.253613,-0.297690,0.035623,-0.476708,-0.052848,-0.104769,-0.276099,-0.267730,-0.164589,-0.476716,0.000270,0.037026,0.012312,0.188737,0.000308,0.017834,0.016802,0.133424,0.000000,0.000000,0.000000,0.778090,-0.611923,-1.761615,1.183758,-0.562698,-0.686918,2.092428,0.334501,0.000000,0.000000,0.000000,0.000000,0.000000,0.000000
1778443071.290574,sequential_ik_elbow_then_wrist,0,0,-0.109106,0.104646,-0.259123,-0.303845,0.035363,-0.476556,-0.054714,-0.099860,-0.277551,-0.276797,-0.159289,-0.470287,0.000054,0.037289,0.005233,0.192069,0.000104,0.023379,0.009855,0.152902,0.000000,0.000000,0.000000,0.789090,-0.711714,-2.092428,0.955758,-0.568573,-0.804928,2.343845,0.206221,0.000000,0.000000,0.000000,0.000000,0.000000,0.000000
1778443071.349330,sequential_ik_elbow_then_wrist,0,0,-0.108170,0.102473,-0.260382,-0.309158,0.037762,-0.473493,-0.057208,-0.098507,-0.277531,-0.280542,-0.154256,-0.469921,0.000007,0.037822,0.001977,0.194195,0.000032,0.026238,0.005560,0.161982,0.000000,0.000000,0.000000,0.796563,-0.791874,-2.343845,0.757282,-0.570102,-0.895203,2.534922,0.108728,0.000000,0.000000,0.000000,0.000000,0.000000,0.000000
1778443071.418639,sequential_ik_elbow_then_wrist,0,0,-0.108349,0.103553,-0.259879,-0.312028,0.042182,-0.471418,-0.058110,-0.099639,-0.276939,-0.281854,-0.152528,-0.469659,0.000002,0.037520,0.001250,0.193640,0.000020,0.027615,0.004328,0.166177,0.000000,0.000000,0.000000,0.801306,-0.853163,-2.534922,0.594809,-0.568972,-0.962954,2.680141,0.034633,0.000000,0.000000,0.000000,0.000000,0.000000,0.000000
1778443071.480229,sequential_ik_elbow_then_wrist,0,0,-0.108048,0.103693,-0.259949,-0.312664,0.041542,-0.470353,-0.058891,-0.100335,-0.276523,-0.284123,-0.153423,-0.467448,0.000001,0.038271,0.001058,0.195623,0.000011,0.028844,0.003214,0.169836,0.000000,0.000000,0.000000,0.804117,-0.899911,-2.680141,0.467601,-0.566397,-1.013558,2.790507,-0.021679,0.000000,0.000000,0.000000,0.000000,0.000000,0.000000
1778443071.533016,sequential_ik_elbow_then_wrist,0,0,-0.102188,0.105085,-0.261753,-0.314630,0.046588,-0.465337,-0.058478,-0.102651,-0.275759,-0.288227,-0.152885,-0.462017,0.000021,0.039131,0.004286,0.197788,0.000016,0.031331,0.003801,0.177006,0.000000,0.000000,0.000000,0.803151,-0.937772,-2.790507,0.362888,-0.562387,-1.050620,2.874385,-0.064476,0.000000,0.000000,0.000000,0.000000,0.000000,0.000000
1778443071.591161,sequential_ik_elbow_then_wrist,0,0,-0.100061,0.101829,-0.263853,-0.314894,0.046358,-0.465768,-0.048152,-0.103527,-0.277423,-0.263537,-0.150305,-0.480945,0.000009,0.039966,0.002627,0.199896,0.000115,0.025662,0.010433,0.160194,0.000000,0.000000,0.000000,0.800735,-0.969737,-2.874385,0.276726,-0.553775,-1.081396,2.938133,-0.097002,0.000000,0.000000,0.000000,0.000000,0.000000,0.000000
1778443071.675568,sequential_ik_elbow_then_wrist,0,0,-0.100165,0.100959,-0.264148,-0.314380,0.050605,-0.468051,-0.034621,-0.101634,-0.280128,-0.231485,-0.149219,-0.501443,0.000002,0.038628,0.001237,0.196531,0.000322,0.019726,0.017418,0.140435,0.000000,0.000000,0.000000,0.798077,-0.995134,-2.938133,0.207010,-0.538511,-1.110515,2.986581,-0.116669,0.000000,0.000000,0.000000,0.000000,0.000000,0.000000
1778443071.710278,sequential_ik_elbow_then_wrist,0,0,-0.097648,0.102693,-0.264422,-0.315355,0.058823,-0.466113,-0.029538,-0.099943,-0.281317,-0.242635,-0.150147,-0.486424,0.000010,0.037472,0.002961,0.193561,0.000320,0.026014,0.017476,0.161276,0.000000,0.000000,0.000000,0.793993,-1.015063,-2.986581,0.148023,-0.518579,-1.136074,3.023402,-0.136669,0.000000,0.000000,0.000000,0.000000,0.000000,0.000000
1778443071.779300,sequential_ik_elbow_then_wrist,0,0,-0.092932,0.103690,-0.265729,-0.310407,0.069146,-0.469472,-0.032661,-0.104611,-0.279266,-0.248993,-0.150346,-0.482020,0.000028,0.034512,0.005056,0.185765,0.000198,0.030418,0.013745,0.174407,0.000000,0.000000,0.000000,0.787447,-1.032117,-3.023402,0.098739,-0.496786,-1.152336,3.051385,-0.151868,0.000000,0.000000,0.000000,0.000000,0.000000,0.000000
1778443071.835212,sequential_ik_elbow_then_wrist,1,0,-0.077000,0.103665,-0.270785,-0.283855,0.069039,-0.485289,-0.027896,-0.103820,-0.280077,-0.241221,-0.147197,-0.486501,0.000179,0.030454,0.012560,0.174490,0.000220,0.030980,0.014547,0.176001,0.000000,0.000000,0.000000,0.774593,-1.052822,-3.051385,0.067708,-0.473122,-1.165439,3.072653,-0.158596,0.000000,0.000000,0.000000,0.000000,0.000000,0.000000
1778443071.890013,sequential_ik_elbow_then_wrist,1,0,-0.075591,0.100771,-0.272270,-0.278932,0.066357,-0.490142,-0.022351,-0.100589,-0.281748,-0.227012,-0.137163,-0.498027,0.000083,0.031474,0.008714,0.177404,0.000247,0.029940,0.015372,0.172954,0.000000,0.000000,0.000000,0.759571,-1.072288,-3.072653,0.047213,-0.447891,-1.178606,3.088816,-0.151299,0.000000,0.000000,0.000000,0.000000,0.000000,0.000000
1778443071.956781,sequential_ik_elbow_then_wrist,1,0,-0.072315,0.100412,-0.273291,-0.267602,0.065647,-0.498356,-0.019483,-0.099527,-0.282338,-0.214806,-0.130635,-0.507907,0.000075,0.029994,0.008368,0.173164,0.000228,0.028478,0.014807,0.168663,0.000000,0.000000,0.000000,0.743231,-1.089438,-3.088816,0.038359,-0.421927,-1.190372,3.101100,-0.132474,0.000000,0.000000,0.000000,0.000000,0.000000,0.000000
1778443072.006243,sequential_ik_elbow_then_wrist,1,0,-0.073518,0.099687,-0.273235,-0.270363,0.064562,-0.496883,-0.021165,-0.098122,-0.282708,-0.218568,-0.129405,-0.506434,0.000030,0.032087,0.005332,0.179127,0.000119,0.031271,0.010728,0.176826,0.000000,0.000000,0.000000,0.727694,-1.102816,-3.101100,0.033438,-0.397342,-1.200060,3.110436,-0.113792,0.000000,0.000000,0.000000,0.000000,0.000000,0.000000
1778443072.082560,sequential_ik_elbow_then_wrist,0,0,-0.074935,0.099096,-0.273065,-0.273238,0.063235,-0.495304,-0.020514,-0.097240,-0.283061,-0.217529,-0.128144,-0.507183,0.000009,0.033880,0.002960,0.184064,0.000090,0.032281,0.009345,0.179665,0.000000,0.000000,0.000000,0.714152,-1.112754,-3.110436,0.030467,-0.374472,-1.208158,3.117531,-0.096374,0.000000,0.000000,0.000000,0.000000,0.000000,0.000000
1778443072.132795,sequential_ik_elbow_then_wrist,0,0,-0.074445,0.098973,-0.273244,-0.274710,0.062300,-0.493582,-0.021012,-0.097923,-0.282789,-0.220535,-0.127654,-0.504840,0.000007,0.035193,0.002510,0.187597,0.000061,0.034594,0.007647,0.185991,0.000000,0.000000,0.000000,0.702393,-1.120514,-3.117531,0.028215,-0.353662,-1.213880,3.122924,-0.080744,0.000000,0.000000,0.000000,0.000000,0.000000,0.000000
1778443072.218203,sequential_ik_elbow_then_wrist,0,0,-0.073736,0.097815,-0.273853,-0.275459,0.058828,-0.492457,-0.019878,-0.098598,-0.282636,-0.218037,-0.127402,-0.506027,0.000004,0.036791,0.001849,0.191810,0.000058,0.034696,0.007511,0.186261,0.000000,0.000000,0.000000,0.692402,-1.127366,-3.122924,0.026677,-0.334460,-1.217840,3.127022,-0.064983,0.000000,0.000000,0.000000,0.000000,0.000000,0.000000
1778443072.264401,sequential_ik_elbow_then_wrist,0,0,-0.071208,0.093925,-0.275876,-0.272754,0.054598,-0.494582,-0.019977,-0.101453,-0.281617,-0.217564,-0.130603,-0.505469,0.000005,0.037189,0.001663,0.192844,0.000050,0.035113,0.006875,0.187377,0.000000,0.000000,0.000000,0.684182,-1.135901,-3.127022,0.024442,-0.316721,-1.218876,3.130137,-0.049284,0.000000,0.000000,0.000000,0.000000,0.000000,0.000000
1778443101.251946,sequential_ik_elbow_then_wrist,0,0,-0.233695,0.115655,-0.148360,-0.430655,-0.033690,0.021649,-0.104593,-0.206119,-0.191246,-0.374714,-0.335275,-0.172445,0.007905,0.138241,0.070822,0.355529,0.003755,0.103007,0.045111,0.320320,0.000000,0.000000,0.000000,0.739556,-1.029049,-2.376537,0.283896,-0.327671,-1.123159,3.132504,-0.085456,0.000000,0.000000,0.000000,0.000000,0.000000,0.000000
1778443101.324124,sequential_ik_elbow_then_wrist,0,0,-0.218094,0.179992,-0.100189,-0.332806,0.011545,0.119962,-0.115343,-0.274006,0.040210,-0.181167,-0.281206,0.332811,0.001327,0.053278,0.024397,0.221964,0.010069,0.044396,0.069633,0.159156,0.000000,0.000000,0.000000,0.775862,-0.883194,-1.806168,0.633068,-0.342413,-0.877123,2.380703,0.218438,0.000000,0.000000,0.000000,0.000000,0.000000,0.000000
1778443101.374193,sequential_ik_elbow_then_wrist,1,0,-0.173822,0.241096,0.040724,-0.223561,0.106457,0.304160,-0.072009,-0.264200,0.122529,0.019409,-0.237435,0.407004,0.004135,0.011243,0.043677,0.105879,0.003058,0.009323,0.037304,0.093688,0.000000,0.000000,0.000000,0.754795,-0.670057,-1.372688,0.912141,-0.331908,-0.594593,1.809334,0.505467,0.000000,0.000000,0.000000,0.000000,0.000000,0.000000
1778443101.437918,sequential_ik_elbow_then_wrist,0,0,-0.098198,0.256383,0.120934,-0.048400,0.127594,0.387268,0.043908,-0.261514,0.140293,0.289376,-0.237612,0.311098,0.002925,0.000998,0.036948,0.030986,0.002798,0.094285,0.038906,0.306910,0.000000,0.000000,0.000000,0.682137,-0.432071,-1.043243,1.109555,-0.245894,-0.343689,1.375094,0.700678,0.000000,0.000000,0.000000,0.000000,0.000000,0.000000
1778443101.484783,sequential_ik_elbow_then_wrist,0,0,-0.067293,0.256316,0.140620,-0.004723,0.119622,0.400235,0.054081,-0.252147,0.153287,0.297223,-0.217915,0.325652,0.000720,0.001268,0.019100,0.034841,0.000470,0.084017,0.016353,0.289428,0.000000,0.000000,0.000000,0.594016,-0.220139,-0.792864,1.241949,-0.150451,-0.136844,1.045072,0.811235,0.000000,0.000000,0.000000,0.000000,0.000000,0.000000
1778443101.549098,sequential_ik_elbow_then_wrist,0,0,-0.059755,0.260791,0.135711,0.010003,0.123614,0.393231,0.043061,-0.248290,0.162782,0.278682,-0.198002,0.341537,0.000095,0.001653,0.007360,0.040601,0.000037,0.072655,0.004164,0.269501,0.000000,0.000000,0.000000,0.512021,-0.055583,-0.602577,1.337414,-0.074753,0.030611,0.794254,0.883552,0.000000,0.000000,0.000000,0.000000,0.000000,0.000000
1778443101.608790,sequential_ik_elbow_then_wrist,0,0,-0.069464,0.262022,0.128528,0.022812,0.113263,0.372159,0.094253,-0.243871,0.147117,0.325230,-0.160453,0.319428,0.000006,0.002701,0.001655,0.051552,0.000516,0.086117,0.017725,0.293457,0.000000,0.000000,0.000000,0.450849,0.065268,-0.457958,1.425812,0.015768,0.149401,0.603633,0.936940,0.000000,0.000000,0.000000,0.000000,0.000000,0.000000
1778443101.675377,sequential_ik_elbow_then_wrist,0,0,-0.067333,0.263020,0.127618,-0.011319,0.098879,0.372404,0.060498,-0.237262,0.173339,0.253813,-0.132496,0.377431,0.000001,0.000206,0.000786,0.014023,0.000120,0.051174,0.007708,0.226077,0.000000,0.000000,0.000000,0.403254,0.155530,-0.348048,1.500265,0.076399,0.256455,0.458761,0.996532,0.000000,0.000000,0.000000,0.000000,0.000000,0.000000
1778443101.728577,sequential_ik_elbow_then_wrist,0,0,-0.097718,0.260647,0.111868,-0.083917,0.082995,0.353217,0.004416,-0.236129,0.184997,0.187365,-0.123320,0.394290,0.000165,0.002864,0.009283,0.053297,0.000800,0.034443,0.023064,0.185289,0.000000,0.000000,0.000000,0.385392,0.213258,-0.264517,1.568488,0.085591,0.351452,0.348659,1.067072,0.000000,0.000000,0.000000,0.000000,0.000000,0.000000
1778443101.802668,sequential_ik_elbow_then_wrist,1,0,-0.106290,0.253952,0.119209,-0.099771,0.074317,0.359394,-0.005717,-0.232944,0.188956,0.162805,-0.108293,0.403578,0.000053,0.004303,0.005340,0.065593,0.000246,0.028321,0.013021,0.168091,0.000000,0.000000,0.000000,0.383434,0.259496,-0.201033,1.619266,0.072437,0.429322,0.264981,1.140293,0.000000,0.000000,0.000000,0.000000,0.000000,0.000000
1778443101.862365,sequential_ik_elbow_then_wrist,1,0,-0.107183,0.253649,0.119055,-0.106557,0.073437,0.358895,-0.006951,-0.235521,0.185692,0.141546,-0.098979,0.407738,0.000006,0.004999,0.001772,0.070700,0.000045,0.021832,0.005629,0.147632,0.000000,0.000000,0.000000,0.385824,0.295042,-0.152785,1.656089,0.053671,0.486989,0.201385,1.210511,0.000000,0.000000,0.000000,0.000000,0.000000,0.000000
1778443101.930158,sequential_ik_elbow_then_wrist,1,0,-0.105508,0.247853,0.132048,-0.103773,0.067329,0.371648,-0.048354,-0.226016,0.191255,0.071574,-0.072125,0.419147,0.000026,0.004853,0.003384,0.069596,0.000522,0.006757,0.019217,0.081940,0.000000,0.000000,0.000000,0.389173,0.330973,-0.116117,1.676707,0.010136,0.535470,0.153053,1.279602,0.000000,0.000000,0.000000,0.000000,0.000000,0.000000
1778443101.972592,sequential_ik_elbow_then_wrist,1,0,-0.111479,0.246005,0.130590,-0.105832,0.057334,0.363767,-0.066397,-0.222428,0.190045,0.008078,-0.048569,0.422911,0.000008,0.005470,0.002095,0.073938,0.000326,0.000392,0.015256,0.019250,0.000000,0.000000,0.000000,0.396055,0.359327,-0.088249,1.696528,-0.046144,0.572181,0.116320,1.343142,0.000000,0.000000,0.000000,0.000000,0.000000,0.000000
1778443102.043717,sequential_ik_elbow_then_wrist,1,0,-0.114165,0.249500,0.121310,-0.107778,0.065435,0.358121,-0.062393,-0.227310,0.185573,0.034175,-0.058223,0.413793,0.000013,0.005171,0.002425,0.071901,0.000028,0.002316,0.004321,0.048012,0.000000,0.000000,0.000000,0.403212,0.374801,-0.067069,1.713909,-0.095232,0.596130,0.088403,1.399393,0.000000,0.000000,0.000000,0.000000,0.000000,0.000000
1778443102.099691,sequential_ik_elbow_then_wrist,1,0,-0.108417,0.260584,0.101694,-0.119780,0.084124,0.344042,-0.029321,-0.243018,0.173444,0.089879,-0.091313,0.403177,0.000076,0.006221,0.005886,0.078857,0.000242,0.011143,0.012571,0.105561,0.000000,0.000000,0.000000,0.403134,0.372139,-0.050972,1.730712,-0.112898,0.604302,0.067186,1.442142,0.000000,0.000000,0.000000,0.000000,0.000000,0.000000
1778443102.168198,sequential_ik_elbow_then_wrist,1,0,-0.116424,0.258138,0.099046,-0.167272,0.108434,0.354003,-0.026065,-0.245481,0.170469,0.087942,-0.115840,0.415817,0.000013,0.012491,0.002446,0.111348,0.000055,0.010820,0.005931,0.103798,0.000000,0.000000,0.000000,0.406735,0.365076,-0.038739,1.720425,-0.116683,0.605786,0.051062,1.458428,0.000000,0.000000,0.000000,0.000000,0.000000,0.000000
1778443102.216274,sequential_ik_elbow_then_wrist,1,0,-0.127741,0.259345,0.080141,-0.180963,0.167572,0.360756,-0.032290,-0.245250,0.169734,0.013831,-0.194558,0.461802,0.000073,0.008949,0.005766,0.093438,0.000001,0.002852,0.000656,0.045942,0.000000,0.000000,0.000000,0.416535,0.346339,-0.029442,1.677121,-0.119904,0.605229,0.038807,1.405452,0.000000,0.000000,0.000000,0.000000,0.000000,0.000000
1778443102.277085,sequential_ik_elbow_then_wrist,1,0,-0.138024,0.253741,0.081024,-0.189537,0.257455,0.376545,-0.040948,-0.242848,0.171313,-0.075015,-0.311896,0.461264,0.000030,0.003498,0.003822,0.053067,0.000017,0.003586,0.003296,0.044403,0.000000,0.000000,0.000000,0.433054,0.329608,-0.022376,1.581552,-0.128019,0.605621,0.029493,1.268748,0.000000,0.000000,0.000000,0.000000,0.000000,0.000000
1778443102.333527,sequential_ik_elbow_then_wrist,1,0,-0.141202,0.245125,0.099878,-0.181031,0.264530,0.396589,-0.013353,-0.292969,0.063173,-0.028134,-0.532016,0.243833,0.000057,0.001023,0.005119,0.029810,0.001806,0.003850,0.028711,0.043566,0.000000,0.000000,0.000000,0.452198,0.328520,-0.017005,1.481053,-0.115092,0.533189,0.022415,1.058810,0.000000,0.000000,0.000000,0.000000,0.000000,0.000000
1778443102.391513,sequential_ik_elbow_then_wrist,1,0,-0.136165,0.252421,0.087992,-0.196985,0.300747,0.377760,-0.041826,-0.295485,0.030645,-0.126606,-0.554506,0.156026,0.000012,0.001057,0.002313,0.030619,0.000481,0.003511,0.014658,0.058129,0.000000,0.000000,0.000000,0.463523,0.322625,-0.012924,1.378478,-0.117437,0.440894,0.017035,0.871709,0.000000,0.000000,0.000000,0.000000,0.000000,0.000000
1778443102.456077,sequential_ik_elbow_then_wrist,1,0,-0.130733,0.251963,0.097076,-0.138415,0.284687,0.395187,0.007995,-0.294551,0.056355,0.050115,-0.534048,0.232045,0.000012,0.000182,0.002338,0.011654,0.000266,0.003389,0.011055,0.056471,0.000000,0.000000,0.000000,0.468455,0.322878,-0.009822,1.316789,-0.091468,0.378287,0.012947,0.763459,0.000000,0.000000,0.000000,0.000000,0.000000,0.000000
1778443102.521731,sequential_ik_elbow_then_wrist,1,0,-0.132880,0.251821,0.094493,-0.131978,0.293804,0.391539,-0.050179,-0.280881,0.092672,-0.111048,-0.463612,0.322681,0.000000,0.000412,0.000248,0.020290,0.000496,0.002757,0.015237,0.050065,0.000000,0.000000,0.000000,0.472464,0.322469,-0.007465,1.270812,-0.101682,0.355626,0.009840,0.719187,0.000000,0.000000,0.000000,0.000000,0.000000,0.000000
1778443102.576866,sequential_ik_elbow_then_wrist,1,0,-0.118416,0.259423,0.093152,-0.176238,0.277683,0.386960,-0.094611,-0.241396,0.150919,-0.092752,-0.321550,0.440007,0.000036,0.001628,0.004262,0.040340,0.001270,0.001095,0.025209,0.023284,0.000000,0.000000,0.000000,0.465416,0.321170,-0.005673,1.233725,-0.149306,0.383827,0.007478,0.741996,0.000000,0.000000,0.000000,0.000000,0.000000,0.000000
1778443102.634710,sequential_ik_elbow_then_wrist,1,0,-0.114288,0.246407,0.127364,-0.190378,0.258244,0.417313,-0.067625,-0.239415,0.167653,-0.098003,-0.235526,0.466086,0.000158,0.004083,0.008368,0.063533,0.000160,0.001200,0.008497,0.031296,0.000000,0.000000,0.000000,0.458547,0.342647,-0.004312,1.189141,-0.181575,0.427445,0.005683,0.794963,0.000000,0.000000,0.000000,0.000000,0.000000,0.000000
1778443102.699905,sequential_ik_elbow_then_wrist,1,0,-0.121720,0.232090,0.146008,-0.178714,0.142256,0.426510,-0.031714,-0.231101,0.188644,-0.003932,-0.141882,0.473720,0.000126,0.009710,0.007672,0.096873,0.000397,0.001405,0.015341,0.030553,0.000000,0.000000,0.000000,0.460988,0.377059,-0.003277,1.198571,-0.184365,0.482067,0.004319,0.887322,0.000000,0.000000,0.000000,0.000000,0.000000,0.000000
1778443102.764930,sequential_ik_elbow_then_wrist,1,0,-0.144927,0.215042,0.150842,-0.192066,0.095973,0.422136,-0.053815,-0.218600,0.198287,-0.030904,-0.091118,0.468885,0.000196,0.013128,0.010718,0.114313,0.000076,0.000311,0.006429,0.014196,0.000000,0.000000,0.000000,0.483077,0.410926,-0.002490,1.224356,-0.193249,0.536026,0.003283,0.982654,0.000000,0.000000,0.000000,0.000000,0.000000,0.000000
1778443102.826187,sequential_ik_elbow_then_wrist,1,0,-0.175959,0.166171,0.177273,-0.224054,0.046496,0.448132,-0.069778,-0.194358,0.217614,-0.054144,-0.034643,0.471083,0.000939,0.019440,0.024058,0.139134,0.000302,0.001841,0.013873,0.042646,0.000000,0.000000,0.000000,0.539787,0.458595,-0.001893,1.222230,-0.215743,0.596672,0.002495,1.066398,0.000000,0.000000,0.000000,0.000000,0.000000,0.000000
1778443102.877849,sequential_ik_elbow_then_wrist,1,0,-0.151615,0.148752,0.211863,-0.215144,0.021965,0.476228,-0.162173,-0.153680,0.200205,-0.183861,0.035504,0.432021,0.000393,0.020572,0.013891,0.142747,0.003677,0.031246,0.053392,0.176722,0.000000,0.000000,0.000000,0.593068,0.527206,-0.001439,1.187038,-0.301614,0.637185,0.001896,1.139314,0.000000,0.000000,0.000000,0.000000,0.000000,0.000000
1778443102.955687,sequential_ik_elbow_then_wrist,0,0,-0.212239,0.068871,0.200528,-0.284060,-0.073565,0.454602,-0.177278,-0.131334,0.203282,-0.265148,0.054909,0.421439,0.003164,0.046290,0.049088,0.214624,0.001662,0.058137,0.035630,0.240582,0.000000,0.000000,0.000000,0.699441,0.581421,-0.001093,1.124171,-0.414419,0.666417,0.001441,1.156270,0.000000,0.000000,0.000000,0.000000,0.000000,0.000000
1778443103.003153,sequential_ik_elbow_then_wrist,0,0,-0.205442,0.059733,0.210299,-0.262232,-0.086819,0.465832,-0.174383,-0.129125,0.207164,-0.260391,0.029973,0.446518,0.000802,0.035135,0.024748,0.187284,0.000330,0.041064,0.015843,0.201927,0.000000,0.000000,0.000000,0.812891,0.628144,-0.000831,1.057882,-0.521448,0.689702,0.001095,1.128292,0.000000,0.000000,0.000000,0.000000,0.000000,0.000000
1778443103.068971,sequential_ik_elbow_then_wrist,0,0,-0.199406,0.048715,0.218779,-0.262889,-0.092255,0.475873,-0.180459,-0.111550,0.212111,-0.281695,0.023158,0.460314,0.000335,0.030627,0.015990,0.174700,0.000314,0.037179,0.015481,0.191933,0.000000,0.000000,0.000000,0.918838,0.671741,-0.000631,0.982680,-0.622957,0.711889,0.000832,1.062730,0.000000,0.000000,0.000000,0.000000,0.000000,0.000000
1778443103.121554,sequential_ik_elbow_then_wrist,1,0,-0.184881,0.057720,0.229102,-0.248166,-0.073972,0.491117,-0.164295,-0.104461,0.228243,-0.238238,0.028595,0.486755,0.000040,0.022652,0.004292,0.150350,0.000117,0.026255,0.008206,0.161971,0.000000,0.000000,0.000000,1.000963,0.715832,-0.000480,0.908997,-0.707171,0.744072,0.000633,1.001985,0.000000,0.000000,0.000000,0.000000,0.000000,0.000000
1778443103.185617,sequential_ik_elbow_then_wrist,1,0,-0.177506,0.059570,0.234399,-0.242534,-0.066946,0.498530,-0.159119,-0.097133,0.235046,-0.233781,0.028862,0.496868,0.000021,0.020494,0.003174,0.143068,0.000061,0.024261,0.006185,0.155606,0.000000,0.000000,0.000000,1.061838,0.756997,-0.000365,0.840900,-0.776540,0.778625,0.000481,0.939254,0.000000,0.000000,0.000000,0.000000,0.000000,0.000000
1778443103.247083,sequential_ik_elbow_then_wrist,1,0,-0.189329,0.050487,0.227169,-0.273924,-0.080663,0.483378,-0.177176,-0.099204,0.220833,-0.273506,0.011138,0.482645,0.000048,0.026001,0.006056,0.161100,0.000093,0.024481,0.007838,0.156214,0.000000,0.000000,0.000000,1.114425,0.783111,-0.000277,0.772507,-0.836835,0.793730,0.000365,0.870349,0.000000,0.000000,0.000000,0.000000,0.000000,0.000000
1778443103.300741,sequential_ik_elbow_then_wrist,1,0,-0.171085,0.070314,0.236191,-0.209620,-0.067999,0.499600,-0.153971,-0.120915,0.227316,-0.212152,-0.003900,0.497357,0.000142,0.019205,0.010555,0.138085,0.000194,0.014692,0.012503,0.120806,0.000000,0.000000,0.000000,1.143598,0.810687,-0.000211,0.748723,-0.868480,0.808894,0.000278,0.841767,0.000000,0.000000,0.000000,0.000000,0.000000,0.000000
1778443103.363173,sequential_ik_elbow_then_wrist,1,0,-0.171606,0.095913,0.226610,-0.186695,-0.052222,0.487048,-0.134083,-0.152660,0.220718,-0.164285,-0.002146,0.478465,0.000415,0.017123,0.018395,0.130042,0.000806,0.013445,0.025536,0.114231,0.000000,0.000000,0.000000,1.145973,0.824564,-0.000160,0.765571,-0.863088,0.816091,0.000211,0.867848,0.000000,0.000000,0.000000,0.000000,0.000000,0.000000
1778443103.439054,sequential_ik_elbow_then_wrist,1,0,-0.212222,0.114961,0.178173,-0.248244,-0.043130,0.430581,-0.144244,-0.178949,0.192798,-0.207166,-0.006380,0.429991,0.000661,0.026206,0.017890,0.161378,0.000581,0.025501,0.019435,0.158990,0.000000,0.000000,0.000000,1.136574,0.792218,-0.000122,0.809046,-0.836220,0.796007,0.000160,0.923537,0.000000,0.000000,0.000000,0.000000,0.000000,0.000000
1778443103.482531,sequential_ik_elbow_then_wrist,1,0,-0.248790,0.160762,0.047529,-0.295338,0.013833,0.304911,-0.155096,-0.214628,0.140998,-0.220836,-0.055860,0.386906,0.003175,0.028439,0.038178,0.165671,0.000828,0.023138,0.020275,0.151149,0.000000,0.000000,0.000000,1.110067,0.670070,-0.000092,0.917701,-0.795856,0.736012,0.000122,1.006831,0.000000,0.000000,0.000000,0.000000,0.000000,0.000000
1778443103.539990,sequential_ik_elbow_then_wrist,1,0,-0.235489,0.183677,-0.028421,-0.279464,0.048063,0.235539,-0.145650,-0.239549,0.106781,-0.205327,-0.083552,0.355987,0.001682,0.022439,0.027483,0.145469,0.000526,0.018634,0.015962,0.135134,0.000000,0.000000,0.000000,1.068240,0.507473,-0.000070,1.086058,-0.744310,0.656871,0.000093,1.116502,0.000000,0.000000,0.000000,0.000000,0.000000,0.000000
1778443103.603487,sequential_ik_elbow_then_wrist,1,0,-0.219709,0.190333,-0.074173,-0.282121,0.063216,0.190300,-0.138423,-0.256352,0.071572,-0.203519,-0.093694,0.315098,0.000694,0.020813,0.017594,0.142714,0.000374,0.019757,0.013077,0.139323,0.000000,0.000000,0.000000,1.022103,0.339069,-0.000053,1.264671,-0.689765,0.566180,0.000070,1.244484,0.000000,0.000000,0.000000,0.000000,0.000000,0.000000
1778443103.664209,sequential_ik_elbow_then_wrist,1,0,-0.200997,0.198585,-0.100818,-0.261675,0.076195,0.166276,-0.143894,-0.261161,0.033008,-0.211610,-0.103997,0.279411,0.000313,0.017507,0.011930,0.131368,0.000306,0.020373,0.011642,0.142099,0.000000,0.000000,0.000000,0.972017,0.183570,-0.000041,1.438309,-0.645848,0.466041,0.000054,1.374036,0.000000,0.000000,0.000000,0.000000,0.000000,0.000000
1778443103.732933,sequential_ik_elbow_then_wrist,0,0,-0.231962,0.139591,-0.129259,-0.347643,-0.006104,0.106094,-0.159389,-0.254138,0.003038,-0.297026,-0.104349,0.223536,0.000715,0.046244,0.019107,0.215028,0.000236,0.046362,0.010230,0.215319,0.000000,0.000000,0.000000,0.970852,0.039779,-0.000031,1.563993,-0.622337,0.364258,0.000041,1.473107,0.000000,0.000000,0.000000,0.000000,0.000000,0.000000
1778443103.786401,sequential_ik_elbow_then_wrist,0,0,-0.245582,0.146812,-0.090197,-0.329042,-0.030262,0.137134,-0.148096,-0.260678,-0.010704,-0.305586,-0.141154,0.214931,0.000176,0.043925,0.009045,0.209575,0.000075,0.043855,0.005746,0.209337,0.000000,0.000000,0.000000,0.981400,-0.049144,-0.000023,1.663792,-0.598689,0.272536,0.000031,1.534501,0.000000,0.000000,0.000000,0.000000,0.000000,0.000000
1778443103.845546,sequential_ik_elbow_then_wrist,0,0,-0.244580,0.159702,-0.068379,-0.312923,-0.015718,0.165196,-0.153831,-0.257431,0.008088,-0.298386,-0.129512,0.237741,0.000114,0.036675,0.007116,0.191507,0.000024,0.040486,0.003245,0.201206,0.000000,0.000000,0.000000,0.985372,-0.098078,-0.000018,1.738401,-0.583459,0.211134,0.000023,1.577849,0.000000,0.000000,0.000000,0.000000,0.000000,0.000000
1778443103.906168,sequential_ik_elbow_then_wrist,1,0,-0.231505,0.182861,-0.054472,-0.280735,0.016993,0.190607,-0.156436,-0.252798,0.040260,-0.223727,-0.093133,0.285166,0.000152,0.025985,0.008381,0.161185,0.000152,0.021125,0.008205,0.145013,0.000000,0.000000,0.000000,0.970974,-0.122268,-0.000014,1.800185,-0.575367,0.186287,0.000018,1.634281,0.000000,0.000000,0.000000,0.000000,0.000000,0.000000
1778443103.969221,sequential_ik_elbow_then_wrist,1,0,-0.195780,0.219324,-0.059725,-0.240804,0.084321,0.204372,-0.138883,-0.261113,0.050313,-0.179222,-0.127001,0.315618,0.000418,0.013491,0.013991,0.116145,0.000079,0.009362,0.005963,0.096696,0.000000,0.000000,0.000000,0.924261,-0.141082,-0.000010,1.850221,-0.558053,0.178684,0.000014,1.668843,0.000000,0.000000,0.000000,0.000000,0.000000,0.000000
1778443104.032356,sequential_ik_elbow_then_wrist,1,0,-0.201064,0.218816,-0.041142,-0.254376,0.118103,0.236373,-0.124826,-0.267334,0.054322,-0.163208,-0.128909,0.317695,0.000054,0.011615,0.004921,0.107115,0.000055,0.008356,0.005034,0.091408,0.000000,0.000000,0.000000,0.882674,-0.143709,-0.000008,1.859736,-0.532763,0.178003,0.000010,1.695766,0.000000,0.000000,0.000000,0.000000,0.000000,0.000000
1778443104.096932,sequential_ik_elbow_then_wrist,1,0,-0.207885,0.212500,-0.040344,-0.294104,0.140858,0.237925,-0.125845,-0.265370,0.061170,-0.178013,-0.133366,0.325469,0.000009,0.013761,0.002016,0.116224,0.000010,0.010969,0.002141,0.104635,0.000000,0.000000,0.000000,0.855372,-0.142535,-0.000006,1.828810,-0.511746,0.182945,0.000008,1.705451,0.000000,0.000000,0.000000,0.000000,0.000000,0.000000
1778443104.150470,sequential_ik_elbow_then_wrist,1,0,-0.211428,0.211782,-0.021134,-0.287569,0.166736,0.265525,-0.109157,-0.269217,0.074878,-0.145913,-0.133558,0.339917,0.000052,0.007845,0.004814,0.087829,0.000070,0.006872,0.005660,0.082892,0.000000,0.000000,0.000000,0.837509,-0.129000,-0.000005,1.777824,-0.484934,0.196648,0.000006,1.710660,0.000000,0.000000,0.000000,0.000000,0.000000,0.000000
1778443104.219970,sequential_ik_elbow_then_wrist,1,0,-0.193594,0.223837,-0.049176,-0.260358,0.195951,0.241968,-0.112329,-0.268072,0.074293,-0.145691,-0.124157,0.335397,0.000115,0.004230,0.007170,0.065021,0.000001,0.007591,0.000738,0.087107,0.000000,0.000000,0.000000,0.811483,-0.133256,-0.000003,1.743013,-0.463974,0.208951,0.000005,1.719265,0.000000,0.000000,0.000000,0.000000,0.000000,0.000000
1778443104.275256,sequential_ik_elbow_then_wrist,1,0,-0.204137,0.206074,-0.076560,-0.268891,0.178097,0.215029,-0.112352,-0.270541,0.064689,-0.145701,-0.141099,0.333264,0.000161,0.005166,0.008482,0.071550,0.000010,0.006618,0.002118,0.081335,0.000000,0.000000,0.000000,0.801041,-0.157099,-0.000003,1.732959,-0.447322,0.212643,0.000003,1.721996,0.000000,0.000000,0.000000,0.000000,0.000000,0.000000
1778443104.337345,sequential_ik_elbow_then_wrist,1,0,-0.154520,0.212149,-0.145314,-0.226563,0.185398,0.144676,-0.115191,-0.275543,0.028406,-0.147332,-0.168385,0.306766,0.001008,0.005291,0.021637,0.070142,0.000179,0.005352,0.008899,0.073134,0.000000,0.000000,0.000000,0.769724,-0.225819,-0.000002,1.771527,-0.434919,0.191487,0.000003,1.728238,0.000000,0.000000,0.000000,0.000000,0.000000,0.000000
1778443104.393282,sequential_ik_elbow_then_wrist,1,0,-0.163435,0.177369,-0.178407,-0.257806,0.143650,0.104359,-0.131773,-0.268075,-0.027775,-0.165383,-0.187159,0.259144,0.000462,0.010906,0.014708,0.103714,0.000544,0.005331,0.015541,0.072754,0.000000,0.000000,0.000000,0.757389,-0.313886,-0.000002,1.830153,-0.436799,0.135244,0.000002,1.747775,0.000000,0.000000,0.000000,0.000000,0.000000,0.000000
1778443104.452556,sequential_ik_elbow_then_wrist,0,0,-0.134252,0.114590,-0.242581,-0.354691,0.118904,-0.446022,-0.160475,-0.200715,-0.154794,-0.445829,-0.171832,-0.066824,0.001541,0.078491,0.027631,0.253479,0.003263,0.111190,0.038988,0.330446,0.000000,0.000000,0.000000,0.764635,-0.445624,-0.753601,1.588327,-0.477331,0.000263,0.000002,1.655395,0.000000,0.000000,0.000000,0.000000,0.000000,0.000000
1778443104.516701,sequential_ik_elbow_then_wrist,0,0,-0.111890,0.114985,-0.253494,-0.337952,0.111248,-0.450678,-0.133262,-0.158380,-0.217156,-0.413975,-0.163066,-0.322883,0.000223,0.036943,0.010000,0.182511,0.001664,0.088472,0.027718,0.285753,0.000000,0.000000,0.000000,0.768676,-0.572343,-1.326337,1.259877,-0.521023,-0.172978,0.753601,1.387022,0.000000,0.000000,0.000000,0.000000,0.000000,0.000000
1778443104.575512,sequential_ik_elbow_then_wrist,0,0,-0.089660,0.116676,-0.261434,-0.294042,0.110342,-0.480951,-0.101812,-0.143455,-0.243012,-0.377421,-0.159782,-0.360371,0.000251,0.022756,0.013766,0.150074,0.000550,0.058678,0.015853,0.237092,0.000000,0.000000,0.000000,0.761826,-0.684664,-1.761616,0.973529,-0.549647,-0.345845,1.326337,1.063891,0.000000,0.000000,0.000000,0.000000,0.000000,0.000000
1778443104.632777,sequential_ik_elbow_then_wrist,0,0,-0.088634,0.114714,-0.262649,-0.303547,0.134213,-0.471053,-0.160137,-0.143172,-0.209423,-0.450953,-0.150665,-0.136141,0.000082,0.021998,0.008445,0.147664,0.000694,0.117413,0.022483,0.341810,0.000000,0.000000,0.000000,0.750539,-0.775027,-2.092428,0.722507,-0.596407,-0.455746,1.761616,0.760557,0.000000,0.000000,0.000000,0.000000,0.000000,0.000000
1778443104.693021,sequential_ik_elbow_then_wrist,0,0,-0.105452,0.117724,-0.254992,-0.394626,0.117205,-0.334853,-0.189662,-0.138673,-0.186543,-0.476258,-0.150744,-0.098694,0.000025,0.068710,0.003513,0.261816,0.000681,0.097829,0.021279,0.312776,0.000000,0.000000,0.000000,0.743231,-0.835336,-2.343845,0.501105,-0.659259,-0.515379,2.092428,0.530023,0.000000,0.000000,0.000000,0.000000,0.000000,0.000000
1778443104.754329,sequential_ik_elbow_then_wrist,0,0,-0.116955,0.111048,-0.252962,-0.407267,0.110413,-0.328582,-0.184922,-0.137430,-0.192137,-0.461374,-0.155276,-0.077002,0.000106,0.069651,0.009639,0.263914,0.000068,0.095339,0.006965,0.308770,0.000000,0.000000,0.000000,0.745416,-0.877100,-2.534923,0.332840,-0.717416,-0.559097,2.343845,0.354818,0.000000,0.000000,0.000000,0.000000,0.000000,0.000000
1778443104.807518,sequential_ik_elbow_then_wrist,0,0,-0.135795,0.111098,-0.243345,-0.430155,0.156351,-0.279456,-0.193622,-0.148627,-0.174415,-0.464047,-0.211463,-0.060742,0.000268,0.065617,0.014779,0.256159,0.000066,0.074241,0.005463,0.272473,0.000000,0.000000,0.000000,0.759629,-0.897565,-2.680141,0.204958,-0.763787,-0.578055,2.534923,0.221662,0.000000,0.000000,0.000000,0.000000,0.000000,0.000000
1778443104.888907,sequential_ik_elbow_then_wrist,0,0,-0.118051,0.125513,-0.245582,-0.394888,0.145069,-0.359507,-0.103282,-0.137993,-0.245542,-0.380965,-0.188139,-0.347412,0.000031,0.040009,0.005187,0.200022,0.001902,0.024425,0.033438,0.156284,0.000000,0.000000,0.000000,0.765681,-0.912548,-2.790507,0.107768,-0.769813,-0.652981,2.680141,0.120463,0.000000,0.000000,0.000000,0.000000,0.000000,0.000000
1778443104.935046,sequential_ik_elbow_then_wrist,0,0,-0.116915,0.126961,-0.245381,-0.398892,0.116520,-0.347261,-0.067049,-0.154840,-0.248050,-0.315050,-0.201987,-0.410139,0.000020,0.054152,0.004221,0.232705,0.001807,0.020876,0.039028,0.144485,0.000000,0.000000,0.000000,0.766398,-0.923570,-2.874386,0.033904,-0.738491,-0.728558,2.790507,0.043552,0.000000,0.000000,0.000000,0.000000,0.000000,0.000000
1778443105.006760,sequential_ik_elbow_then_wrist,0,0,-0.117512,0.124348,-0.246431,-0.360835,0.098673,-0.420025,-0.052960,-0.161299,-0.247342,-0.276966,-0.199688,-0.443167,0.000002,0.042096,0.001251,0.205064,0.001282,0.024007,0.033606,0.154555,0.000000,0.000000,0.000000,0.765851,-0.932960,-2.938133,-0.006102,-0.685139,-0.788712,2.874386,0.011401,0.000000,0.000000,0.000000,0.000000,0.000000,0.000000
1778443105.054450,sequential_ik_elbow_then_wrist,0,0,-0.117346,0.124365,-0.246502,-0.362447,0.100835,-0.417885,-0.050068,-0.137523,-0.261879,-0.267572,-0.165155,-0.466643,0.000001,0.042267,0.000812,0.205587,0.000377,0.031510,0.017444,0.177361,0.000000,0.000000,0.000000,0.764704,-0.940402,-2.986581,-0.033887,-0.631629,-0.850255,2.938133,0.004517,0.000000,0.000000,0.000000,0.000000,0.000000,0.000000
1778443105.122097,sequential_ik_elbow_then_wrist,1,0,-0.118528,0.123923,-0.246159,-0.341619,0.109724,-0.446231,-0.038830,-0.137868,-0.263599,-0.241673,-0.167304,-0.482662,0.000000,0.032400,0.000243,0.179836,0.000394,0.027597,0.018853,0.166044,0.000000,0.000000,0.000000,0.764029,-0.945756,-3.023402,-0.036604,-0.577427,-0.903057,2.986581,0.011526,0.000000,0.000000,0.000000,0.000000,0.000000,0.000000
1778443105.173198,sequential_ik_elbow_then_wrist,0,0,-0.112407,0.126135,-0.247900,-0.322438,0.115400,-0.461844,-0.022335,-0.140076,-0.264348,-0.241511,-0.175273,-0.466148,0.000015,0.027138,0.003577,0.164618,0.000671,0.034541,0.024855,0.185845,0.000000,0.000000,0.000000,0.760350,-0.951677,-3.051385,-0.023788,-0.519017,-0.946206,3.023402,0.013209,0.000000,0.000000,0.000000,0.000000,0.000000,0.000000
1778443105.234320,sequential_ik_elbow_then_wrist,0,0,-0.095086,0.125219,-0.255497,-0.293871,0.156452,-0.478004,-0.139303,-0.169991,-0.204200,-0.387253,-0.215099,-0.041455,0.000140,0.015272,0.010595,0.123530,0.003064,0.091826,0.046636,0.283714,0.000000,0.000000,0.000000,0.749101,-0.965423,-3.072653,-0.022337,-0.515667,-0.920388,2.297785,0.269978,0.000000,0.000000,0.000000,0.000000,0.000000,0.000000
1778443105.294483,sequential_ik_elbow_then_wrist,0,0,-0.104750,0.119953,-0.254242,-0.316970,0.139916,-0.465344,-0.077077,-0.125768,-0.261231,-0.304965,-0.177784,-0.449277,0.000000,0.023315,0.000476,0.152646,0.000529,0.050286,0.015606,0.209999,0.000000,0.000000,0.000000,0.740920,-0.976288,-3.088816,-0.030296,-0.516949,-0.941146,2.499917,0.276349,0.000000,0.000000,0.000000,0.000000,0.000000,0.000000
1778443105.365933,sequential_ik_elbow_then_wrist,1,0,-0.097479,0.120462,-0.256879,-0.292569,0.119455,-0.484780,-0.035087,-0.114987,-0.274858,-0.204868,-0.142151,-0.520696,0.000017,0.022994,0.003735,0.151447,0.000699,0.015873,0.022805,0.125112,0.000000,0.000000,0.000000,0.731866,-0.987776,-3.101100,-0.018011,-0.504492,-0.986113,2.653537,0.245576,0.000000,0.000000,0.000000,0.000000,0.000000,0.000000
1778443105.411216,sequential_ik_elbow_then_wrist,1,0,-0.097721,0.117971,-0.257941,-0.293458,0.106655,-0.485007,-0.046272,-0.100310,-0.278921,-0.241700,-0.114069,-0.506118,0.000003,0.026286,0.001378,0.162098,0.000054,0.030629,0.005331,0.174695,0.000000,0.000000,0.000000,0.724072,-0.998495,-3.110436,-0.000967,-0.493425,-1.032377,2.770288,0.196957,0.000000,0.000000,0.000000,0.000000,0.000000,0.000000
1778443105.481188,sequential_ik_elbow_then_wrist,0,0,-0.098855,0.114467,-0.259085,-0.293289,0.085797,-0.485741,-0.045367,-0.093980,-0.281264,-0.244132,-0.099890,-0.505892,0.000003,0.030838,0.001486,0.175569,0.000015,0.033925,0.002622,0.184138,0.000000,0.000000,0.000000,0.719163,-1.008489,-3.117531,0.020842,-0.484644,-1.074319,2.859019,0.149765,0.000000,0.000000,0.000000,0.000000,0.000000,0.000000
1778443105.536030,sequential_ik_elbow_then_wrist,0,0,-0.096630,0.112818,-0.260643,-0.283329,0.072394,-0.491964,-0.052320,-0.080618,-0.284189,-0.263209,-0.100840,-0.496597,0.000002,0.031192,0.000988,0.176553,0.000113,0.039110,0.010003,0.197484,0.000000,0.000000,0.000000,0.715787,-1.018428,-3.122924,0.048342,-0.482357,-1.113463,2.926454,0.088688,0.000000,0.000000,0.000000,0.000000,0.000000,0.000000
1778443105.599763,sequential_ik_elbow_then_wrist,0,0,-0.098170,0.111823,-0.260496,-0.288396,0.071467,-0.488938,-0.055918,-0.075848,-0.284816,-0.277391,-0.097284,-0.486038,0.000003,0.032438,0.001571,0.180106,0.000174,0.043183,0.012936,0.207625,0.000000,0.000000,0.000000,0.714388,-1.026340,-3.127022,0.068822,-0.486131,-1.146356,2.977705,0.021488,0.000000,0.000000,0.000000,0.000000,0.000000,0.000000
1778443105.653502,sequential_ik_elbow_then_wrist,0,0,-0.099124,0.109178,-0.261256,-0.291642,0.069444,-0.487879,-0.059581,-0.078726,-0.283288,-0.283092,-0.104006,-0.481793,0.000009,0.033074,0.002785,0.181856,0.000164,0.041642,0.012566,0.204062,0.000000,0.000000,0.000000,0.715365,-1.033396,-3.130137,0.081022,-0.494406,-1.169089,3.016656,-0.031669,0.000000,0.000000,0.000000,0.000000,0.000000,0.000000
1778443105.725957,sequential_ik_elbow_then_wrist,0,0,-0.098351,0.108435,-0.261857,-0.294329,0.069071,-0.485560,-0.059085,-0.084305,-0.281783,-0.287040,-0.107713,-0.475402,0.000004,0.033527,0.001879,0.183092,0.000067,0.041229,0.007936,0.203049,0.000000,0.000000,0.000000,0.717456,-1.039745,-3.132504,0.085563,-0.504224,-1.182756,3.046259,-0.072068,0.000000,0.000000,0.000000,0.000000,0.000000,0.000000
1778443105.778491,sequential_ik_elbow_then_wrist,0,0,-0.098570,0.103350,-0.263823,-0.296476,0.073904,-0.487355,-0.061007,-0.084841,-0.281212,-0.288477,-0.112691,-0.474815,0.000018,0.031573,0.003906,0.177643,0.000062,0.039057,0.007682,0.197628,0.000000,0.000000,0.000000,0.721742,-1.047340,-3.134303,0.079383,-0.515252,-1.191288,3.068757,-0.102772,0.000000,0.000000,0.000000,0.000000,0.000000,0.000000
1778443105.853502,sequential_ik_elbow_then_wrist,0,0,-0.096854,0.095931,-0.267239,-0.297067,0.065546,-0.488579,-0.060743,-0.082533,-0.281955,-0.285734,-0.111687,-0.478243,0.000040,0.032384,0.005718,0.179919,0.000054,0.036761,0.007207,0.191731,0.000000,0.000000,0.000000,0.728674,-1.058313,-3.135670,0.066066,-0.526988,-1.198658,3.085855,-0.126107,0.000000,0.000000,0.000000,0.000000,0.000000,0.000000
1778443105.897189,sequential_ik_elbow_then_wrist,0,0,-0.097510,0.096124,-0.266931,-0.310380,0.065345,-0.476069,-0.060716,-0.085935,-0.280943,-0.288869,-0.115043,-0.473554,0.000019,0.035467,0.004165,0.188231,0.000021,0.036569,0.004487,0.191229,0.000000,0.000000,0.000000,0.736719,-1.067395,-3.136709,0.041538,-0.538004,-1.202553,3.098850,-0.143841,0.000000,0.000000,0.000000,0.000000,0.000000,0.000000
1778443105.964221,sequential_ik_elbow_then_wrist,0,0,-0.097771,0.093685,-0.267701,-0.311780,0.060598,-0.475320,-0.059473,-0.088729,-0.280339,-0.287827,-0.120133,-0.472350,0.000021,0.035892,0.004416,0.189434,0.000003,0.034915,0.001646,0.186856,0.000000,0.000000,0.000000,0.745733,-1.075521,-3.137499,0.016658,-0.547122,-1.204015,3.108726,-0.157319,0.000000,0.000000,0.000000,0.000000,0.000000,0.000000
1778443106.017623,sequential_ik_elbow_then_wrist,0,0,-0.095955,0.082149,-0.272111,-0.312823,0.041279,-0.475329,-0.053147,-0.078293,-0.284685,-0.275948,-0.115711,-0.482066,0.000089,0.039607,0.008750,0.198994,0.000021,0.031798,0.003272,0.178319,0.000000,0.000000,0.000000,0.757828,-1.088354,-3.138099,-0.009201,-0.554789,-1.212769,3.116232,-0.167563,0.000000,0.000000,0.000000,0.000000,0.000000,0.000000
1778443106.099286,sequential_ik_elbow_then_wrist,0,0,-0.091192,0.077286,-0.275156,-0.302689,0.036899,-0.484052,-0.040792,-0.074996,-0.287596,-0.243833,-0.109237,-0.505774,0.000058,0.036143,0.006994,0.190105,0.000057,0.023568,0.006696,0.153519,0.000000,0.000000,0.000000,0.770878,-1.104148,-3.138556,-0.032920,-0.558181,-1.227287,3.121936,-0.175348,0.000000,0.000000,0.000000,0.000000,0.000000,0.000000
1778443106.144744,sequential_ik_elbow_then_wrist,0,0,-0.088524,0.071789,-0.277506,-0.299112,0.033250,-0.487668,-0.039061,-0.078806,-0.286817,-0.236784,-0.110742,-0.510168,0.000059,0.034541,0.007232,0.185830,0.000072,0.022196,0.008364,0.148982,0.000000,0.000000,0.000000,0.784606,-1.121280,-3.138902,-0.057587,-0.557514,-1.238575,3.126271,-0.181264,0.000000,0.000000,0.000000,0.000000,0.000000,0.000000
1778443106.210329,sequential_ik_elbow_then_wrist,0,0,-0.087312,0.064284,-0.279722,-0.300138,0.031444,-0.488592,-0.039822,-0.081995,-0.285816,-0.234461,-0.115098,-0.511692,0.000102,0.033178,0.009673,0.182089,0.000070,0.021667,0.008214,0.147195,0.000000,0.000000,0.000000,0.799912,-1.139293,-3.139166,-0.087612,-0.553770,-1.245125,3.129566,-0.185761,0.000000,0.000000,0.000000,0.000000,0.000000,0.000000
1778443106.263991,sequential_ik_elbow_then_wrist,0,0,-0.083829,0.059549,-0.281827,-0.298443,0.022010,-0.488059,-0.038644,-0.085222,-0.285033,-0.231158,-0.123894,-0.511843,0.000090,0.033950,0.009089,0.184248,0.000092,0.020481,0.009401,0.143113,0.000000,0.000000,0.000000,0.815842,-1.157794,-3.139366,-0.114585,-0.547104,-1.248137,3.132070,-0.189178,0.000000,0.000000,0.000000,0.000000,0.000000,0.000000
1778443106.320690,sequential_ik_elbow_then_wrist,0,0,-0.131667,0.042022,-0.266267,-0.407809,-0.071166,-0.296829,-0.059060,-0.081554,-0.282596,-0.271433,-0.146426,-0.484312,0.001904,0.132661,0.041878,0.364227,0.000084,0.028187,0.008799,0.167891,0.000000,0.000000,0.000000,0.850709,-1.153161,-3.139518,-0.135085,-0.545756,-1.245269,3.133973,-0.191775,0.000000,0.000000,0.000000,0.000000,0.000000,0.000000
1778443106.378609,sequential_ik_elbow_then_wrist,0,0,-0.161515,0.028219,-0.251230,-0.426794,-0.102748,-0.201484,-0.069519,-0.073134,-0.282522,-0.291131,-0.135770,-0.474784,0.002699,0.161650,0.049203,0.402057,0.000354,0.033818,0.018505,0.183897,0.000000,0.000000,0.000000,0.910821,-1.127881,-3.139634,-0.150664,-0.552954,-1.242654,3.135420,-0.193749,0.000000,0.000000,0.000000,0.000000,0.000000,0.000000
1778443106.445326,sequential_ik_elbow_then_wrist,0,0,-0.174247,0.026982,-0.242714,-0.432342,-0.119275,-0.198038,-0.084865,-0.053193,-0.282787,-0.345792,-0.068374,-0.430051,0.001429,0.136007,0.035129,0.368791,0.001364,0.069426,0.036333,0.263489,0.000000,0.000000,0.000000,0.985449,-1.091708,-3.139722,-0.162505,-0.573952,-1.244379,3.136519,-0.195249,0.000000,0.000000,0.000000,0.000000,0.000000,0.000000
1778443106.504190,sequential_ik_elbow_then_wrist,0,0,-0.188962,0.020371,-0.232117,-0.434409,-0.130362,-0.148240,-0.114589,-0.047605,-0.273136,-0.400403,-0.036063,-0.363563,0.000866,0.135076,0.026672,0.367527,0.002916,0.102471,0.052794,0.320111,0.000000,0.000000,0.000000,1.067480,-1.048472,-3.139788,-0.171504,-0.614446,-1.233960,3.137354,-0.196390,0.000000,0.000000,0.000000,0.000000,0.000000,0.000000
1778443106.558912,sequential_ik_elbow_then_wrist,0,0,-0.148957,0.037685,-0.257666,-0.404219,-0.102008,-0.184679,-0.089744,-0.048551,-0.282115,-0.366978,-0.060218,-0.396155,0.000158,0.120038,0.008360,0.346465,0.000827,0.068650,0.028104,0.262012,0.000000,0.000000,0.000000,1.129459,-1.038101,-3.139839,-0.178343,-0.658240,-1.232833,3.137989,-0.197256,0.000000,0.000000,0.000000,0.000000,0.000000,0.000000
1778443106.627769,sequential_ik_elbow_then_wrist,0,0,-0.154216,0.043290,-0.253660,-0.418501,-0.096748,-0.230357,-0.099266,-0.052176,-0.278252,-0.362808,-0.072811,-0.420095,0.000010,0.097474,0.002955,0.312208,0.000737,0.049933,0.026532,0.223458,0.000000,0.000000,0.000000,1.174121,-1.030666,-3.139878,-0.183541,-0.704112,-1.226382,3.138472,-0.197915,0.000000,0.000000,0.000000,0.000000,0.000000,0.000000
1778443106.686218,sequential_ik_elbow_then_wrist,0,0,-0.156587,0.042115,-0.252402,-0.421599,-0.097154,-0.233095,-0.100747,-0.042319,-0.279391,-0.356586,-0.067345,-0.434052,0.000001,0.096058,0.000927,0.309933,0.000861,0.041216,0.028758,0.203017,0.000000,0.000000,0.000000,1.207415,-1.023653,-3.139907,-0.187491,-0.752837,-1.222554,3.138839,-0.198415,0.000000,0.000000,0.000000,0.000000,0.000000,0.000000
1778443106.755394,sequential_ik_elbow_then_wrist,0,0,-0.220785,0.017654,-0.202343,-0.441312,-0.148171,-0.084572,-0.170906,-0.039906,-0.243308,-0.468256,-0.015849,-0.211616,0.001179,0.140990,0.026503,0.375487,0.003436,0.122418,0.053871,0.349883,0.000000,0.000000,0.000000,1.254707,-0.970757,-3.139929,-0.190493,-0.824426,-1.176297,3.139117,-0.198795,0.000000,0.000000,0.000000,0.000000,0.000000,0.000000
1778443106.806525,sequential_ik_elbow_then_wrist,0,0,-0.225432,0.012990,-0.197513,-0.451090,-0.146244,-0.080367,-0.203077,-0.034916,-0.218038,-0.494468,0.000064,-0.155851,0.000229,0.115277,0.012243,0.339525,0.002239,0.100187,0.041721,0.316524,0.000000,0.000000,0.000000,1.305353,-0.915114,-3.139946,-0.192775,-0.917573,-1.104132,3.139329,-0.199085,0.000000,0.000000,0.000000,0.000000,0.000000,0.000000
1778443106.880434,sequential_ik_elbow_then_wrist,0,0,-0.221298,0.006645,-0.202443,-0.451981,-0.153392,-0.096739,-0.184591,-0.030835,-0.234468,-0.483815,-0.014518,-0.220363,0.000071,0.102000,0.007254,0.319375,0.000472,0.058572,0.019808,0.242017,0.000000,0.000000,0.000000,1.353991,-0.873253,-3.139959,-0.194509,-1.009243,-1.054069,3.139490,-0.199304,0.000000,0.000000,0.000000,0.000000,0.000000,0.000000
1778443106.929013,sequential_ik_elbow_then_wrist,0,0,-0.216123,0.006261,-0.207970,-0.451791,-0.145714,-0.101367,-0.152356,-0.025516,-0.257170,-0.427162,-0.015607,-0.377102,0.000021,0.098248,0.003711,0.313446,0.000316,0.017508,0.013865,0.132319,0.000000,0.000000,0.000000,1.395428,-0.846137,-3.139969,-0.195827,-1.088091,-1.041123,3.139613,-0.199471,0.000000,0.000000,0.000000,0.000000,0.000000,0.000000
1778443106.988458,sequential_ik_elbow_then_wrist,0,0,-0.221789,0.042818,-0.197425,-0.459688,-0.094595,-0.076919,-0.151601,-0.042362,-0.255387,-0.441851,-0.049167,-0.330942,0.000291,0.100102,0.014554,0.316389,0.000022,0.029607,0.004230,0.172068,0.000000,0.000000,0.000000,1.406873,-0.818124,-3.139976,-0.196828,-1.144705,-1.034711,3.139706,-0.199598,0.000000,0.000000,0.000000,0.000000,0.000000,0.000000
1778443107.053970,sequential_ik_elbow_then_wrist,0,0,-0.217962,0.055696,-0.198471,-0.468664,-0.049866,-0.071959,-0.167899,-0.116143,-0.219819,-0.459635,-0.127134,-0.150759,0.000188,0.098128,0.011779,0.313253,0.002204,0.079042,0.041823,0.281143,0.000000,0.000000,0.000000,1.398727,-0.795881,-3.139982,-0.197589,-1.148165,-0.997397,3.139776,-0.199695,0.000000,0.000000,0.000000,0.000000,0.000000,0.000000
1778443107.111887,sequential_ik_elbow_then_wrist,0,0,-0.223024,0.066106,-0.189448,-0.456216,-0.035506,-0.030400,-0.183697,-0.133486,-0.196053,-0.456261,-0.178238,-0.078979,0.000121,0.055647,0.009064,0.211922,0.000928,0.086972,0.025078,0.294910,0.000000,0.000000,0.000000,1.379711,-0.771340,-2.386386,0.050509,-1.122126,-0.939058,3.139830,-0.199768,0.000000,0.000000,0.000000,0.000000,0.000000,0.000000
1778443107.171423,sequential_ik_elbow_then_wrist,1,0,-0.209158,0.052923,-0.208452,-0.437444,-0.004429,-0.022452,-0.185150,-0.127066,-0.198931,-0.439178,-0.172488,-0.045938,0.000059,0.017907,0.005131,0.125025,0.000072,0.036592,0.007116,0.159175,0.000000,0.000000,0.000000,1.365724,-0.766489,-1.813654,0.353562,-1.092739,-0.889371,2.386271,0.054789,0.000000,0.000000,0.000000,0.000000,0.000000,0.000000
1778443107.230951,sequential_ik_elbow_then_wrist,1,0,-0.220024,0.046627,-0.198533,-0.422911,0.005836,0.018661,-0.207865,-0.112634,-0.184678,-0.432920,-0.149183,0.010294,0.000029,0.008855,0.004369,0.091772,0.000120,0.011275,0.008517,0.097092,0.000000,0.000000,0.000000,1.360640,-0.757659,-1.378377,0.633802,-1.081135,-0.838947,1.813566,0.351435,0.000000,0.000000,0.000000,0.000000,0.000000,0.000000
1778443107.297991,sequential_ik_elbow_then_wrist,1,0,-0.241951,0.045011,-0.171563,-0.414009,0.003897,0.070730,-0.228952,-0.101828,-0.164961,-0.441336,-0.138332,0.043751,0.000178,0.006253,0.009205,0.078694,0.000244,0.005143,0.011883,0.071208,0.000000,0.000000,0.000000,1.363098,-0.728603,-1.047566,0.865421,-1.088858,-0.782826,1.378310,0.597247,0.000000,0.000000,0.000000,0.000000,0.000000,0.000000
1778443107.347919,sequential_ik_elbow_then_wrist,1,0,-0.232940,0.071527,-0.174993,-0.457131,0.051577,0.023351,-0.247112,-0.090168,-0.144241,-0.482720,-0.138104,0.035178,0.000119,0.005265,0.008917,0.070623,0.000252,0.003232,0.011706,0.054874,0.000000,0.000000,0.000000,1.350170,-0.704100,-0.796150,1.001443,-1.112133,-0.721151,1.047516,0.748425,0.000000,0.000000,0.000000,0.000000,0.000000,0.000000
1778443107.417320,sequential_ik_elbow_then_wrist,1,0,-0.239107,0.105287,-0.147453,-0.441152,0.101788,0.074280,-0.264059,-0.044655,-0.135198,-0.506391,-0.068570,0.040026,0.000418,0.003834,0.015493,0.061902,0.000587,0.002741,0.018536,0.051680,0.000000,0.000000,0.000000,1.315799,-0.664917,-0.605074,1.101645,-1.165852,-0.663970,0.796112,0.843164,0.000000,0.000000,0.000000,0.000000,0.000000,0.000000
1778443107.469872,sequential_ik_elbow_then_wrist,1,0,-0.193357,0.093610,-0.209405,-0.427096,0.179937,-0.376478,-0.249463,-0.074141,-0.149236,-0.501636,-0.095669,0.011841,0.000662,0.026193,0.017787,0.119364,0.000049,0.001875,0.005176,0.043048,0.000000,0.000000,0.000000,1.277637,-0.678102,-1.213456,0.915492,-1.197847,-0.627531,0.605045,0.904039,0.000000,0.000000,0.000000,0.000000,0.000000,0.000000
1778443107.532088,sequential_ik_elbow_then_wrist,1,0,-0.141832,0.068636,-0.255289,-0.350460,0.147092,-0.456086,-0.235706,-0.093552,-0.160283,-0.488820,-0.130009,-0.003427,0.000964,0.002558,0.020850,0.035196,0.000160,0.001783,0.009683,0.042215,0.000000,0.000000,0.000000,1.245066,-0.743204,-1.675827,0.686834,-1.205233,-0.609498,0.459834,0.952137,0.000000,0.000000,0.000000,0.000000,0.000000,0.000000
1778443107.600866,sequential_ik_elbow_then_wrist,1,0,-0.125731,0.087993,-0.257777,-0.368722,0.134842,-0.427366,-0.221536,-0.108081,-0.170998,-0.464932,-0.146475,0.000128,0.000449,0.006199,0.019045,0.077036,0.000179,0.003044,0.010426,0.054534,0.000000,0.000000,0.000000,1.205132,-0.809074,-2.027228,0.473994,-1.193549,-0.605960,0.349474,1.008784,0.000000,0.000000,0.000000,0.000000,0.000000,0.000000
1778443107.650745,sequential_ik_elbow_then_wrist,1,0,-0.122317,0.091195,-0.258306,-0.336746,0.112164,-0.467066,-0.200533,-0.118927,-0.188793,-0.443667,-0.156199,-0.017047,0.000258,0.006250,0.015182,0.079055,0.000254,0.005323,0.012422,0.072515,0.000000,0.000000,0.000000,1.162957,-0.863300,-2.294294,0.312235,-1.166924,-0.619373,0.265600,1.071088,0.000000,0.000000,0.000000,0.000000,0.000000,0.000000
1778443107.708552,sequential_ik_elbow_then_wrist,1,0,-0.117916,0.089850,-0.260812,-0.340748,0.100946,-0.461368,-0.183581,-0.134344,-0.195575,-0.428658,-0.179282,-0.028489,0.000139,0.010862,0.011173,0.104219,0.000277,0.007042,0.013801,0.083805,0.000000,0.000000,0.000000,1.122548,-0.908307,-2.497263,0.189299,-1.126408,-0.638817,0.201856,1.128957,0.000000,0.000000,0.000000,0.000000,0.000000,0.000000
1778443107.770439,sequential_ik_elbow_then_wrist,0,0,-0.123296,0.100945,-0.254182,-0.363980,0.103175,-0.433252,-0.102986,-0.112439,-0.258363,-0.354782,-0.129998,-0.420507,0.000163,0.017525,0.011825,0.132382,0.001908,0.045874,0.033260,0.188055,0.000000,0.000000,0.000000,1.082803,-0.935410,-2.651520,0.095867,-1.071519,-0.717141,0.907011,0.926901,0.000000,0.000000,0.000000,0.000000,0.000000,0.000000
1778443107.830671,sequential_ik_elbow_then_wrist,0,0,-0.093914,0.104008,-0.265259,-0.323369,0.185640,-0.440435,-0.142191,-0.133265,-0.228084,-0.365063,-0.143293,-0.027516,0.000569,0.007482,0.022287,0.086499,0.000194,0.178109,0.011003,0.419210,0.000000,0.000000,0.000000,1.036746,-0.968955,-2.768755,0.024859,-1.021075,-0.758045,1.442928,0.656445,0.000000,0.000000,0.000000,0.000000,0.000000,0.000000
1778443107.908363,sequential_ik_elbow_then_wrist,0,0,-0.148070,0.071153,-0.251023,-0.427589,0.030865,-0.149798,-0.154925,-0.133088,-0.219740,-0.393150,-0.129449,-0.037434,0.000750,0.151493,0.025496,0.389221,0.000046,0.160848,0.004506,0.401059,0.000000,0.000000,0.000000,1.021063,-0.980308,-2.857854,-0.029107,-0.982706,-0.776984,1.850225,0.450898,0.000000,0.000000,0.000000,0.000000,0.000000,0.000000
1778443107.955764,sequential_ik_elbow_then_wrist,0,0,-0.158152,0.056681,-0.248547,-0.418133,-0.014596,-0.116905,-0.157953,-0.119983,-0.225066,-0.410132,-0.099610,-0.063850,0.000830,0.167543,0.027106,0.409321,0.000047,0.152398,0.006118,0.390382,0.000000,0.000000,0.000000,1.031783,-0.983158,-2.925569,-0.070121,-0.960592,-0.793567,2.159771,0.294683,0.000000,0.000000,0.000000,0.000000,0.000000,0.000000
1778443108.014610,sequential_ik_elbow_then_wrist,0,0,-0.169801,0.055198,-0.241082,-0.429783,-0.034226,-0.121028,-0.128155,-0.144453,-0.229585,-0.399420,-0.137104,-0.101674,0.000505,0.151567,0.020679,0.389316,0.000349,0.130744,0.016839,0.361586,0.000000,0.000000,0.000000,1.058454,-0.975302,-2.977032,-0.101292,-0.925065,-0.811431,2.395026,0.175959,0.000000,0.000000,0.000000,0.000000,0.000000,0.000000
1778443108.078280,sequential_ik_elbow_then_wrist,0,0,-0.183233,0.051868,-0.231809,-0.450560,-0.033251,-0.125548,-0.143190,-0.111903,-0.238693,-0.404414,-0.112570,-0.091174,0.000350,0.127937,0.016728,0.357683,0.000140,0.149924,0.010272,0.387200,0.000000,0.000000,0.000000,1.094981,-0.957391,-3.016145,-0.124982,-0.908095,-0.834836,2.573820,0.085729,0.000000,0.000000,0.000000,0.000000,0.000000,0.000000
1778443108.145875,sequential_ik_elbow_then_wrist,0,0,-0.184304,0.053356,-0.230619,-0.451477,-0.047911,-0.139169,-0.155095,-0.103050,-0.235215,-0.417938,-0.105737,-0.090625,0.000085,0.115402,0.008277,0.339709,0.000215,0.145313,0.013475,0.381200,0.000000,0.000000,0.000000,1.131402,-0.939503,-3.045870,-0.142986,-0.909034,-0.851554,2.709703,0.017154,0.000000,0.000000,0.000000,0.000000,0.000000,0.000000
1778443108.206169,sequential_ik_elbow_then_wrist,0,0,-0.193185,0.043667,-0.225328,-0.451026,-0.072848,-0.125620,-0.166014,-0.087439,-0.234080,-0.431035,-0.085961,-0.093503,0.000145,0.118697,0.010739,0.344525,0.000386,0.139296,0.018045,0.373224,0.000000,0.000000,0.000000,1.170798,-0.919992,-3.068461,-0.156670,-0.928427,-0.863182,2.812974,-0.034963,0.000000,0.000000,0.000000,0.000000,0.000000,0.000000
1778443108.260121,sequential_ik_elbow_then_wrist,0,0,-0.188411,0.053465,-0.227251,-0.442703,-0.031395,-0.092588,-0.168133,-0.090815,-0.231266,-0.428187,-0.086276,-0.081762,0.000000,0.124355,0.000155,0.352640,0.000098,0.137567,0.008975,0.370901,0.000000,0.000000,0.000000,1.200595,-0.905399,-3.085630,-0.167069,-0.952600,-0.868519,2.891461,-0.074572,0.000000,0.000000,0.000000,0.000000,0.000000,0.000000
1778443108.319432,sequential_ik_elbow_then_wrist,0,0,-0.127717,0.049329,-0.266936,-0.393307,-0.053088,-0.172211,-0.161839,-0.085010,-0.237869,-0.435891,-0.081310,-0.115879,0.000689,0.125392,0.018492,0.354107,0.000051,0.120843,0.006278,0.347625,0.000000,0.000000,0.000000,1.216033,-0.938438,-3.098679,-0.174972,-0.977098,-0.878224,2.951110,-0.104675,0.000000,0.000000,0.000000,0.000000,0.000000,0.000000
1778443108.383201,sequential_ik_elbow_then_wrist,0,0,-0.168097,0.045282,-0.244321,-0.384584,-0.118162,-0.116182,-0.155956,-0.060333,-0.249074,-0.429209,-0.056546,-0.125306,0.000113,0.168584,0.007776,0.410590,0.000310,0.128310,0.015647,0.358204,0.000000,0.000000,0.000000,1.231704,-0.946686,-3.108596,-0.180979,-1.009596,-0.899147,2.996444,-0.127553,0.000000,0.000000,0.000000,0.000000,0.000000,0.000000
1778443108.438197,sequential_ik_elbow_then_wrist,0,0,-0.179752,0.036098,-0.237458,-0.404135,-0.109317,-0.101417,-0.200712,-0.045585,-0.218259,-0.459001,-0.035869,-0.065968,0.000145,0.158512,0.010494,0.398135,0.000997,0.047912,0.027316,0.186117,0.000000,0.000000,0.000000,1.252887,-0.942136,-3.116133,-0.185544,-1.061369,-0.888415,2.277297,0.131550,0.000000,0.000000,0.000000,0.000000,0.000000,0.000000
1778443108.498852,sequential_ik_elbow_then_wrist,0,0,-0.217412,0.023319,-0.205398,-0.442054,-0.119143,-0.066689,-0.221625,-0.019626,-0.201240,-0.476322,0.002689,-0.044296,0.000603,0.139629,0.019300,0.373669,0.001027,0.011663,0.027520,0.103551,0.000000,0.000000,0.000000,1.287047,-0.907001,-3.121861,-0.189013,-1.134245,-0.859493,1.730746,0.402052,0.000000,0.000000,0.000000,0.000000,0.000000,0.000000
1778443108.561300,sequential_ik_elbow_then_wrist,0,0,-0.218328,0.023081,-0.204451,-0.446933,-0.119001,-0.071965,-0.230010,-0.025194,-0.190947,-0.479443,-0.007873,-0.025166,0.000086,0.120724,0.007642,0.347454,0.000184,0.004075,0.010804,0.063707,0.000000,0.000000,0.000000,1.322276,-0.871888,-3.126214,-0.191650,-1.203145,-0.823241,1.315367,0.617287,0.000000,0.000000,0.000000,0.000000,0.000000,0.000000
1778443108.616421,sequential_ik_elbow_then_wrist,0,0,-0.217306,0.017753,-0.206065,-0.446023,-0.114642,-0.064078,-0.230805,-0.031843,-0.188984,-0.478961,-0.008818,-0.021985,0.000039,0.118409,0.005422,0.344105,0.000010,0.003509,0.002188,0.059232,0.000000,0.000000,0.000000,1.356395,-0.844608,-3.129523,-0.193654,-1.257276,-0.790703,0.999679,0.779722,0.000000,0.000000,0.000000,0.000000,0.000000,0.000000
1778443108.681418,sequential_ik_elbow_then_wrist,0,0,-0.214237,0.018606,-0.209180,-0.447965,-0.106330,-0.068602,-0.227139,-0.032291,-0.193300,-0.472929,-0.014437,-0.022219,0.000007,0.114054,0.002135,0.337718,0.000002,0.002784,0.000861,0.052741,0.000000,0.000000,0.000000,1.384907,-0.826354,-3.132037,-0.195177,-1.298542,-0.768285,0.759756,0.906900,0.000000,0.000000,0.000000,0.000000,0.000000,0.000000
1778443108.742362,sequential_ik_elbow_then_wrist,0,0,-0.202486,0.024485,-0.220000,-0.427396,-0.082301,-0.052632,-0.226356,-0.023081,-0.195526,-0.464232,0.003426,-0.014660,0.000039,0.131220,0.004474,0.362244,0.000021,0.003450,0.003874,0.058576,0.000000,0.000000,0.000000,1.403512,-0.822609,-3.133948,-0.196335,-1.335509,-0.753604,0.577414,1.014066,0.000000,0.000000,0.000000,0.000000,0.000000,0.000000
1778443108.808977,sequential_ik_elbow_then_wrist,0,0,-0.194949,0.023700,-0.226789,-0.404973,-0.103392,-0.054343,-0.220045,-0.030124,-0.201675,-0.463499,0.010394,-0.031122,0.000025,0.147762,0.003424,0.384399,0.000014,0.004965,0.002677,0.070461,0.000000,0.000000,0.000000,1.416170,-0.828349,-3.135401,-0.197214,-1.361164,-0.748029,0.438835,1.095645,0.000000,0.000000,0.000000,0.000000,0.000000,0.000000
1778443108.854151,sequential_ik_elbow_then_wrist,0,0,-0.180544,0.032792,-0.237336,-0.393668,-0.078095,-0.057663,-0.223062,-0.034309,-0.197652,-0.464394,0.012945,-0.025820,0.000099,0.156071,0.007981,0.395059,0.000009,0.006300,0.002445,0.079371,0.000000,0.000000,0.000000,1.418763,-0.845036,-3.136505,-0.197883,-1.377318,-0.741747,0.333515,1.158667,0.000000,0.000000,0.000000,0.000000,0.000000,0.000000
1778443108.921017,sequential_ik_elbow_then_wrist,0,0,-0.174378,0.028549,-0.242440,-0.375247,-0.078894,-0.047228,-0.206074,-0.070893,-0.206174,-0.440830,-0.009248,-0.029851,0.000024,0.175103,0.003507,0.418453,0.000458,0.010570,0.018399,0.102603,0.000000,0.000000,0.000000,1.418865,-0.865702,-3.137344,-0.198391,-1.364361,-0.744215,0.253471,1.222240,0.000000,0.000000,0.000000,0.000000,0.000000,0.000000
1778443108.972983,sequential_ik_elbow_then_wrist,0,0,-0.166646,0.018650,-0.248760,-0.357513,-0.057530,-0.030204,-0.193982,-0.088752,-0.210936,-0.416661,-0.042165,-0.015375,0.000042,0.074927,0.005193,0.241408,0.000422,0.011222,0.017877,0.105385,0.000000,0.000000,0.000000,1.422714,-0.890056,-2.384381,0.110897,-1.330959,-0.751814,0.192638,1.296418,0.000000,0.000000,0.000000,0.000000,0.000000,0.000000
1778443109.033895,sequential_ik_elbow_then_wrist,1,0,-0.159726,0.027080,-0.252496,-0.366489,-0.024217,-0.041266,-0.171599,-0.086083,-0.230529,-0.371726,-0.015371,-0.018518,0.000024,0.011973,0.003988,0.094829,0.000282,0.020012,0.013656,0.140146,0.000000,0.000000,0.000000,1.422802,-0.914727,-1.812130,0.476978,-1.291712,-0.776463,0.146405,1.399012,0.000000,0.000000,0.000000,0.000000,0.000000,0.000000
1778443109.107068,sequential_ik_elbow_then_wrist,1,0,-0.190811,0.033384,-0.229078,-0.344631,-0.063241,0.009675,-0.186247,-0.090753,-0.216970,-0.308287,-0.024674,0.049000,0.000173,0.014965,0.008950,0.120187,0.000055,0.012894,0.006003,0.110324,0.000000,0.000000,0.000000,1.420137,-0.910549,-1.377219,0.809951,-1.255773,-0.786724,0.111268,1.541502,0.000000,0.000000,0.000000,0.000000,0.000000,0.000000
1778443109.172262,sequential_ik_elbow_then_wrist,1,0,-0.172398,0.069269,-0.235544,-0.347412,0.031792,0.005216,-0.200212,-0.091253,-0.203931,-0.350581,-0.020480,0.045829,0.000629,0.003475,0.023044,0.058900,0.000055,0.016718,0.004929,0.129192,0.000000,0.000000,0.000000,1.394424,-0.909500,-1.046686,1.068528,-1.228613,-0.781240,0.084563,1.637139,0.000000,0.000000,0.000000,0.000000,0.000000,0.000000
1778443109.218631,sequential_ik_elbow_then_wrist,1,0,-0.196940,0.046850,-0.221404,-0.338573,-0.086613,0.006911,-0.198362,-0.056143,-0.217946,-0.369632,-0.060522,0.028322,0.000069,0.029732,0.005801,0.172301,0.000315,0.005110,0.015378,0.070616,0.000000,0.000000,0.000000,1.377715,-0.894639,-0.795481,1.281121,-1.227032,-0.786629,0.064268,1.683144,0.000000,0.000000,0.000000,0.000000,0.000000,0.000000
1778443109.293997,sequential_ik_elbow_then_wrist,0,0,-0.234002,0.034453,-0.184543,-0.336223,-0.071293,0.076931,-0.099239,-0.023095,-0.282167,-0.196259,0.208524,-0.446301,0.000497,0.017858,0.016183,0.133632,0.002002,0.107475,0.030681,0.319770,0.000000,0.000000,0.000000,1.378950,-0.849304,-0.604566,1.443903,-1.232768,-0.868571,0.802444,1.544672,0.000000,0.000000,0.000000,0.000000,0.000000,0.000000
1778443109.344662,sequential_ik_elbow_then_wrist,0,0,-0.162648,0.019506,-0.251327,-0.368855,-0.028067,-0.463967,-0.093920,-0.000492,-0.284919,-0.253380,0.038434,-0.536031,0.000935,0.062397,0.020853,0.212018,0.000818,0.029188,0.026143,0.143943,0.000000,0.000000,0.000000,1.386864,-0.868052,-1.213070,1.250617,-1.249227,-0.955963,1.363457,1.218569,0.000000,0.000000,0.000000,0.000000,0.000000,0.000000
1778443109.408910,sequential_ik_elbow_then_wrist,1,0,-0.132842,0.025824,-0.267743,-0.326598,-0.009274,-0.494076,-0.077083,-0.003864,-0.289902,-0.250724,-0.026134,-0.533527,0.000339,0.010746,0.012456,0.085527,0.000303,0.004239,0.016000,0.052442,0.000000,0.000000,0.000000,1.390439,-0.914767,-1.675533,0.963145,-1.267485,-1.037736,1.789828,0.878112,0.000000,0.000000,0.000000,0.000000,0.000000,0.000000
1778443109.469653,sequential_ik_elbow_then_wrist,1,0,-0.068454,0.061212,-0.285600,-0.298749,0.001130,-0.468232,-0.089540,-0.020645,-0.285581,-0.295199,-0.040620,-0.503079,0.002376,0.013493,0.044478,0.113374,0.000017,0.007017,0.002966,0.083770,0.000000,0.000000,0.000000,1.371861,-0.993139,-2.027005,0.683990,-1.281942,-1.093009,2.113869,0.619365,0.000000,0.000000,0.000000,0.000000,0.000000,0.000000
1778443109.532631,sequential_ik_elbow_then_wrist,1,0,-0.040536,0.092171,-0.282597,-0.184973,0.049463,-0.542047,-0.057805,-0.012771,-0.294101,-0.212762,-0.066157,-0.545375,0.005384,0.000967,0.072238,0.030978,0.000118,0.001717,0.007292,0.041439,0.000000,0.000000,0.000000,1.331915,-1.069607,-2.294124,0.478201,-1.293378,-1.154295,2.360140,0.422718,0.000000,0.000000,0.000000,0.000000,0.000000,0.000000
1778443109.580532,sequential_ik_elbow_then_wrist,1,0,-0.055179,0.092514,-0.279994,-0.211526,0.048075,-0.532146,-0.054318,-0.011789,-0.294806,-0.192182,-0.075619,-0.553494,0.003617,0.003126,0.059365,0.055910,0.000016,0.002067,0.002868,0.045469,0.000000,0.000000,0.000000,1.280062,-1.119196,-2.497134,0.321760,-1.302444,-1.207561,2.547307,0.273265,0.000000,0.000000,0.000000,0.000000,0.000000,0.000000
1778443109.645106,sequential_ik_elbow_then_wrist,1,0,-0.064257,0.093004,-0.277887,-0.257788,0.052839,-0.503569,-0.038505,-0.029110,-0.296091,-0.203562,-0.086001,-0.540058,0.002331,0.008954,0.047370,0.094591,0.000363,0.006639,0.018655,0.081478,0.000000,0.000000,0.000000,1.220719,-1.146691,-2.651422,0.196537,-1.305350,-1.256422,2.689553,0.159682,0.000000,0.000000,0.000000,0.000000,0.000000,0.000000
1778443109.705394,sequential_ik_elbow_then_wrist,1,0,-0.011472,0.094493,-0.284498,-0.094413,0.075634,-0.572188,-0.011378,-0.059857,-0.293748,-0.162365,-0.075781,-0.552493,0.005043,0.001092,0.069706,0.025509,0.003001,0.004523,0.054428,0.067250,0.000000,0.000000,0.000000,1.151259,-1.189169,-2.768681,0.151797,-1.299055,-1.305742,2.797660,0.073358,0.000000,0.000000,0.000000,0.000000,0.000000,0.000000
1778443109.777315,sequential_ik_elbow_then_wrist,1,0,-0.010049,0.092257,-0.285285,-0.140996,0.071236,-0.554378,-0.022455,-0.079112,-0.288508,-0.185699,-0.086980,-0.540082,0.004056,0.002218,0.063177,0.046661,0.004629,0.005282,0.067769,0.072674,0.000000,0.000000,0.000000,1.079469,-1.224720,-2.857797,0.102561,-1.283079,-1.334045,2.879822,0.007752,0.000000,0.000000,0.000000,0.000000,0.000000,0.000000
1778443109.830739,sequential_ik_elbow_then_wrist,0,0,-0.035397,0.067588,-0.290136,-0.296467,0.023204,-0.431106,-0.043861,-0.090436,-0.282661,-0.210573,-0.098886,-0.531932,0.000651,0.053032,0.025305,0.229819,0.004564,0.002589,0.066668,0.050878,0.000000,0.000000,0.000000,1.017193,-1.250114,-2.925526,0.029946,-1.254149,-1.335378,2.942265,-0.042108,0.000000,0.000000,0.000000,0.000000,0.000000,0.000000
1778443109.900792,sequential_ik_elbow_then_wrist,0,0,-0.089193,0.054828,-0.281138,-0.362227,0.009683,-0.396959,-0.054630,-0.089098,-0.281207,-0.251813,-0.108185,-0.506495,0.000459,0.076454,0.019429,0.276503,0.003001,0.004898,0.053947,0.069983,0.000000,0.000000,0.000000,0.976817,-1.248916,-2.977000,-0.025241,-1.213687,-1.322927,2.989721,-0.080002,0.000000,0.000000,0.000000,0.000000,0.000000,0.000000
1778443109.948342,sequential_ik_elbow_then_wrist,0,0,-0.176253,0.043494,-0.238837,-0.450470,-0.043597,-0.153866,-0.089635,-0.052848,-0.281376,-0.377560,-0.019580,-0.358789,0.004581,0.180939,0.061964,0.425369,0.000065,0.066872,0.006198,0.258596,0.000000,0.000000,0.000000,0.984577,-1.195163,-3.016120,-0.067183,-1.181159,-1.301136,3.025788,-0.108802,0.000000,0.000000,0.000000,0.000000,0.000000,0.000000
1778443110.005094,sequential_ik_elbow_then_wrist,0,0,-0.200243,0.027567,-0.221682,-0.447629,-0.103401,-0.113759,-0.149453,-0.064683,-0.251952,-0.447400,-0.037178,-0.273661,0.002963,0.165895,0.049286,0.407302,0.000685,0.078370,0.018783,0.279946,0.000000,0.000000,0.000000,1.036214,-1.122967,-3.045851,-0.099059,-1.162664,-1.241303,3.053199,-0.130689,0.000000,0.000000,0.000000,0.000000,0.000000,0.000000
1778443110.068413,sequential_ik_elbow_then_wrist,0,0,-0.204046,0.024180,-0.218588,-0.461742,-0.117369,-0.158954,-0.183613,-0.061887,-0.229033,-0.473945,-0.000350,-0.185206,0.000912,0.111065,0.026947,0.333265,0.000636,0.097159,0.020112,0.311703,0.000000,0.000000,0.000000,1.105413,-1.055009,-3.068447,-0.123285,-1.163299,-1.162440,3.074031,-0.147324,0.000000,0.000000,0.000000,0.000000,0.000000,0.000000
1778443110.131467,sequential_ik_elbow_then_wrist,0,0,-0.197119,0.033007,-0.223729,-0.461762,-0.100657,-0.177927,-0.186696,-0.059056,-0.227281,-0.478892,0.004280,-0.202573,0.000082,0.088279,0.008144,0.297117,0.000158,0.075960,0.010965,0.275609,0.000000,0.000000,0.000000,1.167506,-1.003837,-3.085620,-0.141697,-1.174917,-1.092895,3.089864,-0.159966,0.000000,0.000000,0.000000,0.000000,0.000000,0.000000
1778443110.192751,sequential_ik_elbow_then_wrist,0,0,-0.198629,0.023532,-0.223591,-0.454513,-0.128934,-0.187850,-0.203992,-0.064868,-0.210189,-0.493774,-0.002001,-0.164652,0.000100,0.087023,0.009003,0.294997,0.000134,0.073568,0.008453,0.271235,0.000000,0.000000,0.000000,1.225191,-0.964956,-3.098671,-0.155689,-1.190171,-1.022256,3.101896,-0.169574,0.000000,0.000000,0.000000,0.000000,0.000000,0.000000
1778443110.251736,sequential_ik_elbow_then_wrist,0,0,-0.218187,0.030974,-0.203556,-0.473890,-0.113842,-0.143192,-0.202523,-0.053965,-0.214645,-0.496770,-0.000547,-0.190878,0.000105,0.085436,0.006961,0.292295,0.000066,0.058186,0.007163,0.241218,0.000000,0.000000,0.000000,1.271893,-0.917634,-3.108590,-0.166324,-1.210819,-0.968436,3.111041,-0.176876,0.000000,0.000000,0.000000,0.000000,0.000000,0.000000
1778443110.313198,sequential_ik_elbow_then_wrist,0,0,-0.211244,0.039551,-0.209312,-0.471776,-0.101369,-0.161722,-0.162925,-0.058092,-0.245113,-0.456969,-0.036181,-0.300413,0.000015,0.076574,0.003357,0.276721,0.000294,0.031551,0.011851,0.177626,0.000000,0.000000,0.000000,1.302944,-0.882507,-3.116128,-0.174406,-1.221551,-0.956858,3.117991,-0.182426,0.000000,0.000000,0.000000,0.000000,0.000000,0.000000
1778443110.370312,sequential_ik_elbow_then_wrist,0,0,-0.203588,0.047248,-0.215220,-0.465977,-0.096556,-0.193488,-0.175079,-0.074538,-0.231930,-0.470531,-0.045814,-0.275327,0.000052,0.071053,0.006093,0.266558,0.000112,0.038464,0.009437,0.196121,0.000000,0.000000,0.000000,1.319126,-0.861202,-3.121858,-0.180549,-1.220235,-0.941474,3.123273,-0.186644,0.000000,0.000000,0.000000,0.000000,0.000000,0.000000
1778443110.434050,sequential_ik_elbow_then_wrist,0,0,-0.144350,0.066595,-0.254417,-0.391288,0.004382,-0.413009,-0.184778,-0.096061,-0.215939,-0.477919,-0.035629,-0.195533,0.001106,0.013605,0.026898,0.116639,0.000290,0.066239,0.014320,0.257369,0.000000,0.000000,0.000000,1.309598,-0.886533,-3.126212,-0.185217,-1.204168,-0.913588,3.127288,-0.189849,0.000000,0.000000,0.000000,0.000000,0.000000,0.000000
1778443110.494767,sequential_ik_elbow_then_wrist,0,0,-0.143285,0.065903,-0.255198,-0.398989,0.003010,-0.398935,-0.190712,-0.090060,-0.213349,-0.479878,-0.015059,-0.185809,0.000254,0.022301,0.014578,0.149335,0.000020,0.074297,0.003342,0.272576,0.000000,0.000000,0.000000,1.290405,-0.915586,-3.129521,-0.188765,-1.188981,-0.886089,3.130339,-0.192285,0.000000,0.000000,0.000000,0.000000,0.000000,0.000000
1778443110.559152,sequential_ik_elbow_then_wrist,0,0,-0.138816,0.059976,-0.259100,-0.389801,0.006081,-0.414349,-0.191954,-0.087229,-0.213412,-0.480400,-0.010648,-0.182853,0.000063,0.022165,0.007149,0.148880,0.000001,0.075811,0.000618,0.275338,0.000000,0.000000,0.000000,1.270514,-0.944235,-3.132036,-0.191461,-1.177867,-0.863791,3.132657,-0.194137,0.000000,0.000000,0.000000,0.000000,0.000000,0.000000
1778443110.613682,sequential_ik_elbow_then_wrist,0,0,-0.119641,0.067584,-0.266680,-0.353478,0.044905,-0.453243,-0.191537,-0.086815,-0.213955,-0.480239,-0.009776,-0.187193,0.000277,0.011794,0.015303,0.108602,0.000000,0.074271,0.000261,0.272528,0.000000,0.000000,0.000000,1.244946,-0.977671,-3.133947,-0.193511,-1.169746,-0.847002,3.134420,-0.195544,0.000000,0.000000,0.000000,0.000000,0.000000,0.000000
1778443110.675163,sequential_ik_elbow_then_wrist,0,0,-0.114031,0.070909,-0.268270,-0.362958,0.037630,-0.432368,-0.188373,-0.085196,-0.217387,-0.477312,-0.009794,-0.188593,0.000237,0.020747,0.014720,0.144038,0.000003,0.075307,0.001161,0.274422,0.000000,0.000000,0.000000,1.215828,-1.007922,-3.135400,-0.195068,-1.163826,-0.837324,3.135759,-0.196614,0.000000,0.000000,0.000000,0.000000,0.000000,0.000000
1778443110.722732,sequential_ik_elbow_then_wrist,1,0,-0.113625,0.085557,-0.264139,-0.362393,0.020317,-0.418599,-0.111174,-0.079438,-0.267077,-0.342187,-0.058098,-0.457281,0.000443,0.031041,0.020200,0.176183,0.001279,0.013252,0.026840,0.115112,0.000000,0.000000,0.000000,1.180163,-1.026940,-3.136504,-0.196252,-1.143844,-0.884563,3.136777,-0.194874,0.000000,0.000000,0.000000,0.000000,0.000000,0.000000
1778443110.797717,sequential_ik_elbow_then_wrist,1,0,-0.085750,0.095932,-0.271006,-0.300432,0.075605,-0.479568,-0.054400,-0.099790,-0.277638,-0.230139,-0.153619,-0.514741,0.001143,0.012048,0.032463,0.109765,0.003044,0.000212,0.051757,0.014515,0.000000,0.000000,0.000000,1.132838,-1.051665,-3.137343,-0.197151,-1.099118,-0.955580,3.137550,-0.196104,0.000000,0.000000,0.000000,0.000000,0.000000,0.000000
1778443110.848186,sequential_ik_elbow_then_wrist,1,0,-0.073882,0.091523,-0.275980,-0.280532,0.066393,-0.491999,-0.040032,-0.099810,-0.280063,-0.216795,-0.152662,-0.516625,0.000840,0.015439,0.027982,0.124253,0.002605,0.001330,0.049851,0.036474,0.000000,0.000000,0.000000,1.081224,-1.079715,-3.137981,-0.196222,-1.041882,-1.021899,3.138138,-0.197039,0.000000,0.000000,0.000000,0.000000,0.000000,0.000000
1778443110.916286,sequential_ik_elbow_then_wrist,1,0,-0.073112,0.102648,-0.272246,-0.286409,0.079792,-0.481966,-0.040230,-0.101310,-0.279495,-0.220184,-0.154046,-0.513665,0.000888,0.018786,0.028980,0.137061,0.001901,0.003108,0.042857,0.055750,0.000000,0.000000,0.000000,1.025763,-1.097530,-3.138465,-0.196057,-0.979222,-1.071969,3.138585,-0.197750,0.000000,0.000000,0.000000,0.000000,0.000000,0.000000
1778443110.967541,sequential_ik_elbow_then_wrist,1,0,-0.063949,0.110117,-0.271634,-0.278304,0.097541,-0.481142,-0.037936,-0.104466,-0.278653,-0.212311,-0.163476,-0.515532,0.001045,0.019462,0.031436,0.139499,0.001582,0.003565,0.039049,0.059710,0.000000,0.000000,0.000000,0.965588,-1.109764,-3.138834,-0.192439,-0.913670,-1.107435,3.138925,-0.198290,0.000000,0.000000,0.000000,0.000000,0.000000,0.000000
1778443111.036301,sequential_ik_elbow_then_wrist,1,0,-0.056863,0.109582,-0.273420,-0.270172,0.106777,-0.484350,-0.035147,-0.112132,-0.276027,-0.210388,-0.166452,-0.513388,0.000837,0.020937,0.028148,0.144688,0.001492,0.005719,0.037788,0.075624,0.000000,0.000000,0.000000,0.903869,-1.120922,-3.139114,-0.186071,-0.845447,-1.129017,3.139183,-0.197453,0.000000,0.000000,0.000000,0.000000,0.000000,0.000000
1778443111.092393,sequential_ik_elbow_then_wrist,1,0,-0.045542,0.109680,-0.275493,-0.248741,0.110400,-0.496195,-0.027013,-0.111643,-0.277139,-0.210760,-0.158154,-0.509677,0.000902,0.020201,0.029239,0.142060,0.001347,0.010260,0.035932,0.101259,0.000000,0.000000,0.000000,0.841002,-1.133246,-3.139326,-0.170532,-0.775713,-1.145651,3.139379,-0.190892,0.000000,0.000000,0.000000,0.000000,0.000000,0.000000
1778443111.158671,sequential_ik_elbow_then_wrist,1,0,-0.037204,0.110377,-0.276465,-0.231507,0.114084,-0.505009,-0.016998,-0.107627,-0.279513,-0.211258,-0.150698,-0.504030,0.000892,0.019692,0.029161,0.140247,0.001289,0.015528,0.035166,0.124611,0.000000,0.000000,0.000000,0.777840,-1.145053,-3.139488,-0.147401,-0.705848,-1.162281,3.139528,-0.184544,0.000000,0.000000,0.000000,0.000000,0.000000,0.000000
1778443111.217955,sequential_ik_elbow_then_wrist,1,0,-0.053946,0.106054,-0.275395,-0.246252,0.110126,-0.505616,-0.021524,-0.105530,-0.280000,-0.223708,-0.147904,-0.497546,0.000110,0.025119,0.010143,0.158457,0.000649,0.022334,0.024999,0.149446,0.000000,0.000000,0.000000,0.724402,-1.150709,-3.139611,-0.122065,-0.640893,-1.174765,3.139641,-0.179301,0.000000,0.000000,0.000000,0.000000,0.000000,0.000000
1778443111.279381,sequential_ik_elbow_then_wrist,1,0,-0.059762,0.114374,-0.270826,-0.251735,0.132511,-0.500647,-0.027620,-0.105177,-0.279598,-0.224484,-0.144281,-0.502568,0.000074,0.023915,0.007796,0.154644,0.000263,0.025036,0.015892,0.158180,0.000000,0.000000,0.000000,0.679565,-1.147284,-3.139704,-0.101813,-0.583848,-1.182357,3.139727,-0.165927,0.000000,0.000000,0.000000,0.000000,0.000000,0.000000
1778443111.341536,sequential_ik_elbow_then_wrist,1,0,-0.066159,0.110029,-0.271139,-0.264240,0.127978,-0.495732,-0.028766,-0.103983,-0.279929,-0.229978,-0.141894,-0.499193,0.000001,0.028180,0.000653,0.167868,0.000144,0.029007,0.011776,0.170305,0.000000,0.000000,0.000000,0.645711,-1.143223,-3.139775,-0.086985,-0.534739,-1.187912,3.139793,-0.151466,0.000000,0.000000,0.000000,0.000000,0.000000,0.000000
1778443111.404591,sequential_ik_elbow_then_wrist,0,0,-0.079080,0.104911,-0.269703,-0.282129,0.119866,-0.490039,-0.032206,-0.102464,-0.280114,-0.230122,-0.142660,-0.501955,0.000120,0.032623,0.010568,0.180613,0.000045,0.029698,0.006578,0.172327,0.000000,0.000000,0.000000,0.626502,-1.138048,-3.139829,-0.078650,-0.494197,-1.192109,3.139843,-0.137453,0.000000,0.000000,0.000000,0.000000,0.000000,0.000000
1778443111.456525,sequential_ik_elbow_then_wrist,0,0,-0.085703,0.103030,-0.268403,-0.292608,0.116816,-0.485197,-0.035767,-0.101632,-0.279985,-0.236015,-0.139010,-0.500220,0.000174,0.033256,0.012710,0.182353,0.000006,0.032613,0.002425,0.180588,0.000000,0.000000,0.000000,0.619936,-1.131948,-3.139870,-0.076777,-0.462195,-1.194957,3.139880,-0.124572,0.000000,0.000000,0.000000,0.000000,0.000000,0.000000
1778443111.519643,sequential_ik_elbow_then_wrist,0,0,-0.094831,0.099515,-0.266653,-0.302053,0.111574,-0.483249,-0.040406,-0.097106,-0.280959,-0.239786,-0.136418,-0.501644,0.000285,0.032659,0.016257,0.180714,0.000010,0.033565,0.002962,0.183205,0.000000,0.000000,0.000000,0.625503,-1.124681,-3.139901,-0.078400,-0.439280,-1.198743,3.139909,-0.116218,0.000000,0.000000,0.000000,0.000000,0.000000,0.000000
1778443111.590642,sequential_ik_elbow_then_wrist,0,0,-0.096538,0.100428,-0.265697,-0.309300,0.103741,-0.477170,-0.034658,-0.092189,-0.283373,-0.234710,-0.135606,-0.502676,0.000164,0.033375,0.012326,0.182686,0.000007,0.032090,0.001852,0.179120,0.000000,0.000000,0.000000,0.637941,-1.116990,-3.139925,-0.081746,-0.421593,-1.206353,3.139931,-0.115702,0.000000,0.000000,0.000000,0.000000,0.000000,0.000000
1778443111.651442,sequential_ik_elbow_then_wrist,0,0,-0.100536,0.098624,-0.264888,-0.314156,0.097935,-0.475520,-0.039196,-0.093307,-0.282414,-0.244167,-0.138646,-0.496729,0.000152,0.032641,0.011856,0.180667,0.000008,0.034635,0.002738,0.186083,0.000000,0.000000,0.000000,0.655447,-1.109549,-3.139943,-0.085593,-0.409390,-1.211466,3.139947,-0.122229,0.000000,0.000000,0.000000,0.000000,0.000000,0.000000
1778443111.704941,sequential_ik_elbow_then_wrist,0,0,-0.104714,0.104845,-0.260850,-0.318332,0.097967,-0.471372,-0.043234,-0.094033,-0.281582,-0.251260,-0.138708,-0.493075,0.000073,0.031548,0.007903,0.177611,0.000029,0.036346,0.005228,0.190642,0.000000,0.000000,0.000000,0.674180,-1.098147,-3.139957,-0.085235,-0.402520,-1.213756,3.139960,-0.130649,0.000000,0.000000,0.000000,0.000000,0.000000,0.000000
1778443111.755534,sequential_ik_elbow_then_wrist,0,0,-0.102345,0.117390,-0.256408,-0.315184,0.111393,-0.467746,-0.042389,-0.098111,-0.280317,-0.251134,-0.142548,-0.491150,0.000018,0.028294,0.003069,0.168189,0.000008,0.035402,0.002583,0.188153,0.000000,0.000000,0.000000,0.687107,-1.082625,-3.139967,-0.078621,-0.398437,-1.212836,3.139970,-0.137210,0.000000,0.000000,0.000000,0.000000,0.000000,0.000000
1778443111.827957,sequential_ik_elbow_then_wrist,0,0,-0.098809,0.115156,-0.258797,-0.308806,0.111527,-0.473012,-0.045088,-0.101154,-0.278810,-0.254356,-0.142827,-0.489690,0.000005,0.027145,0.001988,0.164748,0.000013,0.035985,0.003264,0.189695,0.000000,0.000000,0.000000,0.695446,-1.072138,-3.139975,-0.068977,-0.396848,-1.208976,3.139977,-0.139370,0.000000,0.000000,0.000000,0.000000,0.000000,0.000000
1778443111.888048,sequential_ik_elbow_then_wrist,0,0,-0.099417,0.121328,-0.255726,-0.308626,0.121886,-0.470740,-0.044405,-0.110801,-0.275230,-0.254169,-0.151675,-0.485772,0.000018,0.025963,0.003876,0.161127,0.000014,0.034981,0.002615,0.187020,0.000000,0.000000,0.000000,0.698898,-1.060805,-3.139981,-0.059250,-0.395104,-1.199535,3.139982,-0.135996,0.000000,0.000000,0.000000,0.000000,0.000000,0.000000
1778443111.937541,sequential_ik_elbow_then_wrist,1,0,-0.097671,0.120345,-0.256861,-0.302853,0.119882,-0.475722,-0.043027,-0.111790,-0.275048,-0.245416,-0.154618,-0.492314,0.000009,0.025799,0.002887,0.160606,0.000006,0.031639,0.002182,0.177846,0.000000,0.000000,0.000000,0.699247,-1.052759,-3.139986,-0.046398,-0.392626,-1.190599,3.139987,-0.126078,0.000000,0.000000,0.000000,0.000000,0.000000,0.000000
1778443111.997229,sequential_ik_elbow_then_wrist,1,0,-0.090108,0.118400,-0.260503,-0.291618,0.115211,-0.482727,-0.039171,-0.113357,-0.274983,-0.232280,-0.159403,-0.499903,0.000034,0.025483,0.005307,0.159624,0.000025,0.027349,0.004884,0.165352,0.000000,0.000000,0.000000,0.695674,-1.051252,-3.139989,-0.032207,-0.388015,-1.183360,3.139990,-0.111875,0.000000,0.000000,0.000000,0.000000,0.000000,0.000000
1778443112.071643,sequential_ik_elbow_then_wrist,1,0,-0.093293,0.116987,-0.260020,-0.295639,0.110127,-0.481400,-0.038539,-0.115200,-0.274306,-0.223649,-0.163388,-0.505416,0.000001,0.027961,0.001147,0.167214,0.000024,0.024814,0.004796,0.157503,0.000000,0.000000,0.000000,0.692103,-1.050505,-3.139992,-0.020082,-0.381810,-1.176714,3.139992,-0.095035,0.000000,0.000000,0.000000,0.000000,0.000000,0.000000
1778443112.118934,sequential_ik_elbow_then_wrist,1,0,-0.092886,0.116517,-0.260377,-0.294591,0.106488,-0.482220,-0.036849,-0.115895,-0.274245,-0.221661,-0.167064,-0.504953,0.000001,0.028760,0.000815,0.169585,0.000028,0.024708,0.005128,0.157186,0.000000,0.000000,0.000000,0.688797,-1.050469,-3.139994,-0.008721,-0.374177,-1.171318,3.139994,-0.080731,0.000000,0.000000,0.000000,0.000000,0.000000,0.000000
1778443112.189762,sequential_ik_elbow_then_wrist,1,0,-0.086669,0.114116,-0.263564,-0.274700,0.099666,-0.496879,-0.025452,-0.122205,-0.272797,-0.204822,-0.173117,-0.507817,0.000014,0.025517,0.003267,0.159685,0.000205,0.021694,0.013888,0.147262,0.000000,0.000000,0.000000,0.684200,-1.054618,-3.139995,0.010095,-0.360360,-1.165415,3.139996,-0.062926,0.000000,0.000000,0.000000,0.000000,0.000000,0.000000
1778443112.254285,sequential_ik_elbow_then_wrist,1,0,-0.086180,0.112511,-0.264413,-0.274962,0.093877,-0.496823,-0.026476,-0.119931,-0.273707,-0.209762,-0.173764,-0.505026,0.000004,0.027234,0.001770,0.165024,0.000094,0.024769,0.009409,0.157380,0.000000,0.000000,0.000000,0.679578,-1.059816,-3.139996,0.027151,-0.344417,-1.161596,3.139997,-0.048576,0.000000,0.000000,0.000000,0.000000,0.000000,0.000000
1778443112.304108,sequential_ik_elbow_then_wrist,0,0,-0.089768,0.105364,-0.266158,-0.277840,0.066758,-0.496676,-0.028339,-0.120078,-0.273456,-0.208303,-0.168036,-0.508643,0.000020,0.033417,0.004165,0.182776,0.000037,0.025802,0.005911,0.160604,0.000000,0.000000,0.000000,0.678833,-1.066574,-3.139997,0.047577,-0.328878,-1.158320,3.139997,-0.030806,0.000000,0.000000,0.000000,0.000000,0.000000,0.000000
1778443112.371178,sequential_ik_elbow_then_wrist,0,0,-0.090689,0.097112,-0.268970,-0.281264,0.056140,-0.497011,-0.029103,-0.113841,-0.276031,-0.213217,-0.159089,-0.508528,0.000063,0.035273,0.007466,0.187805,0.000012,0.028802,0.003050,0.169712,0.000000,0.000000,0.000000,0.683047,-1.076286,-3.139998,0.059758,-0.315546,-1.159627,3.139998,-0.016148,0.000000,0.000000,0.000000,0.000000,0.000000,0.000000
1778443112.429760,sequential_ik_elbow_then_wrist,0,0,-0.089167,0.104724,-0.266613,-0.277418,0.069006,-0.497450,-0.031000,-0.103909,-0.279718,-0.219838,-0.126466,-0.511734,0.000003,0.030803,0.001239,0.175506,0.000017,0.034528,0.002941,0.185778,0.000000,0.000000,0.000000,0.686839,-1.081352,-3.139998,0.066760,-0.306176,-1.167514,3.139999,0.004146,0.000000,0.000000,0.000000,0.000000,0.000000,0.000000
1778443112.480894,sequential_ik_elbow_then_wrist,0,0,-0.089045,0.105264,-0.266441,-0.278297,0.071265,-0.496718,-0.033103,-0.098054,-0.281584,-0.222148,-0.105106,-0.514419,0.000000,0.030436,0.000432,0.174457,0.000026,0.037255,0.004567,0.192988,0.000000,0.000000,0.000000,0.689938,-1.084439,-3.139999,0.070889,-0.301099,-1.178394,3.139999,0.027397,0.000000,0.000000,0.000000,0.000000,0.000000,0.000000
1778443112.543430,sequential_ik_elbow_then_wrist,0,0,-0.089459,0.106177,-0.265939,-0.277898,0.067225,-0.496099,-0.034825,-0.088019,-0.284675,-0.225774,-0.094176,-0.515977,0.000000,0.031377,0.000316,0.177132,0.000071,0.039007,0.007811,0.197495,0.000000,0.000000,0.000000,0.692321,-1.085939,-3.139999,0.076987,-0.300539,-1.193688,3.139999,0.041255,0.000000,0.000000,0.000000,0.000000,0.000000,0.000000
1778443112.606953,sequential_ik_elbow_then_wrist,0,0,-0.088718,0.110399,-0.264464,-0.276840,0.073219,-0.495175,-0.028889,-0.086783,-0.285717,-0.220861,-0.091773,-0.516199,0.000007,0.030279,0.002442,0.174006,0.000007,0.037460,0.002203,0.193538,0.000000,0.000000,0.000000,0.692544,-1.084953,-3.139999,0.083772,-0.300861,-1.208813,3.139999,0.047318,0.000000,0.000000,0.000000,0.000000,0.000000,0.000000
1778443112.668001,sequential_ik_elbow_then_wrist,0,0,-0.089090,0.109175,-0.264847,-0.278768,0.071986,-0.494279,-0.030168,-0.082160,-0.286949,-0.224422,-0.093396,-0.515289,0.000001,0.031330,0.000883,0.177002,0.000019,0.038206,0.004020,0.195423,0.000000,0.000000,0.000000,0.692103,-1.084207,-3.139999,0.089401,-0.302629,-1.223701,3.140000,0.042480,0.000000,0.000000,0.000000,0.000000,0.000000,0.000000
1778443112.731177,sequential_ik_elbow_then_wrist,0,0,-0.087353,0.106920,-0.266341,-0.286267,0.075277,-0.488674,-0.035101,-0.089071,-0.284314,-0.235871,-0.099267,-0.506996,0.000002,0.033040,0.000927,0.181731,0.000038,0.041624,0.005772,0.204011,0.000000,0.000000,0.000000,0.691384,-1.085622,-3.140000,0.084692,-0.306244,-1.230520,3.140000,0.034015,0.000000,0.000000,0.000000,0.000000,0.000000,0.000000
1778443112.786501,sequential_ik_elbow_then_wrist,0,0,-0.090464,0.105084,-0.266033,-0.295254,0.077526,-0.483523,-0.037840,-0.086959,-0.284616,-0.240393,-0.101483,-0.505436,0.000005,0.034556,0.002160,0.185850,0.000059,0.042074,0.007536,0.205107,0.000000,0.000000,0.000000,0.692299,-1.086751,-3.140000,0.071524,-0.312165,-1.235352,3.140000,0.022203,0.000000,0.000000,0.000000,0.000000,0.000000,0.000000
1778443112.851202,sequential_ik_elbow_then_wrist,0,0,-0.199532,0.078116,-0.209964,-0.396873,-0.048306,-0.022683,-0.109449,-0.082382,-0.266897,-0.401335,-0.094577,-0.198681,0.004918,0.142988,0.062638,0.361343,0.004163,0.208410,0.062782,0.456145,0.000000,0.000000,0.000000,0.748354,-1.035989,-2.386400,0.328971,-0.347281,-1.220630,3.140000,-0.031126,0.000000,0.000000,0.000000,0.000000,0.000000,0.000000
1778443112.909530,sequential_ik_elbow_then_wrist,0,0,-0.294041,0.042920,-0.041201,-0.413317,-0.094151,0.197515,-0.270988,-0.020969,-0.126988,-0.496508,-0.008165,0.070437,0.009234,0.045652,0.070431,0.210487,0.028032,0.115295,0.152897,0.309503,0.000000,0.000000,0.000000,0.876393,-0.865830,-1.813664,0.612704,-0.502467,-1.107950,2.386400,0.263513,0.000000,0.000000,0.000000,0.000000,0.000000,0.000000
1778443112.974350,sequential_ik_elbow_then_wrist,1,0,-0.292319,0.046198,-0.049146,-0.405924,-0.096222,0.189203,-0.232787,-0.014114,-0.188709,-0.495322,-0.001088,-0.044120,0.000473,0.030493,0.014724,0.174541,0.003527,0.018457,0.051272,0.135756,0.000000,0.000000,0.000000,0.997723,-0.706545,-1.378385,0.815466,-0.691838,-1.013824,1.813664,0.499901,0.000000,0.000000,0.000000,0.000000,0.000000,0.000000
1778443113.022016,sequential_ik_elbow_then_wrist,1,0,-0.282325,0.052161,-0.087017,-0.397740,-0.086985,0.152394,-0.191471,-0.030801,-0.228889,-0.485702,-0.027604,-0.170428,0.000091,0.027724,0.006344,0.166489,0.000419,0.007061,0.015595,0.082194,0.000000,0.000000,0.000000,1.091039,-0.602540,-1.047572,0.975161,-0.850114,-0.970693,1.378385,0.637662,0.000000,0.000000,0.000000,0.000000,0.000000,0.000000
1778443113.093684,sequential_ik_elbow_then_wrist,0,0,-0.268486,0.060313,-0.119488,-0.399392,-0.086870,0.106788,-0.128657,-0.040053,-0.268036,-0.427149,-0.034478,-0.297553,0.000213,0.032428,0.009778,0.180025,0.000850,0.060927,0.020136,0.211421,0.000000,0.000000,0.000000,1.155580,-0.548754,-0.796155,1.106964,-0.964022,-0.988118,1.801172,0.436623,0.000000,0.000000,0.000000,0.000000,0.000000,0.000000
1778443113.143251,sequential_ik_elbow_then_wrist,0,0,-0.265737,0.058380,-0.126395,-0.405112,-0.087266,0.095780,-0.124887,-0.047908,-0.268530,-0.413484,-0.036279,-0.349624,0.000034,0.032817,0.003899,0.181146,0.000193,0.035933,0.012445,0.189561,0.000000,0.000000,0.000000,1.203705,-0.518327,-0.605078,1.211573,-1.042575,-1.013803,2.122491,0.283834,0.000000,0.000000,0.000000,0.000000,0.000000,0.000000
1778443113.231284,sequential_ik_elbow_then_wrist,0,0,-0.255659,0.057130,-0.146201,-0.417328,-0.085011,0.062747,-0.089100,-0.045129,-0.282886,-0.343656,-0.048235,-0.441605,0.000081,0.033835,0.005993,0.183931,0.000457,0.017292,0.018098,0.131500,0.000000,0.000000,0.000000,1.239427,-0.511315,-0.459859,1.285950,-1.093966,-1.059313,2.366693,0.167714,0.000000,0.000000,0.000000,0.000000,0.000000,0.000000
1778443113.269845,sequential_ik_elbow_then_wrist,0,0,-0.251347,0.060986,-0.152004,-0.416242,-0.087548,0.049855,-0.095704,-0.045418,-0.280674,-0.357072,-0.046170,-0.427935,0.000024,0.036870,0.003334,0.192013,0.000132,0.024505,0.011251,0.156541,0.000000,0.000000,0.000000,1.263361,-0.513804,-0.349493,1.344350,-1.127570,-1.095494,2.552287,0.079462,0.000000,0.000000,0.000000,0.000000,0.000000,0.000000
1778443113.335309,sequential_ik_elbow_then_wrist,0,0,-0.249659,0.059161,-0.155468,-0.406081,-0.092182,0.050997,-0.079089,-0.045235,-0.285830,-0.329876,-0.054880,-0.450185,0.000006,0.037718,0.001587,0.194160,0.000242,0.020827,0.014717,0.144316,0.000000,0.000000,0.000000,1.281385,-0.519969,-0.265615,1.399490,-1.146893,-1.133370,2.693338,0.012391,0.000000,0.000000,0.000000,0.000000,0.000000,0.000000
1778443113.393215,sequential_ik_elbow_then_wrist,0,0,-0.233358,0.064275,-0.177237,-0.395615,-0.082575,0.027965,-0.061630,-0.045973,-0.289980,-0.287713,-0.058826,-0.486757,0.000107,0.037156,0.007107,0.192676,0.000414,0.013647,0.019477,0.116818,0.000000,0.000000,0.000000,1.289509,-0.541797,-0.201867,1.454916,-1.154621,-1.174463,2.800537,-0.038583,0.000000,0.000000,0.000000,0.000000,0.000000,0.000000
1778443113.459371,sequential_ik_elbow_then_wrist,0,0,-0.235407,0.059333,-0.176247,-0.398212,-0.088654,0.027700,-0.071759,-0.047462,-0.287399,-0.304705,-0.062073,-0.475873,0.000004,0.038124,0.001403,0.195244,0.000223,0.017065,0.014701,0.130633,0.000000,0.000000,0.000000,1.296994,-0.561540,-0.153419,1.501895,-1.155238,-1.201939,2.882008,-0.077323,0.000000,0.000000,0.000000,0.000000,0.000000,0.000000
1778443113.515825,sequential_ik_elbow_then_wrist,0,0,-0.260193,0.054304,-0.139107,-0.428715,-0.079708,0.069799,-0.093939,-0.045418,-0.281270,-0.377769,-0.062901,-0.376849,0.000238,0.031285,0.010481,0.176595,0.000068,0.049862,0.005984,0.223298,0.000000,0.000000,0.000000,1.309898,-0.550314,-0.116598,1.513734,-1.154336,-1.209273,2.943926,-0.106765,0.000000,0.000000,0.000000,0.000000,0.000000,0.000000
1778443113.578861,sequential_ik_elbow_then_wrist,0,0,-0.271739,0.056339,-0.113946,-0.434309,-0.071181,0.103562,-0.101178,-0.043391,-0.279070,-0.388728,-0.073926,-0.358958,0.000170,0.026980,0.008691,0.164075,0.000017,0.051954,0.002871,0.227934,0.000000,0.000000,0.000000,1.322371,-0.518625,-0.088615,1.504249,-1.154264,-1.207921,2.990984,-0.129142,0.000000,0.000000,0.000000,0.000000,0.000000,0.000000
1778443113.632844,sequential_ik_elbow_then_wrist,0,0,-0.276640,0.057499,-0.100817,-0.430327,-0.067152,0.124666,-0.106400,-0.043855,-0.277048,-0.396468,-0.080227,-0.344410,0.000061,0.025042,0.005197,0.158209,0.000013,0.054162,0.002998,0.232728,0.000000,0.000000,0.000000,1.332549,-0.480559,-0.067347,1.488879,-1.155435,-1.201996,3.026748,-0.146148,0.000000,0.000000,0.000000,0.000000,0.000000,0.000000
1778443113.686823,sequential_ik_elbow_then_wrist,0,0,-0.280638,0.057948,-0.088793,-0.430911,-0.063400,0.140755,-0.153783,-0.043580,-0.253873,-0.450688,-0.063834,-0.215959,0.000038,0.023645,0.004092,0.153738,0.000559,0.092884,0.019138,0.304769,0.000000,0.000000,0.000000,1.340709,-0.440610,-0.051184,1.469638,-1.166473,-1.165753,3.053928,-0.159072,0.000000,0.000000,0.000000,0.000000,0.000000,0.000000
1778443113.753720,sequential_ik_elbow_then_wrist,0,0,-0.276259,0.055809,-0.102792,-0.420866,-0.067364,0.129409,-0.145787,-0.044234,-0.258436,-0.444795,-0.067249,-0.250370,0.000014,0.024274,0.002473,0.155781,0.000067,0.069692,0.007741,0.263993,0.000000,0.000000,0.000000,1.347775,-0.416842,-0.038900,1.461165,-1.180692,-1.135967,3.074585,-0.168895,0.000000,0.000000,0.000000,0.000000,0.000000,0.000000
1778443113.808224,sequential_ik_elbow_then_wrist,0,0,-0.248780,0.064569,-0.154723,-0.398017,-0.067304,0.069638,-0.144789,-0.048908,-0.258155,-0.441509,-0.076821,-0.292484,0.000460,0.029427,0.014424,0.171154,0.000005,0.049021,0.002017,0.221407,0.000000,0.000000,0.000000,1.344365,-0.435847,-0.029564,1.482457,-1.193022,-1.112347,3.090285,-0.176360,0.000000,0.000000,0.000000,0.000000,0.000000,0.000000
1778443113.872448,sequential_ik_elbow_then_wrist,0,0,-0.236292,0.068535,-0.171665,-0.397331,-0.056598,0.048354,-0.154948,-0.052905,-0.251380,-0.453701,-0.079878,-0.255751,0.000160,0.028606,0.008676,0.168985,0.000022,0.058206,0.003192,0.241259,0.000000,0.000000,0.000000,1.334737,-0.471257,-0.022469,1.515580,-1.203227,-1.086243,3.102217,-0.182034,0.000000,0.000000,0.000000,0.000000,0.000000,0.000000
1778443113.936180,sequential_ik_elbow_then_wrist,0,0,-0.221264,0.083321,-0.184662,-0.358361,-0.060081,0.040372,-0.123692,-0.051796,-0.268361,-0.409787,-0.086884,-0.351538,0.000172,0.034207,0.010005,0.184166,0.000153,0.031877,0.009228,0.178541,0.000000,0.000000,0.000000,1.313497,-0.513033,-0.017076,1.581594,-1.206747,-1.085702,3.111285,-0.186346,0.000000,0.000000,0.000000,0.000000,0.000000,0.000000
1778443113.998548,sequential_ik_elbow_then_wrist,0,0,-0.220309,0.084456,-0.185286,-0.358412,-0.055044,0.041578,-0.124608,-0.049946,-0.268288,-0.400132,-0.084146,-0.381938,0.000025,0.034198,0.004055,0.184802,0.000014,0.025331,0.003185,0.159156,0.000000,0.000000,0.000000,1.291267,-0.548581,-0.012978,1.648086,-1.207581,-1.089541,3.118176,-0.189623,0.000000,0.000000,0.000000,0.000000,0.000000,0.000000
1778443114.055828,sequential_ik_elbow_then_wrist,0,0,-0.202238,0.083758,-0.205145,-0.361985,-0.052896,0.008880,-0.129544,-0.051933,-0.265559,-0.414427,-0.079658,-0.355406,0.000112,0.037911,0.007473,0.194703,0.000007,0.033942,0.002312,0.184233,0.000000,0.000000,0.000000,1.268532,-0.592621,-0.009863,1.702007,-1.206819,-1.089734,3.123414,-0.192113,0.000000,0.000000,0.000000,0.000000,0.000000,0.000000
1778443114.116971,sequential_ik_elbow_then_wrist,0,0,-0.212428,0.089607,-0.191951,-0.390290,-0.045374,0.008413,-0.121358,-0.053110,-0.269168,-0.393430,-0.081165,-0.392416,0.000023,0.040756,0.003522,0.201721,0.000027,0.023564,0.004762,0.153506,0.000000,0.000000,0.000000,1.247747,-0.619106,-0.007496,1.723696,-1.203305,-1.094209,3.127395,-0.194006,0.000000,0.000000,0.000000,0.000000,0.000000,0.000000
1778443114.178866,sequential_ik_elbow_then_wrist,0,0,-0.220892,0.088691,-0.182594,-0.411573,-0.042755,0.008095,-0.113610,-0.053938,-0.272366,-0.377000,-0.089506,-0.411508,0.000026,0.042427,0.003402,0.205729,0.000050,0.019838,0.006477,0.140848,0.000000,0.000000,0.000000,1.232980,-0.630237,-0.005697,1.715878,-1.196845,-1.103235,3.130420,-0.195445,0.000000,0.000000,0.000000,0.000000,0.000000,0.000000
1778443114.252674,sequential_ik_elbow_then_wrist,0,0,-0.217558,0.082959,-0.189172,-0.400460,-0.050789,0.007446,-0.116173,-0.052061,-0.271650,-0.387016,-0.090201,-0.394894,0.000008,0.042140,0.002206,0.205279,0.000007,0.025783,0.002592,0.160572,0.000000,0.000000,0.000000,1.224684,-0.641813,-0.004330,1.710686,-1.190367,-1.110249,3.132719,-0.196538,0.000000,0.000000,0.000000,0.000000,0.000000,0.000000
1778443114.293733,sequential_ik_elbow_then_wrist,0,0,-0.210752,0.080510,-0.197742,-0.403494,-0.054329,-0.011545,-0.113409,-0.047309,-0.273679,-0.384280,-0.076785,-0.399218,0.000019,0.043988,0.002914,0.209725,0.000003,0.027047,0.001244,0.164460,0.000000,0.000000,0.000000,1.219425,-0.658238,-0.003291,1.702456,-1.185762,-1.118601,3.134467,-0.197369,0.000000,0.000000,0.000000,0.000000,0.000000,0.000000
1778443114.355930,sequential_ik_elbow_then_wrist,0,0,-0.211368,0.085624,-0.194915,-0.407865,-0.049250,-0.012712,-0.099399,-0.046989,-0.279127,-0.360498,-0.070938,-0.424913,0.000004,0.044043,0.001614,0.209855,0.000042,0.023029,0.005076,0.151753,0.000000,0.000000,0.000000,1.213066,-0.670163,-0.002501,1.691645,-1.180266,-1.134339,3.135795,-0.198000,0.000000,0.000000,0.000000,0.000000,0.000000,0.000000
1778443114.417182,sequential_ik_elbow_then_wrist,0,0,-0.213464,0.089259,-0.190961,-0.410744,-0.047640,-0.011129,-0.085884,-0.051473,-0.282798,-0.340884,-0.073971,-0.439223,0.000008,0.045743,0.002114,0.213871,0.000150,0.021959,0.011460,0.148187,0.000000,0.000000,0.000000,1.205650,-0.675913,-0.001901,1.679961,-1.170798,-1.155273,3.136804,-0.198480,0.000000,0.000000,0.000000,0.000000,0.000000,0.000000
1778443114.482425,sequential_ik_elbow_then_wrist,0,0,-0.207829,0.089200,-0.197105,-0.402319,-0.048979,-0.015226,-0.075961,-0.055554,-0.284857,-0.316448,-0.074992,-0.463150,0.000009,0.046983,0.002225,0.216741,0.000281,0.017206,0.016284,0.131170,0.000000,0.000000,0.000000,1.197669,-0.684496,-0.001444,1.676851,-1.156565,-1.177670,3.137571,-0.198845,0.000000,0.000000,0.000000,0.000000,0.000000,0.000000
1778443114.540944,sequential_ik_elbow_then_wrist,0,0,-0.208186,0.097631,-0.192683,-0.405700,-0.051194,-0.022862,-0.077197,-0.057334,-0.284172,-0.331417,-0.068396,-0.443073,0.000022,0.053688,0.003926,0.231706,0.000223,0.025635,0.014707,0.160108,0.000000,0.000000,0.000000,1.185944,-0.688414,-0.001098,1.673258,-1.139504,-1.194675,3.138154,-0.199122,0.000000,0.000000,0.000000,0.000000,0.000000,0.000000
1778443114.608058,sequential_ik_elbow_then_wrist,0,0,-0.213711,0.104705,-0.182660,-0.404907,-0.049601,-0.010516,-0.093528,-0.056672,-0.279358,-0.371635,-0.060061,-0.391808,0.000037,0.056493,0.004464,0.237680,0.000057,0.043858,0.006392,0.209423,0.000000,0.000000,0.000000,1.172131,-0.682860,-0.000834,1.673281,-1.124042,-1.198275,3.138597,-0.199333,0.000000,0.000000,0.000000,0.000000,0.000000,0.000000
1778443114.651269,sequential_ik_elbow_then_wrist,0,0,-0.211717,0.102625,-0.186129,-0.400313,-0.054341,-0.013521,-0.094354,-0.057931,-0.278821,-0.371088,-0.063134,-0.394543,0.000001,0.059393,0.000873,0.243699,0.000028,0.041090,0.005076,0.202706,0.000000,0.000000,0.000000,1.160330,-0.679383,-0.000634,1.678241,-1.109834,-1.197960,3.138934,-0.199493,0.000000,0.000000,0.000000,0.000000,0.000000,0.000000
1778443114.725288,sequential_ik_elbow_then_wrist,0,0,-0.204089,0.103285,-0.194113,-0.380442,-0.061936,-0.016345,-0.087388,-0.060076,-0.280632,-0.363801,-0.068191,-0.396949,0.000019,0.061685,0.003097,0.248227,0.000075,0.040674,0.008434,0.201679,0.000000,0.000000,0.000000,1.148429,-0.683286,-0.000482,1.701846,-1.094919,-1.200262,3.139190,-0.199615,0.000000,0.000000,0.000000,0.000000,0.000000,0.000000
1778443114.788532,sequential_ik_elbow_then_wrist,0,0,-0.212532,0.107982,-0.182126,-0.379122,-0.063519,-0.000921,-0.099975,-0.058000,-0.276841,-0.387064,-0.061684,-0.363825,0.000021,0.062119,0.003113,0.249191,0.000011,0.053787,0.002227,0.231920,0.000000,0.000000,0.000000,1.137916,-0.678248,-0.000366,1.731296,-1.083461,-1.196041,3.139384,-0.199707,0.000000,0.000000,0.000000,0.000000,0.000000,0.000000
1778443114.841158,sequential_ik_elbow_then_wrist,0,0,-0.212080,0.109589,-0.181693,-0.389798,-0.056407,-0.006018,-0.089199,-0.061914,-0.279661,-0.353703,-0.063626,-0.421204,0.000003,0.062919,0.001276,0.250823,0.000060,0.032340,0.007440,0.179834,0.000000,0.000000,0.000000,1.128336,-0.672252,-0.000278,1.747467,-1.071021,-1.196289,3.139532,-0.199777,0.000000,0.000000,0.000000,0.000000,0.000000,0.000000
1778443114.896663,sequential_ik_elbow_then_wrist,0,0,-0.201416,0.113743,-0.191035,-0.377653,-0.053389,-0.014946,-0.079884,-0.066182,-0.281493,-0.333974,-0.069093,-0.440960,0.000035,0.063954,0.004586,0.252869,0.000184,0.026802,0.013169,0.163713,0.000000,0.000000,0.000000,1.115117,-0.674578,-0.000212,1.767909,-1.055258,-1.200844,3.139644,-0.199831,0.000000,0.000000,0.000000,0.000000,0.000000,0.000000
1778443114.974791,sequential_ik_elbow_then_wrist,0,0,-0.198049,0.113952,-0.194400,-0.373195,-0.052197,-0.016304,-0.077784,-0.070658,-0.280993,-0.315070,-0.075415,-0.464495,0.000013,0.064209,0.002795,0.253368,0.000232,0.019911,0.014934,0.141107,0.000000,0.000000,0.000000,1.101597,-0.680615,-0.000161,1.792381,-1.036215,-1.204577,3.139730,-0.199871,0.000000,0.000000,0.000000,0.000000,0.000000,0.000000
1778443115.019330,sequential_ik_elbow_then_wrist,0,0,-0.195950,0.114452,-0.196225,-0.379917,-0.055614,-0.031200,-0.074355,-0.071119,-0.281804,-0.300976,-0.078194,-0.478255,0.000005,0.070762,0.001816,0.266009,0.000216,0.017131,0.014401,0.130884,0.000000,0.000000,0.000000,1.088996,-0.687658,-0.000122,1.809106,-1.015036,-1.208881,3.139795,-0.199902,0.000000,0.000000,0.000000,0.000000,0.000000,0.000000
1778443115.081431,sequential_ik_elbow_then_wrist,0,0,-0.197600,0.112587,-0.195648,-0.409227,-0.057374,-0.067870,-0.063873,-0.079271,-0.282199,-0.288562,-0.083519,-0.480937,0.000000,0.083809,0.000363,0.289177,0.000543,0.016822,0.022884,0.129701,0.000000,0.000000,0.000000,1.079952,-0.693098,-0.000093,1.789126,-0.988566,-1.214246,3.139844,-0.199926,0.000000,0.000000,0.000000,0.000000,0.000000,0.000000
1778443115.152004,sequential_ik_elbow_then_wrist,0,0,-0.203473,0.111900,-0.189940,-0.411653,-0.055784,-0.053766,-0.066221,-0.079343,-0.281637,-0.292656,-0.086376,-0.478304,0.000010,0.079113,0.002317,0.281214,0.000337,0.019232,0.018023,0.138680,0.000000,0.000000,0.000000,1.075454,-0.692660,-0.000071,1.760302,-0.960251,-1.217120,3.139881,-0.199944,0.000000,0.000000,0.000000,0.000000,0.000000,0.000000
1778443115.202191,sequential_ik_elbow_then_wrist,0,0,-0.208110,0.112551,-0.184452,-0.409852,-0.052596,-0.036039,-0.064893,-0.078328,-0.282230,-0.288837,-0.086425,-0.481687,0.000011,0.073572,0.002376,0.271241,0.000239,0.020041,0.015194,0.141566,0.000000,0.000000,0.000000,1.074046,-0.686945,-0.000054,1.736677,-0.931813,-1.219808,3.139910,-0.199957,0.000000,0.000000,0.000000,0.000000,0.000000,0.000000
1778443115.267825,sequential_ik_elbow_then_wrist,0,0,-0.208927,0.113155,-0.183154,-0.412491,-0.051894,-0.037139,-0.062874,-0.079327,-0.282408,-0.276392,-0.092689,-0.492721,0.000002,0.073860,0.000946,0.271766,0.000219,0.017303,0.014541,0.131543,0.000000,0.000000,0.000000,1.073686,-0.680356,-0.000041,1.714118,-0.903615,-1.222230,3.139931,-0.199967,0.000000,0.000000,0.000000,0.000000,0.000000,0.000000
1778443115.324921,sequential_ik_elbow_then_wrist,0,0,-0.210585,0.108168,-0.184265,-0.416260,-0.055490,-0.039649,-0.057040,-0.081895,-0.282913,-0.264553,-0.104068,-0.498427,0.000007,0.073542,0.002190,0.271174,0.000309,0.014998,0.017272,0.122468,0.000000,0.000000,0.000000,1.076893,-0.675709,-0.000031,1.690749,-0.874478,-1.225385,3.139948,-0.199975,0.000000,0.000000,0.000000,0.000000,0.000000,0.000000
1778443115.381494,sequential_ik_elbow_then_wrist,0,0,-0.205712,0.106739,-0.190497,-0.416290,-0.053610,-0.049271,-0.054290,-0.083591,-0.282958,-0.261142,-0.108262,-0.498836,0.000008,0.072328,0.001913,0.268930,0.000309,0.015634,0.017297,0.125034,0.000000,0.000000,0.000000,1.080066,-0.677175,-0.000024,1.667661,-0.844686,-1.228171,3.139960,-0.199981,0.000000,0.000000,0.000000,0.000000,0.000000,0.000000
1778443115.446186,sequential_ik_elbow_then_wrist,0,0,-0.204037,0.101498,-0.195108,-0.421547,-0.052378,-0.057224,-0.054342,-0.083244,-0.283050,-0.258463,-0.106185,-0.501701,0.000012,0.069892,0.002540,0.264348,0.000215,0.016834,0.014415,0.129744,0.000000,0.000000,0.000000,1.085169,-0.683152,-0.000018,1.641942,-0.815676,-1.230247,3.139970,-0.199986,0.000000,0.000000,0.000000,0.000000,0.000000,0.000000
1778443115.504755,sequential_ik_elbow_then_wrist,0,0,-0.199909,0.101055,-0.199560,-0.430120,-0.046345,-0.075962,-0.054800,-0.083352,-0.282930,-0.259498,-0.103189,-0.501345,0.000007,0.069102,0.001768,0.262782,0.000148,0.018959,0.011957,0.137690,0.000000,0.000000,0.000000,1.089244,-0.692448,-0.000014,1.605950,-0.788322,-1.231374,3.139977,-0.199989,0.000000,0.000000,0.000000,0.000000,0.000000,0.000000
1778443115.566886,sequential_ik_elbow_then_wrist,0,0,-0.193964,0.102147,-0.204802,-0.432011,-0.038418,-0.088291,-0.053052,-0.083389,-0.283252,-0.256125,-0.099616,-0.503475,0.000013,0.067364,0.002548,0.259502,0.000131,0.020216,0.011273,0.142185,0.000000,0.000000,0.000000,1.090176,-0.704982,-0.000010,1.567119,-0.762540,-1.232679,3.139983,-0.199992,0.000000,0.000000,0.000000,0.000000,0.000000,0.000000
1778443115.630828,sequential_ik_elbow_then_wrist,0,0,-0.191457,0.102583,-0.206933,-0.430889,-0.035683,-0.090507,-0.052248,-0.083613,-0.283336,-0.254515,-0.099330,-0.504336,0.000005,0.066989,0.001785,0.258820,0.000108,0.021189,0.010200,0.145564,0.000000,0.000000,0.000000,1.088999,-0.717567,-0.000008,1.534873,-0.738445,-1.233853,3.139987,-0.199994,0.000000,0.000000,0.000000,0.000000,0.000000,0.000000
1778443115.681476,sequential_ik_elbow_then_wrist,0,0,-0.192401,0.102870,-0.205911,-0.424834,-0.034670,-0.075306,-0.052992,-0.083611,-0.283198,-0.255754,-0.099312,-0.503745,0.000000,0.064623,0.000537,0.254171,0.000068,0.022559,0.008135,0.150195,0.000000,0.000000,0.000000,1.087379,-0.726959,-0.000006,1.521207,-0.716533,-1.234402,3.139990,-0.199995,0.000000,0.000000,0.000000,0.000000,0.000000,0.000000
1778443115.754238,sequential_ik_elbow_then_wrist,0,0,-0.192785,0.101813,-0.206078,-0.426211,-0.034044,-0.075483,-0.058474,-0.084133,-0.281962,-0.263604,-0.099269,-0.500347,0.000000,0.064072,0.000262,0.253122,0.000014,0.025007,0.003542,0.158135,0.000000,0.000000,0.000000,1.086501,-0.734199,-0.000005,1.513887,-0.698330,-1.232287,3.139992,-0.199996,0.000000,0.000000,0.000000,0.000000,0.000000,0.000000
1778443115.803706,sequential_ik_elbow_then_wrist,0,0,-0.192934,0.101018,-0.206330,-0.426456,-0.032092,-0.073104,-0.058380,-0.083269,-0.282238,-0.264038,-0.098744,-0.500103,0.000000,0.062234,0.000470,0.249467,0.000006,0.025610,0.002488,0.160032,0.000000,0.000000,0.000000,1.086461,-0.739939,-0.000003,1.510099,-0.683353,-1.230584,3.139994,-0.199997,0.000000,0.000000,0.000000,0.000000,0.000000,0.000000
1778443115.867821,sequential_ik_elbow_then_wrist,0,0,-0.194319,0.102253,-0.204412,-0.429004,-0.027323,-0.069753,-0.058132,-0.082877,-0.282404,-0.264372,-0.099231,-0.499654,0.000001,0.060124,0.000582,0.245202,0.000004,0.025924,0.002058,0.161008,0.000000,0.000000,0.000000,1.086439,-0.742732,-0.000003,1.506324,-0.671028,-1.229564,3.139996,-0.199998,0.000000,0.000000,0.000000,0.000000,0.000000,0.000000
1778443115.935861,sequential_ik_elbow_then_wrist,0,0,-0.198076,0.104679,-0.199520,-0.423791,-0.024612,-0.050066,-0.059688,-0.080597,-0.282739,-0.277003,-0.100873,-0.488563,0.000006,0.057065,0.001656,0.238851,0.000000,0.029543,0.000521,0.171882,0.000000,0.000000,0.000000,1.086185,-0.740415,-0.000002,1.512719,-0.661869,-1.229454,3.139997,-0.199998,0.000000,0.000000,0.000000,0.000000,0.000000,0.000000
1778443115.993838,sequential_ik_elbow_then_wrist,0,0,-0.200571,0.104974,-0.196855,-0.423259,-0.028106,-0.046192,-0.064084,-0.081800,-0.281429,-0.295708,-0.099599,-0.471254,0.000003,0.058422,0.001229,0.241701,0.000009,0.036165,0.002862,0.190171,0.000000,0.000000,0.000000,1.086440,-0.735446,-0.000002,1.521605,-0.656180,-1.227171,3.139997,-0.199999,0.000000,0.000000,0.000000,0.000000,0.000000,0.000000
1778443116.052583,sequential_ik_elbow_then_wrist,0,0,-0.203464,0.104286,-0.194234,-0.427360,-0.028977,-0.045533,-0.071517,-0.081931,-0.279594,-0.304159,-0.097443,-0.468372,0.000004,0.058678,0.001421,0.242232,0.000056,0.037619,0.007215,0.193955,0.000000,0.000000,0.000000,1.088022,-0.728806,-0.000001,1.525656,-0.655280,-1.221868,3.139998,-0.199999,0.000000,0.000000,0.000000,0.000000,0.000000,0.000000
1778443116.122303,sequential_ik_elbow_then_wrist,0,0,-0.207390,0.105825,-0.189184,-0.430433,-0.029854,-0.041390,-0.070876,-0.081755,-0.279808,-0.302656,-0.097231,-0.469646,0.000007,0.059216,0.001834,0.243338,0.000031,0.035937,0.005475,0.189570,0.000000,0.000000,0.000000,1.090072,-0.719052,-0.000001,1.524928,-0.657290,-1.217326,3.139999,-0.199999,0.000000,0.000000,0.000000,0.000000,0.000000,0.000000
1778443116.167461,sequential_ik_elbow_then_wrist,0,0,-0.208747,0.107097,-0.186962,-0.429314,-0.030097,-0.036870,-0.072117,-0.081321,-0.279618,-0.304402,-0.097196,-0.468804,0.000003,0.059236,0.001052,0.243385,0.000031,0.035388,0.005490,0.188117,0.000000,0.000000,0.000000,1.091659,-0.708802,-0.000001,1.523982,-0.661536,-1.213431,3.139999,-0.199999,0.000000,0.000000,0.000000,0.000000,0.000000,0.000000
1778443116.222522,sequential_ik_elbow_then_wrist,0,0,-0.210469,0.106554,-0.185335,-0.431640,-0.030173,-0.035704,-0.074134,-0.080550,-0.279313,-0.307081,-0.096632,-0.467666,0.000002,0.059134,0.000877,0.243173,0.000040,0.035086,0.006153,0.187313,0.000000,0.000000,0.000000,1.093661,-0.699083,-0.000001,1.520787,-0.667829,-1.209877,3.139999,-0.200000,0.000000,0.000000,0.000000,0.000000,0.000000,0.000000
1778443116.304483,sequential_ik_elbow_then_wrist,0,0,-0.210546,0.107130,-0.184915,-0.430097,-0.029862,-0.033158,-0.082144,-0.079717,-0.277304,-0.333237,-0.092342,-0.440990,0.000000,0.058660,0.000286,0.242198,0.000115,0.044742,0.010421,0.211523,0.000000,0.000000,0.000000,1.095199,-0.690926,-0.000000,1.518925,-0.677934,-1.203917,3.139999,-0.200000,0.000000,0.000000,0.000000,0.000000,0.000000,0.000000
1778443116.353812,sequential_ik_elbow_then_wrist,0,0,-0.213380,0.106314,-0.182116,-0.427220,-0.035653,-0.026816,-0.103370,-0.079511,-0.270172,-0.381869,-0.086346,-0.381488,0.000003,0.059678,0.001173,0.244284,0.000477,0.065846,0.020823,0.256605,0.000000,0.000000,0.000000,1.097619,-0.682368,-0.000000,1.521571,-0.697241,-1.188651,3.140000,-0.200000,0.000000,0.000000,0.000000,0.000000,0.000000,0.000000
1778443116.422207,sequential_ik_elbow_then_wrist,0,0,-0.214276,0.106099,-0.181187,-0.425877,-0.035563,-0.022578,-0.114116,-0.080743,-0.265440,-0.397207,-0.086183,-0.364585,0.000001,0.058502,0.000705,0.241870,0.000456,0.064444,0.020350,0.253858,0.000000,0.000000,0.000000,1.100310,-0.674604,-0.000000,1.526450,-0.724654,-1.168016,3.140000,-0.200000,0.000000,0.000000,0.000000,0.000000,0.000000,0.000000
1778443116.472308,sequential_ik_elbow_then_wrist,0,0,-0.214425,0.106332,-0.180874,-0.420994,-0.037901,-0.018006,-0.132744,-0.081368,-0.256434,-0.430361,-0.077777,-0.294003,0.000000,0.058360,0.000246,0.241565,0.000594,0.083682,0.022792,0.289278,0.000000,0.000000,0.000000,1.102594,-0.668172,-0.000000,1.536093,-0.761523,-1.139122,3.140000,-0.200000,0.000000,0.000000,0.000000,0.000000,0.000000,0.000000
1778443116.541833,sequential_ik_elbow_then_wrist,0,0,-0.213832,0.106892,-0.181245,-0.415879,-0.041220,-0.016199,-0.133641,-0.081069,-0.256062,-0.429745,-0.075703,-0.303951,0.000000,0.059332,0.000244,0.243565,0.000264,0.070561,0.015389,0.265634,0.000000,0.000000,0.000000,1.103946,-0.663449,-0.000000,1.550392,-0.801376,-1.113098,3.140000,-0.200000,0.000000,0.000000,0.000000,0.000000,0.000000,0.000000
1778443116.592553,sequential_ik_elbow_then_wrist,0,0,-0.216272,0.106069,-0.178818,-0.412088,-0.045991,-0.009899,-0.125335,-0.081897,-0.259969,-0.417813,-0.079799,-0.326695,0.000002,0.059766,0.000908,0.244454,0.000050,0.057961,0.006644,0.240751,0.000000,0.000000,0.000000,1.105958,-0.658027,-0.000000,1.568296,-0.836654,-1.096676,3.140000,-0.200000,0.000000,0.000000,0.000000,0.000000,0.000000,0.000000
1778443116.657706,sequential_ik_elbow_then_wrist,0,0,-0.215952,0.107495,-0.178353,-0.409622,-0.045959,-0.008224,-0.122839,-0.081486,-0.261286,-0.409897,-0.080366,-0.348444,0.000000,0.059773,0.000422,0.244478,0.000017,0.049280,0.003812,0.221991,0.000000,0.000000,0.000000,1.106978,-0.653128,-0.000000,1.586384,-0.866229,-1.086536,3.140000,-0.200000,0.000000,0.000000,0.000000,0.000000,0.000000,0.000000
1778443116.719341,sequential_ik_elbow_then_wrist,0,0,-0.214053,0.108185,-0.180215,-0.409089,-0.044656,-0.011099,-0.124764,-0.080686,-0.260622,-0.409008,-0.078743,-0.356546,0.000001,0.060119,0.000817,0.245191,0.000015,0.045759,0.003755,0.213912,0.000000,0.000000,0.000000,1.106654,-0.650661,-0.000000,1.601869,-0.891488,-1.078535,3.140000,-0.200000,0.000000,0.000000,0.000000,0.000000,0.000000,0.000000
1778443116.775064,sequential_ik_elbow_then_wrist,0,0,-0.210310,0.110389,-0.183259,-0.406783,-0.042552,-0.015904,-0.116323,-0.080029,-0.264697,-0.393212,-0.079579,-0.380162,0.000006,0.061084,0.001930,0.247150,0.000008,0.038623,0.001921,0.196528,0.000000,0.000000,0.000000,1.103723,-0.651438,-0.000000,1.616107,-0.910451,-1.077558,3.140000,-0.200000,0.000000,0.000000,0.000000,0.000000,0.000000,0.000000
1778443116.828294,sequential_ik_elbow_then_wrist,0,0,-0.211501,0.111098,-0.181451,-0.410252,-0.041342,-0.016344,-0.115105,-0.079480,-0.265393,-0.391338,-0.079989,-0.382420,0.000001,0.062010,0.000733,0.249017,0.000002,0.038665,0.000871,0.196635,0.000000,0.000000,0.000000,1.100413,-0.651226,-0.000000,1.625497,-0.924585,-1.078902,3.140000,-0.200000,0.000000,0.000000,0.000000,0.000000,0.000000,0.000000
1778443116.889954,sequential_ik_elbow_then_wrist,0,0,-0.210803,0.113043,-0.181062,-0.410188,-0.039495,-0.016813,-0.118359,-0.078171,-0.264349,-0.396105,-0.078821,-0.377738,0.000002,0.062647,0.001054,0.250293,0.000004,0.040184,0.001818,0.200459,0.000000,0.000000,0.000000,1.096213,-0.650581,-0.000000,1.632162,-0.936566,-1.079035,3.140000,-0.200000,0.000000,0.000000,0.000000,0.000000,0.000000,0.000000
1778443116.964435,sequential_ik_elbow_then_wrist,0,0,-0.211100,0.113790,-0.180246,-0.410955,-0.040206,-0.017940,-0.120600,-0.078103,-0.263355,-0.400438,-0.075743,-0.371452,0.000001,0.064193,0.000655,0.253364,0.000006,0.042001,0.002253,0.204941,0.000000,0.000000,0.000000,1.092055,-0.649349,-0.000000,1.636554,-0.947207,-1.077648,3.140000,-0.200000,0.000000,0.000000,0.000000,0.000000,0.000000,0.000000
1778443117.021973,sequential_ik_elbow_then_wrist,0,0,-0.219069,0.111372,-0.172061,-0.420269,-0.039961,-0.008914,-0.123366,-0.076197,-0.262631,-0.405832,-0.078403,-0.363665,0.000018,0.062711,0.003075,0.250402,0.000015,0.042859,0.003739,0.207024,0.000000,0.000000,0.000000,1.092171,-0.642009,-0.000000,1.632230,-0.957939,-1.075346,3.140000,-0.200000,0.000000,0.000000,0.000000,0.000000,0.000000,0.000000
1778443117.087151,sequential_ik_elbow_then_wrist,0,0,-0.219804,0.112850,-0.170151,-0.419327,-0.039084,-0.005510,-0.125010,-0.072784,-0.262821,-0.408692,-0.076647,-0.360337,0.000003,0.061873,0.001134,0.248740,0.000030,0.043157,0.005217,0.207743,0.000000,0.000000,0.000000,1.092864,-0.633525,-0.000000,1.625760,-0.969827,-1.073588,3.140000,-0.200000,0.000000,0.000000,0.000000,0.000000,0.000000,0.000000
1778443117.134385,sequential_ik_elbow_then_wrist,0,0,-0.219759,0.112906,-0.170171,-0.420243,-0.039038,-0.006711,-0.125118,-0.069442,-0.263672,-0.409188,-0.075183,-0.359961,0.000000,0.062186,0.000261,0.249369,0.000036,0.042601,0.005708,0.206401,0.000000,0.000000,0.000000,1.093564,-0.626427,-0.000000,1.618135,-0.982902,-1.073359,3.140000,-0.200000,0.000000,0.000000,0.000000,0.000000,0.000000,0.000000
1778443117.214498,sequential_ik_elbow_then_wrist,0,0,-0.218857,0.111848,-0.172021,-0.419227,-0.039993,-0.008326,-0.125421,-0.066961,-0.264170,-0.410535,-0.075653,-0.357094,0.000001,0.062162,0.000514,0.249324,0.000035,0.042552,0.005640,0.206282,0.000000,0.000000,0.000000,1.094489,-0.622273,-0.000000,1.612045,-0.996795,-1.074081,3.140000,-0.200000,0.000000,0.000000,0.000000,0.000000,0.000000,0.000000
1778443117.263535,sequential_ik_elbow_then_wrist,0,0,-0.220259,0.111947,-0.170159,-0.418801,-0.039490,-0.003882,-0.122435,-0.063892,-0.266322,-0.407486,-0.074782,-0.359207,0.000001,0.061039,0.000500,0.247061,0.000028,0.042020,0.004981,0.204987,0.000000,0.000000,0.000000,1.095676,-0.618002,-0.000000,1.608319,-1.010678,-1.077659,3.140000,-0.200000,0.000000,0.000000,0.000000,0.000000,0.000000,0.000000
1778443117.315261,sequential_ik_elbow_then_wrist,0,0,-0.221469,0.110419,-0.169585,-0.420581,-0.039867,-0.002947,-0.123404,-0.063274,-0.266022,-0.409916,-0.075219,-0.354159,0.000001,0.060359,0.000825,0.245679,0.000019,0.043113,0.004224,0.207637,0.000000,0.000000,0.000000,1.097941,-0.614072,-0.000000,1.604051,-1.024090,-1.080656,3.140000,-0.200000,0.000000,0.000000,0.000000,0.000000,0.000000,0.000000
1778443117.378693,sequential_ik_elbow_then_wrist,0,0,-0.221223,0.110088,-0.170121,-0.419194,-0.039814,-0.001787,-0.121052,-0.064348,-0.266844,-0.406945,-0.077632,-0.356782,0.000000,0.059474,0.000360,0.243873,0.000003,0.041636,0.001606,0.204048,0.000000,0.000000,0.000000,1.100267,-0.611330,-0.000000,1.601351,-1.035323,-1.084061,3.140000,-0.200000,0.000000,0.000000,0.000000,0.000000,0.000000,0.000000
1778443117.444042,sequential_ik_elbow_then_wrist,0,0,-0.220766,0.109544,-0.171063,-0.418483,-0.039490,-0.001662,-0.116229,-0.064553,-0.268931,-0.400793,-0.078137,-0.362946,0.000000,0.058750,0.000363,0.242383,0.000004,0.040557,0.001345,0.201387,0.000000,0.000000,0.000000,1.102428,-0.610007,-0.000000,1.600100,-1.043409,-1.089763,3.140000,-0.200000,0.000000,0.000000,0.000000,0.000000,0.000000,0.000000
1778443117.503709,sequential_ik_elbow_then_wrist,0,0,-0.216723,0.110335,-0.175662,-0.409233,-0.040256,-0.001701,-0.107014,-0.063364,-0.273007,-0.388958,-0.078390,-0.374406,0.000005,0.058327,0.001592,0.241481,0.000024,0.039429,0.003944,0.198568,0.000000,0.000000,0.000000,1.102647,-0.612655,-0.000000,1.608005,-1.047656,-1.100697,3.140000,-0.200000,0.000000,0.000000,0.000000,0.000000,0.000000,0.000000
1778443117.561911,sequential_ik_elbow_then_wrist,0,0,-0.213786,0.107638,-0.180858,-0.405369,-0.040119,-0.003478,-0.105701,-0.063403,-0.273509,-0.388395,-0.078738,-0.372752,0.000007,0.056853,0.001790,0.238420,0.000010,0.041763,0.003012,0.204361,0.000000,0.000000,0.000000,1.102966,-0.619487,-0.000000,1.621330,-1.049176,-1.111266,3.140000,-0.200000,0.000000,0.000000,0.000000,0.000000,0.000000,0.000000
1778443117.630363,sequential_ik_elbow_then_wrist,0,0,-0.212437,0.104771,-0.184102,-0.404839,-0.041381,-0.006279,-0.109569,-0.064798,-0.271654,-0.391154,-0.079593,-0.374078,0.000005,0.056018,0.001559,0.236678,0.000005,0.040759,0.001865,0.201888,0.000000,0.000000,0.000000,1.104481,-0.628305,-0.000000,1.634860,-1.049337,-1.117058,3.140000,-0.200000,0.000000,0.000000,0.000000,0.000000,0.000000,0.000000
1778443117.693616,sequential_ik_elbow_then_wrist,0,0,-0.212715,0.102209,-0.185218,-0.403572,-0.044746,-0.006394,-0.109705,-0.065365,-0.271463,-0.391265,-0.081010,-0.373829,0.000003,0.055551,0.001402,0.235690,0.000003,0.040430,0.001611,0.201072,0.000000,0.000000,0.000000,1.107621,-0.636711,-0.000000,1.647749,-1.048501,-1.120669,3.140000,-0.200000,0.000000,0.000000,0.000000,0.000000,0.000000,0.000000
1778443117.743917,sequential_ik_elbow_then_wrist,0,0,-0.214148,0.098536,-0.185557,-0.399579,-0.049734,-0.002169,-0.108461,-0.066183,-0.271765,-0.389589,-0.086060,-0.374584,0.000006,0.054235,0.002045,0.232877,0.000005,0.039685,0.002210,0.199210,0.000000,0.000000,0.000000,1.113217,-0.643761,-0.000000,1.662284,-1.046531,-1.123677,3.140000,-0.200000,0.000000,0.000000,0.000000,0.000000,0.000000,0.000000
1778443117.795738,sequential_ik_elbow_then_wrist,0,0,-0.213836,0.097652,-0.186383,-0.399078,-0.050394,-0.002622,-0.108240,-0.066726,-0.271720,-0.385220,-0.084288,-0.385623,0.000002,0.053205,0.001102,0.230660,0.000005,0.036317,0.002112,0.190570,0.000000,0.000000,0.000000,1.119140,-0.649913,-0.000000,1.674707,-1.043757,-1.125958,3.140000,-0.200000,0.000000,0.000000,0.000000,0.000000,0.000000,0.000000
1778443117.857417,sequential_ik_elbow_then_wrist,0,0,-0.213512,0.097938,-0.186603,-0.398911,-0.049455,-0.002476,-0.108855,-0.067860,-0.271193,-0.385994,-0.082456,-0.385128,0.000000,0.052411,0.000294,0.228934,0.000005,0.036846,0.002113,0.191953,0.000000,0.000000,0.000000,1.124053,-0.654943,-0.000000,1.684464,-1.040376,-1.126925,3.140000,-0.200000,0.000000,0.000000,0.000000,0.000000,0.000000,0.000000
1778443117.915943,sequential_ik_elbow_then_wrist,0,0,-0.213784,0.096730,-0.186921,-0.399748,-0.050037,-0.002865,-0.109225,-0.067795,-0.271060,-0.387208,-0.082694,-0.382879,0.000001,0.052103,0.000595,0.228261,0.000002,0.037737,0.001398,0.194261,0.000000,0.000000,0.000000,1.128699,-0.659098,-0.000000,1.691165,-1.036956,-1.127288,3.140000,-0.200000,0.000000,0.000000,0.000000,0.000000,0.000000,0.000000
1778443117.980807,sequential_ik_elbow_then_wrist,0,0,-0.216518,0.093050,-0.185639,-0.402431,-0.052118,-0.000268,-0.111824,-0.067601,-0.270047,-0.395168,-0.084767,-0.367110,0.000006,0.050910,0.002022,0.225630,0.000001,0.042695,0.000577,0.206629,0.000000,0.000000,0.000000,1.135359,-0.661329,-0.000000,1.693719,-1.034413,-1.126026,3.140000,-0.200000,0.000000,0.000000,0.000000,0.000000,0.000000,0.000000
1778443118.036319,sequential_ik_elbow_then_wrist,0,0,-0.216015,0.090965,-0.187250,-0.402121,-0.052865,-0.001031,-0.102525,-0.068970,-0.273371,-0.373518,-0.091255,-0.400123,0.000003,0.049530,0.001513,0.222553,0.000028,0.031601,0.004806,0.177768,0.000000,0.000000,0.000000,1.142710,-0.664078,-0.000000,1.694219,-1.029776,-1.129611,3.140000,-0.200000,0.000000,0.000000,0.000000,0.000000,0.000000,0.000000
1778443118.102085,sequential_ik_elbow_then_wrist,0,0,-0.211844,0.086808,-0.193872,-0.423970,-0.057492,-0.038373,-0.079359,-0.072157,-0.280170,-0.314990,-0.099424,-0.463840,0.000013,0.055717,0.002532,0.235805,0.000309,0.014887,0.016395,0.122012,0.000000,0.000000,0.000000,1.150554,-0.671699,-0.000000,1.669072,-1.017895,-1.144989,3.140000,-0.200000,0.000000,0.000000,0.000000,0.000000,0.000000,0.000000
1778443118.162555,sequential_ik_elbow_then_wrist,0,0,-0.212027,0.085147,-0.194408,-0.426755,-0.058749,-0.042140,-0.073800,-0.073064,-0.281452,-0.309668,-0.099581,-0.464926,0.000003,0.054801,0.001423,0.234045,0.000283,0.017283,0.016351,0.131465,0.000000,0.000000,0.000000,1.158422,-0.679189,-0.000000,1.638170,-1.001006,-1.161894,3.140000,-0.200000,0.000000,0.000000,0.000000,0.000000,0.000000,0.000000
1778443118.225719,sequential_ik_elbow_then_wrist,0,0,-0.213998,0.085791,-0.191950,-0.429440,-0.057698,-0.040308,-0.074135,-0.074016,-0.281115,-0.315936,-0.101196,-0.456596,0.000001,0.053846,0.000831,0.232032,0.000203,0.021307,0.013980,0.145970,0.000000,0.000000,0.000000,1.165277,-0.683285,-0.000000,1.608417,-0.981568,-1.175112,3.140000,-0.200000,0.000000,0.000000,0.000000,0.000000,0.000000,0.000000
1778443118.283603,sequential_ik_elbow_then_wrist,0,0,-0.218348,0.085287,-0.187218,-0.429953,-0.060250,-0.032162,-0.068114,-0.073435,-0.282786,-0.311214,-0.104862,-0.455745,0.000007,0.053558,0.001870,0.231425,0.000219,0.022893,0.014480,0.151303,0.000000,0.000000,0.000000,1.172135,-0.682268,-0.000000,1.584304,-0.960187,-1.188330,3.140000,-0.200000,0.000000,0.000000,0.000000,0.000000,0.000000,0.000000
1778443118.352620,sequential_ik_elbow_then_wrist,0,0,-0.223112,0.085031,-0.181634,-0.432179,-0.060953,-0.023584,-0.068334,-0.072309,-0.283023,-0.313627,-0.106515,-0.452320,0.000011,0.052554,0.002301,0.229244,0.000133,0.025509,0.011340,0.159714,0.000000,0.000000,0.000000,1.179234,-0.676181,-0.000000,1.563969,-0.938859,-1.199278,3.140000,-0.200000,0.000000,0.000000,0.000000,0.000000,0.000000,0.000000
1778443118.399960,sequential_ik_elbow_then_wrist,0,0,-0.226779,0.086910,-0.176118,-0.432301,-0.062068,-0.016223,-0.072834,-0.070296,-0.282407,-0.317891,-0.103129,-0.452315,0.000009,0.052904,0.002044,0.230007,0.000035,0.027114,0.005816,0.164663,0.000000,0.000000,0.000000,1.185096,-0.666098,-0.000000,1.547383,-0.920030,-1.206353,3.140000,-0.200000,0.000000,0.000000,0.000000,0.000000,0.000000,0.000000
1778443118.475961,sequential_ik_elbow_then_wrist,0,0,-0.229502,0.090055,-0.170935,-0.431036,-0.060247,-0.007248,-0.078216,-0.069974,-0.281044,-0.326473,-0.102545,-0.446295,0.000009,0.052771,0.002012,0.229719,0.000005,0.029449,0.001995,0.171607,0.000000,0.000000,0.000000,1.188514,-0.653267,-0.000000,1.535739,-0.904930,-1.208899,3.140000,-0.200000,0.000000,0.000000,0.000000,0.000000,0.000000,0.000000
1778443118.523306,sequential_ik_elbow_then_wrist,0,0,-0.228191,0.096924,-0.168922,-0.426404,-0.053921,-0.001717,-0.086035,-0.072162,-0.278192,-0.343762,-0.104299,-0.428338,0.000013,0.053135,0.002866,0.230504,0.000012,0.034515,0.002499,0.185782,0.000000,0.000000,0.000000,1.186461,-0.640837,-0.000000,1.531412,-0.894167,-1.205322,3.140000,-0.200000,0.000000,0.000000,0.000000,0.000000,0.000000,0.000000
1778443118.582582,sequential_ik_elbow_then_wrist,0,0,-0.229760,0.100655,-0.164556,-0.424033,-0.052230,0.005398,-0.094773,-0.073084,-0.275094,-0.356744,-0.106724,-0.417359,0.000010,0.054669,0.002416,0.233806,0.000039,0.036078,0.005576,0.189943,0.000000,0.000000,0.000000,1.181463,-0.627531,-0.000000,1.532943,-0.888708,-1.196466,3.140000,-0.200000,0.000000,0.000000,0.000000,0.000000,0.000000,0.000000
1778443118.648787,sequential_ik_elbow_then_wrist,0,0,-0.231288,0.100612,-0.162429,-0.427170,-0.049912,0.007786,-0.094796,-0.072116,-0.275342,-0.357554,-0.105990,-0.416092,0.000002,0.054695,0.001015,0.233870,0.000022,0.035282,0.004600,0.187834,0.000000,0.000000,0.000000,1.176856,-0.614965,-0.000000,1.533229,-0.887090,-1.188703,3.140000,-0.200000,0.000000,0.000000,0.000000,0.000000,0.000000,0.000000
1778443118.705267,sequential_ik_elbow_then_wrist,0,0,-0.233554,0.101710,-0.158454,-0.427858,-0.049040,0.013361,-0.092316,-0.070706,-0.276547,-0.347837,-0.102926,-0.430400,0.000004,0.054586,0.001299,0.233636,0.000012,0.030532,0.003292,0.174733,0.000000,0.000000,0.000000,1.173007,-0.601951,-0.000000,1.532723,-0.887629,-1.184432,3.140000,-0.200000,0.000000,0.000000,0.000000,0.000000,0.000000,0.000000
1778443118.772455,sequential_ik_elbow_then_wrist,0,0,-0.235481,0.100466,-0.156382,-0.429527,-0.050278,0.015730,-0.091879,-0.071183,-0.276571,-0.353237,-0.103932,-0.420165,0.000002,0.054603,0.001028,0.233672,0.000004,0.033599,0.002059,0.183302,0.000000,0.000000,0.000000,1.171154,-0.589766,-0.000000,1.530251,-0.889151,-1.181579,3.140000,-0.200000,0.000000,0.000000,0.000000,0.000000,0.000000,0.000000
1778443118.822216,sequential_ik_elbow_then_wrist,0,0,-0.236039,0.100751,-0.155354,-0.431140,-0.049327,0.016146,-0.091986,-0.071929,-0.276342,-0.353228,-0.104219,-0.420251,0.000001,0.054279,0.000503,0.232976,0.000002,0.033179,0.001223,0.182152,0.000000,0.000000,0.000000,1.170078,-0.579238,-0.000000,1.525602,-0.890968,-1.179129,3.140000,-0.200000,0.000000,0.000000,0.000000,0.000000,0.000000,0.000000
1778443118.883879,sequential_ik_elbow_then_wrist,0,0,-0.237383,0.099889,-0.153855,-0.431954,-0.050892,0.017631,-0.091314,-0.072693,-0.276365,-0.349417,-0.103623,-0.426118,0.000001,0.054389,0.000710,0.233213,0.000000,0.031065,0.000161,0.176254,0.000000,0.000000,0.000000,1.170196,-0.569868,-0.000000,1.520172,-0.892436,-1.177234,3.140000,-0.200000,0.000000,0.000000,0.000000,0.000000,0.000000,0.000000
1778443118.957818,sequential_ik_elbow_then_wrist,0,0,-0.237621,0.099521,-0.153727,-0.433682,-0.051417,0.015913,-0.090341,-0.073543,-0.276460,-0.344283,-0.105223,-0.433015,0.000000,0.054639,0.000341,0.233747,0.000001,0.028472,0.000882,0.168735,0.000000,0.000000,0.000000,1.170865,-0.562341,-0.000000,1.513186,-0.893075,-1.175940,3.140000,-0.200000,0.000000,0.000000,0.000000,0.000000,0.000000,0.000000
1778443119.017694,sequential_ik_elbow_then_wrist,0,0,-0.237085,0.098988,-0.154894,-0.433981,-0.052429,0.013346,-0.089174,-0.075657,-0.276268,-0.338665,-0.106716,-0.439943,0.000000,0.055023,0.000339,0.234569,0.000007,0.026038,0.002580,0.161361,0.000000,0.000000,0.000000,1.171741,-0.557367,-0.000000,1.506180,-0.892160,-1.174702,3.140000,-0.200000,0.000000,0.000000,0.000000,0.000000,0.000000,0.000000
1778443119.064612,sequential_ik_elbow_then_wrist,0,0,-0.233376,0.098080,-0.160985,-0.435530,-0.051036,0.003022,-0.081267,-0.077415,-0.278213,-0.319076,-0.107490,-0.458608,0.000007,0.055171,0.001708,0.234882,0.000057,0.020989,0.007253,0.144876,0.000000,0.000000,0.000000,1.172158,-0.558178,-0.000000,1.497935,-0.887682,-1.176979,3.140000,-0.200000,0.000000,0.000000,0.000000,0.000000,0.000000,0.000000
1778443119.127208,sequential_ik_elbow_then_wrist,0,0,-0.233291,0.093367,-0.163883,-0.435476,-0.054492,0.001220,-0.079480,-0.077322,-0.278755,-0.316193,-0.108052,-0.460476,0.000006,0.054165,0.001862,0.232734,0.000047,0.021520,0.006681,0.146696,0.000000,0.000000,0.000000,1.175087,-0.561976,-0.000000,1.491617,-0.880852,-1.180325,3.140000,-0.200000,0.000000,0.000000,0.000000,0.000000,0.000000,0.000000
1778443119.181635,sequential_ik_elbow_then_wrist,0,0,-0.232505,0.093315,-0.165026,-0.435132,-0.053810,0.000191,-0.078554,-0.077366,-0.279005,-0.313260,-0.109492,-0.463074,0.000001,0.053060,0.000715,0.230347,0.000037,0.021419,0.005921,0.146354,0.000000,0.000000,0.000000,1.178059,-0.566429,-0.000000,1.487141,-0.872654,-1.183628,3.140000,-0.200000,0.000000,0.000000,0.000000,0.000000,0.000000,0.000000
1778443119.247914,sequential_ik_elbow_then_wrist,0,0,-0.231929,0.092613,-0.166227,-0.435359,-0.054131,-0.001660,-0.078786,-0.077369,-0.278939,-0.314384,-0.111719,-0.461459,0.000001,0.052778,0.000551,0.229736,0.000023,0.022258,0.004675,0.149191,0.000000,0.000000,0.000000,1.180849,-0.571061,-0.000000,1.483590,-0.864054,-1.186162,3.140000,-0.200000,0.000000,0.000000,0.000000,0.000000,0.000000,0.000000
1778443119.304473,sequential_ik_elbow_then_wrist,0,0,-0.229482,0.090797,-0.170569,-0.430931,-0.053099,-0.001123,-0.079131,-0.074721,-0.279562,-0.317605,-0.110801,-0.457967,0.000004,0.050753,0.001362,0.225276,0.000005,0.024245,0.002052,0.155707,0.000000,0.000000,0.000000,1.183640,-0.578104,-0.000000,1.485542,-0.856504,-1.189092,3.140000,-0.200000,0.000000,0.000000,0.000000,0.000000,0.000000,0.000000
1778443119.371520,sequential_ik_elbow_then_wrist,0,0,-0.228200,0.089437,-0.172990,-0.426935,-0.054511,-0.000411,-0.073881,-0.073577,-0.281297,-0.309411,-0.109001,-0.463700,0.000002,0.049937,0.001063,0.223453,0.000019,0.023395,0.004069,0.152954,0.000000,0.000000,0.000000,1.186494,-0.586085,-0.000000,1.492917,-0.848880,-1.194597,3.140000,-0.200000,0.000000,0.000000,0.000000,0.000000,0.000000,0.000000
1778443119.426252,sequential_ik_elbow_then_wrist,0,0,-0.226621,0.090729,-0.174388,-0.427741,-0.051633,-0.003265,-0.073949,-0.073917,-0.281190,-0.307861,-0.107802,-0.465953,0.000001,0.049408,0.000790,0.222279,0.000012,0.023528,0.003392,0.153387,0.000000,0.000000,0.000000,1.187819,-0.593809,-0.000000,1.499732,-0.841470,-1.199330,3.140000,-0.200000,0.000000,0.000000,0.000000,0.000000,0.000000,0.000000
1778443119.502318,sequential_ik_elbow_then_wrist,0,0,-0.225765,0.089500,-0.176125,-0.429230,-0.052124,-0.007173,-0.072812,-0.073444,-0.281610,-0.303731,-0.107410,-0.470086,0.000001,0.049702,0.000642,0.222939,0.000011,0.022762,0.003189,0.150871,0.000000,0.000000,0.000000,1.189032,-0.601379,-0.000000,1.503929,-0.834340,-1.203797,3.140000,-0.200000,0.000000,0.000000,0.000000,0.000000,0.000000,0.000000
1778443119.548549,sequential_ik_elbow_then_wrist,0,0,-0.223992,0.089097,-0.178576,-0.428152,-0.053979,-0.011699,-0.073966,-0.072446,-0.281568,-0.302695,-0.105664,-0.472825,0.000002,0.050620,0.000841,0.224988,0.000002,0.022637,0.001376,0.150457,0.000000,0.000000,0.000000,1.189855,-0.609396,-0.000000,1.507313,-0.828274,-1.207289,3.140000,-0.200000,0.000000,0.000000,0.000000,0.000000,0.000000,0.000000
1778443119.613878,sequential_ik_elbow_then_wrist,0,0,-0.224706,0.088343,-0.178053,-0.427935,-0.054148,-0.009548,-0.074317,-0.071380,-0.281748,-0.303235,-0.105926,-0.472543,0.000000,0.049956,0.000342,0.223508,0.000000,0.022894,0.000326,0.151309,0.000000,0.000000,0.000000,1.191042,-0.615605,-0.000000,1.510917,-0.823524,-1.210282,3.140000,-0.200000,0.000000,0.000000,0.000000,0.000000,0.000000,0.000000
1778443119.678400,sequential_ik_elbow_then_wrist,0,0,-0.225723,0.088694,-0.176585,-0.426822,-0.053262,-0.005099,-0.070150,-0.069495,-0.283283,-0.298727,-0.102910,-0.474689,0.000000,0.048997,0.000431,0.221351,0.000005,0.023045,0.001869,0.151805,0.000000,0.000000,0.000000,1.192185,-0.619229,-0.000000,1.515567,-0.819217,-1.215458,3.140000,-0.200000,0.000000,0.000000,0.000000,0.000000,0.000000,0.000000
1778443119.733088,sequential_ik_elbow_then_wrist,0,0,-0.226147,0.088892,-0.175943,-0.425825,-0.052948,-0.002709,-0.067255,-0.068666,-0.284186,-0.294983,-0.100968,-0.476791,0.000000,0.048599,0.000278,0.220452,0.000008,0.023173,0.002649,0.152228,0.000000,0.000000,0.000000,1.193124,-0.621242,-0.000000,1.520729,-0.814847,-1.221784,3.140000,-0.200000,0.000000,0.000000,0.000000,0.000000,0.000000,0.000000
1778443119.796474,sequential_ik_elbow_then_wrist,0,0,-0.226605,0.088495,-0.175553,-0.426653,-0.053205,-0.002632,-0.065465,-0.068301,-0.284692,-0.292244,-0.100713,-0.478394,0.000000,0.048575,0.000276,0.220398,0.000010,0.023151,0.003032,0.152155,0.000000,0.000000,0.000000,1.194199,-0.622306,-0.000000,1.524320,-0.810250,-1.228130,3.140000,-0.200000,0.000000,0.000000,0.000000,0.000000,0.000000,0.000000
1778443119.873295,sequential_ik_elbow_then_wrist,0,0,-0.227405,0.088249,-0.174640,-0.425608,-0.054772,-0.000685,-0.061237,-0.068434,-0.285599,-0.287225,-0.104584,-0.479565,0.000000,0.048750,0.000402,0.220794,0.000029,0.022524,0.005268,0.150080,0.000000,0.000000,0.000000,1.195472,-0.622314,-0.000000,1.527926,-0.804590,-1.235172,3.140000,-0.200000,0.000000,0.000000,0.000000,0.000000,0.000000,0.000000
1778443119.916716,sequential_ik_elbow_then_wrist,0,0,-0.226764,0.089067,-0.175057,-0.426481,-0.053642,-0.002583,-0.059696,-0.067646,-0.286113,-0.284082,-0.102130,-0.482229,0.000000,0.048872,0.000272,0.221071,0.000026,0.022732,0.005010,0.150772,0.000000,0.000000,0.000000,1.195990,-0.622454,-0.000000,1.529704,-0.798271,-1.242069,3.140000,-0.200000,0.000000,0.000000,0.000000,0.000000,0.000000,0.000000
1778443119.978505,sequential_ik_elbow_then_wrist,0,0,-0.226890,0.089827,-0.174506,-0.426841,-0.052697,-0.002149,-0.060235,-0.067064,-0.286137,-0.284968,-0.101304,-0.481899,0.000000,0.048942,0.000371,0.221229,0.000014,0.023583,0.003641,0.153569,0.000000,0.000000,0.000000,1.195807,-0.622173,-0.000000,1.530554,-0.792009,-1.247671,3.140000,-0.200000,0.000000,0.000000,0.000000,0.000000,0.000000,0.000000
1778443120.039536,sequential_ik_elbow_then_wrist,0,0,-0.226655,0.090630,-0.174395,-0.427131,-0.051060,-0.001961,-0.062472,-0.065362,-0.286051,-0.289088,-0.100364,-0.479494,0.000000,0.048820,0.000437,0.220952,0.000001,0.025087,0.000739,0.158388,0.000000,0.000000,0.000000,1.194936,-0.621786,-0.000000,1.530853,-0.786954,-1.251790,3.140000,-0.200000,0.000000,0.000000,0.000000,0.000000,0.000000,0.000000
1778443120.100580,sequential_ik_elbow_then_wrist,0,0,-0.226722,0.091251,-0.173984,-0.425759,-0.050475,0.000080,-0.061916,-0.061556,-0.287014,-0.288858,-0.098644,-0.479684,0.000000,0.048748,0.000384,0.220789,0.000003,0.025722,0.001516,0.160380,0.000000,0.000000,0.000000,1.193663,-0.621140,-0.000000,1.532559,-0.783633,-1.256901,3.140000,-0.200000,0.000000,0.000000,0.000000,0.000000,0.000000,0.000000
1778443120.160052,sequential_ik_elbow_then_wrist,0,0,-0.227014,0.091001,-0.173734,-0.424437,-0.052201,0.000958,-0.062798,-0.059150,-0.287328,-0.290192,-0.098843,-0.478945,0.000000,0.049339,0.000100,0.222123,0.000011,0.026209,0.003224,0.161891,0.000000,0.000000,0.000000,1.192683,-0.620380,-0.000000,1.535651,-0.782339,-1.261939,3.140000,-0.200000,0.000000,0.000000,0.000000,0.000000,0.000000,0.000000
1778443120.235399,sequential_ik_elbow_then_wrist,0,0,-0.227089,0.091713,-0.173260,-0.422312,-0.052160,0.003343,-0.064032,-0.057939,-0.287303,-0.292236,-0.097367,-0.478008,0.000000,0.049247,0.000281,0.221913,0.000019,0.026720,0.004333,0.163464,0.000000,0.000000,0.000000,1.191540,-0.619383,-0.000000,1.540715,-0.783008,-1.266010,3.140000,-0.200000,0.000000,0.000000,0.000000,0.000000,0.000000,0.000000
1778443120.277485,sequential_ik_elbow_then_wrist,0,0,-0.226621,0.092128,-0.173653,-0.422229,-0.052576,0.001841,-0.065598,-0.057760,-0.286985,-0.296272,-0.098618,-0.474389,0.000000,0.049931,0.000300,0.223452,0.000025,0.027458,0.004891,0.165703,0.000000,0.000000,0.000000,1.190177,-0.618826,-0.000000,1.545338,-0.785390,-1.268500,3.140000,-0.200000,0.000000,0.000000,0.000000,0.000000,0.000000,0.000000
1778443120.345313,sequential_ik_elbow_then_wrist,0,0,-0.225994,0.092277,-0.174389,-0.421789,-0.053088,0.000348,-0.067556,-0.057968,-0.286489,-0.299277,-0.098773,-0.472608,0.000000,0.050495,0.000331,0.224712,0.000030,0.027514,0.005360,0.165874,0.000000,0.000000,0.000000,1.188728,-0.619006,-0.000000,1.549440,-0.789280,-1.269229,3.140000,-0.200000,0.000000,0.000000,0.000000,0.000000,0.000000,0.000000
1778443120.398494,sequential_ik_elbow_then_wrist,0,0,-0.226147,0.091548,-0.174576,-0.422133,-0.053412,0.000283,-0.067423,-0.058187,-0.286476,-0.299175,-0.099807,-0.472376,0.000000,0.050383,0.000207,0.224462,0.000020,0.026809,0.004446,0.163734,0.000000,0.000000,0.000000,1.187931,-0.619422,-0.000000,1.552638,-0.793983,-1.269457,3.140000,-0.200000,0.000000,0.000000,0.000000,0.000000,0.000000,0.000000
1778443120.462178,sequential_ik_elbow_then_wrist,0,0,-0.224970,0.092107,-0.175798,-0.417335,-0.055658,0.000727,-0.071628,-0.058501,-0.285389,-0.303717,-0.100718,-0.470734,0.000000,0.051105,0.000468,0.226057,0.000041,0.026608,0.006224,0.163120,0.000000,0.000000,0.000000,1.186839,-0.620732,-0.000000,1.559392,-0.800040,-1.267403,3.140000,-0.200000,0.000000,0.000000,0.000000,0.000000,0.000000,0.000000
1778443120.526540,sequential_ik_elbow_then_wrist,0,0,-0.227057,0.091165,-0.173591,-0.416365,-0.060253,0.003143,-0.076636,-0.059917,-0.283790,-0.308741,-0.104462,-0.468568,0.000001,0.052344,0.000736,0.228785,0.000059,0.025537,0.007431,0.159802,0.000000,0.000000,0.000000,1.186862,-0.620279,-0.000000,1.567212,-0.807726,-1.262258,3.140000,-0.200000,0.000000,0.000000,0.000000,0.000000,0.000000,0.000000
1778443120.586452,sequential_ik_elbow_then_wrist,0,0,-0.223011,0.091837,-0.178415,-0.410058,-0.062873,-0.002126,-0.078621,-0.062859,-0.282608,-0.311631,-0.108366,-0.466009,0.000004,0.053823,0.001382,0.231985,0.000034,0.024304,0.005581,0.155897,0.000000,0.000000,0.000000,1.185860,-0.623280,-0.000000,1.578753,-0.815980,-1.255236,3.140000,-0.200000,0.000000,0.000000,0.000000,0.000000,0.000000,0.000000
1778443120.639102,sequential_ik_elbow_then_wrist,0,0,-0.223015,0.092887,-0.177865,-0.407595,-0.062497,0.000421,-0.082473,-0.063174,-0.281438,-0.322083,-0.109475,-0.455918,0.000001,0.053716,0.000606,0.231758,0.000046,0.026401,0.006582,0.162483,0.000000,0.000000,0.000000,1.184117,-0.625905,-0.000000,1.592601,-0.825242,-1.247105,3.140000,-0.200000,0.000000,0.000000,0.000000,0.000000,0.000000,0.000000
1778443120.698112,sequential_ik_elbow_then_wrist,0,0,-0.223204,0.094341,-0.176861,-0.407375,-0.061562,0.001395,-0.083639,-0.062783,-0.281181,-0.323795,-0.107817,-0.455242,0.000001,0.054116,0.000741,0.232628,0.000041,0.025854,0.006289,0.160791,0.000000,0.000000,0.000000,1.181635,-0.627210,-0.000000,1.605407,-0.835231,-1.239821,3.140000,-0.200000,0.000000,0.000000,0.000000,0.000000,0.000000,0.000000
1778443120.755192,sequential_ik_elbow_then_wrist,0,0,-0.222428,0.096617,-0.176609,-0.407670,-0.058388,0.001321,-0.084918,-0.062275,-0.280910,-0.327339,-0.106912,-0.451907,0.000002,0.054228,0.001160,0.232870,0.000040,0.026262,0.006205,0.162056,0.000000,0.000000,0.000000,1.177826,-0.627853,-0.000000,1.615822,-0.845770,-1.233551,3.140000,-0.200000,0.000000,0.000000,0.000000,0.000000,0.000000,0.000000
1778443120.817516,sequential_ik_elbow_then_wrist,0,0,-0.222930,0.098109,-0.175148,-0.409242,-0.058326,0.000397,-0.085568,-0.060110,-0.281185,-0.330853,-0.104457,-0.448124,0.000002,0.055790,0.000969,0.236198,0.000049,0.027342,0.006863,0.165355,0.000000,0.000000,0.000000,1.173488,-0.627148,-0.000000,1.622806,-0.857041,-1.229130,3.140000,-0.200000,0.000000,0.000000,0.000000,0.000000,0.000000,0.000000
1778443120.886865,sequential_ik_elbow_then_wrist,0,0,-0.227189,0.098873,-0.169142,-0.418115,-0.055128,0.003575,-0.087084,-0.059525,-0.280844,-0.335361,-0.104310,-0.443179,0.000007,0.055699,0.001780,0.235982,0.000049,0.028248,0.006843,0.168071,0.000000,0.000000,0.000000,1.170278,-0.621813,-0.000000,1.620096,-0.868870,-1.225246,3.140000,-0.200000,0.000000,0.000000,0.000000,0.000000,0.000000,0.000000
1778443120.944156,sequential_ik_elbow_then_wrist,0,0,-0.227704,0.099357,-0.168164,-0.418162,-0.054919,0.004823,-0.086742,-0.059375,-0.280981,-0.335481,-0.103841,-0.442696,0.000001,0.055901,0.000681,0.236429,0.000032,0.027736,0.005581,0.166540,0.000000,0.000000,0.000000,1.167721,-0.615932,-0.000000,1.614623,-0.880526,-1.222367,3.140000,-0.200000,0.000000,0.000000,0.000000,0.000000,0.000000,0.000000
1778443121.009475,sequential_ik_elbow_then_wrist,0,0,-0.227657,0.099519,-0.168131,-0.417079,-0.054874,0.005887,-0.086433,-0.059803,-0.280986,-0.333572,-0.103562,-0.445326,0.000000,0.055833,0.000184,0.236290,0.000018,0.026275,0.004179,0.162095,0.000000,0.000000,0.000000,1.165633,-0.611019,-0.000000,1.610136,-0.891381,-1.220160,3.140000,-0.200000,0.000000,0.000000,0.000000,0.000000,0.000000,0.000000
1778443121.068220,sequential_ik_elbow_then_wrist,0,0,-0.227481,0.099711,-0.168256,-0.413778,-0.056670,0.007354,-0.084290,-0.060131,-0.281566,-0.326033,-0.103425,-0.453863,0.000000,0.056272,0.000117,0.237213,0.000005,0.023214,0.002213,0.152362,0.000000,0.000000,0.000000,1.163841,-0.607277,-0.000000,1.609714,-0.900664,-1.219468,3.140000,-0.200000,0.000000,0.000000,0.000000,0.000000,0.000000,0.000000
1778443121.120146,sequential_ik_elbow_then_wrist,0,0,-0.227965,0.099181,-0.167915,-0.414428,-0.057481,0.007267,-0.083424,-0.060394,-0.281768,-0.322849,-0.104046,-0.457181,0.000000,0.056494,0.000221,0.237685,0.000002,0.022000,0.001229,0.148324,0.000000,0.000000,0.000000,1.162829,-0.604176,-0.000000,1.609865,-0.908287,-1.219519,3.140000,-0.200000,0.000000,0.000000,0.000000,0.000000,0.000000,0.000000
1778443121.189761,sequential_ik_elbow_then_wrist,0,0,-0.228261,0.099319,-0.167429,-0.415702,-0.057026,0.006990,-0.083224,-0.060833,-0.281732,-0.323113,-0.103135,-0.456843,0.000000,0.056455,0.000170,0.237603,0.000000,0.022169,0.000616,0.148892,0.000000,0.000000,0.000000,1.162178,-0.601401,-0.000000,1.608838,-0.914368,-1.219623,3.140000,-0.200000,0.000000,0.000000,0.000000,0.000000,0.000000,0.000000
1778443121.253256,sequential_ik_elbow_then_wrist,0,0,-0.232185,0.097937,-0.162783,-0.424412,-0.054876,0.009545,-0.080537,-0.061352,-0.282400,-0.317871,-0.106138,-0.460351,0.000005,0.055301,0.001653,0.235136,0.000002,0.020803,0.001257,0.144231,0.000000,0.000000,0.000000,1.163488,-0.595763,-0.000000,1.599764,-0.918448,-1.220929,3.140000,-0.200000,0.000000,0.000000,0.000000,0.000000,0.000000,0.000000
1778443121.305589,sequential_ik_elbow_then_wrist,0,0,-0.236893,0.095557,-0.157323,-0.428199,-0.055397,0.017648,-0.078621,-0.060481,-0.283127,-0.316895,-0.105021,-0.459880,0.000012,0.053297,0.002466,0.230846,0.000003,0.021629,0.001488,0.147068,0.000000,0.000000,0.000000,1.167618,-0.586692,-0.000000,1.586311,-0.920932,-1.223547,3.140000,-0.200000,0.000000,0.000000,0.000000,0.000000,0.000000,0.000000
1778443121.372641,sequential_ik_elbow_then_wrist,0,0,-0.235969,0.095962,-0.158461,-0.426822,-0.054165,0.017712,-0.077769,-0.060676,-0.283320,-0.317206,-0.104805,-0.458598,0.000000,0.052242,0.000347,0.228562,0.000003,0.022440,0.001735,0.149800,0.000000,0.000000,0.000000,1.171370,-0.579523,-0.000000,1.573879,-0.922056,-1.226274,3.140000,-0.200000,0.000000,0.000000,0.000000,0.000000,0.000000,0.000000
1778443121.422771,sequential_ik_elbow_then_wrist,0,0,-0.235793,0.096807,-0.158208,-0.425379,-0.051649,0.020727,-0.080029,-0.060553,-0.282716,-0.327468,-0.105692,-0.446230,0.000000,0.050929,0.000197,0.225675,0.000000,0.026555,0.000418,0.162956,0.000000,0.000000,0.000000,1.173898,-0.573829,-0.000000,1.565177,-0.922812,-1.227383,3.140000,-0.200000,0.000000,0.000000,0.000000,0.000000,0.000000,0.000000
1778443121.479524,sequential_ik_elbow_then_wrist,0,0,-0.236965,0.096338,-0.156738,-0.427451,-0.049604,0.023306,-0.083205,-0.058978,-0.282132,-0.338374,-0.103332,-0.433532,0.000000,0.049772,0.000479,0.223095,0.000007,0.031147,0.002519,0.176486,0.000000,0.000000,0.000000,1.176259,-0.568379,-0.000000,1.557195,-0.924517,-1.226955,3.140000,-0.200000,0.000000,0.000000,0.000000,0.000000,0.000000,0.000000
1778443121.544986,sequential_ik_elbow_then_wrist,0,0,-0.234914,0.097104,-0.159331,-0.425951,-0.045579,0.022729,-0.082372,-0.058916,-0.282389,-0.339225,-0.101387,-0.431462,0.000001,0.048303,0.000736,0.219779,0.000003,0.031908,0.001698,0.178627,0.000000,0.000000,0.000000,1.177273,-0.565863,-0.000000,1.551911,-0.926590,-1.226797,3.140000,-0.200000,0.000000,0.000000,0.000000,0.000000,0.000000,0.000000
1778443121.604491,sequential_ik_elbow_then_wrist,0,0,-0.232515,0.099497,-0.161360,-0.427895,-0.037841,0.020202,-0.087780,-0.057985,-0.280949,-0.344665,-0.098065,-0.430628,0.000003,0.046826,0.001392,0.216392,0.000025,0.031897,0.004792,0.178598,0.000000,0.000000,0.000000,1.175827,-0.565805,-0.000000,1.546656,-0.930369,-1.224194,3.140000,-0.200000,0.000000,0.000000,0.000000,0.000000,0.000000,0.000000
1778443121.677130,sequential_ik_elbow_then_wrist,0,0,-0.228501,0.101221,-0.165957,-0.429423,-0.029902,0.014147,-0.095578,-0.055620,-0.278875,-0.358217,-0.094970,-0.418419,0.000008,0.045698,0.002073,0.213770,0.000092,0.035037,0.009265,0.187182,0.000000,0.000000,0.000000,1.172001,-0.569571,-0.000000,1.541066,-0.937729,-1.218272,3.140000,-0.200000,0.000000,0.000000,0.000000,0.000000,0.000000,0.000000
1778443121.731550,sequential_ik_elbow_then_wrist,0,0,-0.226516,0.099629,-0.169602,-0.427427,-0.027774,0.013164,-0.093597,-0.053021,-0.280051,-0.355714,-0.094042,-0.420093,0.000004,0.044510,0.001362,0.210971,0.000072,0.033581,0.008311,0.183251,0.000000,0.000000,0.000000,1.168559,-0.576015,-0.000000,1.539285,-0.947422,-1.214825,3.140000,-0.200000,0.000000,0.000000,0.000000,0.000000,0.000000,0.000000
1778443121.797127,sequential_ik_elbow_then_wrist,0,0,-0.217763,0.098461,-0.181342,-0.420555,-0.027863,0.000091,-0.094334,-0.052741,-0.279856,-0.355590,-0.094703,-0.421222,0.000031,0.044976,0.003761,0.212060,0.000056,0.032185,0.007329,0.179401,0.000000,0.000000,0.000000,1.164220,-0.590664,-0.000000,1.544366,-0.958398,-1.212065,3.140000,-0.200000,0.000000,0.000000,0.000000,0.000000,0.000000,0.000000
1778443121.858114,sequential_ik_elbow_then_wrist,0,0,-0.204522,0.096750,-0.197003,-0.403392,-0.028655,-0.010658,-0.090295,-0.053367,-0.281067,-0.350227,-0.093616,-0.425343,0.000073,0.044580,0.005801,0.211009,0.000016,0.030722,0.003862,0.175277,0.000000,0.000000,0.000000,1.157871,-0.616490,-0.000000,1.565987,-0.968576,-1.211919,3.140000,-0.200000,0.000000,0.000000,0.000000,0.000000,0.000000,0.000000
1778443121.922212,sequential_ik_elbow_then_wrist,0,0,-0.202183,0.093635,-0.200884,-0.398684,-0.027612,-0.009346,-0.088099,-0.053451,-0.281747,-0.347422,-0.094238,-0.426964,0.000013,0.042358,0.002432,0.205745,0.000005,0.030340,0.002194,0.174185,0.000000,0.000000,0.000000,1.152952,-0.642672,-0.000000,1.594992,-0.977310,-1.213435,3.140000,-0.200000,0.000000,0.000000,0.000000,0.000000,0.000000,0.000000
1778443121.975854,sequential_ik_elbow_then_wrist,0,0,-0.203484,0.092648,-0.200027,-0.400369,-0.025315,-0.006839,-0.088144,-0.053514,-0.281721,-0.347513,-0.094361,-0.426838,0.000001,0.040621,0.000659,0.201541,0.000003,0.030389,0.001737,0.174325,0.000000,0.000000,0.000000,1.150058,-0.663361,-0.000000,1.620589,-0.984760,-1.214909,3.140000,-0.200000,0.000000,0.000000,0.000000,0.000000,0.000000,0.000000
1778443122.024387,sequential_ik_elbow_then_wrist,0,0,-0.203892,0.092290,-0.199776,-0.402005,-0.023775,-0.006695,-0.088525,-0.054062,-0.281497,-0.346842,-0.094207,-0.428674,0.000000,0.039761,0.000466,0.199402,0.000002,0.029497,0.001231,0.171747,0.000000,0.000000,0.000000,1.148525,-0.679057,-0.000000,1.639612,-0.990997,-1.215695,3.140000,-0.200000,0.000000,0.000000,0.000000,0.000000,0.000000,0.000000
1778443122.100316,sequential_ik_elbow_then_wrist,0,0,-0.205891,0.092478,-0.197628,-0.404368,-0.021060,-0.003423,-0.090691,-0.054796,-0.280664,-0.352252,-0.094143,-0.422220,0.000001,0.038477,0.000813,0.196155,0.000003,0.031192,0.001558,0.176612,0.000000,0.000000,0.000000,1.148046,-0.689211,-0.000000,1.651976,-0.996427,-1.214749,3.140000,-0.200000,0.000000,0.000000,0.000000,0.000000,0.000000,0.000000
1778443122.149721,sequential_ik_elbow_then_wrist,0,0,-0.208051,0.092743,-0.195226,-0.402086,-0.023570,0.001807,-0.092761,-0.056880,-0.279571,-0.356002,-0.097299,-0.417666,0.000002,0.038602,0.000996,0.196472,0.000002,0.031417,0.001046,0.177249,0.000000,0.000000,0.000000,1.148371,-0.694562,-0.000000,1.662933,-1.000865,-1.211787,3.140000,-0.200000,0.000000,0.000000,0.000000,0.000000,0.000000,0.000000
1778443122.209728,sequential_ik_elbow_then_wrist,0,0,-0.210725,0.093113,-0.192159,-0.403177,-0.025199,0.005235,-0.097214,-0.057474,-0.277932,-0.367881,-0.098952,-0.400485,0.000003,0.038951,0.001228,0.197359,0.000007,0.036150,0.002334,0.190130,0.000000,0.000000,0.000000,1.149371,-0.695609,-0.000000,1.670743,-1.005255,-1.206297,3.140000,-0.200000,0.000000,0.000000,0.000000,0.000000,0.000000,0.000000
1778443122.271475,sequential_ik_elbow_then_wrist,0,0,-0.210825,0.093187,-0.192013,-0.403865,-0.025293,0.004705,-0.099823,-0.059145,-0.276654,-0.379669,-0.102002,-0.375898,0.000000,0.039052,0.000358,0.197615,0.000005,0.043653,0.001868,0.208932,0.000000,0.000000,0.000000,1.150424,-0.695596,-0.000000,1.675354,-1.009410,-1.199311,3.140000,-0.200000,0.000000,0.000000,0.000000,0.000000,0.000000,0.000000
1778443122.329462,sequential_ik_elbow_then_wrist,0,0,-0.210065,0.093459,-0.192713,-0.406237,-0.023470,0.001823,-0.105839,-0.059595,-0.274311,-0.390287,-0.100474,-0.360441,0.000000,0.038971,0.000204,0.197407,0.000018,0.047700,0.003717,0.218403,0.000000,0.000000,0.000000,1.151002,-0.695963,-0.000000,1.675930,-1.014426,-1.189733,3.140000,-0.200000,0.000000,0.000000,0.000000,0.000000,0.000000,0.000000
1778443122.400492,sequential_ik_elbow_then_wrist,0,0,-0.209044,0.092682,-0.194192,-0.406246,-0.021184,0.001118,-0.112671,-0.059134,-0.271677,-0.402926,-0.099530,-0.335866,0.000001,0.037941,0.000479,0.194784,0.000040,0.054729,0.005842,0.233943,0.000000,0.000000,0.000000,1.151532,-0.697523,-0.000000,1.675382,-1.021486,-1.177607,3.140000,-0.200000,0.000000,0.000000,0.000000,0.000000,0.000000,0.000000
1778443122.467911,sequential_ik_elbow_then_wrist,0,0,-0.206668,0.090645,-0.197666,-0.404634,-0.024368,-0.003807,-0.113894,-0.060040,-0.270967,-0.401999,-0.099121,-0.344917,0.000003,0.038638,0.001226,0.196565,0.000019,0.048847,0.004146,0.221014,0.000000,0.000000,0.000000,1.152526,-0.701833,-0.000000,1.675915,-1.029311,-1.166217,3.140000,-0.200000,0.000000,0.000000,0.000000,0.000000,0.000000,0.000000
1778443122.517994,sequential_ik_elbow_then_wrist,0,0,-0.207356,0.089341,-0.197539,-0.407907,-0.025347,-0.006160,-0.138387,-0.060942,-0.259105,-0.437082,-0.088354,-0.264559,0.000001,0.038704,0.000823,0.196731,0.000205,0.074464,0.012303,0.272881,0.000000,0.000000,0.000000,1.154432,-0.705719,-0.000000,1.673985,-1.042675,-1.141619,3.140000,-0.200000,0.000000,0.000000,0.000000,0.000000,0.000000,0.000000
1778443122.569121,sequential_ik_elbow_then_wrist,0,0,-0.206356,0.089684,-0.198429,-0.407728,-0.024606,-0.007675,-0.138011,-0.060075,-0.259507,-0.435837,-0.083130,-0.287218,0.000000,0.038402,0.000324,0.195965,0.000069,0.060138,0.007835,0.245230,0.000000,0.000000,0.000000,1.155929,-0.709542,-0.000000,1.671620,-1.058560,-1.119637,3.140000,-0.200000,0.000000,0.000000,0.000000,0.000000,0.000000,0.000000
1778443122.638014,sequential_ik_elbow_then_wrist,0,0,-0.205570,0.088317,-0.199853,-0.407928,-0.024063,-0.009008,-0.138681,-0.059242,-0.259341,-0.435618,-0.080684,-0.296339,0.000001,0.037767,0.000658,0.194338,0.000039,0.054489,0.005973,0.233428,0.000000,0.000000,0.000000,1.157664,-0.713822,-0.000000,1.669347,-1.075120,-1.101917,3.140000,-0.200000,0.000000,0.000000,0.000000,0.000000,0.000000,0.000000
1778443122.697399,sequential_ik_elbow_then_wrist,0,0,-0.205764,0.087771,-0.199894,-0.411115,-0.022853,-0.011232,-0.150509,-0.059073,-0.252700,-0.449892,-0.078285,-0.251721,0.000000,0.037360,0.000446,0.193282,0.000079,0.067043,0.007880,0.258927,0.000000,0.000000,0.000000,1.159591,-0.717422,-0.000000,1.664559,-1.093529,-1.080387,3.140000,-0.200000,0.000000,0.000000,0.000000,0.000000,0.000000,0.000000
1778443122.755150,sequential_ik_elbow_then_wrist,0,0,-0.205837,0.083232,-0.201752,-0.409839,-0.026276,-0.010987,-0.148867,-0.059082,-0.253669,-0.448044,-0.077433,-0.266172,0.000006,0.036492,0.002092,0.191029,0.000020,0.058672,0.004269,0.242224,0.000000,0.000000,0.000000,1.163892,-0.721788,-0.000000,1.661338,-1.111019,-1.063216,3.140000,-0.200000,0.000000,0.000000,0.000000,0.000000,0.000000,0.000000
1778443122.815175,sequential_ik_elbow_then_wrist,0,0,-0.207403,0.076963,-0.202635,-0.405033,-0.034145,-0.006172,-0.147646,-0.059207,-0.254353,-0.446462,-0.079134,-0.272015,0.000018,0.035291,0.003685,0.187848,0.000006,0.055664,0.002381,0.235932,0.000000,0.000000,0.000000,1.172295,-0.726234,-0.000000,1.663742,-1.126256,-1.050746,3.140000,-0.200000,0.000000,0.000000,0.000000,0.000000,0.000000,0.000000
1778443122.875425,sequential_ik_elbow_then_wrist,0,0,-0.213877,0.074187,-0.196858,-0.397685,-0.044499,0.008394,-0.135289,-0.061353,-0.260639,-0.428004,-0.087052,-0.321116,0.000025,0.034722,0.004029,0.186306,0.000028,0.040185,0.004108,0.200462,0.000000,0.000000,0.000000,1.183930,-0.725093,-0.000000,1.673868,-1.135546,-1.048972,3.140000,-0.200000,0.000000,0.000000,0.000000,0.000000,0.000000,0.000000
1778443122.931118,sequential_ik_elbow_then_wrist,0,0,-0.216793,0.082276,-0.190346,-0.392743,-0.046451,0.015739,-0.129718,-0.060208,-0.263720,-0.423230,-0.088134,-0.319134,0.000014,0.036277,0.002636,0.190451,0.000019,0.044812,0.003550,0.211688,0.000000,0.000000,0.000000,1.190971,-0.717910,-0.000000,1.686967,-1.140520,-1.053298,3.140000,-0.200000,0.000000,0.000000,0.000000,0.000000,0.000000,0.000000
1778443122.991118,sequential_ik_elbow_then_wrist,0,0,-0.217592,0.081527,-0.189755,-0.390210,-0.048495,0.018325,-0.100837,-0.056817,-0.276774,-0.348305,-0.083291,-0.444282,0.000001,0.036920,0.000717,0.192141,0.000208,0.013592,0.011518,0.116583,0.000000,0.000000,0.000000,1.196185,-0.710532,-0.000000,1.700305,-1.138910,-1.076742,3.140000,-0.200000,0.000000,0.000000,0.000000,0.000000,0.000000,0.000000
1778443123.053468,sequential_ik_elbow_then_wrist,0,0,-0.215629,0.084312,-0.190777,-0.390029,-0.042714,0.017668,-0.088774,-0.055488,-0.281141,-0.319265,-0.085422,-0.470819,0.000003,0.036030,0.001378,0.189814,0.000157,0.010934,0.011272,0.104565,0.000000,0.000000,0.000000,1.198057,-0.705305,-0.000000,1.711244,-1.132311,-1.106624,3.140000,-0.200000,0.000000,0.000000,0.000000,0.000000,0.000000,0.000000
1778443123.126353,sequential_ik_elbow_then_wrist,0,0,-0.204286,0.089424,-0.200676,-0.403082,-0.046310,-0.021633,-0.080793,-0.060586,-0.282492,-0.303136,-0.088984,-0.481883,0.000046,0.045494,0.005280,0.213216,0.000258,0.010015,0.015592,0.100073,0.000000,0.000000,0.000000,1.193159,-0.709510,-0.000000,1.705881,-1.120022,-1.134971,3.140000,-0.200000,0.000000,0.000000,0.000000,0.000000,0.000000,0.000000
1778443123.173501,sequential_ik_elbow_then_wrist,0,0,-0.140720,0.092468,-0.248289,-0.405122,0.000698,-0.356318,-0.051511,-0.088191,-0.282080,-0.252491,-0.112993,-0.503421,0.001077,0.107946,0.024968,0.310944,0.002231,0.004554,0.046423,0.067481,0.000000,0.000000,0.000000,1.169963,-0.759980,-0.753600,1.447137,-1.090913,-1.163513,3.140000,-0.200000,0.000000,0.000000,0.000000,0.000000,0.000000,0.000000
1778443123.248214,sequential_ik_elbow_then_wrist,0,0,-0.158041,0.104678,-0.232520,-0.406242,-0.009260,-0.108365,-0.058597,-0.087602,-0.280878,-0.262606,-0.140079,-0.494482,0.000169,0.157701,0.011764,0.388393,0.001324,0.006120,0.035785,0.078233,0.000000,0.000000,0.000000,1.140367,-0.792504,-1.326336,1.051824,-1.053418,-1.181520,3.140000,-0.200000,0.000000,0.000000,0.000000,0.000000,0.000000,0.000000
1778443123.300339,sequential_ik_elbow_then_wrist,0,0,-0.176447,0.103800,-0.219299,-0.389472,-0.022127,-0.049703,-0.062486,-0.087899,-0.279945,-0.270434,-0.153803,-0.485893,0.000062,0.118542,0.005258,0.328546,0.000825,0.007773,0.028174,0.088163,0.000000,0.000000,0.000000,1.116971,-0.803210,-1.008015,0.998471,-1.012110,-1.191107,3.140000,-0.200000,0.000000,0.000000,0.000000,0.000000,0.000000,0.000000
1778443123.377541,sequential_ik_elbow_then_wrist,0,0,-0.182684,0.106727,-0.212687,-0.405309,-0.023300,-0.059289,-0.068673,-0.091777,-0.277238,-0.275672,-0.151421,-0.486030,0.000026,0.068791,0.003371,0.256845,0.000522,0.008295,0.022236,0.091079,0.000000,0.000000,0.000000,1.099087,-0.802261,-0.766092,1.085407,-0.969837,-1.191923,3.140000,-0.200000,0.000000,0.000000,0.000000,0.000000,0.000000,0.000000
1778443123.429572,sequential_ik_elbow_then_wrist,0,0,-0.185862,0.107360,-0.209592,-0.402540,-0.028244,-0.052549,-0.067174,-0.092471,-0.277375,-0.273318,-0.153400,-0.486641,0.000007,0.062877,0.001825,0.249829,0.000379,0.009111,0.019037,0.095452,0.000000,0.000000,0.000000,1.086080,-0.796772,-0.582230,1.203120,-0.927955,-1.190913,3.140000,-0.200000,0.000000,0.000000,0.000000,0.000000,0.000000,0.000000
1778443123.483738,sequential_ik_elbow_then_wrist,0,0,-0.182921,0.097408,-0.216914,-0.444303,-0.040476,-0.165263,-0.061953,-0.092775,-0.278486,-0.262753,-0.158773,-0.491380,0.000026,0.235924,0.004122,0.482331,0.000361,0.008768,0.018570,0.093636,0.000000,0.000000,0.000000,1.080782,-0.797958,-1.196095,1.155107,-0.886664,-1.191565,3.140000,-0.200000,0.000000,0.000000,0.000000,0.000000,0.000000,0.000000
1778443123.536909,sequential_ik_elbow_then_wrist,0,0,-0.170665,0.095493,-0.227497,-0.444868,-0.025048,-0.244311,-0.054056,-0.094191,-0.279653,-0.246708,-0.161724,-0.499482,0.000037,0.117539,0.004066,0.331722,0.000450,0.007914,0.020758,0.088960,0.000000,0.000000,0.000000,1.076363,-0.809783,-1.662632,0.910774,-0.845013,-1.194637,3.140000,-0.200000,0.000000,0.000000,0.000000,0.000000,0.000000,0.000000
1778443123.602097,sequential_ik_elbow_then_wrist,0,0,-0.189547,0.095046,-0.212223,-0.442933,-0.030220,-0.111704,-0.051880,-0.088177,-0.282016,-0.247857,-0.158331,-0.498052,0.000065,0.136409,0.006117,0.367795,0.000251,0.010536,0.015460,0.102644,0.000000,0.000000,0.000000,1.078474,-0.807443,-2.017200,0.644188,-0.806091,-1.201150,3.140000,-0.200000,0.000000,0.000000,0.000000,0.000000,0.000000,0.000000
1778443123.669110,sequential_ik_elbow_then_wrist,0,0,-0.198332,0.100011,-0.201649,-0.416800,-0.031047,-0.043233,-0.051496,-0.087619,-0.282261,-0.247202,-0.152919,-0.500056,0.000047,0.106231,0.004695,0.310448,0.000172,0.012195,0.012868,0.110429,0.000000,0.000000,0.000000,1.082557,-0.794028,-1.533072,0.679812,-0.770603,-1.207269,3.140000,-0.200000,0.000000,0.000000,0.000000,0.000000,0.000000,0.000000
1778443123.718765,sequential_ik_elbow_then_wrist,0,0,-0.207102,0.102875,-0.191116,-0.415304,-0.033518,-0.023638,-0.053205,-0.080382,-0.284091,-0.259213,-0.136987,-0.494701,0.000042,0.063252,0.004400,0.245561,0.000041,0.018011,0.006131,0.134205,0.000000,0.000000,0.000000,1.087664,-0.772570,-1.165135,0.837289,-0.740967,-1.215194,3.140000,-0.200000,0.000000,0.000000,0.000000,0.000000,0.000000,0.000000
1778443123.787438,sequential_ik_elbow_then_wrist,0,0,-0.215135,0.099260,-0.184023,-0.418686,-0.039779,-0.013041,-0.050564,-0.078211,-0.285178,-0.258524,-0.135930,-0.493555,0.000036,0.055160,0.004451,0.234135,0.000038,0.019272,0.005942,0.138823,0.000000,0.000000,0.000000,1.096582,-0.748090,-0.885502,1.001269,-0.715958,-1.224086,3.140000,-0.200000,0.000000,0.000000,0.000000,0.000000,0.000000,0.000000
1778443123.840245,sequential_ik_elbow_then_wrist,0,0,-0.220243,0.096149,-0.179578,-0.426455,-0.041547,-0.010710,-0.055748,-0.073699,-0.285413,-0.264667,-0.124840,-0.494548,0.000023,0.052731,0.003732,0.229619,0.000001,0.022128,0.000941,0.148754,0.000000,0.000000,0.000000,1.108450,-0.724168,-0.672982,1.132067,-0.697311,-1.231852,3.140000,-0.200000,0.000000,0.000000,0.000000,0.000000,0.000000,0.000000
1778443123.905171,sequential_ik_elbow_then_wrist,0,0,-0.224529,0.095327,-0.174641,-0.432338,-0.043378,-0.008578,-0.053784,-0.071656,-0.286309,-0.264152,-0.124146,-0.493649,0.000014,0.052077,0.002813,0.228194,0.000002,0.022542,0.000877,0.150139,0.000000,0.000000,0.000000,1.120979,-0.700986,-0.511466,1.226527,-0.683315,-1.239804,3.140000,-0.200000,0.000000,0.000000,0.000000,0.000000,0.000000,0.000000
1778443123.959236,sequential_ik_elbow_then_wrist,0,0,-0.226169,0.094883,-0.172757,-0.434304,-0.042623,-0.006109,-0.055270,-0.072055,-0.285925,-0.264655,-0.124338,-0.494310,0.000004,0.050607,0.001504,0.224952,0.000002,0.022373,0.001214,0.149576,0.000000,0.000000,0.000000,1.132467,-0.680793,-0.388714,1.293754,-0.673165,-1.245535,3.140000,-0.200000,0.000000,0.000000,0.000000,0.000000,0.000000,0.000000
1778443124.028742,sequential_ik_elbow_then_wrist,0,0,-0.227794,0.093339,-0.171457,-0.439195,-0.043138,-0.008106,-0.055403,-0.071610,-0.286011,-0.264383,-0.124037,-0.494766,0.000003,0.050194,0.001304,0.224021,0.000002,0.022168,0.001373,0.148890,0.000000,0.000000,0.000000,1.143197,-0.663878,-0.295423,1.337791,-0.666003,-1.249996,3.140000,-0.200000,0.000000,0.000000,0.000000,0.000000,0.000000,0.000000
1778443124.099246,sequential_ik_elbow_then_wrist,0,0,-0.228877,0.091139,-0.171198,-0.445210,-0.046859,-0.015775,-0.054488,-0.071237,-0.286280,-0.262176,-0.124690,-0.496062,0.000003,0.051446,0.001323,0.226779,0.000001,0.021445,0.000781,0.146442,0.000000,0.000000,0.000000,1.153599,-0.650469,-0.224521,1.361351,-0.660860,-1.253958,3.140000,-0.200000,0.000000,0.000000,0.000000,0.000000,0.000000,0.000000
1778443124.142935,sequential_ik_elbow_then_wrist,0,0,-0.230860,0.089650,-0.169312,-0.448456,-0.047594,-0.014988,-0.053649,-0.070188,-0.286697,-0.261339,-0.124679,-0.496210,0.000003,0.050417,0.001357,0.224521,0.000001,0.021374,0.000723,0.146198,0.000000,0.000000,0.000000,1.163637,-0.638739,-0.170636,1.372620,-0.657197,-1.257966,3.140000,-0.200000,0.000000,0.000000,0.000000,0.000000,0.000000,0.000000
1778443124.197065,sequential_ik_elbow_then_wrist,0,0,-0.228963,0.089108,-0.172150,-0.461932,-0.047199,-0.041207,-0.051764,-0.067979,-0.287575,-0.260198,-0.123126,-0.496176,0.000001,0.052995,0.000758,0.230030,0.000002,0.021714,0.000870,0.147355,0.000000,0.000000,0.000000,1.171914,-0.631598,-0.129684,1.359605,-0.654563,-1.263109,3.140000,-0.200000,0.000000,0.000000,0.000000,0.000000,0.000000,0.000000
1778443124.268369,sequential_ik_elbow_then_wrist,0,0,-0.228949,0.089570,-0.171929,-0.460183,-0.046967,-0.038181,-0.053901,-0.067701,-0.287248,-0.263082,-0.120081,-0.495814,0.000000,0.052289,0.000091,0.228660,0.000004,0.022593,0.001993,0.150310,0.000000,0.000000,0.000000,1.178167,-0.626411,-0.098560,1.345080,-0.653321,-1.266808,3.140000,-0.200000,0.000000,0.000000,0.000000,0.000000,0.000000,0.000000
1778443124.325430,sequential_ik_elbow_then_wrist,0,0,-0.230449,0.089371,-0.170018,-0.458428,-0.047186,-0.030815,-0.059663,-0.067508,-0.286152,-0.270543,-0.115423,-0.494079,0.000001,0.051431,0.000572,0.226782,0.000037,0.024172,0.005903,0.155473,0.000000,0.000000,0.000000,1.183361,-0.621089,-0.074905,1.336067,-0.654659,-1.267382,3.140000,-0.200000,0.000000,0.000000,0.000000,0.000000,0.000000,0.000000
1778443124.395017,sequential_ik_elbow_then_wrist,0,0,-0.230575,0.089749,-0.169647,-0.452187,-0.048175,-0.021779,-0.061506,-0.067587,-0.285743,-0.273376,-0.114771,-0.492829,0.000000,0.050800,0.000221,0.225364,0.000041,0.024129,0.006316,0.155336,0.000000,0.000000,0.000000,1.187276,-0.616450,-0.056928,1.337449,-0.658197,-1.266491,3.140000,-0.200000,0.000000,0.000000,0.000000,0.000000,0.000000,0.000000
1778443124.450115,sequential_ik_elbow_then_wrist,0,0,-0.233318,0.089578,-0.165947,-0.447452,-0.045879,-0.005329,-0.066716,-0.067739,-0.284535,-0.288837,-0.112557,-0.481140,0.000003,0.047762,0.001144,0.218501,0.000083,0.028227,0.008901,0.168008,0.000000,0.000000,0.000000,1.190957,-0.610035,-0.043265,1.349017,-0.664544,-1.263241,3.140000,-0.200000,0.000000,0.000000,0.000000,0.000000,0.000000,0.000000
1778443124.512198,sequential_ik_elbow_then_wrist,0,0,-0.236621,0.090356,-0.160768,-0.452589,-0.045511,-0.002977,-0.066596,-0.067862,-0.284534,-0.286640,-0.112780,-0.483439,0.000006,0.047971,0.001685,0.219022,0.000057,0.026200,0.007442,0.161864,0.000000,0.000000,0.000000,1.194291,-0.600689,-0.032882,1.355797,-0.672500,-1.260101,3.140000,-0.200000,0.000000,0.000000,0.000000,0.000000,0.000000,0.000000
1778443124.568704,sequential_ik_elbow_then_wrist,0,0,-0.238137,0.092210,-0.157442,-0.450483,-0.044457,0.004518,-0.067439,-0.066054,-0.284761,-0.287652,-0.110006,-0.483694,0.000004,0.047671,0.001312,0.218337,0.000065,0.025927,0.007935,0.161018,0.000000,0.000000,0.000000,1.196271,-0.590142,-0.024990,1.362232,-0.681889,-1.258032,3.140000,-0.200000,0.000000,0.000000,0.000000,0.000000,0.000000,0.000000
1778443124.630875,sequential_ik_elbow_then_wrist,0,0,-0.242525,0.091431,-0.151070,-0.447128,-0.049214,0.017325,-0.070301,-0.062429,-0.284887,-0.291608,-0.107172,-0.482424,0.000010,0.048065,0.002099,0.219231,0.000119,0.026337,0.010727,0.162286,0.000000,0.000000,0.000000,1.199022,-0.576756,-0.018992,1.371319,-0.693512,-1.256962,3.140000,-0.200000,0.000000,0.000000,0.000000,0.000000,0.000000,0.000000
1778443124.684648,sequential_ik_elbow_then_wrist,0,0,-0.244492,0.090406,-0.148493,-0.444079,-0.052073,0.024321,-0.070697,-0.062186,-0.284842,-0.290615,-0.108313,-0.483609,0.000004,0.047740,0.001361,0.218489,0.000095,0.024599,0.009617,0.156842,0.000000,0.000000,0.000000,1.202556,-0.563519,-0.014434,1.381805,-0.706362,-1.256095,3.140000,-0.200000,0.000000,0.000000,0.000000,0.000000,0.000000,0.000000
1778443124.765461,sequential_ik_elbow_then_wrist,0,0,-0.242796,0.089503,-0.151787,-0.438033,-0.053245,0.025712,-0.072109,-0.061165,-0.284709,-0.293311,-0.108259,-0.481818,0.000001,0.046963,0.000692,0.216694,0.000098,0.024292,0.009749,0.155859,0.000000,0.000000,0.000000,1.205868,-0.555104,-0.010970,1.396077,-0.720211,-1.255172,3.140000,-0.200000,0.000000,0.000000,0.000000,0.000000,0.000000,0.000000
1778443124.801238,sequential_ik_elbow_then_wrist,0,0,-0.241114,0.089831,-0.154254,-0.432830,-0.053659,0.026455,-0.072598,-0.059728,-0.284890,-0.292769,-0.106555,-0.483212,0.000001,0.046609,0.000817,0.215870,0.000094,0.023205,0.009542,0.152333,0.000000,0.000000,0.000000,1.208032,-0.550855,-0.008337,1.414077,-0.734727,-1.254753,3.140000,-0.200000,0.000000,0.000000,0.000000,0.000000,0.000000,0.000000
1778443124.872863,sequential_ik_elbow_then_wrist,0,0,-0.240261,0.089797,-0.155599,-0.422835,-0.058153,0.030888,-0.072064,-0.059532,-0.285066,-0.292210,-0.106563,-0.483368,0.000001,0.047245,0.000562,0.217303,0.000066,0.022270,0.008007,0.149231,0.000000,0.000000,0.000000,1.209395,-0.549085,-0.006336,1.439719,-0.749092,-1.254754,3.140000,-0.200000,0.000000,0.000000,0.000000,0.000000,0.000000,0.000000
1778443124.937041,sequential_ik_elbow_then_wrist,0,0,-0.239408,0.089559,-0.157045,-0.421698,-0.058828,0.029374,-0.076748,-0.059244,-0.283901,-0.308064,-0.100149,-0.470502,0.000001,0.047428,0.000517,0.217769,0.000101,0.026983,0.009856,0.164265,0.000000,0.000000,0.000000,1.210289,-0.549120,-0.004816,1.464332,-0.764180,-1.252666,3.140000,-0.200000,0.000000,0.000000,0.000000,0.000000,0.000000,0.000000
1778443124.990052,sequential_ik_elbow_then_wrist,0,0,-0.236586,0.091309,-0.160280,-0.421381,-0.056593,0.024045,-0.077256,-0.057529,-0.284116,-0.307774,-0.097905,-0.471815,0.000004,0.047858,0.001348,0.218763,0.000098,0.025822,0.009748,0.160694,0.000000,0.000000,0.000000,1.209279,-0.551815,-0.003660,1.484997,-0.779826,-1.251010,3.140000,-0.200000,0.000000,0.000000,0.000000,0.000000,0.000000,0.000000
1778443125.045117,sequential_ik_elbow_then_wrist,0,0,-0.233133,0.093523,-0.164020,-0.425651,-0.051101,0.014924,-0.076088,-0.057495,-0.284438,-0.300830,-0.097550,-0.479082,0.000007,0.048291,0.001914,0.219749,0.000061,0.022462,0.007686,0.149872,0.000000,0.000000,0.000000,1.205874,-0.557218,-0.002781,1.497635,-0.794997,-1.250237,3.140000,-0.200000,0.000000,0.000000,0.000000,0.000000,0.000000,0.000000
1778443125.100059,sequential_ik_elbow_then_wrist,0,0,-0.232443,0.094542,-0.164415,-0.429577,-0.048543,0.010699,-0.075571,-0.056971,-0.284681,-0.296078,-0.096788,-0.484159,0.000002,0.049028,0.001003,0.221417,0.000045,0.020289,0.006630,0.142439,0.000000,0.000000,0.000000,1.201628,-0.562381,-0.002114,1.503251,-0.809335,-1.250182,3.140000,-0.200000,0.000000,0.000000,0.000000,0.000000,0.000000,0.000000
1778443125.168338,sequential_ik_elbow_then_wrist,0,0,-0.225868,0.096440,-0.172288,-0.437491,-0.044534,-0.013097,-0.074635,-0.057446,-0.284833,-0.288916,-0.097139,-0.491008,0.000017,0.052140,0.002921,0.228293,0.000024,0.017525,0.004855,0.132383,0.000000,0.000000,0.000000,1.195183,-0.572420,-0.001607,1.496212,-0.822277,-1.250489,3.140000,-0.200000,0.000000,0.000000,0.000000,0.000000,0.000000,0.000000
1778443125.228462,sequential_ik_elbow_then_wrist,0,0,-0.224961,0.096924,-0.173201,-0.438155,-0.042884,-0.015082,-0.073444,-0.057288,-0.285174,-0.285892,-0.096870,-0.493258,0.000003,0.052496,0.001233,0.229117,0.000014,0.016559,0.003623,0.128682,0.000000,0.000000,0.000000,1.188637,-0.582134,-0.001221,1.487704,-0.833622,-1.251442,3.140000,-0.200000,0.000000,0.000000,0.000000,0.000000,0.000000,0.000000
1778443125.288612,sequential_ik_elbow_then_wrist,0,0,-0.221277,0.097252,-0.177703,-0.449443,-0.041286,-0.040780,-0.072511,-0.058310,-0.285205,-0.280854,-0.099739,-0.497047,0.000006,0.056300,0.001762,0.237176,0.000004,0.014731,0.001923,0.121372,0.000000,0.000000,0.000000,1.181973,-0.593418,-0.000928,1.464679,-0.843043,-1.252359,3.140000,-0.200000,0.000000,0.000000,0.000000,0.000000,0.000000,0.000000
1778443125.344267,sequential_ik_elbow_then_wrist,0,0,-0.220335,0.096143,-0.179469,-0.457887,-0.039644,-0.056461,-0.069529,-0.059695,-0.285661,-0.272768,-0.102903,-0.502057,0.000002,0.057449,0.000845,0.239580,0.000001,0.012742,0.000978,0.112879,0.000000,0.000000,0.000000,1.176682,-0.604241,-0.000705,1.430184,-0.849828,-1.254005,3.140000,-0.200000,0.000000,0.000000,0.000000,0.000000,0.000000,0.000000
1778443125.409111,sequential_ik_elbow_then_wrist,0,0,-0.211970,0.097699,-0.188477,-0.460906,-0.032068,-0.082687,-0.068673,-0.061644,-0.285454,-0.272097,-0.104020,-0.501840,0.000023,0.057835,0.003400,0.240388,0.000007,0.012684,0.002554,0.112621,0.000000,0.000000,0.000000,1.169602,-0.620024,-0.000536,1.387300,-0.853938,-1.255076,3.140000,-0.200000,0.000000,0.000000,0.000000,0.000000,0.000000,0.000000
1778443125.476596,sequential_ik_elbow_then_wrist,0,0,-0.209725,0.097280,-0.191185,-0.452121,-0.030327,-0.068871,-0.068198,-0.060903,-0.285727,-0.273977,-0.102894,-0.499951,0.000006,0.055612,0.001750,0.235785,0.000004,0.013605,0.001995,0.116642,0.000000,0.000000,0.000000,1.162690,-0.635901,-0.000407,1.364803,-0.856250,-1.256389,3.140000,-0.200000,0.000000,0.000000,0.000000,0.000000,0.000000,0.000000
1778443125.539755,sequential_ik_elbow_then_wrist,0,0,-0.208527,0.096984,-0.192641,-0.448961,-0.030083,-0.065971,-0.067325,-0.060324,-0.286057,-0.275474,-0.102416,-0.497958,0.000002,0.055198,0.000912,0.234916,0.000004,0.014493,0.001857,0.120389,0.000000,0.000000,0.000000,1.156678,-0.650023,-0.000310,1.356383,-0.857265,-1.258171,3.140000,-0.200000,0.000000,0.000000,0.000000,0.000000,0.000000,0.000000
1778443125.598307,sequential_ik_elbow_then_wrist,0,0,-0.207441,0.097561,-0.193521,-0.445432,-0.028762,-0.061601,-0.064276,-0.059550,-0.286919,-0.275059,-0.102675,-0.495990,0.000001,0.054418,0.000749,0.233252,0.000009,0.015393,0.002923,0.124068,0.000000,0.000000,0.000000,1.151197,-0.661936,-0.000235,1.358226,-0.856922,-1.261514,3.140000,-0.200000,0.000000,0.000000,0.000000,0.000000,0.000000,0.000000
1778443125.665189,sequential_ik_elbow_then_wrist,0,0,-0.205721,0.098955,-0.194645,-0.441152,-0.026167,-0.057106,-0.064708,-0.058790,-0.286978,-0.276085,-0.103172,-0.495185,0.000002,0.053541,0.001162,0.231363,0.000003,0.015948,0.001739,0.126286,0.000000,0.000000,0.000000,1.145429,-0.672170,-0.000179,1.368069,-0.855989,-1.264618,3.140000,-0.200000,0.000000,0.000000,0.000000,0.000000,0.000000,0.000000
1778443125.716524,sequential_ik_elbow_then_wrist,0,0,-0.205826,0.099118,-0.194452,-0.438826,-0.027633,-0.054291,-0.064766,-0.058490,-0.287027,-0.276632,-0.103308,-0.494642,0.000000,0.054257,0.000490,0.232917,0.000002,0.016280,0.001285,0.127591,0.000000,0.000000,0.000000,1.140321,-0.680061,-0.000136,1.381796,-0.854785,-1.267203,3.140000,-0.200000,0.000000,0.000000,0.000000,0.000000,0.000000,0.000000
1778443125.775444,sequential_ik_elbow_then_wrist,0,0,-0.205714,0.099597,-0.194325,-0.431133,-0.030811,-0.045395,-0.063236,-0.057952,-0.287476,-0.275766,-0.103731,-0.494202,0.000000,0.054565,0.000402,0.233543,0.000003,0.016566,0.001702,0.128708,0.000000,0.000000,0.000000,1.135843,-0.685980,-0.000103,1.403754,-0.853236,-1.270186,3.140000,-0.200000,0.000000,0.000000,0.000000,0.000000,0.000000,0.000000
1778443125.830434,sequential_ik_elbow_then_wrist,0,0,-0.205081,0.098951,-0.195322,-0.428568,-0.030686,-0.042850,-0.063741,-0.055238,-0.287899,-0.277839,-0.102059,-0.492764,0.000000,0.053820,0.000296,0.231972,0.000001,0.017676,0.000756,0.132951,0.000000,0.000000,0.000000,1.132382,-0.691269,-0.000078,1.427576,-0.852294,-1.273597,3.140000,-0.200000,0.000000,0.000000,0.000000,0.000000,0.000000,0.000000
1778443125.889313,sequential_ik_elbow_then_wrist,0,0,-0.205147,0.097963,-0.195750,-0.420943,-0.033292,-0.033872,-0.063443,-0.054774,-0.288053,-0.282628,-0.101628,-0.487459,0.000000,0.052688,0.000416,0.229487,0.000001,0.019624,0.000724,0.140087,0.000000,0.000000,0.000000,1.130292,-0.695818,-0.000060,1.457212,-0.851833,-1.276791,3.140000,-0.200000,0.000000,0.000000,0.000000,0.000000,0.000000,0.000000
1778443125.962318,sequential_ik_elbow_then_wrist,0,0,-0.208057,0.098138,-0.192565,-0.420313,-0.032364,-0.025481,-0.062507,-0.049707,-0.289175,-0.286052,-0.099434,-0.482965,0.000002,0.050948,0.001093,0.225703,0.000015,0.022102,0.003609,0.148667,0.000000,0.000000,0.000000,1.129605,-0.696820,-0.000045,1.485720,-0.852726,-1.281939,3.140000,-0.200000,0.000000,0.000000,0.000000,0.000000,0.000000,0.000000
1778443126.020287,sequential_ik_elbow_then_wrist,0,0,-0.213008,0.092391,-0.189978,-0.421933,-0.037678,-0.018420,-0.062795,-0.046632,-0.289624,-0.287862,-0.100439,-0.480542,0.000017,0.049398,0.003357,0.222257,0.000030,0.023240,0.005409,0.152445,0.000000,0.000000,0.000000,1.133953,-0.694965,-0.000034,1.508953,-0.855267,-1.287596,3.140000,-0.200000,0.000000,0.000000,0.000000,0.000000,0.000000,0.000000
1778443126.085788,sequential_ik_elbow_then_wrist,0,0,-0.215751,0.090573,-0.187745,-0.420571,-0.041745,-0.012985,-0.064074,-0.043204,-0.289876,-0.293563,-0.094713,-0.476106,0.000010,0.048130,0.002554,0.219384,0.000065,0.025878,0.007956,0.160866,0.000000,0.000000,0.000000,1.140950,-0.691175,-0.000026,1.527850,-0.859891,-1.293038,3.140000,-0.200000,0.000000,0.000000,0.000000,0.000000,0.000000,0.000000
1778443126.148433,sequential_ik_elbow_then_wrist,0,0,-0.215425,0.090241,-0.188278,-0.424860,-0.044515,-0.021012,-0.064412,-0.040638,-0.290172,-0.292930,-0.095007,-0.476783,0.000001,0.049477,0.001026,0.222421,0.000086,0.025510,0.009179,0.159718,0.000000,0.000000,0.000000,1.147854,-0.688164,-0.000020,1.536439,-0.866455,-1.298241,3.140000,-0.200000,0.000000,0.000000,0.000000,0.000000,0.000000,0.000000
1778443126.193335,sequential_ik_elbow_then_wrist,0,0,-0.210968,0.091478,-0.192677,-0.424416,-0.042363,-0.029808,-0.065038,-0.038571,-0.290314,-0.295842,-0.090951,-0.474667,0.000005,0.049761,0.001495,0.223066,0.000105,0.026646,0.010137,0.163238,0.000000,0.000000,0.000000,1.151954,-0.689358,-0.000015,1.539558,-0.874767,-1.302868,3.140000,-0.200000,0.000000,0.000000,0.000000,0.000000,0.000000,0.000000
1778443126.257606,sequential_ik_elbow_then_wrist,0,0,-0.203556,0.094989,-0.198852,-0.429234,-0.034551,-0.049557,-0.062409,-0.038661,-0.290879,-0.283716,-0.087388,-0.487472,0.000022,0.051158,0.003623,0.226150,0.000061,0.021988,0.007696,0.148283,0.000000,0.000000,0.000000,1.150802,-0.696105,-0.000011,1.532784,-0.883552,-1.307762,3.140000,-0.200000,0.000000,0.000000,0.000000,0.000000,0.000000,0.000000
1778443126.317633,sequential_ik_elbow_then_wrist,0,0,-0.194984,0.095095,-0.207215,-0.433599,-0.031655,-0.076841,-0.060782,-0.038356,-0.291263,-0.279961,-0.085277,-0.490660,0.000033,0.054728,0.004233,0.233879,0.000041,0.020989,0.006347,0.144877,0.000000,0.000000,0.000000,1.145904,-0.709579,-0.000009,1.514751,-0.892217,-1.312698,3.140000,-0.200000,0.000000,0.000000,0.000000,0.000000,0.000000,0.000000
1778443126.379114,sequential_ik_elbow_then_wrist,0,0,-0.193778,0.094888,-0.208438,-0.433477,-0.030297,-0.078541,-0.060698,-0.038808,-0.291221,-0.279051,-0.086140,-0.491425,0.000005,0.055132,0.001820,0.234799,0.000030,0.020375,0.005417,0.142742,0.000000,0.000000,0.000000,1.140216,-0.722763,-0.000007,1.498390,-0.900490,-1.316570,3.140000,-0.200000,0.000000,0.000000,0.000000,0.000000,0.000000,0.000000
1778443126.441071,sequential_ik_elbow_then_wrist,0,0,-0.192020,0.096812,-0.209179,-0.434176,-0.028142,-0.083693,-0.060294,-0.038918,-0.291290,-0.277556,-0.087127,-0.492469,0.000005,0.056444,0.001866,0.237576,0.000022,0.019656,0.004655,0.140201,0.000000,0.000000,0.000000,1.133491,-0.734096,-0.000005,1.483268,-0.908222,-1.319686,3.140000,-0.200000,0.000000,0.000000,0.000000,0.000000,0.000000,0.000000
1778443126.495816,sequential_ik_elbow_then_wrist,0,0,-0.191919,0.098516,-0.208474,-0.438424,-0.023414,-0.088607,-0.062415,-0.037989,-0.290966,-0.276660,-0.084456,-0.495758,0.000003,0.056865,0.001540,0.238451,0.000038,0.018543,0.006093,0.136174,0.000000,0.000000,0.000000,1.126333,-0.742402,-0.000004,1.465743,-0.916004,-1.321330,3.140000,-0.200000,0.000000,0.000000,0.000000,0.000000,0.000000,0.000000
1778443126.557933,sequential_ik_elbow_then_wrist,0,0,-0.191919,0.100356,-0.207595,-0.440593,-0.020271,-0.090932,-0.063063,-0.037952,-0.290831,-0.275295,-0.083597,-0.497892,0.000003,0.057612,0.001472,0.240015,0.000036,0.017496,0.005930,0.132272,0.000000,0.000000,0.000000,1.118966,-0.747890,-0.000003,1.447482,-0.923793,-1.322063,3.140000,-0.200000,0.000000,0.000000,0.000000,0.000000,0.000000,0.000000
1778443126.620423,sequential_ik_elbow_then_wrist,0,0,-0.194295,0.101180,-0.204969,-0.443524,-0.018346,-0.088356,-0.063399,-0.038518,-0.290684,-0.275036,-0.085969,-0.497946,0.000002,0.057739,0.001021,0.240285,0.000027,0.016793,0.005158,0.129588,0.000000,0.000000,0.000000,1.112708,-0.749639,-0.000002,1.430167,-0.931358,-1.322096,3.140000,-0.200000,0.000000,0.000000,0.000000,0.000000,0.000000,0.000000
1778443126.686544,sequential_ik_elbow_then_wrist,0,0,-0.199522,0.101754,-0.199592,-0.437931,-0.018285,-0.062654,-0.065708,-0.040995,-0.289831,-0.275229,-0.086883,-0.499581,0.000008,0.054880,0.001969,0.234211,0.000018,0.015420,0.004123,0.124176,0.000000,0.000000,0.000000,1.108810,-0.745921,-0.000002,1.429058,-0.938436,-1.319871,3.140000,-0.200000,0.000000,0.000000,0.000000,0.000000,0.000000,0.000000
1778443126.745271,sequential_ik_elbow_then_wrist,0,0,-0.206587,0.101676,-0.192312,-0.431689,-0.022524,-0.037705,-0.065225,-0.042870,-0.289669,-0.274438,-0.088845,-0.499707,0.000019,0.052902,0.003090,0.229918,0.000004,0.014626,0.002034,0.120939,0.000000,0.000000,0.000000,1.108231,-0.736012,-0.000001,1.443392,-0.944491,-1.317229,3.140000,-0.200000,0.000000,0.000000,0.000000,0.000000,0.000000,0.000000
1778443126.804037,sequential_ik_elbow_then_wrist,0,0,-0.206919,0.101873,-0.191851,-0.432841,-0.024123,-0.039915,-0.064625,-0.043285,-0.289741,-0.271405,-0.089661,-0.502089,0.000002,0.053540,0.000987,0.231386,0.000001,0.013619,0.001190,0.116702,0.000000,0.000000,0.000000,1.108770,-0.726486,-0.000001,1.456128,-0.949496,-1.315164,3.140000,-0.200000,0.000000,0.000000,0.000000,0.000000,0.000000,0.000000
1778443126.878924,sequential_ik_elbow_then_wrist,0,0,-0.208587,0.102195,-0.189863,-0.429355,-0.024707,-0.031252,-0.062660,-0.043726,-0.290106,-0.267052,-0.088976,-0.504993,0.000002,0.052331,0.000881,0.228751,0.000000,0.012845,0.000413,0.113337,0.000000,0.000000,0.000000,1.109859,-0.717200,-0.000001,1.470908,-0.953211,-1.314454,3.140000,-0.200000,0.000000,0.000000,0.000000,0.000000,0.000000,0.000000
1778443126.932078,sequential_ik_elbow_then_wrist,0,0,-0.211043,0.101076,-0.187735,-0.423268,-0.029068,-0.020335,-0.061222,-0.045957,-0.290069,-0.264175,-0.090789,-0.506402,0.000003,0.051563,0.001291,0.227044,0.000007,0.012217,0.002637,0.110531,0.000000,0.000000,0.000000,1.112248,-0.707987,-0.000001,1.491065,-0.955155,-1.314048,3.140000,-0.200000,0.000000,0.000000,0.000000,0.000000,0.000000,0.000000
1778443126.983341,sequential_ik_elbow_then_wrist,0,0,-0.211225,0.101062,-0.187538,-0.424452,-0.030674,-0.022675,-0.060485,-0.046844,-0.290081,-0.263332,-0.092331,-0.506377,0.000000,0.052259,0.000501,0.228601,0.000012,0.012158,0.003422,0.110261,0.000000,0.000000,0.000000,1.114746,-0.700334,-0.000000,1.507266,-0.955492,-1.313821,3.140000,-0.200000,0.000000,0.000000,0.000000,0.000000,0.000000,0.000000
1778443127.043892,sequential_ik_elbow_then_wrist,0,0,-0.212826,0.100554,-0.185994,-0.423455,-0.031304,-0.017919,-0.059841,-0.047566,-0.290097,-0.262937,-0.094286,-0.505896,0.000001,0.051372,0.000807,0.226653,0.000016,0.012230,0.003964,0.110588,0.000000,0.000000,0.000000,1.117627,-0.693152,-0.000000,1.521367,-0.954431,-1.313722,3.140000,-0.200000,0.000000,0.000000,0.000000,0.000000,0.000000,0.000000
1778443127.102405,sequential_ik_elbow_then_wrist,0,0,-0.208258,0.100208,-0.191277,-0.424013,-0.032501,-0.030536,-0.058983,-0.047282,-0.290319,-0.260562,-0.092901,-0.507770,0.000005,0.053262,0.001496,0.230783,0.000015,0.012041,0.003838,0.109731,0.000000,0.000000,0.000000,1.119183,-0.691573,-0.000000,1.529635,-0.952358,-1.314202,3.140000,-0.200000,0.000000,0.000000,0.000000,0.000000,0.000000,0.000000
1778443127.154260,sequential_ik_elbow_then_wrist,0,0,-0.205673,0.099166,-0.194588,-0.425872,-0.032311,-0.038941,-0.058231,-0.048298,-0.290304,-0.257980,-0.093397,-0.509545,0.000004,0.053939,0.001340,0.232243,0.000022,0.011602,0.004619,0.107713,0.000000,0.000000,0.000000,1.120000,-0.693928,-0.000000,1.532523,-0.949264,-1.314683,3.140000,-0.200000,0.000000,0.000000,0.000000,0.000000,0.000000,0.000000
1778443127.224299,sequential_ik_elbow_then_wrist,0,0,-0.205281,0.098603,-0.195288,-0.425639,-0.032481,-0.039533,-0.058059,-0.048711,-0.290269,-0.257555,-0.095352,-0.509418,0.000001,0.053712,0.000514,0.231759,0.000021,0.011605,0.004580,0.107727,0.000000,0.000000,0.000000,1.120681,-0.697099,-0.000000,1.534327,-0.945406,-1.314989,3.140000,-0.200000,0.000000,0.000000,0.000000,0.000000,0.000000,0.000000
1778443127.280432,sequential_ik_elbow_then_wrist,0,0,-0.205792,0.097611,-0.195248,-0.425826,-0.033075,-0.038704,-0.057231,-0.048822,-0.290415,-0.256380,-0.095338,-0.509906,0.000000,0.053270,0.000492,0.230804,0.000022,0.011669,0.004683,0.108022,0.000000,0.000000,0.000000,1.121908,-0.699793,-0.000000,1.535876,-0.940941,-1.315570,3.140000,-0.200000,0.000000,0.000000,0.000000,0.000000,0.000000,0.000000
1778443127.347133,sequential_ik_elbow_then_wrist,0,0,-0.205481,0.096573,-0.196089,-0.429443,-0.033688,-0.044851,-0.056935,-0.048513,-0.290525,-0.256463,-0.095104,-0.509655,0.000001,0.053836,0.000604,0.232018,0.000018,0.012023,0.004190,0.109649,0.000000,0.000000,0.000000,1.123630,-0.702590,-0.000000,1.532465,-0.936183,-1.316344,3.140000,-0.200000,0.000000,0.000000,0.000000,0.000000,0.000000,0.000000
1778443127.403691,sequential_ik_elbow_then_wrist,0,0,-0.204050,0.095448,-0.198124,-0.430588,-0.034200,-0.050233,-0.054828,-0.048020,-0.291012,-0.255557,-0.095426,-0.508866,0.000001,0.053959,0.000789,0.232286,0.000022,0.012583,0.004647,0.112174,0.000000,0.000000,0.000000,1.125518,-0.706553,-0.000000,1.526073,-0.931089,-1.318248,3.140000,-0.200000,0.000000,0.000000,0.000000,0.000000,0.000000,0.000000
1778443127.476090,sequential_ik_elbow_then_wrist,0,0,-0.206542,0.095535,-0.195483,-0.429366,-0.034361,-0.042262,-0.053127,-0.046745,-0.291535,-0.257047,-0.094477,-0.506333,0.000001,0.052664,0.000866,0.229486,0.000019,0.013994,0.004301,0.118295,0.000000,0.000000,0.000000,1.127798,-0.707826,-0.000000,1.523080,-0.925893,-1.321330,3.140000,-0.200000,0.000000,0.000000,0.000000,0.000000,0.000000,0.000000
1778443127.520575,sequential_ik_elbow_then_wrist,0,0,-0.208221,0.094879,-0.194015,-0.430031,-0.034581,-0.038964,-0.052900,-0.044212,-0.291971,-0.257283,-0.092905,-0.506112,0.000002,0.051849,0.000978,0.227703,0.000006,0.014822,0.002274,0.121745,0.000000,0.000000,0.000000,1.130686,-0.707205,-0.000000,1.521177,-0.921276,-1.325144,3.140000,-0.200000,0.000000,0.000000,0.000000,0.000000,0.000000,0.000000
1778443127.601652,sequential_ik_elbow_then_wrist,0,0,-0.206644,0.092538,-0.196812,-0.451449,-0.034602,-0.078888,-0.053265,-0.044161,-0.291912,-0.259029,-0.091321,-0.505072,0.000002,0.056584,0.001179,0.237526,0.000003,0.015543,0.001790,0.124672,0.000000,0.000000,0.000000,1.134266,-0.708645,-0.000000,1.488831,-0.917232,-1.328213,3.140000,-0.200000,0.000000,0.000000,0.000000,0.000000,0.000000,0.000000
1778443127.642822,sequential_ik_elbow_then_wrist,0,0,-0.206863,0.091750,-0.196951,-0.450813,-0.033338,-0.075125,-0.054323,-0.044750,-0.291627,-0.260865,-0.090366,-0.504370,0.000001,0.054122,0.000764,0.232614,0.000002,0.015851,0.001492,0.125901,0.000000,0.000000,0.000000,1.138061,-0.710290,-0.000000,1.455769,-0.913716,-1.329825,3.140000,-0.200000,0.000000,0.000000,0.000000,0.000000,0.000000,0.000000
1778443127.705467,sequential_ik_elbow_then_wrist,0,0,-0.207758,0.089456,-0.197064,-0.452844,-0.033523,-0.075373,-0.054970,-0.046337,-0.291258,-0.260671,-0.093296,-0.504524,0.000002,0.052593,0.001349,0.229325,0.000005,0.015265,0.002158,0.123553,0.000000,0.000000,0.000000,1.142909,-0.711761,-0.000000,1.426238,-0.910393,-1.329934,3.140000,-0.200000,0.000000,0.000000,0.000000,0.000000,0.000000,0.000000
1778443127.767312,sequential_ik_elbow_then_wrist,0,0,-0.206934,0.088546,-0.198338,-0.455995,-0.032735,-0.083185,-0.056379,-0.048028,-0.290714,-0.265992,-0.094433,-0.500259,0.000001,0.051940,0.000883,0.227884,0.000006,0.016296,0.002416,0.127657,0.000000,0.000000,0.000000,1.147729,-0.713972,-0.000000,1.396710,-0.907130,-1.328386,3.140000,-0.200000,0.000000,0.000000,0.000000,0.000000,0.000000,0.000000
1778443127.831420,sequential_ik_elbow_then_wrist,0,0,-0.202806,0.090883,-0.201519,-0.454247,-0.026778,-0.087793,-0.057735,-0.050091,-0.290099,-0.266573,-0.096287,-0.500462,0.000005,0.050588,0.001677,0.224915,0.000009,0.015680,0.002898,0.125220,0.000000,0.000000,0.000000,1.149551,-0.718537,-0.000000,1.371968,-0.903733,-1.325333,3.140000,-0.200000,0.000000,0.000000,0.000000,0.000000,0.000000,0.000000
1778443127.890515,sequential_ik_elbow_then_wrist,0,0,-0.188374,0.093785,-0.213822,-0.460538,-0.018966,-0.157133,-0.060277,-0.056524,-0.288395,-0.272602,-0.099644,-0.495901,0.000066,0.161779,0.006123,0.390299,0.000037,0.015939,0.005796,0.126248,0.000000,0.000000,0.000000,1.144937,-0.733224,-0.753600,1.119920,-0.899223,-1.318706,3.140000,-0.200000,0.000000,0.000000,0.000000,0.000000,0.000000,0.000000
1778443127.964608,sequential_ik_elbow_then_wrist,0,0,-0.189026,0.093337,-0.213442,-0.457225,-0.020338,-0.141700,-0.061595,-0.057981,-0.287827,-0.275554,-0.099675,-0.493941,0.000006,0.109879,0.001972,0.327347,0.000029,0.016305,0.005265,0.127692,0.000000,0.000000,0.000000,1.139111,-0.746587,-1.326336,0.803139,-0.893906,-1.311409,3.140000,-0.200000,0.000000,0.000000,0.000000,0.000000,0.000000,0.000000
1778443128.024739,sequential_ik_elbow_then_wrist,0,0,-0.189796,0.093493,-0.212689,-0.457301,-0.020125,-0.138311,-0.061546,-0.059892,-0.287446,-0.274919,-0.101238,-0.494236,0.000001,0.109381,0.000753,0.330728,0.000036,0.015959,0.005931,0.126330,0.000000,0.000000,0.000000,1.133716,-0.756581,-1.761615,0.562386,-0.887662,-1.304547,3.140000,-0.200000,0.000000,0.000000,0.000000,0.000000,0.000000,0.000000
1778443128.070116,sequential_ik_elbow_then_wrist,0,0,-0.191930,0.093011,-0.210978,-0.458073,-0.019823,-0.130752,-0.060694,-0.059847,-0.287636,-0.271620,-0.101355,-0.496891,0.000001,0.111530,0.000635,0.333961,0.000033,0.015410,0.005673,0.124136,0.000000,0.000000,0.000000,1.129990,-0.762649,-2.092428,0.379413,-0.880789,-1.299432,3.140000,-0.200000,0.000000,0.000000,0.000000,0.000000,0.000000,0.000000
1778443128.132705,sequential_ik_elbow_then_wrist,0,0,-0.192558,0.092526,-0.210619,-0.456584,-0.021814,-0.125667,-0.057815,-0.059452,-0.288310,-0.266626,-0.101814,-0.499505,0.000000,0.113802,0.000523,0.337346,0.000043,0.015006,0.006462,0.122501,0.000000,0.000000,0.000000,1.127761,-0.766600,-2.343845,0.240354,-0.873193,-1.297092,3.140000,-0.200000,0.000000,0.000000,0.000000,0.000000,0.000000,0.000000
1778443128.189974,sequential_ik_elbow_then_wrist,0,0,-0.192654,0.093505,-0.210098,-0.454189,-0.022408,-0.119745,-0.056418,-0.058684,-0.288744,-0.266013,-0.100970,-0.499177,0.000000,0.116601,0.000283,0.341469,0.000038,0.015812,0.006065,0.125748,0.000000,0.000000,0.000000,1.125838,-0.769000,-2.534922,0.134669,-0.865241,-1.296628,3.140000,-0.200000,0.000000,0.000000,0.000000,0.000000,0.000000,0.000000
1778443128.242645,sequential_ik_elbow_then_wrist,0,0,-0.192450,0.095194,-0.209526,-0.451550,-0.022252,-0.114269,-0.053916,-0.057684,-0.289423,-0.264997,-0.100630,-0.498230,0.000001,0.119580,0.000851,0.345804,0.000041,0.016760,0.006290,0.129462,0.000000,0.000000,0.000000,1.123298,-0.770194,-2.680141,0.054348,-0.857006,-1.298157,3.140000,-0.200000,0.000000,0.000000,0.000000,0.000000,0.000000,0.000000
1778443128.305805,sequential_ik_elbow_then_wrist,0,0,-0.190928,0.095932,-0.210579,-0.452485,-0.025336,-0.127620,-0.047993,-0.058171,-0.290367,-0.260838,-0.102478,-0.497088,0.000001,0.116025,0.001030,0.340624,0.000097,0.017440,0.009661,0.132060,0.000000,0.000000,0.000000,1.120065,-0.771867,-2.790507,-0.006695,-0.847528,-1.302246,3.140000,-0.200000,0.000000,0.000000,0.000000,0.000000,0.000000,0.000000
1778443128.364874,sequential_ik_elbow_then_wrist,0,0,-0.186526,0.096238,-0.214350,-0.452900,-0.028007,-0.154282,-0.045157,-0.059931,-0.290464,-0.257975,-0.103303,-0.497411,0.000007,0.108808,0.001988,0.329860,0.000139,0.017774,0.011664,0.133319,0.000000,0.000000,0.000000,1.115656,-0.776613,-2.874385,-0.053088,-0.836529,-1.306452,3.140000,-0.200000,0.000000,0.000000,0.000000,0.000000,0.000000,0.000000
1778443128.425896,sequential_ik_elbow_then_wrist,0,0,-0.178894,0.094335,-0.221580,-0.451348,-0.028035,-0.193397,-0.048546,-0.060135,-0.289874,-0.263338,-0.100961,-0.495296,0.000020,0.098049,0.003143,0.313128,0.000075,0.019480,0.008566,0.139570,0.000000,0.000000,0.000000,1.110335,-0.787508,-2.938133,-0.088347,-0.825356,-1.308189,3.140000,-0.200000,0.000000,0.000000,0.000000,0.000000,0.000000,0.000000
1778443128.499308,sequential_ik_elbow_then_wrist,0,0,-0.179112,0.095651,-0.220839,-0.451101,-0.026223,-0.186654,-0.049388,-0.060584,-0.289638,-0.263369,-0.104731,-0.495219,0.000003,0.101893,0.001376,0.319207,0.000057,0.019321,0.007471,0.139000,0.000000,0.000000,0.000000,1.104695,-0.796777,-2.986581,-0.115144,-0.814358,-1.308538,3.140000,-0.200000,0.000000,0.000000,0.000000,0.000000,0.000000,0.000000
1778443128.551645,sequential_ik_elbow_then_wrist,0,0,-0.181954,0.096907,-0.217949,-0.447636,-0.027228,-0.154674,-0.049853,-0.060299,-0.289618,-0.264815,-0.106444,-0.493731,0.000002,0.115377,0.001041,0.339671,0.000040,0.020005,0.006244,0.141438,0.000000,0.000000,0.000000,1.099743,-0.801431,-3.023402,-0.135509,-0.803883,-1.308464,3.140000,-0.200000,0.000000,0.000000,0.000000,0.000000,0.000000,0.000000
1778443128.620063,sequential_ik_elbow_then_wrist,0,0,-0.185314,0.097209,-0.214963,-0.441634,-0.028448,-0.122713,-0.049556,-0.058658,-0.290006,-0.263575,-0.106266,-0.494772,0.000003,0.128754,0.001244,0.358823,0.000024,0.020193,0.004805,0.142102,0.000000,0.000000,0.000000,1.096433,-0.801760,-3.051385,-0.150987,-0.794308,-1.309193,3.140000,-0.200000,0.000000,0.000000,0.000000,0.000000,0.000000,0.000000
1778443128.668770,sequential_ik_elbow_then_wrist,0,0,-0.184918,0.097688,-0.215087,-0.440641,-0.028979,-0.122561,-0.049397,-0.058817,-0.290001,-0.262672,-0.106399,-0.495548,0.000000,0.128680,0.000259,0.358720,0.000021,0.020232,0.004537,0.142240,0.000000,0.000000,0.000000,1.093771,-0.801386,-3.072653,-0.162750,-0.785514,-1.309904,3.140000,-0.200000,0.000000,0.000000,0.000000,0.000000,0.000000,0.000000
1778443128.737513,sequential_ik_elbow_then_wrist,0,0,-0.187541,0.097976,-0.212671,-0.422648,-0.031456,-0.078610,-0.048994,-0.058816,-0.290069,-0.257722,-0.105865,-0.500353,0.000002,0.151497,0.000932,0.389226,0.000019,0.018897,0.004366,0.137466,0.000000,0.000000,0.000000,1.092260,-0.798833,-3.088816,-0.171690,-0.777375,-1.310640,3.140000,-0.200000,0.000000,0.000000,0.000000,0.000000,0.000000,0.000000
1778443128.797168,sequential_ik_elbow_then_wrist,0,0,-0.193303,0.097188,-0.207819,-0.418621,-0.036139,-0.061340,-0.048248,-0.058392,-0.290280,-0.253834,-0.105151,-0.503700,0.000011,0.158334,0.002459,0.397912,0.000018,0.018137,0.004189,0.134675,0.000000,0.000000,0.000000,1.093387,-0.792182,-3.101100,-0.178485,-0.769804,-1.311750,3.140000,-0.200000,0.000000,0.000000,0.000000,0.000000,0.000000,0.000000
1778443128.858942,sequential_ik_elbow_then_wrist,0,0,-0.195935,0.096625,-0.205604,-0.413056,-0.038476,-0.048740,-0.048075,-0.058630,-0.290261,-0.250741,-0.105200,-0.506496,0.000006,0.108527,0.001892,0.314650,0.000017,0.017422,0.004052,0.131993,0.000000,0.000000,0.000000,1.096320,-0.784162,-2.356836,0.050556,-0.762715,-1.312668,3.140000,-0.200000,0.000000,0.000000,0.000000,0.000000,0.000000,0.000000
1778443128.912502,sequential_ik_elbow_then_wrist,0,0,-0.199399,0.095019,-0.203006,-0.415767,-0.040588,-0.045539,-0.049126,-0.055740,-0.290654,-0.252415,-0.102731,-0.506212,0.000008,0.064677,0.002263,0.248707,0.000002,0.018405,0.001253,0.135664,0.000000,0.000000,0.000000,1.101300,-0.775203,-1.791195,0.352111,-0.756935,-1.314289,3.140000,-0.200000,0.000000,0.000000,0.000000,0.000000,0.000000,0.000000
1778443128.973035,sequential_ik_elbow_then_wrist,0,0,-0.202458,0.093422,-0.200706,-0.420568,-0.042006,-0.045505,-0.051979,-0.052524,-0.290757,-0.258106,-0.101136,-0.503239,0.000008,0.056441,0.002282,0.236922,0.000008,0.020190,0.002799,0.142091,0.000000,0.000000,0.000000,1.107992,-0.765822,-1.361309,0.623471,-0.753441,-1.316017,3.140000,-0.200000,0.000000,0.000000,0.000000,0.000000,0.000000,0.000000
1778443129.033856,sequential_ik_elbow_then_wrist,0,0,-0.204709,0.093763,-0.198249,-0.421685,-0.038904,-0.039125,-0.055563,-0.051681,-0.290244,-0.260317,-0.099318,-0.504269,0.000004,0.052879,0.001517,0.229879,0.000031,0.020095,0.005460,0.141756,0.000000,0.000000,0.000000,1.114743,-0.756068,-1.034595,0.843765,-0.752559,-1.316268,3.140000,-0.200000,0.000000,0.000000,0.000000,0.000000,0.000000,0.000000
1778443129.094121,sequential_ik_elbow_then_wrist,0,0,-0.207534,0.095137,-0.194624,-0.429724,-0.035774,-0.041347,-0.058911,-0.052370,-0.289460,-0.260406,-0.096160,-0.507363,0.000004,0.052550,0.001400,0.229232,0.000047,0.019071,0.006738,0.138097,0.000000,0.000000,0.000000,1.120550,-0.745094,-0.786292,1.007311,-0.754133,-1.314397,3.140000,-0.200000,0.000000,0.000000,0.000000,0.000000,0.000000,0.000000
1778443129.159895,sequential_ik_elbow_then_wrist,0,0,-0.207906,0.094456,-0.194559,-0.439332,-0.033146,-0.052574,-0.061694,-0.053048,-0.288755,-0.259697,-0.095222,-0.510151,0.000001,0.053040,0.000606,0.230236,0.000057,0.017680,0.007421,0.132968,0.000000,0.000000,0.000000,1.125724,-0.735886,-0.597582,1.118209,-0.757894,-1.310908,3.140000,-0.200000,0.000000,0.000000,0.000000,0.000000,0.000000,0.000000
1778443129.222210,sequential_ik_elbow_then_wrist,0,0,-0.208481,0.094137,-0.194097,-0.444174,-0.029881,-0.056008,-0.064177,-0.055628,-0.287727,-0.260726,-0.098405,-0.510299,0.000000,0.051842,0.000481,0.227650,0.000046,0.016348,0.006617,0.127859,0.000000,0.000000,0.000000,1.130297,-0.728316,-0.454162,1.192427,-0.763120,-1.305441,3.140000,-0.200000,0.000000,0.000000,0.000000,0.000000,0.000000,0.000000
1778443129.283234,sequential_ik_elbow_then_wrist,0,0,-0.208535,0.093327,-0.194430,-0.444190,-0.028663,-0.054485,-0.062068,-0.056839,-0.287953,-0.257814,-0.101786,-0.510806,0.000000,0.050489,0.000496,0.224694,0.000014,0.014971,0.003702,0.122356,0.000000,0.000000,0.000000,1.134505,-0.722701,-0.345163,1.245855,-0.768457,-1.301026,3.140000,-0.200000,0.000000,0.000000,0.000000,0.000000,0.000000,0.000000
1778443129.333387,sequential_ik_elbow_then_wrist,0,0,-0.207198,0.094789,-0.195151,-0.443269,-0.026862,-0.055610,-0.059220,-0.057873,-0.288346,-0.253725,-0.106365,-0.511542,0.000001,0.050328,0.000621,0.224338,0.000001,0.013727,0.000895,0.117161,0.000000,0.000000,0.000000,1.136850,-0.719050,-0.262324,1.285739,-0.772825,-1.298435,3.140000,-0.200000,0.000000,0.000000,0.000000,0.000000,0.000000,0.000000
1778443129.407821,sequential_ik_elbow_then_wrist,0,0,-0.209798,0.094133,-0.192676,-0.445927,-0.023594,-0.049904,-0.060770,-0.061041,-0.287369,-0.252904,-0.113757,-0.511658,0.000001,0.048320,0.000825,0.219819,0.000001,0.012413,0.000777,0.111415,0.000000,0.000000,0.000000,1.139305,-0.714414,-0.199366,1.315407,-0.776045,-1.294496,3.140000,-0.200000,0.000000,0.000000,0.000000,0.000000,0.000000,0.000000
1778443129.453280,sequential_ik_elbow_then_wrist,0,0,-0.210754,0.094526,-0.191435,-0.442915,-0.020817,-0.040447,-0.058918,-0.064939,-0.286900,-0.249763,-0.124185,-0.510659,0.000001,0.046054,0.000563,0.214595,0.000015,0.010972,0.003838,0.104750,0.000000,0.000000,0.000000,1.141469,-0.709469,-0.151518,1.342438,-0.777040,-1.290105,3.140000,-0.200000,0.000000,0.000000,0.000000,0.000000,0.000000,0.000000
1778443129.524333,sequential_ik_elbow_then_wrist,0,0,-0.210816,0.094687,-0.191288,-0.443764,-0.021314,-0.042027,-0.057989,-0.066912,-0.286636,-0.248705,-0.125901,-0.510572,0.000000,0.046516,0.000167,0.215675,0.000027,0.010812,0.005128,0.103978,0.000000,0.000000,0.000000,1.143161,-0.705267,-0.115154,1.362910,-0.775808,-1.285937,3.140000,-0.200000,0.000000,0.000000,0.000000,0.000000,0.000000,0.000000
1778443129.572471,sequential_ik_elbow_then_wrist,0,0,-0.209791,0.095579,-0.191970,-0.447265,-0.020391,-0.049996,-0.057514,-0.068575,-0.286338,-0.248753,-0.127416,-0.509868,0.000000,0.047656,0.000517,0.218292,0.000034,0.010980,0.005782,0.104786,0.000000,0.000000,0.000000,1.143705,-0.702520,-0.087517,1.373012,-0.772603,-1.281985,3.140000,-0.200000,0.000000,0.000000,0.000000,0.000000,0.000000,0.000000
1778443129.644180,sequential_ik_elbow_then_wrist,0,0,-0.208707,0.096283,-0.192798,-0.447374,-0.021202,-0.054107,-0.057607,-0.068864,-0.286250,-0.249749,-0.127519,-0.509053,0.000001,0.049034,0.000706,0.221433,0.000027,0.011500,0.005148,0.107239,0.000000,0.000000,0.000000,1.143145,-0.701200,-0.066513,1.377742,-0.768128,-1.278595,3.140000,-0.200000,0.000000,0.000000,0.000000,0.000000,0.000000,0.000000
1778443129.698134,sequential_ik_elbow_then_wrist,0,0,-0.208278,0.096732,-0.193037,-0.447397,-0.023453,-0.057473,-0.054976,-0.066346,-0.287360,-0.248067,-0.124867,-0.509377,0.000000,0.050891,0.000524,0.225589,0.000024,0.012223,0.004759,0.110556,0.000000,0.000000,0.000000,1.141960,-0.700564,-0.050550,1.379493,-0.762911,-1.278252,3.140000,-0.200000,0.000000,0.000000,0.000000,0.000000,0.000000,0.000000
1778443129.772968,sequential_ik_elbow_then_wrist,0,0,-0.207285,0.096319,-0.194308,-0.450149,-0.026976,-0.068549,-0.052866,-0.064869,-0.288092,-0.246324,-0.123585,-0.509737,0.000000,0.053840,0.000470,0.232019,0.000023,0.012777,0.004694,0.113036,0.000000,0.000000,0.000000,1.140722,-0.701192,-0.038418,1.374336,-0.757210,-1.280098,3.140000,-0.200000,0.000000,0.000000,0.000000,0.000000,0.000000,0.000000
1778443129.823764,sequential_ik_elbow_then_wrist,0,0,-0.206959,0.096372,-0.194629,-0.445593,-0.029405,-0.063349,-0.052610,-0.065323,-0.288037,-0.246365,-0.123461,-0.509574,0.000000,0.054207,0.000256,0.232820,0.000021,0.013206,0.004542,0.114916,0.000000,0.000000,0.000000,1.139527,-0.702183,-0.029198,1.374195,-0.751199,-1.281857,3.140000,-0.200000,0.000000,0.000000,0.000000,0.000000,0.000000,0.000000
1778443129.887114,sequential_ik_elbow_then_wrist,0,0,-0.207036,0.095864,-0.194798,-0.441543,-0.030472,-0.056792,-0.052345,-0.065278,-0.288095,-0.246367,-0.123715,-0.509321,0.000000,0.053506,0.000164,0.231293,0.000018,0.013543,0.004172,0.116376,0.000000,0.000000,0.000000,1.138818,-0.703191,-0.022190,1.381288,-0.745096,-1.283392,3.140000,-0.200000,0.000000,0.000000,0.000000,0.000000,0.000000,0.000000
1778443129.944921,sequential_ik_elbow_then_wrist,0,0,-0.209383,0.094617,-0.192889,-0.442184,-0.029447,-0.050019,-0.049466,-0.064574,-0.288762,-0.247269,-0.125289,-0.505989,0.000002,0.051506,0.001079,0.226944,0.000029,0.014662,0.005252,0.121086,0.000000,0.000000,0.000000,1.139664,-0.702474,-0.016865,1.390685,-0.738571,-1.286141,3.140000,-0.200000,0.000000,0.000000,0.000000,0.000000,0.000000,0.000000
1778443130.004250,sequential_ik_elbow_then_wrist,0,0,-0.204606,0.093137,-0.198650,-0.458272,-0.033669,-0.100803,-0.047030,-0.063066,-0.289501,-0.247214,-0.124719,-0.504269,0.000006,0.058851,0.001618,0.242243,0.000032,0.015807,0.005493,0.125727,0.000000,0.000000,0.000000,1.140484,-0.706279,-0.012817,1.366579,-0.731707,-1.290314,3.140000,-0.200000,0.000000,0.000000,0.000000,0.000000,0.000000,0.000000
1778443130.078044,sequential_ik_elbow_then_wrist,0,0,-0.200260,0.093134,-0.203032,-0.461570,-0.033619,-0.127862,-0.045178,-0.062044,-0.290016,-0.247486,-0.124950,-0.502417,0.000007,0.060944,0.001867,0.246635,0.000033,0.016921,0.005611,0.130080,0.000000,0.000000,0.000000,1.140076,-0.713807,-0.009741,1.322525,-0.724599,-1.295200,3.140000,-0.200000,0.000000,0.000000,0.000000,0.000000,0.000000,0.000000
1778443130.130027,sequential_ik_elbow_then_wrist,0,0,-0.175423,0.087003,-0.227283,-0.444446,-0.041960,-0.258827,-0.037903,-0.060954,-0.291287,-0.242706,-0.118948,-0.502693,0.000168,0.116795,0.008825,0.329572,0.000097,0.018000,0.009621,0.134164,0.000000,0.000000,0.000000,1.136351,-0.742117,-0.761003,1.072014,-0.716138,-1.302746,3.140000,-0.200000,0.000000,0.000000,0.000000,0.000000,0.000000,0.000000
1778443130.186335,sequential_ik_elbow_then_wrist,0,0,-0.172466,0.087050,-0.229516,-0.443107,-0.042375,-0.227701,-0.037686,-0.063515,-0.290767,-0.243255,-0.118394,-0.502261,0.000022,0.093599,0.003444,0.302171,0.000109,0.018728,0.010328,0.136850,0.000000,0.000000,0.000000,1.131092,-0.770926,-1.331962,0.766730,-0.706450,-1.308096,3.140000,-0.200000,0.000000,0.000000,0.000000,0.000000,0.000000,0.000000
1778443130.240458,sequential_ik_elbow_then_wrist,0,0,-0.179595,0.087044,-0.223984,-0.453469,-0.034756,-0.211423,-0.040682,-0.063640,-0.290336,-0.247320,-0.118193,-0.500871,0.000004,0.092828,0.001415,0.304677,0.000055,0.019941,0.007348,0.141212,0.000000,0.000000,0.000000,1.127687,-0.789269,-1.765891,0.534715,-0.696729,-1.310770,3.140000,-0.200000,0.000000,0.000000,0.000000,0.000000,0.000000,0.000000
1778443130.298075,sequential_ik_elbow_then_wrist,0,0,-0.177703,0.087286,-0.225395,-0.451526,-0.034240,-0.209519,-0.041890,-0.065154,-0.289828,-0.249214,-0.117419,-0.500268,0.000000,0.093650,0.000330,0.306023,0.000045,0.020563,0.006639,0.143398,0.000000,0.000000,0.000000,1.124785,-0.803709,-2.095677,0.358384,-0.687155,-1.311208,3.140000,-0.200000,0.000000,0.000000,0.000000,0.000000,0.000000,0.000000
1778443130.359517,sequential_ik_elbow_then_wrist,0,0,-0.178825,0.089136,-0.223778,-0.452791,-0.032077,-0.207967,-0.042772,-0.064228,-0.289906,-0.251388,-0.116718,-0.499009,0.000001,0.093365,0.000896,0.305556,0.000024,0.021606,0.004829,0.146989,0.000000,0.000000,0.000000,1.121730,-0.813294,-2.346315,0.224371,-0.678263,-1.311277,3.140000,-0.200000,0.000000,0.000000,0.000000,0.000000,0.000000,0.000000
1778443130.431072,sequential_ik_elbow_then_wrist,0,0,-0.179618,0.090910,-0.222425,-0.452015,-0.030693,-0.190607,-0.043129,-0.063943,-0.289916,-0.251375,-0.115967,-0.499504,0.000002,0.099782,0.001152,0.315883,0.000016,0.021904,0.003947,0.148002,0.000000,0.000000,0.000000,1.118241,-0.819013,-2.536799,0.122522,-0.670181,-1.311262,3.140000,-0.200000,0.000000,0.000000,0.000000,0.000000,0.000000,0.000000
1778443130.489014,sequential_ik_elbow_then_wrist,0,0,-0.186013,0.090847,-0.217131,-0.446424,-0.029375,-0.129196,-0.042927,-0.063459,-0.290052,-0.252006,-0.116352,-0.498591,0.000009,0.123160,0.002131,0.350942,0.000012,0.022478,0.003451,0.149926,0.000000,0.000000,0.000000,1.116730,-0.818203,-2.681567,0.045117,-0.662886,-1.311548,3.140000,-0.200000,0.000000,0.000000,0.000000,0.000000,0.000000,0.000000
1778443130.557269,sequential_ik_elbow_then_wrist,0,0,-0.192521,0.089641,-0.211896,-0.446019,-0.028202,-0.103031,-0.043285,-0.063275,-0.290039,-0.253201,-0.116585,-0.497629,0.000017,0.129576,0.003159,0.359967,0.000008,0.023097,0.002758,0.151976,0.000000,0.000000,0.000000,1.118512,-0.811795,-2.791591,-0.013711,-0.656421,-1.311784,3.140000,-0.200000,0.000000,0.000000,0.000000,0.000000,0.000000,0.000000
1778443130.604184,sequential_ik_elbow_then_wrist,0,0,-0.191911,0.089949,-0.212319,-0.446423,-0.026538,-0.104364,-0.042846,-0.062935,-0.290178,-0.254456,-0.116484,-0.495978,0.000001,0.126418,0.000902,0.355553,0.000007,0.023939,0.002635,0.154723,0.000000,0.000000,0.000000,1.120932,-0.805959,-2.875209,-0.058420,-0.650633,-1.312303,3.140000,-0.200000,0.000000,0.000000,0.000000,0.000000,0.000000,0.000000
1778443130.675280,sequential_ik_elbow_then_wrist,0,0,-0.192930,0.090511,-0.211154,-0.447917,-0.026577,-0.104984,-0.042968,-0.063039,-0.290138,-0.253829,-0.116001,-0.496857,0.000001,0.124775,0.000578,0.353235,0.000006,0.023892,0.002347,0.154571,0.000000,0.000000,0.000000,1.123226,-0.800287,-2.938759,-0.092400,-0.645455,-1.312670,3.140000,-0.200000,0.000000,0.000000,0.000000,0.000000,0.000000,0.000000
1778443130.726705,sequential_ik_elbow_then_wrist,0,0,-0.193340,0.090793,-0.210657,-0.447769,-0.026488,-0.103369,-0.043665,-0.063539,-0.289924,-0.254235,-0.115738,-0.497133,0.000000,0.124875,0.000293,0.353377,0.000004,0.024002,0.001888,0.154927,0.000000,0.000000,0.000000,1.125134,-0.795263,-2.987057,-0.118224,-0.640892,-1.312419,3.140000,-0.200000,0.000000,0.000000,0.000000,0.000000,0.000000,0.000000
1778443130.791682,sequential_ik_elbow_then_wrist,0,0,-0.195487,0.091070,-0.208545,-0.444464,-0.025201,-0.088164,-0.045127,-0.063909,-0.289619,-0.253973,-0.115930,-0.498610,0.000001,0.130494,0.000819,0.361239,0.000001,0.023581,0.000879,0.153562,0.000000,0.000000,0.000000,1.127060,-0.789460,-3.023763,-0.137850,-0.637148,-1.311368,3.140000,-0.200000,0.000000,0.000000,0.000000,0.000000,0.000000,0.000000
1778443130.847554,sequential_ik_elbow_then_wrist,0,0,-0.198114,0.092103,-0.205591,-0.440524,-0.022024,-0.070638,-0.046380,-0.064721,-0.289240,-0.252972,-0.119948,-0.499644,0.000003,0.136166,0.001129,0.369006,0.000000,0.022513,0.000474,0.150044,0.000000,0.000000,0.000000,1.128850,-0.782077,-3.051660,-0.152766,-0.634216,-1.309482,3.140000,-0.200000,0.000000,0.000000,0.000000,0.000000,0.000000,0.000000
1778443130.909047,sequential_ik_elbow_then_wrist,0,0,-0.185479,0.093172,-0.216603,-0.454119,-0.028965,-0.162611,-0.042585,-0.068332,-0.288994,-0.251483,-0.118043,-0.498494,0.000035,0.102647,0.004367,0.320386,0.000024,0.022725,0.004880,0.150749,0.000000,0.000000,0.000000,1.126514,-0.785366,-3.072862,-0.164102,-0.630287,-1.307324,3.140000,-0.200000,0.000000,0.000000,0.000000,0.000000,0.000000,0.000000
1778443130.967684,sequential_ik_elbow_then_wrist,0,0,-0.186734,0.092895,-0.215641,-0.452404,-0.029886,-0.149729,-0.043031,-0.068615,-0.288861,-0.251582,-0.118413,-0.498685,0.000002,0.110640,0.001080,0.332626,0.000018,0.022941,0.004180,0.151461,0.000000,0.000000,0.000000,1.123491,-0.789033,-3.088975,-0.172718,-0.625829,-1.305187,3.140000,-0.200000,0.000000,0.000000,0.000000,0.000000,0.000000,0.000000
1778443131.025884,sequential_ik_elbow_then_wrist,0,0,-0.187198,0.093234,-0.215092,-0.453314,-0.028673,-0.149360,-0.043500,-0.069052,-0.288686,-0.254344,-0.117493,-0.496528,0.000000,0.110743,0.000526,0.332781,0.000013,0.024225,0.003613,0.155644,0.000000,0.000000,0.000000,1.120539,-0.791599,-3.101221,-0.179265,-0.621158,-1.303034,3.140000,-0.200000,0.000000,0.000000,0.000000,0.000000,0.000000,0.000000
1778443131.092180,sequential_ik_elbow_then_wrist,0,0,-0.188767,0.093432,-0.213629,-0.452005,-0.025400,-0.132483,-0.044745,-0.068882,-0.288536,-0.256783,-0.116732,-0.495298,0.000001,0.116338,0.000497,0.341084,0.000005,0.025211,0.002223,0.158779,0.000000,0.000000,0.000000,1.118295,-0.792208,-3.110528,-0.184242,-0.616815,-1.300907,3.140000,-0.200000,0.000000,0.000000,0.000000,0.000000,0.000000,0.000000
1778443131.148870,sequential_ik_elbow_then_wrist,0,0,-0.189059,0.092478,-0.213786,-0.453326,-0.025678,-0.135031,-0.045684,-0.069907,-0.288142,-0.257491,-0.118682,-0.494924,0.000000,0.114678,0.000469,0.338642,0.000004,0.025156,0.001834,0.158607,0.000000,0.000000,0.000000,1.117183,-0.792503,-3.117601,-0.188024,-0.612861,-1.298290,3.140000,-0.200000,0.000000,0.000000,0.000000,0.000000,0.000000,0.000000
1778443131.221428,sequential_ik_elbow_then_wrist,0,0,-0.190662,0.092740,-0.212244,-0.454999,-0.022883,-0.130043,-0.046511,-0.069838,-0.288027,-0.258314,-0.120032,-0.494474,0.000001,0.114496,0.000677,0.338372,0.000001,0.025245,0.000970,0.158886,0.000000,0.000000,0.000000,1.116901,-0.791337,-3.122977,-0.190898,-0.609506,-1.295808,3.140000,-0.200000,0.000000,0.000000,0.000000,0.000000,0.000000,0.000000
1778443131.272871,sequential_ik_elbow_then_wrist,0,0,-0.190596,0.093073,-0.212157,-0.455145,-0.021749,-0.129513,-0.048385,-0.069913,-0.287700,-0.261236,-0.119583,-0.493193,0.000000,0.113904,0.000155,0.337497,0.000000,0.026011,0.000578,0.161280,0.000000,0.000000,0.000000,1.116754,-0.790057,-3.127062,-0.193082,-0.607138,-1.293089,3.140000,-0.200000,0.000000,0.000000,0.000000,0.000000,0.000000,0.000000
1778443131.338402,sequential_ik_elbow_then_wrist,0,0,-0.191057,0.093376,-0.211609,-0.451604,-0.022016,-0.117800,-0.050676,-0.069005,-0.287524,-0.265480,-0.119150,-0.490857,0.000000,0.119274,0.000211,0.345361,0.000007,0.027118,0.002559,0.164676,0.000000,0.000000,0.000000,1.116631,-0.788516,-3.130167,-0.194743,-0.606295,-1.290477,3.140000,-0.200000,0.000000,0.000000,0.000000,0.000000,0.000000,0.000000
1778443131.392662,sequential_ik_elbow_then_wrist,0,0,-0.192309,0.094011,-0.210188,-0.446782,-0.023715,-0.103491,-0.050764,-0.067868,-0.287779,-0.263948,-0.118464,-0.492700,0.000001,0.126238,0.000505,0.355300,0.000009,0.026358,0.002891,0.162352,0.000000,0.000000,0.000000,1.116520,-0.785983,-3.132527,-0.196004,-0.606736,-1.288927,3.140000,-0.200000,0.000000,0.000000,0.000000,0.000000,0.000000,0.000000
1778443131.462832,sequential_ik_elbow_then_wrist,0,0,-0.196930,0.092209,-0.206679,-0.441165,-0.030119,-0.082643,-0.054060,-0.063402,-0.288197,-0.268570,-0.109323,-0.492836,0.000007,0.135886,0.002055,0.368628,0.000054,0.028379,0.007235,0.168461,0.000000,0.000000,0.000000,1.118633,-0.780740,-3.134321,-0.196963,-0.609735,-1.288940,3.140000,-0.200000,0.000000,0.000000,0.000000,0.000000,0.000000,0.000000
1778443131.513079,sequential_ik_elbow_then_wrist,0,0,-0.201692,0.090093,-0.202987,-0.437024,-0.035180,-0.065415,-0.056952,-0.063147,-0.287696,-0.270345,-0.108654,-0.493590,0.000013,0.141883,0.002866,0.376673,0.000076,0.027798,0.008612,0.166727,0.000000,0.000000,0.000000,1.123640,-0.772885,-3.135684,-0.197692,-0.615196,-1.288200,3.140000,-0.200000,0.000000,0.000000,0.000000,0.000000,0.000000,0.000000
1778443131.576552,sequential_ik_elbow_then_wrist,0,0,-0.214708,0.082313,-0.192679,-0.439725,-0.040648,-0.036962,-0.068222,-0.057944,-0.286336,-0.289482,-0.097896,-0.484951,0.000081,0.088155,0.007176,0.279565,0.000343,0.033445,0.018285,0.182880,0.000000,0.000000,0.000000,1.136560,-0.757628,-2.383120,0.041734,-0.626271,-1.285520,3.140000,-0.200000,0.000000,0.000000,0.000000,0.000000,0.000000,0.000000
1778443131.633934,sequential_ik_elbow_then_wrist,0,0,-0.221120,0.076695,-0.187680,-0.441751,-0.050248,-0.028913,-0.076336,-0.052725,-0.285294,-0.314338,-0.072682,-0.466835,0.000056,0.050804,0.006060,0.220908,0.000610,0.044929,0.024377,0.211964,0.000000,0.000000,0.000000,1.154908,-0.739904,-1.811171,0.331141,-0.644182,-1.281777,3.140000,-0.200000,0.000000,0.000000,0.000000,0.000000,0.000000,0.000000
1778443131.694781,sequential_ik_elbow_then_wrist,0,0,-0.221979,0.068182,-0.189938,-0.460195,-0.058580,-0.058847,-0.080539,-0.055956,-0.283518,-0.319168,-0.069119,-0.464854,0.000044,0.045813,0.005592,0.214009,0.000501,0.042968,0.021991,0.207288,0.000000,0.000000,0.000000,1.177420,-0.726823,-1.376490,0.559677,-0.666802,-1.274606,3.140000,-0.200000,0.000000,0.000000,0.000000,0.000000,0.000000,0.000000
1778443131.756617,sequential_ik_elbow_then_wrist,0,0,-0.220735,0.068183,-0.191382,-0.470008,-0.059078,-0.083364,-0.076413,-0.058781,-0.284088,-0.311053,-0.074752,-0.470337,0.000007,0.045240,0.002153,0.212596,0.000217,0.036031,0.014519,0.189818,0.000000,0.000000,0.000000,1.197738,-0.718077,-1.046132,0.717641,-0.690134,-1.268345,3.140000,-0.200000,0.000000,0.000000,0.000000,0.000000,0.000000,0.000000
1778443131.817603,sequential_ik_elbow_then_wrist,0,0,-0.230736,0.058564,-0.182568,-0.467985,-0.064569,-0.046365,-0.082989,-0.060404,-0.281894,-0.324993,-0.075959,-0.458507,0.000059,0.038889,0.006128,0.197162,0.000248,0.037961,0.015380,0.194836,0.000000,0.000000,0.000000,1.221979,-0.704797,-0.795061,0.847304,-0.714633,-1.259359,3.140000,-0.200000,0.000000,0.000000,0.000000,0.000000,0.000000,0.000000
1778443131.881393,sequential_ik_elbow_then_wrist,0,0,-0.233107,0.059741,-0.179143,-0.470212,-0.061728,-0.041207,-0.079757,-0.061295,-0.282634,-0.322558,-0.080416,-0.457796,0.000011,0.035689,0.002495,0.188915,0.000112,0.034823,0.010420,0.186608,0.000000,0.000000,0.000000,1.243550,-0.690488,-0.604246,0.945435,-0.737950,-1.252509,3.140000,-0.200000,0.000000,0.000000,0.000000,0.000000,0.000000,0.000000
1778443131.933977,sequential_ik_elbow_then_wrist,0,0,-0.233360,0.060934,-0.178410,-0.469288,-0.060216,-0.038194,-0.079655,-0.063006,-0.282286,-0.326528,-0.084799,-0.451338,0.000001,0.034758,0.000653,0.186435,0.000061,0.034738,0.007649,0.186381,0.000000,0.000000,0.000000,1.260470,-0.678081,-0.459227,1.020163,-0.759146,-1.246497,3.140000,-0.200000,0.000000,0.000000,0.000000,0.000000,0.000000,0.000000
1778443131.990236,sequential_ik_elbow_then_wrist,0,0,-0.234225,0.062294,-0.176800,-0.461192,-0.060112,-0.023495,-0.079756,-0.062649,-0.282337,-0.336166,-0.076217,-0.437482,0.000001,0.034281,0.000655,0.185102,0.000046,0.040558,0.006687,0.201391,0.000000,0.000000,0.000000,1.272849,-0.667067,-0.349013,1.087124,-0.778308,-1.241791,3.140000,-0.200000,0.000000,0.000000,0.000000,0.000000,0.000000,0.000000
1778443132.052153,sequential_ik_elbow_then_wrist,0,0,-0.226478,0.063914,-0.186071,-0.480545,-0.062642,-0.088945,-0.084570,-0.063167,-0.280816,-0.348923,-0.073612,-0.422267,0.000018,0.040705,0.002935,0.201221,0.000067,0.045564,0.007964,0.213458,0.000000,0.000000,0.000000,1.279864,-0.665522,-0.265250,1.102860,-0.796573,-1.235515,3.140000,-0.200000,0.000000,0.000000,0.000000,0.000000,0.000000,0.000000
1778443132.117969,sequential_ik_elbow_then_wrist,0,0,-0.224860,0.067517,-0.186761,-0.473907,-0.058146,-0.076377,-0.083810,-0.061670,-0.281376,-0.347865,-0.069450,-0.423554,0.000008,0.040065,0.002260,0.200161,0.000052,0.044676,0.007080,0.211366,0.000000,0.000000,0.000000,1.281851,-0.666456,-0.201590,1.116673,-0.813798,-1.231080,3.140000,-0.200000,0.000000,0.000000,0.000000,0.000000,0.000000,0.000000
1778443132.173043,sequential_ik_elbow_then_wrist,0,0,-0.222221,0.071903,-0.188276,-0.460646,-0.059612,-0.062350,-0.075374,-0.061545,-0.283780,-0.297782,-0.110757,-0.479005,0.000012,0.042981,0.002878,0.207197,0.000008,0.017577,0.002170,0.132579,0.000000,0.000000,0.000000,1.278984,-0.668852,-0.153208,1.144160,-0.827549,-1.232051,3.140000,-0.200000,0.000000,0.000000,0.000000,0.000000,0.000000,0.000000
1778443132.235648,sequential_ik_elbow_then_wrist,0,0,-0.214721,0.075126,-0.195579,-0.465854,-0.058764,-0.100680,-0.064610,-0.065426,-0.285561,-0.273037,-0.119542,-0.494438,0.000028,0.048461,0.004064,0.220072,0.000061,0.012310,0.007463,0.110952,0.000000,0.000000,0.000000,1.271776,-0.676928,-0.116438,1.151975,-0.834913,-1.237447,3.140000,-0.200000,0.000000,0.000000,0.000000,0.000000,0.000000,0.000000
1778443132.293272,sequential_ik_elbow_then_wrist,0,0,-0.216290,0.074604,-0.194043,-0.463192,-0.056361,-0.085013,-0.062388,-0.065365,-0.286068,-0.273609,-0.121148,-0.491675,0.000001,0.047381,0.000976,0.217652,0.000060,0.013813,0.007562,0.117530,0.000000,0.000000,0.000000,1.264847,-0.683233,-0.088493,1.165001,-0.837446,-1.243660,3.140000,-0.200000,0.000000,0.000000,0.000000,0.000000,0.000000,0.000000
1778443132.363014,sequential_ik_elbow_then_wrist,0,0,-0.212560,0.081242,-0.195494,-0.460473,-0.048089,-0.086810,-0.060020,-0.066628,-0.286284,-0.271784,-0.126770,-0.490095,0.000018,0.048020,0.003550,0.219128,0.000079,0.014223,0.008750,0.119259,0.000000,0.000000,0.000000,1.254372,-0.689260,-0.067255,1.178795,-0.835880,-1.249382,3.140000,-0.200000,0.000000,0.000000,0.000000,0.000000,0.000000,0.000000
1778443132.424544,sequential_ik_elbow_then_wrist,0,0,-0.211656,0.086383,-0.194268,-0.453890,-0.043464,-0.074009,-0.059085,-0.065898,-0.286647,-0.270316,-0.126160,-0.490974,0.000018,0.049387,0.003604,0.222174,0.000061,0.014728,0.007726,0.121360,0.000000,0.000000,0.000000,1.241087,-0.693129,-0.051114,1.201458,-0.831653,-1.254655,3.140000,-0.200000,0.000000,0.000000,0.000000,0.000000,0.000000,0.000000
1778443132.487015,sequential_ik_elbow_then_wrist,0,0,-0.214154,0.092629,-0.188568,-0.437399,-0.037957,-0.036551,-0.062962,-0.068668,-0.285168,-0.274448,-0.129199,-0.489152,0.000024,0.047974,0.003861,0.218674,0.000041,0.015037,0.006230,0.122625,0.000000,0.000000,0.000000,1.225769,-0.691337,-0.038846,1.248620,-0.825964,-1.255773,3.140000,-0.200000,0.000000,0.000000,0.000000,0.000000,0.000000,0.000000
1778443132.540807,sequential_ik_elbow_then_wrist,0,0,-0.213267,0.096089,-0.187840,-0.436368,-0.033197,-0.034507,-0.062043,-0.069614,-0.285140,-0.271864,-0.132192,-0.490223,0.000012,0.048931,0.002851,0.221155,0.000043,0.014452,0.006432,0.120218,0.000000,0.000000,0.000000,1.209832,-0.688309,-0.029523,1.295429,-0.818992,-1.255919,3.140000,-0.200000,0.000000,0.000000,0.000000,0.000000,0.000000,0.000000
1778443132.600055,sequential_ik_elbow_then_wrist,0,0,-0.213304,0.101514,-0.184923,-0.412173,-0.026836,-0.000594,-0.058766,-0.070971,-0.285499,-0.270280,-0.138134,-0.487368,0.000015,0.044759,0.003203,0.211163,0.000072,0.014937,0.008375,0.122218,0.000000,0.000000,0.000000,1.192946,-0.683331,-0.022438,1.362221,-0.810255,-1.256690,3.140000,-0.200000,0.000000,0.000000,0.000000,0.000000,0.000000,0.000000
1778443132.657759,sequential_ik_elbow_then_wrist,0,0,-0.213054,0.102780,-0.184511,-0.412029,-0.026979,-0.001286,-0.054502,-0.071841,-0.286126,-0.261377,-0.142511,-0.491573,0.000004,0.046481,0.001714,0.215550,0.000113,0.013704,0.010456,0.117066,0.000000,0.000000,0.000000,1.177457,-0.678603,-0.017053,1.423471,-0.799409,-1.258847,3.140000,-0.200000,0.000000,0.000000,0.000000,0.000000,0.000000,0.000000
1778443132.729514,sequential_ik_elbow_then_wrist,0,0,-0.203909,0.108154,-0.191634,-0.437193,-0.027125,-0.060188,-0.051270,-0.074096,-0.286149,-0.257286,-0.139662,-0.494137,0.000034,0.060759,0.004662,0.246163,0.000160,0.013860,0.012494,0.117730,0.000000,0.000000,0.000000,1.159198,-0.680460,-0.012960,1.439407,-0.786202,-1.261063,3.140000,-0.200000,0.000000,0.000000,0.000000,0.000000,0.000000,0.000000
1778443132.782404,sequential_ik_elbow_then_wrist,0,0,-0.202347,0.108311,-0.193196,-0.442129,-0.026339,-0.073304,-0.051922,-0.075079,-0.285775,-0.258674,-0.137734,-0.493928,0.000008,0.064226,0.002264,0.253319,0.000125,0.014923,0.011025,0.122158,0.000000,0.000000,0.000000,1.142196,-0.684351,-0.009850,1.433617,-0.771762,-1.261984,3.140000,-0.200000,0.000000,0.000000,0.000000,0.000000,0.000000,0.000000
1778443132.844233,sequential_ik_elbow_then_wrist,0,0,-0.199221,0.107930,-0.196628,-0.444027,-0.024798,-0.085034,-0.050490,-0.076031,-0.285780,-0.255327,-0.136449,-0.496473,0.000006,0.065910,0.001818,0.256685,0.000126,0.014935,0.011050,0.122208,0.000000,0.000000,0.000000,1.127310,-0.690656,-0.007486,1.417752,-0.756350,-1.262523,3.140000,-0.200000,0.000000,0.000000,0.000000,0.000000,0.000000,0.000000
1778443132.906569,sequential_ik_elbow_then_wrist,0,0,-0.194266,0.107162,-0.201933,-0.447169,-0.025241,-0.109683,-0.050450,-0.077866,-0.285292,-0.255730,-0.133985,-0.496741,0.000010,0.069743,0.002300,0.264001,0.000116,0.015894,0.010627,0.126071,0.000000,0.000000,0.000000,1.114157,-0.700593,-0.005689,1.389322,-0.740322,-1.261875,3.140000,-0.200000,0.000000,0.000000,0.000000,0.000000,0.000000,0.000000
1778443132.960792,sequential_ik_elbow_then_wrist,0,0,-0.192858,0.107071,-0.203326,-0.442017,-0.026743,-0.103260,-0.050294,-0.079283,-0.284929,-0.255309,-0.132668,-0.497341,0.000003,0.069733,0.001195,0.264067,0.000104,0.016619,0.010040,0.128916,0.000000,0.000000,0.000000,1.103010,-0.710487,-0.004324,1.370378,-0.724003,-1.260375,3.140000,-0.200000,0.000000,0.000000,0.000000,0.000000,0.000000,0.000000
1778443133.030883,sequential_ik_elbow_then_wrist,0,0,-0.193640,0.105673,-0.203314,-0.442569,-0.027364,-0.101651,-0.049849,-0.079260,-0.285014,-0.253897,-0.132515,-0.498387,0.000000,0.069282,0.000394,0.263213,0.000082,0.017094,0.008927,0.130742,0.000000,0.000000,0.000000,1.095014,-0.718531,-0.003286,1.358272,-0.707895,-1.259098,3.140000,-0.200000,0.000000,0.000000,0.000000,0.000000,0.000000,0.000000
1778443133.074932,sequential_ik_elbow_then_wrist,0,0,-0.187752,0.104075,-0.209565,-0.444808,-0.029025,-0.130781,-0.045880,-0.081011,-0.285188,-0.244471,-0.134171,-0.503673,0.000010,0.072888,0.002075,0.269910,0.000132,0.015648,0.011338,0.125090,0.000000,0.000000,0.000000,1.088275,-0.730080,-0.002497,1.334506,-0.690969,-1.258616,3.140000,-0.200000,0.000000,0.000000,0.000000,0.000000,0.000000,0.000000
1778443133.144337,sequential_ik_elbow_then_wrist,0,0,-0.190020,0.102091,-0.208495,-0.443371,-0.027494,-0.113516,-0.044000,-0.081191,-0.285433,-0.240362,-0.133943,-0.506021,0.000002,0.068551,0.001070,0.261809,0.000129,0.015797,0.011206,0.125686,0.000000,0.000000,0.000000,1.084573,-0.739182,-0.001898,1.322708,-0.673514,-1.258842,3.140000,-0.200000,0.000000,0.000000,0.000000,0.000000,0.000000,0.000000
1778443133.209340,sequential_ik_elbow_then_wrist,0,0,-0.190028,0.101216,-0.208913,-0.446449,-0.028028,-0.122056,-0.043175,-0.080604,-0.285725,-0.238156,-0.133870,-0.507413,0.000001,0.068748,0.000852,0.262192,0.000103,0.016277,0.010001,0.127582,0.000000,0.000000,0.000000,1.082875,-0.746533,-0.001442,1.309264,-0.656187,-1.259651,3.140000,-0.200000,0.000000,0.000000,0.000000,0.000000,0.000000,0.000000
1778443133.272740,sequential_ik_elbow_then_wrist,0,0,-0.191882,0.099448,-0.208066,-0.449842,-0.025759,-0.119864,-0.041999,-0.079130,-0.286312,-0.235868,-0.133594,-0.508682,0.000003,0.065825,0.001504,0.256560,0.000081,0.016716,0.008837,0.129292,0.000000,0.000000,0.000000,1.083567,-0.751494,-0.001096,1.296038,-0.639492,-1.261537,3.140000,-0.200000,0.000000,0.000000,0.000000,0.000000,0.000000,0.000000
1778443133.330107,sequential_ik_elbow_then_wrist,0,0,-0.201061,0.097086,-0.200371,-0.445866,-0.025214,-0.077437,-0.040240,-0.077507,-0.287008,-0.234833,-0.132461,-0.508623,0.000029,0.058322,0.004224,0.241348,0.000070,0.017607,0.008252,0.132692,0.000000,0.000000,0.000000,1.088853,-0.748657,-0.000833,1.306548,-0.623593,-1.264686,3.140000,-0.200000,0.000000,0.000000,0.000000,0.000000,0.000000,0.000000
1778443133.389310,sequential_ik_elbow_then_wrist,0,0,-0.205438,0.093441,-0.197646,-0.450054,-0.028138,-0.073624,-0.040490,-0.075759,-0.287439,-0.235783,-0.131540,-0.508230,0.000023,0.055656,0.003949,0.235912,0.000040,0.018693,0.006238,0.136722,0.000000,0.000000,0.000000,1.098149,-0.742746,-0.000633,1.317581,-0.609131,-1.268288,3.140000,-0.200000,0.000000,0.000000,0.000000,0.000000,0.000000,0.000000
1778443133.436599,sequential_ik_elbow_then_wrist,0,0,-0.205753,0.092781,-0.197630,-0.453114,-0.028950,-0.079334,-0.038137,-0.068571,-0.289558,-0.235642,-0.125904,-0.507971,0.000005,0.054675,0.001903,0.233816,0.000023,0.020402,0.004323,0.142837,0.000000,0.000000,0.000000,1.107921,-0.737362,-0.000481,1.320620,-0.596733,-1.275989,3.140000,-0.200000,0.000000,0.000000,0.000000,0.000000,0.000000,0.000000
1778443133.509157,sequential_ik_elbow_then_wrist,0,0,-0.205866,0.092397,-0.197692,-0.458775,-0.032587,-0.095633,-0.036178,-0.065745,-0.290463,-0.234790,-0.123634,-0.507723,0.000001,0.057071,0.000962,0.238821,0.000017,0.021332,0.003889,0.146056,0.000000,0.000000,0.000000,1.116740,-0.733112,-0.000366,1.308674,-0.586064,-1.285157,3.140000,-0.200000,0.000000,0.000000,0.000000,0.000000,0.000000,0.000000
1778443133.574412,sequential_ik_elbow_then_wrist,0,0,-0.213567,0.089247,-0.190851,-0.455123,-0.033983,-0.062536,-0.039442,-0.057832,-0.291719,-0.241555,-0.118975,-0.504819,0.000021,0.051793,0.003544,0.227537,0.000014,0.024511,0.003305,0.156559,0.000000,0.000000,0.000000,1.127735,-0.724321,-0.000278,1.310308,-0.578892,-1.296070,3.140000,-0.200000,0.000000,0.000000,0.000000,0.000000,0.000000,0.000000
1778443133.627239,sequential_ik_elbow_then_wrist,0,0,-0.215581,0.090161,-0.188138,-0.452304,-0.032194,-0.050329,-0.044764,-0.048888,-0.292585,-0.274387,-0.096309,-0.479733,0.000006,0.048901,0.001711,0.221112,0.000134,0.041030,0.011388,0.202558,0.000000,0.000000,0.000000,1.137834,-0.714195,-0.000211,1.319397,-0.576764,-1.308196,3.140000,-0.200000,0.000000,0.000000,0.000000,0.000000,0.000000,0.000000
1778443133.685043,sequential_ik_elbow_then_wrist,0,0,-0.219469,0.089144,-0.184083,-0.451780,-0.035148,-0.040615,-0.050909,-0.049006,-0.291559,-0.293369,-0.086280,-0.464254,0.000008,0.048141,0.002040,0.219404,0.000234,0.050278,0.015160,0.224227,0.000000,0.000000,0.000000,1.147722,-0.702522,-0.000161,1.330801,-0.579576,-1.315943,3.140000,-0.200000,0.000000,0.000000,0.000000,0.000000,0.000000,0.000000
1778443133.747113,sequential_ik_elbow_then_wrist,0,0,-0.225840,0.087472,-0.177045,-0.445962,-0.034551,-0.013776,-0.062777,-0.051191,-0.288857,-0.321846,-0.073205,-0.438519,0.000019,0.043548,0.003115,0.208624,0.000487,0.064610,0.021731,0.254184,0.000000,0.000000,0.000000,1.158559,-0.687307,-0.000122,1.351143,-0.588584,-1.315738,3.140000,-0.200000,0.000000,0.000000,0.000000,0.000000,0.000000,0.000000
1778443133.809333,sequential_ik_elbow_then_wrist,0,0,-0.229317,0.085985,-0.173263,-0.453688,-0.036941,-0.016589,-0.066147,-0.054504,-0.287496,-0.320416,-0.075414,-0.445325,0.000010,0.043705,0.002363,0.209042,0.000416,0.057593,0.020101,0.239986,0.000000,0.000000,0.000000,1.169704,-0.671416,-0.000093,1.360782,-0.602403,-1.310813,3.140000,-0.200000,0.000000,0.000000,0.000000,0.000000,0.000000,0.000000
1778443133.870100,sequential_ik_elbow_then_wrist,0,0,-0.232697,0.083976,-0.169706,-0.458018,-0.040404,-0.015565,-0.064650,-0.055049,-0.287732,-0.315423,-0.081860,-0.450195,0.000009,0.043552,0.002208,0.208671,0.000276,0.050878,0.016428,0.225562,0.000000,0.000000,0.000000,1.181161,-0.655674,-0.000070,1.361041,-0.618846,-1.305996,3.140000,-0.200000,0.000000,0.000000,0.000000,0.000000,0.000000,0.000000
1778443133.965768,sequential_ik_elbow_then_wrist,0,0,-0.228826,0.081618,-0.176003,-0.477899,-0.042879,-0.064366,-0.067537,-0.057377,-0.286612,-0.323339,-0.078572,-0.441906,0.000006,0.047891,0.001739,0.218356,0.000238,0.052909,0.015211,0.230019,0.000000,0.000000,0.000000,1.191496,-0.647622,-0.000054,1.326367,-0.637035,-1.299515,3.140000,-0.200000,0.000000,0.000000,0.000000,0.000000,0.000000,0.000000
1778443134.010403,sequential_ik_elbow_then_wrist,0,0,-0.228784,0.078945,-0.177273,-0.479237,-0.044175,-0.067206,-0.074834,-0.060199,-0.284211,-0.343012,-0.072470,-0.418115,0.000004,0.046044,0.001462,0.214518,0.000285,0.062080,0.016514,0.249158,0.000000,0.000000,0.000000,1.201505,-0.643367,-0.000041,1.287750,-0.657453,-1.289203,3.140000,-0.200000,0.000000,0.000000,0.000000,0.000000,0.000000,0.000000
1778443134.079401,sequential_ik_elbow_then_wrist,0,0,-0.229968,0.073994,-0.177875,-0.478726,-0.048585,-0.063446,-0.081119,-0.063430,-0.281774,-0.356517,-0.062839,-0.400749,0.000009,0.044102,0.002400,0.210005,0.000276,0.068214,0.016162,0.261178,0.000000,0.000000,0.000000,1.213061,-0.641029,-0.000031,1.257264,-0.679973,-1.275504,3.140000,-0.200000,0.000000,0.000000,0.000000,0.000000,0.000000,0.000000
1778443134.143755,sequential_ik_elbow_then_wrist,0,0,-0.224890,0.072521,-0.184838,-0.476730,-0.047963,-0.075020,-0.087680,-0.063149,-0.279865,-0.368008,-0.053636,-0.386287,0.000011,0.042629,0.002236,0.206467,0.000321,0.072933,0.017476,0.270061,0.000000,0.000000,0.000000,1.223197,-0.644841,-0.000024,1.232524,-0.705230,-1.260514,3.140000,-0.200000,0.000000,0.000000,0.000000,0.000000,0.000000,0.000000
1778443134.178432,sequential_ik_elbow_then_wrist,0,0,-0.223704,0.070856,-0.186911,-0.467602,-0.050600,-0.061364,-0.092996,-0.059286,-0.278993,-0.373599,-0.043592,-0.383948,0.000004,0.041284,0.001347,0.203101,0.000401,0.072548,0.019602,0.269347,0.000000,0.000000,0.000000,1.232176,-0.650647,-0.000018,1.227794,-0.733964,-1.246825,3.140000,-0.200000,0.000000,0.000000,0.000000,0.000000,0.000000,0.000000
1778443134.248267,sequential_ik_elbow_then_wrist,0,0,-0.224342,0.070904,-0.186128,-0.464213,-0.048748,-0.051424,-0.096889,-0.060243,-0.277458,-0.372284,-0.050263,-0.396027,0.000000,0.039292,0.000377,0.198167,0.000320,0.061022,0.017439,0.247027,0.000000,0.000000,0.000000,1.239591,-0.655106,-0.000014,1.235437,-0.764612,-1.233092,3.140000,-0.200000,0.000000,0.000000,0.000000,0.000000,0.000000,0.000000
1778443134.307947,sequential_ik_elbow_then_wrist,0,0,-0.214692,0.075405,-0.195503,-0.471945,-0.044656,-0.098516,-0.077552,-0.062675,-0.282944,-0.304975,-0.092447,-0.476316,0.000029,0.043184,0.003953,0.207638,0.000025,0.021075,0.003805,0.145174,0.000000,0.000000,0.000000,1.240983,-0.666017,-0.000010,1.221179,-0.789075,-1.230517,3.140000,-0.200000,0.000000,0.000000,0.000000,0.000000,0.000000,0.000000
1778443134.357205,sequential_ik_elbow_then_wrist,0,0,-0.212668,0.077491,-0.196895,-0.451323,-0.048246,-0.065616,-0.066940,-0.061683,-0.285857,-0.278078,-0.106896,-0.494127,0.000010,0.044320,0.002507,0.210252,0.000028,0.014210,0.004192,0.119205,0.000000,0.000000,0.000000,1.238691,-0.677161,-0.000008,1.235983,-0.806308,-1.236027,3.140000,-0.200000,0.000000,0.000000,0.000000,0.000000,0.000000,0.000000
1778443134.420749,sequential_ik_elbow_then_wrist,0,0,-0.195675,0.091496,-0.208182,-0.429736,-0.027520,-0.063094,-0.070452,-0.058053,-0.285773,-0.302167,-0.102153,-0.471146,0.000150,0.042931,0.010125,0.206859,0.000003,0.023207,0.001728,0.152339,0.000000,0.000000,0.000000,1.223904,-0.695879,-0.000006,1.275710,-0.820077,-1.241728,3.140000,-0.200000,0.000000,0.000000,0.000000,0.000000,0.000000,0.000000
1778443134.482022,sequential_ik_elbow_then_wrist,0,0,-0.196241,0.092584,-0.207166,-0.396415,-0.040666,-0.027792,-0.069711,-0.061089,-0.285322,-0.304784,-0.108776,-0.465507,0.000028,0.046939,0.004620,0.215659,0.000001,0.023919,0.001019,0.154658,0.000000,0.000000,0.000000,1.206444,-0.711458,-0.000005,1.355689,-0.830131,-1.245492,3.140000,-0.200000,0.000000,0.000000,0.000000,0.000000,0.000000,0.000000
1778443134.540245,sequential_ik_elbow_then_wrist,0,0,-0.192325,0.100021,-0.207381,-0.379102,-0.040864,-0.019589,-0.071760,-0.063458,-0.284295,-0.313826,-0.106771,-0.456132,0.000045,0.048630,0.005862,0.220080,0.000003,0.027133,0.001483,0.164721,0.000000,0.000000,0.000000,1.185281,-0.723815,-0.000003,1.449991,-0.837246,-1.246207,3.140000,-0.200000,0.000000,0.000000,0.000000,0.000000,0.000000,0.000000
1778443134.589745,sequential_ik_elbow_then_wrist,0,0,-0.196131,0.096605,-0.205427,-0.369953,-0.035707,0.000193,-0.076550,-0.072440,-0.280878,-0.324667,-0.128046,-0.440082,0.000001,0.043279,0.000779,0.207836,0.000032,0.028028,0.004815,0.167415,0.000000,0.000000,0.000000,1.168514,-0.731601,-0.000003,1.543589,-0.840787,-1.240022,3.140000,-0.200000,0.000000,0.000000,0.000000,0.000000,0.000000,0.000000
1778443134.647777,sequential_ik_elbow_then_wrist,0,0,-0.197176,0.125447,-0.188109,-0.340923,-0.027761,0.026050,-0.075547,-0.080358,-0.278989,-0.321326,-0.152340,-0.435231,0.000223,0.043669,0.012002,0.208553,0.000087,0.025006,0.008950,0.158132,0.000000,0.000000,0.000000,1.140031,-0.723192,-0.000002,1.646503,-0.839203,-1.230721,3.140000,-0.200000,0.000000,0.000000,0.000000,0.000000,0.000000,0.000000
1778443134.710896,sequential_ik_elbow_then_wrist,0,0,-0.187709,0.181217,-0.148074,-0.298478,-0.028947,0.035124,-0.066872,-0.091563,-0.277749,-0.277273,-0.195465,-0.464660,0.001102,0.056274,0.025600,0.236080,0.000362,0.010779,0.018586,0.103820,0.000000,0.000000,0.000000,1.079460,-0.684269,-0.000002,1.780476,-0.828617,-1.221334,3.140000,-0.200000,0.000000,0.000000,0.000000,0.000000,0.000000,0.000000
1778443134.776780,sequential_ik_elbow_then_wrist,0,0,-0.188262,0.171581,-0.158484,-0.308802,-0.037065,0.020225,-0.062648,-0.089251,-0.279481,-0.266763,-0.181338,-0.479123,0.000037,0.067209,0.004830,0.259013,0.000276,0.009463,0.016232,0.097276,0.000000,0.000000,0.000000,1.024543,-0.653903,-0.000001,1.908693,-0.812455,-1.216336,3.140000,-0.200000,0.000000,0.000000,0.000000,0.000000,0.000000,0.000000
1778443134.843987,sequential_ik_elbow_then_wrist,0,0,-0.218871,0.154323,-0.135203,-0.315660,-0.065013,0.045139,-0.053414,-0.087820,-0.281841,-0.241649,-0.184470,-0.494506,0.000219,0.070069,0.010847,0.264703,0.000354,0.006787,0.018348,0.082384,0.000000,0.000000,0.000000,1.000326,-0.614249,-0.000001,2.008948,-0.791499,-1.217425,3.140000,-0.200000,0.000000,0.000000,0.000000,0.000000,0.000000,0.000000
1778443134.909234,sequential_ik_elbow_then_wrist,0,0,-0.244419,0.141430,-0.101276,-0.370995,-0.046213,0.095622,-0.044561,-0.068275,-0.288709,-0.242853,-0.171156,-0.488948,0.000394,0.066543,0.013876,0.256437,0.000176,0.013056,0.011736,0.114262,0.000000,0.000000,0.000000,1.003185,-0.557538,-0.000001,2.017990,-0.771319,-1.232512,3.140000,-0.200000,0.000000,0.000000,0.000000,0.000000,0.000000,0.000000
1778443134.966223,sequential_ik_elbow_then_wrist,0,0,-0.243112,0.136589,-0.110635,-0.365050,-0.053806,0.086548,-0.023288,-0.062688,-0.292452,-0.189632,-0.169871,-0.517932,0.000024,0.063427,0.003590,0.251669,0.000522,0.007162,0.021872,0.084628,0.000000,0.000000,0.000000,1.013470,-0.514406,-0.000001,2.002103,-0.749152,-1.258331,3.140000,-0.200000,0.000000,0.000000,0.000000,0.000000,0.000000,0.000000
1778443135.010018,sequential_ik_elbow_then_wrist,0,0,-0.235381,0.136853,-0.125964,-0.351923,-0.041588,0.085168,-0.028030,-0.058625,-0.292878,-0.205798,-0.158254,-0.513043,0.000033,0.053721,0.003812,0.231777,0.000201,0.011411,0.014007,0.106823,0.000000,0.000000,0.000000,1.020965,-0.491897,-0.000000,1.988998,-0.728351,-1.281204,3.140000,-0.200000,0.000000,0.000000,0.000000,0.000000,0.000000,0.000000
1778443135.080801,sequential_ik_elbow_then_wrist,0,0,-0.232833,0.146281,-0.119960,-0.338152,-0.022285,0.104747,-0.021537,-0.054588,-0.294205,-0.193018,-0.158746,-0.517241,0.000015,0.044012,0.002813,0.209781,0.000255,0.011082,0.015753,0.105272,0.000000,0.000000,0.000000,1.020688,-0.473088,-0.000000,1.983808,-0.708501,-1.303679,3.140000,-0.200000,0.000000,0.000000,0.000000,0.000000,0.000000,0.000000
1778443135.142617,sequential_ik_elbow_then_wrist,0,0,-0.250155,0.134881,-0.096071,-0.345663,-0.031995,0.134213,-0.023545,-0.049913,-0.294880,-0.180759,-0.155378,-0.527605,0.000117,0.042786,0.007412,0.206794,0.000117,0.009084,0.010697,0.095309,0.000000,0.000000,0.000000,1.030394,-0.442615,-0.000000,1.968639,-0.690867,-1.323437,3.140000,-0.200000,0.000000,0.000000,0.000000,0.000000,0.000000,0.000000
1778443135.204605,sequential_ik_elbow_then_wrist,0,0,-0.252421,0.134008,-0.091245,-0.339084,-0.041535,0.136076,-0.032576,-0.049188,-0.294142,-0.195381,-0.159543,-0.520672,0.000020,0.043838,0.003016,0.209375,0.000010,0.011585,0.002925,0.107633,0.000000,0.000000,0.000000,1.041601,-0.412597,-0.000000,1.956160,-0.676788,-1.336060,3.140000,-0.200000,0.000000,0.000000,0.000000,0.000000,0.000000,0.000000
1778443135.255404,sequential_ik_elbow_then_wrist,0,0,-0.250751,0.132964,-0.097181,-0.358882,-0.040446,0.122447,-0.037167,-0.052364,-0.293047,-0.202453,-0.159089,-0.519521,0.000002,0.048352,0.000964,0.219823,0.000005,0.011499,0.001693,0.107236,0.000000,0.000000,0.000000,1.051204,-0.392069,-0.000000,1.933569,-0.665852,-1.341779,3.140000,-0.200000,0.000000,0.000000,0.000000,0.000000,0.000000,0.000000
1778443135.322776,sequential_ik_elbow_then_wrist,0,0,-0.247016,0.135561,-0.102988,-0.369541,-0.035755,0.110644,-0.037962,-0.053173,-0.292799,-0.205641,-0.160420,-0.517258,0.000008,0.050811,0.001868,0.225373,0.000001,0.011769,0.000902,0.108483,0.000000,0.000000,0.000000,1.056264,-0.380792,-0.000000,1.906183,-0.657354,-1.344531,3.140000,-0.200000,0.000000,0.000000,0.000000,0.000000,0.000000,0.000000
1778443135.379012,sequential_ik_elbow_then_wrist,0,0,-0.261104,0.127600,-0.074453,-0.413225,-0.030703,0.129996,-0.040900,-0.052796,-0.292472,-0.236278,-0.161665,-0.492410,0.000116,0.052532,0.007245,0.228412,0.000004,0.020987,0.001837,0.144869,0.000000,0.000000,0.000000,1.067988,-0.354784,-0.000000,1.839816,-0.651397,-1.345351,3.140000,-0.200000,0.000000,0.000000,0.000000,0.000000,0.000000,0.000000
1778443135.446311,sequential_ik_elbow_then_wrist,0,0,-0.256750,0.134596,-0.077223,-0.408316,-0.024342,0.127146,-0.039503,-0.049957,-0.293162,-0.239810,-0.158796,-0.488177,0.000005,0.051393,0.001499,0.226626,0.000006,0.023243,0.002253,0.152457,0.000000,0.000000,0.000000,1.073813,-0.332783,-0.000000,1.775471,-0.647474,-1.347650,3.140000,-0.200000,0.000000,0.000000,0.000000,0.000000,0.000000,0.000000
1778443135.499671,sequential_ik_elbow_then_wrist,0,0,-0.253209,0.139727,-0.079758,-0.402339,-0.020065,0.125734,-0.037288,-0.049153,-0.293588,-0.239783,-0.157808,-0.486434,0.000008,0.051689,0.001915,0.227352,0.000001,0.024325,0.001004,0.155965,0.000000,0.000000,0.000000,1.073624,-0.317173,-0.000000,1.727607,-0.644709,-1.351018,3.140000,-0.200000,0.000000,0.000000,0.000000,0.000000,0.000000,0.000000
1778443135.555927,sequential_ik_elbow_then_wrist,0,0,-0.250453,0.142520,-0.083435,-0.394617,-0.018478,0.124643,-0.025361,-0.045598,-0.295428,-0.221628,-0.155194,-0.494093,0.000006,0.051644,0.001726,0.227226,0.000054,0.022123,0.006799,0.148737,0.000000,0.000000,0.000000,1.069973,-0.307919,-0.000000,1.699605,-0.641071,-1.360170,3.140000,-0.200000,0.000000,0.000000,0.000000,0.000000,0.000000,0.000000
1778443135.622745,sequential_ik_elbow_then_wrist,0,0,-0.250909,0.140599,-0.085303,-0.390963,-0.019022,0.126607,-0.024175,-0.041540,-0.296125,-0.218552,-0.151069,-0.496677,0.000001,0.050315,0.000677,0.224293,0.000027,0.023055,0.004939,0.151839,0.000000,0.000000,0.000000,1.067488,-0.302683,-0.000000,1.684916,-0.637288,-1.371109,3.140000,-0.200000,0.000000,0.000000,0.000000,0.000000,0.000000,0.000000
1778443135.686895,sequential_ik_elbow_then_wrist,0,0,-0.260992,0.128632,-0.073053,-0.395555,-0.022067,0.148719,-0.044728,-0.035565,-0.294507,-0.264933,-0.138887,-0.470104,0.000048,0.044552,0.004756,0.211054,0.000222,0.038468,0.014773,0.196134,0.000000,0.000000,0.000000,1.075190,-0.291292,-0.000000,1.667026,-0.637675,-1.375710,3.140000,-0.200000,0.000000,0.000000,0.000000,0.000000,0.000000,0.000000
1778443135.741652,sequential_ik_elbow_then_wrist,0,0,-0.265375,0.122265,-0.068027,-0.389179,-0.028684,0.159760,-0.064084,-0.033139,-0.291196,-0.295792,-0.131937,-0.454139,0.000024,0.041239,0.003376,0.203072,0.000909,0.046307,0.029821,0.215192,0.000000,0.000000,0.000000,1.088184,-0.277742,-0.000000,1.651723,-0.645550,-1.371714,3.140000,-0.200000,0.000000,0.000000,0.000000,0.000000,0.000000,0.000000
1778443135.798478,sequential_ik_elbow_then_wrist,0,0,-0.264676,0.122323,-0.070594,-0.386468,-0.027599,0.158949,-0.068102,-0.033478,-0.290244,-0.302725,-0.128353,-0.451336,0.000001,0.039639,0.000642,0.199096,0.000927,0.044784,0.030185,0.211621,0.000000,0.000000,0.000000,1.099604,-0.267946,-0.000000,1.640328,-0.660119,-1.364504,3.140000,-0.200000,0.000000,0.000000,0.000000,0.000000,0.000000,0.000000
1778443135.863426,sequential_ik_elbow_then_wrist,0,0,-0.262919,0.124566,-0.073193,-0.384369,-0.026672,0.155668,-0.064789,-0.032733,-0.291086,-0.297895,-0.129248,-0.453403,0.000002,0.039903,0.000846,0.199753,0.000683,0.041056,0.025946,0.202624,0.000000,0.000000,0.000000,1.106943,-0.262266,-0.000000,1.634222,-0.678770,-1.359247,3.140000,-0.200000,0.000000,0.000000,0.000000,0.000000,0.000000,0.000000
1778443135.928722,sequential_ik_elbow_then_wrist,0,0,-0.258111,0.131150,-0.078602,-0.383502,-0.024112,0.145387,-0.051502,-0.032368,-0.293768,-0.270702,-0.129546,-0.474067,0.000014,0.042551,0.002570,0.206269,0.000248,0.031045,0.015457,0.176196,0.000000,0.000000,0.000000,1.107213,-0.261807,-0.000000,1.634101,-0.697092,-1.360934,3.140000,-0.200000,0.000000,0.000000,0.000000,0.000000,0.000000,0.000000
1778443135.985560,sequential_ik_elbow_then_wrist,0,0,-0.257738,0.131978,-0.078441,-0.381934,-0.023213,0.146262,-0.044359,-0.029703,-0.295212,-0.256477,-0.129633,-0.482348,0.000001,0.042775,0.000817,0.206815,0.000139,0.028427,0.011529,0.168604,0.000000,0.000000,0.000000,1.105527,-0.262234,-0.000000,1.637827,-0.713742,-1.367724,3.140000,-0.200000,0.000000,0.000000,0.000000,0.000000,0.000000,0.000000
1778443136.040022,sequential_ik_elbow_then_wrist,0,0,-0.255480,0.134305,-0.081805,-0.382665,-0.018948,0.142555,-0.045283,-0.026721,-0.295356,-0.256621,-0.125454,-0.484005,0.000004,0.042800,0.001303,0.206881,0.000184,0.029027,0.013477,0.170373,0.000000,0.000000,0.000000,1.101844,-0.264891,-0.000000,1.642318,-0.729389,-1.374982,3.140000,-0.200000,0.000000,0.000000,0.000000,0.000000,0.000000,0.000000
1778443136.104429,sequential_ik_elbow_then_wrist,0,0,-0.252018,0.134778,-0.091223,-0.380219,-0.020322,0.131282,-0.051261,-0.026890,-0.294362,-0.260102,-0.124596,-0.486298,0.000015,0.044386,0.002567,0.210666,0.000284,0.027584,0.016750,0.166084,0.000000,0.000000,0.000000,1.097179,-0.273511,-0.000000,1.651707,-0.745080,-1.378101,3.140000,-0.200000,0.000000,0.000000,0.000000,0.000000,0.000000,0.000000
1778443136.158827,sequential_ik_elbow_then_wrist,0,0,-0.256587,0.130310,-0.084748,-0.391020,-0.022179,0.135876,-0.062188,-0.025333,-0.292388,-0.283338,-0.121229,-0.470984,0.000006,0.044699,0.001683,0.211401,0.000588,0.033025,0.024034,0.181729,0.000000,0.000000,0.000000,1.096933,-0.277396,-0.000000,1.651684,-0.762997,-1.375319,3.140000,-0.200000,0.000000,0.000000,0.000000,0.000000,0.000000,0.000000
1778443136.230051,sequential_ik_elbow_then_wrist,0,0,-0.253823,0.134596,-0.086359,-0.382727,-0.023382,0.133701,-0.060974,-0.024243,-0.292736,-0.271377,-0.120592,-0.483648,0.000002,0.045396,0.000964,0.213055,0.000508,0.026047,0.022408,0.161391,0.000000,0.000000,0.000000,1.094437,-0.280775,-0.000000,1.656325,-0.782477,-1.372696,3.140000,-0.200000,0.000000,0.000000,0.000000,0.000000,0.000000,0.000000
1778443136.278398,sequential_ik_elbow_then_wrist,0,0,-0.246946,0.138355,-0.099377,-0.368859,-0.030479,0.116568,-0.060677,-0.024246,-0.292798,-0.263902,-0.124765,-0.489255,0.000030,0.049408,0.003729,0.222151,0.000438,0.022330,0.020794,0.149433,0.000000,0.000000,0.000000,1.087869,-0.291890,-0.000000,1.677948,-0.802765,-1.370415,3.140000,-0.200000,0.000000,0.000000,0.000000,0.000000,0.000000,0.000000
1778443136.346767,sequential_ik_elbow_then_wrist,0,0,-0.243035,0.137681,-0.109445,-0.369541,-0.028584,0.105850,-0.063779,-0.022608,-0.292269,-0.263626,-0.121771,-0.492837,0.000024,0.049867,0.003303,0.223277,0.000511,0.020253,0.022463,0.142311,0.000000,0.000000,0.000000,1.080832,-0.308917,-0.000000,1.703592,-0.824221,-1.367424,3.140000,-0.200000,0.000000,0.000000,0.000000,0.000000,0.000000,0.000000
1778443136.413771,sequential_ik_elbow_then_wrist,0,0,-0.242089,0.136821,-0.112574,-0.370890,-0.030455,0.100566,-0.063545,-0.025156,-0.292112,-0.259609,-0.125536,-0.495784,0.000005,0.051047,0.001508,0.225929,0.000362,0.017601,0.018902,0.132668,0.000000,0.000000,0.000000,1.075108,-0.325897,-0.000000,1.727498,-0.845757,-1.363697,3.140000,-0.200000,0.000000,0.000000,0.000000,0.000000,0.000000,0.000000
1778443136.479162,sequential_ik_elbow_then_wrist,0,0,-0.236899,0.135838,-0.124205,-0.375544,-0.029101,0.084536,-0.049823,-0.025799,-0.294707,-0.235828,-0.125477,-0.507935,0.000024,0.052964,0.003283,0.230138,0.000102,0.014159,0.009705,0.118993,0.000000,0.000000,0.000000,1.069590,-0.347538,-0.000000,1.746338,-0.864545,-1.367062,3.140000,-0.200000,0.000000,0.000000,0.000000,0.000000,0.000000,0.000000
1778443136.531222,sequential_ik_elbow_then_wrist,0,0,-0.238412,0.132502,-0.124912,-0.379131,-0.029443,0.084783,-0.047249,-0.025447,-0.295161,-0.232886,-0.124087,-0.509192,0.000003,0.052024,0.001287,0.228086,0.000063,0.014745,0.007828,0.121429,0.000000,0.000000,0.000000,1.067343,-0.366463,-0.000000,1.758587,-0.880647,-1.372422,3.140000,-0.200000,0.000000,0.000000,0.000000,0.000000,0.000000,0.000000
1778443136.594089,sequential_ik_elbow_then_wrist,0,0,-0.241262,0.127770,-0.124369,-0.382428,-0.032824,0.086063,-0.041757,-0.027024,-0.295848,-0.224379,-0.124459,-0.513001,0.000006,0.051273,0.001863,0.226429,0.000012,0.014099,0.003250,0.118739,0.000000,0.000000,0.000000,1.069646,-0.381049,-0.000000,1.764009,-0.893562,-1.379301,3.140000,-0.200000,0.000000,0.000000,0.000000,0.000000,0.000000,0.000000
1778443136.646560,sequential_ik_elbow_then_wrist,0,0,-0.234595,0.131836,-0.132607,-0.367737,-0.035418,0.077867,-0.044092,-0.035470,-0.294615,-0.230414,-0.121812,-0.513314,0.000014,0.051768,0.002552,0.227469,0.000009,0.013171,0.002596,0.114766,0.000000,0.000000,0.000000,1.068338,-0.397803,-0.000000,1.780363,-0.902874,-1.380845,3.140000,-0.200000,0.000000,0.000000,0.000000,0.000000,0.000000,0.000000
1778443136.728848,sequential_ik_elbow_then_wrist,0,0,-0.227125,0.133356,-0.143633,-0.362575,-0.035215,0.064302,-0.042149,-0.040762,-0.294214,-0.227246,-0.118766,-0.517047,0.000032,0.053461,0.003868,0.231165,0.000053,0.011233,0.007229,0.105984,0.000000,0.000000,0.000000,1.063319,-0.419501,-0.000000,1.804456,-0.908212,-1.380141,3.140000,-0.200000,0.000000,0.000000,0.000000,0.000000,0.000000,0.000000
1778443136.763234,sequential_ik_elbow_then_wrist,0,0,-0.219442,0.127357,-0.160079,-0.365464,-0.036054,0.044798,-0.041155,-0.045629,-0.293640,-0.227342,-0.116775,-0.517855,0.000059,0.055031,0.005129,0.234578,0.000123,0.010466,0.011009,0.102303,0.000000,0.000000,0.000000,1.059106,-0.449804,-0.000000,1.827520,-0.909503,-1.377751,3.140000,-0.200000,0.000000,0.000000,0.000000,0.000000,0.000000,0.000000
1778443136.825057,sequential_ik_elbow_then_wrist,0,0,-0.200876,0.120145,-0.187655,-0.407127,-0.040240,-0.040220,-0.046014,-0.043389,-0.293258,-0.235527,-0.108125,-0.516628,0.000183,0.076943,0.009020,0.276995,0.000036,0.011297,0.005888,0.106286,0.000000,0.000000,0.000000,1.053823,-0.496896,-0.000000,1.809712,-0.908949,-1.373922,3.140000,-0.200000,0.000000,0.000000,0.000000,0.000000,0.000000,0.000000
1778443137.126249,sequential_ik_elbow_then_wrist,0,0,-0.074310,0.119384,-0.265001,-0.297356,0.064975,-0.458107,-0.055306,-0.084351,-0.282535,-0.268319,-0.124363,-0.489959,0.004309,0.062927,0.052525,0.229106,0.000985,0.012543,0.029710,0.111995,0.000000,0.000000,0.000000,1.008271,-0.617574,-0.753600,1.550986,-0.898540,-1.348920,3.140000,-0.200000,0.000000,0.000000,0.000000,0.000000,0.000000,0.000000
1778443137.190480,sequential_ik_elbow_then_wrist,0,0,-0.152818,0.132775,-0.221399,-0.379459,0.058232,-0.039528,-0.049609,-0.082075,-0.284258,-0.268090,-0.116302,-0.486976,0.000308,0.060923,0.011701,0.235824,0.000715,0.014602,0.026356,0.120840,0.000000,0.000000,0.000000,0.972690,-0.677912,-0.572736,1.529236,-0.880053,-1.327816,3.140000,-0.200000,0.000000,0.000000,0.000000,0.000000,0.000000,0.000000
1778443137.254030,sequential_ik_elbow_then_wrist,0,0,-0.199333,0.109370,-0.195715,-0.395840,0.016756,0.011184,-0.075697,-0.078432,-0.279497,-0.361314,-0.090031,-0.370535,0.000850,0.047671,0.023988,0.216829,0.000065,0.064520,0.006457,0.254007,0.000000,0.000000,0.000000,0.973426,-0.695333,-0.435279,1.574181,-0.863787,-1.300366,3.140000,-0.200000,0.000000,0.000000,0.000000,0.000000,0.000000,0.000000
1778443137.320786,sequential_ik_elbow_then_wrist,0,0,-0.220241,0.106143,-0.173861,-0.406842,0.010710,0.040785,-0.100669,-0.069676,-0.273881,-0.399034,-0.069701,-0.305162,0.000457,0.037321,0.016581,0.193188,0.000267,0.095971,0.015351,0.309792,0.000000,0.000000,0.000000,0.995522,-0.684422,-0.330812,1.608530,-0.859200,-1.268448,3.140000,-0.200000,0.000000,0.000000,0.000000,0.000000,0.000000,0.000000
1778443137.375954,sequential_ik_elbow_then_wrist,0,0,-0.222414,0.106846,-0.170633,-0.404522,0.016059,0.049809,-0.107869,-0.069472,-0.271179,-0.406329,-0.061101,-0.300358,0.000062,0.030439,0.006043,0.174450,0.000254,0.093304,0.015279,0.305457,0.000000,0.000000,0.000000,1.021064,-0.667874,-0.251417,1.628443,-0.864441,-1.237671,3.140000,-0.200000,0.000000,0.000000,0.000000,0.000000,0.000000,0.000000
1778443137.436238,sequential_ik_elbow_then_wrist,0,0,-0.216343,0.106487,-0.178483,-0.380635,0.000949,0.049266,-0.056795,-0.076196,-0.284550,-0.318620,-0.110717,-0.426872,0.000007,0.031346,0.001812,0.176907,0.000515,0.032686,0.020523,0.180794,0.000000,0.000000,0.000000,1.042197,-0.659320,-0.191077,1.660497,-0.859057,-1.235563,3.140000,-0.200000,0.000000,0.000000,0.000000,0.000000,0.000000,0.000000
1778443137.487292,sequential_ik_elbow_then_wrist,0,0,-0.200435,0.105726,-0.196590,-0.347578,-0.015272,0.035161,-0.029726,-0.078670,-0.287971,-0.228851,-0.115863,-0.509254,0.000079,0.034076,0.006062,0.184070,0.001305,0.009032,0.035102,0.095035,0.000000,0.000000,0.000000,1.054892,-0.668067,-0.145219,1.718330,-0.841538,-1.249447,3.140000,-0.200000,0.000000,0.000000,0.000000,0.000000,0.000000,0.000000
1778443137.555815,sequential_ik_elbow_then_wrist,0,0,-0.197234,0.103100,-0.201169,-0.354158,-0.021629,0.022029,-0.031013,-0.083780,-0.286390,-0.217778,-0.123860,-0.517717,0.000017,0.037517,0.002750,0.193664,0.001135,0.007783,0.033318,0.088219,0.000000,0.000000,0.000000,1.063719,-0.681972,-0.110366,1.770383,-0.816210,-1.259527,3.140000,-0.200000,0.000000,0.000000,0.000000,0.000000,0.000000,0.000000
1778443137.626090,sequential_ik_elbow_then_wrist,0,0,-0.193337,0.101542,-0.205694,-0.349278,-0.027450,0.015764,-0.036378,-0.084939,-0.285416,-0.221342,-0.122169,-0.518658,0.000010,0.039144,0.002070,0.197820,0.000721,0.009546,0.026489,0.097701,0.000000,0.000000,0.000000,1.069827,-0.697997,-0.083878,1.817823,-0.786989,-1.263449,3.140000,-0.200000,0.000000,0.000000,0.000000,0.000000,0.000000,0.000000
1778443137.684779,sequential_ik_elbow_then_wrist,0,0,-0.193861,0.101215,-0.205361,-0.356019,-0.027940,0.011488,-0.037393,-0.085919,-0.284990,-0.222845,-0.121682,-0.518076,0.000000,0.040548,0.000361,0.201364,0.000540,0.011406,0.022901,0.106798,0.000000,0.000000,0.000000,1.074530,-0.711144,-0.063748,1.851686,-0.755763,-1.264066,3.140000,-0.200000,0.000000,0.000000,0.000000,0.000000,0.000000,0.000000
1778443137.745165,sequential_ik_elbow_then_wrist,0,0,-0.190036,0.102184,-0.208434,-0.348567,-0.029576,0.009528,-0.039858,-0.089246,-0.283631,-0.226966,-0.122296,-0.515791,0.000004,0.040749,0.001572,0.201850,0.000405,0.013787,0.019766,0.117418,0.000000,0.000000,0.000000,1.076528,-0.723977,-0.048448,1.882992,-0.723868,-1.260835,3.140000,-0.200000,0.000000,0.000000,0.000000,0.000000,0.000000,0.000000
1778443137.789203,sequential_ik_elbow_then_wrist,0,0,-0.185687,0.102769,-0.212034,-0.342734,-0.031711,0.005340,-0.041201,-0.092334,-0.282448,-0.227775,-0.123535,-0.515293,0.000008,0.041790,0.002216,0.204403,0.000313,0.015602,0.017349,0.124899,0.000000,0.000000,0.000000,1.075784,-0.737497,-0.036821,1.914058,-0.692093,-1.254996,3.140000,-0.196436,0.000000,0.000000,0.000000,0.000000,0.000000,0.000000
1778443137.863446,sequential_ik_elbow_then_wrist,0,0,-0.183812,0.101933,-0.214063,-0.341336,-0.030430,0.004263,-0.040826,-0.095487,-0.281453,-0.227263,-0.125898,-0.514511,0.000003,0.041400,0.001318,0.203465,0.000275,0.017065,0.016261,0.130607,0.000000,0.000000,0.000000,1.074079,-0.750408,-0.027984,1.941506,-0.660581,-1.247849,3.140000,-0.187577,0.000000,0.000000,0.000000,0.000000,0.000000,0.000000
1778443137.920337,sequential_ik_elbow_then_wrist,0,0,-0.184344,0.104087,-0.212564,-0.343067,-0.028480,0.004768,-0.035571,-0.097852,-0.281353,-0.217337,-0.130645,-0.517755,0.000002,0.041740,0.001209,0.204304,0.000349,0.016294,0.018335,0.127617,0.000000,0.000000,0.000000,1.071266,-0.759509,-0.021268,1.962624,-0.628175,-1.241853,3.140000,-0.174113,0.000000,0.000000,0.000000,0.000000,0.000000,0.000000
1778443137.995602,sequential_ik_elbow_then_wrist,0,0,-0.186592,0.103923,-0.210674,-0.357961,-0.022064,0.000892,-0.037733,-0.098424,-0.280872,-0.223539,-0.137319,-0.513172,0.000001,0.042415,0.000672,0.205884,0.000202,0.018500,0.013923,0.136013,0.000000,0.000000,0.000000,1.069163,-0.764616,-0.016163,1.966321,-0.597024,-1.235852,3.140000,-0.164467,0.000000,0.000000,0.000000,0.000000,0.000000,0.000000
1778443138.041164,sequential_ik_elbow_then_wrist,0,0,-0.187468,0.104932,-0.209393,-0.361642,-0.021109,-0.000163,-0.038133,-0.099498,-0.280439,-0.227523,-0.143918,-0.508820,0.000001,0.043066,0.000597,0.207503,0.000141,0.020181,0.011635,0.142056,0.000000,0.000000,0.000000,1.067306,-0.766975,-0.012284,1.962157,-0.567798,-1.230016,3.140000,-0.159403,0.000000,0.000000,0.000000,0.000000,0.000000,0.000000
1778443138.098671,sequential_ik_elbow_then_wrist,0,0,-0.192233,0.103511,-0.205747,-0.371261,-0.019569,0.001136,-0.041230,-0.099088,-0.280146,-0.242128,-0.143653,-0.498443,0.000007,0.043126,0.001986,0.207623,0.000053,0.025584,0.007148,0.159938,0.000000,0.000000,0.000000,1.067933,-0.765309,-0.009336,1.948744,-0.542127,-1.224519,3.140000,-0.160461,0.000000,0.000000,0.000000,0.000000,0.000000,0.000000
1778443138.160103,sequential_ik_elbow_then_wrist,0,0,-0.199799,0.103205,-0.198568,-0.382544,-0.017628,0.006379,-0.042544,-0.098050,-0.280315,-0.252746,-0.144373,-0.489286,0.000022,0.042496,0.003439,0.206072,0.000021,0.029787,0.004518,0.172565,0.000000,0.000000,0.000000,1.071697,-0.757262,-0.007095,1.925329,-0.520416,-1.220295,3.140000,-0.168064,0.000000,0.000000,0.000000,0.000000,0.000000,0.000000
1778443138.220088,sequential_ik_elbow_then_wrist,0,0,-0.201136,0.104793,-0.196373,-0.382214,-0.017898,0.008950,-0.043045,-0.095030,-0.281276,-0.255250,-0.142879,-0.487866,0.000004,0.042179,0.001410,0.205365,0.000006,0.031265,0.002352,0.176816,0.000000,0.000000,0.000000,1.075509,-0.747787,-0.005392,1.902526,-0.502824,-1.218713,3.140000,-0.175729,0.000000,0.000000,0.000000,0.000000,0.000000,0.000000
1778443138.283516,sequential_ik_elbow_then_wrist,0,0,-0.201767,0.105446,-0.195374,-0.375420,-0.018777,0.015370,-0.043357,-0.091835,-0.282288,-0.257041,-0.140006,-0.487273,0.000001,0.040982,0.000608,0.202434,0.000002,0.032476,0.000955,0.180210,0.000000,0.000000,0.000000,1.078636,-0.739002,-0.004098,1.888950,-0.489215,-1.219686,3.140000,-0.181554,0.000000,0.000000,0.000000,0.000000,0.000000,0.000000
1778443138.337367,sequential_ik_elbow_then_wrist,0,0,-0.202344,0.105469,-0.194765,-0.373691,-0.019858,0.017210,-0.043138,-0.087142,-0.283805,-0.260301,-0.136106,-0.484909,0.000000,0.040926,0.000359,0.202298,0.000005,0.034333,0.001662,0.185290,0.000000,0.000000,0.000000,1.081260,-0.731469,-0.003115,1.881148,-0.479373,-1.223753,3.140000,-0.185981,0.000000,0.000000,0.000000,0.000000,0.000000,0.000000
1778443138.395190,sequential_ik_elbow_then_wrist,0,0,-0.202330,0.109980,-0.192268,-0.371398,-0.019167,0.019243,-0.044224,-0.084248,-0.284511,-0.259672,-0.135096,-0.486987,0.000005,0.041788,0.001777,0.204419,0.000010,0.033758,0.002964,0.183732,0.000000,0.000000,0.000000,1.080897,-0.723536,-0.002367,1.877977,-0.473130,-1.228986,3.140000,-0.189346,0.000000,0.000000,0.000000,0.000000,0.000000,0.000000
1778443138.453132,sequential_ik_elbow_then_wrist,0,0,-0.201067,0.116826,-0.189535,-0.370513,-0.019280,0.017257,-0.043115,-0.086731,-0.283934,-0.251437,-0.147036,-0.491216,0.000018,0.045268,0.003467,0.212760,0.000001,0.028791,0.000700,0.169678,0.000000,0.000000,0.000000,1.075571,-0.714831,-0.001799,1.878076,-0.468670,-1.232316,3.140000,-0.191903,0.000000,0.000000,0.000000,0.000000,0.000000,0.000000
1778443138.526205,sequential_ik_elbow_then_wrist,0,0,-0.206899,0.115424,-0.184038,-0.387223,-0.017174,0.015715,-0.039244,-0.088692,-0.283890,-0.252915,-0.149279,-0.485568,0.000008,0.047799,0.001866,0.218569,0.000010,0.029935,0.003133,0.173018,0.000000,0.000000,0.000000,1.071993,-0.703249,-0.001367,1.865640,-0.463921,-1.234646,3.140000,-0.193846,0.000000,0.000000,0.000000,0.000000,0.000000,0.000000
1778443138.580175,sequential_ik_elbow_then_wrist,0,0,-0.216559,0.119693,-0.169634,-0.394250,-0.007580,0.035859,-0.057011,-0.087518,-0.281230,-0.300732,-0.148532,-0.445173,0.000046,0.044128,0.004529,0.210011,0.000136,0.049120,0.011330,0.221630,0.000000,0.000000,0.000000,1.070067,-0.682307,-0.001039,1.844563,-0.465393,-1.231846,3.140000,-0.195323,0.000000,0.000000,0.000000,0.000000,0.000000,0.000000
1778443138.638116,sequential_ik_elbow_then_wrist,0,0,-0.212330,0.120808,-0.174130,-0.385629,-0.009204,0.033390,-0.061568,-0.092695,-0.278598,-0.305198,-0.158460,-0.440831,0.000001,0.044632,0.000963,0.211260,0.000126,0.046247,0.010757,0.215052,0.000000,0.000000,0.000000,1.067014,-0.666997,-0.000790,1.830891,-0.471651,-1.224094,3.140000,-0.196445,0.000000,0.000000,0.000000,0.000000,0.000000,0.000000
1778443138.702791,sequential_ik_elbow_then_wrist,0,0,-0.210510,0.118950,-0.177585,-0.389422,-0.012907,0.023920,-0.060086,-0.091899,-0.279185,-0.299618,-0.167212,-0.443357,0.000002,0.047477,0.001030,0.217892,0.000064,0.040763,0.007823,0.201898,0.000000,0.000000,0.000000,1.064561,-0.658131,-0.000600,1.818913,-0.480322,-1.217749,3.140000,-0.197299,0.000000,0.000000,0.000000,0.000000,0.000000,0.000000
1778443138.766298,sequential_ik_elbow_then_wrist,0,0,-0.211680,0.113885,-0.179505,-0.429380,-0.019217,-0.021738,-0.049682,-0.080887,-0.284586,-0.283107,-0.158239,-0.456428,0.000006,0.060210,0.002007,0.244857,0.000041,0.036440,0.004935,0.190892,0.000000,0.000000,0.000000,1.065749,-0.653505,-0.000456,1.771463,-0.488498,-1.222441,3.140000,-0.197947,0.000000,0.000000,0.000000,0.000000,0.000000,0.000000
1778443138.829365,sequential_ik_elbow_then_wrist,0,0,-0.219721,0.114751,-0.168981,-0.444196,-0.010470,-0.014286,-0.047114,-0.077382,-0.285994,-0.282543,-0.159699,-0.452718,0.000022,0.055674,0.003311,0.235673,0.000014,0.038049,0.003137,0.195061,0.000000,0.000000,0.000000,1.069714,-0.642496,-0.000347,1.707813,-0.495780,-1.230976,3.140000,-0.198440,0.000000,0.000000,0.000000,0.000000,0.000000,0.000000
1778443138.882018,sequential_ik_elbow_then_wrist,0,0,-0.236243,0.115343,-0.144516,-0.442943,-0.010367,0.032888,-0.047074,-0.068485,-0.288260,-0.285171,-0.156556,-0.448113,0.000132,0.048754,0.007800,0.220792,0.000050,0.041822,0.006504,0.204505,0.000000,0.000000,0.000000,1.078279,-0.614710,-0.000263,1.654316,-0.503671,-1.243550,3.140000,-0.198814,0.000000,0.000000,0.000000,0.000000,0.000000,0.000000
1778443138.938760,sequential_ik_elbow_then_wrist,0,0,-0.233658,0.122043,-0.143212,-0.441458,0.012965,0.043659,-0.053075,-0.064156,-0.288214,-0.297851,-0.143767,-0.442314,0.000012,0.041029,0.002399,0.202544,0.000147,0.047992,0.011979,0.219071,0.000000,0.000000,0.000000,1.082173,-0.588217,-0.000200,1.608151,-0.514065,-1.254809,3.140000,-0.199099,0.000000,0.000000,0.000000,0.000000,0.000000,0.000000
1778443139.005098,sequential_ik_elbow_then_wrist,0,0,-0.239804,0.131886,-0.122882,-0.419447,0.026115,0.092852,-0.053823,-0.068015,-0.287188,-0.306621,-0.140079,-0.431756,0.000080,0.033982,0.006048,0.184239,0.000091,0.051872,0.009381,0.227754,0.000000,0.000000,0.000000,1.080642,-0.552858,-0.000152,1.587942,-0.525449,-1.261292,3.140000,-0.199315,0.000000,0.000000,0.000000,0.000000,0.000000,0.000000
1778443139.090271,sequential_ik_elbow_then_wrist,0,0,-0.238473,0.131151,-0.126214,-0.417055,0.017607,0.086426,-0.051763,-0.069362,-0.287245,-0.300482,-0.138546,-0.440059,0.000001,0.038173,0.000772,0.195364,0.000038,0.046828,0.006062,0.216399,0.000000,0.000000,0.000000,1.078153,-0.524754,-0.000116,1.578390,-0.536398,-1.265676,3.140000,-0.199479,0.000000,0.000000,0.000000,0.000000,0.000000,0.000000
1778443139.137583,sequential_ik_elbow_then_wrist,0,0,-0.235486,0.131199,-0.131655,-0.440878,0.012043,0.051692,-0.063628,-0.069429,-0.284835,-0.310822,-0.134231,-0.441984,0.000004,0.047998,0.001418,0.218950,0.000204,0.046675,0.013981,0.216045,0.000000,0.000000,0.000000,1.074948,-0.506831,-0.000088,1.552631,-0.550244,-1.264481,3.140000,-0.199604,0.000000,0.000000,0.000000,0.000000,0.000000,0.000000
1778443139.188655,sequential_ik_elbow_then_wrist,0,0,-0.061131,0.140300,-0.258029,-0.280942,0.063245,-0.447095,-0.045929,-0.084933,-0.284037,-0.257466,-0.137934,-0.490054,0.008039,0.045935,0.070856,0.201886,0.000071,0.022662,0.008201,0.150539,0.000000,0.000000,0.000000,1.007318,-0.607815,-0.753667,1.360366,-0.557359,-1.260542,3.140000,-0.199699,0.000000,0.000000,0.000000,0.000000,0.000000,0.000000
1778443139.244917,sequential_ik_elbow_then_wrist,1,0,-0.068071,0.124203,-0.264462,-0.269500,0.083521,-0.483028,-0.036470,-0.082911,-0.286000,-0.250336,-0.126033,-0.491917,0.001137,0.031123,0.029911,0.171205,0.000176,0.024408,0.013002,0.156232,0.000000,0.000000,0.000000,0.933634,-0.714519,-1.326387,1.112081,-0.557455,-1.261116,3.140000,-0.199771,0.000000,0.000000,0.000000,0.000000,0.000000,0.000000
1778443139.295540,sequential_ik_elbow_then_wrist,0,0,-0.094628,0.114717,-0.260549,-0.339872,0.068861,-0.427140,-0.037366,-0.081277,-0.286353,-0.252251,-0.115703,-0.492846,0.000001,0.057863,0.001076,0.238867,0.000100,0.027748,0.009872,0.166576,0.000000,0.000000,0.000000,0.876834,-0.795569,-1.761654,0.855250,-0.553599,-1.262845,3.140000,-0.199826,0.000000,0.000000,0.000000,0.000000,0.000000,0.000000
1778443139.361880,sequential_ik_elbow_then_wrist,0,0,-0.091067,0.113509,-0.262340,-0.355882,0.049926,-0.388158,-0.040851,-0.083378,-0.285270,-0.250760,-0.117012,-0.496947,0.000006,0.075912,0.002259,0.275009,0.000050,0.027408,0.006930,0.165554,0.000000,0.000000,0.000000,0.832131,-0.859419,-2.092457,0.619710,-0.547881,-1.262071,3.140000,-0.199868,0.000000,0.000000,0.000000,0.000000,0.000000,0.000000
1778443139.420301,sequential_ik_elbow_then_wrist,0,0,-0.095877,0.112427,-0.261089,-0.366479,0.039430,-0.368076,-0.039978,-0.083296,-0.285418,-0.243549,-0.116286,-0.503295,0.000003,0.086296,0.001632,0.293670,0.000044,0.025928,0.006564,0.161021,0.000000,0.000000,0.000000,0.799316,-0.906877,-2.343867,0.422980,-0.540847,-1.261285,3.140000,-0.199900,0.000000,0.000000,0.000000,0.000000,0.000000,0.000000
1778443139.482110,sequential_ik_elbow_then_wrist,0,0,-0.069502,0.115265,-0.268111,-0.296481,0.087307,-0.462272,-0.042223,-0.091524,-0.282561,-0.241855,-0.111867,-0.505570,0.000265,0.039107,0.015227,0.197490,0.000065,0.027270,0.007644,0.165093,0.000000,0.000000,0.000000,0.764239,-0.952465,-2.534939,0.298070,-0.532314,-1.255193,3.140000,-0.190804,0.000000,0.000000,0.000000,0.000000,0.000000,0.000000
1778443139.548874,sequential_ik_elbow_then_wrist,0,0,-0.074503,0.117628,-0.265731,-0.283843,0.094925,-0.479416,-0.040619,-0.103445,-0.278656,-0.237224,-0.114647,-0.504977,0.000085,0.034249,0.008886,0.184873,0.000167,0.027542,0.012287,0.165808,0.000000,0.000000,0.000000,0.731617,-0.985702,-2.680154,0.223381,-0.520135,-1.242737,3.140000,-0.166985,0.000000,0.000000,0.000000,0.000000,0.000000,0.000000
1778443139.618738,sequential_ik_elbow_then_wrist,0,0,-0.078569,0.117309,-0.264699,-0.279841,0.094238,-0.485962,-0.041519,-0.105334,-0.277814,-0.237253,-0.110894,-0.505096,0.000017,0.033603,0.003904,0.183216,0.000102,0.029712,0.009770,0.172268,0.000000,0.000000,0.000000,0.704194,-1.009118,-2.790517,0.180699,-0.505963,-1.229941,3.140000,-0.134593,0.000000,0.000000,0.000000,0.000000,0.000000,0.000000
1778443139.671241,sequential_ik_elbow_then_wrist,1,0,-0.073046,0.115955,-0.266868,-0.268600,0.094041,-0.493316,-0.043672,-0.104925,-0.277639,-0.238900,-0.110866,-0.505347,0.000034,0.031335,0.005532,0.176984,0.000039,0.031066,0.006097,0.176231,0.000000,0.000000,0.000000,0.679665,-1.029417,-2.874393,0.156419,-0.492032,-1.219000,3.140000,-0.102892,0.000000,0.000000,0.000000,0.000000,0.000000,0.000000
1778443139.730597,sequential_ik_elbow_then_wrist,1,0,-0.062064,0.116572,-0.269368,-0.257500,0.096158,-0.496058,-0.044117,-0.103960,-0.277932,-0.238710,-0.111032,-0.506149,0.000134,0.030217,0.011067,0.173827,0.000019,0.031570,0.004224,0.177676,0.000000,0.000000,0.000000,0.653914,-1.049093,-2.938139,0.140364,-0.479243,-1.210827,3.140000,-0.075810,0.000000,0.000000,0.000000,0.000000,0.000000,0.000000
1778443139.792122,sequential_ik_elbow_then_wrist,0,0,-0.063839,0.115718,-0.269321,-0.262863,0.090879,-0.492419,-0.038875,-0.105319,-0.278203,-0.232276,-0.113622,-0.507390,0.000048,0.034633,0.006679,0.186098,0.000062,0.030360,0.007690,0.174240,0.000000,0.000000,0.000000,0.630093,-1.064757,-2.986585,0.129866,-0.465538,-1.205218,3.140000,-0.052989,0.000000,0.000000,0.000000,0.000000,0.000000,0.000000
1778443139.848052,sequential_ik_elbow_then_wrist,0,0,-0.062596,0.114073,-0.270313,-0.259443,0.082397,-0.494473,-0.043532,-0.108008,-0.276476,-0.228294,-0.118881,-0.512580,0.000029,0.036433,0.005152,0.190858,0.000016,0.028410,0.003761,0.168540,0.000000,0.000000,0.000000,0.608772,-1.078176,-3.023405,0.128095,-0.453206,-1.198160,3.140000,-0.030542,0.000000,0.000000,0.000000,0.000000,0.000000,0.000000
1778443139.912207,sequential_ik_elbow_then_wrist,0,0,-0.069139,0.114211,-0.268655,-0.270761,0.079330,-0.488045,-0.047461,-0.109975,-0.275051,-0.231602,-0.119094,-0.511713,0.000001,0.041161,0.000819,0.202881,0.000003,0.029477,0.001252,0.171675,0.000000,0.000000,0.000000,0.592762,-1.086325,-3.051388,0.128134,-0.443487,-1.189887,3.140000,-0.008490,0.000000,0.000000,0.000000,0.000000,0.000000,0.000000
1778443139.969999,sequential_ik_elbow_then_wrist,0,0,-0.102383,0.115327,-0.257327,-0.351984,0.045629,-0.408460,-0.050126,-0.110036,-0.274553,-0.232999,-0.118248,-0.512229,0.000477,0.086782,0.020225,0.294465,0.000003,0.029716,0.001487,0.172377,0.000000,0.000000,0.000000,0.594443,-1.078368,-3.072655,0.107802,-0.436880,-1.182172,3.140000,0.011836,0.000000,0.000000,0.000000,0.000000,0.000000,0.000000
1778443140.038449,sequential_ik_elbow_then_wrist,0,0,-0.100917,0.116836,-0.257226,-0.343323,0.050512,-0.421055,-0.054498,-0.109808,-0.273811,-0.236407,-0.116105,-0.512284,0.000155,0.073266,0.011766,0.270674,0.000020,0.030302,0.004278,0.174071,0.000000,0.000000,0.000000,0.604620,-1.068391,-3.088818,0.089094,-0.434282,-1.174898,3.140000,0.029799,0.000000,0.000000,0.000000,0.000000,0.000000,0.000000
1778443140.096781,sequential_ik_elbow_then_wrist,0,0,-0.096743,0.117813,-0.258381,-0.332718,0.055196,-0.432723,-0.056162,-0.110274,-0.273286,-0.238726,-0.116601,-0.511258,0.000030,0.063597,0.005186,0.252183,0.000020,0.030208,0.004309,0.173806,0.000000,0.000000,0.000000,0.616348,-1.061051,-3.101101,0.076701,-0.434791,-1.168259,3.140000,0.043631,0.000000,0.000000,0.000000,0.000000,0.000000,0.000000
1778443140.155055,sequential_ik_elbow_then_wrist,0,0,-0.093471,0.116999,-0.259951,-0.318775,0.057970,-0.449037,-0.052676,-0.109663,-0.274225,-0.237613,-0.118097,-0.510291,0.000006,0.054852,0.002209,0.234190,0.000002,0.029548,0.001150,0.171891,0.000000,0.000000,0.000000,0.626850,-1.057398,-3.110437,0.073862,-0.435796,-1.164328,3.140000,0.051368,0.000000,0.000000,0.000000,0.000000,0.000000,0.000000
1778443140.216347,sequential_ik_elbow_then_wrist,0,0,-0.124145,0.114264,-0.248056,-0.397103,-0.004241,-0.286142,-0.041662,-0.105858,-0.277594,-0.209964,-0.124547,-0.525233,0.000407,0.136653,0.018476,0.368716,0.000045,0.020942,0.006143,0.144712,0.000000,0.000000,0.000000,0.649529,-1.041929,-3.117532,0.008135,-0.433398,-1.166988,3.140000,0.055852,0.000000,0.000000,0.000000,0.000000,0.000000,0.000000
1778443140.274948,sequential_ik_elbow_then_wrist,0,0,-0.115321,0.115293,-0.251811,-0.383121,-0.001167,-0.320513,-0.040658,-0.106134,-0.277637,-0.208891,-0.125885,-0.525241,0.000050,0.114078,0.006637,0.337755,0.000032,0.021219,0.005468,0.145665,0.000000,0.000000,0.000000,0.672400,-1.030859,-3.122924,-0.041817,-0.428690,-1.170362,3.140000,0.057341,0.000000,0.000000,0.000000,0.000000,0.000000,0.000000
1778443140.337645,sequential_ik_elbow_then_wrist,0,0,-0.102744,0.115718,-0.257008,-0.313853,0.040747,-0.456538,-0.039768,-0.109749,-0.276358,-0.210235,-0.124352,-0.522788,0.000016,0.050094,0.002960,0.222616,0.000040,0.022760,0.006160,0.150859,0.000000,0.000000,0.000000,0.688237,-1.028566,-3.127023,-0.024228,-0.421834,-1.171200,3.140000,0.061948,0.000000,0.000000,0.000000,0.000000,0.000000,0.000000
1778443140.385883,sequential_ik_elbow_then_wrist,0,0,-0.094221,0.114569,-0.260761,-0.287949,0.063139,-0.483975,-0.044024,-0.108695,-0.276129,-0.217179,-0.122070,-0.520748,0.000039,0.034034,0.005513,0.184284,0.000002,0.025269,0.001454,0.158961,0.000000,0.000000,0.000000,0.696408,-1.032859,-3.130137,0.009737,-0.415854,-1.170977,3.140000,0.067247,0.000000,0.000000,0.000000,0.000000,0.000000,0.000000
1778443140.461312,sequential_ik_elbow_then_wrist,1,0,-0.084868,0.111216,-0.265384,-0.260114,0.068683,-0.505134,-0.040419,-0.107528,-0.277135,-0.216731,-0.119816,-0.519547,0.000069,0.026020,0.007464,0.161242,0.000013,0.026073,0.003453,0.161471,0.000000,0.000000,0.000000,0.697655,-1.043500,-3.132504,0.046530,-0.409474,-1.172244,3.140000,0.071479,0.000000,0.000000,0.000000,0.000000,0.000000,0.000000
1778443140.517407,sequential_ik_elbow_then_wrist,1,0,-0.077998,0.110369,-0.267834,-0.259748,0.071364,-0.503303,-0.039626,-0.106639,-0.277593,-0.219308,-0.117909,-0.517567,0.000085,0.027312,0.008658,0.165255,0.000010,0.027694,0.003070,0.166416,0.000000,0.000000,0.000000,0.692910,-1.056635,-3.134303,0.070465,-0.403012,-1.174270,3.140000,0.073881,0.000000,0.000000,0.000000,0.000000,0.000000,0.000000
1778443140.576199,sequential_ik_elbow_then_wrist,1,0,-0.076546,0.107459,-0.269432,-0.250032,0.071159,-0.511475,-0.038767,-0.107123,-0.277528,-0.217870,-0.119316,-0.517889,0.000039,0.025579,0.005859,0.159935,0.000011,0.027515,0.003218,0.165877,0.000000,0.000000,0.000000,0.685599,-1.069889,-3.135670,0.089735,-0.396405,-1.175951,3.140000,0.075551,0.000000,0.000000,0.000000,0.000000,0.000000,0.000000
1778443140.642467,sequential_ik_elbow_then_wrist,1,0,-0.072563,0.105814,-0.271179,-0.248125,0.072809,-0.512195,-0.038064,-0.106168,-0.277992,-0.218773,-0.116851,-0.517220,0.000040,0.025847,0.006018,0.160764,0.000009,0.028602,0.002841,0.169122,0.000000,0.000000,0.000000,0.676365,-1.083204,-3.136710,0.101187,-0.389904,-1.178011,3.140000,0.077344,0.000000,0.000000,0.000000,0.000000,0.000000,0.000000
1778443140.695930,sequential_ik_elbow_then_wrist,1,0,-0.071537,0.105222,-0.271681,-0.245920,0.072180,-0.513546,-0.039382,-0.107669,-0.277230,-0.218790,-0.117482,-0.517473,0.000025,0.026198,0.004838,0.161858,0.000003,0.028728,0.001756,0.169490,0.000000,0.000000,0.000000,0.666412,-1.094762,-3.137499,0.109446,-0.384063,-1.178500,3.140000,0.080610,0.000000,0.000000,0.000000,0.000000,0.000000,0.000000
1778443140.758200,sequential_ik_elbow_then_wrist,1,0,-0.071569,0.105124,-0.271711,-0.248980,0.071382,-0.511267,-0.041032,-0.108396,-0.276707,-0.222174,-0.117339,-0.515678,0.000014,0.027924,0.003580,0.167105,0.000000,0.029956,0.000530,0.173077,0.000000,0.000000,0.000000,0.656682,-1.103890,-3.138099,0.114767,-0.379442,-1.177778,3.140000,0.084363,0.000000,0.000000,0.000000,0.000000,0.000000,0.000000
1778443140.879324,sequential_ik_elbow_then_wrist,0,0,-0.071300,0.104868,-0.271880,-0.251733,0.070056,-0.509013,-0.043853,-0.108287,-0.276316,-0.230484,-0.117350,-0.511022,0.000008,0.029595,0.002768,0.172033,0.000004,0.032647,0.001876,0.180683,0.000000,0.000000,0.000000,0.647619,-1.111139,-3.138556,0.117982,-0.376927,-1.176367,3.140000,0.085544,0.000000,0.000000,0.000000,0.000000,0.000000,0.000000
1778443140.930816,sequential_ik_elbow_then_wrist,0,0,-0.084649,0.109758,-0.266060,-0.281608,0.073904,-0.489491,-0.060031,-0.103569,-0.275081,-0.271092,-0.116323,-0.487898,0.000036,0.037595,0.004870,0.193875,0.000227,0.046246,0.014688,0.214930,0.000000,0.000000,0.000000,0.643203,-1.108621,-3.138902,0.113641,-0.383061,-1.173764,3.140000,0.069281,0.000000,0.000000,0.000000,0.000000,0.000000,0.000000
1778443140.998389,sequential_ik_elbow_then_wrist,0,0,-0.224708,0.101411,-0.170944,-0.519145,0.045542,-0.157320,-0.218995,-0.090589,-0.183943,-0.485386,-0.046776,-0.053114,0.006905,0.124048,0.069904,0.350925,0.013455,0.231253,0.105577,0.480394,0.000000,0.000000,0.000000,0.706889,-1.022259,-3.139166,0.038367,-0.474990,-1.096421,3.140000,0.004653,0.000000,0.000000,0.000000,0.000000,0.000000,0.000000
1778443141.064966,sequential_ik_elbow_then_wrist,0,0,-0.282084,0.078796,-0.064959,-0.516666,-0.012385,0.098313,-0.269109,-0.080575,-0.105301,-0.485154,-0.040199,0.098891,0.004919,0.064362,0.050387,0.234905,0.006149,0.062916,0.060393,0.222668,0.000000,0.000000,0.000000,0.822467,-0.860735,-2.385766,0.211126,-0.627841,-0.950908,2.386400,0.232687,0.000000,0.000000,0.000000,0.000000,0.000000,0.000000
1778443141.132104,sequential_ik_elbow_then_wrist,0,0,-0.254369,0.102070,-0.121977,-0.529201,0.023200,-0.031165,-0.262548,-0.082385,-0.119504,-0.465270,-0.026300,0.094407,0.000051,0.034470,0.004770,0.185659,0.000344,0.020032,0.013655,0.138689,0.000000,0.000000,0.000000,0.910433,-0.750835,-1.813182,0.344663,-0.770345,-0.825658,1.813664,0.473775,0.000000,0.000000,0.000000,0.000000,0.000000,0.000000
1778443141.177801,sequential_ik_elbow_then_wrist,0,0,-0.225471,0.121823,-0.155955,-0.518541,0.058449,-0.146279,-0.249095,-0.082705,-0.145299,-0.444630,-0.033883,0.076922,0.000367,0.057329,0.013538,0.224473,0.000072,0.013471,0.005746,0.115384,0.000000,0.000000,0.000000,0.958760,-0.694049,-2.131618,0.246204,-0.883387,-0.744646,1.378385,0.687114,0.000000,0.000000,0.000000,0.000000,0.000000,0.000000
1778443141.247968,sequential_ik_elbow_then_wrist,0,0,-0.225086,0.120209,-0.157752,-0.518814,0.062419,-0.177361,-0.248937,-0.089055,-0.141774,-0.454966,-0.047040,0.072204,0.000028,0.042967,0.003802,0.206848,0.000002,0.011868,0.001195,0.108942,0.000000,0.000000,0.000000,0.990438,-0.658209,-2.373630,0.139115,-0.966967,-0.683839,1.047572,0.849064,0.000000,0.000000,0.000000,0.000000,0.000000,0.000000
1778443141.300776,sequential_ik_elbow_then_wrist,1,0,-0.197749,0.132744,-0.182413,-0.441702,0.106369,-0.355014,-0.256988,-0.088258,-0.127151,-0.451639,-0.010982,0.087651,0.000272,0.022391,0.012316,0.147775,0.000031,0.019741,0.003742,0.140491,0.000000,0.000000,0.000000,0.997759,-0.651276,-2.557559,0.114177,-1.031895,-0.627705,0.796155,0.976653,0.000000,0.000000,0.000000,0.000000,0.000000,0.000000
1778443141.360120,sequential_ik_elbow_then_wrist,1,0,-0.195304,0.138031,-0.181118,-0.464692,0.120789,-0.312011,-0.256825,-0.085569,-0.129302,-0.454103,-0.009209,0.083420,0.000055,0.027680,0.006072,0.166131,0.000002,0.019604,0.000983,0.140010,0.000000,0.000000,0.000000,0.993590,-0.649555,-2.697345,0.073725,-1.083215,-0.584241,0.605078,1.070855,0.000000,0.000000,0.000000,0.000000,0.000000,0.000000
1778443141.426152,sequential_ik_elbow_then_wrist,1,0,-0.176193,0.142798,-0.196379,-0.431489,0.138933,-0.353887,-0.258896,-0.089799,-0.122103,-0.456362,-0.005731,0.087516,0.000151,0.023858,0.009662,0.154435,0.000009,0.021677,0.002008,0.147222,0.000000,0.000000,0.000000,0.977580,-0.661242,-2.803582,0.049606,-1.120717,-0.546132,0.459859,1.138667,0.000000,0.000000,0.000000,0.000000,0.000000,0.000000
1778443141.482357,sequential_ik_elbow_then_wrist,1,0,-0.168117,0.143156,-0.203084,-0.423512,0.142239,-0.360478,-0.257778,-0.087784,-0.125875,-0.457201,0.002020,0.079467,0.000068,0.026329,0.006621,0.162255,0.000001,0.024038,0.000572,0.155039,0.000000,0.000000,0.000000,0.957027,-0.678580,-2.884322,0.027398,-1.149745,-0.518564,0.349493,1.187965,0.000000,0.000000,0.000000,0.000000,0.000000,0.000000
1778443141.545150,sequential_ik_elbow_then_wrist,1,0,-0.184078,0.138049,-0.192504,-0.446149,0.133273,-0.338435,-0.257396,-0.087262,-0.127013,-0.465423,0.008268,0.066891,0.000030,0.030451,0.004224,0.174464,0.000000,0.026871,0.000444,0.163888,0.000000,0.000000,0.000000,0.946376,-0.684967,-2.945685,0.001674,-1.172192,-0.498705,0.265615,1.217335,0.000000,0.000000,0.000000,0.000000,0.000000,0.000000
1778443141.599612,sequential_ik_elbow_then_wrist,1,0,-0.183477,0.134904,-0.195287,-0.447997,0.129268,-0.336700,-0.255553,-0.087984,-0.130198,-0.465249,0.009032,0.061153,0.000007,0.029801,0.002302,0.172616,0.000002,0.027638,0.000956,0.166246,0.000000,0.000000,0.000000,0.941664,-0.690506,-2.992321,-0.022966,-1.188566,-0.486038,0.201867,1.237618,0.000000,0.000000,0.000000,0.000000,0.000000,0.000000
1778443141.660621,sequential_ik_elbow_then_wrist,1,0,-0.203119,0.129795,-0.178594,-0.479720,0.123614,-0.294585,-0.255217,-0.088010,-0.130838,-0.462272,0.003674,0.065942,0.000124,0.030397,0.008551,0.174212,0.000000,0.025551,0.000392,0.159843,0.000000,0.000000,0.000000,0.949197,-0.681775,-3.027764,-0.058230,-1.200724,-0.477403,0.153419,1.256189,0.000000,0.000000,0.000000,0.000000,0.000000,0.000000
1778443141.720092,sequential_ik_elbow_then_wrist,1,0,-0.200951,0.129156,-0.181487,-0.471632,0.122323,-0.310658,-0.255017,-0.085799,-0.132684,-0.463107,0.003140,0.064264,0.000009,0.026452,0.002448,0.162609,0.000001,0.024681,0.000792,0.157101,0.000000,0.000000,0.000000,0.958843,-0.674332,-3.054700,-0.077185,-1.211146,-0.472337,0.116598,1.270952,0.000000,0.000000,0.000000,0.000000,0.000000,0.000000
1778443141.783588,sequential_ik_elbow_then_wrist,1,0,-0.211640,0.116814,-0.177660,-0.478018,0.096325,-0.314125,-0.254069,-0.085860,-0.134450,-0.466872,0.000803,0.058435,0.000075,0.027440,0.007125,0.165605,0.000001,0.024277,0.000581,0.155804,0.000000,0.000000,0.000000,0.977699,-0.665617,-3.075172,-0.082368,-1.219194,-0.470045,0.088615,1.278991,0.000000,0.000000,0.000000,0.000000,0.000000,0.000000
1778443141.848227,sequential_ik_elbow_then_wrist,0,0,-0.164616,0.120218,-0.220112,-0.378019,0.095394,-0.429499,-0.176718,-0.075231,-0.230458,-0.464763,0.007143,-0.246094,0.000481,0.018594,0.015707,0.134883,0.001896,0.093256,0.029462,0.285939,0.000000,0.000000,0.000000,0.979491,-0.693505,-3.090731,-0.038257,-1.215545,-0.544618,0.820947,1.027791,0.000000,0.000000,0.000000,0.000000,0.000000,0.000000
1778443141.896823,sequential_ik_elbow_then_wrist,1,0,-0.135095,0.113703,-0.242530,-0.329644,0.077213,-0.467962,-0.120130,-0.073614,-0.264858,-0.378278,-0.056870,-0.416776,0.000425,0.019218,0.015656,0.138543,0.001306,0.016411,0.026734,0.120681,0.000000,0.000000,0.000000,0.968727,-0.744497,-3.102556,0.007006,-1.197503,-0.657613,1.377520,0.733734,0.000000,0.000000,0.000000,0.000000,0.000000,0.000000
1778443141.970369,sequential_ik_elbow_then_wrist,1,0,-0.117642,0.112486,-0.252007,-0.320645,0.067575,-0.468276,-0.105608,-0.075762,-0.270383,-0.360087,-0.062284,-0.428683,0.000276,0.024994,0.014183,0.158017,0.000484,0.018759,0.019552,0.136963,0.000000,0.000000,0.000000,0.948899,-0.800516,-3.111542,0.029490,-1.171233,-0.764202,1.800515,0.509638,0.000000,0.000000,0.000000,0.000000,0.000000,0.000000
1778443142.029638,sequential_ik_elbow_then_wrist,1,0,-0.110027,0.106943,-0.257793,-0.323891,0.062554,-0.463442,-0.100510,-0.074963,-0.272540,-0.360066,-0.077145,-0.422960,0.000119,0.030426,0.009517,0.174265,0.000256,0.022773,0.015196,0.150907,0.000000,0.000000,0.000000,0.926697,-0.853632,-3.118372,0.028311,-1.142030,-0.852828,2.121992,0.339325,0.000000,0.000000,0.000000,0.000000,0.000000,0.000000
1778443142.093196,sequential_ik_elbow_then_wrist,0,0,-0.104198,0.112947,-0.257654,-0.319807,0.074626,-0.462701,-0.107863,-0.057598,-0.273949,-0.392508,-0.067143,-0.368213,0.000145,0.030097,0.011398,0.173446,0.000012,0.046076,0.003136,0.214654,0.000000,0.000000,0.000000,0.900897,-0.896372,-3.123563,0.018731,-1.121537,-0.923446,2.366314,0.209887,0.000000,0.000000,0.000000,0.000000,0.000000,0.000000
1778443142.148517,sequential_ik_elbow_then_wrist,0,0,-0.137680,0.118098,-0.238950,-0.361754,0.076558,-0.434053,-0.192515,-0.050684,-0.224430,-0.404564,0.057767,-0.042020,0.000153,0.038141,0.008864,0.195296,0.001953,0.205009,0.036486,0.452779,0.000000,0.000000,0.000000,0.885437,-0.908501,-3.127508,0.009383,-1.131833,-0.923130,2.551998,0.111514,0.000000,0.000000,0.000000,0.000000,0.000000,0.000000
1778443142.205568,sequential_ik_elbow_then_wrist,0,0,-0.135473,0.118805,-0.239859,-0.353761,0.083806,-0.442653,-0.179620,-0.056100,-0.233643,-0.469418,0.018055,-0.256406,0.000007,0.032822,0.002052,0.181129,0.000147,0.063170,0.010989,0.251336,0.000000,0.000000,0.000000,0.875140,-0.913948,-3.130506,0.011214,-1.150760,-0.917694,2.693119,0.036751,0.000000,0.000000,0.000000,0.000000,0.000000,0.000000
1778443142.265284,sequential_ik_elbow_then_wrist,0,0,-0.242217,0.129508,-0.120659,-0.471604,0.059311,0.059490,-0.247311,-0.061784,-0.158177,-0.399144,0.031187,0.083283,0.003649,0.067104,0.043170,0.239005,0.001455,0.072486,0.026536,0.235972,0.000000,0.000000,0.000000,0.904648,-0.823803,-2.379184,0.252365,-1.182195,-0.850070,2.046770,0.291041,0.000000,0.000000,0.000000,0.000000,0.000000,0.000000
1778443142.323285,sequential_ik_elbow_then_wrist,1,0,-0.279305,0.098057,-0.048718,-0.477161,0.032145,0.166941,-0.270683,-0.090038,-0.092864,-0.380894,-0.027405,0.179038,0.002141,0.024633,0.031795,0.156074,0.001116,0.011559,0.022350,0.098453,0.000000,0.000000,0.000000,0.969120,-0.686451,-1.808180,0.475342,-1.200571,-0.739352,1.555545,0.587983,0.000000,0.000000,0.000000,0.000000,0.000000,0.000000
1778443142.394543,sequential_ik_elbow_then_wrist,1,0,-0.285213,0.087880,-0.030505,-0.422170,0.003737,0.222799,-0.272363,-0.090687,-0.087146,-0.418021,-0.025635,0.166924,0.000344,0.017436,0.012431,0.131565,0.000095,0.011633,0.006495,0.107712,0.000000,0.000000,0.000000,1.036215,-0.554411,-1.374217,0.671804,-1.212874,-0.637810,1.182214,0.800344,0.000000,0.000000,0.000000,0.000000,0.000000,0.000000
1778443142.444777,sequential_ik_elbow_then_wrist,1,0,-0.289947,0.076508,-0.008793,-0.421893,-0.012964,0.245342,-0.277442,-0.089105,-0.071317,-0.430621,-0.026289,0.178864,0.000166,0.016288,0.008583,0.127577,0.000063,0.011896,0.005269,0.108755,0.000000,0.000000,0.000000,1.099056,-0.434273,-1.044405,0.812893,-1.223700,-0.546529,0.898483,0.941953,0.000000,0.000000,0.000000,0.000000,0.000000,0.000000
1778443142.519305,sequential_ik_elbow_then_wrist,1,0,-0.291418,0.071218,-0.001940,-0.433728,-0.014177,0.247971,-0.277306,-0.086578,-0.074870,-0.434311,-0.025170,0.173281,0.000036,0.014938,0.003967,0.121965,0.000001,0.011725,0.000821,0.108209,0.000000,0.000000,0.000000,1.152932,-0.334202,-0.793748,0.901173,-1.233765,-0.476186,0.682847,1.040052,0.000000,0.000000,0.000000,0.000000,0.000000,0.000000
1778443142.571573,sequential_ik_elbow_then_wrist,1,0,-0.289896,0.076587,-0.009747,-0.443642,-0.012514,0.231962,-0.276457,-0.084341,-0.080363,-0.448656,-0.022339,0.157341,0.000004,0.016304,0.001289,0.127597,0.000004,0.012752,0.001385,0.112814,0.000000,0.000000,0.000000,1.191837,-0.260958,-0.603248,0.956868,-1.243039,-0.426012,0.518964,1.102713,0.000000,0.000000,0.000000,0.000000,0.000000,0.000000
1778443142.642339,sequential_ik_elbow_then_wrist,1,0,-0.289799,0.076154,-0.014732,-0.471712,-0.003139,0.210258,-0.278743,-0.090184,-0.064567,-0.422405,-0.041009,0.194166,0.000004,0.016008,0.001383,0.126172,0.000029,0.008168,0.003602,0.090259,0.000000,0.000000,0.000000,1.221181,-0.209014,-0.458469,0.976599,-1.247458,-0.378589,0.394412,1.161428,0.000000,0.000000,0.000000,0.000000,0.000000,0.000000
1778443142.691613,sequential_ik_elbow_then_wrist,1,0,-0.287167,0.082933,-0.025634,-0.483135,0.013841,0.190752,-0.277072,-0.090579,-0.070896,-0.433286,-0.034956,0.179110,0.000024,0.014739,0.003282,0.121313,0.000002,0.010485,0.000844,0.102377,0.000000,0.000000,0.000000,1.238966,-0.177131,-0.348436,0.980301,-1.249620,-0.344428,0.299753,1.201568,0.000000,0.000000,0.000000,0.000000,0.000000,0.000000
1778443142.743972,sequential_ik_elbow_then_wrist,1,0,-0.278255,0.098679,-0.053258,-0.534353,0.044126,0.093158,-0.271395,-0.082488,-0.097675,-0.501209,-0.013539,0.082413,0.000157,0.018804,0.008372,0.135579,0.000101,0.020630,0.006701,0.141987,0.000000,0.000000,0.000000,1.240520,-0.171841,-0.264812,0.933803,-1.254685,-0.336118,0.227813,1.180053,0.000000,0.000000,0.000000,0.000000,0.000000,0.000000
1778443142.801596,sequential_ik_elbow_then_wrist,0,0,-0.241924,0.125180,-0.125710,-0.511176,0.068821,-0.006015,-0.252950,-0.073156,-0.143752,-0.500977,0.044940,-0.023185,0.001073,0.027614,0.022217,0.166160,0.000389,0.039899,0.013145,0.199472,0.000000,0.000000,0.000000,1.215236,-0.219189,-0.201257,0.903590,-1.261652,-0.364931,0.173138,1.138537,0.000000,0.000000,0.000000,0.000000,0.000000,0.000000
1778443142.861235,sequential_ik_elbow_then_wrist,0,0,-0.243519,0.125956,-0.121794,-0.511964,0.074902,0.002024,-0.251366,-0.070422,-0.147837,-0.478388,0.078572,-0.020314,0.000045,0.029459,0.004663,0.171457,0.000039,0.050082,0.004216,0.223671,0.000000,0.000000,0.000000,1.188850,-0.264242,-0.152955,0.899375,-1.269236,-0.397772,0.131585,1.124485,0.000000,0.000000,0.000000,0.000000,0.000000,0.000000
1778443142.932338,sequential_ik_elbow_then_wrist,0,0,-0.244357,0.137933,-0.106132,-0.496798,0.074370,0.042976,-0.241987,-0.075445,-0.160469,-0.489562,0.066986,-0.068709,0.000048,0.033299,0.004863,0.182147,0.000049,0.050193,0.004778,0.223936,0.000000,0.000000,0.000000,1.160373,-0.290114,-0.116246,0.922684,-1.271059,-0.434327,0.100004,1.097557,0.000000,0.000000,0.000000,0.000000,0.000000,0.000000
1778443142.987603,sequential_ik_elbow_then_wrist,0,0,-0.268996,0.125434,-0.043674,-0.448781,0.021086,0.172634,-0.257353,-0.085732,-0.128139,-0.483529,0.054254,0.010601,0.000591,0.033893,0.016254,0.182810,0.000135,0.045693,0.007815,0.213524,0.000000,0.000000,0.000000,1.150407,-0.268020,-0.088347,0.992636,-1.267831,-0.441989,0.076003,1.101191,0.000000,0.000000,0.000000,0.000000,0.000000,0.000000
1778443143.056727,sequential_ik_elbow_then_wrist,0,0,-0.278186,0.111893,-0.009625,-0.431407,0.013447,0.228770,-0.265591,-0.091016,-0.105723,-0.471461,0.033176,0.073704,0.000346,0.024915,0.012399,0.157824,0.000123,0.036513,0.007410,0.190830,0.000000,0.000000,0.000000,1.155661,-0.220537,-0.067144,1.051832,-1.262440,-0.428180,0.057762,1.127590,0.000000,0.000000,0.000000,0.000000,0.000000,0.000000
1778443143.122080,sequential_ik_elbow_then_wrist,0,0,-0.279557,0.108651,-0.006533,-0.428139,0.004403,0.232330,-0.256827,-0.090040,-0.126225,-0.481514,0.039094,0.024904,0.000033,0.025030,0.003834,0.158198,0.000028,0.043687,0.003542,0.208964,0.000000,0.000000,0.000000,1.164799,-0.175494,-0.051029,1.092131,-1.256333,-0.426907,0.043899,1.136606,0.000000,0.000000,0.000000,0.000000,0.000000,0.000000
1778443143.180241,sequential_ik_elbow_then_wrist,0,0,-0.275443,0.118627,-0.007657,-0.409283,-0.002192,0.232113,-0.200262,-0.077671,-0.209433,-0.482930,0.002921,-0.269465,0.000010,0.028389,0.002095,0.168413,0.001325,0.063685,0.024403,0.233195,0.000000,0.000000,0.000000,1.166265,-0.139905,-0.038782,1.135019,-1.246559,-0.490562,0.786964,0.911948,0.000000,0.000000,0.000000,0.000000,0.000000,0.000000
1778443143.233411,sequential_ik_elbow_then_wrist,0,0,-0.280928,0.102268,0.024911,-0.406580,-0.023855,0.266374,-0.217959,-0.062036,-0.196584,-0.482626,0.076140,-0.225889,0.000157,0.029178,0.008346,0.170789,0.000080,0.066157,0.007514,0.254072,0.000000,0.000000,0.000000,1.176759,-0.092439,-0.029474,1.160410,-1.250028,-0.543186,1.351692,0.645080,0.000000,0.000000,0.000000,0.000000,0.000000,0.000000
1778443143.295738,sequential_ik_elbow_then_wrist,0,0,-0.281742,0.098067,0.031694,-0.409657,-0.029837,0.271023,-0.208182,-0.059944,-0.207526,-0.479810,0.067237,-0.200955,0.000032,0.029373,0.003746,0.171303,0.000042,0.068466,0.004661,0.261660,0.000000,0.000000,0.000000,1.189501,-0.047484,-0.022401,1.166879,-1.256597,-0.593204,1.780886,0.442261,0.000000,0.000000,0.000000,0.000000,0.000000,0.000000
1778443143.352945,sequential_ik_elbow_then_wrist,0,0,-0.279169,0.103239,0.037500,-0.397274,-0.036373,0.275323,-0.167726,-0.050050,-0.243645,-0.446590,0.060553,-0.244999,0.000012,0.031883,0.002284,0.178556,0.000411,0.068854,0.013506,0.262401,0.000000,0.000000,0.000000,1.196743,-0.007681,-0.017024,1.173462,-1.261953,-0.667512,2.107073,0.288118,0.000000,0.000000,0.000000,0.000000,0.000000,0.000000
1778443143.419090,sequential_ik_elbow_then_wrist,0,0,-0.278538,0.106376,0.033178,-0.391351,-0.035126,0.272448,-0.175560,-0.046249,-0.238830,-0.455637,0.059912,-0.221903,0.000003,0.032374,0.001082,0.179909,0.000018,0.078912,0.003735,0.280913,0.000000,0.000000,0.000000,1.199726,0.021173,-0.012939,1.184520,-1.269593,-0.727344,2.354976,0.170970,0.000000,0.000000,0.000000,0.000000,0.000000,0.000000
1778443143.476855,sequential_ik_elbow_then_wrist,0,0,-0.278718,0.107004,0.029430,-0.393659,-0.032627,0.268787,-0.185035,-0.038826,-0.232926,-0.467080,0.055317,-0.193080,0.000002,0.032292,0.001039,0.179697,0.000071,0.082937,0.007548,0.287988,0.000000,0.000000,0.000000,1.201082,0.040458,-0.009833,1.195113,-1.282981,-0.767770,2.543382,0.081937,0.000000,0.000000,0.000000,0.000000,0.000000,0.000000
1778443143.523551,sequential_ik_elbow_then_wrist,0,0,-0.275871,0.117838,0.003104,-0.405758,-0.013099,0.239716,-0.212362,-0.042599,-0.207576,-0.419802,0.074745,-0.025370,0.000104,0.031817,0.006795,0.178368,0.000215,0.158700,0.010297,0.398372,0.000000,0.000000,0.000000,1.195035,0.038243,-0.007473,1.206096,-1.299132,-0.774183,2.686570,0.014272,0.000000,0.000000,0.000000,0.000000,0.000000,0.000000
1778443143.600933,sequential_ik_elbow_then_wrist,0,0,-0.277435,0.113721,0.009861,-0.421661,-0.009318,0.242369,-0.257212,-0.047432,-0.146943,-0.450031,0.044633,0.063640,0.000000,0.031306,0.000421,0.176886,0.000872,0.052879,0.019825,0.198094,0.000000,0.000000,0.000000,1.191530,0.036864,-0.005680,1.204360,-1.317341,-0.726849,2.041793,0.243126,0.000000,0.000000,0.000000,0.000000,0.000000,0.000000
1778443143.649504,sequential_ik_elbow_then_wrist,1,0,-0.278646,0.110874,0.007974,-0.419931,-0.010472,0.243163,-0.259901,-0.033472,-0.146051,-0.457448,0.055702,0.061370,0.000002,0.030058,0.000898,0.173373,0.000104,0.017448,0.007461,0.128428,0.000000,0.000000,0.000000,1.191026,0.034722,-0.004317,1.201828,-1.342151,-0.678252,1.551763,0.491210,0.000000,0.000000,0.000000,0.000000,0.000000,0.000000
1778443143.724053,sequential_ik_elbow_then_wrist,0,0,-0.274587,0.120793,-0.003380,-0.400883,-0.007049,0.236841,-0.192524,-0.025527,-0.228655,-0.483231,0.035112,-0.186084,0.000028,0.030278,0.003521,0.173826,0.001258,0.086658,0.023727,0.265311,0.000000,0.000000,0.000000,1.184523,0.025838,-0.003281,1.218825,-1.363329,-0.704539,1.932940,0.373639,0.000000,0.000000,0.000000,0.000000,0.000000,0.000000
1778443143.774077,sequential_ik_elbow_then_wrist,0,0,-0.279108,0.109845,-0.005726,-0.402865,-0.018977,0.235290,-0.201966,-0.023054,-0.220632,-0.481613,0.030309,-0.126030,0.000014,0.030806,0.002476,0.175491,0.000025,0.080311,0.003747,0.282675,0.000000,0.000000,0.000000,1.185489,0.015977,-0.002493,1.238957,-1.382705,-0.731662,2.222634,0.235966,0.000000,0.000000,0.000000,0.000000,0.000000,0.000000
1778443143.865395,sequential_ik_elbow_then_wrist,0,0,-0.267981,0.111619,-0.075678,-0.503601,-0.000652,0.072235,-0.207719,-0.041234,-0.212492,-0.506973,-0.043380,-0.191465,0.000616,0.046574,0.016540,0.213772,0.000071,0.040255,0.007254,0.200637,0.000000,0.000000,0.000000,1.183966,-0.035846,-0.001895,1.183233,-1.388678,-0.746730,2.442802,0.131334,0.000000,0.000000,0.000000,0.000000,0.000000,0.000000
1778443143.905655,sequential_ik_elbow_then_wrist,0,0,-0.225602,0.137142,-0.142464,-0.513222,0.051863,-0.144010,-0.203432,-0.051001,-0.214510,-0.498650,-0.070433,-0.264194,0.001191,0.073554,0.023516,0.259257,0.000086,0.017243,0.008199,0.131312,0.000000,0.000000,0.000000,1.156543,-0.129872,-0.755040,0.949780,-1.382817,-0.758721,2.610130,0.051814,0.000000,0.000000,0.000000,0.000000,0.000000,0.000000
1778443143.971315,sequential_ik_elbow_then_wrist,0,0,-0.205000,0.139849,-0.168574,-0.492386,0.065470,-0.211901,-0.195162,-0.051827,-0.221869,-0.494343,-0.057320,-0.243325,0.000414,0.055964,0.014184,0.234362,0.000049,0.028866,0.005823,0.169901,0.000000,0.000000,0.000000,1.120209,-0.232708,-1.327430,0.695008,-1.371923,-0.774501,2.737298,-0.008622,0.000000,0.000000,0.000000,0.000000,0.000000,0.000000
1778443144.035173,sequential_ik_elbow_then_wrist,0,0,-0.184630,0.133578,-0.195111,-0.467187,0.038661,-0.229059,-0.145229,-0.067600,-0.253651,-0.427168,-0.097689,-0.351658,0.000283,0.072292,0.011638,0.268727,0.000817,0.014971,0.023358,0.122357,0.000000,0.000000,0.000000,1.083799,-0.338613,-1.762447,0.480206,-1.344688,-0.821209,2.833947,-0.054552,0.000000,0.000000,0.000000,0.000000,0.000000,0.000000
1778443144.126297,sequential_ik_elbow_then_wrist,0,0,-0.171271,0.128034,-0.210413,-0.437114,0.063179,-0.333381,-0.151398,-0.069283,-0.249557,-0.434619,-0.095647,-0.344903,0.000133,0.049032,0.008028,0.221360,0.000167,0.020887,0.012095,0.144525,0.000000,0.000000,0.000000,1.050842,-0.438251,-2.093060,0.330404,-1.313352,-0.859493,2.907400,-0.089460,0.000000,0.000000,0.000000,0.000000,0.000000,0.000000
1778443144.196765,sequential_ik_elbow_then_wrist,0,0,-0.168961,0.115131,-0.219538,-0.443223,0.047660,-0.320669,-0.154327,-0.070707,-0.247354,-0.440792,-0.096555,-0.332614,0.000057,0.054867,0.005276,0.234169,0.000067,0.025040,0.007642,0.158241,0.000000,0.000000,0.000000,1.029061,-0.526421,-2.344325,0.203107,-1.282777,-0.886607,2.963224,-0.115989,0.000000,0.000000,0.000000,0.000000,0.000000,0.000000
1778443144.254975,sequential_ik_elbow_then_wrist,0,0,-0.175080,0.110639,-0.217039,-0.457264,0.038648,-0.289076,-0.161690,-0.071686,-0.242317,-0.447344,-0.088424,-0.332438,0.000028,0.061271,0.004715,0.247530,0.000024,0.024395,0.004063,0.156189,0.000000,0.000000,0.000000,1.018362,-0.594062,-2.535287,0.106361,-1.256370,-0.901281,3.005650,-0.136152,0.000000,0.000000,0.000000,0.000000,0.000000,0.000000
1778443144.302601,sequential_ik_elbow_then_wrist,0,0,-0.122036,0.119133,-0.246808,-0.376393,0.058886,-0.394027,-0.140569,-0.080808,-0.252409,-0.424986,-0.084831,-0.347755,0.000673,0.041524,0.021350,0.203748,0.000209,0.026641,0.013066,0.163221,0.000000,0.000000,0.000000,0.991323,-0.675396,-2.680418,0.040907,-1.225246,-0.922421,3.037894,-0.151476,0.000000,0.000000,0.000000,0.000000,0.000000,0.000000
1778443144.368940,sequential_ik_elbow_then_wrist,0,0,-0.096012,0.112653,-0.260942,-0.343122,0.058632,-0.422245,-0.146852,-0.087607,-0.246494,-0.436809,-0.078742,-0.322958,0.000594,0.041551,0.021289,0.203840,0.000116,0.036872,0.009978,0.192022,0.000000,0.000000,0.000000,0.954623,-0.760667,-2.790718,-0.008231,-1.192877,-0.934056,3.062399,-0.163121,0.000000,0.000000,0.000000,0.000000,0.000000,0.000000
1778443144.426619,sequential_ik_elbow_then_wrist,0,0,-0.115062,0.109084,-0.254679,-0.362502,0.059139,-0.416788,-0.140489,-0.092556,-0.248387,-0.426906,-0.072029,-0.335243,0.000011,0.046902,0.002964,0.216560,0.000128,0.038101,0.010584,0.195194,0.000000,0.000000,0.000000,0.924544,-0.822392,-2.874546,-0.050323,-1.158868,-0.943987,3.081024,-0.171972,0.000000,0.000000,0.000000,0.000000,0.000000,0.000000
1778443144.493435,sequential_ik_elbow_then_wrist,0,0,-0.136938,0.105418,-0.245225,-0.393673,0.051703,-0.390834,-0.133610,-0.095387,-0.251097,-0.411521,-0.083045,-0.363407,0.000132,0.054132,0.009995,0.232657,0.000124,0.031967,0.010399,0.178794,0.000000,0.000000,0.000000,0.909596,-0.858202,-2.938255,-0.086246,-1.124055,-0.954793,3.095178,-0.178699,0.000000,0.000000,0.000000,0.000000,0.000000,0.000000
1778443144.546784,sequential_ik_elbow_then_wrist,0,0,-0.147968,0.103959,-0.239370,-0.405786,0.050127,-0.383009,-0.134947,-0.094510,-0.250713,-0.414579,-0.086488,-0.359072,0.000143,0.051221,0.010659,0.226321,0.000035,0.034959,0.005591,0.186972,0.000000,0.000000,0.000000,0.907849,-0.876787,-2.986674,-0.113547,-1.092788,-0.963152,3.105935,-0.183811,0.000000,0.000000,0.000000,0.000000,0.000000,0.000000
1778443144.593566,sequential_ik_elbow_then_wrist,0,0,-0.139822,0.109283,-0.241882,-0.396685,0.059972,-0.388818,-0.118920,-0.090996,-0.259957,-0.397683,-0.075804,-0.369778,0.000000,0.044833,0.000546,0.211738,0.000101,0.039062,0.008613,0.197641,0.000000,0.000000,0.000000,0.907028,-0.891316,-3.023472,-0.134296,-1.062968,-0.980482,3.114111,-0.187696,0.000000,0.000000,0.000000,0.000000,0.000000,0.000000
1778443144.626607,sequential_ik_elbow_then_wrist,1,0,-0.110786,0.104961,-0.258282,-0.331296,0.063291,-0.457377,-0.070556,-0.085440,-0.278786,-0.295639,-0.112878,-0.475217,0.000201,0.030544,0.011410,0.174387,0.000897,0.011000,0.026363,0.104882,0.000000,0.000000,0.000000,0.898676,-0.921018,-3.051439,-0.122352,-1.025721,-1.024443,3.120324,-0.190649,0.000000,0.000000,0.000000,0.000000,0.000000,0.000000
1778443144.681524,sequential_ik_elbow_then_wrist,1,0,-0.116941,0.099047,-0.257904,-0.332372,0.061823,-0.463340,-0.075503,-0.097536,-0.273470,-0.280290,-0.131785,-0.490009,0.000004,0.030454,0.001409,0.174496,0.000596,0.008212,0.023767,0.090623,0.000000,0.000000,0.000000,0.891993,-0.947213,-3.072693,-0.107987,-0.984105,-1.056351,3.125046,-0.192893,0.000000,0.000000,0.000000,0.000000,0.000000,0.000000
1778443144.734989,sequential_ik_elbow_then_wrist,0,0,-0.114084,0.096093,-0.260290,-0.337538,0.055142,-0.456227,-0.077128,-0.098320,-0.272735,-0.286993,-0.127853,-0.485066,0.000004,0.033968,0.001391,0.184280,0.000343,0.012194,0.017990,0.110429,0.000000,0.000000,0.000000,0.886910,-0.970871,-3.088847,-0.104072,-0.942164,-1.078479,3.128635,-0.194599,0.000000,0.000000,0.000000,0.000000,0.000000,0.000000
1778443144.800828,sequential_ik_elbow_then_wrist,1,0,-0.105176,0.096244,-0.263960,-0.321819,0.058975,-0.468109,-0.071014,-0.096657,-0.274981,-0.270800,-0.131307,-0.496080,0.000028,0.030273,0.004579,0.173993,0.000286,0.011278,0.016421,0.106199,0.000000,0.000000,0.000000,0.880080,-0.994407,-3.101124,-0.100577,-0.901025,-1.098083,3.131363,-0.195895,0.000000,0.000000,0.000000,0.000000,0.000000,0.000000
1778443144.865603,sequential_ik_elbow_then_wrist,1,0,-0.100669,0.095959,-0.265815,-0.316355,0.055119,-0.470294,-0.065084,-0.095906,-0.276706,-0.258625,-0.132471,-0.502991,0.000030,0.031643,0.005057,0.177884,0.000272,0.011303,0.016018,0.106314,0.000000,0.000000,0.000000,0.871510,-1.016022,-3.110454,-0.097585,-0.861066,-1.116309,3.133436,-0.196880,0.000000,0.000000,0.000000,0.000000,0.000000,0.000000
1778443144.935113,sequential_ik_elbow_then_wrist,0,0,-0.099542,0.095427,-0.266430,-0.314164,0.051715,-0.471434,-0.063378,-0.098861,-0.276061,-0.255253,-0.133529,-0.504057,0.000016,0.033207,0.003806,0.182228,0.000244,0.012680,0.015252,0.112598,0.000000,0.000000,0.000000,0.862450,-1.034100,-3.117545,-0.094021,-0.822473,-1.129826,3.135011,-0.194971,0.000000,0.000000,0.000000,0.000000,0.000000,0.000000
1778443144.981237,sequential_ik_elbow_then_wrist,0,0,-0.101350,0.094774,-0.265981,-0.317571,0.052695,-0.469642,-0.068385,-0.100892,-0.274125,-0.262500,-0.131956,-0.500740,0.000002,0.034173,0.001484,0.184859,0.000108,0.015809,0.010023,0.125718,0.000000,0.000000,0.000000,0.854563,-1.047587,-3.122934,-0.092652,-0.787613,-1.136633,3.136208,-0.189013,0.000000,0.000000,0.000000,0.000000,0.000000,0.000000
1778443145.049771,sequential_ik_elbow_then_wrist,1,0,-0.094472,0.094821,-0.268485,-0.302184,0.053673,-0.480999,-0.061643,-0.100087,-0.276012,-0.251319,-0.127970,-0.506762,0.000025,0.031082,0.004673,0.176282,0.000142,0.016053,0.011593,0.126665,0.000000,0.000000,0.000000,0.845600,-1.061225,-3.127030,-0.085634,-0.754728,-1.144040,3.137118,-0.177244,0.000000,0.000000,0.000000,0.000000,0.000000,0.000000
1778443145.107957,sequential_ik_elbow_then_wrist,1,0,-0.096072,0.093472,-0.268390,-0.298767,0.053987,-0.486004,-0.064409,-0.101508,-0.274859,-0.255385,-0.125796,-0.504942,0.000004,0.030318,0.001794,0.174112,0.000068,0.018569,0.008028,0.136254,0.000000,0.000000,0.000000,0.837633,-1.072190,-3.130143,-0.075951,-0.725287,-1.148182,3.137810,-0.163750,0.000000,0.000000,0.000000,0.000000,0.000000,0.000000
1778443145.173350,sequential_ik_elbow_then_wrist,1,0,-0.096279,0.093318,-0.268369,-0.295511,0.050140,-0.488465,-0.056752,-0.099724,-0.277190,-0.243936,-0.122506,-0.510521,0.000001,0.030798,0.001122,0.175480,0.000118,0.018196,0.010510,0.134879,0.000000,0.000000,0.000000,0.830852,-1.080626,-3.132509,-0.063354,-0.697255,-1.154801,3.138336,-0.148689,0.000000,0.000000,0.000000,0.000000,0.000000,0.000000
1778443145.230413,sequential_ik_elbow_then_wrist,1,0,-0.096357,0.092145,-0.268747,-0.291808,0.046046,-0.491623,-0.054352,-0.099733,-0.277668,-0.239111,-0.123070,-0.512868,0.000000,0.030935,0.000258,0.175870,0.000104,0.018430,0.009954,0.135752,0.000000,0.000000,0.000000,0.825594,-1.087582,-3.134306,-0.048716,-0.670699,-1.161372,3.138735,-0.134644,0.000000,0.000000,0.000000,0.000000,0.000000,0.000000
1778443145.306006,sequential_ik_elbow_then_wrist,1,0,-0.097330,0.091423,-0.268642,-0.294166,0.044289,-0.490078,-0.056773,-0.100235,-0.277001,-0.242366,-0.122678,-0.511633,0.000001,0.031845,0.000761,0.178451,0.000045,0.020228,0.006552,0.142222,0.000000,0.000000,0.000000,0.822088,-1.092848,-3.135673,-0.037111,-0.647052,-1.165473,3.139039,-0.121969,0.000000,0.000000,0.000000,0.000000,0.000000,0.000000
1778443145.351762,sequential_ik_elbow_then_wrist,1,0,-0.097275,0.091821,-0.268526,-0.294101,0.045644,-0.490173,-0.054610,-0.096976,-0.278592,-0.241529,-0.117026,-0.512385,0.000000,0.031367,0.000326,0.177109,0.000031,0.021786,0.005384,0.147599,0.000000,0.000000,0.000000,0.819629,-1.096685,-3.136711,-0.028503,-0.626315,-1.170946,3.139269,-0.111174,0.000000,0.000000,0.000000,0.000000,0.000000,0.000000
1778443145.403093,sequential_ik_elbow_then_wrist,1,0,-0.097709,0.091419,-0.268506,-0.294634,0.046062,-0.490234,-0.056058,-0.097064,-0.278273,-0.241826,-0.115179,-0.513139,0.000000,0.031189,0.000670,0.176604,0.000012,0.022636,0.003333,0.150451,0.000000,0.000000,0.000000,0.818192,-1.099536,-3.137501,-0.022505,-0.608834,-1.175064,3.139445,-0.100893,0.000000,0.000000,0.000000,0.000000,0.000000,0.000000
1778443145.473170,sequential_ik_elbow_then_wrist,1,0,-0.097223,0.091278,-0.268731,-0.295626,0.045882,-0.489129,-0.052893,-0.095931,-0.279284,-0.241131,-0.114082,-0.512172,0.000000,0.031460,0.000340,0.177370,0.000021,0.023392,0.004451,0.152946,0.000000,0.000000,0.000000,0.817308,-1.101998,-3.138101,-0.019370,-0.593307,-1.179899,3.139578,-0.093860,0.000000,0.000000,0.000000,0.000000,0.000000,0.000000
1778443145.538650,sequential_ik_elbow_then_wrist,1,0,-0.096724,0.091355,-0.268884,-0.295418,0.046450,-0.489121,-0.053178,-0.096392,-0.279071,-0.241267,-0.115336,-0.512017,0.000000,0.031275,0.000118,0.176846,0.000013,0.023741,0.003575,0.154083,0.000000,0.000000,0.000000,0.816600,-1.104150,-3.138556,-0.017973,-0.579701,-1.183584,3.139679,-0.088808,0.000000,0.000000,0.000000,0.000000,0.000000,0.000000
1778443145.582494,sequential_ik_elbow_then_wrist,1,0,-0.095273,0.092797,-0.268908,-0.296490,0.050918,-0.487445,-0.053117,-0.098668,-0.278286,-0.242113,-0.114779,-0.510710,0.000003,0.030784,0.001551,0.175450,0.000016,0.024748,0.003900,0.157311,0.000000,0.000000,0.000000,0.815069,-1.105889,-3.138903,-0.019829,-0.567383,-1.185085,3.139756,-0.082601,0.000000,0.000000,0.000000,0.000000,0.000000,0.000000
1778443145.654616,sequential_ik_elbow_then_wrist,1,0,-0.084959,0.095728,-0.271327,-0.265124,0.054672,-0.507663,-0.051183,-0.098618,-0.278666,-0.236756,-0.115129,-0.513804,0.000074,0.023871,0.008206,0.154396,0.000021,0.023824,0.004459,0.154345,0.000000,0.000000,0.000000,0.808865,-1.110834,-3.139166,-0.007414,-0.555739,-1.186574,3.139815,-0.074564,0.000000,0.000000,0.000000,0.000000,0.000000,0.000000
1778443145.710655,sequential_ik_elbow_then_wrist,0,0,-0.083126,0.098586,-0.270871,-0.286844,0.063976,-0.488359,-0.065746,-0.098770,-0.275539,-0.293533,-0.114839,-0.470103,0.000079,0.029197,0.008596,0.170778,0.000051,0.042425,0.006682,0.205727,0.000000,0.000000,0.000000,0.798871,-1.114786,-3.139366,-0.011501,-0.550319,-1.182806,3.139859,-0.092642,0.000000,0.000000,0.000000,0.000000,0.000000,0.000000
1778443147.041127,sequential_ik_elbow_then_wrist,0,0,-0.134203,0.113040,-0.243334,-0.351008,0.092290,-0.449647,-0.200757,-0.069880,-0.211692,-0.449218,-0.027866,-0.048899,0.000495,0.033701,0.016992,0.183551,0.009822,0.238893,0.091781,0.488741,0.000000,0.000000,0.000000,0.800400,-1.084550,-3.139518,-0.022364,-0.615686,-1.123136,3.139893,-0.118408,0.000000,0.000000,0.000000,0.000000,0.000000,0.000000
1778443147.099713,sequential_ik_elbow_then_wrist,0,0,-0.131434,0.114150,-0.244325,-0.347203,0.097471,-0.452089,-0.208026,-0.070364,-0.204387,-0.458010,-0.029104,-0.043745,0.000047,0.028957,0.005885,0.170142,0.002846,0.083557,0.047080,0.266178,0.000000,0.000000,0.000000,0.806353,-1.054768,-3.139634,-0.023388,-0.717393,-1.047489,2.386319,0.132545,0.000000,0.000000,0.000000,0.000000,0.000000,0.000000
1778443147.168992,sequential_ik_elbow_then_wrist,1,0,-0.126901,0.117021,-0.245361,-0.343267,0.108851,-0.453013,-0.208339,-0.080333,-0.200354,-0.446089,-0.033864,-0.023392,0.000000,0.025103,0.000202,0.158439,0.000407,0.029950,0.017098,0.168021,0.000000,0.000000,0.000000,0.810941,-1.031624,-3.139722,-0.023666,-0.816466,-0.976303,1.813602,0.422772,0.000000,0.000000,0.000000,0.000000,0.000000,0.000000
1778443147.219238,sequential_ik_elbow_then_wrist,1,0,-0.137973,0.118689,-0.238488,-0.363965,0.108332,-0.435517,-0.206747,-0.087600,-0.198952,-0.447078,-0.049543,-0.023474,0.000032,0.028362,0.004558,0.168397,0.000027,0.019493,0.004245,0.139420,0.000000,0.000000,0.000000,0.817977,-1.006771,-3.139789,-0.028860,-0.897202,-0.917448,1.378338,0.661213,0.000000,0.000000,0.000000,0.000000,0.000000,0.000000
1778443147.283464,sequential_ik_elbow_then_wrist,0,0,-0.155564,0.112745,-0.230409,-0.417888,0.084214,-0.373140,-0.201328,-0.094210,-0.201473,-0.460472,-0.066892,-0.052819,0.000168,0.044219,0.011415,0.209816,0.000005,0.018178,0.001934,0.134639,0.000000,0.000000,0.000000,0.834624,-0.978438,-3.139839,-0.066379,-0.955875,-0.873699,1.047537,0.825338,0.000000,0.000000,0.000000,0.000000,0.000000,0.000000
1778443147.340043,sequential_ik_elbow_then_wrist,0,0,-0.175461,0.105014,-0.219511,-0.467787,0.064114,-0.273113,-0.204712,-0.081902,-0.203433,-0.467298,-0.063270,-0.059552,0.000321,0.063877,0.015649,0.252735,0.000030,0.016196,0.004736,0.127203,0.000000,0.000000,0.000000,0.864379,-0.944773,-3.139878,-0.098448,-1.007014,-0.842346,0.796128,0.940743,0.000000,0.000000,0.000000,0.000000,0.000000,0.000000
1778443147.396919,sequential_ik_elbow_then_wrist,0,0,-0.187924,0.100704,-0.211053,-0.483593,0.057376,-0.237555,-0.208759,-0.081369,-0.199496,-0.463848,-0.065097,-0.042446,0.000223,0.062579,0.012811,0.250159,0.000014,0.013344,0.003105,0.115504,0.000000,0.000000,0.000000,0.902178,-0.908763,-3.139907,-0.122821,-1.050004,-0.815648,0.605057,1.032850,0.000000,0.000000,0.000000,0.000000,0.000000,0.000000
1778443147.461565,sequential_ik_elbow_then_wrist,0,0,-0.210951,0.095388,-0.190790,-0.506889,0.048570,-0.175675,-0.215952,-0.074944,-0.194288,-0.459182,-0.053859,-0.019948,0.000318,0.064626,0.014199,0.254216,0.000040,0.012245,0.005179,0.110575,0.000000,0.000000,0.000000,0.948146,-0.862147,-3.139929,-0.141344,-1.089745,-0.790469,0.459843,1.113065,0.000000,0.000000,0.000000,0.000000,0.000000,0.000000
1778443147.531179,sequential_ik_elbow_then_wrist,0,0,-0.208994,0.094694,-0.193273,-0.503761,0.048537,-0.224607,-0.214665,-0.079599,-0.193863,-0.458384,-0.064446,-0.019588,0.000035,0.043582,0.005007,0.208764,0.000001,0.010058,0.000558,0.100289,0.000000,0.000000,0.000000,0.990351,-0.824079,-3.139946,-0.155421,-1.119964,-0.769829,0.349481,1.174141,0.000000,0.000000,0.000000,0.000000,0.000000,0.000000
1778443147.578556,sequential_ik_elbow_then_wrist,0,0,-0.205197,0.095372,-0.196973,-0.501075,0.050925,-0.218899,-0.211057,-0.079588,-0.197790,-0.455146,-0.062411,-0.024224,0.000003,0.043773,0.001414,0.209219,0.000003,0.010589,0.001179,0.102900,0.000000,0.000000,0.000000,1.024060,-0.797507,-3.139959,-0.166120,-1.142172,-0.756996,0.265606,1.222452,0.000000,0.000000,0.000000,0.000000,0.000000,0.000000
1778443147.634509,sequential_ik_elbow_then_wrist,0,0,-0.199145,0.099003,-0.201344,-0.494376,0.062721,-0.240361,-0.210097,-0.080918,-0.198271,-0.455055,-0.057535,-0.026665,0.000011,0.038071,0.002555,0.195119,0.000001,0.012122,0.000972,0.110097,0.000000,0.000000,0.000000,1.046755,-0.781465,-3.139969,-0.174251,-1.157758,-0.748293,0.201860,1.260275,0.000000,0.000000,0.000000,0.000000,0.000000,0.000000
1778443147.701424,sequential_ik_elbow_then_wrist,0,0,-0.186394,0.106082,-0.209771,-0.479978,0.071838,-0.261108,-0.207918,-0.077551,-0.201881,-0.458267,-0.046182,-0.039581,0.000073,0.037755,0.006985,0.194307,0.000004,0.014599,0.001357,0.120819,0.000000,0.000000,0.000000,1.055422,-0.777429,-3.139976,-0.180431,-1.170514,-0.744907,0.153414,1.285757,0.000000,0.000000,0.000000,0.000000,0.000000,0.000000
1778443147.765983,sequential_ik_elbow_then_wrist,0,0,-0.171468,0.112538,-0.218939,-0.461681,0.079992,-0.287619,-0.210312,-0.091755,-0.193261,-0.462597,-0.040103,-0.039364,0.000138,0.038199,0.009843,0.195444,0.000046,0.020444,0.005462,0.142962,0.000000,0.000000,0.000000,1.050435,-0.784399,-3.139982,-0.185128,-1.172997,-0.736047,0.116594,1.299448,0.000000,0.000000,0.000000,0.000000,0.000000,0.000000
1778443147.816825,sequential_ik_elbow_then_wrist,0,0,-0.171983,0.113373,-0.218102,-0.454697,0.083544,-0.313929,-0.205974,-0.093196,-0.197204,-0.460080,-0.033001,-0.049534,0.000028,0.035527,0.004693,0.188487,0.000016,0.025473,0.003383,0.159600,0.000000,0.000000,0.000000,1.040882,-0.791123,-3.139986,-0.188697,-1.170022,-0.731055,0.088612,1.307592,0.000000,0.000000,0.000000,0.000000,0.000000,0.000000
1778443147.885839,sequential_ik_elbow_then_wrist,1,0,-0.188205,0.125819,-0.196847,-0.469253,0.113323,-0.301036,-0.219667,-0.089744,-0.183554,-0.446216,-0.010443,-0.003590,0.000111,0.029458,0.007244,0.171635,0.000041,0.028510,0.004434,0.168587,0.000000,0.000000,0.000000,1.029682,-0.778353,-3.139990,-0.191410,-1.171002,-0.716747,0.067345,1.336418,0.000000,0.000000,0.000000,0.000000,0.000000,0.000000
1778443147.955601,sequential_ik_elbow_then_wrist,0,0,-0.204384,0.126104,-0.179791,-0.493324,0.110746,-0.259024,-0.228475,-0.093860,-0.170263,-0.437498,-0.011324,0.028477,0.000104,0.033098,0.006921,0.181929,0.000050,0.026198,0.004706,0.161751,0.000000,0.000000,0.000000,1.024635,-0.751024,-3.139992,-0.193471,-1.172794,-0.693303,0.051182,1.372502,0.000000,0.000000,0.000000,0.000000,0.000000,0.000000
1778443148.015937,sequential_ik_elbow_then_wrist,0,0,-0.221305,0.119931,-0.163220,-0.495360,0.041447,-0.069764,-0.223700,-0.096571,-0.175021,-0.429394,-0.010216,0.025561,0.000137,0.095709,0.008518,0.309368,0.000003,0.027328,0.001390,0.165277,0.000000,0.000000,0.000000,1.030916,-0.713803,-3.139994,-0.195038,-1.171852,-0.676201,0.038898,1.407986,0.000000,0.000000,0.000000,0.000000,0.000000,0.000000
1778443148.062880,sequential_ik_elbow_then_wrist,0,0,-0.230327,0.109092,-0.158267,-0.512873,0.025363,-0.102079,-0.219907,-0.104346,-0.175365,-0.433711,-0.010267,0.012882,0.000089,0.075423,0.007325,0.274633,0.000020,0.032246,0.003699,0.179567,0.000000,0.000000,0.000000,1.047953,-0.678147,-3.139995,-0.196229,-1.164914,-0.663648,0.029563,1.432230,0.000000,0.000000,0.000000,0.000000,0.000000,0.000000
1778443148.123978,sequential_ik_elbow_then_wrist,0,0,-0.205583,0.118544,-0.183530,-0.495973,0.057875,-0.228171,-0.215927,-0.117566,-0.171912,-0.439148,-0.017387,0.001687,0.000127,0.043990,0.007996,0.209737,0.000062,0.038632,0.006412,0.196523,0.000000,0.000000,0.000000,1.052788,-0.668307,-3.139997,-0.197134,-1.148851,-0.651642,0.022468,1.442911,0.000000,0.000000,0.000000,0.000000,0.000000,0.000000
1778443148.179361,sequential_ik_elbow_then_wrist,0,0,-0.177929,0.136468,-0.199293,-0.450853,0.127569,-0.323525,-0.233662,-0.126980,-0.138845,-0.445277,-0.006244,0.036203,0.000363,0.023425,0.015340,0.153040,0.000195,0.046935,0.009352,0.216638,0.000000,0.000000,0.000000,1.035200,-0.677727,-3.139997,-0.193171,-1.132570,-0.618017,0.017075,1.446555,0.000000,0.000000,0.000000,0.000000,0.000000,0.000000
1778443148.247683,sequential_ik_elbow_then_wrist,0,0,-0.141471,0.146993,-0.219952,-0.350644,0.179494,-0.432532,-0.225864,-0.152216,-0.125760,-0.413340,-0.026408,0.071788,0.000697,0.009325,0.022063,0.094319,0.000190,0.045292,0.010026,0.212635,0.000000,0.000000,0.000000,0.995008,-0.707044,-3.139998,-0.140451,-1.102811,-0.577950,0.012977,1.470503,0.000000,0.000000,0.000000,0.000000,0.000000,0.000000
1778443148.299691,sequential_ik_elbow_then_wrist,0,0,-0.125134,0.147081,-0.229584,-0.311800,0.183508,-0.461595,-0.213727,-0.176903,-0.114133,-0.392399,-0.049927,0.090692,0.000382,0.008457,0.016967,0.091612,0.000229,0.046480,0.011035,0.215433,0.000000,0.000000,0.000000,0.945641,-0.743097,-3.139998,-0.081116,-1.057990,-0.536388,0.009863,1.508617,0.000000,0.000000,0.000000,0.000000,0.000000,0.000000
1778443148.368888,sequential_ik_elbow_then_wrist,0,0,-0.092342,0.146842,-0.244766,-0.293667,0.180075,-0.464683,-0.171021,-0.223495,-0.103931,-0.308895,-0.081974,0.121818,0.000723,0.013290,0.023853,0.115196,0.000805,0.037702,0.020671,0.192516,0.000000,0.000000,0.000000,0.885235,-0.789560,-3.139999,-0.046598,-0.978150,-0.495882,0.007496,1.598292,0.000000,0.000000,0.000000,0.000000,0.000000,0.000000
1778443148.431538,sequential_ik_elbow_then_wrist,0,0,-0.085476,0.152967,-0.243506,-0.268986,0.186054,-0.478515,-0.151556,-0.231085,-0.116750,-0.315506,-0.110379,0.103591,0.000423,0.013299,0.019110,0.115267,0.000245,0.043756,0.011406,0.209074,0.000000,0.000000,0.000000,0.821274,-0.827561,-3.139999,-0.011992,-0.892445,-0.471198,0.005697,1.682355,0.000000,0.000000,0.000000,0.000000,0.000000,0.000000
1778443148.490982,sequential_ik_elbow_then_wrist,0,0,-0.075632,0.140356,-0.254126,-0.280926,0.176097,-0.469943,-0.176905,-0.202851,-0.132500,-0.327346,-0.106264,0.108412,0.000222,0.021611,0.013293,0.146872,0.000148,0.038158,0.008793,0.195337,0.000000,0.000000,0.000000,0.761753,-0.868382,-3.139999,-0.000868,-0.843580,-0.464438,0.004330,1.743718,0.000000,0.000000,0.000000,0.000000,0.000000,0.000000
1778443148.555306,sequential_ik_elbow_then_wrist,0,0,-0.096074,0.132746,-0.251293,-0.290471,0.159900,-0.478169,-0.188682,-0.185598,-0.141253,-0.344002,-0.107237,0.103155,0.000034,0.024417,0.005528,0.156254,0.000149,0.033573,0.009096,0.183125,0.000000,0.000000,0.000000,0.721205,-0.898605,-3.139999,0.010705,-0.823864,-0.468143,0.003290,1.775507,0.000000,0.000000,0.000000,0.000000,0.000000,0.000000
1778443148.611050,sequential_ik_elbow_then_wrist,1,0,-0.090802,0.132776,-0.253230,-0.296515,0.155571,-0.470399,-0.199027,-0.170964,-0.145463,-0.363236,-0.111936,0.098567,0.000002,0.027050,0.001024,0.164456,0.000122,0.028602,0.008419,0.168881,0.000000,0.000000,0.000000,0.690995,-0.923533,-3.140000,0.014491,-0.825266,-0.475935,0.002501,1.777999,0.000000,0.000000,0.000000,0.000000,0.000000,0.000000
1778443148.666973,sequential_ik_elbow_then_wrist,0,0,-0.100293,0.128120,-0.252045,-0.341875,0.125938,-0.429903,-0.194076,-0.092789,-0.209105,-0.487147,-0.111206,-0.147700,0.000057,0.047747,0.007143,0.218366,0.001794,0.215386,0.032350,0.454267,0.000000,0.000000,0.000000,0.674030,-0.941683,-3.140000,-0.001793,-0.867338,-0.533075,0.755501,1.551864,0.000000,0.000000,0.000000,0.000000,0.000000,0.000000
1778443148.728054,sequential_ik_elbow_then_wrist,0,0,-0.130538,0.121013,-0.241486,-0.368270,0.096715,-0.422852,-0.153789,-0.057122,-0.251169,-0.438494,-0.061479,-0.345636,0.000573,0.053461,0.022060,0.231215,0.001336,0.045686,0.027927,0.192196,0.000000,0.000000,0.000000,0.680681,-0.944704,-3.140000,-0.012257,-0.920980,-0.628796,1.327780,1.155550,0.000000,0.000000,0.000000,0.000000,0.000000,0.000000
1778443148.800014,sequential_ik_elbow_then_wrist,0,0,-0.133369,0.115050,-0.242850,-0.368548,0.077137,-0.425206,-0.111377,-0.078130,-0.267378,-0.353550,-0.070749,-0.444290,0.000311,0.050390,0.016424,0.224471,0.000477,0.015315,0.016978,0.123343,0.000000,0.000000,0.000000,0.701105,-0.945541,-3.140000,-0.015930,-0.952047,-0.733048,1.762713,0.830218,0.000000,0.000000,0.000000,0.000000,0.000000,0.000000
1778443148.848550,sequential_ik_elbow_then_wrist,0,0,-0.132174,0.110758,-0.245484,-0.362076,0.071534,-0.434181,-0.097949,-0.070846,-0.274567,-0.316610,-0.070050,-0.479960,0.000144,0.043615,0.011147,0.208842,0.000194,0.012082,0.011621,0.109918,0.000000,0.000000,0.000000,0.726944,-0.948336,-3.140000,-0.017116,-0.969530,-0.829730,2.093262,0.582966,0.000000,0.000000,0.000000,0.000000,0.000000,0.000000
1778443148.931879,sequential_ik_elbow_then_wrist,0,0,-0.131988,0.108618,-0.246538,-0.361116,0.058338,-0.433548,-0.089412,-0.080331,-0.274868,-0.353794,-0.081442,-0.416646,0.000067,0.044016,0.007620,0.209800,0.000325,0.029267,0.017405,0.171076,0.000000,0.000000,0.000000,0.753531,-0.951948,-3.140000,-0.017887,-0.972868,-0.908250,2.344479,0.395054,0.000000,0.000000,0.000000,0.000000,0.000000,0.000000
1778443148.971305,sequential_ik_elbow_then_wrist,0,0,-0.105595,0.105044,-0.260414,-0.329731,0.056560,-0.453836,-0.062601,-0.078895,-0.282589,-0.304012,-0.097287,-0.459739,0.000110,0.038060,0.007786,0.195089,0.000768,0.018646,0.026420,0.136550,0.000000,0.000000,0.000000,0.769739,-0.971012,-3.140000,-0.019891,-0.962661,-0.983375,2.535404,0.252241,0.000000,0.000000,0.000000,0.000000,0.000000,0.000000
1778443149.042811,sequential_ik_elbow_then_wrist,0,0,-0.109509,0.102595,-0.259773,-0.328334,0.053472,-0.459028,-0.064449,-0.092253,-0.278093,-0.273677,-0.116843,-0.491679,0.000003,0.038287,0.001115,0.195670,0.000893,0.009537,0.029259,0.097656,0.000000,0.000000,0.000000,0.781818,-0.988386,-3.140000,-0.022456,-0.940864,-1.036556,2.680507,0.143703,0.000000,0.000000,0.000000,0.000000,0.000000,0.000000
1778443149.093608,sequential_ik_elbow_then_wrist,0,0,-0.095260,0.106685,-0.263712,-0.305961,0.062860,-0.472720,-0.059572,-0.099127,-0.276812,-0.258565,-0.119840,-0.500358,0.000101,0.032463,0.009333,0.180166,0.000978,0.009394,0.030596,0.096922,0.000000,0.000000,0.000000,0.784387,-1.007426,-3.140000,-0.020203,-0.909003,-1.074183,2.790785,0.061214,0.000000,0.000000,0.000000,0.000000,0.000000,0.000000
1778443149.157724,sequential_ik_elbow_then_wrist,1,0,-0.092759,0.108420,-0.263896,-0.301788,0.077717,-0.476884,-0.053016,-0.105964,-0.275610,-0.246046,-0.125248,-0.504450,0.000080,0.029587,0.008531,0.172006,0.001089,0.010491,0.032252,0.102419,0.000000,0.000000,0.000000,0.780316,-1.023447,-3.140000,-0.020370,-0.868162,-1.100488,2.874597,0.001723,0.000000,0.000000,0.000000,0.000000,0.000000,0.000000
1778443149.210134,sequential_ik_elbow_then_wrist,0,0,-0.102044,0.106546,-0.261218,-0.328092,0.067358,-0.454522,-0.051941,-0.107500,-0.275220,-0.248974,-0.122076,-0.500976,0.000003,0.040623,0.001256,0.201509,0.000773,0.015187,0.027138,0.123206,0.000000,0.000000,0.000000,0.776955,-1.032384,-3.140000,-0.030400,-0.822741,-1.118452,2.938294,-0.036780,0.000000,0.000000,0.000000,0.000000,0.000000,0.000000
1778443149.462753,sequential_ik_elbow_then_wrist,0,0,-0.159200,0.109009,-0.229722,-0.413613,-0.010551,-0.124940,-0.058576,-0.104470,-0.275055,-0.247482,-0.136110,-0.505951,0.000958,0.186129,0.026146,0.431206,0.000263,0.014537,0.015803,0.120559,0.000000,0.000000,0.000000,0.795291,-1.005357,-3.140000,-0.071104,-0.779616,-1.129991,2.986703,-0.062613,0.000000,0.000000,0.000000,0.000000,0.000000,0.000000
1778443149.642869,sequential_ik_elbow_then_wrist,0,0,-0.175253,0.109098,-0.217678,-0.409968,-0.033745,-0.097241,-0.067675,-0.106501,-0.272172,-0.261186,-0.145365,-0.498099,0.000468,0.184072,0.018440,0.429036,0.000068,0.017066,0.007727,0.130635,0.000000,0.000000,0.000000,0.828230,-0.965408,-3.140000,-0.102039,-0.742548,-1.133386,3.023494,-0.083239,0.000000,0.000000,0.000000,0.000000,0.000000,0.000000
1778443149.711051,sequential_ik_elbow_then_wrist,0,0,-0.188141,0.102618,-0.209934,-0.400354,-0.048964,-0.061649,-0.075717,-0.103747,-0.271115,-0.268479,-0.148360,-0.496620,0.000294,0.189037,0.014743,0.434784,0.000003,0.017922,0.001198,0.133875,0.000000,0.000000,0.000000,0.870886,-0.923611,-3.140000,-0.125550,-0.714685,-1.133050,3.051456,-0.098949,0.000000,0.000000,0.000000,0.000000,0.000000,0.000000
1778443149.764964,sequential_ik_elbow_then_wrist,0,0,-0.188966,0.098480,-0.211172,-0.411871,-0.054719,-0.081389,-0.075610,-0.104736,-0.270765,-0.266762,-0.150682,-0.497369,0.000092,0.168598,0.008405,0.410607,0.000000,0.017181,0.000449,0.131074,0.000000,0.000000,0.000000,0.914132,-0.890057,-3.140000,-0.143418,-0.693440,-1.131622,3.072706,-0.109260,0.000000,0.000000,0.000000,0.000000,0.000000,0.000000
1778443149.817816,sequential_ik_elbow_then_wrist,0,0,-0.189046,0.097770,-0.211430,-0.409685,-0.052068,-0.074074,-0.073182,-0.104159,-0.271653,-0.265336,-0.151201,-0.497183,0.000023,0.166070,0.004196,0.407517,0.000002,0.017071,0.001370,0.130654,0.000000,0.000000,0.000000,0.952452,-0.864273,-3.140000,-0.156998,-0.676491,-1.131556,3.088857,-0.117874,0.000000,0.000000,0.000000,0.000000,0.000000,0.000000
1778443149.890931,sequential_ik_elbow_then_wrist,0,0,-0.169649,0.098199,-0.227103,-0.422493,-0.038928,-0.141861,-0.062676,-0.114146,-0.270263,-0.252353,-0.158469,-0.498426,0.000071,0.134380,0.005902,0.366579,0.000149,0.015577,0.011795,0.124787,0.000000,0.000000,0.000000,0.978290,-0.858776,-3.140000,-0.167318,-0.656380,-1.130103,3.101131,-0.119126,0.000000,0.000000,0.000000,0.000000,0.000000,0.000000
1778443149.931814,sequential_ik_elbow_then_wrist,0,0,-0.143352,0.096393,-0.245272,-0.396384,-0.020295,-0.356442,-0.050563,-0.127613,-0.266755,-0.233693,-0.160659,-0.502067,0.000221,0.062328,0.011347,0.249656,0.000508,0.015570,0.021710,0.124554,0.000000,0.000000,0.000000,0.989688,-0.876168,-3.140000,-0.175162,-0.627316,-1.124646,3.110460,-0.102106,0.000000,0.000000,0.000000,0.000000,0.000000,0.000000
1778443149.998137,sequential_ik_elbow_then_wrist,0,0,-0.136656,0.097656,-0.248573,-0.399498,-0.024114,-0.326586,-0.043347,-0.126793,-0.268411,-0.223097,-0.160720,-0.506191,0.000090,0.077010,0.008304,0.277507,0.000440,0.016655,0.020273,0.128969,0.000000,0.000000,0.000000,0.991255,-0.897903,-3.140000,-0.181123,-0.592249,-1.121637,3.117549,-0.078005,0.000000,0.000000,0.000000,0.000000,0.000000,0.000000
1778443153.441866,sequential_ik_elbow_then_wrist,0,0,-0.234647,0.081947,-0.168005,-0.470509,-0.026837,-0.017888,-0.051855,-0.079182,-0.284677,-0.260451,-0.113166,-0.497593,0.002289,0.088164,0.036055,0.277682,0.000268,0.033625,0.012263,0.183040,0.000000,0.000000,0.000000,1.026059,-0.846831,-2.386400,0.066716,-0.569594,-1.145035,3.122938,-0.086104,0.000000,0.000000,0.000000,0.000000,0.000000,0.000000
1778443153.501787,sequential_ik_elbow_then_wrist,0,0,-0.237251,0.084710,-0.162900,-0.471520,-0.025393,-0.011259,-0.051447,-0.080018,-0.284518,-0.259862,-0.119587,-0.496644,0.000235,0.044641,0.011311,0.208764,0.000046,0.031005,0.006277,0.175867,0.000000,0.000000,0.000000,1.066599,-0.787576,-1.813664,0.333153,-0.555019,-1.168306,3.127033,-0.113155,0.000000,0.000000,0.000000,0.000000,0.000000,0.000000
1778443153.561927,sequential_ik_elbow_then_wrist,0,0,-0.246496,0.085644,-0.148002,-0.474117,-0.023747,0.013931,-0.054540,-0.081055,-0.283647,-0.263658,-0.126262,-0.493946,0.000096,0.037001,0.006791,0.192206,0.000049,0.029928,0.006919,0.172997,0.000000,0.000000,0.000000,1.104076,-0.727015,-1.378385,0.553959,-0.546959,-1.185615,3.130145,-0.133998,0.000000,0.000000,0.000000,0.000000,0.000000,0.000000
1778443153.618851,sequential_ik_elbow_then_wrist,0,0,-0.246540,0.091505,-0.144378,-0.468067,-0.022711,0.022596,-0.060853,-0.081806,-0.282143,-0.278423,-0.128166,-0.483424,0.000012,0.037246,0.002358,0.192971,0.000108,0.033077,0.010160,0.181871,0.000000,0.000000,0.000000,1.131355,-0.674854,-1.047572,0.728582,-0.545365,-1.196066,3.132510,-0.149838,0.000000,0.000000,0.000000,0.000000,0.000000,0.000000
1778443153.678926,sequential_ik_elbow_then_wrist,0,0,-0.251751,0.093009,-0.134055,-0.466739,-0.025698,0.038249,-0.083852,-0.086770,-0.274663,-0.337274,-0.123686,-0.430915,0.000023,0.038276,0.003189,0.195639,0.000547,0.054340,0.022367,0.233109,0.000000,0.000000,0.000000,1.151948,-0.626618,-0.796155,0.864097,-0.555214,-1.191977,3.134308,-0.161877,0.000000,0.000000,0.000000,0.000000,0.000000,0.000000
1778443153.735267,sequential_ik_elbow_then_wrist,0,0,-0.256888,0.094907,-0.122479,-0.460100,-0.023838,0.063545,-0.092828,-0.088013,-0.271361,-0.359896,-0.115508,-0.405222,0.000030,0.036401,0.003660,0.190773,0.000536,0.061063,0.022337,0.247110,0.000000,0.000000,0.000000,1.167555,-0.580090,-0.605078,0.973388,-0.575202,-1.181165,3.135674,-0.171027,0.000000,0.000000,0.000000,0.000000,0.000000,0.000000
1778443153.798436,sequential_ik_elbow_then_wrist,0,0,-0.252834,0.097518,-0.128706,-0.457200,-0.020402,0.056576,-0.087109,-0.088959,-0.272944,-0.349185,-0.113812,-0.416814,0.000004,0.037015,0.001354,0.192389,0.000180,0.051241,0.013026,0.226364,0.000000,0.000000,0.000000,1.176994,-0.546702,-0.459859,1.058843,-0.597982,-1.172655,3.136712,-0.177980,0.000000,0.000000,0.000000,0.000000,0.000000,0.000000
1778443153.856719,sequential_ik_elbow_then_wrist,0,0,-0.247719,0.103733,-0.133696,-0.459191,-0.013694,0.043760,-0.077394,-0.090158,-0.275466,-0.329559,-0.116983,-0.435758,0.000017,0.039186,0.002990,0.197953,0.000017,0.040801,0.003842,0.201992,0.000000,0.000000,0.000000,1.178677,-0.525211,-0.349493,1.122163,-0.617360,-1.169530,3.137501,-0.183265,0.000000,0.000000,0.000000,0.000000,0.000000,0.000000
1778443153.933676,sequential_ik_elbow_then_wrist,0,0,-0.233410,0.113753,-0.150266,-0.461004,-0.009204,0.001664,-0.065249,-0.088760,-0.279042,-0.287369,-0.111178,-0.479441,0.000099,0.048238,0.007180,0.219612,0.000030,0.026985,0.004650,0.164272,0.000000,0.000000,0.000000,1.169043,-0.521408,-0.265615,1.163279,-0.629982,-1.173710,3.138101,-0.187281,0.000000,0.000000,0.000000,0.000000,0.000000,0.000000
1778443153.989507,sequential_ik_elbow_then_wrist,0,0,-0.222367,0.121557,-0.160552,-0.455886,0.008465,-0.009956,-0.048043,-0.093842,-0.280866,-0.260006,-0.117683,-0.491823,0.000086,0.048409,0.006904,0.220014,0.000310,0.021599,0.017102,0.146964,0.000000,0.000000,0.000000,1.150877,-0.528814,-0.201867,1.198396,-0.631204,-1.182382,3.138557,-0.190334,0.000000,0.000000,0.000000,0.000000,0.000000,0.000000
1778443154.050639,sequential_ik_elbow_then_wrist,0,0,-0.214054,0.124534,-0.169329,-0.458286,0.012999,-0.035497,-0.044988,-0.095212,-0.280911,-0.253957,-0.121542,-0.494543,0.000053,0.054135,0.005397,0.232665,0.000294,0.021862,0.016817,0.147857,0.000000,0.000000,0.000000,1.129378,-0.543259,-0.153419,1.221270,-0.624124,-1.190290,3.138903,-0.192654,0.000000,0.000000,0.000000,0.000000,0.000000,0.000000
1778443154.103067,sequential_ik_elbow_then_wrist,0,0,-0.205821,0.127497,-0.177150,-0.455135,0.020800,-0.048861,-0.042692,-0.095039,-0.281327,-0.244126,-0.129656,-0.500931,0.000044,0.056019,0.004967,0.236684,0.000249,0.020004,0.015491,0.141437,0.000000,0.000000,0.000000,1.106199,-0.562163,-0.116598,1.239002,-0.611463,-1.197210,3.139166,-0.194417,0.000000,0.000000,0.000000,0.000000,0.000000,0.000000
1778443154.167775,sequential_ik_elbow_then_wrist,0,0,-0.197809,0.128520,-0.185349,-0.452037,0.021755,-0.067155,-0.041580,-0.094790,-0.281578,-0.238153,-0.134497,-0.504697,0.000038,0.060483,0.004597,0.245934,0.000192,0.019490,0.013586,0.139607,0.000000,0.000000,0.000000,1.082958,-0.584685,-0.088615,1.252180,-0.595507,-1.202950,3.139366,-0.195173,0.000000,0.000000,0.000000,0.000000,0.000000,0.000000
1778443154.222749,sequential_ik_elbow_then_wrist,0,0,-0.196596,0.126839,-0.187782,-0.452746,0.019658,-0.074206,-0.040332,-0.095412,-0.281549,-0.233490,-0.140113,-0.506698,0.000006,0.062963,0.001755,0.250924,0.000162,0.019095,0.012488,0.138183,0.000000,0.000000,0.000000,1.063618,-0.605567,-0.067347,1.261979,-0.577567,-1.207278,3.139518,-0.194369,0.000000,0.000000,0.000000,0.000000,0.000000,0.000000
1778443154.288781,sequential_ik_elbow_then_wrist,0,0,-0.196875,0.126241,-0.187892,-0.451819,0.018745,-0.071926,-0.039718,-0.094670,-0.281887,-0.236111,-0.139445,-0.504204,0.000000,0.063012,0.000387,0.251020,0.000116,0.021374,0.010568,0.146197,0.000000,0.000000,0.000000,1.048665,-0.622384,-0.051184,1.272320,-0.559032,-1.211027,3.139634,-0.193754,0.000000,0.000000,0.000000,0.000000,0.000000,0.000000
1778443154.349225,sequential_ik_elbow_then_wrist,0,0,-0.192340,0.123827,-0.194093,-0.456646,0.012784,-0.105707,-0.038340,-0.095416,-0.281826,-0.223636,-0.144432,-0.512613,0.000008,0.069539,0.001935,0.263614,0.000107,0.018592,0.010136,0.136336,0.000000,0.000000,0.000000,1.036944,-0.640342,-0.038900,1.263655,-0.540253,-1.213843,3.139722,-0.187985,0.000000,0.000000,0.000000,0.000000,0.000000,0.000000
1778443154.402732,sequential_ik_elbow_then_wrist,0,0,-0.191631,0.121424,-0.196300,-0.457408,0.011465,-0.111023,-0.039319,-0.094139,-0.282120,-0.227971,-0.144183,-0.509949,0.000003,0.069081,0.001250,0.262813,0.000055,0.020700,0.007257,0.143876,0.000000,0.000000,0.000000,1.028901,-0.656969,-0.029564,1.249447,-0.522632,-1.216347,3.139789,-0.183562,0.000000,0.000000,0.000000,0.000000,0.000000,0.000000
1778443154.470810,sequential_ik_elbow_then_wrist,0,0,-0.191830,0.120609,-0.196608,-0.455559,0.011566,-0.104105,-0.043269,-0.091031,-0.282562,-0.237841,-0.144407,-0.504582,0.000001,0.067044,0.000674,0.258925,0.000004,0.023656,0.001973,0.153790,0.000000,0.000000,0.000000,1.023637,-0.670538,-0.022469,1.241673,-0.508344,-1.218981,3.139839,-0.185509,0.000000,0.000000,0.000000,0.000000,0.000000,0.000000
1778443154.528843,sequential_ik_elbow_then_wrist,0,0,-0.198697,0.120116,-0.189979,-0.445776,0.005557,-0.064168,-0.052351,-0.087450,-0.282156,-0.262712,-0.139135,-0.489705,0.000013,0.063223,0.002692,0.251200,0.000044,0.031470,0.006510,0.177395,0.000000,0.000000,0.000000,1.022496,-0.675722,-0.017076,1.262264,-0.500469,-1.220534,3.139878,-0.188987,0.000000,0.000000,0.000000,0.000000,0.000000,0.000000
1778443154.587087,sequential_ik_elbow_then_wrist,0,0,-0.200147,0.115755,-0.191160,-0.447750,-0.002415,-0.069799,-0.051983,-0.087927,-0.282076,-0.261576,-0.140143,-0.490269,0.000009,0.064183,0.002591,0.253334,0.000026,0.030067,0.004988,0.173399,0.000000,0.000000,0.000000,1.025557,-0.679437,-0.012978,1.283313,-0.496779,-1.221409,3.139907,-0.191630,0.000000,0.000000,0.000000,0.000000,0.000000,0.000000
1778443154.641116,sequential_ik_elbow_then_wrist,0,0,-0.199575,0.111623,-0.194191,-0.449263,-0.007868,-0.078530,-0.051822,-0.089177,-0.281713,-0.257799,-0.141777,-0.493388,0.000010,0.064189,0.002565,0.253353,0.000013,0.027833,0.003564,0.166832,0.000000,0.000000,0.000000,1.031495,-0.684648,-0.009863,1.296969,-0.495625,-1.221310,3.139929,-0.193639,0.000000,0.000000,0.000000,0.000000,0.000000,0.000000
1778443154.713511,sequential_ik_elbow_then_wrist,0,0,-0.198776,0.110863,-0.195442,-0.451627,-0.009039,-0.087322,-0.052746,-0.090178,-0.281222,-0.262741,-0.138970,-0.489840,0.000002,0.064133,0.001251,0.253231,0.000011,0.029428,0.003256,0.171545,0.000000,0.000000,0.000000,1.037654,-0.690160,-0.007496,1.300877,-0.496269,-1.220178,3.139946,-0.195166,0.000000,0.000000,0.000000,0.000000,0.000000,0.000000
1778443154.771421,sequential_ik_elbow_then_wrist,0,0,-0.190192,0.111821,-0.203281,-0.457702,-0.002672,-0.130274,-0.051615,-0.094004,-0.280177,-0.261972,-0.138764,-0.489334,0.000018,0.066711,0.003052,0.258030,0.000001,0.029191,0.000849,0.170852,0.000000,0.000000,0.000000,1.039905,-0.701181,-0.005697,1.276344,-0.496921,-1.217216,3.139959,-0.196326,0.000000,0.000000,0.000000,0.000000,0.000000,0.000000
1778443154.831142,sequential_ik_elbow_then_wrist,0,0,-0.186983,0.110788,-0.206793,-0.457281,-0.001144,-0.140386,-0.051148,-0.096585,-0.279384,-0.261974,-0.137778,-0.488800,0.000008,0.066700,0.001994,0.258207,0.000002,0.029624,0.001267,0.172116,0.000000,0.000000,0.000000,1.040135,-0.714086,-0.004330,1.244675,-0.496889,-1.213130,3.139969,-0.197208,0.000000,0.000000,0.000000,0.000000,0.000000,0.000000
1778443154.884249,sequential_ik_elbow_then_wrist,0,0,-0.184464,0.110273,-0.209316,-0.457010,0.000249,-0.149204,-0.050768,-0.097888,-0.278999,-0.261805,-0.139873,-0.488046,0.000004,0.158786,0.001467,0.387614,0.000003,0.029546,0.001690,0.171891,0.000000,0.000000,0.000000,1.039149,-0.727089,-0.756891,0.998799,-0.496038,-1.208962,3.139976,-0.197878,0.000000,0.000000,0.000000,0.000000,0.000000,0.000000
1778443154.946003,sequential_ik_elbow_then_wrist,0,0,-0.166789,0.109885,-0.223845,-0.444975,-0.000231,-0.245909,-0.049342,-0.099800,-0.278578,-0.259558,-0.133854,-0.489881,0.000087,0.084976,0.006925,0.288462,0.000010,0.030631,0.003099,0.175002,0.000000,0.000000,0.000000,1.032602,-0.750709,-1.328837,0.711087,-0.493826,-1.204867,3.139982,-0.192911,0.000000,0.000000,0.000000,0.000000,0.000000,0.000000
1778443155.015636,sequential_ik_elbow_then_wrist,0,0,-0.166308,0.109592,-0.224346,-0.445646,0.000222,-0.221365,-0.049840,-0.099803,-0.278488,-0.262654,-0.128964,-0.487915,0.000011,0.095097,0.002731,0.308378,0.000005,0.033093,0.002137,0.181907,0.000000,0.000000,0.000000,1.024813,-0.772237,-1.763516,0.492426,-0.491053,-1.201379,3.139986,-0.185446,0.000000,0.000000,0.000000,0.000000,0.000000,0.000000
1778443155.066448,sequential_ik_elbow_then_wrist,0,0,-0.171113,0.108889,-0.221051,-0.450324,0.000105,-0.206658,-0.053125,-0.099377,-0.278032,-0.275982,-0.123219,-0.477447,0.000002,0.099880,0.000917,0.316039,0.000001,0.039172,0.000846,0.197916,0.000000,0.000000,0.000000,1.019365,-0.786372,-2.093872,0.326244,-0.489351,-1.197878,3.139990,-0.182021,0.000000,0.000000,0.000000,0.000000,0.000000,0.000000
1778443155.125345,sequential_ik_elbow_then_wrist,0,0,-0.174375,0.110327,-0.217764,-0.448269,-0.000180,-0.165129,-0.052987,-0.096455,-0.279086,-0.274586,-0.122665,-0.479603,0.000004,0.114682,0.001372,0.338647,0.000004,0.038257,0.001738,0.195593,0.000000,0.000000,0.000000,1.015784,-0.793632,-2.344943,0.199945,-0.488895,-1.196780,3.139992,-0.181453,0.000000,0.000000,0.000000,0.000000,0.000000,0.000000
1778443155.193445,sequential_ik_elbow_then_wrist,0,0,-0.156347,0.115234,-0.228641,-0.432136,-0.000831,-0.206971,-0.045674,-0.097453,-0.280030,-0.250218,-0.124920,-0.497762,0.000086,0.106930,0.007705,0.327002,0.000021,0.029873,0.004386,0.172794,0.000000,0.000000,0.000000,1.005091,-0.808495,-2.535757,0.103959,-0.486391,-1.197958,3.139994,-0.171747,0.000000,0.000000,0.000000,0.000000,0.000000,0.000000
1778443155.251141,sequential_ik_elbow_then_wrist,0,0,-0.138572,0.114917,-0.239983,-0.409340,0.010883,-0.316543,-0.040103,-0.098855,-0.280392,-0.237229,-0.126715,-0.504814,0.000160,0.075029,0.010572,0.273915,0.000070,0.026742,0.008159,0.163503,0.000000,0.000000,0.000000,0.987199,-0.833231,-2.680775,0.031008,-0.480499,-1.200088,3.139995,-0.157148,0.000000,0.000000,0.000000,0.000000,0.000000,0.000000
1778443155.320251,sequential_ik_elbow_then_wrist,0,0,-0.126932,0.111185,-0.248045,-0.385630,0.020039,-0.369567,-0.036126,-0.099624,-0.280660,-0.231189,-0.124108,-0.507268,0.000116,0.062877,0.009081,0.250752,0.000103,0.026859,0.009945,0.163865,0.000000,0.000000,0.000000,0.966047,-0.863620,-2.790989,-0.024434,-0.471216,-1.202559,3.139997,-0.139616,0.000000,0.000000,0.000000,0.000000,0.000000,0.000000
1778443155.368774,sequential_ik_elbow_then_wrist,0,0,-0.128590,0.106205,-0.249370,-0.393346,0.015205,-0.357180,-0.036458,-0.100570,-0.280279,-0.235128,-0.121172,-0.504122,0.000009,0.070062,0.002416,0.264693,0.000071,0.029971,0.008272,0.173112,0.000000,0.000000,0.000000,0.948261,-0.890697,-2.874752,-0.066569,-0.460156,-1.203874,3.139997,-0.122182,0.000000,0.000000,0.000000,0.000000,0.000000,0.000000
1778443160.020909,sequential_ik_elbow_then_wrist,0,0,-0.261126,0.083836,-0.121594,-0.490537,-0.033139,0.032313,-0.178120,-0.084816,-0.226007,-0.462329,-0.078725,-0.130152,0.005297,0.092333,0.054655,0.285230,0.009304,0.210645,0.090688,0.458768,0.000000,0.000000,0.000000,0.991598,-0.810921,-2.184811,0.152849,-0.512557,-1.154629,3.139998,-0.140859,0.000000,0.000000,0.000000,0.000000,0.000000,0.000000
1778443160.083629,sequential_ik_elbow_then_wrist,0,0,-0.250540,0.093086,-0.136253,-0.495701,-0.026194,-0.011081,-0.142776,-0.069796,-0.254447,-0.442526,-0.060156,-0.246899,0.000168,0.049950,0.009386,0.222805,0.002287,0.118687,0.045328,0.344510,0.000000,0.000000,0.000000,1.038761,-0.734299,-1.660457,0.361718,-0.588206,-1.124454,3.139998,-0.155053,0.000000,0.000000,0.000000,0.000000,0.000000,0.000000
1778443160.147574,sequential_ik_elbow_then_wrist,0,0,-0.225833,0.109715,-0.164202,-0.471582,-0.012480,-0.043059,-0.120392,-0.062824,-0.267505,-0.419651,-0.062688,-0.288581,0.000138,0.052171,0.008411,0.228237,0.000764,0.090801,0.025890,0.301332,0.000000,0.000000,0.000000,1.063565,-0.692316,-1.261947,0.541812,-0.663488,-1.116520,3.139999,-0.165840,0.000000,0.000000,0.000000,0.000000,0.000000,0.000000
1778443160.201768,sequential_ik_elbow_then_wrist,0,0,-0.246169,0.093675,-0.143617,-0.478545,-0.014630,0.012176,-0.153129,-0.051933,-0.252694,-0.448952,-0.049067,-0.202887,0.000088,0.041308,0.006890,0.203024,0.001548,0.117820,0.037240,0.343249,0.000000,0.000000,0.000000,1.093031,-0.649320,-0.959080,0.701376,-0.747945,-1.096925,3.139999,-0.174038,0.000000,0.000000,0.000000,0.000000,0.000000,0.000000
1778443160.269966,sequential_ik_elbow_then_wrist,0,0,-0.258501,0.100328,-0.114506,-0.518827,-0.008547,-0.012641,-0.236623,-0.059550,-0.174538,-0.487036,-0.013591,-0.015852,0.000160,0.044558,0.008429,0.210080,0.003250,0.059849,0.044649,0.216757,0.000000,0.000000,0.000000,1.117856,-0.594154,-0.728901,0.773171,-0.853640,-1.007785,2.386399,0.091955,0.000000,0.000000,0.000000,0.000000,0.000000,0.000000
1778443160.327727,sequential_ik_elbow_then_wrist,0,0,-0.281633,0.083003,-0.061591,-0.535357,-0.020464,0.060550,-0.273299,-0.062864,-0.106564,-0.492979,-0.017311,0.092599,0.000569,0.035684,0.016050,0.188474,0.001707,0.014746,0.028605,0.118665,0.000000,0.000000,0.000000,1.152480,-0.512945,-0.553964,0.797224,-0.960121,-0.873440,1.813663,0.355988,0.000000,0.000000,0.000000,0.000000,0.000000,0.000000
1778443160.389297,sequential_ik_elbow_then_wrist,0,0,-0.268010,0.095259,-0.095374,-0.539897,0.002438,-0.008992,-0.264737,-0.057293,-0.128964,-0.483951,0.010295,0.064368,0.000061,0.034511,0.005241,0.185151,0.000042,0.015136,0.004842,0.123011,0.000000,0.000000,0.000000,1.172959,-0.463769,-0.421013,0.779080,-1.051249,-0.770694,1.378384,0.561587,0.000000,0.000000,0.000000,0.000000,0.000000,0.000000
1778443160.444116,sequential_ik_elbow_then_wrist,1,0,-0.278453,0.089801,-0.066331,-0.523396,-0.005472,0.078327,-0.281479,-0.063559,-0.082035,-0.454580,0.001757,0.154122,0.000082,0.030783,0.006041,0.175092,0.000303,0.010749,0.011596,0.103354,0.000000,0.000000,0.000000,1.192317,-0.410649,-0.319970,0.792156,-1.122082,-0.661464,1.047572,0.737432,0.000000,0.000000,0.000000,0.000000,0.000000,0.000000
1778443160.505158,sequential_ik_elbow_then_wrist,0,0,-0.269442,0.091620,-0.094904,-0.561573,0.027182,-0.117428,-0.270983,-0.095744,-0.086032,-0.457131,-0.010449,0.133225,0.000069,0.037840,0.005510,0.180572,0.000152,0.017799,0.008703,0.133398,0.000000,0.000000,0.000000,1.205144,-0.384980,-0.996777,0.628465,-1.155380,-0.573952,0.796155,0.866080,0.000000,0.000000,0.000000,0.000000,0.000000,0.000000
1778443160.567445,sequential_ik_elbow_then_wrist,1,0,-0.259041,0.102141,-0.111647,-0.510947,0.084253,-0.273582,-0.269774,-0.108608,-0.073665,-0.446332,-0.011508,0.148594,0.000092,0.010993,0.006555,0.104144,0.000083,0.023551,0.006280,0.153446,0.000000,0.000000,0.000000,1.206061,-0.379856,-1.511151,0.533121,-1.167598,-0.498449,0.605078,0.969117,0.000000,0.000000,0.000000,0.000000,0.000000,0.000000
1778443160.627673,sequential_ik_elbow_then_wrist,0,0,-0.194091,0.131654,-0.187072,-0.394028,0.174454,-0.406602,-0.260405,-0.137962,-0.056174,-0.421644,-0.012521,0.163523,0.001645,0.001709,0.029022,0.040893,0.000217,0.034100,0.010059,0.184530,0.000000,0.000000,0.000000,1.170888,-0.433751,-1.902074,0.475206,-1.154578,-0.427991,0.459859,1.064151,0.000000,0.000000,0.000000,0.000000,0.000000,0.000000
1778443160.689068,sequential_ik_elbow_then_wrist,1,0,-0.129804,0.138300,-0.232431,-0.294003,0.192827,-0.477513,-0.248318,-0.160597,-0.050465,-0.361091,-0.025821,0.192676,0.001931,0.000943,0.034566,0.030225,0.000161,0.031042,0.008613,0.175097,0.000000,0.000000,0.000000,1.107277,-0.528380,-2.199177,0.418125,-1.123381,-0.367855,0.349493,1.183347,0.000000,0.000000,0.000000,0.000000,0.000000,0.000000
1778443160.746553,sequential_ik_elbow_then_wrist,0,0,-0.111119,0.140370,-0.240726,-0.287295,0.193648,-0.477630,-0.245267,-0.165318,-0.050139,-0.350418,-0.019533,0.190049,0.000788,0.004081,0.024686,0.062723,0.000025,0.034808,0.003364,0.186278,0.000000,0.000000,0.000000,1.034080,-0.620573,-2.424974,0.345608,-1.091096,-0.320398,0.265615,1.298906,0.000000,0.000000,0.000000,0.000000,0.000000,0.000000
1778443160.800616,sequential_ik_elbow_then_wrist,0,0,-0.102920,0.140823,-0.244083,-0.278319,0.195174,-0.481319,-0.241201,-0.170206,-0.053405,-0.333864,-0.018980,0.188554,0.000374,0.006155,0.017734,0.078292,0.000012,0.034136,0.002373,0.184547,0.000000,0.000000,0.000000,0.961560,-0.698294,-2.596580,0.278315,-1.060607,-0.285973,0.201867,1.407930,0.000000,0.000000,0.000000,0.000000,0.000000,0.000000
1778443160.867111,sequential_ik_elbow_then_wrist,0,0,-0.099117,0.140332,-0.245933,-0.273073,0.191388,-0.484957,-0.236169,-0.175366,-0.058915,-0.344791,-0.020231,0.173752,0.000171,0.008480,0.012127,0.092085,0.000016,0.039727,0.002670,0.199306,0.000000,0.000000,0.000000,0.895254,-0.760750,-2.727001,0.225753,-1.031606,-0.263647,0.153419,1.495483,0.000000,0.000000,0.000000,0.000000,0.000000,0.000000
1778443160.919214,sequential_ik_elbow_then_wrist,0,0,-0.090844,0.139346,-0.249660,-0.262019,0.186509,-0.491476,-0.234719,-0.174702,-0.066229,-0.349532,-0.025780,0.167523,0.000146,0.009914,0.011183,0.099562,0.000010,0.039764,0.002130,0.199409,0.000000,0.000000,0.000000,0.835016,-0.813027,-2.826121,0.188161,-1.007964,-0.252167,0.116598,1.562074,0.000000,0.000000,0.000000,0.000000,0.000000,0.000000
1778443160.990374,sequential_ik_elbow_then_wrist,0,0,-0.082296,0.129030,-0.258028,-0.273132,0.163998,-0.486849,-0.237178,-0.164978,-0.080802,-0.334835,-0.011673,0.157863,0.000101,0.017347,0.008628,0.131652,0.000044,0.038077,0.004463,0.195010,0.000000,0.000000,0.000000,0.782947,-0.863422,-2.901452,0.150332,-0.995384,-0.253976,0.088615,1.629242,0.000000,0.000000,0.000000,0.000000,0.000000,0.000000
1778443161.044275,sequential_ik_elbow_then_wrist,0,0,-0.078244,0.120796,-0.263223,-0.276455,0.129696,-0.488241,-0.220899,-0.148223,-0.138686,-0.387940,0.040820,0.023671,0.000044,0.025640,0.005395,0.160124,0.000527,0.085854,0.015320,0.293008,0.000000,0.000000,0.000000,0.740162,-0.910546,-2.958703,0.122324,-0.989948,-0.296196,0.067347,1.679347,0.000000,0.000000,0.000000,0.000000,0.000000,0.000000
1778443161.115662,sequential_ik_elbow_then_wrist,0,0,-0.083081,0.128338,-0.258122,-0.266285,0.135973,-0.495562,-0.234960,-0.137834,-0.125680,-0.366846,0.025892,0.088330,0.000017,0.022375,0.003514,0.149518,0.000052,0.052893,0.005362,0.229969,0.000000,0.000000,0.000000,0.705296,-0.941996,-3.002215,0.111558,-0.997302,-0.328763,0.051184,1.723892,0.000000,0.000000,0.000000,0.000000,0.000000,0.000000
1778443161.173247,sequential_ik_elbow_then_wrist,0,0,-0.070624,0.128902,-0.261527,-0.212014,0.124258,-0.526078,-0.173739,-0.103768,-0.221466,-0.382942,0.101775,-0.284604,0.000101,0.013610,0.009529,0.115907,0.001704,0.156797,0.027648,0.392839,0.000000,0.000000,0.000000,0.671767,-0.969294,-3.035283,0.135175,-1.004481,-0.427053,0.792500,1.638363,0.000000,0.000000,0.000000,0.000000,0.000000,0.000000
1778443161.235587,sequential_ik_elbow_then_wrist,0,0,-0.086917,0.134980,-0.253428,-0.221776,0.136417,-0.521404,-0.209783,-0.105162,-0.186901,-0.397194,0.061928,-0.022710,0.000027,0.013450,0.003474,0.115877,0.000124,0.298721,0.008781,0.546553,0.000000,0.000000,0.000000,0.646825,-0.980858,-3.060415,0.164599,-1.021201,-0.489689,1.355900,1.574354,0.000000,0.000000,0.000000,0.000000,0.000000,0.000000
1778443161.288059,sequential_ik_elbow_then_wrist,0,0,-0.136680,0.144170,-0.224797,-0.380141,0.126456,-0.399190,-0.229354,-0.087288,-0.172562,-0.365676,0.047621,0.058124,0.000812,0.058021,0.023977,0.240117,0.000279,0.319915,0.013313,0.564596,0.000000,0.000000,0.000000,0.648560,-0.958990,-3.079516,0.141127,-1.053882,-0.523637,1.784084,1.606992,0.000000,0.000000,0.000000,0.000000,0.000000,0.000000
1778443161.357653,sequential_ik_elbow_then_wrist,0,0,-0.173165,0.156451,-0.188512,-0.463972,0.115096,-0.249512,-0.240891,-0.081651,-0.159075,-0.387014,0.023061,0.081099,0.000919,0.084323,0.023649,0.289156,0.000146,0.025811,0.009147,0.160635,0.000000,0.000000,0.000000,0.674579,-0.904121,-3.094032,0.059256,-1.092294,-0.536164,1.355904,1.638461,0.000000,0.000000,0.000000,0.000000,0.000000,0.000000
1778443161.424902,sequential_ik_elbow_then_wrist,0,0,-0.246826,0.146023,-0.088058,-0.482369,0.091230,0.089474,-0.261919,-0.085722,-0.118532,-0.390481,-0.027694,0.146241,0.002970,0.070459,0.038719,0.245364,0.000326,0.010057,0.012142,0.100013,0.000000,0.000000,0.000000,0.741886,-0.783596,-2.351464,0.240083,-1.128328,-0.514319,1.030487,1.644751,0.000000,0.000000,0.000000,0.000000,0.000000,0.000000
1778443161.476365,sequential_ik_elbow_then_wrist,0,0,-0.216678,0.175380,-0.110870,-0.500339,0.102681,-0.045667,-0.258134,-0.103096,-0.112862,-0.398636,-0.072004,0.150372,0.000053,0.063268,0.005264,0.251489,0.000068,0.005856,0.005759,0.075947,0.000000,0.000000,0.000000,0.781826,-0.687700,-1.787113,0.366606,-1.146820,-0.486737,0.783170,1.627024,0.000000,0.000000,0.000000,0.000000,0.000000,0.000000
1778443161.534139,sequential_ik_elbow_then_wrist,0,0,-0.121040,0.195694,-0.192492,-0.370960,0.128130,-0.344068,-0.256857,-0.103267,-0.115588,-0.398962,-0.038882,0.140655,0.002477,0.055380,0.037141,0.234442,0.000003,0.012768,0.001337,0.112993,0.000000,0.000000,0.000000,0.759075,-0.673981,-2.111806,0.413783,-1.157966,-0.465061,0.595209,1.612875,0.000000,0.000000,0.000000,0.000000,0.000000,0.000000
1778443161.589807,sequential_ik_elbow_then_wrist,0,0,-0.169781,0.206361,-0.136343,-0.464298,0.149551,-0.141989,-0.251827,-0.130988,-0.097085,-0.391283,-0.072596,0.162034,0.000269,0.108823,0.010914,0.325363,0.000164,0.011486,0.009056,0.107163,0.000000,0.000000,0.000000,0.742017,-0.634186,-2.358572,0.319037,-1.148504,-0.436286,0.452359,1.598618,0.000000,0.000000,0.000000,0.000000,0.000000,0.000000
1778443161.650172,sequential_ik_elbow_then_wrist,0,0,-0.162533,0.197889,-0.156278,-0.454843,0.153711,-0.207299,-0.233845,-0.126809,-0.138694,-0.414671,-0.005885,0.067895,0.000017,0.084887,0.002730,0.291110,0.000218,0.041294,0.009944,0.203210,0.000000,0.000000,0.000000,0.728990,-0.611302,-2.546115,0.218426,-1.133780,-0.439492,0.343793,1.587979,0.000000,0.000000,0.000000,0.000000,0.000000,0.000000
1778443161.714424,sequential_ik_elbow_then_wrist,0,0,-0.077660,0.193287,-0.215891,-0.234067,0.155874,-0.469144,-0.179123,-0.095820,-0.220757,-0.407061,0.006759,-0.386653,0.001838,0.024272,0.033296,0.144366,0.001525,0.067198,0.026137,0.244282,0.000000,0.000000,0.000000,0.678176,-0.644170,-2.688647,0.282525,-1.121571,-0.511569,1.014883,1.371717,0.000000,0.000000,0.000000,0.000000,0.000000,0.000000
1778443161.775684,sequential_ik_elbow_then_wrist,0,0,-0.106923,0.170512,-0.222470,-0.295003,0.125951,-0.451905,-0.156316,-0.093750,-0.238277,-0.401674,-0.040580,-0.402510,0.000103,0.039099,0.007303,0.197711,0.000370,0.036152,0.013249,0.181766,0.000000,0.000000,0.000000,0.644828,-0.685312,-2.796972,0.338628,-1.106437,-0.599320,1.524911,1.073441,0.000000,0.000000,0.000000,0.000000,0.000000,0.000000
1778443161.837113,sequential_ik_elbow_then_wrist,0,0,-0.058451,0.139960,-0.258833,-0.255776,0.090136,-0.479243,-0.114499,-0.091916,-0.261613,-0.303581,-0.149571,-0.487276,0.000763,0.038661,0.020676,0.196534,0.000641,0.002061,0.020122,0.041597,0.000000,0.000000,0.000000,0.606705,-0.758641,-2.879299,0.366963,-1.081322,-0.700293,1.912532,0.803128,0.000000,0.000000,0.000000,0.000000,0.000000,0.000000
1778443161.890535,sequential_ik_elbow_then_wrist,0,0,-0.098415,0.127200,-0.253248,-0.325391,0.040228,-0.429082,-0.113057,-0.107847,-0.256100,-0.351760,-0.182600,-0.421728,0.000357,0.080223,0.017787,0.283132,0.000437,0.008153,0.019847,0.089087,0.000000,0.000000,0.000000,0.592585,-0.817701,-2.941867,0.369941,-1.046510,-0.778484,2.207124,0.562377,0.000000,0.000000,0.000000,0.000000,0.000000,0.000000
1778443161.951519,sequential_ik_elbow_then_wrist,0,0,-0.068956,0.119176,-0.266538,-0.241377,0.047083,-0.501215,-0.075406,-0.113800,-0.267139,-0.246165,-0.230115,-0.484653,0.000091,0.037089,0.006532,0.192574,0.001334,0.000418,0.034491,0.020443,0.000000,0.000000,0.000000,0.580190,-0.879116,-2.989419,0.376985,-0.996306,-0.854253,2.431015,0.379407,0.000000,0.000000,0.000000,0.000000,0.000000,0.000000
1778443162.014407,sequential_ik_elbow_then_wrist,0,0,-0.090153,0.113430,-0.262690,-0.268596,0.036892,-0.491382,-0.066100,-0.109770,-0.271259,-0.258459,-0.201050,-0.482602,0.000191,0.046548,0.013247,0.215728,0.000871,0.003410,0.028366,0.058391,0.000000,0.000000,0.000000,0.580163,-0.924950,-3.025558,0.374818,-0.940561,-0.920515,2.601171,0.240349,0.000000,0.000000,0.000000,0.000000,0.000000,0.000000
1778443162.094124,sequential_ik_elbow_then_wrist,0,0,-0.116644,0.106420,-0.255086,-0.293791,0.027586,-0.484005,-0.067610,-0.099325,-0.274888,-0.265768,-0.204197,-0.474225,0.000794,0.050699,0.026698,0.225141,0.000263,0.007219,0.015601,0.084963,0.000000,0.000000,0.000000,0.600090,-0.951478,-3.053024,0.365344,-0.889237,-0.976802,2.730490,0.134665,0.000000,0.000000,0.000000,0.000000,0.000000,0.000000
1778443162.136418,sequential_ik_elbow_then_wrist,0,0,-0.125841,0.100877,-0.252958,-0.307474,0.023946,-0.478992,-0.071326,-0.096222,-0.275052,-0.267291,-0.176658,-0.487486,0.000665,0.048470,0.024408,0.220101,0.000073,0.009192,0.008309,0.095872,0.000000,0.000000,0.000000,0.634622,-0.966999,-3.073899,0.345890,-0.845558,-1.020710,2.828772,0.054346,0.000000,0.000000,0.000000,0.000000,0.000000,0.000000
1778443162.202616,sequential_ik_elbow_then_wrist,0,0,-0.115844,0.099198,-0.258341,-0.306253,0.022865,-0.477241,-0.063644,-0.101994,-0.274858,-0.247961,-0.159467,-0.504475,0.000167,0.044861,0.012159,0.211708,0.000207,0.009280,0.014007,0.096331,0.000000,0.000000,0.000000,0.670334,-0.983088,-3.089763,0.315887,-0.804532,-1.054396,2.903467,-0.006554,0.000000,0.000000,0.000000,0.000000,0.000000,0.000000
1778443162.267370,sequential_ik_elbow_then_wrist,0,0,-0.108658,0.099702,-0.261253,-0.296481,0.024645,-0.482812,-0.053993,-0.107059,-0.274997,-0.234727,-0.151389,-0.510305,0.000028,0.039914,0.004795,0.199756,0.000398,0.010821,0.019428,0.103923,0.000000,0.000000,0.000000,0.700885,-0.999599,-3.101820,0.284934,-0.762588,-1.080801,2.960235,-0.041706,0.000000,0.000000,0.000000,0.000000,0.000000,0.000000
1778443162.313434,sequential_ik_elbow_then_wrist,0,0,-0.098963,0.103040,-0.263797,-0.288918,0.035986,-0.486105,-0.040856,-0.098760,-0.280316,-0.228140,-0.131110,-0.512433,0.000017,0.035507,0.003591,0.188398,0.000467,0.015056,0.020823,0.122694,0.000000,0.000000,0.000000,0.721767,-1.016348,-3.110983,0.252597,-0.720207,-1.109987,3.003379,-0.064701,0.000000,0.000000,0.000000,0.000000,0.000000,0.000000
1778443162.370768,sequential_ik_elbow_then_wrist,1,0,-0.089153,0.104848,-0.266568,-0.268174,0.039322,-0.498210,-0.044666,-0.100096,-0.279259,-0.226720,-0.129349,-0.515904,0.000080,0.030772,0.008389,0.175415,0.000229,0.016709,0.014833,0.129239,0.000000,0.000000,0.000000,0.731993,-1.033840,-3.117947,0.231434,-0.680652,-1.131796,3.036168,-0.076016,0.000000,0.000000,0.000000,0.000000,0.000000,0.000000
1778443162.434886,sequential_ik_elbow_then_wrist,1,0,-0.093374,0.105442,-0.264883,-0.275043,0.043912,-0.495557,-0.044679,-0.097798,-0.280070,-0.231820,-0.118288,-0.513647,0.000018,0.032252,0.004008,0.179587,0.000130,0.021200,0.011166,0.145585,0.000000,0.000000,0.000000,0.737040,-1.045853,-3.123240,0.213709,-0.645101,-1.149382,3.061087,-0.079357,0.000000,0.000000,0.000000,0.000000,0.000000,0.000000
1778443162.503743,sequential_ik_elbow_then_wrist,1,0,-0.087159,0.105499,-0.266971,-0.267476,0.048759,-0.499922,-0.045971,-0.099508,-0.279257,-0.231283,-0.115146,-0.514661,0.000043,0.030305,0.006247,0.174084,0.000083,0.022783,0.008924,0.150909,0.000000,0.000000,0.000000,0.736709,-1.057530,-3.127262,0.199681,-0.613666,-1.161450,3.080026,-0.074706,0.000000,0.000000,0.000000,0.000000,0.000000,0.000000
1778443162.565888,sequential_ik_elbow_then_wrist,1,0,-0.087277,0.104760,-0.267223,-0.268704,0.050329,-0.499864,-0.044626,-0.098217,-0.279932,-0.229452,-0.110000,-0.515941,0.000018,0.031092,0.004075,0.176328,0.000062,0.024180,0.007734,0.155481,0.000000,0.000000,0.000000,0.733758,-1.067274,-3.130319,0.187411,-0.585951,-1.171415,3.094420,-0.065305,0.000000,0.000000,0.000000,0.000000,0.000000,0.000000
1778443162.647381,sequential_ik_elbow_then_wrist,1,0,-0.087033,0.104278,-0.267491,-0.269642,0.050959,-0.499463,-0.041429,-0.099956,-0.279808,-0.225700,-0.111560,-0.516260,0.000009,0.031823,0.002865,0.178388,0.000090,0.024215,0.009311,0.155604,0.000000,0.000000,0.000000,0.729627,-1.075222,-3.132643,0.176837,-0.560299,-1.179041,3.105359,-0.054511,0.000000,0.000000,0.000000,0.000000,0.000000,0.000000
1778443162.682085,sequential_ik_elbow_then_wrist,1,0,-0.088283,0.103960,-0.267205,-0.273171,0.055799,-0.498499,-0.037087,-0.096318,-0.281687,-0.219968,-0.102738,-0.519412,0.000002,0.031809,0.001246,0.178346,0.000098,0.025164,0.009610,0.158619,0.000000,0.000000,0.000000,0.725668,-1.080980,-3.134408,0.165128,-0.536245,-1.188161,3.113673,-0.041285,0.000000,0.000000,0.000000,0.000000,0.000000,0.000000
1778443162.747299,sequential_ik_elbow_then_wrist,0,0,-0.090412,0.104341,-0.266343,-0.278385,0.056854,-0.495278,-0.036679,-0.096330,-0.281736,-0.220051,-0.101973,-0.519102,0.000000,0.033053,0.000465,0.181803,0.000071,0.026339,0.008258,0.162290,0.000000,0.000000,0.000000,0.722716,-1.084125,-3.135750,0.153568,-0.514099,-1.195870,3.119992,-0.029115,0.000000,0.000000,0.000000,0.000000,0.000000,0.000000
1778443162.796435,sequential_ik_elbow_then_wrist,0,0,-0.092194,0.104376,-0.265718,-0.287854,0.055667,-0.487854,-0.041926,-0.098358,-0.280300,-0.224668,-0.106241,-0.518088,0.000001,0.036167,0.001095,0.190166,0.000016,0.027439,0.003738,0.165647,0.000000,0.000000,0.000000,0.721158,-1.085402,-3.136770,0.140103,-0.495539,-1.199197,3.124794,-0.018542,0.000000,0.000000,0.000000,0.000000,0.000000,0.000000
1778443162.862775,sequential_ik_elbow_then_wrist,0,0,-0.092741,0.105626,-0.265032,-0.289042,0.057680,-0.486769,-0.043033,-0.098306,-0.280150,-0.227361,-0.105763,-0.516725,0.000001,0.035891,0.000611,0.189448,0.000005,0.028673,0.002152,0.169330,0.000000,0.000000,0.000000,0.720270,-1.085209,-3.137545,0.128391,-0.480397,-1.200860,3.128443,-0.009091,0.000000,0.000000,0.000000,0.000000,0.000000,0.000000
1778443164.971409,sequential_ik_elbow_then_wrist,0,0,-0.114866,0.144963,-0.236203,-0.312437,0.174333,-0.460039,-0.228382,-0.133071,-0.141894,-0.406127,-0.035059,0.079014,0.000369,0.017271,0.013332,0.131203,0.012170,0.125306,0.092280,0.329029,0.000000,0.000000,0.000000,0.715014,-1.052173,-3.138135,0.101384,-0.549775,-1.081683,2.377617,0.311440,0.000000,0.000000,0.000000,0.000000,0.000000,0.000000
1778443165.036011,sequential_ik_elbow_then_wrist,0,0,-0.118079,0.153101,-0.229385,-0.318676,0.188431,-0.449640,-0.233069,-0.139092,-0.127797,-0.398631,-0.033957,0.099218,0.000086,0.017793,0.006868,0.133359,0.001602,0.045858,0.029737,0.211886,0.000000,0.000000,0.000000,0.706497,-1.012833,-3.138582,0.087778,-0.645369,-0.943161,1.806989,0.629469,0.000000,0.000000,0.000000,0.000000,0.000000,0.000000
1778443165.105756,sequential_ik_elbow_then_wrist,0,0,-0.113528,0.160943,-0.226293,-0.302952,0.196427,-0.456205,-0.219981,-0.164183,-0.121047,-0.367647,-0.049121,0.113380,0.000067,0.016067,0.007118,0.126536,0.000089,0.035161,0.006304,0.187198,0.000000,0.000000,0.000000,0.692572,-0.976796,-3.138923,0.095298,-0.714891,-0.821383,1.373311,0.897208,0.000000,0.000000,0.000000,0.000000,0.000000,0.000000
1778443165.156141,sequential_ik_elbow_then_wrist,0,0,-0.108120,0.160110,-0.229509,-0.287655,0.196005,-0.467162,-0.208753,-0.173809,-0.127329,-0.351520,-0.051642,0.106535,0.000038,0.015013,0.005594,0.122408,0.000039,0.036614,0.004667,0.191175,0.000000,0.000000,0.000000,0.675817,-0.951027,-3.139181,0.113902,-0.757796,-0.729340,1.043717,1.120210,0.000000,0.000000,0.000000,0.000000,0.000000,0.000000
1778443165.211097,sequential_ik_elbow_then_wrist,0,0,-0.101099,0.161490,-0.231732,-0.270201,0.196120,-0.477100,-0.202345,-0.188396,-0.116462,-0.348092,-0.071357,0.118186,0.000053,0.013724,0.006543,0.117075,0.000076,0.035615,0.006322,0.188713,0.000000,0.000000,0.000000,0.656031,-0.933980,-3.139378,0.138151,-0.777938,-0.652178,0.793225,1.292926,0.000000,0.000000,0.000000,0.000000,0.000000,0.000000
1778443165.278406,sequential_ik_elbow_then_wrist,0,0,-0.092697,0.154956,-0.239574,-0.264438,0.186123,-0.483570,-0.197276,-0.185465,-0.129171,-0.355083,-0.075413,0.101015,0.000058,0.015710,0.006328,0.125338,0.000022,0.039293,0.003257,0.198224,0.000000,0.000000,0.000000,0.635322,-0.929404,-3.139527,0.156468,-0.788922,-0.600442,0.602851,1.423230,0.000000,0.000000,0.000000,0.000000,0.000000,0.000000
1778443165.343234,sequential_ik_elbow_then_wrist,0,0,-0.091500,0.152565,-0.241561,-0.270584,0.183076,-0.480304,-0.197225,-0.181728,-0.134452,-0.357240,-0.078550,0.097388,0.000016,0.018674,0.003363,0.136625,0.000008,0.038309,0.001940,0.195725,0.000000,0.000000,0.000000,0.616597,-0.929852,-3.139641,0.163885,-0.797701,-0.566326,0.458167,1.521051,0.000000,0.000000,0.000000,0.000000,0.000000,0.000000
1778443165.394608,sequential_ik_elbow_then_wrist,0,0,-0.106085,0.148198,-0.238293,-0.313192,0.168401,-0.454391,-0.208506,-0.159717,-0.144968,-0.374525,-0.071020,0.088636,0.000054,0.030599,0.006717,0.174816,0.000119,0.036226,0.008138,0.190276,0.000000,0.000000,0.000000,0.608960,-0.927804,-3.139727,0.154639,-0.819492,-0.549001,0.348207,1.584291,0.000000,0.000000,0.000000,0.000000,0.000000,0.000000
1778443165.464210,sequential_ik_elbow_then_wrist,0,0,-0.141667,0.139258,-0.224806,-0.377101,0.141538,-0.410724,-0.223568,-0.111469,-0.166109,-0.453053,-0.036802,0.012110,0.000636,0.045212,0.022582,0.212454,0.000654,0.046354,0.019774,0.213738,0.000000,0.000000,0.000000,0.626829,-0.913467,-3.139792,0.126762,-0.870713,-0.553526,0.264637,1.570232,0.000000,0.000000,0.000000,0.000000,0.000000,0.000000
1778443165.516038,sequential_ik_elbow_then_wrist,0,0,-0.133748,0.126918,-0.236650,-0.362640,0.097723,-0.428369,-0.160178,-0.089145,-0.237479,-0.453430,-0.035937,-0.271719,0.000222,0.045143,0.013346,0.212452,0.001288,0.122375,0.024055,0.333077,0.000000,0.000000,0.000000,0.654158,-0.910479,-3.139842,0.111941,-0.913221,-0.620792,0.954724,1.302906,0.000000,0.000000,0.000000,0.000000,0.000000,0.000000
1778443165.593629,sequential_ik_elbow_then_wrist,0,0,-0.134711,0.108973,-0.244904,-0.362593,0.063165,-0.434565,-0.134417,-0.074786,-0.257564,-0.415177,-0.054764,-0.361356,0.000304,0.047484,0.015715,0.217899,0.000424,0.039604,0.013746,0.187872,0.000000,0.000000,0.000000,0.689715,-0.918707,-3.139880,0.095744,-0.946896,-0.708655,1.479190,0.942208,0.000000,0.000000,0.000000,0.000000,0.000000,0.000000
1778443165.639026,sequential_ik_elbow_then_wrist,0,0,-0.128271,0.097418,-0.253094,-0.352529,0.055172,-0.447834,-0.155412,-0.080669,-0.243597,-0.452754,-0.056986,-0.211551,0.000203,0.040718,0.012717,0.201726,0.000035,0.086726,0.004870,0.294493,0.000000,0.000000,0.000000,0.727308,-0.936256,-3.139909,0.071549,-0.976175,-0.768186,1.877785,0.668078,0.000000,0.000000,0.000000,0.000000,0.000000,0.000000
1778443165.704902,sequential_ik_elbow_then_wrist,0,0,-0.134519,0.096399,-0.250223,-0.349718,0.049492,-0.453912,-0.133499,-0.079342,-0.256676,-0.421541,-0.099202,-0.338149,0.000129,0.036611,0.010669,0.191340,0.000066,0.034932,0.005913,0.186902,0.000000,0.000000,0.000000,0.765045,-0.948852,-3.139931,0.052377,-0.995515,-0.826409,2.180716,0.459740,0.000000,0.000000,0.000000,0.000000,0.000000,0.000000
1778443165.754052,sequential_ik_elbow_then_wrist,0,0,-0.146978,0.105423,-0.239340,-0.361776,0.074439,-0.446467,-0.205271,-0.038151,-0.215426,-0.456054,0.126206,-0.205716,0.000098,0.028476,0.008139,0.168749,0.002014,0.121927,0.039256,0.349181,0.000000,0.000000,0.000000,0.800082,-0.946472,-3.139947,0.036866,-1.047807,-0.834454,2.410944,0.301402,0.000000,0.000000,0.000000,0.000000,0.000000,0.000000
1778443165.816516,sequential_ik_elbow_then_wrist,0,0,-0.152366,0.109963,-0.233865,-0.368390,0.087768,-0.440845,-0.202061,-0.032604,-0.219336,-0.470117,0.102072,-0.216509,0.000037,0.024354,0.004766,0.156054,0.000522,0.081620,0.020433,0.285692,0.000000,0.000000,0.000000,0.830389,-0.936364,-3.139960,0.027119,-1.111205,-0.833965,2.585918,0.181066,0.000000,0.000000,0.000000,0.000000,0.000000,0.000000
1778443165.888118,sequential_ik_elbow_then_wrist,0,0,-0.156319,0.117484,-0.227512,-0.371943,0.107597,-0.435859,-0.237000,-0.016054,-0.183230,-0.453169,0.189254,-0.149768,0.000020,0.020008,0.002989,0.141442,0.000809,0.104633,0.022549,0.323470,0.000000,0.000000,0.000000,0.853414,-0.920623,-3.139970,0.023141,-1.186241,-0.801802,2.718897,0.089610,0.000000,0.000000,0.000000,0.000000,0.000000,0.000000
1778443165.942398,sequential_ik_elbow_then_wrist,1,0,-0.135978,0.109525,-0.243955,-0.334239,0.089406,-0.468205,-0.164348,-0.025238,-0.249705,-0.364879,-0.040805,-0.472293,0.000080,0.019055,0.006384,0.137923,0.000859,0.000564,0.019555,0.019091,0.000000,0.000000,0.000000,0.867513,-0.923273,-3.139977,0.033824,-1.242706,-0.829729,2.819962,0.053988,0.000000,0.000000,0.000000,0.000000,0.000000,0.000000
1778443165.997664,sequential_ik_elbow_then_wrist,1,0,-0.106581,0.101654,-0.261356,-0.276284,0.061659,-0.505490,-0.123300,-0.048478,-0.269160,-0.318051,-0.153712,-0.471639,0.000284,0.017877,0.013271,0.133500,0.000904,0.007418,0.024861,0.084961,0.000000,0.000000,0.000000,0.869894,-0.948832,-3.139982,0.059736,-1.269493,-0.888181,2.896771,-0.006969,0.000000,0.000000,0.000000,0.000000,0.000000,0.000000
1778443166.068851,sequential_ik_elbow_then_wrist,1,0,-0.114283,0.101930,-0.257972,-0.286164,0.048567,-0.497992,-0.103777,-0.064804,-0.273918,-0.305386,-0.170914,-0.469095,0.000014,0.023726,0.003595,0.154027,0.001146,0.009458,0.032093,0.097253,0.000000,0.000000,0.000000,0.868918,-0.969271,-3.139987,0.082166,-1.270440,-0.949722,2.955146,-0.053296,0.000000,0.000000,0.000000,0.000000,0.000000,0.000000
1778443166.131648,sequential_ik_elbow_then_wrist,0,0,-0.132091,0.100068,-0.250077,-0.385180,0.048599,-0.402709,-0.137994,-0.079624,-0.254200,-0.403367,-0.139506,-0.380656,0.000065,0.050101,0.006838,0.222087,0.000832,0.017138,0.026187,0.130913,0.000000,0.000000,0.000000,0.873122,-0.975922,-3.139990,0.032240,-1.253924,-0.973142,2.999511,-0.088505,0.000000,0.000000,0.000000,0.000000,0.000000,0.000000
1778443166.182156,sequential_ik_elbow_then_wrist,0,0,-0.147691,0.093328,-0.243880,-0.383633,0.037173,-0.420454,-0.110032,-0.094129,-0.262741,-0.376783,-0.155888,-0.385337,0.000209,0.043401,0.013191,0.208330,0.001274,0.017881,0.034127,0.133721,0.000000,0.000000,0.000000,0.887769,-0.972477,-3.139992,-0.006115,-1.217093,-0.997445,3.033228,-0.115264,0.000000,0.000000,0.000000,0.000000,0.000000,0.000000
1778443166.240734,sequential_ik_elbow_then_wrist,0,0,-0.122133,0.098258,-0.255791,-0.333841,0.039806,-0.460150,-0.071960,-0.093449,-0.275842,-0.289591,-0.148705,-0.474799,0.000057,0.032498,0.005798,0.180029,0.001834,0.004410,0.040690,0.066412,0.000000,0.000000,0.000000,0.895409,-0.980899,-3.139994,-0.012850,-1.165519,-1.037662,3.058854,-0.135601,0.000000,0.000000,0.000000,0.000000,0.000000,0.000000
1778443166.311671,sequential_ik_elbow_then_wrist,1,0,-0.100306,0.102752,-0.263402,-0.281655,0.051108,-0.496738,-0.070261,-0.105911,-0.271747,-0.270698,-0.149586,-0.490647,0.000276,0.022131,0.015115,0.148430,0.001726,0.003424,0.040472,0.058511,0.000000,0.000000,0.000000,0.890316,-0.999675,-3.139996,0.005993,-1.103890,-1.066831,3.078329,-0.151056,0.000000,0.000000,0.000000,0.000000,0.000000,0.000000
1778443166.367384,sequential_ik_elbow_then_wrist,1,0,-0.080554,0.109817,-0.267304,-0.254247,0.076336,-0.509605,-0.059373,-0.105802,-0.274374,-0.258319,-0.135448,-0.496952,0.000625,0.015983,0.023800,0.126415,0.001472,0.006562,0.037392,0.081007,0.000000,0.000000,0.000000,0.870351,-1.022854,-3.139997,0.024032,-1.036728,-1.092088,3.093130,-0.162803,0.000000,0.000000,0.000000,0.000000,0.000000,0.000000
1778443166.427361,sequential_ik_elbow_then_wrist,1,0,-0.089317,0.109194,-0.264762,-0.269594,0.077127,-0.502401,-0.056839,-0.110016,-0.273250,-0.253545,-0.136405,-0.498218,0.000164,0.021093,0.012289,0.145232,0.001166,0.009532,0.033278,0.097632,0.000000,0.000000,0.000000,0.846869,-1.038064,-3.139997,0.036326,-0.967489,-1.109402,3.104379,-0.171316,0.000000,0.000000,0.000000,0.000000,0.000000,0.000000
1778443166.485234,sequential_ik_elbow_then_wrist,1,0,-0.095160,0.107770,-0.263306,-0.278595,0.076643,-0.498642,-0.049210,-0.104767,-0.276771,-0.240876,-0.121138,-0.506980,0.000029,0.024229,0.005092,0.155658,0.000843,0.013334,0.028291,0.115379,0.000000,0.000000,0.000000,0.825542,-1.046868,-3.139998,0.046251,-0.899835,-1.126839,3.112928,-0.166546,0.000000,0.000000,0.000000,0.000000,0.000000,0.000000
1778443166.545954,sequential_ik_elbow_then_wrist,1,0,-0.102829,0.105490,-0.261339,-0.286230,0.073917,-0.496641,-0.053353,-0.102140,-0.276985,-0.247106,-0.114407,-0.505697,0.000006,0.026141,0.001905,0.161680,0.000368,0.018156,0.018740,0.134720,0.000000,0.000000,0.000000,0.810410,-1.050372,-3.139999,0.055955,-0.838585,-1.140099,3.119425,-0.156706,0.000000,0.000000,0.000000,0.000000,0.000000,0.000000
1778443166.609693,sequential_ik_elbow_then_wrist,1,0,-0.110806,0.100103,-0.260195,-0.306106,0.064354,-0.485094,-0.052703,-0.103296,-0.276681,-0.247090,-0.118297,-0.504691,0.000063,0.031559,0.007574,0.177628,0.000266,0.019890,0.015937,0.141026,0.000000,0.000000,0.000000,0.804469,-1.051008,-3.139999,0.057097,-0.783613,-1.149401,3.124363,-0.145790,0.000000,0.000000,0.000000,0.000000,0.000000,0.000000
1778443166.669401,sequential_ik_elbow_then_wrist,0,0,-0.109866,0.099147,-0.260958,-0.312079,0.059986,-0.479079,-0.049886,-0.103756,-0.277031,-0.243804,-0.123431,-0.505085,0.000029,0.032984,0.005182,0.181593,0.000229,0.020517,0.014789,0.143235,0.000000,0.000000,0.000000,0.803786,-1.051907,-3.139999,0.051260,-0.734014,-1.156756,3.128116,-0.135685,0.000000,0.000000,0.000000,0.000000,0.000000,0.000000
1778443166.724918,sequential_ik_elbow_then_wrist,0,0,-0.110353,0.090642,-0.263830,-0.317859,0.045622,-0.475760,-0.046595,-0.110636,-0.274934,-0.238642,-0.141651,-0.503310,0.000077,0.036208,0.008270,0.190252,0.000300,0.019058,0.016855,0.138050,0.000000,0.000000,0.000000,0.809120,-1.056439,-3.139999,0.038562,-0.687202,-1.159268,3.130968,-0.127779,0.000000,0.000000,0.000000,0.000000,0.000000,0.000000
1778443166.784049,sequential_ik_elbow_then_wrist,0,0,-0.111991,0.090676,-0.263127,-0.331840,0.044683,-0.462001,-0.045115,-0.108211,-0.276143,-0.238543,-0.139833,-0.503268,0.000046,0.038626,0.006480,0.196434,0.000187,0.021487,0.013314,0.146583,0.000000,0.000000,0.000000,0.817781,-1.059797,-3.140000,0.013761,-0.644378,-1.162072,3.133136,-0.119717,0.000000,0.000000,0.000000,0.000000,0.000000,0.000000
1778443166.847056,sequential_ik_elbow_then_wrist,0,0,-0.145477,0.092666,-0.245458,-0.408202,0.017567,-0.369295,-0.044375,-0.110271,-0.275447,-0.226782,-0.149356,-0.510394,0.000460,0.067969,0.018837,0.260358,0.000147,0.018723,0.011794,0.136818,0.000000,0.000000,0.000000,0.838497,-1.042233,-3.140000,-0.037542,-0.605379,-1.163201,3.134783,-0.108700,0.000000,0.000000,0.000000,0.000000,0.000000,0.000000
1778443166.899443,sequential_ik_elbow_then_wrist,0,0,-0.159587,0.101867,-0.232713,-0.432639,-0.014971,-0.190388,-0.058953,-0.101479,-0.276092,-0.238850,-0.146755,-0.511861,0.000233,0.133746,0.012552,0.365713,0.000018,0.021107,0.004113,0.145279,0.000000,0.000000,0.000000,0.864553,-1.010833,-3.140000,-0.076532,-0.577990,-1.164493,3.136035,-0.101990,0.000000,0.000000,0.000000,0.000000,0.000000,0.000000
1778443167.457757,sequential_ik_elbow_then_wrist,0,0,-0.188098,0.129479,-0.194562,-0.411534,-0.007732,-0.048789,-0.077492,-0.118715,-0.264389,-0.356419,-0.147313,-0.371076,0.000458,0.177667,0.014323,0.421505,0.000172,0.074279,0.010916,0.272281,0.000000,0.000000,0.000000,0.887115,-0.948929,-3.140000,-0.106164,-0.562824,-1.149025,3.136987,-0.125512,0.000000,0.000000,0.000000,0.000000,0.000000,0.000000
1778443167.511698,sequential_ik_elbow_then_wrist,0,0,-0.190446,0.127935,-0.193294,-0.424722,-0.007299,-0.063576,-0.071629,-0.126955,-0.262206,-0.329602,-0.199182,-0.397235,0.000035,0.158872,0.004138,0.398588,0.000014,0.044913,0.002517,0.211927,0.000000,0.000000,0.000000,0.907148,-0.892122,-3.140000,-0.128685,-0.551218,-1.130489,3.137710,-0.143389,0.000000,0.000000,0.000000,0.000000,0.000000,0.000000
1778443167.576442,sequential_ik_elbow_then_wrist,0,0,-0.189179,0.122772,-0.197835,-0.449066,0.010171,-0.098942,-0.088498,-0.134542,-0.253114,-0.362107,-0.216563,-0.344822,0.000008,0.130047,0.002400,0.360620,0.000104,0.057144,0.008511,0.239049,0.000000,0.000000,0.000000,0.925777,-0.850412,-3.140000,-0.145800,-0.547940,-1.104001,3.138260,-0.156976,0.000000,0.000000,0.000000,0.000000,0.000000,0.000000
1778443167.631345,sequential_ik_elbow_then_wrist,0,0,-0.213482,0.089712,-0.190728,-0.423242,0.014067,0.009967,-0.104253,-0.175150,-0.220123,-0.375033,-0.304283,-0.221797,0.000452,0.082366,0.018040,0.263560,0.000411,0.065699,0.013507,0.256318,0.000000,0.000000,0.000000,0.966547,-0.813853,-2.386400,0.113804,-0.545375,-1.047562,3.138677,-0.167302,0.000000,0.000000,0.000000,0.000000,0.000000,0.000000
1778443167.694234,sequential_ik_elbow_then_wrist,0,0,-0.250100,0.090730,-0.138630,-0.446445,0.041541,0.082794,-0.128925,-0.203817,-0.178429,-0.395046,-0.318895,-0.101378,0.000705,0.020475,0.018816,0.137084,0.000584,0.082084,0.016194,0.286503,0.000000,0.000000,0.000000,1.017963,-0.746019,-1.813664,0.409557,-0.547212,-0.961810,3.138995,-0.175149,0.000000,0.000000,0.000000,0.000000,0.000000,0.000000
1778443167.753036,sequential_ik_elbow_then_wrist,0,0,-0.257545,0.107687,-0.109882,-0.444860,0.062591,0.120073,-0.116831,-0.217019,-0.171036,-0.380787,-0.341921,-0.102287,0.000261,0.012959,0.010750,0.113779,0.000118,0.066417,0.007916,0.257714,0.000000,0.000000,0.000000,1.056009,-0.665566,-1.378385,0.643130,-0.539682,-0.881216,3.139236,-0.181113,0.000000,0.000000,0.000000,0.000000,0.000000,0.000000
1778443167.813105,sequential_ik_elbow_then_wrist,0,0,-0.268975,0.099422,-0.088133,-0.432109,0.057839,0.160178,-0.149938,-0.240594,-0.098150,-0.398380,-0.358478,0.021765,0.000153,0.010088,0.008322,0.100436,0.000936,0.039567,0.020491,0.181751,0.000000,0.000000,0.000000,1.092038,-0.583593,-1.047572,0.822722,-0.541064,-0.765896,2.385819,0.008344,0.000000,0.000000,0.000000,0.000000,0.000000,0.000000
1778443167.873633,sequential_ik_elbow_then_wrist,1,0,-0.278513,0.101321,-0.046521,-0.429570,0.041036,0.205566,-0.179033,-0.232578,-0.062084,-0.434507,-0.311358,0.074028,0.000305,0.012202,0.011629,0.110359,0.000530,0.030429,0.015590,0.173498,0.000000,0.000000,0.000000,1.122287,-0.490159,-0.796155,0.947640,-0.562000,-0.642767,1.813223,0.195773,0.000000,0.000000,0.000000,0.000000,0.000000,0.000000
1778443167.932252,sequential_ik_elbow_then_wrist,1,0,-0.280741,0.093304,-0.049788,-0.412790,0.032863,0.212718,-0.096156,-0.263397,-0.106659,-0.344576,-0.389106,0.005076,0.000019,0.010651,0.002937,0.103193,0.000980,0.027465,0.022114,0.165726,0.000000,0.000000,0.000000,1.151101,-0.414053,-0.605078,1.046214,-0.528997,-0.570106,1.378049,0.339557,0.000000,0.000000,0.000000,0.000000,0.000000,0.000000
1778443167.998353,sequential_ik_elbow_then_wrist,0,0,-0.288288,0.073818,-0.037962,-0.409933,0.021071,0.231147,-0.092368,-0.267501,-0.099555,-0.346240,-0.381409,0.012579,0.000088,0.007929,0.006301,0.089039,0.000094,0.042145,0.006935,0.205245,0.000000,0.000000,0.000000,1.187282,-0.347684,-0.459859,1.118605,-0.487713,-0.514615,1.047317,0.459574,0.000000,0.000000,0.000000,0.000000,0.000000,0.000000
1778443168.049014,sequential_ik_elbow_then_wrist,0,0,-0.288342,0.057852,-0.059262,-0.404907,-0.018514,0.206408,0.015030,-0.252389,-0.161475,-0.189012,-0.472138,-0.152711,0.000094,0.011392,0.006528,0.106659,0.002526,0.052194,0.037451,0.211802,0.000000,0.000000,0.000000,1.227724,-0.308610,-0.349493,1.183299,-0.388992,-0.516454,1.549561,0.345260,0.000000,0.000000,0.000000,0.000000,0.000000,0.000000
1778443168.127916,sequential_ik_elbow_then_wrist,0,0,-0.289793,0.072876,-0.026629,-0.433869,0.016251,0.230346,-0.042637,-0.261266,-0.141146,-0.268271,-0.452620,-0.091421,0.000109,0.007874,0.006947,0.087918,0.000096,0.066236,0.007457,0.256709,0.000000,0.000000,0.000000,1.252687,-0.261152,-0.265615,1.203672,-0.328020,-0.511925,1.931267,0.214398,0.000000,0.000000,0.000000,0.000000,0.000000,0.000000
1778443168.170328,sequential_ik_elbow_then_wrist,0,0,-0.280832,0.080049,-0.068742,-0.439202,0.055924,0.184905,-0.134542,-0.245235,-0.108435,-0.399705,-0.332506,0.001438,0.000170,0.004142,0.008703,0.064333,0.001729,0.101963,0.030915,0.319317,0.000000,0.000000,0.000000,1.264633,-0.247353,-0.201867,1.214483,-0.344526,-0.486061,2.221363,0.114942,0.000000,0.000000,0.000000,0.000000,0.000000,0.000000
1778443168.236964,sequential_ik_elbow_then_wrist,0,0,-0.276015,0.102742,-0.057096,-0.438853,0.071595,0.192931,-0.120408,-0.243850,-0.126645,-0.393650,-0.300815,-0.016672,0.000085,0.006007,0.006301,0.077504,0.000054,0.098529,0.005337,0.313893,0.000000,0.000000,0.000000,1.257677,-0.234642,-0.153419,1.222058,-0.367608,-0.472295,2.441836,0.039356,0.000000,0.000000,0.000000,0.000000,0.000000,0.000000
1778443168.291321,sequential_ik_elbow_then_wrist,0,0,-0.272938,0.107549,-0.062755,-0.431629,0.073431,0.189541,-0.114576,-0.232117,-0.151638,-0.380310,-0.302898,-0.031741,0.000020,0.007574,0.003069,0.086988,0.000113,0.097701,0.007102,0.312571,0.000000,0.000000,0.000000,1.245078,-0.228013,-0.116598,1.234442,-0.388072,-0.480566,2.609395,-0.018089,0.000000,0.000000,0.000000,0.000000,0.000000,0.000000
1778443168.367040,sequential_ik_elbow_then_wrist,0,0,-0.264743,0.125177,-0.065131,-0.417905,0.085259,0.189717,-0.138777,-0.227524,-0.137745,-0.354373,-0.253838,0.069200,0.000064,0.009165,0.005484,0.095619,0.000113,0.075978,0.008092,0.254315,0.000000,0.000000,0.000000,1.221696,-0.225187,-0.088615,1.255188,-0.419345,-0.481442,1.983140,0.193398,0.000000,0.000000,0.000000,0.000000,0.000000,0.000000
1778443168.425293,sequential_ik_elbow_then_wrist,0,0,-0.260655,0.128738,-0.074062,-0.414622,0.089825,0.180457,-0.147839,-0.228580,-0.126075,-0.381176,-0.239109,0.062187,0.000025,0.010314,0.003426,0.101503,0.000063,0.046584,0.005685,0.212578,0.000000,0.000000,0.000000,1.197492,-0.229192,-0.067347,1.278943,-0.452527,-0.472791,1.507187,0.443768,0.000000,0.000000,0.000000,0.000000,0.000000,0.000000
1778443168.488608,sequential_ik_elbow_then_wrist,0,0,-0.266308,0.117895,-0.071976,-0.411409,0.085900,0.188642,-0.208652,-0.200873,-0.078196,-0.452608,-0.188709,0.095981,0.000012,0.008540,0.002391,0.092386,0.001039,0.045958,0.022705,0.214331,0.000000,0.000000,0.000000,1.185091,-0.232317,-0.051184,1.302575,-0.521475,-0.433047,1.145462,0.623366,0.000000,0.000000,0.000000,0.000000,0.000000,0.000000
1778443168.536161,sequential_ik_elbow_then_wrist,0,0,-0.268143,0.123274,-0.053875,-0.411547,0.095658,0.208180,-0.217873,-0.199471,-0.052372,-0.457892,-0.163720,0.124016,0.000041,0.007202,0.004254,0.084824,0.000273,0.043139,0.011133,0.207586,0.000000,0.000000,0.000000,1.174583,-0.223282,-0.038900,1.314199,-0.590163,-0.378507,0.870551,0.743491,0.000000,0.000000,0.000000,0.000000,0.000000,0.000000
1778443168.593671,sequential_ik_elbow_then_wrist,0,0,-0.270189,0.125226,-0.036282,-0.422045,0.090731,0.220135,-0.196776,-0.221541,-0.046888,-0.456070,-0.231917,0.103641,0.000058,0.009160,0.005052,0.095488,0.000097,0.035958,0.006657,0.188752,0.000000,0.000000,0.000000,1.165768,-0.202825,-0.029564,1.307407,-0.627476,-0.328037,0.661619,0.791104,0.000000,0.000000,0.000000,0.000000,0.000000,0.000000
1778443168.661242,sequential_ik_elbow_then_wrist,0,0,-0.269213,0.127237,-0.036540,-0.423639,0.091816,0.218211,-0.177582,-0.232758,-0.065485,-0.457508,-0.261455,0.038524,0.000003,0.009697,0.001246,0.098417,0.000124,0.044731,0.007548,0.210771,0.000000,0.000000,0.000000,1.157493,-0.184327,-0.022469,1.294362,-0.638765,-0.299305,0.502830,0.785241,0.000000,0.000000,0.000000,0.000000,0.000000,0.000000
1778443168.717947,sequential_ik_elbow_then_wrist,0,0,-0.264533,0.126469,-0.063465,-0.427242,0.088727,0.185737,-0.166284,-0.185817,-0.166798,-0.459666,-0.189269,-0.104225,0.000082,0.011327,0.006020,0.106414,0.001591,0.063509,0.026763,0.251994,0.000000,0.000000,0.000000,1.150028,-0.186445,-0.017076,1.288389,-0.656418,-0.347856,0.382151,0.773874,0.000000,0.000000,0.000000,0.000000,0.000000,0.000000
1778443168.787418,sequential_ik_elbow_then_wrist,0,0,-0.269217,0.123764,-0.046951,-0.415365,0.037188,0.200325,-0.238951,-0.160234,-0.085016,-0.483580,-0.065292,0.060388,0.000016,0.021016,0.002648,0.144789,0.001311,0.070865,0.025754,0.264501,0.000000,0.000000,0.000000,1.146825,-0.181392,-0.012978,1.301194,-0.716786,-0.345718,0.290435,0.837415,0.000000,0.000000,0.000000,0.000000,0.000000,0.000000
1778443168.842145,sequential_ik_elbow_then_wrist,0,0,-0.267363,0.110549,-0.079348,-0.395693,-0.006209,0.165394,-0.238154,-0.150477,-0.103148,-0.462205,-0.044485,0.065869,0.000131,0.028895,0.007641,0.169470,0.000111,0.057132,0.007555,0.238524,0.000000,0.000000,0.000000,1.151981,-0.196487,-0.009863,1.342654,-0.780104,-0.346387,0.220730,0.922771,0.000000,0.000000,0.000000,0.000000,0.000000,0.000000
1778443168.908144,sequential_ik_elbow_then_wrist,0,0,-0.274105,0.072698,-0.097886,-0.385004,-0.078710,0.136159,-0.250674,-0.114341,-0.118695,-0.476998,-0.043805,0.065159,0.000307,0.039615,0.012156,0.198747,0.000329,0.034768,0.013121,0.186454,0.000000,0.000000,0.000000,1.181316,-0.224370,-0.007496,1.399896,-0.856242,-0.357872,0.167755,0.991668,0.000000,0.000000,0.000000,0.000000,0.000000,0.000000
1778443168.955568,sequential_ik_elbow_then_wrist,1,0,-0.287194,0.060339,-0.062282,-0.416180,-0.075025,0.172322,-0.249363,-0.042412,-0.161305,-0.478997,-0.031305,0.031425,0.000202,0.029954,0.009645,0.172692,0.001381,0.009811,0.027788,0.099012,0.000000,0.000000,0.000000,1.219793,-0.226441,-0.005697,1.415913,-0.963264,-0.399591,0.127494,1.050631,0.000000,0.000000,0.000000,0.000000,0.000000,0.000000
1778443169.027427,sequential_ik_elbow_then_wrist,1,0,-0.291493,0.059558,-0.038534,-0.428394,-0.068337,0.195775,-0.250050,-0.023470,-0.164086,-0.468772,-0.019449,0.041204,0.000124,0.025686,0.007418,0.159804,0.000383,0.002881,0.015397,0.053202,0.000000,0.000000,0.000000,1.254095,-0.208736,-0.004330,1.398836,-1.072180,-0.440358,0.096895,1.112458,0.000000,0.000000,0.000000,0.000000,0.000000,0.000000
1778443169.075874,sequential_ik_elbow_then_wrist,1,0,-0.290079,0.063577,-0.042567,-0.421517,-0.062118,0.196023,-0.262447,-0.007635,-0.145132,-0.472539,0.010873,0.068219,0.000002,0.024166,0.000888,0.155436,0.000228,0.001910,0.011516,0.043694,0.000000,0.000000,0.000000,1.278755,-0.193374,-0.003291,1.380309,-1.175193,-0.459582,0.073640,1.162071,0.000000,0.000000,0.000000,0.000000,0.000000,0.000000
1778443169.144146,sequential_ik_elbow_then_wrist,1,0,-0.290404,0.066279,-0.035673,-0.421469,-0.062632,0.201400,-0.260234,-0.005760,-0.149147,-0.480312,0.009927,0.054125,0.000008,0.025381,0.001898,0.159306,0.000026,0.000805,0.003970,0.028099,0.000000,0.000000,0.000000,1.295577,-0.176973,-0.002501,1.362514,-1.261167,-0.474191,0.055967,1.190251,0.000000,0.000000,0.000000,0.000000,0.000000,0.000000
1778443169.196357,sequential_ik_elbow_then_wrist,1,0,-0.287380,0.077273,-0.037966,-0.418555,-0.063715,0.192068,-0.258486,-0.002515,-0.152245,-0.496791,0.001478,0.029950,0.000018,0.030484,0.002836,0.174594,0.000010,0.000218,0.002467,0.012682,0.000000,0.000000,0.000000,1.300873,-0.164856,-0.001901,1.351008,-1.330977,-0.487487,0.042535,1.193460,0.000000,0.000000,0.000000,0.000000,0.000000,0.000000
1778443169.262247,sequential_ik_elbow_then_wrist,0,0,-0.284480,0.080732,-0.050529,-0.422788,-0.062782,0.173691,-0.223591,-0.033107,-0.197259,-0.506016,-0.024958,-0.096414,0.000025,0.033689,0.003359,0.183543,0.000570,0.001185,0.017242,0.030692,0.000000,0.000000,0.000000,1.300618,-0.163561,-0.001444,1.344407,-1.365473,-0.532575,0.032326,1.158464,0.000000,0.000000,0.000000,0.000000,0.000000,0.000000
1778443169.321146,sequential_ik_elbow_then_wrist,0,0,-0.283371,0.083998,-0.051434,-0.417390,-0.058581,0.175964,-0.200253,-0.044797,-0.218843,-0.481486,-0.030875,-0.115333,0.000005,0.033251,0.001495,0.182322,0.000401,0.002538,0.015316,0.049957,0.000000,0.000000,0.000000,1.297280,-0.164954,-0.001098,1.346881,-1.375806,-0.593412,0.024568,1.147427,0.000000,0.000000,0.000000,0.000000,0.000000,0.000000
1778443169.386227,sequential_ik_elbow_then_wrist,0,0,-0.283183,0.083702,-0.052925,-0.410162,-0.064386,0.174992,-0.162167,-0.039089,-0.249347,-0.460988,-0.027977,-0.225203,0.000001,0.035096,0.000595,0.187302,0.000469,0.071896,0.015232,0.233815,0.000000,0.000000,0.000000,1.294139,-0.167490,-0.000834,1.357881,-1.376223,-0.675848,0.772272,0.824044,0.000000,0.000000,0.000000,0.000000,0.000000,0.000000
1778443169.442434,sequential_ik_elbow_then_wrist,0,0,-0.271447,0.091271,-0.089365,-0.403711,-0.054340,0.137137,-0.107454,-0.037584,-0.277563,-0.400100,-0.065902,-0.337199,0.000187,0.036006,0.009138,0.189607,0.000811,0.040083,0.020882,0.200208,0.000000,0.000000,0.000000,1.284981,-0.192914,-0.000634,1.384049,-1.368019,-0.784172,1.340527,0.578274,0.000000,0.000000,0.000000,0.000000,0.000000,0.000000
1778443169.507400,sequential_ik_elbow_then_wrist,0,0,-0.253694,0.096395,-0.127857,-0.394442,-0.056034,0.088835,-0.075448,-0.035015,-0.288239,-0.343270,-0.070904,-0.418559,0.000323,0.041982,0.012047,0.204627,0.000519,0.028676,0.018560,0.169341,0.000000,0.000000,0.000000,1.269705,-0.243118,-0.000482,1.429061,-1.354902,-0.897423,1.772400,0.391488,0.000000,0.000000,0.000000,0.000000,0.000000,0.000000
1778443169.556681,sequential_ik_elbow_then_wrist,0,0,-0.259186,0.093056,-0.119010,-0.407178,-0.055797,0.095329,-0.105527,-0.032217,-0.278973,-0.385597,-0.069594,-0.379788,0.000001,0.041011,0.000546,0.202509,0.000054,0.040421,0.005523,0.201049,0.000000,0.000000,0.000000,1.258915,-0.282350,-0.000366,1.465479,-1.343294,-0.972079,2.100624,0.249531,0.000000,0.000000,0.000000,0.000000,0.000000,0.000000
1778443169.622346,sequential_ik_elbow_then_wrist,0,0,-0.253581,0.095712,-0.128593,-0.410767,-0.043592,0.085620,-0.073880,-0.031564,-0.289042,-0.328329,-0.072376,-0.442633,0.000017,0.038385,0.002761,0.195919,0.000192,0.024187,0.011711,0.155520,0.000000,0.000000,0.000000,1.248190,-0.318907,-0.000278,1.492005,-1.330438,-1.046082,2.350074,0.141643,0.000000,0.000000,0.000000,0.000000,0.000000,0.000000
1778443169.683927,sequential_ik_elbow_then_wrist,0,0,-0.240455,0.098409,-0.149990,-0.407500,-0.037530,0.058856,-0.047679,-0.035340,-0.294071,-0.273837,-0.082381,-0.485486,0.000096,0.039624,0.006636,0.199045,0.000491,0.017467,0.020559,0.132163,0.000000,0.000000,0.000000,1.234801,-0.363150,-0.000212,1.517672,-1.314785,-1.121249,2.539656,0.059649,0.000000,0.000000,0.000000,0.000000,0.000000,0.000000
1778443169.750990,sequential_ik_elbow_then_wrist,0,0,-0.245045,0.098331,-0.142422,-0.412032,-0.033655,0.068990,-0.066974,-0.038407,-0.289895,-0.304330,-0.088274,-0.466461,0.000001,0.037927,0.000647,0.194749,0.000251,0.022401,0.015374,0.149669,0.000000,0.000000,0.000000,1.224096,-0.395186,-0.000161,1.537785,-1.298364,-1.170301,2.683739,-0.002667,0.000000,0.000000,0.000000,0.000000,0.000000,0.000000
1778443169.809571,sequential_ik_elbow_then_wrist,0,0,-0.245213,0.093362,-0.145445,-0.416567,-0.042288,0.060071,-0.055619,-0.042506,-0.291719,-0.283027,-0.097269,-0.479566,0.000004,0.040510,0.001539,0.201265,0.000445,0.018587,0.020873,0.136333,0.000000,0.000000,0.000000,1.218718,-0.421298,-0.000122,1.549513,-1.279625,-1.211381,2.793242,-0.050027,0.000000,0.000000,0.000000,0.000000,0.000000,0.000000
1778443169.868820,sequential_ik_elbow_then_wrist,0,0,-0.236562,0.096837,-0.157039,-0.402730,-0.041348,0.051030,-0.051307,-0.043231,-0.292401,-0.269773,-0.101485,-0.489580,0.000028,0.040667,0.003613,0.201608,0.000467,0.016455,0.021423,0.128279,0.000000,0.000000,0.000000,1.211508,-0.449832,-0.000093,1.569514,-1.259340,-1.245521,2.876464,-0.086020,0.000000,0.000000,0.000000,0.000000,0.000000,0.000000
1778443169.925907,sequential_ik_elbow_then_wrist,0,0,-0.226179,0.101814,-0.168751,-0.380633,-0.040511,0.045463,-0.057377,-0.041886,-0.291468,-0.284568,-0.105332,-0.476829,0.000055,0.041132,0.005284,0.202558,0.000281,0.020113,0.016591,0.141819,0.000000,0.000000,0.000000,1.199654,-0.482128,-0.000071,1.608928,-1.239159,-1.268657,2.939712,-0.113375,0.000000,0.000000,0.000000,0.000000,0.000000,0.000000
1778443169.981158,sequential_ik_elbow_then_wrist,0,0,-0.231691,0.098883,-0.162916,-0.379018,-0.044183,0.055778,-0.095478,-0.043801,-0.281008,-0.386520,-0.099430,-0.327907,0.000001,0.040618,0.000847,0.201487,0.000187,0.071399,0.009377,0.267206,0.000000,0.000000,0.000000,1.191476,-0.504761,-0.000054,1.649896,-1.222615,-1.262429,2.987781,-0.134165,0.000000,0.000000,0.000000,0.000000,0.000000,0.000000
1778443170.046855,sequential_ik_elbow_then_wrist,0,0,-0.213602,0.087150,-0.191779,-0.380576,-0.056692,0.011762,-0.104112,-0.054126,-0.276100,-0.392878,-0.108881,-0.336233,0.000150,0.046080,0.008203,0.214659,0.000115,0.056141,0.009000,0.236941,0.000000,0.000000,0.000000,1.187863,-0.543636,-0.000041,1.683284,-1.206367,-1.244201,3.024314,-0.149966,0.000000,0.000000,0.000000,0.000000,0.000000,0.000000
1778443170.102104,sequential_ik_elbow_then_wrist,0,0,-0.202301,0.085669,-0.204292,-0.369283,-0.054504,0.001787,-0.097804,-0.064379,-0.276206,-0.386723,-0.106289,-0.345266,0.000073,0.043291,0.005685,0.208011,0.000252,0.050142,0.015478,0.223925,0.000000,0.000000,0.000000,1.184268,-0.588422,-0.000031,1.719894,-1.185845,-1.227956,3.052079,-0.161974,0.000000,0.000000,0.000000,0.000000,0.000000,0.000000
1778443170.173547,sequential_ik_elbow_then_wrist,0,0,-0.192497,0.090990,-0.211342,-0.340890,-0.056114,0.003925,-0.073734,-0.063184,-0.283850,-0.330675,-0.101021,-0.434017,0.000052,0.042378,0.005504,0.205512,0.000510,0.023227,0.021479,0.152404,0.000000,0.000000,0.000000,1.175832,-0.632012,-0.000024,1.776420,-1.160351,-1.229069,3.073180,-0.171100,0.000000,0.000000,0.000000,0.000000,0.000000,0.000000
1778443170.225647,sequential_ik_elbow_then_wrist,0,0,-0.189610,0.092722,-0.213191,-0.330455,-0.051937,0.008701,-0.118045,-0.061746,-0.268799,-0.408788,-0.072975,-0.341891,0.000018,0.040195,0.003547,0.200331,0.000159,0.054584,0.008429,0.233633,0.000000,0.000000,0.000000,1.165177,-0.668928,-0.000018,1.838450,-1.141496,-1.207357,3.089217,-0.178036,0.000000,0.000000,0.000000,0.000000,0.000000,0.000000
1778443170.288649,sequential_ik_elbow_then_wrist,0,0,-0.221926,0.079150,-0.185699,-0.363285,-0.063067,0.037442,-0.190356,-0.065465,-0.222439,-0.470673,-0.050492,-0.116617,0.000270,0.040917,0.012451,0.202111,0.001352,0.121995,0.027807,0.349278,0.000000,0.000000,0.000000,1.170772,-0.675242,-0.000014,1.865797,-1.143490,-1.135472,3.101405,-0.183307,0.000000,0.000000,0.000000,0.000000,0.000000,0.000000
1778443170.346392,sequential_ik_elbow_then_wrist,0,0,-0.209234,0.078168,-0.200277,-0.359012,-0.066704,0.015544,-0.165383,-0.067070,-0.241143,-0.460575,-0.063408,-0.187770,0.000021,0.041471,0.003395,0.203624,0.000023,0.080725,0.004072,0.284121,0.000000,0.000000,0.000000,1.178443,-0.686663,-0.000010,1.879822,-1.148645,-1.085649,3.110667,-0.187314,0.000000,0.000000,0.000000,0.000000,0.000000,0.000000
1778443170.425661,sequential_ik_elbow_then_wrist,0,0,-0.223750,0.070960,-0.186817,-0.346935,-0.073123,0.045702,-0.149368,-0.065202,-0.251869,-0.438548,-0.090582,-0.327570,0.000074,0.036094,0.006743,0.189968,0.000051,0.029344,0.004746,0.171301,0.000000,0.000000,0.000000,1.193011,-0.686036,-0.000008,1.896418,-1.152037,-1.060481,3.117707,-0.190358,0.000000,0.000000,0.000000,0.000000,0.000000,0.000000
1778443170.480136,sequential_ik_elbow_then_wrist,0,0,-0.292414,0.051901,-0.042432,-0.388874,-0.088469,0.204532,-0.213577,-0.044968,-0.205822,-0.509825,-0.080243,-0.174315,0.003455,0.030283,0.040038,0.171872,0.001102,0.055738,0.026653,0.236089,0.000000,0.000000,0.000000,1.231697,-0.586027,-0.000006,1.843596,-1.179145,-1.000696,3.123058,-0.192672,0.000000,0.000000,0.000000,0.000000,0.000000,0.000000
1778443170.546679,sequential_ik_elbow_then_wrist,1,0,-0.295224,0.044729,-0.029023,-0.370839,-0.101632,0.221698,-0.271318,-0.037006,-0.122544,-0.487928,-0.016327,0.083980,0.000365,0.027427,0.012755,0.165169,0.002007,0.033255,0.031377,0.142665,0.000000,0.000000,0.000000,1.273247,-0.478138,-0.000005,1.774419,-1.227204,-0.883600,2.373524,0.078174,0.000000,0.000000,0.000000,0.000000,0.000000,0.000000
1778443170.593349,sequential_ik_elbow_then_wrist,1,0,-0.296618,0.043149,-0.012479,-0.391798,-0.102498,0.231914,-0.258634,-0.013847,-0.151383,-0.506797,0.000096,0.016608,0.000101,0.027455,0.006684,0.165027,0.000224,0.002876,0.011652,0.051598,0.000000,0.000000,0.000000,1.308800,-0.378585,-0.000003,1.686128,-1.286069,-0.797799,1.803878,0.319108,0.000000,0.000000,0.000000,0.000000,0.000000,0.000000
1778443170.651096,sequential_ik_elbow_then_wrist,1,0,-0.295803,0.047713,-0.014971,-0.386728,-0.103975,0.227358,-0.244218,-0.009291,-0.173987,-0.501555,0.012123,-0.021281,0.000003,0.029007,0.001171,0.170280,0.000134,0.001844,0.008226,0.042802,0.000000,0.000000,0.000000,1.333877,-0.300443,-0.000003,1.610751,-1.340124,-0.749766,1.370947,0.510568,0.000000,0.000000,0.000000,0.000000,0.000000,0.000000
1778443170.707276,sequential_ik_elbow_then_wrist,0,0,-0.285233,0.068033,-0.063352,-0.381080,-0.091011,0.172272,-0.110847,0.010468,-0.278574,-0.394059,0.025663,-0.376349,0.000335,0.033866,0.012222,0.183823,0.003980,0.040633,0.043378,0.164494,0.000000,0.000000,0.000000,1.338941,-0.270627,-0.000002,1.574219,-1.392221,-0.822645,1.795520,0.376453,0.000000,0.000000,0.000000,0.000000,0.000000,0.000000
1778443170.767585,sequential_ik_elbow_then_wrist,0,0,-0.285022,0.066429,-0.065952,-0.386676,-0.089807,0.169116,-0.165141,0.011211,-0.250205,-0.449560,0.029026,-0.156458,0.000024,0.033880,0.003256,0.184023,0.000131,0.104507,0.009796,0.322919,0.000000,0.000000,0.000000,1.340398,-0.256377,-0.000002,1.556031,-1.438821,-0.865785,2.118195,0.238104,0.000000,0.000000,0.000000,0.000000,0.000000,0.000000
1778443170.832680,sequential_ik_elbow_then_wrist,1,0,-0.290221,0.054412,-0.053018,-0.397532,-0.089010,0.187636,-0.254408,-0.006314,-0.158860,-0.481585,0.026750,0.034266,0.000030,0.029061,0.003679,0.170430,0.002142,0.031216,0.031176,0.130189,0.000000,0.000000,0.000000,1.348887,-0.239336,-0.000001,1.533083,-1.468437,-0.816676,1.609828,0.419628,0.000000,0.000000,0.000000,0.000000,0.000000,0.000000
1778443170.897335,sequential_ik_elbow_then_wrist,1,0,-0.288509,0.061095,-0.055046,-0.401947,-0.085167,0.181046,-0.255793,-0.012883,-0.156218,-0.506806,0.041132,-0.001057,0.000002,0.029886,0.000966,0.172856,0.000159,0.003745,0.008644,0.060103,0.000000,0.000000,0.000000,1.352847,-0.226230,-0.000001,1.509416,-1.484400,-0.758381,1.223470,0.585182,0.000000,0.000000,0.000000,0.000000,0.000000,0.000000
1778443170.956608,sequential_ik_elbow_then_wrist,0,0,-0.280228,0.066666,-0.083834,-0.410738,-0.082331,0.141482,-0.173075,-0.001258,-0.245038,-0.464236,0.057076,-0.202347,0.000112,0.033675,0.007061,0.183506,0.001573,0.069791,0.026592,0.230688,0.000000,0.000000,0.000000,1.350793,-0.234499,-0.000001,1.491328,-1.499753,-0.784604,1.683437,0.402023,0.000000,0.000000,0.000000,0.000000,0.000000,0.000000
1778443171.013331,sequential_ik_elbow_then_wrist,0,0,-0.270805,0.069137,-0.109016,-0.418811,-0.078681,0.106029,-0.145838,-0.003367,-0.262145,-0.439672,0.044733,-0.225427,0.000138,0.035959,0.007837,0.189627,0.000407,0.070730,0.013441,0.265943,0.000000,0.000000,0.000000,1.345111,-0.261366,-0.000001,1.479984,-1.511367,-0.840664,2.033012,0.257537,0.000000,0.000000,0.000000,0.000000,0.000000,0.000000
1778443171.075387,sequential_ik_elbow_then_wrist,0,0,-0.271376,0.070145,-0.106933,-0.422886,-0.064001,0.114539,-0.141809,-0.013913,-0.264001,-0.437147,0.038397,-0.270273,0.000004,0.030566,0.001423,0.174828,0.000096,0.060624,0.008415,0.246219,0.000000,0.000000,0.000000,1.339173,-0.285120,-0.000000,1.473556,-1.514668,-0.894081,2.298689,0.147728,0.000000,0.000000,0.000000,0.000000,0.000000,0.000000
1778443171.135628,sequential_ik_elbow_then_wrist,0,0,-0.273175,0.069355,-0.102787,-0.417822,-0.064897,0.123164,-0.137127,-0.023233,-0.265813,-0.432860,0.026786,-0.272143,0.000001,0.029957,0.000742,0.173070,0.000166,0.064284,0.012226,0.253542,0.000000,0.000000,0.000000,1.334975,-0.301205,-0.000000,1.473401,-1.508759,-0.939765,2.500604,0.064274,0.000000,0.000000,0.000000,0.000000,0.000000,0.000000
1778443171.199217,sequential_ik_elbow_then_wrist,0,0,-0.264582,0.077329,-0.118391,-0.409592,-0.054406,0.108805,-0.100365,-0.023126,-0.281766,-0.383802,-0.004215,-0.378233,0.000044,0.029640,0.004566,0.172105,0.000357,0.035679,0.015326,0.188890,0.000000,0.000000,0.000000,1.325695,-0.323346,-0.000000,1.483899,-1.497521,-1.000100,2.654059,0.000848,0.000000,0.000000,0.000000,0.000000,0.000000,0.000000
1778443171.259213,sequential_ik_elbow_then_wrist,0,0,-0.247793,0.075944,-0.151099,-0.409717,-0.058077,0.062954,-0.081376,-0.028649,-0.287328,-0.346892,-0.026936,-0.426965,0.000199,0.034197,0.009417,0.184888,0.000392,0.027439,0.018170,0.165647,0.000000,0.000000,0.000000,1.314869,-0.365041,-0.000000,1.500517,-1.481578,-1.063324,2.770685,-0.047356,0.000000,0.000000,0.000000,0.000000,0.000000,0.000000
1778443171.310405,sequential_ik_elbow_then_wrist,0,0,-0.225196,0.080698,-0.181037,-0.420854,-0.068591,-0.009482,-0.067028,-0.047969,-0.288455,-0.284056,-0.074324,-0.493891,0.000276,0.047849,0.011359,0.218722,0.001239,0.010818,0.034558,0.104012,0.000000,0.000000,0.000000,1.298415,-0.424655,-0.000000,1.505596,-1.457081,-1.121537,2.859320,-0.083990,0.000000,0.000000,0.000000,0.000000,0.000000,0.000000
1778443171.378159,sequential_ik_elbow_then_wrist,0,0,-0.212690,0.093392,-0.189845,-0.405960,-0.067458,-0.026216,-0.045351,-0.067520,-0.288764,-0.234809,-0.109841,-0.517487,0.000151,0.055731,0.009499,0.236009,0.002984,0.009214,0.054025,0.095989,0.000000,0.000000,0.000000,1.272912,-0.483354,-0.000000,1.522707,-1.422482,-1.176890,2.926683,-0.111833,0.000000,0.000000,0.000000,0.000000,0.000000,0.000000
1778443171.435116,sequential_ik_elbow_then_wrist,0,0,-0.190841,0.103117,-0.207236,-0.340079,-0.088610,-0.031257,-0.041910,-0.072919,-0.287969,-0.237413,-0.103700,-0.513427,0.000259,0.068694,0.012744,0.260647,0.003200,0.009081,0.056208,0.095294,0.000000,0.000000,0.000000,1.237753,-0.545459,-0.000000,1.601763,-1.380983,-1.220433,2.977879,-0.132993,0.000000,0.000000,0.000000,0.000000,0.000000,0.000000
1778443171.495868,sequential_ik_elbow_then_wrist,0,0,-0.197864,0.099975,-0.202126,-0.394853,-0.067214,-0.049670,-0.057666,-0.072831,-0.285255,-0.262040,-0.102882,-0.502805,0.000007,0.068759,0.002279,0.262091,0.002226,0.008382,0.046577,0.091554,0.000000,0.000000,0.000000,1.207856,-0.592141,-0.000000,1.642079,-1.335068,-1.242539,3.016788,-0.149074,0.000000,0.000000,0.000000,0.000000,0.000000,0.000000
1778443171.562666,sequential_ik_elbow_then_wrist,0,0,-0.196437,0.098736,-0.204117,-0.375768,-0.072724,-0.035469,-0.060416,-0.075934,-0.283873,-0.267016,-0.104032,-0.499574,0.000002,0.066782,0.000973,0.258368,0.001881,0.006994,0.042804,0.083630,0.000000,0.000000,0.000000,1.184040,-0.629161,-0.000000,1.685453,-1.284905,-1.252582,3.046359,-0.161297,0.000000,0.000000,0.000000,0.000000,0.000000,0.000000
1778443171.617819,sequential_ik_elbow_then_wrist,0,0,-0.189617,0.095655,-0.211885,-0.342128,-0.086276,-0.028470,-0.059405,-0.080937,-0.282702,-0.266712,-0.108096,-0.497844,0.000016,0.066120,0.002644,0.256710,0.001782,0.006503,0.041641,0.080640,0.000000,0.000000,0.000000,1.165286,-0.664302,-0.000000,1.754046,-1.230660,-1.255932,3.068833,-0.170585,0.000000,0.000000,0.000000,0.000000,0.000000,0.000000
1778443171.689629,sequential_ik_elbow_then_wrist,0,0,-0.195442,0.091645,-0.208335,-0.354945,-0.082597,-0.023407,-0.053861,-0.083755,-0.282991,-0.260473,-0.112860,-0.498547,0.000009,0.062920,0.002657,0.250837,0.001702,0.006687,0.040699,0.081775,0.000000,0.000000,0.000000,1.154486,-0.689554,-0.000000,1.808764,-1.173217,-1.257821,3.085913,-0.177645,0.000000,0.000000,0.000000,0.000000,0.000000,0.000000
1778443171.766247,sequential_ik_elbow_then_wrist,0,0,-0.194078,0.091293,-0.209760,-0.349389,-0.081534,-0.019999,-0.054733,-0.084259,-0.282674,-0.260902,-0.109541,-0.499135,0.000002,0.060022,0.001113,0.244987,0.001266,0.007902,0.035056,0.088893,0.000000,0.000000,0.000000,1.147686,-0.709629,-0.000000,1.854742,-1.115200,-1.256983,3.098894,-0.183010,0.000000,0.000000,0.000000,0.000000,0.000000,0.000000
1778443171.821514,sequential_ik_elbow_then_wrist,0,0,-0.199234,0.090413,-0.205259,-0.350960,-0.082043,-0.012287,-0.057971,-0.084361,-0.281998,-0.263143,-0.110560,-0.499295,0.000009,0.058385,0.002274,0.241630,0.000826,0.009241,0.028269,0.096132,0.000000,0.000000,0.000000,1.144986,-0.721246,-0.000000,1.889773,-1.059005,-1.253080,3.108759,-0.187088,0.000000,0.000000,0.000000,0.000000,0.000000,0.000000
1778443171.893768,sequential_ik_elbow_then_wrist,0,0,-0.201984,0.085186,-0.204806,-0.352074,-0.087545,-0.010804,-0.053843,-0.081655,-0.283608,-0.254134,-0.109989,-0.505150,0.000016,0.058139,0.003467,0.241119,0.000626,0.009681,0.024617,0.098394,0.000000,0.000000,0.000000,1.147632,-0.728876,-0.000000,1.914260,-1.005758,-1.251796,3.116257,-0.190187,0.000000,0.000000,0.000000,0.000000,0.000000,0.000000
1778443171.960737,sequential_ik_elbow_then_wrist,0,0,-0.202204,0.078698,-0.207171,-0.413916,-0.073430,-0.058729,-0.055491,-0.085660,-0.282105,-0.253060,-0.116203,-0.505787,0.000025,0.062489,0.004298,0.248607,0.000523,0.010227,0.022473,0.101126,0.000000,0.000000,0.000000,1.155409,-0.736418,-0.000000,1.870139,-0.955482,-1.248006,3.121955,-0.192542,0.000000,0.000000,0.000000,0.000000,0.000000,0.000000
1778443172.029966,sequential_ik_elbow_then_wrist,0,0,-0.201618,0.079996,-0.207246,-0.406785,-0.067407,-0.045448,-0.045317,-0.083374,-0.284597,-0.241080,-0.114705,-0.509752,0.000002,0.054208,0.001284,0.232746,0.000601,0.010841,0.024081,0.104120,0.000000,0.000000,0.000000,1.163038,-0.742583,-0.000000,1.821897,-0.907089,-1.249539,3.126286,-0.194332,0.000000,0.000000,0.000000,0.000000,0.000000,0.000000
1778443172.086378,sequential_ik_elbow_then_wrist,0,0,-0.201150,0.078613,-0.208227,-0.410290,-0.059402,-0.043265,-0.046726,-0.082869,-0.284516,-0.244194,-0.121253,-0.507076,0.000002,0.049331,0.001134,0.222082,0.000393,0.012405,0.019531,0.111379,0.000000,0.000000,0.000000,1.170285,-0.748205,-0.000000,1.777463,-0.862204,-1.250863,3.129577,-0.195692,0.000000,0.000000,0.000000,0.000000,0.000000,0.000000
1778443172.147793,sequential_ik_elbow_then_wrist,0,0,-0.203494,0.079448,-0.205617,-0.384777,-0.055703,-0.008460,-0.038798,-0.075127,-0.287838,-0.232603,-0.121032,-0.512186,0.000002,0.042095,0.000911,0.204920,0.000346,0.012344,0.018150,0.111104,0.000000,0.000000,0.000000,1.176500,-0.750467,-0.000000,1.768038,-0.821135,-1.258673,3.132079,-0.196726,0.000000,0.000000,0.000000,0.000000,0.000000,0.000000
1778443172.212696,sequential_ik_elbow_then_wrist,0,0,-0.201130,0.074224,-0.209851,-0.373497,-0.054849,-0.000974,-0.037325,-0.075720,-0.287877,-0.225449,-0.131769,-0.514743,0.000009,0.037863,0.002371,0.194457,0.000308,0.011266,0.017326,0.106142,0.000000,0.000000,0.000000,1.183975,-0.755354,-0.000000,1.777745,-0.783551,-1.266163,3.133980,-0.197512,0.000000,0.000000,0.000000,0.000000,0.000000,0.000000
1778443172.258875,sequential_ik_elbow_then_wrist,0,0,-0.198678,0.078663,-0.210569,-0.373805,-0.051004,-0.004372,-0.040881,-0.074945,-0.287597,-0.229093,-0.133528,-0.513748,0.000003,0.037537,0.001448,0.193735,0.000158,0.012564,0.012435,0.112090,0.000000,0.000000,0.000000,1.187863,-0.760409,-0.000000,1.789452,-0.750407,-1.271029,3.135425,-0.198109,0.000000,0.000000,0.000000,0.000000,0.000000,0.000000
1778443172.291677,sequential_ik_elbow_then_wrist,0,0,-0.195883,0.081780,-0.211995,-0.374468,-0.048159,-0.008960,-0.057859,-0.072261,-0.285361,-0.281969,-0.128751,-0.476629,0.000009,0.038586,0.002518,0.196433,0.000015,0.028041,0.003121,0.167453,0.000000,0.000000,0.000000,1.187621,-0.765805,-0.000000,1.799247,-0.726155,-1.269319,3.136523,-0.198563,0.000000,0.000000,0.000000,0.000000,0.000000,0.000000
1778443172.349410,sequential_ik_elbow_then_wrist,0,0,-0.195548,0.079157,-0.213295,-0.376911,-0.050905,-0.012818,-0.082292,-0.068708,-0.280192,-0.345991,-0.117711,-0.414584,0.000001,0.040051,0.000554,0.200126,0.000449,0.055371,0.020476,0.235310,0.000000,0.000000,0.000000,1.187349,-0.771387,-0.000000,1.805549,-0.716627,-1.258450,3.137357,-0.198908,0.000000,0.000000,0.000000,0.000000,0.000000,0.000000
1778443172.405941,sequential_ik_elbow_then_wrist,0,0,-0.194951,0.082698,-0.212497,-0.377836,-0.048491,-0.014148,-0.083028,-0.067484,-0.280272,-0.337834,-0.117072,-0.430654,0.000004,0.040669,0.001678,0.201666,0.000331,0.044503,0.017819,0.210958,0.000000,0.000000,0.000000,1.184986,-0.775275,-0.000000,1.809291,-0.717762,-1.247861,3.137992,-0.199170,0.000000,0.000000,0.000000,0.000000,0.000000,0.000000
1778443172.464582,sequential_ik_elbow_then_wrist,0,0,-0.194858,0.083078,-0.212435,-0.373335,-0.054669,-0.014517,-0.083161,-0.061686,-0.281565,-0.330639,-0.116415,-0.442063,0.000001,0.043457,0.000965,0.208456,0.000342,0.037725,0.018136,0.194230,0.000000,0.000000,0.000000,1.181948,-0.778091,-0.000000,1.816290,-0.727097,-1.241623,3.138474,-0.199369,0.000000,0.000000,0.000000,0.000000,0.000000,0.000000
1778443172.528649,sequential_ik_elbow_then_wrist,0,0,-0.195230,0.079244,-0.213555,-0.371211,-0.060726,-0.014961,-0.086145,-0.056324,-0.281792,-0.327689,-0.112958,-0.450461,0.000002,0.044568,0.001324,0.211107,0.000420,0.033184,0.020117,0.182165,0.000000,0.000000,0.000000,1.181277,-0.781181,-0.000000,1.825038,-0.743426,-1.237955,3.138840,-0.199521,0.000000,0.000000,0.000000,0.000000,0.000000,0.000000
1778443172.581575,sequential_ik_elbow_then_wrist,0,0,-0.195516,0.079684,-0.213129,-0.370354,-0.061228,-0.014193,-0.084598,-0.056009,-0.282323,-0.318926,-0.111746,-0.461163,0.000000,0.044272,0.000464,0.210408,0.000272,0.027237,0.016193,0.165037,0.000000,0.000000,0.000000,1.181358,-0.783372,-0.000000,1.833290,-0.763188,-1.235922,3.139118,-0.199636,0.000000,0.000000,0.000000,0.000000,0.000000,0.000000
1778443172.649631,sequential_ik_elbow_then_wrist,0,0,-0.196198,0.079317,-0.212639,-0.371079,-0.061979,-0.014014,-0.083165,-0.055774,-0.282795,-0.310516,-0.113031,-0.469966,0.000000,0.044313,0.000525,0.210507,0.000175,0.022385,0.012981,0.149617,0.000000,0.000000,0.000000,1.182057,-0.784571,-0.000000,1.839354,-0.784043,-1.235117,3.139330,-0.199723,0.000000,0.000000,0.000000,0.000000,0.000000,0.000000
1778443172.706033,sequential_ik_elbow_then_wrist,0,0,-0.196097,0.079660,-0.212604,-0.368871,-0.062667,-0.012873,-0.082677,-0.056064,-0.282880,-0.310205,-0.112032,-0.470227,0.000000,0.044226,0.000083,0.210298,0.000114,0.021270,0.010496,0.145844,0.000000,0.000000,0.000000,1.182672,-0.785344,-0.000000,1.845655,-0.804593,-1.234640,3.139491,-0.199790,0.000000,0.000000,0.000000,0.000000,0.000000,0.000000
1778443172.771525,sequential_ik_elbow_then_wrist,0,0,-0.195129,0.080044,-0.213348,-0.361631,-0.063483,-0.009198,-0.081208,-0.054760,-0.283561,-0.309176,-0.105265,-0.471921,0.000000,0.043572,0.000384,0.208720,0.000083,0.021035,0.008947,0.145034,0.000000,0.000000,0.000000,1.182746,-0.786553,-0.000000,1.857175,-0.824164,-1.235487,3.139613,-0.199840,0.000000,0.000000,0.000000,0.000000,0.000000,0.000000
1778443172.824314,sequential_ik_elbow_then_wrist,0,0,-0.193810,0.079424,-0.214778,-0.357851,-0.062847,-0.007777,-0.078430,-0.053558,-0.284570,-0.304608,-0.102055,-0.475598,0.000001,0.042637,0.000531,0.206475,0.000051,0.019965,0.006974,0.141296,0.000000,0.000000,0.000000,1.182661,-0.788873,-0.000000,1.871238,-0.842027,-1.238241,3.139706,-0.199878,0.000000,0.000000,0.000000,0.000000,0.000000,0.000000
1778443172.889765,sequential_ik_elbow_then_wrist,0,0,-0.193583,0.079655,-0.214897,-0.357573,-0.062794,-0.007978,-0.077932,-0.053251,-0.284765,-0.304309,-0.101404,-0.475644,0.000000,0.042671,0.000251,0.206567,0.000036,0.019732,0.005891,0.140472,0.000000,0.000000,0.000000,1.182350,-0.791062,-0.000000,1.883971,-0.858097,-1.241152,3.139776,-0.199908,0.000000,0.000000,0.000000,0.000000,0.000000,0.000000
1778443172.943682,sequential_ik_elbow_then_wrist,0,0,-0.193823,0.081262,-0.214078,-0.360099,-0.061331,-0.009091,-0.076832,-0.053571,-0.285003,-0.303221,-0.101190,-0.476002,0.000001,0.043114,0.000788,0.207638,0.000019,0.019323,0.004265,0.139009,0.000000,0.000000,0.000000,1.181158,-0.792101,-0.000000,1.892328,-0.872098,-1.243965,3.139830,-0.199930,0.000000,0.000000,0.000000,0.000000,0.000000,0.000000
1778443173.022080,sequential_ik_elbow_then_wrist,0,0,-0.194543,0.082512,-0.212943,-0.359685,-0.060294,-0.007189,-0.076896,-0.055059,-0.284703,-0.302007,-0.101734,-0.477436,0.000001,0.043164,0.000876,0.207759,0.000007,0.018375,0.002680,0.135553,0.000000,0.000000,0.000000,1.179270,-0.791751,-0.000000,1.898934,-0.883863,-1.245610,3.139871,-0.199947,0.000000,0.000000,0.000000,0.000000,0.000000,0.000000
1778443173.103559,sequential_ik_elbow_then_wrist,0,0,-0.197397,0.081663,-0.210631,-0.366946,-0.058289,-0.006506,-0.077976,-0.056579,-0.284110,-0.305571,-0.099820,-0.474717,0.000002,0.043000,0.000991,0.207351,0.000004,0.019024,0.001869,0.137927,0.000000,0.000000,0.000000,1.178510,-0.789210,-0.000000,1.898151,-0.893577,-1.245585,3.139902,-0.199959,0.000000,0.000000,0.000000,0.000000,0.000000,0.000000
1778443173.166623,sequential_ik_elbow_then_wrist,0,0,-0.198321,0.081256,-0.209919,-0.370438,-0.060491,-0.009212,-0.073399,-0.059174,-0.284800,-0.299958,-0.099556,-0.477259,0.000001,0.044271,0.000713,0.210395,0.000007,0.018147,0.002618,0.134711,0.000000,0.000000,0.000000,1.178688,-0.786142,-0.000000,1.892470,-0.899859,-1.246625,3.139925,-0.199969,0.000000,0.000000,0.000000,0.000000,0.000000,0.000000
1778443173.220995,sequential_ik_elbow_then_wrist,0,0,-0.198959,0.080753,-0.209509,-0.375674,-0.062798,-0.014150,-0.074351,-0.062054,-0.283939,-0.302043,-0.098045,-0.475931,0.000001,0.045934,0.000631,0.214305,0.000015,0.018726,0.003707,0.136845,0.000000,0.000000,0.000000,1.179601,-0.783197,-0.000000,1.881659,-0.903060,-1.246013,3.139943,-0.199977,0.000000,0.000000,0.000000,0.000000,0.000000,0.000000
1778443173.290810,sequential_ik_elbow_then_wrist,0,0,-0.197186,0.081642,-0.210837,-0.378977,-0.063550,-0.021440,-0.065627,-0.067508,-0.284843,-0.282085,-0.104552,-0.489230,0.000001,0.047631,0.000560,0.218231,0.000136,0.014073,0.011453,0.118629,0.000000,0.000000,0.000000,1.179746,-0.781966,-0.000000,1.867722,-0.900650,-1.247390,3.139957,-0.199982,0.000000,0.000000,0.000000,0.000000,0.000000,0.000000
1778443173.346761,sequential_ik_elbow_then_wrist,0,0,-0.200502,0.080309,-0.208205,-0.388275,-0.061890,-0.022408,-0.059650,-0.067010,-0.286272,-0.272917,-0.105978,-0.493633,0.000002,0.047420,0.001212,0.217725,0.000174,0.013777,0.012924,0.117375,0.000000,0.000000,0.000000,1.181113,-0.778994,-0.000000,1.847478,-0.893600,-1.251880,3.139967,-0.199986,0.000000,0.000000,0.000000,0.000000,0.000000,0.000000
1778443173.397919,sequential_ik_elbow_then_wrist,0,0,-0.203107,0.078287,-0.206443,-0.395456,-0.063363,-0.024958,-0.055654,-0.066084,-0.287290,-0.268957,-0.106968,-0.494244,0.000005,0.047739,0.001862,0.218453,0.000175,0.014701,0.012993,0.121247,0.000000,0.000000,0.000000,1.184455,-0.774769,-0.000000,1.822015,-0.883230,-1.258251,3.139975,-0.199990,0.000000,0.000000,0.000000,0.000000,0.000000,0.000000
1778443173.436903,sequential_ik_elbow_then_wrist,0,0,-0.202452,0.078529,-0.206993,-0.397460,-0.065913,-0.030618,-0.055025,-0.065909,-0.287451,-0.269285,-0.106014,-0.493569,0.000000,0.049126,0.000560,0.221626,0.000140,0.016052,0.011678,0.126696,0.000000,0.000000,0.000000,1.187752,-0.771571,-0.000000,1.796094,-0.870939,-1.264000,3.139981,-0.199992,0.000000,0.000000,0.000000,0.000000,0.000000,0.000000
1778443173.509250,sequential_ik_elbow_then_wrist,0,0,-0.202577,0.077557,-0.207238,-0.395295,-0.066935,-0.028403,-0.055763,-0.064619,-0.287602,-0.275366,-0.101657,-0.488606,0.000001,0.048451,0.000686,0.220116,0.000083,0.019186,0.009027,0.138515,0.000000,0.000000,0.000000,1.191176,-0.769352,-0.000000,1.776258,-0.858213,-1.268696,3.139986,-0.199994,0.000000,0.000000,0.000000,0.000000,0.000000,0.000000
1778443173.562729,sequential_ik_elbow_then_wrist,0,0,-0.201939,0.078738,-0.207415,-0.395304,-0.062519,-0.026705,-0.056038,-0.064984,-0.287466,-0.276126,-0.100929,-0.488138,0.000000,0.046636,0.000303,0.215953,0.000066,0.020065,0.008034,0.141649,0.000000,0.000000,0.000000,1.193383,-0.767866,-0.000000,1.761212,-0.845526,-1.271981,3.139989,-0.199995,0.000000,0.000000,0.000000,0.000000,0.000000,0.000000
1778443173.606682,sequential_ik_elbow_then_wrist,0,0,-0.197577,0.079103,-0.211438,-0.382305,-0.059077,-0.019652,-0.053791,-0.061591,-0.288640,-0.270138,-0.095618,-0.493667,0.000005,0.043765,0.001654,0.209142,0.000043,0.019894,0.006414,0.141046,0.000000,0.000000,0.000000,1.193715,-0.770249,-0.000000,1.761749,-0.833558,-1.276921,3.139992,-0.199997,0.000000,0.000000,0.000000,0.000000,0.000000,0.000000
1778443173.667176,sequential_ik_elbow_then_wrist,0,0,-0.195229,0.080850,-0.212953,-0.376283,-0.054640,-0.015819,-0.052804,-0.060942,-0.288960,-0.268286,-0.095179,-0.494861,0.000005,0.041991,0.001817,0.204878,0.000036,0.020217,0.005895,0.142186,0.000000,0.000000,0.000000,1.191845,-0.774190,-0.000000,1.771958,-0.822367,-1.281942,3.139994,-0.199997,0.000000,0.000000,0.000000,0.000000,0.000000,0.000000
1778443173.735495,sequential_ik_elbow_then_wrist,0,0,-0.193363,0.080391,-0.214821,-0.371650,-0.054258,-0.014614,-0.052528,-0.060528,-0.289097,-0.268046,-0.094468,-0.495010,0.000002,0.041618,0.001201,0.203981,0.000027,0.020802,0.005176,0.144228,0.000000,0.000000,0.000000,1.189269,-0.779313,-0.000000,1.787355,-0.812042,-1.286333,3.139995,-0.199998,0.000000,0.000000,0.000000,0.000000,0.000000,0.000000
1778443173.788414,sequential_ik_elbow_then_wrist,0,0,-0.195149,0.076526,-0.214617,-0.373403,-0.052309,-0.010590,-0.055003,-0.058420,-0.289071,-0.271899,-0.090514,-0.493829,0.000003,0.039339,0.001592,0.198339,0.000003,0.022479,0.001728,0.149929,0.000000,0.000000,0.000000,1.189326,-0.783516,-0.000000,1.800579,-0.803588,-1.289645,3.139996,-0.199998,0.000000,0.000000,0.000000,0.000000,0.000000,0.000000
1778443173.855677,sequential_ik_elbow_then_wrist,0,0,-0.196855,0.076942,-0.212904,-0.374555,-0.053272,-0.009270,-0.057709,-0.055503,-0.289118,-0.284499,-0.087244,-0.482919,0.000002,0.039242,0.001016,0.198095,0.000004,0.027441,0.002011,0.165655,0.000000,0.000000,0.000000,1.190474,-0.785272,-0.000000,1.809928,-0.797868,-1.292270,3.139997,-0.199999,0.000000,0.000000,0.000000,0.000000,0.000000,0.000000
1778443173.922596,sequential_ik_elbow_then_wrist,0,0,-0.201997,0.076107,-0.208338,-0.383758,-0.053511,-0.007933,-0.059064,-0.054237,-0.289085,-0.291995,-0.086199,-0.475422,0.000009,0.039349,0.002270,0.198339,0.000012,0.030460,0.003461,0.174527,0.000000,0.000000,0.000000,1.193474,-0.782324,-0.000000,1.809043,-0.794734,-1.294245,3.139998,-0.199999,0.000000,0.000000,0.000000,0.000000,0.000000,0.000000
1778443173.985904,sequential_ik_elbow_then_wrist,0,0,-0.208161,0.076280,-0.202115,-0.389581,-0.053717,-0.001647,-0.059341,-0.053619,-0.289143,-0.293396,-0.084061,-0.474323,0.000016,0.038824,0.002829,0.197014,0.000014,0.031033,0.003667,0.176163,0.000000,0.000000,0.000000,1.197977,-0.773840,-0.000000,1.800773,-0.793635,-1.295882,3.139998,-0.199999,0.000000,0.000000,0.000000,0.000000,0.000000,0.000000
1778443174.043726,sequential_ik_elbow_then_wrist,0,0,-0.225696,0.075218,-0.182766,-0.398741,-0.059655,0.021843,-0.057671,-0.050026,-0.290123,-0.296043,-0.081093,-0.469605,0.000107,0.038618,0.007225,0.196473,0.000023,0.033563,0.004635,0.183201,0.000000,0.000000,0.000000,1.206719,-0.750407,-0.000000,1.784766,-0.794348,-1.299511,3.139999,-0.199999,0.000000,0.000000,0.000000,0.000000,0.000000,0.000000
1778443174.115241,sequential_ik_elbow_then_wrist,0,0,-0.227041,0.075618,-0.180926,-0.398047,-0.061201,0.024104,-0.060065,-0.049117,-0.289793,-0.301129,-0.080851,-0.465523,0.000012,0.038352,0.002411,0.195825,0.000039,0.035213,0.006205,0.187653,0.000000,0.000000,0.000000,1.215559,-0.727264,-0.000000,1.767146,-0.796977,-1.302093,3.139999,-0.200000,0.000000,0.000000,0.000000,0.000000,0.000000,0.000000
1778443174.155577,sequential_ik_elbow_then_wrist,0,0,-0.225566,0.076204,-0.182518,-0.394912,-0.061937,0.023003,-0.060617,-0.048630,-0.289760,-0.299003,-0.080761,-0.469035,0.000000,0.038415,0.000133,0.195999,0.000040,0.033354,0.006256,0.182630,0.000000,0.000000,0.000000,1.222491,-0.709686,-0.000000,1.753618,-0.801086,-1.303938,3.139999,-0.200000,0.000000,0.000000,0.000000,0.000000,0.000000,0.000000
1778443174.218235,sequential_ik_elbow_then_wrist,0,0,-0.224316,0.076276,-0.184023,-0.393216,-0.062361,0.021531,-0.061525,-0.048595,-0.289574,-0.299301,-0.080949,-0.469617,0.000000,0.038575,0.000455,0.196405,0.000040,0.032562,0.006221,0.180450,0.000000,0.000000,0.000000,1.227550,-0.697502,-0.000000,1.744629,-0.806318,-1.304871,3.139999,-0.200000,0.000000,0.000000,0.000000,0.000000,0.000000,0.000000
1778443174.283226,sequential_ik_elbow_then_wrist,0,0,-0.223776,0.075609,-0.184953,-0.389691,-0.064058,0.022327,-0.066034,-0.045805,-0.289035,-0.318464,-0.076852,-0.448142,0.000000,0.038629,0.000391,0.196538,0.000106,0.041664,0.010180,0.204118,0.000000,0.000000,0.000000,1.231599,-0.689239,-0.000000,1.741337,-0.813798,-1.304473,3.140000,-0.200000,0.000000,0.000000,0.000000,0.000000,0.000000,0.000000
1778443174.336312,sequential_ik_elbow_then_wrist,0,0,-0.223923,0.075495,-0.184821,-0.388941,-0.064940,0.022657,-0.065212,-0.044734,-0.289390,-0.316426,-0.076316,-0.450305,0.000000,0.038748,0.000120,0.196843,0.000089,0.040015,0.009361,0.200037,0.000000,0.000000,0.000000,1.234851,-0.683083,-0.000000,1.740624,-0.822708,-1.304681,3.140000,-0.200000,0.000000,0.000000,0.000000,0.000000,0.000000,0.000000
1778443174.400087,sequential_ik_elbow_then_wrist,0,0,-0.222243,0.075537,-0.186821,-0.388767,-0.064769,0.019538,-0.066008,-0.044614,-0.289227,-0.314885,-0.075396,-0.453886,0.000001,0.038942,0.000621,0.197337,0.000082,0.037925,0.008958,0.194743,0.000000,0.000000,0.000000,1.237034,-0.680005,-0.000000,1.740648,-0.832567,-1.304546,3.140000,-0.200000,0.000000,0.000000,0.000000,0.000000,0.000000,0.000000
1778443174.455570,sequential_ik_elbow_then_wrist,0,0,-0.220375,0.073483,-0.189829,-0.390377,-0.066532,0.013875,-0.060356,-0.043466,-0.290634,-0.295579,-0.073175,-0.474448,0.000003,0.039476,0.001121,0.198685,0.000035,0.029804,0.005700,0.172637,0.000000,0.000000,0.000000,1.239412,-0.680416,-0.000000,1.739432,-0.841919,-1.307564,3.140000,-0.200000,0.000000,0.000000,0.000000,0.000000,0.000000,0.000000
1778443174.520586,sequential_ik_elbow_then_wrist,0,0,-0.218553,0.071009,-0.192853,-0.392887,-0.069874,0.006546,-0.056299,-0.044862,-0.291235,-0.282139,-0.075422,-0.486330,0.000004,0.040390,0.001452,0.200969,0.000004,0.024882,0.001906,0.157740,0.000000,0.000000,0.000000,1.242598,-0.683781,-0.000000,1.735690,-0.849581,-1.311972,3.140000,-0.200000,0.000000,0.000000,0.000000,0.000000,0.000000,0.000000
1778443174.584533,sequential_ik_elbow_then_wrist,0,0,-0.216841,0.070425,-0.194988,-0.393328,-0.071067,0.002071,-0.053695,-0.046407,-0.291485,-0.275129,-0.077748,-0.491446,0.000002,0.040625,0.000978,0.201555,0.000001,0.022663,0.001106,0.150543,0.000000,0.000000,0.000000,1.245594,-0.688763,-0.000000,1.731355,-0.855086,-1.316445,3.140000,-0.200000,0.000000,0.000000,0.000000,0.000000,0.000000,0.000000
1778443174.637840,sequential_ik_elbow_then_wrist,0,0,-0.218625,0.068712,-0.193602,-0.397287,-0.073605,0.000886,-0.054228,-0.045846,-0.291475,-0.275114,-0.078613,-0.491813,0.000002,0.041047,0.001080,0.202594,0.000000,0.022627,0.000246,0.150423,0.000000,0.000000,0.000000,1.249449,-0.691983,-0.000000,1.724263,-0.859198,-1.320070,3.140000,-0.200000,0.000000,0.000000,0.000000,0.000000,0.000000,0.000000
1778443174.696992,sequential_ik_elbow_then_wrist,0,0,-0.214873,0.071261,-0.196854,-0.393829,-0.069828,-0.001742,-0.055428,-0.045767,-0.291261,-0.280094,-0.079157,-0.487246,0.000003,0.040265,0.001404,0.200661,0.000000,0.024244,0.000580,0.155704,0.000000,0.000000,0.000000,1.250832,-0.696943,-0.000000,1.720136,-0.862494,-1.322325,3.140000,-0.200000,0.000000,0.000000,0.000000,0.000000,0.000000,0.000000
1778443174.760337,sequential_ik_elbow_then_wrist,0,0,-0.215283,0.072084,-0.196105,-0.394415,-0.068574,-0.000843,-0.058273,-0.044155,-0.290955,-0.296242,-0.075119,-0.470987,0.000001,0.040360,0.000715,0.200899,0.000011,0.031078,0.003314,0.176290,0.000000,0.000000,0.000000,1.250836,-0.700675,-0.000000,1.717644,-0.866033,-1.323187,3.140000,-0.200000,0.000000,0.000000,0.000000,0.000000,0.000000,0.000000
1778443174.821783,sequential_ik_elbow_then_wrist,0,0,-0.214656,0.073680,-0.196199,-0.393677,-0.066019,-0.000148,-0.059884,-0.043971,-0.290655,-0.298931,-0.073293,-0.469531,0.000001,0.040171,0.001018,0.200426,0.000017,0.031554,0.004084,0.177633,0.000000,0.000000,0.000000,1.249347,-0.703580,-0.000000,1.716896,-0.870020,-1.322920,3.140000,-0.200000,0.000000,0.000000,0.000000,0.000000,0.000000,0.000000
1778443174.881996,sequential_ik_elbow_then_wrist,0,0,-0.213929,0.075614,-0.196257,-0.392484,-0.062489,0.001342,-0.063885,-0.043672,-0.289847,-0.302710,-0.072255,-0.469139,0.000002,0.039736,0.001292,0.199338,0.000040,0.031302,0.006239,0.176924,0.000000,0.000000,0.000000,1.246322,-0.705852,-0.000000,1.718173,-0.875083,-1.320621,3.140000,-0.200000,0.000000,0.000000,0.000000,0.000000,0.000000,0.000000
1778443174.933522,sequential_ik_elbow_then_wrist,0,0,-0.214717,0.077449,-0.194675,-0.393263,-0.060349,0.003147,-0.064754,-0.044873,-0.289471,-0.304314,-0.071395,-0.468098,0.000002,0.040003,0.001245,0.200007,0.000028,0.030930,0.005249,0.175870,0.000000,0.000000,0.000000,1.242324,-0.706306,-0.000000,1.719613,-0.880698,-1.317455,3.140000,-0.200000,0.000000,0.000000,0.000000,0.000000,0.000000,0.000000
1778443175.006979,sequential_ik_elbow_then_wrist,0,0,-0.214758,0.078255,-0.194307,-0.394998,-0.060840,0.001055,-0.064783,-0.047306,-0.289077,-0.302713,-0.073465,-0.469922,0.000001,0.041350,0.000817,0.203346,0.000010,0.029048,0.003031,0.170435,0.000000,0.000000,0.000000,1.238120,-0.706061,-0.000000,1.719403,-0.885999,-1.313730,3.140000,-0.200000,0.000000,0.000000,0.000000,0.000000,0.000000,0.000000
1778443175.060802,sequential_ik_elbow_then_wrist,0,0,-0.213506,0.080557,-0.194745,-0.396762,-0.058819,-0.002413,-0.070983,-0.047618,-0.287566,-0.313604,-0.072480,-0.462257,0.000003,0.042344,0.001404,0.205774,0.000039,0.031256,0.005988,0.176795,0.000000,0.000000,0.000000,1.232847,-0.706097,-0.000000,1.717216,-0.892145,-1.307316,3.140000,-0.200000,0.000000,0.000000,0.000000,0.000000,0.000000,0.000000
1778443175.129799,sequential_ik_elbow_then_wrist,0,0,-0.213504,0.081708,-0.194267,-0.397509,-0.059817,-0.004233,-0.074183,-0.047983,-0.286696,-0.320002,-0.073127,-0.456816,0.000001,0.044032,0.001036,0.209837,0.000047,0.031993,0.006662,0.178866,0.000000,0.000000,0.000000,1.227313,-0.705786,-0.000000,1.714560,-0.899321,-1.299799,3.140000,-0.200000,0.000000,0.000000,0.000000,0.000000,0.000000,0.000000
1778443175.187581,sequential_ik_elbow_then_wrist,0,0,-0.218839,0.082418,-0.187928,-0.398946,-0.062163,0.003534,-0.075571,-0.047270,-0.286452,-0.327201,-0.072120,-0.447898,0.000008,0.044955,0.001913,0.212027,0.000050,0.034597,0.007000,0.186004,0.000000,0.000000,0.000000,1.223225,-0.700397,-0.000000,1.711943,-0.907496,-1.292991,3.140000,-0.200000,0.000000,0.000000,0.000000,0.000000,0.000000,0.000000
1778443175.257284,sequential_ik_elbow_then_wrist,0,0,-0.221224,0.079859,-0.186232,-0.392075,-0.066549,0.012199,-0.063847,-0.046262,-0.289454,-0.317846,-0.077611,-0.445984,0.000004,0.044297,0.001611,0.210457,0.000012,0.035115,0.002408,0.187390,0.000000,0.000000,0.000000,1.222162,-0.693787,-0.000000,1.715474,-0.913978,-1.294005,3.140000,-0.200000,0.000000,0.000000,0.000000,0.000000,0.000000,0.000000
1778443175.298420,sequential_ik_elbow_then_wrist,0,0,-0.216134,0.077281,-0.193168,-0.390737,-0.070648,0.000819,-0.047100,-0.049283,-0.292152,-0.275971,-0.082932,-0.483165,0.000009,0.045621,0.002003,0.213589,0.000140,0.021919,0.011160,0.148051,0.000000,0.000000,0.000000,1.222578,-0.693710,-0.000000,1.719462,-0.915477,-1.303519,3.140000,-0.200000,0.000000,0.000000,0.000000,0.000000,0.000000,0.000000
1778443175.367732,sequential_ik_elbow_then_wrist,0,0,-0.200921,0.074940,-0.209797,-0.371453,-0.074926,-0.013687,-0.058433,-0.052302,-0.289569,-0.289217,-0.089979,-0.477503,0.000071,0.046150,0.005643,0.214728,0.000040,0.023474,0.005929,0.153212,0.000000,0.000000,0.000000,1.221551,-0.708640,-0.000000,1.738051,-0.914792,-1.305821,3.140000,-0.200000,0.000000,0.000000,0.000000,0.000000,0.000000,0.000000
1778443175.430156,sequential_ik_elbow_then_wrist,0,0,-0.194087,0.073362,-0.216676,-0.366847,-0.076692,-0.022671,-0.078948,-0.050599,-0.284968,-0.341233,-0.077370,-0.428111,0.000029,0.046591,0.003617,0.215812,0.000091,0.042531,0.008287,0.206231,0.000000,0.000000,0.000000,1.219646,-0.729452,-0.000000,1.761919,-0.916988,-1.296608,3.140000,-0.200000,0.000000,0.000000,0.000000,0.000000,0.000000,0.000000
1778443175.486366,sequential_ik_elbow_then_wrist,0,0,-0.195279,0.069961,-0.216729,-0.367120,-0.074122,-0.017454,-0.085598,-0.050909,-0.282986,-0.346975,-0.074768,-0.428289,0.000004,0.043490,0.001545,0.208535,0.000102,0.039693,0.009625,0.199230,0.000000,0.000000,0.000000,1.219842,-0.747485,-0.000000,1.784514,-0.922608,-1.283410,3.140000,-0.200000,0.000000,0.000000,0.000000,0.000000,0.000000,0.000000
1778443175.543775,sequential_ik_elbow_then_wrist,0,0,-0.212445,0.063456,-0.202091,-0.385069,-0.079510,-0.002688,-0.084033,-0.052359,-0.283191,-0.349102,-0.080371,-0.420863,0.000092,0.042309,0.007471,0.205626,0.000039,0.039783,0.006146,0.199458,0.000000,0.000000,0.000000,1.227973,-0.749139,-0.000000,1.789230,-0.929578,-1.272179,3.140000,-0.200000,0.000000,0.000000,0.000000,0.000000,0.000000,0.000000
1778443175.602020,sequential_ik_elbow_then_wrist,0,0,-0.215393,0.058165,-0.200556,-0.389888,-0.077491,0.002296,-0.123544,-0.050491,-0.268677,-0.415038,-0.073808,-0.335669,0.000041,0.037522,0.005398,0.193654,0.000746,0.066480,0.025164,0.257837,0.000000,0.000000,0.000000,1.241386,-0.746344,-0.000000,1.782126,-0.947663,-1.241632,3.140000,-0.200000,0.000000,0.000000,0.000000,0.000000,0.000000,0.000000
1778443175.667961,sequential_ik_elbow_then_wrist,0,0,-0.214491,0.058547,-0.201410,-0.386520,-0.077680,0.003158,-0.121633,-0.046880,-0.270199,-0.418249,-0.064438,-0.311558,0.000005,0.035745,0.001977,0.189062,0.000405,0.070813,0.019477,0.266107,0.000000,0.000000,0.000000,1.254361,-0.743960,-0.000000,1.774462,-0.973065,-1.215046,3.140000,-0.200000,0.000000,0.000000,0.000000,0.000000,0.000000,0.000000
1778443175.721355,sequential_ik_elbow_then_wrist,0,0,-0.216766,0.055310,-0.199883,-0.376333,-0.078658,0.015966,-0.133936,-0.046399,-0.264402,-0.433439,-0.062062,-0.271640,0.000009,0.032746,0.002507,0.180931,0.000405,0.079883,0.019117,0.282635,0.000000,0.000000,0.000000,1.267711,-0.740825,-0.000000,1.776348,-1.004608,-1.186062,3.140000,-0.200000,0.000000,0.000000,0.000000,0.000000,0.000000,0.000000
1778443175.789165,sequential_ik_elbow_then_wrist,0,0,-0.223384,0.057521,-0.191810,-0.365191,-0.079583,0.034229,-0.143870,-0.046011,-0.259199,-0.442692,-0.056273,-0.234700,0.000016,0.031154,0.002690,0.176449,0.000316,0.087731,0.016685,0.296194,0.000000,0.000000,0.000000,1.279094,-0.731555,-0.000000,1.788483,-1.040256,-1.155203,3.140000,-0.200000,0.000000,0.000000,0.000000,0.000000,0.000000,0.000000
1778443175.847539,sequential_ik_elbow_then_wrist,0,0,-0.225245,0.057190,-0.189721,-0.365306,-0.082273,0.035963,-0.146118,-0.046529,-0.257846,-0.441980,-0.051462,-0.208433,0.000004,0.031764,0.001373,0.178224,0.000146,0.094798,0.011417,0.307893,0.000000,0.000000,0.000000,1.288747,-0.721262,-0.000000,1.799537,-1.075894,-1.127751,3.140000,-0.200000,0.000000,0.000000,0.000000,0.000000,0.000000,0.000000
1778443175.915675,sequential_ik_elbow_then_wrist,0,0,-0.225693,0.062543,-0.187487,-0.369052,-0.079172,0.034696,-0.158899,-0.048241,-0.249848,-0.446366,-0.051280,-0.164094,0.000006,0.032701,0.001994,0.180832,0.000129,0.106933,0.010026,0.327006,0.000000,0.000000,0.000000,1.293363,-0.710929,-0.000000,1.805308,-1.110582,-1.096597,3.140000,-0.200000,0.000000,0.000000,0.000000,0.000000,0.000000,0.000000
1778443175.969577,sequential_ik_elbow_then_wrist,0,0,-0.224223,0.062213,-0.189351,-0.370867,-0.077547,0.031924,-0.158635,-0.049894,-0.249691,-0.452644,-0.049073,-0.190040,0.000001,0.032962,0.000803,0.181553,0.000028,0.089149,0.004862,0.298578,0.000000,0.000000,0.000000,1.295745,-0.703975,-0.000000,1.807707,-1.141036,-1.070250,3.140000,-0.200000,0.000000,0.000000,0.000000,0.000000,0.000000,0.000000
1778443176.022668,sequential_ik_elbow_then_wrist,0,0,-0.222200,0.061998,-0.191790,-0.370041,-0.075693,0.029985,-0.152634,-0.050925,-0.253198,-0.452319,-0.054015,-0.239794,0.000002,0.032527,0.000907,0.180352,0.000005,0.066665,0.001688,0.258195,0.000000,0.000000,0.000000,1.296900,-0.700844,-0.000000,1.809939,-1.165162,-1.053537,3.140000,-0.200000,0.000000,0.000000,0.000000,0.000000,0.000000,0.000000
1778443176.084414,sequential_ik_elbow_then_wrist,0,0,-0.222058,0.063799,-0.191364,-0.373491,-0.070847,0.029857,-0.150703,-0.050579,-0.254422,-0.450459,-0.054749,-0.265774,0.000001,0.031725,0.000897,0.178114,0.000002,0.056885,0.000979,0.238507,0.000000,0.000000,0.000000,1.296420,-0.698616,-0.000000,1.809498,-1.183958,-1.043006,3.140000,-0.200000,0.000000,0.000000,0.000000,0.000000,0.000000,0.000000
1778443176.151282,sequential_ik_elbow_then_wrist,0,0,-0.229217,0.067844,-0.181265,-0.382089,-0.065757,0.039599,-0.140993,-0.047518,-0.260505,-0.438011,-0.051484,-0.302513,0.000021,0.031443,0.003137,0.177299,0.000019,0.047427,0.002906,0.217777,0.000000,0.000000,0.000000,1.294312,-0.689007,-0.000000,1.802098,-1.198419,-1.042815,3.140000,-0.200000,0.000000,0.000000,0.000000,0.000000,0.000000,0.000000
1778443176.202037,sequential_ik_elbow_then_wrist,0,0,-0.229332,0.067841,-0.181120,-0.383559,-0.066998,0.038043,-0.140137,-0.047613,-0.260950,-0.436408,-0.053851,-0.307686,0.000001,0.032673,0.000823,0.180751,0.000002,0.046964,0.000874,0.216712,0.000000,0.000000,0.000000,1.292051,-0.679779,-0.000000,1.792581,-1.209338,-1.045011,3.140000,-0.200000,0.000000,0.000000,0.000000,0.000000,0.000000,0.000000
1778443176.272246,sequential_ik_elbow_then_wrist,0,0,-0.220750,0.071884,-0.190006,-0.372068,-0.065557,0.029568,-0.133791,-0.046649,-0.264431,-0.427257,-0.057982,-0.325660,0.000023,0.033754,0.003604,0.183691,0.000009,0.042648,0.002038,0.206514,0.000000,0.000000,0.000000,1.286158,-0.679316,-0.000000,1.793574,-1.217022,-1.051667,3.140000,-0.200000,0.000000,0.000000,0.000000,0.000000,0.000000,0.000000
1778443176.329525,sequential_ik_elbow_then_wrist,0,0,-0.216976,0.071912,-0.194293,-0.367803,-0.065352,0.025729,-0.134347,-0.047192,-0.264053,-0.427812,-0.057701,-0.325435,0.000011,0.034366,0.002408,0.185355,0.000001,0.043553,0.000874,0.208693,0.000000,0.000000,0.000000,1.279310,-0.683899,-0.000000,1.801665,-1.222271,-1.057373,3.140000,-0.200000,0.000000,0.000000,0.000000,0.000000,0.000000,0.000000
1778443176.397737,sequential_ik_elbow_then_wrist,0,0,-0.206728,0.075875,-0.203732,-0.357264,-0.061415,0.016473,-0.127022,-0.046448,-0.267783,-0.416846,-0.058000,-0.344392,0.000043,0.034749,0.004939,0.186349,0.000012,0.039369,0.002636,0.198417,0.000000,0.000000,0.000000,1.268854,-0.696315,-0.000000,1.819347,-1.225025,-1.066838,3.140000,-0.200000,0.000000,0.000000,0.000000,0.000000,0.000000,0.000000
1778443176.447718,sequential_ik_elbow_then_wrist,0,0,-0.206444,0.075976,-0.203982,-0.360217,-0.060093,0.014740,-0.126660,-0.046190,-0.268000,-0.416732,-0.056433,-0.343851,0.000005,0.035511,0.001888,0.188439,0.000002,0.041030,0.001358,0.202560,0.000000,0.000000,0.000000,1.258540,-0.707986,-0.000000,1.835748,-1.226300,-1.075497,3.140000,-0.200000,0.000000,0.000000,0.000000,0.000000,0.000000,0.000000
1778443176.509927,sequential_ik_elbow_then_wrist,0,0,-0.206765,0.075520,-0.203826,-0.363459,-0.059831,0.013261,-0.125792,-0.046622,-0.268333,-0.413721,-0.052899,-0.352341,0.000000,0.036130,0.000530,0.190078,0.000002,0.038923,0.001454,0.197288,0.000000,0.000000,0.000000,1.249994,-0.717232,-0.000000,1.847151,-1.226343,-1.082873,3.140000,-0.200000,0.000000,0.000000,0.000000,0.000000,0.000000,0.000000
1778443176.570947,sequential_ik_elbow_then_wrist,0,0,-0.210311,0.075306,-0.200245,-0.366004,-0.059251,0.018053,-0.125291,-0.048152,-0.268297,-0.411176,-0.051118,-0.359190,0.000003,0.035725,0.001145,0.189008,0.000005,0.036975,0.002226,0.192288,0.000000,0.000000,0.000000,1.244045,-0.721356,-0.000000,1.853726,-1.224931,-1.088619,3.140000,-0.200000,0.000000,0.000000,0.000000,0.000000,0.000000,0.000000
1778443176.626051,sequential_ik_elbow_then_wrist,0,0,-0.213202,0.076983,-0.196516,-0.364880,-0.057280,0.024770,-0.124814,-0.048771,-0.268408,-0.407724,-0.054693,-0.368042,0.000004,0.034817,0.001387,0.186592,0.000005,0.033785,0.002183,0.183807,0.000000,0.000000,0.000000,1.239397,-0.720758,-0.000000,1.858686,-1.222446,-1.093170,3.140000,-0.200000,0.000000,0.000000,0.000000,0.000000,0.000000,0.000000
1778443176.688883,sequential_ik_elbow_then_wrist,0,0,-0.213210,0.076393,-0.196737,-0.368246,-0.055056,0.023910,-0.116063,-0.051241,-0.271852,-0.392312,-0.065586,-0.387958,0.000000,0.034333,0.000318,0.185286,0.000042,0.028412,0.005972,0.168560,0.000000,0.000000,0.000000,1.236152,-0.719631,-0.000000,1.859260,-1.217024,-1.101633,3.140000,-0.200000,0.000000,0.000000,0.000000,0.000000,0.000000,0.000000
1778443176.744364,sequential_ik_elbow_then_wrist,0,0,-0.214067,0.079744,-0.194464,-0.371339,-0.051666,0.024618,-0.097927,-0.055183,-0.278146,-0.357606,-0.071043,-0.427528,0.000003,0.034438,0.001336,0.185568,0.000208,0.020385,0.013298,0.142775,0.000000,0.000000,0.000000,1.232050,-0.716773,-0.000000,1.856220,-1.205855,-1.119333,3.140000,-0.200000,0.000000,0.000000,0.000000,0.000000,0.000000,0.000000
1778443176.810488,sequential_ik_elbow_then_wrist,0,0,-0.213344,0.082236,-0.194220,-0.370853,-0.050437,0.023928,-0.083443,-0.055347,-0.282797,-0.320348,-0.084600,-0.464512,0.000003,0.035323,0.001552,0.187943,0.000283,0.013096,0.015881,0.114437,0.000000,0.000000,0.000000,1.226659,-0.713947,-0.000000,1.853469,-1.189897,-1.143766,3.140000,-0.200000,0.000000,0.000000,0.000000,0.000000,0.000000,0.000000
1778443176.865589,sequential_ik_elbow_then_wrist,0,0,-0.213194,0.081856,-0.194546,-0.370113,-0.050395,0.024283,-0.071489,-0.056917,-0.285744,-0.301484,-0.090438,-0.475425,0.000000,0.035592,0.000512,0.188658,0.000388,0.012973,0.019071,0.113898,0.000000,0.000000,0.000000,1.221806,-0.711910,-0.000000,1.852195,-1.169721,-1.171036,3.140000,-0.200000,0.000000,0.000000,0.000000,0.000000,0.000000,0.000000
1778443176.935310,sequential_ik_elbow_then_wrist,0,0,-0.210143,0.084254,-0.196827,-0.373185,-0.044528,0.019581,-0.063482,-0.056946,-0.287623,-0.295585,-0.088500,-0.475060,0.000005,0.035268,0.001753,0.187796,0.000414,0.015840,0.019925,0.125859,0.000000,0.000000,0.000000,1.215754,-0.712248,-0.000000,1.848894,-1.146743,-1.197922,3.140000,-0.200000,0.000000,0.000000,0.000000,0.000000,0.000000,0.000000
1778443176.990885,sequential_ik_elbow_then_wrist,0,0,-0.205574,0.083681,-0.201834,-0.370040,-0.046370,0.012730,-0.070518,-0.057626,-0.285843,-0.305430,-0.087208,-0.470075,0.000008,0.036641,0.002063,0.191415,0.000231,0.017918,0.014950,0.133859,0.000000,0.000000,0.000000,1.209465,-0.717068,-0.000000,1.848790,-1.123511,-1.215323,3.140000,-0.200000,0.000000,0.000000,0.000000,0.000000,0.000000,0.000000
1778443177.056366,sequential_ik_elbow_then_wrist,0,0,-0.206750,0.082795,-0.200996,-0.371520,-0.047077,0.013443,-0.074863,-0.057993,-0.284662,-0.319974,-0.081959,-0.455969,0.000000,0.036859,0.000132,0.191987,0.000134,0.022868,0.011337,0.151223,0.000000,0.000000,0.000000,1.204733,-0.721076,-0.000000,1.849085,-1.101271,-1.225140,3.140000,-0.200000,0.000000,0.000000,0.000000,0.000000,0.000000,0.000000
1778443177.110142,sequential_ik_elbow_then_wrist,0,0,-0.216441,0.084921,-0.189582,-0.367259,-0.048905,0.032554,-0.064883,-0.057415,-0.287217,-0.313987,-0.078588,-0.453044,0.000027,0.035841,0.003480,0.189310,0.000206,0.025899,0.014040,0.160932,0.000000,0.000000,0.000000,1.202150,-0.714922,-0.000000,1.853266,-1.078879,-1.237329,3.140000,-0.200000,0.000000,0.000000,0.000000,0.000000,0.000000,0.000000
1778443177.182827,sequential_ik_elbow_then_wrist,0,0,-0.217523,0.086209,-0.187754,-0.367378,-0.050307,0.033395,-0.083467,-0.057742,-0.282310,-0.342299,-0.073205,-0.433197,0.000004,0.036786,0.001320,0.191796,0.000040,0.032842,0.005014,0.181224,0.000000,0.000000,0.000000,1.200115,-0.706688,-0.000000,1.856526,-1.060315,-1.237335,3.140000,-0.200000,0.000000,0.000000,0.000000,0.000000,0.000000,0.000000
1778443177.244181,sequential_ik_elbow_then_wrist,0,0,-0.219153,0.088843,-0.184605,-0.366335,-0.053345,0.034758,-0.089085,-0.058527,-0.280425,-0.350875,-0.066411,-0.426725,0.000004,0.038726,0.001430,0.196790,0.000011,0.034482,0.002303,0.185693,0.000000,0.000000,0.000000,1.197399,-0.697140,-0.000000,1.859896,-1.045713,-1.231829,3.140000,-0.200000,0.000000,0.000000,0.000000,0.000000,0.000000,0.000000
1778443177.296862,sequential_ik_elbow_then_wrist,0,0,-0.220176,0.090599,-0.182522,-0.367732,-0.051553,0.036612,-0.092579,-0.058500,-0.279297,-0.355603,-0.064375,-0.423464,0.000003,0.039012,0.001172,0.197515,0.000004,0.034917,0.001375,0.186861,0.000000,0.000000,0.000000,1.194103,-0.687506,-0.000000,1.861488,-1.034957,-1.224448,3.140000,-0.200000,0.000000,0.000000,0.000000,0.000000,0.000000,0.000000
1778443177.358127,sequential_ik_elbow_then_wrist,0,0,-0.221104,0.088686,-0.182339,-0.365648,-0.057651,0.036047,-0.092536,-0.058632,-0.279284,-0.357063,-0.062330,-0.420747,0.000001,0.040771,0.000580,0.201917,0.000000,0.035756,0.000537,0.189093,0.000000,0.000000,0.000000,1.192435,-0.679497,-0.000000,1.864346,-1.027011,-1.218084,3.140000,-0.200000,0.000000,0.000000,0.000000,0.000000,0.000000,0.000000
1778443177.411319,sequential_ik_elbow_then_wrist,0,0,-0.221262,0.089337,-0.181830,-0.368057,-0.059374,0.033428,-0.090812,-0.059099,-0.279751,-0.356182,-0.063080,-0.419619,0.000000,0.042089,0.000205,0.205155,0.000001,0.036098,0.000742,0.189993,0.000000,0.000000,0.000000,1.191153,-0.672858,-0.000000,1.865082,-1.020621,-1.213869,3.140000,-0.200000,0.000000,0.000000,0.000000,0.000000,0.000000,0.000000
1778443177.477887,sequential_ik_elbow_then_wrist,0,0,-0.220845,0.089455,-0.182278,-0.369691,-0.060686,0.030565,-0.091243,-0.059007,-0.279630,-0.362234,-0.057799,-0.408325,0.000000,0.043185,0.000134,0.207809,0.000000,0.041282,0.000324,0.203180,0.000000,0.000000,0.000000,1.190008,-0.668033,-0.000000,1.863966,-1.015603,-1.210600,3.140000,-0.200000,0.000000,0.000000,0.000000,0.000000,0.000000,0.000000
1778443177.535257,sequential_ik_elbow_then_wrist,0,0,-0.224798,0.087855,-0.178177,-0.368808,-0.063602,0.037048,-0.094979,-0.059753,-0.278224,-0.371104,-0.055600,-0.395432,0.000005,0.042882,0.001582,0.207081,0.000003,0.045893,0.001233,0.214226,0.000000,0.000000,0.000000,1.190907,-0.661254,-0.000000,1.863200,-1.012229,-1.205747,3.140000,-0.200000,0.000000,0.000000,0.000000,0.000000,0.000000,0.000000
1778443177.607057,sequential_ik_elbow_then_wrist,0,0,-0.224568,0.087965,-0.178413,-0.368304,-0.062952,0.037374,-0.095987,-0.059787,-0.277871,-0.371951,-0.056892,-0.395494,0.000000,0.042325,0.000390,0.205731,0.000002,0.044995,0.001183,0.212120,0.000000,0.000000,0.000000,1.192145,-0.655568,-0.000000,1.862345,-1.010238,-1.200937,3.140000,-0.200000,0.000000,0.000000,0.000000,0.000000,0.000000,0.000000
1778443177.663582,sequential_ik_elbow_then_wrist,0,0,-0.226770,0.088306,-0.175434,-0.370054,-0.062008,0.041073,-0.097583,-0.058873,-0.277509,-0.374414,-0.056431,-0.393089,0.000002,0.041774,0.000941,0.204385,0.000005,0.045490,0.002213,0.213283,0.000000,0.000000,0.000000,1.193597,-0.648850,-0.000000,1.859856,-1.009873,-1.196447,3.140000,-0.200000,0.000000,0.000000,0.000000,0.000000,0.000000,0.000000
1778443177.722975,sequential_ik_elbow_then_wrist,0,0,-0.232531,0.088505,-0.167619,-0.373458,-0.060902,0.051051,-0.092767,-0.057731,-0.279395,-0.368400,-0.057876,-0.397827,0.000014,0.040712,0.002513,0.201763,0.000003,0.044005,0.001185,0.209773,0.000000,0.000000,0.000000,1.196073,-0.637319,-0.000000,1.853728,-1.009840,-1.195956,3.140000,-0.200000,0.000000,0.000000,0.000000,0.000000,0.000000,0.000000
1778443177.791124,sequential_ik_elbow_then_wrist,0,0,-0.238442,0.089135,-0.158746,-0.379355,-0.057196,0.062004,-0.091159,-0.059444,-0.279565,-0.368797,-0.059033,-0.393217,0.000021,0.039040,0.003072,0.197559,0.000003,0.046009,0.001530,0.214496,0.000000,0.000000,0.000000,1.199397,-0.620561,-0.000000,1.841167,-1.009068,-1.196546,3.140000,-0.200000,0.000000,0.000000,0.000000,0.000000,0.000000,0.000000
1778443177.844909,sequential_ik_elbow_then_wrist,0,0,-0.244700,0.091343,-0.147576,-0.373649,-0.055007,0.080358,-0.079736,-0.061713,-0.282548,-0.358943,-0.067394,-0.392145,0.000030,0.036724,0.003665,0.191635,0.000075,0.047075,0.008203,0.216969,0.000000,0.000000,0.000000,1.202507,-0.597978,-0.000000,1.831096,-1.004714,-1.202681,3.140000,-0.200000,0.000000,0.000000,0.000000,0.000000,0.000000,0.000000
1778443177.895515,sequential_ik_elbow_then_wrist,0,0,-0.245437,0.090139,-0.147090,-0.371156,-0.056251,0.082616,-0.077575,-0.061648,-0.283164,-0.355712,-0.071030,-0.395198,0.000003,0.036489,0.001106,0.191020,0.000062,0.047389,0.007690,0.217690,0.000000,0.000000,0.000000,1.205926,-0.578219,-0.000000,1.823753,-0.997940,-1.209773,3.140000,-0.200000,0.000000,0.000000,0.000000,0.000000,0.000000,0.000000
1778443177.967838,sequential_ik_elbow_then_wrist,0,0,-0.251048,0.088838,-0.138140,-0.372149,-0.056355,0.094784,-0.074850,-0.060123,-0.284223,-0.352197,-0.069350,-0.398212,0.000017,0.035041,0.002797,0.187189,0.000049,0.048285,0.006789,0.219739,0.000000,0.000000,0.000000,1.210830,-0.556333,-0.000000,1.815306,-0.989844,-1.217688,3.140000,-0.200000,0.000000,0.000000,0.000000,0.000000,0.000000,0.000000
1778443178.024869,sequential_ik_elbow_then_wrist,0,0,-0.247062,0.092958,-0.142546,-0.373665,-0.047850,0.090144,-0.073405,-0.062433,-0.284102,-0.349269,-0.071433,-0.401651,0.000003,0.033866,0.001388,0.184024,0.000067,0.047435,0.008060,0.217796,0.000000,0.000000,0.000000,1.212010,-0.541203,-0.000000,1.806298,-0.980212,-1.224116,3.140000,-0.200000,0.000000,0.000000,0.000000,0.000000,0.000000,0.000000
1778443178.078148,sequential_ik_elbow_then_wrist,0,0,-0.246928,0.090956,-0.144060,-0.375792,-0.050367,0.087071,-0.075439,-0.061535,-0.283765,-0.349867,-0.071280,-0.404571,0.000001,0.034879,0.000550,0.186757,0.000028,0.047071,0.005233,0.216959,0.000000,0.000000,0.000000,1.213256,-0.531109,-0.000000,1.797893,-0.970625,-1.228321,3.140000,-0.200000,0.000000,0.000000,0.000000,0.000000,0.000000,0.000000
1778443178.141158,sequential_ik_elbow_then_wrist,0,0,-0.244709,0.091281,-0.147598,-0.373297,-0.048691,0.084508,-0.072172,-0.063260,-0.284235,-0.341990,-0.072971,-0.415017,0.000003,0.034253,0.001084,0.185073,0.000055,0.043178,0.007297,0.207794,0.000000,0.000000,0.000000,1.213641,-0.526258,-0.000000,1.793455,-0.960193,-1.232352,3.140000,-0.200000,0.000000,0.000000,0.000000,0.000000,0.000000,0.000000
1778443178.209164,sequential_ik_elbow_then_wrist,0,0,-0.243985,0.091420,-0.148707,-0.374597,-0.048386,0.082365,-0.072916,-0.061577,-0.284414,-0.342766,-0.070979,-0.415153,0.000001,0.034514,0.000573,0.185780,0.000023,0.044544,0.004702,0.211054,0.000000,0.000000,0.000000,1.213515,-0.524002,-0.000000,1.790276,-0.950252,-1.235847,3.140000,-0.200000,0.000000,0.000000,0.000000,0.000000,0.000000,0.000000
1778443178.265327,sequential_ik_elbow_then_wrist,0,0,-0.244353,0.091018,-0.148349,-0.378719,-0.047819,0.081150,-0.069113,-0.060755,-0.285539,-0.330502,-0.068405,-0.432567,0.000000,0.034722,0.000097,0.186334,0.000033,0.039159,0.005546,0.197885,0.000000,0.000000,0.000000,1.213600,-0.522361,-0.000000,1.784900,-0.940410,-1.240854,3.140000,-0.200000,0.000000,0.000000,0.000000,0.000000,0.000000,0.000000
1778443178.325133,sequential_ik_elbow_then_wrist,0,0,-0.240302,0.091330,-0.154640,-0.385040,-0.045185,0.069892,-0.079428,-0.060090,-0.282985,-0.339999,-0.066839,-0.431502,0.000007,0.035504,0.001756,0.188414,0.000008,0.039914,0.002040,0.199786,0.000000,0.000000,0.000000,1.212654,-0.525628,-0.000000,1.775719,-0.933437,-1.240161,3.140000,-0.200000,0.000000,0.000000,0.000000,0.000000,0.000000,0.000000
1778443178.389184,sequential_ik_elbow_then_wrist,0,0,-0.237349,0.090425,-0.159652,-0.388278,-0.044220,0.061914,-0.082474,-0.059503,-0.282237,-0.341746,-0.066685,-0.432988,0.000007,0.035883,0.001746,0.189423,0.000011,0.038512,0.003072,0.196246,0.000000,0.000000,0.000000,1.211479,-0.532774,-0.000000,1.765751,-0.929463,-1.237253,3.140000,-0.200000,0.000000,0.000000,0.000000,0.000000,0.000000,0.000000
1778443178.445832,sequential_ik_elbow_then_wrist,0,0,-0.233521,0.090840,-0.164972,-0.391135,-0.042515,0.052685,-0.087521,-0.057728,-0.281083,-0.347705,-0.064667,-0.430269,0.000008,0.036498,0.001968,0.191043,0.000041,0.038932,0.006241,0.197313,0.000000,0.000000,0.000000,1.209339,-0.543175,-0.000000,1.755969,-0.929319,-1.232522,3.140000,-0.200000,0.000000,0.000000,0.000000,0.000000,0.000000,0.000000
1778443178.512698,sequential_ik_elbow_then_wrist,0,0,-0.228237,0.089350,-0.172986,-0.386851,-0.047305,0.041879,-0.090645,-0.057800,-0.280076,-0.351313,-0.066481,-0.428322,0.000016,0.038438,0.002676,0.196047,0.000047,0.037805,0.006626,0.194435,0.000000,0.000000,0.000000,1.206959,-0.558201,-0.000000,1.752685,-0.932371,-1.226608,3.140000,-0.200000,0.000000,0.000000,0.000000,0.000000,0.000000,0.000000
1778443178.560286,sequential_ik_elbow_then_wrist,0,0,-0.226158,0.088606,-0.176072,-0.386975,-0.047715,0.037362,-0.091358,-0.059491,-0.279490,-0.353391,-0.070913,-0.425120,0.000005,0.038666,0.001484,0.196634,0.000023,0.036712,0.004631,0.191604,0.000000,0.000000,0.000000,1.204842,-0.573591,-0.000000,1.752406,-0.936953,-1.220512,3.140000,-0.200000,0.000000,0.000000,0.000000,0.000000,0.000000,0.000000
1778443178.621431,sequential_ik_elbow_then_wrist,0,0,-0.222324,0.089752,-0.180324,-0.383614,-0.046971,0.032496,-0.089407,-0.059749,-0.280065,-0.348658,-0.071393,-0.430575,0.000007,0.038962,0.001840,0.197381,0.000007,0.034100,0.002668,0.184663,0.000000,0.000000,0.000000,1.201584,-0.589459,-0.000000,1.756243,-0.941748,-1.216453,3.140000,-0.200000,0.000000,0.000000,0.000000,0.000000,0.000000,0.000000
1778443178.685215,sequential_ik_elbow_then_wrist,0,0,-0.220866,0.089576,-0.182193,-0.383256,-0.048993,0.028586,-0.084261,-0.059536,-0.281701,-0.340444,-0.074437,-0.437098,0.000002,0.040243,0.001034,0.200605,0.000003,0.031655,0.001112,0.177920,0.000000,0.000000,0.000000,1.198254,-0.603918,-0.000000,1.761567,-0.945341,-1.216352,3.140000,-0.200000,0.000000,0.000000,0.000000,0.000000,0.000000,0.000000
1778443178.744057,sequential_ik_elbow_then_wrist,0,0,-0.222004,0.090524,-0.180332,-0.391304,-0.045040,0.026937,-0.083706,-0.059603,-0.281852,-0.339317,-0.073472,-0.438284,0.000000,0.040181,0.000499,0.200439,0.000000,0.031797,0.000535,0.178318,0.000000,0.000000,0.000000,1.195115,-0.614015,-0.000000,1.759930,-0.947884,-1.217231,3.140000,-0.200000,0.000000,0.000000,0.000000,0.000000,0.000000,0.000000
1778443178.810129,sequential_ik_elbow_then_wrist,0,0,-0.223270,0.088887,-0.179581,-0.392152,-0.048297,0.026960,-0.080358,-0.060186,-0.282702,-0.335622,-0.075514,-0.439563,0.000001,0.040993,0.000680,0.202466,0.000007,0.031475,0.002447,0.177413,0.000000,0.000000,0.000000,1.193734,-0.620906,-0.000000,1.756301,-0.948733,-1.219682,3.140000,-0.200000,0.000000,0.000000,0.000000,0.000000,0.000000,0.000000
1778443178.876655,sequential_ik_elbow_then_wrist,0,0,-0.221731,0.088355,-0.181738,-0.389453,-0.051176,0.024175,-0.079110,-0.059404,-0.283218,-0.335292,-0.079523,-0.438028,0.000001,0.041745,0.000588,0.204314,0.000005,0.032076,0.002122,0.179098,0.000000,0.000000,0.000000,1.193017,-0.627631,-0.000000,1.754814,-0.948450,-1.222909,3.140000,-0.200000,0.000000,0.000000,0.000000,0.000000,0.000000,0.000000
1778443178.926282,sequential_ik_elbow_then_wrist,0,0,-0.217272,0.087301,-0.187540,-0.386794,-0.053293,0.016164,-0.078365,-0.059630,-0.283378,-0.332385,-0.082251,-0.441372,0.000007,0.042672,0.001820,0.206570,0.000005,0.030870,0.002277,0.175699,0.000000,0.000000,0.000000,1.192179,-0.637624,-0.000000,1.756223,-0.947227,-1.225976,3.140000,-0.200000,0.000000,0.000000,0.000000,0.000000,0.000000,0.000000
1778443178.990414,sequential_ik_elbow_then_wrist,0,0,-0.216504,0.088900,-0.187678,-0.380566,-0.053855,0.018974,-0.079317,-0.057535,-0.283546,-0.336457,-0.079998,-0.436433,0.000001,0.042508,0.000898,0.206155,0.000000,0.033481,0.000164,0.182979,0.000000,0.000000,0.000000,1.190332,-0.646445,-0.000000,1.764113,-0.946293,-1.228748,3.140000,-0.200000,0.000000,0.000000,0.000000,0.000000,0.000000,0.000000
1778443179.049841,sequential_ik_elbow_then_wrist,0,0,-0.216590,0.089521,-0.187282,-0.377246,-0.054458,0.021188,-0.080698,-0.054928,-0.283674,-0.340270,-0.076398,-0.432540,0.000000,0.042620,0.000523,0.206435,0.000006,0.035735,0.002473,0.189037,0.000000,0.000000,0.000000,1.188114,-0.653117,-0.000000,1.775497,-0.946669,-1.231216,3.140000,-0.200000,0.000000,0.000000,0.000000,0.000000,0.000000,0.000000
1778443179.122668,sequential_ik_elbow_then_wrist,0,0,-0.215405,0.090648,-0.188106,-0.372129,-0.055101,0.022120,-0.082891,-0.052378,-0.283523,-0.345863,-0.074950,-0.426129,0.000001,0.042860,0.000836,0.207010,0.000025,0.038241,0.004936,0.195554,0.000000,0.000000,0.000000,1.185182,-0.658832,-0.000000,1.790344,-0.949124,-1.232952,3.140000,-0.200000,0.000000,0.000000,0.000000,0.000000,0.000000,0.000000
1778443179.175038,sequential_ik_elbow_then_wrist,0,0,-0.217182,0.090664,-0.186043,-0.367426,-0.058841,0.026266,-0.094310,-0.051618,-0.280074,-0.364355,-0.071664,-0.409201,0.000001,0.043558,0.000552,0.208689,0.000116,0.043079,0.010309,0.207556,0.000000,0.000000,0.000000,1.182872,-0.661694,-0.000000,1.807978,-0.955673,-1.228258,3.140000,-0.200000,0.000000,0.000000,0.000000,0.000000,0.000000,0.000000
1778443179.229896,sequential_ik_elbow_then_wrist,0,0,-0.217316,0.090441,-0.185995,-0.367035,-0.060043,0.025993,-0.097454,-0.051338,-0.279047,-0.372725,-0.067212,-0.397260,0.000000,0.043994,0.000161,0.209745,0.000104,0.045757,0.009913,0.213909,0.000000,0.000000,0.000000,1.181243,-0.663492,-0.000000,1.823633,-0.965482,-1.221550,3.140000,-0.200000,0.000000,0.000000,0.000000,0.000000,0.000000,0.000000
1778443179.286434,sequential_ik_elbow_then_wrist,0,0,-0.215975,0.089649,-0.187931,-0.368272,-0.062634,0.020913,-0.096366,-0.052425,-0.279223,-0.370224,-0.071265,-0.400246,0.000001,0.045466,0.000547,0.213228,0.000048,0.042169,0.006789,0.205351,0.000000,0.000000,0.000000,1.180188,-0.666300,-0.000000,1.835303,-0.976329,-1.215875,3.140000,-0.200000,0.000000,0.000000,0.000000,0.000000,0.000000,0.000000
1778443179.344957,sequential_ik_elbow_then_wrist,0,0,-0.216170,0.089729,-0.187668,-0.369270,-0.062149,0.020883,-0.095264,-0.052384,-0.279608,-0.369173,-0.071128,-0.400532,0.000000,0.045319,0.000065,0.212882,0.000027,0.041351,0.005088,0.203349,0.000000,0.000000,0.000000,1.179459,-0.668555,-0.000000,1.843349,-0.987110,-1.212023,3.140000,-0.200000,0.000000,0.000000,0.000000,0.000000,0.000000,0.000000
1778443179.418256,sequential_ik_elbow_then_wrist,0,0,-0.216271,0.089782,-0.187526,-0.369964,-0.061864,0.020758,-0.094982,-0.052427,-0.279696,-0.369542,-0.070831,-0.399187,0.000000,0.045298,0.000035,0.212832,0.000017,0.041411,0.004003,0.203497,0.000000,0.000000,0.000000,1.178929,-0.670185,-0.000000,1.848613,-0.997293,-1.209321,3.140000,-0.200000,0.000000,0.000000,0.000000,0.000000,0.000000,0.000000
1778443179.468321,sequential_ik_elbow_then_wrist,0,0,-0.210992,0.090145,-0.193278,-0.366941,-0.061929,0.013007,-0.095040,-0.052435,-0.279675,-0.369084,-0.072925,-0.400007,0.000008,0.046118,0.001947,0.214750,0.000011,0.040318,0.003288,0.200794,0.000000,0.000000,0.000000,1.177073,-0.675999,-0.000000,1.854799,-1.006666,-1.207267,3.140000,-0.200000,0.000000,0.000000,0.000000,0.000000,0.000000,0.000000
1778443179.531452,sequential_ik_elbow_then_wrist,0,0,-0.206131,0.087302,-0.199721,-0.372727,-0.062698,-0.000357,-0.092221,-0.053499,-0.280416,-0.365473,-0.074427,-0.402462,0.000012,0.047825,0.002341,0.218683,0.000001,0.039232,0.000896,0.198071,0.000000,0.000000,0.000000,1.175522,-0.686723,-0.000000,1.855536,-1.014166,-1.206949,3.140000,-0.200000,0.000000,0.000000,0.000000,0.000000,0.000000,0.000000
1778443179.585577,sequential_ik_elbow_then_wrist,0,0,-0.196738,0.086817,-0.209182,-0.363842,-0.063521,-0.010499,-0.094244,-0.055968,-0.279259,-0.366531,-0.076813,-0.403458,0.000031,0.048178,0.003795,0.219481,0.000001,0.037871,0.000685,0.194606,0.000000,0.000000,0.000000,1.172306,-0.704299,-0.000000,1.862152,-1.019733,-1.205010,3.140000,-0.200000,0.000000,0.000000,0.000000,0.000000,0.000000,0.000000
1778443179.649502,sequential_ik_elbow_then_wrist,0,0,-0.196401,0.087844,-0.209070,-0.365715,-0.060623,-0.010852,-0.095725,-0.056007,-0.278747,-0.367953,-0.076230,-0.403178,0.000003,0.047746,0.001392,0.218508,0.000001,0.037524,0.000589,0.193711,0.000000,0.000000,0.000000,1.168304,-0.719715,-0.000000,1.868827,-1.024147,-1.202288,3.140000,-0.200000,0.000000,0.000000,0.000000,0.000000,0.000000,0.000000
1778443179.709024,sequential_ik_elbow_then_wrist,0,0,-0.209343,0.091201,-0.194571,-0.369647,-0.057353,0.010938,-0.092688,-0.052686,-0.280416,-0.369207,-0.069423,-0.395555,0.000042,0.045592,0.004334,0.213522,0.000004,0.042282,0.001674,0.205625,0.000000,0.000000,0.000000,1.165857,-0.719804,-0.000000,1.872840,-1.028187,-1.202780,3.140000,-0.200000,0.000000,0.000000,0.000000,0.000000,0.000000,0.000000
1778443179.769912,sequential_ik_elbow_then_wrist,0,0,-0.217870,0.092117,-0.184519,-0.373199,-0.057148,0.024270,-0.093262,-0.051126,-0.280514,-0.371938,-0.067147,-0.390437,0.000037,0.044909,0.004133,0.211911,0.000007,0.044980,0.002496,0.212086,0.000000,0.000000,0.000000,1.165830,-0.709211,-0.000000,1.871565,-1.032467,-1.203924,3.140000,-0.200000,0.000000,0.000000,0.000000,0.000000,0.000000,0.000000
1778443179.834266,sequential_ik_elbow_then_wrist,0,0,-0.223201,0.092491,-0.177839,-0.376549,-0.056939,0.032293,-0.097827,-0.050762,-0.279022,-0.380020,-0.064953,-0.379846,0.000020,0.044382,0.003040,0.210658,0.000020,0.048398,0.004231,0.219996,0.000000,0.000000,0.000000,1.167625,-0.693548,-0.000000,1.864925,-1.037775,-1.202451,3.140000,-0.200000,0.000000,0.000000,0.000000,0.000000,0.000000,0.000000
1778443179.906002,sequential_ik_elbow_then_wrist,0,0,-0.229306,0.094437,-0.168821,-0.375556,-0.057015,0.044892,-0.108581,-0.050915,-0.274987,-0.397689,-0.061081,-0.354444,0.000023,0.043493,0.003234,0.208548,0.000072,0.055640,0.007807,0.235882,0.000000,0.000000,0.000000,1.170032,-0.673083,-0.000000,1.857490,-1.045733,-1.194408,3.140000,-0.200000,0.000000,0.000000,0.000000,0.000000,0.000000,0.000000
1778443179.954041,sequential_ik_elbow_then_wrist,0,0,-0.231947,0.093734,-0.165573,-0.375402,-0.058683,0.049345,-0.110799,-0.052139,-0.273871,-0.401415,-0.061257,-0.347756,0.000007,0.043460,0.001810,0.208470,0.000038,0.055211,0.005850,0.234970,0.000000,0.000000,0.000000,1.173273,-0.653159,-0.000000,1.849905,-1.054992,-1.184943,3.140000,-0.200000,0.000000,0.000000,0.000000,0.000000,0.000000,0.000000
1778443180.024398,sequential_ik_elbow_then_wrist,0,0,-0.236190,0.092345,-0.160270,-0.381875,-0.059511,0.053542,-0.120272,-0.053086,-0.269660,-0.413846,-0.059088,-0.331127,0.000010,0.043414,0.002217,0.208340,0.000067,0.057820,0.007461,0.240459,0.000000,0.000000,0.000000,1.178029,-0.633120,-0.000000,1.837086,-1.066244,-1.170883,3.140000,-0.200000,0.000000,0.000000,0.000000,0.000000,0.000000,0.000000
1778443180.074312,sequential_ik_elbow_then_wrist,0,0,-0.234872,0.091774,-0.162519,-0.382433,-0.059938,0.050105,-0.122761,-0.054670,-0.268218,-0.418360,-0.058959,-0.319232,0.000000,0.043503,0.000492,0.208569,0.000030,0.059273,0.005140,0.243460,0.000000,0.000000,0.000000,1.182463,-0.618416,-0.000000,1.823849,-1.077936,-1.156554,3.140000,-0.200000,0.000000,0.000000,0.000000,0.000000,0.000000,0.000000
1778443180.132437,sequential_ik_elbow_then_wrist,0,0,-0.235263,0.090767,-0.162520,-0.382366,-0.061298,0.050170,-0.128931,-0.056737,-0.264873,-0.427162,-0.060968,-0.297130,0.000000,0.043422,0.000530,0.208379,0.000028,0.064207,0.004630,0.253390,0.000000,0.000000,0.000000,1.186789,-0.607360,-0.000000,1.812616,-1.089614,-1.140311,3.140000,-0.200000,0.000000,0.000000,0.000000,0.000000,0.000000,0.000000
1778443180.193806,sequential_ik_elbow_then_wrist,0,0,-0.233079,0.087588,-0.167339,-0.382326,-0.065716,0.042954,-0.129418,-0.058160,-0.264326,-0.428682,-0.062227,-0.284926,0.000005,0.044465,0.001633,0.210868,0.000006,0.067107,0.002322,0.259051,0.000000,0.000000,0.000000,1.191765,-0.602546,-0.000000,1.803753,-1.100007,-1.125995,3.140000,-0.200000,0.000000,0.000000,0.000000,0.000000,0.000000,0.000000
1778443180.252016,sequential_ik_elbow_then_wrist,0,0,-0.231786,0.085261,-0.170311,-0.381555,-0.067278,0.040168,-0.131438,-0.057690,-0.263431,-0.431388,-0.059316,-0.268650,0.000004,0.043849,0.001475,0.209401,0.000007,0.073237,0.002527,0.270623,0.000000,0.000000,0.000000,1.197211,-0.601926,-0.000000,1.797601,-1.109629,-1.113505,3.140000,-0.200000,0.000000,0.000000,0.000000,0.000000,0.000000,0.000000
1778443180.318345,sequential_ik_elbow_then_wrist,0,0,-0.228827,0.081728,-0.175951,-0.377829,-0.072916,0.033533,-0.133789,-0.056626,-0.262476,-0.433069,-0.053175,-0.241996,0.000010,0.044557,0.002187,0.211081,0.000011,0.084972,0.003132,0.291500,0.000000,0.000000,0.000000,1.203369,-0.606413,-0.000000,1.796214,-1.119136,-1.102429,3.140000,-0.200000,0.000000,0.000000,0.000000,0.000000,0.000000,0.000000
1778443180.366006,sequential_ik_elbow_then_wrist,0,0,-0.229696,0.080806,-0.175243,-0.377138,-0.073531,0.035568,-0.146047,-0.057753,-0.255607,-0.443488,-0.043926,-0.219028,0.000001,0.043496,0.000895,0.208557,0.000048,0.090447,0.005729,0.300745,0.000000,0.000000,0.000000,1.209511,-0.610416,-0.000000,1.796836,-1.129964,-1.085267,3.140000,-0.200000,0.000000,0.000000,0.000000,0.000000,0.000000,0.000000
1778443180.439924,sequential_ik_elbow_then_wrist,0,0,-0.236122,0.077916,-0.167856,-0.379922,-0.076918,0.045094,-0.142657,-0.057542,-0.257561,-0.441201,-0.041849,-0.232558,0.000016,0.042631,0.002879,0.206470,0.000006,0.083028,0.002375,0.288146,0.000000,0.000000,0.000000,1.217738,-0.608045,-0.000000,1.794838,-1.140046,-1.072513,3.140000,-0.200000,0.000000,0.000000,0.000000,0.000000,0.000000,0.000000
1778443180.492052,sequential_ik_elbow_then_wrist,0,0,-0.236349,0.075890,-0.168463,-0.382732,-0.079027,0.042660,-0.142448,-0.057586,-0.257667,-0.441685,-0.043854,-0.241284,0.000003,0.042612,0.001473,0.206417,0.000003,0.078255,0.001504,0.279742,0.000000,0.000000,0.000000,1.226510,-0.605453,-0.000000,1.788815,-1.148878,-1.063006,3.140000,-0.200000,0.000000,0.000000,0.000000,0.000000,0.000000,0.000000
1778443180.556168,sequential_ik_elbow_then_wrist,0,0,-0.233682,0.075631,-0.172258,-0.385579,-0.077241,0.036447,-0.143767,-0.058546,-0.256717,-0.443367,-0.045957,-0.247725,0.000002,0.042126,0.001034,0.205239,0.000001,0.073939,0.000849,0.271917,0.000000,0.000000,0.000000,1.233713,-0.606143,-0.000000,1.779991,-1.156175,-1.054680,3.140000,-0.200000,0.000000,0.000000,0.000000,0.000000,0.000000,0.000000
1778443180.612204,sequential_ik_elbow_then_wrist,0,0,-0.233587,0.075584,-0.172408,-0.386363,-0.076027,0.036575,-0.142929,-0.058466,-0.257202,-0.442567,-0.045348,-0.250479,0.000000,0.041441,0.000293,0.203569,0.000000,0.072823,0.000352,0.269858,0.000000,0.000000,0.000000,1.239391,-0.607389,-0.000000,1.771543,-1.161981,-1.048679,3.140000,-0.200000,0.000000,0.000000,0.000000,0.000000,0.000000,0.000000
1778443180.680691,sequential_ik_elbow_then_wrist,0,0,-0.232222,0.076154,-0.173992,-0.384089,-0.075266,0.035789,-0.142406,-0.057984,-0.257601,-0.442052,-0.043446,-0.258536,0.000001,0.041187,0.000592,0.202944,0.000000,0.069848,0.000436,0.264289,0.000000,0.000000,0.000000,1.243179,-0.609699,-0.000000,1.766594,-1.166694,-1.044673,3.140000,-0.200000,0.000000,0.000000,0.000000,0.000000,0.000000,0.000000
1778443180.737868,sequential_ik_elbow_then_wrist,0,0,-0.230374,0.078147,-0.175559,-0.384625,-0.070882,0.034196,-0.132898,-0.055529,-0.263163,-0.431978,-0.040362,-0.281095,0.000002,0.040518,0.001166,0.201292,0.000016,0.065020,0.002692,0.254990,0.000000,0.000000,0.000000,1.244329,-0.612957,-0.000000,1.763264,-1.169788,-1.048668,3.140000,-0.200000,0.000000,0.000000,0.000000,0.000000,0.000000,0.000000
1778443180.803296,sequential_ik_elbow_then_wrist,0,0,-0.225085,0.080265,-0.181368,-0.381654,-0.067232,0.027751,-0.121248,-0.055166,-0.268804,-0.417871,-0.042807,-0.311957,0.000012,0.040653,0.002521,0.201621,0.000039,0.057705,0.004847,0.240218,0.000000,0.000000,0.000000,1.242266,-0.620240,-0.000000,1.763938,-1.169791,-1.060876,3.140000,-0.200000,0.000000,0.000000,0.000000,0.000000,0.000000,0.000000
1778443180.866280,sequential_ik_elbow_then_wrist,0,0,-0.205644,0.085488,-0.201003,-0.364727,-0.062202,0.006072,-0.100834,-0.054261,-0.277287,-0.390655,-0.048314,-0.354541,0.000130,0.042175,0.008303,0.205261,0.000142,0.048490,0.009947,0.220205,0.000000,0.000000,0.000000,1.232485,-0.642654,-0.000000,1.780091,-1.164941,-1.085094,3.140000,-0.200000,0.000000,0.000000,0.000000,0.000000,0.000000,0.000000
1778443180.921005,sequential_ik_elbow_then_wrist,0,0,-0.195976,0.087917,-0.209437,-0.357360,-0.057972,-0.002866,-0.085048,-0.058307,-0.281722,-0.355008,-0.074707,-0.411539,0.000071,0.042969,0.006467,0.207209,0.000281,0.030403,0.015746,0.174365,0.000000,0.000000,0.000000,1.218111,-0.670681,-0.000000,1.806276,-1.153599,-1.115000,3.140000,-0.200000,0.000000,0.000000,0.000000,0.000000,0.000000,0.000000
1778443180.979025,sequential_ik_elbow_then_wrist,0,0,-0.194519,0.087510,-0.210961,-0.353001,-0.059053,-0.002628,-0.073751,-0.061977,-0.284112,-0.329368,-0.077852,-0.440342,0.000012,0.043921,0.002783,0.209527,0.000429,0.024224,0.020121,0.155641,0.000000,0.000000,0.000000,1.204001,-0.695779,-0.000000,1.836810,-1.136033,-1.145419,3.140000,-0.200000,0.000000,0.000000,0.000000,0.000000,0.000000,0.000000
1778443181.038154,sequential_ik_elbow_then_wrist,0,0,-0.197004,0.088846,-0.208076,-0.351194,-0.061277,0.000941,-0.075639,-0.064072,-0.283149,-0.332181,-0.080149,-0.437835,0.000003,0.045184,0.001343,0.212548,0.000326,0.026445,0.017771,0.162621,0.000000,0.000000,0.000000,1.191681,-0.713228,-0.000000,1.866448,-1.114937,-1.168163,3.140000,-0.200000,0.000000,0.000000,0.000000,0.000000,0.000000,0.000000
1778443181.099346,sequential_ik_elbow_then_wrist,0,0,-0.212865,0.090815,-0.190896,-0.350400,-0.062577,0.027175,-0.073954,-0.062327,-0.283983,-0.335985,-0.080685,-0.428906,0.000069,0.043323,0.005597,0.208138,0.000220,0.031283,0.014591,0.176870,0.000000,0.000000,0.000000,1.184399,-0.711916,-0.000000,1.892119,-1.092604,-1.186610,3.140000,-0.200000,0.000000,0.000000,0.000000,0.000000,0.000000,0.000000
1778443181.158713,sequential_ik_elbow_then_wrist,0,0,-0.216936,0.094089,-0.184624,-0.349719,-0.057340,0.037722,-0.092021,-0.063186,-0.278460,-0.363472,-0.076029,-0.405541,0.000021,0.041198,0.003079,0.202973,0.000057,0.038872,0.006142,0.197160,0.000000,0.000000,0.000000,1.178898,-0.702618,-0.000000,1.910863,-1.073340,-1.190431,3.140000,-0.200000,0.000000,0.000000,0.000000,0.000000,0.000000,0.000000
1778443181.219591,sequential_ik_elbow_then_wrist,0,0,-0.219271,0.094170,-0.181803,-0.359657,-0.053263,0.038550,-0.100107,-0.064042,-0.275458,-0.375733,-0.071944,-0.393642,0.000005,0.041149,0.001557,0.202815,0.000017,0.041462,0.002862,0.203622,0.000000,0.000000,0.000000,1.175257,-0.691454,-0.000000,1.915903,-1.058169,-1.186113,3.140000,-0.200000,0.000000,0.000000,0.000000,0.000000,0.000000,0.000000
1778443181.273561,sequential_ik_elbow_then_wrist,0,0,-0.218371,0.092128,-0.183920,-0.360664,-0.054805,0.035542,-0.103524,-0.065616,-0.273820,-0.380564,-0.071289,-0.388784,0.000001,0.041468,0.000767,0.203631,0.000006,0.041645,0.001598,0.204072,0.000000,0.000000,0.000000,1.173641,-0.683680,-0.000000,1.915687,-1.046412,-1.178665,3.140000,-0.200000,0.000000,0.000000,0.000000,0.000000,0.000000,0.000000
1778443181.336172,sequential_ik_elbow_then_wrist,0,0,-0.218066,0.091474,-0.184607,-0.362065,-0.055529,0.033693,-0.105412,-0.066079,-0.272987,-0.383290,-0.069912,-0.385987,0.000000,0.041615,0.000535,0.203995,0.000002,0.041976,0.000832,0.204880,0.000000,0.000000,0.000000,1.173158,-0.678471,-0.000000,1.913033,-1.037569,-1.170802,3.140000,-0.200000,0.000000,0.000000,0.000000,0.000000,0.000000,0.000000
1778443181.399662,sequential_ik_elbow_then_wrist,0,0,-0.212686,0.092362,-0.190352,-0.356991,-0.054769,0.027659,-0.107215,-0.066064,-0.272288,-0.384953,-0.068573,-0.385669,0.000008,0.041614,0.001998,0.203990,0.000002,0.041640,0.001036,0.204058,0.000000,0.000000,0.000000,1.171277,-0.679214,-0.000000,1.914450,-1.031360,-1.163290,3.140000,-0.200000,0.000000,0.000000,0.000000,0.000000,0.000000,0.000000
1778443181.477325,sequential_ik_elbow_then_wrist,0,0,-0.213817,0.092067,-0.189225,-0.358603,-0.056427,0.027539,-0.108692,-0.066234,-0.271660,-0.386428,-0.066923,-0.385072,0.000000,0.042474,0.000123,0.206092,0.000002,0.041489,0.001234,0.203690,0.000000,0.000000,0.000000,1.169686,-0.679955,-0.000000,1.916165,-1.027325,-1.156314,3.140000,-0.200000,0.000000,0.000000,0.000000,0.000000,0.000000,0.000000
1778443181.523588,sequential_ik_elbow_then_wrist,0,0,-0.207400,0.088347,-0.197939,-0.359093,-0.063471,0.011681,-0.107722,-0.067346,-0.271773,-0.385098,-0.064057,-0.386018,0.000016,0.045937,0.002646,0.214329,0.000000,0.041442,0.000244,0.203574,0.000000,0.000000,0.000000,1.168959,-0.687597,-0.000000,1.917704,-1.024115,-1.150882,3.140000,-0.200000,0.000000,0.000000,0.000000,0.000000,0.000000,0.000000
1778443181.586491,sequential_ik_elbow_then_wrist,0,0,-0.199221,0.085535,-0.207352,-0.356860,-0.069024,-0.004223,-0.099623,-0.069818,-0.274228,-0.375068,-0.065036,-0.393000,0.000028,0.048597,0.003525,0.220445,0.000032,0.040131,0.005282,0.200328,0.000000,0.000000,0.000000,1.168219,-0.702902,-0.000000,1.921000,-1.018688,-1.150451,3.140000,-0.200000,0.000000,0.000000,0.000000,0.000000,0.000000,0.000000
1778443181.646582,sequential_ik_elbow_then_wrist,0,0,-0.192445,0.082946,-0.214674,-0.352825,-0.071670,-0.013746,-0.102509,-0.071949,-0.272608,-0.380023,-0.061050,-0.386040,0.000023,0.049210,0.003170,0.221827,0.000019,0.043988,0.004140,0.209733,0.000000,0.000000,0.000000,1.167396,-0.723063,-0.000000,1.927697,-1.012163,-1.148515,3.140000,-0.200000,0.000000,0.000000,0.000000,0.000000,0.000000,0.000000
1778443181.713841,sequential_ik_elbow_then_wrist,0,0,-0.187504,0.085927,-0.217851,-0.346537,-0.069142,-0.016202,-0.106140,-0.071158,-0.271424,-0.387016,-0.059564,-0.376181,0.000014,0.048640,0.002944,0.220524,0.000003,0.047827,0.001353,0.218694,0.000000,0.000000,0.000000,1.163820,-0.743176,-0.000000,1.939917,-1.006548,-1.144899,3.140000,-0.200000,0.000000,0.000000,0.000000,0.000000,0.000000,0.000000
1778443181.768552,sequential_ik_elbow_then_wrist,0,0,-0.189069,0.087038,-0.216049,-0.345859,-0.068085,-0.012693,-0.107058,-0.066844,-0.272159,-0.387799,-0.057854,-0.377532,0.000002,0.048574,0.001326,0.220389,0.000006,0.047801,0.002300,0.218635,0.000000,0.000000,0.000000,1.159465,-0.757942,-0.000000,1.953486,-1.003657,-1.142744,3.140000,-0.200000,0.000000,0.000000,0.000000,0.000000,0.000000,0.000000
1778443181.840138,sequential_ik_elbow_then_wrist,0,0,-0.190376,0.089298,-0.213969,-0.347920,-0.065111,-0.010651,-0.103972,-0.066832,-0.273356,-0.373510,-0.071149,-0.405003,0.000004,0.048598,0.001528,0.220449,0.000001,0.035622,0.000848,0.188737,0.000000,0.000000,0.000000,1.154456,-0.767205,-0.000000,1.964050,-1.001740,-1.143000,3.140000,-0.200000,0.000000,0.000000,0.000000,0.000000,0.000000,0.000000
1778443181.888309,sequential_ik_elbow_then_wrist,0,0,-0.190163,0.091625,-0.213174,-0.343353,-0.064015,-0.007482,-0.102035,-0.065720,-0.274353,-0.368569,-0.070437,-0.411967,0.000004,0.048486,0.001724,0.220188,0.000001,0.033945,0.000770,0.184241,0.000000,0.000000,0.000000,1.148516,-0.773099,-0.000000,1.976451,-1.000441,-1.145136,3.140000,-0.200000,0.000000,0.000000,0.000000,0.000000,0.000000,0.000000
1778443181.952127,sequential_ik_elbow_then_wrist,0,0,-0.191622,0.092813,-0.211345,-0.345648,-0.062924,-0.006352,-0.098369,-0.065216,-0.275809,-0.362785,-0.070088,-0.417444,0.000002,0.049188,0.001206,0.221783,0.000003,0.032962,0.001425,0.181555,0.000000,0.000000,0.000000,1.142724,-0.775717,-0.000000,1.986081,-0.998885,-1.149457,3.140000,-0.200000,0.000000,0.000000,0.000000,0.000000,0.000000,0.000000
1778443182.005693,sequential_ik_elbow_then_wrist,0,0,-0.191957,0.095270,-0.209943,-0.345686,-0.061259,-0.005331,-0.089838,-0.064124,-0.278957,-0.344496,-0.074600,-0.437196,0.000003,0.049670,0.001536,0.222867,0.000026,0.027357,0.004375,0.165399,0.000000,0.000000,0.000000,1.136475,-0.776068,-0.000000,1.993850,-0.995681,-1.158502,3.140000,-0.200000,0.000000,0.000000,0.000000,0.000000,0.000000,0.000000
1778443182.069245,sequential_ik_elbow_then_wrist,0,0,-0.195010,0.095398,-0.207052,-0.347374,-0.060957,-0.001289,-0.088080,-0.064540,-0.279422,-0.341541,-0.075585,-0.439532,0.000003,0.049737,0.001064,0.223018,0.000020,0.027649,0.004248,0.166279,0.000000,0.000000,0.000000,1.131613,-0.773474,-0.000000,1.998999,-0.991124,-1.167486,3.140000,-0.200000,0.000000,0.000000,0.000000,0.000000,0.000000,0.000000
1778443182.129688,sequential_ik_elbow_then_wrist,0,0,-0.197270,0.094342,-0.205388,-0.348498,-0.062632,0.000742,-0.088316,-0.065089,-0.279220,-0.343613,-0.076740,-0.436343,0.000002,0.050012,0.001131,0.223633,0.000014,0.029151,0.003659,0.170737,0.000000,0.000000,0.000000,1.129046,-0.769437,-0.000000,2.001684,-0.985818,-1.174443,3.140000,-0.200000,0.000000,0.000000,0.000000,0.000000,0.000000,0.000000
1778443182.192616,sequential_ik_elbow_then_wrist,0,0,-0.196917,0.094295,-0.205748,-0.348204,-0.062996,0.000096,-0.090700,-0.060600,-0.279466,-0.349629,-0.074787,-0.430312,0.000000,0.050013,0.000327,0.223635,0.000001,0.032129,0.001143,0.179245,0.000000,0.000000,0.000000,1.127531,-0.766199,-0.000000,2.003155,-0.982354,-1.180139,3.140000,-0.200000,0.000000,0.000000,0.000000,0.000000,0.000000,0.000000
1778443182.253036,sequential_ik_elbow_then_wrist,0,0,-0.197284,0.094537,-0.205285,-0.347683,-0.063885,0.000342,-0.091402,-0.058307,-0.279725,-0.353872,-0.071437,-0.424422,0.000000,0.050253,0.000198,0.224171,0.000008,0.034822,0.002801,0.186606,0.000000,0.000000,0.000000,1.126540,-0.763308,-0.000000,2.004525,-0.981114,-1.185022,3.140000,-0.200000,0.000000,0.000000,0.000000,0.000000,0.000000,0.000000
1778443182.314177,sequential_ik_elbow_then_wrist,0,0,-0.197214,0.095370,-0.204966,-0.345288,-0.064311,0.001374,-0.091550,-0.058768,-0.279580,-0.354352,-0.073371,-0.423531,0.000000,0.050224,0.000326,0.224105,0.000004,0.034451,0.002037,0.185611,0.000000,0.000000,0.000000,1.125382,-0.760743,-0.000000,2.007683,-0.981184,-1.188602,3.140000,-0.200000,0.000000,0.000000,0.000000,0.000000,0.000000,0.000000
1778443182.366529,sequential_ik_elbow_then_wrist,0,0,-0.192824,0.096649,-0.208513,-0.341591,-0.064430,-0.003764,-0.091413,-0.059225,-0.279529,-0.352433,-0.076697,-0.426372,0.000006,0.051129,0.001866,0.226111,0.000002,0.032591,0.001289,0.180529,0.000000,0.000000,0.000000,1.122458,-0.761733,-0.000000,2.014049,-0.981880,-1.191197,3.140000,-0.200000,0.000000,0.000000,0.000000,0.000000,0.000000,0.000000
1778443182.431852,sequential_ik_elbow_then_wrist,0,0,-0.190580,0.097666,-0.210096,-0.337211,-0.064243,-0.004463,-0.093098,-0.059375,-0.278940,-0.353931,-0.077059,-0.426090,0.000004,0.051246,0.001738,0.226364,0.000003,0.032186,0.001744,0.179404,0.000000,0.000000,0.000000,1.118158,-0.764523,-0.000000,2.024587,-0.983266,-1.192152,3.140000,-0.200000,0.000000,0.000000,0.000000,0.000000,0.000000,0.000000
1778443182.486351,sequential_ik_elbow_then_wrist,0,0,-0.195374,0.099217,-0.204902,-0.332468,-0.065265,0.005219,-0.088729,-0.057524,-0.280746,-0.348464,-0.075354,-0.429808,0.000005,0.050324,0.001517,0.224313,0.000003,0.031677,0.001263,0.177981,0.000000,0.000000,0.000000,1.114408,-0.762666,-0.000000,2.039198,-0.984659,-1.195729,3.140000,-0.200000,0.000000,0.000000,0.000000,0.000000,0.000000,0.000000
1778443182.548635,sequential_ik_elbow_then_wrist,0,0,-0.206917,0.099033,-0.193333,-0.337124,-0.064533,0.021823,-0.087493,-0.055449,-0.281550,-0.348474,-0.072793,-0.428479,0.000040,0.048449,0.004418,0.220109,0.000004,0.033239,0.001639,0.182316,0.000000,0.000000,0.000000,1.114602,-0.750808,-0.000000,2.047740,-0.986409,-1.200528,3.140000,-0.200000,0.000000,0.000000,0.000000,0.000000,0.000000,0.000000
1778443182.619014,sequential_ik_elbow_then_wrist,0,0,-0.213779,0.098109,-0.186208,-0.340720,-0.064273,0.031779,-0.091104,-0.055219,-0.280448,-0.352015,-0.074190,-0.427300,0.000028,0.046947,0.003832,0.216658,0.000010,0.033010,0.003030,0.181687,0.000000,0.000000,0.000000,1.118397,-0.733731,-0.000000,2.048249,-0.989171,-1.202730,3.140000,-0.200000,0.000000,0.000000,0.000000,0.000000,0.000000,0.000000
1778443183.038294,sequential_ik_elbow_then_wrist,0,0,-0.227303,0.091808,-0.172930,-0.366268,-0.062461,0.043610,-0.088505,-0.054273,-0.281463,-0.345481,-0.085725,-0.433035,0.000085,0.045730,0.006859,0.213577,0.000005,0.029249,0.002033,0.171024,0.000000,0.000000,0.000000,1.129785,-0.708714,-0.000000,2.022906,-0.992206,-1.205844,3.140000,-0.200000,0.000000,0.000000,0.000000,0.000000,0.000000,0.000000
1778443183.094070,sequential_ik_elbow_then_wrist,0,0,-0.224375,0.093397,-0.175877,-0.364897,-0.060523,0.039906,-0.089277,-0.057683,-0.280539,-0.345437,-0.089210,-0.433471,0.000001,0.044304,0.000971,0.210449,0.000001,0.028087,0.000634,0.167592,0.000000,0.000000,0.000000,1.140027,-0.689136,-0.000000,1.994134,-0.994316,-1.206901,3.140000,-0.200000,0.000000,0.000000,0.000000,0.000000,0.000000,0.000000
1778443183.158532,sequential_ik_elbow_then_wrist,0,0,-0.223088,0.094118,-0.177126,-0.363963,-0.060233,0.038117,-0.091302,-0.058413,-0.279735,-0.349128,-0.088744,-0.430087,0.000000,0.044235,0.000315,0.210318,0.000001,0.028793,0.000628,0.169686,0.000000,0.000000,0.000000,1.147675,-0.675078,-0.000000,1.969794,-0.995947,-1.206019,3.140000,-0.200000,0.000000,0.000000,0.000000,0.000000,0.000000,0.000000
1778443183.212181,sequential_ik_elbow_then_wrist,0,0,-0.221800,0.094601,-0.178481,-0.363198,-0.059575,0.036546,-0.093820,-0.058998,-0.278778,-0.356538,-0.088584,-0.420566,0.000001,0.044252,0.000596,0.210362,0.000002,0.031448,0.001055,0.177335,0.000000,0.000000,0.000000,1.152851,-0.665621,-0.000000,1.951316,-0.997564,-1.203347,3.140000,-0.200000,0.000000,0.000000,0.000000,0.000000,0.000000,0.000000
1778443183.272431,sequential_ik_elbow_then_wrist,0,0,-0.219724,0.091978,-0.182377,-0.366274,-0.063396,0.028293,-0.092868,-0.060107,-0.278860,-0.355762,-0.091504,-0.419930,0.000004,0.046235,0.001305,0.215022,0.000000,0.030946,0.000578,0.175914,0.000000,0.000000,0.000000,1.157542,-0.661722,-0.000000,1.935305,-0.998505,-1.200994,3.140000,-0.200000,0.000000,0.000000,0.000000,0.000000,0.000000,0.000000
1778443183.327470,sequential_ik_elbow_then_wrist,0,0,-0.213075,0.092926,-0.189642,-0.362813,-0.062763,0.018539,-0.099222,-0.060457,-0.276586,-0.363394,-0.090442,-0.415561,0.000015,0.046903,0.002675,0.216568,0.000009,0.031459,0.002480,0.177366,0.000000,0.000000,0.000000,1.159248,-0.665228,-0.000000,1.925691,-1.000294,-1.195434,3.140000,-0.200000,0.000000,0.000000,0.000000,0.000000,0.000000,0.000000
1778443183.407023,sequential_ik_elbow_then_wrist,0,0,-0.209507,0.092053,-0.193993,-0.363067,-0.063163,0.011743,-0.101204,-0.060381,-0.275884,-0.370994,-0.084927,-0.404767,0.000008,0.047796,0.001984,0.218621,0.000008,0.035007,0.002610,0.187102,0.000000,0.000000,0.000000,1.159433,-0.672861,-0.000000,1.919924,-1.003010,-1.189239,3.140000,-0.200000,0.000000,0.000000,0.000000,0.000000,0.000000,0.000000
1778443183.456594,sequential_ik_elbow_then_wrist,0,0,-0.206156,0.092211,-0.197476,-0.361264,-0.064162,0.006211,-0.102590,-0.061516,-0.275120,-0.375895,-0.085676,-0.396449,0.000006,0.048855,0.001742,0.221029,0.000004,0.036886,0.001888,0.192058,0.000000,0.000000,0.000000,1.158205,-0.682637,-0.000000,1.918238,-1.006062,-1.182882,3.140000,-0.200000,0.000000,0.000000,0.000000,0.000000,0.000000,0.000000
1778443183.520747,sequential_ik_elbow_then_wrist,0,0,-0.203805,0.092358,-0.199834,-0.360498,-0.066419,0.000758,-0.101912,-0.062031,-0.275256,-0.372872,-0.083885,-0.402154,0.000004,0.050681,0.001362,0.225121,0.000001,0.034730,0.000778,0.186360,0.000000,0.000000,0.000000,1.156033,-0.692917,-0.000000,1.919234,-1.008813,-1.177877,3.140000,-0.200000,0.000000,0.000000,0.000000,0.000000,0.000000,0.000000
1778443183.578613,sequential_ik_elbow_then_wrist,0,0,-0.203104,0.092175,-0.200630,-0.362695,-0.066888,-0.002566,-0.098300,-0.062351,-0.276495,-0.364306,-0.082741,-0.413698,0.000001,0.051738,0.000643,0.227459,0.000002,0.031405,0.001309,0.177215,0.000000,0.000000,0.000000,1.153782,-0.702040,-0.000000,1.919402,-1.010300,-1.175980,3.140000,-0.200000,0.000000,0.000000,0.000000,0.000000,0.000000,0.000000
1778443183.652049,sequential_ik_elbow_then_wrist,0,0,-0.203754,0.091537,-0.200263,-0.362727,-0.069666,-0.003435,-0.093944,-0.062913,-0.277879,-0.359435,-0.081504,-0.416330,0.000000,0.052874,0.000184,0.229943,0.000012,0.031776,0.003256,0.178259,0.000000,0.000000,0.000000,1.152332,-0.708969,-0.000000,1.919698,-1.009780,-1.177232,3.140000,-0.200000,0.000000,0.000000,0.000000,0.000000,0.000000,0.000000
1778443183.708020,sequential_ik_elbow_then_wrist,0,0,-0.204333,0.090810,-0.200005,-0.362527,-0.070953,-0.003008,-0.093663,-0.063336,-0.277877,-0.362343,-0.081955,-0.410030,0.000000,0.052965,0.000473,0.230142,0.000009,0.034663,0.002902,0.186179,0.000000,0.000000,0.000000,1.151894,-0.714020,-0.000000,1.920111,-1.007868,-1.178793,3.140000,-0.200000,0.000000,0.000000,0.000000,0.000000,0.000000,0.000000
1778443183.773846,sequential_ik_elbow_then_wrist,0,0,-0.202074,0.091782,-0.201847,-0.360957,-0.070284,-0.005655,-0.088079,-0.062911,-0.279793,-0.353850,-0.080664,-0.417817,0.000001,0.053123,0.000800,0.230485,0.000025,0.033483,0.004681,0.182985,0.000000,0.000000,0.000000,1.150739,-0.719341,-0.000000,1.921561,-1.004124,-1.183363,3.140000,-0.200000,0.000000,0.000000,0.000000,0.000000,0.000000,0.000000
1778443183.824816,sequential_ik_elbow_then_wrist,0,0,-0.202732,0.092531,-0.200843,-0.363800,-0.069075,-0.006059,-0.088651,-0.062687,-0.279663,-0.353789,-0.080677,-0.418868,0.000000,0.053480,0.000468,0.231256,0.000011,0.033990,0.003280,0.184363,0.000000,0.000000,0.000000,1.149252,-0.722888,-0.000000,1.921000,-0.999646,-1.187356,3.140000,-0.200000,0.000000,0.000000,0.000000,0.000000,0.000000,0.000000
1778443183.886968,sequential_ik_elbow_then_wrist,0,0,-0.205156,0.093673,-0.197829,-0.368196,-0.067721,-0.004516,-0.089154,-0.062804,-0.279477,-0.358605,-0.078661,-0.410415,0.000002,0.053891,0.000985,0.232139,0.000007,0.037769,0.002523,0.194344,0.000000,0.000000,0.000000,1.147837,-0.722981,-0.000000,1.916554,-0.994984,-1.190181,3.140000,-0.200000,0.000000,0.000000,0.000000,0.000000,0.000000,0.000000
1778443183.937823,sequential_ik_elbow_then_wrist,0,0,-0.206422,0.099180,-0.193787,-0.372724,-0.065743,-0.006320,-0.088452,-0.064184,-0.279386,-0.358943,-0.075914,-0.408603,0.000010,0.056518,0.002426,0.237727,0.000011,0.039116,0.003308,0.197777,0.000000,0.000000,0.000000,1.143893,-0.719172,-0.000000,1.908261,-0.989788,-1.192139,3.140000,-0.200000,0.000000,0.000000,0.000000,0.000000,0.000000,0.000000
1778443184.002754,sequential_ik_elbow_then_wrist,0,0,-0.206770,0.100528,-0.192719,-0.377076,-0.058732,-0.003955,-0.085934,-0.061840,-0.280698,-0.352985,-0.082029,-0.415886,0.000003,0.055220,0.001404,0.234979,0.000007,0.036483,0.002430,0.191005,0.000000,0.000000,0.000000,1.139039,-0.714523,-0.000000,1.896623,-0.984715,-1.195825,3.140000,-0.200000,0.000000,0.000000,0.000000,0.000000,0.000000,0.000000
1778443184.066638,sequential_ik_elbow_then_wrist,0,0,-0.204504,0.103609,-0.193503,-0.371000,-0.062667,-0.007408,-0.089388,-0.063384,-0.279271,-0.348937,-0.082219,-0.428535,0.000006,0.058640,0.002061,0.242151,0.000003,0.031730,0.001498,0.178131,0.000000,0.000000,0.000000,1.132271,-0.711226,-0.000000,1.891950,-0.980211,-1.196666,3.140000,-0.200000,0.000000,0.000000,0.000000,0.000000,0.000000,0.000000
1778443184.124026,sequential_ik_elbow_then_wrist,0,0,-0.205161,0.100922,-0.194226,-0.375449,-0.066191,-0.012360,-0.088574,-0.064002,-0.279389,-0.344702,-0.080616,-0.434704,0.000000,0.061250,0.000353,0.247486,0.000004,0.029837,0.001860,0.172734,0.000000,0.000000,0.000000,1.127521,-0.709351,-0.000000,1.886663,-0.975860,-1.197061,3.140000,-0.200000,0.000000,0.000000,0.000000,0.000000,0.000000,0.000000
1778443184.184947,sequential_ik_elbow_then_wrist,0,0,-0.210885,0.099814,-0.188586,-0.392274,-0.066251,-0.016772,-0.089580,-0.064401,-0.278977,-0.344945,-0.077550,-0.435870,0.000009,0.063724,0.002230,0.252350,0.000002,0.029994,0.001338,0.173188,0.000000,0.000000,0.000000,1.126239,-0.703556,-0.000000,1.866776,-0.971893,-1.196606,3.140000,-0.200000,0.000000,0.000000,0.000000,0.000000,0.000000,0.000000
1778443184.244399,sequential_ik_elbow_then_wrist,0,0,-0.209244,0.092816,-0.193912,-0.390334,-0.072698,-0.021251,-0.072076,-0.065073,-0.283850,-0.298816,-0.078340,-0.479842,0.000015,0.063190,0.003162,0.251365,0.000128,0.017616,0.010536,0.132726,0.000000,0.000000,0.000000,1.129667,-0.702428,-0.000000,1.845840,-0.964210,-1.205115,3.140000,-0.200000,0.000000,0.000000,0.000000,0.000000,0.000000,0.000000
1778443184.315451,sequential_ik_elbow_then_wrist,0,0,-0.198835,0.100830,-0.200743,-0.390230,-0.055757,-0.030894,-0.057377,-0.066779,-0.286790,-0.279230,-0.089893,-0.487407,0.000031,0.059444,0.004387,0.243805,0.000338,0.015683,0.017769,0.125230,0.000000,0.000000,0.000000,1.126899,-0.707925,-0.000000,1.825516,-0.951165,-1.220283,3.140000,-0.200000,0.000000,0.000000,0.000000,0.000000,0.000000,0.000000
1778443184.361998,sequential_ik_elbow_then_wrist,0,0,-0.204776,0.082539,-0.203111,-0.433898,-0.049255,-0.061218,-0.054840,-0.088592,-0.281326,-0.263155,-0.127173,-0.493731,0.000064,0.057162,0.006801,0.238348,0.001004,0.009386,0.031094,0.096882,0.000000,0.000000,0.000000,1.134207,-0.715589,-0.000000,1.765029,-0.928190,-1.225241,3.140000,-0.200000,0.000000,0.000000,0.000000,0.000000,0.000000,0.000000
1778443184.433080,sequential_ik_elbow_then_wrist,0,0,-0.198960,0.075323,-0.211521,-0.451657,-0.042812,-0.101121,-0.051648,-0.097499,-0.278974,-0.254226,-0.141801,-0.495768,0.000052,0.051724,0.005800,0.226679,0.001154,0.008138,0.033302,0.090210,0.000000,0.000000,0.000000,1.146472,-0.729357,-0.000000,1.674768,-0.895567,-1.223742,3.140000,-0.200000,0.000000,0.000000,0.000000,0.000000,0.000000,0.000000
1778443184.481728,sequential_ik_elbow_then_wrist,0,0,-0.194099,0.067676,-0.218507,-0.462641,-0.039043,-0.137906,-0.048819,-0.101531,-0.278043,-0.249442,-0.150933,-0.495551,0.000051,0.045827,0.005746,0.213513,0.001025,0.008872,0.031373,0.094193,0.000000,0.000000,0.000000,1.162024,-0.747820,-0.000000,1.569038,-0.855712,-1.219420,3.140000,-0.200000,0.000000,0.000000,0.000000,0.000000,0.000000,0.000000
1778443184.545611,sequential_ik_elbow_then_wrist,0,0,-0.213536,0.066072,-0.200092,-0.481653,-0.037568,-0.114234,-0.048511,-0.099662,-0.278772,-0.248493,-0.144981,-0.497756,0.000107,0.039645,0.007885,0.198972,0.000643,0.011740,0.024842,0.108352,0.000000,0.000000,0.000000,1.181801,-0.747824,-0.000000,1.470816,-0.813245,-1.215533,3.140000,-0.200000,0.000000,0.000000,0.000000,0.000000,0.000000,0.000000
1778443184.613129,sequential_ik_elbow_then_wrist,0,0,-0.217071,0.068325,-0.195478,-0.475953,-0.039642,-0.089066,-0.049231,-0.097494,-0.279412,-0.246168,-0.140241,-0.501647,0.000021,0.037677,0.003337,0.194097,0.000367,0.014004,0.018779,0.118339,0.000000,0.000000,0.000000,1.199798,-0.740773,-0.000000,1.400632,-0.771741,-1.212724,3.140000,-0.200000,0.000000,0.000000,0.000000,0.000000,0.000000,0.000000
1778443184.672590,sequential_ik_elbow_then_wrist,0,0,-0.213550,0.065770,-0.200177,-0.482678,-0.040441,-0.120872,-0.048191,-0.097198,-0.279697,-0.243372,-0.141597,-0.503154,0.000004,0.037764,0.001677,0.194169,0.000265,0.015251,0.015944,0.123496,0.000000,0.000000,0.000000,1.215567,-0.737653,-0.000000,1.328304,-0.732378,-1.210808,3.140000,-0.200000,0.000000,0.000000,0.000000,0.000000,0.000000,0.000000
1778443184.735840,sequential_ik_elbow_then_wrist,0,0,-0.210862,0.064657,-0.203363,-0.482576,-0.039664,-0.130637,-0.048814,-0.096435,-0.279853,-0.246371,-0.141069,-0.501165,0.000004,0.036501,0.001391,0.191016,0.000158,0.017694,0.012300,0.133019,0.000000,0.000000,0.000000,1.228602,-0.738447,-0.000000,1.264458,-0.696433,-1.209352,3.140000,-0.200000,0.000000,0.000000,0.000000,0.000000,0.000000,0.000000
1778443184.783514,sequential_ik_elbow_then_wrist,0,0,-0.205591,0.065039,-0.208572,-0.476664,-0.036186,-0.129367,-0.048790,-0.095775,-0.280083,-0.242093,-0.140102,-0.505181,0.000009,0.035002,0.001980,0.187076,0.000100,0.018147,0.009815,0.134708,0.000000,0.000000,0.000000,1.237787,-0.744195,-0.000000,1.221062,-0.664311,-1.208473,3.140000,-0.198705,0.000000,0.000000,0.000000,0.000000,0.000000,0.000000
1778443184.857920,sequential_ik_elbow_then_wrist,0,0,-0.207514,0.066112,-0.206318,-0.475038,-0.036403,-0.117314,-0.050030,-0.094638,-0.280251,-0.243352,-0.138365,-0.505450,0.000000,0.035147,0.000520,0.187436,0.000047,0.019644,0.006703,0.140155,0.000000,0.000000,0.000000,1.244172,-0.747815,-0.000000,1.197242,-0.636626,-1.207989,3.140000,-0.196045,0.000000,0.000000,0.000000,0.000000,0.000000,0.000000
1778443184.910446,sequential_ik_elbow_then_wrist,0,0,-0.208252,0.068061,-0.204936,-0.473633,-0.036120,-0.111557,-0.050980,-0.089904,-0.281635,-0.241906,-0.138842,-0.507804,0.000002,0.035868,0.001050,0.189373,0.000010,0.019479,0.002969,0.139565,0.000000,0.000000,0.000000,1.247763,-0.749226,-0.000000,1.184723,-0.614230,-1.209983,3.140000,-0.195806,0.000000,0.000000,0.000000,0.000000,0.000000,0.000000
1778443184.986168,sequential_ik_elbow_then_wrist,0,0,-0.207264,0.069417,-0.205482,-0.472415,-0.034105,-0.110730,-0.048557,-0.088813,-0.282408,-0.236720,-0.136400,-0.511167,0.000002,0.036168,0.001123,0.190175,0.000015,0.019048,0.003707,0.138013,0.000000,0.000000,0.000000,1.248960,-0.750454,-0.000000,1.178025,-0.595521,-1.213456,3.140000,-0.194728,0.000000,0.000000,0.000000,0.000000,0.000000,0.000000
1778443185.023241,sequential_ik_elbow_then_wrist,0,0,-0.200408,0.068420,-0.212498,-0.473382,-0.031592,-0.138452,-0.052872,-0.089067,-0.281552,-0.250407,-0.136912,-0.502212,0.000013,0.036681,0.002492,0.191466,0.000000,0.022592,0.000427,0.150303,0.000000,0.000000,0.000000,1.248456,-0.757457,-0.000000,1.161850,-0.581279,-1.214953,3.140000,-0.195994,0.000000,0.000000,0.000000,0.000000,0.000000,0.000000
1778443185.103858,sequential_ik_elbow_then_wrist,0,0,-0.196227,0.069812,-0.215919,-0.472617,-0.028143,-0.152566,-0.053561,-0.089540,-0.281272,-0.251736,-0.136608,-0.501525,0.000010,0.036925,0.002405,0.192132,0.000000,0.022962,0.000378,0.151532,0.000000,0.000000,0.000000,1.245821,-0.767186,-0.000000,1.141823,-0.570574,-1.215330,3.140000,-0.196955,0.000000,0.000000,0.000000,0.000000,0.000000,0.000000
1778443185.152350,sequential_ik_elbow_then_wrist,0,0,-0.193633,0.071378,-0.217742,-0.470599,-0.023968,-0.152943,-0.055956,-0.088481,-0.281141,-0.256055,-0.134963,-0.499773,0.000007,0.036789,0.002204,0.191805,0.000006,0.024045,0.002367,0.155063,0.000000,0.000000,0.000000,1.241355,-0.777219,-0.000000,1.127414,-0.563558,-1.215228,3.140000,-0.197686,0.000000,0.000000,0.000000,0.000000,0.000000,0.000000
1778443185.201283,sequential_ik_elbow_then_wrist,0,0,-0.192587,0.073238,-0.218052,-0.469761,-0.020079,-0.151222,-0.058269,-0.086820,-0.281188,-0.256704,-0.138488,-0.500172,0.000005,0.036943,0.002009,0.192203,0.000019,0.022888,0.004309,0.151287,0.000000,0.000000,0.000000,1.235515,-0.785724,-0.000000,1.119112,-0.560273,-1.215187,3.140000,-0.198241,0.000000,0.000000,0.000000,0.000000,0.000000,0.000000
1778443185.270846,sequential_ik_elbow_then_wrist,0,0,-0.194361,0.075166,-0.215810,-0.470405,-0.019133,-0.145758,-0.058686,-0.085325,-0.281559,-0.254480,-0.141546,-0.501795,0.000004,0.038075,0.001668,0.195125,0.000021,0.021099,0.004532,0.145255,0.000000,0.000000,0.000000,1.229176,-0.790385,-0.000000,1.115426,-0.559912,-1.215831,3.140000,-0.198663,0.000000,0.000000,0.000000,0.000000,0.000000,0.000000
1778443185.325976,sequential_ik_elbow_then_wrist,0,0,-0.201420,0.075978,-0.208943,-0.468052,-0.022464,-0.112941,-0.059221,-0.083680,-0.281940,-0.253807,-0.138604,-0.503570,0.000013,0.038783,0.002382,0.196814,0.000025,0.020640,0.004889,0.143667,0.000000,0.000000,0.000000,1.224486,-0.787510,-0.000000,1.129228,-0.561916,-1.217171,3.140000,-0.198984,0.000000,0.000000,0.000000,0.000000,0.000000,0.000000
1778443185.390146,sequential_ik_elbow_then_wrist,0,0,-0.207935,0.076149,-0.202396,-0.461459,-0.025695,-0.078487,-0.058825,-0.081778,-0.282581,-0.251784,-0.138900,-0.505076,0.000017,0.037947,0.002786,0.194589,0.000023,0.019474,0.004696,0.139550,0.000000,0.000000,0.000000,1.222274,-0.778311,-0.000000,1.161462,-0.565584,-1.219544,3.140000,-0.199228,0.000000,0.000000,0.000000,0.000000,0.000000,0.000000
1778443185.451919,sequential_ik_elbow_then_wrist,0,0,-0.211616,0.075532,-0.198780,-0.456672,-0.031276,-0.062619,-0.059622,-0.077356,-0.283657,-0.252244,-0.136590,-0.505891,0.000009,0.038165,0.002104,0.195277,0.000046,0.019208,0.006619,0.138592,0.000000,0.000000,0.000000,1.222329,-0.766714,-0.000000,1.199484,-0.571301,-1.223739,3.140000,-0.199413,0.000000,0.000000,0.000000,0.000000,0.000000,0.000000
1778443185.524473,sequential_ik_elbow_then_wrist,0,0,-0.213237,0.075842,-0.196921,-0.455126,-0.032240,-0.056181,-0.058929,-0.074088,-0.284672,-0.252501,-0.134478,-0.505767,0.000003,0.037693,0.001146,0.194132,0.000048,0.019037,0.006733,0.137975,0.000000,0.000000,0.000000,1.223281,-0.755319,-0.000000,1.234239,-0.578522,-1.229438,3.140000,-0.199554,0.000000,0.000000,0.000000,0.000000,0.000000,0.000000
1778443185.580579,sequential_ik_elbow_then_wrist,0,0,-0.215132,0.075785,-0.194871,-0.454422,-0.033823,-0.050906,-0.058684,-0.073858,-0.284783,-0.251997,-0.136137,-0.505580,0.000002,0.037632,0.001004,0.193986,0.000033,0.018179,0.005667,0.134831,0.000000,0.000000,0.000000,1.224816,-0.744399,-0.000000,1.263622,-0.586406,-1.234517,3.140000,-0.199661,0.000000,0.000000,0.000000,0.000000,0.000000,0.000000
1778443185.636715,sequential_ik_elbow_then_wrist,0,0,-0.212761,0.074981,-0.197765,-0.450903,-0.033878,-0.051348,-0.059145,-0.074127,-0.284617,-0.253016,-0.136345,-0.504942,0.000001,0.037078,0.000717,0.192551,0.000026,0.017855,0.005043,0.133623,0.000000,0.000000,0.000000,1.226301,-0.737942,-0.000000,1.289539,-0.594529,-1.238201,3.140000,-0.199742,0.000000,0.000000,0.000000,0.000000,0.000000,0.000000
1778443185.690910,sequential_ik_elbow_then_wrist,0,0,-0.215251,0.073929,-0.195452,-0.443505,-0.038450,-0.036483,-0.057834,-0.074852,-0.284697,-0.251899,-0.133195,-0.505909,0.000002,0.036793,0.001012,0.191757,0.000010,0.017609,0.003047,0.132697,0.000000,0.000000,0.000000,1.228680,-0.731569,-0.000000,1.320562,-0.601991,-1.241061,3.140000,-0.199804,0.000000,0.000000,0.000000,0.000000,0.000000,0.000000
1778443185.756121,sequential_ik_elbow_then_wrist,0,0,-0.219340,0.070033,-0.192316,-0.439621,-0.044536,-0.023941,-0.057880,-0.078366,-0.283741,-0.253777,-0.136363,-0.503424,0.000011,0.035868,0.002643,0.189351,0.000002,0.017460,0.001113,0.132136,0.000000,0.000000,0.000000,1.234095,-0.723864,-0.000000,1.353064,-0.608038,-1.241375,3.140000,-0.199851,0.000000,0.000000,0.000000,0.000000,0.000000,0.000000
1778443185.815381,sequential_ik_elbow_then_wrist,0,0,-0.220485,0.067586,-0.191882,-0.441069,-0.048499,-0.024947,-0.057742,-0.079875,-0.283347,-0.254271,-0.136968,-0.502703,0.000006,0.035466,0.002118,0.188324,0.000000,0.017406,0.000447,0.131930,0.000000,0.000000,0.000000,1.241349,-0.717002,-0.000000,1.377851,-0.612588,-1.240443,3.140000,-0.199887,0.000000,0.000000,0.000000,0.000000,0.000000,0.000000
1778443185.867770,sequential_ik_elbow_then_wrist,0,0,-0.221310,0.065853,-0.191534,-0.441893,-0.050028,-0.024457,-0.057499,-0.080802,-0.283134,-0.253532,-0.137453,-0.503047,0.000004,0.034447,0.001635,0.185599,0.000001,0.017161,0.000755,0.130999,0.000000,0.000000,0.000000,1.249317,-0.711274,-0.000000,1.395510,-0.615729,-1.239069,3.140000,-0.199914,0.000000,0.000000,0.000000,0.000000,0.000000,0.000000
1778443185.935068,sequential_ik_elbow_then_wrist,0,0,-0.223850,0.063930,-0.189220,-0.442895,-0.053565,-0.021250,-0.057080,-0.082372,-0.282766,-0.252051,-0.140293,-0.503291,0.000005,0.034063,0.001845,0.184562,0.000003,0.016556,0.001691,0.128669,0.000000,0.000000,0.000000,1.257962,-0.704957,-0.000000,1.407719,-0.617370,-1.237197,3.140000,-0.199935,0.000000,0.000000,0.000000,0.000000,0.000000,0.000000
1778443185.991175,sequential_ik_elbow_then_wrist,0,0,-0.224467,0.063944,-0.188483,-0.442582,-0.054137,-0.019715,-0.056664,-0.082283,-0.282876,-0.251018,-0.139635,-0.504093,0.000001,0.033535,0.000836,0.183126,0.000003,0.016565,0.001640,0.128703,0.000000,0.000000,0.000000,1.265675,-0.699118,-0.000000,1.416388,-0.617878,-1.235787,3.140000,-0.199950,0.000000,0.000000,0.000000,0.000000,0.000000,0.000000
1778443186.052415,sequential_ik_elbow_then_wrist,0,0,-0.223205,0.062963,-0.190302,-0.444940,-0.054012,-0.025528,-0.058250,-0.081427,-0.282801,-0.253034,-0.134983,-0.504591,0.000001,0.033269,0.000700,0.182393,0.000000,0.017570,0.000136,0.132551,0.000000,0.000000,0.000000,1.272362,-0.695889,-0.000000,1.419465,-0.618320,-1.234572,3.140000,-0.199962,0.000000,0.000000,0.000000,0.000000,0.000000,0.000000
1778443186.111082,sequential_ik_elbow_then_wrist,0,0,-0.218650,0.063302,-0.195410,-0.443842,-0.052238,-0.034355,-0.062287,-0.079925,-0.282369,-0.271449,-0.124453,-0.492770,0.000006,0.033086,0.001684,0.181896,0.000014,0.023792,0.003607,0.154247,0.000000,0.000000,0.000000,1.276803,-0.697826,-0.000000,1.420345,-0.620291,-1.232863,3.140000,-0.199971,0.000000,0.000000,0.000000,0.000000,0.000000,0.000000
1778443186.174952,sequential_ik_elbow_then_wrist,0,0,-0.217374,0.061289,-0.197465,-0.454845,-0.050053,-0.051827,-0.063902,-0.082285,-0.281328,-0.278470,-0.127464,-0.486071,0.000003,0.032872,0.001106,0.181228,0.000010,0.024971,0.003027,0.158022,0.000000,0.000000,0.000000,1.280890,-0.701980,-0.000000,1.408295,-0.623150,-1.229496,3.140000,-0.199978,0.000000,0.000000,0.000000,0.000000,0.000000,0.000000
1778443186.234078,sequential_ik_elbow_then_wrist,1,0,-0.215842,0.059413,-0.199706,-0.469522,-0.046329,-0.079437,-0.066141,-0.084036,-0.280291,-0.280953,-0.130724,-0.484439,0.000003,0.032285,0.001211,0.179413,0.000011,0.024411,0.003166,0.156240,0.000000,0.000000,0.000000,1.285145,-0.707596,-0.000000,1.375604,-0.626785,-1.224646,3.140000,-0.199983,0.000000,0.000000,0.000000,0.000000,0.000000,0.000000
1778443186.297631,sequential_ik_elbow_then_wrist,1,0,-0.211450,0.062285,-0.203493,-0.473577,-0.039515,-0.098963,-0.066778,-0.085100,-0.279819,-0.282235,-0.133686,-0.482840,0.000007,0.031598,0.001945,0.177628,0.000007,0.023821,0.002449,0.154340,0.000000,0.000000,0.000000,1.286448,-0.715584,-0.000000,1.334325,-0.630721,-1.219613,3.140000,-0.199987,0.000000,0.000000,0.000000,0.000000,0.000000,0.000000
1778443186.365604,sequential_ik_elbow_then_wrist,1,0,-0.205804,0.067071,-0.207717,-0.481737,-0.029073,-0.139764,-0.068559,-0.086296,-0.279021,-0.287606,-0.132863,-0.478646,0.000021,0.032363,0.003754,0.179511,0.000008,0.025035,0.002600,0.158223,0.000000,0.000000,0.000000,1.282829,-0.726102,-0.000000,1.274695,-0.634974,-1.214128,3.140000,-0.199990,0.000000,0.000000,0.000000,0.000000,0.000000,0.000000
1778443186.422011,sequential_ik_elbow_then_wrist,0,0,-0.196641,0.071836,-0.214877,-0.477538,-0.022149,-0.167300,-0.066568,-0.088874,-0.278694,-0.285690,-0.131081,-0.479203,0.000048,0.102191,0.005656,0.297674,0.000001,0.024773,0.000611,0.157396,0.000000,0.000000,0.000000,1.273603,-0.741363,-0.753600,0.949690,-0.637953,-1.209013,3.140000,-0.199993,0.000000,0.000000,0.000000,0.000000,0.000000,0.000000
1778443186.483127,sequential_ik_elbow_then_wrist,0,0,-0.195714,0.072044,-0.215651,-0.473539,-0.022684,-0.153681,-0.067148,-0.087763,-0.278906,-0.286701,-0.127686,-0.479412,0.000010,0.085869,0.002746,0.292786,0.000000,0.025532,0.000514,0.159786,0.000000,0.000000,0.000000,1.263283,-0.755277,-1.326336,0.673764,-0.640476,-1.205265,3.140000,-0.199994,0.000000,0.000000,0.000000,0.000000,0.000000,0.000000
1778443186.536973,sequential_ik_elbow_then_wrist,0,0,-0.193074,0.071632,-0.218155,-0.470838,-0.022659,-0.155256,-0.069193,-0.088140,-0.278287,-0.290262,-0.127923,-0.477149,0.000005,0.088291,0.001816,0.297137,0.000003,0.026191,0.001588,0.161835,0.000000,0.000000,0.000000,1.253574,-0.768608,-1.761615,0.464061,-0.643186,-1.201425,3.140000,-0.199996,0.000000,0.000000,0.000000,0.000000,0.000000,0.000000
1778443186.595257,sequential_ik_elbow_then_wrist,0,0,-0.159908,0.072587,-0.243229,-0.434195,-0.011898,-0.330573,-0.062982,-0.093586,-0.277984,-0.288603,-0.123868,-0.473376,0.000266,0.040852,0.012049,0.202118,0.000031,0.027890,0.005395,0.167003,0.000000,0.000000,0.000000,1.238023,-0.803775,-2.092428,0.304686,-0.642458,-1.197859,3.140000,-0.199997,0.000000,0.000000,0.000000,0.000000,0.000000,0.000000
1778443186.657554,sequential_ik_elbow_then_wrist,0,0,-0.152091,0.074149,-0.247730,-0.431396,-0.010645,-0.317004,-0.064175,-0.094985,-0.277235,-0.288988,-0.120347,-0.474253,0.000095,0.051386,0.008245,0.226684,0.000019,0.029324,0.004245,0.171242,0.000000,0.000000,0.000000,1.219358,-0.841059,-2.343845,0.183562,-0.639692,-1.193749,3.140000,-0.199998,0.000000,0.000000,0.000000,0.000000,0.000000,0.000000
1778443186.717045,sequential_ik_elbow_then_wrist,0,0,-0.137657,0.075474,-0.255645,-0.403864,-0.000366,-0.371326,-0.061336,-0.098525,-0.276642,-0.281631,-0.117573,-0.479391,0.000135,0.039906,0.010085,0.199764,0.000049,0.029009,0.006851,0.170320,0.000000,0.000000,0.000000,1.197381,-0.880868,-2.534922,0.091507,-0.633947,-1.189435,3.140000,-0.199998,0.000000,0.000000,0.000000,0.000000,0.000000,0.000000
1778443186.779693,sequential_ik_elbow_then_wrist,0,0,-0.144716,0.075578,-0.251685,-0.429085,-0.005360,-0.302515,-0.071016,-0.099490,-0.273968,-0.297706,-0.117848,-0.469607,0.000019,0.064876,0.004057,0.254707,0.000007,0.033720,0.001738,0.183629,0.000000,0.000000,0.000000,1.177339,-0.909015,-2.680141,0.021545,-0.629801,-1.181597,3.140000,-0.199999,0.000000,0.000000,0.000000,0.000000,0.000000,0.000000
1778443186.837966,sequential_ik_elbow_then_wrist,0,0,-0.152031,0.096081,-0.240115,-0.429496,-0.013527,-0.208508,-0.070093,-0.103583,-0.272686,-0.289805,-0.137765,-0.474076,0.000200,0.104904,0.012347,0.323890,0.000007,0.027250,0.002361,0.165076,0.000000,0.000000,0.000000,1.151651,-0.917684,-2.790507,-0.031626,-0.625438,-1.172688,3.140000,-0.199999,0.000000,0.000000,0.000000,0.000000,0.000000,0.000000
1778443186.898346,sequential_ik_elbow_then_wrist,0,0,-0.161692,0.118621,-0.223125,-0.416699,-0.017386,-0.142665,-0.055734,-0.104661,-0.275572,-0.249971,-0.153255,-0.498979,0.000355,0.137233,0.015836,0.370450,0.000140,0.016418,0.011409,0.128115,0.000000,0.000000,0.000000,1.117086,-0.904960,-2.874385,-0.072035,-0.615717,-1.169980,3.140000,-0.194590,0.000000,0.000000,0.000000,0.000000,0.000000,0.000000
1778443186.961218,sequential_ik_elbow_then_wrist,0,0,-0.158820,0.116288,-0.226392,-0.411673,0.000694,-0.339100,-0.048452,-0.124125,-0.268785,-0.240011,-0.141896,-0.498979,0.000061,0.066869,0.007072,0.258591,0.000502,0.020427,0.021509,0.142487,0.000000,0.000000,0.000000,1.082878,-0.893617,-2.938133,-0.102280,-0.595650,-1.159689,3.140000,-0.163722,0.000000,0.000000,0.000000,0.000000,0.000000,0.000000
1778443187.010142,sequential_ik_elbow_then_wrist,0,0,-0.175775,0.116978,-0.213119,-0.392362,-0.045732,-0.084218,-0.046041,-0.121604,-0.270356,-0.241942,-0.144063,-0.496450,0.000050,0.181533,0.004735,0.426067,0.000293,0.023591,0.016576,0.153552,0.000000,0.000000,0.000000,1.058005,-0.872481,-2.986581,-0.125733,-0.570221,-1.151744,3.140000,-0.131591,0.000000,0.000000,0.000000,0.000000,0.000000,0.000000
1778443187.080378,sequential_ik_elbow_then_wrist,0,0,-0.217350,0.106554,-0.177215,-0.395300,-0.053957,0.003258,-0.048408,-0.101842,-0.278002,-0.266796,-0.138146,-0.480459,0.000561,0.135350,0.017844,0.353704,0.000055,0.033525,0.005763,0.182848,0.000000,0.000000,0.000000,1.058686,-0.824616,-2.269802,0.099353,-0.548592,-1.156652,3.140000,-0.130093,0.000000,0.000000,0.000000,0.000000,0.000000,0.000000
1778443187.172413,sequential_ik_elbow_then_wrist,0,0,-0.236313,0.086613,-0.163262,-0.419909,-0.087223,-0.001789,-0.054859,-0.083744,-0.282803,-0.280085,-0.117198,-0.478134,0.000411,0.079620,0.015899,0.277745,0.000109,0.040363,0.009226,0.200766,0.000000,0.000000,0.000000,1.083622,-0.770526,-1.725049,0.389877,-0.536219,-1.171410,3.140000,-0.146870,0.000000,0.000000,0.000000,0.000000,0.000000,0.000000
1778443187.241631,sequential_ik_elbow_then_wrist,0,0,-0.252504,0.079242,-0.141288,-0.434316,-0.097382,0.019175,-0.058745,-0.075965,-0.284215,-0.289102,-0.104602,-0.474256,0.000255,0.065169,0.011660,0.255052,0.000187,0.044364,0.013252,0.210628,0.000000,0.000000,0.000000,1.119513,-0.709398,-1.311037,0.636686,-0.532657,-1.188177,3.140000,-0.159622,0.000000,0.000000,0.000000,0.000000,0.000000,0.000000
1778443187.285436,sequential_ik_elbow_then_wrist,0,0,-0.256308,0.080841,-0.133308,-0.444708,-0.092472,0.023116,-0.056805,-0.072803,-0.285435,-0.290444,-0.090627,-0.472771,0.000045,0.060205,0.004631,0.245350,0.000133,0.046556,0.011270,0.215769,0.000000,0.000000,0.000000,1.152142,-0.652704,-0.996388,0.817120,-0.534659,-1.204443,3.140000,-0.169312,0.000000,0.000000,0.000000,0.000000,0.000000,0.000000
1778443187.329215,sequential_ik_elbow_then_wrist,0,0,-0.259022,0.085675,-0.124770,-0.458006,-0.079710,0.027063,-0.057270,-0.066514,-0.286873,-0.300537,-0.078840,-0.461999,0.000021,0.056649,0.003055,0.237904,0.000178,0.052873,0.013051,0.229942,0.000000,0.000000,0.000000,1.176244,-0.601429,-0.757255,0.937127,-0.541338,-1.220748,3.140000,-0.176677,0.000000,0.000000,0.000000,0.000000,0.000000,0.000000
1778443187.397779,sequential_ik_elbow_then_wrist,0,0,-0.253891,0.086422,-0.134427,-0.447766,-0.075956,0.026959,-0.056086,-0.068469,-0.286647,-0.299742,-0.083174,-0.461047,0.000008,0.054944,0.001926,0.234395,0.000094,0.050297,0.009567,0.224269,0.000000,0.000000,0.000000,1.192904,-0.567194,-0.575514,1.032328,-0.550141,-1.233279,3.140000,-0.182275,0.000000,0.000000,0.000000,0.000000,0.000000,0.000000
1778443187.443730,sequential_ik_elbow_then_wrist,0,0,-0.249649,0.088713,-0.140731,-0.435271,-0.073967,0.029796,-0.056767,-0.069991,-0.286145,-0.301352,-0.085245,-0.459192,0.000012,0.054276,0.002421,0.232883,0.000068,0.049254,0.008123,0.221933,0.000000,0.000000,0.000000,1.202859,-0.546636,-0.437391,1.120048,-0.560028,-1.241695,3.140000,-0.186529,0.000000,0.000000,0.000000,0.000000,0.000000,0.000000
1778443187.507028,sequential_ik_elbow_then_wrist,0,0,-0.245851,0.087542,-0.147965,-0.433703,-0.074794,0.020435,-0.057952,-0.073039,-0.285144,-0.301083,-0.088401,-0.460219,0.000013,0.055172,0.002397,0.234865,0.000044,0.046807,0.006453,0.216350,0.000000,0.000000,0.000000,1.209496,-0.537351,-0.332417,1.194384,-0.570135,-1.245722,3.140000,-0.189762,0.000000,0.000000,0.000000,0.000000,0.000000,0.000000
1778443187.565573,sequential_ik_elbow_then_wrist,0,0,-0.239083,0.086123,-0.159444,-0.421140,-0.081735,0.009904,-0.060687,-0.074609,-0.284166,-0.298263,-0.089834,-0.466720,0.000030,0.057844,0.003627,0.240433,0.000047,0.042982,0.006704,0.207322,0.000000,0.000000,0.000000,1.213666,-0.539992,-0.252637,1.265185,-0.580611,-1.246338,3.140000,-0.192219,0.000000,0.000000,0.000000,0.000000,0.000000,0.000000
1778443187.624066,sequential_ik_elbow_then_wrist,0,0,-0.234859,0.088008,-0.164609,-0.411369,-0.080711,0.009685,-0.061203,-0.075136,-0.283917,-0.298917,-0.087975,-0.466474,0.000014,0.057234,0.002560,0.239143,0.000035,0.042497,0.005774,0.206149,0.000000,0.000000,0.000000,1.214539,-0.548008,-0.192004,1.335024,-0.591047,-1.245730,3.140000,-0.194086,0.000000,0.000000,0.000000,0.000000,0.000000,0.000000
1778443187.678926,sequential_ik_elbow_then_wrist,0,0,-0.229847,0.087357,-0.171870,-0.406061,-0.082164,0.001943,-0.056573,-0.074276,-0.285101,-0.280307,-0.087586,-0.484515,0.000015,0.058257,0.002657,0.241320,0.000006,0.034556,0.002269,0.185891,0.000000,0.000000,0.000000,1.213706,-0.560884,-0.145923,1.399260,-0.599890,-1.247229,3.140000,-0.195506,0.000000,0.000000,0.000000,0.000000,0.000000,0.000000
1778443187.746391,sequential_ik_elbow_then_wrist,0,0,-0.224650,0.087189,-0.178691,-0.406112,-0.083527,-0.011575,-0.049463,-0.072921,-0.286768,-0.263033,-0.089285,-0.496815,0.000015,0.060619,0.002669,0.246204,0.000011,0.028873,0.002832,0.169921,0.000000,0.000000,0.000000,1.211493,-0.577408,-0.110901,1.451687,-0.605623,-1.252224,3.140000,-0.196584,0.000000,0.000000,0.000000,0.000000,0.000000,0.000000
1778443187.821929,sequential_ik_elbow_then_wrist,0,0,-0.223345,0.085707,-0.181028,-0.408852,-0.084898,-0.018298,-0.046944,-0.072765,-0.287231,-0.257753,-0.091432,-0.499860,0.000003,0.061696,0.001240,0.248386,0.000016,0.027400,0.003921,0.165531,0.000000,0.000000,0.000000,1.209796,-0.593309,-0.084285,1.490602,-0.608480,-1.257916,3.140000,-0.197404,0.000000,0.000000,0.000000,0.000000,0.000000,0.000000
1778443187.862634,sequential_ik_elbow_then_wrist,0,0,-0.222819,0.085917,-0.181576,-0.408510,-0.084699,-0.019067,-0.047110,-0.073360,-0.287052,-0.258035,-0.092241,-0.499548,0.000000,0.061598,0.000466,0.248189,0.000013,0.027767,0.003569,0.166633,0.000000,0.000000,0.000000,1.208262,-0.606583,-0.064057,1.520509,-0.609277,-1.262287,3.140000,-0.198027,0.000000,0.000000,0.000000,0.000000,0.000000,0.000000
1778443187.927346,sequential_ik_elbow_then_wrist,0,0,-0.217895,0.086556,-0.187162,-0.402258,-0.084554,-0.023663,-0.046971,-0.073633,-0.287005,-0.258263,-0.092695,-0.499119,0.000008,0.061983,0.001984,0.248954,0.000012,0.028170,0.003368,0.167838,0.000000,0.000000,0.000000,1.205533,-0.621313,-0.048683,1.548648,-0.608586,-1.265514,3.140000,-0.198501,0.000000,0.000000,0.000000,0.000000,0.000000,0.000000
1778443187.979863,sequential_ik_elbow_then_wrist,0,0,-0.212252,0.087778,-0.192987,-0.395409,-0.082679,-0.027464,-0.047810,-0.076068,-0.286230,-0.259113,-0.093285,-0.498492,0.000014,0.061843,0.002713,0.248656,0.000014,0.028665,0.003598,0.169308,0.000000,0.000000,0.000000,1.200860,-0.638219,-0.036999,1.578723,-0.606669,-1.266330,3.140000,-0.198860,0.000000,0.000000,0.000000,0.000000,0.000000,0.000000
1778443188.042011,sequential_ik_elbow_then_wrist,0,0,-0.212025,0.084888,-0.194523,-0.396438,-0.084765,-0.029570,-0.048126,-0.077696,-0.285740,-0.259136,-0.096598,-0.498148,0.000002,0.062140,0.001012,0.249275,0.000014,0.028440,0.003685,0.168642,0.000000,0.000000,0.000000,1.197860,-0.653612,-0.028119,1.604776,-0.603749,-1.265576,3.140000,-0.199134,0.000000,0.000000,0.000000,0.000000,0.000000,0.000000
1778443188.102314,sequential_ik_elbow_then_wrist,0,0,-0.212726,0.083909,-0.194183,-0.403457,-0.082165,-0.032810,-0.052295,-0.078341,-0.284830,-0.265794,-0.098449,-0.494624,0.000001,0.061128,0.000646,0.247231,0.000002,0.030096,0.000939,0.173481,0.000000,0.000000,0.000000,1.196527,-0.665616,-0.021371,1.619146,-0.601332,-1.262825,3.140000,-0.199342,0.000000,0.000000,0.000000,0.000000,0.000000,0.000000
1778443188.161016,sequential_ik_elbow_then_wrist,0,0,-0.217384,0.083165,-0.189282,-0.418931,-0.076737,-0.034976,-0.054787,-0.078930,-0.284198,-0.271175,-0.100325,-0.490883,0.000007,0.059368,0.001891,0.243559,0.000002,0.031271,0.001251,0.176837,0.000000,0.000000,0.000000,1.197387,-0.670880,-0.016242,1.613645,-0.599951,-1.259011,3.140000,-0.199500,0.000000,0.000000,0.000000,0.000000,0.000000,0.000000
1778443188.220770,sequential_ik_elbow_then_wrist,0,0,-0.218430,0.082360,-0.188429,-0.422826,-0.077886,-0.038283,-0.056920,-0.079779,-0.283541,-0.271572,-0.102181,-0.491922,0.000002,0.059696,0.001110,0.244283,0.000005,0.030490,0.002099,0.174615,0.000000,0.000000,0.000000,1.199496,-0.673319,-0.012344,1.598325,-0.599774,-1.254475,3.140000,-0.199620,0.000000,0.000000,0.000000,0.000000,0.000000,0.000000
1778443188.294295,sequential_ik_elbow_then_wrist,0,0,-0.225057,0.079032,-0.181944,-0.427714,-0.082867,-0.031217,-0.052238,-0.077940,-0.284950,-0.265489,-0.103902,-0.494354,0.000018,0.059236,0.003209,0.243363,0.000002,0.028557,0.001114,0.168987,0.000000,0.000000,0.000000,1.205052,-0.669739,-0.009381,1.578720,-0.599340,-1.253360,3.140000,-0.199711,0.000000,0.000000,0.000000,0.000000,0.000000,0.000000
1778443188.349481,sequential_ik_elbow_then_wrist,0,0,-0.225901,0.077963,-0.181357,-0.429322,-0.083712,-0.031420,-0.052358,-0.078850,-0.284678,-0.267583,-0.105052,-0.492022,0.000004,0.058185,0.001585,0.241202,0.000001,0.029249,0.000957,0.171023,0.000000,0.000000,0.000000,1.211615,-0.665313,-0.007130,1.557762,-0.598604,-1.252513,3.140000,-0.199780,0.000000,0.000000,0.000000,0.000000,0.000000,0.000000
1778443188.406761,sequential_ik_elbow_then_wrist,0,0,-0.224678,0.074187,-0.184435,-0.430592,-0.087590,-0.038054,-0.051546,-0.080367,-0.284401,-0.265010,-0.108183,-0.493349,0.000006,0.058097,0.001936,0.241021,0.000005,0.028101,0.002131,0.167633,0.000000,0.000000,0.000000,1.219463,-0.663956,-0.005419,1.536310,-0.597143,-1.251343,3.140000,-0.199833,0.000000,0.000000,0.000000,0.000000,0.000000,0.000000
1778443188.466904,sequential_ik_elbow_then_wrist,0,0,-0.226216,0.071530,-0.183602,-0.432429,-0.088684,-0.035927,-0.050998,-0.080630,-0.284426,-0.266389,-0.107873,-0.491463,0.000005,0.055938,0.001863,0.236509,0.000006,0.029034,0.002329,0.170393,0.000000,0.000000,0.000000,1.228399,-0.662734,-0.004118,1.516792,-0.595039,-1.250384,3.140000,-0.199873,0.000000,0.000000,0.000000,0.000000,0.000000,0.000000
1778443188.536545,sequential_ik_elbow_then_wrist,0,0,-0.226135,0.071044,-0.183891,-0.433792,-0.087878,-0.036845,-0.052563,-0.082676,-0.283552,-0.273659,-0.108256,-0.484705,0.000001,0.054508,0.000895,0.233466,0.000004,0.031781,0.001942,0.178272,0.000000,0.000000,0.000000,1.236614,-0.661982,-0.003130,1.498985,-0.592643,-1.247960,3.140000,-0.199904,0.000000,0.000000,0.000000,0.000000,0.000000,0.000000
1778443188.594518,sequential_ik_elbow_then_wrist,0,0,-0.225922,0.070687,-0.184289,-0.432883,-0.088258,-0.036290,-0.053284,-0.083844,-0.283074,-0.275832,-0.108547,-0.482729,0.000000,0.053936,0.000473,0.232240,0.000003,0.032690,0.001660,0.180804,0.000000,0.000000,0.000000,1.243581,-0.661761,-0.002379,1.485175,-0.590119,-1.244830,3.140000,-0.199927,0.000000,0.000000,0.000000,0.000000,0.000000,0.000000
1778443188.656886,sequential_ik_elbow_then_wrist,0,0,-0.222581,0.070710,-0.188302,-0.428751,-0.087369,-0.038285,-0.055557,-0.084364,-0.282482,-0.277991,-0.107068,-0.482501,0.000003,0.053328,0.001222,0.230925,0.000001,0.033516,0.000519,0.183073,0.000000,0.000000,0.000000,1.248522,-0.664833,-0.001808,1.478129,-0.588209,-1.241054,3.140000,-0.199944,0.000000,0.000000,0.000000,0.000000,0.000000,0.000000
1778443188.715742,sequential_ik_elbow_then_wrist,0,0,-0.220532,0.070552,-0.190756,-0.423639,-0.091259,-0.040540,-0.052934,-0.083660,-0.283194,-0.274164,-0.107475,-0.484416,0.000002,0.055056,0.001037,0.234629,0.000003,0.032475,0.001550,0.180208,0.000000,0.000000,0.000000,1.251847,-0.669861,-0.001374,1.478212,-0.586081,-1.239191,3.140000,-0.199958,0.000000,0.000000,0.000000,0.000000,0.000000,0.000000
1778443188.779254,sequential_ik_elbow_then_wrist,0,0,-0.219523,0.071651,-0.191510,-0.422014,-0.092057,-0.042523,-0.051605,-0.082894,-0.283664,-0.268620,-0.106353,-0.489465,0.000001,0.056174,0.000802,0.237008,0.000004,0.031022,0.001908,0.176131,0.000000,0.000000,0.000000,1.253366,-0.674903,-0.001044,1.481471,-0.583640,-1.238894,3.140000,-0.199968,0.000000,0.000000,0.000000,0.000000,0.000000,0.000000
1778443188.829086,sequential_ik_elbow_then_wrist,0,0,-0.218902,0.071807,-0.192160,-0.425817,-0.090952,-0.048300,-0.050568,-0.081829,-0.284160,-0.265944,-0.106128,-0.491579,0.000000,0.056788,0.000505,0.238299,0.000004,0.030468,0.001886,0.174551,0.000000,0.000000,0.000000,1.253902,-0.679536,-0.000794,1.480739,-0.580986,-1.239871,3.140000,-0.199976,0.000000,0.000000,0.000000,0.000000,0.000000,0.000000
1778443188.890560,sequential_ik_elbow_then_wrist,0,0,-0.216757,0.072889,-0.194174,-0.425513,-0.090619,-0.053868,-0.048380,-0.080914,-0.284802,-0.262481,-0.105358,-0.493521,0.000002,0.057999,0.001095,0.240829,0.000008,0.029969,0.002779,0.173115,0.000000,0.000000,0.000000,1.253012,-0.684865,-0.000603,1.478092,-0.577809,-1.242150,3.140000,-0.199981,0.000000,0.000000,0.000000,0.000000,0.000000,0.000000
1778443188.953316,sequential_ik_elbow_then_wrist,0,0,-0.216156,0.073012,-0.194797,-0.429278,-0.087986,-0.058202,-0.047838,-0.079186,-0.285379,-0.256767,-0.104866,-0.499129,0.000001,0.057752,0.000594,0.240309,0.000005,0.028349,0.002012,0.168371,0.000000,0.000000,0.000000,1.251614,-0.689833,-0.000458,1.471656,-0.574585,-1.245365,3.140000,-0.199986,0.000000,0.000000,0.000000,0.000000,0.000000,0.000000
1778443189.018800,sequential_ik_elbow_then_wrist,0,0,-0.214543,0.074573,-0.195985,-0.433759,-0.081668,-0.063574,-0.050307,-0.079068,-0.284987,-0.261729,-0.103548,-0.496414,0.000002,0.056526,0.001123,0.237739,0.000000,0.030127,0.000248,0.173572,0.000000,0.000000,0.000000,1.249025,-0.694785,-0.000348,1.460579,-0.572212,-1.247354,3.140000,-0.199989,0.000000,0.000000,0.000000,0.000000,0.000000,0.000000
1778443189.078292,sequential_ik_elbow_then_wrist,0,0,-0.216932,0.074647,-0.193309,-0.437601,-0.080032,-0.061478,-0.051091,-0.079015,-0.284862,-0.269248,-0.102975,-0.489393,0.000001,0.056142,0.000719,0.236935,0.000001,0.032902,0.000761,0.181389,0.000000,0.000000,0.000000,1.246854,-0.696647,-0.000265,1.447710,-0.570722,-1.248519,3.140000,-0.199992,0.000000,0.000000,0.000000,0.000000,0.000000,0.000000
1778443189.135765,sequential_ik_elbow_then_wrist,0,0,-0.216958,0.074887,-0.193187,-0.435889,-0.080409,-0.059201,-0.051447,-0.079230,-0.284738,-0.278882,-0.103142,-0.478907,0.000000,0.056324,0.000246,0.237327,0.000001,0.036771,0.000811,0.191758,0.000000,0.000000,0.000000,1.244986,-0.697528,-0.000201,1.438214,-0.569928,-1.249081,3.140000,-0.199994,0.000000,0.000000,0.000000,0.000000,0.000000,0.000000
1778443189.193672,sequential_ik_elbow_then_wrist,0,0,-0.216208,0.075844,-0.193654,-0.434708,-0.078942,-0.058379,-0.053715,-0.078887,-0.284414,-0.285042,-0.100437,-0.474212,0.000000,0.056144,0.000542,0.236946,0.000006,0.039360,0.002494,0.198393,0.000000,0.000000,0.000000,1.242768,-0.698453,-0.000153,1.432445,-0.570377,-1.248823,3.140000,-0.199995,0.000000,0.000000,0.000000,0.000000,0.000000,0.000000
1778443189.262091,sequential_ik_elbow_then_wrist,0,0,-0.215370,0.076387,-0.194372,-0.431642,-0.079274,-0.056545,-0.054032,-0.082795,-0.283241,-0.283733,-0.099330,-0.475502,0.000001,0.056560,0.000596,0.237818,0.000002,0.038706,0.001043,0.196738,0.000000,0.000000,0.000000,1.240269,-0.699795,-0.000116,1.431986,-0.570953,-1.246214,3.140000,-0.199996,0.000000,0.000000,0.000000,0.000000,0.000000,0.000000
1778443189.320219,sequential_ik_elbow_then_wrist,0,0,-0.214162,0.077183,-0.195390,-0.427373,-0.080615,-0.055244,-0.055847,-0.083168,-0.282779,-0.286204,-0.096875,-0.474476,0.000001,0.057580,0.000794,0.239947,0.000003,0.039757,0.001652,0.199391,0.000000,0.000000,0.000000,1.237324,-0.701789,-0.000088,1.437268,-0.572090,-1.242828,3.140000,-0.199997,0.000000,0.000000,0.000000,0.000000,0.000000,0.000000
1778443189.377593,sequential_ik_elbow_then_wrist,0,0,-0.213515,0.077886,-0.195819,-0.423729,-0.079690,-0.050973,-0.058902,-0.083233,-0.282140,-0.299204,-0.095216,-0.461335,0.000001,0.057172,0.000696,0.239090,0.000013,0.045249,0.003474,0.212717,0.000000,0.000000,0.000000,1.234110,-0.703874,-0.000067,1.448164,-0.574518,-1.238792,3.140000,-0.199998,0.000000,0.000000,0.000000,0.000000,0.000000,0.000000
1778443189.443337,sequential_ik_elbow_then_wrist,0,0,-0.213197,0.080479,-0.195116,-0.422068,-0.076510,-0.047715,-0.064088,-0.081405,-0.281542,-0.312051,-0.091568,-0.450098,0.000003,0.056898,0.001347,0.238523,0.000056,0.050513,0.007326,0.224752,0.000000,0.000000,0.000000,1.229696,-0.705021,-0.000051,1.461528,-0.579753,-1.234446,3.140000,-0.199998,0.000000,0.000000,0.000000,0.000000,0.000000,0.000000
1778443189.485794,sequential_ik_elbow_then_wrist,0,0,-0.212669,0.081171,-0.195405,-0.422332,-0.075939,-0.049262,-0.068591,-0.081969,-0.280315,-0.327908,-0.086065,-0.431107,0.000001,0.057877,0.000906,0.240576,0.000083,0.058578,0.008897,0.242029,0.000000,0.000000,0.000000,1.225006,-0.706026,-0.000039,1.473170,-0.587951,-1.228766,3.140000,-0.199999,0.000000,0.000000,0.000000,0.000000,0.000000,0.000000
1778443189.555878,sequential_ik_elbow_then_wrist,0,0,-0.213199,0.083117,-0.194005,-0.421723,-0.074001,-0.046249,-0.067810,-0.081345,-0.280686,-0.323987,-0.086697,-0.436715,0.000002,0.058056,0.001129,0.240947,0.000052,0.054322,0.007071,0.233071,0.000000,0.000000,0.000000,1.219883,-0.705684,-0.000029,1.484086,-0.597584,-1.224464,3.140000,-0.199999,0.000000,0.000000,0.000000,0.000000,0.000000,0.000000
1778443189.612596,sequential_ik_elbow_then_wrist,0,0,-0.213126,0.083294,-0.194008,-0.421663,-0.074164,-0.046634,-0.067492,-0.081462,-0.280729,-0.321261,-0.085762,-0.440676,0.000000,0.058854,0.000523,0.242599,0.000032,0.051661,0.005566,0.227291,0.000000,0.000000,0.000000,1.215225,-0.705173,-0.000022,1.493199,-0.607583,-1.221213,3.140000,-0.199999,0.000000,0.000000,0.000000,0.000000,0.000000,0.000000
1778443189.683640,sequential_ik_elbow_then_wrist,0,0,-0.215677,0.084750,-0.190528,-0.419695,-0.075656,-0.040040,-0.069417,-0.081165,-0.280345,-0.324750,-0.086268,-0.437758,0.000003,0.059679,0.001127,0.244288,0.000038,0.051773,0.006005,0.227538,0.000000,0.000000,0.000000,1.211102,-0.701930,-0.000017,1.503519,-0.618086,-1.218094,3.140000,-0.199999,0.000000,0.000000,0.000000,0.000000,0.000000,0.000000
1778443189.739464,sequential_ik_elbow_then_wrist,0,0,-0.217949,0.085644,-0.187519,-0.423085,-0.075859,-0.039750,-0.070582,-0.078121,-0.280919,-0.325855,-0.086324,-0.438298,0.000003,0.060816,0.001140,0.246607,0.000055,0.050640,0.007252,0.225033,0.000000,0.000000,0.000000,1.207728,-0.696421,-0.000013,1.509024,-0.629554,-1.216629,3.140000,-0.200000,0.000000,0.000000,0.000000,0.000000,0.000000,0.000000
1778443189.793566,sequential_ik_elbow_then_wrist,0,0,-0.213062,0.086953,-0.192468,-0.424346,-0.072264,-0.051015,-0.068657,-0.077628,-0.281532,-0.311504,-0.088335,-0.457346,0.000006,0.061643,0.001761,0.248271,0.000027,0.041584,0.005031,0.203922,0.000000,0.000000,0.000000,1.203210,-0.695486,-0.000010,1.508356,-0.640646,-1.216723,3.140000,-0.200000,0.000000,0.000000,0.000000,0.000000,0.000000,0.000000
1778443189.853583,sequential_ik_elbow_then_wrist,0,0,-0.214049,0.084617,-0.192414,-0.423257,-0.077533,-0.051206,-0.065777,-0.075968,-0.282670,-0.304291,-0.093692,-0.463768,0.000001,0.063305,0.000573,0.251605,0.000012,0.037163,0.003297,0.192778,0.000000,0.000000,0.000000,1.200547,-0.695474,-0.000007,1.507706,-0.650548,-1.219089,3.140000,-0.200000,0.000000,0.000000,0.000000,0.000000,0.000000,0.000000
1778443189.916428,sequential_ik_elbow_then_wrist,0,0,-0.213777,0.084167,-0.192913,-0.415061,-0.082648,-0.045748,-0.062414,-0.076539,-0.283278,-0.298589,-0.097628,-0.467062,0.000000,0.064058,0.000398,0.253072,0.000001,0.034557,0.000628,0.185895,0.000000,0.000000,0.000000,1.199033,-0.696025,-0.000006,1.515573,-0.658155,-1.222508,3.140000,-0.200000,0.000000,0.000000,0.000000,0.000000,0.000000,0.000000
1778443189.975802,sequential_ik_elbow_then_wrist,0,0,-0.212731,0.084743,-0.193815,-0.410049,-0.083717,-0.043194,-0.065019,-0.075326,-0.283017,-0.302778,-0.093398,-0.465072,0.000000,0.063993,0.000397,0.252946,0.000006,0.036456,0.002505,0.190935,0.000000,0.000000,0.000000,1.197526,-0.697301,-0.000004,1.529696,-0.665058,-1.225010,3.140000,-0.200000,0.000000,0.000000,0.000000,0.000000,0.000000,0.000000
1778443190.040471,sequential_ik_elbow_then_wrist,0,0,-0.217682,0.083947,-0.188593,-0.418076,-0.080248,-0.037324,-0.067583,-0.069685,-0.283860,-0.310148,-0.091724,-0.459006,0.000006,0.061624,0.001751,0.248240,0.000049,0.039200,0.006874,0.197990,0.000000,0.000000,0.000000,1.197810,-0.694287,-0.000003,1.537809,-0.673322,-1.228616,3.140000,-0.200000,0.000000,0.000000,0.000000,0.000000,0.000000,0.000000
1778443190.103788,sequential_ik_elbow_then_wrist,0,0,-0.222625,0.085454,-0.182033,-0.412212,-0.084604,-0.023486,-0.072625,-0.067807,-0.283069,-0.332387,-0.087657,-0.431829,0.000012,0.062073,0.002307,0.249135,0.000105,0.050290,0.010093,0.224254,0.000000,0.000000,0.000000,1.198846,-0.685936,-0.000002,1.549579,-0.684052,-1.230433,3.140000,-0.200000,0.000000,0.000000,0.000000,0.000000,0.000000,0.000000
1778443190.164202,sequential_ik_elbow_then_wrist,0,0,-0.229048,0.085433,-0.173892,-0.418564,-0.083290,-0.013841,-0.089602,-0.063792,-0.279109,-0.372482,-0.069262,-0.378854,0.000020,0.060742,0.003022,0.246454,0.000475,0.075591,0.021249,0.274938,0.000000,0.000000,0.000000,1.201391,-0.671965,-0.000002,1.555137,-0.702107,-1.225625,3.140000,-0.200000,0.000000,0.000000,0.000000,0.000000,0.000000,0.000000
1778443190.221022,sequential_ik_elbow_then_wrist,0,0,-0.232613,0.081349,-0.171095,-0.419854,-0.084314,-0.005273,-0.092025,-0.056577,-0.279876,-0.377693,-0.053329,-0.371437,0.000012,0.057877,0.002654,0.240575,0.000550,0.078619,0.022992,0.280391,0.000000,0.000000,0.000000,1.207132,-0.657499,-0.000001,1.556734,-0.726864,-1.222136,3.140000,-0.200000,0.000000,0.000000,0.000000,0.000000,0.000000,0.000000
1778443190.293767,sequential_ik_elbow_then_wrist,0,0,-0.232710,0.079355,-0.171898,-0.421522,-0.081959,-0.003589,-0.087737,-0.056280,-0.281309,-0.372888,-0.056041,-0.374524,0.000003,0.054722,0.001506,0.233924,0.000295,0.072466,0.016833,0.269194,0.000000,0.000000,0.000000,1.214073,-0.646224,-0.000001,1.554711,-0.753627,-1.221285,3.140000,-0.200000,0.000000,0.000000,0.000000,0.000000,0.000000,0.000000
1778443190.343807,sequential_ik_elbow_then_wrist,0,0,-0.233288,0.076021,-0.172620,-0.426103,-0.082957,-0.006644,-0.085182,-0.055836,-0.282182,-0.368323,-0.058436,-0.381299,0.000005,0.053350,0.001769,0.230963,0.000174,0.066524,0.012943,0.257923,0.000000,0.000000,0.000000,1.222360,-0.638136,-0.000001,1.547001,-0.779943,-1.222258,3.140000,-0.200000,0.000000,0.000000,0.000000,0.000000,0.000000,0.000000
1778443190.403631,sequential_ik_elbow_then_wrist,0,0,-0.232748,0.075723,-0.173477,-0.426998,-0.082354,-0.008315,-0.085621,-0.056539,-0.281909,-0.367113,-0.059405,-0.385609,0.000001,0.052268,0.000738,0.228616,0.000117,0.062379,0.010610,0.249757,0.000000,0.000000,0.000000,1.229824,-0.632743,-0.000001,1.537599,-0.804827,-1.222694,3.140000,-0.200000,0.000000,0.000000,0.000000,0.000000,0.000000,0.000000
1778443190.472296,sequential_ik_elbow_then_wrist,0,0,-0.232706,0.074645,-0.174000,-0.427058,-0.083388,-0.008914,-0.084431,-0.057683,-0.282036,-0.365030,-0.062341,-0.388066,0.000001,0.051865,0.000656,0.227737,0.000058,0.058976,0.007499,0.242849,0.000000,0.000000,0.000000,1.236552,-0.629212,-0.000000,1.529004,-0.827199,-1.223004,3.140000,-0.200000,0.000000,0.000000,0.000000,0.000000,0.000000,0.000000
1778443190.529048,sequential_ik_elbow_then_wrist,0,0,-0.232828,0.074895,-0.173729,-0.429181,-0.081353,-0.009315,-0.090348,-0.059277,-0.279863,-0.372270,-0.064525,-0.382296,0.000000,0.050906,0.000157,0.225622,0.000074,0.058726,0.008312,0.242334,0.000000,0.000000,0.000000,1.241926,-0.626452,-0.000000,1.520092,-0.848114,-1.219436,3.140000,-0.200000,0.000000,0.000000,0.000000,0.000000,0.000000,0.000000
1778443190.583700,sequential_ik_elbow_then_wrist,0,0,-0.234010,0.076106,-0.171602,-0.432673,-0.078813,-0.008713,-0.092305,-0.061591,-0.278723,-0.377687,-0.063325,-0.371213,0.000001,0.050466,0.000644,0.224640,0.000042,0.061067,0.006232,0.247117,0.000000,0.000000,0.000000,1.245615,-0.622733,-0.000000,1.509469,-0.867067,-1.213834,3.140000,-0.200000,0.000000,0.000000,0.000000,0.000000,0.000000,0.000000
1778443190.650697,sequential_ik_elbow_then_wrist,0,0,-0.231058,0.081062,-0.173324,-0.432727,-0.070960,-0.011402,-0.096131,-0.063978,-0.276886,-0.378574,-0.061834,-0.377985,0.000007,0.050030,0.002163,0.223672,0.000033,0.056101,0.005398,0.236856,0.000000,0.000000,0.000000,1.244773,-0.620841,-0.000000,1.499870,-0.884187,-1.205877,3.140000,-0.200000,0.000000,0.000000,0.000000,0.000000,0.000000,0.000000
1778443190.710901,sequential_ik_elbow_then_wrist,0,0,-0.223717,0.085710,-0.180567,-0.433634,-0.061027,-0.024353,-0.096503,-0.067844,-0.275834,-0.375137,-0.061257,-0.386829,0.000027,0.050479,0.003970,0.224672,0.000006,0.050764,0.002068,0.225308,0.000000,0.000000,0.000000,1.238574,-0.625163,-0.000000,1.490337,-0.898188,-1.197246,3.140000,-0.200000,0.000000,0.000000,0.000000,0.000000,0.000000,0.000000
1778443190.758741,sequential_ik_elbow_then_wrist,0,0,-0.223679,0.086275,-0.180345,-0.433112,-0.060553,-0.023566,-0.088976,-0.069378,-0.277975,-0.359999,-0.074631,-0.406499,0.000004,0.051777,0.001538,0.227545,0.000012,0.040998,0.003245,0.202480,0.000000,0.000000,0.000000,1.231439,-0.629579,-0.000000,1.484923,-0.907198,-1.193548,3.140000,-0.200000,0.000000,0.000000,0.000000,0.000000,0.000000,0.000000
1778443190.821512,sequential_ik_elbow_then_wrist,0,0,-0.221778,0.087855,-0.181923,-0.433131,-0.057616,-0.026461,-0.084794,-0.070552,-0.278985,-0.353019,-0.078344,-0.413128,0.000003,0.052299,0.001494,0.228689,0.000031,0.039062,0.005324,0.197640,0.000000,0.000000,0.000000,1.223762,-0.634414,-0.000000,1.481571,-0.911340,-1.193123,3.140000,-0.200000,0.000000,0.000000,0.000000,0.000000,0.000000,0.000000
1778443190.891098,sequential_ik_elbow_then_wrist,0,0,-0.218504,0.087984,-0.185781,-0.430514,-0.057944,-0.031648,-0.084577,-0.071227,-0.278879,-0.351469,-0.079424,-0.415632,0.000005,0.053577,0.001628,0.231466,0.000024,0.038900,0.004800,0.197230,0.000000,0.000000,0.000000,1.216252,-0.641439,-0.000000,1.481335,-0.912046,-1.193154,3.140000,-0.200000,0.000000,0.000000,0.000000,0.000000,0.000000,0.000000
1778443190.951598,sequential_ik_elbow_then_wrist,0,0,-0.214900,0.089884,-0.189047,-0.425634,-0.058200,-0.035222,-0.079974,-0.070279,-0.280473,-0.339631,-0.079311,-0.430463,0.000007,0.055209,0.002065,0.234957,0.000035,0.034842,0.005717,0.186661,0.000000,0.000000,0.000000,1.207970,-0.650128,-0.000000,1.486368,-0.909798,-1.196007,3.140000,-0.200000,0.000000,0.000000,0.000000,0.000000,0.000000,0.000000
1778443191.004190,sequential_ik_elbow_then_wrist,0,0,-0.213593,0.090520,-0.190221,-0.423243,-0.056016,-0.033460,-0.080264,-0.069969,-0.280468,-0.340364,-0.081504,-0.429515,0.000003,0.054789,0.001268,0.234060,0.000019,0.035811,0.004281,0.189239,0.000000,0.000000,0.000000,1.199983,-0.658429,-0.000000,1.495728,-0.906004,-1.198771,3.140000,-0.200000,0.000000,0.000000,0.000000,0.000000,0.000000,0.000000
1778443191.076614,sequential_ik_elbow_then_wrist,0,0,-0.212618,0.089770,-0.191663,-0.418559,-0.060382,-0.033415,-0.079374,-0.069108,-0.280934,-0.338691,-0.082224,-0.431209,0.000001,0.056491,0.000654,0.237662,0.000013,0.035863,0.003453,0.189374,0.000000,0.000000,0.000000,1.193428,-0.666279,-0.000000,1.509505,-0.901464,-1.201804,3.140000,-0.200000,0.000000,0.000000,0.000000,0.000000,0.000000,0.000000
1778443191.135480,sequential_ik_elbow_then_wrist,0,0,-0.223274,0.088055,-0.179986,-0.422277,-0.065679,-0.016389,-0.074513,-0.068396,-0.282436,-0.327794,-0.089049,-0.441880,0.000030,0.056105,0.003883,0.236863,0.000028,0.031807,0.005092,0.178345,0.000000,0.000000,0.000000,1.191758,-0.663425,-0.000000,1.521983,-0.895689,-1.207059,3.140000,-0.200000,0.000000,0.000000,0.000000,0.000000,0.000000,0.000000
1778443191.185301,sequential_ik_elbow_then_wrist,0,0,-0.225714,0.087652,-0.177117,-0.422864,-0.067887,-0.012985,-0.074723,-0.069506,-0.282109,-0.322252,-0.095021,-0.449675,0.000008,0.055989,0.002018,0.236618,0.000024,0.028754,0.004763,0.169571,0.000000,0.000000,0.000000,1.192572,-0.657030,-0.000000,1.529932,-0.889101,-1.211125,3.140000,-0.200000,0.000000,0.000000,0.000000,0.000000,0.000000,0.000000
1778443191.246184,sequential_ik_elbow_then_wrist,0,0,-0.223778,0.086095,-0.180308,-0.419792,-0.075938,-0.021174,-0.070240,-0.073592,-0.282225,-0.299409,-0.105389,-0.473197,0.000002,0.059381,0.000938,0.243683,0.000085,0.019704,0.009030,0.140372,0.000000,0.000000,0.000000,1.194438,-0.653653,-0.000000,1.535426,-0.879946,-1.214633,3.140000,-0.200000,0.000000,0.000000,0.000000,0.000000,0.000000,0.000000
1778443191.310573,sequential_ik_elbow_then_wrist,0,0,-0.221916,0.083774,-0.183672,-0.420581,-0.080277,-0.029985,-0.071706,-0.079750,-0.280175,-0.296974,-0.107709,-0.476320,0.000004,0.060953,0.001396,0.246884,0.000118,0.018820,0.010573,0.137188,0.000000,0.000000,0.000000,1.197254,-0.654036,-0.000000,1.536854,-0.868020,-1.213843,3.140000,-0.200000,0.000000,0.000000,0.000000,0.000000,0.000000,0.000000
1778443191.366294,sequential_ik_elbow_then_wrist,0,0,-0.219491,0.085078,-0.185971,-0.417816,-0.080305,-0.033276,-0.070601,-0.082154,-0.279761,-0.293228,-0.108957,-0.479057,0.000002,0.061345,0.001033,0.247678,0.000119,0.018645,0.010692,0.136546,0.000000,0.000000,0.000000,1.198641,-0.656802,-0.000000,1.538933,-0.853759,-1.211748,3.140000,-0.200000,0.000000,0.000000,0.000000,0.000000,0.000000,0.000000
1778443191.423162,sequential_ik_elbow_then_wrist,0,0,-0.218007,0.086432,-0.187090,-0.415468,-0.080333,-0.034779,-0.070138,-0.083974,-0.279337,-0.295337,-0.109585,-0.475881,0.000002,0.062256,0.001045,0.249508,0.000106,0.020522,0.010066,0.143255,0.000000,0.000000,0.000000,1.198287,-0.660353,-0.000000,1.543188,-0.837945,-1.209051,3.140000,-0.200000,0.000000,0.000000,0.000000,0.000000,0.000000,0.000000
1778443191.489542,sequential_ik_elbow_then_wrist,0,0,-0.217547,0.089030,-0.186405,-0.414797,-0.080016,-0.036352,-0.069863,-0.086241,-0.278714,-0.295978,-0.111671,-0.474227,0.000003,0.064117,0.001377,0.253213,0.000097,0.021703,0.009643,0.147320,0.000000,0.000000,0.000000,1.195865,-0.662845,-0.000000,1.548047,-0.821085,-1.205674,3.140000,-0.200000,0.000000,0.000000,0.000000,0.000000,0.000000,0.000000
1778443191.545423,sequential_ik_elbow_then_wrist,0,0,-0.217369,0.090324,-0.185990,-0.414255,-0.079503,-0.036343,-0.070117,-0.086691,-0.278511,-0.297670,-0.112696,-0.472272,0.000002,0.065266,0.001049,0.255472,0.000065,0.023250,0.007901,0.152478,0.000000,0.000000,0.000000,1.192390,-0.664364,-0.000000,1.553264,-0.804254,-1.202373,3.140000,-0.200000,0.000000,0.000000,0.000000,0.000000,0.000000,0.000000
1778443191.615563,sequential_ik_elbow_then_wrist,0,0,-0.216803,0.091470,-0.186091,-0.414621,-0.079066,-0.038493,-0.070515,-0.086345,-0.278518,-0.298161,-0.112458,-0.472155,0.000001,0.066613,0.000911,0.258095,0.000037,0.024373,0.005957,0.156117,0.000000,0.000000,0.000000,1.188318,-0.665512,-0.000000,1.557291,-0.788418,-1.199627,3.140000,-0.200000,0.000000,0.000000,0.000000,0.000000,0.000000,0.000000
1778443191.676986,sequential_ik_elbow_then_wrist,0,0,-0.216934,0.091231,-0.186055,-0.411550,-0.081971,-0.037306,-0.068626,-0.085603,-0.279218,-0.293939,-0.112344,-0.475481,0.000000,0.067983,0.000252,0.260732,0.000033,0.024180,0.005580,0.155500,0.000000,0.000000,0.000000,1.184828,-0.666353,-0.000000,1.563632,-0.773561,-1.198645,3.140000,-0.200000,0.000000,0.000000,0.000000,0.000000,0.000000,0.000000
1778443191.736389,sequential_ik_elbow_then_wrist,0,0,-0.217213,0.091563,-0.185566,-0.411638,-0.081914,-0.036889,-0.068982,-0.086370,-0.278894,-0.294373,-0.113338,-0.475035,0.000000,0.068218,0.000229,0.261185,0.000023,0.024892,0.004714,0.157772,0.000000,0.000000,0.000000,1.181897,-0.666600,-0.000000,1.569787,-0.759884,-1.197580,3.140000,-0.200000,0.000000,0.000000,0.000000,0.000000,0.000000,0.000000
1778443191.795220,sequential_ik_elbow_then_wrist,0,0,-0.217423,0.091592,-0.185305,-0.410385,-0.083838,-0.037014,-0.068971,-0.086601,-0.278825,-0.292797,-0.113030,-0.476824,0.000000,0.069255,0.000119,0.263162,0.000016,0.025044,0.003949,0.158254,0.000000,0.000000,0.000000,1.179593,-0.666494,-0.000000,1.575997,-0.747486,-1.196562,3.140000,-0.200000,0.000000,0.000000,0.000000,0.000000,0.000000,0.000000
1778443191.852642,sequential_ik_elbow_then_wrist,0,0,-0.217082,0.090641,-0.186171,-0.409911,-0.085591,-0.038661,-0.067018,-0.089974,-0.278233,-0.282528,-0.118115,-0.485026,0.000000,0.069863,0.000356,0.264316,0.000040,0.021971,0.006166,0.148225,0.000000,0.000000,0.000000,1.178274,-0.667026,-0.000000,1.581326,-0.734909,-1.194823,3.140000,-0.200000,0.000000,0.000000,0.000000,0.000000,0.000000,0.000000
1778443191.904779,sequential_ik_elbow_then_wrist,0,0,-0.217460,0.090540,-0.185779,-0.408704,-0.087380,-0.038232,-0.065761,-0.090684,-0.278302,-0.276270,-0.119671,-0.490069,0.000000,0.070386,0.000211,0.265303,0.000039,0.020969,0.006110,0.144806,0.000000,0.000000,0.000000,1.177588,-0.667262,-0.000000,1.586676,-0.722206,-1.193394,3.140000,-0.200000,0.000000,0.000000,0.000000,0.000000,0.000000,0.000000
1778443191.966221,sequential_ik_elbow_then_wrist,0,0,-0.217089,0.091701,-0.185643,-0.406468,-0.087418,-0.037145,-0.063175,-0.089696,-0.279220,-0.275220,-0.119171,-0.489382,0.000000,0.070625,0.000401,0.265752,0.000039,0.021973,0.006107,0.148234,0.000000,0.000000,0.000000,1.176440,-0.667297,-0.000000,1.593422,-0.709460,-1.193816,3.140000,-0.200000,0.000000,0.000000,0.000000,0.000000,0.000000,0.000000
1778443192.033388,sequential_ik_elbow_then_wrist,0,0,-0.215457,0.092175,-0.187303,-0.407567,-0.086909,-0.042310,-0.063007,-0.088030,-0.279787,-0.275872,-0.113777,-0.489610,0.000001,0.071794,0.000748,0.267943,0.000019,0.023905,0.004253,0.154613,0.000000,0.000000,0.000000,1.174660,-0.668598,-0.000000,1.597690,-0.697660,-1.195388,3.140000,-0.200000,0.000000,0.000000,0.000000,0.000000,0.000000,0.000000
1778443192.098193,sequential_ik_elbow_then_wrist,0,0,-0.215568,0.091157,-0.187672,-0.412837,-0.084860,-0.045887,-0.060354,-0.088330,-0.280277,-0.267425,-0.114159,-0.495810,0.000000,0.071370,0.000268,0.267142,0.000030,0.022409,0.005355,0.149696,0.000000,0.000000,0.000000,1.173555,-0.670170,-0.000000,1.595410,-0.686065,-1.197745,3.140000,-0.200000,0.000000,0.000000,0.000000,0.000000,0.000000,0.000000
1778443192.161246,sequential_ik_elbow_then_wrist,0,0,-0.216116,0.090685,-0.187270,-0.414344,-0.086386,-0.048161,-0.058648,-0.087814,-0.280801,-0.268656,-0.114079,-0.493419,0.000000,0.072256,0.000327,0.268799,0.000029,0.023734,0.005283,0.154059,0.000000,0.000000,0.000000,1.173213,-0.671180,-0.000000,1.589441,-0.674702,-1.200714,3.140000,-0.200000,0.000000,0.000000,0.000000,0.000000,0.000000,0.000000
1778443192.214079,sequential_ik_elbow_then_wrist,0,0,-0.215686,0.090503,-0.187853,-0.417283,-0.086410,-0.053462,-0.059265,-0.088154,-0.280565,-0.272389,-0.113530,-0.490169,0.000000,0.073087,0.000201,0.270334,0.000017,0.025621,0.004098,0.160065,0.000000,0.000000,0.000000,1.173152,-0.672366,-0.000000,1.578965,-0.664085,-1.202791,3.140000,-0.200000,0.000000,0.000000,0.000000,0.000000,0.000000,0.000000
1778443192.278830,sequential_ik_elbow_then_wrist,0,0,-0.216480,0.089679,-0.187334,-0.423006,-0.083305,-0.055335,-0.058389,-0.088336,-0.280691,-0.271884,-0.114775,-0.489786,0.000000,0.071524,0.000488,0.267420,0.000017,0.025957,0.004051,0.161113,0.000000,0.000000,0.000000,1.173844,-0.672953,-0.000000,1.563051,-0.654062,-1.204549,3.140000,-0.200000,0.000000,0.000000,0.000000,0.000000,0.000000,0.000000
1778443192.328743,sequential_ik_elbow_then_wrist,0,0,-0.217893,0.088814,-0.186105,-0.425542,-0.084186,-0.055902,-0.059235,-0.087674,-0.280721,-0.278371,-0.109848,-0.484407,0.000001,0.071450,0.000814,0.267290,0.000006,0.029482,0.002456,0.171702,0.000000,0.000000,0.000000,1.175492,-0.672359,-0.000000,1.544962,-0.645260,-1.205946,3.140000,-0.200000,0.000000,0.000000,0.000000,0.000000,0.000000,0.000000
1778443192.394326,sequential_ik_elbow_then_wrist,0,0,-0.217129,0.089729,-0.186558,-0.423146,-0.082324,-0.052561,-0.060920,-0.086557,-0.280707,-0.288698,-0.107413,-0.474827,0.000000,0.070041,0.000172,0.264653,0.000000,0.033814,0.000359,0.183886,0.000000,0.000000,0.000000,1.176484,-0.672026,-0.000000,1.531794,-0.638398,-1.206979,3.140000,-0.200000,0.000000,0.000000,0.000000,0.000000,0.000000,0.000000
1778443192.447401,sequential_ik_elbow_then_wrist,0,0,-0.216481,0.090230,-0.187069,-0.421624,-0.080751,-0.050387,-0.062581,-0.086011,-0.280510,-0.298180,-0.106747,-0.465072,0.000000,0.069179,0.000382,0.263016,0.000001,0.037627,0.001089,0.193977,0.000000,0.000000,0.000000,1.176696,-0.672202,-0.000000,1.524269,-0.633706,-1.207416,3.140000,-0.200000,0.000000,0.000000,0.000000,0.000000,0.000000,0.000000
1778443192.508806,sequential_ik_elbow_then_wrist,0,0,-0.216836,0.089965,-0.186784,-0.426836,-0.075442,-0.050621,-0.065067,-0.086132,-0.279906,-0.304458,-0.107097,-0.459495,0.000000,0.066813,0.000049,0.258478,0.000007,0.039530,0.002522,0.198821,0.000000,0.000000,0.000000,1.176878,-0.672210,-0.000000,1.515308,-0.631357,-1.206642,3.140000,-0.200000,0.000000,0.000000,0.000000,0.000000,0.000000,0.000000
1778443192.577882,sequential_ik_elbow_then_wrist,0,0,-0.216376,0.091390,-0.186626,-0.427437,-0.071510,-0.049087,-0.069756,-0.086025,-0.278808,-0.310994,-0.105865,-0.456039,0.000000,0.065494,0.000587,0.255917,0.000029,0.040863,0.005223,0.202145,0.000000,0.000000,0.000000,1.176102,-0.672063,-0.000000,1.507312,-0.632158,-1.204002,3.140000,-0.200000,0.000000,0.000000,0.000000,0.000000,0.000000,0.000000
1778443192.637137,sequential_ik_elbow_then_wrist,0,0,-0.218532,0.092471,-0.183557,-0.432356,-0.065461,-0.044501,-0.076013,-0.083935,-0.277807,-0.322242,-0.104850,-0.447908,0.000002,0.063124,0.000951,0.251242,0.000090,0.043361,0.009253,0.208234,0.000000,0.000000,0.000000,1.175051,-0.669510,-0.000000,1.497861,-0.637499,-1.200045,3.140000,-0.200000,0.000000,0.000000,0.000000,0.000000,0.000000,0.000000
1778443192.692719,sequential_ik_elbow_then_wrist,0,0,-0.219700,0.092976,-0.181900,-0.432178,-0.065680,-0.041611,-0.077783,-0.082634,-0.277707,-0.326041,-0.102794,-0.444924,0.000001,0.063420,0.000695,0.251833,0.000088,0.043245,0.009175,0.207955,0.000000,0.000000,0.000000,1.174065,-0.665722,-0.000000,1.489871,-0.646326,-1.196425,3.140000,-0.200000,0.000000,0.000000,0.000000,0.000000,0.000000,0.000000
1778443192.758453,sequential_ik_elbow_then_wrist,0,0,-0.219267,0.094307,-0.181736,-0.428105,-0.070308,-0.042852,-0.076465,-0.081508,-0.278405,-0.319272,-0.102290,-0.453371,0.000001,0.066619,0.000615,0.258104,0.000053,0.038622,0.007138,0.196525,0.000000,0.000000,0.000000,1.172380,-0.662293,-0.000000,1.486114,-0.656720,-1.194583,3.140000,-0.200000,0.000000,0.000000,0.000000,0.000000,0.000000,0.000000
1778443192.814118,sequential_ik_elbow_then_wrist,0,0,-0.217508,0.095298,-0.183326,-0.422353,-0.074588,-0.044845,-0.075136,-0.082675,-0.278423,-0.313437,-0.102244,-0.459613,0.000001,0.069653,0.000938,0.263910,0.000020,0.035213,0.004328,0.187650,0.000000,0.000000,0.000000,1.169745,-0.660799,-0.000000,1.488705,-0.666847,-1.193326,3.140000,-0.200000,0.000000,0.000000,0.000000,0.000000,0.000000,0.000000
1778443192.884521,sequential_ik_elbow_then_wrist,0,0,-0.218499,0.092923,-0.183367,-0.423314,-0.078836,-0.047170,-0.073328,-0.083941,-0.278526,-0.309383,-0.104434,-0.462533,0.000001,0.071200,0.000678,0.266833,0.000003,0.032939,0.001720,0.181492,0.000000,0.000000,0.000000,1.168815,-0.659949,-0.000000,1.491610,-0.675426,-1.192526,3.140000,-0.200000,0.000000,0.000000,0.000000,0.000000,0.000000,0.000000
1778443192.942283,sequential_ik_elbow_then_wrist,0,0,-0.219077,0.093723,-0.182267,-0.422582,-0.078236,-0.044370,-0.073727,-0.082844,-0.278749,-0.310614,-0.103104,-0.461709,0.000000,0.070517,0.000300,0.265549,0.000005,0.033290,0.002216,0.182454,0.000000,0.000000,0.000000,1.168208,-0.658511,-0.000000,1.495334,-0.683077,-1.192331,3.140000,-0.200000,0.000000,0.000000,0.000000,0.000000,0.000000,0.000000
1778443192.995601,sequential_ik_elbow_then_wrist,0,0,-0.224480,0.094650,-0.175072,-0.420691,-0.078423,-0.028283,-0.080676,-0.081609,-0.277185,-0.332895,-0.101173,-0.438439,0.000011,0.068597,0.002175,0.261901,0.000048,0.041635,0.006704,0.204047,0.000000,0.000000,0.000000,1.168573,-0.651712,-0.000000,1.503764,-0.692355,-1.189826,3.140000,-0.200000,0.000000,0.000000,0.000000,0.000000,0.000000,0.000000
1778443193.061630,sequential_ik_elbow_then_wrist,0,0,-0.227420,0.098166,-0.169244,-0.415573,-0.075826,-0.013278,-0.092968,-0.077198,-0.274586,-0.358008,-0.088834,-0.414650,0.000011,0.066712,0.002190,0.258263,0.000235,0.051927,0.014872,0.227875,0.000000,0.000000,0.000000,1.167866,-0.640848,-0.000000,1.518678,-0.707456,-1.183784,3.140000,-0.200000,0.000000,0.000000,0.000000,0.000000,0.000000,0.000000
1778443193.123208,sequential_ik_elbow_then_wrist,0,0,-0.227648,0.096305,-0.170005,-0.412237,-0.075508,-0.007501,-0.093037,-0.071471,-0.276109,-0.361816,-0.086983,-0.408462,0.000000,0.064842,0.000518,0.254626,0.000232,0.051687,0.014838,0.227348,0.000000,0.000000,0.000000,1.168091,-0.631856,-0.000000,1.536752,-0.727029,-1.180631,3.140000,-0.200000,0.000000,0.000000,0.000000,0.000000,0.000000,0.000000
1778443193.176129,sequential_ik_elbow_then_wrist,0,0,-0.228040,0.092919,-0.171358,-0.413556,-0.075014,-0.005882,-0.093507,-0.067710,-0.276897,-0.364644,-0.084617,-0.404172,0.000003,0.062372,0.001375,0.249743,0.000212,0.051373,0.014213,0.226656,0.000000,0.000000,0.000000,1.170572,-0.625873,-0.000000,1.551849,-0.749518,-1.179773,3.140000,-0.200000,0.000000,0.000000,0.000000,0.000000,0.000000,0.000000
1778443193.240991,sequential_ik_elbow_then_wrist,0,0,-0.228940,0.088865,-0.172307,-0.411689,-0.077938,-0.002661,-0.087544,-0.065648,-0.279332,-0.345956,-0.085063,-0.430482,0.000006,0.060212,0.001998,0.245380,0.000098,0.039632,0.009552,0.199078,0.000000,0.000000,0.000000,1.175840,-0.622237,-0.000000,1.565496,-0.771470,-1.183165,3.140000,-0.200000,0.000000,0.000000,0.000000,0.000000,0.000000,0.000000
1778443193.308938,sequential_ik_elbow_then_wrist,0,0,-0.226100,0.089736,-0.175574,-0.410748,-0.074335,-0.005321,-0.083564,-0.065558,-0.280570,-0.334254,-0.085357,-0.444162,0.000002,0.058246,0.000993,0.241342,0.000036,0.033889,0.005723,0.184091,0.000000,0.000000,0.000000,1.179912,-0.622150,-0.000000,1.576820,-0.790933,-1.188619,3.140000,-0.200000,0.000000,0.000000,0.000000,0.000000,0.000000,0.000000
1778443193.364403,sequential_ik_elbow_then_wrist,0,0,-0.225993,0.089175,-0.175997,-0.413377,-0.071643,-0.005630,-0.085972,-0.064326,-0.280127,-0.344737,-0.083527,-0.430699,0.000000,0.056789,0.000397,0.238303,0.000046,0.038498,0.006681,0.196209,0.000000,0.000000,0.000000,1.183332,-0.623019,-0.000000,1.583832,-0.808992,-1.192694,3.140000,-0.200000,0.000000,0.000000,0.000000,0.000000,0.000000,0.000000
1778443193.427096,sequential_ik_elbow_then_wrist,0,0,-0.225604,0.087582,-0.177291,-0.412121,-0.072375,-0.005172,-0.083526,-0.063688,-0.281011,-0.339809,-0.083809,-0.435654,0.000001,0.055971,0.000725,0.236582,0.000023,0.035952,0.004639,0.189610,0.000000,0.000000,0.000000,1.186885,-0.624881,-0.000000,1.589897,-0.824942,-1.197245,3.140000,-0.200000,0.000000,0.000000,0.000000,0.000000,0.000000,0.000000
1778443193.475898,sequential_ik_elbow_then_wrist,0,0,-0.224360,0.088323,-0.178498,-0.413030,-0.070589,-0.007763,-0.082557,-0.063000,-0.281452,-0.325769,-0.083550,-0.455881,0.000001,0.055620,0.000494,0.235839,0.000015,0.028568,0.003768,0.169020,0.000000,0.000000,0.000000,1.189229,-0.627496,-0.000000,1.593665,-0.838844,-1.201797,3.140000,-0.200000,0.000000,0.000000,0.000000,0.000000,0.000000,0.000000
1778443193.543960,sequential_ik_elbow_then_wrist,0,0,-0.226116,0.085832,-0.177495,-0.413999,-0.071533,-0.004473,-0.076361,-0.058927,-0.284072,-0.300173,-0.080615,-0.482661,0.000002,0.054447,0.001045,0.233339,0.000014,0.020728,0.003130,0.143971,0.000000,0.000000,0.000000,1.192715,-0.628990,-0.000000,1.596028,-0.850540,-1.210323,3.140000,-0.200000,0.000000,0.000000,0.000000,0.000000,0.000000,0.000000
1778443193.601997,sequential_ik_elbow_then_wrist,0,0,-0.221827,0.083985,-0.183683,-0.436607,-0.072956,-0.044979,-0.071878,-0.058553,-0.285316,-0.285424,-0.082849,-0.494619,0.000007,0.060639,0.001792,0.245958,0.000004,0.017011,0.001325,0.130426,0.000000,0.000000,0.000000,1.196120,-0.634793,-0.000000,1.569084,-0.859417,-1.220375,3.140000,-0.200000,0.000000,0.000000,0.000000,0.000000,0.000000,0.000000
1778443193.669139,sequential_ik_elbow_then_wrist,0,0,-0.220851,0.079776,-0.186710,-0.456262,-0.073903,-0.082000,-0.074657,-0.057758,-0.284764,-0.290537,-0.083221,-0.491518,0.000007,0.063167,0.002038,0.250793,0.000004,0.018032,0.002011,0.134283,0.000000,0.000000,0.000000,1.201224,-0.642649,-0.000000,1.509138,-0.867008,-1.227754,3.140000,-0.200000,0.000000,0.000000,0.000000,0.000000,0.000000,0.000000
1778443193.720733,sequential_ik_elbow_then_wrist,0,0,-0.221495,0.075236,-0.187829,-0.459293,-0.072306,-0.079739,-0.074598,-0.055253,-0.285276,-0.295104,-0.080272,-0.487145,0.000009,0.057612,0.002485,0.239949,0.000012,0.019826,0.003395,0.140804,0.000000,0.000000,0.000000,1.208863,-0.650297,-0.000000,1.448981,-0.874185,-1.234341,3.140000,-0.200000,0.000000,0.000000,0.000000,0.000000,0.000000,0.000000
1778443193.784637,sequential_ik_elbow_then_wrist,0,0,-0.223835,0.071888,-0.186360,-0.457579,-0.074328,-0.068104,-0.071277,-0.055126,-0.286148,-0.287262,-0.080375,-0.492820,0.000009,0.054006,0.002522,0.232392,0.000003,0.017977,0.001416,0.134077,0.000000,0.000000,0.000000,1.218588,-0.655336,-0.000000,1.404213,-0.880135,-1.241301,3.140000,-0.200000,0.000000,0.000000,0.000000,0.000000,0.000000,0.000000
1778443193.848859,sequential_ik_elbow_then_wrist,0,0,-0.226493,0.070246,-0.183757,-0.456268,-0.074537,-0.056315,-0.071542,-0.051634,-0.286733,-0.289161,-0.075861,-0.491806,0.000007,0.050830,0.002083,0.225445,0.000014,0.019268,0.003646,0.138811,0.000000,0.000000,0.000000,1.229007,-0.656942,-0.000000,1.375062,-0.886081,-1.248295,3.140000,-0.200000,0.000000,0.000000,0.000000,0.000000,0.000000,0.000000
1778443193.906458,sequential_ik_elbow_then_wrist,0,0,-0.231110,0.069915,-0.178045,-0.455464,-0.078376,-0.045097,-0.070468,-0.050969,-0.287117,-0.294157,-0.074393,-0.485648,0.000010,0.050505,0.002290,0.224727,0.000010,0.021432,0.003057,0.146395,0.000000,0.000000,0.000000,1.239167,-0.653234,-0.000000,1.356595,-0.891774,-1.254798,3.140000,-0.200000,0.000000,0.000000,0.000000,0.000000,0.000000,0.000000
1778443193.978061,sequential_ik_elbow_then_wrist,0,0,-0.234322,0.072735,-0.172635,-0.444774,-0.082853,-0.025997,-0.070317,-0.046997,-0.287831,-0.316414,-0.066530,-0.458286,0.000009,0.051675,0.001950,0.227258,0.000031,0.032723,0.005401,0.180895,0.000000,0.000000,0.000000,1.246658,-0.645171,-0.000000,1.355505,-0.898128,-1.261628,3.140000,-0.200000,0.000000,0.000000,0.000000,0.000000,0.000000,0.000000
1778443194.027547,sequential_ik_elbow_then_wrist,0,0,-0.239031,0.072443,-0.166181,-0.441067,-0.083261,-0.008264,-0.072716,-0.046016,-0.287393,-0.327017,-0.068247,-0.444990,0.000012,0.050158,0.002300,0.223921,0.000046,0.037262,0.006695,0.193034,0.000000,0.000000,0.000000,1.253302,-0.633019,-0.000000,1.364792,-0.905477,-1.266361,3.140000,-0.200000,0.000000,0.000000,0.000000,0.000000,0.000000,0.000000
1778443194.090267,sequential_ik_elbow_then_wrist,0,0,-0.239229,0.072940,-0.165678,-0.440076,-0.082000,-0.005508,-0.074050,-0.045810,-0.287086,-0.335356,-0.066420,-0.433011,0.000001,0.049522,0.000651,0.222530,0.000047,0.041556,0.006737,0.203852,0.000000,0.000000,0.000000,1.258431,-0.622031,-0.000000,1.375407,-0.913624,-1.269194,3.140000,-0.200000,0.000000,0.000000,0.000000,0.000000,0.000000,0.000000
1778443194.147960,sequential_ik_elbow_then_wrist,0,0,-0.238222,0.073223,-0.166999,-0.437477,-0.081043,-0.004213,-0.074184,-0.046410,-0.286954,-0.335410,-0.068010,-0.432881,0.000000,0.049050,0.000282,0.221467,0.000032,0.040503,0.005553,0.201255,0.000000,0.000000,0.000000,1.262006,-0.614260,-0.000000,1.387114,-0.921948,-1.270840,3.140000,-0.200000,0.000000,0.000000,0.000000,0.000000,0.000000,0.000000
1778443194.206967,sequential_ik_elbow_then_wrist,0,0,-0.237313,0.074489,-0.167732,-0.435962,-0.078987,-0.003465,-0.073666,-0.046336,-0.287100,-0.333002,-0.066781,-0.436521,0.000001,0.048713,0.000639,0.220707,0.000022,0.038727,0.004659,0.196791,0.000000,0.000000,0.000000,1.263687,-0.609030,-0.000000,1.399070,-0.930064,-1.272250,3.140000,-0.200000,0.000000,0.000000,0.000000,0.000000,0.000000,0.000000
1778443194.268025,sequential_ik_elbow_then_wrist,0,0,-0.237384,0.073958,-0.167866,-0.436963,-0.079720,-0.004920,-0.074246,-0.046101,-0.286988,-0.333778,-0.064838,-0.436294,0.000000,0.049194,0.000097,0.221798,0.000021,0.038679,0.004550,0.196669,0.000000,0.000000,0.000000,1.264928,-0.605311,-0.000000,1.408264,-0.937984,-1.273117,3.140000,-0.200000,0.000000,0.000000,0.000000,0.000000,0.000000,0.000000
1778443194.331109,sequential_ik_elbow_then_wrist,0,0,-0.236921,0.074307,-0.168366,-0.435146,-0.079483,-0.003881,-0.077112,-0.045930,-0.286259,-0.347950,-0.051501,-0.415161,0.000000,0.049079,0.000237,0.221537,0.000032,0.048601,0.005550,0.220457,0.000000,0.000000,0.000000,1.265565,-0.602915,-0.000000,1.417199,-0.946165,-1.272239,3.140000,-0.200000,0.000000,0.000000,0.000000,0.000000,0.000000,0.000000
1778443194.381534,sequential_ik_elbow_then_wrist,0,0,-0.236846,0.076373,-0.167544,-0.433842,-0.076166,-0.000437,-0.078728,-0.046028,-0.285803,-0.350039,-0.049930,-0.413769,0.000001,0.048351,0.000792,0.219885,0.000032,0.048387,0.005535,0.219971,0.000000,0.000000,0.000000,1.264698,-0.600581,-0.000000,1.426674,-0.954588,-1.270286,3.140000,-0.200000,0.000000,0.000000,0.000000,0.000000,0.000000,0.000000
1778443194.453002,sequential_ik_elbow_then_wrist,0,0,-0.245878,0.075922,-0.154207,-0.437589,-0.077514,0.018143,-0.077888,-0.044357,-0.286297,-0.351936,-0.048298,-0.408290,0.000031,0.047564,0.003750,0.218092,0.000032,0.050550,0.005607,0.224833,0.000000,0.000000,0.000000,1.265529,-0.588940,-0.000000,1.433172,-0.963225,-1.269523,3.140000,-0.200000,0.000000,0.000000,0.000000,0.000000,0.000000,0.000000
1778443194.513107,sequential_ik_elbow_then_wrist,0,0,-0.246015,0.076304,-0.153800,-0.435315,-0.077854,0.020558,-0.080618,-0.044398,-0.285534,-0.356485,-0.046859,-0.403396,0.000002,0.047606,0.000960,0.218188,0.000039,0.051925,0.006142,0.227871,0.000000,0.000000,0.000000,1.266463,-0.577541,-0.000000,1.438129,-0.972259,-1.267572,3.140000,-0.200000,0.000000,0.000000,0.000000,0.000000,0.000000,0.000000
1778443194.570244,sequential_ik_elbow_then_wrist,0,0,-0.246214,0.076928,-0.153170,-0.433876,-0.075579,0.024381,-0.081592,-0.047322,-0.284786,-0.359274,-0.049390,-0.398315,0.000000,0.046521,0.000404,0.215687,0.000014,0.052110,0.003666,0.228276,0.000000,0.000000,0.000000,1.266938,-0.567841,-0.000000,1.443313,-0.980615,-1.264204,3.140000,-0.200000,0.000000,0.000000,0.000000,0.000000,0.000000,0.000000
1778443194.626039,sequential_ik_elbow_then_wrist,0,0,-0.246290,0.078084,-0.152460,-0.433975,-0.074870,0.024683,-0.084421,-0.047535,-0.283925,-0.362473,-0.049759,-0.396540,0.000000,0.046891,0.000483,0.216543,0.000020,0.051557,0.004279,0.227061,0.000000,0.000000,0.000000,1.266548,-0.559723,-0.000000,1.447452,-0.988759,-1.259560,3.140000,-0.200000,0.000000,0.000000,0.000000,0.000000,0.000000,0.000000
1778443194.689558,sequential_ik_elbow_then_wrist,0,0,-0.245200,0.079790,-0.153332,-0.432968,-0.072863,0.023982,-0.084946,-0.047130,-0.283836,-0.362343,-0.048836,-0.398064,0.000001,0.047109,0.000791,0.217046,0.000018,0.050225,0.004115,0.224109,0.000000,0.000000,0.000000,1.264783,-0.554009,-0.000000,1.451637,-0.996729,-1.255381,3.140000,-0.200000,0.000000,0.000000,0.000000,0.000000,0.000000,0.000000
1778443194.759905,sequential_ik_elbow_then_wrist,0,0,-0.244110,0.080882,-0.154493,-0.431305,-0.070520,0.024491,-0.085335,-0.046591,-0.283809,-0.362908,-0.046998,-0.397620,0.000001,0.046818,0.000790,0.216373,0.000017,0.050143,0.004057,0.223927,0.000000,0.000000,0.000000,1.262100,-0.550605,-0.000000,1.457266,-1.004550,-1.252003,3.140000,-0.200000,0.000000,0.000000,0.000000,0.000000,0.000000,0.000000
1778443194.817065,sequential_ik_elbow_then_wrist,0,0,-0.240215,0.081940,-0.159945,-0.428255,-0.070149,0.017565,-0.084191,-0.048111,-0.283896,-0.358142,-0.049323,-0.406164,0.000007,0.047956,0.001833,0.218984,0.000003,0.045773,0.001840,0.213946,0.000000,0.000000,0.000000,1.258227,-0.552183,-0.000000,1.465006,-1.011296,-1.249512,3.140000,-0.200000,0.000000,0.000000,0.000000,0.000000,0.000000,0.000000
1778443194.872720,sequential_ik_elbow_then_wrist,0,0,-0.233987,0.081924,-0.168933,-0.427392,-0.068554,0.004128,-0.073706,-0.049136,-0.286624,-0.323584,-0.063771,-0.451992,0.000020,0.048831,0.002998,0.220976,0.000024,0.027575,0.004338,0.166058,0.000000,0.000000,0.000000,1.253424,-0.560966,-0.000000,1.472733,-1.014844,-1.253119,3.140000,-0.200000,0.000000,0.000000,0.000000,0.000000,0.000000,0.000000
1778443194.934983,sequential_ik_elbow_then_wrist,0,0,-0.231214,0.081343,-0.172984,-0.433924,-0.064627,-0.006847,-0.075279,-0.051926,-0.285722,-0.322255,-0.074232,-0.454557,0.000007,0.048490,0.001841,0.220194,0.000023,0.025734,0.004689,0.160417,0.000000,0.000000,0.000000,1.248900,-0.572417,-0.000000,1.473797,-1.015648,-1.255289,3.140000,-0.200000,0.000000,0.000000,0.000000,0.000000,0.000000,0.000000
1778443194.987224,sequential_ik_elbow_then_wrist,0,0,-0.230460,0.081217,-0.174047,-0.435239,-0.066037,-0.011621,-0.073981,-0.054798,-0.285524,-0.319336,-0.081161,-0.456128,0.000001,0.049628,0.000740,0.222770,0.000047,0.024410,0.006761,0.156239,0.000000,0.000000,0.000000,1.245066,-0.583015,-0.000000,1.471907,-1.013510,-1.256493,3.140000,-0.200000,0.000000,0.000000,0.000000,0.000000,0.000000,0.000000
1778443195.054224,sequential_ik_elbow_then_wrist,0,0,-0.230620,0.080596,-0.174123,-0.441589,-0.064540,-0.017830,-0.074852,-0.056529,-0.284959,-0.320600,-0.083013,-0.454978,0.000000,0.049660,0.000236,0.222824,0.000046,0.024674,0.006698,0.157079,0.000000,0.000000,0.000000,1.242406,-0.591561,-0.000000,1.463198,-1.009126,-1.256174,3.140000,-0.200000,0.000000,0.000000,0.000000,0.000000,0.000000,0.000000
1778443195.123611,sequential_ik_elbow_then_wrist,0,0,-0.226701,0.079717,-0.179588,-0.445921,-0.061749,-0.031499,-0.076462,-0.056995,-0.284438,-0.319464,-0.086853,-0.457813,0.000006,0.049443,0.001594,0.222330,0.000030,0.023317,0.005333,0.152700,0.000000,0.000000,0.000000,1.240186,-0.602343,-0.000000,1.447980,-1.003559,-1.254571,3.140000,-0.200000,0.000000,0.000000,0.000000,0.000000,0.000000,0.000000
1778443195.178266,sequential_ik_elbow_then_wrist,0,0,-0.222300,0.077676,-0.185874,-0.446688,-0.064859,-0.046829,-0.074390,-0.059212,-0.284535,-0.309230,-0.093827,-0.467979,0.000011,0.051117,0.002182,0.226075,0.000052,0.019321,0.007112,0.139001,0.000000,0.000000,0.000000,1.238716,-0.616408,-0.000000,1.430090,-0.996316,-1.253307,3.140000,-0.200000,0.000000,0.000000,0.000000,0.000000,0.000000,0.000000
1778443195.236324,sequential_ik_elbow_then_wrist,0,0,-0.222662,0.080537,-0.184216,-0.445387,-0.063366,-0.043910,-0.076002,-0.059306,-0.284089,-0.313934,-0.091046,-0.464036,0.000001,0.051313,0.000951,0.226523,0.000030,0.021272,0.005375,0.145850,0.000000,0.000000,0.000000,1.236085,-0.627144,-0.000000,1.417043,-0.988516,-1.251398,3.140000,-0.200000,0.000000,0.000000,0.000000,0.000000,0.000000,0.000000
1778443195.298867,sequential_ik_elbow_then_wrist,0,0,-0.221891,0.083505,-0.183824,-0.439905,-0.060072,-0.035989,-0.077174,-0.060198,-0.283585,-0.315917,-0.092412,-0.462369,0.000004,0.050899,0.001560,0.225587,0.000022,0.021742,0.004633,0.147451,0.000000,0.000000,0.000000,1.231606,-0.635009,-0.000000,1.414538,-0.980584,-1.248742,3.140000,-0.200000,0.000000,0.000000,0.000000,0.000000,0.000000,0.000000
1778443195.356539,sequential_ik_elbow_then_wrist,0,0,-0.221232,0.085790,-0.183566,-0.432411,-0.057062,-0.025461,-0.077598,-0.061820,-0.283120,-0.316265,-0.093730,-0.462061,0.000003,0.050054,0.001527,0.223671,0.000024,0.021705,0.004831,0.147325,0.000000,0.000000,0.000000,1.225769,-0.640718,-0.000000,1.424699,-0.972429,-1.245581,3.140000,-0.200000,0.000000,0.000000,0.000000,0.000000,0.000000,0.000000
1778443195.421602,sequential_ik_elbow_then_wrist,0,0,-0.223253,0.086725,-0.180657,-0.430223,-0.058357,-0.019058,-0.078905,-0.062808,-0.282540,-0.320589,-0.092359,-0.457800,0.000002,0.050948,0.001075,0.225696,0.000018,0.023369,0.004111,0.152870,0.000000,0.000000,0.000000,1.220295,-0.642734,-0.000000,1.439781,-0.964396,-1.241822,3.140000,-0.200000,0.000000,0.000000,0.000000,0.000000,0.000000,0.000000
1778443195.485630,sequential_ik_elbow_then_wrist,0,0,-0.231170,0.087811,-0.169852,-0.430535,-0.060859,-0.002070,-0.072084,-0.061982,-0.284538,-0.313997,-0.102481,-0.457275,0.000024,0.051105,0.003273,0.226057,0.000045,0.023142,0.006476,0.152126,0.000000,0.000000,0.000000,1.216869,-0.635519,-0.000000,1.455394,-0.955517,-1.242514,3.140000,-0.200000,0.000000,0.000000,0.000000,0.000000,0.000000,0.000000
1778443195.538468,sequential_ik_elbow_then_wrist,0,0,-0.233880,0.087074,-0.166488,-0.434317,-0.056927,0.004066,-0.080658,-0.062873,-0.282031,-0.337797,-0.095917,-0.432987,0.000007,0.048786,0.001830,0.220872,0.000008,0.032578,0.002194,0.180495,0.000000,0.000000,0.000000,1.215562,-0.625528,-0.000000,1.464642,-0.948049,-1.239018,3.140000,-0.200000,0.000000,0.000000,0.000000,0.000000,0.000000,0.000000
1778443195.593941,sequential_ik_elbow_then_wrist,0,0,-0.232585,0.086487,-0.168595,-0.425805,-0.055547,0.011661,-0.088363,-0.062885,-0.279710,-0.355789,-0.088357,-0.413256,0.000000,0.046346,0.000357,0.215262,0.000014,0.039827,0.003102,0.199568,0.000000,0.000000,0.000000,1.215088,-0.618471,-0.000000,1.478699,-0.943561,-1.231374,3.140000,-0.200000,0.000000,0.000000,0.000000,0.000000,0.000000,0.000000
1778443195.647880,sequential_ik_elbow_then_wrist,0,0,-0.231354,0.086378,-0.170336,-0.416254,-0.060687,0.014552,-0.100308,-0.063014,-0.275622,-0.377242,-0.075256,-0.390330,0.000001,0.047293,0.000528,0.217422,0.000079,0.048080,0.008114,0.219272,0.000000,0.000000,0.000000,1.214710,-0.614531,-0.000000,1.500264,-0.944108,-1.217902,3.140000,-0.200000,0.000000,0.000000,0.000000,0.000000,0.000000,0.000000
1778443195.726481,sequential_ik_elbow_then_wrist,0,0,-0.233017,0.083180,-0.169660,-0.423409,-0.064370,0.009170,-0.106659,-0.067137,-0.272243,-0.383753,-0.076922,-0.386800,0.000002,0.048335,0.001280,0.219849,0.000055,0.045106,0.006655,0.212381,0.000000,0.000000,0.000000,1.216642,-0.611358,-0.000000,1.513407,-0.948012,-1.200732,3.140000,-0.200000,0.000000,0.000000,0.000000,0.000000,0.000000,0.000000
1778443195.786845,sequential_ik_elbow_then_wrist,0,0,-0.232238,0.084334,-0.170156,-0.421559,-0.066607,0.006971,-0.107627,-0.065465,-0.272270,-0.387706,-0.074146,-0.379415,0.000000,0.049429,0.000125,0.222326,0.000041,0.046349,0.006179,0.215289,0.000000,0.000000,0.000000,1.218065,-0.609276,-0.000000,1.523146,-0.954607,-1.186136,3.140000,-0.200000,0.000000,0.000000,0.000000,0.000000,0.000000,0.000000
1778443195.842795,sequential_ik_elbow_then_wrist,0,0,-0.229586,0.084595,-0.173591,-0.413229,-0.070583,0.005839,-0.081649,-0.063644,-0.281572,-0.353172,-0.080811,-0.407985,0.000002,0.050820,0.001076,0.225412,0.000100,0.038108,0.007816,0.195214,0.000000,0.000000,0.000000,1.218413,-0.610354,-0.000000,1.537720,-0.956668,-1.189684,3.140000,-0.200000,0.000000,0.000000,0.000000,0.000000,0.000000,0.000000
1778443195.898443,sequential_ik_elbow_then_wrist,0,0,-0.231181,0.084619,-0.171449,-0.410068,-0.075870,0.008114,-0.078251,-0.064044,-0.282445,-0.341111,-0.081506,-0.425970,0.000000,0.052735,0.000375,0.229628,0.000053,0.034281,0.006840,0.185152,0.000000,0.000000,0.000000,1.218739,-0.610167,-0.000000,1.554439,-0.955108,-1.197350,3.140000,-0.200000,0.000000,0.000000,0.000000,0.000000,0.000000,0.000000
1778443195.960364,sequential_ik_elbow_then_wrist,0,0,-0.228441,0.085895,-0.174461,-0.405262,-0.074846,0.006915,-0.073385,-0.065041,-0.283521,-0.327487,-0.089639,-0.441088,0.000002,0.052671,0.001081,0.229488,0.000081,0.029287,0.008727,0.171133,0.000000,0.000000,0.000000,1.217675,-0.612069,-0.000000,1.573188,-0.950024,-1.206422,3.140000,-0.200000,0.000000,0.000000,0.000000,0.000000,0.000000,0.000000
1778443196.017903,sequential_ik_elbow_then_wrist,0,0,-0.228145,0.089058,-0.173259,-0.403324,-0.070397,0.010823,-0.078345,-0.064917,-0.282219,-0.334095,-0.083330,-0.437952,0.000003,0.051812,0.001413,0.227615,0.000024,0.032091,0.004752,0.179141,0.000000,0.000000,0.000000,1.214479,-0.613075,-0.000000,1.592247,-0.944033,-1.211470,3.140000,-0.200000,0.000000,0.000000,0.000000,0.000000,0.000000,0.000000
1778443196.091540,sequential_ik_elbow_then_wrist,0,0,-0.237849,0.089830,-0.159243,-0.390985,-0.081022,0.034043,-0.077071,-0.061081,-0.283424,-0.337334,-0.084815,-0.430733,0.000035,0.053514,0.003921,0.231262,0.000005,0.035436,0.002130,0.188244,0.000000,0.000000,0.000000,1.212887,-0.603345,-0.000000,1.620168,-0.938569,-1.217053,3.140000,-0.200000,0.000000,0.000000,0.000000,0.000000,0.000000,0.000000
1778443196.146924,sequential_ik_elbow_then_wrist,0,0,-0.254543,0.088496,-0.131819,-0.400056,-0.087337,0.062884,-0.096803,-0.060753,-0.277377,-0.370874,-0.086640,-0.396605,0.000157,0.053839,0.008424,0.232018,0.000102,0.045990,0.009057,0.214453,0.000000,0.000000,0.000000,1.216378,-0.574197,-0.000000,1.635058,-0.938453,-1.211360,3.140000,-0.200000,0.000000,0.000000,0.000000,0.000000,0.000000,0.000000
1778443196.214362,sequential_ik_elbow_then_wrist,0,0,-0.259446,0.087077,-0.122904,-0.414272,-0.086357,0.066700,-0.106948,-0.060305,-0.273725,-0.389758,-0.079286,-0.372001,0.000042,0.054097,0.004396,0.232451,0.000157,0.052389,0.011830,0.228886,0.000000,0.000000,0.000000,1.222349,-0.540982,-0.000000,1.627250,-0.944594,-1.199219,3.140000,-0.200000,0.000000,0.000000,0.000000,0.000000,0.000000,0.000000
1778443196.264152,sequential_ik_elbow_then_wrist,0,0,-0.261136,0.094532,-0.113454,-0.424219,-0.080305,0.067753,-0.111167,-0.059518,-0.272212,-0.395802,-0.076411,-0.365473,0.000028,0.056187,0.003577,0.236921,0.000137,0.051378,0.011245,0.226668,0.000000,0.000000,0.000000,1.223821,-0.506863,-0.000000,1.603432,-0.955701,-1.185927,3.140000,-0.200000,0.000000,0.000000,0.000000,0.000000,0.000000,0.000000
1778443196.325167,sequential_ik_elbow_then_wrist,0,0,-0.259662,0.101055,-0.111193,-0.428529,-0.075558,0.062852,-0.105132,-0.059076,-0.274695,-0.388606,-0.079305,-0.370784,0.000013,0.059795,0.002589,0.244486,0.000045,0.047709,0.006427,0.218424,0.000000,0.000000,0.000000,1.219941,-0.477400,-0.000000,1.574212,-0.967794,-1.178398,3.140000,-0.200000,0.000000,0.000000,0.000000,0.000000,0.000000,0.000000
1778443196.380253,sequential_ik_elbow_then_wrist,0,0,-0.262133,0.099416,-0.106783,-0.430081,-0.076749,0.068601,-0.106999,-0.061197,-0.273507,-0.394467,-0.085333,-0.355846,0.000004,0.060222,0.001386,0.245391,0.000020,0.051318,0.004325,0.226536,0.000000,0.000000,0.000000,1.217105,-0.451273,-0.000000,1.546500,-0.979458,-1.171398,3.140000,-0.200000,0.000000,0.000000,0.000000,0.000000,0.000000,0.000000
1778443196.429879,sequential_ik_elbow_then_wrist,0,0,-0.259380,0.101252,-0.111669,-0.426132,-0.075490,0.064275,-0.096742,-0.060714,-0.277407,-0.381241,-0.099350,-0.364400,0.000003,0.060821,0.001145,0.246618,0.000011,0.047637,0.002197,0.218260,0.000000,0.000000,0.000000,1.213299,-0.433800,-0.000000,1.526936,-0.988021,-1.171815,3.140000,-0.200000,0.000000,0.000000,0.000000,0.000000,0.000000,0.000000
1778443196.500203,sequential_ik_elbow_then_wrist,0,0,-0.260077,0.099386,-0.111725,-0.426721,-0.077908,0.063765,-0.096748,-0.060896,-0.277365,-0.382099,-0.098656,-0.361916,0.000000,0.061289,0.000410,0.247566,0.000001,0.049821,0.000724,0.223206,0.000000,0.000000,0.000000,1.211193,-0.421103,-0.000000,1.512573,-0.994231,-1.173377,3.140000,-0.200000,0.000000,0.000000,0.000000,0.000000,0.000000,0.000000
1778443196.557662,sequential_ik_elbow_then_wrist,0,0,-0.260636,0.098037,-0.111613,-0.431207,-0.077499,0.061860,-0.096788,-0.060294,-0.277483,-0.375178,-0.097249,-0.382999,0.000000,0.060856,0.000501,0.246684,0.000000,0.041909,0.000177,0.204717,0.000000,0.000000,0.000000,1.210721,-0.411511,-0.000000,1.497525,-0.998940,-1.175038,3.140000,-0.200000,0.000000,0.000000,0.000000,0.000000,0.000000,0.000000
1778443196.623311,sequential_ik_elbow_then_wrist,0,0,-0.263939,0.099290,-0.102361,-0.438867,-0.080280,0.062427,-0.100478,-0.059613,-0.276316,-0.375247,-0.091306,-0.392495,0.000012,0.063871,0.002265,0.252691,0.000005,0.038441,0.002093,0.196065,0.000000,0.000000,0.000000,1.210671,-0.398125,-0.000000,1.475746,-1.003586,-1.174549,3.140000,-0.200000,0.000000,0.000000,0.000000,0.000000,0.000000,0.000000
1778443196.683819,sequential_ik_elbow_then_wrist,0,0,-0.265289,0.094953,-0.102983,-0.442987,-0.089461,0.053268,-0.108765,-0.059459,-0.273194,-0.386984,-0.082090,-0.383113,0.000003,0.067914,0.001309,0.260566,0.000035,0.040953,0.005368,0.202368,0.000000,0.000000,0.000000,1.213539,-0.386966,-0.000000,1.448563,-1.009945,-1.169035,3.140000,-0.200000,0.000000,0.000000,0.000000,0.000000,0.000000,0.000000
1778443196.743662,sequential_ik_elbow_then_wrist,0,0,-0.261718,0.096252,-0.110631,-0.446311,-0.087665,0.038029,-0.116579,-0.060641,-0.269689,-0.391119,-0.080374,-0.389014,0.000007,0.069317,0.001817,0.263256,0.000051,0.035592,0.006466,0.188659,0.000000,0.000000,0.000000,1.214980,-0.383309,-0.000000,1.419178,-1.018422,-1.158614,3.140000,-0.200000,0.000000,0.000000,0.000000,0.000000,0.000000,0.000000
1778443196.800771,sequential_ik_elbow_then_wrist,0,0,-0.254764,0.098095,-0.124389,-0.448221,-0.078967,0.021294,-0.122912,-0.061727,-0.266613,-0.396168,-0.077706,-0.389396,0.000036,0.067772,0.004036,0.260326,0.000049,0.032508,0.006400,0.180301,0.000000,0.000000,0.000000,1.213283,-0.390860,-0.000000,1.392934,-1.028761,-1.145032,3.140000,-0.200000,0.000000,0.000000,0.000000,0.000000,0.000000,0.000000
1778443196.877901,sequential_ik_elbow_then_wrist,0,0,-0.249607,0.100651,-0.132536,-0.438906,-0.067417,0.028457,-0.119896,-0.056598,-0.269113,-0.393223,-0.067441,-0.392299,0.000024,0.061579,0.003358,0.248087,0.000049,0.032600,0.006713,0.180556,0.000000,0.000000,0.000000,1.208547,-0.404527,-0.000000,1.386573,-1.040921,-1.136862,3.140000,-0.200000,0.000000,0.000000,0.000000,0.000000,0.000000,0.000000
1778443196.928619,sequential_ik_elbow_then_wrist,0,0,-0.248482,0.099575,-0.135431,-0.434734,-0.066671,0.030920,-0.118023,-0.056351,-0.269991,-0.389743,-0.071228,-0.396274,0.000005,0.060119,0.001446,0.245142,0.000022,0.030367,0.004505,0.174260,0.000000,0.000000,0.000000,1.204295,-0.418721,-0.000000,1.393592,-1.052987,-1.132318,3.140000,-0.200000,0.000000,0.000000,0.000000,0.000000,0.000000,0.000000
1778443196.987178,sequential_ik_elbow_then_wrist,0,0,-0.246823,0.099700,-0.138341,-0.429127,-0.069766,0.029129,-0.111369,-0.057044,-0.272659,-0.381986,-0.074080,-0.401020,0.000003,0.061262,0.001118,0.247475,0.000006,0.029469,0.001662,0.171666,0.000000,0.000000,0.000000,1.200409,-0.432397,-0.000000,1.409075,-1.062518,-1.133052,3.140000,-0.200000,0.000000,0.000000,0.000000,0.000000,0.000000,0.000000
1778443197.052028,sequential_ik_elbow_then_wrist,0,0,-0.244967,0.097407,-0.143188,-0.433650,-0.070370,0.018830,-0.098987,-0.059045,-0.276975,-0.363895,-0.080151,-0.416180,0.000005,0.061932,0.001541,0.248862,0.000049,0.026588,0.006113,0.163057,0.000000,0.000000,0.000000,1.198155,-0.446839,-0.000000,1.420114,-1.066711,-1.141299,3.140000,-0.200000,0.000000,0.000000,0.000000,0.000000,0.000000,0.000000
1778443197.107738,sequential_ik_elbow_then_wrist,0,0,-0.243097,0.098196,-0.145813,-0.433045,-0.068697,0.015637,-0.089935,-0.061175,-0.279588,-0.347871,-0.089935,-0.430061,0.000003,0.061504,0.001084,0.247999,0.000104,0.023823,0.009638,0.154348,0.000000,0.000000,0.000000,1.195766,-0.460588,-0.000000,1.429243,-1.065031,-1.153825,3.140000,-0.200000,0.000000,0.000000,0.000000,0.000000,0.000000,0.000000
1778443197.167279,sequential_ik_elbow_then_wrist,0,0,-0.242282,0.097512,-0.147617,-0.432092,-0.069452,0.013923,-0.090579,-0.063060,-0.278960,-0.347339,-0.092095,-0.431379,0.000001,0.061603,0.000709,0.248198,0.000079,0.024373,0.008685,0.156119,0.000000,0.000000,0.000000,1.193943,-0.472949,-0.000000,1.437837,-1.059358,-1.163677,3.140000,-0.200000,0.000000,0.000000,0.000000,0.000000,0.000000,0.000000
1778443197.223157,sequential_ik_elbow_then_wrist,0,0,-0.242470,0.098143,-0.146889,-0.430057,-0.069618,0.016412,-0.090987,-0.062542,-0.278944,-0.348211,-0.092573,-0.430385,0.000000,0.061424,0.000168,0.247835,0.000044,0.025434,0.006517,0.159481,0.000000,0.000000,0.000000,1.192234,-0.482264,-0.000000,1.447447,-1.051750,-1.171114,3.140000,-0.200000,0.000000,0.000000,0.000000,0.000000,0.000000,0.000000
1778443197.292125,sequential_ik_elbow_then_wrist,0,0,-0.240139,0.099684,-0.149653,-0.423185,-0.070054,0.016729,-0.089320,-0.064706,-0.278989,-0.344928,-0.097340,-0.432611,0.000002,0.061878,0.001073,0.248732,0.000059,0.024713,0.007496,0.157204,0.000000,0.000000,0.000000,1.189392,-0.491288,-0.000000,1.462504,-1.042178,-1.176872,3.140000,-0.200000,0.000000,0.000000,0.000000,0.000000,0.000000,0.000000
1778443197.341506,sequential_ik_elbow_then_wrist,0,0,-0.240879,0.101212,-0.147423,-0.422416,-0.068723,0.020406,-0.089691,-0.063801,-0.279079,-0.345409,-0.100624,-0.431566,0.000001,0.061785,0.000749,0.248558,0.000029,0.025384,0.005304,0.159323,0.000000,0.000000,0.000000,1.186029,-0.497008,-0.000000,1.478422,-1.032226,-1.181337,3.140000,-0.200000,0.000000,0.000000,0.000000,0.000000,0.000000,0.000000
1778443197.410384,sequential_ik_elbow_then_wrist,0,0,-0.241035,0.101182,-0.147188,-0.422066,-0.068780,0.021157,-0.089978,-0.064098,-0.278918,-0.346531,-0.100907,-0.430001,0.000000,0.062014,0.000232,0.249025,0.000020,0.026304,0.004382,0.162185,0.000000,0.000000,0.000000,1.183143,-0.500927,-0.000000,1.492606,-1.022445,-1.184455,3.140000,-0.200000,0.000000,0.000000,0.000000,0.000000,0.000000,0.000000
1778443197.463258,sequential_ik_elbow_then_wrist,0,0,-0.240549,0.101288,-0.147908,-0.422012,-0.068459,0.020191,-0.090395,-0.064841,-0.278611,-0.345845,-0.101552,-0.431574,0.000000,0.062148,0.000211,0.249296,0.000016,0.025928,0.003869,0.161022,0.000000,0.000000,0.000000,1.180665,-0.504318,-0.000000,1.504163,-1.013045,-1.186235,3.140000,-0.200000,0.000000,0.000000,0.000000,0.000000,0.000000,0.000000
1778443197.537386,sequential_ik_elbow_then_wrist,0,0,-0.240200,0.101775,-0.148141,-0.421509,-0.067237,0.020862,-0.092761,-0.064622,-0.277884,-0.351113,-0.100780,-0.426028,0.000000,0.061721,0.000253,0.248436,0.000004,0.027885,0.001972,0.166989,0.000000,0.000000,0.000000,1.178325,-0.507154,-0.000000,1.513950,-1.004916,-1.186219,3.140000,-0.200000,0.000000,0.000000,0.000000,0.000000,0.000000,0.000000
1778443197.595613,sequential_ik_elbow_then_wrist,0,0,-0.240095,0.103707,-0.146966,-0.419904,-0.065524,0.023415,-0.093942,-0.064603,-0.277491,-0.353179,-0.099757,-0.424325,0.000001,0.061554,0.000717,0.248100,0.000001,0.028463,0.001049,0.168709,0.000000,0.000000,0.000000,1.175264,-0.508538,-0.000000,1.523595,-0.998221,-1.185245,3.140000,-0.200000,0.000000,0.000000,0.000000,0.000000,0.000000,0.000000
1778443197.656963,sequential_ik_elbow_then_wrist,0,0,-0.239922,0.104858,-0.146431,-0.419254,-0.064861,0.023968,-0.094565,-0.064392,-0.277328,-0.354710,-0.098481,-0.422804,0.000001,0.062101,0.000605,0.249200,0.000000,0.029087,0.000410,0.170550,0.000000,0.000000,0.000000,1.171826,-0.509034,-0.000000,1.532512,-0.992939,-1.184019,3.140000,-0.200000,0.000000,0.000000,0.000000,0.000000,0.000000,0.000000
1778443197.715419,sequential_ik_elbow_then_wrist,0,0,-0.238054,0.106289,-0.148435,-0.418392,-0.063646,0.020681,-0.095521,-0.063919,-0.277110,-0.351736,-0.096895,-0.429644,0.000002,0.063002,0.000969,0.251002,0.000000,0.026890,0.000477,0.163982,0.000000,0.000000,0.000000,1.167570,-0.510704,-0.000000,1.540676,-0.989161,-1.182625,3.140000,-0.200000,0.000000,0.000000,0.000000,0.000000,0.000000,0.000000
1778443197.778107,sequential_ik_elbow_then_wrist,0,0,-0.236661,0.107196,-0.150001,-0.414201,-0.064387,0.020406,-0.096162,-0.064024,-0.276864,-0.351375,-0.096615,-0.431149,0.000001,0.063724,0.000891,0.252427,0.000000,0.026219,0.000600,0.161924,0.000000,0.000000,0.000000,1.162939,-0.513383,-0.000000,1.551871,-0.986594,-1.181064,3.140000,-0.200000,0.000000,0.000000,0.000000,0.000000,0.000000,0.000000
1778443197.847266,sequential_ik_elbow_then_wrist,0,0,-0.235181,0.107302,-0.152238,-0.414233,-0.063205,0.017667,-0.097180,-0.064748,-0.276340,-0.351559,-0.097535,-0.431956,0.000002,0.063860,0.000850,0.252703,0.000000,0.025469,0.000553,0.159591,0.000000,0.000000,0.000000,1.158527,-0.517338,-0.000000,1.562598,-0.984873,-1.178927,3.140000,-0.200000,0.000000,0.000000,0.000000,0.000000,0.000000,0.000000
1778443197.900988,sequential_ik_elbow_then_wrist,0,0,-0.235885,0.107653,-0.150894,-0.415457,-0.062666,0.018651,-0.098156,-0.064583,-0.276034,-0.354709,-0.096732,-0.428175,0.000000,0.063919,0.000251,0.252822,0.000001,0.026530,0.000912,0.162881,0.000000,0.000000,0.000000,1.154865,-0.519822,-0.000000,1.570920,-0.984041,-1.176603,3.140000,-0.200000,0.000000,0.000000,0.000000,0.000000,0.000000,0.000000
1778443197.978273,sequential_ik_elbow_then_wrist,0,0,-0.237801,0.107071,-0.148278,-0.422511,-0.060087,0.018875,-0.096731,-0.061633,-0.277208,-0.349539,-0.094772,-0.435291,0.000001,0.063333,0.000825,0.251646,0.000005,0.024809,0.002114,0.157509,0.000000,0.000000,0.000000,1.152808,-0.519729,-0.000000,1.570613,-0.984493,-1.176559,3.140000,-0.200000,0.000000,0.000000,0.000000,0.000000,0.000000,0.000000
1778443198.025223,sequential_ik_elbow_then_wrist,0,0,-0.241134,0.104065,-0.145001,-0.430696,-0.060265,0.019504,-0.094933,-0.060848,-0.278002,-0.347585,-0.096084,-0.435880,0.000006,0.062520,0.001759,0.250000,0.000003,0.024729,0.001482,0.157256,0.000000,0.000000,0.000000,1.154042,-0.516890,-0.000000,1.559665,-0.985545,-1.178205,3.140000,-0.200000,0.000000,0.000000,0.000000,0.000000,0.000000,0.000000
1778443198.084062,sequential_ik_elbow_then_wrist,0,0,-0.241670,0.103300,-0.144654,-0.434463,-0.057638,0.019450,-0.100646,-0.061288,-0.275888,-0.356013,-0.096002,-0.429454,0.000001,0.060622,0.000810,0.246190,0.000014,0.025916,0.003443,0.160985,0.000000,0.000000,0.000000,1.156441,-0.513852,-0.000000,1.542988,-0.988096,-1.176471,3.140000,-0.200000,0.000000,0.000000,0.000000,0.000000,0.000000,0.000000
1778443198.144123,sequential_ik_elbow_then_wrist,0,0,-0.242307,0.102262,-0.144325,-0.438110,-0.056951,0.017885,-0.100541,-0.060683,-0.276060,-0.355154,-0.095383,-0.430877,0.000001,0.059925,0.000635,0.244779,0.000009,0.024890,0.002933,0.157764,0.000000,0.000000,0.000000,1.159480,-0.511111,-0.000000,1.523291,-0.991631,-1.174736,3.140000,-0.200000,0.000000,0.000000,0.000000,0.000000,0.000000,0.000000
1778443198.206907,sequential_ik_elbow_then_wrist,0,0,-0.241438,0.101853,-0.146061,-0.437715,-0.056678,0.016244,-0.099437,-0.060077,-0.276592,-0.352916,-0.095173,-0.433170,0.000000,0.059406,0.000465,0.243731,0.000006,0.024037,0.002270,0.155040,0.000000,0.000000,0.000000,1.162197,-0.510152,-0.000000,1.505839,-0.995540,-1.174154,3.140000,-0.200000,0.000000,0.000000,0.000000,0.000000,0.000000,0.000000
1778443198.285410,sequential_ik_elbow_then_wrist,0,0,-0.244147,0.100775,-0.142256,-0.436867,-0.058678,0.023375,-0.096834,-0.060001,-0.277530,-0.351609,-0.096252,-0.431724,0.000003,0.058568,0.001143,0.242008,0.000001,0.024636,0.000964,0.156958,0.000000,0.000000,0.000000,1.165667,-0.507004,-0.000000,1.493188,-0.998906,-1.175377,3.140000,-0.200000,0.000000,0.000000,0.000000,0.000000,0.000000,0.000000
1778443198.327148,sequential_ik_elbow_then_wrist,0,0,-0.245074,0.098473,-0.142273,-0.437677,-0.056819,0.027399,-0.095309,-0.058515,-0.278374,-0.349682,-0.095001,-0.433175,0.000002,0.055705,0.001018,0.236018,0.000002,0.024851,0.001158,0.157643,0.000000,0.000000,0.000000,1.170296,-0.504070,-0.000000,1.483103,-1.001962,-1.178073,3.140000,-0.200000,0.000000,0.000000,0.000000,0.000000,0.000000,0.000000
1778443198.370850,sequential_ik_elbow_then_wrist,0,0,-0.244689,0.096883,-0.144018,-0.440424,-0.057848,0.022553,-0.094834,-0.059092,-0.278415,-0.346845,-0.094854,-0.437196,0.000001,0.055649,0.000837,0.235897,0.000000,0.023694,0.000245,0.153927,0.000000,0.000000,0.000000,1.175268,-0.502941,-0.000000,1.471857,-1.004374,-1.180590,3.140000,-0.200000,0.000000,0.000000,0.000000,0.000000,0.000000,0.000000
1778443198.428991,sequential_ik_elbow_then_wrist,0,0,-0.245299,0.094148,-0.144792,-0.443799,-0.060366,0.018681,-0.096687,-0.059724,-0.277641,-0.346373,-0.096621,-0.439801,0.000002,0.055581,0.001143,0.235747,0.000001,0.022295,0.000658,0.149315,0.000000,0.000000,0.000000,1.181233,-0.502881,-0.000000,1.458410,-1.006467,-1.181340,3.140000,-0.200000,0.000000,0.000000,0.000000,0.000000,0.000000,0.000000
1778443198.506931,sequential_ik_elbow_then_wrist,0,0,-0.244557,0.095038,-0.145464,-0.443152,-0.059597,0.017778,-0.093413,-0.061248,-0.278429,-0.340115,-0.096693,-0.445408,0.000000,0.055175,0.000243,0.234892,0.000005,0.020728,0.002073,0.143971,0.000000,0.000000,0.000000,1.185770,-0.503489,-0.000000,1.446791,-1.007000,-1.182951,3.140000,-0.200000,0.000000,0.000000,0.000000,0.000000,0.000000,0.000000
1778443198.557878,sequential_ik_elbow_then_wrist,0,0,-0.245713,0.096757,-0.142349,-0.444616,-0.055325,0.022903,-0.088411,-0.060635,-0.280191,-0.332543,-0.098252,-0.450439,0.000002,0.053684,0.000843,0.231697,0.000015,0.020037,0.003622,0.141553,0.000000,0.000000,0.000000,1.188481,-0.501911,-0.000000,1.436865,-1.005691,-1.187416,3.140000,-0.200000,0.000000,0.000000,0.000000,0.000000,0.000000,0.000000
1778443198.621350,sequential_ik_elbow_then_wrist,0,0,-0.244431,0.098718,-0.143207,-0.441149,-0.054621,0.023492,-0.085338,-0.060093,-0.281258,-0.328242,-0.098752,-0.453024,0.000001,0.054397,0.000838,0.233229,0.000017,0.020274,0.003937,0.142388,0.000000,0.000000,0.000000,1.188876,-0.500849,-0.000000,1.431972,-1.002850,-1.193427,3.140000,-0.200000,0.000000,0.000000,0.000000,0.000000,0.000000,0.000000
1778443198.675499,sequential_ik_elbow_then_wrist,0,0,-0.243917,0.098742,-0.144065,-0.438001,-0.056237,0.024200,-0.081015,-0.059193,-0.282724,-0.322052,-0.099178,-0.456799,0.000000,0.055198,0.000405,0.234937,0.000025,0.020268,0.004697,0.142367,0.000000,0.000000,0.000000,1.188522,-0.500674,-0.000000,1.432467,-0.998582,-1.201268,3.140000,-0.200000,0.000000,0.000000,0.000000,0.000000,0.000000,0.000000
1778443198.739509,sequential_ik_elbow_then_wrist,0,0,-0.241147,0.097714,-0.149332,-0.434855,-0.059109,0.017652,-0.077278,-0.059332,-0.283739,-0.317309,-0.105520,-0.457670,0.000005,0.056581,0.001441,0.237861,0.000036,0.020400,0.005776,0.142828,0.000000,0.000000,0.000000,1.187993,-0.504411,-0.000000,1.436918,-0.992797,-1.209916,3.140000,-0.200000,0.000000,0.000000,0.000000,0.000000,0.000000,0.000000
1778443198.797896,sequential_ik_elbow_then_wrist,0,0,-0.237811,0.096259,-0.155500,-0.435077,-0.060330,0.007490,-0.072367,-0.061380,-0.284597,-0.308018,-0.110114,-0.463744,0.000009,0.057453,0.001967,0.239692,0.000079,0.018948,0.008717,0.137653,0.000000,0.000000,0.000000,1.187569,-0.512555,-0.000000,1.441271,-0.984661,-1.218906,3.140000,-0.200000,0.000000,0.000000,0.000000,0.000000,0.000000,0.000000
1778443198.864831,sequential_ik_elbow_then_wrist,0,0,-0.235821,0.094315,-0.159665,-0.436558,-0.060815,0.000457,-0.073113,-0.064086,-0.283809,-0.306482,-0.112658,-0.465961,0.000006,0.057278,0.001609,0.239327,0.000082,0.018350,0.008923,0.135463,0.000000,0.000000,0.000000,1.187901,-0.522978,-0.000000,1.443750,-0.974639,-1.224782,3.140000,-0.200000,0.000000,0.000000,0.000000,0.000000,0.000000,0.000000
1778443198.919468,sequential_ik_elbow_then_wrist,0,0,-0.233837,0.095986,-0.161577,-0.433808,-0.060950,-0.002258,-0.071541,-0.067124,-0.283507,-0.303975,-0.115054,-0.467020,0.000002,0.058016,0.001099,0.240864,0.000113,0.018032,0.010455,0.134282,0.000000,0.000000,0.000000,1.186942,-0.533265,-0.000000,1.448036,-0.962474,-1.228555,3.140000,-0.200000,0.000000,0.000000,0.000000,0.000000,0.000000,0.000000
1778443198.988647,sequential_ik_elbow_then_wrist,0,0,-0.232772,0.100247,-0.160523,-0.431857,-0.057313,-0.000710,-0.068866,-0.067887,-0.283987,-0.294400,-0.114740,-0.476183,0.000005,0.058583,0.001712,0.242036,0.000121,0.015992,0.010802,0.126460,0.000000,0.000000,0.000000,1.183088,-0.540858,-0.000000,1.454685,-0.948549,-1.232206,3.140000,-0.200000,0.000000,0.000000,0.000000,0.000000,0.000000,0.000000
1778443199.044682,sequential_ik_elbow_then_wrist,0,0,-0.232479,0.102880,-0.159278,-0.433055,-0.053530,-0.000202,-0.067825,-0.068912,-0.283991,-0.288149,-0.116717,-0.481911,0.000004,0.059223,0.001487,0.243358,0.000113,0.014781,0.010446,0.121577,0.000000,0.000000,0.000000,1.177510,-0.545668,-0.000000,1.460398,-0.933462,-1.235142,3.140000,-0.200000,0.000000,0.000000,0.000000,0.000000,0.000000,0.000000
1778443199.094624,sequential_ik_elbow_then_wrist,0,0,-0.232669,0.103764,-0.158424,-0.435471,-0.053567,-0.003124,-0.066158,-0.070198,-0.284069,-0.283354,-0.119097,-0.485153,0.000001,0.061191,0.000800,0.247366,0.000117,0.014218,0.010668,0.119239,0.000000,0.000000,0.000000,1.171912,-0.548480,-0.000000,1.462423,-0.917411,-1.237576,3.140000,-0.200000,0.000000,0.000000,0.000000,0.000000,0.000000,0.000000
1778443199.160632,sequential_ik_elbow_then_wrist,0,0,-0.232151,0.103938,-0.159069,-0.433446,-0.054566,-0.003002,-0.063280,-0.071030,-0.284518,-0.280121,-0.119875,-0.485998,0.000000,0.061992,0.000388,0.248982,0.000131,0.014673,0.011283,0.121131,0.000000,0.000000,0.000000,1.166968,-0.550892,-0.000000,1.465154,-0.900413,-1.240391,3.140000,-0.200000,0.000000,0.000000,0.000000,0.000000,0.000000,0.000000
1778443199.213472,sequential_ik_elbow_then_wrist,0,0,-0.231163,0.103311,-0.160905,-0.426021,-0.057338,0.001028,-0.059012,-0.070757,-0.285501,-0.275647,-0.119163,-0.487308,0.000001,0.061835,0.000524,0.248642,0.000150,0.015396,0.012036,0.124082,0.000000,0.000000,0.000000,1.163084,-0.554128,-0.000000,1.475512,-0.882520,-1.244768,3.140000,-0.200000,0.000000,0.000000,0.000000,0.000000,0.000000,0.000000
1778443199.285758,sequential_ik_elbow_then_wrist,0,0,-0.229207,0.103104,-0.163809,-0.422172,-0.055883,0.001984,-0.056243,-0.070491,-0.286126,-0.272099,-0.118643,-0.488827,0.000002,0.060404,0.000939,0.245754,0.000147,0.016067,0.011925,0.126755,0.000000,0.000000,0.000000,1.159708,-0.559038,-0.000000,1.490602,-0.864127,-1.249876,3.140000,-0.200000,0.000000,0.000000,0.000000,0.000000,0.000000,0.000000
1778443199.341579,sequential_ik_elbow_then_wrist,0,0,-0.228579,0.102417,-0.165114,-0.418006,-0.059488,0.001932,-0.054758,-0.070727,-0.286355,-0.272446,-0.119105,-0.487033,0.000001,0.061257,0.000567,0.247484,0.000135,0.017519,0.011440,0.132359,0.000000,0.000000,0.000000,1.157226,-0.564293,-0.000000,1.508980,-0.845621,-1.254602,3.140000,-0.200000,0.000000,0.000000,0.000000,0.000000,0.000000,0.000000
1778443199.406248,sequential_ik_elbow_then_wrist,0,0,-0.227438,0.101734,-0.167099,-0.417291,-0.060036,-0.000406,-0.055180,-0.068247,-0.286876,-0.274451,-0.114899,-0.486234,0.000001,0.061267,0.000679,0.247518,0.000070,0.019500,0.008224,0.139642,0.000000,0.000000,0.000000,1.155468,-0.570107,-0.000000,1.526111,-0.828353,-1.259247,3.140000,-0.200000,0.000000,0.000000,0.000000,0.000000,0.000000,0.000000
1778443199.469556,sequential_ik_elbow_then_wrist,0,0,-0.228409,0.099516,-0.167111,-0.420823,-0.062529,-0.003655,-0.054063,-0.067399,-0.287288,-0.269378,-0.113282,-0.491088,0.000001,0.061925,0.000894,0.248845,0.000057,0.018882,0.007414,0.137412,0.000000,0.000000,0.000000,1.155685,-0.574952,-0.000000,1.536798,-0.812389,-1.263851,3.140000,-0.200000,0.000000,0.000000,0.000000,0.000000,0.000000,0.000000
1778443199.528754,sequential_ik_elbow_then_wrist,0,0,-0.227537,0.098816,-0.168708,-0.423177,-0.062404,-0.008294,-0.052873,-0.066827,-0.287643,-0.266446,-0.112745,-0.493259,0.000001,0.061920,0.000632,0.248832,0.000050,0.018893,0.006952,0.137450,0.000000,0.000000,0.000000,1.156580,-0.579919,-0.000000,1.541022,-0.797634,-1.268339,3.140000,-0.200000,0.000000,0.000000,0.000000,0.000000,0.000000,0.000000
1778443199.587446,sequential_ik_elbow_then_wrist,0,0,-0.227830,0.096238,-0.169798,-0.428140,-0.064348,-0.014594,-0.051933,-0.067081,-0.287755,-0.261548,-0.113357,-0.497326,0.000002,0.062469,0.001114,0.249921,0.000049,0.017970,0.006897,0.134054,0.000000,0.000000,0.000000,1.159064,-0.584805,-0.000000,1.537239,-0.783843,-1.272219,3.140000,-0.200000,0.000000,0.000000,0.000000,0.000000,0.000000,0.000000
1778443199.647934,sequential_ik_elbow_then_wrist,0,0,-0.228800,0.090050,-0.171877,-0.431045,-0.073378,-0.022250,-0.047402,-0.070437,-0.287735,-0.248768,-0.117081,-0.505166,0.000011,0.063984,0.002653,0.252933,0.000125,0.015034,0.011066,0.122613,0.000000,0.000000,0.000000,1.165384,-0.590341,-0.000000,1.527304,-0.769251,-1.275517,3.140000,-0.200000,0.000000,0.000000,0.000000,0.000000,0.000000,0.000000
1778443199.708766,sequential_ik_elbow_then_wrist,0,0,-0.229871,0.087521,-0.171754,-0.432577,-0.076890,-0.023838,-0.049243,-0.072105,-0.287012,-0.250884,-0.118600,-0.504220,0.000006,0.063088,0.001927,0.251164,0.000093,0.015802,0.009516,0.125706,0.000000,0.000000,0.000000,1.173495,-0.594869,-0.000000,1.514629,-0.754578,-1.276418,3.140000,-0.200000,0.000000,0.000000,0.000000,0.000000,0.000000,0.000000
1778443199.768762,sequential_ik_elbow_then_wrist,0,0,-0.228130,0.086591,-0.174524,-0.429566,-0.079669,-0.026940,-0.054734,-0.077758,-0.284531,-0.264125,-0.118703,-0.495431,0.000002,0.063080,0.001125,0.251157,0.000072,0.019105,0.008039,0.138220,0.000000,0.000000,0.000000,1.181004,-0.600471,-0.000000,1.504601,-0.740295,-1.271571,3.140000,-0.200000,0.000000,0.000000,0.000000,0.000000,0.000000,0.000000
1778443199.822158,sequential_ik_elbow_then_wrist,0,0,-0.227212,0.087157,-0.175438,-0.426749,-0.080093,-0.026400,-0.057706,-0.079436,-0.283478,-0.275542,-0.120633,-0.485593,0.000000,0.062823,0.000441,0.250643,0.000036,0.022482,0.005723,0.149941,0.000000,0.000000,0.000000,1.186670,-0.605915,-0.000000,1.499621,-0.727052,-1.264503,3.140000,-0.200000,0.000000,0.000000,0.000000,0.000000,0.000000,0.000000
1778443199.882273,sequential_ik_elbow_then_wrist,0,0,-0.226514,0.086445,-0.176687,-0.427427,-0.079613,-0.028165,-0.063470,-0.080310,-0.281996,-0.289243,-0.121120,-0.475286,0.000000,0.062376,0.000476,0.249753,0.000006,0.026440,0.001938,0.162602,0.000000,0.000000,0.000000,1.191219,-0.611277,-0.000000,1.496184,-0.716356,-1.255523,3.140000,-0.200000,0.000000,0.000000,0.000000,0.000000,0.000000,0.000000
1778443199.953546,sequential_ik_elbow_then_wrist,0,0,-0.226027,0.087494,-0.176796,-0.426771,-0.078391,-0.027854,-0.065027,-0.082738,-0.280938,-0.294623,-0.123871,-0.469600,0.000000,0.062152,0.000399,0.249303,0.000004,0.027727,0.001749,0.166516,0.000000,0.000000,0.000000,1.194050,-0.615715,-0.000000,1.494565,-0.707558,-1.245986,3.140000,-0.200000,0.000000,0.000000,0.000000,0.000000,0.000000,0.000000
1778443200.005605,sequential_ik_elbow_then_wrist,0,0,-0.227324,0.086637,-0.175550,-0.430503,-0.077242,-0.027691,-0.069522,-0.085832,-0.278926,-0.305998,-0.126166,-0.459070,0.000000,0.061486,0.000461,0.247962,0.000005,0.030836,0.001516,0.175602,0.000000,0.000000,0.000000,1.196754,-0.618221,-0.000000,1.490577,-0.700919,-1.234657,3.140000,-0.200000,0.000000,0.000000,0.000000,0.000000,0.000000,0.000000
1778443200.072198,sequential_ik_elbow_then_wrist,0,0,-0.226122,0.087666,-0.176588,-0.426056,-0.077194,-0.025434,-0.069949,-0.087138,-0.278414,-0.309849,-0.125207,-0.454478,0.000000,0.061345,0.000451,0.247675,0.000001,0.032347,0.000734,0.179854,0.000000,0.000000,0.000000,1.198150,-0.620719,-0.000000,1.490884,-0.695714,-1.224261,3.140000,-0.200000,0.000000,0.000000,0.000000,0.000000,0.000000,0.000000
1778443200.126842,sequential_ik_elbow_then_wrist,0,0,-0.226105,0.087147,-0.176867,-0.426426,-0.077855,-0.026381,-0.071295,-0.088203,-0.277736,-0.315329,-0.124158,-0.448483,0.000000,0.061681,0.000133,0.248356,0.000001,0.034593,0.000567,0.185992,0.000000,0.000000,0.000000,1.199263,-0.622965,-0.000000,1.492014,-0.691784,-1.214837,3.140000,-0.200000,0.000000,0.000000,0.000000,0.000000,0.000000,0.000000
1778443200.183046,sequential_ik_elbow_then_wrist,0,0,-0.225559,0.088258,-0.177014,-0.426477,-0.076776,-0.027362,-0.074768,-0.088651,-0.276678,-0.327361,-0.119809,-0.435505,0.000000,0.061894,0.000454,0.248786,0.000005,0.040131,0.002109,0.200328,0.000000,0.000000,0.000000,1.199362,-0.624865,-0.000000,1.493002,-0.689841,-1.205630,3.140000,-0.200000,0.000000,0.000000,0.000000,0.000000,0.000000,0.000000
1778443200.249095,sequential_ik_elbow_then_wrist,0,0,-0.225368,0.089050,-0.176859,-0.426201,-0.075889,-0.026988,-0.074832,-0.088399,-0.276741,-0.327116,-0.119011,-0.436165,0.000000,0.062068,0.000469,0.249134,0.000003,0.039607,0.001734,0.199016,0.000000,0.000000,0.000000,1.198658,-0.626234,-0.000000,1.494330,-0.689292,-1.198264,3.140000,-0.200000,0.000000,0.000000,0.000000,0.000000,0.000000,0.000000
1778443200.306333,sequential_ik_elbow_then_wrist,0,0,-0.225417,0.088881,-0.176882,-0.425906,-0.076731,-0.027293,-0.072903,-0.088343,-0.277274,-0.323413,-0.119240,-0.439417,0.000000,0.062651,0.000109,0.250302,0.000000,0.038074,0.000357,0.195125,0.000000,0.000000,0.000000,1.197940,-0.627275,-0.000000,1.495846,-0.688990,-1.193427,3.140000,-0.200000,0.000000,0.000000,0.000000,0.000000,0.000000,0.000000
1778443200.371336,sequential_ik_elbow_then_wrist,0,0,-0.224234,0.089241,-0.178200,-0.424569,-0.077299,-0.029438,-0.071004,-0.088603,-0.277683,-0.315057,-0.119633,-0.449366,0.000000,0.063397,0.000498,0.251788,0.000002,0.034461,0.001174,0.185636,0.000000,0.000000,0.000000,1.196849,-0.629075,-0.000000,1.497982,-0.688163,-1.190595,3.140000,-0.200000,0.000000,0.000000,0.000000,0.000000,0.000000,0.000000
1778443200.446880,sequential_ik_elbow_then_wrist,0,0,-0.223948,0.089443,-0.178458,-0.423235,-0.078249,-0.029580,-0.070660,-0.088795,-0.277709,-0.314334,-0.119669,-0.449959,0.000000,0.064022,0.000282,0.253025,0.000002,0.034468,0.001220,0.185657,0.000000,0.000000,0.000000,1.195633,-0.630872,-0.000000,1.501364,-0.686895,-1.188678,3.140000,-0.200000,0.000000,0.000000,0.000000,0.000000,0.000000,0.000000
1778443200.483227,sequential_ik_elbow_then_wrist,0,0,-0.224125,0.088548,-0.178682,-0.421322,-0.081754,-0.029985,-0.073614,-0.089229,-0.276802,-0.322571,-0.119462,-0.441442,0.000000,0.065272,0.000269,0.255482,0.000001,0.037722,0.000826,0.194221,0.000000,0.000000,0.000000,1.195122,-0.632508,-0.000000,1.506182,-0.686271,-1.185806,3.140000,-0.200000,0.000000,0.000000,0.000000,0.000000,0.000000,0.000000
1778443200.551585,sequential_ik_elbow_then_wrist,0,0,-0.223607,0.087855,-0.179670,-0.417703,-0.085454,-0.030370,-0.076206,-0.089521,-0.276005,-0.325253,-0.119871,-0.440488,0.000000,0.066382,0.000404,0.257643,0.000005,0.037728,0.002032,0.194236,0.000000,0.000000,0.000000,1.195169,-0.634573,-0.000000,1.513667,-0.686849,-1.182044,3.140000,-0.200000,0.000000,0.000000,0.000000,0.000000,0.000000,0.000000
1778443200.609266,sequential_ik_elbow_then_wrist,0,0,-0.223606,0.088445,-0.179382,-0.415748,-0.086042,-0.028932,-0.079029,-0.089972,-0.275063,-0.329345,-0.119534,-0.437753,0.000000,0.066479,0.000108,0.257831,0.000011,0.038260,0.003084,0.195601,0.000000,0.000000,0.000000,1.195029,-0.636109,-0.000000,1.522846,-0.688953,-1.177369,3.140000,-0.200000,0.000000,0.000000,0.000000,0.000000,0.000000,0.000000
1778443200.673635,sequential_ik_elbow_then_wrist,0,0,-0.224244,0.087896,-0.178855,-0.415877,-0.087462,-0.028766,-0.080105,-0.091031,-0.274402,-0.329755,-0.120962,-0.438046,0.000000,0.066926,0.000286,0.258699,0.000007,0.037078,0.002515,0.192555,0.000000,0.000000,0.000000,1.195318,-0.636862,-0.000000,1.530975,-0.691936,-1.172377,3.140000,-0.200000,0.000000,0.000000,0.000000,0.000000,0.000000,0.000000
1778443200.742581,sequential_ik_elbow_then_wrist,0,0,-0.224591,0.087305,-0.178709,-0.417693,-0.088562,-0.031121,-0.081780,-0.091995,-0.273585,-0.329195,-0.123445,-0.440310,0.000000,0.067543,0.000354,0.259890,0.000007,0.035084,0.002477,0.187306,0.000000,0.000000,0.000000,1.196108,-0.637229,-0.000000,1.535176,-0.695583,-1.167016,3.140000,-0.200000,0.000000,0.000000,0.000000,0.000000,0.000000,0.000000
1778443200.792141,sequential_ik_elbow_then_wrist,0,0,-0.224796,0.087376,-0.178416,-0.420088,-0.087900,-0.033021,-0.085442,-0.093774,-0.271857,-0.334704,-0.126274,-0.435601,0.000000,0.067545,0.000167,0.259890,0.000013,0.035259,0.003260,0.187773,0.000000,0.000000,0.000000,1.196928,-0.637235,-0.000000,1.534841,-0.700172,-1.160032,3.140000,-0.200000,0.000000,0.000000,0.000000,0.000000,0.000000,0.000000
1778443200.850531,sequential_ik_elbow_then_wrist,0,0,-0.225214,0.086862,-0.178140,-0.422366,-0.089109,-0.036136,-0.086816,-0.094845,-0.271049,-0.336476,-0.128101,-0.434033,0.000000,0.068440,0.000305,0.261604,0.000008,0.034479,0.002665,0.185686,0.000000,0.000000,0.000000,1.198025,-0.636965,-0.000000,1.530182,-0.705219,-1.152880,3.140000,-0.200000,0.000000,0.000000,0.000000,0.000000,0.000000,0.000000
1778443200.912832,sequential_ik_elbow_then_wrist,0,0,-0.224959,0.086697,-0.178542,-0.425034,-0.088588,-0.039816,-0.087862,-0.095051,-0.270639,-0.337949,-0.128143,-0.433001,0.000000,0.068645,0.000160,0.261994,0.000007,0.034132,0.002452,0.184747,0.000000,0.000000,0.000000,1.199076,-0.637006,-0.000000,1.521479,-0.710542,-1.146433,3.140000,-0.200000,0.000000,0.000000,0.000000,0.000000,0.000000,0.000000
1778443200.973633,sequential_ik_elbow_then_wrist,0,0,-0.225092,0.086550,-0.178445,-0.426133,-0.088138,-0.040362,-0.087672,-0.095300,-0.270613,-0.337594,-0.128420,-0.433223,0.000000,0.068371,0.000119,0.261476,0.000003,0.033458,0.001590,0.182916,0.000000,0.000000,0.000000,1.200071,-0.637019,-0.000000,1.511749,-0.715567,-1.141256,3.140000,-0.200000,0.000000,0.000000,0.000000,0.000000,0.000000,0.000000
1778443201.030954,sequential_ik_elbow_then_wrist,0,0,-0.224796,0.086672,-0.178759,-0.426839,-0.087012,-0.040873,-0.086970,-0.096026,-0.270583,-0.333147,-0.129518,-0.438735,0.000000,0.067904,0.000096,0.260583,0.000000,0.031137,0.000436,0.176457,0.000000,0.000000,0.000000,1.200765,-0.637266,-0.000000,1.502461,-0.719655,-1.137208,3.140000,-0.200000,0.000000,0.000000,0.000000,0.000000,0.000000,0.000000
1778443201.096135,sequential_ik_elbow_then_wrist,0,0,-0.224486,0.086496,-0.179233,-0.426396,-0.087042,-0.040968,-0.086755,-0.096637,-0.270435,-0.332363,-0.129407,-0.439559,0.000000,0.067796,0.000155,0.260376,0.000000,0.030821,0.000134,0.175558,0.000000,0.000000,0.000000,1.201300,-0.637872,-0.000000,1.495165,-0.722699,-1.133894,3.140000,-0.200000,0.000000,0.000000,0.000000,0.000000,0.000000,0.000000
1778443201.157375,sequential_ik_elbow_then_wrist,0,0,-0.224689,0.086778,-0.178841,-0.427071,-0.086529,-0.040978,-0.087131,-0.096896,-0.270221,-0.332601,-0.129598,-0.439559,0.000000,0.067719,0.000103,0.260229,0.000000,0.030763,0.000133,0.175394,0.000000,0.000000,0.000000,1.201593,-0.638127,-0.000000,1.488968,-0.725016,-1.131017,3.140000,-0.200000,0.000000,0.000000,0.000000,0.000000,0.000000,0.000000
1778443201.216313,sequential_ik_elbow_then_wrist,0,0,-0.224504,0.086330,-0.179291,-0.427517,-0.086667,-0.041968,-0.085556,-0.096665,-0.270806,-0.329514,-0.130355,-0.442123,0.000000,0.067728,0.000154,0.260246,0.000001,0.029845,0.000809,0.172757,0.000000,0.000000,0.000000,1.201990,-0.638620,-0.000000,1.483380,-0.726306,-1.129585,3.140000,-0.200000,0.000000,0.000000,0.000000,0.000000,0.000000,0.000000
1778443201.277858,sequential_ik_elbow_then_wrist,0,0,-0.222857,0.085437,-0.181756,-0.423675,-0.089744,-0.043976,-0.080673,-0.096229,-0.272455,-0.318750,-0.129336,-0.451964,0.000001,0.068746,0.000744,0.262192,0.000012,0.027426,0.003262,0.165609,0.000000,0.000000,0.000000,1.202508,-0.640968,-0.000000,1.481733,-0.725401,-1.131091,3.140000,-0.200000,0.000000,0.000000,0.000000,0.000000,0.000000,0.000000
1778443201.331640,sequential_ik_elbow_then_wrist,0,0,-0.221381,0.084434,-0.184015,-0.419559,-0.092175,-0.044248,-0.075213,-0.095882,-0.274134,-0.312050,-0.129339,-0.455211,0.000002,0.068978,0.000846,0.262628,0.000034,0.027193,0.005511,0.164903,0.000000,0.000000,0.000000,1.203238,-0.644961,-0.000000,1.485459,-0.721564,-1.135396,3.140000,-0.200000,0.000000,0.000000,0.000000,0.000000,0.000000,0.000000
1778443201.404034,sequential_ik_elbow_then_wrist,0,0,-0.220268,0.083942,-0.185569,-0.417408,-0.092699,-0.044382,-0.075063,-0.096229,-0.274054,-0.313174,-0.129596,-0.453469,0.000001,0.068559,0.000648,0.261832,0.000021,0.028712,0.004437,0.169445,0.000000,0.000000,0.000000,1.203960,-0.649718,-0.000000,1.492526,-0.716097,-1.139242,3.140000,-0.200000,0.000000,0.000000,0.000000,0.000000,0.000000,0.000000
1778443201.451379,sequential_ik_elbow_then_wrist,0,0,-0.220964,0.082545,-0.185368,-0.418401,-0.094415,-0.044997,-0.075642,-0.096558,-0.273779,-0.316169,-0.129934,-0.449940,0.000001,0.068590,0.000656,0.261897,0.000011,0.030538,0.003249,0.174752,0.000000,0.000000,0.000000,1.205536,-0.653571,-0.000000,1.498577,-0.710072,-1.141855,3.140000,-0.200000,0.000000,0.000000,0.000000,0.000000,0.000000,0.000000
1778443201.517061,sequential_ik_elbow_then_wrist,0,0,-0.220516,0.082151,-0.186075,-0.420544,-0.093926,-0.048286,-0.074910,-0.096142,-0.274126,-0.312170,-0.129514,-0.454665,0.000000,0.068333,0.000407,0.261404,0.000008,0.029695,0.002749,0.172323,0.000000,0.000000,0.000000,1.207267,-0.657109,-0.000000,1.500518,-0.703917,-1.144288,3.140000,-0.200000,0.000000,0.000000,0.000000,0.000000,0.000000,0.000000
1778443201.573546,sequential_ik_elbow_then_wrist,0,0,-0.220222,0.082279,-0.186366,-0.421589,-0.093031,-0.049553,-0.074339,-0.095834,-0.274390,-0.309340,-0.129368,-0.457829,0.000000,0.067958,0.000144,0.260685,0.000006,0.029224,0.002330,0.170949,0.000000,0.000000,0.000000,1.208653,-0.660165,-0.000000,1.499746,-0.697913,-1.146634,3.140000,-0.200000,0.000000,0.000000,0.000000,0.000000,0.000000,0.000000
1778443201.650552,sequential_ik_elbow_then_wrist,0,0,-0.220279,0.082306,-0.186287,-0.423773,-0.091851,-0.051159,-0.072569,-0.095378,-0.275022,-0.304157,-0.129523,-0.462640,0.000000,0.067655,0.000018,0.260103,0.000008,0.028082,0.002692,0.167578,0.000000,0.000000,0.000000,1.209732,-0.662510,-0.000000,1.496010,-0.691845,-1.149506,3.140000,-0.200000,0.000000,0.000000,0.000000,0.000000,0.000000,0.000000
1778443201.696823,sequential_ik_elbow_then_wrist,0,0,-0.219704,0.084316,-0.186067,-0.423230,-0.089168,-0.050125,-0.070328,-0.094009,-0.276073,-0.298545,-0.129556,-0.467524,0.000001,0.067298,0.000816,0.259418,0.000009,0.026994,0.002888,0.164298,0.000000,0.000000,0.000000,1.209272,-0.664125,-0.000000,1.492871,-0.685682,-1.153581,3.140000,-0.200000,0.000000,0.000000,0.000000,0.000000,0.000000,0.000000
1778443201.757524,sequential_ik_elbow_then_wrist,0,0,-0.219268,0.085702,-0.185948,-0.422392,-0.087620,-0.049200,-0.068070,-0.092755,-0.277061,-0.296163,-0.128281,-0.468663,0.000001,0.067605,0.000892,0.260009,0.000011,0.027393,0.003110,0.165509,0.000000,0.000000,0.000000,1.207522,-0.665221,-0.000000,1.491698,-0.679364,-1.158689,3.140000,-0.200000,0.000000,0.000000,0.000000,0.000000,0.000000,0.000000
1778443201.819476,sequential_ik_elbow_then_wrist,0,0,-0.218894,0.086381,-0.186074,-0.420423,-0.088570,-0.049040,-0.067418,-0.091879,-0.277512,-0.289702,-0.126026,-0.476067,0.000001,0.068858,0.000653,0.262406,0.000006,0.026079,0.002434,0.161490,0.000000,0.000000,0.000000,1.205167,-0.666123,-0.000000,1.493259,-0.673289,-1.163749,3.140000,-0.200000,0.000000,0.000000,0.000000,0.000000,0.000000,0.000000
1778443201.889359,sequential_ik_elbow_then_wrist,0,0,-0.215545,0.087056,-0.189635,-0.436680,-0.082277,-0.078164,-0.066884,-0.090812,-0.277992,-0.288084,-0.124652,-0.477806,0.000004,0.071433,0.001450,0.267106,0.000004,0.026214,0.001783,0.161906,0.000000,0.000000,0.000000,1.201826,-0.669642,-0.000000,1.471985,-0.667759,-1.168641,3.140000,-0.200000,0.000000,0.000000,0.000000,0.000000,0.000000,0.000000
1778443201.940682,sequential_ik_elbow_then_wrist,0,0,-0.215118,0.085962,-0.190617,-0.438269,-0.080475,-0.078803,-0.066589,-0.091224,-0.277928,-0.286729,-0.126070,-0.478736,0.000001,0.070033,0.000533,0.264610,0.000003,0.025868,0.001787,0.160837,0.000000,0.000000,0.000000,1.199199,-0.673747,-0.000000,1.446564,-0.662624,-1.172494,3.140000,-0.200000,0.000000,0.000000,0.000000,0.000000,0.000000,0.000000
1778443201.997290,sequential_ik_elbow_then_wrist,0,0,-0.212723,0.086311,-0.193130,-0.446204,-0.074726,-0.095385,-0.066272,-0.091478,-0.277920,-0.286030,-0.127483,-0.478943,0.000002,0.069470,0.001013,0.263483,0.000003,0.025738,0.001761,0.160430,0.000000,0.000000,0.000000,1.196419,-0.679211,-0.000000,1.410827,-0.657803,-1.175440,3.140000,-0.200000,0.000000,0.000000,0.000000,0.000000,0.000000,0.000000
1778443202.057011,sequential_ik_elbow_then_wrist,0,0,-0.212698,0.085765,-0.193401,-0.444932,-0.074028,-0.090767,-0.064906,-0.091798,-0.278137,-0.280811,-0.128441,-0.483180,0.000000,0.068202,0.000280,0.261152,0.000006,0.024409,0.002453,0.156233,0.000000,0.000000,0.000000,1.194291,-0.684118,-0.000000,1.381390,-0.652867,-1.178047,3.140000,-0.200000,0.000000,0.000000,0.000000,0.000000,0.000000,0.000000
1778443202.111343,sequential_ik_elbow_then_wrist,0,0,-0.213605,0.084961,-0.192755,-0.440859,-0.073371,-0.077488,-0.064856,-0.091229,-0.278336,-0.281650,-0.129879,-0.482068,0.000000,0.065663,0.000460,0.256223,0.000003,0.024776,0.001739,0.157405,0.000000,0.000000,0.000000,1.193336,-0.687500,-0.000000,1.367754,-0.648218,-1.180433,3.140000,-0.200000,0.000000,0.000000,0.000000,0.000000,0.000000,0.000000
1778443202.190300,sequential_ik_elbow_then_wrist,0,0,-0.215052,0.083959,-0.191581,-0.431207,-0.077159,-0.059982,-0.066345,-0.090606,-0.278189,-0.289148,-0.130954,-0.474991,0.000001,0.064286,0.000867,0.253439,0.000000,0.027113,0.000145,0.164661,0.000000,0.000000,0.000000,1.193786,-0.689049,-0.000000,1.375063,-0.644617,-1.182086,3.140000,-0.200000,0.000000,0.000000,0.000000,0.000000,0.000000,0.000000
1778443202.237930,sequential_ik_elbow_then_wrist,0,0,-0.215998,0.080597,-0.191961,-0.409748,-0.087225,-0.036086,-0.074116,-0.086885,-0.277413,-0.308798,-0.126084,-0.460137,0.000004,0.062845,0.001736,0.250347,0.000047,0.033534,0.006693,0.183124,0.000000,0.000000,0.000000,1.196749,-0.690300,-0.000000,1.412003,-0.645371,-1.182168,3.140000,-0.200000,0.000000,0.000000,0.000000,0.000000,0.000000,0.000000
1778443202.312727,sequential_ik_elbow_then_wrist,0,0,-0.217055,0.079387,-0.191272,-0.400065,-0.085031,-0.019592,-0.078463,-0.087395,-0.276054,-0.314393,-0.128951,-0.456637,0.000003,0.057092,0.001334,0.238747,0.000066,0.032875,0.007852,0.181314,0.000000,0.000000,0.000000,1.200999,-0.690714,-0.000000,1.463021,-0.650125,-1.179834,3.140000,-0.200000,0.000000,0.000000,0.000000,0.000000,0.000000,0.000000
1778443202.355834,sequential_ik_elbow_then_wrist,0,0,-0.220754,0.094618,-0.179764,-0.397636,-0.081588,-0.013438,-0.079413,-0.095584,-0.273052,-0.331593,-0.138364,-0.429816,0.000055,0.061615,0.005652,0.248186,0.000016,0.038222,0.003342,0.195503,0.000000,0.000000,0.000000,1.197067,-0.681902,-0.000000,1.512155,-0.655265,-1.172760,3.140000,-0.200000,0.000000,0.000000,0.000000,0.000000,0.000000,0.000000
1778443202.421569,sequential_ik_elbow_then_wrist,0,0,-0.230421,0.117839,-0.151724,-0.419113,-0.068335,-0.011245,-0.079197,-0.102472,-0.270606,-0.327144,-0.158481,-0.429933,0.000254,0.073907,0.011465,0.271781,0.000009,0.032301,0.002220,0.179724,0.000000,0.000000,0.000000,1.180375,-0.652404,-0.000000,1.533980,-0.658375,-1.162588,3.140000,-0.200000,0.000000,0.000000,0.000000,0.000000,0.000000,0.000000
1778443202.483393,sequential_ik_elbow_then_wrist,0,0,-0.231069,0.114209,-0.153504,-0.449261,-0.034725,-0.011339,-0.068848,-0.101223,-0.273887,-0.274241,-0.161052,-0.484206,0.000008,0.063803,0.002018,0.252169,0.000052,0.015580,0.006817,0.124820,0.000000,0.000000,0.000000,1.165160,-0.625943,-0.000000,1.515475,-0.656803,-1.158700,3.140000,-0.200000,0.000000,0.000000,0.000000,0.000000,0.000000,0.000000
1778443202.546854,sequential_ik_elbow_then_wrist,0,0,-0.165957,0.095821,-0.230817,-0.420756,0.012618,-0.365557,-0.059944,-0.095373,-0.278048,-0.267537,-0.133157,-0.491302,0.001261,0.071658,0.024062,0.250372,0.000087,0.020235,0.008575,0.142250,0.000000,0.000000,0.000000,1.144869,-0.667914,-0.753600,1.274084,-0.651168,-1.163248,3.140000,-0.200000,0.000000,0.000000,0.000000,0.000000,0.000000,0.000000
1778443202.599518,sequential_ik_elbow_then_wrist,0,0,-0.153917,0.073198,-0.246884,-0.423229,0.009596,-0.362753,-0.065484,-0.091239,-0.278186,-0.282089,-0.124025,-0.483143,0.000318,0.047146,0.012263,0.208472,0.000002,0.026068,0.001170,0.161456,0.000000,0.000000,0.000000,1.134159,-0.730520,-1.326336,0.944923,-0.646374,-1.168456,3.140000,-0.200000,0.000000,0.000000,0.000000,0.000000,0.000000,0.000000
1778443202.664637,sequential_ik_elbow_then_wrist,0,0,-0.152239,0.061635,-0.251047,-0.430778,0.003933,-0.346369,-0.068208,-0.087658,-0.278682,-0.291334,-0.108656,-0.478116,0.000129,0.045054,0.009705,0.212011,0.000008,0.031651,0.002734,0.177908,0.000000,0.000000,0.000000,1.133899,-0.789868,-1.761615,0.670142,-0.644120,-1.173656,3.140000,-0.200000,0.000000,0.000000,0.000000,0.000000,0.000000,0.000000
1778443202.725907,sequential_ik_elbow_then_wrist,0,0,-0.158676,0.054521,-0.248695,-0.450484,-0.007488,-0.280366,-0.073059,-0.080040,-0.279743,-0.301330,-0.103873,-0.472937,0.000139,0.065938,0.011080,0.256784,0.000088,0.034319,0.009112,0.185255,0.000000,0.000000,0.000000,1.143466,-0.835146,-2.092428,0.461308,-0.646967,-1.179912,3.140000,-0.200000,0.000000,0.000000,0.000000,0.000000,0.000000,0.000000
1778443202.788935,sequential_ik_elbow_then_wrist,0,0,-0.162975,0.052485,-0.246342,-0.454951,-0.012921,-0.268062,-0.075850,-0.072914,-0.280946,-0.308451,-0.089174,-0.469710,0.000093,0.066556,0.008984,0.257984,0.000176,0.037895,0.012953,0.194666,0.000000,0.000000,0.000000,1.158744,-0.866931,-2.343845,0.302594,-0.655395,-1.187553,3.140000,-0.200000,0.000000,0.000000,0.000000,0.000000,0.000000,0.000000
1778443202.842411,sequential_ik_elbow_then_wrist,0,0,-0.172359,0.053730,-0.239594,-0.464445,-0.012507,-0.256886,-0.078028,-0.070073,-0.281072,-0.311882,-0.090199,-0.467907,0.000068,0.063135,0.007103,0.251267,0.000192,0.036465,0.013605,0.190959,0.000000,0.000000,0.000000,1.176514,-0.883303,-2.534922,0.181971,-0.668265,-1.194302,3.140000,-0.200000,0.000000,0.000000,0.000000,0.000000,0.000000,0.000000
1778443202.901708,sequential_ik_elbow_then_wrist,0,0,-0.187894,0.053383,-0.227697,-0.475996,-0.014817,-0.179258,-0.080130,-0.066962,-0.281239,-0.313470,-0.090720,-0.468290,0.000107,0.083608,0.008176,0.289150,0.000213,0.034295,0.014323,0.185189,0.000000,0.000000,0.000000,1.196814,-0.882246,-2.680141,0.090298,-0.684792,-1.200008,3.140000,-0.200000,0.000000,0.000000,0.000000,0.000000,0.000000,0.000000
1778443202.960561,sequential_ik_elbow_then_wrist,0,0,-0.178283,0.052408,-0.235518,-0.470070,-0.015403,-0.251703,-0.079243,-0.066212,-0.281667,-0.313888,-0.089962,-0.467080,0.000013,0.055047,0.002933,0.234620,0.000145,0.032878,0.011815,0.181323,0.000000,0.000000,0.000000,1.214810,-0.885878,-2.790507,0.020627,-0.702869,-1.205036,3.140000,-0.200000,0.000000,0.000000,0.000000,0.000000,0.000000,0.000000
1778443203.032375,sequential_ik_elbow_then_wrist,0,0,-0.183323,0.054734,-0.231078,-0.465496,-0.019187,-0.160978,-0.078633,-0.066366,-0.281802,-0.311846,-0.089887,-0.469041,0.000005,0.091693,0.001545,0.302809,0.000092,0.030605,0.009401,0.174942,0.000000,0.000000,0.000000,1.229464,-0.885283,-2.874385,-0.032324,-0.720977,-1.209093,3.140000,-0.200000,0.000000,0.000000,0.000000,0.000000,0.000000,0.000000
1778443203.087244,sequential_ik_elbow_then_wrist,0,0,-0.177851,0.054327,-0.235409,-0.467735,-0.019771,-0.213570,-0.077680,-0.068056,-0.281663,-0.311524,-0.093208,-0.467900,0.000004,0.070447,0.001300,0.265418,0.000041,0.028988,0.006281,0.170258,0.000000,0.000000,0.000000,1.240437,-0.888313,-2.938133,-0.072566,-0.737665,-1.211825,3.140000,-0.200000,0.000000,0.000000,0.000000,0.000000,0.000000,0.000000
1778443203.147706,sequential_ik_elbow_then_wrist,0,0,-0.175247,0.058964,-0.236245,-0.464892,-0.017455,-0.219942,-0.075592,-0.069488,-0.281882,-0.308701,-0.095900,-0.468864,0.000011,0.069712,0.003040,0.264030,0.000010,0.027258,0.003163,0.165099,0.000000,0.000000,0.000000,1.245695,-0.892264,-2.986581,-0.103150,-0.751820,-1.214118,3.140000,-0.200000,0.000000,0.000000,0.000000,0.000000,0.000000,0.000000
1778443203.207116,sequential_ik_elbow_then_wrist,0,0,-0.187317,0.061031,-0.226247,-0.450928,-0.024939,-0.111712,-0.074588,-0.070477,-0.281904,-0.301352,-0.097741,-0.476415,0.000028,0.117616,0.003526,0.342952,0.000002,0.024014,0.001463,0.154965,0.000000,0.000000,0.000000,1.248950,-0.885938,-3.023402,-0.126394,-0.763258,-1.215925,3.140000,-0.200000,0.000000,0.000000,0.000000,0.000000,0.000000,0.000000
1778443203.266601,sequential_ik_elbow_then_wrist,0,0,-0.193198,0.061588,-0.221091,-0.458914,-0.025345,-0.112291,-0.075436,-0.072245,-0.281230,-0.300006,-0.101920,-0.477921,0.000015,0.110659,0.002580,0.332655,0.000001,0.022464,0.000789,0.149880,0.000000,0.000000,0.000000,1.251774,-0.874222,-3.051385,-0.144060,-0.772258,-1.216103,3.140000,-0.200000,0.000000,0.000000,0.000000,0.000000,0.000000,0.000000
1778443203.326501,sequential_ik_elbow_then_wrist,0,0,-0.201655,0.061820,-0.213339,-0.468150,-0.027294,-0.108270,-0.077855,-0.072569,-0.280486,-0.302683,-0.103979,-0.476613,0.000025,0.104650,0.003407,0.323496,0.000004,0.022263,0.001831,0.149208,0.000000,0.000000,0.000000,1.255499,-0.856803,-3.072653,-0.157485,-0.779929,-1.214667,3.140000,-0.200000,0.000000,0.000000,0.000000,0.000000,0.000000,0.000000
1778443203.385859,sequential_ik_elbow_then_wrist,0,0,-0.202121,0.065519,-0.211789,-0.466230,-0.028419,-0.104916,-0.079195,-0.069206,-0.280960,-0.304258,-0.103598,-0.476316,0.000005,0.104318,0.001578,0.322983,0.000018,0.022239,0.004208,0.149128,0.000000,0.000000,0.000000,1.257058,-0.840261,-3.088816,-0.167689,-0.787778,-1.214092,3.140000,-0.200000,0.000000,0.000000,0.000000,0.000000,0.000000,0.000000
1778443203.456192,sequential_ik_elbow_then_wrist,0,0,-0.198378,0.072157,-0.213166,-0.463080,-0.025933,-0.111621,-0.076723,-0.067218,-0.282126,-0.295968,-0.106352,-0.483124,0.000020,0.103472,0.003973,0.321670,0.000013,0.019354,0.003387,0.139118,0.000000,0.000000,0.000000,1.253143,-0.828164,-3.101100,-0.175443,-0.795287,-1.215836,3.140000,-0.200000,0.000000,0.000000,0.000000,0.000000,0.000000,0.000000
1778443203.503956,sequential_ik_elbow_then_wrist,0,0,-0.183665,0.076164,-0.224647,-0.466017,-0.023155,-0.244973,-0.071155,-0.069653,-0.282994,-0.289131,-0.106995,-0.485705,0.000083,0.059021,0.007363,0.242943,0.000005,0.018290,0.002073,0.135239,0.000000,0.000000,0.000000,1.242611,-0.829490,-3.110436,-0.181337,-0.800116,-1.219231,3.140000,-0.200000,0.000000,0.000000,0.000000,0.000000,0.000000,0.000000
1778443203.571626,sequential_ik_elbow_then_wrist,0,0,-0.165804,0.078473,-0.237384,-0.437897,0.003132,-0.338819,-0.068808,-0.072652,-0.282820,-0.287716,-0.109305,-0.484652,0.000146,0.035677,0.009738,0.188884,0.000024,0.018408,0.004813,0.135677,0.000000,0.000000,0.000000,1.225877,-0.845290,-3.117531,-0.185816,-0.801612,-1.222026,3.140000,-0.200000,0.000000,0.000000,0.000000,0.000000,0.000000,0.000000
1778443203.628289,sequential_ik_elbow_then_wrist,0,0,-0.166006,0.077124,-0.237685,-0.448347,-0.002560,-0.300406,-0.070012,-0.071260,-0.282879,-0.290640,-0.108554,-0.482710,0.000021,0.050894,0.004021,0.225597,0.000007,0.019669,0.002506,0.140246,0.000000,0.000000,0.000000,1.209261,-0.860885,-3.122924,-0.189220,-0.801620,-1.224253,3.140000,-0.200000,0.000000,0.000000,0.000000,0.000000,0.000000,0.000000
1778443203.694739,sequential_ik_elbow_then_wrist,0,0,-0.162561,0.072861,-0.241382,-0.441573,-0.000335,-0.323812,-0.072545,-0.072133,-0.282018,-0.300508,-0.104943,-0.474258,0.000007,0.045725,0.001853,0.213835,0.000002,0.023151,0.001287,0.152154,0.000000,0.000000,0.000000,1.195900,-0.877318,-3.127022,-0.191807,-0.801102,-1.224376,3.140000,-0.200000,0.000000,0.000000,0.000000,0.000000,0.000000,0.000000
1778443203.756380,sequential_ik_elbow_then_wrist,0,0,-0.155599,0.070828,-0.246520,-0.425651,0.006238,-0.360098,-0.073481,-0.074866,-0.281061,-0.304866,-0.103521,-0.469847,0.000014,0.036639,0.002616,0.191413,0.000006,0.024686,0.002176,0.157116,0.000000,0.000000,0.000000,1.184788,-0.896304,-3.130137,-0.193774,-0.799752,-1.222411,3.140000,-0.200000,0.000000,0.000000,0.000000,0.000000,0.000000,0.000000
1778443203.819360,sequential_ik_elbow_then_wrist,0,0,-0.152665,0.068160,-0.249093,-0.430985,0.001802,-0.339285,-0.071888,-0.075159,-0.281395,-0.302507,-0.104984,-0.470935,0.000006,0.044650,0.001601,0.211306,0.000008,0.024191,0.002790,0.155536,0.000000,0.000000,0.000000,1.176462,-0.915035,-3.132504,-0.195268,-0.797408,-1.221049,3.140000,-0.200000,0.000000,0.000000,0.000000,0.000000,0.000000,0.000000
1778443203.874544,sequential_ik_elbow_then_wrist,0,0,-0.192237,0.061649,-0.221911,-0.472255,-0.016329,-0.147686,-0.069043,-0.069869,-0.283463,-0.284038,-0.113115,-0.488176,0.000379,0.105359,0.015344,0.324591,0.000005,0.017953,0.001655,0.133990,0.000000,0.000000,0.000000,1.182609,-0.903326,-3.134303,-0.196404,-0.795229,-1.223808,3.140000,-0.200000,0.000000,0.000000,0.000000,0.000000,0.000000,0.000000
1778443203.934969,sequential_ik_elbow_then_wrist,0,0,-0.227670,0.058477,-0.186405,-0.464088,-0.036538,-0.028043,-0.063938,-0.063347,-0.286180,-0.275986,-0.112788,-0.492556,0.000592,0.064366,0.017958,0.229885,0.000012,0.017393,0.002306,0.131883,0.000000,0.000000,0.000000,1.203462,-0.858473,-2.382070,0.060320,-0.793629,-1.232113,3.140000,-0.200000,0.000000,0.000000,0.000000,0.000000,0.000000,0.000000
1778443203.997600,sequential_ik_elbow_then_wrist,1,0,-0.234735,0.057197,-0.177843,-0.475641,-0.042156,-0.029206,-0.061094,-0.063301,-0.286811,-0.271166,-0.116989,-0.494145,0.000120,0.030485,0.008108,0.172031,0.000005,0.016680,0.001899,0.129152,0.000000,0.000000,0.000000,1.228489,-0.809288,-1.810373,0.327029,-0.791773,-1.241166,3.140000,-0.200000,0.000000,0.000000,0.000000,0.000000,0.000000,0.000000
1778443204.046483,sequential_ik_elbow_then_wrist,1,0,-0.236519,0.056078,-0.175823,-0.484705,-0.042189,-0.038901,-0.062524,-0.065887,-0.285919,-0.269022,-0.120514,-0.496572,0.000019,0.026731,0.003334,0.163486,0.000005,0.015463,0.002153,0.124349,0.000000,0.000000,0.000000,1.252055,-0.766863,-1.375884,0.534338,-0.789522,-1.246834,3.140000,-0.200000,0.000000,0.000000,0.000000,0.000000,0.000000,0.000000
1778443204.117637,sequential_ik_elbow_then_wrist,1,0,-0.238232,0.057002,-0.173194,-0.486398,-0.041531,-0.036429,-0.063245,-0.068128,-0.285234,-0.265805,-0.126826,-0.498598,0.000004,0.025808,0.001439,0.160647,0.000009,0.013819,0.002809,0.117556,0.000000,0.000000,0.000000,1.271371,-0.731459,-1.045672,0.690281,-0.786692,-1.249495,3.140000,-0.200000,0.000000,0.000000,0.000000,0.000000,0.000000,0.000000
1778443204.172223,sequential_ik_elbow_then_wrist,1,0,-0.236740,0.055582,-0.175684,-0.495554,-0.042671,-0.060091,-0.068385,-0.071072,-0.283324,-0.265422,-0.133076,-0.500882,0.000001,0.026396,0.000812,0.162327,0.000006,0.012052,0.001803,0.109784,0.000000,0.000000,0.000000,1.287210,-0.705717,-0.794710,0.792552,-0.784125,-1.247427,3.140000,-0.200000,0.000000,0.000000,0.000000,0.000000,0.000000,0.000000
1778443204.244508,sequential_ik_elbow_then_wrist,1,0,-0.232826,0.052123,-0.181866,-0.497245,-0.043640,-0.077404,-0.072341,-0.074490,-0.281457,-0.264825,-0.140054,-0.502027,0.000010,0.025499,0.002211,0.159627,0.000006,0.010342,0.001676,0.101697,0.000000,0.000000,0.000000,1.301209,-0.691171,-0.603980,0.860059,-0.781967,-1.241503,3.140000,-0.200000,0.000000,0.000000,0.000000,0.000000,0.000000,0.000000
1778443204.292044,sequential_ik_elbow_then_wrist,1,0,-0.228477,0.049427,-0.188030,-0.495556,-0.045974,-0.090215,-0.071731,-0.076344,-0.281116,-0.263014,-0.143259,-0.502325,0.000013,0.024925,0.002484,0.157868,0.000004,0.009603,0.001909,0.097993,0.000000,0.000000,0.000000,1.313625,-0.686094,-0.459025,0.907664,-0.779474,-1.235411,3.140000,-0.200000,0.000000,0.000000,0.000000,0.000000,0.000000,0.000000
1778443204.365937,sequential_ik_elbow_then_wrist,1,0,-0.227879,0.049422,-0.188756,-0.497538,-0.046577,-0.098933,-0.071923,-0.076348,-0.281066,-0.263024,-0.142734,-0.502590,0.000001,0.024779,0.000823,0.157401,0.000002,0.009683,0.001402,0.098402,0.000000,0.000000,0.000000,1.323679,-0.684177,-0.348859,0.939025,-0.776917,-1.230324,3.140000,-0.200000,0.000000,0.000000,0.000000,0.000000,0.000000,0.000000
1778443204.410925,sequential_ik_elbow_then_wrist,1,0,-0.228554,0.049871,-0.187819,-0.497048,-0.044713,-0.093137,-0.070693,-0.076328,-0.281383,-0.261085,-0.143085,-0.503407,0.000000,0.024015,0.000118,0.154965,0.000004,0.009540,0.001883,0.097674,0.000000,0.000000,0.000000,1.331384,-0.682422,-0.265133,0.964874,-0.774085,-1.226920,3.140000,-0.200000,0.000000,0.000000,0.000000,0.000000,0.000000,0.000000
1778443204.487113,sequential_ik_elbow_then_wrist,1,0,-0.229547,0.049815,-0.186619,-0.497754,-0.044139,-0.090508,-0.070923,-0.076104,-0.281386,-0.261112,-0.143748,-0.503315,0.000000,0.023721,0.000396,0.154015,0.000002,0.009627,0.001291,0.098117,0.000000,0.000000,0.000000,1.337430,-0.680072,-0.201501,0.985314,-0.771323,-1.224438,3.140000,-0.200000,0.000000,0.000000,0.000000,0.000000,0.000000,0.000000
1778443204.535004,sequential_ik_elbow_then_wrist,1,0,-0.230679,0.048473,-0.185573,-0.499824,-0.046185,-0.092832,-0.071390,-0.075665,-0.281386,-0.260320,-0.144200,-0.504116,0.000001,0.023828,0.000766,0.154358,0.000000,0.009460,0.000539,0.097261,0.000000,0.000000,0.000000,1.343060,-0.677232,-0.153141,0.997839,-0.768969,-1.222572,3.140000,-0.200000,0.000000,0.000000,0.000000,0.000000,0.000000,0.000000
1778443204.614061,sequential_ik_elbow_then_wrist,1,0,-0.232673,0.048118,-0.183161,-0.499186,-0.046348,-0.082926,-0.071405,-0.075442,-0.281442,-0.260312,-0.143984,-0.504190,0.000002,0.023218,0.000963,0.152369,0.000000,0.009519,0.000313,0.097567,0.000000,0.000000,0.000000,1.348216,-0.672946,-0.116387,1.010305,-0.767033,-1.221258,3.140000,-0.200000,0.000000,0.000000,0.000000,0.000000,0.000000,0.000000
1778443204.659721,sequential_ik_elbow_then_wrist,1,0,-0.232557,0.048293,-0.183262,-0.497288,-0.046439,-0.078651,-0.069889,-0.076103,-0.281645,-0.257132,-0.144908,-0.505712,0.000000,0.023030,0.000205,0.151748,0.000003,0.009043,0.001557,0.095092,0.000000,0.000000,0.000000,1.352356,-0.669279,-0.088454,1.023198,-0.764833,-1.220652,3.140000,-0.200000,0.000000,0.000000,0.000000,0.000000,0.000000,0.000000
1778443204.728600,sequential_ik_elbow_then_wrist,1,0,-0.233094,0.048896,-0.182418,-0.489140,-0.046412,-0.058493,-0.068626,-0.076998,-0.281712,-0.254660,-0.145779,-0.506791,0.000000,0.022678,0.000308,0.150467,0.000007,0.008778,0.002568,0.093693,0.000000,0.000000,0.000000,1.355290,-0.665742,-0.067225,1.047631,-0.761959,-1.220416,3.140000,-0.200000,0.000000,0.000000,0.000000,0.000000,0.000000,0.000000
1778443204.779728,sequential_ik_elbow_then_wrist,1,0,-0.234324,0.048886,-0.180838,-0.489744,-0.047270,-0.056281,-0.064606,-0.078041,-0.282375,-0.246261,-0.148223,-0.510577,0.000001,0.022851,0.000520,0.151160,0.000029,0.007727,0.005222,0.087902,0.000000,0.000000,0.000000,1.357600,-0.661658,-0.051091,1.069756,-0.757371,-1.221554,3.140000,-0.200000,0.000000,0.000000,0.000000,0.000000,0.000000,0.000000
1778443204.841754,sequential_ik_elbow_then_wrist,1,0,-0.236343,0.049838,-0.177928,-0.486352,-0.047113,-0.043406,-0.063091,-0.077529,-0.282858,-0.246147,-0.148367,-0.509734,0.000002,0.022748,0.000966,0.150799,0.000027,0.008326,0.005039,0.091245,0.000000,0.000000,0.000000,1.359064,-0.655994,-0.038829,1.093441,-0.751603,-1.223604,3.140000,-0.200000,0.000000,0.000000,0.000000,0.000000,0.000000,0.000000
1778443204.898164,sequential_ik_elbow_then_wrist,1,0,-0.236760,0.050106,-0.177297,-0.488968,-0.047476,-0.047418,-0.061765,-0.077410,-0.283183,-0.245654,-0.147994,-0.509463,0.000000,0.023215,0.000418,0.152361,0.000026,0.008838,0.005012,0.094010,0.000000,0.000000,0.000000,1.359959,-0.650622,-0.029510,1.109016,-0.744976,-1.226039,3.140000,-0.200000,0.000000,0.000000,0.000000,0.000000,0.000000,0.000000
1778443204.962111,sequential_ik_elbow_then_wrist,1,0,-0.237834,0.051221,-0.175531,-0.490108,-0.047090,-0.046330,-0.062592,-0.076409,-0.283274,-0.250474,-0.146215,-0.506494,0.000001,0.023576,0.000698,0.153544,0.000010,0.010288,0.003146,0.101432,0.000000,0.000000,0.000000,1.360016,-0.644947,-0.022428,1.118856,-0.738539,-1.228208,3.140000,-0.200000,0.000000,0.000000,0.000000,0.000000,0.000000,0.000000
1778443205.028763,sequential_ik_elbow_then_wrist,1,0,-0.237860,0.052161,-0.175220,-0.490365,-0.045239,-0.045782,-0.062183,-0.076254,-0.283405,-0.250755,-0.145664,-0.506167,0.000000,0.023540,0.000525,0.153428,0.000008,0.010710,0.002837,0.103489,0.000000,0.000000,0.000000,1.359262,-0.640033,-0.017045,1.125423,-0.732390,-1.230171,3.140000,-0.200000,0.000000,0.000000,0.000000,0.000000,0.000000,0.000000
1778443205.075133,sequential_ik_elbow_then_wrist,1,0,-0.238663,0.051946,-0.174189,-0.491971,-0.045243,-0.046168,-0.060776,-0.075838,-0.283822,-0.245690,-0.145062,-0.509687,0.000000,0.023671,0.000343,0.153850,0.000010,0.010072,0.003095,0.100358,0.000000,0.000000,0.000000,1.358629,-0.635379,-0.012954,1.128436,-0.726364,-1.232528,3.140000,-0.200000,0.000000,0.000000,0.000000,0.000000,0.000000,0.000000
1778443205.138909,sequential_ik_elbow_then_wrist,1,0,-0.237955,0.052562,-0.174971,-0.492054,-0.044255,-0.048243,-0.060529,-0.075406,-0.283990,-0.246382,-0.144109,-0.509242,0.000000,0.023720,0.000323,0.154014,0.000007,0.010603,0.002548,0.102968,0.000000,0.000000,0.000000,1.357659,-0.632224,-0.009845,1.129398,-0.720678,-1.234828,3.140000,-0.200000,0.000000,0.000000,0.000000,0.000000,0.000000,0.000000
1778443205.197679,sequential_ik_elbow_then_wrist,1,0,-0.239528,0.052520,-0.172824,-0.488130,-0.045631,-0.036576,-0.058795,-0.074987,-0.284464,-0.244691,-0.143745,-0.509665,0.000001,0.023803,0.000571,0.154261,0.000010,0.010746,0.003093,0.103663,0.000000,0.000000,0.000000,1.356977,-0.628288,-0.007482,1.136292,-0.715037,-1.237618,3.140000,-0.200000,0.000000,0.000000,0.000000,0.000000,0.000000,0.000000
1778443205.267844,sequential_ik_elbow_then_wrist,1,0,-0.240540,0.054285,-0.170861,-0.474621,-0.046412,-0.012538,-0.060661,-0.075212,-0.284013,-0.248268,-0.145622,-0.507275,0.000001,0.023789,0.000863,0.154045,0.000003,0.011396,0.001540,0.106751,0.000000,0.000000,0.000000,1.355542,-0.623469,-0.005687,1.159955,-0.710095,-1.239082,3.140000,-0.200000,0.000000,0.000000,0.000000,0.000000,0.000000,0.000000
1778443205.313666,sequential_ik_elbow_then_wrist,1,0,-0.240380,0.054196,-0.171115,-0.474126,-0.048387,-0.013509,-0.060020,-0.074060,-0.284452,-0.248173,-0.142590,-0.507839,0.000000,0.024529,0.000193,0.156607,0.000001,0.011832,0.001119,0.108776,0.000000,0.000000,0.000000,1.354153,-0.619577,-0.004322,1.182587,-0.705871,-1.240887,3.140000,-0.200000,0.000000,0.000000,0.000000,0.000000,0.000000,0.000000
1778443205.379290,sequential_ik_elbow_then_wrist,1,0,-0.240744,0.054324,-0.170562,-0.475765,-0.049394,-0.015619,-0.057628,-0.073755,-0.285025,-0.246793,-0.142714,-0.507424,0.000000,0.025074,0.000190,0.158348,0.000006,0.012035,0.002397,0.109705,0.000000,0.000000,0.000000,1.352960,-0.616153,-0.003285,1.198920,-0.701669,-1.243555,3.140000,-0.200000,0.000000,0.000000,0.000000,0.000000,0.000000,0.000000
1778443205.440136,sequential_ik_elbow_then_wrist,1,0,-0.239976,0.056648,-0.170887,-0.475518,-0.049058,-0.018092,-0.057839,-0.074118,-0.284888,-0.247109,-0.142372,-0.507415,0.000001,0.026059,0.000908,0.161429,0.000004,0.012307,0.002075,0.110939,0.000000,0.000000,0.000000,1.350488,-0.613688,-0.002496,1.210368,-0.697604,-1.245605,3.140000,-0.200000,0.000000,0.000000,0.000000,0.000000,0.000000,0.000000
1778443205.508674,sequential_ik_elbow_then_wrist,1,0,-0.239474,0.057691,-0.171242,-0.474113,-0.047763,-0.016893,-0.057029,-0.073322,-0.285257,-0.247907,-0.140666,-0.506684,0.000001,0.026348,0.000743,0.162320,0.000004,0.012974,0.001914,0.113905,0.000000,0.000000,0.000000,1.347341,-0.612113,-0.001897,1.220524,-0.693725,-1.247897,3.140000,-0.200000,0.000000,0.000000,0.000000,0.000000,0.000000,0.000000
1778443205.568357,sequential_ik_elbow_then_wrist,1,0,-0.237228,0.057685,-0.174342,-0.477876,-0.049522,-0.030831,-0.056061,-0.073325,-0.285448,-0.246907,-0.141735,-0.506577,0.000002,0.027926,0.001003,0.167091,0.000005,0.012995,0.002294,0.113998,0.000000,0.000000,0.000000,1.344172,-0.613323,-0.001442,1.222261,-0.689834,-1.250194,3.140000,-0.200000,0.000000,0.000000,0.000000,0.000000,0.000000,0.000000
1778443205.630263,sequential_ik_elbow_then_wrist,1,0,-0.230297,0.058498,-0.183143,-0.494988,-0.045663,-0.087808,-0.056222,-0.073119,-0.285469,-0.247373,-0.140599,-0.506620,0.000018,0.029994,0.002924,0.172626,0.000003,0.013369,0.001755,0.115624,0.000000,0.000000,0.000000,1.339968,-0.621557,-0.001096,1.190125,-0.686155,-1.252102,3.140000,-0.200000,0.000000,0.000000,0.000000,0.000000,0.000000,0.000000
1778443205.688698,sequential_ik_elbow_then_wrist,1,0,-0.226222,0.059282,-0.187908,-0.494087,-0.042902,-0.099555,-0.056279,-0.073066,-0.285472,-0.247127,-0.139976,-0.507057,0.000011,0.029767,0.002298,0.172477,0.000002,0.013477,0.001447,0.116090,0.000000,0.000000,0.000000,1.335006,-0.633230,-0.000833,1.155188,-0.682765,-1.253590,3.140000,-0.200000,0.000000,0.000000,0.000000,0.000000,0.000000,0.000000
1778443205.758224,sequential_ik_elbow_then_wrist,1,0,-0.220840,0.061007,-0.193669,-0.493461,-0.039625,-0.119162,-0.055593,-0.074626,-0.285202,-0.244651,-0.139948,-0.508788,0.000015,0.030468,0.002743,0.174513,0.000007,0.012996,0.002555,0.113998,0.000000,0.000000,0.000000,1.328674,-0.647949,-0.000633,1.120017,-0.679137,-1.254207,3.140000,-0.200000,0.000000,0.000000,0.000000,0.000000,0.000000,0.000000
1778443205.813953,sequential_ik_elbow_then_wrist,1,0,-0.220608,0.060293,-0.194157,-0.492693,-0.040284,-0.117647,-0.054392,-0.076163,-0.285028,-0.241889,-0.140347,-0.510250,0.000001,0.030905,0.000774,0.175797,0.000015,0.012591,0.003828,0.112209,0.000000,0.000000,0.000000,1.323210,-0.660863,-0.000481,1.094132,-0.674790,-1.254240,3.140000,-0.200000,0.000000,0.000000,0.000000,0.000000,0.000000,0.000000
1778443205.874161,sequential_ik_elbow_then_wrist,1,0,-0.215885,0.061650,-0.198979,-0.491569,-0.039578,-0.137730,-0.050643,-0.080708,-0.284467,-0.239393,-0.140502,-0.509851,0.000008,0.032132,0.002042,0.179228,0.000070,0.012733,0.008220,0.112840,0.000000,0.000000,0.000000,1.317219,-0.675014,-0.000366,1.066895,-0.668032,-1.253248,3.140000,-0.200000,0.000000,0.000000,0.000000,0.000000,0.000000,0.000000
1778443205.929592,sequential_ik_elbow_then_wrist,0,0,-0.213612,0.063004,-0.200998,-0.489201,-0.038068,-0.139073,-0.049963,-0.082197,-0.284161,-0.239143,-0.140617,-0.509545,0.000005,0.032757,0.001685,0.180989,0.000070,0.013371,0.008254,0.115634,0.000000,0.000000,0.000000,1.310715,-0.688433,-0.000278,1.046850,-0.659384,-1.251669,3.140000,-0.200000,0.000000,0.000000,0.000000,0.000000,0.000000,0.000000
1778443205.986233,sequential_ik_elbow_then_wrist,0,0,-0.212802,0.062678,-0.201957,-0.488770,-0.036819,-0.139171,-0.050130,-0.082168,-0.284140,-0.239515,-0.140704,-0.509321,0.000001,0.032726,0.000761,0.180903,0.000049,0.014094,0.006911,0.118718,0.000000,0.000000,0.000000,1.304990,-0.700036,-0.000211,1.033521,-0.649847,-1.250171,3.140000,-0.200000,0.000000,0.000000,0.000000,0.000000,0.000000,0.000000
1778443206.047671,sequential_ik_elbow_then_wrist,0,0,-0.212055,0.061242,-0.203180,-0.490006,-0.037648,-0.148741,-0.049679,-0.082667,-0.284074,-0.239487,-0.140096,-0.509185,0.000001,0.032845,0.000566,0.181221,0.000043,0.014807,0.006454,0.121685,0.000000,0.000000,0.000000,1.301014,-0.710199,-0.000160,1.018875,-0.639822,-1.248816,3.140000,-0.200000,0.000000,0.000000,0.000000,0.000000,0.000000,0.000000
1778443206.107389,sequential_ik_elbow_then_wrist,0,0,-0.196480,0.065773,-0.216955,-0.480669,-0.030309,-0.219189,-0.044204,-0.084866,-0.284330,-0.236125,-0.139724,-0.508288,0.000067,0.075737,0.006019,0.253173,0.000112,0.015387,0.010438,0.124046,0.000000,0.000000,0.000000,1.292835,-0.730171,-0.753722,0.748802,-0.627738,-1.248463,3.140000,-0.200000,0.000000,0.000000,0.000000,0.000000,0.000000,0.000000
1778443206.172993,sequential_ik_elbow_then_wrist,0,0,-0.180717,0.069240,-0.229232,-0.464198,-0.019393,-0.271452,-0.041679,-0.085613,-0.284488,-0.234243,-0.136075,-0.508926,0.000109,0.047852,0.008085,0.218552,0.000127,0.016650,0.011098,0.129036,0.000000,0.000000,0.000000,1.279394,-0.759533,-1.326429,0.521090,-0.613845,-1.248705,3.140000,-0.200000,0.000000,0.000000,0.000000,0.000000,0.000000,0.000000
1778443206.224748,sequential_ik_elbow_then_wrist,0,0,-0.188731,0.067400,-0.223244,-0.476072,-0.018574,-0.216648,-0.043478,-0.084698,-0.284492,-0.235710,-0.135217,-0.509202,0.000003,0.065805,0.001294,0.256525,0.000063,0.017904,0.007785,0.133805,0.000000,0.000000,0.000000,1.268112,-0.779397,-1.761686,0.348028,-0.599987,-1.248799,3.140000,-0.200000,0.000000,0.000000,0.000000,0.000000,0.000000,0.000000
1778443206.283112,sequential_ik_elbow_then_wrist,0,0,-0.215704,0.062633,-0.198869,-0.467995,-0.039130,-0.072403,-0.044619,-0.080867,-0.285429,-0.235641,-0.132696,-0.510872,0.000188,0.117655,0.009847,0.343008,0.000018,0.018674,0.004175,0.136652,0.000000,0.000000,0.000000,1.266961,-0.772788,-2.092481,0.216501,-0.587732,-1.250550,3.140000,-0.200000,0.000000,0.000000,0.000000,0.000000,0.000000,0.000000
1778443206.343704,sequential_ik_elbow_then_wrist,0,0,-0.223025,0.061303,-0.191055,-0.470426,-0.043719,-0.057776,-0.045014,-0.080661,-0.285425,-0.235597,-0.134112,-0.510860,0.000060,0.061095,0.005664,0.227244,0.000010,0.018827,0.003183,0.137213,0.000000,0.000000,0.000000,1.271596,-0.756417,-1.590286,0.349915,-0.577107,-1.252234,3.140000,-0.200000,0.000000,0.000000,0.000000,0.000000,0.000000,0.000000
1778443206.407050,sequential_ik_elbow_then_wrist,0,0,-0.223546,0.060712,-0.190634,-0.477118,-0.044146,-0.069367,-0.047914,-0.081521,-0.284708,-0.237043,-0.135313,-0.511284,0.000007,0.034052,0.002129,0.181936,0.000002,0.018986,0.001106,0.137788,0.000000,0.000000,0.000000,1.277870,-0.741022,-1.208617,0.525322,-0.568621,-1.252140,3.140000,-0.200000,0.000000,0.000000,0.000000,0.000000,0.000000,0.000000
1778443206.466889,sequential_ik_elbow_then_wrist,1,0,-0.226723,0.058305,-0.187609,-0.482349,-0.045355,-0.069667,-0.048424,-0.081966,-0.284494,-0.237930,-0.140943,-0.509458,0.000009,0.030702,0.002303,0.175095,0.000001,0.018548,0.000717,0.136190,0.000000,0.000000,0.000000,1.285714,-0.726242,-0.918549,0.674482,-0.561892,-1.251336,3.140000,-0.200000,0.000000,0.000000,0.000000,0.000000,0.000000,0.000000
1778443206.526788,sequential_ik_elbow_then_wrist,1,0,-0.223128,0.055516,-0.192696,-0.491629,-0.046791,-0.106436,-0.051202,-0.084047,-0.283398,-0.242102,-0.145402,-0.506541,0.000007,0.030679,0.001973,0.174995,0.000002,0.018861,0.001003,0.137336,0.000000,0.000000,0.000000,1.294007,-0.718361,-0.698097,0.770021,-0.557016,-1.248462,3.140000,-0.200000,0.000000,0.000000,0.000000,0.000000,0.000000,0.000000
1778443206.593360,sequential_ik_elbow_then_wrist,1,0,-0.222413,0.054590,-0.193785,-0.494091,-0.048054,-0.118582,-0.051717,-0.083908,-0.283346,-0.243116,-0.146122,-0.505822,0.000002,0.030245,0.001109,0.173841,0.000001,0.018889,0.000928,0.137436,0.000000,0.000000,0.000000,1.301700,-0.714013,-0.530554,0.830860,-0.553707,-1.245663,3.140000,-0.200000,0.000000,0.000000,0.000000,0.000000,0.000000,0.000000
1778443206.666154,sequential_ik_elbow_then_wrist,1,0,-0.220171,0.054821,-0.196264,-0.493421,-0.047488,-0.126500,-0.051533,-0.083580,-0.283476,-0.243261,-0.146636,-0.505432,0.000002,0.029925,0.000888,0.172973,0.000001,0.018793,0.000773,0.137087,0.000000,0.000000,0.000000,1.307645,-0.713095,-0.403221,0.871455,-0.551533,-1.243640,3.140000,-0.200000,0.000000,0.000000,0.000000,0.000000,0.000000,0.000000
1778443206.714498,sequential_ik_elbow_then_wrist,1,0,-0.223064,0.053918,-0.193224,-0.486300,-0.051120,-0.094867,-0.052409,-0.081592,-0.283895,-0.244223,-0.145573,-0.505511,0.000002,0.029811,0.000984,0.172488,0.000005,0.018958,0.002190,0.137686,0.000000,0.000000,0.000000,1.313173,-0.710479,-0.306448,0.920677,-0.550831,-1.242934,3.140000,-0.200000,0.000000,0.000000,0.000000,0.000000,0.000000,0.000000
1778443206.782209,sequential_ik_elbow_then_wrist,1,0,-0.223580,0.054914,-0.192345,-0.485821,-0.049622,-0.090847,-0.054901,-0.079122,-0.284122,-0.246326,-0.144818,-0.505574,0.000000,0.029233,0.000431,0.170956,0.000023,0.019038,0.004762,0.137977,0.000000,0.000000,0.000000,1.317271,-0.707344,-0.232900,0.964568,-0.552359,-1.243085,3.140000,-0.200000,0.000000,0.000000,0.000000,0.000000,0.000000,0.000000
1778443206.837088,sequential_ik_elbow_then_wrist,0,0,-0.206341,0.067005,-0.207205,-0.483707,-0.037783,-0.161515,-0.053464,-0.078120,-0.284673,-0.245347,-0.143622,-0.505785,0.000111,0.097441,0.008302,0.289869,0.000013,0.018678,0.003507,0.136668,0.000000,0.000000,0.000000,1.310528,-0.717083,-0.930604,0.719933,-0.555008,-1.244390,3.140000,-0.200000,0.000000,0.000000,0.000000,0.000000,0.000000,0.000000
1778443206.895260,sequential_ik_elbow_then_wrist,1,0,-0.153329,0.075494,-0.246558,-0.406455,0.012236,-0.394631,-0.048276,-0.083714,-0.284010,-0.246327,-0.132841,-0.503923,0.000855,0.019589,0.022580,0.139205,0.000012,0.020863,0.003342,0.144442,0.000000,0.000000,0.000000,1.287103,-0.765171,-1.460859,0.499149,-0.555595,-1.244365,3.140000,-0.200000,0.000000,0.000000,0.000000,0.000000,0.000000,0.000000
1778443206.955462,sequential_ik_elbow_then_wrist,1,0,-0.115727,0.079771,-0.265036,-0.333648,0.038997,-0.467144,-0.043887,-0.086831,-0.283786,-0.247682,-0.122010,-0.501110,0.000919,0.012237,0.026063,0.110593,0.000057,0.024152,0.007402,0.155410,0.000000,0.000000,0.000000,1.250496,-0.833725,-1.863853,0.337156,-0.552835,-1.243833,3.140000,-0.200000,0.000000,0.000000,0.000000,0.000000,0.000000,0.000000
1778443207.014862,sequential_ik_elbow_then_wrist,1,0,-0.106616,0.085028,-0.267214,-0.326238,0.050222,-0.468595,-0.045191,-0.088595,-0.283035,-0.250059,-0.116010,-0.500469,0.000610,0.014082,0.023408,0.118644,0.000039,0.026788,0.006117,0.163670,0.000000,0.000000,0.000000,1.206731,-0.896095,-2.170128,0.208239,-0.548053,-1.241837,3.140000,-0.199558,0.000000,0.000000,0.000000,0.000000,0.000000,0.000000
1778443207.071008,sequential_ik_elbow_then_wrist,1,0,-0.095902,0.093373,-0.268485,-0.311452,0.060107,-0.474474,-0.044957,-0.089744,-0.282710,-0.249392,-0.111932,-0.501146,0.000753,0.015574,0.026433,0.124797,0.000035,0.028266,0.005800,0.168111,0.000000,0.000000,0.000000,1.156437,-0.948030,-2.402898,0.110262,-0.541823,-1.239340,3.140000,-0.193979,0.000000,0.000000,0.000000,0.000000,0.000000,0.000000
1778443207.130845,sequential_ik_elbow_then_wrist,1,0,-0.099974,0.096486,-0.265887,-0.320143,0.061535,-0.466645,-0.045709,-0.090809,-0.282249,-0.249878,-0.109168,-0.501288,0.000413,0.021079,0.019573,0.145187,0.000024,0.029673,0.004771,0.172245,0.000000,0.000000,0.000000,1.105443,-0.984161,-2.579802,0.035799,-0.534926,-1.236338,3.140000,-0.184285,0.000000,0.000000,0.000000,0.000000,0.000000,0.000000
1778443207.193741,sequential_ik_elbow_then_wrist,1,0,-0.099715,0.098857,-0.265112,-0.317154,0.062022,-0.468492,-0.045563,-0.090982,-0.282217,-0.249770,-0.107772,-0.501346,0.000262,0.024485,0.015554,0.156435,0.000018,0.030555,0.004159,0.174793,0.000000,0.000000,0.000000,1.056245,-1.009473,-2.714250,-0.012204,-0.527778,-1.233728,3.140000,-0.173245,0.000000,0.000000,0.000000,0.000000,0.000000,0.000000
1778443207.252655,sequential_ik_elbow_then_wrist,1,0,-0.101675,0.098385,-0.264542,-0.323270,0.060426,-0.463175,-0.045263,-0.090639,-0.282375,-0.249569,-0.107500,-0.501407,0.000108,0.029080,0.009953,0.170523,0.000013,0.031086,0.003565,0.176312,0.000000,0.000000,0.000000,1.012044,-1.027113,-2.816430,-0.045468,-0.520712,-1.231943,3.140000,-0.163184,0.000000,0.000000,0.000000,0.000000,0.000000,0.000000
1778443207.316100,sequential_ik_elbow_then_wrist,0,0,-0.102525,0.098364,-0.264222,-0.326314,0.058541,-0.460008,-0.045805,-0.089933,-0.282513,-0.250251,-0.106465,-0.501440,0.000048,0.032476,0.006653,0.180208,0.000006,0.031828,0.002309,0.178402,0.000000,0.000000,0.000000,0.973842,-1.039601,-2.894087,-0.068496,-0.514288,-1.230862,3.140000,-0.154656,0.000000,0.000000,0.000000,0.000000,0.000000,0.000000
1778443207.374581,sequential_ik_elbow_then_wrist,0,0,-0.103675,0.098230,-0.263822,-0.333197,0.056929,-0.452539,-0.046453,-0.090020,-0.282380,-0.251058,-0.106517,-0.501160,0.000018,0.036287,0.004095,0.190489,0.000002,0.032300,0.001493,0.179722,0.000000,0.000000,0.000000,0.941949,-1.048295,-2.953106,-0.088334,-0.508724,-1.229848,3.140000,-0.147671,0.000000,0.000000,0.000000,0.000000,0.000000,0.000000
1778443209.004254,sequential_ik_elbow_then_wrist,0,0,-0.209709,0.146389,-0.156820,-0.430799,0.009220,-0.007475,-0.039433,-0.094825,-0.281875,-0.236120,-0.171211,-0.495133,0.003192,0.124561,0.039073,0.337956,0.000072,0.019275,0.008321,0.138635,0.000000,0.000000,0.000000,0.934654,-0.958432,-2.244360,0.140714,-0.500666,-1.228332,3.140000,-0.160230,0.000000,0.000000,0.000000,0.000000,0.000000,0.000000
1778443209.059952,sequential_ik_elbow_then_wrist,0,0,-0.242066,0.129460,-0.121014,-0.445696,-0.015833,0.044590,-0.052679,-0.079349,-0.284479,-0.293026,-0.144495,-0.451781,0.001058,0.072497,0.023069,0.265919,0.000090,0.044881,0.009143,0.211851,0.000000,0.000000,0.000000,0.956946,-0.842662,-1.705714,0.416149,-0.498504,-1.231935,3.140000,-0.169775,0.000000,0.000000,0.000000,0.000000,0.000000,0.000000
1778443209.122586,sequential_ik_elbow_then_wrist,0,0,-0.260394,0.114648,-0.095136,-0.425155,-0.031180,0.108796,-0.067071,-0.062853,-0.285571,-0.321810,-0.127550,-0.430217,0.000439,0.050726,0.014582,0.224567,0.000684,0.060376,0.025698,0.245715,0.000000,0.000000,0.000000,0.996331,-0.726437,-1.296343,0.666741,-0.507347,-1.240010,3.140000,-0.177029,0.000000,0.000000,0.000000,0.000000,0.000000,0.000000
1778443209.179523,sequential_ik_elbow_then_wrist,0,0,-0.252107,0.114593,-0.115372,-0.423518,-0.030963,0.083202,-0.074954,-0.062599,-0.283661,-0.322433,-0.126118,-0.440885,0.000020,0.049216,0.003063,0.221820,0.000816,0.052879,0.028155,0.229955,0.000000,0.000000,0.000000,1.030270,-0.644839,-0.985220,0.865571,-0.525539,-1.243972,3.140000,-0.182542,0.000000,0.000000,0.000000,0.000000,0.000000,0.000000
1778443209.244794,sequential_ik_elbow_then_wrist,0,0,-0.251420,0.109258,-0.121862,-0.436141,-0.045270,0.057022,-0.078170,-0.068435,-0.281436,-0.316510,-0.128152,-0.453563,0.000017,0.056334,0.002833,0.237324,0.000573,0.041930,0.023442,0.204768,0.000000,0.000000,0.000000,1.060030,-0.588725,-0.748767,1.008682,-0.549529,-1.241446,3.140000,-0.186732,0.000000,0.000000,0.000000,0.000000,0.000000,0.000000
1778443209.309203,sequential_ik_elbow_then_wrist,0,0,-0.252717,0.093675,-0.131753,-0.448559,-0.061352,0.034417,-0.072398,-0.070324,-0.282512,-0.300395,-0.137740,-0.465467,0.000063,0.057725,0.005733,0.240177,0.000226,0.031102,0.014774,0.176358,0.000000,0.000000,0.000000,1.093057,-0.554189,-0.569063,1.102314,-0.574385,-1.239172,3.140000,-0.189916,0.000000,0.000000,0.000000,0.000000,0.000000,0.000000
1778443209.370950,sequential_ik_elbow_then_wrist,0,0,-0.255943,0.086474,-0.130444,-0.459187,-0.068418,0.026720,-0.076794,-0.068218,-0.281867,-0.306935,-0.128521,-0.464620,0.000026,0.055550,0.003808,0.235586,0.000279,0.031543,0.016418,0.177603,0.000000,0.000000,0.000000,1.126147,-0.528888,-0.432488,1.156564,-0.600719,-1.236344,3.140000,-0.192336,0.000000,0.000000,0.000000,0.000000,0.000000,0.000000
1778443209.429181,sequential_ik_elbow_then_wrist,0,0,-0.257756,0.078542,-0.131883,-0.464565,-0.082871,0.013636,-0.086773,-0.072349,-0.277914,-0.314593,-0.116343,-0.468079,0.000023,0.057228,0.003570,0.239138,0.000338,0.030160,0.017790,0.173666,0.000000,0.000000,0.000000,1.158719,-0.510861,-0.328691,1.182452,-0.629283,-1.227210,3.140000,-0.194176,0.000000,0.000000,0.000000,0.000000,0.000000,0.000000
1778443209.487259,sequential_ik_elbow_then_wrist,0,0,-0.260071,0.067455,-0.133464,-0.467629,-0.101638,0.001914,-0.087752,-0.074986,-0.276905,-0.312152,-0.121178,-0.470583,0.000035,0.058724,0.004476,0.242264,0.000189,0.025121,0.013368,0.158495,0.000000,0.000000,0.000000,1.192736,-0.498533,-0.249805,1.188528,-0.657858,-1.216631,3.140000,-0.195573,0.000000,0.000000,0.000000,0.000000,0.000000,0.000000
1778443209.558366,sequential_ik_elbow_then_wrist,0,0,-0.256456,0.071850,-0.138087,-0.462413,-0.095798,0.001469,-0.089239,-0.074304,-0.276614,-0.324648,-0.119312,-0.457049,0.000004,0.055751,0.001312,0.236116,0.000147,0.027706,0.011842,0.166452,0.000000,0.000000,0.000000,1.218118,-0.492649,-0.189852,1.193556,-0.685845,-1.207184,3.140000,-0.196636,0.000000,0.000000,0.000000,0.000000,0.000000,0.000000
1778443209.615211,sequential_ik_elbow_then_wrist,0,0,-0.256483,0.073031,-0.137416,-0.457515,-0.098243,0.004890,-0.086701,-0.074760,-0.277298,-0.326799,-0.118960,-0.451652,0.000000,0.057189,0.000433,0.239132,0.000063,0.027832,0.007741,0.166830,0.000000,0.000000,0.000000,1.236559,-0.488508,-0.144287,1.202915,-0.711221,-1.200549,3.140000,-0.197443,0.000000,0.000000,0.000000,0.000000,0.000000,0.000000
1778443209.672456,sequential_ik_elbow_then_wrist,0,0,-0.254470,0.075793,-0.139643,-0.455593,-0.093537,0.004845,-0.087890,-0.074502,-0.276992,-0.333003,-0.114055,-0.445381,0.000003,0.056669,0.001268,0.238044,0.000051,0.029765,0.006983,0.172525,0.000000,0.000000,0.000000,1.248309,-0.486987,-0.109658,1.214878,-0.734216,-1.195106,3.140000,-0.198057,0.000000,0.000000,0.000000,0.000000,0.000000,0.000000
1778443209.734284,sequential_ik_elbow_then_wrist,0,0,-0.251866,0.078053,-0.143077,-0.452749,-0.091705,0.001243,-0.088759,-0.076415,-0.276193,-0.334161,-0.111509,-0.445150,0.000005,0.057883,0.001621,0.240582,0.000026,0.029096,0.004941,0.170576,0.000000,0.000000,0.000000,1.254725,-0.488606,-0.083340,1.228705,-0.754339,-1.189531,3.140000,-0.198523,0.000000,0.000000,0.000000,0.000000,0.000000,0.000000
1778443209.793204,sequential_ik_elbow_then_wrist,0,0,-0.251761,0.076491,-0.144102,-0.451218,-0.094604,0.000617,-0.087206,-0.078117,-0.276211,-0.333273,-0.110894,-0.444665,0.000001,0.058879,0.000506,0.242645,0.000005,0.028545,0.002064,0.168951,0.000000,0.000000,0.000000,1.259732,-0.491190,-0.063339,1.242985,-0.770751,-1.184937,3.140000,-0.198878,0.000000,0.000000,0.000000,0.000000,0.000000,0.000000
1778443209.856364,sequential_ik_elbow_then_wrist,0,0,-0.248712,0.079191,-0.147889,-0.447723,-0.087530,0.002440,-0.085267,-0.076106,-0.277376,-0.331375,-0.104431,-0.446575,0.000005,0.056516,0.001550,0.237713,0.000004,0.029138,0.001883,0.170698,0.000000,0.000000,0.000000,1.261405,-0.496139,-0.048137,1.260590,-0.784170,-1.183224,3.140000,-0.199147,0.000000,0.000000,0.000000,0.000000,0.000000,0.000000
1778443209.921763,sequential_ik_elbow_then_wrist,0,0,-0.249946,0.080063,-0.145317,-0.442758,-0.087478,0.012015,-0.078689,-0.073906,-0.279903,-0.327516,-0.101851,-0.445143,0.000001,0.056172,0.000648,0.236973,0.000007,0.030581,0.001918,0.174875,0.000000,0.000000,0.000000,1.261710,-0.498763,-0.036584,1.283412,-0.793923,-1.186532,3.140000,-0.199352,0.000000,0.000000,0.000000,0.000000,0.000000,0.000000
1778443209.975479,sequential_ik_elbow_then_wrist,0,0,-0.249095,0.080202,-0.146694,-0.440142,-0.087462,0.012648,-0.075275,-0.072705,-0.281154,-0.313590,-0.099745,-0.461362,0.000000,0.056290,0.000386,0.237242,0.000007,0.026277,0.002249,0.162101,0.000000,0.000000,0.000000,1.261390,-0.501470,-0.027804,1.306680,-0.800407,-1.192287,3.140000,-0.199507,0.000000,0.000000,0.000000,0.000000,0.000000,0.000000
1778443210.032853,sequential_ik_elbow_then_wrist,0,0,-0.249852,0.080444,-0.145267,-0.437343,-0.087945,0.017498,-0.073724,-0.071343,-0.281913,-0.313159,-0.098951,-0.460544,0.000000,0.056072,0.000326,0.236784,0.000004,0.027323,0.001807,0.165297,0.000000,0.000000,0.000000,1.260972,-0.502682,-0.021131,1.329813,-0.804564,-1.198756,3.140000,-0.199626,0.000000,0.000000,0.000000,0.000000,0.000000,0.000000
1778443210.097786,sequential_ik_elbow_then_wrist,0,0,-0.248748,0.079823,-0.147488,-0.436290,-0.087060,0.016763,-0.073359,-0.073360,-0.281490,-0.313580,-0.098357,-0.459448,0.000001,0.055349,0.000513,0.235260,0.000008,0.028014,0.002790,0.167374,0.000000,0.000000,0.000000,1.260758,-0.504980,-0.016060,1.350432,-0.806413,-1.203409,3.140000,-0.199715,0.000000,0.000000,0.000000,0.000000,0.000000,0.000000
1778443210.145894,sequential_ik_elbow_then_wrist,0,0,-0.248255,0.079524,-0.148476,-0.438428,-0.087313,0.012768,-0.073636,-0.073334,-0.281425,-0.315749,-0.097502,-0.456916,0.000000,0.055761,0.000381,0.236138,0.000005,0.029357,0.002143,0.171339,0.000000,0.000000,0.000000,1.260711,-0.507742,-0.012205,1.364872,-0.806810,-1.206758,3.140000,-0.199784,0.000000,0.000000,0.000000,0.000000,0.000000,0.000000
1778443210.213438,sequential_ik_elbow_then_wrist,0,0,-0.249520,0.077980,-0.147170,-0.448260,-0.088143,0.004176,-0.073795,-0.074119,-0.281177,-0.317523,-0.096533,-0.454655,0.000001,0.056730,0.000665,0.238136,0.000005,0.030514,0.002163,0.174683,0.000000,0.000000,0.000000,1.261872,-0.509148,-0.009276,1.364750,-0.806091,-1.208821,3.140000,-0.199836,0.000000,0.000000,0.000000,0.000000,0.000000,0.000000
1778443210.272009,sequential_ik_elbow_then_wrist,0,0,-0.250529,0.074991,-0.147009,-0.455360,-0.088389,-0.000888,-0.076939,-0.072049,-0.280873,-0.331943,-0.086298,-0.438256,0.000002,0.055616,0.001208,0.235780,0.000002,0.038764,0.001278,0.196887,0.000000,0.000000,0.000000,1.265107,-0.509946,-0.007050,1.353032,-0.806143,-1.209732,3.140000,-0.199875,0.000000,0.000000,0.000000,0.000000,0.000000,0.000000
1778443210.335500,sequential_ik_elbow_then_wrist,0,0,-0.249675,0.074280,-0.148812,-0.463482,-0.088123,-0.014977,-0.077938,-0.066837,-0.281884,-0.333770,-0.076476,-0.438272,0.000001,0.056095,0.000692,0.236760,0.000024,0.041038,0.004792,0.202578,0.000000,0.000000,0.000000,1.268588,-0.511766,-0.005358,1.328969,-0.808420,-1.212140,3.140000,-0.199905,0.000000,0.000000,0.000000,0.000000,0.000000,0.000000
1778443210.395615,sequential_ik_elbow_then_wrist,0,0,-0.244715,0.074643,-0.156662,-0.461978,-0.087896,-0.028686,-0.076695,-0.064763,-0.282708,-0.322092,-0.077608,-0.454799,0.000011,0.056954,0.002229,0.238634,0.000022,0.034438,0.004590,0.185575,0.000000,0.000000,0.000000,1.270451,-0.519055,-0.004072,1.304177,-0.812236,-1.215860,3.140000,-0.199928,0.000000,0.000000,0.000000,0.000000,0.000000,0.000000
1778443210.455351,sequential_ik_elbow_then_wrist,0,0,-0.243524,0.074986,-0.158345,-0.460003,-0.090083,-0.032293,-0.076700,-0.066251,-0.282361,-0.320730,-0.078990,-0.456393,0.000002,0.058445,0.001021,0.241753,0.000009,0.033015,0.002893,0.181699,0.000000,0.000000,0.000000,1.271188,-0.527166,-0.003095,1.284878,-0.816458,-1.218444,3.140000,-0.199945,0.000000,0.000000,0.000000,0.000000,0.000000,0.000000
1778443210.513711,sequential_ik_elbow_then_wrist,0,0,-0.240432,0.078772,-0.161206,-0.456053,-0.087744,-0.035588,-0.074776,-0.067626,-0.282551,-0.313474,-0.083846,-0.463549,0.000007,0.059957,0.001938,0.244857,0.000000,0.029145,0.000495,0.170719,0.000000,0.000000,0.000000,1.268690,-0.536008,-0.002352,1.273451,-0.819888,-1.220673,3.140000,-0.199958,0.000000,0.000000,0.000000,0.000000,0.000000,0.000000
1778443210.576138,sequential_ik_elbow_then_wrist,0,0,-0.234626,0.077324,-0.170211,-0.458839,-0.088186,-0.059148,-0.069832,-0.066161,-0.284159,-0.300091,-0.084284,-0.475606,0.000017,0.062466,0.002794,0.249915,0.000005,0.025210,0.001887,0.158777,0.000000,0.000000,0.000000,1.265500,-0.550003,-0.001787,1.257755,-0.821831,-1.225456,3.140000,-0.199968,0.000000,0.000000,0.000000,0.000000,0.000000,0.000000
1778443210.661407,sequential_ik_elbow_then_wrist,0,0,-0.234365,0.078342,-0.170105,-0.456693,-0.088016,-0.056546,-0.071294,-0.066430,-0.283732,-0.299692,-0.086941,-0.477159,0.000001,0.062739,0.000866,0.250475,0.000000,0.024516,0.000604,0.156575,0.000000,0.000000,0.000000,1.261966,-0.562224,-0.001358,1.247780,-0.823044,-1.228975,3.140000,-0.199976,0.000000,0.000000,0.000000,0.000000,0.000000,0.000000
1778443210.697738,sequential_ik_elbow_then_wrist,0,0,-0.232055,0.078597,-0.173127,-0.455017,-0.086008,-0.058267,-0.073239,-0.069720,-0.282445,-0.297079,-0.095532,-0.480509,0.000003,0.062286,0.001138,0.249569,0.000004,0.021684,0.001694,0.147253,0.000000,0.000000,0.000000,1.258280,-0.574148,-0.001032,1.243221,-0.823323,-1.229230,3.140000,-0.199982,0.000000,0.000000,0.000000,0.000000,0.000000,0.000000
1778443210.760794,sequential_ik_elbow_then_wrist,0,0,-0.226744,0.077143,-0.180654,-0.461510,-0.081320,-0.081787,-0.072437,-0.070763,-0.282392,-0.287067,-0.101999,-0.489656,0.000013,0.061565,0.002380,0.248080,0.000006,0.017744,0.002316,0.133208,0.000000,0.000000,0.000000,1.254917,-0.589563,-0.000785,1.228784,-0.822487,-1.228783,3.140000,-0.199986,0.000000,0.000000,0.000000,0.000000,0.000000,0.000000
1778443210.816995,sequential_ik_elbow_then_wrist,0,0,-0.225208,0.075248,-0.183356,-0.460664,-0.080201,-0.081394,-0.073742,-0.071247,-0.281933,-0.288082,-0.102923,-0.489429,0.000004,0.059552,0.001368,0.244034,0.000003,0.017806,0.001522,0.133438,0.000000,0.000000,0.000000,1.252962,-0.604828,-0.000596,1.217568,-0.821171,-1.227452,3.140000,-0.199989,0.000000,0.000000,0.000000,0.000000,0.000000,0.000000
1778443210.888814,sequential_ik_elbow_then_wrist,0,0,-0.221062,0.075703,-0.188150,-0.454911,-0.078827,-0.081215,-0.074632,-0.071263,-0.281694,-0.289616,-0.102944,-0.488523,0.000007,0.058737,0.001784,0.242340,0.000001,0.018154,0.000773,0.134738,0.000000,0.000000,0.000000,1.250619,-0.621010,-0.000453,1.215881,-0.819830,-1.225779,3.140000,-0.199992,0.000000,0.000000,0.000000,0.000000,0.000000,0.000000
1778443210.946114,sequential_ik_elbow_then_wrist,0,0,-0.217794,0.076011,-0.191802,-0.447135,-0.080066,-0.077595,-0.074409,-0.072299,-0.281489,-0.289244,-0.104639,-0.488370,0.000006,0.059199,0.001655,0.243256,0.000002,0.017908,0.001377,0.133821,0.000000,0.000000,0.000000,1.247668,-0.637268,-0.000344,1.226773,-0.818171,-1.223994,3.140000,-0.199994,0.000000,0.000000,0.000000,0.000000,0.000000,0.000000
1778443211.001273,sequential_ik_elbow_then_wrist,0,0,-0.214642,0.076641,-0.195077,-0.443399,-0.079735,-0.080111,-0.073020,-0.073133,-0.281637,-0.286148,-0.107128,-0.490014,0.000005,0.059767,0.001644,0.244450,0.000006,0.017104,0.002434,0.130784,0.000000,0.000000,0.000000,1.243949,-0.653173,-0.000262,1.243096,-0.815769,-1.222798,3.140000,-0.199995,0.000000,0.000000,0.000000,0.000000,0.000000,0.000000
1778443211.066599,sequential_ik_elbow_then_wrist,0,0,-0.210115,0.078584,-0.199189,-0.437668,-0.079469,-0.084130,-0.071199,-0.074318,-0.281793,-0.284229,-0.107572,-0.490389,0.000010,0.061454,0.002398,0.247879,0.000015,0.017157,0.003791,0.130986,0.000000,0.000000,0.000000,1.238458,-0.669445,-0.000199,1.262931,-0.812173,-1.222232,3.140000,-0.199996,0.000000,0.000000,0.000000,0.000000,0.000000,0.000000
1778443211.123478,sequential_ik_elbow_then_wrist,0,0,-0.197482,0.082144,-0.210364,-0.436569,-0.075727,-0.121404,-0.069284,-0.075155,-0.282048,-0.276333,-0.106369,-0.496890,0.000058,0.066513,0.005762,0.257863,0.000024,0.015929,0.004783,0.126210,0.000000,0.000000,0.000000,1.228434,-0.692233,-0.000151,1.267378,-0.807221,-1.222369,3.140000,-0.199997,0.000000,0.000000,0.000000,0.000000,0.000000,0.000000
1778443211.198828,sequential_ik_elbow_then_wrist,0,0,-0.196240,0.081201,-0.211887,-0.443824,-0.070816,-0.137103,-0.068108,-0.074855,-0.282415,-0.275034,-0.106129,-0.497366,0.000008,0.066685,0.002248,0.258168,0.000021,0.016331,0.004526,0.127792,0.000000,0.000000,0.000000,1.218463,-0.713232,-0.000115,1.256631,-0.801382,-1.223261,3.140000,-0.199998,0.000000,0.000000,0.000000,0.000000,0.000000,0.000000
1778443211.232274,sequential_ik_elbow_then_wrist,0,0,-0.196013,0.079754,-0.212646,-0.444469,-0.070477,-0.137148,-0.064443,-0.075370,-0.283137,-0.266283,-0.109986,-0.502368,0.000001,0.066320,0.000609,0.257521,0.000042,0.014681,0.006331,0.121164,0.000000,0.000000,0.000000,1.210563,-0.730689,-0.000087,1.244316,-0.794097,-1.225520,3.140000,-0.199998,0.000000,0.000000,0.000000,0.000000,0.000000,0.000000
1778443211.302568,sequential_ik_elbow_then_wrist,0,0,-0.201284,0.079244,-0.207858,-0.443311,-0.067139,-0.107883,-0.064260,-0.076700,-0.282821,-0.270467,-0.113275,-0.497626,0.000006,0.061685,0.001732,0.248288,0.000040,0.016025,0.006205,0.126589,0.000000,0.000000,0.000000,1.205889,-0.740161,-0.000066,1.249812,-0.785773,-1.227006,3.140000,-0.199999,0.000000,0.000000,0.000000,0.000000,0.000000,0.000000
1778443211.368446,sequential_ik_elbow_then_wrist,0,0,-0.206060,0.079094,-0.203183,-0.435973,-0.072988,-0.084814,-0.064416,-0.078949,-0.282166,-0.283245,-0.116159,-0.483981,0.000009,0.061561,0.002210,0.247987,0.000043,0.020099,0.006423,0.141771,0.000000,0.000000,0.000000,1.204103,-0.742532,-0.000050,1.273160,-0.776532,-1.226888,3.140000,-0.199999,0.000000,0.000000,0.000000,0.000000,0.000000,0.000000
1778443211.439722,sequential_ik_elbow_then_wrist,0,0,-0.210933,0.078411,-0.198391,-0.434645,-0.075802,-0.071225,-0.066484,-0.081057,-0.281086,-0.298409,-0.119340,-0.467487,0.000011,0.060397,0.002468,0.245714,0.000030,0.025357,0.005319,0.159240,0.000000,0.000000,0.000000,1.204998,-0.739251,-0.000038,1.302060,-0.767053,-1.224534,3.140000,-0.199999,0.000000,0.000000,0.000000,0.000000,0.000000,0.000000
1778443211.494284,sequential_ik_elbow_then_wrist,0,0,-0.213055,0.078475,-0.196084,-0.432661,-0.077632,-0.064161,-0.066783,-0.082218,-0.280678,-0.298756,-0.120480,-0.467023,0.000004,0.059843,0.001487,0.244614,0.000024,0.025715,0.004822,0.160358,0.000000,0.000000,0.000000,1.207074,-0.733704,-0.000029,1.330329,-0.757559,-1.221495,3.140000,-0.199999,0.000000,0.000000,0.000000,0.000000,0.000000,0.000000
1778443211.551062,sequential_ik_elbow_then_wrist,0,0,-0.213257,0.080066,-0.195220,-0.429975,-0.077900,-0.060759,-0.069435,-0.083673,-0.279603,-0.314148,-0.119928,-0.449311,0.000001,0.060043,0.000555,0.245029,0.000011,0.032365,0.003204,0.179902,0.000000,0.000000,0.000000,1.208370,-0.728083,-0.000022,1.356386,-0.748827,-1.217003,3.140000,-0.200000,0.000000,0.000000,0.000000,0.000000,0.000000,0.000000
1778443211.603863,sequential_ik_elbow_then_wrist,0,0,-0.213750,0.080303,-0.194582,-0.428645,-0.079514,-0.059383,-0.071794,-0.085445,-0.278469,-0.316924,-0.120420,-0.447843,0.000000,0.060919,0.000327,0.246815,0.000006,0.032912,0.002214,0.181418,0.000000,0.000000,0.000000,1.209208,-0.722973,-0.000017,1.378989,-0.741170,-1.211166,3.140000,-0.200000,0.000000,0.000000,0.000000,0.000000,0.000000,0.000000
1778443211.663412,sequential_ik_elbow_then_wrist,0,0,-0.213639,0.081460,-0.194223,-0.425900,-0.079779,-0.056574,-0.073440,-0.087612,-0.277364,-0.321155,-0.120518,-0.443359,0.000000,0.061347,0.000537,0.247679,0.000005,0.034454,0.001975,0.185617,0.000000,0.000000,0.000000,1.209093,-0.718606,-0.000013,1.400180,-0.734431,-1.204363,3.140000,-0.200000,0.000000,0.000000,0.000000,0.000000,0.000000,0.000000
1778443211.725972,sequential_ik_elbow_then_wrist,0,0,-0.213579,0.082566,-0.193822,-0.422047,-0.080867,-0.053000,-0.074084,-0.089444,-0.276607,-0.321734,-0.120499,-0.443055,0.000001,0.062163,0.000665,0.249313,0.000005,0.034583,0.002077,0.185965,0.000000,0.000000,0.000000,1.208046,-0.714854,-0.000010,1.422056,-0.728259,-1.197437,3.140000,-0.200000,0.000000,0.000000,0.000000,0.000000,0.000000,0.000000
1778443211.780391,sequential_ik_elbow_then_wrist,0,0,-0.213733,0.082535,-0.193665,-0.422499,-0.080942,-0.053336,-0.073917,-0.089545,-0.276619,-0.320522,-0.122662,-0.444217,0.000000,0.062590,0.000247,0.250180,0.000003,0.033913,0.001723,0.184154,0.000000,0.000000,0.000000,1.206904,-0.711775,-0.000007,1.440420,-0.722645,-1.191788,3.140000,-0.200000,0.000000,0.000000,0.000000,0.000000,0.000000,0.000000
1778443211.851911,sequential_ik_elbow_then_wrist,0,0,-0.213856,0.083276,-0.193212,-0.420595,-0.080808,-0.050610,-0.075087,-0.090260,-0.276071,-0.322037,-0.121799,-0.443466,0.000000,0.062617,0.000393,0.250231,0.000001,0.034582,0.001080,0.185961,0.000000,0.000000,0.000000,1.205495,-0.709017,-0.000006,1.457444,-0.717826,-1.186532,3.140000,-0.200000,0.000000,0.000000,0.000000,0.000000,0.000000,0.000000
1778443211.904691,sequential_ik_elbow_then_wrist,0,0,-0.214490,0.083512,-0.192405,-0.421398,-0.081935,-0.051635,-0.074463,-0.090701,-0.276095,-0.317602,-0.122667,-0.448901,0.000000,0.063708,0.000312,0.252405,0.000002,0.032636,0.001406,0.180655,0.000000,0.000000,0.000000,1.204208,-0.706176,-0.000004,1.470377,-0.713396,-1.182359,3.140000,-0.200000,0.000000,0.000000,0.000000,0.000000,0.000000,0.000000
1778443211.974645,sequential_ik_elbow_then_wrist,0,0,-0.215194,0.083779,-0.191501,-0.422261,-0.082359,-0.051782,-0.072796,-0.091297,-0.276343,-0.307311,-0.129562,-0.459478,0.000000,0.064270,0.000337,0.253515,0.000006,0.027804,0.002426,0.166744,0.000000,0.000000,0.000000,1.203144,-0.703120,-0.000003,1.479186,-0.708711,-1.179549,3.140000,-0.200000,0.000000,0.000000,0.000000,0.000000,0.000000,0.000000
1778443212.027393,sequential_ik_elbow_then_wrist,0,0,-0.213539,0.084659,-0.192961,-0.423481,-0.085052,-0.062108,-0.067775,-0.092408,-0.277250,-0.286909,-0.132526,-0.478174,0.000001,0.067762,0.000704,0.260304,0.000033,0.021714,0.005599,0.147355,0.000000,0.000000,0.000000,1.201425,-0.701767,-0.000002,1.480950,-0.702164,-1.179021,3.140000,-0.200000,0.000000,0.000000,0.000000,0.000000,0.000000,0.000000
1778443212.096323,sequential_ik_elbow_then_wrist,0,0,-0.213571,0.085174,-0.192699,-0.424543,-0.084605,-0.063602,-0.065022,-0.094213,-0.277301,-0.275128,-0.139735,-0.486547,0.000000,0.068364,0.000440,0.261461,0.000052,0.018527,0.007064,0.136115,0.000000,0.000000,0.000000,1.199459,-0.700748,-0.000002,1.479276,-0.693442,-1.179127,3.140000,-0.200000,0.000000,0.000000,0.000000,0.000000,0.000000,0.000000
1778443212.158431,sequential_ik_elbow_then_wrist,0,0,-0.214095,0.085421,-0.192007,-0.424858,-0.084658,-0.062963,-0.064147,-0.094089,-0.277547,-0.276054,-0.140144,-0.484850,0.000000,0.068705,0.000283,0.262115,0.000040,0.019836,0.006142,0.140841,0.000000,0.000000,0.000000,1.197671,-0.699420,-0.000001,1.476815,-0.683574,-1.179686,3.140000,-0.200000,0.000000,0.000000,0.000000,0.000000,0.000000,0.000000
1778443212.203332,sequential_ik_elbow_then_wrist,0,0,-0.214419,0.087401,-0.190750,-0.424946,-0.081767,-0.060133,-0.064061,-0.094036,-0.277585,-0.274204,-0.142458,-0.486141,0.000001,0.068166,0.000884,0.261085,0.000026,0.019783,0.004944,0.140653,0.000000,0.000000,0.000000,1.195133,-0.697277,-0.000001,1.475276,-0.673474,-1.180243,3.140000,-0.200000,0.000000,0.000000,0.000000,0.000000,0.000000,0.000000
1778443212.279413,sequential_ik_elbow_then_wrist,0,0,-0.212282,0.088045,-0.192833,-0.426887,-0.078381,-0.065370,-0.063460,-0.094315,-0.277628,-0.272547,-0.142164,-0.487374,0.000002,0.068137,0.001032,0.261029,0.000021,0.020129,0.004479,0.141877,0.000000,0.000000,0.000000,1.191863,-0.697062,-0.000001,1.471298,-0.663445,-1.180755,3.140000,-0.200000,0.000000,0.000000,0.000000,0.000000,0.000000,0.000000
1778443212.367925,sequential_ik_elbow_then_wrist,0,0,-0.213097,0.087628,-0.192122,-0.430245,-0.076935,-0.066560,-0.063525,-0.095197,-0.277312,-0.273067,-0.143470,-0.486505,0.000000,0.067861,0.000122,0.260496,0.000016,0.020723,0.003959,0.143955,0.000000,0.000000,0.000000,1.189257,-0.696648,-0.000001,1.464397,-0.653737,-1.180637,3.140000,-0.200000,0.000000,0.000000,0.000000,0.000000,0.000000,0.000000
1778443212.444404,sequential_ik_elbow_then_wrist,0,0,-0.217768,0.086849,-0.187175,-0.432519,-0.078659,-0.058766,-0.064633,-0.095147,-0.277073,-0.284366,-0.144942,-0.475159,0.000006,0.067376,0.001769,0.259568,0.000006,0.024481,0.002420,0.156465,0.000000,0.000000,0.000000,1.188763,-0.692338,-0.000000,1.457598,-0.645079,-1.180017,3.140000,-0.200000,0.000000,0.000000,0.000000,0.000000,0.000000,0.000000
1778443212.499853,sequential_ik_elbow_then_wrist,0,0,-0.217514,0.086763,-0.187510,-0.427735,-0.081993,-0.055873,-0.065000,-0.095404,-0.276899,-0.289595,-0.142859,-0.470044,0.000000,0.068125,0.000448,0.261004,0.000003,0.026972,0.001806,0.164233,0.000000,0.000000,0.000000,1.188974,-0.688412,-0.000000,1.455791,-0.637538,-1.179138,3.140000,-0.200000,0.000000,0.000000,0.000000,0.000000,0.000000,0.000000
1778443212.543404,sequential_ik_elbow_then_wrist,0,0,-0.217416,0.086614,-0.187692,-0.427271,-0.082275,-0.055641,-0.065205,-0.095684,-0.276754,-0.293815,-0.141807,-0.465462,0.000000,0.067953,0.000191,0.260677,0.000002,0.029014,0.001429,0.170335,0.000000,0.000000,0.000000,1.189430,-0.685423,-0.000000,1.455970,-0.631043,-1.178140,3.140000,-0.200000,0.000000,0.000000,0.000000,0.000000,0.000000,0.000000
1778443212.581242,sequential_ik_elbow_then_wrist,0,0,-0.216781,0.087240,-0.188136,-0.428086,-0.080699,-0.057191,-0.064948,-0.096791,-0.276430,-0.292974,-0.140504,-0.466411,0.000000,0.067678,0.000281,0.260150,0.000004,0.029213,0.001812,0.170918,0.000000,0.000000,0.000000,1.189389,-0.683501,-0.000000,1.455550,-0.625136,-1.176794,3.140000,-0.200000,0.000000,0.000000,0.000000,0.000000,0.000000,0.000000
1778443212.649494,sequential_ik_elbow_then_wrist,0,0,-0.213927,0.086917,-0.191522,-0.428664,-0.079052,-0.063684,-0.064887,-0.098201,-0.275946,-0.291353,-0.135594,-0.469116,0.000003,0.067663,0.001109,0.260119,0.000005,0.029795,0.002120,0.172613,0.000000,0.000000,0.000000,1.188733,-0.684820,-0.000000,1.453060,-0.619507,-1.174874,3.140000,-0.200000,0.000000,0.000000,0.000000,0.000000,0.000000,0.000000
1778443212.708775,sequential_ik_elbow_then_wrist,0,0,-0.212838,0.086509,-0.192915,-0.428671,-0.079231,-0.066637,-0.065063,-0.098618,-0.275756,-0.291681,-0.132274,-0.469435,0.000001,0.067951,0.000675,0.260673,0.000003,0.030871,0.001730,0.175702,0.000000,0.000000,0.000000,1.187962,-0.687576,-0.000000,1.450098,-0.614285,-1.172908,3.140000,-0.200000,0.000000,0.000000,0.000000,0.000000,0.000000,0.000000
1778443212.774602,sequential_ik_elbow_then_wrist,0,0,-0.212781,0.085911,-0.193244,-0.427769,-0.080006,-0.065763,-0.066419,-0.098569,-0.275450,-0.298527,-0.129412,-0.462998,0.000000,0.067804,0.000287,0.260391,0.000000,0.034089,0.000500,0.184632,0.000000,0.000000,0.000000,1.187593,-0.690338,-0.000000,1.448928,-0.610068,-1.170813,3.140000,-0.200000,0.000000,0.000000,0.000000,0.000000,0.000000,0.000000
1778443212.826343,sequential_ik_elbow_then_wrist,0,0,-0.212009,0.086102,-0.194006,-0.425339,-0.081729,-0.066244,-0.065971,-0.098852,-0.275456,-0.296558,-0.128428,-0.465074,0.000000,0.068640,0.000314,0.261991,0.000001,0.033705,0.000768,0.183590,0.000000,0.000000,0.000000,1.187115,-0.693206,-0.000000,1.450407,-0.606438,-1.169093,3.140000,-0.200000,0.000000,0.000000,0.000000,0.000000,0.000000,0.000000
1778443212.885673,sequential_ik_elbow_then_wrist,0,0,-0.211803,0.085452,-0.194519,-0.424354,-0.082504,-0.065630,-0.066215,-0.097840,-0.275759,-0.296798,-0.127766,-0.465327,0.000000,0.068528,0.000272,0.261776,0.000000,0.033916,0.000164,0.184164,0.000000,0.000000,0.000000,1.186993,-0.695975,-0.000000,1.453757,-0.603681,-1.168228,3.140000,-0.200000,0.000000,0.000000,0.000000,0.000000,0.000000,0.000000
1778443212.956224,sequential_ik_elbow_then_wrist,0,0,-0.211853,0.083581,-0.195276,-0.423673,-0.083809,-0.064461,-0.067950,-0.097155,-0.275579,-0.309153,-0.119454,-0.452564,0.000001,0.067738,0.000844,0.260264,0.000002,0.040570,0.001433,0.201420,0.000000,0.000000,0.000000,1.188079,-0.698831,-0.000000,1.458348,-0.602376,-1.167396,3.140000,-0.200000,0.000000,0.000000,0.000000,0.000000,0.000000,0.000000
1778443213.003877,sequential_ik_elbow_then_wrist,0,0,-0.211792,0.081778,-0.196104,-0.426390,-0.083669,-0.067360,-0.068129,-0.097241,-0.275504,-0.309247,-0.118451,-0.452738,0.000002,0.066628,0.001071,0.258123,0.000002,0.040497,0.001203,0.201239,0.000000,0.000000,0.000000,1.190411,-0.701847,-0.000000,1.459374,-0.602050,-1.166605,3.140000,-0.200000,0.000000,0.000000,0.000000,0.000000,0.000000,0.000000
1778443213.061384,sequential_ik_elbow_then_wrist,0,0,-0.211397,0.080536,-0.197042,-0.429182,-0.082457,-0.070541,-0.069221,-0.098054,-0.274943,-0.312721,-0.117118,-0.449138,0.000001,0.065199,0.000927,0.255335,0.000002,0.041931,0.001327,0.204770,0.000000,0.000000,0.000000,1.193436,-0.705099,-0.000000,1.455833,-0.602519,-1.165099,3.140000,-0.200000,0.000000,0.000000,0.000000,0.000000,0.000000,0.000000
1778443213.110532,sequential_ik_elbow_then_wrist,0,0,-0.210695,0.079561,-0.198185,-0.432201,-0.082124,-0.076560,-0.068230,-0.097687,-0.275322,-0.304814,-0.117003,-0.458774,0.000001,0.064794,0.000771,0.254534,0.000000,0.038294,0.000548,0.195688,0.000000,0.000000,0.000000,1.196665,-0.708727,-0.000000,1.446882,-0.603172,-1.164329,3.140000,-0.200000,0.000000,0.000000,0.000000,0.000000,0.000000,0.000000
1778443213.176985,sequential_ik_elbow_then_wrist,0,0,-0.209395,0.079265,-0.199677,-0.433651,-0.080475,-0.080544,-0.067664,-0.096661,-0.275823,-0.297597,-0.116788,-0.467462,0.000001,0.063879,0.000587,0.252735,0.000001,0.035275,0.000603,0.187816,0.000000,0.000000,0.000000,1.199398,-0.712978,-0.000000,1.435411,-0.603950,-1.164612,3.140000,-0.200000,0.000000,0.000000,0.000000,0.000000,0.000000,0.000000
1778443213.240637,sequential_ik_elbow_then_wrist,0,0,-0.208292,0.079012,-0.200926,-0.432986,-0.081584,-0.083787,-0.066967,-0.095986,-0.276228,-0.291937,-0.118235,-0.473443,0.000001,0.064450,0.000511,0.253869,0.000000,0.032785,0.000401,0.181067,0.000000,0.000000,0.000000,1.201500,-0.717585,-0.000000,1.424541,-0.604680,-1.165663,3.140000,-0.200000,0.000000,0.000000,0.000000,0.000000,0.000000,0.000000
1778443213.307242,sequential_ik_elbow_then_wrist,0,0,-0.207929,0.079238,-0.201214,-0.433111,-0.081015,-0.084544,-0.067728,-0.095012,-0.276380,-0.293474,-0.118977,-0.472503,0.000000,0.064297,0.000248,0.253568,0.000001,0.032860,0.001146,0.181273,0.000000,0.000000,0.000000,1.202899,-0.721641,-0.000000,1.415389,-0.605853,-1.166897,3.140000,-0.200000,0.000000,0.000000,0.000000,0.000000,0.000000,0.000000
1778443213.378116,sequential_ik_elbow_then_wrist,0,0,-0.207589,0.079764,-0.201356,-0.433584,-0.079620,-0.085068,-0.068997,-0.094558,-0.276221,-0.295319,-0.119705,-0.471532,0.000000,0.064024,0.000338,0.253030,0.000004,0.032836,0.001925,0.181208,0.000000,0.000000,0.000000,1.203503,-0.724969,-0.000000,1.407739,-0.607791,-1.167691,3.140000,-0.200000,0.000000,0.000000,0.000000,0.000000,0.000000,0.000000
1778443213.416034,sequential_ik_elbow_then_wrist,0,0,-0.206750,0.080865,-0.201780,-0.433209,-0.077371,-0.084829,-0.071223,-0.094325,-0.275736,-0.303640,-0.120218,-0.463649,0.000001,0.063675,0.000734,0.252340,0.000010,0.035063,0.003068,0.187252,0.000000,0.000000,0.000000,1.202951,-0.727908,-0.000000,1.402384,-0.610938,-1.167513,3.140000,-0.200000,0.000000,0.000000,0.000000,0.000000,0.000000,0.000000
1778443213.473035,sequential_ik_elbow_then_wrist,0,0,-0.208355,0.081139,-0.200012,-0.428913,-0.077010,-0.072172,-0.073637,-0.091821,-0.275947,-0.309130,-0.119634,-0.459711,0.000001,0.062377,0.000538,0.249727,0.000027,0.036013,0.005103,0.189771,0.000000,0.000000,0.000000,1.202290,-0.728766,-0.000000,1.407101,-0.616128,-1.167577,3.140000,-0.200000,0.000000,0.000000,0.000000,0.000000,0.000000,0.000000
1778443213.540962,sequential_ik_elbow_then_wrist,0,0,-0.210946,0.082956,-0.196520,-0.421379,-0.077773,-0.055510,-0.077660,-0.090305,-0.275343,-0.331483,-0.107882,-0.434293,0.000003,0.061558,0.001244,0.248036,0.000056,0.047278,0.007268,0.217434,0.000000,0.000000,0.000000,1.201222,-0.726233,-0.000000,1.425175,-0.624081,-1.166804,3.140000,-0.200000,0.000000,0.000000,0.000000,0.000000,0.000000,0.000000
1778443213.594392,sequential_ik_elbow_then_wrist,0,0,-0.210388,0.083751,-0.196781,-0.419962,-0.077202,-0.054751,-0.082412,-0.084996,-0.275652,-0.340563,-0.095151,-0.428148,0.000001,0.061845,0.000594,0.248672,0.000133,0.051581,0.011225,0.227115,0.000000,0.000000,0.000000,1.199592,-0.723792,-0.000000,1.445258,-0.636309,-1.166719,3.140000,-0.200000,0.000000,0.000000,0.000000,0.000000,0.000000,0.000000
1778443213.662921,sequential_ik_elbow_then_wrist,0,0,-0.209757,0.083374,-0.197613,-0.417952,-0.077901,-0.053929,-0.082771,-0.084255,-0.275772,-0.338561,-0.096260,-0.432065,0.000000,0.062049,0.000280,0.249089,0.000094,0.047472,0.009429,0.217881,0.000000,0.000000,0.000000,1.198080,-0.722500,-0.000000,1.464997,-0.650781,-1.166852,3.140000,-0.200000,0.000000,0.000000,0.000000,0.000000,0.000000,0.000000
1778443213.714051,sequential_ik_elbow_then_wrist,0,0,-0.209185,0.082431,-0.198612,-0.416188,-0.081177,-0.055845,-0.082277,-0.082766,-0.276370,-0.335264,-0.094877,-0.437152,0.000000,0.063344,0.000407,0.251680,0.000066,0.044118,0.007921,0.210044,0.000000,0.000000,0.000000,1.197226,-0.722467,-0.000000,1.482700,-0.666089,-1.167867,3.140000,-0.200000,0.000000,0.000000,0.000000,0.000000,0.000000,0.000000
1778443213.794648,sequential_ik_elbow_then_wrist,0,0,-0.209204,0.081409,-0.199014,-0.414899,-0.083478,-0.055830,-0.082228,-0.081905,-0.276641,-0.334890,-0.094553,-0.437892,0.000000,0.063671,0.000535,0.252329,0.000047,0.042472,0.006699,0.206088,0.000000,0.000000,0.000000,1.197288,-0.722991,-0.000000,1.498296,-0.681341,-1.169229,3.140000,-0.200000,0.000000,0.000000,0.000000,0.000000,0.000000,0.000000
1778443213.841344,sequential_ik_elbow_then_wrist,0,0,-0.209795,0.081709,-0.198267,-0.415442,-0.084254,-0.056261,-0.082808,-0.080643,-0.276838,-0.335032,-0.094439,-0.438680,0.000000,0.064040,0.000258,0.253061,0.000042,0.041025,0.006336,0.202546,0.000000,0.000000,0.000000,1.197600,-0.722899,-0.000000,1.510126,-0.696334,-1.170701,3.140000,-0.200000,0.000000,0.000000,0.000000,0.000000,0.000000,0.000000
1778443213.919141,sequential_ik_elbow_then_wrist,0,0,-0.209699,0.082161,-0.198181,-0.414305,-0.084635,-0.055649,-0.080573,-0.080143,-0.277642,-0.318828,-0.096901,-0.459173,0.000000,0.064275,0.000134,0.253525,0.000017,0.032371,0.004049,0.179918,0.000000,0.000000,0.000000,1.197669,-0.722647,-0.000000,1.520092,-0.709859,-1.173148,3.140000,-0.200000,0.000000,0.000000,0.000000,0.000000,0.000000,0.000000
1778443213.968477,sequential_ik_elbow_then_wrist,0,0,-0.209671,0.082463,-0.198086,-0.414357,-0.083943,-0.055214,-0.079802,-0.080493,-0.277763,-0.313917,-0.097881,-0.464547,0.000000,0.064112,0.000178,0.253203,0.000007,0.029810,0.002585,0.172657,0.000000,0.000000,0.000000,1.197473,-0.722336,-0.000000,1.528145,-0.721493,-1.175482,3.140000,-0.200000,0.000000,0.000000,0.000000,0.000000,0.000000,0.000000
1778443214.023028,sequential_ik_elbow_then_wrist,0,0,-0.210256,0.082689,-0.197370,-0.415669,-0.082391,-0.054003,-0.080638,-0.082056,-0.277064,-0.318108,-0.097666,-0.459723,0.000000,0.063471,0.000239,0.251935,0.000003,0.030977,0.001727,0.176002,0.000000,0.000000,0.000000,1.197219,-0.721484,-0.000000,1.533708,-0.731226,-1.176219,3.140000,-0.200000,0.000000,0.000000,0.000000,0.000000,0.000000,0.000000
1778443214.096647,sequential_ik_elbow_then_wrist,0,0,-0.209432,0.084290,-0.197569,-0.414591,-0.078248,-0.050971,-0.081745,-0.081858,-0.276798,-0.320913,-0.096798,-0.457285,0.000001,0.061913,0.000788,0.248822,0.000005,0.031627,0.002099,0.177839,0.000000,0.000000,0.000000,1.195883,-0.720861,-0.000000,1.539648,-0.739737,-1.176119,3.140000,-0.200000,0.000000,0.000000,0.000000,0.000000,0.000000,0.000000
1778443214.140228,sequential_ik_elbow_then_wrist,0,0,-0.209272,0.086182,-0.196921,-0.413215,-0.074922,-0.047078,-0.087220,-0.083017,-0.274774,-0.337035,-0.095375,-0.440424,0.000002,0.061099,0.001115,0.247178,0.000021,0.036950,0.004274,0.192223,0.000000,0.000000,0.000000,1.193270,-0.719863,-0.000000,1.547339,-0.748460,-1.172754,3.140000,-0.200000,0.000000,0.000000,0.000000,0.000000,0.000000,0.000000
1778443214.202732,sequential_ik_elbow_then_wrist,0,0,-0.209169,0.087039,-0.196653,-0.412691,-0.073186,-0.045303,-0.088296,-0.084335,-0.274028,-0.339939,-0.094245,-0.437053,0.000001,0.061006,0.000822,0.246991,0.000011,0.037306,0.003139,0.193147,0.000000,0.000000,0.000000,1.190099,-0.718764,-0.000000,1.555572,-0.756821,-1.168285,3.140000,-0.200000,0.000000,0.000000,0.000000,0.000000,0.000000,0.000000
1778443214.273231,sequential_ik_elbow_then_wrist,0,0,-0.209496,0.087205,-0.196232,-0.413056,-0.073049,-0.044964,-0.088328,-0.085794,-0.273565,-0.339920,-0.093458,-0.436791,0.000000,0.061419,0.000386,0.247829,0.000003,0.036849,0.001640,0.191961,0.000000,0.000000,0.000000,1.187173,-0.717506,-0.000000,1.562658,-0.764087,-1.163732,3.140000,-0.200000,0.000000,0.000000,0.000000,0.000000,0.000000,0.000000
1778443214.323543,sequential_ik_elbow_then_wrist,0,0,-0.210848,0.084656,-0.195899,-0.412976,-0.076437,-0.043607,-0.085596,-0.085935,-0.274387,-0.329628,-0.098471,-0.448432,0.000002,0.061660,0.001064,0.248313,0.000000,0.031678,0.000500,0.177982,0.000000,0.000000,0.000000,1.186496,-0.716184,-0.000000,1.568734,-0.769411,-1.161246,3.140000,-0.200000,0.000000,0.000000,0.000000,0.000000,0.000000,0.000000
1778443214.375730,sequential_ik_elbow_then_wrist,0,0,-0.211705,0.081338,-0.196380,-0.412544,-0.078613,-0.041203,-0.085530,-0.086289,-0.274297,-0.331109,-0.098453,-0.446178,0.000005,0.060053,0.001871,0.245057,0.000000,0.032497,0.000500,0.180270,0.000000,0.000000,0.000000,1.188717,-0.715492,-0.000000,1.574176,-0.773173,-1.159442,3.140000,-0.200000,0.000000,0.000000,0.000000,0.000000,0.000000,0.000000
1778443214.445689,sequential_ik_elbow_then_wrist,0,0,-0.211494,0.081119,-0.196697,-0.411997,-0.079084,-0.041349,-0.084045,-0.084730,-0.275240,-0.326568,-0.101616,-0.451017,0.000001,0.059234,0.000846,0.243381,0.000001,0.030418,0.000647,0.174408,0.000000,0.000000,0.000000,1.191629,-0.715292,-0.000000,1.578468,-0.775835,-1.159541,3.140000,-0.200000,0.000000,0.000000,0.000000,0.000000,0.000000,0.000000
1778443214.509447,sequential_ik_elbow_then_wrist,0,0,-0.211487,0.081789,-0.196428,-0.411843,-0.078997,-0.041492,-0.082990,-0.084046,-0.275770,-0.324385,-0.102500,-0.452936,0.000000,0.059145,0.000104,0.243197,0.000001,0.029798,0.000646,0.172621,0.000000,0.000000,0.000000,1.193971,-0.714993,-0.000000,1.581620,-0.777591,-1.160777,3.140000,-0.200000,0.000000,0.000000,0.000000,0.000000,0.000000,0.000000
1778443214.565529,sequential_ik_elbow_then_wrist,0,0,-0.211558,0.082375,-0.196106,-0.412771,-0.080316,-0.044301,-0.083624,-0.083719,-0.275678,-0.326641,-0.102972,-0.450527,0.000000,0.060506,0.000212,0.245979,0.000000,0.030584,0.000162,0.174882,0.000000,0.000000,0.000000,1.195486,-0.714470,-0.000000,1.582327,-0.779011,-1.161838,3.140000,-0.200000,0.000000,0.000000,0.000000,0.000000,0.000000,0.000000
1778443214.625391,sequential_ik_elbow_then_wrist,0,0,-0.211503,0.082863,-0.195960,-0.417598,-0.080242,-0.051318,-0.084992,-0.082691,-0.275570,-0.327076,-0.104159,-0.451452,0.000000,0.062121,0.000283,0.249226,0.000002,0.029980,0.001455,0.173148,0.000000,0.000000,0.000000,1.196234,-0.713885,-0.000000,1.576178,-0.780895,-1.162510,3.140000,-0.200000,0.000000,0.000000,0.000000,0.000000,0.000000,0.000000
1778443214.684343,sequential_ik_elbow_then_wrist,0,0,-0.212141,0.082108,-0.195588,-0.418084,-0.081699,-0.051524,-0.082840,-0.081617,-0.276543,-0.319794,-0.106795,-0.458804,0.000000,0.062600,0.000304,0.250197,0.000001,0.026962,0.000782,0.164200,0.000000,0.000000,0.000000,1.197209,-0.713096,-0.000000,1.568544,-0.782627,-1.164518,3.140000,-0.200000,0.000000,0.000000,0.000000,0.000000,0.000000,0.000000
1778443214.750408,sequential_ik_elbow_then_wrist,0,0,-0.212765,0.080782,-0.195462,-0.419997,-0.081739,-0.051789,-0.079996,-0.078935,-0.278154,-0.313396,-0.110111,-0.464037,0.000001,0.061895,0.000728,0.248784,0.000003,0.024817,0.001151,0.157534,0.000000,0.000000,0.000000,1.199017,-0.712314,-0.000000,1.559811,-0.784132,-1.168995,3.140000,-0.200000,0.000000,0.000000,0.000000,0.000000,0.000000,0.000000
1778443214.814898,sequential_ik_elbow_then_wrist,0,0,-0.211735,0.081503,-0.196279,-0.418567,-0.080706,-0.051679,-0.079565,-0.078440,-0.278418,-0.310681,-0.109379,-0.467172,0.000000,0.061341,0.000266,0.247670,0.000000,0.024135,0.000525,0.155354,0.000000,0.000000,0.000000,1.200197,-0.712344,-0.000000,1.553231,-0.785445,-1.173508,3.140000,-0.200000,0.000000,0.000000,0.000000,0.000000,0.000000,0.000000
1778443214.865460,sequential_ik_elbow_then_wrist,0,0,-0.209673,0.081967,-0.198289,-0.420554,-0.076987,-0.055941,-0.078970,-0.077526,-0.278843,-0.305899,-0.109715,-0.472407,0.000001,0.060480,0.000863,0.245925,0.000000,0.022525,0.000574,0.150083,0.000000,0.000000,0.000000,1.200292,-0.714155,-0.000000,1.545834,-0.786673,-1.177900,3.140000,-0.200000,0.000000,0.000000,0.000000,0.000000,0.000000,0.000000
1778443214.925183,sequential_ik_elbow_then_wrist,0,0,-0.210007,0.082755,-0.197607,-0.422757,-0.073889,-0.055481,-0.078744,-0.077675,-0.278866,-0.305600,-0.108953,-0.472665,0.000000,0.059651,0.000497,0.244234,0.000000,0.022589,0.000177,0.150297,0.000000,0.000000,0.000000,1.199648,-0.715382,-0.000000,1.538101,-0.787682,-1.181495,3.140000,-0.200000,0.000000,0.000000,0.000000,0.000000,0.000000,0.000000
1778443215.005062,sequential_ik_elbow_then_wrist,0,0,-0.210873,0.084317,-0.196019,-0.424207,-0.072146,-0.054568,-0.076143,-0.077630,-0.279599,-0.296167,-0.107291,-0.481366,0.000001,0.059901,0.000845,0.244745,0.000002,0.020376,0.001426,0.142746,0.000000,0.000000,0.000000,1.198158,-0.714981,-0.000000,1.530446,-0.787775,-1.185530,3.140000,-0.200000,0.000000,0.000000,0.000000,0.000000,0.000000,0.000000
1778443215.048126,sequential_ik_elbow_then_wrist,0,0,-0.212908,0.084132,-0.193887,-0.423695,-0.071918,-0.048226,-0.076299,-0.078200,-0.279398,-0.297102,-0.106949,-0.480444,0.000001,0.059260,0.000761,0.243434,0.000002,0.020917,0.001333,0.144628,0.000000,0.000000,0.000000,1.197170,-0.712641,-0.000000,1.526094,-0.787178,-1.188552,3.140000,-0.200000,0.000000,0.000000,0.000000,0.000000,0.000000,0.000000
1778443215.116215,sequential_ik_elbow_then_wrist,0,0,-0.215825,0.084740,-0.190365,-0.420541,-0.070184,-0.035155,-0.078416,-0.078517,-0.278722,-0.307998,-0.107670,-0.469621,0.000003,0.056981,0.001247,0.238694,0.000000,0.024166,0.000430,0.155455,0.000000,0.000000,0.000000,1.196792,-0.707567,-0.000000,1.528880,-0.786700,-1.189697,3.140000,-0.200000,0.000000,0.000000,0.000000,0.000000,0.000000,0.000000
1778443215.170985,sequential_ik_elbow_then_wrist,0,0,-0.216160,0.085498,-0.189644,-0.421702,-0.067514,-0.033632,-0.079978,-0.080743,-0.277640,-0.312481,-0.107950,-0.465263,0.000001,0.056069,0.000511,0.236788,0.000001,0.025293,0.000865,0.159039,0.000000,0.000000,0.000000,1.196298,-0.702382,-0.000000,1.531915,-0.786122,-1.188521,3.140000,-0.200000,0.000000,0.000000,0.000000,0.000000,0.000000,0.000000
1778443215.222912,sequential_ik_elbow_then_wrist,0,0,-0.217085,0.085460,-0.188602,-0.421625,-0.068821,-0.032522,-0.079329,-0.080363,-0.277937,-0.310766,-0.106280,-0.467053,0.000000,0.056646,0.000431,0.238005,0.000000,0.025070,0.000487,0.158335,0.000000,0.000000,0.000000,1.196070,-0.697309,-0.000000,1.534562,-0.785429,-1.187644,3.140000,-0.200000,0.000000,0.000000,0.000000,0.000000,0.000000,0.000000
1778443215.301601,sequential_ik_elbow_then_wrist,0,0,-0.219595,0.085287,-0.185753,-0.426741,-0.067919,-0.032071,-0.079148,-0.080557,-0.277932,-0.310316,-0.105555,-0.467501,0.000002,0.056432,0.001040,0.237545,0.000000,0.025152,0.000604,0.158594,0.000000,0.000000,0.000000,1.196622,-0.690946,-0.000000,1.531899,-0.784588,-1.186974,3.140000,-0.200000,0.000000,0.000000,0.000000,0.000000,0.000000,0.000000
1778443215.353036,sequential_ik_elbow_then_wrist,0,0,-0.221872,0.085812,-0.182782,-0.432716,-0.067849,-0.034685,-0.078724,-0.081520,-0.277772,-0.307328,-0.106765,-0.470393,0.000003,0.057306,0.001119,0.239361,0.000002,0.024089,0.001274,0.155206,0.000000,0.000000,0.000000,1.197538,-0.683213,-0.000000,1.521455,-0.783284,-1.186205,3.140000,-0.200000,0.000000,0.000000,0.000000,0.000000,0.000000,0.000000
1778443215.439255,sequential_ik_elbow_then_wrist,0,0,-0.224075,0.085704,-0.180126,-0.437440,-0.067687,-0.035395,-0.078258,-0.081380,-0.277944,-0.305816,-0.105835,-0.471902,0.000003,0.057520,0.001110,0.239808,0.000002,0.024007,0.001209,0.154943,0.000000,0.000000,0.000000,1.198983,-0.674616,-0.000000,1.505322,-0.781664,-1.185844,3.140000,-0.200000,0.000000,0.000000,0.000000,0.000000,0.000000,0.000000
1778443215.478271,sequential_ik_elbow_then_wrist,0,0,-0.224575,0.085888,-0.179414,-0.438132,-0.068577,-0.036117,-0.078219,-0.081509,-0.277917,-0.306128,-0.102789,-0.471836,0.000000,0.058062,0.000469,0.240953,0.000001,0.024851,0.001064,0.157642,0.000000,0.000000,0.000000,1.200373,-0.666910,-0.000000,1.488577,-0.779878,-1.185575,3.140000,-0.200000,0.000000,0.000000,0.000000,0.000000,0.000000,0.000000
1778443215.523436,sequential_ik_elbow_then_wrist,0,0,-0.225182,0.086078,-0.178560,-0.439306,-0.068855,-0.036622,-0.078261,-0.081243,-0.277984,-0.306600,-0.101599,-0.471496,0.000000,0.058397,0.000353,0.241651,0.000000,0.025366,0.000682,0.159268,0.000000,0.000000,0.000000,1.201564,-0.660130,-0.000000,1.472667,-0.778165,-1.185479,3.140000,-0.200000,0.000000,0.000000,0.000000,0.000000,0.000000,0.000000
1778443215.595417,sequential_ik_elbow_then_wrist,0,0,-0.225400,0.085912,-0.178364,-0.439503,-0.069291,-0.036688,-0.078659,-0.080341,-0.278133,-0.308105,-0.102060,-0.470182,0.000000,0.058532,0.000179,0.241933,0.000000,0.025780,0.000213,0.160562,0.000000,0.000000,0.000000,1.202664,-0.654614,-0.000000,1.459010,-0.776961,-1.185675,3.140000,-0.200000,0.000000,0.000000,0.000000,0.000000,0.000000,0.000000
1778443215.643587,sequential_ik_elbow_then_wrist,0,0,-0.226311,0.086548,-0.176898,-0.439669,-0.069769,-0.035324,-0.079277,-0.079395,-0.278229,-0.310127,-0.101881,-0.468499,0.000000,0.058940,0.000450,0.242776,0.000001,0.026333,0.001042,0.162276,0.000000,0.000000,0.000000,1.203407,-0.649217,-0.000000,1.447916,-0.776584,-1.186047,3.140000,-0.200000,0.000000,0.000000,0.000000,0.000000,0.000000,0.000000
1778443215.713836,sequential_ik_elbow_then_wrist,0,0,-0.226995,0.086523,-0.176031,-0.438670,-0.072535,-0.034985,-0.081067,-0.080172,-0.277490,-0.321195,-0.101930,-0.455998,0.000000,0.060275,0.000356,0.245509,0.000003,0.030107,0.001485,0.173514,0.000000,0.000000,0.000000,1.204103,-0.644179,-0.000000,1.439642,-0.777041,-1.185174,3.140000,-0.200000,0.000000,0.000000,0.000000,0.000000,0.000000,0.000000
1778443215.772638,sequential_ik_elbow_then_wrist,0,0,-0.225176,0.083831,-0.179633,-0.435748,-0.077721,-0.039774,-0.083877,-0.080281,-0.276622,-0.328962,-0.102449,-0.448208,0.000003,0.061667,0.001195,0.248327,0.000008,0.032170,0.002730,0.179360,0.000000,0.000000,0.000000,1.205842,-0.642896,-0.000000,1.434659,-0.778805,-1.182864,3.140000,-0.200000,0.000000,0.000000,0.000000,0.000000,0.000000,0.000000
1778443215.846065,sequential_ik_elbow_then_wrist,0,0,-0.224647,0.084078,-0.180179,-0.432545,-0.079084,-0.038205,-0.092824,-0.081700,-0.273329,-0.340643,-0.103344,-0.441012,0.000000,0.061592,0.000390,0.248172,0.000050,0.033258,0.006522,0.182367,0.000000,0.000000,0.000000,1.207360,-0.642922,-0.000000,1.434782,-0.783627,-1.175733,3.140000,-0.200000,0.000000,0.000000,0.000000,0.000000,0.000000,0.000000
1778443215.902469,sequential_ik_elbow_then_wrist,0,0,-0.222776,0.085058,-0.182033,-0.427364,-0.078603,-0.035886,-0.085668,-0.081930,-0.275587,-0.324055,-0.106950,-0.455991,0.000001,0.061223,0.000831,0.247417,0.000002,0.026710,0.001133,0.163432,0.000000,0.000000,0.000000,1.207611,-0.644608,-0.000000,1.441871,-0.787750,-1.172432,3.140000,-0.200000,0.000000,0.000000,0.000000,0.000000,0.000000,0.000000
1778443215.957379,sequential_ik_elbow_then_wrist,0,0,-0.218629,0.085581,-0.186755,-0.429881,-0.076713,-0.048794,-0.077944,-0.082255,-0.277775,-0.300652,-0.105982,-0.477370,0.000007,0.062570,0.001804,0.250139,0.000020,0.020858,0.004099,0.144425,0.000000,0.000000,0.000000,1.206238,-0.649964,-0.000000,1.445006,-0.788825,-1.173941,3.140000,-0.200000,0.000000,0.000000,0.000000,0.000000,0.000000,0.000000
1778443216.022822,sequential_ik_elbow_then_wrist,0,0,-0.215655,0.086124,-0.189936,-0.422838,-0.075215,-0.044868,-0.070834,-0.077321,-0.281077,-0.289149,-0.102891,-0.485245,0.000005,0.061516,0.001641,0.248003,0.000033,0.019966,0.004976,0.141300,0.000000,0.000000,0.000000,1.203605,-0.657489,-0.000000,1.455380,-0.787463,-1.181625,3.140000,-0.200000,0.000000,0.000000,0.000000,0.000000,0.000000,0.000000
1778443216.070519,sequential_ik_elbow_then_wrist,0,0,-0.214247,0.086507,-0.191350,-0.414013,-0.076814,-0.038315,-0.072520,-0.074604,-0.281381,-0.293076,-0.108177,-0.481949,0.000002,0.061393,0.001048,0.247714,0.000002,0.020742,0.001261,0.144020,0.000000,0.000000,0.000000,1.200429,-0.665127,-0.000000,1.476600,-0.785935,-1.189443,3.140000,-0.200000,0.000000,0.000000,0.000000,0.000000,0.000000,0.000000
1778443216.131641,sequential_ik_elbow_then_wrist,0,0,-0.222184,0.084612,-0.182962,-0.381773,-0.091990,-0.000361,-0.068458,-0.072488,-0.282947,-0.289422,-0.116806,-0.480964,0.000015,0.060198,0.002764,0.244809,0.000008,0.019845,0.002372,0.140874,0.000000,0.000000,0.000000,1.200437,-0.664752,-0.000000,1.531889,-0.783836,-1.198694,3.140000,-0.200000,0.000000,0.000000,0.000000,0.000000,0.000000,0.000000
1778443216.190549,sequential_ik_elbow_then_wrist,0,0,-0.221603,0.095415,-0.178292,-0.361923,-0.082075,0.018704,-0.079344,-0.076782,-0.278943,-0.302517,-0.119297,-0.474866,0.000024,0.054852,0.003811,0.233839,0.000017,0.021203,0.003227,0.145614,0.000000,0.000000,0.000000,1.195045,-0.659459,-0.000000,1.605291,-0.783316,-1.199429,3.140000,-0.200000,0.000000,0.000000,0.000000,0.000000,0.000000,0.000000
1778443216.257443,sequential_ik_elbow_then_wrist,0,0,-0.202374,0.117374,-0.187798,-0.318842,-0.052940,0.029982,-0.068423,-0.077884,-0.281518,-0.291865,-0.122424,-0.476684,0.000226,0.044810,0.012422,0.210795,0.000031,0.019699,0.005341,0.140352,0.000000,0.000000,0.000000,1.171634,-0.661932,-0.000000,1.707575,-0.780408,-1.203072,3.140000,-0.200000,0.000000,0.000000,0.000000,0.000000,0.000000,0.000000
1778443216.316003,sequential_ik_elbow_then_wrist,0,0,-0.210504,0.106259,-0.185465,-0.298665,-0.062212,0.046581,-0.073039,-0.074831,-0.281186,-0.302607,-0.128056,-0.466835,0.000001,0.041384,0.000585,0.202980,0.000000,0.022683,0.000180,0.150610,0.000000,0.000000,0.000000,1.154692,-0.663203,-0.000000,1.817806,-0.778284,-1.205870,3.140000,-0.200000,0.000000,0.000000,0.000000,0.000000,0.000000,0.000000
1778443216.383265,sequential_ik_elbow_then_wrist,0,0,-0.262326,0.106334,-0.099389,-0.357427,-0.035306,0.147378,-0.082339,-0.059768,-0.282220,-0.341479,-0.091051,-0.430098,0.001248,0.032561,0.023882,0.178808,0.000221,0.044277,0.014555,0.210421,0.000000,0.000000,0.000000,1.156219,-0.603379,-0.000000,1.843353,-0.783407,-1.210544,3.140000,-0.200000,0.000000,0.000000,0.000000,0.000000,0.000000,0.000000
1778443216.440716,sequential_ik_elbow_then_wrist,0,0,-0.282486,0.088842,-0.048051,-0.385583,-0.032255,0.206325,-0.141688,-0.047497,-0.260132,-0.435764,-0.048012,-0.319455,0.000807,0.026075,0.019108,0.159244,0.002778,0.090191,0.050164,0.300318,0.000000,0.000000,0.000000,1.176376,-0.511194,-0.000000,1.798542,-0.815386,-1.187297,3.140000,-0.200000,0.000000,0.000000,0.000000,0.000000,0.000000,0.000000
1778443216.499122,sequential_ik_elbow_then_wrist,0,0,-0.272362,0.083101,-0.094411,-0.387647,-0.034148,0.156511,-0.142744,-0.041260,-0.260618,-0.429294,-0.047210,-0.349237,0.000121,0.024296,0.007369,0.155771,0.001657,0.058533,0.039098,0.241936,0.000000,0.000000,0.000000,1.197836,-0.459805,-0.000000,1.750982,-0.865768,-1.161977,3.140000,-0.200000,0.000000,0.000000,0.000000,0.000000,0.000000,0.000000
1778443216.560884,sequential_ik_elbow_then_wrist,0,0,-0.284486,0.070896,-0.063574,-0.411447,-0.033940,0.187205,-0.241338,-0.029394,-0.175761,-0.470840,0.030902,0.007797,0.000115,0.020058,0.007236,0.141130,0.005018,0.067887,0.058195,0.230011,0.000000,0.000000,0.000000,1.225137,-0.405308,-0.000000,1.686353,-0.959218,-1.063006,2.386400,0.093763,0.000000,0.000000,0.000000,0.000000,0.000000,0.000000
1778443216.614291,sequential_ik_elbow_then_wrist,1,0,-0.290744,0.062042,-0.040233,-0.421142,-0.039025,0.210331,-0.279553,-0.027912,-0.105218,-0.461049,0.028918,0.126794,0.000129,0.017790,0.007583,0.132938,0.002222,0.012698,0.033265,0.108454,0.000000,0.000000,0.000000,1.254854,-0.345722,-0.000000,1.611162,-1.066266,-0.916182,1.813664,0.390420,0.000000,0.000000,0.000000,0.000000,0.000000,0.000000
1778443216.683732,sequential_ik_elbow_then_wrist,1,0,-0.271815,0.089085,-0.090446,-0.405437,-0.022367,0.153938,-0.276606,0.001711,-0.116130,-0.437225,0.108849,0.113485,0.000335,0.021531,0.012321,0.146580,0.000366,0.016643,0.014114,0.128931,0.000000,0.000000,0.000000,1.260427,-0.328081,-0.000000,1.570147,-1.177061,-0.794898,1.378385,0.626597,0.000000,0.000000,0.000000,0.000000,0.000000,0.000000
1778443216.741832,sequential_ik_elbow_then_wrist,1,0,-0.267579,0.091637,-0.100021,-0.405490,-0.000276,0.150044,-0.264539,0.014588,-0.140734,-0.436690,0.115296,0.083369,0.000064,0.017597,0.005405,0.132564,0.000173,0.011305,0.009489,0.106326,0.000000,0.000000,0.000000,1.258076,-0.327210,-0.000000,1.550802,-1.277627,-0.717142,1.047572,0.806485,0.000000,0.000000,0.000000,0.000000,0.000000,0.000000
1778443216.801049,sequential_ik_elbow_then_wrist,1,0,-0.239452,0.115142,-0.139303,-0.365307,0.010019,0.111914,-0.234186,0.021656,-0.186247,-0.436646,0.147146,-0.003868,0.000450,0.021732,0.014791,0.146303,0.000474,0.015018,0.014849,0.122496,0.000000,0.000000,0.000000,1.234669,-0.355987,-0.000000,1.579529,-1.364181,-0.694883,0.796155,0.934677,0.000000,0.000000,0.000000,0.000000,0.000000,0.000000
1778443216.855355,sequential_ik_elbow_then_wrist,1,0,-0.233443,0.124158,-0.141737,-0.387930,0.023366,0.094853,-0.224988,0.024447,-0.196933,-0.439969,0.146753,-0.027156,0.000092,0.025773,0.007088,0.160539,0.000110,0.011792,0.007328,0.108590,0.000000,0.000000,0.000000,1.203833,-0.386237,-0.000000,1.603021,-1.435754,-0.694960,0.605078,1.031304,0.000000,0.000000,0.000000,0.000000,0.000000,0.000000
1778443216.920367,sequential_ik_elbow_then_wrist,1,0,-0.228442,0.131345,-0.143397,-0.416673,0.038138,0.070802,-0.223851,0.035120,-0.196615,-0.444723,0.159689,-0.036308,0.000041,0.031421,0.004840,0.177048,0.000055,0.010532,0.006196,0.102602,0.000000,0.000000,0.000000,1.170964,-0.412284,-0.000000,1.600142,-1.499098,-0.698691,0.459859,1.099426,0.000000,0.000000,0.000000,0.000000,0.000000,0.000000
1778443216.980855,sequential_ik_elbow_then_wrist,1,0,-0.230281,0.131026,-0.140723,-0.437076,0.066219,0.066727,-0.240323,0.028321,-0.177321,-0.446819,0.159218,-0.003467,0.000003,0.026845,0.001191,0.163479,0.000067,0.010958,0.005472,0.104677,0.000000,0.000000,0.000000,1.143771,-0.430874,-0.000000,1.571710,-1.545526,-0.687070,0.349493,1.152451,0.000000,0.000000,0.000000,0.000000,0.000000,0.000000
1778443217.042567,sequential_ik_elbow_then_wrist,1,0,-0.096169,0.132018,-0.251640,-0.294623,0.094028,-0.473390,-0.097204,-0.036826,-0.281416,-0.316471,-0.039437,-0.486149,0.004677,0.032396,0.052031,0.159844,0.005177,0.030485,0.054591,0.135971,0.000000,0.000000,0.000000,1.077039,-0.541037,-0.753600,1.351521,-1.550511,-0.786567,1.019215,0.929879,0.000000,0.000000,0.000000,0.000000,0.000000,0.000000
1778443217.097788,sequential_ik_elbow_then_wrist,1,0,-0.078571,0.117379,-0.264668,-0.234434,0.084970,-0.518944,-0.074668,-0.068321,-0.282413,-0.273160,-0.082925,-0.506885,0.001175,0.014288,0.029284,0.115732,0.003958,0.006937,0.060024,0.071625,0.000000,0.000000,0.000000,1.004783,-0.661701,-1.326336,1.112411,-1.525898,-0.897423,1.528203,0.658708,0.000000,0.000000,0.000000,0.000000,0.000000,0.000000
1778443217.160411,sequential_ik_elbow_then_wrist,1,0,-0.070586,0.113682,-0.268503,-0.216767,0.078255,-0.528072,-0.062314,-0.067366,-0.285620,-0.250784,-0.074407,-0.518921,0.000540,0.013738,0.021744,0.116838,0.002973,0.004053,0.053634,0.063664,0.000000,0.000000,0.000000,0.935287,-0.766539,-1.761615,0.908351,-1.487578,-0.994776,1.915034,0.452618,0.000000,0.000000,0.000000,0.000000,0.000000,0.000000
1778443217.219108,sequential_ik_elbow_then_wrist,1,0,-0.073147,0.112071,-0.268495,-0.212056,0.059614,-0.529172,-0.066262,-0.071382,-0.283750,-0.250165,-0.071796,-0.520772,0.000195,0.017507,0.013457,0.132297,0.002618,0.002743,0.050607,0.052374,0.000000,0.000000,0.000000,0.873735,-0.848509,-2.092428,0.758219,-1.440602,-1.066247,2.209026,0.295990,0.000000,0.000000,0.000000,0.000000,0.000000,0.000000
1778443217.288413,sequential_ik_elbow_then_wrist,1,0,-0.082676,0.108983,-0.266997,-0.215920,0.064051,-0.532001,-0.054644,-0.068826,-0.286840,-0.215148,-0.060763,-0.540165,0.000011,0.017654,0.003060,0.132866,0.002207,0.000805,0.046472,0.028367,0.000000,0.000000,0.000000,0.825007,-0.908838,-2.343845,0.645623,-1.389159,-1.125523,2.432460,0.176952,0.000000,0.000000,0.000000,0.000000,0.000000,0.000000
1778443217.360776,sequential_ik_elbow_then_wrist,0,0,-0.103398,0.105052,-0.261291,-0.293110,0.046216,-0.486119,-0.070621,-0.068770,-0.283343,-0.259984,-0.063195,-0.515960,0.000150,0.041660,0.011385,0.203905,0.001356,0.004073,0.036176,0.063818,0.000000,0.000000,0.000000,0.795673,-0.947075,-2.534922,0.538230,-1.336764,-1.160697,2.602269,0.086484,0.000000,0.000000,0.000000,0.000000,0.000000,0.000000
1778443221.819694,sequential_ik_elbow_then_wrist,0,0,-0.027349,-0.151038,-0.257759,-0.269260,-0.325241,-0.291410,-0.046402,-0.286013,-0.077738,-0.298706,-0.423520,-0.163964,0.024429,0.267703,0.143907,0.517342,0.034846,0.022796,0.167348,0.150983,0.000000,0.000000,0.000000,0.791101,-1.121434,-2.680141,0.475211,-1.164809,-1.039302,2.731325,0.017728,0.000000,0.000000,0.000000,0.000000,0.000000,0.000000
1778443221.881911,sequential_ik_elbow_then_wrist,0,0,-0.024776,-0.114975,-0.275984,-0.041615,-0.291401,-0.033930,-0.060529,-0.283576,-0.076946,-0.320647,-0.354440,0.054648,0.009147,0.335705,0.094657,0.577445,0.003700,0.098552,0.044136,0.313931,0.000000,0.000000,0.000000,0.767666,-1.279962,-2.036907,0.313160,-0.963268,-0.875810,2.829407,-0.034527,0.000000,0.000000,0.000000,0.000000,0.000000,0.000000
1778443221.932787,sequential_ik_elbow_then_wrist,0,0,0.006116,-0.070779,-0.291467,0.080847,-0.281873,-0.091830,-0.078752,-0.258795,-0.129704,-0.275422,-0.392235,0.053366,0.001474,0.248752,0.038160,0.498750,0.000094,0.093002,0.006535,0.304962,0.000000,0.000000,0.000000,0.739894,-1.398592,-1.548049,0.190002,-0.805041,-0.768035,2.903949,-0.074241,0.000000,0.000000,0.000000,0.000000,0.000000,0.000000
1778443222.001958,sequential_ik_elbow_then_wrist,0,0,-0.087277,-0.097275,-0.270038,0.014611,-0.315797,-0.091525,-0.108549,-0.242804,-0.138792,-0.355536,-0.366661,-0.021930,0.016561,0.278817,0.128128,0.528031,0.000185,0.081196,0.010081,0.284949,0.000000,0.000000,0.000000,0.693766,-1.474404,-1.176518,0.096401,-0.704248,-0.696285,2.960601,-0.104423,0.000000,0.000000,0.000000,0.000000,0.000000,0.000000
1778443222.160254,sequential_ik_elbow_then_wrist,0,0,-0.111488,0.102471,-0.258979,-0.260569,-0.142612,-0.171177,0.146466,0.027941,-0.260321,0.069736,-0.075228,-0.531372,0.006119,0.277006,0.059983,0.526255,0.040727,0.010624,0.177852,0.099653,0.000000,0.000000,0.000000,0.667256,-1.411832,-1.647753,0.044178,-0.541699,-0.853892,3.003657,-0.064171,0.000000,0.000000,0.000000,0.000000,0.000000,0.000000
1778443222.194462,sequential_ik_elbow_then_wrist,0,0,-0.117332,0.120219,-0.248557,-0.348201,-0.071085,-0.258667,0.089417,0.026139,-0.285169,0.014969,0.018132,-0.575675,0.001091,0.192987,0.027102,0.439302,0.009234,0.000810,0.093171,0.028376,0.000000,0.000000,0.000000,0.661872,-1.321453,-2.005893,0.006256,-0.410850,-1.029634,3.036379,-0.038962,0.000000,0.000000,0.000000,0.000000,0.000000,0.000000
1778443222.238027,sequential_ik_elbow_then_wrist,0,0,-0.095594,0.106956,-0.263481,-0.274757,-0.030001,-0.461327,0.045267,0.013935,-0.296238,-0.056366,0.039152,-0.577369,0.000093,0.069368,0.008797,0.260539,0.002068,0.003638,0.045404,0.060305,0.000000,0.000000,0.000000,0.663970,-1.259782,-2.278078,0.070005,-0.313156,-1.169052,3.061248,-0.016779,0.000000,0.000000,0.000000,0.000000,0.000000,0.000000
1778443222.307310,sequential_ik_elbow_then_wrist,0,0,-0.094828,0.096323,-0.267824,-0.289100,0.017251,-0.482314,0.023707,-0.017381,-0.298556,-0.089994,0.015275,-0.574248,0.000135,0.049831,0.010783,0.223167,0.000667,0.008751,0.024711,0.093374,0.000000,0.000000,0.000000,0.672677,-1.220393,-2.484940,0.105974,-0.238633,-1.256972,3.080149,0.013690,0.000000,0.000000,0.000000,0.000000,0.000000,0.000000
1778443222.363086,sequential_ik_elbow_then_wrist,1,0,-0.095158,0.116528,-0.259550,-0.238411,0.053357,-0.515456,-0.001041,-0.020662,-0.299286,-0.140634,0.022918,-0.561230,0.000030,0.023990,0.003801,0.154660,0.000013,0.021120,0.002502,0.145115,0.000000,0.000000,0.000000,0.678144,-1.181177,-2.642154,0.153356,-0.182059,-1.317586,3.094513,0.055722,0.000000,0.000000,0.000000,0.000000,0.000000,0.000000
1778443222.419445,sequential_ik_elbow_then_wrist,0,0,-0.097203,0.106390,-0.263121,-0.241587,0.064114,-0.522671,-0.044165,-0.022712,-0.295861,-0.236221,0.056520,-0.512279,0.000024,0.021117,0.004593,0.145300,0.001929,0.062281,0.043873,0.249097,0.000000,0.000000,0.000000,0.685553,-1.153779,-2.761637,0.184079,-0.142862,-1.360470,3.105430,0.124178,0.000000,0.000000,0.000000,0.000000,0.000000,0.000000
1778443222.493963,sequential_ik_elbow_then_wrist,0,0,-0.098104,0.087423,-0.269690,-0.263523,0.033060,-0.513988,-0.055975,-0.017825,-0.294192,-0.276940,0.040564,-0.488525,0.000207,0.031443,0.013350,0.177200,0.003082,0.088229,0.055479,0.297032,0.000000,0.000000,0.000000,0.699748,-1.142717,-2.852444,0.191673,-0.117897,-1.394529,3.113727,0.174586,0.000000,0.000000,0.000000,0.000000,0.000000,0.000000
1778443223.572051,sequential_ik_elbow_then_wrist,0,0,-0.059776,0.122796,-0.267111,-0.224575,0.129409,-0.517705,-0.042496,-0.097114,-0.280647,-0.208664,-0.110102,-0.530086,0.000904,0.010396,0.029044,0.101267,0.002051,0.043386,0.039985,0.207626,0.000000,0.000000,0.000000,0.691896,-1.134703,-2.921458,0.168979,-0.108153,-1.370228,3.120032,0.172960,0.000000,0.000000,0.000000,0.000000,0.000000,0.000000
1778443223.628777,sequential_ik_elbow_then_wrist,0,0,-0.060890,0.120460,-0.267921,-0.282902,0.119176,-0.469686,-0.042499,-0.104338,-0.278042,-0.239343,-0.124069,-0.503571,0.000415,0.030735,0.019690,0.174767,0.000955,0.054258,0.029598,0.232916,0.000000,0.000000,0.000000,0.673278,-1.128647,-2.973908,0.118532,-0.113160,-1.334366,3.124825,0.164789,0.000000,0.000000,0.000000,0.000000,0.000000,0.000000
1778443225.798667,sequential_ik_elbow_then_wrist,0,0,-0.092037,0.096131,-0.268865,-0.313815,0.080195,-0.470261,-0.036506,-0.122891,-0.271229,-0.241087,-0.146987,-0.489325,0.000230,0.044420,0.014657,0.210738,0.000349,0.051409,0.017048,0.226736,0.000000,0.000000,0.000000,0.668489,-1.124916,-3.013770,0.072763,-0.125534,-1.290847,3.128467,0.157967,0.000000,0.000000,0.000000,0.000000,0.000000,0.000000
1778443225.852960,sequential_ik_elbow_then_wrist,0,0,-0.095789,0.094478,-0.268139,-0.318615,0.076334,-0.468187,-0.045666,-0.130582,-0.266201,-0.245706,-0.158870,-0.487975,0.000203,0.042845,0.013745,0.206976,0.000362,0.047629,0.017943,0.218239,0.000000,0.000000,0.000000,0.673661,-1.121204,-3.044065,0.031935,-0.145815,-1.247161,3.131235,0.153826,0.000000,0.000000,0.000000,0.000000,0.000000,0.000000
1778443225.928860,sequential_ik_elbow_then_wrist,0,0,-0.089193,0.094938,-0.270243,-0.302372,0.077568,-0.480607,-0.039860,-0.130076,-0.267379,-0.236394,-0.156489,-0.492494,0.000043,0.035359,0.006280,0.188037,0.000081,0.041625,0.008690,0.204018,0.000000,0.000000,0.000000,0.681523,-1.120740,-3.067089,0.003756,-0.166880,-1.212541,3.133338,0.153994,0.000000,0.000000,0.000000,0.000000,0.000000,0.000000
1778443225.980018,sequential_ik_elbow_then_wrist,0,0,-0.085351,0.097043,-0.270735,-0.306249,0.079949,-0.473003,-0.040993,-0.129100,-0.267680,-0.238518,-0.160119,-0.491336,0.000003,0.035958,0.001509,0.189605,0.000057,0.040298,0.007304,0.200734,0.000000,0.000000,0.000000,0.688399,-1.121532,-3.084588,-0.024386,-0.187672,-1.186262,3.134937,0.149522,0.000000,0.000000,0.000000,0.000000,0.000000,0.000000
1778443226.044871,sequential_ik_elbow_then_wrist,0,0,-0.080263,0.096981,-0.272309,-0.303493,0.083920,-0.472305,-0.040825,-0.129210,-0.267653,-0.231915,-0.163927,-0.496300,0.000005,0.034704,0.002029,0.186272,0.000029,0.035677,0.005195,0.188880,0.000000,0.000000,0.000000,0.692534,-1.124684,-3.097887,-0.052288,-0.206876,-1.166191,3.136152,0.142993,0.000000,0.000000,0.000000,0.000000,0.000000,0.000000
1778443226.095026,sequential_ik_elbow_then_wrist,0,0,-0.091472,0.095894,-0.269141,-0.358057,0.055839,-0.400777,-0.042720,-0.132952,-0.265516,-0.220065,-0.170697,-0.504522,0.000038,0.066862,0.005732,0.258508,0.000023,0.029151,0.004477,0.170735,0.000000,0.000000,0.000000,0.699120,-1.123195,-3.107994,-0.087739,-0.224382,-1.148019,3.137076,0.140129,0.000000,0.000000,0.000000,0.000000,0.000000,0.000000
1778443226.165990,sequential_ik_elbow_then_wrist,0,0,-0.109368,0.099436,-0.261058,-0.403280,0.040120,-0.270942,-0.045513,-0.125368,-0.268722,-0.213544,-0.179465,-0.511290,0.000190,0.121426,0.012497,0.348462,0.000052,0.024333,0.006820,0.155938,0.000000,0.000000,0.000000,0.712181,-1.110755,-3.115675,-0.114682,-0.242075,-1.137954,3.137778,0.128259,0.000000,0.000000,0.000000,0.000000,0.000000,0.000000
1778443226.223741,sequential_ik_elbow_then_wrist,0,0,-0.154784,0.094985,-0.238788,-0.421357,-0.006542,-0.145885,-0.048263,-0.115171,-0.272775,-0.217211,-0.167245,-0.515149,0.001205,0.178768,0.031261,0.422809,0.000107,0.024812,0.009650,0.157483,0.000000,0.000000,0.000000,0.747216,-1.075235,-3.121513,-0.135158,-0.261260,-1.137094,3.138311,0.111242,0.000000,0.000000,0.000000,0.000000,0.000000,0.000000
1778443226.308747,sequential_ik_elbow_then_wrist,0,0,-0.172786,0.097518,-0.225023,-0.411501,-0.018903,-0.085518,-0.053949,-0.113309,-0.272489,-0.224069,-0.159797,-0.515179,0.000671,0.186469,0.022680,0.431821,0.000146,0.025528,0.011703,0.159766,0.000000,0.000000,0.000000,0.795915,-1.027937,-3.125950,-0.150720,-0.282808,-1.137706,3.138716,0.094385,0.000000,0.000000,0.000000,0.000000,0.000000,0.000000
1778443226.345271,sequential_ik_elbow_then_wrist,0,0,-0.176095,0.095261,-0.223418,-0.410061,-0.024292,-0.078617,-0.056194,-0.117859,-0.270095,-0.226401,-0.165357,-0.512528,0.000217,0.175186,0.013122,0.418552,0.000094,0.023824,0.009290,0.154347,0.000000,0.000000,0.000000,0.847477,-0.985276,-3.129322,-0.162547,-0.304794,-1.134851,3.139024,0.079140,0.000000,0.000000,0.000000,0.000000,0.000000,0.000000
1778443226.427186,sequential_ik_elbow_then_wrist,0,0,-0.186047,0.088383,-0.218117,-0.440104,-0.025273,-0.106146,-0.058504,-0.119022,-0.269093,-0.227147,-0.172385,-0.511399,0.000189,0.143571,0.012133,0.378908,0.000072,0.021538,0.008163,0.146752,0.000000,0.000000,0.000000,0.900815,-0.946433,-3.131885,-0.171536,-0.326595,-1.130460,3.139259,0.064075,0.000000,0.000000,0.000000,0.000000,0.000000,0.000000
1778443226.466267,sequential_ik_elbow_then_wrist,0,0,-0.188142,0.093575,-0.214117,-0.418967,-0.028547,-0.066449,-0.060993,-0.109914,-0.272394,-0.229642,-0.161253,-0.515133,0.000029,0.159176,0.004437,0.398968,0.000124,0.021522,0.010676,0.146696,0.000000,0.000000,0.000000,0.946304,-0.911644,-3.133832,-0.178367,-0.349605,-1.131476,3.139436,0.049165,0.000000,0.000000,0.000000,0.000000,0.000000,0.000000
1778443226.512601,sequential_ik_elbow_then_wrist,0,0,-0.190893,0.094152,-0.211413,-0.406143,-0.029543,-0.042987,-0.060241,-0.112630,-0.271451,-0.229603,-0.164290,-0.513624,0.000010,0.105594,0.002586,0.308237,0.000047,0.019960,0.006640,0.141271,0.000000,0.000000,0.000000,0.983718,-0.881610,-2.381713,0.063343,-0.371103,-1.131682,3.139572,0.034351,0.000000,0.000000,0.000000,0.000000,0.000000,0.000000
1778443226.576718,sequential_ik_elbow_then_wrist,0,0,-0.189339,0.095027,-0.212416,-0.421146,-0.021942,-0.062137,-0.063068,-0.113636,-0.270387,-0.232517,-0.169417,-0.511583,0.000000,0.057263,0.000341,0.234490,0.000047,0.018819,0.006614,0.137175,0.000000,0.000000,0.000000,1.012593,-0.858828,-1.810102,0.361565,-0.391481,-1.130177,3.139675,0.019369,0.000000,0.000000,0.000000,0.000000,0.000000,0.000000
1778443226.649482,sequential_ik_elbow_then_wrist,0,0,-0.189509,0.097740,-0.211029,-0.420189,-0.026512,-0.064920,-0.062892,-0.115115,-0.269802,-0.233497,-0.167930,-0.510851,0.000002,0.055050,0.001031,0.234050,0.000020,0.018488,0.004333,0.135971,0.000000,0.000000,0.000000,1.033328,-0.840317,-1.375677,0.627688,-0.409653,-1.127758,3.139753,0.008457,0.000000,0.000000,0.000000,0.000000,0.000000,0.000000
1778443226.715857,sequential_ik_elbow_then_wrist,0,0,-0.189825,0.095570,-0.211738,-0.425766,-0.028644,-0.074251,-0.064002,-0.117796,-0.268380,-0.236425,-0.169250,-0.508427,0.000000,0.056258,0.000548,0.237173,0.000011,0.018508,0.003136,0.136045,0.000000,0.000000,0.000000,1.049779,-0.826590,-1.045515,0.836257,-0.425387,-1.123618,3.139812,0.001068,0.000000,0.000000,0.000000,0.000000,0.000000,0.000000
1778443226.774852,sequential_ik_elbow_then_wrist,0,0,-0.189334,0.095211,-0.212338,-0.436467,-0.021659,-0.088778,-0.068185,-0.122857,-0.265060,-0.251638,-0.177845,-0.495974,0.000000,0.055119,0.000369,0.234719,0.000019,0.020690,0.003684,0.143826,0.000000,0.000000,0.000000,1.062664,-0.816759,-0.794591,0.982669,-0.439467,-1.115471,3.139857,-0.009628,0.000000,0.000000,0.000000,0.000000,0.000000,0.000000
1778443226.836253,sequential_ik_elbow_then_wrist,0,0,-0.159389,0.106712,-0.230668,-0.439436,0.038588,-0.313933,-0.061330,-0.128518,-0.264048,-0.242334,-0.180670,-0.497539,0.000273,0.096036,0.013678,0.290997,0.000019,0.018939,0.004027,0.137603,0.000000,0.000000,0.000000,1.058278,-0.826510,-1.357489,0.838183,-0.447461,-1.106825,3.139891,-0.012809,0.000000,0.000000,0.000000,0.000000,0.000000,0.000000
1778443226.890447,sequential_ik_elbow_then_wrist,0,0,-0.150738,0.105702,-0.236865,-0.421492,0.056969,-0.356521,-0.059195,-0.133912,-0.261846,-0.242231,-0.180716,-0.494886,0.000119,0.042132,0.009352,0.199098,0.000040,0.020412,0.005907,0.142839,0.000000,0.000000,0.000000,1.045773,-0.843824,-1.785292,0.608568,-0.449421,-1.096911,3.139917,-0.008181,0.000000,0.000000,0.000000,0.000000,0.000000,0.000000
1778443226.948321,sequential_ik_elbow_then_wrist,1,0,-0.139101,0.106969,-0.243328,-0.397109,0.074800,-0.392985,-0.053487,-0.137032,-0.261460,-0.240434,-0.176793,-0.492696,0.000125,0.030257,0.009825,0.173754,0.000079,0.022791,0.008511,0.150932,0.000000,0.000000,0.000000,1.027145,-0.865931,-2.110422,0.414512,-0.444743,-1.088219,3.139937,0.003081,0.000000,0.000000,0.000000,0.000000,0.000000,0.000000
1778443227.019158,sequential_ik_elbow_then_wrist,1,0,-0.117395,0.109559,-0.253407,-0.344074,0.098642,-0.449615,-0.052084,-0.135488,-0.262546,-0.242010,-0.169544,-0.492259,0.000309,0.019130,0.015714,0.138204,0.000044,0.025942,0.006364,0.161048,0.000000,0.000000,0.000000,0.999813,-0.896200,-2.357521,0.280124,-0.436595,-1.082647,3.139952,0.017399,0.000000,0.000000,0.000000,0.000000,0.000000,0.000000
1778443227.060293,sequential_ik_elbow_then_wrist,1,0,-0.102069,0.109379,-0.260035,-0.317949,0.104102,-0.468285,-0.047734,-0.132591,-0.264842,-0.236540,-0.166639,-0.495477,0.000330,0.018031,0.016728,0.134250,0.000049,0.026241,0.006606,0.161989,0.000000,0.000000,0.000000,0.966207,-0.930317,-2.545316,0.184601,-0.425828,-1.081626,3.139964,0.030564,0.000000,0.000000,0.000000,0.000000,0.000000,0.000000
1778443227.130554,sequential_ik_elbow_then_wrist,1,0,-0.093463,0.108773,-0.263502,-0.304881,0.106414,-0.476332,-0.047745,-0.130920,-0.265670,-0.233041,-0.163943,-0.499282,0.000258,0.018928,0.015141,0.137577,0.000020,0.026349,0.004235,0.162320,0.000000,0.000000,0.000000,0.929751,-0.963091,-2.688040,0.113887,-0.414767,-1.082618,3.139972,0.043023,0.000000,0.000000,0.000000,0.000000,0.000000,0.000000
1778443227.181145,sequential_ik_elbow_then_wrist,1,0,-0.076511,0.109343,-0.268682,-0.287481,0.106046,-0.481945,-0.049419,-0.129677,-0.265973,-0.233434,-0.162576,-0.500614,0.000444,0.020349,0.020006,0.142649,0.000003,0.026907,0.001583,0.164033,0.000000,0.000000,0.000000,0.888827,-0.996956,-2.796510,0.059910,-0.405301,-1.084143,3.139979,0.053459,0.000000,0.000000,0.000000,0.000000,0.000000,0.000000
1778443227.252533,sequential_ik_elbow_then_wrist,1,0,-0.079143,0.107851,-0.268523,-0.306252,0.097683,-0.464273,-0.049010,-0.127046,-0.267315,-0.235361,-0.160661,-0.500002,0.000165,0.030370,0.012403,0.174224,0.000002,0.027972,0.001018,0.167245,0.000000,0.000000,0.000000,0.849714,-1.023906,-2.878948,0.009284,-0.397635,-1.087281,3.139984,0.059266,0.000000,0.000000,0.000000,0.000000,0.000000,0.000000
1778443227.318969,sequential_ik_elbow_then_wrist,0,0,-0.086292,0.104764,-0.267541,-0.320157,0.086235,-0.454527,-0.048574,-0.126911,-0.267459,-0.233148,-0.161648,-0.501394,0.000015,0.038684,0.003695,0.196677,0.000001,0.027253,0.000810,0.165085,0.000000,0.000000,0.000000,0.817608,-1.042954,-2.941600,-0.033108,-0.391297,-1.090313,3.139988,0.062575,0.000000,0.000000,0.000000,0.000000,0.000000,0.000000
1778443227.383361,sequential_ik_elbow_then_wrist,1,0,-0.066044,0.110229,-0.271086,-0.283276,0.098955,-0.477685,-0.041993,-0.124518,-0.269689,-0.223673,-0.162602,-0.505362,0.000314,0.029132,0.017013,0.170607,0.000025,0.025112,0.004626,0.158467,0.000000,0.000000,0.000000,0.782616,-1.062800,-2.989216,-0.053203,-0.383608,-1.095905,3.139991,0.063382,0.000000,0.000000,0.000000,0.000000,0.000000,0.000000
1778443227.439042,sequential_ik_elbow_then_wrist,0,0,-0.092310,0.102593,-0.266371,-0.332941,0.080971,-0.444218,-0.042791,-0.122860,-0.270323,-0.220201,-0.162319,-0.509004,0.000052,0.048140,0.006524,0.219349,0.000007,0.024383,0.002414,0.156150,0.000000,0.000000,0.000000,0.759984,-1.071892,-3.025404,-0.080709,-0.376294,-1.101766,3.139993,0.063435,0.000000,0.000000,0.000000,0.000000,0.000000,0.000000
1778443227.500799,sequential_ik_elbow_then_wrist,0,0,-0.084283,0.101991,-0.269247,-0.318243,0.078494,-0.455555,-0.039674,-0.125777,-0.269455,-0.219204,-0.165900,-0.506434,0.000002,0.043630,0.000944,0.208872,0.000023,0.024737,0.004672,0.157279,0.000000,0.000000,0.000000,0.742929,-1.081276,-3.052907,-0.098063,-0.367801,-1.105407,3.139995,0.063200,0.000000,0.000000,0.000000,0.000000,0.000000,0.000000
1778443229.907213,sequential_ik_elbow_then_wrist,0,0,-0.097462,0.106214,-0.263097,-0.292945,0.080720,-0.489230,-0.046677,-0.109211,-0.275489,-0.247867,-0.121596,-0.497681,0.000051,0.032117,0.006171,0.178686,0.000059,0.040126,0.006632,0.200310,0.000000,0.000000,0.000000,0.733695,-1.080813,-3.073810,-0.078296,-0.364750,-1.116934,3.139996,0.066037,0.000000,0.000000,0.000000,0.000000,0.000000,0.000000
1778443229.973778,sequential_ik_elbow_then_wrist,0,0,-0.089059,0.105870,-0.266196,-0.288446,0.080038,-0.488856,-0.049073,-0.108885,-0.275202,-0.253221,-0.117650,-0.494853,0.000002,0.031048,0.000975,0.176174,0.000044,0.041748,0.006396,0.204319,0.000000,0.000000,0.000000,0.726333,-1.082711,-3.089695,-0.055342,-0.366023,-1.127273,3.139997,0.065212,0.000000,0.000000,0.000000,0.000000,0.000000,0.000000
1778443230.030266,sequential_ik_elbow_then_wrist,0,0,-0.091165,0.104759,-0.265922,-0.290801,0.078896,-0.488356,-0.049900,-0.107135,-0.275739,-0.254758,-0.114732,-0.494772,0.000002,0.031561,0.001308,0.177655,0.000040,0.041611,0.006123,0.203982,0.000000,0.000000,0.000000,0.721624,-1.084306,-3.101768,-0.036820,-0.370379,-1.136321,3.139998,0.061382,0.000000,0.000000,0.000000,0.000000,0.000000,0.000000
1778443230.085513,sequential_ik_elbow_then_wrist,0,0,-0.089479,0.103777,-0.266878,-0.289158,0.076842,-0.489145,-0.049113,-0.106310,-0.276199,-0.253371,-0.112899,-0.495824,0.000001,0.031518,0.000683,0.177533,0.000021,0.040480,0.004502,0.201195,0.000000,0.000000,0.000000,0.718367,-1.086833,-3.110944,-0.022779,-0.376151,-1.144145,3.139998,0.056425,0.000000,0.000000,0.000000,0.000000,0.000000,0.000000
1778443230.139238,sequential_ik_elbow_then_wrist,0,0,-0.083727,0.104341,-0.268519,-0.284171,0.076579,-0.489995,-0.048070,-0.105481,-0.276700,-0.251648,-0.111523,-0.496972,0.000012,0.031145,0.003258,0.176479,0.000010,0.039453,0.003069,0.198627,0.000000,0.000000,0.000000,0.713848,-1.091322,-3.117917,-0.012885,-0.382188,-1.151073,3.139999,0.051188,0.000000,0.000000,0.000000,0.000000,0.000000,0.000000
1778443230.205869,sequential_ik_elbow_then_wrist,0,0,-0.081669,0.105945,-0.268526,-0.275605,0.083320,-0.496290,-0.047019,-0.105289,-0.276954,-0.251394,-0.113510,-0.496415,0.000019,0.027977,0.004214,0.167262,0.000003,0.038744,0.001728,0.196831,0.000000,0.000000,0.000000,0.707690,-1.095350,-3.123217,-0.003363,-0.387697,-1.156950,3.139999,0.044032,0.000000,0.000000,0.000000,0.000000,0.000000,0.000000
1778443230.268375,sequential_ik_elbow_then_wrist,0,0,-0.070686,0.108481,-0.270620,-0.241806,0.092908,-0.516538,-0.045168,-0.106411,-0.276833,-0.247029,-0.114106,-0.498628,0.000125,0.019390,0.010756,0.139163,0.000000,0.037033,0.000343,0.192439,0.000000,0.000000,0.000000,0.696286,-1.101756,-3.127245,0.015657,-0.391700,-1.161355,3.139999,0.039166,0.000000,0.000000,0.000000,0.000000,0.000000,0.000000
1778443230.328438,sequential_ik_elbow_then_wrist,0,0,-0.069246,0.109115,-0.270738,-0.245561,0.096197,-0.513114,-0.046058,-0.109060,-0.275653,-0.246898,-0.115020,-0.498426,0.000090,0.021271,0.009180,0.145846,0.000001,0.036920,0.000828,0.192144,0.000000,0.000000,0.000000,0.681947,-1.107478,-3.130306,0.030059,-0.394499,-1.162822,3.139999,0.038166,0.000000,0.000000,0.000000,0.000000,0.000000,0.000000
1778443230.406102,sequential_ik_elbow_then_wrist,0,0,-0.072732,0.106837,-0.270732,-0.250391,0.092080,-0.512019,-0.048955,-0.109863,-0.274834,-0.248015,-0.114964,-0.499220,0.000015,0.023860,0.003768,0.154468,0.000003,0.036898,0.001616,0.192086,0.000000,0.000000,0.000000,0.668726,-1.111828,-3.132633,0.041910,-0.397456,-1.162241,3.140000,0.040428,0.000000,0.000000,0.000000,0.000000,0.000000,0.000000
1778443230.448254,sequential_ik_elbow_then_wrist,0,0,-0.061262,0.103303,-0.274910,-0.235027,0.085217,-0.518792,-0.042530,-0.108759,-0.276338,-0.237152,-0.110546,-0.504634,0.000089,0.022661,0.008810,0.150530,0.000012,0.034254,0.003219,0.185064,0.000000,0.000000,0.000000,0.653703,-1.121502,-3.134401,0.053866,-0.397976,-1.163783,3.140000,0.047556,0.000000,0.000000,0.000000,0.000000,0.000000,0.000000
1778443230.510267,sequential_ik_elbow_then_wrist,0,0,-0.062563,0.101158,-0.275414,-0.242197,0.081205,-0.514858,-0.042594,-0.108569,-0.276403,-0.237576,-0.111080,-0.504385,0.000026,0.026186,0.004916,0.161815,0.000006,0.034721,0.002384,0.186335,0.000000,0.000000,0.000000,0.639551,-1.130955,-3.135745,0.060233,-0.397078,-1.165499,3.140000,0.053848,0.000000,0.000000,0.000000,0.000000,0.000000,0.000000
1778443230.568969,sequential_ik_elbow_then_wrist,0,0,-0.057097,0.097673,-0.277849,-0.237045,0.075731,-0.516883,-0.039140,-0.109240,-0.276649,-0.230208,-0.112111,-0.507916,0.000043,0.026759,0.006144,0.163582,0.000022,0.032656,0.004621,0.180706,0.000000,0.000000,0.000000,0.625603,-1.142540,-3.136766,0.063985,-0.393901,-1.167365,3.140000,0.061203,0.000000,0.000000,0.000000,0.000000,0.000000,0.000000
1778443230.627880,sequential_ik_elbow_then_wrist,0,0,-0.058447,0.092238,-0.279421,-0.239349,0.063523,-0.517013,-0.038569,-0.109382,-0.276673,-0.230402,-0.113519,-0.507288,0.000006,0.030030,0.001969,0.173291,0.000018,0.033220,0.004126,0.182264,0.000000,0.000000,0.000000,0.614246,-1.154872,-3.137542,0.067208,-0.389263,-1.168938,3.140000,0.067312,0.000000,0.000000,0.000000,0.000000,0.000000,0.000000
1778443230.689285,sequential_ik_elbow_then_wrist,0,0,-0.055725,0.088640,-0.281136,-0.242133,0.050984,-0.513158,-0.037716,-0.110083,-0.276513,-0.229614,-0.118826,-0.506944,0.000007,0.034078,0.002030,0.184603,0.000018,0.032842,0.004105,0.181223,0.000000,0.000000,0.000000,0.604894,-1.168021,-3.138132,0.069373,-0.383524,-1.169913,3.140000,0.070336,0.000000,0.000000,0.000000,0.000000,0.000000,0.000000
1778443230.745481,sequential_ik_elbow_then_wrist,0,0,-0.056871,0.090890,-0.280187,-0.243818,0.055046,-0.512062,-0.038511,-0.109771,-0.276527,-0.233497,-0.120765,-0.504254,0.000002,0.033968,0.001454,0.184304,0.000007,0.034475,0.002575,0.185671,0.000000,0.000000,0.000000,0.597093,-1.177218,-3.138580,0.069409,-0.377771,-1.170596,3.140000,0.070209,0.000000,0.000000,0.000000,0.000000,0.000000,0.000000
1778443230.828970,sequential_ik_elbow_then_wrist,0,0,-0.051481,0.091738,-0.280952,-0.239583,0.056857,-0.512038,-0.039031,-0.108978,-0.276768,-0.235291,-0.119555,-0.503418,0.000030,0.033146,0.005314,0.182059,0.000002,0.035581,0.001442,0.188630,0.000000,0.000000,0.000000,0.588610,-1.185441,-3.138921,0.068751,-0.372626,-1.171473,3.140000,0.069360,0.000000,0.000000,0.000000,0.000000,0.000000,0.000000
1778443230.879482,sequential_ik_elbow_then_wrist,0,0,-0.051040,0.090884,-0.281309,-0.241411,0.058239,-0.510860,-0.040778,-0.109173,-0.276439,-0.239671,-0.120749,-0.500732,0.000020,0.034076,0.004333,0.184594,0.000000,0.037096,0.000197,0.192602,0.000000,0.000000,0.000000,0.580103,-1.192576,-3.139180,0.065975,-0.368772,-1.171692,3.140000,0.066792,0.000000,0.000000,0.000000,0.000000,0.000000,0.000000
1778443230.942092,sequential_ik_elbow_then_wrist,0,0,-0.059825,0.090888,-0.279572,-0.260239,0.059030,-0.500523,-0.045345,-0.108324,-0.276061,-0.248094,-0.121276,-0.496799,0.000009,0.040164,0.002792,0.200394,0.000015,0.039577,0.003707,0.198934,0.000000,0.000000,0.000000,0.574897,-1.195143,-3.139377,0.057694,-0.367855,-1.171197,3.140000,0.061030,0.000000,0.000000,0.000000,0.000000,0.000000,0.000000
1778443230.996698,sequential_ik_elbow_then_wrist,0,0,-0.069777,0.090387,-0.277419,-0.270457,0.060023,-0.498339,-0.046220,-0.107190,-0.276359,-0.248912,-0.119976,-0.497158,0.000091,0.041615,0.009218,0.203995,0.000016,0.039292,0.003893,0.198220,0.000000,0.000000,0.000000,0.575584,-1.193090,-3.139526,0.048641,-0.369274,-1.171145,3.140000,0.054586,0.000000,0.000000,0.000000,0.000000,0.000000,0.000000
1778443231.062865,sequential_ik_elbow_then_wrist,0,0,-0.078647,0.092726,-0.274256,-0.279451,0.064261,-0.495316,-0.047594,-0.107128,-0.276149,-0.250910,-0.118137,-0.496471,0.000161,0.041129,0.012167,0.202801,0.000018,0.039578,0.004104,0.198943,0.000000,0.000000,0.000000,0.582625,-1.185805,-3.139640,0.040141,-0.372585,-1.170852,3.140000,0.048777,0.000000,0.000000,0.000000,0.000000,0.000000,0.000000
1778443231.105772,sequential_ik_elbow_then_wrist,0,0,-0.078559,0.094039,-0.273834,-0.282961,0.067688,-0.491837,-0.048829,-0.107050,-0.275964,-0.252915,-0.116239,-0.495656,0.000080,0.039749,0.008689,0.199365,0.000018,0.039879,0.004166,0.199698,0.000000,0.000000,0.000000,0.592873,-1.178126,-3.139726,0.029959,-0.377377,-1.170280,3.140000,0.043907,0.000000,0.000000,0.000000,0.000000,0.000000,0.000000
1778443231.176152,sequential_ik_elbow_then_wrist,0,0,-0.080058,0.095358,-0.272942,-0.283158,0.071970,-0.492495,-0.049649,-0.107911,-0.275482,-0.255088,-0.114480,-0.494003,0.000053,0.037044,0.007031,0.192466,0.000014,0.040411,0.003622,0.201025,0.000000,0.000000,0.000000,0.604715,-1.170390,-3.139792,0.020009,-0.383008,-1.168999,3.140000,0.040459,0.000000,0.000000,0.000000,0.000000,0.000000,0.000000
1778443231.262448,sequential_ik_elbow_then_wrist,0,0,-0.081504,0.096408,-0.272144,-0.285214,0.073223,-0.491153,-0.049587,-0.108747,-0.275164,-0.255200,-0.113279,-0.493573,0.000036,0.036084,0.005774,0.189958,0.000007,0.040220,0.002539,0.200548,0.000000,0.000000,0.000000,0.617109,-1.162853,-3.139842,0.010970,-0.388691,-1.167320,3.140000,0.038889,0.000000,0.000000,0.000000,0.000000,0.000000,0.000000
1778443231.322886,sequential_ik_elbow_then_wrist,0,0,-0.080325,0.097071,-0.272259,-0.284266,0.074519,-0.491119,-0.049168,-0.108445,-0.275358,-0.255157,-0.111892,-0.493434,0.000012,0.034742,0.003353,0.186392,0.000003,0.040136,0.001772,0.200341,0.000000,0.000000,0.000000,0.628525,-1.156856,-3.139880,0.002864,-0.393997,-1.166174,3.140000,0.038110,0.000000,0.000000,0.000000,0.000000,0.000000,0.000000
1778443231.388135,sequential_ik_elbow_then_wrist,0,0,-0.080628,0.100309,-0.270993,-0.275944,0.078840,-0.497688,-0.048493,-0.107497,-0.275849,-0.255146,-0.110528,-0.493301,0.000003,0.030745,0.001399,0.175329,0.000002,0.040182,0.001239,0.200455,0.000000,0.000000,0.000000,0.637930,-1.150370,-3.139909,0.002130,-0.398695,-1.166094,3.140000,0.036840,0.000000,0.000000,0.000000,0.000000,0.000000,0.000000
1778443231.467404,sequential_ik_elbow_then_wrist,0,0,-0.078662,0.103994,-0.270181,-0.266067,0.084303,-0.503615,-0.048537,-0.107209,-0.275953,-0.255229,-0.110175,-0.493370,0.000005,0.027075,0.002053,0.164517,0.000001,0.040061,0.001079,0.200152,0.000000,0.000000,0.000000,0.643865,-1.143845,-3.139931,0.008949,-0.402854,-1.166378,3.140000,0.035024,0.000000,0.000000,0.000000,0.000000,0.000000,0.000000
1778443231.508790,sequential_ik_elbow_then_wrist,0,0,-0.078172,0.104713,-0.270045,-0.268127,0.087383,-0.501598,-0.049805,-0.106910,-0.275844,-0.257459,-0.113199,-0.492270,0.000005,0.027435,0.002096,0.165636,0.000004,0.039956,0.001852,0.199886,0.000000,0.000000,0.000000,0.647074,-1.138330,-3.139947,0.014726,-0.407032,-1.166507,3.140000,0.030275,0.000000,0.000000,0.000000,0.000000,0.000000,0.000000
1778443231.548633,sequential_ik_elbow_then_wrist,0,0,-0.072212,0.104861,-0.271642,-0.263432,0.087985,-0.502186,-0.048295,-0.105381,-0.276699,-0.255044,-0.115747,-0.493834,0.000030,0.027237,0.005265,0.165037,0.000001,0.038321,0.000998,0.195751,0.000000,0.000000,0.000000,0.646322,-1.136364,-3.139960,0.018740,-0.410680,-1.167931,3.140000,0.022842,0.000000,0.000000,0.000000,0.000000,0.000000,0.000000
1778443231.632640,sequential_ik_elbow_then_wrist,0,0,-0.068289,0.105567,-0.272383,-0.256152,0.090915,-0.505820,-0.047285,-0.105489,-0.276832,-0.252977,-0.117960,-0.494858,0.000048,0.025905,0.006693,0.160949,0.000000,0.037130,0.000206,0.192689,0.000000,0.000000,0.000000,0.641743,-1.136510,-3.139970,0.022951,-0.413411,-1.169528,3.140000,0.014764,0.000000,0.000000,0.000000,0.000000,0.000000,0.000000
1778443231.678783,sequential_ik_elbow_then_wrist,0,0,-0.067665,0.106432,-0.272202,-0.253979,0.093404,-0.506972,-0.047074,-0.106008,-0.276670,-0.252074,-0.121016,-0.495187,0.000036,0.025869,0.005848,0.160838,0.000000,0.036295,0.000386,0.190510,0.000000,0.000000,0.000000,0.634769,-1.136702,-3.139977,0.027583,-0.415280,-1.170600,3.140000,0.006749,0.000000,0.000000,0.000000,0.000000,0.000000,0.000000
1778443231.720627,sequential_ik_elbow_then_wrist,0,0,-0.065064,0.107234,-0.272521,-0.252610,0.094292,-0.506313,-0.046885,-0.106463,-0.276528,-0.251403,-0.122555,-0.495419,0.000044,0.026607,0.006441,0.163115,0.000000,0.035880,0.000595,0.189420,0.000000,0.000000,0.000000,0.625638,-1.137356,-3.139982,0.032129,-0.416384,-1.171156,3.140000,-0.000001,0.000000,0.000000,0.000000,0.000000,0.000000,0.000000
1778443231.779238,sequential_ik_elbow_then_wrist,0,0,-0.064096,0.106721,-0.272951,-0.251679,0.092749,-0.506655,-0.047318,-0.109475,-0.275275,-0.249973,-0.125240,-0.495916,0.000030,0.027644,0.005329,0.166262,0.000003,0.035100,0.001345,0.187349,0.000000,0.000000,0.000000,0.615556,-1.138572,-3.139987,0.037289,-0.416611,-1.169554,3.140000,-0.002889,0.000000,0.000000,0.000000,0.000000,0.000000,0.000000
1778443231.839160,sequential_ik_elbow_then_wrist,0,0,-0.066037,0.106305,-0.272651,-0.259066,0.091156,-0.501803,-0.046853,-0.111362,-0.274597,-0.248559,-0.127192,-0.496100,0.000008,0.030802,0.002659,0.175504,0.000004,0.034642,0.001883,0.186120,0.000000,0.000000,0.000000,0.606324,-1.139156,-3.139990,0.039944,-0.415774,-1.166832,3.140000,-0.002295,0.000000,0.000000,0.000000,0.000000,0.000000,0.000000
1778443231.905156,sequential_ik_elbow_then_wrist,0,0,-0.066709,0.105799,-0.272684,-0.263236,0.090191,-0.498812,-0.047466,-0.112135,-0.274177,-0.245080,-0.126793,-0.499419,0.000002,0.032686,0.001389,0.180793,0.000002,0.033542,0.001255,0.183135,0.000000,0.000000,0.000000,0.598487,-1.139558,-3.139992,0.040327,-0.414457,-1.163774,3.140000,0.002911,0.000000,0.000000,0.000000,0.000000,0.000000,0.000000
1778443231.959647,sequential_ik_elbow_then_wrist,0,0,-0.066385,0.106358,-0.272545,-0.262118,0.091196,-0.499390,-0.048013,-0.112812,-0.273803,-0.245647,-0.127081,-0.499053,0.000002,0.032409,0.001502,0.180026,0.000001,0.033838,0.000805,0.183948,0.000000,0.000000,0.000000,0.591642,-1.139650,-3.139994,0.040888,-0.413025,-1.160655,3.140000,0.009299,0.000000,0.000000,0.000000,0.000000,0.000000,0.000000
1778443232.027086,sequential_ik_elbow_then_wrist,0,0,-0.076279,0.105503,-0.270279,-0.273751,0.090483,-0.495622,-0.049492,-0.114185,-0.272969,-0.247126,-0.128215,-0.498233,0.000035,0.034891,0.005619,0.186792,0.000001,0.034153,0.000534,0.184805,0.000000,0.000000,0.000000,0.589779,-1.136461,-3.139996,0.040281,-0.411965,-1.156853,3.140000,0.015847,0.000000,0.000000,0.000000,0.000000,0.000000,0.000000
1778443232.083348,sequential_ik_elbow_then_wrist,0,0,-0.086008,0.104671,-0.267669,-0.290984,0.088944,-0.486158,-0.052960,-0.115570,-0.271733,-0.250129,-0.128132,-0.497491,0.000121,0.038415,0.010484,0.195986,0.000006,0.034728,0.002187,0.186351,0.000000,0.000000,0.000000,0.594953,-1.129851,-3.139997,0.034877,-0.412373,-1.151826,3.140000,0.023197,0.000000,0.000000,0.000000,0.000000,0.000000,0.000000
1778443232.138078,sequential_ik_elbow_then_wrist,0,0,-0.090551,0.104578,-0.266203,-0.304337,0.088176,-0.476028,-0.054928,-0.116352,-0.271008,-0.251648,-0.128002,-0.497205,0.000116,0.040469,0.010316,0.201144,0.000008,0.034662,0.002720,0.186175,0.000000,0.000000,0.000000,0.605645,-1.121877,-3.139997,0.022930,-0.414298,-1.146475,3.140000,0.030724,0.000000,0.000000,0.000000,0.000000,0.000000,0.000000
1778443232.210493,sequential_ik_elbow_then_wrist,0,0,-0.090100,0.105081,-0.266158,-0.300731,0.089886,-0.479239,-0.059811,-0.118006,-0.269253,-0.254868,-0.127503,-0.496986,0.000052,0.036660,0.006926,0.191467,0.000027,0.034665,0.004910,0.186183,0.000000,0.000000,0.000000,0.618405,-1.114938,-3.139998,0.012241,-0.418754,-1.139611,3.140000,0.039375,0.000000,0.000000,0.000000,0.000000,0.000000,0.000000
1778443232.264976,sequential_ik_elbow_then_wrist,0,0,-0.090473,0.105677,-0.265795,-0.299896,0.089440,-0.479987,-0.057997,-0.118399,-0.269477,-0.252810,-0.128508,-0.497393,0.000026,0.035078,0.004929,0.187292,0.000005,0.033310,0.002219,0.182509,0.000000,0.000000,0.000000,0.631428,-1.108919,-3.139999,0.004068,-0.423540,-1.134020,3.140000,0.046801,0.000000,0.000000,0.000000,0.000000,0.000000,0.000000
1778443232.321236,sequential_ik_elbow_then_wrist,1,0,-0.083817,0.107159,-0.267379,-0.270424,0.093900,-0.501904,-0.057558,-0.119165,-0.269234,-0.251068,-0.129212,-0.498260,0.000002,0.025479,0.001126,0.159528,0.000001,0.032327,0.001117,0.179796,0.000000,0.000000,0.000000,0.640740,-1.106247,-3.139999,0.011059,-0.427878,-1.129335,3.140000,0.053343,0.000000,0.000000,0.000000,0.000000,0.000000,0.000000
1778443232.380518,sequential_ik_elbow_then_wrist,1,0,-0.082346,0.107779,-0.267587,-0.264624,0.094354,-0.505483,-0.056872,-0.120500,-0.268785,-0.250461,-0.131031,-0.497723,0.000003,0.024174,0.001779,0.155460,0.000000,0.031877,0.000277,0.178542,0.000000,0.000000,0.000000,0.646656,-1.104940,-3.139999,0.022284,-0.431134,-1.125047,3.140000,0.058708,0.000000,0.000000,0.000000,0.000000,0.000000,0.000000
1778443232.444405,sequential_ik_elbow_then_wrist,1,0,-0.080882,0.108336,-0.267808,-0.262768,0.094951,-0.506007,-0.056042,-0.120543,-0.268940,-0.250635,-0.131177,-0.497019,0.000006,0.024091,0.002383,0.155211,0.000000,0.032110,0.000615,0.179192,0.000000,0.000000,0.000000,0.649593,-1.104422,-3.139999,0.032832,-0.433216,-1.121837,3.140000,0.062685,0.000000,0.000000,0.000000,0.000000,0.000000,0.000000
1778443232.502234,sequential_ik_elbow_then_wrist,0,0,-0.080561,0.108408,-0.267876,-0.267760,0.093995,-0.501860,-0.056711,-0.118271,-0.269807,-0.253031,-0.129475,-0.496375,0.000004,0.026141,0.001957,0.161679,0.000001,0.033047,0.000845,0.181787,0.000000,0.000000,0.000000,0.650545,-1.104225,-3.140000,0.039068,-0.435249,-1.120625,3.140000,0.063703,0.000000,0.000000,0.000000,0.000000,0.000000,0.000000
1778443232.569710,sequential_ik_elbow_then_wrist,0,0,-0.078960,0.110118,-0.267655,-0.267411,0.095235,-0.500603,-0.057032,-0.116922,-0.270327,-0.254482,-0.128977,-0.495867,0.000010,0.026570,0.003116,0.163003,0.000002,0.033369,0.001237,0.182667,0.000000,0.000000,0.000000,0.649230,-1.103833,-3.140000,0.043700,-0.437532,-1.120723,3.140000,0.061698,0.000000,0.000000,0.000000,0.000000,0.000000,0.000000
1778443232.629625,sequential_ik_elbow_then_wrist,0,0,-0.078211,0.110180,-0.267850,-0.266424,0.094536,-0.500940,-0.056802,-0.116764,-0.270443,-0.254707,-0.129293,-0.495558,0.000008,0.027064,0.002742,0.164509,0.000001,0.033235,0.000791,0.182304,0.000000,0.000000,0.000000,0.646436,-1.103740,-3.140000,0.048419,-0.439751,-1.121195,3.140000,0.058190,0.000000,0.000000,0.000000,0.000000,0.000000,0.000000
1778443232.682169,sequential_ik_elbow_then_wrist,0,0,-0.076714,0.110765,-0.268041,-0.263423,0.094593,-0.502303,-0.056166,-0.116514,-0.270684,-0.253746,-0.129131,-0.496079,0.000011,0.026914,0.003144,0.164051,0.000000,0.032880,0.000283,0.181329,0.000000,0.000000,0.000000,0.642264,-1.103985,-3.140000,0.054140,-0.441582,-1.121987,3.140000,0.054698,0.000000,0.000000,0.000000,0.000000,0.000000,0.000000
1778443232.749300,sequential_ik_elbow_then_wrist,1,0,-0.075602,0.112787,-0.267513,-0.257714,0.094473,-0.505210,-0.054866,-0.117621,-0.270472,-0.250929,-0.129210,-0.497242,0.000016,0.026155,0.003825,0.161710,0.000001,0.032157,0.001064,0.179323,0.000000,0.000000,0.000000,0.636593,-1.103533,-3.140000,0.064031,-0.442316,-1.122388,3.140000,0.053470,0.000000,0.000000,0.000000,0.000000,0.000000,0.000000
1778443232.803779,sequential_ik_elbow_then_wrist,1,0,-0.077606,0.113072,-0.266818,-0.261412,0.094307,-0.503173,-0.054393,-0.118162,-0.270332,-0.250281,-0.129271,-0.497278,0.000004,0.027580,0.001755,0.166071,0.000002,0.032230,0.001291,0.179527,0.000000,0.000000,0.000000,0.631154,-1.102071,-3.140000,0.073539,-0.442073,-1.122448,3.140000,0.053853,0.000000,0.000000,0.000000,0.000000,0.000000,0.000000
1778443232.867882,sequential_ik_elbow_then_wrist,1,0,-0.077022,0.113210,-0.266929,-0.260558,0.094707,-0.503513,-0.053953,-0.118225,-0.270392,-0.249460,-0.129548,-0.497656,0.000003,0.027610,0.001640,0.166163,0.000002,0.032178,0.001281,0.179382,0.000000,0.000000,0.000000,0.625930,-1.100853,-3.140000,0.082138,-0.441093,-1.122524,3.140000,0.055003,0.000000,0.000000,0.000000,0.000000,0.000000,0.000000
1778443232.923236,sequential_ik_elbow_then_wrist,0,0,-0.079359,0.113721,-0.266026,-0.264599,0.096537,-0.501378,-0.055503,-0.117884,-0.270227,-0.251614,-0.127980,-0.497028,0.000000,0.028383,0.000462,0.168473,0.000000,0.033118,0.000217,0.181982,0.000000,0.000000,0.000000,0.621952,-1.098683,-3.140000,0.088057,-0.440472,-1.122350,3.140000,0.056598,0.000000,0.000000,0.000000,0.000000,0.000000,0.000000
1778443232.992141,sequential_ik_elbow_then_wrist,0,0,-0.080839,0.113930,-0.265490,-0.270602,0.096517,-0.497195,-0.056132,-0.117925,-0.270080,-0.252202,-0.127165,-0.496952,0.000001,0.030063,0.000860,0.173385,0.000000,0.033325,0.000569,0.182551,0.000000,0.000000,0.000000,0.619457,-1.096037,-3.140000,0.090480,-0.440351,-1.121956,3.140000,0.058563,0.000000,0.000000,0.000000,0.000000,0.000000,0.000000
1778443233.046628,sequential_ik_elbow_then_wrist,0,0,-0.084391,0.113857,-0.264414,-0.284669,0.094961,-0.486971,-0.057939,-0.118475,-0.269456,-0.254875,-0.127229,-0.495597,0.000008,0.034335,0.002717,0.185280,0.000003,0.033914,0.001499,0.184157,0.000000,0.000000,0.000000,0.619386,-1.092400,-3.140000,0.086360,-0.441176,-1.120721,3.140000,0.060190,0.000000,0.000000,0.000000,0.000000,0.000000,0.000000
1778443233.106066,sequential_ik_elbow_then_wrist,0,0,-0.084337,0.114154,-0.264303,-0.286363,0.095357,-0.485283,-0.057127,-0.118538,-0.269602,-0.254473,-0.127452,-0.495378,0.000003,0.034365,0.001734,0.185374,0.000000,0.033657,0.000518,0.183459,0.000000,0.000000,0.000000,0.620531,-1.089108,-3.140000,0.080451,-0.442130,-1.119770,3.140000,0.061256,0.000000,0.000000,0.000000,0.000000,0.000000,0.000000
1778443233.172229,sequential_ik_elbow_then_wrist,0,0,-0.085293,0.114751,-0.263737,-0.288137,0.096203,-0.483988,-0.057178,-0.119530,-0.269153,-0.254837,-0.128095,-0.494669,0.000003,0.034316,0.001550,0.185244,0.000000,0.033688,0.000256,0.183543,0.000000,0.000000,0.000000,0.622464,-1.085749,-3.140000,0.074537,-0.442920,-1.118413,3.140000,0.062324,0.000000,0.000000,0.000000,0.000000,0.000000,0.000000
1778443233.229300,sequential_ik_elbow_then_wrist,0,0,-0.078201,0.116491,-0.265169,-0.271468,0.099506,-0.493990,-0.055320,-0.121125,-0.268828,-0.252240,-0.129728,-0.494989,0.000016,0.029380,0.003782,0.171392,0.000003,0.032955,0.001685,0.181535,0.000000,0.000000,0.000000,0.621345,-1.084899,-3.140000,0.075416,-0.442453,-1.116791,3.140000,0.064490,0.000000,0.000000,0.000000,0.000000,0.000000,0.000000
1778443233.291104,sequential_ik_elbow_then_wrist,0,0,-0.077194,0.116802,-0.265327,-0.272108,0.099475,-0.492721,-0.055510,-0.121753,-0.268505,-0.253389,-0.129934,-0.493842,0.000012,0.030487,0.003385,0.174604,0.000002,0.033668,0.001319,0.183488,0.000000,0.000000,0.000000,0.618172,-1.084846,-3.140000,0.077132,-0.441261,-1.114973,3.140000,0.067109,0.000000,0.000000,0.000000,0.000000,0.000000,0.000000
1778443233.350572,sequential_ik_elbow_then_wrist,0,0,-0.076518,0.116449,-0.265678,-0.270439,0.097421,-0.493784,-0.054502,-0.122157,-0.268528,-0.251182,-0.130670,-0.494900,0.000008,0.031079,0.002680,0.176289,0.000003,0.033165,0.001755,0.182113,0.000000,0.000000,0.000000,0.613936,-1.085396,-3.140000,0.080591,-0.439224,-1.113492,3.140000,0.070516,0.000000,0.000000,0.000000,0.000000,0.000000,0.000000
1778443233.424973,sequential_ik_elbow_then_wrist,0,0,-0.076474,0.115617,-0.266053,-0.271984,0.095772,-0.492729,-0.053723,-0.121807,-0.268844,-0.250779,-0.131053,-0.494860,0.000003,0.032350,0.001624,0.179860,0.000003,0.033372,0.001713,0.182679,0.000000,0.000000,0.000000,0.609625,-1.086437,-3.140000,0.083394,-0.436579,-1.112782,3.140000,0.073251,0.000000,0.000000,0.000000,0.000000,0.000000,0.000000
1778443233.466283,sequential_ik_elbow_then_wrist,0,0,-0.073774,0.115301,-0.266951,-0.270172,0.095555,-0.492867,-0.053197,-0.121037,-0.269296,-0.250564,-0.131515,-0.494987,0.000008,0.032568,0.002698,0.180466,0.000002,0.033530,0.001406,0.183113,0.000000,0.000000,0.000000,0.604571,-1.088589,-3.140000,0.085054,-0.433688,-1.112966,3.140000,0.074463,0.000000,0.000000,0.000000,0.000000,0.000000,0.000000
1778443233.530526,sequential_ik_elbow_then_wrist,0,0,-0.074036,0.115494,-0.266796,-0.270528,0.095402,-0.492599,-0.054054,-0.119941,-0.269615,-0.254408,-0.131347,-0.492613,0.000004,0.033166,0.001839,0.182116,0.000000,0.035014,0.000251,0.187118,0.000000,0.000000,0.000000,0.599503,-1.090316,-3.140000,0.086490,-0.431422,-1.113713,3.140000,0.072660,0.000000,0.000000,0.000000,0.000000,0.000000,0.000000
1778443233.596484,sequential_ik_elbow_then_wrist,0,0,-0.073823,0.115733,-0.266751,-0.269045,0.095828,-0.493669,-0.053545,-0.118023,-0.270561,-0.255311,-0.130990,-0.492197,0.000003,0.032936,0.001555,0.181482,0.000001,0.035381,0.000572,0.188095,0.000000,0.000000,0.000000,0.594614,-1.091587,-3.140000,0.088757,-0.429801,-1.115762,3.140000,0.067959,0.000000,0.000000,0.000000,0.000000,0.000000,0.000000
1778443233.648468,sequential_ik_elbow_then_wrist,0,0,-0.068209,0.116080,-0.268091,-0.255505,0.097865,-0.501733,-0.053495,-0.117895,-0.270627,-0.255754,-0.133402,-0.491649,0.000025,0.029231,0.004756,0.170960,0.000000,0.035095,0.000204,0.187332,0.000000,0.000000,0.000000,0.587802,-1.094419,-3.140000,0.094929,-0.428646,-1.117752,3.140000,0.060994,0.000000,0.000000,0.000000,0.000000,0.000000,0.000000
1778443233.716287,sequential_ik_elbow_then_wrist,0,0,-0.068840,0.115826,-0.268040,-0.257106,0.097663,-0.500905,-0.054134,-0.117822,-0.270532,-0.256918,-0.133739,-0.491043,0.000009,0.030395,0.002958,0.174340,0.000000,0.035320,0.000554,0.187935,0.000000,0.000000,0.000000,0.580696,-1.096894,-3.140000,0.100602,-0.428112,-1.119228,3.140000,0.053920,0.000000,0.000000,0.000000,0.000000,0.000000,0.000000
1778443233.776773,sequential_ik_elbow_then_wrist,0,0,-0.067712,0.114225,-0.269013,-0.253590,0.095731,-0.503762,-0.053872,-0.117563,-0.270697,-0.256363,-0.133953,-0.491443,0.000006,0.030076,0.002319,0.173422,0.000000,0.034995,0.000327,0.187068,0.000000,0.000000,0.000000,0.573838,-1.100185,-3.140000,0.106572,-0.427902,-1.120577,3.140000,0.047703,0.000000,0.000000,0.000000,0.000000,0.000000,0.000000
1778443233.836306,sequential_ik_elbow_then_wrist,0,0,-0.068180,0.113706,-0.269114,-0.256716,0.094559,-0.501681,-0.053852,-0.117443,-0.270753,-0.255384,-0.133922,-0.492368,0.000002,0.031609,0.001186,0.177789,0.000000,0.034546,0.000266,0.185866,0.000000,0.000000,0.000000,0.567876,-1.103140,-3.140000,0.110324,-0.427903,-1.121735,3.140000,0.042984,0.000000,0.000000,0.000000,0.000000,0.000000,0.000000
1778443233.904437,sequential_ik_elbow_then_wrist,0,0,-0.067761,0.113418,-0.269342,-0.253936,0.093670,-0.503754,-0.052911,-0.117339,-0.270983,-0.253117,-0.134354,-0.493757,0.000001,0.031050,0.001034,0.176209,0.000000,0.033733,0.000436,0.183666,0.000000,0.000000,0.000000,0.562693,-1.105807,-3.140000,0.114502,-0.427649,-1.122975,3.140000,0.039689,0.000000,0.000000,0.000000,0.000000,0.000000,0.000000
1778443233.956132,sequential_ik_elbow_then_wrist,0,0,-0.066182,0.113166,-0.269840,-0.244974,0.093703,-0.509953,-0.053259,-0.117293,-0.270935,-0.252371,-0.135205,-0.494617,0.000003,0.028408,0.001692,0.168540,0.000000,0.033278,0.000060,0.182423,0.000000,0.000000,0.000000,0.557702,-1.108636,-3.140000,0.121622,-0.427420,-1.123931,3.140000,0.037208,0.000000,0.000000,0.000000,0.000000,0.000000,0.000000
1778443234.012373,sequential_ik_elbow_then_wrist,0,0,-0.067693,0.112709,-0.269656,-0.250004,0.091561,-0.506965,-0.054404,-0.116758,-0.270939,-0.253419,-0.135024,-0.494678,0.000000,0.030459,0.000105,0.174524,0.000001,0.033416,0.000906,0.182801,0.000000,0.000000,0.000000,0.553845,-1.110703,-3.140000,0.127185,-0.427802,-1.124668,3.140000,0.034901,0.000000,0.000000,0.000000,0.000000,0.000000,0.000000
1778443234.078208,sequential_ik_elbow_then_wrist,1,0,-0.068795,0.112222,-0.269580,-0.248820,0.090004,-0.508531,-0.053405,-0.114921,-0.271921,-0.250604,-0.136684,-0.496952,0.000001,0.030137,0.000814,0.173598,0.000001,0.031937,0.000782,0.178708,0.000000,0.000000,0.000000,0.551427,-1.112150,-3.140000,0.133019,-0.428442,-1.126652,3.140000,0.031038,0.000000,0.000000,0.000000,0.000000,0.000000,0.000000
1778443234.134735,sequential_ik_elbow_then_wrist,1,0,-0.067419,0.112304,-0.269894,-0.249063,0.090482,-0.507653,-0.052385,-0.115167,-0.272015,-0.248803,-0.138123,-0.497609,0.000000,0.030258,0.000339,0.173949,0.000000,0.031165,0.000385,0.176536,0.000000,0.000000,0.000000,0.549398,-1.113662,-3.140000,0.136816,-0.428722,-1.128623,3.140000,0.026691,0.000000,0.000000,0.000000,0.000000,0.000000,0.000000
1778443234.199733,sequential_ik_elbow_then_wrist,0,0,-0.069256,0.111793,-0.269640,-0.258560,0.088386,-0.501192,-0.054399,-0.115639,-0.271419,-0.250749,-0.137258,-0.497205,0.000001,0.033726,0.001144,0.183640,0.000001,0.031712,0.001016,0.178078,0.000000,0.000000,0.000000,0.548575,-1.114551,-3.140000,0.136173,-0.429525,-1.129361,3.140000,0.023791,0.000000,0.000000,0.000000,0.000000,0.000000,0.000000
1778443234.258495,sequential_ik_elbow_then_wrist,0,0,-0.072801,0.111165,-0.268965,-0.272722,0.086757,-0.491307,-0.055149,-0.115780,-0.271208,-0.252844,-0.136672,-0.495886,0.000012,0.038508,0.003347,0.196214,0.000002,0.032293,0.001218,0.179703,0.000000,0.000000,0.000000,0.550063,-1.114247,-3.140000,0.128900,-0.430869,-1.129444,3.140000,0.021532,0.000000,0.000000,0.000000,0.000000,0.000000,0.000000
1778443234.315877,sequential_ik_elbow_then_wrist,0,0,-0.072415,0.110892,-0.269182,-0.269089,0.086834,-0.494439,-0.055244,-0.115449,-0.271329,-0.252853,-0.137037,-0.496018,0.000006,0.036524,0.002325,0.191112,0.000001,0.031979,0.001081,0.178826,0.000000,0.000000,0.000000,0.552674,-1.114080,-3.140000,0.122481,-0.432550,-1.129573,3.140000,0.019225,0.000000,0.000000,0.000000,0.000000,0.000000,0.000000
1778443234.377534,sequential_ik_elbow_then_wrist,1,0,-0.067893,0.111280,-0.270199,-0.242429,0.089663,-0.513242,-0.053030,-0.114377,-0.272224,-0.250127,-0.139261,-0.497020,0.000002,0.027161,0.001381,0.164757,0.000001,0.030773,0.000605,0.175420,0.000000,0.000000,0.000000,0.553856,-1.115390,-3.140000,0.127411,-0.433611,-1.130986,3.140000,0.015066,0.000000,0.000000,0.000000,0.000000,0.000000,0.000000
1778443234.434510,sequential_ik_elbow_then_wrist,1,0,-0.067491,0.111633,-0.270154,-0.242042,0.090161,-0.513199,-0.053174,-0.115021,-0.271924,-0.250603,-0.139211,-0.496505,0.000002,0.027185,0.001349,0.164876,0.000000,0.031045,0.000383,0.176197,0.000000,0.000000,0.000000,0.553913,-1.116651,-3.140000,0.133672,-0.434190,-1.131922,3.140000,0.011291,0.000000,0.000000,0.000000,0.000000,0.000000,0.000000
1778443234.499689,sequential_ik_elbow_then_wrist,1,0,-0.063306,0.113013,-0.270593,-0.235056,0.092838,-0.515735,-0.053202,-0.114251,-0.272243,-0.252552,-0.138745,-0.495087,0.000019,0.025452,0.004225,0.159535,0.000000,0.031834,0.000163,0.178419,0.000000,0.000000,0.000000,0.551337,-1.118337,-3.140000,0.140479,-0.434617,-1.133069,3.140000,0.006900,0.000000,0.000000,0.000000,0.000000,0.000000,0.000000
1778443234.557817,sequential_ik_elbow_then_wrist,0,0,-0.057167,0.113675,-0.271680,-0.219274,0.095561,-0.523460,-0.053457,-0.114200,-0.272214,-0.254397,-0.138483,-0.493650,0.000060,0.021727,0.007447,0.147387,0.000000,0.032520,0.000177,0.180331,0.000000,0.000000,0.000000,0.544848,-1.121454,-3.140000,0.150275,-0.435047,-1.133998,3.140000,0.002223,0.000000,0.000000,0.000000,0.000000,0.000000,0.000000
1778443234.614363,sequential_ik_elbow_then_wrist,0,0,-0.055991,0.113651,-0.271935,-0.221924,0.094248,-0.521113,-0.053678,-0.114324,-0.272119,-0.255374,-0.137703,-0.492962,0.000044,0.023714,0.006397,0.153991,0.000000,0.032966,0.000250,0.181565,0.000000,0.000000,0.000000,0.536059,-1.124576,-3.140000,0.158816,-0.435521,-1.134577,3.140000,-0.001607,0.000000,0.000000,0.000000,0.000000,0.000000,0.000000
1778443234.683930,sequential_ik_elbow_then_wrist,0,0,-0.052105,0.114189,-0.272481,-0.212350,0.095282,-0.525393,-0.053520,-0.114745,-0.271973,-0.254967,-0.137489,-0.493111,0.000063,0.021966,0.007670,0.148201,0.000000,0.032885,0.000107,0.181341,0.000000,0.000000,0.000000,0.524806,-1.127972,-3.140000,0.168929,-0.435847,-1.134775,3.140000,-0.003924,0.000000,0.000000,0.000000,0.000000,0.000000,0.000000
1778443234.734848,sequential_ik_elbow_then_wrist,0,0,-0.050716,0.113631,-0.272976,-0.213393,0.092647,-0.524164,-0.053777,-0.114501,-0.272025,-0.255978,-0.134780,-0.492713,0.000047,0.023639,0.006615,0.153746,0.000000,0.033690,0.000212,0.183549,0.000000,0.000000,0.000000,0.512352,-1.131481,-3.140000,0.178752,-0.436222,-1.134945,3.140000,-0.004446,0.000000,0.000000,0.000000,0.000000,0.000000,0.000000
1778443234.805410,sequential_ik_elbow_then_wrist,0,0,-0.049583,0.111921,-0.273889,-0.214540,0.089898,-0.523497,-0.053174,-0.114455,-0.272163,-0.255458,-0.135009,-0.492749,0.000030,0.025160,0.005304,0.158618,0.000000,0.033542,0.000251,0.183144,0.000000,0.000000,0.000000,0.499821,-1.135686,-3.140000,0.186875,-0.436363,-1.135282,3.140000,-0.004726,0.000000,0.000000,0.000000,0.000000,0.000000,0.000000
1778443234.860177,sequential_ik_elbow_then_wrist,0,0,-0.049356,0.111463,-0.274117,-0.215355,0.088675,-0.522964,-0.053329,-0.113814,-0.272401,-0.255419,-0.135015,-0.493106,0.000018,0.026180,0.004090,0.161801,0.000000,0.033464,0.000198,0.182932,0.000000,0.000000,0.000000,0.487949,-1.139548,-3.140000,0.193620,-0.436549,-1.135935,3.140000,-0.005455,0.000000,0.000000,0.000000,0.000000,0.000000,0.000000
1778443234.929011,sequential_ik_elbow_then_wrist,0,0,-0.049696,0.111038,-0.274228,-0.216546,0.088126,-0.522494,-0.053719,-0.113370,-0.272510,-0.256857,-0.134769,-0.492230,0.000008,0.027018,0.002786,0.164372,0.000000,0.033914,0.000521,0.184156,0.000000,0.000000,0.000000,0.477333,-1.142780,-3.140000,0.199063,-0.436996,-1.136683,3.140000,-0.007201,0.000000,0.000000,0.000000,0.000000,0.000000,0.000000
1778443234.975466,sequential_ik_elbow_then_wrist,1,0,-0.047303,0.110637,-0.274813,-0.210341,0.089499,-0.525755,-0.051967,-0.114301,-0.272460,-0.250427,-0.134232,-0.496551,0.000015,0.025342,0.003734,0.159192,0.000001,0.031939,0.001120,0.178709,0.000000,0.000000,0.000000,0.467156,-1.146216,-3.140000,0.204042,-0.436669,-1.137239,3.140000,-0.005258,0.000000,0.000000,0.000000,0.000000,0.000000,0.000000
1778443235.031558,sequential_ik_elbow_then_wrist,1,0,-0.044598,0.109605,-0.275677,-0.208758,0.088446,-0.525885,-0.050066,-0.114474,-0.272743,-0.246069,-0.132601,-0.499137,0.000022,0.025656,0.004536,0.160176,0.000005,0.031181,0.002234,0.176573,0.000000,0.000000,0.000000,0.456913,-1.150411,-3.140000,0.207766,-0.435100,-1.138087,3.140000,-0.000095,0.000000,0.000000,0.000000,0.000000,0.000000,0.000000
1778443235.093328,sequential_ik_elbow_then_wrist,1,0,-0.045309,0.108948,-0.275821,-0.211044,0.087994,-0.525006,-0.049899,-0.114304,-0.272846,-0.246043,-0.132391,-0.499121,0.000008,0.026798,0.002824,0.163702,0.000003,0.031566,0.001769,0.177668,0.000000,0.000000,0.000000,0.447572,-1.154153,-3.140000,0.209936,-0.432864,-1.138976,3.140000,0.005095,0.000000,0.000000,0.000000,0.000000,0.000000,0.000000
1778443235.161678,sequential_ik_elbow_then_wrist,1,0,-0.047074,0.108794,-0.275586,-0.212100,0.088085,-0.525261,-0.050960,-0.113869,-0.272831,-0.247310,-0.131907,-0.498931,0.000001,0.027166,0.000902,0.164822,0.000000,0.032139,0.000476,0.179273,0.000000,0.000000,0.000000,0.439978,-1.156735,-3.140000,0.211719,-0.430884,-1.139678,3.140000,0.009386,0.000000,0.000000,0.000000,0.000000,0.000000,0.000000
1778443235.231426,sequential_ik_elbow_then_wrist,0,0,-0.048070,0.109053,-0.275312,-0.212932,0.088443,-0.525104,-0.051349,-0.113800,-0.272787,-0.249089,-0.132307,-0.497635,0.000000,0.027361,0.000195,0.165413,0.000000,0.032736,0.000074,0.180930,0.000000,0.000000,0.000000,0.434167,-1.158208,-3.140000,0.213425,-0.429337,-1.140151,3.140000,0.011806,0.000000,0.000000,0.000000,0.000000,0.000000,0.000000
1778443235.291399,sequential_ik_elbow_then_wrist,0,0,-0.049736,0.108575,-0.275205,-0.214018,0.088067,-0.525387,-0.051604,-0.114099,-0.272614,-0.249266,-0.132919,-0.497504,0.000002,0.027525,0.001293,0.165907,0.000000,0.032683,0.000104,0.180785,0.000000,0.000000,0.000000,0.430469,-1.159055,-3.140000,0.214896,-0.428179,-1.140241,3.140000,0.013382,0.000000,0.000000,0.000000,0.000000,0.000000,0.000000
1778443235.353410,sequential_ik_elbow_then_wrist,1,0,-0.045981,0.109593,-0.275455,-0.205328,0.091748,-0.529009,-0.050451,-0.112647,-0.273433,-0.247508,-0.134044,-0.498623,0.000004,0.024547,0.002007,0.156673,0.000001,0.031923,0.000538,0.178670,0.000000,0.000000,0.000000,0.426544,-1.160030,-3.140000,0.216578,-0.427107,-1.141467,3.140000,0.012879,0.000000,0.000000,0.000000,0.000000,0.000000,0.000000
1778443235.407616,sequential_ik_elbow_then_wrist,0,0,-0.048369,0.109581,-0.275050,-0.217125,0.090439,-0.522345,-0.052108,-0.112607,-0.273138,-0.249274,-0.133228,-0.498306,0.000000,0.028590,0.000255,0.169082,0.000001,0.032431,0.000925,0.180085,0.000000,0.000000,0.000000,0.423643,-1.160208,-3.140000,0.215630,-0.426833,-1.142225,3.140000,0.011962,0.000000,0.000000,0.000000,0.000000,0.000000,0.000000
1778443235.466279,sequential_ik_elbow_then_wrist,0,0,-0.055914,0.108674,-0.273977,-0.240397,0.086648,-0.509521,-0.053850,-0.112563,-0.272818,-0.251480,-0.133064,-0.497589,0.000036,0.036730,0.005794,0.191637,0.000004,0.032779,0.001945,0.181049,0.000000,0.000000,0.000000,0.424705,-1.158665,-3.140000,0.209381,-0.427763,-1.142293,3.140000,0.010707,0.000000,0.000000,0.000000,0.000000,0.000000,0.000000
1778443235.528882,sequential_ik_elbow_then_wrist,0,0,-0.059057,0.108471,-0.273398,-0.242828,0.086733,-0.509523,-0.053960,-0.112309,-0.272901,-0.251658,-0.133065,-0.497590,0.000048,0.036307,0.006731,0.190542,0.000003,0.032486,0.001640,0.180239,0.000000,0.000000,0.000000,0.429381,-1.156268,-3.140000,0.202177,-0.429435,-1.142348,3.140000,0.009099,0.000000,0.000000,0.000000,0.000000,0.000000,0.000000
1778443235.582881,sequential_ik_elbow_then_wrist,0,0,-0.063256,0.107818,-0.272716,-0.255829,0.084444,-0.501559,-0.055468,-0.112470,-0.272532,-0.254332,-0.133873,-0.496128,0.000073,0.040304,0.008290,0.200747,0.000005,0.032787,0.002255,0.181070,0.000000,0.000000,0.000000,0.437774,-1.153213,-3.140000,0.191487,-0.432035,-1.141851,3.140000,0.006342,0.000000,0.000000,0.000000,0.000000,0.000000,0.000000
1778443235.640475,sequential_ik_elbow_then_wrist,0,0,-0.068780,0.107268,-0.271593,-0.267313,0.083672,-0.495262,-0.057996,-0.112835,-0.271854,-0.256719,-0.133795,-0.495617,0.000112,0.042858,0.010263,0.207005,0.000012,0.032824,0.003352,0.181173,0.000000,0.000000,0.000000,0.450251,-1.149058,-3.140000,0.176965,-0.436000,-1.140372,3.140000,0.003894,0.000000,0.000000,0.000000,0.000000,0.000000,0.000000
1778443235.707636,sequential_ik_elbow_then_wrist,0,0,-0.071487,0.106970,-0.271011,-0.267854,0.084527,-0.496702,-0.058338,-0.112525,-0.271910,-0.257629,-0.133167,-0.495196,0.000100,0.040531,0.009660,0.201318,0.000009,0.032618,0.002862,0.180605,0.000000,0.000000,0.000000,0.465578,-1.144605,-3.140000,0.162473,-0.440733,-1.139068,3.140000,0.001419,0.000000,0.000000,0.000000,0.000000,0.000000,0.000000
1778443235.770323,sequential_ik_elbow_then_wrist,0,0,-0.075560,0.106091,-0.270251,-0.275791,0.083445,-0.492499,-0.058152,-0.112150,-0.272104,-0.258092,-0.133733,-0.494721,0.000112,0.041410,0.010241,0.203482,0.000005,0.032209,0.002174,0.179467,0.000000,0.000000,0.000000,0.483515,-1.139866,-3.140000,0.146177,-0.445634,-1.138312,3.140000,-0.002182,0.000000,0.000000,0.000000,0.000000,0.000000,0.000000
1778443235.827541,sequential_ik_elbow_then_wrist,0,0,-0.085004,0.103742,-0.268350,-0.290496,0.081316,-0.485767,-0.058446,-0.111696,-0.272228,-0.258986,-0.132637,-0.494366,0.000227,0.043597,0.014520,0.208772,0.000004,0.032269,0.002009,0.179634,0.000000,0.000000,0.000000,0.506279,-1.133558,-3.140000,0.125871,-0.450560,-1.137971,3.140000,-0.006059,0.000000,0.000000,0.000000,0.000000,0.000000,0.000000
1778443235.889968,sequential_ik_elbow_then_wrist,0,0,-0.085975,0.101916,-0.268740,-0.290796,0.080491,-0.486891,-0.059648,-0.111693,-0.271968,-0.261121,-0.131223,-0.493390,0.000155,0.040571,0.012042,0.201410,0.000006,0.032731,0.002345,0.180917,0.000000,0.000000,0.000000,0.531257,-1.128520,-3.140000,0.105021,-0.455708,-1.137388,3.140000,-0.009562,0.000000,0.000000,0.000000,0.000000,0.000000,0.000000
1778443235.950029,sequential_ik_elbow_then_wrist,0,0,-0.085482,0.101676,-0.268989,-0.290117,0.080296,-0.487318,-0.059401,-0.111385,-0.272149,-0.261405,-0.130595,-0.493114,0.000081,0.038111,0.008708,0.195213,0.000003,0.032579,0.001721,0.180496,0.000000,0.000000,0.000000,0.555794,-1.124801,-3.140000,0.085063,-0.460652,-1.137129,3.140000,-0.012951,0.000000,0.000000,0.000000,0.000000,0.000000,0.000000
1778443236.009933,sequential_ik_elbow_then_wrist,0,0,-0.084655,0.102045,-0.269110,-0.287011,0.081566,-0.489639,-0.059372,-0.111060,-0.272288,-0.261756,-0.129811,-0.492944,0.000036,0.035250,0.005787,0.187748,0.000002,0.032539,0.001405,0.180387,0.000000,0.000000,0.000000,0.578130,-1.122059,-3.140000,0.067991,-0.465248,-1.137175,3.140000,-0.016216,0.000000,0.000000,0.000000,0.000000,0.000000,0.000000
1778443236.085291,sequential_ik_elbow_then_wrist,0,0,-0.083968,0.101481,-0.269538,-0.284864,0.081858,-0.491475,-0.059354,-0.110629,-0.272467,-0.261837,-0.129366,-0.493033,0.000018,0.033438,0.004145,0.182858,0.000002,0.032374,0.001214,0.179929,0.000000,0.000000,0.000000,0.597732,-1.120552,-3.140000,0.053556,-0.469461,-1.137529,3.140000,-0.019469,0.000000,0.000000,0.000000,0.000000,0.000000,0.000000
1778443236.127116,sequential_ik_elbow_then_wrist,1,0,-0.081280,0.101783,-0.270248,-0.279781,0.082513,-0.494359,-0.058839,-0.111349,-0.272286,-0.260613,-0.130301,-0.493482,0.000002,0.031441,0.001424,0.177316,0.000000,0.031730,0.000327,0.178130,0.000000,0.000000,0.000000,0.613486,-1.120501,-3.140000,0.042535,-0.472853,-1.137599,3.140000,-0.021959,0.000000,0.000000,0.000000,0.000000,0.000000,0.000000
1778443236.487188,sequential_ik_elbow_then_wrist,0,0,-0.078754,0.103372,-0.270392,-0.272963,0.077397,-0.497567,-0.061808,-0.110887,-0.271816,-0.268746,-0.127267,-0.488399,0.000002,0.031012,0.001210,0.176087,0.000006,0.034619,0.002415,0.186061,0.000000,0.000000,0.000000,0.624712,-1.120918,-3.140000,0.039849,-0.476871,-1.136935,3.140000,-0.025648,0.000000,0.000000,0.000000,0.000000,0.000000,0.000000
1778443236.544296,sequential_ik_elbow_then_wrist,0,0,-0.078687,0.103118,-0.270509,-0.275736,0.077017,-0.495210,-0.062661,-0.110979,-0.271583,-0.270335,-0.126848,-0.487499,0.000001,0.032175,0.000826,0.179374,0.000006,0.034701,0.002362,0.186281,0.000000,0.000000,0.000000,0.632735,-1.121503,-3.140000,0.037697,-0.481347,-1.135926,3.140000,-0.029357,0.000000,0.000000,0.000000,0.000000,0.000000,0.000000
1778443236.623997,sequential_ik_elbow_then_wrist,0,0,-0.079443,0.102954,-0.270350,-0.279115,0.076446,-0.492676,-0.064714,-0.111163,-0.271026,-0.274609,-0.127165,-0.484773,0.000000,0.033422,0.000110,0.182815,0.000010,0.035396,0.003090,0.188137,0.000000,0.000000,0.000000,0.638776,-1.121781,-3.140000,0.034578,-0.486620,-1.134250,3.140000,-0.034183,0.000000,0.000000,0.000000,0.000000,0.000000,0.000000
1778443236.666371,sequential_ik_elbow_then_wrist,0,0,-0.079907,0.102871,-0.270245,-0.279298,0.076576,-0.492847,-0.064933,-0.111476,-0.270845,-0.274458,-0.127511,-0.484953,0.000000,0.033360,0.000254,0.182647,0.000006,0.034682,0.002347,0.186230,0.000000,0.000000,0.000000,0.643519,-1.121804,-3.140000,0.031915,-0.492064,-1.132496,3.140000,-0.038420,0.000000,0.000000,0.000000,0.000000,0.000000,0.000000
1778443236.727164,sequential_ik_elbow_then_wrist,0,0,-0.079614,0.103198,-0.270207,-0.278691,0.076755,-0.493072,-0.064832,-0.112041,-0.270636,-0.273502,-0.127234,-0.485637,0.000000,0.033174,0.000145,0.182138,0.000002,0.034042,0.001491,0.184503,0.000000,0.000000,0.000000,0.647036,-1.121725,-3.140000,0.030211,-0.497115,-1.130746,3.140000,-0.040900,0.000000,0.000000,0.000000,0.000000,0.000000,0.000000
1778443236.793230,sequential_ik_elbow_then_wrist,0,0,-0.078700,0.103380,-0.270405,-0.277221,0.077359,-0.493815,-0.064533,-0.112510,-0.270512,-0.272217,-0.127093,-0.486509,0.000001,0.032755,0.000735,0.180982,0.000001,0.033448,0.000751,0.182886,0.000000,0.000000,0.000000,0.649256,-1.121926,-3.140000,0.029280,-0.501415,-1.129140,3.140000,-0.041591,0.000000,0.000000,0.000000,0.000000,0.000000,0.000000
1778443236.856713,sequential_ik_elbow_then_wrist,0,0,-0.079651,0.102776,-0.270357,-0.284875,0.075973,-0.487531,-0.064446,-0.112841,-0.270395,-0.271472,-0.126641,-0.487075,0.000000,0.035604,0.000294,0.188683,0.000000,0.033192,0.000388,0.182186,0.000000,0.000000,0.000000,0.651125,-1.122069,-3.140000,0.024521,-0.504917,-1.127688,3.140000,-0.040856,0.000000,0.000000,0.000000,0.000000,0.000000,0.000000
1778443236.915326,sequential_ik_elbow_then_wrist,0,0,-0.080681,0.102752,-0.270060,-0.285540,0.075950,-0.487579,-0.064607,-0.112741,-0.270399,-0.271979,-0.125865,-0.486788,0.000001,0.035563,0.000854,0.188581,0.000000,0.033425,0.000425,0.182825,0.000000,0.000000,0.000000,0.653070,-1.121755,-3.140000,0.019895,-0.507842,-1.126536,3.140000,-0.039807,0.000000,0.000000,0.000000,0.000000,0.000000,0.000000
1778443236.978171,sequential_ik_elbow_then_wrist,0,0,-0.080819,0.102827,-0.269991,-0.285327,0.075856,-0.487818,-0.064097,-0.112893,-0.270457,-0.270806,-0.125921,-0.487486,0.000000,0.035344,0.000677,0.188001,0.000000,0.033036,0.000075,0.181759,0.000000,0.000000,0.000000,0.654969,-1.121321,-3.140000,0.016394,-0.510022,-1.125732,3.140000,-0.038406,0.000000,0.000000,0.000000,0.000000,0.000000,0.000000
1778443237.042383,sequential_ik_elbow_then_wrist,0,0,-0.080700,0.102210,-0.270260,-0.284917,0.074698,-0.488294,-0.063873,-0.113293,-0.270342,-0.269665,-0.126760,-0.488215,0.000001,0.035319,0.000726,0.187933,0.000000,0.032555,0.000350,0.180430,0.000000,0.000000,0.000000,0.656859,-1.121329,-3.140000,0.013874,-0.511463,-1.124975,3.140000,-0.036711,0.000000,0.000000,0.000000,0.000000,0.000000,0.000000
1778443237.092862,sequential_ik_elbow_then_wrist,1,0,-0.075527,0.103096,-0.271416,-0.261246,0.076837,-0.505551,-0.060706,-0.113177,-0.271120,-0.264875,-0.128136,-0.490417,0.000010,0.028065,0.003013,0.167462,0.000006,0.031279,0.002323,0.176859,0.000000,0.000000,0.000000,0.656486,-1.123092,-3.140000,0.023022,-0.511148,-1.125492,3.140000,-0.034941,0.000000,0.000000,0.000000,0.000000,0.000000,0.000000
1778443237.153788,sequential_ik_elbow_then_wrist,1,0,-0.073959,0.103395,-0.271734,-0.258630,0.076766,-0.506654,-0.059485,-0.112926,-0.271494,-0.263472,-0.128265,-0.490935,0.000012,0.027969,0.003321,0.167232,0.000007,0.031373,0.002457,0.177125,0.000000,0.000000,0.000000,0.654194,-1.125303,-3.140000,0.033889,-0.509419,-1.126680,3.140000,-0.033549,0.000000,0.000000,0.000000,0.000000,0.000000,0.000000
1778443237.209172,sequential_ik_elbow_then_wrist,1,0,-0.072563,0.104017,-0.271873,-0.255910,0.077620,-0.507854,-0.058911,-0.113228,-0.271494,-0.261757,-0.128376,-0.492003,0.000014,0.027713,0.003639,0.166471,0.000006,0.031303,0.002335,0.176927,0.000000,0.000000,0.000000,0.650257,-1.127391,-3.140000,0.044440,-0.506687,-1.127762,3.140000,-0.031360,0.000000,0.000000,0.000000,0.000000,0.000000,0.000000
1778443237.275676,sequential_ik_elbow_then_wrist,1,0,-0.068389,0.105008,-0.272574,-0.239467,0.080325,-0.517774,-0.055545,-0.112738,-0.272406,-0.258234,-0.129224,-0.492963,0.000036,0.023542,0.005795,0.153404,0.000016,0.030915,0.003881,0.175828,0.000000,0.000000,0.000000,0.643814,-1.130154,-3.140000,0.059753,-0.502300,-1.129984,3.140000,-0.029709,0.000000,0.000000,0.000000,0.000000,0.000000,0.000000
1778443237.338829,sequential_ik_elbow_then_wrist,1,0,-0.068122,0.105269,-0.272540,-0.242974,0.080163,-0.515020,-0.054551,-0.112306,-0.272785,-0.256920,-0.129170,-0.493607,0.000023,0.025352,0.004695,0.159222,0.000013,0.031240,0.003471,0.176748,0.000000,0.000000,0.000000,0.636130,-1.132443,-3.140000,0.072403,-0.496913,-1.132544,3.140000,-0.028332,0.000000,0.000000,0.000000,0.000000,0.000000,0.000000
1778443237.401499,sequential_ik_elbow_then_wrist,1,0,-0.065963,0.105671,-0.272915,-0.239856,0.079573,-0.515979,-0.054429,-0.111703,-0.273057,-0.256915,-0.128861,-0.493749,0.000028,0.025495,0.005128,0.159668,0.000007,0.031819,0.002527,0.178380,0.000000,0.000000,0.000000,0.627264,-1.134792,-3.140000,0.084255,-0.491336,-1.135079,3.140000,-0.027310,0.000000,0.000000,0.000000,0.000000,0.000000,0.000000
1778443237.458249,sequential_ik_elbow_then_wrist,0,0,-0.065146,0.105751,-0.273080,-0.239391,0.077423,-0.515642,-0.054508,-0.111027,-0.273316,-0.257247,-0.128099,-0.493783,0.000021,0.026558,0.004484,0.162963,0.000003,0.032408,0.001654,0.180022,0.000000,0.000000,0.000000,0.617893,-1.136947,-3.140000,0.095673,-0.486135,-1.137518,3.140000,-0.026579,0.000000,0.000000,0.000000,0.000000,0.000000,0.000000
1778443237.520188,sequential_ik_elbow_then_wrist,0,0,-0.065294,0.104905,-0.273371,-0.242864,0.074377,-0.513239,-0.054804,-0.110994,-0.273271,-0.257495,-0.127287,-0.493840,0.000010,0.028746,0.002995,0.169547,0.000001,0.032856,0.001049,0.181263,0.000000,0.000000,0.000000,0.609023,-1.139073,-3.140000,0.104960,-0.481570,-1.139417,3.140000,-0.025429,0.000000,0.000000,0.000000,0.000000,0.000000,0.000000
1778443237.590802,sequential_ik_elbow_then_wrist,0,0,-0.065258,0.104692,-0.273461,-0.243848,0.074138,-0.512568,-0.054997,-0.111103,-0.273188,-0.256755,-0.127647,-0.494592,0.000005,0.029487,0.002236,0.171718,0.000001,0.032650,0.000712,0.180692,0.000000,0.000000,0.000000,0.600981,-1.140925,-3.140000,0.112050,-0.477685,-1.140744,3.140000,-0.023779,0.000000,0.000000,0.000000,0.000000,0.000000,0.000000
1778443237.636484,sequential_ik_elbow_then_wrist,0,0,-0.069056,0.104362,-0.272654,-0.259217,0.072485,-0.502485,-0.055580,-0.111541,-0.272891,-0.257476,-0.128081,-0.494170,0.000001,0.034847,0.000967,0.186663,0.000000,0.032877,0.000344,0.181320,0.000000,0.000000,0.000000,0.595378,-1.141172,-3.140000,0.112340,-0.474558,-1.141282,3.140000,-0.022054,0.000000,0.000000,0.000000,0.000000,0.000000,0.000000
1778443237.702828,sequential_ik_elbow_then_wrist,0,0,-0.070917,0.103664,-0.272442,-0.268183,0.070960,-0.496085,-0.057219,-0.111791,-0.272449,-0.259167,-0.128349,-0.493680,0.000005,0.038012,0.002153,0.194954,0.000001,0.033186,0.000855,0.182170,0.000000,0.000000,0.000000,0.592388,-1.140791,-3.140000,0.107463,-0.472659,-1.140933,3.140000,-0.020395,0.000000,0.000000,0.000000,0.000000,0.000000,0.000000
1778443237.765335,sequential_ik_elbow_then_wrist,0,0,-0.078037,0.102421,-0.270961,-0.282909,0.069498,-0.487626,-0.059028,-0.111648,-0.272122,-0.261992,-0.128671,-0.492385,0.000048,0.042147,0.006680,0.205277,0.000004,0.033649,0.001908,0.183437,0.000000,0.000000,0.000000,0.594121,-1.138323,-3.140000,0.096836,-0.472346,-1.140020,3.140000,-0.019896,0.000000,0.000000,0.000000,0.000000,0.000000,0.000000
1778443237.826088,sequential_ik_elbow_then_wrist,0,0,-0.079406,0.102339,-0.270595,-0.282718,0.070521,-0.488887,-0.059231,-0.111736,-0.272042,-0.261779,-0.129198,-0.492653,0.000037,0.040244,0.005878,0.200607,0.000003,0.033109,0.001549,0.181959,0.000000,0.000000,0.000000,0.599037,-1.135396,-3.140000,0.086263,-0.473033,-1.139058,3.140000,-0.019886,0.000000,0.000000,0.000000,0.000000,0.000000,0.000000
1778443237.879371,sequential_ik_elbow_then_wrist,0,0,-0.076949,0.103030,-0.271042,-0.269466,0.073296,-0.499193,-0.059486,-0.111648,-0.272022,-0.261773,-0.129517,-0.492840,0.000007,0.034211,0.002604,0.184953,0.000002,0.032717,0.001378,0.180877,0.000000,0.000000,0.000000,0.604371,-1.133500,-3.140000,0.082397,-0.474382,-1.138235,3.140000,-0.020331,0.000000,0.000000,0.000000,0.000000,0.000000,0.000000
1778443237.961176,sequential_ik_elbow_then_wrist,1,0,-0.075098,0.103389,-0.271424,-0.261102,0.074641,-0.505039,-0.058995,-0.111859,-0.272042,-0.261335,-0.129790,-0.492807,0.000001,0.031019,0.000706,0.176115,0.000000,0.032397,0.000641,0.179992,0.000000,0.000000,0.000000,0.608833,-1.132669,-3.140000,0.083403,-0.475792,-1.137615,3.140000,-0.021015,0.000000,0.000000,0.000000,0.000000,0.000000,0.000000
1778443238.003457,sequential_ik_elbow_then_wrist,1,0,-0.073731,0.103714,-0.271675,-0.259676,0.074619,-0.505294,-0.058796,-0.112666,-0.271753,-0.261513,-0.130968,-0.492140,0.000000,0.030733,0.000512,0.175308,0.000000,0.032261,0.000172,0.179614,0.000000,0.000000,0.000000,0.611935,-1.132540,-3.140000,0.085239,-0.476906,-1.136720,3.140000,-0.021892,0.000000,0.000000,0.000000,0.000000,0.000000,0.000000
1778443238.068580,sequential_ik_elbow_then_wrist,1,0,-0.071291,0.104560,-0.272002,-0.252637,0.075723,-0.509240,-0.058516,-0.112996,-0.271676,-0.261045,-0.131477,-0.492222,0.000005,0.028790,0.002251,0.169672,0.000000,0.032076,0.000262,0.179097,0.000000,0.000000,0.000000,0.612941,-1.133047,-3.140000,0.089563,-0.477601,-1.135831,3.140000,-0.022385,0.000000,0.000000,0.000000,0.000000,0.000000,0.000000
1778443238.124442,sequential_ik_elbow_then_wrist,1,0,-0.070105,0.105316,-0.272018,-0.245335,0.077390,-0.513916,-0.058533,-0.113018,-0.271663,-0.260853,-0.131590,-0.492393,0.000008,0.026730,0.002769,0.163484,0.000000,0.032025,0.000188,0.178955,0.000000,0.000000,0.000000,0.612042,-1.133602,-3.140000,0.096983,-0.478017,-1.135090,3.140000,-0.022512,0.000000,0.000000,0.000000,0.000000,0.000000,0.000000
1778443238.179462,sequential_ik_elbow_then_wrist,1,0,-0.070319,0.105753,-0.271793,-0.245795,0.077643,-0.513491,-0.059300,-0.113134,-0.271448,-0.261124,-0.131665,-0.492636,0.000005,0.027189,0.002159,0.164890,0.000000,0.031988,0.000355,0.178853,0.000000,0.000000,0.000000,0.610060,-1.133726,-3.140000,0.104397,-0.478536,-1.134200,3.140000,-0.022153,0.000000,0.000000,0.000000,0.000000,0.000000,0.000000
1778443238.251593,sequential_ik_elbow_then_wrist,1,0,-0.072352,0.105989,-0.271167,-0.247284,0.077880,-0.513259,-0.060624,-0.113332,-0.271073,-0.261331,-0.133040,-0.493173,0.000001,0.027593,0.000593,0.166109,0.000001,0.031482,0.001091,0.177432,0.000000,0.000000,0.000000,0.608271,-1.132832,-3.140000,0.111474,-0.479581,-1.132909,3.140000,-0.021717,0.000000,0.000000,0.000000,0.000000,0.000000,0.000000
1778443238.303071,sequential_ik_elbow_then_wrist,1,0,-0.073673,0.105536,-0.270988,-0.254658,0.075733,-0.508382,-0.061069,-0.113457,-0.270921,-0.261820,-0.132803,-0.493012,0.000001,0.030218,0.000686,0.173832,0.000001,0.031441,0.001064,0.177315,0.000000,0.000000,0.000000,0.607316,-1.131670,-3.140000,0.115242,-0.481022,-1.131568,3.140000,-0.021115,0.000000,0.000000,0.000000,0.000000,0.000000,0.000000
1778443238.376050,sequential_ik_elbow_then_wrist,0,0,-0.075426,0.105171,-0.270647,-0.262143,0.074875,-0.503497,-0.061365,-0.113399,-0.270878,-0.262479,-0.132464,-0.492665,0.000003,0.032481,0.001750,0.180220,0.000001,0.031494,0.001012,0.177464,0.000000,0.000000,0.000000,0.607660,-1.130194,-3.140000,0.114688,-0.482739,-1.130405,3.140000,-0.020738,0.000000,0.000000,0.000000,0.000000,0.000000,0.000000
1778443238.423985,sequential_ik_elbow_then_wrist,1,0,-0.074239,0.105336,-0.270911,-0.260044,0.074788,-0.504456,-0.060946,-0.113834,-0.270790,-0.262178,-0.132776,-0.492481,0.000000,0.031756,0.000509,0.178201,0.000000,0.031290,0.000334,0.176890,0.000000,0.000000,0.000000,0.608230,-1.129308,-3.140000,0.113820,-0.484246,-1.129361,3.140000,-0.020449,0.000000,0.000000,0.000000,0.000000,0.000000,0.000000
1778443238.487258,sequential_ik_elbow_then_wrist,1,0,-0.073141,0.105672,-0.271079,-0.258322,0.074377,-0.505020,-0.059916,-0.113995,-0.270952,-0.261286,-0.133034,-0.492510,0.000000,0.031437,0.000458,0.177304,0.000000,0.031101,0.000499,0.176356,0.000000,0.000000,0.000000,0.608390,-1.128930,-3.140000,0.113686,-0.485088,-1.128763,3.140000,-0.020280,0.000000,0.000000,0.000000,0.000000,0.000000,0.000000
1778443238.543883,sequential_ik_elbow_then_wrist,1,0,-0.073207,0.105347,-0.271188,-0.258984,0.072803,-0.504486,-0.057984,-0.113720,-0.271488,-0.260187,-0.131449,-0.492394,0.000000,0.032046,0.000175,0.179013,0.000003,0.031474,0.001593,0.177409,0.000000,0.000000,0.000000,0.608418,-1.128866,-3.140000,0.113908,-0.484773,-1.129132,3.140000,-0.019897,0.000000,0.000000,0.000000,0.000000,0.000000,0.000000
1778443238.595532,sequential_ik_elbow_then_wrist,1,0,-0.068290,0.105837,-0.272277,-0.251877,0.073030,-0.507266,-0.054833,-0.113223,-0.272349,-0.257223,-0.131559,-0.493034,0.000013,0.030542,0.003449,0.174761,0.000011,0.031253,0.003180,0.176786,0.000000,0.000000,0.000000,0.606391,-1.130486,-3.140000,0.115629,-0.482648,-1.130879,3.140000,-0.020037,0.000000,0.000000,0.000000,0.000000,0.000000,0.000000
1778443238.678095,sequential_ik_elbow_then_wrist,1,0,-0.064854,0.106355,-0.272915,-0.240430,0.074990,-0.514139,-0.054442,-0.113010,-0.272516,-0.256113,-0.130994,-0.493888,0.000027,0.027462,0.005012,0.165708,0.000007,0.031526,0.002588,0.177555,0.000000,0.000000,0.000000,0.601890,-1.133078,-3.140000,0.121117,-0.479495,-1.132779,3.140000,-0.019607,0.000000,0.000000,0.000000,0.000000,0.000000,0.000000
1778443238.731482,sequential_ik_elbow_then_wrist,1,0,-0.059004,0.107047,-0.273970,-0.227060,0.077260,-0.520688,-0.052892,-0.112837,-0.272892,-0.254538,-0.131814,-0.494203,0.000067,0.024414,0.007938,0.156236,0.000010,0.031525,0.002983,0.177554,0.000000,0.000000,0.000000,0.593875,-1.137047,-3.140000,0.130039,-0.475340,-1.134918,3.140000,-0.019369,0.000000,0.000000,0.000000,0.000000,0.000000,0.000000
1778443238.801845,sequential_ik_elbow_then_wrist,1,0,-0.055601,0.106943,-0.274721,-0.224047,0.077915,-0.521264,-0.051720,-0.112798,-0.273133,-0.251764,-0.131809,-0.495890,0.000074,0.024706,0.008360,0.157181,0.000010,0.031221,0.003076,0.176693,0.000000,0.000000,0.000000,0.583035,-1.141689,-3.140000,0.138333,-0.470378,-1.137062,3.140000,-0.017962,0.000000,0.000000,0.000000,0.000000,0.000000,0.000000
1778443238.850210,sequential_ik_elbow_then_wrist,1,0,-0.057784,0.107011,-0.274244,-0.235570,0.078425,-0.514192,-0.052612,-0.112358,-0.273144,-0.253195,-0.130903,-0.495456,0.000027,0.028950,0.005062,0.170143,0.000003,0.032174,0.001594,0.179370,0.000000,0.000000,0.000000,0.571920,-1.144734,-3.140000,0.141604,-0.465673,-1.138808,3.140000,-0.016315,0.000000,0.000000,0.000000,0.000000,0.000000,0.000000
1778443238.914448,sequential_ik_elbow_then_wrist,0,0,-0.060455,0.107159,-0.273609,-0.243825,0.079155,-0.509387,-0.052901,-0.112177,-0.273163,-0.254049,-0.131999,-0.494853,0.000005,0.031872,0.002232,0.178525,0.000001,0.032474,0.000963,0.180206,0.000000,0.000000,0.000000,0.562211,-1.145921,-3.140000,0.141474,-0.461533,-1.140186,3.140000,-0.015755,0.000000,0.000000,0.000000,0.000000,0.000000,0.000000
1778443239.216409,sequential_ik_elbow_then_wrist,0,0,-0.074546,0.106629,-0.270321,-0.275667,0.078908,-0.491187,-0.056798,-0.112927,-0.272069,-0.262226,-0.131865,-0.489878,0.000071,0.041705,0.007940,0.204174,0.000004,0.035037,0.001796,0.187179,0.000000,0.000000,0.000000,0.559472,-1.141899,-3.140000,0.131331,-0.459392,-1.139632,3.140000,-0.017116,0.000000,0.000000,0.000000,0.000000,0.000000,0.000000
1778443239.261970,sequential_ik_elbow_then_wrist,0,0,-0.074424,0.106332,-0.270471,-0.274419,0.078459,-0.492338,-0.057000,-0.113309,-0.271868,-0.262378,-0.131715,-0.489770,0.000037,0.039901,0.005841,0.199751,0.000002,0.034825,0.001321,0.186615,0.000000,0.000000,0.000000,0.560979,-1.137863,-3.140000,0.121188,-0.458543,-1.138548,3.140000,-0.017977,0.000000,0.000000,0.000000,0.000000,0.000000,0.000000
1778443239.327569,sequential_ik_elbow_then_wrist,0,0,-0.075380,0.105814,-0.270409,-0.277238,0.077630,-0.490544,-0.057635,-0.113626,-0.271602,-0.262986,-0.131608,-0.489564,0.000029,0.039938,0.005181,0.199841,0.000002,0.034746,0.001324,0.186403,0.000000,0.000000,0.000000,0.565332,-1.134464,-3.140000,0.110593,-0.458688,-1.137185,3.140000,-0.018268,0.000000,0.000000,0.000000,0.000000,0.000000,0.000000
1778443239.389072,sequential_ik_elbow_then_wrist,0,0,-0.075747,0.105744,-0.270334,-0.277015,0.078070,-0.491073,-0.058625,-0.113661,-0.271375,-0.263931,-0.130981,-0.489433,0.000018,0.038730,0.004135,0.196798,0.000003,0.034782,0.001657,0.186500,0.000000,0.000000,0.000000,0.571207,-1.131673,-3.140000,0.100648,-0.459798,-1.135699,3.140000,-0.018088,0.000000,0.000000,0.000000,0.000000,0.000000,0.000000
1778443239.450067,sequential_ik_elbow_then_wrist,0,0,-0.076218,0.105216,-0.270408,-0.277059,0.077842,-0.491572,-0.058674,-0.113451,-0.271452,-0.264052,-0.130788,-0.489441,0.000014,0.037900,0.003607,0.194678,0.000002,0.034541,0.001349,0.185852,0.000000,0.000000,0.000000,0.577912,-1.129598,-3.140000,0.091551,-0.461462,-1.134577,3.140000,-0.018147,0.000000,0.000000,0.000000,0.000000,0.000000,0.000000
1778443239.512777,sequential_ik_elbow_then_wrist,0,0,-0.077471,0.104676,-0.270261,-0.279787,0.077211,-0.490066,-0.059215,-0.113357,-0.271374,-0.264907,-0.130028,-0.489119,0.000015,0.038116,0.003700,0.195231,0.000002,0.034649,0.001417,0.186143,0.000000,0.000000,0.000000,0.585309,-1.127825,-3.140000,0.082256,-0.463588,-1.133612,3.140000,-0.018389,0.000000,0.000000,0.000000,0.000000,0.000000,0.000000
1778443239.578816,sequential_ik_elbow_then_wrist,0,0,-0.077315,0.104538,-0.270360,-0.279118,0.077304,-0.490663,-0.058746,-0.112959,-0.271642,-0.264657,-0.128920,-0.489232,0.000008,0.037196,0.002730,0.192863,0.000001,0.034583,0.000900,0.185966,0.000000,0.000000,0.000000,0.592629,-1.126555,-3.140000,0.073872,-0.465745,-1.133239,3.140000,-0.018724,0.000000,0.000000,0.000000,0.000000,0.000000,0.000000
1778443239.635544,sequential_ik_elbow_then_wrist,0,0,-0.076470,0.103923,-0.270836,-0.278231,0.076459,-0.491150,-0.057653,-0.112915,-0.271894,-0.263770,-0.127279,-0.489402,0.000004,0.036700,0.001816,0.191572,0.000000,0.034654,0.000173,0.186157,0.000000,0.000000,0.000000,0.599303,-1.126279,-3.140000,0.066382,-0.467355,-1.133403,3.140000,-0.018494,0.000000,0.000000,0.000000,0.000000,0.000000,0.000000
1778443239.691747,sequential_ik_elbow_then_wrist,0,0,-0.071353,0.104435,-0.272033,-0.255235,0.080369,-0.507847,-0.056071,-0.112409,-0.272434,-0.261609,-0.126090,-0.490533,0.000005,0.028643,0.002135,0.169209,0.000001,0.034360,0.000990,0.185363,0.000000,0.000000,0.000000,0.603150,-1.127963,-3.140000,0.068815,-0.468020,-1.134425,3.140000,-0.017708,0.000000,0.000000,0.000000,0.000000,0.000000,0.000000
1778443239.747843,sequential_ik_elbow_then_wrist,0,0,-0.069381,0.104842,-0.272387,-0.249459,0.081758,-0.511215,-0.055022,-0.111762,-0.272914,-0.260630,-0.125053,-0.490970,0.000009,0.027165,0.002961,0.164811,0.000002,0.034505,0.001252,0.185755,0.000000,0.000000,0.000000,0.604312,-1.130207,-3.140000,0.074377,-0.467812,-1.136118,3.140000,-0.017052,0.000000,0.000000,0.000000,0.000000,0.000000,0.000000
1778443239.817951,sequential_ik_elbow_then_wrist,0,0,-0.067201,0.105666,-0.272615,-0.246387,0.083207,-0.512173,-0.053544,-0.110745,-0.273621,-0.259953,-0.123650,-0.490943,0.000017,0.026737,0.003974,0.163513,0.000003,0.034939,0.001658,0.186920,0.000000,0.000000,0.000000,0.602835,-1.132489,-3.140000,0.080300,-0.466725,-1.138675,3.140000,-0.017131,0.000000,0.000000,0.000000,0.000000,0.000000,0.000000
1778443239.874206,sequential_ik_elbow_then_wrist,0,0,-0.060087,0.106517,-0.273941,-0.239447,0.084206,-0.513383,-0.052303,-0.109658,-0.274298,-0.258748,-0.122992,-0.491560,0.000069,0.026098,0.008009,0.161548,0.000004,0.035015,0.001782,0.187122,0.000000,0.000000,0.000000,0.597072,-1.136472,-3.140000,0.085911,-0.464911,-1.141935,3.140000,-0.018084,0.000000,0.000000,0.000000,0.000000,0.000000,0.000000
1778443239.942209,sequential_ik_elbow_then_wrist,0,0,-0.056423,0.105894,-0.274960,-0.238897,0.083218,-0.512002,-0.050956,-0.109227,-0.274723,-0.257053,-0.122582,-0.492314,0.000075,0.027634,0.008368,0.166234,0.000005,0.034956,0.002154,0.186965,0.000000,0.000000,0.000000,0.587957,-1.141590,-3.140000,0.089664,-0.462325,-1.145369,3.140000,-0.019081,0.000000,0.000000,0.000000,0.000000,0.000000,0.000000
1778443239.996696,sequential_ik_elbow_then_wrist,0,0,-0.051638,0.106386,-0.275709,-0.224419,0.085324,-0.520051,-0.050031,-0.109146,-0.274925,-0.256211,-0.122259,-0.492452,0.000105,0.024403,0.009961,0.156202,0.000006,0.035224,0.002286,0.187679,0.000000,0.000000,0.000000,0.575504,-1.147209,-3.140000,0.097360,-0.459074,-1.148511,3.140000,-0.019695,0.000000,0.000000,0.000000,0.000000,0.000000,0.000000
1778443240.058469,sequential_ik_elbow_then_wrist,0,0,-0.049758,0.106796,-0.275896,-0.225898,0.085703,-0.517825,-0.049794,-0.109358,-0.274884,-0.256497,-0.121155,-0.491989,0.000091,0.026199,0.009280,0.161862,0.000004,0.035996,0.002016,0.189726,0.000000,0.000000,0.000000,0.560942,-1.152132,-3.140000,0.104532,-0.455468,-1.150953,3.140000,-0.019242,0.000000,0.000000,0.000000,0.000000,0.000000,0.000000
1778443240.117775,sequential_ik_elbow_then_wrist,0,0,-0.049914,0.107349,-0.275653,-0.227485,0.086090,-0.516520,-0.049867,-0.108868,-0.275065,-0.257105,-0.120864,-0.491649,0.000058,0.027718,0.007411,0.166486,0.000002,0.036557,0.001363,0.191199,0.000000,0.000000,0.000000,0.545803,-1.155553,-3.140000,0.111647,-0.451966,-1.153096,3.140000,-0.018806,0.000000,0.000000,0.000000,0.000000,0.000000,0.000000
1778443240.169231,sequential_ik_elbow_then_wrist,0,0,-0.052279,0.106497,-0.275545,-0.240044,0.083787,-0.508416,-0.050528,-0.108660,-0.275027,-0.257690,-0.120506,-0.491692,0.000016,0.033054,0.003872,0.181806,0.000000,0.036912,0.000525,0.192124,0.000000,0.000000,0.000000,0.532160,-1.157797,-3.140000,0.114947,-0.449009,-1.154726,3.140000,-0.018245,0.000000,0.000000,0.000000,0.000000,0.000000,0.000000
1778443240.243312,sequential_ik_elbow_then_wrist,0,0,-0.052620,0.106473,-0.275490,-0.240346,0.083875,-0.508402,-0.050118,-0.108563,-0.275141,-0.257061,-0.122034,-0.491919,0.000008,0.033573,0.002793,0.183229,0.000000,0.036526,0.000671,0.191118,0.000000,0.000000,0.000000,0.520246,-1.159314,-3.140000,0.117737,-0.446388,-1.156141,3.140000,-0.018498,0.000000,0.000000,0.000000,0.000000,0.000000,0.000000
1778443240.292845,sequential_ik_elbow_then_wrist,0,0,-0.054570,0.106027,-0.275283,-0.241639,0.083405,-0.508721,-0.049984,-0.108354,-0.275247,-0.256467,-0.123121,-0.492380,0.000001,0.034111,0.000688,0.184690,0.000000,0.036190,0.000554,0.190235,0.000000,0.000000,0.000000,0.510817,-1.160080,-3.140000,0.120672,-0.444090,-1.157421,3.140000,-0.019404,0.000000,0.000000,0.000000,0.000000,0.000000,0.000000
1778443240.364727,sequential_ik_elbow_then_wrist,0,0,-0.056246,0.105831,-0.275020,-0.248484,0.082556,-0.504156,-0.050453,-0.107974,-0.275311,-0.256842,-0.122743,-0.492533,0.000001,0.036730,0.000731,0.191649,0.000000,0.036356,0.000061,0.190672,0.000000,0.000000,0.000000,0.504047,-1.160168,-3.140000,0.121205,-0.442359,-1.158539,3.140000,-0.020380,0.000000,0.000000,0.000000,0.000000,0.000000,0.000000
1778443240.423148,sequential_ik_elbow_then_wrist,0,0,-0.057911,0.105555,-0.274781,-0.253024,0.082032,-0.501447,-0.051118,-0.108266,-0.275074,-0.257130,-0.123453,-0.492625,0.000003,0.038225,0.001811,0.195511,0.000000,0.036212,0.000416,0.190294,0.000000,0.000000,0.000000,0.499915,-1.159761,-3.140000,0.119666,-0.441266,-1.159055,3.140000,-0.021247,0.000000,0.000000,0.000000,0.000000,0.000000,0.000000
1778443240.474287,sequential_ik_elbow_then_wrist,0,0,-0.058997,0.106617,-0.274139,-0.253193,0.082535,-0.501532,-0.051095,-0.108474,-0.274996,-0.256948,-0.123894,-0.492681,0.000004,0.037819,0.001804,0.194471,0.000000,0.036016,0.000237,0.189779,0.000000,0.000000,0.000000,0.497773,-1.158361,-3.140000,0.118777,-0.440561,-1.159250,3.140000,-0.021882,0.000000,0.000000,0.000000,0.000000,0.000000,0.000000
1778443240.542500,sequential_ik_elbow_then_wrist,0,0,-0.058859,0.107698,-0.273746,-0.245947,0.085315,-0.507192,-0.050770,-0.108700,-0.274967,-0.255281,-0.124464,-0.493889,0.000001,0.034262,0.000926,0.185095,0.000000,0.035294,0.000133,0.187867,0.000000,0.000000,0.000000,0.496645,-1.156446,-3.140000,0.121085,-0.439954,-1.159308,3.140000,-0.021704,0.000000,0.000000,0.000000,0.000000,0.000000,0.000000
1778443240.605513,sequential_ik_elbow_then_wrist,0,0,-0.060915,0.107316,-0.273446,-0.247421,0.084875,-0.507352,-0.050629,-0.108941,-0.274897,-0.254089,-0.124976,-0.494777,0.000005,0.034359,0.002219,0.185363,0.000000,0.034798,0.000284,0.186541,0.000000,0.000000,0.000000,0.497066,-1.154357,-3.140000,0.123902,-0.439335,-1.159225,3.140000,-0.020811,0.000000,0.000000,0.000000,0.000000,0.000000,0.000000
1778443240.670966,sequential_ik_elbow_then_wrist,0,0,-0.058957,0.108188,-0.273531,-0.240802,0.087322,-0.511222,-0.050381,-0.108801,-0.274998,-0.254025,-0.124764,-0.494713,0.000000,0.031558,0.000054,0.177644,0.000000,0.034897,0.000351,0.186806,0.000000,0.000000,0.000000,0.497417,-1.152738,-3.140000,0.127815,-0.438668,-1.159288,3.140000,-0.019898,0.000000,0.000000,0.000000,0.000000,0.000000,0.000000
1778443240.710698,sequential_ik_elbow_then_wrist,0,0,-0.059179,0.108441,-0.273383,-0.241140,0.087842,-0.511008,-0.050367,-0.109202,-0.274842,-0.253964,-0.124779,-0.494627,0.000000,0.031556,0.000129,0.177639,0.000000,0.034969,0.000421,0.187000,0.000000,0.000000,0.000000,0.497740,-1.151279,-3.140000,0.131177,-0.437930,-1.159125,3.140000,-0.018707,0.000000,0.000000,0.000000,0.000000,0.000000,0.000000
1778443240.775363,sequential_ik_elbow_then_wrist,0,0,-0.059491,0.109092,-0.273056,-0.238699,0.089097,-0.512816,-0.050933,-0.109531,-0.274607,-0.254674,-0.125352,-0.494242,0.000000,0.030436,0.000206,0.174458,0.000000,0.035120,0.000155,0.187403,0.000000,0.000000,0.000000,0.498012,-1.149630,-3.140000,0.135067,-0.437351,-1.158590,3.140000,-0.017633,0.000000,0.000000,0.000000,0.000000,0.000000,0.000000
1778443240.845318,sequential_ik_elbow_then_wrist,0,0,-0.059662,0.109448,-0.272877,-0.238511,0.089543,-0.512911,-0.051100,-0.109569,-0.274560,-0.255186,-0.125872,-0.493840,0.000000,0.030281,0.000146,0.174013,0.000000,0.035200,0.000102,0.187617,0.000000,0.000000,0.000000,0.498231,-1.147985,-3.140000,0.138827,-0.436958,-1.158019,3.140000,-0.017083,0.000000,0.000000,0.000000,0.000000,0.000000,0.000000
1778443240.908851,sequential_ik_elbow_then_wrist,0,0,-0.058134,0.110069,-0.272957,-0.232994,0.090646,-0.515951,-0.050655,-0.109588,-0.274635,-0.255065,-0.126218,-0.493587,0.000002,0.028476,0.001241,0.168747,0.000000,0.035177,0.000259,0.187554,0.000000,0.000000,0.000000,0.497668,-1.146768,-3.140000,0.143851,-0.436513,-1.157662,3.140000,-0.017039,0.000000,0.000000,0.000000,0.000000,0.000000,0.000000
1778443240.965010,sequential_ik_elbow_then_wrist,0,0,-0.057292,0.110290,-0.273046,-0.226008,0.091237,-0.520375,-0.050539,-0.110303,-0.274370,-0.254663,-0.127680,-0.493531,0.000003,0.026354,0.001600,0.162332,0.000000,0.034885,0.000535,0.186776,0.000000,0.000000,0.000000,0.496300,-1.145987,-3.140000,0.151083,-0.435883,-1.157004,3.140000,-0.017118,0.000000,0.000000,0.000000,0.000000,0.000000,0.000000
1778443241.616749,sequential_ik_elbow_then_wrist,0,0,-0.057558,0.110784,-0.272789,-0.215843,0.092435,-0.526972,-0.053947,-0.110479,-0.273650,-0.256899,-0.130021,-0.493715,0.000002,0.023173,0.001230,0.152209,0.000004,0.034679,0.001983,0.186222,0.000000,0.000000,0.000000,0.494539,-1.145042,-3.140000,0.161888,-0.436515,-1.155333,3.140000,-0.017772,0.000000,0.000000,0.000000,0.000000,0.000000,0.000000
1778443241.679479,sequential_ik_elbow_then_wrist,0,0,-0.049054,0.111491,-0.274160,-0.199685,0.095034,-0.533079,-0.052381,-0.110489,-0.273949,-0.253542,-0.130326,-0.495627,0.000053,0.019362,0.007047,0.139136,0.000000,0.033342,0.000401,0.182597,0.000000,0.000000,0.000000,0.489143,-1.146433,-3.140000,0.174066,-0.437223,-1.154238,3.140000,-0.017533,0.000000,0.000000,0.000000,0.000000,0.000000,0.000000
1778443241.747142,sequential_ik_elbow_then_wrist,0,0,-0.047012,0.111678,-0.274441,-0.199389,0.094631,-0.532298,-0.052085,-0.110836,-0.273866,-0.252080,-0.131420,-0.496528,0.000051,0.020225,0.006928,0.142214,0.000000,0.032619,0.000036,0.180607,0.000000,0.000000,0.000000,0.481090,-1.148398,-3.140000,0.184648,-0.437752,-1.153318,3.140000,-0.016966,0.000000,0.000000,0.000000,0.000000,0.000000,0.000000
1778443241.804913,sequential_ik_elbow_then_wrist,1,0,-0.044248,0.112370,-0.274618,-0.191590,0.094708,-0.535345,-0.049938,-0.110899,-0.274240,-0.246718,-0.131871,-0.499712,0.000060,0.019005,0.007559,0.137851,0.000003,0.030983,0.001552,0.176019,0.000000,0.000000,0.000000,0.470686,-1.150397,-3.140000,0.196394,-0.437272,-1.153173,3.140000,-0.014812,0.000000,0.000000,0.000000,0.000000,0.000000,0.000000
1778443241.878675,sequential_ik_elbow_then_wrist,1,0,-0.044837,0.112171,-0.274604,-0.195175,0.094266,-0.533597,-0.049721,-0.110429,-0.274469,-0.247225,-0.131361,-0.499311,0.000031,0.020648,0.005403,0.143693,0.000002,0.031493,0.001206,0.177464,0.000000,0.000000,0.000000,0.459723,-1.151931,-3.140000,0.206492,-0.436227,-1.153537,3.140000,-0.013083,0.000000,0.000000,0.000000,0.000000,0.000000,0.000000
1778443241.929497,sequential_ik_elbow_then_wrist,1,0,-0.043131,0.112348,-0.274805,-0.193432,0.094620,-0.533832,-0.048180,-0.110240,-0.274820,-0.244947,-0.132068,-0.500222,0.000032,0.020774,0.005482,0.144130,0.000004,0.031001,0.001972,0.176070,0.000000,0.000000,0.000000,0.448298,-1.153412,-3.140000,0.215459,-0.434325,-1.154466,3.140000,-0.011829,0.000000,0.000000,0.000000,0.000000,0.000000,0.000000
1778443242.902420,sequential_ik_elbow_then_wrist,0,0,-0.056301,0.109216,-0.273682,-0.229152,0.085778,-0.517758,-0.053701,-0.106075,-0.275435,-0.261409,-0.125760,-0.491004,0.000040,0.032549,0.006101,0.180403,0.000015,0.037326,0.003777,0.193182,0.000000,0.000000,0.000000,0.443082,-1.152918,-3.140000,0.217376,-0.434979,-1.156302,3.140000,-0.017059,0.000000,0.000000,0.000000,0.000000,0.000000,0.000000
1778443242.955359,sequential_ik_elbow_then_wrist,0,0,-0.054577,0.109453,-0.273937,-0.224968,0.086534,-0.519786,-0.053289,-0.106356,-0.275406,-0.261328,-0.124823,-0.490764,0.000012,0.030452,0.003404,0.174503,0.000007,0.036959,0.002558,0.192245,0.000000,0.000000,0.000000,0.441075,-1.152487,-3.140000,0.217578,-0.436900,-1.157891,3.140000,-0.023377,0.000000,0.000000,0.000000,0.000000,0.000000,0.000000
1778443243.018317,sequential_ik_elbow_then_wrist,0,0,-0.053070,0.109515,-0.274208,-0.224363,0.085047,-0.519279,-0.053649,-0.106514,-0.275276,-0.262284,-0.124182,-0.490123,0.000003,0.030342,0.001564,0.174189,0.000005,0.036983,0.002206,0.192308,0.000000,0.000000,0.000000,0.440443,-1.152533,-3.140000,0.217388,-0.439587,-1.158935,3.140000,-0.029297,0.000000,0.000000,0.000000,0.000000,0.000000,0.000000
1778443243.079723,sequential_ik_elbow_then_wrist,0,0,-0.053104,0.108548,-0.274586,-0.224629,0.083100,-0.519395,-0.053494,-0.107412,-0.274957,-0.261442,-0.124554,-0.490510,0.000003,0.030515,0.001573,0.174685,0.000002,0.036331,0.001325,0.190606,0.000000,0.000000,0.000000,0.440846,-1.153230,-3.140000,0.216827,-0.442362,-1.159188,3.140000,-0.033487,0.000000,0.000000,0.000000,0.000000,0.000000,0.000000
1778443243.146424,sequential_ik_elbow_then_wrist,0,0,-0.050908,0.108073,-0.275188,-0.218689,0.082621,-0.522578,-0.052182,-0.108062,-0.274954,-0.257977,-0.124284,-0.492635,0.000000,0.028616,0.000436,0.169163,0.000000,0.035144,0.000130,0.187464,0.000000,0.000000,0.000000,0.441053,-1.154832,-3.140000,0.217085,-0.444404,-1.159248,3.140000,-0.034580,0.000000,0.000000,0.000000,0.000000,0.000000,0.000000
1778443243.195306,sequential_ik_elbow_then_wrist,0,0,-0.056272,0.107715,-0.274283,-0.235250,0.080072,-0.513454,-0.053997,-0.108359,-0.274486,-0.260105,-0.123392,-0.491956,0.000015,0.034306,0.003774,0.185212,0.000001,0.035809,0.001112,0.189232,0.000000,0.000000,0.000000,0.443334,-1.154943,-3.140000,0.213661,-0.446564,-1.158548,3.140000,-0.034187,0.000000,0.000000,0.000000,0.000000,0.000000,0.000000
1778443243.259567,sequential_ik_elbow_then_wrist,0,0,-0.057062,0.108269,-0.273901,-0.234996,0.080967,-0.513888,-0.054096,-0.108646,-0.274353,-0.260112,-0.123137,-0.491947,0.000012,0.033484,0.003283,0.182985,0.000001,0.035693,0.000820,0.188925,0.000000,0.000000,0.000000,0.446936,-1.154186,-3.140000,0.209990,-0.448664,-1.157642,3.140000,-0.033012,0.000000,0.000000,0.000000,0.000000,0.000000,0.000000
1778443243.313792,sequential_ik_elbow_then_wrist,0,0,-0.057556,0.108527,-0.273695,-0.234671,0.081466,-0.514315,-0.054255,-0.108638,-0.274325,-0.259449,-0.122781,-0.492718,0.000008,0.032801,0.002784,0.181109,0.000001,0.035327,0.000742,0.187955,0.000000,0.000000,0.000000,0.451275,-1.153098,-3.140000,0.206764,-0.450683,-1.156823,3.140000,-0.031237,0.000000,0.000000,0.000000,0.000000,0.000000,0.000000
1778443243.396458,sequential_ik_elbow_then_wrist,0,0,-0.055793,0.108787,-0.273957,-0.231388,0.081803,-0.515697,-0.054281,-0.108412,-0.274409,-0.259386,-0.123252,-0.492840,0.000001,0.031504,0.000844,0.177495,0.000000,0.035058,0.000672,0.187238,0.000000,0.000000,0.000000,0.455055,-1.152532,-3.140000,0.204551,-0.452599,-1.156300,3.140000,-0.030178,0.000000,0.000000,0.000000,0.000000,0.000000,0.000000
1778443243.443942,sequential_ik_elbow_then_wrist,0,0,-0.053829,0.108906,-0.274303,-0.226011,0.082539,-0.518552,-0.054064,-0.108414,-0.274451,-0.259158,-0.123526,-0.492873,0.000001,0.029668,0.000781,0.172245,0.000000,0.034854,0.000371,0.186691,0.000000,0.000000,0.000000,0.457498,-1.152684,-3.140000,0.203836,-0.454265,-1.155988,3.140000,-0.029775,0.000000,0.000000,0.000000,0.000000,0.000000,0.000000
1778443243.496230,sequential_ik_elbow_then_wrist,0,0,-0.050745,0.108961,-0.274868,-0.217142,0.083775,-0.523218,-0.053614,-0.107935,-0.274728,-0.258322,-0.123182,-0.493503,0.000008,0.026957,0.002776,0.164184,0.000000,0.034579,0.000216,0.185955,0.000000,0.000000,0.000000,0.457796,-1.153820,-3.140000,0.205249,-0.455611,-1.156195,3.140000,-0.029707,0.000000,0.000000,0.000000,0.000000,0.000000,0.000000
1778443243.551729,sequential_ik_elbow_then_wrist,0,0,-0.049450,0.108303,-0.275364,-0.216473,0.084090,-0.523390,-0.053729,-0.107200,-0.274993,-0.258374,-0.122742,-0.493806,0.000009,0.027108,0.002857,0.164644,0.000000,0.034558,0.000482,0.185898,0.000000,0.000000,0.000000,0.456435,-1.155684,-3.140000,0.206038,-0.456883,-1.156863,3.140000,-0.030323,0.000000,0.000000,0.000000,0.000000,0.000000,0.000000
1778443243.614306,sequential_ik_elbow_then_wrist,0,0,-0.049504,0.108008,-0.275470,-0.219531,0.083137,-0.521381,-0.053711,-0.107280,-0.274966,-0.257970,-0.123048,-0.494122,0.000005,0.028587,0.002088,0.169076,0.000000,0.034282,0.000307,0.185154,0.000000,0.000000,0.000000,0.454242,-1.157485,-3.140000,0.205891,-0.458022,-1.157443,3.140000,-0.031148,0.000000,0.000000,0.000000,0.000000,0.000000,0.000000
1778443243.684991,sequential_ik_elbow_then_wrist,0,0,-0.049901,0.107444,-0.275619,-0.222639,0.082428,-0.519618,-0.053357,-0.107147,-0.275086,-0.257293,-0.123669,-0.494488,0.000001,0.029929,0.001169,0.173000,0.000000,0.033914,0.000084,0.184156,0.000000,0.000000,0.000000,0.451931,-1.159165,-3.140000,0.204666,-0.458908,-1.158088,3.140000,-0.032261,0.000000,0.000000,0.000000,0.000000,0.000000,0.000000
1778443243.738964,sequential_ik_elbow_then_wrist,0,0,-0.048216,0.107594,-0.275860,-0.220116,0.083970,-0.520589,-0.052572,-0.106936,-0.275320,-0.256075,-0.124363,-0.495053,0.000005,0.029166,0.002169,0.170781,0.000000,0.033452,0.000472,0.182899,0.000000,0.000000,0.000000,0.448982,-1.160900,-3.140000,0.203178,-0.459332,-1.158986,3.140000,-0.033660,0.000000,0.000000,0.000000,0.000000,0.000000,0.000000
1778443243.801555,sequential_ik_elbow_then_wrist,0,0,-0.046550,0.108083,-0.275955,-0.213210,0.087146,-0.524524,-0.051817,-0.107401,-0.275282,-0.253472,-0.125672,-0.496645,0.000010,0.026769,0.003057,0.163611,0.000001,0.032492,0.001041,0.180255,0.000000,0.000000,0.000000,0.445063,-1.162487,-3.140000,0.202791,-0.459074,-1.159706,3.140000,-0.034217,0.000000,0.000000,0.000000,0.000000,0.000000,0.000000
1778443243.860841,sequential_ik_elbow_then_wrist,1,0,-0.047125,0.108278,-0.275781,-0.214057,0.087823,-0.524207,-0.051343,-0.107633,-0.275280,-0.252692,-0.126535,-0.496868,0.000004,0.027192,0.002061,0.164900,0.000002,0.032322,0.001229,0.179784,0.000000,0.000000,0.000000,0.440952,-1.163467,-3.140000,0.202864,-0.458193,-1.160260,3.140000,-0.034401,0.000000,0.000000,0.000000,0.000000,0.000000,0.000000
1778443243.919419,sequential_ik_elbow_then_wrist,1,0,-0.052920,0.107348,-0.275092,-0.221425,0.087723,-0.522521,-0.052510,-0.108985,-0.274527,-0.253518,-0.128603,-0.496363,0.000009,0.029054,0.002850,0.170453,0.000001,0.032337,0.000742,0.179824,0.000000,0.000000,0.000000,0.439394,-1.163097,-3.140000,0.201825,-0.457183,-1.159519,3.140000,-0.034027,0.000000,0.000000,0.000000,0.000000,0.000000,0.000000
1778443243.979186,sequential_ik_elbow_then_wrist,1,0,-0.053932,0.107557,-0.274814,-0.222695,0.088132,-0.522083,-0.052641,-0.109208,-0.274413,-0.253699,-0.129240,-0.496166,0.000009,0.028980,0.002860,0.170235,0.000000,0.032379,0.000483,0.179943,0.000000,0.000000,0.000000,0.439807,-1.162133,-3.140000,0.200396,-0.456157,-1.158515,3.140000,-0.033251,0.000000,0.000000,0.000000,0.000000,0.000000,0.000000
1778443244.044521,sequential_ik_elbow_then_wrist,0,0,-0.061644,0.106446,-0.273622,-0.255286,0.082730,-0.501527,-0.053137,-0.109416,-0.274235,-0.255288,-0.129717,-0.494967,0.000068,0.040881,0.008004,0.202154,0.000000,0.032882,0.000158,0.181335,0.000000,0.000000,0.000000,0.444671,-1.159584,-3.140000,0.190088,-0.455334,-1.157379,3.140000,-0.032975,0.000000,0.000000,0.000000,0.000000,0.000000,0.000000
1778443244.516353,sequential_ik_elbow_then_wrist,0,0,-0.058760,0.110591,-0.272611,-0.235758,0.094537,-0.514301,-0.049968,-0.109159,-0.274932,-0.253877,-0.132806,-0.493705,0.000009,0.030680,0.002827,0.175158,0.000005,0.032453,0.002224,0.180142,0.000000,0.000000,0.000000,0.449955,-1.155567,-3.140000,0.183050,-0.453467,-1.157512,3.140000,-0.035613,0.000000,0.000000,0.000000,0.000000,0.000000,0.000000
1778443244.583072,sequential_ik_elbow_then_wrist,0,0,-0.055581,0.111649,-0.272847,-0.232504,0.095997,-0.514618,-0.049454,-0.109033,-0.275075,-0.254228,-0.131214,-0.493193,0.000000,0.029542,0.000461,0.171877,0.000004,0.033323,0.002039,0.182546,0.000000,0.000000,0.000000,0.453702,-1.152368,-3.140000,0.178438,-0.450907,-1.158059,3.140000,-0.037988,0.000000,0.000000,0.000000,0.000000,0.000000,0.000000
1778443244.642205,sequential_ik_elbow_then_wrist,0,0,-0.052570,0.112459,-0.273110,-0.222494,0.097923,-0.519919,-0.047595,-0.109129,-0.275365,-0.252995,-0.130058,-0.493018,0.000008,0.026405,0.002697,0.162490,0.000009,0.033797,0.002947,0.183839,0.000000,0.000000,0.000000,0.454968,-1.150315,-3.140000,0.177983,-0.447319,-1.159040,3.140000,-0.039112,0.000000,0.000000,0.000000,0.000000,0.000000,0.000000
1778443244.709138,sequential_ik_elbow_then_wrist,0,0,-0.050505,0.112720,-0.273392,-0.214896,0.098670,-0.523949,-0.047132,-0.109061,-0.275471,-0.252149,-0.129790,-0.493504,0.000014,0.024453,0.003588,0.156368,0.000007,0.034071,0.002614,0.184584,0.000000,0.000000,0.000000,0.453836,-1.149278,-3.140000,0.180960,-0.443141,-1.160075,3.140000,-0.039029,0.000000,0.000000,0.000000,0.000000,0.000000,0.000000
1778443244.763596,sequential_ik_elbow_then_wrist,0,0,-0.046197,0.113155,-0.273974,-0.207506,0.099274,-0.526534,-0.046724,-0.108861,-0.275620,-0.250500,-0.128750,-0.494891,0.000037,0.023052,0.005925,0.151824,0.000005,0.034084,0.002280,0.184616,0.000000,0.000000,0.000000,0.449558,-1.149547,-3.140000,0.185993,-0.438704,-1.161155,3.140000,-0.037123,0.000000,0.000000,0.000000,0.000000,0.000000,0.000000
1778443244.834120,sequential_ik_elbow_then_wrist,0,0,-0.044853,0.113595,-0.274015,-0.202979,0.099825,-0.528587,-0.046229,-0.108928,-0.275676,-0.249443,-0.128009,-0.495540,0.000034,0.022381,0.005664,0.149598,0.000005,0.034262,0.002167,0.185099,0.000000,0.000000,0.000000,0.443052,-1.150049,-3.140000,0.192611,-0.434135,-1.162130,3.140000,-0.033925,0.000000,0.000000,0.000000,0.000000,0.000000,0.000000
1778443244.891040,sequential_ik_elbow_then_wrist,0,0,-0.041508,0.113551,-0.274560,-0.198740,0.099102,-0.529647,-0.045999,-0.108832,-0.275753,-0.249014,-0.126666,-0.495905,0.000049,0.022150,0.006768,0.148825,0.000004,0.034702,0.001838,0.186284,0.000000,0.000000,0.000000,0.434257,-1.151367,-3.140000,0.200171,-0.429649,-1.163023,3.140000,-0.029741,0.000000,0.000000,0.000000,0.000000,0.000000,0.000000
1778443244.948176,sequential_ik_elbow_then_wrist,0,0,-0.040847,0.114085,-0.274438,-0.199897,0.099526,-0.528389,-0.047350,-0.108704,-0.275575,-0.250001,-0.125937,-0.496109,0.000037,0.023211,0.005893,0.152351,0.000000,0.035202,0.000442,0.187621,0.000000,0.000000,0.000000,0.424228,-1.152364,-3.140000,0.207235,-0.426001,-1.163448,3.140000,-0.025297,0.000000,0.000000,0.000000,0.000000,0.000000,0.000000
1778443245.009167,sequential_ik_elbow_then_wrist,0,0,-0.035881,0.114778,-0.274843,-0.188283,0.100076,-0.532830,-0.046709,-0.109595,-0.275331,-0.249031,-0.125641,-0.496258,0.000074,0.020766,0.008387,0.144095,0.000001,0.035155,0.001092,0.187496,0.000000,0.000000,0.000000,0.411875,-1.153843,-3.140000,0.216772,-0.422629,-1.163337,3.140000,-0.020108,0.000000,0.000000,0.000000,0.000000,0.000000,0.000000
1778443245.070241,sequential_ik_elbow_then_wrist,0,0,-0.030216,0.114709,-0.275552,-0.180773,0.099733,-0.534605,-0.046382,-0.110595,-0.274986,-0.248722,-0.126287,-0.495922,0.000121,0.019919,0.010717,0.141128,0.000002,0.035251,0.001411,0.187750,0.000000,0.000000,0.000000,0.396532,-1.156360,-3.140000,0.227400,-0.419289,-1.162621,3.140000,-0.014654,0.000000,0.000000,0.000000,0.000000,0.000000,0.000000
1778443245.121052,sequential_ik_elbow_then_wrist,0,0,-0.028164,0.114524,-0.275846,-0.177492,0.098791,-0.535564,-0.046942,-0.111432,-0.274553,-0.248411,-0.126365,-0.496335,0.000103,0.020101,0.009911,0.141772,0.000001,0.035281,0.000990,0.187830,0.000000,0.000000,0.000000,0.379422,-1.159006,-3.140000,0.238713,-0.416218,-1.161263,3.140000,-0.008372,0.000000,0.000000,0.000000,0.000000,0.000000,0.000000
1778443245.185974,sequential_ik_elbow_then_wrist,0,0,-0.028725,0.114541,-0.275781,-0.178152,0.098318,-0.535412,-0.046788,-0.111772,-0.274441,-0.247841,-0.126831,-0.496592,0.000057,0.021042,0.007391,0.145056,0.000001,0.035178,0.000956,0.187557,0.000000,0.000000,0.000000,0.362361,-1.160958,-3.140000,0.249981,-0.413348,-1.159874,3.140000,-0.002205,0.000000,0.000000,0.000000,0.000000,0.000000,0.000000
1778443245.243760,sequential_ik_elbow_then_wrist,0,0,-0.028909,0.114317,-0.275855,-0.178894,0.096961,-0.535090,-0.045794,-0.111448,-0.274740,-0.246079,-0.125832,-0.497628,0.000033,0.021938,0.005630,0.148113,0.000002,0.034967,0.001357,0.186994,0.000000,0.000000,0.000000,0.346303,-1.162478,-3.140000,0.261117,-0.410402,-1.159198,3.140000,0.003983,0.000000,0.000000,0.000000,0.000000,0.000000,0.000000
1778443245.319092,sequential_ik_elbow_then_wrist,0,0,-0.028631,0.115097,-0.275559,-0.178375,0.098239,-0.534967,-0.045604,-0.111754,-0.274647,-0.245014,-0.125933,-0.498332,0.000024,0.022147,0.004817,0.148815,0.000002,0.034792,0.001280,0.186525,0.000000,0.000000,0.000000,0.331446,-1.163154,-3.140000,0.271340,-0.407439,-1.158628,3.140000,0.009960,0.000000,0.000000,0.000000,0.000000,0.000000,0.000000
1778443245.373752,sequential_ik_elbow_then_wrist,0,0,-0.029930,0.115393,-0.275297,-0.179337,0.098071,-0.534869,-0.045844,-0.111951,-0.274527,-0.244737,-0.126054,-0.498677,0.000009,0.022699,0.002869,0.150659,0.000001,0.034817,0.000886,0.186593,0.000000,0.000000,0.000000,0.318567,-1.163108,-3.140000,0.281006,-0.404687,-1.157995,3.140000,0.015522,0.000000,0.000000,0.000000,0.000000,0.000000,0.000000
1778443245.429791,sequential_ik_elbow_then_wrist,0,0,-0.033594,0.114716,-0.275158,-0.187558,0.096190,-0.531969,-0.046946,-0.112520,-0.274108,-0.244867,-0.126436,-0.499128,0.000001,0.025368,0.000677,0.159272,0.000000,0.034750,0.000263,0.186412,0.000000,0.000000,0.000000,0.309150,-1.162707,-3.140000,0.288787,-0.402557,-1.156828,3.140000,0.021008,0.000000,0.000000,0.000000,0.000000,0.000000,0.000000
1778443245.491183,sequential_ik_elbow_then_wrist,0,0,-0.033525,0.114408,-0.275294,-0.187247,0.094290,-0.532130,-0.046663,-0.112342,-0.274229,-0.244709,-0.126292,-0.499136,0.000000,0.025386,0.000537,0.159330,0.000000,0.034764,0.000201,0.186451,0.000000,0.000000,0.000000,0.302290,-1.162529,-3.140000,0.295794,-0.400824,-1.155968,3.140000,0.025688,0.000000,0.000000,0.000000,0.000000,0.000000,0.000000
1778443245.553220,sequential_ik_elbow_then_wrist,0,0,-0.032243,0.114041,-0.275599,-0.187072,0.092125,-0.531622,-0.045447,-0.110946,-0.275001,-0.243727,-0.126016,-0.499630,0.000000,0.025642,0.000503,0.160131,0.000001,0.034581,0.000754,0.185959,0.000000,0.000000,0.000000,0.296817,-1.162898,-3.140000,0.302165,-0.399160,-1.156504,3.140000,0.028219,0.000000,0.000000,0.000000,0.000000,0.000000,0.000000
1778443245.613956,sequential_ik_elbow_then_wrist,0,0,-0.032606,0.113181,-0.275911,-0.187593,0.090424,-0.531765,-0.045623,-0.110183,-0.275278,-0.245148,-0.124340,-0.498862,0.000000,0.025951,0.000242,0.161094,0.000000,0.035430,0.000287,0.188228,0.000000,0.000000,0.000000,0.292710,-1.163782,-3.140000,0.307364,-0.397827,-1.157612,3.140000,0.029224,0.000000,0.000000,0.000000,0.000000,0.000000,0.000000
1778443245.669099,sequential_ik_elbow_then_wrist,0,0,-0.033313,0.112720,-0.276015,-0.191654,0.089224,-0.529740,-0.046794,-0.110651,-0.274894,-0.246361,-0.124765,-0.498442,0.000001,0.027400,0.000718,0.165529,0.000000,0.035661,0.000629,0.188842,0.000000,0.000000,0.000000,0.289977,-1.164757,-3.140000,0.310689,-0.397154,-1.158021,3.140000,0.029568,0.000000,0.000000,0.000000,0.000000,0.000000,0.000000
1778443245.728503,sequential_ik_elbow_then_wrist,0,0,-0.035256,0.112254,-0.275964,-0.195095,0.089137,-0.528782,-0.047793,-0.110660,-0.274719,-0.249620,-0.124087,-0.496271,0.000005,0.028326,0.002132,0.168301,0.000002,0.036819,0.001198,0.191882,0.000000,0.000000,0.000000,0.289069,-1.165498,-3.140000,0.311861,-0.397314,-1.157966,3.140000,0.028974,0.000000,0.000000,0.000000,0.000000,0.000000,0.000000
1778443245.787800,sequential_ik_elbow_then_wrist,0,0,-0.035214,0.111691,-0.276197,-0.195322,0.088571,-0.528845,-0.047764,-0.110544,-0.274770,-0.250177,-0.123826,-0.495796,0.000003,0.028270,0.001782,0.168136,0.000001,0.036909,0.000942,0.192116,0.000000,0.000000,0.000000,0.289350,-1.166425,-3.140000,0.311699,-0.397966,-1.157918,3.140000,0.027904,0.000000,0.000000,0.000000,0.000000,0.000000,0.000000
1778443245.856249,sequential_ik_elbow_then_wrist,0,0,-0.035135,0.111653,-0.276223,-0.194475,0.088420,-0.529346,-0.047912,-0.110894,-0.274603,-0.250117,-0.123506,-0.495859,0.000002,0.027840,0.001353,0.166854,0.000001,0.036792,0.000739,0.191813,0.000000,0.000000,0.000000,0.290301,-1.167250,-3.140000,0.311057,-0.398877,-1.157623,3.140000,0.027335,0.000000,0.000000,0.000000,0.000000,0.000000,0.000000
1778443245.908710,sequential_ik_elbow_then_wrist,0,0,-0.034491,0.111872,-0.276216,-0.193759,0.088856,-0.529403,-0.047709,-0.110960,-0.274612,-0.249759,-0.123582,-0.496009,0.000000,0.027518,0.000532,0.165886,0.000000,0.036567,0.000405,0.191224,0.000000,0.000000,0.000000,0.291313,-1.167888,-3.140000,0.310137,-0.399798,-1.157352,3.140000,0.027020,0.000000,0.000000,0.000000,0.000000,0.000000,0.000000
1778443245.977593,sequential_ik_elbow_then_wrist,0,0,-0.032907,0.112460,-0.276170,-0.193035,0.089697,-0.528838,-0.047184,-0.110213,-0.275003,-0.249804,-0.122734,-0.495885,0.000001,0.027361,0.000912,0.165410,0.000000,0.036721,0.000276,0.191626,0.000000,0.000000,0.000000,0.291585,-1.168305,-3.140000,0.309205,-0.400593,-1.157737,3.140000,0.026300,0.000000,0.000000,0.000000,0.000000,0.000000,0.000000
1778443246.032563,sequential_ik_elbow_then_wrist,0,0,-0.031159,0.113003,-0.276151,-0.185466,0.093006,-0.532646,-0.046494,-0.109933,-0.275233,-0.248149,-0.121949,-0.497023,0.000005,0.024695,0.002166,0.157146,0.000000,0.036272,0.000333,0.190452,0.000000,0.000000,0.000000,0.290611,-1.168588,-3.140000,0.308558,-0.401041,-1.158520,3.140000,0.026105,0.000000,0.000000,0.000000,0.000000,0.000000,0.000000
1778443246.096648,sequential_ik_elbow_then_wrist,0,0,-0.031088,0.113887,-0.275796,-0.185190,0.094958,-0.532494,-0.046530,-0.109750,-0.275300,-0.247635,-0.121934,-0.497579,0.000004,0.024626,0.001969,0.156928,0.000000,0.036078,0.000159,0.189943,0.000000,0.000000,0.000000,0.288798,-1.168233,-3.140000,0.308193,-0.401305,-1.159331,3.140000,0.026045,0.000000,0.000000,0.000000,0.000000,0.000000,0.000000
1778443246.159338,sequential_ik_elbow_then_wrist,0,0,-0.030068,0.114684,-0.275578,-0.184882,0.095648,-0.531840,-0.045934,-0.109162,-0.275634,-0.246868,-0.122485,-0.498002,0.000007,0.024768,0.002489,0.157377,0.000000,0.035762,0.000415,0.189109,0.000000,0.000000,0.000000,0.286051,-1.167500,-3.140000,0.308812,-0.401307,-1.160517,3.140000,0.025196,0.000000,0.000000,0.000000,0.000000,0.000000,0.000000
1778443246.215695,sequential_ik_elbow_then_wrist,0,0,-0.028135,0.115247,-0.275548,-0.181666,0.096982,-0.532637,-0.044261,-0.109556,-0.275751,-0.244663,-0.123593,-0.498556,0.000013,0.024010,0.003532,0.154952,0.000003,0.035122,0.001617,0.187409,0.000000,0.000000,0.000000,0.282010,-1.166807,-3.140000,0.310328,-0.400418,-1.161739,3.140000,0.024274,0.000000,0.000000,0.000000,0.000000,0.000000,0.000000
1778443246.306426,sequential_ik_elbow_then_wrist,0,0,-0.028089,0.114979,-0.275664,-0.184622,0.096828,-0.530944,-0.043687,-0.109982,-0.275672,-0.243248,-0.124704,-0.499188,0.000008,0.025307,0.002755,0.159082,0.000003,0.034757,0.001813,0.186433,0.000000,0.000000,0.000000,0.277417,-1.166417,-3.140000,0.311679,-0.398742,-1.162621,3.140000,0.023900,0.000000,0.000000,0.000000,0.000000,0.000000,0.000000
1778443246.347965,sequential_ik_elbow_then_wrist,0,0,-0.027543,0.114348,-0.275982,-0.184486,0.097279,-0.531085,-0.043306,-0.109979,-0.275734,-0.242379,-0.124945,-0.499667,0.000006,0.025484,0.002463,0.159638,0.000003,0.034711,0.001702,0.186308,0.000000,0.000000,0.000000,0.272576,-1.166646,-3.140000,0.312277,-0.396529,-1.163375,3.140000,0.024226,0.000000,0.000000,0.000000,0.000000,0.000000,0.000000
1778443246.402146,sequential_ik_elbow_then_wrist,0,0,-0.027085,0.112469,-0.276798,-0.184254,0.097782,-0.531910,-0.042642,-0.109687,-0.275954,-0.241616,-0.125194,-0.499938,0.000004,0.025544,0.001988,0.159821,0.000003,0.034724,0.001742,0.186344,0.000000,0.000000,0.000000,0.267857,-1.168228,-3.140000,0.310666,-0.393892,-1.164313,3.140000,0.024643,0.000000,0.000000,0.000000,0.000000,0.000000,0.000000
1778443246.461097,sequential_ik_elbow_then_wrist,0,0,-0.029198,0.112183,-0.276699,-0.188849,0.097234,-0.530250,-0.041379,-0.109354,-0.276278,-0.240334,-0.125880,-0.500206,0.000000,0.027105,0.000167,0.164635,0.000005,0.034583,0.002208,0.185966,0.000000,0.000000,0.000000,0.264355,-1.169585,-3.140000,0.308079,-0.390688,-1.165626,3.140000,0.024603,0.000000,0.000000,0.000000,0.000000,0.000000,0.000000
1778443246.514821,sequential_ik_elbow_then_wrist,0,0,-0.031821,0.110777,-0.276976,-0.201014,0.094338,-0.524167,-0.041506,-0.109098,-0.276360,-0.240782,-0.125676,-0.499999,0.000006,0.031549,0.002431,0.177618,0.000003,0.035069,0.001572,0.187266,0.000000,0.000000,0.000000,0.262993,-1.171111,-3.140000,0.303772,-0.387399,-1.166885,3.140000,0.024430,0.000000,0.000000,0.000000,0.000000,0.000000,0.000000
1778443246.578828,sequential_ik_elbow_then_wrist,0,0,-0.031564,0.111160,-0.276852,-0.201044,0.096157,-0.523938,-0.041191,-0.108619,-0.276596,-0.241483,-0.125827,-0.499276,0.000003,0.031214,0.001652,0.176671,0.000002,0.035591,0.001346,0.188655,0.000000,0.000000,0.000000,0.262844,-1.172177,-3.140000,0.298319,-0.384176,-1.168273,3.140000,0.023478,0.000000,0.000000,0.000000,0.000000,0.000000,0.000000
1778443246.663184,sequential_ik_elbow_then_wrist,0,0,-0.033481,0.109626,-0.277239,-0.208158,0.094973,-0.520700,-0.041373,-0.107738,-0.276913,-0.241705,-0.125888,-0.499483,0.000010,0.033677,0.003118,0.183508,0.000001,0.035753,0.000707,0.189083,0.000000,0.000000,0.000000,0.264388,-1.173607,-3.140000,0.291019,-0.381366,-1.169931,3.140000,0.021698,0.000000,0.000000,0.000000,0.000000,0.000000,0.000000
1778443246.701114,sequential_ik_elbow_then_wrist,0,0,-0.033999,0.108876,-0.277471,-0.208094,0.095022,-0.521395,-0.040544,-0.107431,-0.277155,-0.240595,-0.126971,-0.499860,0.000010,0.033230,0.003050,0.182289,0.000001,0.035367,0.001079,0.188061,0.000000,0.000000,0.000000,0.267173,-1.175210,-3.140000,0.282992,-0.378664,-1.171719,3.140000,0.019174,0.000000,0.000000,0.000000,0.000000,0.000000,0.000000
1778443246.784635,sequential_ik_elbow_then_wrist,0,0,-0.033974,0.109107,-0.277383,-0.204019,0.095969,-0.524187,-0.040414,-0.107240,-0.277248,-0.239724,-0.129086,-0.500403,0.000006,0.031228,0.002362,0.176715,0.000001,0.034835,0.000893,0.186640,0.000000,0.000000,0.000000,0.270538,-1.176394,-3.140000,0.276018,-0.376138,-1.173348,3.140000,0.015771,0.000000,0.000000,0.000000,0.000000,0.000000,0.000000
1778443246.838848,sequential_ik_elbow_then_wrist,0,0,-0.034444,0.109426,-0.277199,-0.203958,0.096360,-0.524372,-0.040683,-0.107110,-0.277259,-0.241061,-0.130421,-0.499307,0.000005,0.030885,0.002177,0.175740,0.000000,0.035235,0.000471,0.187709,0.000000,0.000000,0.000000,0.274249,-1.176987,-3.140000,0.270165,-0.373969,-1.174664,3.140000,0.011332,0.000000,0.000000,0.000000,0.000000,0.000000,0.000000
1778443246.886048,sequential_ik_elbow_then_wrist,0,0,-0.037467,0.110030,-0.276568,-0.204159,0.098087,-0.525709,-0.042818,-0.106813,-0.277052,-0.244955,-0.129820,-0.497531,0.000016,0.030135,0.003915,0.173593,0.000002,0.036536,0.001303,0.191142,0.000000,0.000000,0.000000,0.279155,-1.176384,-3.140000,0.265167,-0.373011,-1.175353,3.140000,0.006544,0.000000,0.000000,0.000000,0.000000,0.000000,0.000000
1778443246.964593,sequential_ik_elbow_then_wrist,0,0,-0.045871,0.109924,-0.275341,-0.217702,0.097593,-0.520947,-0.046593,-0.107339,-0.276238,-0.251078,-0.129176,-0.494662,0.000095,0.033762,0.009456,0.183743,0.000015,0.038246,0.003699,0.195566,0.000000,0.000000,0.000000,0.288034,-1.173963,-3.140000,0.258809,-0.374258,-1.174540,3.140000,0.001766,0.000000,0.000000,0.000000,0.000000,0.000000,0.000000
1778443247.010328,sequential_ik_elbow_then_wrist,0,0,-0.045502,0.110281,-0.275259,-0.216461,0.098189,-0.521485,-0.046663,-0.107134,-0.276306,-0.251120,-0.128979,-0.494755,0.000052,0.032242,0.007035,0.179560,0.000010,0.037687,0.003011,0.194131,0.000000,0.000000,0.000000,0.298675,-1.171436,-3.140000,0.252339,-0.376840,-1.173712,3.140000,-0.002551,0.000000,0.000000,0.000000,0.000000,0.000000,0.000000
1778443247.060268,sequential_ik_elbow_then_wrist,0,0,-0.044575,0.111093,-0.275085,-0.213929,0.100557,-0.522487,-0.047976,-0.106856,-0.276189,-0.253267,-0.127346,-0.493986,0.000022,0.030395,0.004612,0.174341,0.000012,0.038086,0.003425,0.195157,0.000000,0.000000,0.000000,0.309331,-1.169007,-3.140000,0.245692,-0.380664,-1.172857,3.140000,-0.006373,0.000000,0.000000,0.000000,0.000000,0.000000,0.000000
1778443247.150338,sequential_ik_elbow_then_wrist,0,0,-0.043351,0.112165,-0.274845,-0.213249,0.102735,-0.521919,-0.048447,-0.106852,-0.276108,-0.253734,-0.127151,-0.493927,0.000006,0.029611,0.002423,0.172077,0.000010,0.037666,0.003049,0.194077,0.000000,0.000000,0.000000,0.318785,-1.166632,-3.140000,0.239046,-0.385232,-1.172020,3.140000,-0.009986,0.000000,0.000000,0.000000,0.000000,0.000000,0.000000
1778443247.189951,sequential_ik_elbow_then_wrist,0,0,-0.044224,0.112029,-0.274761,-0.215061,0.102176,-0.521170,-0.048815,-0.106440,-0.276202,-0.254240,-0.125966,-0.493963,0.000007,0.029944,0.002561,0.173042,0.000008,0.037484,0.002803,0.193607,0.000000,0.000000,0.000000,0.327411,-1.164578,-3.140000,0.233098,-0.390232,-1.171487,3.140000,-0.013275,0.000000,0.000000,0.000000,0.000000,0.000000,0.000000
1778443247.254138,sequential_ik_elbow_then_wrist,0,0,-0.047380,0.112144,-0.274188,-0.218021,0.102641,-0.520746,-0.049218,-0.106208,-0.276220,-0.254498,-0.124511,-0.494222,0.000019,0.030191,0.004268,0.173754,0.000007,0.037297,0.002579,0.193125,0.000000,0.000000,0.000000,0.336383,-1.162116,-3.140000,0.227552,-0.395437,-1.171130,3.140000,-0.015836,0.000000,0.000000,0.000000,0.000000,0.000000,0.000000
1778443247.311797,sequential_ik_elbow_then_wrist,0,0,-0.046795,0.111988,-0.274352,-0.217215,0.101278,-0.521014,-0.048740,-0.106327,-0.276259,-0.253067,-0.123568,-0.495241,0.000009,0.029687,0.002922,0.172298,0.000003,0.036587,0.001654,0.191277,0.000000,0.000000,0.000000,0.344867,-1.160263,-3.140000,0.223333,-0.400293,-1.170920,3.140000,-0.017121,0.000000,0.000000,0.000000,0.000000,0.000000,0.000000
1778443247.359014,sequential_ik_elbow_then_wrist,0,0,-0.045250,0.112079,-0.274574,-0.212641,0.102034,-0.523330,-0.048357,-0.106676,-0.276192,-0.251284,-0.122671,-0.496565,0.000001,0.027863,0.001133,0.166922,0.000001,0.035879,0.000919,0.189417,0.000000,0.000000,0.000000,0.351954,-1.159177,-3.140000,0.220294,-0.404484,-1.170663,3.140000,-0.016623,0.000000,0.000000,0.000000,0.000000,0.000000,0.000000
1778443247.420511,sequential_ik_elbow_then_wrist,0,0,-0.045443,0.111956,-0.274592,-0.216079,0.101409,-0.521112,-0.048113,-0.106464,-0.276316,-0.251129,-0.122411,-0.496611,0.000001,0.029020,0.001052,0.170353,0.000000,0.035754,0.000621,0.189088,0.000000,0.000000,0.000000,0.357937,-1.158453,-3.140000,0.216842,-0.408006,-1.170640,3.140000,-0.016037,0.000000,0.000000,0.000000,0.000000,0.000000,0.000000
1778443247.477597,sequential_ik_elbow_then_wrist,0,0,-0.047649,0.111748,-0.274303,-0.216767,0.100175,-0.521821,-0.048892,-0.106769,-0.276061,-0.251367,-0.122793,-0.496849,0.000006,0.028969,0.002473,0.170201,0.000001,0.035546,0.000961,0.188535,0.000000,0.000000,0.000000,0.363888,-1.157498,-3.140000,0.214586,-0.411201,-1.170262,3.140000,-0.015428,0.000000,0.000000,0.000000,0.000000,0.000000,0.000000
1778443247.545455,sequential_ik_elbow_then_wrist,0,0,-0.049138,0.111421,-0.274173,-0.219754,0.098177,-0.520576,-0.048521,-0.106965,-0.276051,-0.250826,-0.122916,-0.497000,0.000010,0.029807,0.003082,0.172648,0.000000,0.035258,0.000422,0.187772,0.000000,0.000000,0.000000,0.370169,-1.156491,-3.140000,0.212912,-0.413859,-1.169873,3.140000,-0.014756,0.000000,0.000000,0.000000,0.000000,0.000000,0.000000
1778443247.612052,sequential_ik_elbow_then_wrist,0,0,-0.049048,0.111743,-0.274058,-0.219283,0.097347,-0.520661,-0.048412,-0.107194,-0.275981,-0.250930,-0.122987,-0.496747,0.000005,0.029449,0.002229,0.171607,0.000000,0.035269,0.000186,0.187801,0.000000,0.000000,0.000000,0.376217,-1.155475,-3.140000,0.212100,-0.415978,-1.169445,3.140000,-0.014159,0.000000,0.000000,0.000000,0.000000,0.000000,0.000000
1778443247.662115,sequential_ik_elbow_then_wrist,0,0,-0.047479,0.111951,-0.274249,-0.214572,0.097824,-0.523007,-0.047776,-0.107120,-0.276121,-0.249155,-0.122487,-0.497955,0.000000,0.027717,0.000547,0.166483,0.000000,0.034748,0.000301,0.186409,0.000000,0.000000,0.000000,0.381124,-1.154923,-3.140000,0.212376,-0.417428,-1.169308,3.140000,-0.012806,0.000000,0.000000,0.000000,0.000000,0.000000,0.000000
1778443247.727717,sequential_ik_elbow_then_wrist,0,0,-0.041758,0.112882,-0.274798,-0.202896,0.098498,-0.527439,-0.046645,-0.107318,-0.276237,-0.246928,-0.123624,-0.498995,0.000017,0.024510,0.003982,0.156552,0.000001,0.033962,0.001113,0.184288,0.000000,0.000000,0.000000,0.382602,-1.155436,-3.140000,0.215497,-0.417925,-1.169435,3.140000,-0.011387,0.000000,0.000000,0.000000,0.000000,0.000000,0.000000
1778443247.785378,sequential_ik_elbow_then_wrist,0,0,-0.043874,0.112854,-0.274480,-0.208061,0.096907,-0.525056,-0.046551,-0.107203,-0.276298,-0.246313,-0.124103,-0.499479,0.000003,0.026549,0.001558,0.162939,0.000001,0.033808,0.000910,0.183870,0.000000,0.000000,0.000000,0.382846,-1.155515,-3.140000,0.218918,-0.417808,-1.169679,3.140000,-0.010183,0.000000,0.000000,0.000000,0.000000,0.000000,0.000000
1778443247.855391,sequential_ik_elbow_then_wrist,0,0,-0.043597,0.112722,-0.274578,-0.207818,0.095447,-0.525044,-0.044921,-0.107363,-0.276505,-0.242952,-0.125443,-0.501132,0.000002,0.026853,0.001370,0.163869,0.000004,0.032747,0.001955,0.180961,0.000000,0.000000,0.000000,0.382254,-1.155652,-3.140000,0.222998,-0.416661,-1.170236,3.140000,-0.008793,0.000000,0.000000,0.000000,0.000000,0.000000,0.000000
1778443247.906554,sequential_ik_elbow_then_wrist,0,0,-0.045501,0.112124,-0.274514,-0.209130,0.093089,-0.525239,-0.045352,-0.107745,-0.276287,-0.242228,-0.125889,-0.501920,0.000000,0.027461,0.000484,0.165711,0.000002,0.032617,0.001356,0.180602,0.000000,0.000000,0.000000,0.382078,-1.155671,-3.140000,0.227686,-0.415056,-1.170392,3.140000,-0.006701,0.000000,0.000000,0.000000,0.000000,0.000000,0.000000
1778443247.972825,sequential_ik_elbow_then_wrist,0,0,-0.044350,0.112190,-0.274675,-0.209090,0.092322,-0.524607,-0.045151,-0.107469,-0.276427,-0.242310,-0.125715,-0.501806,0.000000,0.027675,0.000483,0.166358,0.000001,0.032889,0.001130,0.181352,0.000000,0.000000,0.000000,0.381675,-1.155913,-3.140000,0.231872,-0.413224,-1.170670,3.140000,-0.004729,0.000000,0.000000,0.000000,0.000000,0.000000,0.000000
1778443248.023188,sequential_ik_elbow_then_wrist,0,0,-0.042535,0.111646,-0.275184,-0.205814,0.091631,-0.526061,-0.044435,-0.107546,-0.276513,-0.240871,-0.125251,-0.502565,0.000003,0.026903,0.001562,0.164020,0.000002,0.032720,0.001440,0.180885,0.000000,0.000000,0.000000,0.380509,-1.156939,-3.140000,0.235714,-0.411053,-1.171056,3.140000,-0.002194,0.000000,0.000000,0.000000,0.000000,0.000000,0.000000
1778443248.091144,sequential_ik_elbow_then_wrist,0,0,-0.042529,0.110699,-0.275567,-0.206403,0.089911,-0.525993,-0.044248,-0.107789,-0.276448,-0.240890,-0.124975,-0.502361,0.000001,0.027439,0.000976,0.165647,0.000002,0.033037,0.001352,0.181759,0.000000,0.000000,0.000000,0.379104,-1.158503,-3.140000,0.238759,-0.408671,-1.171286,3.140000,0.000577,0.000000,0.000000,0.000000,0.000000,0.000000,0.000000
1778443248.141979,sequential_ik_elbow_then_wrist,0,0,-0.043108,0.110006,-0.275754,-0.208699,0.088863,-0.525019,-0.043896,-0.107911,-0.276457,-0.241057,-0.124090,-0.501991,0.000000,0.028367,0.000206,0.168424,0.000002,0.033525,0.001364,0.183097,0.000000,0.000000,0.000000,0.377976,-1.160161,-3.140000,0.240395,-0.406121,-1.171461,3.140000,0.003664,0.000000,0.000000,0.000000,0.000000,0.000000,0.000000
1778443248.210521,sequential_ik_elbow_then_wrist,0,0,-0.043637,0.109913,-0.275708,-0.209311,0.088778,-0.524918,-0.043739,-0.108034,-0.276434,-0.240960,-0.124625,-0.501886,0.000000,0.028529,0.000328,0.168905,0.000002,0.033635,0.001233,0.183398,0.000000,0.000000,0.000000,0.377300,-1.161458,-3.140000,0.241203,-0.403516,-1.171556,3.140000,0.006347,0.000000,0.000000,0.000000,0.000000,0.000000,0.000000
1778443248.267625,sequential_ik_elbow_then_wrist,0,0,-0.044006,0.109890,-0.275658,-0.209560,0.088052,-0.524887,-0.043732,-0.108119,-0.276402,-0.241131,-0.124511,-0.501713,0.000000,0.028633,0.000535,0.169214,0.000001,0.033907,0.001007,0.184138,0.000000,0.000000,0.000000,0.377081,-1.162374,-3.140000,0.242059,-0.400991,-1.171566,3.140000,0.008820,0.000000,0.000000,0.000000,0.000000,0.000000,0.000000
1778443248.318072,sequential_ik_elbow_then_wrist,0,0,-0.043615,0.110112,-0.275632,-0.208761,0.088703,-0.525169,-0.043582,-0.108121,-0.276424,-0.241391,-0.124905,-0.501347,0.000000,0.028274,0.000073,0.168149,0.000001,0.034121,0.000907,0.184720,0.000000,0.000000,0.000000,0.376953,-1.163012,-3.140000,0.242668,-0.398580,-1.171596,3.140000,0.010629,0.000000,0.000000,0.000000,0.000000,0.000000,0.000000
1778443248.384792,sequential_ik_elbow_then_wrist,0,0,-0.042279,0.110374,-0.275735,-0.203779,0.090045,-0.527736,-0.043028,-0.108022,-0.276550,-0.241437,-0.125038,-0.500925,0.000001,0.026544,0.001000,0.162922,0.000001,0.034357,0.001098,0.185358,0.000000,0.000000,0.000000,0.376305,-1.163649,-3.140000,0.243795,-0.396155,-1.171825,3.140000,0.011738,0.000000,0.000000,0.000000,0.000000,0.000000,0.000000
1778443248.441280,sequential_ik_elbow_then_wrist,0,0,-0.042567,0.110374,-0.275691,-0.206335,0.089890,-0.526212,-0.043293,-0.108059,-0.276494,-0.242813,-0.125190,-0.499873,0.000000,0.027508,0.000574,0.165854,0.000000,0.034998,0.000684,0.187077,0.000000,0.000000,0.000000,0.375496,-1.164096,-3.140000,0.244339,-0.393943,-1.171955,3.140000,0.012046,0.000000,0.000000,0.000000,0.000000,0.000000,0.000000
1778443248.510414,sequential_ik_elbow_then_wrist,0,0,-0.042496,0.110480,-0.275660,-0.206637,0.090004,-0.525937,-0.043201,-0.107615,-0.276682,-0.242741,-0.125505,-0.499983,0.000000,0.027669,0.000533,0.166341,0.000000,0.034997,0.000489,0.187074,0.000000,0.000000,0.000000,0.374587,-1.164378,-3.140000,0.244713,-0.392003,-1.172341,3.140000,0.011648,0.000000,0.000000,0.000000,0.000000,0.000000,0.000000
1778443248.574196,sequential_ik_elbow_then_wrist,0,0,-0.042526,0.109734,-0.275953,-0.207845,0.090822,-0.525577,-0.043143,-0.106379,-0.277168,-0.242318,-0.125579,-0.500686,0.000000,0.027987,0.000248,0.167291,0.000000,0.034788,0.000318,0.186514,0.000000,0.000000,0.000000,0.373794,-1.165039,-3.140000,0.243492,-0.390501,-1.173481,3.140000,0.010080,0.000000,0.000000,0.000000,0.000000,0.000000,0.000000
1778443248.645803,sequential_ik_elbow_then_wrist,0,0,-0.042317,0.109654,-0.276017,-0.207813,0.090464,-0.525502,-0.043892,-0.105969,-0.277208,-0.243591,-0.125363,-0.500242,0.000000,0.028070,0.000286,0.167541,0.000000,0.035157,0.000642,0.187500,0.000000,0.000000,0.000000,0.373041,-1.165743,-3.140000,0.242123,-0.389698,-1.174605,3.140000,0.007647,0.000000,0.000000,0.000000,0.000000,0.000000,0.000000
1778443248.689997,sequential_ik_elbow_then_wrist,0,0,-0.043642,0.109497,-0.275873,-0.218513,0.088778,-0.518753,-0.044888,-0.105434,-0.277252,-0.245662,-0.125909,-0.499222,0.000001,0.032104,0.000803,0.179173,0.000002,0.035564,0.001404,0.188583,0.000000,0.000000,0.000000,0.372907,-1.166100,-3.140000,0.238689,-0.389832,-1.175595,3.140000,0.003750,0.000000,0.000000,0.000000,0.000000,0.000000,0.000000
1778443248.745805,sequential_ik_elbow_then_wrist,0,0,-0.045584,0.109540,-0.275542,-0.220401,0.089683,-0.518533,-0.046203,-0.105522,-0.277003,-0.246952,-0.125790,-0.499014,0.000004,0.032291,0.002048,0.179697,0.000004,0.035629,0.002064,0.188757,0.000000,0.000000,0.000000,0.373929,-1.165822,-3.140000,0.234628,-0.391031,-1.175984,3.140000,-0.000071,0.000000,0.000000,0.000000,0.000000,0.000000,0.000000
1778443248.813296,sequential_ik_elbow_then_wrist,0,0,-0.046015,0.110139,-0.275231,-0.220492,0.090002,-0.518443,-0.048626,-0.106194,-0.276330,-0.249586,-0.124883,-0.498289,0.000003,0.032023,0.001753,0.178949,0.000011,0.036093,0.003228,0.189982,0.000000,0.000000,0.000000,0.375672,-1.164999,-3.140000,0.231374,-0.393665,-1.175139,3.140000,-0.002577,0.000000,0.000000,0.000000,0.000000,0.000000,0.000000
1778443248.872376,sequential_ik_elbow_then_wrist,0,0,-0.044920,0.109950,-0.275487,-0.219550,0.088946,-0.518516,-0.050034,-0.106566,-0.275935,-0.252040,-0.124457,-0.497009,0.000000,0.031799,0.000628,0.178322,0.000013,0.036413,0.003449,0.190823,0.000000,0.000000,0.000000,0.377341,-1.164624,-3.140000,0.229209,-0.397538,-1.173618,3.140000,-0.004609,0.000000,0.000000,0.000000,0.000000,0.000000,0.000000
1778443248.929378,sequential_ik_elbow_then_wrist,0,0,-0.045123,0.109866,-0.275488,-0.219691,0.088152,-0.518499,-0.050217,-0.106595,-0.275891,-0.252549,-0.124331,-0.496679,0.000000,0.031871,0.000660,0.178523,0.000008,0.036074,0.002831,0.189932,0.000000,0.000000,0.000000,0.378975,-1.164397,-3.140000,0.227846,-0.402031,-1.172179,3.140000,-0.006646,0.000000,0.000000,0.000000,0.000000,0.000000,0.000000
1778443248.989686,sequential_ik_elbow_then_wrist,0,0,-0.045305,0.109331,-0.275671,-0.219694,0.088722,-0.518907,-0.049622,-0.106326,-0.276102,-0.251132,-0.123637,-0.497674,0.000001,0.031645,0.000816,0.177891,0.000004,0.035291,0.001890,0.187858,0.000000,0.000000,0.000000,0.380665,-1.164525,-3.140000,0.225901,-0.406479,-1.171341,3.140000,-0.008186,0.000000,0.000000,0.000000,0.000000,0.000000,0.000000
1778443249.059980,sequential_ik_elbow_then_wrist,0,0,-0.046513,0.109454,-0.275420,-0.222186,0.089484,-0.517784,-0.049417,-0.106185,-0.276193,-0.251290,-0.124652,-0.497341,0.000002,0.032205,0.001480,0.179458,0.000002,0.034914,0.001390,0.186851,0.000000,0.000000,0.000000,0.382767,-1.164304,-3.140000,0.222995,-0.410617,-1.170902,3.140000,-0.010754,0.000000,0.000000,0.000000,0.000000,0.000000,0.000000
1778443249.110601,sequential_ik_elbow_then_wrist,0,0,-0.046467,0.109076,-0.275578,-0.221943,0.089129,-0.518086,-0.049560,-0.106663,-0.275983,-0.251071,-0.124769,-0.497491,0.000002,0.031983,0.001240,0.178837,0.000001,0.034607,0.001048,0.186029,0.000000,0.000000,0.000000,0.385050,-1.164307,-3.140000,0.220105,-0.414332,-1.170281,3.140000,-0.012899,0.000000,0.000000,0.000000,0.000000,0.000000,0.000000
1778443249.179671,sequential_ik_elbow_then_wrist,0,0,-0.043422,0.109377,-0.275955,-0.214882,0.091105,-0.521450,-0.047199,-0.105772,-0.276739,-0.247148,-0.123550,-0.499683,0.000002,0.029419,0.001351,0.171520,0.000001,0.033535,0.000720,0.183124,0.000000,0.000000,0.000000,0.386052,-1.164941,-3.140000,0.218102,-0.416838,-1.170939,3.140000,-0.013861,0.000000,0.000000,0.000000,0.000000,0.000000,0.000000
1778443249.239711,sequential_ik_elbow_then_wrist,0,0,-0.041893,0.108597,-0.276499,-0.213973,0.090647,-0.521584,-0.044915,-0.104006,-0.277787,-0.244200,-0.124663,-0.501078,0.000004,0.029480,0.001974,0.171697,0.000004,0.032590,0.001711,0.180526,0.000000,0.000000,0.000000,0.385758,-1.166433,-3.140000,0.216083,-0.417920,-1.173396,3.140000,-0.016601,0.000000,0.000000,0.000000,0.000000,0.000000,0.000000
1778443249.315388,sequential_ik_elbow_then_wrist,0,0,-0.041735,0.108811,-0.276439,-0.214175,0.091200,-0.521294,-0.044543,-0.103553,-0.278016,-0.244286,-0.124281,-0.500890,0.000003,0.029716,0.001714,0.172384,0.000002,0.032943,0.001402,0.181502,0.000000,0.000000,0.000000,0.384605,-1.167699,-3.140000,0.214197,-0.418025,-1.176085,3.140000,-0.020088,0.000000,0.000000,0.000000,0.000000,0.000000,0.000000
1778443249.356207,sequential_ik_elbow_then_wrist,0,0,-0.040916,0.108280,-0.276769,-0.212470,0.091590,-0.522311,-0.044641,-0.103075,-0.278177,-0.244587,-0.123846,-0.500866,0.000004,0.029299,0.001818,0.171170,0.000001,0.033266,0.000888,0.182390,0.000000,0.000000,0.000000,0.382754,-1.169220,-3.140000,0.212557,-0.417653,-1.178579,3.140000,-0.023481,0.000000,0.000000,0.000000,0.000000,0.000000,0.000000
1778443249.413595,sequential_ik_elbow_then_wrist,0,0,-0.044165,0.108092,-0.276343,-0.223609,0.089901,-0.516070,-0.045101,-0.102998,-0.278132,-0.246321,-0.123724,-0.499674,0.000001,0.033454,0.001038,0.182902,0.000000,0.033993,0.000338,0.184371,0.000000,0.000000,0.000000,0.381898,-1.169819,-3.140000,0.209314,-0.417194,-1.180501,3.140000,-0.026948,0.000000,0.000000,0.000000,0.000000,0.000000,0.000000
1778443249.473744,sequential_ik_elbow_then_wrist,0,0,-0.046679,0.108090,-0.275930,-0.226333,0.089770,-0.515490,-0.045261,-0.103002,-0.278104,-0.247490,-0.123931,-0.498707,0.000008,0.034001,0.002660,0.184394,0.000000,0.034438,0.000157,0.185574,0.000000,0.000000,0.000000,0.382690,-1.169512,-3.140000,0.206052,-0.416764,-1.181921,3.140000,-0.030440,0.000000,0.000000,0.000000,0.000000,0.000000,0.000000
1778443249.536205,sequential_ik_elbow_then_wrist,0,0,-0.047007,0.108296,-0.275794,-0.226770,0.089798,-0.515258,-0.046369,-0.103156,-0.277865,-0.249532,-0.124789,-0.497540,0.000005,0.033822,0.002265,0.183909,0.000000,0.034908,0.000656,0.186835,0.000000,0.000000,0.000000,0.384532,-1.168884,-3.140000,0.203176,-0.416771,-1.182600,3.140000,-0.034231,0.000000,0.000000,0.000000,0.000000,0.000000,0.000000
1778443249.602638,sequential_ik_elbow_then_wrist,0,0,-0.047754,0.108261,-0.275680,-0.227526,0.089905,-0.515148,-0.047449,-0.103487,-0.277559,-0.250455,-0.124864,-0.497403,0.000006,0.033708,0.002334,0.183598,0.000002,0.034970,0.001215,0.187003,0.000000,0.000000,0.000000,0.387217,-1.168139,-3.140000,0.200376,-0.417402,-1.182529,3.140000,-0.037134,0.000000,0.000000,0.000000,0.000000,0.000000,0.000000
1778443249.652705,sequential_ik_elbow_then_wrist,0,0,-0.051296,0.107709,-0.275259,-0.233229,0.088884,-0.513053,-0.049674,-0.103697,-0.277091,-0.252772,-0.123959,-0.496956,0.000022,0.035202,0.004565,0.187621,0.000007,0.035428,0.002528,0.188222,0.000000,0.000000,0.000000,0.391785,-1.166899,-3.140000,0.196668,-0.419209,-1.181597,3.140000,-0.038795,0.000000,0.000000,0.000000,0.000000,0.000000,0.000000
1778443249.714832,sequential_ik_elbow_then_wrist,0,0,-0.055943,0.107208,-0.274548,-0.244896,0.086738,-0.506664,-0.051641,-0.104165,-0.276555,-0.255597,-0.123680,-0.495693,0.000053,0.038913,0.007054,0.197259,0.000012,0.035851,0.003284,0.189344,0.000000,0.000000,0.000000,0.399208,-1.164788,-3.140000,0.190280,-0.422330,-1.179843,3.140000,-0.040031,0.000000,0.000000,0.000000,0.000000,0.000000,0.000000
1778443249.771984,sequential_ik_elbow_then_wrist,0,0,-0.056017,0.107333,-0.274484,-0.242880,0.087572,-0.508347,-0.053281,-0.104389,-0.276159,-0.257521,-0.123352,-0.495081,0.000032,0.036961,0.005493,0.192251,0.000014,0.035839,0.003696,0.189312,0.000000,0.000000,0.000000,0.407955,-1.162764,-3.140000,0.183727,-0.426696,-1.177651,3.140000,-0.041062,0.000000,0.000000,0.000000,0.000000,0.000000,0.000000
1778443249.835725,sequential_ik_elbow_then_wrist,0,0,-0.060270,0.106949,-0.273733,-0.250169,0.086438,-0.505071,-0.056197,-0.104764,-0.275439,-0.262429,-0.123103,-0.492537,0.000058,0.038565,0.007375,0.196377,0.000025,0.036665,0.004868,0.191479,0.000000,0.000000,0.000000,0.418812,-1.160053,-3.140000,0.175866,-0.432676,-1.174687,3.140000,-0.043054,0.000000,0.000000,0.000000,0.000000,0.000000,0.000000
1778443249.899957,sequential_ik_elbow_then_wrist,0,0,-0.063905,0.106667,-0.273017,-0.256402,0.085115,-0.502103,-0.056875,-0.104661,-0.275339,-0.263596,-0.122442,-0.492019,0.000073,0.039595,0.008289,0.198980,0.000020,0.036300,0.004316,0.190526,0.000000,0.000000,0.000000,0.431865,-1.156691,-3.140000,0.166884,-0.439612,-1.171967,3.140000,-0.045435,0.000000,0.000000,0.000000,0.000000,0.000000,0.000000
1778443249.959162,sequential_ik_elbow_then_wrist,0,0,-0.062917,0.106741,-0.273218,-0.254067,0.085111,-0.503422,-0.056508,-0.104319,-0.275544,-0.263240,-0.121620,-0.492253,0.000034,0.037618,0.005657,0.193953,0.000011,0.035654,0.003247,0.188822,0.000000,0.000000,0.000000,0.445087,-1.154037,-3.140000,0.158570,-0.446682,-1.170090,3.140000,-0.048018,0.000000,0.000000,0.000000,0.000000,0.000000,0.000000
1778443250.020936,sequential_ik_elbow_then_wrist,0,0,-0.060383,0.106816,-0.273759,-0.251315,0.085498,-0.504173,-0.056608,-0.104265,-0.275544,-0.262565,-0.120822,-0.493047,0.000007,0.036139,0.002621,0.190103,0.000007,0.034987,0.002638,0.187048,0.000000,0.000000,0.000000,0.456648,-1.152742,-3.140000,0.150690,-0.453517,-1.168697,3.140000,-0.050059,0.000000,0.000000,0.000000,0.000000,0.000000,0.000000
1778443250.095508,sequential_ik_elbow_then_wrist,0,0,-0.056581,0.106550,-0.274674,-0.240253,0.086370,-0.511015,-0.053754,-0.103663,-0.276341,-0.258222,-0.120341,-0.495236,0.000001,0.032083,0.000744,0.179116,0.000001,0.033533,0.000548,0.183121,0.000000,0.000000,0.000000,0.465162,-1.153296,-3.140000,0.146299,-0.458873,-1.168880,3.140000,-0.051484,0.000000,0.000000,0.000000,0.000000,0.000000,0.000000
1778443250.143193,sequential_ik_elbow_then_wrist,0,0,-0.057948,0.106043,-0.274585,-0.243451,0.085334,-0.509446,-0.053733,-0.103573,-0.276379,-0.257964,-0.120049,-0.495509,0.000001,0.033247,0.000756,0.182337,0.000000,0.033439,0.000283,0.182863,0.000000,0.000000,0.000000,0.472058,-1.153933,-3.140000,0.142175,-0.463082,-1.169363,3.140000,-0.052817,0.000000,0.000000,0.000000,0.000000,0.000000,0.000000
1778443250.203341,sequential_ik_elbow_then_wrist,0,0,-0.057607,0.105282,-0.274949,-0.243435,0.084369,-0.509535,-0.053331,-0.103579,-0.276455,-0.256063,-0.119686,-0.497001,0.000001,0.033323,0.000672,0.182546,0.000000,0.032835,0.000112,0.181205,0.000000,0.000000,0.000000,0.477657,-1.155027,-3.140000,0.138270,-0.466234,-1.169929,3.140000,-0.052992,0.000000,0.000000,0.000000,0.000000,0.000000,0.000000
1778443250.260217,sequential_ik_elbow_then_wrist,0,0,-0.057217,0.104308,-0.275402,-0.243891,0.082284,-0.509212,-0.051840,-0.103445,-0.276788,-0.252778,-0.118822,-0.499021,0.000001,0.033811,0.000667,0.183879,0.000001,0.032075,0.001092,0.179093,0.000000,0.000000,0.000000,0.482242,-1.156697,-3.140000,0.134617,-0.468052,-1.170940,3.140000,-0.051513,0.000000,0.000000,0.000000,0.000000,0.000000,0.000000
1778443250.320001,sequential_ik_elbow_then_wrist,1,0,-0.052641,0.104024,-0.276420,-0.235115,0.082998,-0.513614,-0.050056,-0.103030,-0.277271,-0.250814,-0.118479,-0.499662,0.000008,0.031128,0.002688,0.176432,0.000004,0.031881,0.001997,0.178551,0.000000,0.000000,0.000000,0.484298,-1.159778,-3.140000,0.132675,-0.468383,-1.172624,3.140000,-0.049961,0.000000,0.000000,0.000000,0.000000,0.000000,0.000000
1778443250.378080,sequential_ik_elbow_then_wrist,1,0,-0.052049,0.103590,-0.276695,-0.232449,0.082111,-0.515430,-0.049955,-0.103103,-0.277262,-0.250399,-0.118324,-0.499952,0.000006,0.030709,0.002336,0.175239,0.000003,0.032067,0.001669,0.179072,0.000000,0.000000,0.000000,0.484606,-1.162967,-3.140000,0.132383,-0.467749,-1.174097,3.140000,-0.048275,0.000000,0.000000,0.000000,0.000000,0.000000,0.000000
1778443250.442497,sequential_ik_elbow_then_wrist,0,0,-0.053118,0.103320,-0.276593,-0.233257,0.080596,-0.515410,-0.050001,-0.103476,-0.277115,-0.250948,-0.117892,-0.499405,0.000001,0.031359,0.000987,0.177084,0.000002,0.032624,0.001432,0.180622,0.000000,0.000000,0.000000,0.484308,-1.165409,-3.140000,0.133364,-0.466507,-1.175020,3.140000,-0.046265,0.000000,0.000000,0.000000,0.000000,0.000000,0.000000
1778443250.506691,sequential_ik_elbow_then_wrist,0,0,-0.052103,0.103078,-0.276876,-0.225256,0.081779,-0.520934,-0.050202,-0.104543,-0.276677,-0.250823,-0.118744,-0.499275,0.000002,0.028565,0.001418,0.169007,0.000002,0.032692,0.001399,0.180810,0.000000,0.000000,0.000000,0.483324,-1.167725,-3.140000,0.136809,-0.464828,-1.174976,3.140000,-0.043499,0.000000,0.000000,0.000000,0.000000,0.000000,0.000000
1778443250.573077,sequential_ik_elbow_then_wrist,0,0,-0.054874,0.101795,-0.276815,-0.236396,0.080668,-0.514730,-0.050225,-0.104118,-0.276834,-0.251509,-0.118130,-0.498843,0.000002,0.032352,0.001304,0.179862,0.000001,0.033225,0.000924,0.182276,0.000000,0.000000,0.000000,0.483277,-1.169492,-3.140000,0.136003,-0.463057,-1.175018,3.140000,-0.040899,0.000000,0.000000,0.000000,0.000000,0.000000,0.000000
1778443250.615030,sequential_ik_elbow_then_wrist,0,0,-0.058392,0.100136,-0.276701,-0.250114,0.077532,-0.506334,-0.049985,-0.103582,-0.277078,-0.251764,-0.117720,-0.498630,0.000018,0.037334,0.004122,0.193206,0.000001,0.033533,0.000734,0.183119,0.000000,0.000000,0.000000,0.485455,-1.170699,-3.140000,0.129493,-0.461326,-1.175458,3.140000,-0.039146,0.000000,0.000000,0.000000,0.000000,0.000000,0.000000
1778443250.686952,sequential_ik_elbow_then_wrist,0,0,-0.062533,0.098517,-0.276376,-0.260741,0.074659,-0.500305,-0.050963,-0.103231,-0.277031,-0.253632,-0.117435,-0.497765,0.000048,0.040772,0.006768,0.201906,0.000000,0.034180,0.000251,0.184878,0.000000,0.000000,0.000000,0.490762,-1.171151,-3.140000,0.118620,-0.460145,-1.175809,3.140000,-0.038575,0.000000,0.000000,0.000000,0.000000,0.000000,0.000000
1778443250.750804,sequential_ik_elbow_then_wrist,0,0,-0.067535,0.098184,-0.275316,-0.269937,0.073520,-0.495373,-0.052225,-0.103341,-0.276755,-0.256341,-0.117702,-0.496141,0.000084,0.042811,0.008914,0.206896,0.000001,0.034897,0.001073,0.186808,0.000000,0.000000,0.000000,0.499668,-1.169816,-3.140000,0.105055,-0.459815,-1.175640,3.140000,-0.039327,0.000000,0.000000,0.000000,0.000000,0.000000,0.000000
1778443250.798206,sequential_ik_elbow_then_wrist,0,0,-0.070030,0.098242,-0.274671,-0.272860,0.072871,-0.494254,-0.052555,-0.103820,-0.276513,-0.256795,-0.117661,-0.495818,0.000079,0.042237,0.008626,0.205513,0.000001,0.034900,0.000925,0.186815,0.000000,0.000000,0.000000,0.511242,-1.167406,-3.140000,0.091819,-0.460054,-1.175025,3.140000,-0.039907,0.000000,0.000000,0.000000,0.000000,0.000000,0.000000
1778443250.861750,sequential_ik_elbow_then_wrist,0,0,-0.071206,0.098307,-0.274345,-0.272436,0.072869,-0.495387,-0.052547,-0.103993,-0.276449,-0.255995,-0.117048,-0.496537,0.000059,0.040415,0.007461,0.201034,0.000000,0.034586,0.000657,0.185972,0.000000,0.000000,0.000000,0.524248,-1.164704,-3.140000,0.080440,-0.460588,-1.174345,3.140000,-0.039393,0.000000,0.000000,0.000000,0.000000,0.000000,0.000000
1778443250.922827,sequential_ik_elbow_then_wrist,0,0,-0.071647,0.098415,-0.274192,-0.271132,0.073352,-0.496853,-0.051591,-0.104227,-0.276541,-0.254054,-0.116634,-0.497573,0.000038,0.038496,0.006033,0.196203,0.000000,0.034036,0.000247,0.184487,0.000000,0.000000,0.000000,0.537565,-1.162164,-3.140000,0.070960,-0.460862,-1.173924,3.140000,-0.037725,0.000000,0.000000,0.000000,0.000000,0.000000,0.000000
1778443250.984709,sequential_ik_elbow_then_wrist,0,0,-0.071062,0.098489,-0.274318,-0.269411,0.073760,-0.498028,-0.051354,-0.104101,-0.276633,-0.253210,-0.116023,-0.498245,0.000019,0.036908,0.004269,0.192114,0.000000,0.033899,0.000323,0.184116,0.000000,0.000000,0.000000,0.550118,-1.160262,-3.140000,0.062936,-0.460898,-1.173772,3.140000,-0.035490,0.000000,0.000000,0.000000,0.000000,0.000000,0.000000
1778443251.042139,sequential_ik_elbow_then_wrist,0,0,-0.071010,0.099204,-0.274073,-0.268737,0.074894,-0.498379,-0.051326,-0.103635,-0.276813,-0.253300,-0.114668,-0.498364,0.000009,0.035811,0.002970,0.189237,0.000000,0.034199,0.000162,0.184931,0.000000,0.000000,0.000000,0.561355,-1.158426,-3.140000,0.056102,-0.460869,-1.173982,3.140000,-0.033216,0.000000,0.000000,0.000000,0.000000,0.000000,0.000000
1778443251.125707,sequential_ik_elbow_then_wrist,0,0,-0.072413,0.098734,-0.273876,-0.274052,0.073644,-0.494584,-0.051491,-0.103623,-0.276787,-0.253559,-0.114515,-0.498259,0.000012,0.037288,0.003399,0.193099,0.000000,0.034310,0.000038,0.185229,0.000000,0.000000,0.000000,0.571845,-1.156650,-3.140000,0.048045,-0.460866,-1.174175,3.140000,-0.031395,0.000000,0.000000,0.000000,0.000000,0.000000,0.000000
1778443251.164456,sequential_ik_elbow_then_wrist,0,0,-0.073763,0.098063,-0.273757,-0.276159,0.072408,-0.493706,-0.051420,-0.103420,-0.276876,-0.253547,-0.114343,-0.498292,0.000015,0.037466,0.003778,0.193560,0.000000,0.034328,0.000075,0.185277,0.000000,0.000000,0.000000,0.581994,-1.155040,-3.140000,0.040040,-0.460890,-1.174472,3.140000,-0.030124,0.000000,0.000000,0.000000,0.000000,0.000000,0.000000
1778443251.231726,sequential_ik_elbow_then_wrist,0,0,-0.078303,0.097241,-0.272787,-0.283253,0.070649,-0.490246,-0.052662,-0.102886,-0.276841,-0.253629,-0.114713,-0.499266,0.000040,0.038885,0.006134,0.197190,0.000001,0.033969,0.001113,0.184307,0.000000,0.000000,0.000000,0.593273,-1.152370,-3.140000,0.031188,-0.461505,-1.174680,3.140000,-0.029398,0.000000,0.000000,0.000000,0.000000,0.000000,0.000000
1778443251.282085,sequential_ik_elbow_then_wrist,0,0,-0.078690,0.097075,-0.272735,-0.283004,0.070410,-0.490782,-0.052410,-0.102820,-0.276914,-0.254004,-0.114964,-0.498752,0.000026,0.037681,0.004994,0.194114,0.000001,0.033946,0.000730,0.184243,0.000000,0.000000,0.000000,0.604783,-1.149898,-3.140000,0.023248,-0.462364,-1.174948,3.140000,-0.029668,0.000000,0.000000,0.000000,0.000000,0.000000,0.000000
1778443251.346909,sequential_ik_elbow_then_wrist,0,0,-0.078474,0.097033,-0.272812,-0.281590,0.070560,-0.491999,-0.052528,-0.103052,-0.276805,-0.254266,-0.115320,-0.498506,0.000015,0.036303,0.003707,0.190533,0.000000,0.033868,0.000583,0.184032,0.000000,0.000000,0.000000,0.615717,-1.148002,-3.140000,0.016640,-0.463327,-1.175002,3.140000,-0.030369,0.000000,0.000000,0.000000,0.000000,0.000000,0.000000
1778443251.398495,sequential_ik_elbow_then_wrist,0,0,-0.076728,0.097367,-0.273189,-0.277452,0.071356,-0.494624,-0.052732,-0.103321,-0.276666,-0.254611,-0.115546,-0.498241,0.000003,0.034413,0.001634,0.185506,0.000000,0.033855,0.000519,0.183997,0.000000,0.000000,0.000000,0.624979,-1.147089,-3.140000,0.012119,-0.464333,-1.174787,3.140000,-0.031071,0.000000,0.000000,0.000000,0.000000,0.000000,0.000000
1778443251.465972,sequential_ik_elbow_then_wrist,0,0,-0.074756,0.099099,-0.273114,-0.267472,0.074263,-0.501682,-0.052911,-0.103582,-0.276534,-0.254702,-0.115756,-0.498193,0.000001,0.030705,0.000764,0.175218,0.000000,0.033762,0.000449,0.183746,0.000000,0.000000,0.000000,0.631570,-1.146397,-3.140000,0.013406,-0.465334,-1.174354,3.140000,-0.031497,0.000000,0.000000,0.000000,0.000000,0.000000,0.000000
1778443251.525348,sequential_ik_elbow_then_wrist,0,0,-0.072603,0.099318,-0.273614,-0.264582,0.072697,-0.502602,-0.053722,-0.104333,-0.276095,-0.254199,-0.117022,-0.498914,0.000004,0.030671,0.002028,0.175128,0.000001,0.033171,0.000707,0.182128,0.000000,0.000000,0.000000,0.635410,-1.146630,-3.140000,0.017205,-0.466447,-1.173270,3.140000,-0.031119,0.000000,0.000000,0.000000,0.000000,0.000000,0.000000
1778443251.581720,sequential_ik_elbow_then_wrist,0,0,-0.074218,0.099086,-0.273265,-0.274754,0.070809,-0.494592,-0.055619,-0.105372,-0.275324,-0.256362,-0.118221,-0.497893,0.000000,0.034559,0.000466,0.185894,0.000003,0.033378,0.001555,0.182697,0.000000,0.000000,0.000000,0.638067,-1.146447,-3.140000,0.016464,-0.468103,-1.171069,3.140000,-0.030418,0.000000,0.000000,0.000000,0.000000,0.000000,0.000000
1778443251.652774,sequential_ik_elbow_then_wrist,0,0,-0.074213,0.100073,-0.272906,-0.274129,0.072408,-0.494871,-0.055755,-0.106018,-0.275048,-0.256050,-0.119060,-0.498010,0.000001,0.034135,0.000833,0.184757,0.000001,0.032911,0.001050,0.181412,0.000000,0.000000,0.000000,0.639618,-1.145692,-3.140000,0.015531,-0.469926,-1.168652,3.140000,-0.029193,0.000000,0.000000,0.000000,0.000000,0.000000,0.000000
1778443251.710666,sequential_ik_elbow_then_wrist,0,0,-0.072661,0.100792,-0.273059,-0.263340,0.075526,-0.503283,-0.055353,-0.106069,-0.275110,-0.255746,-0.119199,-0.497978,0.000004,0.030258,0.001897,0.173936,0.000000,0.032701,0.000495,0.180834,0.000000,0.000000,0.000000,0.639682,-1.145213,-3.140000,0.019906,-0.471588,-1.166737,3.140000,-0.028067,0.000000,0.000000,0.000000,0.000000,0.000000,0.000000
1778443251.775620,sequential_ik_elbow_then_wrist,0,0,-0.071660,0.101633,-0.273012,-0.263482,0.076981,-0.502352,-0.055912,-0.105838,-0.275086,-0.257594,-0.119670,-0.496746,0.000006,0.030514,0.002455,0.174683,0.000001,0.033088,0.000857,0.181900,0.000000,0.000000,0.000000,0.638289,-1.144807,-3.140000,0.024337,-0.473331,-1.165229,3.140000,-0.028447,0.000000,0.000000,0.000000,0.000000,0.000000,0.000000
1778443251.833793,sequential_ik_elbow_then_wrist,0,0,-0.071605,0.101763,-0.272978,-0.263880,0.077153,-0.501942,-0.055955,-0.105763,-0.275106,-0.257979,-0.120101,-0.496422,0.000004,0.030996,0.001975,0.176058,0.000001,0.032997,0.000727,0.181649,0.000000,0.000000,0.000000,0.636070,-1.144432,-3.140000,0.028299,-0.475063,-1.164100,3.140000,-0.029755,0.000000,0.000000,0.000000,0.000000,0.000000,0.000000
1778443251.899228,sequential_ik_elbow_then_wrist,0,0,-0.070407,0.102001,-0.273201,-0.262931,0.077373,-0.501954,-0.055774,-0.105428,-0.275271,-0.258295,-0.119722,-0.496135,0.000006,0.031170,0.002370,0.176551,0.000000,0.033077,0.000573,0.181872,0.000000,0.000000,0.000000,0.632995,-1.144469,-3.140000,0.031844,-0.476694,-1.163502,3.140000,-0.031564,0.000000,0.000000,0.000000,0.000000,0.000000,0.000000
1778443251.958372,sequential_ik_elbow_then_wrist,0,0,-0.069654,0.102265,-0.273295,-0.263940,0.077589,-0.500549,-0.056218,-0.105359,-0.275207,-0.259979,-0.119263,-0.494953,0.000006,0.031987,0.002408,0.178848,0.000001,0.033614,0.000775,0.183340,0.000000,0.000000,0.000000,0.629252,-1.144712,-3.140000,0.034138,-0.478367,-1.163009,3.140000,-0.033901,0.000000,0.000000,0.000000,0.000000,0.000000,0.000000
1778443252.015830,sequential_ik_elbow_then_wrist,0,0,-0.068942,0.102231,-0.273488,-0.262097,0.077998,-0.501751,-0.056120,-0.104984,-0.275371,-0.259921,-0.118992,-0.495072,0.000006,0.031748,0.002288,0.178179,0.000000,0.033502,0.000682,0.183036,0.000000,0.000000,0.000000,0.625076,-1.145234,-3.140000,0.036622,-0.480015,-1.162879,3.140000,-0.036311,0.000000,0.000000,0.000000,0.000000,0.000000,0.000000
1778443252.068894,sequential_ik_elbow_then_wrist,0,0,-0.074593,0.101971,-0.272099,-0.271005,0.078025,-0.497595,-0.058098,-0.105127,-0.274905,-0.262917,-0.118127,-0.493720,0.000005,0.034074,0.002038,0.184590,0.000004,0.034302,0.001859,0.185209,0.000000,0.000000,0.000000,0.623025,-1.143643,-3.140000,0.036936,-0.482298,-1.162123,3.140000,-0.038574,0.000000,0.000000,0.000000,0.000000,0.000000,0.000000
1778443252.125242,sequential_ik_elbow_then_wrist,0,0,-0.073421,0.101973,-0.272417,-0.268763,0.077894,-0.498827,-0.057866,-0.105082,-0.274971,-0.262546,-0.118061,-0.493918,0.000001,0.033243,0.000718,0.182327,0.000002,0.033921,0.001296,0.184175,0.000000,0.000000,0.000000,0.621894,-1.142438,-3.140000,0.037741,-0.484761,-1.161496,3.140000,-0.040463,0.000000,0.000000,0.000000,0.000000,0.000000,0.000000
1778443252.189929,sequential_ik_elbow_then_wrist,0,0,-0.072864,0.102116,-0.272513,-0.264739,0.079671,-0.502034,-0.056505,-0.104639,-0.275423,-0.261004,-0.117521,-0.494545,0.000000,0.031453,0.000148,0.177350,0.000000,0.033478,0.000349,0.182969,0.000000,0.000000,0.000000,0.621117,-1.141663,-3.140000,0.039665,-0.486767,-1.161704,3.140000,-0.042144,0.000000,0.000000,0.000000,0.000000,0.000000,0.000000
1778443252.250084,sequential_ik_elbow_then_wrist,0,0,-0.070476,0.102191,-0.273112,-0.259522,0.079960,-0.504990,-0.055471,-0.104588,-0.275653,-0.258602,-0.116699,-0.496087,0.000002,0.030074,0.001459,0.173417,0.000000,0.032913,0.000543,0.181419,0.000000,0.000000,0.000000,0.619690,-1.142001,-3.140000,0.042955,-0.488009,-1.162376,3.140000,-0.042545,0.000000,0.000000,0.000000,0.000000,0.000000,0.000000
1778443252.327776,sequential_ik_elbow_then_wrist,0,0,-0.069565,0.101595,-0.273568,-0.258050,0.078358,-0.505803,-0.055191,-0.104711,-0.275662,-0.257483,-0.116231,-0.496898,0.000002,0.030250,0.001438,0.173925,0.000000,0.032738,0.000640,0.180935,0.000000,0.000000,0.000000,0.617788,-1.143151,-3.140000,0.046519,-0.488601,-1.163020,3.140000,-0.041812,0.000000,0.000000,0.000000,0.000000,0.000000,0.000000
1778443252.375001,sequential_ik_elbow_then_wrist,0,0,-0.069891,0.100960,-0.273719,-0.258587,0.077176,-0.505728,-0.054847,-0.104687,-0.275740,-0.256885,-0.115647,-0.497236,0.000000,0.030768,0.000613,0.175407,0.000001,0.032796,0.000734,0.181096,0.000000,0.000000,0.000000,0.616000,-1.144454,-3.140000,0.049418,-0.488646,-1.163661,3.140000,-0.040411,0.000000,0.000000,0.000000,0.000000,0.000000,0.000000
1778443252.451946,sequential_ik_elbow_then_wrist,0,0,-0.069357,0.101180,-0.273774,-0.258385,0.077805,-0.505554,-0.054302,-0.104081,-0.276077,-0.256533,-0.114657,-0.497416,0.000001,0.030761,0.000894,0.175388,0.000001,0.033019,0.000761,0.181710,0.000000,0.000000,0.000000,0.614125,-1.145626,-3.140000,0.051320,-0.488279,-1.164713,3.140000,-0.039102,0.000000,0.000000,0.000000,0.000000,0.000000,0.000000
1778443252.494307,sequential_ik_elbow_then_wrist,0,0,-0.075676,0.100283,-0.272427,-0.273942,0.075155,-0.496166,-0.054979,-0.104130,-0.275924,-0.258052,-0.114826,-0.496485,0.000016,0.035650,0.003748,0.188801,0.000000,0.033536,0.000130,0.183128,0.000000,0.000000,0.000000,0.614859,-1.144584,-3.140000,0.047955,-0.487932,-1.165401,3.140000,-0.038645,0.000000,0.000000,0.000000,0.000000,0.000000,0.000000
1778443252.559196,sequential_ik_elbow_then_wrist,0,0,-0.076141,0.100075,-0.272374,-0.274356,0.074747,-0.496136,-0.055342,-0.104181,-0.275833,-0.258593,-0.115054,-0.496220,0.000011,0.035166,0.003193,0.187526,0.000000,0.033645,0.000150,0.183425,0.000000,0.000000,0.000000,0.617308,-1.143263,-3.140000,0.043965,-0.487743,-1.165753,3.140000,-0.038586,0.000000,0.000000,0.000000,0.000000,0.000000,0.000000
1778443252.615599,sequential_ik_elbow_then_wrist,0,0,-0.079188,0.099536,-0.271702,-0.277991,0.074646,-0.494990,-0.056952,-0.105135,-0.275142,-0.261144,-0.115751,-0.494671,0.000022,0.035266,0.004552,0.187792,0.000001,0.034220,0.000965,0.184988,0.000000,0.000000,0.000000,0.621888,-1.141183,-3.140000,0.039277,-0.488084,-1.164908,3.140000,-0.038693,0.000000,0.000000,0.000000,0.000000,0.000000,0.000000
1778443252.686965,sequential_ik_elbow_then_wrist,0,0,-0.079903,0.103005,-0.270195,-0.280230,0.077948,-0.492099,-0.057839,-0.103907,-0.275424,-0.263182,-0.116019,-0.493798,0.000007,0.034787,0.002460,0.186513,0.000003,0.034483,0.001751,0.185694,0.000000,0.000000,0.000000,0.626772,-1.137148,-3.140000,0.035082,-0.489315,-1.164454,3.140000,-0.040584,0.000000,0.000000,0.000000,0.000000,0.000000,0.000000
1778443252.740276,sequential_ik_elbow_then_wrist,0,0,-0.079083,0.110381,-0.267510,-0.280609,0.086077,-0.488410,-0.058659,-0.101598,-0.276110,-0.263915,-0.117242,-0.494343,0.000010,0.033726,0.002598,0.183645,0.000009,0.033803,0.002840,0.183848,0.000000,0.000000,0.000000,0.629171,-1.129783,-3.140000,0.033749,-0.491798,-1.165243,3.140000,-0.045773,0.000000,0.000000,0.000000,0.000000,0.000000,0.000000
1778443252.802965,sequential_ik_elbow_then_wrist,0,0,-0.080213,0.108763,-0.267836,-0.283802,0.082168,-0.486570,-0.056474,-0.099586,-0.277296,-0.263593,-0.114628,-0.493804,0.000000,0.035742,0.000241,0.189053,0.000004,0.034005,0.001675,0.184399,0.000000,0.000000,0.000000,0.630910,-1.123637,-3.140000,0.034445,-0.494480,-1.167980,3.140000,-0.053183,0.000000,0.000000,0.000000,0.000000,0.000000,0.000000
1778443252.858444,sequential_ik_elbow_then_wrist,0,0,-0.101419,0.100075,-0.264006,-0.305744,0.068006,-0.481314,-0.055303,-0.103248,-0.276191,-0.264441,-0.116304,-0.490879,0.000277,0.041485,0.015925,0.203678,0.000002,0.034400,0.001144,0.185472,0.000000,0.000000,0.000000,0.642918,-1.114351,-3.140000,0.034505,-0.495955,-1.168779,3.140000,-0.059647,0.000000,0.000000,0.000000,0.000000,0.000000,0.000000
1778443252.983747,sequential_ik_elbow_then_wrist,0,0,-0.097444,0.108752,-0.262064,-0.310418,0.067548,-0.469294,-0.054540,-0.109310,-0.274001,-0.259729,-0.124542,-0.492326,0.000033,0.042596,0.005300,0.206387,0.000018,0.031985,0.003845,0.178835,0.000000,0.000000,0.000000,0.655631,-1.103191,-3.140000,0.033607,-0.495064,-1.165738,3.140000,-0.060780,0.000000,0.000000,0.000000,0.000000,0.000000,0.000000
1778443259.382695,sequential_ik_elbow_then_wrist,1,0,-0.089652,0.137245,-0.251249,-0.240583,0.191891,-0.504693,0.012733,-0.034143,-0.297779,-0.175760,0.007118,-0.527492,0.000231,0.005651,0.013510,0.075154,0.001884,0.030573,0.034971,0.174641,0.000000,0.000000,0.000000,0.655424,-1.081148,-3.140000,0.036739,-0.486178,-1.224601,3.140000,-0.041107,0.000000,0.000000,0.000000,0.000000,0.000000,0.000000
1778443259.443635,sequential_ik_elbow_then_wrist,0,0,-0.079363,0.129117,-0.258902,-0.228645,0.185419,-0.512959,0.001978,-0.061157,-0.293694,-0.189919,-0.013922,-0.519403,0.000132,0.006300,0.010695,0.079362,0.000769,0.032983,0.027559,0.181610,0.000000,0.000000,0.000000,0.647029,-1.070179,-3.140000,0.041904,-0.473463,-1.265001,3.140000,-0.028730,0.000000,0.000000,0.000000,0.000000,0.000000,0.000000
1778443259.498354,sequential_ik_elbow_then_wrist,0,0,0.031724,0.093337,-0.283340,0.001103,0.093946,-0.581773,0.092381,-0.074318,-0.275577,0.211837,-0.177569,-0.530664,0.006226,0.002705,0.073944,0.047934,0.013129,0.071056,0.114186,0.266477,0.000000,0.000000,0.000000,0.606037,-1.118144,-3.140000,0.094288,-0.442799,-1.304743,3.140000,-0.035607,0.000000,0.000000,0.000000,0.000000,0.000000,0.000000
1778443259.562497,sequential_ik_elbow_then_wrist,1,0,-0.039340,0.079028,-0.286717,-0.088963,0.071523,-0.582490,0.001986,-0.146674,-0.261692,-0.091737,-0.174645,-0.545300,0.000001,0.002164,0.001116,0.046510,0.003144,0.002535,0.048732,0.048085,0.000000,0.000000,0.000000,0.574449,-1.154987,-3.140000,0.131444,-0.401901,-1.270754,3.140000,-0.005049,0.000000,0.000000,0.000000,0.000000,0.000000,0.000000
1778443259.630066,sequential_ik_elbow_then_wrist,1,0,-0.066683,0.101359,-0.274371,-0.145932,0.084452,-0.563220,-0.042573,-0.142022,-0.260801,-0.178608,-0.120505,-0.527319,0.000258,0.007938,0.013188,0.089057,0.000131,0.021568,0.007765,0.145055,0.000000,0.000000,0.000000,0.555507,-1.161607,-3.140000,0.165994,-0.372124,-1.224713,3.140000,0.073274,0.000000,0.000000,0.000000,0.000000,0.000000,0.000000
1778443259.686856,sequential_ik_elbow_then_wrist,0,0,-0.087427,0.112592,-0.263969,-0.209906,0.087283,-0.536656,-0.029587,-0.156707,-0.254102,-0.228828,-0.111168,-0.473714,0.000431,0.018982,0.018665,0.137769,0.000152,0.045070,0.010738,0.211939,0.000000,0.000000,0.000000,0.551692,-1.147583,-3.140000,0.195496,-0.342118,-1.177240,3.140000,0.162412,0.000000,0.000000,0.000000,0.000000,0.000000,0.000000
1778443260.217354,sequential_ik_elbow_then_wrist,0,0,-0.212449,0.066143,-0.201222,-0.430826,-0.074619,-0.051231,-0.192041,-0.041897,-0.226638,-0.481897,0.029923,-0.197904,0.010149,0.270992,0.092519,0.518268,0.019531,0.259313,0.134323,0.505131,0.000000,0.000000,0.000000,0.628303,-1.083700,-3.140000,0.100577,-0.411778,-1.145974,3.140000,0.075433,0.000000,0.000000,0.000000,0.000000,0.000000,0.000000
1778443260.289556,sequential_ik_elbow_then_wrist,0,0,-0.230158,0.068592,-0.179784,-0.436749,-0.079499,-0.020444,-0.158297,-0.040192,-0.251648,-0.455760,-0.026342,-0.288034,0.002917,0.130859,0.045479,0.347093,0.006032,0.118959,0.074439,0.344905,0.000000,0.000000,0.000000,0.743225,-0.994221,-2.386400,0.273022,-0.517807,-1.125207,3.140000,0.009329,0.000000,0.000000,0.000000,0.000000,0.000000,0.000000
1778443260.344606,sequential_ik_elbow_then_wrist,0,0,-0.226145,0.064086,-0.186417,-0.452473,-0.084017,-0.056644,-0.126567,-0.070585,-0.262676,-0.410212,-0.089986,-0.358431,0.000456,0.066696,0.017953,0.255808,0.000484,0.051553,0.021061,0.227052,0.000000,0.000000,0.000000,0.857492,-0.919301,-1.813664,0.489208,-0.613458,-1.111837,3.140000,-0.040910,0.000000,0.000000,0.000000,0.000000,0.000000,0.000000
1778443260.415754,sequential_ik_elbow_then_wrist,0,0,-0.192029,0.083926,-0.214666,-0.399532,-0.053138,-0.046869,-0.074523,-0.077178,-0.280160,-0.276371,-0.084018,-0.501995,0.000186,0.050158,0.009797,0.221811,0.000370,0.012889,0.015733,0.113530,0.000000,0.000000,0.000000,0.936428,-0.883770,-1.378385,0.727775,-0.678813,-1.127252,3.140000,-0.078802,0.000000,0.000000,0.000000,0.000000,0.000000,0.000000
1778443260.472579,sequential_ik_elbow_then_wrist,0,0,-0.192223,0.090751,-0.211694,-0.415573,-0.021731,-0.045975,-0.043037,-0.092856,-0.282003,-0.227165,-0.128145,-0.516206,0.000042,0.040290,0.005638,0.200597,0.001532,0.004620,0.038022,0.067971,0.000000,0.000000,0.000000,0.989115,-0.859061,-1.047572,0.926188,-0.710660,-1.152310,3.140000,-0.107890,0.000000,0.000000,0.000000,0.000000,0.000000,0.000000
1778443260.535581,sequential_ik_elbow_then_wrist,0,0,-0.174813,0.088041,-0.227353,-0.455977,-0.000392,-0.171438,-0.049386,-0.106698,-0.276001,-0.248557,-0.137582,-0.498210,0.000100,0.209503,0.007465,0.449452,0.001340,0.009374,0.035749,0.096819,0.000000,0.000000,0.000000,1.023037,-0.854987,-1.549755,0.869187,-0.717704,-1.163272,3.140000,-0.129996,0.000000,0.000000,0.000000,0.000000,0.000000,0.000000
1778443260.590719,sequential_ik_elbow_then_wrist,1,0,-0.135701,0.104374,-0.246356,-0.378309,0.067085,-0.418840,-0.031323,-0.115915,-0.274923,-0.229200,-0.124322,-0.500254,0.000705,0.028360,0.023010,0.156964,0.002108,0.013782,0.044936,0.117315,0.000000,0.000000,0.000000,1.027336,-0.875337,-1.931414,0.679444,-0.700497,-1.170209,3.140000,-0.136348,0.000000,0.000000,0.000000,0.000000,0.000000,0.000000
1778443260.650976,sequential_ik_elbow_then_wrist,1,0,-0.122209,0.106958,-0.252240,-0.339572,0.066906,-0.455092,-0.045414,-0.123729,-0.269497,-0.232675,-0.134013,-0.503650,0.000459,0.020883,0.019615,0.144162,0.000966,0.016831,0.029892,0.129423,0.000000,0.000000,0.000000,1.013656,-0.902540,-2.221474,0.511246,-0.670833,-1.163664,3.140000,-0.119631,0.000000,0.000000,0.000000,0.000000,0.000000,0.000000
1778443260.718386,sequential_ik_elbow_then_wrist,1,0,-0.122891,0.104727,-0.252844,-0.351576,0.051547,-0.439593,-0.059695,-0.128445,-0.264459,-0.250395,-0.142362,-0.495630,0.000134,0.031931,0.010879,0.178590,0.000268,0.022260,0.015184,0.149079,0.000000,0.000000,0.000000,0.994108,-0.926034,-2.441921,0.368831,-0.638918,-1.147400,3.140000,-0.092584,0.000000,0.000000,0.000000,0.000000,0.000000,0.000000
1778443260.766976,sequential_ik_elbow_then_wrist,0,0,-0.170151,0.101019,-0.225486,-0.441890,-0.004576,-0.154724,-0.065356,-0.116448,-0.268642,-0.257968,-0.134156,-0.497960,0.000384,0.137802,0.015182,0.371029,0.000009,0.025866,0.002751,0.160824,0.000000,0.000000,0.000000,0.990481,-0.916401,-2.609460,0.232312,-0.612972,-1.137573,3.140000,-0.068753,0.000000,0.000000,0.000000,0.000000,0.000000,0.000000
1778443260.832300,sequential_ik_elbow_then_wrist,0,0,-0.178613,0.085394,-0.225400,-0.452716,-0.016785,-0.158865,-0.078498,-0.111742,-0.267118,-0.271861,-0.135757,-0.495227,0.000289,0.123904,0.015274,0.352000,0.000071,0.027342,0.008130,0.165340,0.000000,0.000000,0.000000,1.004464,-0.902900,-2.736789,0.128557,-0.598572,-1.128745,3.140000,-0.055712,0.000000,0.000000,0.000000,0.000000,0.000000,0.000000
1778443260.889880,sequential_ik_elbow_then_wrist,0,0,-0.187805,0.077081,-0.220879,-0.463855,-0.027531,-0.167465,-0.077024,-0.113578,-0.266772,-0.263869,-0.134315,-0.500564,0.000238,0.108505,0.013754,0.329402,0.000020,0.024278,0.004287,0.155806,0.000000,0.000000,0.000000,1.030884,-0.886961,-2.833560,0.049703,-0.590461,-1.121137,3.140000,-0.041940,0.000000,0.000000,0.000000,0.000000,0.000000,0.000000
1778443260.949552,sequential_ik_elbow_then_wrist,0,0,-0.139411,0.074844,-0.254878,-0.412632,-0.030626,-0.319893,-0.058784,-0.121968,-0.267709,-0.228870,-0.147626,-0.513499,0.000356,0.065868,0.012791,0.256647,0.000141,0.015896,0.011422,0.126020,0.000000,0.000000,0.000000,1.047592,-0.907936,-2.907106,-0.010226,-0.576793,-1.116709,3.140000,-0.022114,0.000000,0.000000,0.000000,0.000000,0.000000,0.000000
1778443261.013591,sequential_ik_elbow_then_wrist,0,0,-0.125665,0.076854,-0.261346,-0.395796,-0.031386,-0.334238,-0.053455,-0.123530,-0.268110,-0.222194,-0.150044,-0.514735,0.000142,0.068846,0.009646,0.262386,0.000163,0.016193,0.012332,0.127239,0.000000,0.000000,0.000000,1.054099,-0.939416,-2.963000,-0.055771,-0.558389,-1.114260,3.140000,-0.002518,0.000000,0.000000,0.000000,0.000000,0.000000,0.000000
1778443261.079142,sequential_ik_elbow_then_wrist,0,0,-0.115577,0.081803,-0.264481,-0.374533,-0.003980,-0.389315,-0.055145,-0.124875,-0.267143,-0.240690,-0.150747,-0.501458,0.000172,0.048435,0.012200,0.220080,0.000076,0.022665,0.008394,0.150540,0.000000,0.000000,0.000000,1.050446,-0.971120,-3.005480,-0.090386,-0.538913,-1.111076,3.140000,0.008258,0.000000,0.000000,0.000000,0.000000,0.000000,0.000000
1778443261.132612,sequential_ik_elbow_then_wrist,0,0,-0.132804,0.079402,-0.257018,-0.412777,-0.014087,-0.310641,-0.048801,-0.123218,-0.269139,-0.215917,-0.142258,-0.517553,0.000020,0.078715,0.003014,0.280562,0.000104,0.018842,0.009818,0.137161,0.000000,0.000000,0.000000,1.047125,-0.987327,-3.037765,-0.116694,-0.517803,-1.111170,3.140000,0.029425,0.000000,0.000000,0.000000,0.000000,0.000000,0.000000
1778443261.196824,sequential_ik_elbow_then_wrist,0,0,-0.151764,0.073728,-0.248056,-0.434543,-0.026439,-0.246416,-0.052157,-0.119925,-0.269996,-0.222302,-0.128226,-0.516941,0.000130,0.101534,0.009795,0.318644,0.000018,0.023065,0.004000,0.151834,0.000000,0.000000,0.000000,1.051889,-0.987752,-3.062301,-0.136687,-0.499256,-1.112813,3.140000,0.053551,0.000000,0.000000,0.000000,0.000000,0.000000,0.000000
1778443261.261857,sequential_ik_elbow_then_wrist,0,0,-0.157992,0.071099,-0.244915,-0.438956,-0.034049,-0.243070,-0.057345,-0.120851,-0.268527,-0.239766,-0.127256,-0.506606,0.000095,0.097462,0.008826,0.312190,0.000001,0.028655,0.000691,0.169277,0.000000,0.000000,0.000000,1.063152,-0.981942,-3.080949,-0.151882,-0.485319,-1.112324,3.140000,0.070250,0.000000,0.000000,0.000000,0.000000,0.000000,0.000000
1778443261.308740,sequential_ik_elbow_then_wrist,0,0,-0.156283,0.074785,-0.244914,-0.438752,-0.023973,-0.266321,-0.072361,-0.123437,-0.263680,-0.263506,-0.126430,-0.494882,0.000009,0.081393,0.002733,0.285294,0.000103,0.034608,0.009428,0.186031,0.000000,0.000000,0.000000,1.074171,-0.975981,-3.095121,-0.163430,-0.480863,-1.105279,3.140000,0.081125,0.000000,0.000000,0.000000,0.000000,0.000000,0.000000
1778443261.375314,sequential_ik_elbow_then_wrist,0,0,-0.153387,0.076992,-0.246058,-0.437082,-0.016043,-0.275407,-0.074930,-0.124065,-0.262666,-0.265366,-0.124221,-0.494472,0.000000,0.075439,0.000481,0.274661,0.000069,0.033548,0.007864,0.183160,0.000000,0.000000,0.000000,1.082215,-0.972311,-3.105892,-0.172207,-0.482961,-1.097039,3.140000,0.091409,0.000000,0.000000,0.000000,0.000000,0.000000,0.000000
1778443261.430150,sequential_ik_elbow_then_wrist,0,0,-0.147863,0.074655,-0.250126,-0.432198,-0.019763,-0.265579,-0.065939,-0.122625,-0.265735,-0.244939,-0.119494,-0.506461,0.000007,0.082604,0.001788,0.287409,0.000003,0.027590,0.001241,0.166076,0.000000,0.000000,0.000000,1.087923,-0.974183,-3.114078,-0.178877,-0.484814,-1.093967,3.140000,0.106407,0.000000,0.000000,0.000000,0.000000,0.000000,0.000000
1778443261.489827,sequential_ik_elbow_then_wrist,0,0,-0.144864,0.076880,-0.251205,-0.426963,-0.014046,-0.297600,-0.063851,-0.123296,-0.265934,-0.228387,-0.123189,-0.516789,0.000008,0.070574,0.002527,0.265658,0.000002,0.022183,0.001331,0.148921,0.000000,0.000000,0.000000,1.090201,-0.977896,-3.120299,-0.183947,-0.485351,-1.092631,3.140000,0.123656,0.000000,0.000000,0.000000,0.000000,0.000000,0.000000
1778443261.545900,sequential_ik_elbow_then_wrist,0,0,-0.139260,0.075365,-0.254807,-0.419161,-0.018669,-0.307846,-0.051445,-0.125261,-0.267700,-0.198366,-0.133162,-0.529142,0.000013,0.071039,0.002887,0.266532,0.000101,0.014855,0.009632,0.121864,0.000000,0.000000,0.000000,1.090005,-0.985378,-3.125027,-0.187800,-0.479390,-1.094458,3.140000,0.141507,0.000000,0.000000,0.000000,0.000000,0.000000,0.000000
1778443261.610158,sequential_ik_elbow_then_wrist,0,0,-0.143444,0.069301,-0.254207,-0.422449,-0.030554,-0.300949,-0.040564,-0.126591,-0.268941,-0.183228,-0.148127,-0.531968,0.000012,0.076991,0.003236,0.277473,0.000234,0.012042,0.014737,0.109723,0.000000,0.000000,0.000000,1.092510,-0.991443,-3.128621,-0.190728,-0.465372,-1.098536,3.140000,0.150937,0.000000,0.000000,0.000000,0.000000,0.000000,0.000000
1778443261.668098,sequential_ik_elbow_then_wrist,0,0,-0.117535,0.070417,-0.266884,-0.390201,-0.019485,-0.353896,-0.031357,-0.131505,-0.267812,-0.164251,-0.165994,-0.534551,0.000128,0.060360,0.008937,0.245682,0.000368,0.009087,0.018524,0.095321,0.000000,0.000000,0.000000,1.089519,-1.012053,-3.131352,-0.192953,-0.442821,-1.101012,3.140000,0.155852,0.000000,0.000000,0.000000,0.000000,0.000000,0.000000
1778443261.732253,sequential_ik_elbow_then_wrist,0,0,-0.127266,0.068136,-0.262985,-0.401390,-0.023001,-0.343916,-0.032004,-0.130511,-0.268221,-0.164462,-0.164246,-0.535273,0.000001,0.066121,0.000592,0.257140,0.000179,0.010695,0.012918,0.103411,0.000000,0.000000,0.000000,1.087188,-1.026137,-3.133427,-0.194644,-0.417359,-1.102861,3.140000,0.162290,0.000000,0.000000,0.000000,0.000000,0.000000,0.000000
1778443261.797407,sequential_ik_elbow_then_wrist,0,0,-0.134377,0.065964,-0.259984,-0.415205,-0.029012,-0.305972,-0.041461,-0.128953,-0.267679,-0.182197,-0.157522,-0.531075,0.000019,0.080160,0.003877,0.283126,0.000007,0.015429,0.002577,0.124210,0.000000,0.000000,0.000000,1.088027,-1.032732,-3.135005,-0.195930,-0.396353,-1.103102,3.140000,0.169760,0.000000,0.000000,0.000000,0.000000,0.000000,0.000000
1778443261.855025,sequential_ik_elbow_then_wrist,0,0,-0.151418,0.065490,-0.250567,-0.432616,-0.037062,-0.270836,-0.047499,-0.123758,-0.269124,-0.207025,-0.151615,-0.521662,0.000109,0.089184,0.008841,0.298637,0.000015,0.022177,0.003638,0.148898,0.000000,0.000000,0.000000,1.094830,-1.025829,-3.136204,-0.196907,-0.382696,-1.105031,3.140000,0.169239,0.000000,0.000000,0.000000,0.000000,0.000000,0.000000
1778443261.920280,sequential_ik_elbow_then_wrist,0,0,-0.154497,0.067413,-0.248165,-0.436471,-0.032825,-0.269214,-0.048888,-0.123360,-0.269058,-0.204844,-0.148333,-0.524116,0.000032,0.082847,0.004952,0.287831,0.000015,0.021187,0.003714,0.145558,0.000000,0.000000,0.000000,1.103901,-1.015106,-3.137115,-0.197649,-0.374690,-1.106807,3.140000,0.168732,0.000000,0.000000,0.000000,0.000000,0.000000,0.000000
1778443262.000407,sequential_ik_elbow_then_wrist,0,0,-0.161646,0.069814,-0.242892,-0.445909,-0.025259,-0.255377,-0.052364,-0.125078,-0.267607,-0.215485,-0.147268,-0.518404,0.000027,0.080630,0.004117,0.283955,0.000025,0.023684,0.004734,0.153896,0.000000,0.000000,0.000000,1.113743,-1.000017,-3.137807,-0.198213,-0.371640,-1.106245,3.140000,0.167287,0.000000,0.000000,0.000000,0.000000,0.000000,0.000000
1778443262.037370,sequential_ik_elbow_then_wrist,0,0,-0.151903,0.074447,-0.247757,-0.438488,-0.009984,-0.274961,-0.051227,-0.125541,-0.267610,-0.227455,-0.146225,-0.509511,0.000015,0.070560,0.003348,0.265632,0.000007,0.027372,0.002525,0.165436,0.000000,0.000000,0.000000,1.118426,-0.992176,-3.138334,-0.198642,-0.370971,-1.105346,3.140000,0.162010,0.000000,0.000000,0.000000,0.000000,0.000000,0.000000
1778443262.101791,sequential_ik_elbow_then_wrist,0,0,-0.139612,0.085328,-0.251451,-0.425660,0.011498,-0.303663,-0.052243,-0.125919,-0.267236,-0.240399,-0.143659,-0.500223,0.000155,0.060220,0.011539,0.245397,0.000006,0.031905,0.002435,0.178611,0.000000,0.000000,0.000000,1.112062,-0.991424,-3.138733,-0.198968,-0.372059,-1.104044,3.140000,0.153537,0.000000,0.000000,0.000000,0.000000,0.000000,0.000000
1778443262.164672,sequential_ik_elbow_then_wrist,0,0,-0.138141,0.086022,-0.252026,-0.419767,0.008579,-0.320505,-0.052132,-0.125807,-0.267311,-0.240085,-0.144990,-0.500346,0.000074,0.059876,0.008075,0.244695,0.000003,0.031196,0.001717,0.176620,0.000000,0.000000,0.000000,1.100372,-0.992552,-3.139037,-0.199216,-0.374020,-1.103006,3.140000,0.144679,0.000000,0.000000,0.000000,0.000000,0.000000,0.000000
1778443263.734682,sequential_ik_elbow_then_wrist,0,0,-0.171456,0.082822,-0.231826,-0.441181,-0.037535,-0.179265,-0.063896,-0.104807,-0.273739,-0.257176,-0.113181,-0.503026,0.000180,0.122063,0.009920,0.349375,0.000289,0.038639,0.016003,0.196556,0.000000,0.000000,0.000000,1.097515,-0.972586,-3.139268,-0.199404,-0.385032,-1.112062,3.140000,0.132553,0.000000,0.000000,0.000000,0.000000,0.000000,0.000000
1778443263.790812,sequential_ik_elbow_then_wrist,0,0,-0.176088,0.082928,-0.228289,-0.441675,-0.036492,-0.156162,-0.069891,-0.104083,-0.272547,-0.265800,-0.111179,-0.499637,0.000044,0.123555,0.005351,0.351504,0.000285,0.038683,0.016408,0.196640,0.000000,0.000000,0.000000,1.100064,-0.949202,-3.139444,-0.199547,-0.403057,-1.119478,3.140000,0.113941,0.000000,0.000000,0.000000,0.000000,0.000000,0.000000
1778443263.843739,sequential_ik_elbow_then_wrist,0,0,-0.177336,0.082789,-0.227372,-0.444460,-0.037615,-0.162972,-0.069274,-0.103898,-0.272775,-0.266407,-0.112232,-0.498760,0.000011,0.116410,0.002850,0.341190,0.000158,0.036045,0.012224,0.189829,0.000000,0.000000,0.000000,1.104958,-0.928658,-3.139577,-0.199656,-0.423932,-1.125248,3.140000,0.092281,0.000000,0.000000,0.000000,0.000000,0.000000,0.000000
1778443263.911100,sequential_ik_elbow_then_wrist,0,0,-0.182788,0.079699,-0.224136,-0.442216,-0.044625,-0.139044,-0.068904,-0.103936,-0.272854,-0.267600,-0.112891,-0.497443,0.000024,0.125195,0.004233,0.353829,0.000088,0.034381,0.009109,0.185406,0.000000,0.000000,0.000000,1.113260,-0.909396,-3.139679,-0.199738,-0.445146,-1.129600,3.140000,0.070070,0.000000,0.000000,0.000000,0.000000,0.000000,0.000000
1778443263.973001,sequential_ik_elbow_then_wrist,0,0,-0.184551,0.081387,-0.222075,-0.428632,-0.045989,-0.102912,-0.070264,-0.099496,-0.274160,-0.269168,-0.112505,-0.498365,0.000006,0.141467,0.001915,0.376121,0.000100,0.032753,0.009675,0.180951,0.000000,0.000000,0.000000,1.121463,-0.891993,-3.139756,-0.199801,-0.466843,-1.134893,3.140000,0.045846,0.000000,0.000000,0.000000,0.000000,0.000000,0.000000
1778443264.028477,sequential_ik_elbow_then_wrist,0,0,-0.187997,0.080193,-0.219605,-0.426436,-0.047537,-0.089868,-0.071001,-0.098892,-0.274188,-0.272718,-0.113193,-0.495787,0.000008,0.145472,0.002305,0.381408,0.000071,0.032037,0.008219,0.178963,0.000000,0.000000,0.000000,1.130141,-0.875886,-3.139815,-0.199849,-0.488033,-1.139342,3.140000,0.020321,0.000000,0.000000,0.000000,0.000000,0.000000,0.000000
1778443264.089457,sequential_ik_elbow_then_wrist,0,0,-0.187462,0.078251,-0.220760,-0.433105,-0.047347,-0.102925,-0.071677,-0.099426,-0.273819,-0.274240,-0.113652,-0.494650,0.000004,0.136453,0.001792,0.369396,0.000046,0.031003,0.006590,0.176068,0.000000,0.000000,0.000000,1.138883,-0.864033,-3.139859,-0.199885,-0.507914,-1.142193,3.140000,-0.002970,0.000000,0.000000,0.000000,0.000000,0.000000,0.000000
1778443264.151271,sequential_ik_elbow_then_wrist,0,0,-0.185605,0.078760,-0.222143,-0.441532,-0.047312,-0.129366,-0.070326,-0.099293,-0.274217,-0.272451,-0.112473,-0.495513,0.000001,0.122868,0.000580,0.350525,0.000019,0.029811,0.004281,0.172657,0.000000,0.000000,0.000000,1.145878,-0.856372,-3.139893,-0.199913,-0.525475,-1.144773,3.140000,-0.021981,0.000000,0.000000,0.000000,0.000000,0.000000,0.000000
1778443264.214926,sequential_ik_elbow_then_wrist,0,0,-0.183574,0.078438,-0.223938,-0.445580,-0.047183,-0.149292,-0.068783,-0.099380,-0.274577,-0.270529,-0.111675,-0.496270,0.000001,0.114329,0.000736,0.338126,0.000006,0.028962,0.002297,0.170181,0.000000,0.000000,0.000000,1.151071,-0.852514,-3.139919,-0.199934,-0.540122,-1.147341,3.140000,-0.037005,0.000000,0.000000,0.000000,0.000000,0.000000,0.000000
1778443264.293446,sequential_ik_elbow_then_wrist,0,0,-0.184896,0.076660,-0.223465,-0.439229,-0.051569,-0.129274,-0.069502,-0.096701,-0.275351,-0.273073,-0.106280,-0.495504,0.000001,0.125391,0.001038,0.354105,0.000013,0.030145,0.003452,0.173621,0.000000,0.000000,0.000000,1.156232,-0.849596,-3.139938,-0.199950,-0.553172,-1.150645,3.140000,-0.049910,0.000000,0.000000,0.000000,0.000000,0.000000,0.000000
1778443264.332494,sequential_ik_elbow_then_wrist,0,0,-0.189157,0.074765,-0.220522,-0.416074,-0.060545,-0.078397,-0.071109,-0.092690,-0.276319,-0.276093,-0.106488,-0.494931,0.000008,0.154335,0.002427,0.392855,0.000033,0.029766,0.005560,0.172509,0.000000,0.000000,0.000000,1.162782,-0.844689,-3.139953,-0.199962,-0.566125,-1.155038,3.140000,-0.065670,0.000000,0.000000,0.000000,0.000000,0.000000,0.000000
1778443264.394289,sequential_ik_elbow_then_wrist,0,0,-0.191818,0.072609,-0.218937,-0.424834,-0.062589,-0.086933,-0.067197,-0.085664,-0.279546,-0.272746,-0.085062,-0.498062,0.000010,0.145701,0.002675,0.381708,0.000037,0.032603,0.005527,0.180563,0.000000,0.000000,0.000000,1.170860,-0.838912,-3.139964,-0.199971,-0.578625,-1.164092,3.140000,-0.076672,0.000000,0.000000,0.000000,0.000000,0.000000,0.000000
1778443264.455810,sequential_ik_elbow_then_wrist,0,0,-0.195977,0.072026,-0.215419,-0.430061,-0.059725,-0.081827,-0.064360,-0.085472,-0.280272,-0.271347,-0.083265,-0.497417,0.000010,0.142130,0.002602,0.377001,0.000008,0.032281,0.002554,0.179666,0.000000,0.000000,0.000000,1.179760,-0.830902,-3.139973,-0.199978,-0.589310,-1.173463,3.140000,-0.088013,0.000000,0.000000,0.000000,0.000000,0.000000,0.000000
1778443264.512476,sequential_ik_elbow_then_wrist,0,0,-0.195953,0.069594,-0.216239,-0.448933,-0.067438,-0.131250,-0.058838,-0.084509,-0.281774,-0.265075,-0.082734,-0.499634,0.000006,0.116094,0.002157,0.340725,0.000005,0.030814,0.001744,0.175537,0.000000,0.000000,0.000000,1.189217,-0.824715,-3.139979,-0.199983,-0.596820,-1.183790,3.140000,-0.099048,0.000000,0.000000,0.000000,0.000000,0.000000,0.000000
1778443264.566257,sequential_ik_elbow_then_wrist,0,0,-0.192810,0.069626,-0.219035,-0.447283,-0.071686,-0.146408,-0.058104,-0.086709,-0.281257,-0.264547,-0.081930,-0.498878,0.000002,0.111710,0.001050,0.334231,0.000007,0.031371,0.002616,0.177118,0.000000,0.000000,0.000000,1.197031,-0.822488,-3.139984,-0.199987,-0.601289,-1.191465,3.140000,-0.106978,0.000000,0.000000,0.000000,0.000000,0.000000,0.000000
1778443264.624810,sequential_ik_elbow_then_wrist,0,0,-0.179397,0.075576,-0.228266,-0.437981,-0.068379,-0.179161,-0.056069,-0.093745,-0.279407,-0.260857,-0.082788,-0.498364,0.000057,0.105263,0.006019,0.324443,0.000052,0.031503,0.006931,0.177464,0.000000,0.000000,0.000000,1.197194,-0.829958,-3.139988,-0.199990,-0.601356,-1.194174,3.140000,-0.105814,0.000000,0.000000,0.000000,0.000000,0.000000,0.000000
1778443264.700309,sequential_ik_elbow_then_wrist,0,0,-0.170127,0.079605,-0.233923,-0.423627,-0.074250,-0.188465,-0.052221,-0.102207,-0.277176,-0.250675,-0.084678,-0.501472,0.000069,0.113343,0.007116,0.336664,0.000154,0.030283,0.012009,0.173912,0.000000,0.000000,0.000000,1.190198,-0.843244,-3.139991,-0.199993,-0.595313,-1.192104,3.140000,-0.090155,0.000000,0.000000,0.000000,0.000000,0.000000,0.000000
1778443264.750017,sequential_ik_elbow_then_wrist,0,0,-0.169737,0.084740,-0.232397,-0.425366,-0.064351,-0.183146,-0.052147,-0.107000,-0.275375,-0.251098,-0.090177,-0.499285,0.000046,0.116868,0.006197,0.341860,0.000144,0.031359,0.011617,0.177040,0.000000,0.000000,0.000000,1.178252,-0.853578,-3.139993,-0.199994,-0.584527,-1.186698,3.140000,-0.068863,0.000000,0.000000,0.000000,0.000000,0.000000,0.000000
1778443264.823429,sequential_ik_elbow_then_wrist,0,0,-0.164798,0.090082,-0.233938,-0.425594,-0.052898,-0.194666,-0.055211,-0.106845,-0.274838,-0.256601,-0.090140,-0.496565,0.000062,0.113233,0.007196,0.336501,0.000052,0.034379,0.006949,0.185404,0.000000,0.000000,0.000000,1.161577,-0.863023,-3.139995,-0.199996,-0.572499,-1.180638,3.140000,-0.047600,0.000000,0.000000,0.000000,0.000000,0.000000,0.000000
1778443265.234986,sequential_ik_elbow_then_wrist,0,0,-0.184446,0.080623,-0.222440,-0.430481,-0.054115,-0.116079,-0.058999,-0.089591,-0.280165,-0.265466,-0.076238,-0.497405,0.000068,0.142848,0.006515,0.377953,0.000039,0.039251,0.005143,0.198095,0.000000,0.000000,0.000000,1.154736,-0.859579,-3.139996,-0.199997,-0.565528,-1.184170,3.140000,-0.038807,0.000000,0.000000,0.000000,0.000000,0.000000,0.000000
1778443265.297282,sequential_ik_elbow_then_wrist,0,0,-0.188758,0.081418,-0.218498,-0.424997,-0.052740,-0.091246,-0.064773,-0.086543,-0.279848,-0.274625,-0.068221,-0.493451,0.000023,0.148476,0.003833,0.385326,0.000080,0.042828,0.008753,0.206930,0.000000,0.000000,0.000000,1.153240,-0.850910,-3.139997,-0.199998,-0.564582,-1.188352,3.140000,-0.038748,0.000000,0.000000,0.000000,0.000000,0.000000,0.000000
1778443265.358422,sequential_ik_elbow_then_wrist,0,0,-0.190877,0.081804,-0.216504,-0.431705,-0.048579,-0.094021,-0.068952,-0.086558,-0.278843,-0.281949,-0.065877,-0.489092,0.000007,0.140567,0.002113,0.374923,0.000104,0.044255,0.009990,0.210357,0.000000,0.000000,0.000000,1.154257,-0.841138,-3.139998,-0.199998,-0.568861,-1.190239,3.140000,-0.043924,0.000000,0.000000,0.000000,0.000000,0.000000,0.000000
1778443265.421664,sequential_ik_elbow_then_wrist,0,0,-0.191402,0.082260,-0.215867,-0.432389,-0.048004,-0.093569,-0.071045,-0.086938,-0.278199,-0.285059,-0.065698,-0.487356,0.000001,0.138710,0.000884,0.372438,0.000091,0.043547,0.009322,0.208675,0.000000,0.000000,0.000000,1.155955,-0.832411,-3.139998,-0.199999,-0.576858,-1.190264,3.140000,-0.051321,0.000000,0.000000,0.000000,0.000000,0.000000,0.000000
1778443265.476396,sequential_ik_elbow_then_wrist,0,0,-0.193564,0.082223,-0.213944,-0.429528,-0.047962,-0.082137,-0.071094,-0.086011,-0.278474,-0.285396,-0.066145,-0.487472,0.000002,0.142866,0.001073,0.377976,0.000067,0.041860,0.007976,0.204593,0.000000,0.000000,0.000000,1.158227,-0.823781,-3.139999,-0.199999,-0.587022,-1.190349,3.140000,-0.060556,0.000000,0.000000,0.000000,0.000000,0.000000,0.000000
1778443265.537071,sequential_ik_elbow_then_wrist,0,0,-0.193621,0.083573,-0.213370,-0.429765,-0.046827,-0.082101,-0.071857,-0.086532,-0.278116,-0.286021,-0.066138,-0.487204,0.000000,0.141739,0.000414,0.376482,0.000047,0.040687,0.006689,0.201708,0.000000,0.000000,0.000000,1.159687,-0.816260,-3.139999,-0.199999,-0.598190,-1.189781,3.140000,-0.069732,0.000000,0.000000,0.000000,0.000000,0.000000,0.000000
1778443265.596441,sequential_ik_elbow_then_wrist,0,0,-0.192805,0.082993,-0.214333,-0.433103,-0.050689,-0.094391,-0.068921,-0.086874,-0.278752,-0.280179,-0.065352,-0.490665,0.000000,0.136909,0.000232,0.370012,0.000012,0.038260,0.003340,0.195600,0.000000,0.000000,0.000000,1.160797,-0.811170,-3.139999,-0.199999,-0.608384,-1.190158,3.140000,-0.075775,0.000000,0.000000,0.000000,0.000000,0.000000,0.000000
1778443265.656915,sequential_ik_elbow_then_wrist,0,0,-0.192669,0.086214,-0.213181,-0.428814,-0.046534,-0.084286,-0.067950,-0.086918,-0.278977,-0.279515,-0.064505,-0.490490,0.000003,0.141565,0.001454,0.376251,0.000004,0.037925,0.002054,0.194744,0.000000,0.000000,0.000000,1.159829,-0.806436,-3.139999,-0.200000,-0.617171,-1.190985,3.140000,-0.080827,0.000000,0.000000,0.000000,0.000000,0.000000,0.000000
1778443265.720491,sequential_ik_elbow_then_wrist,0,0,-0.194687,0.087931,-0.210631,-0.419235,-0.042747,-0.060625,-0.068411,-0.088211,-0.278458,-0.281685,-0.066774,-0.488349,0.000003,0.153176,0.001353,0.391377,0.000002,0.037872,0.001350,0.194604,0.000000,0.000000,0.000000,1.157782,-0.800415,-3.140000,-0.200000,-0.624524,-1.190864,3.140000,-0.086600,0.000000,0.000000,0.000000,0.000000,0.000000,0.000000
1778443265.772953,sequential_ik_elbow_then_wrist,0,0,-0.194341,0.081655,-0.213457,-0.406706,-0.048922,-0.046571,-0.074140,-0.088673,-0.276840,-0.296000,-0.068005,-0.477715,0.000007,0.101831,0.002261,0.302125,0.000023,0.041575,0.004597,0.203878,0.000000,0.000000,0.000000,1.158995,-0.797757,-2.386400,0.046532,-0.632466,-1.188018,3.140000,-0.098015,0.000000,0.000000,0.000000,0.000000,0.000000,0.000000
1778443265.841975,sequential_ik_elbow_then_wrist,0,0,-0.193459,0.083701,-0.213466,-0.413190,-0.045710,-0.055445,-0.076255,-0.093545,-0.274654,-0.300045,-0.068870,-0.472919,0.000000,0.056341,0.000167,0.231857,0.000012,0.042416,0.002917,0.205952,0.000000,0.000000,0.000000,1.159868,-0.796175,-1.813664,0.355871,-0.639869,-1.181759,3.140000,-0.106751,0.000000,0.000000,0.000000,0.000000,0.000000,0.000000
1778443265.903467,sequential_ik_elbow_then_wrist,0,0,-0.195341,0.082562,-0.212192,-0.418184,-0.044809,-0.056895,-0.074445,-0.100878,-0.272547,-0.293200,-0.079501,-0.476726,0.000001,0.049336,0.000903,0.221539,0.000013,0.037938,0.003062,0.194761,0.000000,0.000000,0.000000,1.161590,-0.793959,-1.378384,0.629376,-0.643963,-1.172896,3.140000,-0.107365,0.000000,0.000000,0.000000,0.000000,0.000000,0.000000
1778443265.965233,sequential_ik_elbow_then_wrist,0,0,-0.195653,0.089344,-0.209135,-0.418850,-0.044844,-0.060217,-0.072831,-0.109028,-0.269831,-0.290048,-0.094111,-0.476214,0.000010,0.052128,0.002658,0.228277,0.000055,0.035045,0.006928,0.187190,0.000000,0.000000,0.000000,1.159706,-0.789404,-1.047572,0.847131,-0.643003,-1.161400,3.140000,-0.102753,0.000000,0.000000,0.000000,0.000000,0.000000,0.000000
1778443266.026196,sequential_ik_elbow_then_wrist,0,0,-0.199512,0.087465,-0.206264,-0.430970,-0.043592,-0.067515,-0.072953,-0.114742,-0.267418,-0.287356,-0.103491,-0.476952,0.000003,0.053387,0.001220,0.231025,0.000064,0.033874,0.007536,0.184026,0.000000,0.000000,0.000000,1.158787,-0.782819,-0.796155,1.003636,-0.637572,-1.148250,3.140000,-0.092049,0.000000,0.000000,0.000000,0.000000,0.000000,0.000000
1778443266.090754,sequential_ik_elbow_then_wrist,0,0,-0.200751,0.083784,-0.206590,-0.440842,-0.042766,-0.078758,-0.071119,-0.116483,-0.267159,-0.280341,-0.108998,-0.482031,0.000005,0.052799,0.001917,0.229690,0.000056,0.032136,0.007200,0.179237,0.000000,0.000000,0.000000,1.160672,-0.777383,-0.605078,1.107157,-0.628738,-1.136888,3.140000,-0.076106,0.000000,0.000000,0.000000,0.000000,0.000000,0.000000
1778443266.152723,sequential_ik_elbow_then_wrist,0,0,-0.201114,0.082516,-0.206747,-0.447049,-0.046410,-0.093195,-0.068543,-0.115811,-0.268123,-0.274135,-0.108531,-0.486477,0.000003,0.054489,0.001447,0.233328,0.000046,0.031844,0.006543,0.178430,0.000000,0.000000,0.000000,1.164061,-0.773285,-0.459859,1.169308,-0.617757,-1.129234,3.140000,-0.057559,0.000000,0.000000,0.000000,0.000000,0.000000,0.000000
1778443266.218597,sequential_ik_elbow_then_wrist,0,0,-0.188237,0.080059,-0.219448,-0.445824,-0.052531,-0.141544,-0.060840,-0.118226,-0.268926,-0.260478,-0.113917,-0.492815,0.000039,0.059969,0.004177,0.244648,0.000120,0.029020,0.010563,0.170334,0.000000,0.000000,0.000000,1.165872,-0.781312,-0.349493,1.190672,-0.602623,-1.124933,3.140000,-0.037367,0.000000,0.000000,0.000000,0.000000,0.000000,0.000000
1778443266.266689,sequential_ik_elbow_then_wrist,0,0,-0.193090,0.079914,-0.215243,-0.435765,-0.054526,-0.101072,-0.061338,-0.116322,-0.269642,-0.263175,-0.112110,-0.491552,0.000001,0.056487,0.000813,0.237520,0.000050,0.031728,0.006786,0.178123,0.000000,0.000000,0.000000,1.168099,-0.786200,-0.265615,1.227158,-0.586823,-1.122845,3.140000,-0.020512,0.000000,0.000000,0.000000,0.000000,0.000000,0.000000
1778443266.325706,sequential_ik_elbow_then_wrist,0,0,-0.190127,0.081294,-0.217354,-0.416317,-0.056696,-0.076651,-0.069486,-0.113635,-0.268810,-0.275319,-0.099740,-0.486616,0.000002,0.054813,0.001027,0.233741,0.000002,0.038124,0.001241,0.195249,0.000000,0.000000,0.000000,1.168747,-0.791518,-0.201867,1.286885,-0.575570,-1.120247,3.140000,-0.004590,0.000000,0.000000,0.000000,0.000000,0.000000,0.000000
1778443266.386826,sequential_ik_elbow_then_wrist,0,0,-0.186514,0.078195,-0.221581,-0.397904,-0.058649,-0.058523,-0.067750,-0.104799,-0.272813,-0.270387,-0.101469,-0.494008,0.000006,0.051255,0.001583,0.225983,0.000021,0.034811,0.003811,0.186560,0.000000,0.000000,0.000000,1.169605,-0.799749,-0.153419,1.365069,-0.568983,-1.123810,3.140000,0.001481,0.000000,0.000000,0.000000,0.000000,0.000000,0.000000
1778443266.442970,sequential_ik_elbow_then_wrist,0,0,-0.187936,0.078130,-0.220399,-0.407100,-0.052876,-0.062904,-0.066200,-0.105482,-0.272931,-0.269783,-0.102611,-0.493261,0.000000,0.049009,0.000454,0.221377,0.000002,0.034202,0.001286,0.184927,0.000000,0.000000,0.000000,1.170800,-0.805886,-0.116598,1.427234,-0.564675,-1.127935,3.140000,0.001139,0.000000,0.000000,0.000000,0.000000,0.000000,0.000000
1778443266.502769,sequential_ik_elbow_then_wrist,0,0,-0.190535,0.077294,-0.218454,-0.412073,-0.049817,-0.061089,-0.059802,-0.106529,-0.273999,-0.257685,-0.106139,-0.499481,0.000002,0.047206,0.001276,0.217266,0.000016,0.030328,0.003791,0.174149,0.000000,0.000000,0.000000,1.173035,-0.808765,-0.088615,1.471561,-0.559235,-1.133031,3.140000,0.001162,0.000000,0.000000,0.000000,0.000000,0.000000,0.000000
1778443266.569623,sequential_ik_elbow_then_wrist,0,0,-0.192815,0.079247,-0.215737,-0.418825,-0.042458,-0.060471,-0.059768,-0.107548,-0.273608,-0.257980,-0.107960,-0.498800,0.000003,0.044953,0.001056,0.212000,0.000012,0.030744,0.003300,0.175340,0.000000,0.000000,0.000000,1.174824,-0.808113,-0.067347,1.498063,-0.553190,-1.136754,3.140000,0.001061,0.000000,0.000000,0.000000,0.000000,0.000000,0.000000
1778443266.628978,sequential_ik_elbow_then_wrist,0,0,-0.198167,0.080389,-0.210398,-0.431153,-0.035635,-0.061214,-0.061024,-0.111090,-0.271910,-0.263418,-0.112014,-0.493351,0.000009,0.043453,0.002036,0.208376,0.000012,0.032534,0.003209,0.180371,0.000000,0.000000,0.000000,1.176816,-0.802289,-0.051184,1.504576,-0.546784,-1.137029,3.140000,0.000275,0.000000,0.000000,0.000000,0.000000,0.000000,0.000000
1778443266.691157,sequential_ik_elbow_then_wrist,0,0,-0.198501,0.078618,-0.210753,-0.438818,-0.038264,-0.074422,-0.060753,-0.110607,-0.272167,-0.263892,-0.110014,-0.492926,0.000002,0.045263,0.001098,0.212651,0.000006,0.033639,0.002327,0.183408,0.000000,0.000000,0.000000,1.179692,-0.796953,-0.038900,1.493946,-0.540526,-1.137019,3.140000,0.001279,0.000000,0.000000,0.000000,0.000000,0.000000,0.000000
1778443266.748412,sequential_ik_elbow_then_wrist,0,0,-0.200159,0.074524,-0.210672,-0.428106,-0.047942,-0.058875,-0.063778,-0.103214,-0.274371,-0.277022,-0.089519,-0.484940,0.000008,0.044900,0.002526,0.211867,0.000013,0.042426,0.003300,0.205975,0.000000,0.000000,0.000000,1.185181,-0.792629,-0.029564,1.494370,-0.537559,-1.140268,3.140000,0.001377,0.000000,0.000000,0.000000,0.000000,0.000000,0.000000
1778443266.810041,sequential_ik_elbow_then_wrist,0,0,-0.199100,0.078240,-0.210327,-0.420637,-0.046779,-0.051293,-0.066926,-0.094958,-0.276593,-0.289031,-0.077460,-0.477500,0.000001,0.043990,0.000626,0.209696,0.000071,0.048490,0.008007,0.220174,0.000000,0.000000,0.000000,1.188550,-0.788971,-0.022469,1.504675,-0.539659,-1.147099,3.140000,-0.007493,0.000000,0.000000,0.000000,0.000000,0.000000,0.000000
1778443266.886492,sequential_ik_elbow_then_wrist,0,0,-0.197586,0.080371,-0.210951,-0.405557,-0.048727,-0.037509,-0.069522,-0.085780,-0.278942,-0.293499,-0.068766,-0.477801,0.000003,0.043832,0.001463,0.209213,0.000158,0.049519,0.012113,0.222479,0.000000,0.000000,0.000000,1.189208,-0.786650,-0.017076,1.531409,-0.547516,-1.157381,3.140000,-0.025363,0.000000,0.000000,0.000000,0.000000,0.000000,0.000000
1778443266.923271,sequential_ik_elbow_then_wrist,0,0,-0.192501,0.083589,-0.214374,-0.394577,-0.046553,-0.034851,-0.077796,-0.087730,-0.276136,-0.309912,-0.066426,-0.464996,0.000014,0.043852,0.003192,0.209302,0.000216,0.053669,0.014306,0.231614,0.000000,0.000000,0.000000,1.185880,-0.787998,-0.012978,1.567761,-0.561006,-1.161948,3.140000,-0.050658,0.000000,0.000000,0.000000,0.000000,0.000000,0.000000
1778443266.989970,sequential_ik_elbow_then_wrist,0,0,-0.188729,0.081370,-0.218542,-0.381530,-0.050659,-0.030404,-0.082534,-0.083279,-0.276139,-0.318700,-0.059802,-0.459645,0.000008,0.044104,0.002001,0.209874,0.000283,0.054775,0.016427,0.234005,0.000000,0.000000,0.000000,1.181912,-0.793434,-0.009863,1.613440,-0.580068,-1.164874,3.140000,-0.079746,0.000000,0.000000,0.000000,0.000000,0.000000,0.000000
1778443267.046110,sequential_ik_elbow_then_wrist,0,0,-0.187610,0.080756,-0.219729,-0.380095,-0.050594,-0.030794,-0.083717,-0.084250,-0.275488,-0.319140,-0.061512,-0.460038,0.000002,0.043895,0.000921,0.209488,0.000185,0.050598,0.013264,0.224926,0.000000,0.000000,0.000000,1.178282,-0.799646,-0.007496,1.655862,-0.601768,-1.165674,3.140000,-0.107623,0.000000,0.000000,0.000000,0.000000,0.000000,0.000000
1778443267.117774,sequential_ik_elbow_then_wrist,0,0,-0.187407,0.081780,-0.219524,-0.381200,-0.049504,-0.031885,-0.084803,-0.083991,-0.275234,-0.321267,-0.059998,-0.458289,0.000001,0.044165,0.000757,0.210154,0.000132,0.048787,0.011211,0.220877,0.000000,0.000000,0.000000,1.174613,-0.804658,-0.005697,1.689823,-0.624436,-1.165418,3.140000,-0.129793,0.000000,0.000000,0.000000,0.000000,0.000000,0.000000
1778443267.165204,sequential_ik_elbow_then_wrist,0,0,-0.186055,0.084079,-0.219805,-0.379720,-0.047063,-0.031933,-0.084792,-0.085533,-0.274763,-0.320614,-0.063679,-0.458910,0.000004,0.044261,0.001677,0.210382,0.000067,0.045159,0.007989,0.212507,0.000000,0.000000,0.000000,1.169798,-0.808792,-0.004330,1.717544,-0.646118,-1.164121,3.140000,-0.146643,0.000000,0.000000,0.000000,0.000000,0.000000,0.000000
1778443267.233115,sequential_ik_elbow_then_wrist,0,0,-0.187452,0.084868,-0.218310,-0.380193,-0.047707,-0.030495,-0.080843,-0.086817,-0.275549,-0.314321,-0.068347,-0.463024,0.000002,0.045272,0.001012,0.212771,0.000011,0.040793,0.003270,0.201973,0.000000,0.000000,0.000000,1.165048,-0.810654,-0.003291,1.739639,-0.664409,-1.163951,3.140000,-0.159449,0.000000,0.000000,0.000000,0.000000,0.000000,0.000000
1778443267.290711,sequential_ik_elbow_then_wrist,0,0,-0.186243,0.090401,-0.217120,-0.382156,-0.043443,-0.033533,-0.081587,-0.087152,-0.275224,-0.317400,-0.068512,-0.459736,0.000013,0.046767,0.003162,0.216257,0.000008,0.041169,0.002817,0.202902,0.000000,0.000000,0.000000,1.157591,-0.810727,-0.002501,1.754711,-0.679877,-1.163495,3.140000,-0.169181,0.000000,0.000000,0.000000,0.000000,0.000000,0.000000
1778443267.361142,sequential_ik_elbow_then_wrist,0,0,-0.186423,0.090866,-0.216771,-0.382310,-0.043546,-0.033572,-0.081527,-0.087550,-0.275115,-0.317921,-0.069181,-0.458910,0.000004,0.048251,0.001689,0.219660,0.000004,0.040689,0.001961,0.201714,0.000000,0.000000,0.000000,1.149848,-0.810150,-0.001901,1.766317,-0.692727,-1.162895,3.140000,-0.176577,0.000000,0.000000,0.000000,0.000000,0.000000,0.000000
1778443267.413095,sequential_ik_elbow_then_wrist,0,0,-0.182711,0.099090,-0.216328,-0.373232,-0.043297,-0.033496,-0.076962,-0.089123,-0.275924,-0.305618,-0.072226,-0.469395,0.000034,0.051345,0.005152,0.226568,0.000004,0.036185,0.002005,0.190224,0.000000,0.000000,0.000000,1.137555,-0.809217,-0.001444,1.783509,-0.701411,-1.163641,3.140000,-0.182199,0.000000,0.000000,0.000000,0.000000,0.000000,0.000000
1778443267.472804,sequential_ik_elbow_then_wrist,0,0,-0.182128,0.102442,-0.215256,-0.373013,-0.040964,-0.033603,-0.077235,-0.089701,-0.275660,-0.307544,-0.072821,-0.467162,0.000021,0.053722,0.004037,0.231773,0.000003,0.037102,0.001680,0.192620,0.000000,0.000000,0.000000,1.123176,-0.807423,-0.001098,1.801254,-0.707084,-1.164067,3.140000,-0.186471,0.000000,0.000000,0.000000,0.000000,0.000000,0.000000
1778443267.541363,sequential_ik_elbow_then_wrist,0,0,-0.173928,0.102875,-0.221734,-0.357726,-0.041172,-0.033403,-0.080752,-0.083543,-0.276586,-0.313063,-0.064566,-0.465454,0.000031,0.053670,0.004579,0.231577,0.000017,0.040059,0.004021,0.200148,0.000000,0.000000,0.000000,1.107275,-0.811646,-0.000834,1.830314,-0.713568,-1.165858,3.140000,-0.189718,0.000000,0.000000,0.000000,0.000000,0.000000,0.000000
1778443267.597968,sequential_ik_elbow_then_wrist,0,0,-0.172517,0.091846,-0.227601,-0.348834,-0.053050,-0.032878,-0.080208,-0.072544,-0.279828,-0.315970,-0.055058,-0.464519,0.000022,0.054116,0.003513,0.232543,0.000093,0.041920,0.009148,0.204743,0.000000,0.000000,0.000000,1.098058,-0.821577,-0.000634,1.867490,-0.723076,-1.173102,3.140000,-0.192186,0.000000,0.000000,0.000000,0.000000,0.000000,0.000000
1778443267.657024,sequential_ik_elbow_then_wrist,0,0,-0.173653,0.090376,-0.227325,-0.348632,-0.054195,-0.031158,-0.080475,-0.070700,-0.280223,-0.317684,-0.054181,-0.463142,0.000007,0.052500,0.002293,0.229119,0.000076,0.041185,0.008514,0.202941,0.000000,0.000000,0.000000,1.093595,-0.830400,-0.000482,1.900747,-0.734499,-1.180612,3.140000,-0.194061,0.000000,0.000000,0.000000,0.000000,0.000000,0.000000
1778443267.710430,sequential_ik_elbow_then_wrist,0,0,-0.173180,0.091732,-0.227143,-0.346072,-0.052986,-0.029242,-0.080172,-0.071613,-0.280079,-0.317407,-0.055563,-0.463004,0.000000,0.051059,0.000432,0.225958,0.000041,0.039478,0.006260,0.198691,0.000000,0.000000,0.000000,1.090689,-0.837215,-0.000366,1.929171,-0.746252,-1.186427,3.140000,-0.195486,0.000000,0.000000,0.000000,0.000000,0.000000,0.000000
1778443267.776246,sequential_ik_elbow_then_wrist,0,0,-0.169985,0.090783,-0.229921,-0.337586,-0.053903,-0.027496,-0.079556,-0.072259,-0.280088,-0.317097,-0.057044,-0.462689,0.000002,0.049566,0.000998,0.222610,0.000020,0.038159,0.004401,0.195344,0.000000,0.000000,0.000000,1.088342,-0.845064,-0.000278,1.958495,-0.757343,-1.190826,3.140000,-0.196570,0.000000,0.000000,0.000000,0.000000,0.000000,0.000000
1778443267.833027,sequential_ik_elbow_then_wrist,0,0,-0.169872,0.090739,-0.230022,-0.336132,-0.054273,-0.026726,-0.079657,-0.071736,-0.280194,-0.317836,-0.054619,-0.461792,0.000000,0.049280,0.000273,0.221984,0.000016,0.038344,0.003976,0.195817,0.000000,0.000000,0.000000,1.086479,-0.851738,-0.000212,1.984768,-0.767719,-1.194336,3.140000,-0.197393,0.000000,0.000000,0.000000,0.000000,0.000000,0.000000
1778443274.412067,sequential_ik_elbow_then_wrist,0,0,-0.187675,0.089612,-0.216212,-0.368303,-0.059822,-0.029015,-0.071825,-0.092258,-0.276278,-0.300341,-0.084783,-0.470506,0.000075,0.055810,0.006556,0.236036,0.000188,0.027598,0.013183,0.166127,0.000000,0.000000,0.000000,1.090511,-0.844257,-0.000161,1.981048,-0.768905,-1.191012,3.140000,-0.198019,0.000000,0.000000,0.000000,0.000000,0.000000,0.000000
1778443274.475494,sequential_ik_elbow_then_wrist,0,0,-0.184193,0.091490,-0.218409,-0.366354,-0.057440,-0.032299,-0.070970,-0.092656,-0.276366,-0.302790,-0.085661,-0.466657,0.000001,0.054558,0.000742,0.233545,0.000128,0.030461,0.011031,0.174532,0.000000,0.000000,0.000000,1.094374,-0.837624,-0.000122,1.968838,-0.763922,-1.187119,3.140000,-0.198494,0.000000,0.000000,0.000000,0.000000,0.000000,0.000000
1778443274.538457,sequential_ik_elbow_then_wrist,0,0,-0.180691,0.091539,-0.221295,-0.359793,-0.058972,-0.033496,-0.071285,-0.093708,-0.275930,-0.303198,-0.084921,-0.466033,0.000002,0.054408,0.001008,0.233253,0.000087,0.032703,0.009103,0.180839,0.000000,0.000000,0.000000,1.096737,-0.834983,-0.000093,1.961471,-0.755205,-1.183044,3.140000,-0.198856,0.000000,0.000000,0.000000,0.000000,0.000000,0.000000
1778443274.602154,sequential_ik_elbow_then_wrist,0,0,-0.180115,0.092032,-0.221560,-0.359342,-0.057937,-0.033445,-0.072179,-0.094134,-0.275552,-0.305414,-0.085112,-0.464020,0.000001,0.054159,0.000654,0.232721,0.000050,0.034917,0.006862,0.186861,0.000000,0.000000,0.000000,1.097835,-0.833767,-0.000071,1.957178,-0.744820,-1.178998,3.140000,-0.199130,0.000000,0.000000,0.000000,0.000000,0.000000,0.000000
1778443274.655428,sequential_ik_elbow_then_wrist,0,0,-0.180463,0.091671,-0.221426,-0.363746,-0.054866,-0.034518,-0.072087,-0.093256,-0.275875,-0.306075,-0.085924,-0.463479,0.000000,0.053612,0.000057,0.231539,0.000026,0.036098,0.005000,0.189994,0.000000,0.000000,0.000000,1.098606,-0.832901,-0.000054,1.950484,-0.734180,-1.176148,3.140000,-0.199339,0.000000,0.000000,0.000000,0.000000,0.000000,0.000000
1778443274.717090,sequential_ik_elbow_then_wrist,0,0,-0.180730,0.089542,-0.222079,-0.360604,-0.057379,-0.032186,-0.071044,-0.093399,-0.276097,-0.304200,-0.086860,-0.464764,0.000001,0.053080,0.001010,0.230390,0.000023,0.036344,0.004649,0.190641,0.000000,0.000000,0.000000,1.100361,-0.832856,-0.000041,1.947155,-0.723549,-1.174373,3.140000,-0.199498,0.000000,0.000000,0.000000,0.000000,0.000000,0.000000
1778443274.777095,sequential_ik_elbow_then_wrist,0,0,-0.180424,0.087852,-0.223000,-0.359215,-0.057977,-0.031252,-0.070306,-0.091606,-0.276885,-0.301992,-0.086678,-0.467404,0.000002,0.051986,0.001242,0.228003,0.000012,0.036324,0.003269,0.190588,0.000000,0.000000,0.000000,1.103095,-0.833810,-0.000031,1.946038,-0.713722,-1.174337,3.140000,-0.199618,0.000000,0.000000,0.000000,0.000000,0.000000,0.000000
1778443274.839482,sequential_ik_elbow_then_wrist,0,0,-0.180378,0.087305,-0.223253,-0.359541,-0.057416,-0.031012,-0.072955,-0.090497,-0.276564,-0.305657,-0.085092,-0.465828,0.000001,0.051087,0.000854,0.226024,0.000000,0.037930,0.000390,0.194757,0.000000,0.000000,0.000000,1.106155,-0.834994,-0.000024,1.944964,-0.706049,-1.174066,3.140000,-0.199710,0.000000,0.000000,0.000000,0.000000,0.000000,0.000000
1778443274.903958,sequential_ik_elbow_then_wrist,0,0,-0.179712,0.086901,-0.223946,-0.360581,-0.056033,-0.031966,-0.073158,-0.089638,-0.276790,-0.306506,-0.085152,-0.465281,0.000000,0.050322,0.000537,0.224324,0.000000,0.038143,0.000278,0.195303,0.000000,0.000000,0.000000,1.109018,-0.836639,-0.000018,1.942671,-0.700354,-1.174166,3.140000,-0.199779,0.000000,0.000000,0.000000,0.000000,0.000000,0.000000
1778443274.965675,sequential_ik_elbow_then_wrist,0,0,-0.178479,0.086985,-0.224897,-0.357594,-0.055698,-0.031094,-0.074753,-0.089580,-0.276383,-0.309317,-0.084628,-0.463346,0.000000,0.049568,0.000399,0.222637,0.000002,0.038931,0.001229,0.197309,0.000000,0.000000,0.000000,1.111103,-0.838943,-0.000014,1.942811,-0.696680,-1.173666,3.140000,-0.199832,0.000000,0.000000,0.000000,0.000000,0.000000,0.000000
1778443275.018584,sequential_ik_elbow_then_wrist,0,0,-0.178296,0.087462,-0.224858,-0.358041,-0.054769,-0.031307,-0.074394,-0.089933,-0.276365,-0.307743,-0.083543,-0.464799,0.000000,0.049434,0.000310,0.222337,0.000000,0.038512,0.000564,0.196245,0.000000,0.000000,0.000000,1.112340,-0.840899,-0.000010,1.943202,-0.694192,-1.173123,3.140000,-0.199873,0.000000,0.000000,0.000000,0.000000,0.000000,0.000000
1778443275.083080,sequential_ik_elbow_then_wrist,0,0,-0.178222,0.086123,-0.225433,-0.357706,-0.054654,-0.030580,-0.073547,-0.089517,-0.276726,-0.307183,-0.080538,-0.464698,0.000000,0.048837,0.000496,0.220991,0.000000,0.039197,0.000240,0.197982,0.000000,0.000000,0.000000,1.113793,-0.842970,-0.000008,1.943907,-0.692373,-1.173247,3.140000,-0.199903,0.000000,0.000000,0.000000,0.000000,0.000000,0.000000
1778443275.149349,sequential_ik_elbow_then_wrist,0,0,-0.180087,0.083959,-0.224765,-0.357955,-0.059458,-0.030357,-0.073531,-0.089056,-0.276879,-0.305076,-0.080122,-0.467424,0.000003,0.049777,0.001651,0.223107,0.000000,0.038390,0.000356,0.195933,0.000000,0.000000,0.000000,1.116790,-0.844058,-0.000006,1.944641,-0.691167,-1.173709,3.140000,-0.199926,0.000000,0.000000,0.000000,0.000000,0.000000,0.000000
1778443275.216592,sequential_ik_elbow_then_wrist,0,0,-0.181082,0.081490,-0.224875,-0.357530,-0.062240,-0.029407,-0.073573,-0.089071,-0.276863,-0.304611,-0.078320,-0.467928,0.000006,0.049258,0.002199,0.221941,0.000000,0.038656,0.000281,0.196611,0.000000,0.000000,0.000000,1.121606,-0.844882,-0.000005,1.945171,-0.690401,-1.174119,3.140000,-0.199944,0.000000,0.000000,0.000000,0.000000,0.000000,0.000000
1778443275.267443,sequential_ik_elbow_then_wrist,0,0,-0.181794,0.081289,-0.224373,-0.358231,-0.063606,-0.029757,-0.072988,-0.088726,-0.277129,-0.304261,-0.076171,-0.467798,0.000002,0.049112,0.001379,0.221611,0.000000,0.039185,0.000167,0.197952,0.000000,0.000000,0.000000,1.126848,-0.845033,-0.000003,1.944352,-0.689839,-1.174870,3.140000,-0.199958,0.000000,0.000000,0.000000,0.000000,0.000000,0.000000
1778443275.329186,sequential_ik_elbow_then_wrist,0,0,-0.181984,0.081510,-0.224138,-0.358662,-0.063646,-0.029934,-0.072501,-0.088434,-0.277350,-0.303069,-0.075761,-0.468864,0.000001,0.048833,0.000646,0.220982,0.000000,0.038911,0.000209,0.197259,0.000000,0.000000,0.000000,1.131568,-0.844819,-0.000003,1.942499,-0.689346,-1.175899,3.140000,-0.199968,0.000000,0.000000,0.000000,0.000000,0.000000,0.000000
1778443275.381978,sequential_ik_elbow_then_wrist,0,0,-0.181897,0.084000,-0.223288,-0.358527,-0.061400,-0.029225,-0.072059,-0.088327,-0.277499,-0.302234,-0.078250,-0.469640,0.000001,0.048543,0.000905,0.220324,0.000000,0.037989,0.000342,0.194907,0.000000,0.000000,0.000000,1.134167,-0.843794,-0.000002,1.940655,-0.688804,-1.177028,3.140000,-0.199975,0.000000,0.000000,0.000000,0.000000,0.000000,0.000000
1778443275.446355,sequential_ik_elbow_then_wrist,0,0,-0.181932,0.084429,-0.223097,-0.360166,-0.059242,-0.029212,-0.072397,-0.088358,-0.277401,-0.303145,-0.079069,-0.468892,0.000001,0.048329,0.000633,0.219837,0.000000,0.038087,0.000067,0.195158,0.000000,0.000000,0.000000,1.135418,-0.842641,-0.000002,1.937828,-0.688361,-1.177806,3.140000,-0.199981,0.000000,0.000000,0.000000,0.000000,0.000000,0.000000
1778443275.513642,sequential_ik_elbow_then_wrist,0,0,-0.182201,0.083743,-0.223136,-0.359295,-0.060980,-0.028990,-0.072144,-0.088273,-0.277494,-0.303059,-0.079969,-0.468830,0.000000,0.048877,0.000062,0.221081,0.000000,0.037863,0.000168,0.194584,0.000000,0.000000,0.000000,1.136439,-0.841714,-0.000001,1.936222,-0.687939,-1.178530,3.140000,-0.199986,0.000000,0.000000,0.000000,0.000000,0.000000,0.000000
1778443275.556686,sequential_ik_elbow_then_wrist,0,0,-0.182092,0.083532,-0.223305,-0.358928,-0.061378,-0.029063,-0.072378,-0.088050,-0.277504,-0.303300,-0.080563,-0.468865,0.000000,0.048912,0.000117,0.221161,0.000000,0.037728,0.000130,0.194237,0.000000,0.000000,0.000000,1.137337,-0.841154,-0.000001,1.935463,-0.687687,-1.179127,3.140000,-0.199989,0.000000,0.000000,0.000000,0.000000,0.000000,0.000000
1778443275.625651,sequential_ik_elbow_then_wrist,0,0,-0.180350,0.085768,-0.223870,-0.356808,-0.060458,-0.030271,-0.071982,-0.087804,-0.277685,-0.303699,-0.080934,-0.468107,0.000002,0.049295,0.001362,0.222024,0.000000,0.037827,0.000114,0.194492,0.000000,0.000000,0.000000,1.136447,-0.841288,-0.000001,1.936714,-0.687486,-1.179885,3.140000,-0.199992,0.000000,0.000000,0.000000,0.000000,0.000000,0.000000
1778443275.675911,sequential_ik_elbow_then_wrist,0,0,-0.180276,0.086261,-0.223740,-0.355845,-0.060896,-0.030038,-0.071705,-0.087353,-0.277899,-0.305012,-0.081392,-0.466399,0.000001,0.049954,0.000926,0.223502,0.000000,0.038247,0.000162,0.195569,0.000000,0.000000,0.000000,1.134691,-0.841396,-0.000001,1.939665,-0.687356,-1.180881,3.140000,-0.199994,0.000000,0.000000,0.000000,0.000000,0.000000,0.000000
1778443275.760420,sequential_ik_elbow_then_wrist,0,0,-0.178400,0.086423,-0.225176,-0.351391,-0.061444,-0.029704,-0.070000,-0.086967,-0.278454,-0.303444,-0.081416,-0.466797,0.000002,0.050007,0.001078,0.223613,0.000001,0.038018,0.000911,0.194982,0.000000,0.000000,0.000000,1.132248,-0.842815,-0.000000,1.946573,-0.686828,-1.182650,3.140000,-0.199995,0.000000,0.000000,0.000000,0.000000,0.000000,0.000000
1778443275.806351,sequential_ik_elbow_then_wrist,0,0,-0.178429,0.086738,-0.225032,-0.352887,-0.060092,-0.030083,-0.068914,-0.086953,-0.278729,-0.302117,-0.082034,-0.467389,0.000000,0.050056,0.000633,0.223731,0.000002,0.037763,0.001367,0.194328,0.000000,0.000000,0.000000,1.129665,-0.844063,-0.000000,1.952437,-0.685738,-1.184687,3.140000,-0.199996,0.000000,0.000000,0.000000,0.000000,0.000000,0.000000
1778443275.874621,sequential_ik_elbow_then_wrist,0,0,-0.177864,0.085926,-0.225790,-0.353939,-0.059437,-0.031196,-0.068753,-0.087800,-0.278503,-0.301183,-0.087456,-0.468178,0.000000,0.049982,0.000287,0.223567,0.000003,0.036354,0.001619,0.190668,0.000000,0.000000,0.000000,1.127618,-0.845759,-0.000000,1.956195,-0.684080,-1.186020,3.140000,-0.199997,0.000000,0.000000,0.000000,0.000000,0.000000,0.000000
1778443275.920436,sequential_ik_elbow_then_wrist,0,0,-0.177641,0.086374,-0.225795,-0.356133,-0.058922,-0.033364,-0.068614,-0.087984,-0.278480,-0.301367,-0.087410,-0.467756,0.000000,0.050510,0.000303,0.224743,0.000002,0.036776,0.001487,0.191771,0.000000,0.000000,0.000000,1.125723,-0.847224,-0.000000,1.956897,-0.682057,-1.186944,3.140000,-0.199998,0.000000,0.000000,0.000000,0.000000,0.000000,0.000000
1778443275.985287,sequential_ik_elbow_then_wrist,0,0,-0.176223,0.087597,-0.226434,-0.356230,-0.058097,-0.035724,-0.069323,-0.087718,-0.278388,-0.303737,-0.086731,-0.465602,0.000001,0.051101,0.001068,0.226056,0.000000,0.037959,0.000622,0.194831,0.000000,0.000000,0.000000,1.123096,-0.848979,-0.000000,1.956510,-0.680202,-1.187467,3.140000,-0.199998,0.000000,0.000000,0.000000,0.000000,0.000000,0.000000
1778443276.043280,sequential_ik_elbow_then_wrist,0,0,-0.176932,0.086934,-0.226136,-0.356813,-0.059258,-0.035686,-0.068256,-0.087780,-0.278632,-0.302360,-0.086234,-0.466230,0.000000,0.051712,0.000085,0.227403,0.000002,0.037930,0.001212,0.194755,0.000000,0.000000,0.000000,1.121021,-0.850177,-0.000000,1.955915,-0.678174,-1.188233,3.140000,-0.199999,0.000000,0.000000,0.000000,0.000000,0.000000,0.000000
1778443276.105237,sequential_ik_elbow_then_wrist,0,0,-0.176770,0.086893,-0.226279,-0.355699,-0.059895,-0.035392,-0.068464,-0.086860,-0.278869,-0.302957,-0.083484,-0.465956,0.000000,0.051816,0.000066,0.227630,0.000000,0.038948,0.000419,0.197354,0.000000,0.000000,0.000000,1.119383,-0.851191,-0.000000,1.956379,-0.676439,-1.189291,3.140000,-0.199999,0.000000,0.000000,0.000000,0.000000,0.000000,0.000000
1778443276.167555,sequential_ik_elbow_then_wrist,0,0,-0.178954,0.085419,-0.225120,-0.359090,-0.060478,-0.034687,-0.066065,-0.086729,-0.279488,-0.297475,-0.082851,-0.470367,0.000002,0.051781,0.001212,0.227551,0.000004,0.037557,0.001822,0.193796,0.000000,0.000000,0.000000,1.119453,-0.850903,-0.000000,1.954323,-0.674228,-1.191256,3.140000,-0.199999,0.000000,0.000000,0.000000,0.000000,0.000000,0.000000
1778443276.229971,sequential_ik_elbow_then_wrist,0,0,-0.181476,0.084894,-0.223292,-0.365026,-0.059379,-0.034891,-0.066436,-0.086667,-0.279419,-0.299532,-0.081963,-0.468216,0.000004,0.051453,0.001557,0.226817,0.000001,0.038846,0.001176,0.197094,0.000000,0.000000,0.000000,1.121109,-0.848745,-0.000000,1.946471,-0.671959,-1.192894,3.140000,-0.199999,0.000000,0.000000,0.000000,0.000000,0.000000,0.000000
1778443276.289893,sequential_ik_elbow_then_wrist,0,0,-0.179789,0.084788,-0.224693,-0.366071,-0.058042,-0.037881,-0.071845,-0.087342,-0.277866,-0.312502,-0.081095,-0.456879,0.000000,0.050999,0.000496,0.225823,0.000007,0.043510,0.002348,0.208590,0.000000,0.000000,0.000000,1.122812,-0.847958,-0.000000,1.936402,-0.671335,-1.191594,3.140000,-0.200000,0.000000,0.000000,0.000000,0.000000,0.000000,0.000000
1778443276.361952,sequential_ik_elbow_then_wrist,0,0,-0.179365,0.086665,-0.224315,-0.367794,-0.057488,-0.040700,-0.074692,-0.087921,-0.276931,-0.319443,-0.081062,-0.450280,0.000001,0.051934,0.000764,0.227886,0.000012,0.045504,0.003302,0.213318,0.000000,0.000000,0.000000,1.123222,-0.847204,-0.000000,1.925621,-0.672552,-1.188526,3.140000,-0.200000,0.000000,0.000000,0.000000,0.000000,0.000000,0.000000
1778443276.419839,sequential_ik_elbow_then_wrist,0,0,-0.176932,0.089396,-0.225174,-0.366130,-0.055815,-0.043192,-0.074798,-0.088525,-0.276710,-0.319256,-0.081813,-0.450478,0.000006,0.052830,0.002207,0.229847,0.000006,0.044557,0.002337,0.211085,0.000000,0.000000,0.000000,1.121007,-0.847404,-0.000000,1.917650,-0.674715,-1.185350,3.140000,-0.200000,0.000000,0.000000,0.000000,0.000000,0.000000,0.000000
1778443276.477679,sequential_ik_elbow_then_wrist,0,0,-0.175379,0.092401,-0.225176,-0.365304,-0.052765,-0.043915,-0.073493,-0.091058,-0.276238,-0.315830,-0.086258,-0.453013,0.000010,0.053556,0.002856,0.231422,0.000000,0.041994,0.000425,0.204925,0.000000,0.000000,0.000000,1.116037,-0.847741,-0.000000,1.912945,-0.676234,-1.181976,3.140000,-0.200000,0.000000,0.000000,0.000000,0.000000,0.000000,0.000000
1778443276.533346,sequential_ik_elbow_then_wrist,0,0,-0.173334,0.093635,-0.226247,-0.362115,-0.052808,-0.044819,-0.071306,-0.092065,-0.276477,-0.307237,-0.088696,-0.461747,0.000008,0.054896,0.002547,0.234293,0.000004,0.038400,0.002032,0.195959,0.000000,0.000000,0.000000,1.109378,-0.849039,-0.000000,1.913414,-0.676287,-1.179584,3.140000,-0.200000,0.000000,0.000000,0.000000,0.000000,0.000000,0.000000
1778443276.588548,sequential_ik_elbow_then_wrist,0,0,-0.173267,0.094175,-0.226074,-0.362427,-0.053385,-0.045950,-0.070714,-0.092490,-0.276487,-0.304891,-0.088723,-0.463962,0.000003,0.056440,0.001563,0.237569,0.000005,0.038039,0.002186,0.195037,0.000000,0.000000,0.000000,1.102535,-0.850093,-0.000000,1.915852,-0.675144,-1.177824,3.140000,-0.200000,0.000000,0.000000,0.000000,0.000000,0.000000,0.000000
1778443276.659344,sequential_ik_elbow_then_wrist,0,0,-0.174245,0.094334,-0.225255,-0.370767,-0.053657,-0.053564,-0.069534,-0.091991,-0.276953,-0.300346,-0.087685,-0.468544,0.000001,0.059528,0.000698,0.243969,0.000005,0.037169,0.002241,0.192792,0.000000,0.000000,0.000000,1.096601,-0.850140,-0.000000,1.910994,-0.673080,-1.177243,3.140000,-0.200000,0.000000,0.000000,0.000000,0.000000,0.000000,0.000000
1778443276.706620,sequential_ik_elbow_then_wrist,0,0,-0.175859,0.093846,-0.224203,-0.374295,-0.053372,-0.054055,-0.068200,-0.092369,-0.277158,-0.295188,-0.089739,-0.473295,0.000001,0.059958,0.000513,0.244852,0.000008,0.035456,0.002800,0.188298,0.000000,0.000000,0.000000,1.092420,-0.849021,-0.000000,1.901960,-0.670020,-1.177314,3.140000,-0.200000,0.000000,0.000000,0.000000,0.000000,0.000000,0.000000
1778443276.781009,sequential_ik_elbow_then_wrist,0,0,-0.176136,0.093978,-0.223929,-0.374530,-0.052907,-0.053445,-0.068795,-0.092363,-0.277013,-0.296442,-0.089839,-0.472386,0.000000,0.059671,0.000245,0.244275,0.000004,0.036251,0.001848,0.190398,0.000000,0.000000,0.000000,1.089417,-0.847653,-0.000000,1.892846,-0.666709,-1.177238,3.140000,-0.200000,0.000000,0.000000,0.000000,0.000000,0.000000,0.000000
1778443276.826744,sequential_ik_elbow_then_wrist,0,0,-0.176502,0.093598,-0.223800,-0.374384,-0.053436,-0.052850,-0.068520,-0.092237,-0.277123,-0.295616,-0.089994,-0.473139,0.000000,0.059583,0.000346,0.244095,0.000003,0.036282,0.001585,0.190478,0.000000,0.000000,0.000000,1.087525,-0.846375,-0.000000,1.885276,-0.663349,-1.177327,3.140000,-0.200000,0.000000,0.000000,0.000000,0.000000,0.000000,0.000000
1778443276.892662,sequential_ik_elbow_then_wrist,0,0,-0.177242,0.092600,-0.223631,-0.373322,-0.054810,-0.050937,-0.068672,-0.091191,-0.277432,-0.295844,-0.088802,-0.473358,0.000001,0.059181,0.000796,0.243271,0.000001,0.036779,0.000690,0.191778,0.000000,0.000000,0.000000,1.087012,-0.845194,-0.000000,1.880451,-0.660444,-1.177919,3.140000,-0.200000,0.000000,0.000000,0.000000,0.000000,0.000000,0.000000
1778443276.964531,sequential_ik_elbow_then_wrist,0,0,-0.177535,0.091768,-0.223741,-0.373748,-0.054884,-0.050554,-0.069628,-0.089132,-0.277862,-0.298825,-0.086558,-0.471413,0.000001,0.058537,0.000845,0.241944,0.000001,0.038108,0.001122,0.195214,0.000000,0.000000,0.000000,1.087608,-0.844351,-0.000000,1.876470,-0.658804,-1.179193,3.140000,-0.200000,0.000000,0.000000,0.000000,0.000000,0.000000,0.000000
1778443277.028063,sequential_ik_elbow_then_wrist,0,0,-0.177352,0.092192,-0.223711,-0.374327,-0.053900,-0.050916,-0.071524,-0.088611,-0.277547,-0.305594,-0.085929,-0.465175,0.000000,0.058085,0.000195,0.241008,0.000006,0.040256,0.002326,0.200640,0.000000,0.000000,0.000000,1.088288,-0.843694,-0.000000,1.872416,-0.658778,-1.179848,3.140000,-0.200000,0.000000,0.000000,0.000000,0.000000,0.000000,0.000000
1778443277.076432,sequential_ik_elbow_then_wrist,0,0,-0.177046,0.091403,-0.224277,-0.374070,-0.053826,-0.050812,-0.074618,-0.087045,-0.277228,-0.311484,-0.085037,-0.461321,0.000000,0.057593,0.000429,0.239984,0.000022,0.041482,0.004579,0.203672,0.000000,0.000000,0.000000,1.089250,-0.843716,-0.000000,1.869070,-0.661175,-1.179802,3.140000,-0.200000,0.000000,0.000000,0.000000,0.000000,0.000000,0.000000
1778443277.142441,sequential_ik_elbow_then_wrist,0,0,-0.176625,0.091548,-0.224550,-0.377439,-0.052441,-0.054429,-0.078348,-0.086175,-0.276470,-0.316747,-0.084688,-0.458579,0.000000,0.057841,0.000141,0.240497,0.000043,0.041748,0.006405,0.204323,0.000000,0.000000,0.000000,1.090018,-0.844104,-0.000000,1.862748,-0.666416,-1.178486,3.140000,-0.200000,0.000000,0.000000,0.000000,0.000000,0.000000,0.000000
1778443277.198507,sequential_ik_elbow_then_wrist,0,0,-0.177424,0.090767,-0.224237,-0.382124,-0.050973,-0.056882,-0.079661,-0.086107,-0.276116,-0.317832,-0.085029,-0.458525,0.000000,0.057704,0.000561,0.240205,0.000037,0.040441,0.005899,0.201100,0.000000,0.000000,0.000000,1.091246,-0.844195,-0.000000,1.852046,-0.673590,-1.176613,3.140000,-0.200000,0.000000,0.000000,0.000000,0.000000,0.000000,0.000000
1778443277.263968,sequential_ik_elbow_then_wrist,0,0,-0.179043,0.090624,-0.223004,-0.385853,-0.050699,-0.057906,-0.080959,-0.087729,-0.275226,-0.321033,-0.084904,-0.455105,0.000001,0.057821,0.000845,0.240449,0.000023,0.040495,0.004630,0.201234,0.000000,0.000000,0.000000,1.093022,-0.843077,-0.000000,1.838249,-0.681572,-1.173558,3.140000,-0.200000,0.000000,0.000000,0.000000,0.000000,0.000000,0.000000
1778443277.319290,sequential_ik_elbow_then_wrist,0,0,-0.181293,0.090461,-0.221246,-0.387825,-0.049608,-0.054738,-0.082730,-0.087927,-0.274635,-0.323407,-0.084209,-0.453690,0.000002,0.056703,0.001175,0.238120,0.000022,0.040222,0.004557,0.200553,0.000000,0.000000,0.000000,1.095491,-0.840342,-0.000000,1.824300,-0.690177,-1.169951,3.140000,-0.200000,0.000000,0.000000,0.000000,0.000000,0.000000,0.000000
1778443277.386724,sequential_ik_elbow_then_wrist,0,0,-0.183622,0.088594,-0.220077,-0.385803,-0.051835,-0.048605,-0.084867,-0.087316,-0.274178,-0.328633,-0.083259,-0.448997,0.000005,0.055399,0.001896,0.235370,0.000028,0.041065,0.005095,0.202646,0.000000,0.000000,0.000000,1.099542,-0.836772,-0.000000,1.815001,-0.699601,-1.166231,3.140000,-0.200000,0.000000,0.000000,0.000000,0.000000,0.000000,0.000000
1778443277.433966,sequential_ik_elbow_then_wrist,0,0,-0.184147,0.087475,-0.220086,-0.385445,-0.051895,-0.046721,-0.089976,-0.087165,-0.272592,-0.338969,-0.082504,-0.439867,0.000003,0.053961,0.001512,0.232294,0.000052,0.043136,0.006968,0.207693,0.000000,0.000000,0.000000,1.104437,-0.833724,-0.000000,1.808246,-0.710777,-1.160862,3.140000,-0.200000,0.000000,0.000000,0.000000,0.000000,0.000000,0.000000
1778443277.504531,sequential_ik_elbow_then_wrist,0,0,-0.180616,0.088305,-0.222666,-0.376077,-0.053826,-0.044920,-0.096633,-0.086162,-0.270625,-0.350857,-0.081093,-0.429825,0.000002,0.053445,0.000930,0.231159,0.000098,0.044996,0.009508,0.212123,0.000000,0.000000,0.000000,1.107693,-0.833685,-0.000000,1.810991,-0.724948,-1.153448,3.140000,-0.200000,0.000000,0.000000,0.000000,0.000000,0.000000,0.000000
1778443277.560755,sequential_ik_elbow_then_wrist,0,0,-0.180701,0.087605,-0.222873,-0.375183,-0.054817,-0.044288,-0.097283,-0.086112,-0.270409,-0.351226,-0.080132,-0.430025,0.000000,0.053401,0.000298,0.231081,0.000060,0.042835,0.007460,0.206966,0.000000,0.000000,0.000000,1.110331,-0.834368,-0.000000,1.817020,-0.740298,-1.146652,3.140000,-0.200000,0.000000,0.000000,0.000000,0.000000,0.000000,0.000000
1778443277.627098,sequential_ik_elbow_then_wrist,0,0,-0.180373,0.087138,-0.223322,-0.374525,-0.055342,-0.044423,-0.097410,-0.085980,-0.270405,-0.350722,-0.079948,-0.431019,0.000000,0.053291,0.000300,0.230847,0.000035,0.040811,0.005717,0.202017,0.000000,0.000000,0.000000,1.112582,-0.835463,-0.000000,1.823508,-0.755503,-1.141156,3.140000,-0.200000,0.000000,0.000000,0.000000,0.000000,0.000000,0.000000
1778443277.679811,sequential_ik_elbow_then_wrist,0,0,-0.178880,0.086763,-0.224664,-0.374891,-0.052552,-0.045302,-0.098674,-0.084808,-0.270317,-0.352821,-0.078672,-0.429601,0.000001,0.052025,0.000514,0.228089,0.000033,0.040216,0.005566,0.200538,0.000000,0.000000,0.000000,1.114232,-0.837673,-0.000000,1.828358,-0.770512,-1.136773,3.140000,-0.200000,0.000000,0.000000,0.000000,0.000000,0.000000,0.000000
1778443277.750320,sequential_ik_elbow_then_wrist,0,0,-0.175946,0.086690,-0.226998,-0.372916,-0.048259,-0.045362,-0.095284,-0.083565,-0.271915,-0.344959,-0.073693,-0.437941,0.000002,0.050004,0.001136,0.223616,0.000012,0.037859,0.003244,0.194574,0.000000,0.000000,0.000000,1.114738,-0.841855,-0.000000,1.833365,-0.783837,-1.135643,3.140000,-0.200000,0.000000,0.000000,0.000000,0.000000,0.000000,0.000000
1778443277.804015,sequential_ik_elbow_then_wrist,0,0,-0.175501,0.086627,-0.227366,-0.371053,-0.050562,-0.045875,-0.096253,-0.080897,-0.272381,-0.346751,-0.070440,-0.437127,0.000000,0.050948,0.000535,0.225713,0.000021,0.038309,0.004405,0.195726,0.000000,0.000000,0.000000,1.114655,-0.845953,-0.000000,1.839705,-0.796594,-1.135996,3.140000,-0.200000,0.000000,0.000000,0.000000,0.000000,0.000000,0.000000
1778443277.861035,sequential_ik_elbow_then_wrist,0,0,-0.173608,0.087707,-0.228402,-0.374953,-0.046550,-0.051102,-0.097067,-0.078122,-0.272901,-0.349046,-0.066388,-0.435286,0.000002,0.050992,0.001243,0.225810,0.000031,0.039019,0.005361,0.197533,0.000000,0.000000,0.000000,1.113291,-0.850264,-0.000000,1.841153,-0.809458,-1.137338,3.140000,-0.200000,0.000000,0.000000,0.000000,0.000000,0.000000,0.000000
1778443278.228963,sequential_ik_elbow_then_wrist,0,0,-0.183257,0.099491,-0.215681,-0.395603,-0.046538,-0.062108,-0.082640,-0.088616,-0.274441,-0.317360,-0.076897,-0.460906,0.000057,0.060417,0.005582,0.245662,0.000095,0.028460,0.009395,0.168702,0.000000,0.000000,0.000000,1.107898,-0.842157,-0.000000,1.822565,-0.813842,-1.141088,3.140000,-0.200000,0.000000,0.000000,0.000000,0.000000,0.000000,0.000000
1778443278.288580,sequential_ik_elbow_then_wrist,0,0,-0.184197,0.098233,-0.215457,-0.396126,-0.048960,-0.062422,-0.081035,-0.087207,-0.275369,-0.313673,-0.076735,-0.464498,0.000004,0.063100,0.001449,0.251178,0.000058,0.029140,0.007382,0.170703,0.000000,0.000000,0.000000,1.102557,-0.833168,-0.000000,1.800991,-0.813041,-1.145903,3.140000,-0.200000,0.000000,0.000000,0.000000,0.000000,0.000000,0.000000
1778443278.346731,sequential_ik_elbow_then_wrist,0,0,-0.180764,0.098112,-0.218399,-0.378640,-0.057081,-0.054813,-0.083165,-0.087117,-0.274762,-0.317274,-0.075432,-0.461995,0.000003,0.064286,0.001415,0.253473,0.000022,0.031477,0.004544,0.177418,0.000000,0.000000,0.000000,1.097002,-0.828319,-0.000000,1.799276,-0.809883,-1.148978,3.140000,-0.200000,0.000000,0.000000,0.000000,0.000000,0.000000,0.000000
1778443278.402844,sequential_ik_elbow_then_wrist,0,0,-0.179589,0.093121,-0.221532,-0.373652,-0.058844,-0.050517,-0.085893,-0.086251,-0.274196,-0.324205,-0.073912,-0.456007,0.000006,0.061760,0.001788,0.248472,0.000003,0.034403,0.001614,0.185480,0.000000,0.000000,0.000000,1.094357,-0.827929,-0.000000,1.809029,-0.806595,-1.150264,3.140000,-0.200000,0.000000,0.000000,0.000000,0.000000,0.000000,0.000000
1778443280.342991,sequential_ik_elbow_then_wrist,0,0,-0.175059,0.086013,-0.227938,-0.378785,-0.050850,-0.055415,-0.083352,-0.088957,-0.274115,-0.317780,-0.075359,-0.460819,0.000024,0.055783,0.003771,0.236182,0.000018,0.032972,0.004093,0.181582,0.000000,0.000000,0.000000,1.095609,-0.834368,-0.000000,1.813834,-0.801758,-1.150918,3.140000,-0.200000,0.000000,0.000000,0.000000,0.000000,0.000000,0.000000
1778443280.641159,sequential_ik_elbow_then_wrist,0,0,-0.189246,0.078048,-0.219304,-0.390334,-0.057463,-0.042667,-0.084092,-0.089124,-0.273835,-0.322325,-0.073389,-0.455487,0.000096,0.052869,0.008514,0.229907,0.000009,0.035827,0.002858,0.189280,0.000000,0.000000,0.000000,1.106211,-0.832922,-0.000000,1.809159,-0.796445,-1.150893,3.140000,-0.200000,0.000000,0.000000,0.000000,0.000000,0.000000,0.000000
1778443280.705187,sequential_ik_elbow_then_wrist,0,0,-0.190619,0.081796,-0.216735,-0.405675,-0.055471,-0.058909,-0.081663,-0.091270,-0.273863,-0.313960,-0.070765,-0.462590,0.000013,0.054159,0.002963,0.232535,0.000023,0.035054,0.004706,0.187228,0.000000,0.000000,0.000000,1.117437,-0.827948,-0.000000,1.783291,-0.789699,-1.150835,3.140000,-0.200000,0.000000,0.000000,0.000000,0.000000,0.000000,0.000000
1778443280.762425,sequential_ik_elbow_then_wrist,0,0,-0.190195,0.085284,-0.215760,-0.401800,-0.056336,-0.057118,-0.079823,-0.092346,-0.274044,-0.310389,-0.071731,-0.464871,0.000001,0.054545,0.000753,0.233539,0.000029,0.035078,0.005247,0.187291,0.000000,0.000000,0.000000,1.125506,-0.822401,-0.000000,1.758434,-0.781558,-1.151073,3.140000,-0.200000,0.000000,0.000000,0.000000,0.000000,0.000000,0.000000
1778443280.823613,sequential_ik_elbow_then_wrist,0,0,-0.189466,0.085969,-0.216129,-0.397099,-0.057235,-0.053707,-0.078390,-0.092227,-0.274498,-0.306035,-0.072670,-0.468908,0.000000,0.054699,0.000622,0.233875,0.000025,0.034641,0.004829,0.186120,0.000000,0.000000,0.000000,1.130861,-0.818110,-0.000000,1.742455,-0.772623,-1.151997,3.140000,-0.200000,0.000000,0.000000,0.000000,0.000000,0.000000,0.000000
1778443280.886572,sequential_ik_elbow_then_wrist,0,0,-0.189037,0.084222,-0.217190,-0.385832,-0.062273,-0.044530,-0.068892,-0.091865,-0.277155,-0.291612,-0.075101,-0.477441,0.000000,0.054231,0.000516,0.232815,0.000095,0.032027,0.009315,0.178958,0.000000,0.000000,0.000000,1.135409,-0.815777,-0.000000,1.743122,-0.760813,-1.157220,3.140000,-0.198015,0.000000,0.000000,0.000000,0.000000,0.000000,0.000000
1778443280.937923,sequential_ik_elbow_then_wrist,0,0,-0.191778,0.083180,-0.215179,-0.398681,-0.062507,-0.054038,-0.067016,-0.090855,-0.277947,-0.286260,-0.078049,-0.482319,0.000003,0.055974,0.001312,0.236561,0.000068,0.031203,0.007983,0.176643,0.000000,0.000000,0.000000,1.140336,-0.812430,-0.000000,1.735134,-0.747644,-1.163452,3.140000,-0.195082,0.000000,0.000000,0.000000,0.000000,0.000000,0.000000
1778443281.007912,sequential_ik_elbow_then_wrist,0,0,-0.188784,0.085860,-0.216769,-0.423913,-0.065425,-0.108016,-0.056755,-0.097011,-0.278151,-0.264833,-0.085475,-0.493953,0.000002,0.068006,0.001257,0.260190,0.000266,0.026659,0.015946,0.163218,0.000000,0.000000,0.000000,1.142588,-0.810938,-0.000000,1.687004,-0.729398,-1.169613,3.140000,-0.182490,0.000000,0.000000,0.000000,0.000000,0.000000,0.000000
1778443281.057249,sequential_ik_elbow_then_wrist,0,0,-0.179418,0.088927,-0.223385,-0.431229,-0.058544,-0.153789,-0.056135,-0.100063,-0.277194,-0.258338,-0.086658,-0.498405,0.000031,0.245180,0.004541,0.492321,0.000227,0.027086,0.014719,0.164511,0.000000,0.000000,0.000000,1.139609,-0.816080,-0.753600,1.523422,-0.707877,-1.172937,3.140000,-0.161480,0.000000,0.000000,0.000000,0.000000,0.000000,0.000000
1778443281.128551,sequential_ik_elbow_then_wrist,0,0,-0.178809,0.084382,-0.225626,-0.429992,-0.059289,-0.146469,-0.053954,-0.100841,-0.277345,-0.253931,-0.087791,-0.500591,0.000004,0.169917,0.001295,0.402609,0.000193,0.027861,0.013565,0.166881,0.000000,0.000000,0.000000,1.137309,-0.823479,-1.326336,1.186838,-0.684418,-1.175303,3.140000,-0.137382,0.000000,0.000000,0.000000,0.000000,0.000000,0.000000
1778443281.178829,sequential_ik_elbow_then_wrist,0,0,-0.180566,0.083473,-0.224562,-0.431387,-0.056281,-0.137627,-0.054953,-0.100405,-0.277307,-0.255552,-0.087751,-0.500018,0.000001,0.132331,0.000790,0.362354,0.000105,0.029982,0.009999,0.173145,0.000000,0.000000,0.000000,1.136471,-0.828908,-1.761615,0.853997,-0.661331,-1.176756,3.140000,-0.114676,0.000000,0.000000,0.000000,0.000000,0.000000,0.000000
1778443281.256871,sequential_ik_elbow_then_wrist,0,0,-0.180821,0.079378,-0.225838,-0.431130,-0.057333,-0.132803,-0.051710,-0.100444,-0.277916,-0.242285,-0.086170,-0.509168,0.000007,0.132975,0.002405,0.364658,0.000110,0.027794,0.010221,0.166662,0.000000,0.000000,0.000000,1.138554,-0.834192,-2.092428,0.601038,-0.638448,-1.178788,3.140000,-0.087343,0.000000,0.000000,0.000000,0.000000,0.000000,0.000000
1778443281.314599,sequential_ik_elbow_then_wrist,0,0,-0.175875,0.076803,-0.230584,-0.443953,-0.053223,-0.195551,-0.043551,-0.104316,-0.277887,-0.230535,-0.092702,-0.512200,0.000009,0.103152,0.002262,0.321172,0.000250,0.025587,0.015461,0.159936,0.000000,0.000000,0.000000,1.141709,-0.842977,-2.343845,0.408789,-0.613056,-1.180899,3.140000,-0.060147,0.000000,0.000000,0.000000,0.000000,0.000000,0.000000
1778443281.366441,sequential_ik_elbow_then_wrist,0,0,-0.170828,0.075920,-0.234636,-0.440570,-0.053151,-0.210556,-0.042984,-0.108989,-0.276177,-0.228833,-0.094486,-0.511230,0.000008,0.099286,0.001874,0.315097,0.000226,0.027013,0.014636,0.164318,0.000000,0.000000,0.000000,1.144204,-0.854700,-2.534922,0.262679,-0.586037,-1.179787,3.140000,-0.030837,0.000000,0.000000,0.000000,0.000000,0.000000,0.000000
1778443281.431914,sequential_ik_elbow_then_wrist,0,0,-0.172997,0.073627,-0.233776,-0.440613,-0.056313,-0.195084,-0.041540,-0.107836,-0.276850,-0.224772,-0.092903,-0.513921,0.000003,0.106375,0.001683,0.326152,0.000156,0.027683,0.012194,0.166352,0.000000,0.000000,0.000000,1.147873,-0.863921,-2.680141,0.151636,-0.559001,-1.179209,3.140000,-0.000952,0.000000,0.000000,0.000000,0.000000,0.000000,0.000000
1778443281.490537,sequential_ik_elbow_then_wrist,0,0,-0.174756,0.071802,-0.233034,-0.441006,-0.056125,-0.180638,-0.042901,-0.106840,-0.277029,-0.226694,-0.091438,-0.513636,0.000006,0.110874,0.002224,0.332978,0.000074,0.029658,0.008391,0.172206,0.000000,0.000000,0.000000,1.153004,-0.870275,-2.790507,0.067244,-0.533987,-1.178891,3.140000,0.025991,0.000000,0.000000,0.000000,0.000000,0.000000,0.000000
1778443281.542712,sequential_ik_elbow_then_wrist,0,0,-0.179135,0.077776,-0.227731,-0.419989,-0.052441,-0.105123,-0.044582,-0.103211,-0.278137,-0.233670,-0.087378,-0.510504,0.000009,0.145828,0.002124,0.381874,0.000020,0.033357,0.004288,0.182640,0.000000,0.000000,0.000000,1.155990,-0.869837,-2.874385,0.003105,-0.512750,-1.180327,3.140000,0.045922,0.000000,0.000000,0.000000,0.000000,0.000000,0.000000
1778443281.604975,sequential_ik_elbow_then_wrist,0,0,-0.179104,0.079992,-0.226987,-0.418832,-0.053105,-0.105268,-0.045261,-0.102474,-0.278299,-0.234391,-0.086167,-0.510600,0.000004,0.145616,0.001663,0.381597,0.000008,0.034180,0.002678,0.184878,0.000000,0.000000,0.000000,1.156572,-0.867599,-2.938133,-0.045640,-0.495227,-1.182038,3.140000,0.061160,0.000000,0.000000,0.000000,0.000000,0.000000,0.000000
1778443281.664651,sequential_ik_elbow_then_wrist,0,0,-0.181320,0.081152,-0.224805,-0.408559,-0.054113,-0.083152,-0.045633,-0.101428,-0.278622,-0.239064,-0.085504,-0.507381,0.000003,0.158278,0.001263,0.397842,0.000003,0.036352,0.001543,0.190659,0.000000,0.000000,0.000000,1.156029,-0.863414,-2.986581,-0.082686,-0.481126,-1.184000,3.140000,0.070569,0.000000,0.000000,0.000000,0.000000,0.000000,0.000000
1778443281.722476,sequential_ik_elbow_then_wrist,0,0,-0.183311,0.084017,-0.222122,-0.390967,-0.054674,-0.055857,-0.047762,-0.101380,-0.278282,-0.247423,-0.086158,-0.501673,0.000005,0.111797,0.001762,0.318292,0.000000,0.039528,0.000377,0.198808,0.000000,0.000000,0.000000,1.154037,-0.857186,-2.269802,0.134933,-0.470586,-1.185074,3.140000,0.073692,0.000000,0.000000,0.000000,0.000000,0.000000,0.000000
1778443281.788418,sequential_ik_elbow_then_wrist,0,0,-0.184505,0.084227,-0.221051,-0.391522,-0.055511,-0.054867,-0.048769,-0.101823,-0.277945,-0.252184,-0.087332,-0.497974,0.000001,0.062898,0.000815,0.243928,0.000001,0.041163,0.000892,0.202881,0.000000,0.000000,0.000000,1.151901,-0.850771,-1.725049,0.440216,-0.463021,-1.185242,3.140000,0.072732,0.000000,0.000000,0.000000,0.000000,0.000000,0.000000
1778443281.851364,sequential_ik_elbow_then_wrist,0,0,-0.184703,0.085578,-0.220366,-0.395092,-0.055526,-0.059661,-0.050422,-0.102258,-0.277490,-0.256982,-0.088300,-0.494604,0.000001,0.055686,0.000910,0.235162,0.000003,0.042670,0.001769,0.206562,0.000000,0.000000,0.000000,1.149282,-0.844889,-1.311037,0.719319,-0.458183,-1.184486,3.140000,0.069126,0.000000,0.000000,0.000000,0.000000,0.000000,0.000000
1778443281.919340,sequential_ik_elbow_then_wrist,0,0,-0.184914,0.086786,-0.219716,-0.394493,-0.054616,-0.058218,-0.053887,-0.101677,-0.277052,-0.267505,-0.088905,-0.487300,0.000001,0.055074,0.000958,0.234567,0.000018,0.046291,0.004095,0.215138,0.000000,0.000000,0.000000,1.146196,-0.839598,-0.996388,0.948729,-0.456667,-1.183041,3.140000,0.060424,0.000000,0.000000,0.000000,0.000000,0.000000,0.000000
1778443281.965203,sequential_ik_elbow_then_wrist,0,0,-0.183611,0.086564,-0.220893,-0.391582,-0.055080,-0.057537,-0.055010,-0.100607,-0.277222,-0.270806,-0.089998,-0.485356,0.000001,0.055170,0.000702,0.234855,0.000021,0.046528,0.004435,0.215692,0.000000,0.000000,0.000000,1.143104,-0.836458,-0.757255,1.131904,-0.457870,-1.182026,3.140000,0.048281,0.000000,0.000000,0.000000,0.000000,0.000000,0.000000
1778443282.033433,sequential_ik_elbow_then_wrist,0,0,-0.183347,0.086652,-0.221077,-0.388240,-0.055064,-0.053938,-0.056031,-0.099111,-0.277556,-0.275491,-0.091218,-0.481946,0.000000,0.054603,0.000427,0.233655,0.000024,0.047291,0.004816,0.217445,0.000000,0.000000,0.000000,1.140269,-0.834441,-0.575514,1.278097,-0.461325,-1.181826,3.140000,0.031846,0.000000,0.000000,0.000000,0.000000,0.000000,0.000000
1778443282.089077,sequential_ik_elbow_then_wrist,0,0,-0.182189,0.086998,-0.221897,-0.375937,-0.057931,-0.044536,-0.052113,-0.099344,-0.278236,-0.263743,-0.095268,-0.490829,0.000001,0.053711,0.000679,0.231672,0.000001,0.041141,0.001071,0.202832,0.000000,0.000000,0.000000,1.137394,-0.833744,-0.437391,1.404073,-0.464461,-1.182852,3.140000,0.018613,0.000000,0.000000,0.000000,0.000000,0.000000,0.000000
1778443282.145267,sequential_ik_elbow_then_wrist,0,0,-0.179226,0.086747,-0.224395,-0.372500,-0.057029,-0.045584,-0.052472,-0.099784,-0.278011,-0.261271,-0.099366,-0.493424,0.000003,0.053167,0.001246,0.230555,0.000001,0.038988,0.000882,0.197453,0.000000,0.000000,0.000000,1.134232,-0.835710,-0.332417,1.507782,-0.467303,-1.183530,3.140000,0.007342,0.000000,0.000000,0.000000,0.000000,0.000000,0.000000
1778443282.206130,sequential_ik_elbow_then_wrist,0,0,-0.178078,0.088783,-0.224512,-0.368209,-0.059277,-0.045827,-0.048848,-0.103623,-0.277266,-0.249365,-0.107781,-0.500370,0.000003,0.054760,0.001633,0.233991,0.000012,0.033514,0.003310,0.183064,0.000000,0.000000,0.000000,1.129954,-0.837889,-0.252637,1.593647,-0.467740,-1.182838,3.140000,0.001764,0.000000,0.000000,0.000000,0.000000,0.000000,0.000000
1778443282.267917,sequential_ik_elbow_then_wrist,0,0,-0.182896,0.089960,-0.220128,-0.401969,-0.055963,-0.076206,-0.057720,-0.109386,-0.273319,-0.260144,-0.108379,-0.494731,0.000005,0.062738,0.001465,0.250119,0.000016,0.036895,0.002861,0.192066,0.000000,0.000000,0.000000,1.126374,-0.835668,-0.192004,1.626850,-0.468952,-1.175880,3.140000,0.003099,0.000000,0.000000,0.000000,0.000000,0.000000,0.000000
1778443282.328146,sequential_ik_elbow_then_wrist,0,0,-0.183249,0.093187,-0.218485,-0.427084,-0.048642,-0.116363,-0.059322,-0.112700,-0.271624,-0.260185,-0.110055,-0.494441,0.000005,0.069171,0.001723,0.262231,0.000006,0.036331,0.001863,0.190588,0.000000,0.000000,0.000000,1.121857,-0.831611,-0.145923,1.603732,-0.470545,-1.166617,3.140000,0.010673,0.000000,0.000000,0.000000,0.000000,0.000000,0.000000
1778443282.402027,sequential_ik_elbow_then_wrist,0,0,-0.183702,0.093164,-0.218114,-0.424885,-0.051344,-0.113480,-0.058996,-0.112526,-0.271767,-0.261410,-0.108952,-0.493162,0.000001,0.069820,0.000695,0.264154,0.000001,0.036899,0.000751,0.192088,0.000000,0.000000,0.000000,1.117673,-0.827649,-0.110901,1.570445,-0.472178,-1.158874,3.140000,0.019208,0.000000,0.000000,0.000000,0.000000,0.000000,0.000000
1778443282.456384,sequential_ik_elbow_then_wrist,0,0,-0.183843,0.097820,-0.215947,-0.409028,-0.050188,-0.084093,-0.061825,-0.109712,-0.272288,-0.268267,-0.107447,-0.489950,0.000008,0.067079,0.002402,0.258878,0.000013,0.038920,0.003438,0.197277,0.000000,0.000000,0.000000,1.111678,-0.822509,-0.084285,1.563876,-0.475475,-1.153622,3.140000,0.022425,0.000000,0.000000,0.000000,0.000000,0.000000,0.000000
1778443282.513496,sequential_ik_elbow_then_wrist,0,0,-0.183495,0.097375,-0.216443,-0.392606,-0.052643,-0.062276,-0.064379,-0.109559,-0.271757,-0.274007,-0.108413,-0.486361,0.000001,0.064413,0.000977,0.253516,0.000020,0.039866,0.004378,0.199655,0.000000,0.000000,0.000000,1.105904,-0.818550,-0.064057,1.587550,-0.480607,-1.149017,3.140000,0.020195,0.000000,0.000000,0.000000,0.000000,0.000000,0.000000
1778443282.578387,sequential_ik_elbow_then_wrist,0,0,-0.182350,0.096777,-0.217675,-0.371260,-0.061358,-0.046485,-0.065294,-0.107166,-0.272492,-0.276685,-0.103662,-0.485334,0.000001,0.063482,0.000622,0.251573,0.000025,0.040749,0.004826,0.201859,0.000000,0.000000,0.000000,1.100928,-0.816628,-0.048683,1.638856,-0.487384,-1.146466,3.140000,0.015670,0.000000,0.000000,0.000000,0.000000,0.000000,0.000000
1778443282.634565,sequential_ik_elbow_then_wrist,0,0,-0.182339,0.096739,-0.217701,-0.369670,-0.062726,-0.046010,-0.067483,-0.106164,-0.272351,-0.282984,-0.100271,-0.480977,0.000000,0.063441,0.000239,0.251806,0.000032,0.042684,0.005500,0.206594,0.000000,0.000000,0.000000,1.096880,-0.815439,-0.036999,1.692048,-0.495809,-1.144556,3.140000,0.008209,0.000000,0.000000,0.000000,0.000000,0.000000,0.000000
1778443282.689091,sequential_ik_elbow_then_wrist,0,0,-0.182653,0.096540,-0.217527,-0.381115,-0.055029,-0.051275,-0.069912,-0.104171,-0.272508,-0.286659,-0.098866,-0.479855,0.000000,0.062190,0.000062,0.249367,0.000046,0.042648,0.006565,0.206505,0.000000,0.000000,0.000000,1.093867,-0.814441,-0.028119,1.726399,-0.506112,-1.143377,3.140000,-0.001936,0.000000,0.000000,0.000000,0.000000,0.000000,0.000000
1778443282.748600,sequential_ik_elbow_then_wrist,0,0,-0.180991,0.096534,-0.218914,-0.406384,-0.055341,-0.091901,-0.068070,-0.102056,-0.273772,-0.282506,-0.095547,-0.483474,0.000001,0.072509,0.000575,0.268900,0.000024,0.040647,0.004724,0.201610,0.000000,0.000000,0.000000,1.091146,-0.814909,-0.021371,1.718414,-0.516673,-1.144371,3.140000,-0.011083,0.000000,0.000000,0.000000,0.000000,0.000000,0.000000
1778443282.816804,sequential_ik_elbow_then_wrist,0,0,-0.180913,0.095374,-0.219486,-0.410992,-0.054067,-0.098113,-0.060855,-0.099997,-0.276220,-0.270487,-0.094651,-0.490756,0.000000,0.072201,0.000430,0.268578,0.000005,0.036616,0.001572,0.191354,0.000000,0.000000,0.000000,1.089459,-0.816061,-0.016242,1.692758,-0.524523,-1.149280,3.140000,-0.018222,0.000000,0.000000,0.000000,0.000000,0.000000,0.000000
1778443282.873726,sequential_ik_elbow_then_wrist,0,0,-0.179824,0.097012,-0.219663,-0.407172,-0.050851,-0.091408,-0.065501,-0.097534,-0.276038,-0.281924,-0.090607,-0.483674,0.000001,0.069725,0.000819,0.264053,0.000016,0.040865,0.003897,0.202135,0.000000,0.000000,0.000000,1.087194,-0.817281,-0.012344,1.671087,-0.532626,-1.153716,3.140000,-0.029711,0.000000,0.000000,0.000000,0.000000,0.000000,0.000000
1778443282.944794,sequential_ik_elbow_then_wrist,0,0,-0.179247,0.098697,-0.219385,-0.411101,-0.050591,-0.101245,-0.064721,-0.096555,-0.276565,-0.281849,-0.089314,-0.483454,0.000002,0.072860,0.001263,0.269907,0.000010,0.040519,0.002987,0.201289,0.000000,0.000000,0.000000,1.083942,-0.818036,-0.009381,1.646842,-0.540397,-1.158066,3.140000,-0.042005,0.000000,0.000000,0.000000,0.000000,0.000000,0.000000
1778443282.998804,sequential_ik_elbow_then_wrist,0,0,-0.178228,0.100304,-0.219486,-0.394769,-0.049776,-0.076007,-0.063548,-0.095739,-0.277120,-0.283948,-0.088481,-0.480520,0.000003,0.068459,0.001553,0.261511,0.000004,0.041248,0.001961,0.203088,0.000000,0.000000,0.000000,1.079585,-0.818664,-0.007130,1.648649,-0.547332,-1.162471,3.140000,-0.055934,0.000000,0.000000,0.000000,0.000000,0.000000,0.000000
1778443283.073016,sequential_ik_elbow_then_wrist,0,0,-0.175492,0.101665,-0.221058,-0.373258,-0.048442,-0.052664,-0.062139,-0.095473,-0.277531,-0.284042,-0.088402,-0.479296,0.000006,0.062803,0.002086,0.250237,0.000001,0.041268,0.000776,0.203139,0.000000,0.000000,0.000000,1.073846,-0.820586,-0.005419,1.682653,-0.552974,-1.166725,3.140000,-0.069960,0.000000,0.000000,0.000000,0.000000,0.000000,0.000000
1778443283.119881,sequential_ik_elbow_then_wrist,0,0,-0.176889,0.100569,-0.220446,-0.361108,-0.050031,-0.037736,-0.059959,-0.095103,-0.278137,-0.285126,-0.089107,-0.476288,0.000000,0.059089,0.000206,0.242847,0.000001,0.041897,0.000873,0.204679,0.000000,0.000000,0.000000,1.069261,-0.821811,-0.004118,1.734176,-0.556868,-1.171157,3.140000,-0.085172,0.000000,0.000000,0.000000,0.000000,0.000000,0.000000
1778443283.177451,sequential_ik_elbow_then_wrist,0,0,-0.172701,0.097430,-0.225126,-0.344222,-0.056278,-0.032890,-0.068565,-0.096721,-0.275579,-0.302199,-0.088510,-0.463590,0.000006,0.057150,0.001598,0.238850,0.000025,0.047670,0.004664,0.218317,0.000000,0.000000,0.000000,1.066061,-0.827000,-0.003130,1.797385,-0.562222,-1.170755,3.140000,-0.103583,0.000000,0.000000,0.000000,0.000000,0.000000,0.000000
1778443283.244855,sequential_ik_elbow_then_wrist,0,0,-0.168708,0.098276,-0.227771,-0.346408,-0.051769,-0.038274,-0.070738,-0.098084,-0.274546,-0.302752,-0.088687,-0.464497,0.000006,0.056389,0.001811,0.237452,0.000021,0.046574,0.004408,0.215810,0.000000,0.000000,0.000000,1.062175,-0.834410,-0.002379,1.851160,-0.568691,-1.167986,3.140000,-0.117055,0.000000,0.000000,0.000000,0.000000,0.000000,0.000000
1778443283.294829,sequential_ik_elbow_then_wrist,0,0,-0.169611,0.097064,-0.227620,-0.351953,-0.051986,-0.041782,-0.062101,-0.099043,-0.276286,-0.285270,-0.088431,-0.476494,0.000000,0.057707,0.000267,0.240222,0.000009,0.040803,0.002794,0.201970,0.000000,0.000000,0.000000,1.059353,-0.840687,-0.001808,1.889772,-0.572127,-1.167994,3.140000,-0.119105,0.000000,0.000000,0.000000,0.000000,0.000000,0.000000
1778443283.363371,sequential_ik_elbow_then_wrist,0,0,-0.170595,0.096804,-0.226994,-0.355112,-0.052105,-0.043201,-0.059035,-0.098156,-0.277273,-0.278868,-0.086333,-0.481071,0.000000,0.058289,0.000463,0.241427,0.000016,0.039788,0.003860,0.199457,0.000000,0.000000,0.000000,1.057697,-0.845015,-0.001374,1.915592,-0.572702,-1.170083,3.140000,-0.115515,0.000000,0.000000,0.000000,0.000000,0.000000,0.000000
1778443283.421999,sequential_ik_elbow_then_wrist,0,0,-0.172165,0.099583,-0.224594,-0.378138,-0.048732,-0.064664,-0.059109,-0.096754,-0.277750,-0.277268,-0.082661,-0.483195,0.000002,0.065125,0.001068,0.255003,0.000006,0.040493,0.002412,0.201223,0.000000,0.000000,0.000000,1.055730,-0.845954,-0.001044,1.911408,-0.571887,-1.172897,3.140000,-0.109292,0.000000,0.000000,0.000000,0.000000,0.000000,0.000000
1778443283.473547,sequential_ik_elbow_then_wrist,0,0,-0.171046,0.100634,-0.224980,-0.377401,-0.045874,-0.063881,-0.057793,-0.094822,-0.278691,-0.273999,-0.079931,-0.486136,0.000001,0.064218,0.001070,0.253389,0.000005,0.040262,0.002078,0.200651,0.000000,0.000000,0.000000,1.053005,-0.846491,-0.000794,1.899812,-0.570251,-1.176863,3.140000,-0.102316,0.000000,0.000000,0.000000,0.000000,0.000000,0.000000
1778443283.531875,sequential_ik_elbow_then_wrist,0,0,-0.172149,0.100245,-0.224311,-0.369544,-0.052690,-0.058041,-0.053746,-0.091999,-0.280442,-0.266856,-0.080162,-0.491259,0.000000,0.065405,0.000263,0.255732,0.000014,0.038104,0.003412,0.195203,0.000000,0.000000,0.000000,1.050829,-0.846234,-0.000603,1.896898,-0.567426,-1.183293,3.140000,-0.097028,0.000000,0.000000,0.000000,0.000000,0.000000,0.000000
1778443283.595004,sequential_ik_elbow_then_wrist,0,0,-0.171757,0.100621,-0.224444,-0.358755,-0.055845,-0.049659,-0.051446,-0.090807,-0.281260,-0.266954,-0.080443,-0.489704,0.000000,0.063948,0.000313,0.252820,0.000016,0.038878,0.003801,0.197170,0.000000,0.000000,0.000000,1.048813,-0.846010,-0.000458,1.907770,-0.563490,-1.190412,3.140000,-0.096323,0.000000,0.000000,0.000000,0.000000,0.000000,0.000000
1778443283.659350,sequential_ik_elbow_then_wrist,0,0,-0.172350,0.100489,-0.224048,-0.357874,-0.057069,-0.048674,-0.053419,-0.090989,-0.280834,-0.281035,-0.078122,-0.475835,0.000000,0.064147,0.000148,0.253260,0.000003,0.045749,0.001759,0.213863,0.000000,0.000000,0.000000,1.047340,-0.845465,-0.000348,1.922069,-0.559657,-1.195545,3.140000,-0.103887,0.000000,0.000000,0.000000,0.000000,0.000000,0.000000
1778443283.724117,sequential_ik_elbow_then_wrist,0,0,-0.174163,0.099900,-0.222906,-0.363283,-0.053892,-0.048031,-0.056393,-0.091421,-0.280111,-0.288099,-0.076545,-0.470087,0.000001,0.063153,0.000856,0.251300,0.000001,0.049065,0.000673,0.221499,0.000000,0.000000,0.000000,1.047092,-0.843911,-0.000265,1.930122,-0.556966,-1.198118,3.140000,-0.113781,0.000000,0.000000,0.000000,0.000000,0.000000,0.000000
1778443283.785923,sequential_ik_elbow_then_wrist,0,0,-0.176346,0.097828,-0.222108,-0.373026,-0.052729,-0.052846,-0.055441,-0.091501,-0.280275,-0.282631,-0.075520,-0.475541,0.000004,0.063799,0.001861,0.252545,0.000000,0.046964,0.000325,0.216709,0.000000,0.000000,0.000000,1.049055,-0.841740,-0.000201,1.925564,-0.554762,-1.200051,3.140000,-0.118211,0.000000,0.000000,0.000000,0.000000,0.000000,0.000000
1778443283.846038,sequential_ik_elbow_then_wrist,0,0,-0.177269,0.095968,-0.222184,-0.383754,-0.053020,-0.063544,-0.053583,-0.091524,-0.280628,-0.273219,-0.073703,-0.484202,0.000005,0.065733,0.001956,0.256300,0.000003,0.043720,0.001599,0.209071,0.000000,0.000000,0.000000,1.052859,-0.839934,-0.000153,1.906227,-0.552319,-1.202138,3.140000,-0.114063,0.000000,0.000000,0.000000,0.000000,0.000000,0.000000
1778443283.899653,sequential_ik_elbow_then_wrist,0,0,-0.178735,0.093548,-0.222042,-0.392965,-0.051381,-0.070052,-0.053842,-0.091962,-0.280436,-0.271052,-0.074788,-0.486651,0.000007,0.065082,0.002397,0.255021,0.000002,0.042696,0.001309,0.206623,0.000000,0.000000,0.000000,1.058589,-0.838399,-0.000116,1.875166,-0.549828,-1.203527,3.140000,-0.106982,0.000000,0.000000,0.000000,0.000000,0.000000,0.000000
1778443283.963036,sequential_ik_elbow_then_wrist,0,0,-0.179796,0.091150,-0.222182,-0.400064,-0.053705,-0.079008,-0.051612,-0.091916,-0.280869,-0.267017,-0.075782,-0.489053,0.000008,0.066023,0.002513,0.256871,0.000007,0.041391,0.002648,0.203445,0.000000,0.000000,0.000000,1.065919,-0.837326,-0.000088,1.836261,-0.546663,-1.205312,3.140000,-0.099329,0.000000,0.000000,0.000000,0.000000,0.000000,0.000000
1778443284.017010,sequential_ik_elbow_then_wrist,0,0,-0.180144,0.090637,-0.222111,-0.397524,-0.052917,-0.073322,-0.052039,-0.091831,-0.280818,-0.267836,-0.075328,-0.488567,0.000003,0.062988,0.001568,0.250972,0.000004,0.042133,0.001837,0.205264,0.000000,0.000000,0.000000,1.073347,-0.836458,-0.000067,1.803864,-0.543375,-1.206734,3.140000,-0.092609,0.000000,0.000000,0.000000,0.000000,0.000000,0.000000
1778443284.084919,sequential_ik_elbow_then_wrist,0,0,-0.179520,0.091258,-0.222361,-0.396793,-0.051522,-0.072674,-0.053668,-0.091247,-0.280702,-0.270199,-0.074173,-0.487638,0.000000,0.061788,0.000375,0.248571,0.000000,0.043281,0.000135,0.208041,0.000000,0.000000,0.000000,1.079426,-0.836012,-0.000051,1.778406,-0.540822,-1.207617,3.140000,-0.087286,0.000000,0.000000,0.000000,0.000000,0.000000,0.000000
1778443284.146801,sequential_ik_elbow_then_wrist,0,0,-0.179435,0.091613,-0.222284,-0.393429,-0.052789,-0.069462,-0.052575,-0.090523,-0.281143,-0.269547,-0.073921,-0.487656,0.000000,0.061578,0.000010,0.248145,0.000001,0.043236,0.000629,0.207932,0.000000,0.000000,0.000000,1.084052,-0.835651,-0.000039,1.762448,-0.538609,-1.209018,3.140000,-0.083821,0.000000,0.000000,0.000000,0.000000,0.000000,0.000000
1778443284.210832,sequential_ik_elbow_then_wrist,0,0,-0.179502,0.091474,-0.222287,-0.392835,-0.053020,-0.068629,-0.052467,-0.090892,-0.281044,-0.270217,-0.073306,-0.486654,0.000000,0.061425,0.000080,0.247840,0.000001,0.043854,0.000702,0.209414,0.000000,0.000000,0.000000,1.087664,-0.835374,-0.000029,1.752289,-0.536592,-1.210076,3.140000,-0.081356,0.000000,0.000000,0.000000,0.000000,0.000000,0.000000
1778443284.269066,sequential_ik_elbow_then_wrist,0,0,-0.180018,0.092462,-0.221459,-0.390498,-0.054071,-0.065811,-0.052257,-0.092103,-0.280689,-0.270636,-0.073480,-0.485540,0.000000,0.061681,0.000399,0.248353,0.000002,0.044321,0.001255,0.210525,0.000000,0.000000,0.000000,1.090073,-0.834404,-0.000022,1.748011,-0.534467,-1.210257,3.140000,-0.078804,0.000000,0.000000,0.000000,0.000000,0.000000,0.000000
1778443284.326292,sequential_ik_elbow_then_wrist,0,0,-0.179844,0.094949,-0.220547,-0.380261,-0.056224,-0.056293,-0.052506,-0.094010,-0.280009,-0.271675,-0.073340,-0.483817,0.000002,0.061451,0.001332,0.247840,0.000003,0.045232,0.001697,0.212677,0.000000,0.000000,0.000000,1.090373,-0.832664,-0.000017,1.757103,-0.532061,-1.209079,3.140000,-0.074913,0.000000,0.000000,0.000000,0.000000,0.000000,0.000000
1778443284.381669,sequential_ik_elbow_then_wrist,0,0,-0.178593,0.096737,-0.220786,-0.366861,-0.059232,-0.046921,-0.053712,-0.094142,-0.279736,-0.275648,-0.072243,-0.480397,0.000004,0.061050,0.001708,0.246965,0.000000,0.047359,0.000602,0.217621,0.000000,0.000000,0.000000,1.088553,-0.831332,-0.000013,1.782314,-0.529971,-1.207406,3.140000,-0.071675,0.000000,0.000000,0.000000,0.000000,0.000000,0.000000
1778443284.439451,sequential_ik_elbow_then_wrist,0,0,-0.174955,0.099301,-0.222554,-0.351266,-0.060969,-0.040269,-0.054527,-0.094798,-0.279357,-0.276464,-0.075168,-0.480250,0.000011,0.060248,0.002908,0.245289,0.000000,0.046915,0.000329,0.216599,0.000000,0.000000,0.000000,1.083790,-0.831947,-0.000010,1.823154,-0.528322,-1.205312,3.140000,-0.069780,0.000000,0.000000,0.000000,0.000000,0.000000,0.000000
1778443284.516290,sequential_ik_elbow_then_wrist,0,0,-0.175011,0.099321,-0.222501,-0.348249,-0.061061,-0.037390,-0.053108,-0.093971,-0.279909,-0.274898,-0.075777,-0.481102,0.000003,0.060041,0.001430,0.244983,0.000001,0.046284,0.000816,0.215137,0.000000,0.000000,0.000000,1.078486,-0.832726,-0.000007,1.866086,-0.526687,-1.204474,3.140000,-0.069082,0.000000,0.000000,0.000000,0.000000,0.000000,0.000000
1778443284.560111,sequential_ik_elbow_then_wrist,0,0,-0.175366,0.093990,-0.224527,-0.338677,-0.066460,-0.030658,-0.049424,-0.091813,-0.281296,-0.273365,-0.073788,-0.480106,0.000005,0.058040,0.001873,0.240853,0.000008,0.046873,0.002573,0.216499,0.000000,0.000000,0.000000,1.076473,-0.835265,-0.000006,1.911853,-0.524292,-1.206446,3.140000,-0.070947,0.000000,0.000000,0.000000,0.000000,0.000000,0.000000
1778443284.627737,sequential_ik_elbow_then_wrist,0,0,-0.175537,0.093316,-0.224675,-0.339887,-0.065918,-0.030681,-0.048668,-0.090669,-0.281799,-0.270060,-0.073293,-0.483501,0.000002,0.057029,0.001245,0.238805,0.000005,0.045818,0.002133,0.214051,0.000000,0.000000,0.000000,1.076365,-0.837775,-0.000004,1.949503,-0.521499,-1.209435,3.140000,-0.072563,0.000000,0.000000,0.000000,0.000000,0.000000,0.000000
1778443284.678269,sequential_ik_elbow_then_wrist,0,0,-0.177036,0.090343,-0.224714,-0.345368,-0.064721,-0.030757,-0.049236,-0.090691,-0.281693,-0.270010,-0.075373,-0.484238,0.000007,0.055831,0.002327,0.236279,0.000002,0.045409,0.001313,0.213094,0.000000,0.000000,0.000000,1.078973,-0.839860,-0.000003,1.973570,-0.518761,-1.211850,3.140000,-0.074707,0.000000,0.000000,0.000000,0.000000,0.000000,0.000000
1778443284.750958,sequential_ik_elbow_then_wrist,0,0,-0.177347,0.089132,-0.224953,-0.345854,-0.065151,-0.030526,-0.047818,-0.091226,-0.281764,-0.264495,-0.079023,-0.488893,0.000004,0.054806,0.001815,0.234104,0.000006,0.042567,0.002342,0.206317,0.000000,0.000000,0.000000,1.083047,-0.841703,-0.000002,1.988926,-0.515586,-1.213858,3.140000,-0.075244,0.000000,0.000000,0.000000,0.000000,0.000000,0.000000
1778443284.807923,sequential_ik_elbow_then_wrist,0,0,-0.178034,0.088489,-0.224663,-0.344278,-0.066539,-0.028885,-0.043768,-0.091082,-0.282468,-0.257953,-0.080567,-0.492264,0.000002,0.054044,0.001381,0.232473,0.000025,0.040541,0.004896,0.201347,0.000000,0.000000,0.000000,1.087736,-0.842890,-0.000002,2.000419,-0.510928,-1.216760,3.140000,-0.074150,0.000000,0.000000,0.000000,0.000000,0.000000,0.000000
1778443284.888737,sequential_ik_elbow_then_wrist,0,0,-0.177652,0.088650,-0.224903,-0.344528,-0.064846,-0.028456,-0.042585,-0.090592,-0.282807,-0.252334,-0.081365,-0.497097,0.000000,0.052929,0.000548,0.230063,0.000024,0.038772,0.004786,0.196902,0.000000,0.000000,0.000000,1.091928,-0.843964,-0.000001,2.008183,-0.505218,-1.219901,3.140000,-0.070563,0.000000,0.000000,0.000000,0.000000,0.000000,0.000000
1778443284.926762,sequential_ik_elbow_then_wrist,0,0,-0.177219,0.090144,-0.224649,-0.345331,-0.062594,-0.028666,-0.041892,-0.090491,-0.282942,-0.250398,-0.081194,-0.498440,0.000000,0.052508,0.000509,0.229146,0.000021,0.038717,0.004501,0.196764,0.000000,0.000000,0.000000,1.094533,-0.844583,-0.000001,2.012804,-0.498851,-1.222746,3.140000,-0.065621,0.000000,0.000000,0.000000,0.000000,0.000000,0.000000
1778443284.999709,sequential_ik_elbow_then_wrist,0,0,-0.176027,0.092741,-0.224530,-0.342517,-0.060119,-0.027262,-0.042659,-0.089776,-0.283056,-0.252115,-0.080802,-0.497643,0.000004,0.052017,0.001716,0.228071,0.000009,0.039861,0.002944,0.199653,0.000000,0.000000,0.000000,1.094528,-0.844902,-0.000001,2.018404,-0.492693,-1.225184,3.140000,-0.061447,0.000000,0.000000,0.000000,0.000000,0.000000,0.000000
1778443285.046922,sequential_ik_elbow_then_wrist,0,0,-0.180288,0.087784,-0.223137,-0.354682,-0.060371,-0.029136,-0.057290,-0.089131,-0.280666,-0.287689,-0.079456,-0.472559,0.000007,0.052772,0.002404,0.229689,0.000082,0.053952,0.008751,0.232210,0.000000,0.000000,0.000000,1.097268,-0.843825,-0.000001,2.013429,-0.492023,-1.222998,3.140000,-0.071495,0.000000,0.000000,0.000000,0.000000,0.000000,0.000000
1778443285.105686,sequential_ik_elbow_then_wrist,0,0,-0.195812,0.088575,-0.209314,-0.345636,-0.065215,0.000212,-0.075620,-0.084650,-0.277698,-0.309535,-0.063051,-0.464292,0.000070,0.048600,0.006193,0.220443,0.000509,0.062697,0.022013,0.250387,0.000000,0.000000,0.000000,1.104452,-0.830413,-0.000000,2.014943,-0.502329,-1.216601,3.140000,-0.083166,0.000000,0.000000,0.000000,0.000000,0.000000,0.000000
1778443285.167275,sequential_ik_elbow_then_wrist,0,0,-0.198991,0.085463,-0.207602,-0.345487,-0.067043,0.005191,-0.076226,-0.081046,-0.278606,-0.313362,-0.059578,-0.461105,0.000024,0.046691,0.004088,0.216081,0.000408,0.060652,0.019764,0.246252,0.000000,0.000000,0.000000,1.114864,-0.815864,-0.000000,2.015411,-0.520079,-1.211902,3.140000,-0.100490,0.000000,0.000000,0.000000,0.000000,0.000000,0.000000
1778443285.228769,sequential_ik_elbow_then_wrist,0,0,-0.201001,0.082061,-0.207038,-0.351825,-0.068187,0.004333,-0.077594,-0.079184,-0.278763,-0.320216,-0.062792,-0.454450,0.000016,0.045785,0.003513,0.213954,0.000333,0.058223,0.017855,0.241254,0.000000,0.000000,0.000000,1.127429,-0.803324,-0.000000,2.008555,-0.542519,-1.208415,3.140000,-0.124372,0.000000,0.000000,0.000000,0.000000,0.000000,0.000000
1778443285.288965,sequential_ik_elbow_then_wrist,0,0,-0.206347,0.079434,-0.202759,-0.354625,-0.065832,0.013831,-0.082849,-0.078591,-0.277416,-0.328830,-0.063101,-0.448452,0.000021,0.041975,0.003821,0.204860,0.000346,0.056992,0.018179,0.238729,0.000000,0.000000,0.000000,1.141823,-0.789841,-0.000000,1.997047,-0.568850,-1.203576,3.140000,-0.142523,0.000000,0.000000,0.000000,0.000000,0.000000,0.000000
1778443285.350779,sequential_ik_elbow_then_wrist,0,0,-0.206990,0.072178,-0.204806,-0.343061,-0.071537,0.020651,-0.087750,-0.075217,-0.276844,-0.335939,-0.070973,-0.445320,0.000029,0.038748,0.004657,0.196833,0.000392,0.052150,0.019344,0.228364,0.000000,0.000000,0.000000,1.159163,-0.780427,-0.000000,1.993522,-0.598936,-1.198596,3.140000,-0.156317,0.000000,0.000000,0.000000,0.000000,0.000000,0.000000
1778443285.420164,sequential_ik_elbow_then_wrist,0,0,-0.206942,0.073662,-0.204325,-0.351384,-0.071669,0.014799,-0.086370,-0.074252,-0.277537,-0.333407,-0.070578,-0.447712,0.000003,0.039272,0.001437,0.198156,0.000241,0.047339,0.015166,0.217574,0.000000,0.000000,0.000000,1.174316,-0.773022,-0.000000,1.984714,-0.629718,-1.195219,3.140000,-0.166801,0.000000,0.000000,0.000000,0.000000,0.000000,0.000000
1778443285.471464,sequential_ik_elbow_then_wrist,0,0,-0.202983,0.075480,-0.207607,-0.351984,-0.067537,0.009981,-0.092473,-0.075277,-0.275285,-0.336533,-0.068904,-0.449625,0.000003,0.038473,0.001247,0.196142,0.000243,0.044034,0.015133,0.209842,0.000000,0.000000,0.000000,1.184839,-0.770119,-0.000000,1.975104,-0.661210,-1.189137,3.140000,-0.174769,0.000000,0.000000,0.000000,0.000000,0.000000,0.000000
1778443285.530009,sequential_ik_elbow_then_wrist,0,0,-0.198151,0.074942,-0.212415,-0.352779,-0.067886,0.001338,-0.096317,-0.076732,-0.273560,-0.338802,-0.070650,-0.450093,0.000008,0.039574,0.001976,0.198931,0.000185,0.040114,0.013177,0.200284,0.000000,0.000000,0.000000,1.191684,-0.772690,-0.000000,1.966460,-0.692499,-1.180905,3.140000,-0.180824,0.000000,0.000000,0.000000,0.000000,0.000000,0.000000
1778443285.590425,sequential_ik_elbow_then_wrist,0,0,-0.193166,0.072621,-0.217745,-0.359423,-0.069883,-0.012682,-0.086201,-0.077142,-0.276800,-0.329922,-0.074049,-0.451702,0.000011,0.041804,0.002165,0.204446,0.000026,0.036288,0.004707,0.190495,0.000000,0.000000,0.000000,1.196615,-0.780454,-0.000000,1.953955,-0.718757,-1.178429,3.140000,-0.185427,0.000000,0.000000,0.000000,0.000000,0.000000,0.000000
1778443285.660891,sequential_ik_elbow_then_wrist,0,0,-0.188782,0.081301,-0.218521,-0.353392,-0.067844,-0.016880,-0.072723,-0.077550,-0.280530,-0.308220,-0.081716,-0.466336,0.000031,0.043983,0.004863,0.209715,0.000034,0.029379,0.004959,0.171404,0.000000,0.000000,0.000000,1.194435,-0.788426,-0.000000,1.948278,-0.736560,-1.183628,3.140000,-0.188924,0.000000,0.000000,0.000000,0.000000,0.000000,0.000000
1778443285.716968,sequential_ik_elbow_then_wrist,0,0,-0.187940,0.084775,-0.217926,-0.341601,-0.067767,-0.010275,-0.070394,-0.084250,-0.279189,-0.304860,-0.084976,-0.466340,0.000021,0.044651,0.004058,0.211238,0.000078,0.029360,0.008655,0.171347,0.000000,0.000000,0.000000,1.187786,-0.794411,-0.000000,1.957088,-0.745765,-1.187074,3.140000,-0.191582,0.000000,0.000000,0.000000,0.000000,0.000000,0.000000
1778443285.782009,sequential_ik_elbow_then_wrist,0,0,-0.191769,0.084957,-0.214492,-0.340846,-0.067157,-0.003216,-0.067130,-0.085614,-0.279578,-0.301514,-0.090276,-0.466774,0.000005,0.044646,0.001736,0.211278,0.000099,0.029215,0.009750,0.170924,0.000000,0.000000,0.000000,1.181106,-0.795857,-0.000000,1.970176,-0.747906,-1.190299,3.140000,-0.193603,0.000000,0.000000,0.000000,0.000000,0.000000,0.000000
1778443285.831779,sequential_ik_elbow_then_wrist,0,0,-0.191826,0.087226,-0.213528,-0.339839,-0.065354,-0.001842,-0.066256,-0.084434,-0.280145,-0.299672,-0.091472,-0.468473,0.000004,0.044926,0.001689,0.211954,0.000065,0.029839,0.007860,0.172739,0.000000,0.000000,0.000000,1.174013,-0.795400,-0.000000,1.983317,-0.745667,-1.193760,3.140000,-0.195138,0.000000,0.000000,0.000000,0.000000,0.000000,0.000000
1778443285.901401,sequential_ik_elbow_then_wrist,0,0,-0.190855,0.086291,-0.214775,-0.341555,-0.066219,-0.004941,-0.061754,-0.083602,-0.281420,-0.289918,-0.097734,-0.475691,0.000001,0.046123,0.000600,0.214763,0.000082,0.027171,0.008848,0.164837,0.000000,0.000000,0.000000,1.167945,-0.795790,-0.000000,1.993330,-0.739747,-1.198911,3.140000,-0.196305,0.000000,0.000000,0.000000,0.000000,0.000000,0.000000
1778443285.956655,sequential_ik_elbow_then_wrist,0,0,-0.192470,0.080509,-0.215578,-0.346661,-0.069631,-0.006573,-0.074735,-0.083875,-0.278172,-0.313617,-0.093783,-0.459382,0.000009,0.046406,0.002597,0.215414,0.000009,0.035103,0.002037,0.187359,0.000000,0.000000,0.000000,1.166581,-0.796978,-0.000000,1.996673,-0.735558,-1.197599,3.140000,-0.197192,0.000000,0.000000,0.000000,0.000000,0.000000,0.000000
1778443286.013774,sequential_ik_elbow_then_wrist,0,0,-0.195476,0.060247,-0.219452,-0.344240,-0.075212,0.003079,-0.077746,-0.084951,-0.277018,-0.318975,-0.091510,-0.455247,0.000156,0.039483,0.011022,0.198701,0.000006,0.036745,0.002076,0.191689,0.000000,0.000000,0.000000,1.178992,-0.801774,-0.000000,1.997218,-0.733280,-1.193535,3.140000,-0.197866,0.000000,0.000000,0.000000,0.000000,0.000000,0.000000
1778443286.082206,sequential_ik_elbow_then_wrist,0,0,-0.212023,0.055746,-0.204789,-0.354162,-0.086277,0.017980,-0.083054,-0.085027,-0.275450,-0.329174,-0.086164,-0.446983,0.000163,0.038021,0.010555,0.194935,0.000024,0.040451,0.004611,0.201124,0.000000,0.000000,0.000000,1.200904,-0.793446,-0.000000,1.986472,-0.733968,-1.187312,3.140000,-0.198378,0.000000,0.000000,0.000000,0.000000,0.000000,0.000000
1778443286.139555,sequential_ik_elbow_then_wrist,0,0,-0.215686,0.055906,-0.200883,-0.367936,-0.091542,0.011435,-0.084900,-0.086633,-0.274384,-0.332197,-0.089371,-0.444198,0.000040,0.038994,0.005120,0.197323,0.000016,0.039538,0.003807,0.198842,0.000000,0.000000,0.000000,1.223887,-0.780976,-0.000000,1.960068,-0.736562,-1.180205,3.140000,-0.198767,0.000000,0.000000,0.000000,0.000000,0.000000,0.000000
1778443286.199829,sequential_ik_elbow_then_wrist,0,0,-0.213852,0.058773,-0.202022,-0.351170,-0.093894,0.016693,-0.085007,-0.087338,-0.274127,-0.331547,-0.091487,-0.445009,0.000001,0.037960,0.000601,0.194815,0.000007,0.037899,0.002587,0.194676,0.000000,0.000000,0.000000,1.242155,-0.771003,-0.000000,1.946274,-0.739992,-1.173848,3.140000,-0.199063,0.000000,0.000000,0.000000,0.000000,0.000000,0.000000
1778443286.264053,sequential_ik_elbow_then_wrist,0,0,-0.205762,0.059424,-0.210074,-0.340537,-0.084637,0.015940,-0.079596,-0.086542,-0.275998,-0.326740,-0.096123,-0.445785,0.000015,0.033914,0.002688,0.184110,0.000003,0.036075,0.001190,0.189934,0.000000,0.000000,0.000000,1.254681,-0.770148,-0.000000,1.945830,-0.742225,-1.171674,3.140000,-0.199288,0.000000,0.000000,0.000000,0.000000,0.000000,0.000000
1778443286.316166,sequential_ik_elbow_then_wrist,0,0,-0.201243,0.062289,-0.213591,-0.340623,-0.079848,0.010843,-0.081320,-0.086263,-0.275583,-0.326865,-0.106235,-0.446781,0.000014,0.033590,0.002889,0.183269,0.000000,0.033569,0.000616,0.183219,0.000000,0.000000,0.000000,1.261167,-0.774109,-0.000000,1.949329,-0.744263,-1.169977,3.140000,-0.199459,0.000000,0.000000,0.000000,0.000000,0.000000,0.000000
1778443286.370016,sequential_ik_elbow_then_wrist,0,0,-0.197251,0.059603,-0.218036,-0.345997,-0.080193,0.001809,-0.086739,-0.089049,-0.273032,-0.343743,-0.105144,-0.426947,0.000008,0.034557,0.001901,0.185892,0.000009,0.040133,0.002521,0.200332,0.000000,0.000000,0.000000,1.265555,-0.782113,-0.000000,1.949461,-0.746993,-1.164802,3.140000,-0.199589,0.000000,0.000000,0.000000,0.000000,0.000000,0.000000
1778443286.558816,sequential_ik_elbow_then_wrist,0,0,-0.195516,0.064539,-0.218193,-0.350195,-0.072642,-0.000809,-0.101950,-0.087995,-0.268073,-0.360689,-0.099399,-0.419480,0.000010,0.033909,0.002790,0.184138,0.000132,0.042426,0.010720,0.205975,0.000000,0.000000,0.000000,1.265497,-0.789495,-0.000000,1.946151,-0.755430,-1.153154,3.140000,-0.199687,0.000000,0.000000,0.000000,0.000000,0.000000,0.000000
1778443286.685957,sequential_ik_elbow_then_wrist,0,0,-0.195293,0.070921,-0.216404,-0.342260,-0.069357,0.004329,-0.100995,-0.083386,-0.269901,-0.357971,-0.096617,-0.424136,0.000024,0.034484,0.004322,0.185679,0.000099,0.038903,0.009601,0.197238,0.000000,0.000000,0.000000,1.260126,-0.793821,-0.000000,1.950285,-0.767872,-1.145052,3.140000,-0.199762,0.000000,0.000000,0.000000,0.000000,0.000000,0.000000
1778443286.921205,sequential_ik_elbow_then_wrist,0,0,-0.209439,0.085477,-0.197051,-0.346455,-0.064729,0.023551,-0.092908,-0.075240,-0.275149,-0.349027,-0.085623,-0.431018,0.000134,0.037250,0.008611,0.193001,0.000081,0.038174,0.008174,0.195383,0.000000,0.000000,0.000000,1.247949,-0.780351,-0.000000,1.954638,-0.781828,-1.146742,3.140000,-0.199819,0.000000,0.000000,0.000000,0.000000,0.000000,0.000000
1778443286.992276,sequential_ik_elbow_then_wrist,0,0,-0.210082,0.085950,-0.196159,-0.344287,-0.066209,0.024832,-0.093176,-0.073947,-0.275409,-0.349985,-0.083024,-0.430221,0.000016,0.039941,0.003107,0.199850,0.000051,0.038204,0.006917,0.195457,0.000000,0.000000,0.000000,1.234963,-0.765495,-0.000000,1.960641,-0.796304,-1.150194,3.140000,-0.199863,0.000000,0.000000,0.000000,0.000000,0.000000,0.000000
1778443287.042599,sequential_ik_elbow_then_wrist,0,0,-0.208603,0.087349,-0.197117,-0.342437,-0.064823,0.024089,-0.093444,-0.073542,-0.275427,-0.350138,-0.083369,-0.430383,0.000005,0.040727,0.001872,0.201806,0.000035,0.036989,0.005769,0.192324,0.000000,0.000000,0.000000,1.222374,-0.753925,-0.000000,1.968057,-0.810513,-1.153302,3.140000,-0.199896,0.000000,0.000000,0.000000,0.000000,0.000000,0.000000
1778443287.100708,sequential_ik_elbow_then_wrist,0,0,-0.211698,0.086208,-0.194299,-0.345489,-0.065323,0.027373,-0.094897,-0.073238,-0.275011,-0.352572,-0.082556,-0.428362,0.000002,0.041065,0.000889,0.202646,0.000031,0.036758,0.005440,0.191723,0.000000,0.000000,0.000000,1.213027,-0.742768,-0.000000,1.972557,-0.824347,-1.155119,3.140000,-0.199921,0.000000,0.000000,0.000000,0.000000,0.000000,0.000000
1778443287.169202,sequential_ik_elbow_then_wrist,0,0,-0.212775,0.084318,-0.193952,-0.348348,-0.065327,0.027919,-0.093781,-0.072722,-0.275530,-0.349500,-0.083285,-0.432042,0.000001,0.040716,0.001002,0.201779,0.000017,0.034501,0.004014,0.185744,0.000000,0.000000,0.000000,1.207341,-0.733468,-0.000000,1.972882,-0.837089,-1.157143,3.140000,-0.199940,0.000000,0.000000,0.000000,0.000000,0.000000,0.000000
1778443287.229912,sequential_ik_elbow_then_wrist,0,0,-0.211050,0.085235,-0.195430,-0.350679,-0.061208,0.026060,-0.084038,-0.072933,-0.278601,-0.334561,-0.088192,-0.442933,0.000000,0.039695,0.000437,0.199232,0.000012,0.030102,0.002676,0.173500,0.000000,0.000000,0.000000,1.202688,-0.727410,-0.000000,1.969792,-0.845757,-1.163737,3.140000,-0.199954,0.000000,0.000000,0.000000,0.000000,0.000000,0.000000
1778443287.278337,sequential_ik_elbow_then_wrist,0,0,-0.208919,0.086105,-0.197329,-0.354227,-0.059143,0.021277,-0.091115,-0.073218,-0.276292,-0.342345,-0.086149,-0.439743,0.000002,0.040201,0.001013,0.200496,0.000006,0.031665,0.002146,0.177947,0.000000,0.000000,0.000000,1.198026,-0.724587,-0.000000,1.963805,-0.853368,-1.166159,3.140000,-0.199965,0.000000,0.000000,0.000000,0.000000,0.000000,0.000000
1778443287.347551,sequential_ik_elbow_then_wrist,0,0,-0.203586,0.086325,-0.202734,-0.360944,-0.054310,0.010480,-0.098015,-0.073113,-0.273948,-0.351381,-0.086433,-0.434036,0.000010,0.040648,0.002225,0.201596,0.000032,0.032319,0.005229,0.179774,0.000000,0.000000,0.000000,1.192646,-0.727326,-0.000000,1.952773,-0.861939,-1.163838,3.140000,-0.199974,0.000000,0.000000,0.000000,0.000000,0.000000,0.000000
1778443287.401633,sequential_ik_elbow_then_wrist,0,0,-0.198624,0.085949,-0.207753,-0.363073,-0.051219,0.002345,-0.094751,-0.073753,-0.274923,-0.345870,-0.089982,-0.438250,0.000011,0.040787,0.002363,0.201954,0.000004,0.029373,0.001909,0.171385,0.000000,0.000000,0.000000,1.186807,-0.734771,-0.000000,1.940967,-0.869525,-1.162553,3.140000,-0.199980,0.000000,0.000000,0.000000,0.000000,0.000000,0.000000
1778443287.900495,sequential_ik_elbow_then_wrist,0,0,-0.190440,0.092037,-0.212748,-0.365644,-0.062521,-0.024557,-0.037662,-0.091458,-0.283226,-0.227491,-0.098320,-0.515428,0.000038,0.051828,0.005103,0.227654,0.001831,0.008189,0.041231,0.090493,0.000000,0.000000,0.000000,1.176227,-0.746015,-0.000000,1.929409,-0.856192,-1.181383,3.140000,-0.199985,0.000000,0.000000,0.000000,0.000000,0.000000,0.000000
1778443287.951686,sequential_ik_elbow_then_wrist,0,0,-0.189626,0.092772,-0.213156,-0.386397,-0.053118,-0.039958,-0.039106,-0.095138,-0.281814,-0.222160,-0.104901,-0.519293,0.000010,0.054270,0.002726,0.232825,0.001353,0.009280,0.036205,0.096325,0.000000,0.000000,0.000000,1.164750,-0.756168,-0.000000,1.901717,-0.830453,-1.196265,3.140000,-0.196862,0.000000,0.000000,0.000000,0.000000,0.000000,0.000000
1778443288.005842,sequential_ik_elbow_then_wrist,0,0,-0.197047,0.088814,-0.208050,-0.413110,-0.055436,-0.058020,-0.046533,-0.094729,-0.280822,-0.226358,-0.103664,-0.520787,0.000010,0.059635,0.002405,0.243835,0.000683,0.012271,0.025649,0.110711,0.000000,0.000000,0.000000,1.158495,-0.759822,-0.000000,1.848483,-0.799434,-1.203714,3.140000,-0.185482,0.000000,0.000000,0.000000,0.000000,0.000000,0.000000
1778443288.065031,sequential_ik_elbow_then_wrist,0,0,-0.181338,0.090501,-0.221193,-0.448260,-0.024709,-0.147171,-0.047760,-0.107661,-0.275913,-0.234579,-0.104903,-0.510628,0.000047,0.059668,0.004990,0.242187,0.000773,0.017217,0.026991,0.131093,0.000000,0.000000,0.000000,1.149954,-0.773293,-0.000000,1.731624,-0.762633,-1.200343,3.140000,-0.163387,0.000000,0.000000,0.000000,0.000000,0.000000,0.000000
1778443288.127652,sequential_ik_elbow_then_wrist,0,0,-0.183494,0.089195,-0.219941,-0.454725,-0.025363,-0.162406,-0.046284,-0.113592,-0.273778,-0.229652,-0.108166,-0.511153,0.000001,0.186309,0.000663,0.421901,0.000659,0.019127,0.024942,0.138113,0.000000,0.000000,0.000000,1.142905,-0.784822,-0.753600,1.424054,-0.721298,-1.192080,3.140000,-0.129362,0.000000,0.000000,0.000000,0.000000,0.000000,0.000000
1778443288.190173,sequential_ik_elbow_then_wrist,0,0,-0.153711,0.095949,-0.239096,-0.423682,0.000213,-0.328259,-0.029529,-0.129926,-0.268788,-0.205351,-0.117233,-0.511535,0.000249,0.059128,0.012795,0.236615,0.001444,0.017928,0.036852,0.133471,0.000000,0.000000,0.000000,1.125956,-0.812504,-1.326336,1.055792,-0.668626,-1.179094,3.140000,-0.077893,0.000000,0.000000,0.000000,0.000000,0.000000,0.000000
1778443288.263311,sequential_ik_elbow_then_wrist,0,0,-0.140257,0.098496,-0.246225,-0.398077,0.012510,-0.373249,-0.023971,-0.134143,-0.267266,-0.199575,-0.118582,-0.510002,0.000198,0.046248,0.012316,0.214867,0.001144,0.020969,0.032723,0.144520,0.000000,0.000000,0.000000,1.101974,-0.845407,-1.761615,0.754402,-0.608531,-1.164803,3.140000,-0.016943,0.000000,0.000000,0.000000,0.000000,0.000000,0.000000
1778443288.312393,sequential_ik_elbow_then_wrist,0,0,-0.132185,0.102350,-0.249101,-0.389493,0.018444,-0.378532,-0.022947,-0.131841,-0.268498,-0.197577,-0.115929,-0.511914,0.000167,0.049110,0.011891,0.221609,0.000631,0.023942,0.024302,0.154598,0.000000,0.000000,0.000000,1.073192,-0.876287,-2.092428,0.525345,-0.547613,-1.153414,3.140000,0.044933,0.000000,0.000000,0.000000,0.000000,0.000000,0.000000
1778443288.374093,sequential_ik_elbow_then_wrist,0,0,-0.180964,0.083591,-0.224197,-0.451526,-0.033930,-0.169561,-0.031118,-0.123013,-0.271845,-0.204106,-0.108150,-0.516496,0.000509,0.128123,0.018993,0.357943,0.000115,0.027699,0.010306,0.166410,0.000000,0.000000,0.000000,1.068679,-0.876251,-2.343845,0.351262,-0.495036,-1.148139,3.140000,0.097995,0.000000,0.000000,0.000000,0.000000,0.000000,0.000000
1778443288.439794,sequential_ik_elbow_then_wrist,0,0,-0.186873,0.083587,-0.219298,-0.428898,-0.041029,-0.093223,-0.031685,-0.112954,-0.276111,-0.205906,-0.102895,-0.520132,0.000153,0.153307,0.010597,0.391544,0.000042,0.029392,0.005671,0.171431,0.000000,0.000000,0.000000,1.076702,-0.865981,-2.534922,0.218959,-0.452189,-1.151161,3.140000,0.133893,0.000000,0.000000,0.000000,0.000000,0.000000,0.000000
1778443288.501879,sequential_ik_elbow_then_wrist,0,0,-0.194629,0.084583,-0.212050,-0.387045,-0.053139,-0.027636,-0.029910,-0.109690,-0.277621,-0.210447,-0.100474,-0.517040,0.000070,0.116907,0.006800,0.324944,0.000027,0.032140,0.004786,0.179258,0.000000,0.000000,0.000000,1.090202,-0.849276,-1.926541,0.373738,-0.417165,-1.157474,3.140000,0.155120,0.000000,0.000000,0.000000,0.000000,0.000000,0.000000
1778443288.557736,sequential_ik_elbow_then_wrist,0,0,-0.195188,0.084999,-0.211369,-0.373682,-0.056512,-0.016139,-0.032938,-0.111689,-0.276479,-0.214591,-0.099540,-0.514921,0.000012,0.060225,0.002877,0.236555,0.000004,0.034023,0.001835,0.184453,0.000000,0.000000,0.000000,1.103936,-0.833897,-1.464171,0.648141,-0.389580,-1.161302,3.140000,0.170987,0.000000,0.000000,0.000000,0.000000,0.000000,0.000000
1778443288.611433,sequential_ik_elbow_then_wrist,0,0,-0.198783,0.082224,-0.209104,-0.372095,-0.064271,-0.012884,-0.033901,-0.114005,-0.275415,-0.214041,-0.101673,-0.514993,0.000014,0.050056,0.003225,0.222483,0.000003,0.033678,0.001421,0.183514,0.000000,0.000000,0.000000,1.118420,-0.819641,-1.112770,0.913357,-0.367939,-1.162311,3.140000,0.184988,0.000000,0.000000,0.000000,0.000000,0.000000,0.000000
1778443288.671136,sequential_ik_elbow_then_wrist,0,0,-0.193223,0.082137,-0.214285,-0.389356,-0.061071,-0.038151,-0.035445,-0.115555,-0.274574,-0.210543,-0.105012,-0.517945,0.000005,0.051178,0.001517,0.226226,0.000001,0.031791,0.000666,0.178298,0.000000,0.000000,0.000000,1.130008,-0.812713,-0.845705,1.114292,-0.351398,-1.161341,3.140000,0.197822,0.000000,0.000000,0.000000,0.000000,0.000000,0.000000
1778443288.736161,sequential_ik_elbow_then_wrist,0,0,-0.189544,0.088641,-0.214978,-0.399399,-0.049675,-0.051181,-0.036630,-0.118823,-0.273019,-0.205657,-0.112348,-0.520785,0.000015,0.051453,0.003357,0.226785,0.000002,0.029043,0.001018,0.170420,0.000000,0.000000,0.000000,1.134610,-0.808973,-0.642736,1.255737,-0.338827,-1.157858,3.140000,0.209021,0.000000,0.000000,0.000000,0.000000,0.000000,0.000000
