time_sec,source,valid,manual_enabled,left_target_elbow_x,left_target_elbow_y,left_target_elbow_z,left_target_wrist_x,left_target_wrist_y,left_target_wrist_z,right_target_elbow_x,right_target_elbow_y,right_target_elbow_z,right_target_wrist_x,right_target_wrist_y,right_target_wrist_z,left_shoulder_loss,left_elbow_loss,left_elbow_error,left_wrist_error,right_shoulder_loss,right_elbow_loss,right_elbow_error,right_wrist_error,torso_joint,neck_joint,head_joint,left_shoulder_pitch_joint,left_shoulder_roll_joint,left_shoulder_yaw_joint,left_elbow_joint,right_shoulder_pitch_joint,right_shoulder_roll_joint,right_shoulder_yaw_joint,right_elbow_joint,left_hip_joint,left_knee_joint,left_ankle_joint,right_hip_joint,right_knee_joint,right_ankle_joint
1778766098.570319,sequential_ik_elbow_then_wrist,1,0,-0.191754,0.221759,-0.063668,-0.193606,0.204240,0.235815,-0.157606,-0.255252,0.002561,-0.204983,-0.260608,0.298748,0.006027,0.035786,0.053457,0.150793,0.003297,0.025209,0.038715,0.126432,0.000000,0.000000,0.000000,0.128921,-0.040440,0.000000,0.474145,-0.101766,0.001600,0.000000,0.430498,0.000000,0.000000,0.000000,0.000000,0.000000,0.000000
1778766098.601053,sequential_ik_elbow_then_wrist,1,0,-0.148376,0.260468,0.011870,-0.061419,0.197587,0.292020,-0.039994,-0.289445,0.067987,0.120869,-0.257389,0.319176,0.000466,0.005448,0.014383,0.059518,0.001408,0.032452,0.025288,0.176528,0.000000,0.000000,0.000000,0.223322,-0.032694,0.000000,0.787252,-0.126879,0.044007,0.000000,0.691881,0.000000,0.000000,0.000000,0.000000,0.000000,0.000000
1778766098.648041,sequential_ik_elbow_then_wrist,0,0,-0.120470,0.267876,0.061070,-0.003737,0.174409,0.321142,0.046487,-0.287375,0.072489,0.253010,-0.211712,0.276508,0.000591,0.005324,0.016233,0.072543,0.001506,0.063512,0.026763,0.251897,0.000000,0.000000,0.000000,0.276834,0.012628,0.000000,1.044004,-0.079744,0.088927,0.000000,0.909070,0.000000,0.000000,0.000000,0.000000,0.000000,0.000000
1778766098.683618,sequential_ik_elbow_then_wrist,0,0,-0.105595,0.260545,0.104719,-0.006564,0.146630,0.363980,0.043044,-0.271945,0.119136,0.252999,-0.194725,0.319026,0.000469,0.002821,0.014494,0.052547,0.000419,0.057608,0.013831,0.239816,0.000000,0.000000,0.000000,0.306636,0.084157,0.000000,1.220506,-0.028675,0.155890,0.000000,1.050608,0.000000,0.000000,0.000000,0.000000,0.000000,0.000000
1778766098.724036,sequential_ik_elbow_then_wrist,0,0,-0.084587,0.254761,0.133947,0.023966,0.106357,0.370996,0.052994,-0.258689,0.142378,0.282627,-0.162283,0.309634,0.000319,0.003446,0.012171,0.058701,0.000224,0.075375,0.010275,0.274506,0.000000,0.000000,0.000000,0.315585,0.166720,0.000000,1.353962,0.021693,0.230240,0.000000,1.147022,0.000000,0.000000,0.000000,0.000000,0.000000,0.000000
1778766098.769867,sequential_ik_elbow_then_wrist,0,0,-0.075452,0.247084,0.152500,0.001336,0.100436,0.402696,0.107839,-0.240010,0.144103,0.341911,-0.121460,0.289555,0.000143,0.001263,0.008196,0.033851,0.000682,0.101142,0.019996,0.317922,0.000000,0.000000,0.000000,0.314604,0.248934,0.000000,1.429404,0.099686,0.293866,0.000000,1.200549,0.000000,0.000000,0.000000,0.000000,0.000000,0.000000
1778766098.802463,sequential_ik_elbow_then_wrist,0,0,-0.071263,0.243160,0.160607,0.044204,0.089030,0.390631,0.117520,-0.239217,0.137711,0.337187,-0.099865,0.287135,0.000041,0.004653,0.004428,0.068203,0.000143,0.092790,0.009135,0.304607,0.000000,0.000000,0.000000,0.309647,0.321725,0.000000,1.489617,0.177218,0.338930,0.000000,1.236058,0.000000,0.000000,0.000000,0.000000,0.000000,0.000000
1778766098.837574,sequential_ik_elbow_then_wrist,0,0,-0.056408,0.238764,0.172656,0.052695,0.066097,0.392389,0.136198,-0.215700,0.157872,0.352427,-0.067374,0.303626,0.000085,0.004580,0.006840,0.067668,0.000284,0.096826,0.012781,0.311059,0.000000,0.000000,0.000000,0.296320,0.388384,0.000000,1.538021,0.258731,0.386814,0.000000,1.243284,0.000000,0.000000,0.000000,0.000000,0.000000,0.000000
1778766098.870017,sequential_ik_elbow_then_wrist,0,0,-0.046115,0.240795,0.172891,0.029255,0.056852,0.397578,0.039325,-0.215985,0.204460,0.231760,-0.071636,0.383714,0.000053,0.001652,0.005857,0.040627,0.001815,0.047498,0.033792,0.217934,0.000000,0.000000,0.000000,0.276268,0.441826,0.000000,1.571993,0.273553,0.463905,0.000000,1.253216,0.000000,0.000000,0.000000,0.000000,0.000000,0.000000
1778766098.909311,sequential_ik_elbow_then_wrist,1,0,-0.076989,0.241462,0.160527,-0.077251,0.046817,0.388811,-0.015019,-0.218477,0.205042,0.143057,-0.079485,0.418801,0.000133,0.003859,0.009033,0.062123,0.001919,0.020757,0.037847,0.144003,0.000000,0.000000,0.000000,0.276062,0.473963,0.000000,1.598573,0.232968,0.533314,0.000000,1.271401,0.000000,0.000000,0.000000,0.000000,0.000000,0.000000
1778766098.949960,sequential_ik_elbow_then_wrist,0,0,-0.100727,0.237730,0.152770,-0.109469,0.040390,0.378559,0.010550,-0.218356,0.205450,0.194730,-0.081665,0.398823,0.000205,0.007974,0.011179,0.089279,0.000040,0.040483,0.005470,0.201170,0.000000,0.000000,0.000000,0.295971,0.490903,0.000000,1.623013,0.194647,0.586354,0.000000,1.294078,0.000000,0.000000,0.000000,0.000000,0.000000,0.000000
1778766098.984996,sequential_ik_elbow_then_wrist,1,0,-0.117251,0.230497,0.152064,-0.128423,0.033165,0.377752,-0.019826,-0.219339,0.203709,0.118826,-0.069373,0.423449,0.000148,0.010771,0.009537,0.103785,0.000338,0.015565,0.015951,0.124675,0.000000,0.000000,0.000000,0.329071,0.501514,0.000000,1.640492,0.143671,0.625673,0.000000,1.322355,0.000000,0.000000,0.000000,0.000000,0.000000,0.000000
1778766099.022703,sequential_ik_elbow_then_wrist,1,0,-0.104389,0.216613,0.179393,-0.097882,0.023269,0.408687,-0.016406,-0.214450,0.209146,0.124686,-0.064639,0.427434,0.000122,0.006233,0.007391,0.078682,0.000048,0.017217,0.005893,0.131207,0.000000,0.000000,0.000000,0.356540,0.529170,0.000000,1.638203,0.097243,0.659547,0.000000,1.346610,0.000000,0.000000,0.000000,0.000000,0.000000,0.000000
1778766099.067750,sequential_ik_elbow_then_wrist,1,0,-0.090554,0.210030,0.194133,-0.076515,0.023136,0.428385,-0.015679,-0.212746,0.210935,0.131391,-0.063761,0.425816,0.000097,0.003743,0.006844,0.060709,0.000009,0.019313,0.002498,0.138970,0.000000,0.000000,0.000000,0.372180,0.566316,0.000000,1.618240,0.058878,0.687699,0.000000,1.365886,0.000000,0.000000,0.000000,0.000000,0.000000,0.000000
1778766099.102448,sequential_ik_elbow_then_wrist,1,0,-0.095773,0.209405,0.192294,-0.087404,0.023899,0.427915,-0.016941,-0.211794,0.211793,0.134251,-0.061789,0.423074,0.000002,0.004935,0.001059,0.070162,0.000004,0.020310,0.001762,0.142512,0.000000,0.000000,0.000000,0.385097,0.596737,0.000000,1.594680,0.027507,0.710387,0.000000,1.382563,0.000000,0.000000,0.000000,0.000000,0.000000,0.000000
1778766099.165397,sequential_ik_elbow_then_wrist,1,0,-0.099738,0.208425,0.191341,-0.088410,0.019219,0.423877,-0.008333,-0.214615,0.209454,0.145741,-0.062618,0.417199,0.000005,0.005242,0.001913,0.072398,0.000015,0.023649,0.003323,0.153778,0.000000,0.000000,0.000000,0.397809,0.619599,0.000000,1.578066,0.007950,0.725913,0.000000,1.398168,0.000000,0.000000,0.000000,0.000000,0.000000,0.000000
1778766099.205196,sequential_ik_elbow_then_wrist,1,0,-0.108593,0.207910,0.187032,-0.097259,0.018994,0.419803,-0.008087,-0.216519,0.207495,0.139014,-0.057277,0.414868,0.000027,0.006273,0.004252,0.079197,0.000005,0.021266,0.001812,0.145811,0.000000,0.000000,0.000000,0.413716,0.633512,0.000000,1.567209,-0.004730,0.735625,0.000000,1.415449,0.000000,0.000000,0.000000,0.000000,0.000000,0.000000
1778766099.248281,sequential_ik_elbow_then_wrist,1,0,-0.098740,0.209299,0.190904,-0.097063,0.018845,0.422690,-0.015697,-0.215473,0.208147,0.133544,-0.059449,0.416434,0.000008,0.006381,0.002329,0.079875,0.000010,0.019920,0.002728,0.141140,0.000000,0.000000,0.000000,0.422473,0.646350,0.000000,1.557143,-0.018017,0.743095,0.000000,1.429115,0.000000,0.000000,0.000000,0.000000,0.000000,0.000000
1778766099.292067,sequential_ik_elbow_then_wrist,1,0,-0.104006,0.207657,0.189899,-0.074604,0.017594,0.420142,0.012295,-0.220594,0.202946,0.170232,-0.056271,0.398019,0.000002,0.003537,0.001327,0.059423,0.000176,0.031140,0.011448,0.176431,0.000000,0.000000,0.000000,0.431152,0.655816,0.000000,1.555494,-0.012626,0.744608,0.000000,1.447711,0.000000,0.000000,0.000000,0.000000,0.000000,0.000000
1778766099.332116,sequential_ik_elbow_then_wrist,1,0,-0.099469,0.213569,0.185726,-0.064970,0.019792,0.412133,-0.007851,-0.231939,0.190112,0.127819,-0.062437,0.397146,0.000010,0.002570,0.002463,0.050567,0.000061,0.017898,0.005683,0.133717,0.000000,0.000000,0.000000,0.434444,0.659647,0.000000,1.562825,-0.013924,0.734111,0.000000,1.471810,0.000000,0.000000,0.000000,0.000000,0.000000,0.000000
1778766099.370818,sequential_ik_elbow_then_wrist,1,0,-0.140385,0.224708,0.140707,-0.085093,0.057206,0.383372,-0.086246,-0.236802,0.162747,-0.020656,-0.077286,0.408212,0.000517,0.002337,0.016144,0.047979,0.001547,0.000135,0.031954,0.011434,0.000000,0.000000,0.000000,0.455218,0.628764,0.000000,1.582630,-0.065389,0.704143,0.000000,1.494813,0.000000,0.000000,0.000000,0.000000,0.000000,0.000000
1778766099.414071,sequential_ik_elbow_then_wrist,1,0,-0.172782,0.216565,0.115091,-0.133951,0.075853,0.377184,-0.088047,-0.247359,0.145125,-0.041351,-0.097815,0.400969,0.000470,0.004254,0.015597,0.065211,0.000270,0.000161,0.012175,0.012547,0.000000,0.000000,0.000000,0.496935,0.580124,0.000000,1.594599,-0.122837,0.662219,0.000000,1.516807,0.000000,0.000000,0.000000,0.000000,0.000000,0.000000
1778766099.451762,sequential_ik_elbow_then_wrist,1,0,-0.185242,0.223907,0.074506,-0.196557,0.101545,0.348184,-0.046262,-0.268200,0.126209,-0.079410,-0.135776,0.393352,0.000370,0.008706,0.012930,0.093264,0.000305,0.002603,0.012823,0.050918,0.000000,0.000000,0.000000,0.539714,0.510790,0.000000,1.596786,-0.144008,0.612910,0.000000,1.525835,0.000000,0.000000,0.000000,0.000000,0.000000,0.000000
1778766099.496867,sequential_ik_elbow_then_wrist,1,0,-0.218570,0.200217,-0.046263,-0.324988,0.116686,0.221501,-0.103175,-0.275309,0.059663,-0.169467,-0.164807,0.330577,0.002393,0.024954,0.032883,0.157944,0.000947,0.013038,0.020929,0.114092,0.000000,0.000000,0.000000,0.600500,0.375903,0.000000,1.591746,-0.186539,0.528157,0.000000,1.543751,0.000000,0.000000,0.000000,0.000000,0.000000,0.000000
1778766099.544655,sequential_ik_elbow_then_wrist,0,0,-0.207182,0.180746,-0.120027,-0.389199,0.126568,0.112212,-0.130508,-0.270106,-0.003232,-0.244163,-0.174425,0.257397,0.001430,0.033064,0.025323,0.181747,0.000962,0.026104,0.020746,0.161452,0.000000,0.000000,0.000000,0.657337,0.206840,0.000000,1.574329,-0.242619,0.413785,0.000000,1.571961,0.000000,0.000000,0.000000,0.000000,0.000000,0.000000
1778766099.580890,sequential_ik_elbow_then_wrist,0,0,-0.137471,0.106667,-0.244385,-0.358097,0.143405,-0.444321,-0.150849,-0.246495,-0.080529,-0.394894,-0.230641,0.093227,0.004258,0.036700,0.044323,0.164928,0.001297,0.068999,0.024117,0.261063,0.000000,0.000000,0.000000,0.709460,-0.036242,-0.753600,1.327179,-0.308653,0.267106,0.000000,1.523637,0.000000,0.000000,0.000000,0.000000,0.000000,0.000000
1778766099.616128,sequential_ik_elbow_then_wrist,0,0,-0.101260,0.115949,-0.257492,-0.306472,0.178690,-0.467139,-0.156830,-0.217329,-0.134804,-0.456605,-0.221559,-0.123965,0.000811,0.011275,0.021579,0.094581,0.000897,0.129391,0.020219,0.350598,0.000000,0.000000,0.000000,0.734851,-0.263274,-1.326336,1.023509,-0.377270,0.105903,0.753600,1.293841,0.000000,0.000000,0.000000,0.000000,0.000000,0.000000
1778766099.666661,sequential_ik_elbow_then_wrist,0,0,-0.102001,0.110957,-0.259393,-0.314526,0.169304,-0.462932,-0.137943,-0.177773,-0.198414,-0.411689,-0.196341,-0.319734,0.000099,0.011357,0.008367,0.104717,0.001131,0.056732,0.022671,0.235795,0.000000,0.000000,0.000000,0.748357,-0.447457,-1.761615,0.745254,-0.439073,-0.075420,1.326336,1.038410,0.000000,0.000000,0.000000,0.000000,0.000000,0.000000
1778766099.700643,sequential_ik_elbow_then_wrist,1,0,-0.049394,0.103844,-0.277086,-0.256841,0.118023,-0.493338,-0.057633,-0.136189,-0.261019,-0.250692,-0.153694,-0.489977,0.001258,0.015556,0.032263,0.124724,0.002322,0.019841,0.035214,0.140852,0.000000,0.000000,0.000000,0.739688,-0.617308,-2.092428,0.533096,-0.464189,-0.289095,1.761615,0.847760,0.000000,0.000000,0.000000,0.000000,0.000000,0.000000
1778766099.737406,sequential_ik_elbow_then_wrist,1,0,-0.031301,0.104945,-0.279297,-0.223770,0.102352,-0.509403,-0.034318,-0.116219,-0.274436,-0.211884,-0.129297,-0.515889,0.001468,0.016567,0.037170,0.128624,0.000974,0.018372,0.026448,0.135315,0.000000,0.000000,0.000000,0.714271,-0.758399,-2.343845,0.383240,-0.467348,-0.487951,2.092428,0.684065,0.000000,0.000000,0.000000,0.000000,0.000000,0.000000
1778766099.777718,sequential_ik_elbow_then_wrist,1,0,-0.056504,0.097358,-0.278080,-0.252213,0.077883,-0.504617,-0.029531,-0.115462,-0.275312,-0.210531,-0.110717,-0.514511,0.000104,0.029012,0.009896,0.170269,0.000489,0.023849,0.021157,0.154420,0.000000,0.000000,0.000000,0.690003,-0.862393,-2.534922,0.280090,-0.457586,-0.648579,2.343845,0.555354,0.000000,0.000000,0.000000,0.000000,0.000000,0.000000
1778766099.817409,sequential_ik_elbow_then_wrist,0,0,-0.063745,0.095194,-0.277263,-0.263513,0.067079,-0.499304,-0.022949,-0.119334,-0.274286,-0.208538,-0.107469,-0.509692,0.000006,0.035254,0.002292,0.187737,0.000525,0.027373,0.022320,0.165437,0.000000,0.000000,0.000000,0.670455,-0.939083,-2.680141,0.209036,-0.437665,-0.771407,2.534922,0.462084,0.000000,0.000000,0.000000,0.000000,0.000000,0.000000
1778766099.849792,sequential_ik_elbow_then_wrist,0,0,-0.066229,0.096402,-0.276261,-0.263841,0.061450,-0.499258,-0.013122,-0.122237,-0.273653,-0.198938,-0.108749,-0.508792,0.000002,0.036819,0.001006,0.191850,0.000683,0.027982,0.025450,0.167232,0.000000,0.000000,0.000000,0.655270,-0.995216,-2.790507,0.163654,-0.408274,-0.864374,2.680141,0.400711,0.000000,0.000000,0.000000,0.000000,0.000000,0.000000
1778766099.897897,sequential_ik_elbow_then_wrist,0,0,-0.076557,0.094223,-0.274337,-0.274654,0.055016,-0.496194,-0.006261,-0.120006,-0.274881,-0.188679,-0.111919,-0.512910,0.000057,0.040376,0.007231,0.200930,0.000640,0.027211,0.024640,0.164934,0.000000,0.000000,0.000000,0.647684,-1.034539,-2.874385,0.133577,-0.372316,-0.936729,2.790507,0.360779,0.000000,0.000000,0.000000,0.000000,0.000000,0.000000
1778766099.934793,sequential_ik_elbow_then_wrist,0,0,-0.079245,0.093812,-0.273714,-0.278874,0.051960,-0.493707,-0.008262,-0.120506,-0.274609,-0.192634,-0.116846,-0.511239,0.000059,0.041101,0.007420,0.202733,0.000338,0.030272,0.017905,0.173983,0.000000,0.000000,0.000000,0.646133,-1.062725,-2.938133,0.111857,-0.335064,-0.990872,2.874385,0.334130,0.000000,0.000000,0.000000,0.000000,0.000000,0.000000
1778766099.969074,sequential_ik_elbow_then_wrist,0,0,-0.080820,0.091869,-0.273913,-0.286330,0.047771,-0.487971,-0.004680,-0.120732,-0.274594,-0.186575,-0.121394,-0.513160,0.000061,0.043382,0.007597,0.208277,0.000297,0.029814,0.016792,0.172659,0.000000,0.000000,0.000000,0.649313,-1.084066,-2.986581,0.091186,-0.297390,-1.031695,2.938133,0.317828,0.000000,0.000000,0.000000,0.000000,0.000000,0.000000
1778766100.010577,sequential_ik_elbow_then_wrist,0,0,-0.082352,0.090569,-0.273889,-0.287744,0.047424,-0.488255,-0.005791,-0.120232,-0.274792,-0.183735,-0.125347,-0.516266,0.000058,0.042153,0.007433,0.205305,0.000157,0.029747,0.012202,0.172470,0.000000,0.000000,0.000000,0.655997,-1.100225,-3.023402,0.071686,-0.261932,-1.062578,2.986581,0.307954,0.000000,0.000000,0.000000,0.000000,0.000000,0.000000
1778766100.051528,sequential_ik_elbow_then_wrist,0,0,-0.083757,0.090900,-0.273353,-0.288977,0.051632,-0.488627,-0.005262,-0.120377,-0.274739,-0.176156,-0.127694,-0.521198,0.000044,0.039777,0.006422,0.199434,0.000105,0.027843,0.009955,0.166857,0.000000,0.000000,0.000000,0.664788,-1.111645,-3.051385,0.052636,-0.229400,-1.085793,3.023402,0.303707,0.000000,0.000000,0.000000,0.000000,0.000000,0.000000
1778766100.085591,sequential_ik_elbow_then_wrist,0,0,-0.082079,0.090721,-0.273921,-0.291943,0.053454,-0.485034,-0.005523,-0.119770,-0.274999,-0.179231,-0.127959,-0.519454,0.000017,0.039495,0.004051,0.198714,0.000060,0.029872,0.007518,0.172832,0.000000,0.000000,0.000000,0.673804,-1.120914,-3.072653,0.031579,-0.200461,-1.103660,3.051385,0.302453,0.000000,0.000000,0.000000,0.000000,0.000000,0.000000
1778766100.124571,sequential_ik_elbow_then_wrist,0,0,-0.079906,0.089013,-0.275121,-0.292294,0.053529,-0.484005,-0.004844,-0.119148,-0.275282,-0.182853,-0.126776,-0.516642,0.000009,0.039035,0.002814,0.197555,0.000043,0.032200,0.006366,0.179443,0.000000,0.000000,0.000000,0.682199,-1.129905,-3.088816,0.009238,-0.174916,-1.117683,3.072653,0.303457,0.000000,0.000000,0.000000,0.000000,0.000000,0.000000
1778766100.159353,sequential_ik_elbow_then_wrist,0,0,-0.078639,0.083316,-0.277262,-0.292166,0.049349,-0.485235,-0.005274,-0.118762,-0.275441,-0.183655,-0.128160,-0.516464,0.000024,0.039075,0.004567,0.197653,0.000023,0.032993,0.004628,0.181640,0.000000,0.000000,0.000000,0.690944,-1.140602,-3.101100,-0.014483,-0.152930,-1.128635,3.088816,0.304598,0.000000,0.000000,0.000000,0.000000,0.000000,0.000000
1778766100.200265,sequential_ik_elbow_then_wrist,0,0,-0.075912,0.084163,-0.277766,-0.290145,0.051598,-0.485235,-0.007208,-0.119361,-0.275138,-0.186537,-0.127824,-0.515491,0.000003,0.037611,0.001512,0.193923,0.000005,0.034353,0.002158,0.185346,0.000000,0.000000,0.000000,0.698324,-1.150385,-3.110436,-0.037725,-0.135021,-1.136508,3.101100,0.306885,0.000000,0.000000,0.000000,0.000000,0.000000,0.000000
1778766100.234815,sequential_ik_elbow_then_wrist,0,0,-0.075720,0.083289,-0.278082,-0.288933,0.050910,-0.486628,-0.006858,-0.119590,-0.275048,-0.185819,-0.127164,-0.515705,0.000002,0.037046,0.001496,0.192472,0.000004,0.034326,0.001971,0.185272,0.000000,0.000000,0.000000,0.704694,-1.158716,-3.117531,-0.057435,-0.120309,-1.142246,3.110436,0.310494,0.000000,0.000000,0.000000,0.000000,0.000000,0.000000
1778766100.273394,sequential_ik_elbow_then_wrist,0,0,-0.075044,0.083623,-0.278165,-0.288883,0.052256,-0.486225,-0.008058,-0.119246,-0.275164,-0.186467,-0.123721,-0.516308,0.000000,0.036566,0.000602,0.191221,0.000000,0.034678,0.000585,0.186216,0.000000,0.000000,0.000000,0.709842,-1.165384,-3.122924,-0.074435,-0.108801,-1.146722,3.117531,0.316181,0.000000,0.000000,0.000000,0.000000,0.000000,0.000000
1778766104.765992,sequential_ik_elbow_then_wrist,0,0,-0.236512,0.158340,-0.094818,-0.271540,0.144399,0.202804,-0.172949,-0.244452,-0.018211,-0.201464,-0.240244,0.280401,0.009248,0.062719,0.068954,0.195317,0.018409,0.038878,0.103272,0.151633,0.000000,0.000000,0.000000,0.752553,-1.014315,-2.373422,0.288840,-0.188101,-0.958148,2.369324,0.622995,0.000000,0.000000,0.000000,0.000000,0.000000,0.000000
1778766104.807930,sequential_ik_elbow_then_wrist,1,0,-0.216176,0.206184,-0.027496,-0.179057,0.174565,0.268515,-0.131327,-0.264767,0.051492,-0.105125,-0.227021,0.347952,0.002188,0.003134,0.031453,0.042031,0.003069,0.001470,0.037314,0.037847,0.000000,0.000000,0.000000,0.770783,-0.817653,-1.803801,0.653667,-0.252257,-0.716640,1.800686,0.870859,0.000000,0.000000,0.000000,0.000000,0.000000,0.000000
1778766104.858927,sequential_ik_elbow_then_wrist,1,0,-0.191402,0.228005,0.037134,-0.132917,0.165023,0.324558,-0.072413,-0.280929,0.076387,0.015243,-0.209660,0.354302,0.001270,0.000586,0.023837,0.024180,0.000910,0.005980,0.020326,0.077298,0.000000,0.000000,0.000000,0.760658,-0.609284,-1.370889,0.928713,-0.264163,-0.494280,1.368522,1.064591,0.000000,0.000000,0.000000,0.000000,0.000000,0.000000
1778766104.890864,sequential_ik_elbow_then_wrist,1,0,-0.143252,0.239945,0.109112,-0.057448,0.123014,0.371723,-0.021834,-0.265757,0.137465,0.126050,-0.178033,0.383299,0.001497,0.000906,0.026142,0.029981,0.001287,0.022947,0.024836,0.151270,0.000000,0.000000,0.000000,0.719162,-0.391374,-1.041875,1.131246,-0.235655,-0.275789,1.040076,1.192630,0.000000,0.000000,0.000000,0.000000,0.000000,0.000000
1778766104.929924,sequential_ik_elbow_then_wrist,1,0,-0.026558,0.275555,0.115602,-0.029704,0.153707,0.389725,-0.076246,-0.220274,0.188854,0.021055,-0.125188,0.456233,0.002800,0.000359,0.038477,0.013669,0.001152,0.003405,0.024269,0.055724,0.000000,0.000000,0.000000,0.602664,-0.206182,-0.791825,1.253639,-0.242419,-0.060386,0.790458,1.248360,0.000000,0.000000,0.000000,0.000000,0.000000,0.000000
1778766104.968697,sequential_ik_elbow_then_wrist,1,0,-0.004250,0.272207,0.126036,-0.030496,0.141353,0.394715,-0.100400,-0.201812,0.197969,-0.030737,-0.079312,0.462810,0.000565,0.000396,0.017502,0.019574,0.000577,0.000074,0.019467,0.007071,0.000000,0.000000,0.000000,0.476909,-0.055187,-0.601787,1.338045,-0.275503,0.122216,0.600748,1.278938,0.000000,0.000000,0.000000,0.000000,0.000000,0.000000
1778766105.004041,sequential_ik_elbow_then_wrist,1,0,-0.040131,0.267811,0.129099,-0.064372,0.118211,0.388005,-0.080800,-0.207744,0.200783,-0.028060,-0.062446,0.457895,0.000061,0.002392,0.005767,0.048827,0.000013,0.000017,0.002418,0.003988,0.000000,0.000000,0.000000,0.393208,0.063664,-0.457358,1.408996,-0.299362,0.267061,0.456569,1.304386,0.000000,0.000000,0.000000,0.000000,0.000000,0.000000
1778766105.046918,sequential_ik_elbow_then_wrist,1,0,-0.077283,0.250362,0.146104,-0.077164,0.092020,0.400914,-0.075618,-0.215113,0.194957,-0.039005,-0.072871,0.456543,0.000385,0.002757,0.014747,0.052497,0.000021,0.000135,0.003743,0.011542,0.000000,0.000000,0.000000,0.357842,0.166975,-0.347592,1.460300,-0.312349,0.373772,0.346992,1.320527,0.000000,0.000000,0.000000,0.000000,0.000000,0.000000
1778766105.091372,sequential_ik_elbow_then_wrist,1,0,-0.089486,0.242150,0.152825,-0.100085,0.075949,0.402354,-0.075870,-0.223260,0.185468,-0.058882,-0.075781,0.446162,0.000153,0.005094,0.009457,0.071350,0.000030,0.000958,0.003947,0.030875,0.000000,0.000000,0.000000,0.348488,0.253089,-0.264170,1.495009,-0.318481,0.446516,0.263714,1.337885,0.000000,0.000000,0.000000,0.000000,0.000000,0.000000
1778766105.130669,sequential_ik_elbow_then_wrist,1,0,-0.095306,0.236498,0.158068,-0.089357,0.061633,0.401762,-0.066934,-0.232539,0.177328,-0.052816,-0.086320,0.438901,0.000057,0.003829,0.005815,0.061871,0.000062,0.000647,0.006125,0.025277,0.000000,0.000000,0.000000,0.351642,0.323978,-0.200769,1.524041,-0.314562,0.493621,0.200423,1.357842,0.000000,0.000000,0.000000,0.000000,0.000000,0.000000
1778766105.186852,sequential_ik_elbow_then_wrist,1,0,-0.092656,0.233342,0.164215,-0.082450,0.054856,0.405126,-0.068915,-0.229506,0.180492,-0.044157,-0.076743,0.437495,0.000013,0.003241,0.002541,0.056926,0.000001,0.000415,0.000970,0.020094,0.000000,0.000000,0.000000,0.356613,0.383553,-0.152585,1.545506,-0.310030,0.529935,0.152321,1.380988,0.000000,0.000000,0.000000,0.000000,0.000000,0.000000
1778766105.214065,sequential_ik_elbow_then_wrist,1,0,-0.101169,0.226008,0.169367,-0.100807,0.043887,0.407762,-0.055493,-0.231672,0.182342,-0.008628,-0.073500,0.432911,0.000036,0.005746,0.004657,0.075778,0.000045,0.000133,0.005567,0.010920,0.000000,0.000000,0.000000,0.367910,0.433984,-0.115964,1.557476,-0.297629,0.559134,0.115764,1.407384,0.000000,0.000000,0.000000,0.000000,0.000000,0.000000
1778766105.254169,sequential_ik_elbow_then_wrist,1,0,-0.098788,0.218585,0.180171,-0.096690,0.036433,0.418532,-0.043767,-0.229829,0.187785,0.033918,-0.077926,0.434545,0.000032,0.005476,0.003935,0.073920,0.000067,0.002484,0.006686,0.049844,0.000000,0.000000,0.000000,0.379621,0.481670,-0.088133,1.558321,-0.278005,0.585980,0.087981,1.427253,0.000000,0.000000,0.000000,0.000000,0.000000,0.000000
1778766105.299773,sequential_ik_elbow_then_wrist,1,0,-0.097941,0.212981,0.187207,-0.094010,0.033529,0.427585,-0.033138,-0.230907,0.188637,0.064120,-0.087797,0.433710,0.000021,0.005214,0.003117,0.072097,0.000067,0.006184,0.006843,0.078615,0.000000,0.000000,0.000000,0.390615,0.525541,-0.066981,1.549309,-0.252509,0.608130,0.066865,1.437638,0.000000,0.000000,0.000000,0.000000,0.000000,0.000000
1778766105.344253,sequential_ik_elbow_then_wrist,1,0,-0.091174,0.214286,0.189126,-0.079379,0.038474,0.431924,-0.018155,-0.232350,0.188901,0.099620,-0.095691,0.428595,0.000010,0.003322,0.002464,0.057593,0.000108,0.012408,0.008751,0.111379,0.000000,0.000000,0.000000,0.395628,0.562153,-0.050906,1.537200,-0.219634,0.625627,0.050818,1.441331,0.000000,0.000000,0.000000,0.000000,0.000000,0.000000
1778766105.380703,sequential_ik_elbow_then_wrist,1,0,-0.099157,0.214993,0.184244,-0.094259,0.042360,0.429547,-0.038646,-0.236951,0.179890,0.015465,-0.090970,0.436330,0.000008,0.004767,0.002235,0.069033,0.000042,0.000823,0.005003,0.028691,0.000000,0.000000,0.000000,0.402451,0.586878,-0.038688,1.524788,-0.201465,0.631925,0.038621,1.444275,0.000000,0.000000,0.000000,0.000000,0.000000,0.000000
1778766105.419561,sequential_ik_elbow_then_wrist,1,0,-0.106936,0.218172,0.175970,-0.105697,0.048354,0.423276,-0.043819,-0.239224,0.175646,0.004818,-0.089514,0.431031,0.000028,0.005708,0.003917,0.075552,0.000024,0.000405,0.003842,0.019961,0.000000,0.000000,0.000000,0.412381,0.598583,-0.029403,1.516397,-0.193254,0.631847,0.029352,1.452583,0.000000,0.000000,0.000000,0.000000,0.000000,0.000000
1778766105.459192,sequential_ik_elbow_then_wrist,1,0,-0.114057,0.222791,0.165394,-0.110154,0.052289,0.412202,-0.087437,-0.236150,0.163058,-0.107461,-0.078162,0.417300,0.000039,0.005835,0.004414,0.076318,0.000460,0.006658,0.017195,0.081578,0.000000,0.000000,0.000000,0.424461,0.597920,-0.022346,1.517997,-0.216078,0.621708,0.022308,1.463226,0.000000,0.000000,0.000000,0.000000,0.000000,0.000000
1778766105.493906,sequential_ik_elbow_then_wrist,1,0,-0.141331,0.225280,0.138833,-0.160389,0.054155,0.384501,-0.112858,-0.230697,0.155055,-0.159969,-0.070987,0.404601,0.000253,0.013059,0.011480,0.114210,0.000354,0.014876,0.014847,0.121968,0.000000,0.000000,0.000000,0.449589,0.576302,-0.016983,1.528705,-0.259903,0.605745,0.016954,1.470559,0.000000,0.000000,0.000000,0.000000,0.000000,0.000000
1778766105.531365,sequential_ik_elbow_then_wrist,1,0,-0.179900,0.231908,0.062088,-0.221685,0.074609,0.314101,-0.145481,-0.237957,0.110506,-0.224890,-0.095303,0.362188,0.001152,0.020991,0.023004,0.144576,0.000600,0.024843,0.017346,0.157613,0.000000,0.000000,0.000000,0.491972,0.504684,-0.012907,1.559404,-0.318796,0.560915,0.012885,1.473769,0.000000,0.000000,0.000000,0.000000,0.000000,0.000000
1778766105.567734,sequential_ik_elbow_then_wrist,1,0,-0.207468,0.216271,0.013553,-0.249696,0.066013,0.269754,-0.158292,-0.245596,0.068018,-0.243270,-0.109779,0.321656,0.000786,0.022399,0.018791,0.149291,0.000437,0.024713,0.014031,0.157079,0.000000,0.000000,0.000000,0.549642,0.407292,-0.009809,1.608076,-0.375589,0.491687,0.009793,1.491202,0.000000,0.000000,0.000000,0.000000,0.000000,0.000000
1778766105.604576,sequential_ik_elbow_then_wrist,1,0,-0.222539,0.199106,-0.028866,-0.263010,0.068399,0.238113,-0.162133,-0.252388,0.003654,-0.262663,-0.151081,0.267531,0.000533,0.018643,0.015389,0.136356,0.000726,0.022471,0.017975,0.149804,0.000000,0.000000,0.000000,0.613532,0.297166,-0.007455,1.662071,-0.421621,0.390961,0.007442,1.517543,0.000000,0.000000,0.000000,0.000000,0.000000,0.000000
1778766105.645752,sequential_ik_elbow_then_wrist,1,0,-0.204172,0.215860,-0.041452,-0.281515,0.099964,0.224229,-0.167711,-0.248219,0.016144,-0.265107,-0.131958,0.274983,0.000117,0.018969,0.007212,0.137712,0.000011,0.023296,0.002228,0.152530,0.000000,0.000000,0.000000,0.651366,0.197355,-0.005666,1.698085,-0.461561,0.311050,0.005656,1.550886,0.000000,0.000000,0.000000,0.000000,0.000000,0.000000
1778766105.703543,sequential_ik_elbow_then_wrist,1,0,-0.208523,0.183273,-0.113707,-0.335003,0.089608,0.141694,-0.191991,-0.225933,-0.045761,-0.349137,-0.205644,0.208981,0.000846,0.029397,0.019482,0.171453,0.000620,0.023710,0.016617,0.152408,0.000000,0.000000,0.000000,0.693986,0.071562,-0.004306,1.723346,-0.513317,0.211265,0.004299,1.523538,0.000000,0.000000,0.000000,0.000000,0.000000,0.000000
1778766105.741083,sequential_ik_elbow_then_wrist,0,0,-0.144615,0.103857,-0.241455,-0.399655,0.042314,-0.386943,-0.119242,-0.172239,-0.214744,-0.368063,-0.199305,-0.380140,0.004150,0.093696,0.043979,0.290347,0.005264,0.049253,0.049401,0.208950,0.000000,0.000000,0.000000,0.741099,-0.136055,-0.756873,1.509924,-0.542163,0.008335,0.756867,1.323264,0.000000,0.000000,0.000000,0.000000,0.000000,0.000000
1778766105.769701,sequential_ik_elbow_then_wrist,0,0,-0.172332,0.147524,-0.196312,-0.456953,0.061630,-0.156149,-0.093837,-0.153691,-0.239945,-0.320731,-0.217233,-0.425638,0.000078,0.128798,0.006134,0.348491,0.000999,0.027792,0.021717,0.159668,0.000000,0.000000,0.000000,0.773158,-0.279023,-1.328823,1.141934,-0.554296,-0.200107,1.328819,1.055993,0.000000,0.000000,0.000000,0.000000,0.000000,0.000000
1778766105.807518,sequential_ik_elbow_then_wrist,0,0,-0.141943,0.122673,-0.234101,-0.414235,0.057931,-0.342108,-0.045020,-0.127495,-0.267803,-0.227960,-0.175339,-0.500706,0.000288,0.061785,0.011352,0.248247,0.001263,0.014014,0.028759,0.117915,0.000000,0.000000,0.000000,0.795607,-0.417921,-1.763506,0.832111,-0.544312,-0.404831,1.763502,0.827703,0.000000,0.000000,0.000000,0.000000,0.000000,0.000000
1778766105.846467,sequential_ik_elbow_then_wrist,1,0,-0.047892,0.114473,-0.273134,-0.257476,0.084310,-0.485655,-0.022688,-0.116213,-0.275644,-0.203800,-0.159542,-0.510849,0.002877,0.022104,0.046136,0.148017,0.001043,0.015325,0.029914,0.123528,0.000000,0.000000,0.000000,0.781216,-0.581119,-2.093864,0.630158,-0.518908,-0.583511,2.093862,0.634755,0.000000,0.000000,0.000000,0.000000,0.000000,0.000000
1778766105.888186,sequential_ik_elbow_then_wrist,1,0,-0.025544,0.111341,-0.277400,-0.211848,0.092276,-0.511765,-0.010430,-0.117445,-0.275859,-0.196016,-0.155357,-0.508497,0.002279,0.016152,0.045727,0.127064,0.001103,0.018588,0.032288,0.136315,0.000000,0.000000,0.000000,0.745294,-0.726521,-2.344937,0.482971,-0.482020,-0.725563,2.344935,0.482328,0.000000,0.000000,0.000000,0.000000,0.000000,0.000000
1778766105.931355,sequential_ik_elbow_then_wrist,1,0,-0.016190,0.111511,-0.278034,-0.201769,0.093765,-0.513078,-0.007757,-0.114825,-0.277047,-0.180544,-0.141149,-0.520874,0.002005,0.018467,0.043824,0.135886,0.000777,0.018939,0.027218,0.137493,0.000000,0.000000,0.000000,0.696608,-0.842658,-2.535752,0.374146,-0.439760,-0.836015,2.535751,0.380670,0.000000,0.000000,0.000000,0.000000,0.000000,0.000000
1778766105.964503,sequential_ik_elbow_then_wrist,0,0,-0.050948,0.093382,-0.280507,-0.246307,0.078459,-0.507689,-0.010312,-0.117310,-0.275920,-0.181119,-0.137639,-0.521709,0.000015,0.032799,0.003768,0.181091,0.000436,0.021698,0.020363,0.147192,0.000000,0.000000,0.000000,0.657787,-0.930577,-2.680772,0.286023,-0.396884,-0.917748,2.680770,0.317022,0.000000,0.000000,0.000000,0.000000,0.000000,0.000000
1778766106.001099,sequential_ik_elbow_then_wrist,1,0,-0.035929,0.090694,-0.283696,-0.220097,0.083268,-0.520397,-0.012167,-0.115385,-0.276656,-0.181860,-0.136957,-0.523109,0.000185,0.025350,0.013132,0.159217,0.000217,0.023503,0.014368,0.153276,0.000000,0.000000,0.000000,0.622376,-1.003627,-2.790986,0.218988,-0.356633,-0.979932,2.790986,0.275923,0.000000,0.000000,0.000000,0.000000,0.000000,0.000000
1778766106.038679,sequential_ik_elbow_then_wrist,1,0,-0.024123,0.087264,-0.286012,-0.198175,0.080000,-0.530252,-0.011457,-0.112756,-0.277767,-0.179274,-0.131282,-0.525748,0.000374,0.021442,0.018855,0.146425,0.000142,0.024375,0.011608,0.156103,0.000000,0.000000,0.000000,0.587682,-1.065831,-2.874750,0.171258,-0.319942,-1.028801,2.874749,0.251167,0.000000,0.000000,0.000000,0.000000,0.000000,0.000000
1778766106.091498,sequential_ik_elbow_then_wrist,1,0,-0.021727,0.085291,-0.286799,-0.203766,0.071385,-0.524850,-0.006825,-0.110255,-0.278922,-0.175150,-0.126264,-0.526733,0.000316,0.026105,0.017510,0.161570,0.000169,0.024869,0.012691,0.157687,0.000000,0.000000,0.000000,0.554476,-1.116133,-2.938410,0.136283,-0.285570,-1.068305,2.938409,0.237144,0.000000,0.000000,0.000000,0.000000,0.000000,0.000000
1778766106.129290,sequential_ik_elbow_then_wrist,1,0,-0.020736,0.083725,-0.287333,-0.209480,0.066502,-0.519882,-0.004154,-0.106522,-0.280421,-0.174099,-0.122502,-0.527126,0.000250,0.030283,0.015615,0.174019,0.000153,0.026033,0.012069,0.161347,0.000000,0.000000,0.000000,0.523324,-1.155974,-2.986791,0.110609,-0.253509,-1.101391,2.986791,0.228271,0.000000,0.000000,0.000000,0.000000,0.000000,0.000000
1778766106.166194,sequential_ik_elbow_then_wrist,0,0,-0.025479,0.077445,-0.288709,-0.213952,0.059418,-0.521417,-0.005359,-0.103454,-0.281547,-0.178084,-0.114852,-0.526569,0.000064,0.033220,0.007800,0.182263,0.000079,0.028654,0.008646,0.169271,0.000000,0.000000,0.000000,0.496822,-1.188977,-3.023561,0.091850,-0.225038,-1.129006,3.023561,0.224740,0.000000,0.000000,0.000000,0.000000,0.000000,0.000000
1778766106.211579,sequential_ik_elbow_then_wrist,0,0,-0.027251,0.078542,-0.288251,-0.224595,0.058677,-0.513330,-0.003164,-0.101616,-0.282248,-0.183044,-0.115757,-0.521921,0.000035,0.038174,0.005830,0.195380,0.000081,0.031584,0.008829,0.177717,0.000000,0.000000,0.000000,0.474570,-1.213547,-3.051507,0.075870,-0.199310,-1.151839,3.051506,0.220541,0.000000,0.000000,0.000000,0.000000,0.000000,0.000000
1778766106.252547,sequential_ik_elbow_then_wrist,0,0,-0.023242,0.080877,-0.287956,-0.216354,0.063118,-0.516850,-0.003245,-0.103829,-0.281441,-0.182670,-0.117513,-0.521481,0.000088,0.035141,0.009257,0.187457,0.000058,0.032088,0.007494,0.179129,0.000000,0.000000,0.000000,0.454275,-1.231647,-3.072745,0.065843,-0.176271,-1.168087,3.072745,0.219110,0.000000,0.000000,0.000000,0.000000,0.000000,0.000000
1778766106.288490,sequential_ik_elbow_then_wrist,1,0,-0.010404,0.085635,-0.287330,-0.175826,0.080749,-0.537553,-0.002896,-0.104058,-0.281360,-0.179091,-0.114668,-0.523936,0.000424,0.020583,0.020350,0.143443,0.000044,0.031339,0.006527,0.177015,0.000000,0.000000,0.000000,0.431381,-1.245154,-3.088886,0.064807,-0.155695,-1.179996,3.088886,0.223142,0.000000,0.000000,0.000000,0.000000,0.000000,0.000000
1778766106.333523,sequential_ik_elbow_then_wrist,1,0,-0.001608,0.090751,-0.285940,-0.151427,0.092018,-0.545849,-0.005574,-0.107426,-0.280051,-0.180390,-0.117378,-0.523650,0.000737,0.014650,0.026814,0.120992,0.000014,0.031921,0.003547,0.178655,0.000000,0.000000,0.000000,0.403939,-1.253504,-3.101154,0.071789,-0.138408,-1.186557,3.101153,0.230403,0.000000,0.000000,0.000000,0.000000,0.000000,0.000000
1778766106.371874,sequential_ik_elbow_then_wrist,0,0,-0.002816,0.093862,-0.284925,-0.155581,0.093290,-0.543115,-0.010458,-0.111461,-0.278329,-0.187003,-0.121217,-0.520685,0.000555,0.016912,0.023225,0.130003,0.000005,0.034141,0.001580,0.184767,0.000000,0.000000,0.000000,0.374002,-1.256649,-3.110477,0.085222,-0.125720,-1.188036,3.110477,0.239092,0.000000,0.000000,0.000000,0.000000,0.000000,0.000000
1778766106.405471,sequential_ik_elbow_then_wrist,0,0,0.001726,0.096558,-0.284031,-0.149741,0.098272,-0.542980,-0.012787,-0.115608,-0.276535,-0.192482,-0.128909,-0.516395,0.000617,0.016541,0.024467,0.128580,0.000010,0.035815,0.002664,0.189248,0.000000,0.000000,0.000000,0.341296,-1.256730,-3.117562,0.102398,-0.117278,-1.185461,3.117562,0.245729,0.000000,0.000000,0.000000,0.000000,0.000000,0.000000
1778766106.459125,sequential_ik_elbow_then_wrist,0,0,0.002167,0.098495,-0.283362,-0.157245,0.098628,-0.537503,-0.015047,-0.118002,-0.275407,-0.197271,-0.132288,-0.513294,0.000486,0.020111,0.021704,0.141786,0.000014,0.037196,0.003535,0.192863,0.000000,0.000000,0.000000,0.307308,-1.254524,-3.122947,0.122284,-0.112715,-1.180902,3.122947,0.250902,0.000000,0.000000,0.000000,0.000000,0.000000,0.000000
1778766115.735689,sequential_ik_elbow_then_wrist,0,0,-0.121307,0.069658,-0.265391,-0.338760,0.021973,-0.466489,0.001689,-0.101090,-0.282450,-0.164227,-0.088681,-0.532086,0.008344,0.107395,0.089748,0.327710,0.000137,0.027050,0.010485,0.164300,0.000000,0.000000,0.000000,0.321389,-1.244302,-3.127040,0.134804,-0.104476,-1.188950,3.127040,0.272682,0.000000,0.000000,0.000000,0.000000,0.000000,0.000000
1778766115.779096,sequential_ik_elbow_then_wrist,0,0,-0.152113,0.056476,-0.252333,-0.358451,0.018926,-0.466844,-0.050110,-0.112473,-0.273567,-0.260791,-0.123691,-0.486844,0.010190,0.091440,0.098353,0.302188,0.001166,0.064880,0.033176,0.254497,0.000000,0.000000,0.000000,0.383905,-1.219528,-3.130150,0.117729,-0.115170,-1.185775,3.130150,0.263931,0.000000,0.000000,0.000000,0.000000,0.000000,0.000000
1778766115.821216,sequential_ik_elbow_then_wrist,0,0,-0.156312,0.063801,-0.247984,-0.382610,0.027308,-0.441523,-0.057443,-0.103745,-0.275567,-0.276628,-0.135316,-0.477956,0.005173,0.070523,0.068768,0.265208,0.001158,0.065312,0.033232,0.255151,0.000000,0.000000,0.000000,0.477473,-1.179847,-3.132514,0.071868,-0.140835,-1.184453,3.132514,0.222483,0.000000,0.000000,0.000000,0.000000,0.000000,0.000000
1778766115.863921,sequential_ik_elbow_then_wrist,0,0,-0.210122,0.050532,-0.208075,-0.462731,0.012118,-0.365279,-0.057010,-0.132323,-0.263136,-0.304394,-0.126948,-0.432760,0.005648,0.053988,0.067857,0.232007,0.000523,0.081754,0.020772,0.285927,0.000000,0.000000,0.000000,0.611594,-1.104506,-3.134311,0.006620,-0.172378,-1.163934,3.134311,0.190167,0.000000,0.000000,0.000000,0.000000,0.000000,0.000000
1778766115.900773,sequential_ik_elbow_then_wrist,0,0,-0.199522,0.046722,-0.219108,-0.456091,-0.036517,-0.350421,-0.039418,-0.136152,-0.264403,-0.289190,-0.111404,-0.428724,0.001236,0.045558,0.031630,0.213443,0.000005,0.078655,0.001693,0.280350,0.000000,0.000000,0.000000,0.749731,-1.040447,-3.135676,-0.042969,-0.197007,-1.144592,3.135676,0.184070,0.000000,0.000000,0.000000,0.000000,0.000000,0.000000
1778766115.950452,sequential_ik_elbow_then_wrist,0,0,-0.186088,0.041692,-0.231588,-0.439642,-0.050518,-0.362766,-0.019801,-0.143114,-0.262919,-0.253983,-0.135440,-0.450269,0.000353,0.036335,0.016783,0.190617,0.000214,0.058064,0.014002,0.240907,0.000000,0.000000,0.000000,0.873070,-1.000513,-3.136714,-0.080656,-0.205948,-1.127589,3.136714,0.192066,0.000000,0.000000,0.000000,0.000000,0.000000,0.000000
1778766115.990749,sequential_ik_elbow_then_wrist,0,0,-0.040366,0.077659,-0.286949,-0.193056,0.028546,-0.540472,-0.003814,-0.138809,-0.265928,-0.203011,-0.143454,-0.490202,0.005236,0.004489,0.061659,0.065029,0.000460,0.035877,0.020571,0.189298,0.000000,0.000000,0.000000,0.935097,-1.055334,-3.137503,-0.070582,-0.198725,-1.118656,3.137503,0.213890,0.000000,0.000000,0.000000,0.000000,0.000000,0.000000
1778766116.026244,sequential_ik_elbow_then_wrist,0,0,-0.041486,0.102311,-0.278947,-0.246832,0.035192,-0.487101,-0.014874,-0.128446,-0.270703,-0.209689,-0.113313,-0.498339,0.004456,0.013932,0.065706,0.116927,0.000049,0.040794,0.006291,0.201832,0.000000,0.000000,0.000000,0.955046,-1.104552,-3.138102,-0.101643,-0.189499,-1.118399,3.138102,0.248687,0.000000,0.000000,0.000000,0.000000,0.000000,0.000000
1778766116.072289,sequential_ik_elbow_then_wrist,0,0,-0.078818,0.091228,-0.274709,-0.262660,0.013742,-0.498758,-0.024855,-0.128662,-0.269867,-0.224433,-0.113550,-0.493340,0.000999,0.022434,0.030277,0.149577,0.000010,0.046584,0.002981,0.215832,0.000000,0.000000,0.000000,0.956107,-1.125343,-3.138558,-0.106571,-0.184361,-1.118444,3.138558,0.277170,0.000000,0.000000,0.000000,0.000000,0.000000,0.000000
1778766117.197196,sequential_ik_elbow_then_wrist,1,0,-0.065335,0.113865,-0.269752,-0.259326,0.092866,-0.497626,-0.023121,-0.091241,-0.284852,-0.197544,-0.122756,-0.526892,0.002049,0.011275,0.044016,0.106179,0.000232,0.032641,0.011115,0.179890,0.000000,0.000000,0.000000,0.933025,-1.132700,-3.138904,-0.112181,-0.183658,-1.143236,3.138904,0.258646,0.000000,0.000000,0.000000,0.000000,0.000000,0.000000
1778766117.238045,sequential_ik_elbow_then_wrist,0,0,-0.068325,0.112930,-0.269404,-0.255257,0.091060,-0.503024,-0.024149,-0.091040,-0.284831,-0.201675,-0.120092,-0.524915,0.001050,0.015351,0.031412,0.123709,0.000050,0.033427,0.006581,0.182630,0.000000,0.000000,0.000000,0.897067,-1.133330,-3.139167,-0.100052,-0.185874,-1.167708,3.139167,0.224024,0.000000,0.000000,0.000000,0.000000,0.000000,0.000000
1778766117.279589,sequential_ik_elbow_then_wrist,0,0,-0.068861,0.113766,-0.268915,-0.254631,0.090095,-0.503285,-0.027008,-0.090724,-0.284675,-0.219004,-0.119772,-0.513353,0.000599,0.019275,0.023680,0.138707,0.000063,0.039861,0.007819,0.199576,0.000000,0.000000,0.000000,0.855240,-1.130865,-3.139367,-0.076468,-0.190880,-1.187365,3.139367,0.184450,0.000000,0.000000,0.000000,0.000000,0.000000,0.000000
1778766117.314179,sequential_ik_elbow_then_wrist,0,0,-0.072436,0.111893,-0.268762,-0.260582,0.087767,-0.501181,-0.030347,-0.088898,-0.284914,-0.229264,-0.119224,-0.507428,0.000230,0.023688,0.014650,0.153870,0.000100,0.043195,0.009851,0.207795,0.000000,0.000000,0.000000,0.814247,-1.127203,-3.139519,-0.050347,-0.198818,-1.203144,3.139519,0.144524,0.000000,0.000000,0.000000,0.000000,0.000000,0.000000
1778766117.358474,sequential_ik_elbow_then_wrist,0,0,-0.080738,0.114577,-0.265242,-0.267123,0.093136,-0.499338,-0.040622,-0.089205,-0.283535,-0.243811,-0.118946,-0.502235,0.000065,0.025511,0.007442,0.159692,0.000296,0.047085,0.016937,0.216968,0.000000,0.000000,0.000000,0.778368,-1.118818,-3.139634,-0.023221,-0.212049,-1.213294,3.139634,0.106696,0.000000,0.000000,0.000000,0.000000,0.000000,0.000000
1778766117.400945,sequential_ik_elbow_then_wrist,0,0,-0.080133,0.114482,-0.265467,-0.264494,0.095001,-0.501330,-0.045003,-0.082465,-0.284911,-0.249654,-0.115717,-0.501734,0.000032,0.025533,0.005429,0.159771,0.000402,0.047029,0.019728,0.216819,0.000000,0.000000,0.000000,0.747427,-1.111406,-3.139722,0.003139,-0.230338,-1.223638,3.139722,0.067645,0.000000,0.000000,0.000000,0.000000,0.000000,0.000000
1778766117.437216,sequential_ik_elbow_then_wrist,0,0,-0.081350,0.116071,-0.264404,-0.274404,0.103591,-0.493696,-0.051381,-0.083104,-0.283644,-0.267621,-0.116170,-0.488941,0.000017,0.027453,0.003893,0.165677,0.000500,0.052027,0.022025,0.228025,0.000000,0.000000,0.000000,0.721263,-1.104101,-3.139789,0.018369,-0.253464,-1.229934,3.139789,0.024497,0.000000,0.000000,0.000000,0.000000,0.000000,0.000000
1778766117.480349,sequential_ik_elbow_then_wrist,0,0,-0.086281,0.114643,-0.263463,-0.283931,0.101293,-0.488754,-0.053168,-0.084454,-0.282914,-0.268536,-0.115480,-0.489443,0.000001,0.030478,0.000915,0.174577,0.000406,0.048933,0.019824,0.221197,0.000000,0.000000,0.000000,0.701858,-1.096910,-3.139839,0.027168,-0.279575,-1.232653,3.139839,-0.013803,0.000000,0.000000,0.000000,0.000000,0.000000,0.000000
1778766117.521895,sequential_ik_elbow_then_wrist,0,0,-0.087880,0.112968,-0.263658,-0.286233,0.095257,-0.488029,-0.054355,-0.085363,-0.282416,-0.267584,-0.119403,-0.490682,0.000005,0.031976,0.002089,0.178817,0.000314,0.044514,0.017415,0.210973,0.000000,0.000000,0.000000,0.688582,-1.091331,-3.139878,0.034542,-0.307116,-1.233018,3.139878,-0.047793,0.000000,0.000000,0.000000,0.000000,0.000000,0.000000
1778766117.558092,sequential_ik_elbow_then_wrist,0,0,-0.085602,0.103713,-0.268172,-0.283365,0.079366,-0.492441,-0.053203,-0.082954,-0.283351,-0.264081,-0.116242,-0.494118,0.000031,0.033691,0.004791,0.183551,0.000222,0.041007,0.014640,0.202499,0.000000,0.000000,0.000000,0.681351,-1.093119,-3.139907,0.039861,-0.334504,-1.234366,3.139907,-0.076266,0.000000,0.000000,0.000000,0.000000,0.000000,0.000000
1778766117.603618,sequential_ik_elbow_then_wrist,0,0,-0.085784,0.094890,-0.271361,-0.286200,0.064845,-0.492564,-0.053881,-0.083669,-0.283013,-0.265140,-0.111587,-0.494176,0.000068,0.036414,0.007644,0.190812,0.000166,0.040170,0.012669,0.200423,0.000000,0.000000,0.000000,0.680481,-1.100454,-3.139930,0.038377,-0.360914,-1.234817,3.139930,-0.098204,0.000000,0.000000,0.000000,0.000000,0.000000,0.000000
1778766117.643486,sequential_ik_elbow_then_wrist,0,0,-0.084904,0.090704,-0.273064,-0.286777,0.058020,-0.492562,-0.055987,-0.085444,-0.282072,-0.269192,-0.115435,-0.490985,0.000058,0.036771,0.007209,0.191738,0.000140,0.038931,0.011621,0.197303,0.000000,0.000000,0.000000,0.684067,-1.109889,-3.139946,0.030608,-0.386218,-1.233206,3.139946,-0.118733,0.000000,0.000000,0.000000,0.000000,0.000000,0.000000
1778766117.683060,sequential_ik_elbow_then_wrist,0,0,-0.083642,0.088133,-0.274293,-0.285366,0.055745,-0.493971,-0.057271,-0.082505,-0.282689,-0.271015,-0.111968,-0.491124,0.000040,0.035563,0.006072,0.188567,0.000145,0.038106,0.011842,0.195204,0.000000,0.000000,0.000000,0.690270,-1.119757,-3.139959,0.018915,-0.410800,-1.232686,3.139959,-0.137694,0.000000,0.000000,0.000000,0.000000,0.000000,0.000000
1778766117.740574,sequential_ik_elbow_then_wrist,0,0,-0.086971,0.087239,-0.273542,-0.292662,0.054133,-0.489402,-0.067770,-0.075356,-0.282363,-0.297512,-0.099605,-0.473754,0.000052,0.036657,0.007028,0.191442,0.000442,0.047673,0.020667,0.218341,0.000000,0.000000,0.000000,0.699039,-1.126775,-3.139969,0.003540,-0.438737,-1.232794,3.139969,-0.152647,0.000000,0.000000,0.000000,0.000000,0.000000,0.000000
1778766117.778390,sequential_ik_elbow_then_wrist,0,0,-0.089714,0.086638,-0.272846,-0.296824,0.051764,-0.487064,-0.065592,-0.076795,-0.282489,-0.291736,-0.102667,-0.477910,0.000056,0.036842,0.007287,0.191936,0.000240,0.041618,0.015222,0.204006,0.000000,0.000000,0.000000,0.709949,-1.130967,-3.139976,-0.011641,-0.466796,-1.232581,3.139976,-0.164012,0.000000,0.000000,0.000000,0.000000,0.000000,0.000000
1778766117.816936,sequential_ik_elbow_then_wrist,0,0,-0.086354,0.089791,-0.272911,-0.299136,0.066189,-0.483071,-0.058099,-0.082695,-0.282464,-0.278779,-0.116082,-0.482929,0.000004,0.033218,0.002045,0.182211,0.000024,0.033364,0.004830,0.182659,0.000000,0.000000,0.000000,0.719441,-1.133855,-3.139982,-0.033048,-0.490304,-1.231622,3.139982,-0.172649,0.000000,0.000000,0.000000,0.000000,0.000000,0.000000
1778766117.864528,sequential_ik_elbow_then_wrist,0,0,-0.087786,0.088682,-0.272817,-0.300520,0.061732,-0.482622,-0.058656,-0.084074,-0.281941,-0.277420,-0.119545,-0.484139,0.000009,0.034069,0.002945,0.184576,0.000015,0.031430,0.003831,0.177284,0.000000,0.000000,0.000000,0.728389,-1.135854,-3.139986,-0.051391,-0.509920,-1.229732,3.139986,-0.179213,0.000000,0.000000,0.000000,0.000000,0.000000,0.000000
1778766117.905163,sequential_ik_elbow_then_wrist,0,0,-0.093674,0.084057,-0.272323,-0.311559,0.050944,-0.475866,-0.061144,-0.088340,-0.280103,-0.279297,-0.130090,-0.481761,0.000067,0.038340,0.007946,0.195797,0.000013,0.029358,0.003235,0.171343,0.000000,0.000000,0.000000,0.739893,-1.136746,-3.139990,-0.069443,-0.526238,-1.224768,3.139990,-0.184202,0.000000,0.000000,0.000000,0.000000,0.000000,0.000000
1778766117.946469,sequential_ik_elbow_then_wrist,0,0,-0.092454,0.081615,-0.273480,-0.309187,0.048392,-0.478232,-0.057444,-0.091013,-0.280030,-0.273046,-0.130249,-0.484912,0.000049,0.036598,0.006773,0.191303,0.000002,0.027529,0.001362,0.165919,0.000000,0.000000,0.000000,0.752594,-1.138954,-3.139992,-0.085649,-0.537998,-1.220042,3.139992,-0.187994,0.000000,0.000000,0.000000,0.000000,0.000000,0.000000
1778766117.991853,sequential_ik_elbow_then_wrist,0,0,-0.093537,0.079138,-0.273839,-0.310145,0.044216,-0.478440,-0.053053,-0.095229,-0.279494,-0.268770,-0.132600,-0.484603,0.000055,0.036237,0.007171,0.190358,0.000037,0.027021,0.005971,0.164380,0.000000,0.000000,0.000000,0.766394,-1.141540,-3.139994,-0.100592,-0.543989,-1.215418,3.139994,-0.190875,0.000000,0.000000,0.000000,0.000000,0.000000,0.000000
1778766118.029776,sequential_ik_elbow_then_wrist,0,0,-0.093258,0.069239,-0.276602,-0.309564,0.033000,-0.481294,-0.047744,-0.097916,-0.279523,-0.249565,-0.131084,-0.498995,0.000138,0.036550,0.011289,0.191170,0.000098,0.023247,0.009706,0.152458,0.000000,0.000000,0.000000,0.783070,-1.148217,-3.139995,-0.117072,-0.543723,-1.211897,3.139995,-0.188438,0.000000,0.000000,0.000000,0.000000,0.000000,0.000000
1778766118.797287,sequential_ik_elbow_then_wrist,0,0,-0.213692,0.117571,-0.174679,-0.442497,0.149963,0.016630,-0.203934,-0.148397,-0.162447,-0.424838,-0.219944,0.027507,0.004098,0.051296,0.047211,0.188365,0.006954,0.059306,0.065931,0.207608,0.000000,0.000000,0.000000,0.825397,-1.053868,-2.386397,0.172216,-0.595067,-1.098052,2.386397,0.118929,0.000000,0.000000,0.000000,0.000000,0.000000,0.000000
1778766118.831439,sequential_ik_elbow_then_wrist,1,0,-0.244709,0.135970,-0.107841,-0.379362,0.104803,0.158424,-0.197243,-0.199590,-0.106107,-0.298116,-0.307131,0.155159,0.001743,0.014638,0.028407,0.112214,0.001520,0.002513,0.026111,0.037130,0.000000,0.000000,0.000000,0.874896,-0.910808,-1.813661,0.500627,-0.637738,-0.942127,1.813661,0.433359,0.000000,0.000000,0.000000,0.000000,0.000000,0.000000
1778766118.879845,sequential_ik_elbow_then_wrist,1,0,-0.219850,0.203164,-0.019762,-0.300354,0.135386,0.261174,-0.117938,-0.275731,-0.007934,-0.220460,-0.332416,0.268247,0.002124,0.008089,0.031245,0.089449,0.003432,0.001865,0.040224,0.043030,0.000000,0.000000,0.000000,0.874888,-0.730012,-1.378383,0.772744,-0.603037,-0.746533,1.378383,0.663623,0.000000,0.000000,0.000000,0.000000,0.000000,0.000000
1778766118.922896,sequential_ik_elbow_then_wrist,1,0,-0.193965,0.226969,0.029372,-0.260095,0.167729,0.315933,-0.093196,-0.282613,0.038006,-0.165524,-0.282873,0.329156,0.000999,0.006087,0.021121,0.077606,0.001017,0.003188,0.021304,0.056406,0.000000,0.000000,0.000000,0.843943,-0.545393,-1.047571,0.960332,-0.544491,-0.550907,1.047571,0.844800,0.000000,0.000000,0.000000,0.000000,0.000000,0.000000
1778766118.964498,sequential_ik_elbow_then_wrist,1,0,-0.168001,0.239381,0.066875,-0.210643,0.151726,0.350597,-0.090758,-0.274184,0.081155,-0.152731,-0.250844,0.373755,0.000560,0.005980,0.015845,0.077327,0.000467,0.004092,0.014405,0.063816,0.000000,0.000000,0.000000,0.795986,-0.370720,-0.796154,1.101425,-0.492857,-0.364249,0.796154,0.971899,0.000000,0.000000,0.000000,0.000000,0.000000,0.000000
1778766119.011378,sequential_ik_elbow_then_wrist,1,0,-0.151665,0.234739,0.109067,-0.210906,0.106996,0.373967,-0.059814,-0.262295,0.132754,-0.131746,-0.214541,0.420061,0.000438,0.013446,0.014036,0.115928,0.000694,0.005521,0.017828,0.073944,0.000000,0.000000,0.000000,0.747093,-0.202862,-0.605077,1.202493,-0.435556,-0.179502,0.605077,1.050917,0.000000,0.000000,0.000000,0.000000,0.000000,0.000000
1778766119.044314,sequential_ik_elbow_then_wrist,1,0,-0.154468,0.226769,0.121306,-0.206656,0.060070,0.365208,-0.062545,-0.249834,0.153855,-0.131238,-0.153986,0.429707,0.000082,0.019619,0.006031,0.139968,0.000189,0.008034,0.009165,0.089585,0.000000,0.000000,0.000000,0.710921,-0.059081,-0.459858,1.291966,-0.390567,-0.014491,0.459858,1.118072,0.000000,0.000000,0.000000,0.000000,0.000000,0.000000
1778766119.085756,sequential_ik_elbow_then_wrist,1,0,-0.119596,0.198528,0.190482,-0.090048,0.014444,0.425513,-0.080419,-0.222735,0.184179,-0.165749,-0.071564,0.428855,0.000943,0.004814,0.020643,0.069378,0.000363,0.018882,0.013563,0.137308,0.000000,0.000000,0.000000,0.675225,0.104128,-0.349492,1.361211,-0.371238,0.139340,0.349492,1.181879,0.000000,0.000000,0.000000,0.000000,0.000000,0.000000
1778766119.123700,sequential_ik_elbow_then_wrist,1,0,-0.103900,0.178224,0.217810,-0.060478,-0.001958,0.453710,-0.119262,-0.204709,0.184040,-0.192155,-0.020841,0.409603,0.000406,0.003020,0.013563,0.054019,0.000586,0.028406,0.019988,0.168454,0.000000,0.000000,0.000000,0.643596,0.263620,-0.265614,1.389547,-0.388587,0.263212,0.265614,1.243344,0.000000,0.000000,0.000000,0.000000,0.000000,0.000000
1778766119.167304,sequential_ik_elbow_then_wrist,1,0,-0.076905,0.159759,0.241997,-0.016679,0.003497,0.490904,-0.105995,-0.195988,0.200883,-0.128296,0.001356,0.425734,0.000413,0.000723,0.014893,0.021361,0.000098,0.013446,0.007254,0.115887,0.000000,0.000000,0.000000,0.609372,0.416420,-0.201867,1.371878,-0.409038,0.371871,0.201867,1.299716,0.000000,0.000000,0.000000,0.000000,0.000000,0.000000
1778766119.215998,sequential_ik_elbow_then_wrist,1,0,-0.023353,0.149878,0.258827,0.069110,0.014979,0.510328,-0.011799,-0.193528,0.228927,0.092852,0.001126,0.431802,0.001538,0.005232,0.035349,0.070960,0.002322,0.008035,0.041726,0.089462,0.000000,0.000000,0.000000,0.554424,0.561221,-0.153419,1.324780,-0.375962,0.485769,0.153419,1.356125,0.000000,0.000000,0.000000,0.000000,0.000000,0.000000
1778766119.253172,sequential_ik_elbow_then_wrist,1,0,-0.029348,0.146565,0.260110,0.052455,0.016023,0.517534,-0.013816,-0.184102,0.236465,0.088068,0.006849,0.444208,0.000387,0.003156,0.018583,0.055419,0.000516,0.007356,0.020301,0.085571,0.000000,0.000000,0.000000,0.498519,0.677533,-0.116598,1.266858,-0.329604,0.584512,0.116598,1.385019,0.000000,0.000000,0.000000,0.000000,0.000000,0.000000
1778766119.293381,sequential_ik_elbow_then_wrist,1,0,-0.030965,0.149960,0.257979,0.051450,0.029023,0.519860,-0.015528,-0.182308,0.237745,0.083024,0.004186,0.451070,0.000163,0.003368,0.012150,0.057825,0.000123,0.006768,0.010126,0.082104,0.000000,0.000000,0.000000,0.446769,0.764290,-0.088615,1.211002,-0.284089,0.663036,0.088615,1.394632,0.000000,0.000000,0.000000,0.000000,0.000000,0.000000
1778766119.338061,sequential_ik_elbow_then_wrist,1,0,-0.026699,0.149797,0.258550,0.048517,0.029567,0.522912,-0.018118,-0.180181,0.239179,0.075069,0.011126,0.450645,0.000131,0.002968,0.010906,0.054431,0.000021,0.005405,0.004166,0.073511,0.000000,0.000000,0.000000,0.399089,0.830477,-0.067347,1.162864,-0.245391,0.724795,0.067347,1.399467,0.000000,0.000000,0.000000,0.000000,0.000000,0.000000
1778766119.377827,sequential_ik_elbow_then_wrist,1,0,-0.027014,0.149762,0.258537,0.055093,0.032085,0.521996,-0.015096,-0.175266,0.243010,0.079770,0.013280,0.456202,0.000056,0.003731,0.007132,0.061077,0.000023,0.006138,0.004134,0.078299,0.000000,0.000000,0.000000,0.357388,0.880662,-0.051184,1.124152,-0.212300,0.776176,0.051184,1.396847,0.000000,0.000000,0.000000,0.000000,0.000000,0.000000
1778766119.420673,sequential_ik_elbow_then_wrist,1,0,-0.037556,0.142432,0.261348,0.025574,0.028385,0.531548,-0.022614,-0.166488,0.248537,0.063245,0.020006,0.467279,0.000015,0.001016,0.003503,0.031666,0.000024,0.003703,0.003811,0.060707,0.000000,0.000000,0.000000,0.328147,0.922156,-0.038900,1.086054,-0.189729,0.822176,0.038900,1.384753,0.000000,0.000000,0.000000,0.000000,0.000000,0.000000
1778766119.458713,sequential_ik_elbow_then_wrist,1,0,-0.037344,0.140829,0.262246,0.025624,0.028704,0.533286,-0.021907,-0.166337,0.248701,0.067398,0.016499,0.469144,0.000007,0.001018,0.002487,0.031852,0.000003,0.004264,0.001465,0.065251,0.000000,0.000000,0.000000,0.307669,0.955581,-0.029564,1.052334,-0.173745,0.858894,0.029564,1.369541,0.000000,0.000000,0.000000,0.000000,0.000000,0.000000
1778766119.498358,sequential_ik_elbow_then_wrist,1,0,-0.036005,0.138638,0.263597,0.026815,0.033611,0.537500,-0.024364,-0.164296,0.249826,0.065445,0.016165,0.472015,0.000003,0.001188,0.001384,0.034331,0.000008,0.003986,0.002562,0.063108,0.000000,0.000000,0.000000,0.292915,0.983136,-0.022468,1.019407,-0.163782,0.888460,0.022468,1.353788,0.000000,0.000000,0.000000,0.000000,0.000000,0.000000
1778766119.536551,sequential_ik_elbow_then_wrist,1,0,-0.047198,0.134835,0.263803,0.001212,0.022295,0.537648,-0.036263,-0.163850,0.248672,0.061649,0.019078,0.465352,0.000090,0.000052,0.009106,0.007184,0.000090,0.003396,0.008900,0.058242,0.000000,0.000000,0.000000,0.288125,1.005038,-0.017076,0.994300,-0.164025,0.910190,0.017076,1.346359,0.000000,0.000000,0.000000,0.000000,0.000000,0.000000
1778766119.570302,sequential_ik_elbow_then_wrist,1,0,-0.046927,0.131653,0.265453,-0.002990,0.012634,0.537306,-0.036672,-0.161162,0.250364,0.046204,0.024382,0.471056,0.000053,0.000002,0.006965,0.001140,0.000043,0.001681,0.006115,0.040995,0.000000,0.000000,0.000000,0.289270,1.023980,-0.012978,0.977048,-0.169512,0.928324,0.012978,1.339494,0.000000,0.000000,0.000000,0.000000,0.000000,0.000000
1778766119.621768,sequential_ik_elbow_then_wrist,1,0,-0.060784,0.134711,0.261071,-0.018705,0.014971,0.532902,-0.033363,-0.161827,0.250398,0.049524,0.022904,0.471767,0.000204,0.000170,0.013582,0.012966,0.000003,0.001967,0.001705,0.044344,0.000000,0.000000,0.000000,0.299721,1.033577,-0.009863,0.967324,-0.175154,0.942439,0.009863,1.333117,0.000000,0.000000,0.000000,0.000000,0.000000,0.000000
1778766119.660829,sequential_ik_elbow_then_wrist,1,0,-0.069837,0.130626,0.260882,-0.032092,0.011269,0.533516,-0.028928,-0.161956,0.250865,0.058416,0.020137,0.472705,0.000285,0.000656,0.016160,0.025602,0.000003,0.002899,0.001697,0.053833,0.000000,0.000000,0.000000,0.319416,1.039726,-0.007496,0.960732,-0.177992,0.953767,0.007496,1.326408,0.000000,0.000000,0.000000,0.000000,0.000000,0.000000
1778766119.690576,sequential_ik_elbow_then_wrist,1,0,-0.084104,0.126796,0.258552,-0.052897,0.009236,0.532789,-0.029446,-0.162893,0.250198,0.056867,0.017417,0.473890,0.000489,0.001917,0.021088,0.043778,0.000001,0.002803,0.000875,0.052938,0.000000,0.000000,0.000000,0.350044,1.041682,-0.005697,0.954449,-0.179420,0.961761,0.005697,1.319527,0.000000,0.000000,0.000000,0.000000,0.000000,0.000000
1778766119.727247,sequential_ik_elbow_then_wrist,1,0,-0.084780,0.127786,0.257843,-0.054927,0.011835,0.532914,-0.031142,-0.162470,0.250267,0.055915,0.014958,0.475967,0.000227,0.001838,0.014329,0.042870,0.000000,0.002747,0.000564,0.052403,0.000000,0.000000,0.000000,0.384218,1.041123,-0.004330,0.948906,-0.180993,0.967772,0.004330,1.311922,0.000000,0.000000,0.000000,0.000000,0.000000,0.000000
1778766119.773412,sequential_ik_elbow_then_wrist,1,0,-0.094022,0.127669,0.254677,-0.079105,0.010466,0.530433,-0.052784,-0.162290,0.246730,0.003164,0.017740,0.480095,0.000250,0.003926,0.014924,0.062649,0.000210,0.000006,0.013528,0.002210,0.000000,0.000000,0.000000,0.421897,1.036498,-0.003291,0.942599,-0.194102,0.968822,0.003291,1.304058,0.000000,0.000000,0.000000,0.000000,0.000000,0.000000
1778766119.811320,sequential_ik_elbow_then_wrist,1,0,-0.092509,0.126400,0.255862,-0.075267,0.008559,0.531210,-0.076251,-0.160738,0.241555,-0.048749,0.022204,0.477724,0.000097,0.003456,0.009327,0.058792,0.000561,0.002856,0.022000,0.053442,0.000000,0.000000,0.000000,0.457976,1.033111,-0.002501,0.938020,-0.224308,0.963938,0.002501,1.298193,0.000000,0.000000,0.000000,0.000000,0.000000,0.000000
1778766119.852674,sequential_ik_elbow_then_wrist,1,0,-0.093047,0.125457,0.256130,-0.079113,0.007350,0.531551,-0.084746,-0.160825,0.238649,-0.066064,0.021583,0.476091,0.000051,0.003798,0.006780,0.061620,0.000356,0.004849,0.017411,0.069632,0.000000,0.000000,0.000000,0.490796,1.030789,-0.001901,0.932761,-0.264021,0.955548,0.001901,1.293586,0.000000,0.000000,0.000000,0.000000,0.000000,0.000000
1778766119.890570,sequential_ik_elbow_then_wrist,1,0,-0.091528,0.125071,0.256866,-0.076328,0.007584,0.532485,-0.080229,-0.161896,0.239485,-0.043342,0.019204,0.475795,0.000016,0.003429,0.003810,0.058551,0.000062,0.002260,0.007301,0.047519,0.000000,0.000000,0.000000,0.518745,1.029885,-0.001444,0.927440,-0.301387,0.948442,0.001444,1.293405,0.000000,0.000000,0.000000,0.000000,0.000000,0.000000
1778766119.927500,sequential_ik_elbow_then_wrist,1,0,-0.089533,0.125364,0.257425,-0.073412,0.008261,0.533154,-0.078182,-0.162792,0.239554,-0.031998,0.017198,0.475077,0.000002,0.003087,0.001360,0.055560,0.000010,0.001320,0.002903,0.036320,0.000000,0.000000,0.000000,0.541026,1.030035,-0.001098,0.922402,-0.332653,0.942853,0.001098,1.295649,0.000000,0.000000,0.000000,0.000000,0.000000,0.000000
1778766119.960998,sequential_ik_elbow_then_wrist,1,0,-0.086593,0.126018,0.258111,-0.068318,0.009566,0.533982,-0.071036,-0.164461,0.240638,-0.019891,0.014509,0.475912,0.000001,0.002577,0.001045,0.050763,0.000007,0.000581,0.002505,0.024100,0.000000,0.000000,0.000000,0.557201,1.031167,-0.000834,0.918061,-0.353986,0.939671,0.000834,1.297937,0.000000,0.000000,0.000000,0.000000,0.000000,0.000000
1778766120.007465,sequential_ik_elbow_then_wrist,1,0,-0.083108,0.126624,0.258958,-0.066569,0.012121,0.535754,-0.074362,-0.163882,0.240027,-0.022141,0.013391,0.476348,0.000009,0.002334,0.002855,0.048301,0.000000,0.000661,0.000482,0.025717,0.000000,0.000000,0.000000,0.567332,1.033306,-0.000634,0.912248,-0.370651,0.936856,0.000634,1.299054,0.000000,0.000000,0.000000,0.000000,0.000000,0.000000
1778766120.045043,sequential_ik_elbow_then_wrist,1,0,-0.083825,0.126100,0.258983,-0.069447,0.011668,0.535928,-0.075947,-0.163634,0.239699,-0.023882,0.012367,0.477003,0.000002,0.002618,0.001306,0.051161,0.000002,0.000723,0.001163,0.026892,0.000000,0.000000,0.000000,0.574037,1.035241,-0.000482,0.906221,-0.384451,0.934291,0.000482,1.299057,0.000000,0.000000,0.000000,0.000000,0.000000,0.000000
1778766120.075219,sequential_ik_elbow_then_wrist,1,0,-0.083588,0.125496,0.259352,-0.067975,0.011035,0.536219,-0.075493,-0.164113,0.239516,-0.026455,0.011949,0.477418,0.000001,0.002539,0.000808,0.050390,0.000000,0.000845,0.000328,0.029067,0.000000,0.000000,0.000000,0.578536,1.037231,-0.000366,0.901413,-0.395246,0.932053,0.000366,1.298261,0.000000,0.000000,0.000000,0.000000,0.000000,0.000000
1778766120.120207,sequential_ik_elbow_then_wrist,1,0,-0.083363,0.125155,0.259590,-0.067546,0.010637,0.536421,-0.075122,-0.164658,0.239258,-0.028768,0.011243,0.477817,0.015528,0.020402,0.091261,0.112071,0.011293,0.024533,0.075842,0.111962,0.000000,0.000000,0.000000,0.065979,0.192656,0.000000,0.412526,-0.056405,0.169505,0.000000,0.462884,0.000000,0.000000,0.000000,0.000000,0.000000,0.000000
1778766120.159624,sequential_ik_elbow_then_wrist,1,0,-0.085292,0.125581,0.258756,-0.072524,0.011216,0.535808,-0.076980,-0.164839,0.238542,-0.039829,0.011809,0.478157,0.001716,0.004134,0.034736,0.063869,0.000960,0.001930,0.024302,0.043690,0.000000,0.000000,0.000000,0.144590,0.385140,0.000000,0.556250,-0.121992,0.338469,0.000000,0.673590,0.000000,0.000000,0.000000,0.000000,0.000000,0.000000
1778766120.193822,sequential_ik_elbow_then_wrist,1,0,-0.085752,0.126226,0.258290,-0.073490,0.011823,0.535348,-0.076313,-0.165383,0.238379,-0.039801,0.011282,0.478079,0.000491,0.003756,0.020755,0.060858,0.000152,0.001711,0.010888,0.041266,0.000000,0.000000,0.000000,0.220698,0.540279,0.000000,0.648182,-0.182686,0.475403,0.000000,0.826710,0.000000,0.000000,0.000000,0.000000,0.000000,0.000000
1778766120.238680,sequential_ik_elbow_then_wrist,1,0,-0.086124,0.126214,0.258172,-0.074327,0.011441,0.535098,-0.076166,-0.166394,0.237722,-0.041687,0.010365,0.477655,0.000218,0.003559,0.014033,0.059583,0.000037,0.001809,0.005626,0.042508,0.000000,0.000000,0.000000,0.289380,0.659541,0.000000,0.710932,-0.234506,0.580596,0.000000,0.939305,0.000000,0.000000,0.000000,0.000000,0.000000,0.000000
1778766120.283143,sequential_ik_elbow_then_wrist,1,0,-0.087346,0.125904,0.257912,-0.076629,0.010974,0.534817,-0.077433,-0.167045,0.236854,-0.048610,0.010279,0.477115,0.000115,0.003634,0.010227,0.060267,0.000016,0.002380,0.003677,0.048778,0.000000,0.000000,0.000000,0.349470,0.749961,0.000000,0.755758,-0.277617,0.659888,0.000000,1.023098,0.000000,0.000000,0.000000,0.000000,0.000000,0.000000
1778766120.323465,sequential_ik_elbow_then_wrist,1,0,-0.090358,0.124936,0.257345,-0.078937,0.009670,0.534082,-0.076501,-0.167769,0.236645,-0.047304,0.008721,0.477475,0.000087,0.003785,0.008892,0.061518,0.000002,0.002198,0.001422,0.046886,0.000000,0.000000,0.000000,0.402038,0.817885,0.000000,0.789248,-0.311825,0.719766,0.000000,1.086024,0.000000,0.000000,0.000000,0.000000,0.000000,0.000000
1778766120.367240,sequential_ik_elbow_then_wrist,1,0,-0.091022,0.123933,0.257596,-0.079612,0.009127,0.534524,-0.078638,-0.168123,0.235692,-0.054890,0.006943,0.478154,0.000049,0.003755,0.006665,0.061278,0.000004,0.002814,0.001836,0.053041,0.000000,0.000000,0.000000,0.447177,0.869547,0.000000,0.813695,-0.339668,0.764234,0.000000,1.131849,0.000000,0.000000,0.000000,0.000000,0.000000,0.000000
1778766120.411175,sequential_ik_elbow_then_wrist,1,0,-0.092654,0.122918,0.257500,-0.084538,0.007941,0.534474,-0.084406,-0.168745,0.233239,-0.077323,0.005634,0.477251,0.000036,0.004238,0.005728,0.065092,0.000019,0.005302,0.003852,0.072800,0.000000,0.000000,0.000000,0.485945,0.908678,0.000000,0.830471,-0.364728,0.795388,0.000000,1.163117,0.000000,0.000000,0.000000,0.000000,0.000000,0.000000
1778766120.450266,sequential_ik_elbow_then_wrist,1,0,-0.092704,0.122519,0.257672,-0.083663,0.007539,0.534616,-0.086451,-0.169726,0.231775,-0.082808,0.004857,0.475716,0.000018,0.004083,0.004003,0.063899,0.000011,0.005946,0.002890,0.077112,0.000000,0.000000,0.000000,0.518524,0.938555,0.000000,0.842601,-0.386748,0.817018,0.000000,1.186522,0.000000,0.000000,0.000000,0.000000,0.000000,0.000000
1778766120.488962,sequential_ik_elbow_then_wrist,1,0,-0.094695,0.122202,0.257098,-0.085328,0.006979,0.533930,-0.085608,-0.171331,0.230904,-0.077580,0.001929,0.475683,0.000017,0.004214,0.003870,0.064915,0.000001,0.005029,0.000864,0.070916,0.000000,0.000000,0.000000,0.546304,0.960601,0.000000,0.851871,-0.404250,0.832130,0.000000,1.205280,0.000000,0.000000,0.000000,0.000000,0.000000,0.000000
1778766120.535485,sequential_ik_elbow_then_wrist,1,0,-0.097543,0.121228,0.256494,-0.093148,0.005583,0.533274,-0.087978,-0.171545,0.229852,-0.090750,-0.000001,0.475952,0.000022,0.005079,0.004469,0.071263,0.000003,0.006699,0.001539,0.081840,0.000000,0.000000,0.000000,0.570929,0.976495,0.000000,0.857452,-0.419145,0.842302,0.000000,1.216659,0.000000,0.000000,0.000000,0.000000,0.000000,0.000000
1778766120.565534,sequential_ik_elbow_then_wrist,1,0,-0.101108,0.119046,0.256135,-0.099335,0.002375,0.532513,-0.087282,-0.172006,0.229773,-0.091556,-0.002088,0.476977,0.000036,0.005933,0.005690,0.077028,0.000000,0.006650,0.000363,0.081541,0.000000,0.000000,0.000000,0.594154,0.987979,0.000000,0.860695,-0.430833,0.849653,0.000000,1.223404,0.000000,0.000000,0.000000,0.000000,0.000000,0.000000
1778766120.611843,sequential_ik_elbow_then_wrist,1,0,-0.102679,0.118437,0.255792,-0.101863,0.001911,0.532236,-0.088405,-0.172109,0.229266,-0.096914,-0.003589,0.477316,0.000026,0.006132,0.004803,0.078309,0.000001,0.007331,0.000716,0.085614,0.000000,0.000000,0.000000,0.615632,0.996144,0.000000,0.862231,-0.440469,0.854667,0.000000,1.226363,0.000000,0.000000,0.000000,0.000000,0.000000,0.000000
1778766120.646943,sequential_ik_elbow_then_wrist,1,0,-0.104713,0.117571,0.255367,-0.108398,0.000576,0.531589,-0.095522,-0.172673,0.225964,-0.126066,-0.008568,0.475236,0.000023,0.006939,0.004542,0.083295,0.000018,0.011933,0.003719,0.109197,0.000000,0.000000,0.000000,0.635594,1.001714,0.000000,0.861499,-0.451751,0.855243,0.000000,1.221249,0.000000,0.000000,0.000000,0.000000,0.000000,0.000000
1778766120.682976,sequential_ik_elbow_then_wrist,1,0,-0.106062,0.118295,0.254474,-0.108875,0.000505,0.530368,-0.099052,-0.173368,0.223902,-0.129390,-0.009066,0.473070,0.000013,0.006882,0.003352,0.082959,0.000015,0.012289,0.003374,0.110855,0.000000,0.000000,0.000000,0.653458,1.004735,0.000000,0.861569,-0.464037,0.853013,0.000000,1.216882,0.000000,0.000000,0.000000,0.000000,0.000000,0.000000
1778766120.723531,sequential_ik_elbow_then_wrist,1,0,-0.107513,0.118573,0.253735,-0.111069,0.001821,0.530062,-0.104765,-0.173452,0.221221,-0.145283,-0.010716,0.469968,0.000009,0.006904,0.002775,0.083090,0.000024,0.015128,0.004264,0.122989,0.000000,0.000000,0.000000,0.669283,1.005887,0.000000,0.861352,-0.478214,0.848254,0.000000,1.210860,0.000000,0.000000,0.000000,0.000000,0.000000,0.000000
1778766120.767613,sequential_ik_elbow_then_wrist,1,0,-0.111025,0.119808,0.251634,-0.116066,0.004914,0.528715,-0.108728,-0.174337,0.218597,-0.148104,-0.013910,0.469023,0.000012,0.007068,0.003076,0.084070,0.000018,0.014960,0.003676,0.122311,0.000000,0.000000,0.000000,0.683748,1.004099,0.000000,0.860853,-0.493203,0.841547,0.000000,1.205416,0.000000,0.000000,0.000000,0.000000,0.000000,0.000000
1778766120.823025,sequential_ik_elbow_then_wrist,1,0,-0.115703,0.121959,0.248473,-0.120959,0.010130,0.526801,-0.111851,-0.177339,0.214569,-0.152377,-0.019849,0.466670,0.000016,0.006936,0.003451,0.083280,0.000012,0.014878,0.002733,0.121974,0.000000,0.000000,0.000000,0.697421,0.998601,0.000000,0.861099,-0.507351,0.832137,0.000000,1.201094,0.000000,0.000000,0.000000,0.000000,0.000000,0.000000
1778766120.868433,sequential_ik_elbow_then_wrist,1,0,-0.116258,0.126158,0.246106,-0.126083,0.017457,0.525548,-0.114588,-0.182108,0.209060,-0.164700,-0.032137,0.464006,0.000004,0.006726,0.001376,0.082010,0.000012,0.015856,0.002348,0.125912,0.000000,0.000000,0.000000,0.708175,0.990877,0.000000,0.860667,-0.519328,0.819190,0.000000,1.193979,0.000000,0.000000,0.000000,0.000000,0.000000,0.000000
1778766120.909198,sequential_ik_elbow_then_wrist,1,0,-0.118868,0.133752,0.240792,-0.136924,0.030340,0.521825,-0.093368,-0.183897,0.217863,-0.094904,-0.034042,0.477750,0.000016,0.006766,0.002897,0.082254,0.000109,0.004458,0.008967,0.066604,0.000000,0.000000,0.000000,0.714792,0.978588,0.000000,0.858908,-0.517521,0.815897,0.000000,1.199726,0.000000,0.000000,0.000000,0.000000,0.000000,0.000000
1778766120.944857,sequential_ik_elbow_then_wrist,1,0,-0.125874,0.143501,0.231437,-0.166948,0.044183,0.511525,-0.092623,-0.186430,0.216020,-0.105108,-0.043965,0.479739,0.000040,0.009418,0.004344,0.097031,0.000033,0.005362,0.005065,0.073202,0.000000,0.000000,0.000000,0.718124,0.958419,0.000000,0.853733,-0.509819,0.813153,0.000000,1.199684,0.000000,0.000000,0.000000,0.000000,0.000000,0.000000
1778766120.988229,sequential_ik_elbow_then_wrist,1,0,-0.132909,0.150088,0.223179,-0.192498,0.057757,0.502327,-0.098438,-0.192511,0.207965,-0.137783,-0.051762,0.469960,0.000033,0.011620,0.003840,0.107785,0.000018,0.010082,0.002934,0.100396,0.000000,0.000000,0.000000,0.720202,0.932797,0.000000,0.845735,-0.502312,0.803941,0.000000,1.196047,0.000000,0.000000,0.000000,0.000000,0.000000,0.000000
1778766121.029468,sequential_ik_elbow_then_wrist,1,0,-0.136222,0.160289,0.213895,-0.207676,0.073930,0.492169,-0.107172,-0.204890,0.191140,-0.183902,-0.061410,0.443183,0.000042,0.012309,0.004582,0.110948,0.000075,0.019528,0.005778,0.139735,0.000000,0.000000,0.000000,0.719003,0.902615,0.000000,0.839570,-0.497080,0.781395,0.000000,1.196433,0.000000,0.000000,0.000000,0.000000,0.000000,0.000000
1778766121.070648,sequential_ik_elbow_then_wrist,0,0,-0.128426,0.168909,0.212076,-0.185614,0.082165,0.493510,-0.136336,-0.203558,0.173138,-0.235350,-0.052851,0.412896,0.000059,0.008939,0.006677,0.094406,0.000246,0.032999,0.012111,0.181637,0.000000,0.000000,0.000000,0.709811,0.875702,0.000000,0.847274,-0.509474,0.746898,0.000000,1.203259,0.000000,0.000000,0.000000,0.000000,0.000000,0.000000
1778766121.110159,sequential_ik_elbow_then_wrist,0,0,-0.109903,0.182367,0.211337,-0.134756,0.093439,0.496774,-0.142108,-0.206890,0.164321,-0.252674,-0.054298,0.397754,0.000244,0.003528,0.013752,0.058717,0.000070,0.036517,0.006200,0.191086,0.000000,0.000000,0.000000,0.685109,0.853971,0.000000,0.874618,-0.527121,0.709983,0.000000,1.212739,0.000000,0.000000,0.000000,0.000000,0.000000,0.000000
1778766121.147589,sequential_ik_elbow_then_wrist,0,0,-0.088108,0.188618,0.216009,-0.091392,0.104278,0.503891,-0.170741,-0.210836,0.128046,-0.314567,-0.041420,0.329570,0.000368,0.000809,0.016920,0.028122,0.000360,0.061432,0.013323,0.247812,0.000000,0.000000,0.000000,0.645042,0.841455,0.000000,0.905604,-0.556763,0.653891,0.000000,1.231008,0.000000,0.000000,0.000000,0.000000,0.000000,0.000000
1778766121.184359,sequential_ik_elbow_then_wrist,0,0,-0.103882,0.192550,0.205263,-0.101081,0.090704,0.487433,-0.187222,-0.200418,-0.121574,-0.441714,-0.216139,-0.279647,0.000032,0.002151,0.004050,0.045635,0.008882,0.039099,0.065081,0.193493,0.000000,0.000000,0.000000,0.611517,0.823014,0.000000,0.949052,-0.597084,0.448631,0.753600,1.147128,0.000000,0.000000,0.000000,0.000000,0.000000,0.000000
1778766121.226779,sequential_ik_elbow_then_wrist,1,0,-0.111699,0.191644,0.201980,-0.164965,0.079925,0.475259,-0.100232,-0.176252,-0.221108,-0.308554,-0.246146,-0.425355,0.000014,0.011141,0.002819,0.105549,0.004719,0.016841,0.047428,0.123250,0.000000,0.000000,0.000000,0.589046,0.804195,0.000000,0.980215,-0.598533,0.176986,1.326336,0.985887,0.000000,0.000000,0.000000,0.000000,0.000000,0.000000
1778766121.271084,sequential_ik_elbow_then_wrist,1,0,-0.131040,0.184134,0.197290,-0.204259,0.074290,0.466684,-0.100832,-0.161701,-0.231702,-0.317197,-0.252694,-0.418534,0.000135,0.017905,0.009891,0.133770,0.000448,0.019719,0.014384,0.135581,0.000000,0.000000,0.000000,0.585811,0.785079,0.000000,0.996025,-0.594203,-0.066360,1.761615,0.775595,0.000000,0.000000,0.000000,0.000000,0.000000,0.000000
1778766121.304476,sequential_ik_elbow_then_wrist,1,0,-0.125391,0.189751,0.195631,-0.199246,0.082329,0.465827,-0.057655,-0.177931,-0.234556,-0.237694,-0.270467,-0.455967,0.000003,0.015441,0.001261,0.124258,0.000925,0.009438,0.027360,0.097083,0.000000,0.000000,0.000000,0.584519,0.767926,0.000000,1.006225,-0.561644,-0.264014,2.092428,0.607231,0.000000,0.000000,0.000000,0.000000,0.000000,0.000000
1778766121.346685,sequential_ik_elbow_then_wrist,1,0,-0.125640,0.193897,0.191359,-0.203925,0.088346,0.461045,-0.047494,-0.179319,-0.235773,-0.205112,-0.284075,-0.468545,0.000005,0.015821,0.001590,0.125783,0.000504,0.008282,0.020572,0.091002,0.000000,0.000000,0.000000,0.582761,0.750839,0.000000,1.014112,-0.515624,-0.417733,2.343845,0.480960,0.000000,0.000000,0.000000,0.000000,0.000000,0.000000
1778766121.393248,sequential_ik_elbow_then_wrist,1,0,-0.122693,0.193344,0.193816,-0.193647,0.090645,0.466613,-0.046182,-0.179683,-0.235757,-0.204810,-0.288812,-0.465818,0.000002,0.013524,0.001173,0.116291,0.000177,0.011462,0.012225,0.107063,0.000000,0.000000,0.000000,0.579769,0.738905,0.000000,1.021182,-0.468075,-0.534786,2.534922,0.384471,0.000000,0.000000,0.000000,0.000000,0.000000,0.000000
1778766121.428204,sequential_ik_elbow_then_wrist,1,0,-0.121577,0.190143,0.197648,-0.196377,0.091633,0.470962,-0.036110,-0.187625,-0.231286,-0.193430,-0.303583,-0.458891,0.000004,0.013959,0.001253,0.118128,0.000215,0.012603,0.013333,0.112260,0.000000,0.000000,0.000000,0.577299,0.733194,0.000000,1.021008,-0.417971,-0.619450,2.680141,0.312642,0.000000,0.000000,0.000000,0.000000,0.000000,0.000000
1778766121.460964,sequential_ik_elbow_then_wrist,1,0,-0.121218,0.191384,0.196668,-0.193302,0.093885,0.471073,-0.034685,-0.184706,-0.233839,-0.183367,-0.306656,-0.464103,0.000000,0.013191,0.000465,0.114852,0.000069,0.012673,0.007584,0.112571,0.000000,0.000000,0.000000,0.574743,0.728820,0.000000,1.019575,-0.371881,-0.685069,2.790507,0.260021,0.000000,0.000000,0.000000,0.000000,0.000000,0.000000
1778766121.502182,sequential_ik_elbow_then_wrist,1,0,-0.119681,0.192030,0.196980,-0.189763,0.091946,0.470972,-0.043099,-0.182309,-0.234321,-0.189866,-0.306887,-0.464407,0.000001,0.012959,0.000892,0.113834,0.000001,0.013813,0.000683,0.117525,0.000000,0.000000,0.000000,0.571507,0.725743,0.000000,1.020532,-0.337524,-0.735590,2.874385,0.218531,0.000000,0.000000,0.000000,0.000000,0.000000,0.000000
1778766121.541749,sequential_ik_elbow_then_wrist,1,0,-0.114901,0.192099,0.199739,-0.185757,0.090848,0.473102,-0.048300,-0.179564,-0.235422,-0.192777,-0.304165,-0.466942,0.000008,0.012812,0.002290,0.113189,0.000015,0.013337,0.003532,0.115483,0.000000,0.000000,0.000000,0.565992,0.725738,0.000000,1.021640,-0.315061,-0.775253,2.938133,0.185683,0.000000,0.000000,0.000000,0.000000,0.000000,0.000000
1778766121.577183,sequential_ik_elbow_then_wrist,1,0,-0.114817,0.191932,0.199948,-0.184520,0.091572,0.473936,-0.050377,-0.174240,-0.238961,-0.195437,-0.303214,-0.467705,0.000001,0.012694,0.000940,0.112667,0.000022,0.012687,0.004106,0.112600,0.000000,0.000000,0.000000,0.560510,0.726434,0.000000,1.022052,-0.301893,-0.809257,2.986581,0.153799,0.000000,0.000000,0.000000,0.000000,0.000000,0.000000
1778766121.619683,sequential_ik_elbow_then_wrist,1,0,-0.116604,0.191783,0.199054,-0.189186,0.091634,0.472371,-0.050236,-0.173124,-0.239801,-0.199239,-0.301198,-0.466506,0.000000,0.013576,0.000369,0.116513,0.000007,0.012930,0.002379,0.113690,0.000000,0.000000,0.000000,0.556773,0.726383,0.000000,1.021414,-0.294165,-0.836824,3.023402,0.124678,0.000000,0.000000,0.000000,0.000000,0.000000,0.000000
1778766121.656379,sequential_ik_elbow_then_wrist,1,0,-0.116520,0.192335,0.198571,-0.191316,0.093614,0.471810,-0.051079,-0.173393,-0.239428,-0.199414,-0.309167,-0.462054,0.000000,0.013785,0.000198,0.117409,0.000004,0.011903,0.001738,0.109056,0.000000,0.000000,0.000000,0.553899,0.725814,0.000000,1.019598,-0.290014,-0.857782,3.051385,0.095184,0.000000,0.000000,0.000000,0.000000,0.000000,0.000000
1778766121.689368,sequential_ik_elbow_then_wrist,1,0,-0.117722,0.192814,0.197394,-0.193138,0.093930,0.470404,-0.052224,-0.174957,-0.238040,-0.203088,-0.310163,-0.459306,0.000001,0.014048,0.000515,0.118526,0.000003,0.012178,0.001468,0.110350,0.000000,0.000000,0.000000,0.552177,0.724294,0.000000,1.018397,-0.288228,-0.872295,3.072653,0.070772,0.000000,0.000000,0.000000,0.000000,0.000000,0.000000
1778766121.722380,sequential_ik_elbow_then_wrist,1,0,-0.119175,0.192991,0.196346,-0.196659,0.093749,0.468647,-0.061963,-0.176305,-0.234685,-0.215692,-0.312383,-0.453432,0.000001,0.014659,0.000742,0.121074,0.000043,0.012721,0.005916,0.112787,0.000000,0.000000,0.000000,0.551769,0.722033,0.000000,1.017651,-0.292777,-0.879704,3.088816,0.050734,0.000000,0.000000,0.000000,0.000000,0.000000,0.000000
1778766121.766937,sequential_ik_elbow_then_wrist,1,0,-0.120387,0.193083,0.195514,-0.198280,0.093383,0.467530,-0.065989,-0.178262,-0.232095,-0.218592,-0.318060,-0.449279,0.000001,0.014868,0.000754,0.121934,0.000032,0.011145,0.005066,0.105568,0.000000,0.000000,0.000000,0.552443,0.719385,0.000000,1.017676,-0.301413,-0.881944,3.101100,0.034443,0.000000,0.000000,0.000000,0.000000,0.000000,0.000000
1778766121.807407,sequential_ik_elbow_then_wrist,1,0,-0.122496,0.192355,0.194921,-0.199685,0.092527,0.467091,-0.069853,-0.179395,-0.230083,-0.219223,-0.322477,-0.447375,0.000002,0.014932,0.001213,0.122198,0.000026,0.009405,0.004505,0.096978,0.000000,0.000000,0.000000,0.554703,0.716679,0.000000,1.018130,-0.312724,-0.880914,3.110436,0.022168,0.000000,0.000000,0.000000,0.000000,0.000000,0.000000
1778766121.845889,sequential_ik_elbow_then_wrist,1,0,-0.123037,0.192138,0.194795,-0.200555,0.092491,0.466937,-0.068231,-0.179976,-0.230115,-0.215569,-0.324973,-0.447527,0.000001,0.014914,0.000737,0.122125,0.000003,0.008125,0.001438,0.090137,0.000000,0.000000,0.000000,0.557501,0.714360,0.000000,1.018282,-0.322871,-0.879502,3.117531,0.013087,0.000000,0.000000,0.000000,0.000000,0.000000,0.000000
1778766121.899960,sequential_ik_elbow_then_wrist,1,0,-0.123886,0.191922,0.194469,-0.202521,0.092049,0.466208,-0.067811,-0.178666,-0.231258,-0.215752,-0.324692,-0.447567,0.000001,0.015218,0.000660,0.123363,0.000001,0.007929,0.000868,0.089041,0.000000,0.000000,0.000000,0.560589,0.712273,0.000000,1.018050,-0.331444,-0.879385,3.122924,0.004712,0.000000,0.000000,0.000000,0.000000,0.000000,0.000000
1778766121.947089,sequential_ik_elbow_then_wrist,1,0,-0.125532,0.191270,0.194055,-0.208883,0.091155,0.464295,-0.067844,-0.178065,-0.231711,-0.214588,-0.323069,-0.449518,0.000001,0.016473,0.000999,0.128347,0.000001,0.007662,0.000608,0.087530,0.000000,0.000000,0.000000,0.564403,0.710278,0.000000,1.016218,-0.338562,-0.879954,3.127022,-0.001393,0.000000,0.000000,0.000000,0.000000,0.000000,0.000000
1778766121.980336,sequential_ik_elbow_then_wrist,1,0,-0.126972,0.191246,0.193139,-0.212130,0.090738,0.462669,-0.068198,-0.173956,-0.234709,-0.214401,-0.317004,-0.454167,0.000001,0.017000,0.000961,0.130384,0.000005,0.007632,0.001720,0.087360,0.000000,0.000000,0.000000,0.568660,0.707929,0.000000,1.014144,-0.345329,-0.883480,3.130137,-0.006331,0.000000,0.000000,0.000000,0.000000,0.000000,0.000000
1778766122.038656,sequential_ik_elbow_then_wrist,1,0,-0.127656,0.191044,0.192889,-0.212558,0.089936,0.462275,-0.068374,-0.173789,-0.234781,-0.214891,-0.316247,-0.454415,0.000001,0.017003,0.000670,0.130395,0.000001,0.007524,0.000879,0.086739,0.000000,0.000000,0.000000,0.572874,0.705750,0.000000,1.012840,-0.351341,-0.886937,3.132504,-0.011159,0.000000,0.000000,0.000000,0.000000,0.000000,0.000000
1778766122.075092,sequential_ik_elbow_then_wrist,1,0,-0.132211,0.189347,0.191489,-0.218510,0.087990,0.460337,-0.069697,-0.171438,-0.236118,-0.216403,-0.311088,-0.457421,0.000007,0.017928,0.002244,0.133897,0.000004,0.007643,0.001715,0.087426,0.000000,0.000000,0.000000,0.579392,0.702887,0.000000,1.011235,-0.357589,-0.891077,3.134303,-0.014431,0.000000,0.000000,0.000000,0.000000,0.000000,0.000000
1778766122.110053,sequential_ik_elbow_then_wrist,1,0,-0.132480,0.189063,0.191584,-0.218145,0.086979,0.460359,-0.069747,-0.170219,-0.236983,-0.215694,-0.308390,-0.459712,0.000002,0.017646,0.001053,0.132838,0.000002,0.007375,0.001268,0.085877,0.000000,0.000000,0.000000,0.585936,0.700505,0.000000,1.010217,-0.363552,-0.895435,3.135670,-0.016640,0.000000,0.000000,0.000000,0.000000,0.000000,0.000000
1778766122.145861,sequential_ik_elbow_then_wrist,1,0,-0.132054,0.189430,0.191515,-0.218503,0.087152,0.459966,-0.068068,-0.170121,-0.237541,-0.212864,-0.307285,-0.461639,0.000000,0.017653,0.000204,0.132863,0.000000,0.007047,0.000363,0.083949,0.000000,0.000000,0.000000,0.591212,0.698590,0.000000,1.009318,-0.367892,-0.899583,3.136709,-0.017726,0.000000,0.000000,0.000000,0.000000,0.000000,0.000000
1778766122.190845,sequential_ik_elbow_then_wrist,1,0,-0.131991,0.189435,0.191553,-0.218176,0.086853,0.459973,-0.067806,-0.170184,-0.237571,-0.212719,-0.306787,-0.461936,0.000000,0.017605,0.000059,0.132686,0.000000,0.007125,0.000270,0.084410,0.000000,0.000000,0.000000,0.595311,0.697141,0.000000,1.008845,-0.370930,-0.902958,3.137499,-0.018338,0.000000,0.000000,0.000000,0.000000,0.000000,0.000000
1778766122.226237,sequential_ik_elbow_then_wrist,1,0,-0.132046,0.189947,0.191008,-0.218212,0.087543,0.459502,-0.065574,-0.170266,-0.238137,-0.211008,-0.306399,-0.462452,0.000000,0.017540,0.000179,0.132440,0.000002,0.007236,0.001356,0.085065,0.000000,0.000000,0.000000,0.598311,0.695605,0.000000,1.008752,-0.371893,-0.906151,3.138099,-0.018799,0.000000,0.000000,0.000000,0.000000,0.000000,0.000000
1778766122.262777,sequential_ik_elbow_then_wrist,1,0,-0.133675,0.190019,0.189799,-0.220530,0.089058,0.458617,-0.060599,-0.170393,-0.239362,-0.206785,-0.305199,-0.463988,0.000001,0.017655,0.000631,0.132871,0.000014,0.007543,0.003470,0.086853,0.000000,0.000000,0.000000,0.601342,0.693373,0.000000,1.008136,-0.369201,-0.909989,3.138556,-0.018817,0.000000,0.000000,0.000000,0.000000,0.000000,0.000000
1778766122.312785,sequential_ik_elbow_then_wrist,1,0,-0.135481,0.189609,0.188927,-0.225753,0.089542,0.456953,-0.060616,-0.170424,-0.239335,-0.209742,-0.304099,-0.462702,0.000001,0.018470,0.000951,0.135904,0.000005,0.008662,0.001964,0.093069,0.000000,0.000000,0.000000,0.605006,0.690741,0.000000,1.006047,-0.365208,-0.913186,3.138902,-0.019329,0.000000,0.000000,0.000000,0.000000,0.000000,0.000000
1778766122.350357,sequential_ik_elbow_then_wrist,1,0,-0.135196,0.189903,0.188835,-0.225548,0.089419,0.456677,-0.062548,-0.170324,-0.238909,-0.216176,-0.303655,-0.459411,0.000000,0.018375,0.000221,0.135555,0.000000,0.009905,0.000155,0.099519,0.000000,0.000000,0.000000,0.608089,0.688452,0.000000,1.004440,-0.362110,-0.915236,3.139166,-0.021445,0.000000,0.000000,0.000000,0.000000,0.000000,0.000000
1778766122.388123,sequential_ik_elbow_then_wrist,1,0,-0.132360,0.190900,0.189837,-0.216737,0.089461,0.459263,-0.065707,-0.170915,-0.237635,-0.218631,-0.304314,-0.458585,0.000002,0.016725,0.001117,0.129318,0.000003,0.009837,0.001610,0.099183,0.000000,0.000000,0.000000,0.608767,0.687445,0.000000,1.006040,-0.361288,-0.915419,3.139366,-0.022705,0.000000,0.000000,0.000000,0.000000,0.000000,0.000000
1778766122.422013,sequential_ik_elbow_then_wrist,0,0,-0.080811,0.168470,0.234707,-0.066040,0.077364,0.520157,-0.174949,-0.165233,0.179139,-0.017193,-0.114658,0.429249,0.000804,0.000428,0.021477,0.020562,0.032004,0.054326,0.136280,0.174758,0.000000,0.000000,0.000000,0.590195,0.726769,0.000000,1.012580,-0.433281,-0.647053,2.385918,0.346483,0.000000,0.000000,0.000000,0.000000,0.000000,0.000000
1778766122.458413,sequential_ik_elbow_then_wrist,0,0,-0.098560,0.166099,0.229559,-0.126400,0.083410,0.516591,-0.205512,-0.163212,-0.145350,-0.492116,-0.208041,-0.068874,0.000005,0.004633,0.001439,0.067325,0.006067,0.050513,0.053308,0.214273,0.000000,0.000000,0.000000,0.576553,0.760367,0.000000,0.993528,-0.529143,-0.573029,1.813298,0.464295,0.000000,0.000000,0.000000,0.000000,0.000000,0.000000
1778766122.503704,sequential_ik_elbow_then_wrist,0,0,-0.110129,0.174041,0.218131,-0.154560,0.101614,0.505847,-0.185580,-0.235094,0.017053,-0.367977,-0.118265,0.224615,0.000042,0.006415,0.004801,0.079950,0.001972,0.050032,0.029841,0.219196,0.000000,0.000000,0.000000,0.569909,0.776173,0.000000,0.967484,-0.571756,-0.443880,1.378106,0.660745,0.000000,0.000000,0.000000,0.000000,0.000000,0.000000
1778766122.542627,sequential_ik_elbow_then_wrist,0,0,-0.114871,0.176347,0.213790,-0.155774,0.106129,0.502574,-0.166810,-0.240442,0.066048,-0.325480,-0.107329,0.283085,0.000022,0.005732,0.003654,0.075705,0.000812,0.044528,0.019037,0.210560,0.000000,0.000000,0.000000,0.568430,0.782097,0.000000,0.949384,-0.585839,-0.298227,1.047361,0.843312,0.000000,0.000000,0.000000,0.000000,0.000000,0.000000
1778766122.577851,sequential_ik_elbow_then_wrist,0,0,-0.119005,0.175914,0.211878,-0.155064,0.104713,0.501067,-0.155920,-0.233397,0.105899,-0.281432,-0.097379,0.342005,0.000015,0.005312,0.003295,0.072859,0.000436,0.033648,0.013940,0.183429,0.000000,0.000000,0.000000,0.571264,0.783535,0.000000,0.940226,-0.589191,-0.150946,0.795994,0.984912,0.000000,0.000000,0.000000,0.000000,0.000000,0.000000
1778766122.620733,sequential_ik_elbow_then_wrist,1,0,-0.116880,0.178432,0.210953,-0.158838,0.102996,0.498266,-0.139626,-0.223299,0.143673,-0.225415,-0.077932,0.391682,0.000001,0.005948,0.000566,0.077113,0.000380,0.022558,0.013055,0.150189,0.000000,0.000000,0.000000,0.573376,0.783104,0.000000,0.936082,-0.584848,-0.004971,0.604956,1.089977,0.000000,0.000000,0.000000,0.000000,0.000000,0.000000
1778766122.661488,sequential_ik_elbow_then_wrist,1,0,-0.134852,0.166782,0.209759,-0.194805,0.085461,0.492235,-0.140248,-0.190869,0.184118,-0.203367,-0.051370,0.442103,0.000127,0.011585,0.009881,0.107619,0.000487,0.019361,0.014992,0.138644,0.000000,0.000000,0.000000,0.587910,0.781576,0.000000,0.928585,-0.591093,0.143649,0.459766,1.141575,0.000000,0.000000,0.000000,0.000000,0.000000,0.000000
1778766122.692675,sequential_ik_elbow_then_wrist,1,0,-0.136829,0.162754,0.211634,-0.195081,0.072585,0.491771,-0.133048,-0.184332,0.195755,-0.192620,-0.046183,0.455305,0.000054,0.011978,0.006438,0.109441,0.000102,0.017592,0.006764,0.132317,0.000000,0.000000,0.000000,0.607337,0.781662,0.000000,0.924350,-0.597888,0.274484,0.349422,1.158830,0.000000,0.000000,0.000000,0.000000,0.000000,0.000000
1778766122.731122,sequential_ik_elbow_then_wrist,1,0,-0.136090,0.170427,0.205995,-0.185715,0.081806,0.488278,-0.122879,-0.181112,0.205181,-0.143549,-0.035655,0.466744,0.000007,0.009208,0.001789,0.095933,0.000051,0.009706,0.004939,0.098515,0.000000,0.000000,0.000000,0.622758,0.777089,0.000000,0.926454,-0.599894,0.385837,0.265561,1.174694,0.000000,0.000000,0.000000,0.000000,0.000000,0.000000
1778766122.778024,sequential_ik_elbow_then_wrist,1,0,-0.134705,0.167832,0.209015,-0.180685,0.077569,0.491395,-0.117872,-0.176008,0.212432,-0.122445,-0.028940,0.473871,0.000001,0.008801,0.000730,0.093803,0.000028,0.007309,0.003671,0.085493,0.000000,0.000000,0.000000,0.635098,0.775132,0.000000,0.931138,-0.599323,0.479420,0.201826,1.186983,0.000000,0.000000,0.000000,0.000000,0.000000,0.000000
1778766122.824040,sequential_ik_elbow_then_wrist,1,0,-0.133548,0.164101,0.212687,-0.172071,0.071268,0.495350,-0.104092,-0.169500,0.224576,-0.092405,-0.024366,0.486873,0.000005,0.008099,0.001577,0.089992,0.000080,0.004162,0.006675,0.064485,0.000000,0.000000,0.000000,0.645624,0.777178,0.000000,0.936932,-0.593251,0.563570,0.153388,1.191820,0.000000,0.000000,0.000000,0.000000,0.000000,0.000000
1778766122.864081,sequential_ik_elbow_then_wrist,1,0,-0.130448,0.155991,0.220568,-0.165249,0.060245,0.502741,-0.079676,-0.169792,0.234142,-0.048502,-0.026784,0.496014,0.000023,0.008113,0.003385,0.090065,0.000271,0.000857,0.014326,0.029232,0.000000,0.000000,0.000000,0.655774,0.786576,0.000000,0.938950,-0.573625,0.639998,0.116575,1.191603,0.000000,0.000000,0.000000,0.000000,0.000000,0.000000
1778766122.907422,sequential_ik_elbow_then_wrist,1,0,-0.128144,0.150147,0.225909,-0.161611,0.051282,0.507166,-0.076286,-0.172390,0.233371,-0.047260,-0.035381,0.498674,0.000018,0.008419,0.003113,0.091740,0.000114,0.000704,0.009754,0.026376,0.000000,0.000000,0.000000,0.665679,0.800447,0.000000,0.936297,-0.548341,0.699997,0.088597,1.184557,0.000000,0.000000,0.000000,0.000000,0.000000,0.000000
1778766122.951598,sequential_ik_elbow_then_wrist,1,0,-0.123695,0.146463,0.230756,-0.156298,0.047635,0.512128,-0.069570,-0.174645,0.233793,-0.032579,-0.041398,0.500020,0.000012,0.008062,0.002319,0.089761,0.000101,0.000157,0.009179,0.012498,0.000000,0.000000,0.000000,0.673690,0.817133,0.000000,0.928747,-0.519439,0.746428,0.067334,1.177307,0.000000,0.000000,0.000000,0.000000,0.000000,0.000000
1778766122.982923,sequential_ik_elbow_then_wrist,1,0,-0.123084,0.144006,0.232621,-0.157597,0.044610,0.513565,-0.072914,-0.177298,0.230757,-0.050724,-0.043701,0.498450,0.000004,0.008536,0.001456,0.092366,0.000021,0.000854,0.004046,0.029217,0.000000,0.000000,0.000000,0.680682,0.833033,0.000000,0.918169,-0.493289,0.778806,0.051174,1.169913,0.000000,0.000000,0.000000,0.000000,0.000000,0.000000
1778766123.025846,sequential_ik_elbow_then_wrist,1,0,-0.121487,0.143845,0.233558,-0.149541,0.045423,0.515562,-0.068893,-0.177552,0.231795,-0.027573,-0.040486,0.495434,0.000001,0.007336,0.000632,0.085651,0.000021,0.000115,0.004143,0.010330,0.000000,0.000000,0.000000,0.685833,0.846771,0.000000,0.909530,-0.468951,0.803756,0.038892,1.171211,0.000000,0.000000,0.000000,0.000000,0.000000,0.000000
1778766123.062566,sequential_ik_elbow_then_wrist,1,0,-0.120149,0.142632,0.234990,-0.145374,0.043887,0.517148,-0.068365,-0.176533,0.232728,-0.031932,-0.035121,0.494787,0.000001,0.006975,0.000699,0.083516,0.000007,0.000276,0.002326,0.016583,0.000000,0.000000,0.000000,0.689522,0.859004,0.000000,0.902794,-0.447992,0.823683,0.029558,1.174799,0.000000,0.000000,0.000000,0.000000,0.000000,0.000000
1778766123.098556,sequential_ik_elbow_then_wrist,1,0,-0.123387,0.138966,0.235508,-0.146594,0.039535,0.517598,-0.071843,-0.175498,0.232463,-0.031700,-0.027445,0.490280,0.000008,0.007372,0.002585,0.085863,0.000001,0.000375,0.000713,0.019207,0.000000,0.000000,0.000000,0.694988,0.869239,0.000000,0.897370,-0.432825,0.838780,0.022464,1.183404,0.000000,0.000000,0.000000,0.000000,0.000000,0.000000
1778766123.159331,sequential_ik_elbow_then_wrist,1,0,-0.123217,0.135830,0.237419,-0.146336,0.036683,0.519616,-0.073291,-0.174973,0.232407,-0.032174,-0.024287,0.488537,0.000009,0.007427,0.002636,0.086175,0.000002,0.000425,0.001220,0.020562,0.000000,0.000000,0.000000,0.701716,0.879148,0.000000,0.891067,-0.422604,0.850189,0.017073,1.193294,0.000000,0.000000,0.000000,0.000000,0.000000,0.000000
1778766123.192399,sequential_ik_elbow_then_wrist,1,0,-0.116635,0.133907,0.241796,-0.130207,0.034656,0.524577,-0.065275,-0.172812,0.236379,-0.016840,-0.024036,0.492348,0.000008,0.005695,0.001956,0.075463,0.000015,0.000048,0.003312,0.006920,0.000000,0.000000,0.000000,0.706177,0.891643,0.000000,0.886402,-0.411728,0.862788,0.012975,1.199506,0.000000,0.000000,0.000000,0.000000,0.000000,0.000000
1778766123.225505,sequential_ik_elbow_then_wrist,1,0,-0.112830,0.131389,0.244962,-0.128150,0.030434,0.527049,-0.066935,-0.171578,0.236814,-0.029109,-0.024487,0.495529,0.000008,0.005969,0.001995,0.077250,0.000001,0.000337,0.000735,0.018220,0.000000,0.000000,0.000000,0.708519,0.905617,0.000000,0.879783,-0.402899,0.873680,0.009861,1.198934,0.000000,0.000000,0.000000,0.000000,0.000000,0.000000
1778766123.272501,sequential_ik_elbow_then_wrist,1,0,-0.095757,0.129807,0.252944,-0.097487,0.028583,0.535346,-0.063504,-0.167502,0.240646,-0.014507,-0.024444,0.499747,0.000106,0.003306,0.008936,0.057497,0.000007,0.000029,0.002024,0.005112,0.000000,0.000000,0.000000,0.703158,0.926240,0.000000,0.873983,-0.394904,0.886167,0.007494,1.194383,0.000000,0.000000,0.000000,0.000000,0.000000,0.000000
1778766123.308907,sequential_ik_elbow_then_wrist,1,0,-0.094216,0.125671,0.255598,-0.097769,0.025497,0.538356,-0.062070,-0.165212,0.242595,-0.020295,-0.020222,0.501888,0.000030,0.003728,0.004782,0.061014,0.000004,0.000143,0.001528,0.011833,0.000000,0.000000,0.000000,0.695476,0.947183,0.000000,0.863961,-0.387809,0.898647,0.005696,1.187122,0.000000,0.000000,0.000000,0.000000,0.000000,0.000000
1778766123.344867,sequential_ik_elbow_then_wrist,1,0,-0.095179,0.120452,0.257745,-0.099345,0.023177,0.541505,-0.067178,-0.164187,0.241929,-0.026741,-0.019708,0.501719,0.000004,0.004072,0.001402,0.063760,0.000007,0.000313,0.002388,0.017683,0.000000,0.000000,0.000000,0.689442,0.966820,0.000000,0.850203,-0.384714,0.908130,0.004329,1.179741,0.000000,0.000000,0.000000,0.000000,0.000000,0.000000
1778766123.383517,sequential_ik_elbow_then_wrist,1,0,-0.097296,0.117759,0.258198,-0.102880,0.021254,0.542197,-0.079760,-0.162954,0.238923,-0.063351,-0.016238,0.500084,0.000005,0.004523,0.002128,0.067228,0.000085,0.002691,0.008445,0.051854,0.000000,0.000000,0.000000,0.686462,0.983153,0.000000,0.835674,-0.390563,0.912369,0.003290,1.170945,0.000000,0.000000,0.000000,0.000000,0.000000,0.000000
1778766123.428607,sequential_ik_elbow_then_wrist,1,0,-0.100537,0.116546,0.257506,-0.107512,0.020474,0.541621,-0.085561,-0.161035,0.238216,-0.077764,-0.016264,0.500858,0.000014,0.004960,0.003575,0.070420,0.000080,0.004040,0.008253,0.063544,0.000000,0.000000,0.000000,0.686973,0.995074,0.000000,0.822534,-0.403206,0.914187,0.002500,1.160450,0.000000,0.000000,0.000000,0.000000,0.000000,0.000000
1778766123.468043,sequential_ik_elbow_then_wrist,1,0,-0.103132,0.115987,0.256731,-0.109763,0.021430,0.541362,-0.090316,-0.161154,0.236374,-0.087906,-0.016877,0.499392,0.000017,0.004962,0.003954,0.070438,0.000060,0.005040,0.007067,0.070990,0.000000,0.000000,0.000000,0.690449,1.003098,0.000000,0.811590,-0.419922,0.913350,0.001900,1.150531,0.000000,0.000000,0.000000,0.000000,0.000000,0.000000
1778766123.511047,sequential_ik_elbow_then_wrist,1,0,-0.097125,0.117586,0.258341,-0.094269,0.024745,0.543600,-0.076432,-0.162909,0.240040,-0.041690,-0.020565,0.501825,0.000002,0.003201,0.001287,0.056572,0.000018,0.000810,0.003701,0.028369,0.000000,0.000000,0.000000,0.692213,1.010865,0.000000,0.805186,-0.429117,0.915852,0.001444,1.148498,0.000000,0.000000,0.000000,0.000000,0.000000,0.000000
1778766123.556170,sequential_ik_elbow_then_wrist,1,0,-0.097993,0.117821,0.257906,-0.100273,0.026053,0.543517,-0.075930,-0.162951,0.240170,-0.045084,-0.021620,0.502989,0.000000,0.003665,0.000416,0.060534,0.000006,0.000979,0.002314,0.031282,0.000000,0.000000,0.000000,0.693234,1.016619,0.000000,0.798055,-0.433845,0.918591,0.001098,1.145747,0.000000,0.000000,0.000000,0.000000,0.000000,0.000000
1778766123.590426,sequential_ik_elbow_then_wrist,1,0,-0.091413,0.118535,0.259986,-0.089473,0.030795,0.546863,-0.063068,-0.163559,0.243456,-0.007946,-0.025918,0.504256,0.000020,0.002510,0.004120,0.050095,0.000085,0.000012,0.008429,0.003441,0.000000,0.000000,0.000000,0.690956,1.023539,0.000000,0.790608,-0.429452,0.924426,0.000834,1.145467,0.000000,0.000000,0.000000,0.000000,0.000000,0.000000
1778766123.626841,sequential_ik_elbow_then_wrist,1,0,-0.086508,0.117943,0.261927,-0.080518,0.031792,0.549229,-0.062173,-0.163236,0.243903,-0.001335,-0.026407,0.503858,0.000032,0.001906,0.005250,0.043648,0.000033,0.000080,0.005362,0.008924,0.000000,0.000000,0.000000,0.685432,1.031833,0.000000,0.783444,-0.421067,0.930105,0.000634,1.145506,0.000000,0.000000,0.000000,0.000000,0.000000,0.000000
1778766123.662921,sequential_ik_elbow_then_wrist,1,0,-0.079382,0.117883,0.264201,-0.071355,0.033094,0.551858,-0.061487,-0.161896,0.244967,-0.003503,-0.025753,0.505933,0.000066,0.001383,0.007637,0.037177,0.000013,0.000042,0.003304,0.006412,0.000000,0.000000,0.000000,0.675873,1.041825,0.000000,0.775609,-0.411649,0.935802,0.000482,1.143267,0.000000,0.000000,0.000000,0.000000,0.000000,0.000000
1778766123.705463,sequential_ik_elbow_then_wrist,1,0,-0.076907,0.117260,0.265208,-0.065092,0.032022,0.552602,-0.056026,-0.160533,0.247164,0.006154,-0.026807,0.508413,0.000047,0.001157,0.006538,0.034011,0.000028,0.000237,0.004853,0.015342,0.000000,0.000000,0.000000,0.664099,1.051550,0.000000,0.769298,-0.400151,0.942843,0.000366,1.138553,0.000000,0.000000,0.000000,0.000000,0.000000,0.000000
1778766123.752868,sequential_ik_elbow_then_wrist,1,0,-0.077799,0.115158,0.265868,-0.067457,0.030582,0.553514,-0.056562,-0.159662,0.247606,0.002932,-0.025474,0.509244,0.000012,0.001398,0.003285,0.037376,0.000007,0.000136,0.002441,0.011623,0.000000,0.000000,0.000000,0.652928,1.060224,0.000000,0.762621,-0.389241,0.949259,0.000278,1.132851,0.000000,0.000000,0.000000,0.000000,0.000000,0.000000
1778766123.788049,sequential_ik_elbow_then_wrist,1,0,-0.077174,0.115161,0.266049,-0.064390,0.030035,0.553434,-0.053417,-0.159805,0.248212,0.010737,-0.026723,0.509312,0.000008,0.001271,0.002711,0.035653,0.000013,0.000364,0.003341,0.019087,0.000000,0.000000,0.000000,0.642603,1.067344,0.000000,0.757924,-0.377979,0.955055,0.000212,1.127700,0.000000,0.000000,0.000000,0.000000,0.000000,0.000000
1778766123.825048,sequential_ik_elbow_then_wrist,1,0,-0.078067,0.115540,0.265624,-0.067625,0.030071,0.553002,-0.055021,-0.159917,0.247789,0.007791,-0.026453,0.509020,0.000003,0.001489,0.001579,0.038592,0.000001,0.000260,0.001141,0.016131,0.000000,0.000000,0.000000,0.633690,1.072296,0.000000,0.754095,-0.368406,0.959184,0.000161,1.123563,0.000000,0.000000,0.000000,0.000000,0.000000,0.000000
1778766123.859108,sequential_ik_elbow_then_wrist,1,0,-0.075601,0.116349,0.265984,-0.059563,0.030835,0.553090,-0.052711,-0.159232,0.248730,0.017864,-0.027615,0.508915,0.000009,0.001023,0.002918,0.031980,0.000004,0.000670,0.001939,0.025878,0.000000,0.000000,0.000000,0.624939,1.076450,0.000000,0.753130,-0.359438,0.963300,0.000122,1.120422,0.000000,0.000000,0.000000,0.000000,0.000000,0.000000
1778766123.898642,sequential_ik_elbow_then_wrist,1,0,-0.070765,0.117374,0.266863,-0.047753,0.031301,0.553327,-0.049676,-0.159355,0.249275,0.025965,-0.028194,0.508264,0.000032,0.000517,0.005437,0.022723,0.000010,0.001125,0.003002,0.033543,0.000000,0.000000,0.000000,0.614654,1.080928,0.000000,0.754972,-0.349992,0.967266,0.000093,1.118226,0.000000,0.000000,0.000000,0.000000,0.000000,0.000000
1778766123.943443,sequential_ik_elbow_then_wrist,1,0,-0.071287,0.117592,0.266628,-0.048056,0.030893,0.552886,-0.048768,-0.158878,0.249759,0.026332,-0.028280,0.509189,0.000015,0.000563,0.003689,0.023731,0.000006,0.001141,0.002318,0.033768,0.000000,0.000000,0.000000,0.604372,1.084277,0.000000,0.757350,-0.340799,0.971001,0.000071,1.115370,0.000000,0.000000,0.000000,0.000000,0.000000,0.000000
1778766123.986239,sequential_ik_elbow_then_wrist,1,0,-0.072562,0.118157,0.266033,-0.052238,0.031152,0.552419,-0.050306,-0.158610,0.249624,0.022511,-0.028194,0.509796,0.000005,0.000753,0.002127,0.027442,0.000000,0.000905,0.000472,0.030076,0.000000,0.000000,0.000000,0.595141,1.085991,0.000000,0.759187,-0.333399,0.973844,0.000054,1.112123,0.000000,0.000000,0.000000,0.000000,0.000000,0.000000
1778766124.035187,sequential_ik_elbow_then_wrist,1,0,-0.073331,0.118901,0.265490,-0.054472,0.030882,0.551667,-0.050378,-0.158400,0.249743,0.021763,-0.028151,0.510187,0.000002,0.000882,0.001372,0.029688,0.000000,0.000860,0.000217,0.029330,0.000000,0.000000,0.000000,0.587223,1.086373,0.000000,0.761435,-0.327592,0.976137,0.000041,1.109030,0.000000,0.000000,0.000000,0.000000,0.000000,0.000000
1778766124.076324,sequential_ik_elbow_then_wrist,1,0,-0.073940,0.118749,0.265389,-0.054978,0.029524,0.551185,-0.050750,-0.157934,0.249962,0.021147,-0.027987,0.510624,0.000000,0.000956,0.000539,0.030915,0.000000,0.000824,0.000205,0.028704,0.000000,0.000000,0.000000,0.580847,1.086316,0.000000,0.764437,-0.323332,0.978155,0.000031,1.106087,0.000000,0.000000,0.000000,0.000000,0.000000,0.000000
1778766124.114703,sequential_ik_elbow_then_wrist,1,0,-0.077185,0.119787,0.263995,-0.055751,0.029894,0.549407,-0.049112,-0.157578,0.250514,0.021869,-0.028608,0.511910,0.000003,0.000975,0.001379,0.031210,0.000001,0.000872,0.000837,0.029519,0.000000,0.000000,0.000000,0.576823,1.084369,0.000000,0.769362,-0.319403,0.980369,0.000024,1.102309,0.000000,0.000000,0.000000,0.000000,0.000000,0.000000
1778766124.155586,sequential_ik_elbow_then_wrist,1,0,-0.085375,0.121453,0.260692,-0.071872,0.032017,0.546732,-0.049813,-0.157475,0.250440,0.019278,-0.028976,0.512575,0.000034,0.001831,0.005278,0.042786,0.000000,0.000738,0.000067,0.027158,0.000000,0.000000,0.000000,0.577369,1.078307,0.000000,0.773611,-0.316364,0.982124,0.000018,1.098188,0.000000,0.000000,0.000000,0.000000,0.000000,0.000000
1778766124.210833,sequential_ik_elbow_then_wrist,1,0,-0.089116,0.123318,0.258556,-0.077468,0.034107,0.544748,-0.050387,-0.156224,0.251108,0.010337,-0.030330,0.516557,0.000030,0.002049,0.005005,0.045259,0.000001,0.000370,0.000613,0.019136,0.000000,0.000000,0.000000,0.581399,1.070015,0.000000,0.778844,-0.314522,0.984226,0.000014,1.090556,0.000000,0.000000,0.000000,0.000000,0.000000,0.000000
1778766124.261816,sequential_ik_elbow_then_wrist,1,0,-0.101176,0.123382,0.254048,-0.099753,0.034869,0.540690,-0.053836,-0.157674,0.249480,-0.011723,-0.035215,0.520091,0.000116,0.003685,0.009957,0.060703,0.000006,0.000013,0.002202,0.002384,0.000000,0.000000,0.000000,0.592137,1.057677,0.000000,0.782740,-0.314956,0.984186,0.000010,1.078357,0.000000,0.000000,0.000000,0.000000,0.000000,0.000000
1778766124.307659,sequential_ik_elbow_then_wrist,1,0,-0.106697,0.123341,0.251799,-0.115111,0.036111,0.538714,-0.059138,-0.158310,0.247872,-0.031144,-0.035589,0.520188,0.000097,0.004821,0.009213,0.069431,0.000022,0.000322,0.004363,0.017894,0.000000,0.000000,0.000000,0.607819,1.044310,0.000000,0.783757,-0.319077,0.982038,0.000008,1.066351,0.000000,0.000000,0.000000,0.000000,0.000000,0.000000
1778766124.345796,sequential_ik_elbow_then_wrist,1,0,-0.109118,0.124533,0.250170,-0.122774,0.039214,0.537457,-0.062296,-0.160508,0.245675,-0.039366,-0.036033,0.517668,0.000050,0.005069,0.006558,0.071189,0.000021,0.000616,0.004120,0.024821,0.000000,0.000000,0.000000,0.625255,1.031310,0.000000,0.782587,-0.325810,0.977531,0.000006,1.058672,0.000000,0.000000,0.000000,0.000000,0.000000,0.000000
1778766124.379260,sequential_ik_elbow_then_wrist,1,0,-0.115918,0.126421,0.246132,-0.144330,0.041234,0.532376,-0.071780,-0.161727,0.242264,-0.060185,-0.035051,0.513960,0.000056,0.007069,0.006741,0.084062,0.000068,0.001873,0.007558,0.043265,0.000000,0.000000,0.000000,0.644255,1.016345,0.000000,0.777918,-0.337851,0.969913,0.000005,1.054784,0.000000,0.000000,0.000000,0.000000,0.000000,0.000000
1778766124.420554,sequential_ik_elbow_then_wrist,1,0,-0.119042,0.126965,0.244354,-0.147975,0.041902,0.530583,-0.070165,-0.162617,0.242142,-0.053696,-0.035316,0.513294,0.000033,0.007032,0.005227,0.083859,0.000013,0.001325,0.003290,0.036377,0.000000,0.000000,0.000000,0.663379,1.001869,0.000000,0.774970,-0.350112,0.962943,0.000003,1.054762,0.000000,0.000000,0.000000,0.000000,0.000000,0.000000
1778766124.463737,sequential_ik_elbow_then_wrist,1,0,-0.117150,0.128598,0.244415,-0.138764,0.044509,0.531577,-0.067925,-0.163355,0.242284,-0.044267,-0.034791,0.512305,0.000003,0.005520,0.001571,0.074286,0.000000,0.000770,0.000534,0.027720,0.000000,0.000000,0.000000,0.679355,0.990171,0.000000,0.776018,-0.359939,0.957502,0.000003,1.058098,0.000000,0.000000,0.000000,0.000000,0.000000,0.000000
1778766124.521727,sequential_ik_elbow_then_wrist,1,0,-0.116838,0.130199,0.243715,-0.137566,0.047257,0.531276,-0.066560,-0.163981,0.242240,-0.039211,-0.033330,0.510908,0.000000,0.005107,0.000367,0.071464,0.000000,0.000563,0.000569,0.023698,0.000000,0.000000,0.000000,0.691635,0.980374,0.000000,0.778013,-0.366863,0.953288,0.000002,1.063724,0.000000,0.000000,0.000000,0.000000,0.000000,0.000000
1778766124.559863,sequential_ik_elbow_then_wrist,1,0,-0.116728,0.130877,0.243405,-0.135762,0.048360,0.531205,-0.066343,-0.164648,0.241846,-0.037039,-0.032419,0.509533,0.000000,0.004824,0.000303,0.069455,0.000000,0.000491,0.000618,0.022132,0.000000,0.000000,0.000000,0.700752,0.972393,0.000000,0.780801,-0.371552,0.949657,0.000002,1.070520,0.000000,0.000000,0.000000,0.000000,0.000000,0.000000
1778766124.606288,sequential_ik_elbow_then_wrist,1,0,-0.118101,0.132113,0.242071,-0.137601,0.050013,0.529958,-0.065748,-0.166228,0.240926,-0.035403,-0.032260,0.507632,0.000001,0.004867,0.000565,0.069764,0.000002,0.000437,0.001086,0.020867,0.000000,0.000000,0.000000,0.707664,0.964804,0.000000,0.783831,-0.374135,0.945844,0.000001,1.078441,0.000000,0.000000,0.000000,0.000000,0.000000,0.000000
1778766124.639966,sequential_ik_elbow_then_wrist,1,0,-0.118449,0.132848,0.241498,-0.137865,0.050292,0.529261,-0.065380,-0.166933,0.240538,-0.034762,-0.030552,0.505986,0.000000,0.004878,0.000379,0.069838,0.000001,0.000445,0.000966,0.021061,0.000000,0.000000,0.000000,0.712778,0.958091,0.000000,0.787451,-0.375185,0.942305,0.000001,1.087321,0.000000,0.000000,0.000000,0.000000,0.000000,0.000000
1778766124.694133,sequential_ik_elbow_then_wrist,1,0,-0.117489,0.133213,0.241765,-0.135870,0.050597,0.529579,-0.064953,-0.167466,0.240284,-0.033798,-0.030710,0.505476,0.000000,0.004683,0.000645,0.068431,0.000001,0.000410,0.000896,0.020230,0.000000,0.000000,0.000000,0.716044,0.953052,0.000000,0.791188,-0.375119,0.939205,0.000001,1.095473,0.000000,0.000000,0.000000,0.000000,0.000000,0.000000
1778766124.735274,sequential_ik_elbow_then_wrist,1,0,-0.117429,0.137140,0.239589,-0.135770,0.051462,0.526509,-0.064774,-0.170373,0.238280,-0.034463,-0.033539,0.503530,0.000006,0.004750,0.002073,0.068909,0.000003,0.000403,0.001444,0.020069,0.000000,0.000000,0.000000,0.716668,0.946994,0.000000,0.797473,-0.373871,0.934707,0.000001,1.103385,0.000000,0.000000,0.000000,0.000000,0.000000,0.000000
1778766124.781067,sequential_ik_elbow_then_wrist,1,0,-0.117414,0.143632,0.235762,-0.140560,0.053649,0.521012,-0.068212,-0.175718,0.233389,-0.043589,-0.037192,0.498350,0.000020,0.005372,0.003835,0.073269,0.000009,0.000753,0.001994,0.027397,0.000000,0.000000,0.000000,0.713630,0.938028,0.000000,0.806997,-0.372962,0.925912,0.000000,1.113464,0.000000,0.000000,0.000000,0.000000,0.000000,0.000000
1778766124.818738,sequential_ik_elbow_then_wrist,1,0,-0.133647,0.173466,0.205056,-0.163251,0.057220,0.480030,-0.100278,-0.190086,0.209312,-0.108497,-0.042914,0.470603,0.000294,0.009293,0.011880,0.095441,0.000346,0.006849,0.014782,0.082550,0.000000,0.000000,0.000000,0.705294,0.902204,0.000000,0.846776,-0.386651,0.896212,0.000000,1.135126,0.000000,0.000000,0.000000,0.000000,0.000000,0.000000
1778766124.865542,sequential_ik_elbow_then_wrist,0,0,-0.156583,0.191157,0.170120,-0.190491,0.045310,0.430079,-0.141907,-0.205676,0.166012,-0.229279,-0.029970,0.392934,0.000369,0.016371,0.012802,0.126317,0.000889,0.037406,0.022438,0.193096,0.000000,0.000000,0.000000,0.700054,0.840607,0.000000,0.925908,-0.422904,0.834236,0.000000,1.177897,0.000000,0.000000,0.000000,0.000000,0.000000,0.000000
1778766124.901122,sequential_ik_elbow_then_wrist,0,0,-0.148517,0.230656,0.121412,-0.178914,0.070770,0.373428,-0.124100,-0.230922,0.145857,-0.211660,-0.031989,0.352639,0.000708,0.014272,0.018438,0.116724,0.000205,0.033731,0.009766,0.182570,0.000000,0.000000,0.000000,0.677546,0.751614,0.000000,1.047111,-0.443301,0.763058,0.000000,1.258348,0.000000,0.000000,0.000000,0.000000,0.000000,0.000000
1778766124.936682,sequential_ik_elbow_then_wrist,0,0,-0.170334,0.246675,0.011746,-0.267130,0.117330,0.264531,-0.130676,-0.257592,0.081057,-0.245884,-0.073741,0.288243,0.001989,0.029102,0.029905,0.169949,0.000762,0.041432,0.018457,0.202987,0.000000,0.000000,0.000000,0.660086,0.604559,0.000000,1.174752,-0.452053,0.660164,0.000000,1.355757,0.000000,0.000000,0.000000,0.000000,0.000000,0.000000
1778766124.967231,sequential_ik_elbow_then_wrist,0,0,-0.209049,0.212214,-0.035551,-0.333317,0.102522,0.214499,-0.127015,-0.269378,0.036090,-0.279386,-0.103209,0.234006,0.001030,0.036180,0.021447,0.190182,0.000504,0.052893,0.014982,0.229773,0.000000,0.000000,0.000000,0.678722,0.445184,0.000000,1.279869,-0.451555,0.542445,0.000000,1.453457,0.000000,0.000000,0.000000,0.000000,0.000000,0.000000
1778766125.011411,sequential_ik_elbow_then_wrist,0,0,-0.195986,0.203980,-0.099908,-0.335508,0.116474,0.150843,-0.140568,-0.263589,-0.027591,-0.345337,-0.121080,0.139024,0.000846,0.031256,0.019415,0.176600,0.000749,0.084498,0.018256,0.290669,0.000000,0.000000,0.000000,0.697837,0.272308,0.000000,1.379634,-0.458549,0.404594,0.000000,1.535165,0.000000,0.000000,0.000000,0.000000,0.000000,0.000000
1778766125.052036,sequential_ik_elbow_then_wrist,0,0,-0.176614,0.172749,-0.170193,-0.460820,0.145344,-0.078129,-0.065903,-0.194909,-0.218328,-0.287448,-0.137289,-0.412229,0.001168,0.070691,0.022876,0.261990,0.006940,0.057850,0.057315,0.233871,0.000000,0.000000,0.000000,0.718513,0.080308,0.000000,1.346734,-0.441346,0.156489,0.753600,1.462466,0.000000,0.000000,0.000000,0.000000,0.000000,0.000000
1778766125.086770,sequential_ik_elbow_then_wrist,0,0,-0.112559,0.161478,-0.226397,-0.359368,0.130312,-0.394069,-0.030690,-0.159577,-0.252177,-0.232264,-0.171211,-0.474062,0.001497,0.057385,0.027655,0.230413,0.001876,0.039707,0.031323,0.191712,0.000000,0.000000,0.000000,0.711746,-0.126555,-0.753600,1.164442,-0.407886,-0.100920,1.326336,1.276793,0.000000,0.000000,0.000000,0.000000,0.000000,0.000000
1778766125.132973,sequential_ik_elbow_then_wrist,0,0,-0.078683,0.125780,-0.260746,-0.319274,0.100442,-0.438154,-0.017845,-0.141804,-0.263767,-0.215325,-0.175981,-0.487002,0.000970,0.048660,0.022416,0.217800,0.000595,0.033795,0.020153,0.181009,0.000000,0.000000,0.000000,0.694991,-0.334368,-1.326336,0.941959,-0.368576,-0.326512,1.761615,1.058610,0.000000,0.000000,0.000000,0.000000,0.000000,0.000000
1778766125.177357,sequential_ik_elbow_then_wrist,0,0,-0.054740,0.114969,-0.271635,-0.287396,0.098868,-0.460346,0.001187,-0.131026,-0.269872,-0.188532,-0.187260,-0.495358,0.000582,0.041199,0.020704,0.202127,0.000703,0.027452,0.024757,0.164709,0.000000,0.000000,0.000000,0.669427,-0.519101,-1.761615,0.728364,-0.322395,-0.513910,2.092428,0.849682,0.000000,0.000000,0.000000,0.000000,0.000000,0.000000
1778766125.220276,sequential_ik_elbow_then_wrist,1,0,-0.039234,0.112398,-0.275368,-0.251929,0.103716,-0.486757,-0.005792,-0.142734,-0.263806,-0.179617,-0.214249,-0.497623,0.000614,0.031624,0.023551,0.177780,0.000216,0.024501,0.013982,0.156384,0.000000,0.000000,0.000000,0.636347,-0.671880,-2.092428,0.555885,-0.277968,-0.650724,2.343845,0.674729,0.000000,0.000000,0.000000,0.000000,0.000000,0.000000
1778766125.259920,sequential_ik_elbow_then_wrist,0,0,-0.062340,0.101288,-0.275417,-0.273377,0.083810,-0.487921,-0.024705,-0.159259,-0.253034,-0.165744,-0.250585,-0.501565,0.000004,0.041602,0.001942,0.203964,0.000072,0.017289,0.005790,0.131484,0.000000,0.000000,0.000000,0.612257,-0.789385,-2.343845,0.423412,-0.245562,-0.739849,2.534922,0.540032,0.000000,0.000000,0.000000,0.000000,0.000000,0.000000
1778766125.300824,sequential_ik_elbow_then_wrist,1,0,-0.056337,0.132444,-0.263220,-0.240639,0.121749,-0.499691,-0.013660,-0.143214,-0.263255,-0.125708,-0.213781,-0.532449,0.000293,0.026295,0.015250,0.161897,0.000050,0.009877,0.005807,0.099058,0.000000,0.000000,0.000000,0.585060,-0.862312,-2.534922,0.344725,-0.217381,-0.816630,2.680141,0.456955,0.000000,0.000000,0.000000,0.000000,0.000000,0.000000
1778766125.341493,sequential_ik_elbow_then_wrist,1,0,-0.065392,0.142248,-0.255909,-0.244581,0.134236,-0.496382,-0.000585,-0.128988,-0.270854,-0.111377,-0.181990,-0.544562,0.000110,0.026791,0.008698,0.163469,0.000198,0.009078,0.012617,0.095190,0.000000,0.000000,0.000000,0.559064,-0.904626,-2.680141,0.304891,-0.188188,-0.887671,2.790507,0.403517,0.000000,0.000000,0.000000,0.000000,0.000000,0.000000
1778766125.387621,sequential_ik_elbow_then_wrist,0,0,-0.073010,0.115765,-0.266960,-0.247758,0.073709,-0.507157,0.014706,-0.123652,-0.272936,-0.097163,-0.175080,-0.546506,0.000113,0.036135,0.009291,0.189865,0.000448,0.008375,0.020361,0.091515,0.000000,0.000000,0.000000,0.545231,-0.947777,-2.790507,0.296956,-0.153784,-0.948363,2.874385,0.363137,0.000000,0.000000,0.000000,0.000000,0.000000,0.000000
1778766125.442549,sequential_ik_elbow_then_wrist,1,0,-0.063628,0.093710,-0.277795,-0.227852,0.052323,-0.525419,-0.001645,-0.109493,-0.279300,-0.108738,-0.156992,-0.555479,0.000182,0.031520,0.010842,0.177533,0.000041,0.010832,0.004687,0.104069,0.000000,0.000000,0.000000,0.539697,-0.999139,-2.874385,0.287618,-0.126218,-1.004983,2.938133,0.328917,0.000000,0.000000,0.000000,0.000000,0.000000,0.000000
1778766125.485067,sequential_ik_elbow_then_wrist,1,0,-0.070283,0.107884,-0.270964,-0.221280,0.073348,-0.527882,0.013916,-0.122829,-0.273349,-0.102282,-0.147306,-0.548846,0.000044,0.024894,0.005901,0.157775,0.000238,0.010967,0.014805,0.104483,0.000000,0.000000,0.000000,0.538671,-1.031850,-2.938133,0.278288,-0.097218,-1.041534,2.986581,0.319853,0.000000,0.000000,0.000000,0.000000,0.000000,0.000000
1778766125.526774,sequential_ik_elbow_then_wrist,0,0,-0.001592,0.090961,-0.285873,-0.117559,0.136211,-0.558827,-0.013967,-0.216740,-0.206950,-0.293310,-0.237387,-0.314380,0.001831,0.002765,0.040330,0.049729,0.001734,0.120869,0.028315,0.347646,0.000000,0.000000,0.000000,0.519828,-1.085901,-2.986581,0.230186,-0.081828,-0.996329,3.023402,0.304972,0.000000,0.000000,0.000000,0.000000,0.000000,0.000000
1778766125.567306,sequential_ik_elbow_then_wrist,0,0,-0.006397,0.096739,-0.283903,-0.218842,0.053663,-0.491294,0.016529,-0.186474,-0.234423,-0.183016,-0.191966,-0.458369,0.001074,0.040421,0.032314,0.201044,0.000204,0.042663,0.012683,0.204458,0.000000,0.000000,0.000000,0.492343,-1.127749,-3.023402,0.197344,-0.056798,-0.970377,3.051385,0.364026,0.000000,0.000000,0.000000,0.000000,0.000000,0.000000
1778766125.960836,sequential_ik_elbow_then_wrist,0,0,-0.256239,-0.055294,0.145891,-0.351881,-0.129276,0.420444,-0.184600,-0.214028,0.100574,-0.293132,-0.223870,0.380081,0.108447,0.160074,0.308728,0.363807,0.024758,0.037749,0.118794,0.178457,0.000000,0.000000,0.000000,0.639828,-0.942071,-2.297785,0.571959,-0.162871,-0.736948,2.319053,0.593294,0.000000,0.000000,0.000000,0.000000,0.000000,0.000000
1778766126.003819,sequential_ik_elbow_then_wrist,0,0,-0.183751,-0.109899,-0.210137,-0.272353,-0.262004,0.032791,-0.193046,-0.229307,-0.012305,-0.263201,-0.218489,0.279176,0.013992,0.059019,0.097078,0.242317,0.000451,0.006179,0.014154,0.077565,0.000000,0.000000,0.000000,0.885832,-0.892483,-1.746317,0.898315,-0.280641,-0.567563,1.762480,0.798144,0.000000,0.000000,0.000000,0.000000,0.000000,0.000000
1778766126.654192,sequential_ik_elbow_then_wrist,0,0,0.062036,-0.124359,-0.265869,0.097208,-0.422217,-0.272485,-0.092181,-0.213660,-0.189346,-0.190389,-0.433698,-0.010633,0.029438,0.275042,0.156046,0.524294,0.005256,0.004483,0.049906,0.062535,0.000000,0.000000,0.000000,1.138603,-1.012836,-2.080801,1.176497,-0.331146,-0.558857,1.339485,0.896393,0.000000,0.000000,0.000000,0.000000,0.000000,0.000000
1778766126.689415,sequential_ik_elbow_then_wrist,0,0,-0.149145,-0.172282,-0.195128,-0.268553,-0.436936,-0.270624,-0.214990,-0.108575,-0.178860,-0.479269,-0.233584,-0.246159,0.009788,0.289264,0.083691,0.530703,0.004664,0.048431,0.055770,0.189006,0.000000,0.000000,0.000000,1.378607,-0.987073,-2.335009,1.178429,-0.460822,-0.577076,1.771608,0.700512,0.000000,0.000000,0.000000,0.000000,0.000000,0.000000
1778766126.728731,sequential_ik_elbow_then_wrist,0,0,0.130775,0.113913,-0.244789,0.298566,0.168396,-0.487437,-0.056504,0.093576,-0.279376,0.031391,0.205160,-0.543617,0.019396,0.004068,0.102285,0.046448,0.021484,0.037475,0.127415,0.182281,0.000000,0.000000,0.000000,1.558514,-1.194328,-2.528206,1.074996,-0.623329,-0.752618,2.100022,0.708076,0.000000,0.000000,0.000000,0.000000,0.000000,0.000000
1778766126.774361,sequential_ik_elbow_then_wrist,0,0,-0.042339,0.253014,-0.155535,-0.166361,0.505438,-0.259941,0.112162,0.099797,-0.259731,-0.006660,0.259453,-0.484211,0.040877,0.186409,0.194328,0.431687,0.008153,0.077769,0.068927,0.272264,0.000000,0.000000,0.000000,1.803390,-1.430818,-2.675037,1.014254,-0.741153,-1.025901,2.349617,0.569002,0.000000,0.000000,0.000000,0.000000,0.000000,0.000000
1778766126.809927,sequential_ik_elbow_then_wrist,0,0,-0.007468,0.204346,-0.219515,-0.068042,0.426896,-0.411354,0.093863,-0.043762,-0.281557,-0.181902,0.034130,-0.370364,0.005285,0.040840,0.066961,0.196191,0.005577,0.123710,0.073648,0.350186,0.000000,0.000000,0.000000,2.055130,-1.628107,-2.786628,0.851759,-0.857081,-1.220008,2.539309,0.384441,0.000000,0.000000,0.000000,0.000000,0.000000,0.000000
1778766126.841507,sequential_ik_elbow_then_wrist,0,0,0.099635,0.171666,-0.224952,-0.001870,0.351591,-0.442493,0.093484,-0.026593,-0.283819,-0.198095,0.039881,-0.307538,0.000746,0.024851,0.024727,0.153393,0.002658,0.167974,0.051009,0.409846,0.000000,0.000000,0.000000,2.219376,-1.784429,-2.871437,0.641017,-0.962984,-1.370453,2.683475,0.244176,0.000000,0.000000,0.000000,0.000000,0.000000,0.000000
1778766126.876280,sequential_ik_elbow_then_wrist,0,0,-0.005468,0.104654,-0.281101,-0.201904,0.171674,-0.497714,-0.005422,-0.007810,-0.299849,0.021197,0.092274,-0.581407,0.002865,0.071207,0.043919,0.266281,0.001002,0.007996,0.021613,0.087153,0.000000,0.000000,0.000000,2.369201,-1.834188,-2.935892,0.439173,-1.044413,-1.429288,2.793041,0.185569,0.000000,0.000000,0.000000,0.000000,0.000000,0.000000
1778766126.920598,sequential_ik_elbow_then_wrist,0,0,-0.022801,0.032864,-0.297322,-0.085046,-0.204658,-0.469684,0.110226,-0.010207,-0.278830,-0.008369,0.210905,-0.443282,0.002132,0.083167,0.038136,0.288386,0.002330,0.068878,0.041675,0.261683,0.000000,0.000000,0.000000,2.492669,-1.810276,-2.984878,0.285771,-1.115453,-1.531718,2.876311,0.093032,0.000000,0.000000,0.000000,0.000000,0.000000,0.000000
1778766126.959478,sequential_ik_elbow_then_wrist,0,0,-0.030034,0.042122,-0.295506,-0.104396,-0.055151,-0.569382,0.094256,0.009136,-0.284662,-0.062491,0.157895,-0.492751,0.001547,0.017263,0.039046,0.131389,0.000135,0.059775,0.011187,0.244490,0.000000,0.000000,0.000000,2.593243,-1.782914,-3.022107,0.169186,-1.173784,-1.615790,2.939596,0.022704,0.000000,0.000000,0.000000,0.000000,0.000000,0.000000
1778766127.001037,sequential_ik_elbow_then_wrist,0,0,-0.138963,-0.035242,-0.263529,-0.272771,-0.144765,-0.508682,0.009710,-0.031940,-0.298137,-0.238423,-0.086910,-0.457536,0.018159,0.059900,0.131879,0.244745,0.002065,0.078303,0.039085,0.279827,0.000000,0.000000,0.000000,2.662151,-1.696067,-3.050402,0.080581,-1.224727,-1.624465,2.987693,-0.030745,0.000000,0.000000,0.000000,0.000000,0.000000,0.000000
1778766127.040083,sequential_ik_elbow_then_wrist,0,0,-0.115345,-0.045797,-0.273127,-0.234051,-0.139824,-0.532101,-0.046308,-0.043657,-0.293172,-0.257025,-0.209167,-0.428097,0.008951,0.029302,0.093482,0.171179,0.001899,0.074383,0.038634,0.272732,0.000000,0.000000,0.000000,2.689621,-1.605473,-3.071905,0.013242,-1.261329,-1.582739,3.024247,-0.071366,0.000000,0.000000,0.000000,0.000000,0.000000,0.000000
1778766127.078765,sequential_ik_elbow_then_wrist,0,0,-0.095382,0.018053,-0.283860,-0.217496,-0.057888,-0.547149,-0.049670,-0.054963,-0.290709,-0.264023,-0.221380,-0.418609,0.009373,0.030775,0.095596,0.175428,0.001887,0.067463,0.042802,0.259737,0.000000,0.000000,0.000000,2.691196,-1.567890,-3.088248,-0.037936,-1.280485,-1.535488,3.052028,-0.102238,0.000000,0.000000,0.000000,0.000000,0.000000,0.000000
1778766127.119840,sequential_ik_elbow_then_wrist,0,0,-0.073312,0.038404,-0.288358,-0.181800,0.013470,-0.566941,-0.059140,-0.084700,-0.281653,-0.272970,-0.252113,-0.409126,0.007156,0.028905,0.084006,0.170015,0.004175,0.064119,0.063764,0.253218,0.000000,0.000000,0.000000,2.686367,-1.562441,-3.100668,-0.076831,-1.276504,-1.482674,3.073141,-0.125701,0.000000,0.000000,0.000000,0.000000,0.000000,0.000000
1778766127.153477,sequential_ik_elbow_then_wrist,0,0,-0.042810,0.039595,-0.294278,-0.109223,0.035506,-0.586806,-0.049016,-0.117002,-0.271860,-0.250569,-0.289384,-0.412078,0.003239,0.013057,0.056581,0.114155,0.007681,0.056290,0.086527,0.237256,0.000000,0.000000,0.000000,2.683675,-1.572957,-3.110108,-0.094328,-1.242123,-1.430946,3.089187,-0.143533,0.000000,0.000000,0.000000,0.000000,0.000000,0.000000
1778766127.193202,sequential_ik_elbow_then_wrist,0,0,-0.019505,0.065329,-0.292150,-0.096979,0.063902,-0.581970,-0.052102,-0.128080,-0.266235,-0.271470,-0.283756,-0.399061,0.002299,0.013487,0.046755,0.116027,0.006546,0.037825,0.079256,0.194486,0.000000,0.000000,0.000000,2.687493,-1.605770,-3.117282,-0.119689,-1.180379,-1.375637,3.101382,-0.157085,0.000000,0.000000,0.000000,0.000000,0.000000,0.000000
1778766127.233273,sequential_ik_elbow_then_wrist,1,0,0.024847,0.091062,-0.284764,-0.061466,0.136367,-0.568485,-0.026452,-0.152400,-0.257049,-0.241541,-0.318410,-0.384241,0.000560,0.012947,0.019244,0.113783,0.008659,0.030720,0.090759,0.175271,0.000000,0.000000,0.000000,2.694774,-1.663459,-3.122734,-0.138964,-1.085628,-1.321665,3.110651,-0.167385,0.000000,0.000000,0.000000,0.000000,0.000000,0.000000
1778766127.284960,sequential_ik_elbow_then_wrist,1,0,0.022051,0.121064,-0.273600,-0.042784,0.190039,-0.558274,-0.027287,-0.170181,-0.245548,-0.236344,-0.353989,-0.357397,0.000816,0.012281,0.026070,0.110819,0.005820,0.022552,0.072861,0.150173,0.000000,0.000000,0.000000,2.711513,-1.732937,-3.126878,-0.153613,-0.965061,-1.256417,3.117694,-0.175212,0.000000,0.000000,0.000000,0.000000,0.000000,0.000000
1778766127.323281,sequential_ik_elbow_then_wrist,1,0,0.019282,0.132760,-0.268334,-0.028630,0.239258,-0.544671,-0.020320,-0.183115,-0.236762,-0.185061,-0.408135,-0.347335,0.000648,0.010719,0.024163,0.103355,0.003273,0.015393,0.053453,0.124067,0.000000,0.000000,0.000000,2.737847,-1.799376,-3.130027,-0.150129,-0.828872,-1.186629,3.123048,-0.181161,0.000000,0.000000,0.000000,0.000000,0.000000,0.000000
1778766127.365313,sequential_ik_elbow_then_wrist,1,0,0.019956,0.158072,-0.254195,-0.027615,0.299569,-0.514417,0.007858,-0.202747,-0.220980,-0.108917,-0.455580,-0.332509,0.000630,0.010857,0.022608,0.103988,0.002832,0.009653,0.048445,0.098248,0.000000,0.000000,0.000000,2.772906,-1.871231,-3.132421,-0.131702,-0.676850,-1.112552,3.127116,-0.185683,0.000000,0.000000,0.000000,0.000000,0.000000,0.000000
1778766127.403982,sequential_ik_elbow_then_wrist,1,0,0.019408,0.173290,-0.244119,-0.028811,0.350705,-0.481181,0.030145,-0.204112,-0.217784,-0.081525,-0.463071,-0.320105,0.000367,0.009958,0.016960,0.099474,0.001593,0.011998,0.035907,0.109536,0.000000,0.000000,0.000000,2.812995,-1.942387,-3.134240,-0.098677,-0.520657,-1.046567,3.130208,-0.189119,0.000000,0.000000,0.000000,0.000000,0.000000,0.000000
1778766127.438822,sequential_ik_elbow_then_wrist,1,0,0.018402,0.179495,-0.239673,-0.047564,0.385109,-0.447930,0.014379,-0.207933,-0.215771,-0.138283,-0.451440,-0.301787,0.000152,0.012184,0.011018,0.110017,0.000129,0.029865,0.009926,0.172816,0.000000,0.000000,0.000000,2.853380,-2.005192,-3.135622,-0.052094,-0.390206,-0.990134,3.132558,-0.191730,0.000000,0.000000,0.000000,0.000000,0.000000,0.000000
1778766127.474653,sequential_ik_elbow_then_wrist,0,0,0.006072,0.204233,-0.219663,-0.085843,0.446790,-0.370388,-0.028265,-0.220973,-0.200928,-0.203150,-0.461247,-0.241960,0.000372,0.017511,0.015952,0.131411,0.000355,0.045285,0.015893,0.212804,0.000000,0.000000,0.000000,2.899260,-2.074007,-3.136673,0.020637,-0.311020,-0.933308,3.134344,-0.193715,0.000000,0.000000,0.000000,0.000000,0.000000,0.000000
1778766127.529539,sequential_ik_elbow_then_wrist,0,0,0.000605,0.209338,-0.214889,-0.105865,0.458605,-0.343458,-0.014926,-0.230910,-0.190940,-0.182993,-0.478270,-0.214736,0.000143,0.017054,0.010209,0.130431,0.000043,0.038840,0.004376,0.197079,0.000000,0.000000,0.000000,2.945760,-2.135606,-3.137471,0.091477,-0.251440,-0.878377,3.135702,-0.195223,0.000000,0.000000,0.000000,0.000000,0.000000,0.000000
1778766127.573210,sequential_ik_elbow_then_wrist,0,0,-0.014155,0.213431,-0.210350,-0.153943,0.469374,-0.280722,0.012544,-0.229687,-0.192579,-0.143143,-0.486041,-0.199230,0.000244,0.025633,0.014684,0.159360,0.000172,0.040417,0.011116,0.201040,0.000000,0.000000,0.000000,2.992378,-2.188419,-3.138078,0.182286,-0.189583,-0.835476,3.136733,-0.196370,0.000000,0.000000,0.000000,0.000000,0.000000,0.000000
1778766127.605363,sequential_ik_elbow_then_wrist,0,0,-0.046123,0.225612,-0.192281,-0.234159,0.457133,-0.160020,0.016388,-0.229392,-0.192641,-0.135422,-0.478880,-0.124014,0.002242,0.061540,0.046952,0.246365,0.000052,0.070016,0.006138,0.264606,0.000000,0.000000,0.000000,3.027807,-2.243284,-3.138539,0.321034,-0.133370,-0.802504,3.137517,-0.197241,0.000000,0.000000,0.000000,0.000000,0.000000,0.000000
1778766127.651881,sequential_ik_elbow_then_wrist,0,0,-0.065788,0.222092,-0.190649,-0.240186,0.459032,-0.131956,-0.028434,-0.226670,-0.194454,-0.146492,-0.487539,-0.104956,0.004432,0.062331,0.066560,0.249172,0.000356,0.069514,0.016050,0.263654,0.000000,0.000000,0.000000,3.054733,-2.287724,-3.138890,0.464011,-0.114444,-0.779217,3.138113,-0.197903,0.000000,0.000000,0.000000,0.000000,0.000000,0.000000
1778766127.692560,sequential_ik_elbow_then_wrist,0,0,-0.090441,0.226133,-0.175170,-0.289165,0.428912,-0.078272,-0.053833,-0.238831,-0.173384,-0.231761,-0.454862,-0.065346,0.008474,0.091150,0.091965,0.301378,0.000433,0.083393,0.016736,0.288779,0.000000,0.000000,0.000000,3.075197,-2.331253,-3.139156,0.615711,-0.125006,-0.745417,3.138566,-0.198406,0.000000,0.000000,0.000000,0.000000,0.000000,0.000000
1778766127.728319,sequential_ik_elbow_then_wrist,0,0,-0.137691,0.210844,-0.163052,-0.336631,0.407952,-0.055481,-0.102707,-0.238250,-0.150626,-0.278392,-0.452758,-0.036079,0.020185,0.121974,0.142071,0.348964,0.000885,0.066081,0.023355,0.257062,0.000000,0.000000,0.000000,3.090750,-2.366751,-3.139359,0.764768,-0.172460,-0.699725,3.138910,-0.198789,0.000000,0.000000,0.000000,0.000000,0.000000,0.000000
1778766127.763443,sequential_ik_elbow_then_wrist,0,0,-0.171563,0.193121,-0.152545,-0.359823,0.363137,0.007621,-0.153704,-0.229437,-0.117191,-0.338392,-0.382683,0.062825,0.032468,0.372955,0.180189,0.608190,0.001090,0.032550,0.024548,0.151624,0.000000,0.000000,0.000000,3.102570,-2.392575,-2.385913,0.745278,-0.253701,-0.637284,2.385572,0.035583,0.000000,0.000000,0.000000,0.000000,0.000000,0.000000
1778766127.818780,sequential_ik_elbow_then_wrist,0,0,-0.175747,0.186461,-0.156029,-0.359594,0.320010,0.039841,-0.156606,-0.229567,-0.113020,-0.383246,-0.310804,0.065963,0.034260,0.306682,0.185083,0.546695,0.000117,0.026223,0.007806,0.159521,0.000000,0.000000,0.000000,3.111553,-2.407098,-1.813294,0.518412,-0.330558,-0.580030,1.813035,0.280544,0.000000,0.000000,0.000000,0.000000,0.000000,0.000000
1778766127.850921,sequential_ik_elbow_then_wrist,0,0,-0.175656,0.187220,-0.155222,-0.354521,0.294985,0.060171,-0.160211,-0.232772,-0.100744,-0.369513,-0.269162,0.111078,0.034211,0.321015,0.184962,0.566582,0.000043,0.026303,0.004452,0.161015,0.000000,0.000000,0.000000,3.118380,-2.417384,-1.378103,0.345993,-0.394026,-0.526112,1.377906,0.513335,0.000000,0.000000,0.000000,0.000000,0.000000,0.000000
1778766127.893559,sequential_ik_elbow_then_wrist,0,0,-0.181051,0.184741,-0.151957,-0.361812,0.274503,0.070008,-0.154012,-0.243758,-0.082838,-0.360967,-0.266477,0.133156,0.036609,0.342271,0.191335,0.585039,0.000072,0.027273,0.005699,0.165050,0.000000,0.000000,0.000000,3.123569,-2.425625,-1.047358,0.214954,-0.436646,-0.471147,1.047209,0.703717,0.000000,0.000000,0.000000,0.000000,0.000000,0.000000
1778766127.932690,sequential_ik_elbow_then_wrist,0,0,-0.186524,0.178456,-0.152848,-0.370712,0.252203,0.072177,-0.145560,-0.252123,-0.072430,-0.348460,-0.263104,0.148276,0.039160,0.364120,0.197885,0.603423,0.000055,0.029732,0.005064,0.172393,0.000000,0.000000,0.000000,3.127513,-2.428704,-0.795992,0.115365,-0.460392,-0.419530,0.795879,0.857109,0.000000,0.000000,0.000000,0.000000,0.000000,0.000000
1778766127.972493,sequential_ik_elbow_then_wrist,0,0,-0.185166,0.180245,-0.152399,-0.366049,0.251843,0.075975,-0.141291,-0.254676,-0.071951,-0.340516,-0.275571,0.151370,0.038513,0.363909,0.196246,0.603249,0.000011,0.028211,0.002307,0.167962,0.000000,0.000000,0.000000,3.130510,-2.431118,-0.604954,0.039678,-0.473191,-0.377737,0.604868,0.972792,0.000000,0.000000,0.000000,0.000000,0.000000,0.000000
1778766128.021776,sequential_ik_elbow_then_wrist,0,0,-0.187750,0.181223,-0.148014,-0.367331,0.243252,0.084157,-0.148940,-0.250980,-0.069469,-0.334992,-0.268772,0.165197,0.039750,0.372989,0.199371,0.610728,0.000007,0.025069,0.001767,0.158315,0.000000,0.000000,0.000000,3.132787,-2.435790,-0.459765,-0.017845,-0.486871,-0.343809,0.459699,1.066372,0.000000,0.000000,0.000000,0.000000,0.000000,0.000000
1778766128.058988,sequential_ik_elbow_then_wrist,0,0,-0.183779,0.190508,-0.141181,-0.353527,0.248223,0.099349,-0.149375,-0.253548,-0.058313,-0.328175,-0.265053,0.182307,0.037902,0.363957,0.194649,0.603288,0.000018,0.023363,0.002802,0.152842,0.000000,0.000000,0.000000,3.134518,-2.448083,-0.349422,-0.061562,-0.497668,-0.310482,0.349372,1.140866,0.000000,0.000000,0.000000,0.000000,0.000000,0.000000
1778766128.093520,sequential_ik_elbow_then_wrist,0,0,-0.170930,0.201223,-0.142451,-0.342268,0.250911,0.098742,-0.145085,-0.256332,-0.056959,-0.318434,-0.279354,0.186804,0.032225,0.347379,0.179492,0.589388,0.000005,0.020128,0.001528,0.141863,0.000000,0.000000,0.000000,3.135834,-2.463860,-0.265560,-0.094787,-0.502810,-0.282578,0.265522,1.193740,0.000000,0.000000,0.000000,0.000000,0.000000,0.000000
1778766128.141782,sequential_ik_elbow_then_wrist,0,0,-0.169030,0.205470,-0.138604,-0.346671,0.257453,0.097492,-0.150900,-0.253704,-0.053513,-0.317234,-0.283575,0.194360,0.031438,0.339965,0.177291,0.583065,0.000006,0.017517,0.001603,0.132340,0.000000,0.000000,0.000000,3.136834,-2.481586,-0.201826,-0.120038,-0.509910,-0.258618,0.201797,1.229457,0.000000,0.000000,0.000000,0.000000,0.000000,0.000000
1778766128.187280,sequential_ik_elbow_then_wrist,0,0,-0.166471,0.210442,-0.134171,-0.348513,0.259398,0.099205,-0.152253,-0.250708,-0.062964,-0.332311,-0.277290,0.175515,0.030404,0.335188,0.174349,0.578954,0.000011,0.021363,0.002187,0.146154,0.000000,0.000000,0.000000,3.137594,-2.501155,-0.153388,-0.139229,-0.517739,-0.245722,0.153366,1.252992,0.000000,0.000000,0.000000,0.000000,0.000000,0.000000
1778766128.221382,sequential_ik_elbow_then_wrist,0,0,-0.173845,0.206226,-0.131335,-0.355615,0.244390,0.104256,-0.154963,-0.247006,-0.070531,-0.354258,-0.254790,0.153570,0.033444,0.350499,0.182876,0.592030,0.000015,0.030382,0.002564,0.174302,0.000000,0.000000,0.000000,3.138171,-2.517850,-0.116575,-0.153814,-0.526906,-0.241927,0.116558,1.272329,0.000000,0.000000,0.000000,0.000000,0.000000,0.000000
1778766128.258588,sequential_ik_elbow_then_wrist,0,0,-0.167192,0.212304,-0.130284,-0.349966,0.227217,0.107143,-0.163068,-0.244509,-0.060201,-0.363451,-0.256901,0.162718,0.030685,0.355521,0.175167,0.596256,0.000020,0.028634,0.002993,0.169181,0.000000,0.000000,0.000000,3.138610,-2.533933,-0.088597,-0.164899,-0.539734,-0.233889,0.088584,1.278893,0.000000,0.000000,0.000000,0.000000,0.000000,0.000000
1778766128.304374,sequential_ik_elbow_then_wrist,0,0,-0.163555,0.216480,-0.128008,-0.345156,0.237311,0.109872,-0.162730,-0.243053,-0.066665,-0.365462,-0.249997,0.154358,0.029243,0.344256,0.170999,0.586733,0.000004,0.029952,0.001275,0.173066,0.000000,0.000000,0.000000,3.138944,-2.549958,-0.067334,-0.173323,-0.551229,-0.230677,0.067324,1.283795,0.000000,0.000000,0.000000,0.000000,0.000000,0.000000
1778766128.339710,sequential_ik_elbow_then_wrist,0,0,-0.168150,0.215083,-0.124358,-0.343611,0.233944,0.118248,-0.162273,-0.243127,-0.067502,-0.358160,-0.247315,0.159678,0.031074,0.348608,0.176276,0.590430,0.000000,0.028053,0.000447,0.167468,0.000000,0.000000,0.000000,3.139197,-2.564883,-0.051173,-0.179726,-0.560130,-0.229429,0.051166,1.294069,0.000000,0.000000,0.000000,0.000000,0.000000,0.000000
1778766128.380947,sequential_ik_elbow_then_wrist,0,0,-0.170682,0.214651,-0.121624,-0.345383,0.228900,0.121843,-0.167229,-0.240304,-0.065487,-0.363883,-0.243583,0.161044,0.032116,0.353304,0.179207,0.594394,0.000004,0.028191,0.001454,0.167901,0.000000,0.000000,0.000000,3.139390,-2.578500,-0.038892,-0.184591,-0.570460,-0.227480,0.038886,1.301659,0.000000,0.000000,0.000000,0.000000,0.000000,0.000000
1778766128.431203,sequential_ik_elbow_then_wrist,0,0,-0.170662,0.214732,-0.121509,-0.340388,0.224399,0.125674,-0.165716,-0.241733,-0.064057,-0.354589,-0.244758,0.169005,0.032106,0.354769,0.179181,0.595625,0.000000,0.025453,0.000449,0.159531,0.000000,0.000000,0.000000,3.139536,-2.589610,-0.029558,-0.188289,-0.577907,-0.224865,0.029554,1.311490,0.000000,0.000000,0.000000,0.000000,0.000000,0.000000
1778766128.477128,sequential_ik_elbow_then_wrist,0,0,-0.165981,0.218252,-0.121721,-0.334119,0.230096,0.126451,-0.164802,-0.243313,-0.060324,-0.346453,-0.241401,0.178421,0.030199,0.346137,0.173778,0.588334,0.000003,0.024381,0.001064,0.156123,0.000000,0.000000,0.000000,3.139648,-2.599342,-0.022464,-0.191100,-0.582450,-0.220263,0.022461,1.325291,0.000000,0.000000,0.000000,0.000000,0.000000,0.000000
1778766128.513977,sequential_ik_elbow_then_wrist,0,0,-0.165560,0.217959,-0.122815,-0.332890,0.230857,0.125851,-0.164949,-0.243785,-0.057971,-0.344248,-0.240236,0.182527,0.030030,0.344786,0.173293,0.587185,0.000001,0.024169,0.000784,0.155459,0.000000,0.000000,0.000000,3.139732,-2.606360,-0.017073,-0.193236,-0.585542,-0.214687,0.017070,1.338206,0.000000,0.000000,0.000000,0.000000,0.000000,0.000000
1778766128.560466,sequential_ik_elbow_then_wrist,0,0,-0.163593,0.218758,-0.124026,-0.332916,0.234018,0.123152,-0.164964,-0.243887,-0.057501,-0.344973,-0.240164,0.182463,0.029254,0.341426,0.171038,0.584317,0.000000,0.024488,0.000289,0.156488,0.000000,0.000000,0.000000,3.139796,-2.611133,-0.012975,-0.194859,-0.587778,-0.209678,0.012973,1.347801,0.000000,0.000000,0.000000,0.000000,0.000000,0.000000
1778766128.594473,sequential_ik_elbow_then_wrist,0,0,-0.160793,0.218760,-0.127631,-0.327763,0.236135,0.121004,-0.162584,-0.246291,-0.053918,-0.334605,-0.243183,0.191844,0.028173,0.337488,0.167845,0.580937,0.000003,0.022134,0.001208,0.148768,0.000000,0.000000,0.000000,3.139845,-2.612473,-0.009861,-0.196093,-0.587397,-0.203446,0.009860,1.358037,0.000000,0.000000,0.000000,0.000000,0.000000,0.000000
1778766128.633417,sequential_ik_elbow_then_wrist,0,0,-0.158225,0.219721,-0.129179,-0.324062,0.237979,0.120150,-0.160034,-0.248237,-0.052608,-0.317096,-0.245816,0.202981,0.027202,0.334579,0.164929,0.578428,0.000003,0.018406,0.001085,0.135631,0.000000,0.000000,0.000000,3.139882,-2.612264,-0.007494,-0.197031,-0.584629,-0.197333,0.007493,1.373441,0.000000,0.000000,0.000000,0.000000,0.000000,0.000000
1778766128.680418,sequential_ik_elbow_then_wrist,0,0,-0.156584,0.219988,-0.130716,-0.319739,0.238927,0.120325,-0.160930,-0.247811,-0.051879,-0.317208,-0.245941,0.204195,0.026593,0.332537,0.163073,0.576660,0.000000,0.018371,0.000286,0.135537,0.000000,0.000000,0.000000,3.139911,-2.610957,-0.005696,-0.197743,-0.582543,-0.191915,0.005695,1.386595,0.000000,0.000000,0.000000,0.000000,0.000000,0.000000
1778766128.717854,sequential_ik_elbow_then_wrist,0,0,-0.157320,0.218039,-0.133077,-0.321633,0.236714,0.117227,-0.159432,-0.248616,-0.052645,-0.319953,-0.246418,0.200788,0.026866,0.335239,0.163904,0.578999,0.000000,0.019516,0.000418,0.139700,0.000000,0.000000,0.000000,3.139932,-2.607595,-0.004329,-0.198285,-0.579912,-0.188100,0.004328,1.395695,0.000000,0.000000,0.000000,0.000000,0.000000,0.000000
1778766128.760057,sequential_ik_elbow_then_wrist,0,0,-0.157748,0.216429,-0.135181,-0.325651,0.234536,0.112771,-0.156092,-0.250189,-0.055140,-0.319012,-0.248530,0.196762,0.027024,0.338330,0.164385,0.581662,0.000003,0.020203,0.001145,0.142138,0.000000,0.000000,0.000000,3.139948,-2.602592,-0.003290,-0.198697,-0.575398,-0.186836,0.003289,1.403024,0.000000,0.000000,0.000000,0.000000,0.000000,0.000000
1778766128.796205,sequential_ik_elbow_then_wrist,0,0,-0.158596,0.214928,-0.136577,-0.328607,0.234254,0.109843,-0.156304,-0.249733,-0.056591,-0.321475,-0.246260,0.193822,0.027339,0.340291,0.165343,0.583345,0.000001,0.021378,0.000494,0.146211,0.000000,0.000000,0.000000,3.139961,-2.596761,-0.002500,-0.199009,-0.571626,-0.187160,0.002500,1.409682,0.000000,0.000000,0.000000,0.000000,0.000000,0.000000
1778766128.836883,sequential_ik_elbow_then_wrist,0,0,-0.159760,0.211477,-0.140550,-0.329880,0.229534,0.105891,-0.154037,-0.250664,-0.058651,-0.321481,-0.246796,0.190242,0.027780,0.345072,0.166664,0.587428,0.000002,0.022126,0.000850,0.148749,0.000000,0.000000,0.000000,3.139970,-2.588227,-0.001900,-0.199247,-0.567182,-0.188995,0.001900,1.415909,0.000000,0.000000,0.000000,0.000000,0.000000,0.000000
1778766128.862712,sequential_ik_elbow_then_wrist,0,0,-0.159948,0.208896,-0.144149,-0.335550,0.229127,0.098245,-0.152277,-0.251163,-0.061063,-0.328441,-0.245780,0.181707,0.027850,0.347340,0.166874,0.589356,0.000002,0.025145,0.000903,0.158571,0.000000,0.000000,0.000000,3.139977,-2.577578,-0.001444,-0.199428,-0.562334,-0.192272,0.001444,1.419462,0.000000,0.000000,0.000000,0.000000,0.000000,0.000000
1778766128.908025,sequential_ik_elbow_then_wrist,0,0,-0.159615,0.207315,-0.146777,-0.339999,0.229411,0.091914,-0.152092,-0.251160,-0.061538,-0.335061,-0.245495,0.176138,0.027720,0.348467,0.166489,0.590311,0.000000,0.027478,0.000323,0.165762,0.000000,0.000000,0.000000,3.139983,-2.566229,-0.001098,-0.199565,-0.558198,-0.195493,0.001097,1.419307,0.000000,0.000000,0.000000,0.000000,0.000000,0.000000
1778766128.946192,sequential_ik_elbow_then_wrist,0,0,-0.160810,0.206167,-0.147089,-0.341689,0.228987,0.091159,-0.151252,-0.251822,-0.060896,-0.333366,-0.246477,0.177445,0.028171,0.350762,0.167840,0.592252,0.000000,0.027174,0.000312,0.164847,0.000000,0.000000,0.000000,3.139987,-2.556061,-0.000834,-0.199670,-0.554287,-0.197703,0.000834,1.418854,0.000000,0.000000,0.000000,0.000000,0.000000,0.000000
1778766128.977144,sequential_ik_elbow_then_wrist,0,0,-0.163853,0.204021,-0.146723,-0.345326,0.227692,0.090989,-0.150842,-0.252100,-0.060766,-0.332890,-0.246824,0.177625,0.029347,0.354924,0.171309,0.595755,0.000000,0.027246,0.000199,0.165064,0.000000,0.000000,0.000000,3.139990,-2.547247,-0.000634,-0.199749,-0.550823,-0.199246,0.000634,1.418518,0.000000,0.000000,0.000000,0.000000,0.000000,0.000000
1778766129.027859,sequential_ik_elbow_then_wrist,0,0,-0.166421,0.202036,-0.146580,-0.349765,0.227120,0.089547,-0.151307,-0.251917,-0.060366,-0.334976,-0.247509,0.176797,0.030364,0.358204,0.174253,0.598501,0.000000,0.027655,0.000128,0.166296,0.000000,0.000000,0.000000,3.139992,-2.539522,-0.000482,-0.199809,-0.548376,-0.200136,0.000482,1.416685,0.000000,0.000000,0.000000,0.000000,0.000000,0.000000
1778766129.066883,sequential_ik_elbow_then_wrist,0,0,-0.166797,0.201701,-0.146612,-0.350456,0.227309,0.089213,-0.151845,-0.251654,-0.060110,-0.342286,-0.246857,0.171643,0.030515,0.358748,0.174686,0.598955,0.000000,0.029955,0.000182,0.173066,0.000000,0.000000,0.000000,3.139994,-2.533202,-0.000366,-0.199855,-0.546932,-0.200586,0.000366,1.411152,0.000000,0.000000,0.000000,0.000000,0.000000,0.000000
1778766129.106162,sequential_ik_elbow_then_wrist,0,0,-0.168514,0.200921,-0.145719,-0.352070,0.226359,0.090205,-0.153783,-0.250771,-0.058863,-0.347319,-0.244981,0.170289,0.031211,0.361160,0.176665,0.600966,0.000001,0.031107,0.000631,0.176366,0.000000,0.000000,0.000000,3.139996,-2.528448,-0.000278,-0.199890,-0.547243,-0.200092,0.000278,1.403426,0.000000,0.000000,0.000000,0.000000,0.000000,0.000000
1778766129.145450,sequential_ik_elbow_then_wrist,0,0,-0.169332,0.199956,-0.146097,-0.352939,0.226122,0.089708,-0.154599,-0.250375,-0.058407,-0.349468,-0.243581,0.169584,0.031546,0.362081,0.177611,0.601731,0.000000,0.031582,0.000392,0.177712,0.000000,0.000000,0.000000,3.139997,-2.524250,-0.000212,-0.199916,-0.548379,-0.199238,0.000211,1.395582,0.000000,0.000000,0.000000,0.000000,0.000000,0.000000
1778766129.188349,sequential_ik_elbow_then_wrist,0,0,-0.169298,0.199626,-0.146587,-0.352095,0.226495,0.089767,-0.154273,-0.251149,-0.055894,-0.344397,-0.244496,0.176073,0.031531,0.361866,0.177570,0.601553,0.000001,0.029765,0.000632,0.172525,0.000000,0.000000,0.000000,3.139997,-2.520483,-0.000161,-0.199936,-0.549036,-0.196900,0.000161,1.390559,0.000000,0.000000,0.000000,0.000000,0.000000,0.000000
1778766129.234566,sequential_ik_elbow_then_wrist,0,0,-0.168276,0.200055,-0.147177,-0.349376,0.229113,0.090223,-0.155078,-0.251021,-0.054217,-0.339137,-0.242453,0.182529,0.031113,0.359121,0.176389,0.599267,0.000001,0.028177,0.000557,0.167854,0.000000,0.000000,0.000000,3.139998,-2.517300,-0.000122,-0.199952,-0.549952,-0.193684,0.000122,1.390050,0.000000,0.000000,0.000000,0.000000,0.000000,0.000000
1778766129.267818,sequential_ik_elbow_then_wrist,0,0,-0.173011,0.197536,-0.145075,-0.352193,0.226231,0.093820,-0.156211,-0.250873,-0.051584,-0.333810,-0.245792,0.190144,0.033082,0.365559,0.181883,0.604615,0.000001,0.025387,0.000788,0.159332,0.000000,0.000000,0.000000,3.139999,-2.514924,-0.000093,-0.199963,-0.551392,-0.189260,0.000093,1.390334,0.000000,0.000000,0.000000,0.000000,0.000000,0.000000
1778766129.309634,sequential_ik_elbow_then_wrist,0,0,-0.174838,0.198820,-0.141075,-0.349689,0.228796,0.100852,-0.154376,-0.252835,-0.047356,-0.322728,-0.251340,0.200949,0.033868,0.365185,0.184029,0.604306,0.000004,0.021952,0.001272,0.148163,0.000000,0.000000,0.000000,3.139999,-2.515889,-0.000071,-0.199972,-0.551060,-0.182801,0.000071,1.391726,0.000000,0.000000,0.000000,0.000000,0.000000,0.000000
1778766129.342182,sequential_ik_elbow_then_wrist,0,0,-0.178956,0.198896,-0.135703,-0.346869,0.226666,0.111348,-0.161808,-0.248748,-0.044076,-0.329851,-0.246929,0.204436,0.035680,0.368894,0.188884,0.607366,0.000010,0.022046,0.002132,0.148471,0.000000,0.000000,0.000000,3.139999,-2.520522,-0.000054,-0.199979,-0.555705,-0.175138,0.000054,1.389541,0.000000,0.000000,0.000000,0.000000,0.000000,0.000000
1778766129.387382,sequential_ik_elbow_then_wrist,0,0,-0.184735,0.196648,-0.131159,-0.350308,0.220985,0.117825,-0.165833,-0.246287,-0.042921,-0.334640,-0.245016,0.205077,0.038326,0.376896,0.195765,0.613919,0.000006,0.021602,0.001630,0.146965,0.000000,0.000000,0.000000,3.139999,-2.526951,-0.000041,-0.199984,-0.563308,-0.167962,0.000041,1.383787,0.000000,0.000000,0.000000,0.000000,0.000000,0.000000
1778766129.425222,sequential_ik_elbow_then_wrist,0,0,-0.185496,0.196627,-0.130112,-0.352462,0.220803,0.117956,-0.167453,-0.244919,-0.044429,-0.335489,-0.244033,0.204093,0.038682,0.377081,0.196677,0.614069,0.000002,0.020897,0.000893,0.144558,0.000000,0.000000,0.000000,3.140000,-2.533335,-0.000031,-0.199988,-0.571347,-0.163139,0.000031,1.378062,0.000000,0.000000,0.000000,0.000000,0.000000,0.000000
1778766129.462111,sequential_ik_elbow_then_wrist,0,0,-0.185469,0.196454,-0.130410,-0.351606,0.220455,0.118232,-0.168379,-0.244162,-0.045092,-0.336164,-0.242737,0.203597,0.038668,0.376682,0.196643,0.613745,0.000001,0.020663,0.000527,0.143746,0.000000,0.000000,0.000000,3.140000,-2.538406,-0.000024,-0.199991,-0.578726,-0.160032,0.000024,1.373716,0.000000,0.000000,0.000000,0.000000,0.000000,0.000000
1778766129.497796,sequential_ik_elbow_then_wrist,0,0,-0.184524,0.196850,-0.131153,-0.351472,0.223904,0.116630,-0.168091,-0.244149,-0.046226,-0.336968,-0.241681,0.201715,0.038223,0.373431,0.195508,0.611090,0.000000,0.021004,0.000315,0.144928,0.000000,0.000000,0.000000,3.140000,-2.542047,-0.000018,-0.199993,-0.584491,-0.158505,0.000018,1.370931,0.000000,0.000000,0.000000,0.000000,0.000000,0.000000
1778766129.542746,sequential_ik_elbow_then_wrist,0,0,-0.182891,0.196769,-0.133539,-0.352362,0.233456,0.111275,-0.167677,-0.244185,-0.047518,-0.334461,-0.241687,0.201835,0.037463,0.365676,0.193553,0.604711,0.000000,0.020456,0.000377,0.143023,0.000000,0.000000,0.000000,3.140000,-2.543324,-0.000014,-0.199995,-0.588686,-0.158342,0.000014,1.370835,0.000000,0.000000,0.000000,0.000000,0.000000,0.000000
1778766129.580785,sequential_ik_elbow_then_wrist,0,0,-0.181404,0.196174,-0.136412,-0.354914,0.240735,0.104230,-0.171754,-0.240981,-0.049280,-0.340224,-0.238819,0.198940,0.036780,0.360194,0.191780,0.600162,0.000004,0.020807,0.001307,0.144244,0.000000,0.000000,0.000000,3.140000,-2.541943,-0.000010,-0.199996,-0.595032,-0.159550,0.000010,1.370083,0.000000,0.000000,0.000000,0.000000,0.000000,0.000000
1778766129.616644,sequential_ik_elbow_then_wrist,0,0,-0.179175,0.195108,-0.140816,-0.357913,0.244286,0.095054,-0.169939,-0.241179,-0.054345,-0.346710,-0.241856,0.188042,0.035775,0.356910,0.189136,0.597420,0.000004,0.022190,0.001293,0.148956,0.000000,0.000000,0.000000,3.140000,-2.537231,-0.000008,-0.199997,-0.599616,-0.163944,0.000008,1.366013,0.000000,0.000000,0.000000,0.000000,0.000000,0.000000
1778766129.654510,sequential_ik_elbow_then_wrist,0,0,-0.180674,0.194421,-0.139848,-0.357583,0.246541,0.096767,-0.169509,-0.241903,-0.052435,-0.345252,-0.243940,0.190691,0.036445,0.357643,0.190904,0.598033,0.000000,0.021594,0.000254,0.146947,0.000000,0.000000,0.000000,3.140000,-2.532816,-0.000006,-0.199998,-0.602567,-0.166882,0.000006,1.361963,0.000000,0.000000,0.000000,0.000000,0.000000,0.000000
1778766129.692330,sequential_ik_elbow_then_wrist,0,0,-0.178708,0.195863,-0.140360,-0.355530,0.257659,0.093980,-0.159144,-0.248862,-0.052353,-0.334601,-0.258362,0.190802,0.035561,0.348038,0.188576,0.589948,0.000020,0.020474,0.003027,0.143086,0.000000,0.000000,0.000000,3.140000,-2.529506,-0.000005,-0.199998,-0.596958,-0.168977,0.000005,1.357694,0.000000,0.000000,0.000000,0.000000,0.000000,0.000000
1778766129.728358,sequential_ik_elbow_then_wrist,0,0,-0.175284,0.202653,-0.134935,-0.348619,0.311992,0.084154,-0.153003,-0.252385,-0.053774,-0.334541,-0.306744,0.178796,0.034074,0.303759,0.184575,0.551143,0.000013,0.016252,0.002432,0.127048,0.000000,0.000000,0.000000,3.140000,-2.532810,-0.000003,-0.199999,-0.586446,-0.171426,0.000003,1.329148,0.000000,0.000000,0.000000,0.000000,0.000000,0.000000
1778766129.767428,sequential_ik_elbow_then_wrist,0,0,-0.167291,0.210956,-0.132330,-0.339302,0.343640,0.074569,-0.141754,-0.257886,-0.058316,-0.331695,-0.335177,0.160656,0.030736,0.270712,0.175297,0.520300,0.000030,0.016298,0.003749,0.127395,0.000000,0.000000,0.000000,3.140000,-2.541717,-0.000003,-0.199999,-0.569239,-0.176341,0.000003,1.287635,0.000000,0.000000,0.000000,0.000000,0.000000,0.000000
1778766129.805036,sequential_ik_elbow_then_wrist,0,0,-0.158139,0.220413,-0.128102,-0.330604,0.372476,0.064596,-0.117839,-0.267981,-0.065573,-0.312625,-0.375634,0.135597,0.027192,0.239552,0.164869,0.489440,0.000118,0.016361,0.007412,0.127675,0.000000,0.000000,0.000000,3.140000,-2.556192,-0.000002,-0.199999,-0.537917,-0.185380,0.000002,1.237409,0.000000,0.000000,0.000000,0.000000,0.000000,0.000000
1778766129.843092,sequential_ik_elbow_then_wrist,0,0,-0.151535,0.227182,-0.124200,-0.330827,0.396942,0.046200,-0.110673,-0.269135,-0.072922,-0.315042,-0.394082,0.107692,0.024795,0.213807,0.157439,0.462392,0.000036,0.019810,0.004103,0.140567,0.000000,0.000000,0.000000,3.140000,-2.573933,-0.000002,-0.199999,-0.505329,-0.198096,0.000002,1.182087,0.000000,0.000000,0.000000,0.000000,0.000000,0.000000
1778766129.879240,sequential_ik_elbow_then_wrist,0,0,-0.145965,0.231698,-0.122516,-0.322099,0.430199,0.017392,-0.112944,-0.264934,-0.083987,-0.307701,-0.412556,0.090017,0.022873,0.179667,0.151227,0.423872,0.000022,0.015556,0.003116,0.124660,0.000000,0.000000,0.000000,3.140000,-2.591723,-0.000001,-0.200000,-0.480714,-0.216160,0.000001,1.130547,0.000000,0.000000,0.000000,0.000000,0.000000,0.000000
1778766129.920673,sequential_ik_elbow_then_wrist,0,0,-0.136404,0.236116,-0.125073,-0.302703,0.451960,0.000450,-0.109014,-0.262995,-0.094601,-0.296322,-0.432040,0.067694,0.019798,0.153745,0.140704,0.392103,0.000025,0.011982,0.003337,0.109410,0.000000,0.000000,0.000000,3.140000,-2.606305,-0.000001,-0.200000,-0.460263,-0.238671,0.000001,1.083068,0.000000,0.000000,0.000000,0.000000,0.000000,0.000000
1778766129.960386,sequential_ik_elbow_then_wrist,0,0,-0.132545,0.236164,-0.129067,-0.294440,0.462563,-0.017114,-0.111366,-0.257258,-0.106845,-0.293848,-0.443702,0.041273,0.018634,0.140736,0.136502,0.375148,0.000033,0.009416,0.003847,0.096985,0.000000,0.000000,0.000000,3.140000,-2.615367,-0.000001,-0.200000,-0.447007,-0.265809,0.000001,1.039323,0.000000,0.000000,0.000000,0.000000,0.000000,0.000000
1778766129.991569,sequential_ik_elbow_then_wrist,0,0,-0.135168,0.232649,-0.132680,-0.292390,0.464296,-0.024881,-0.111389,-0.254712,-0.112757,-0.278711,-0.453466,0.037244,0.019423,0.138936,0.139358,0.372741,0.000013,0.005709,0.002370,0.075550,0.000000,0.000000,0.000000,3.140000,-2.618522,-0.000001,-0.200000,-0.438189,-0.292649,0.000001,1.008687,0.000000,0.000000,0.000000,0.000000,0.000000,0.000000
1778766130.034704,sequential_ik_elbow_then_wrist,0,0,-0.131368,0.231404,-0.138545,-0.289177,0.463451,-0.032477,-0.107385,-0.254037,-0.118040,-0.265175,-0.460342,0.032095,0.018291,0.137779,0.135230,0.371185,0.000009,0.004106,0.002003,0.064055,0.000000,0.000000,0.000000,3.140000,-2.616179,-0.000000,-0.200000,-0.429705,-0.318000,0.000000,0.989235,0.000000,0.000000,0.000000,0.000000,0.000000,0.000000
1778766130.074199,sequential_ik_elbow_then_wrist,0,0,-0.129475,0.231307,-0.140476,-0.287571,0.460354,-0.028481,-0.100934,-0.255905,-0.119686,-0.263081,-0.454530,0.036058,0.017735,0.141094,0.133168,0.375624,0.000010,0.005601,0.002277,0.074759,0.000000,0.000000,0.000000,3.140000,-2.612035,-0.000000,-0.200000,-0.418591,-0.339512,0.000000,0.982699,0.000000,0.000000,0.000000,0.000000,0.000000,0.000000
1778766130.115322,sequential_ik_elbow_then_wrist,0,0,-0.130090,0.230342,-0.141489,-0.295551,0.451299,-0.024012,-0.095336,-0.257714,-0.120393,-0.266050,-0.446958,0.037858,0.017911,0.150628,0.133830,0.388108,0.000010,0.008374,0.002307,0.091468,0.000000,0.000000,0.000000,3.140000,-2.607370,-0.000000,-0.200000,-0.405156,-0.356852,0.000000,0.984459,0.000000,0.000000,0.000000,0.000000,0.000000,0.000000
1778766130.157264,sequential_ik_elbow_then_wrist,0,0,-0.129276,0.231178,-0.140871,-0.296797,0.446798,-0.016594,-0.094298,-0.258687,-0.119117,-0.266970,-0.444915,0.040582,0.017675,0.155502,0.132949,0.394338,0.000002,0.009586,0.001050,0.097899,0.000000,0.000000,0.000000,3.140000,-2.604059,-0.000000,-0.200000,-0.392704,-0.369392,0.000000,0.988976,0.000000,0.000000,0.000000,0.000000,0.000000,0.000000
1778766130.193897,sequential_ik_elbow_then_wrist,0,0,-0.123277,0.237214,-0.136134,-0.288243,0.436551,0.015691,-0.085038,-0.262289,-0.118206,-0.263752,-0.419753,0.064185,0.016009,0.164424,0.126513,0.405493,0.000018,0.014230,0.003122,0.118907,0.000000,0.000000,0.000000,3.140000,-2.606289,-0.000000,-0.200000,-0.376406,-0.378176,0.000000,1.015288,0.000000,0.000000,0.000000,0.000000,0.000000,0.000000
1778766130.237998,sequential_ik_elbow_then_wrist,0,0,-0.128565,0.239005,-0.127858,-0.305288,0.405749,0.048111,-0.093139,-0.263469,-0.109129,-0.273488,-0.409533,0.080976,0.017490,0.193522,0.132222,0.439911,0.000015,0.015811,0.002588,0.125683,0.000000,0.000000,0.000000,3.140000,-2.614484,-0.000000,-0.200000,-0.366624,-0.378619,0.000000,1.044586,0.000000,0.000000,0.000000,0.000000,0.000000,0.000000
1778766130.271569,sequential_ik_elbow_then_wrist,0,0,-0.145346,0.234813,-0.117208,-0.320419,0.358123,0.092896,-0.128384,-0.254004,-0.094865,-0.299054,-0.361391,0.127260,0.022676,0.238918,0.150562,0.488793,0.000231,0.014832,0.010821,0.121426,0.000000,0.000000,0.000000,3.140000,-2.627316,-0.000000,-0.200000,-0.382505,-0.368289,0.000000,1.089315,0.000000,0.000000,0.000000,0.000000,0.000000,0.000000
1778766130.307501,sequential_ik_elbow_then_wrist,0,0,-0.161210,0.223498,-0.118575,-0.337130,0.260690,0.121569,-0.156553,-0.244152,-0.076688,-0.341672,-0.261156,0.158773,0.028336,0.319210,0.168329,0.564987,0.000271,0.027437,0.011460,0.165071,0.000000,0.000000,0.000000,3.140000,-2.634557,-0.000000,-0.200000,-0.419173,-0.346281,0.000000,1.156271,0.000000,0.000000,0.000000,0.000000,0.000000,0.000000
1778766130.351365,sequential_ik_elbow_then_wrist,0,0,-0.167742,0.219968,-0.116089,-0.336769,0.215996,0.131730,-0.165352,-0.241795,-0.064760,-0.345563,-0.207713,0.172648,0.030909,0.354602,0.175809,0.595485,0.000082,0.032756,0.006177,0.180686,0.000000,0.000000,0.000000,3.140000,-2.639720,-0.000000,-0.200000,-0.458715,-0.318653,0.000000,1.232118,0.000000,0.000000,0.000000,0.000000,0.000000,0.000000
1778766130.387753,sequential_ik_elbow_then_wrist,0,0,-0.174613,0.213849,-0.117384,-0.341533,0.177141,0.129173,-0.170836,-0.241091,-0.051868,-0.356658,-0.149981,0.165317,0.033781,0.386411,0.183793,0.621620,0.000047,0.048884,0.004569,0.220891,0.000000,0.000000,0.000000,3.140000,-2.640768,-0.000000,-0.200000,-0.494703,-0.287037,0.000000,1.312681,0.000000,0.000000,0.000000,0.000000,0.000000,0.000000
1778766130.438235,sequential_ik_elbow_then_wrist,0,0,-0.184976,0.203196,-0.120395,-0.336944,0.147659,0.132233,-0.170274,-0.243301,-0.042557,-0.335620,-0.112973,0.171162,0.038457,0.414043,0.196087,0.643462,0.000021,0.051625,0.003064,0.226783,0.000000,0.000000,0.000000,3.140000,-2.635246,-0.000000,-0.200000,-0.522413,-0.254757,0.000000,1.407420,0.000000,0.000000,0.000000,0.000000,0.000000,0.000000
1778766130.474705,sequential_ik_elbow_then_wrist,0,0,-0.189122,0.197861,-0.122816,-0.332798,0.119711,0.128680,-0.175147,-0.240166,-0.040548,-0.335328,-0.094588,0.167176,0.040438,0.435966,0.201080,0.660277,0.000007,0.055079,0.001816,0.234562,0.000000,0.000000,0.000000,3.140000,-2.625708,-0.000000,-0.200000,-0.547135,-0.227086,0.000000,1.497981,0.000000,0.000000,0.000000,0.000000,0.000000,0.000000
1778766130.511506,sequential_ik_elbow_then_wrist,0,0,-0.190202,0.209720,-0.099199,-0.311238,0.098823,0.151903,-0.180819,-0.238627,-0.019016,-0.304644,-0.063257,0.190537,0.041090,0.443296,0.202582,0.665805,0.000067,0.048370,0.005459,0.219650,0.000000,0.000000,0.000000,3.140000,-2.635535,-0.000000,-0.200000,-0.570172,-0.191986,0.000000,1.593539,0.000000,0.000000,0.000000,0.000000,0.000000,0.000000
1778766130.549284,sequential_ik_elbow_then_wrist,0,0,-0.200832,0.212654,-0.066669,-0.317822,0.064844,0.166709,-0.183781,-0.237110,-0.001785,-0.308990,-0.036034,0.182310,0.046808,0.466414,0.216048,0.682945,0.000063,0.058572,0.005262,0.241908,0.000000,0.000000,0.000000,3.140000,-2.670521,-0.000000,-0.200000,-0.590685,-0.151452,0.000000,1.683508,0.000000,0.000000,0.000000,0.000000,0.000000,0.000000
1778766130.585420,sequential_ik_elbow_then_wrist,0,0,-0.200448,0.211311,-0.071890,-0.313993,0.068392,0.166189,-0.187228,-0.234403,0.001034,-0.318538,-0.038595,0.186552,0.046270,0.455478,0.215094,0.674891,0.000011,0.060838,0.002214,0.246647,0.000000,0.000000,0.000000,3.140000,-2.702261,-0.000000,-0.200000,-0.609668,-0.115734,0.000000,1.747558,0.000000,0.000000,0.000000,0.000000,0.000000,0.000000
1778766130.631192,sequential_ik_elbow_then_wrist,0,0,-0.193038,0.214480,-0.082066,-0.309682,0.091441,0.165433,-0.178595,-0.241040,0.001927,-0.292463,-0.050485,0.203726,0.042395,0.433298,0.205891,0.658253,0.000012,0.047899,0.002290,0.218858,0.000000,0.000000,0.000000,3.140000,-2.721943,-0.000000,-0.200000,-0.618152,-0.086913,0.000000,1.797633,0.000000,0.000000,0.000000,0.000000,0.000000,0.000000
1778766130.666911,sequential_ik_elbow_then_wrist,0,0,-0.186850,0.210343,-0.104128,-0.310291,0.119643,0.153818,-0.182497,-0.238088,-0.003022,-0.307248,-0.056040,0.200192,0.039459,0.415227,0.198515,0.644381,0.000003,0.051678,0.001166,0.227305,0.000000,0.000000,0.000000,3.140000,-2.719857,-0.000000,-0.200000,-0.626260,-0.067679,0.000000,1.827783,0.000000,0.000000,0.000000,0.000000,0.000000,0.000000
1778766130.716749,sequential_ik_elbow_then_wrist,0,0,-0.192114,0.199695,-0.114954,-0.333519,0.126695,0.139361,-0.190137,-0.231997,-0.005037,-0.361328,-0.078945,0.188015,0.042012,0.427698,0.204867,0.653986,0.000014,0.066124,0.002475,0.256561,0.000000,0.000000,0.000000,3.140000,-2.702741,-0.000000,-0.200000,-0.638830,-0.054916,0.000000,1.809112,0.000000,0.000000,0.000000,0.000000,0.000000,0.000000
1778766130.761434,sequential_ik_elbow_then_wrist,0,0,-0.191093,0.201839,-0.112891,-0.354365,0.162329,0.135668,-0.190150,-0.231663,-0.013244,-0.390411,-0.116647,0.178242,0.041404,0.413065,0.203477,0.642701,0.000010,0.064975,0.002121,0.254027,0.000000,0.000000,0.000000,3.140000,-2.686847,-0.000000,-0.200000,-0.649985,-0.050706,0.000000,1.744258,0.000000,0.000000,0.000000,0.000000,0.000000,0.000000
1778766130.803044,sequential_ik_elbow_then_wrist,0,0,-0.184969,0.207833,-0.112214,-0.348682,0.206232,0.139173,-0.183207,-0.236684,-0.020400,-0.385202,-0.173860,0.192323,0.038442,0.378052,0.196064,0.614860,0.000018,0.044934,0.002790,0.211302,0.000000,0.000000,0.000000,3.140000,-2.676330,-0.000000,-0.200000,-0.653549,-0.053185,0.000000,1.654422,0.000000,0.000000,0.000000,0.000000,0.000000,0.000000
1778766130.841541,sequential_ik_elbow_then_wrist,0,0,-0.182090,0.211867,-0.109340,-0.350518,0.241488,0.137144,-0.169624,-0.246120,-0.025549,-0.362126,-0.232955,0.204168,0.037109,0.350910,0.192632,0.592376,0.000047,0.028482,0.004550,0.168492,0.000000,0.000000,0.000000,3.140000,-2.671940,-0.000000,-0.200000,-0.644923,-0.059559,0.000000,1.562996,0.000000,0.000000,0.000000,0.000000,0.000000,0.000000
1778766130.887998,sequential_ik_elbow_then_wrist,0,0,-0.177777,0.217344,-0.105626,-0.348110,0.279095,0.133484,-0.152747,-0.256929,-0.025608,-0.336053,-0.287121,0.209950,0.035173,0.318745,0.187533,0.564575,0.000071,0.019352,0.005624,0.138925,0.000000,0.000000,0.000000,3.140000,-2.673758,-0.000000,-0.200000,-0.623376,-0.065472,0.000000,1.476253,0.000000,0.000000,0.000000,0.000000,0.000000,0.000000
1778766130.932336,sequential_ik_elbow_then_wrist,0,0,-0.167378,0.225079,-0.106413,-0.336425,0.339916,0.113213,-0.132718,-0.266611,-0.036114,-0.317653,-0.362264,0.179871,0.030769,0.263090,0.175406,0.512923,0.000107,0.013842,0.006931,0.116780,0.000000,0.000000,0.000000,3.140000,-2.678546,-0.000000,-0.200000,-0.589830,-0.076732,0.000000,1.376020,0.000000,0.000000,0.000000,0.000000,0.000000,0.000000
1778766130.971477,sequential_ik_elbow_then_wrist,0,0,-0.157775,0.232339,-0.105478,-0.327305,0.383463,0.090535,-0.105944,-0.275354,-0.054367,-0.278184,-0.416176,0.146885,0.027046,0.221891,0.164450,0.471053,0.000197,0.009980,0.009449,0.099597,0.000000,0.000000,0.000000,3.140000,-2.685862,-0.000000,-0.200000,-0.543057,-0.098251,0.000000,1.281171,0.000000,0.000000,0.000000,0.000000,0.000000,0.000000
1778766131.012472,sequential_ik_elbow_then_wrist,0,0,-0.154871,0.237610,-0.097757,-0.318321,0.416905,0.078701,-0.086893,-0.277248,-0.074720,-0.248304,-0.445655,0.113921,0.025996,0.191099,0.161205,0.437149,0.000167,0.009020,0.008752,0.094944,0.000000,0.000000,0.000000,3.140000,-2.698670,-0.000000,-0.200000,-0.491002,-0.130426,0.000000,1.203452,0.000000,0.000000,0.000000,0.000000,0.000000,0.000000
1778766131.043571,sequential_ik_elbow_then_wrist,0,0,-0.151873,0.240248,-0.095997,-0.297497,0.480422,0.009408,-0.067144,-0.278235,-0.089872,-0.114612,-0.519463,0.082046,0.024910,0.129290,0.157820,0.359570,0.000142,0.000578,0.008174,0.023459,0.000000,0.000000,0.000000,3.140000,-2.712202,-0.000000,-0.200000,-0.435471,-0.168231,0.000000,1.131759,0.000000,0.000000,0.000000,0.000000,0.000000,0.000000
1778766131.084691,sequential_ik_elbow_then_wrist,0,0,-0.124428,0.255624,-0.095781,-0.260460,0.512186,-0.020474,-0.068455,-0.276409,-0.094405,-0.086520,-0.535593,0.055586,0.016333,0.091007,0.127782,0.301673,0.000014,0.002296,0.002536,0.047644,0.000000,0.000000,0.000000,3.140000,-2.727427,-0.000000,-0.200000,-0.390277,-0.202919,0.000000,1.064982,0.000000,0.000000,0.000000,0.000000,0.000000,0.000000
1778766131.121353,sequential_ik_elbow_then_wrist,0,0,-0.096914,0.265948,-0.099394,-0.231897,0.527620,-0.041883,-0.046450,-0.279139,-0.099619,-0.097843,-0.539498,0.040281,0.009739,0.069071,0.098683,0.262815,0.000082,0.000034,0.006404,0.004970,0.000000,0.000000,0.000000,3.140000,-2.740463,-0.000000,-0.200000,-0.341413,-0.234085,0.000000,1.006907,0.000000,0.000000,0.000000,0.000000,0.000000,0.000000
1778766131.155123,sequential_ik_elbow_then_wrist,0,0,-0.070403,0.272351,-0.104253,-0.204450,0.536667,-0.057691,-0.023532,-0.278912,-0.107955,-0.129794,-0.533061,0.010857,0.005090,0.053403,0.071344,0.231091,0.000130,0.004981,0.008140,0.070486,0.000000,0.000000,0.000000,3.140000,-2.749297,-0.000000,-0.200000,-0.286351,-0.264381,0.000000,0.954346,0.000000,0.000000,0.000000,0.000000,0.000000,0.000000
1778766131.195906,sequential_ik_elbow_then_wrist,0,0,-0.055044,0.275155,-0.106112,-0.185528,0.543259,-0.073035,-0.020980,-0.276377,-0.114784,-0.159424,-0.521501,-0.011112,0.003105,0.042984,0.055723,0.207326,0.000026,0.013671,0.003558,0.116911,0.000000,0.000000,0.000000,3.140000,-2.755302,-0.000000,-0.200000,-0.238225,-0.293395,0.000000,0.910145,0.000000,0.000000,0.000000,0.000000,0.000000,0.000000
1778766131.237631,sequential_ik_elbow_then_wrist,0,0,-0.044442,0.275963,-0.108945,-0.172780,0.546644,-0.092786,-0.023658,-0.275102,-0.117299,-0.178265,-0.517371,-0.031262,0.002027,0.035689,0.045012,0.188916,0.000003,0.018812,0.001129,0.137107,0.000000,0.000000,0.000000,3.140000,-2.758242,-0.000000,-0.200000,-0.201642,-0.318489,0.000000,0.867755,0.000000,0.000000,0.000000,0.000000,0.000000,0.000000
1778766131.274398,sequential_ik_elbow_then_wrist,1,0,-0.041074,0.275432,-0.111580,-0.168743,0.546908,-0.110425,-0.033458,-0.274895,-0.115383,-0.185053,-0.523224,-0.042227,0.001733,0.033731,0.041619,0.178644,0.000014,0.016576,0.002754,0.128652,0.000000,0.000000,0.000000,3.140000,-2.758458,-0.753600,-0.097692,-0.179937,-0.336984,0.000000,0.823599,0.000000,0.000000,0.000000,0.000000,0.000000,0.000000
1778766131.324976,sequential_ik_elbow_then_wrist,1,0,-0.040508,0.274116,-0.114977,-0.169549,0.544941,-0.116434,-0.035400,-0.273955,-0.117027,-0.190212,-0.521785,-0.049104,0.001687,0.030436,0.041053,0.174050,0.000004,0.016201,0.001392,0.127256,0.000000,0.000000,0.000000,3.140000,-2.755895,-1.326336,0.008741,-0.166424,-0.352001,0.000000,0.783884,0.000000,0.000000,0.000000,0.000000,0.000000,0.000000
1778766131.360652,sequential_ik_elbow_then_wrist,1,0,-0.037063,0.272898,-0.118966,-0.166812,0.543387,-0.117959,-0.030859,-0.273452,-0.119465,-0.194152,-0.516570,-0.054435,0.001415,0.029270,0.037591,0.171021,0.000002,0.018797,0.001116,0.137099,0.000000,0.000000,0.000000,3.140000,-2.750743,-1.761615,0.100923,-0.154220,-0.365269,0.000000,0.752267,0.000000,0.000000,0.000000,0.000000,0.000000,0.000000
1778766131.401809,sequential_ik_elbow_then_wrist,1,0,-0.034911,0.272603,-0.120287,-0.165914,0.542445,-0.115460,-0.037463,-0.272600,-0.119523,-0.195771,-0.517973,-0.050745,0.001254,0.028952,0.035411,0.170129,0.000005,0.016792,0.001653,0.129581,0.000000,0.000000,0.000000,3.140000,-2.745265,-2.092428,0.177926,-0.148550,-0.375819,0.000000,0.730306,0.000000,0.000000,0.000000,0.000000,0.000000,0.000000
1778766131.442060,sequential_ik_elbow_then_wrist,1,0,-0.036815,0.272375,-0.120235,-0.165541,0.543153,-0.109796,-0.038501,-0.272747,-0.118857,-0.191757,-0.519518,-0.043914,0.001393,0.028758,0.037321,0.169564,0.000001,0.014685,0.000765,0.121171,0.000000,0.000000,0.000000,3.140000,-2.740712,-2.343845,0.242584,-0.145897,-0.383492,0.000000,0.717674,0.000000,0.000000,0.000000,0.000000,0.000000,0.000000
1778766131.485008,sequential_ik_elbow_then_wrist,0,0,-0.048040,0.271156,-0.119024,-0.177715,0.541161,-0.102245,-0.055937,-0.269637,-0.119025,-0.167382,-0.534462,-0.032724,0.002365,0.033080,0.048632,0.181860,0.000051,0.004396,0.005249,0.066263,0.000000,0.000000,0.000000,3.140000,-2.737540,-2.534922,0.297940,-0.155400,-0.389394,0.000000,0.713370,0.000000,0.000000,0.000000,0.000000,0.000000,0.000000
1778766131.517596,sequential_ik_elbow_then_wrist,0,0,-0.059258,0.269508,-0.117703,-0.196040,0.535092,-0.090210,-0.066130,-0.267233,-0.119220,-0.149274,-0.535737,-0.014372,0.003599,0.040362,0.059988,0.200866,0.000037,0.000685,0.004470,0.025645,0.000000,0.000000,0.000000,3.140000,-2.735534,-2.680141,0.349356,-0.172428,-0.394016,0.000000,0.722537,0.000000,0.000000,0.000000,0.000000,0.000000,0.000000
1778766131.558436,sequential_ik_elbow_then_wrist,0,0,-0.075646,0.267160,-0.113592,-0.218389,0.526686,-0.065941,-0.086327,-0.263988,-0.113394,-0.158709,-0.521593,0.022253,0.005884,0.050226,0.076704,0.224002,0.000095,0.000143,0.007134,0.008076,0.000000,0.000000,0.000000,3.140000,-2.735876,-2.790507,0.405230,-0.200869,-0.393698,0.000000,0.750720,0.000000,0.000000,0.000000,0.000000,0.000000,0.000000
1778766131.595058,sequential_ik_elbow_then_wrist,0,0,-0.086303,0.267687,-0.104382,-0.235659,0.514314,-0.021509,-0.106904,-0.258679,-0.107967,-0.212319,-0.494656,0.044357,0.007697,0.086188,0.087700,0.282966,0.000120,0.000549,0.007966,0.022766,0.000000,0.000000,0.000000,3.140000,-2.742073,-2.120785,0.259975,-0.240049,-0.388990,0.000000,0.785415,0.000000,0.000000,0.000000,0.000000,0.000000,0.000000
1778766131.635352,sequential_ik_elbow_then_wrist,0,0,-0.089870,0.267812,-0.100996,-0.236282,0.487577,0.041365,-0.098538,-0.263524,-0.104141,-0.229015,-0.449906,0.091403,0.008351,0.103297,0.091372,0.321399,0.000005,0.003551,0.001426,0.057733,0.000000,0.000000,0.000000,3.140000,-2.750249,-1.611797,0.149581,-0.268725,-0.381791,0.000000,0.847243,0.000000,0.000000,0.000000,0.000000,0.000000,0.000000
1778766131.671134,sequential_ik_elbow_then_wrist,0,0,-0.128659,0.250637,-0.103091,-0.312072,0.364699,0.105114,-0.094261,-0.276390,-0.068728,-0.248100,-0.385510,0.164567,0.017514,0.215574,0.132328,0.464300,0.000185,0.012081,0.009076,0.108678,0.000000,0.000000,0.000000,3.140000,-2.752020,-1.224966,0.065682,-0.284973,-0.352670,0.000000,0.933662,0.000000,0.000000,0.000000,0.000000,0.000000,0.000000
1778766131.710493,sequential_ik_elbow_then_wrist,0,0,-0.152430,0.236396,-0.104319,-0.343688,0.291785,0.120074,-0.111325,-0.275394,-0.042009,-0.289882,-0.342117,0.189650,0.025111,0.285960,0.158448,0.534752,0.000178,0.021932,0.008914,0.148063,0.000000,0.000000,0.000000,3.140000,-2.747814,-0.930974,0.001918,-0.306047,-0.308349,0.000000,1.006462,0.000000,0.000000,0.000000,0.000000,0.000000,0.000000
1778766131.760548,sequential_ik_elbow_then_wrist,0,0,-0.170525,0.224778,-0.101961,-0.353205,0.249661,0.134701,-0.146890,-0.259164,-0.035457,-0.340861,-0.260699,0.193395,0.032060,0.330078,0.179047,0.574524,0.000245,0.035424,0.010557,0.188107,0.000000,0.000000,0.000000,3.140000,-2.741356,-0.707540,-0.046542,-0.348310,-0.265552,0.000000,1.076988,0.000000,0.000000,0.000000,0.000000,0.000000,0.000000
1778766131.811665,sequential_ik_elbow_then_wrist,0,0,-0.166646,0.225933,-0.105751,-0.339979,0.214144,0.138823,-0.162865,-0.249578,-0.034435,-0.363972,-0.190783,0.180272,0.030473,0.350316,0.174562,0.591875,0.000101,0.049631,0.006759,0.222595,0.000000,0.000000,0.000000,3.140000,-2.733455,-0.537731,-0.083372,-0.398100,-0.230273,0.000000,1.152413,0.000000,0.000000,0.000000,0.000000,0.000000,0.000000
1778766131.849725,sequential_ik_elbow_then_wrist,0,0,-0.172078,0.216643,-0.115996,-0.335278,0.166961,0.130778,-0.171240,-0.244512,-0.029839,-0.355326,-0.133937,0.179650,0.032739,0.386042,0.180892,0.621323,0.000036,0.056105,0.004042,0.236404,0.000000,0.000000,0.000000,3.140000,-2.717462,-0.408675,-0.111363,-0.446108,-0.199963,0.000000,1.245237,0.000000,0.000000,0.000000,0.000000,0.000000,0.000000
1778766131.881381,sequential_ik_elbow_then_wrist,0,0,-0.171173,0.208812,-0.130757,-0.335037,0.149177,0.113358,-0.184170,-0.235066,-0.028731,-0.326744,-0.079057,0.184187,0.032397,0.399860,0.179891,0.632345,0.000048,0.053157,0.004634,0.229655,0.000000,0.000000,0.000000,3.140000,-2.690843,-0.310593,-0.132636,-0.494845,-0.175443,0.000000,1.364696,0.000000,0.000000,0.000000,0.000000,0.000000,0.000000
1778766131.926079,sequential_ik_elbow_then_wrist,0,0,-0.174206,0.203268,-0.135405,-0.327374,0.126513,0.110863,-0.187730,-0.232979,-0.021862,-0.285466,-0.047779,0.192961,0.033628,0.418176,0.183341,0.646665,0.000016,0.043003,0.002635,0.206489,0.000000,0.000000,0.000000,3.140000,-2.661621,-0.236051,-0.148803,-0.537254,-0.152208,0.000000,1.501354,0.000000,0.000000,0.000000,0.000000,0.000000,0.000000
1778766131.963485,sequential_ik_elbow_then_wrist,0,0,-0.198257,0.193015,-0.115929,-0.348498,0.084582,0.120015,-0.192208,-0.230212,-0.007670,-0.283248,-0.009528,0.174018,0.045081,0.471690,0.212313,0.686797,0.000036,0.052609,0.004003,0.228904,0.000000,0.000000,0.000000,3.140000,-2.644426,-0.179399,-0.161090,-0.573946,-0.124730,0.000000,1.640180,0.000000,0.000000,0.000000,0.000000,0.000000,0.000000
1778766132.003721,sequential_ik_elbow_then_wrist,0,0,-0.207437,0.187858,-0.108070,-0.357792,0.072426,0.124457,-0.190024,-0.232142,-0.001066,-0.288096,-0.011649,0.177161,0.050147,0.489556,0.223926,0.699683,0.000013,0.054407,0.002363,0.233237,0.000000,0.000000,0.000000,3.140000,-2.635940,-0.136343,-0.170429,-0.601060,-0.097523,0.000000,1.752403,0.000000,0.000000,0.000000,0.000000,0.000000,0.000000
1778766132.041248,sequential_ik_elbow_then_wrist,0,0,-0.193862,0.192461,-0.124001,-0.341044,0.099028,0.120146,-0.180821,-0.239354,-0.003685,-0.262980,-0.030779,0.195680,0.042806,0.455315,0.206877,0.674770,0.000017,0.040822,0.002743,0.202046,0.000000,0.000000,0.000000,3.140000,-2.622855,-0.103621,-0.177526,-0.614275,-0.077016,0.000000,1.837534,0.000000,0.000000,0.000000,0.000000,0.000000,0.000000
1778766132.085519,sequential_ik_elbow_then_wrist,0,0,-0.181953,0.194661,-0.137841,-0.328586,0.118830,0.112656,-0.172164,-0.245574,-0.007263,-0.280420,-0.059490,0.201671,0.037065,0.431642,0.192483,0.656994,0.000023,0.042986,0.003179,0.207186,0.000000,0.000000,0.000000,3.140000,-2.603446,-0.078752,-0.182920,-0.616050,-0.063677,0.000000,1.883595,0.000000,0.000000,0.000000,0.000000,0.000000,0.000000
1778766132.119902,sequential_ik_elbow_then_wrist,0,0,-0.173606,0.200093,-0.140797,-0.333613,0.141328,0.106072,-0.179044,-0.240330,-0.013598,-0.294081,-0.071893,0.206392,0.033339,0.413972,0.182587,0.643407,0.000010,0.042869,0.002080,0.206883,0.000000,0.000000,0.000000,3.140000,-2.586291,-0.059851,-0.187019,-0.620843,-0.057964,0.000000,1.898830,0.000000,0.000000,0.000000,0.000000,0.000000,0.000000
1778766132.157286,sequential_ik_elbow_then_wrist,0,0,-0.175071,0.198684,-0.140979,-0.337111,0.139636,0.104493,-0.177019,-0.241604,-0.017090,-0.310946,-0.080747,0.197826,0.033966,0.417450,0.184297,0.646103,0.000003,0.047721,0.001203,0.218366,0.000000,0.000000,0.000000,3.140000,-2.571877,-0.045487,-0.190134,-0.623802,-0.056792,0.000000,1.895683,0.000000,0.000000,0.000000,0.000000,0.000000,0.000000
1778766132.201064,sequential_ik_elbow_then_wrist,0,0,-0.176006,0.197558,-0.141396,-0.337937,0.137213,0.103832,-0.174973,-0.242190,-0.026986,-0.327270,-0.117749,0.199553,0.034371,0.420191,0.185393,0.648221,0.000015,0.044458,0.002592,0.210488,0.000000,0.000000,0.000000,3.140000,-2.559826,-0.034570,-0.192502,-0.624661,-0.062748,0.000000,1.863651,0.000000,0.000000,0.000000,0.000000,0.000000,0.000000
1778766132.242450,sequential_ik_elbow_then_wrist,0,0,-0.174367,0.199094,-0.141272,-0.335754,0.138374,0.104222,-0.174186,-0.242478,-0.029394,-0.334772,-0.140350,0.202516,0.033662,0.417859,0.183473,0.646420,0.000003,0.040975,0.001175,0.202178,0.000000,0.000000,0.000000,3.140000,-2.551029,-0.026273,-0.194302,-0.624495,-0.070334,0.000000,1.815468,0.000000,0.000000,0.000000,0.000000,0.000000,0.000000
1778766132.279559,sequential_ik_elbow_then_wrist,0,0,-0.172692,0.199618,-0.142584,-0.338149,0.141319,0.100778,-0.171842,-0.243879,-0.031519,-0.339404,-0.152633,0.199991,0.032948,0.414832,0.181515,0.644075,0.000002,0.040366,0.001026,0.200825,0.000000,0.000000,0.000000,3.140000,-2.543923,-0.019968,-0.195669,-0.622499,-0.078117,0.000000,1.764638,0.000000,0.000000,0.000000,0.000000,0.000000,0.000000
1778766132.323060,sequential_ik_elbow_then_wrist,0,0,-0.174685,0.198566,-0.141621,-0.338984,0.139494,0.102338,-0.175080,-0.241198,-0.034213,-0.349816,-0.156646,0.194519,0.033799,0.418025,0.183844,0.646548,0.000003,0.041752,0.001133,0.204279,0.000000,0.000000,0.000000,3.140000,-2.538517,-0.015175,-0.196709,-0.623137,-0.086166,0.000000,1.714821,0.000000,0.000000,0.000000,0.000000,0.000000,0.000000
1778766132.357111,sequential_ik_elbow_then_wrist,0,0,-0.174508,0.198230,-0.142309,-0.338262,0.140414,0.102316,-0.174942,-0.240983,-0.036364,-0.345679,-0.154979,0.194834,0.033722,0.417235,0.183635,0.645937,0.000001,0.040237,0.000703,0.200591,0.000000,0.000000,0.000000,3.140000,-2.533883,-0.011533,-0.197499,-0.624133,-0.094108,0.000000,1.677199,0.000000,0.000000,0.000000,0.000000,0.000000,0.000000
1778766132.405676,sequential_ik_elbow_then_wrist,0,0,-0.174366,0.197503,-0.143490,-0.340968,0.140636,0.099430,-0.172399,-0.242150,-0.040523,-0.341302,-0.155933,0.191938,0.033661,0.417473,0.183469,0.646122,0.000004,0.039438,0.001264,0.198584,0.000000,0.000000,0.000000,3.140000,-2.529248,-0.008765,-0.198099,-0.623312,-0.103149,0.000000,1.652645,0.000000,0.000000,0.000000,0.000000,0.000000,0.000000
1778766132.454236,sequential_ik_elbow_then_wrist,0,0,-0.174890,0.197122,-0.143375,-0.341358,0.140296,0.099646,-0.171316,-0.242468,-0.043129,-0.338094,-0.155366,0.190534,0.033886,0.418496,0.184082,0.646913,0.000002,0.038956,0.000942,0.197362,0.000000,0.000000,0.000000,3.140000,-2.525304,-0.006662,-0.198555,-0.621660,-0.112331,0.000000,1.638885,0.000000,0.000000,0.000000,0.000000,0.000000,0.000000
1778766132.490899,sequential_ik_elbow_then_wrist,0,0,-0.174620,0.197317,-0.143436,-0.340770,0.142310,0.100220,-0.170900,-0.242456,-0.044817,-0.336431,-0.154759,0.189509,0.033770,0.417110,0.183765,0.645841,0.000001,0.038700,0.000611,0.196716,0.000000,0.000000,0.000000,3.140000,-2.522228,-0.005063,-0.198902,-0.619956,-0.120891,0.000000,1.632170,0.000000,0.000000,0.000000,0.000000,0.000000,0.000000
1778766132.530363,sequential_ik_elbow_then_wrist,0,0,-0.173398,0.198512,-0.143271,-0.341190,0.148072,0.100248,-0.169900,-0.242942,-0.045971,-0.334220,-0.154264,0.188838,0.033247,0.412709,0.182337,0.642424,0.000001,0.038461,0.000501,0.196108,0.000000,0.000000,0.000000,3.140000,-2.520446,-0.003848,-0.199165,-0.617877,-0.128478,0.000000,1.630477,0.000000,0.000000,0.000000,0.000000,0.000000,0.000000
1778766132.572133,sequential_ik_elbow_then_wrist,0,0,-0.172710,0.199502,-0.142725,-0.341939,0.155387,0.101028,-0.168635,-0.243683,-0.046699,-0.336554,-0.158268,0.186769,0.032956,0.407801,0.181536,0.638593,0.000001,0.038960,0.000491,0.197383,0.000000,0.000000,0.000000,3.140000,-2.519963,-0.002924,-0.199366,-0.615208,-0.134947,0.000000,1.627860,0.000000,0.000000,0.000000,0.000000,0.000000,0.000000
1778766132.608628,sequential_ik_elbow_then_wrist,0,0,-0.172491,0.200377,-0.141760,-0.342834,0.159719,0.101818,-0.170846,-0.241797,-0.048436,-0.354507,-0.163635,0.175526,0.032864,0.404972,0.181283,0.636374,0.000001,0.043663,0.000747,0.208898,0.000000,0.000000,0.000000,3.140000,-2.520746,-0.002222,-0.199518,-0.614712,-0.141109,0.000000,1.613949,0.000000,0.000000,0.000000,0.000000,0.000000,0.000000
1778766132.650666,sequential_ik_elbow_then_wrist,0,0,-0.170205,0.201192,-0.143360,-0.346276,0.169443,0.097454,-0.167481,-0.243700,-0.050600,-0.351084,-0.173741,0.176107,0.031907,0.397209,0.178625,0.630245,0.000002,0.040907,0.000984,0.202239,0.000000,0.000000,0.000000,3.140000,-2.521108,-0.001689,-0.199634,-0.612317,-0.147432,0.000000,1.597504,0.000000,0.000000,0.000000,0.000000,0.000000,0.000000
1778766132.698946,sequential_ik_elbow_then_wrist,0,0,-0.170482,0.201818,-0.142146,-0.348396,0.177614,0.098188,-0.167759,-0.242983,-0.053069,-0.356634,-0.182392,0.171997,0.032022,0.392889,0.178947,0.626809,0.000001,0.040739,0.000713,0.201811,0.000000,0.000000,0.000000,3.140000,-2.522245,-0.001284,-0.199722,-0.610411,-0.154158,0.000000,1.576811,0.000000,0.000000,0.000000,0.000000,0.000000,0.000000
1778766132.733776,sequential_ik_elbow_then_wrist,0,0,-0.170505,0.202306,-0.141422,-0.349745,0.182071,0.098293,-0.168028,-0.242348,-0.055082,-0.361720,-0.185915,0.166951,0.032032,0.390146,0.178975,0.624617,0.000001,0.041527,0.000645,0.203765,0.000000,0.000000,0.000000,3.140000,-2.523963,-0.000976,-0.199788,-0.609302,-0.160973,0.000000,1.554727,0.000000,0.000000,0.000000,0.000000,0.000000,0.000000
1778766132.773911,sequential_ik_elbow_then_wrist,0,0,-0.170407,0.202677,-0.141009,-0.350436,0.183790,0.098224,-0.168136,-0.242060,-0.056012,-0.363942,-0.189667,0.165156,0.031992,0.388869,0.178862,0.623593,0.000000,0.041154,0.000372,0.202855,0.000000,0.000000,0.000000,3.140000,-2.525897,-0.000741,-0.199839,-0.608698,-0.167124,0.000000,1.533237,0.000000,0.000000,0.000000,0.000000,0.000000,0.000000
1778766132.813770,sequential_ik_elbow_then_wrist,0,0,-0.169685,0.203857,-0.140175,-0.350030,0.185274,0.098845,-0.169738,-0.240916,-0.056110,-0.369318,-0.194494,0.163009,0.031694,0.387087,0.178028,0.622163,0.000001,0.040934,0.000505,0.202300,0.000000,0.000000,0.000000,3.140000,-2.528487,-0.000564,-0.199878,-0.609514,-0.172084,0.000000,1.509716,0.000000,0.000000,0.000000,0.000000,0.000000,0.000000
1778766132.857289,sequential_ik_elbow_then_wrist,0,0,-0.169313,0.205049,-0.138881,-0.351106,0.196015,0.099593,-0.167764,-0.242822,-0.053787,-0.366432,-0.208997,0.168444,0.031542,0.379920,0.177600,0.616377,0.000001,0.036920,0.000740,0.192115,0.000000,0.000000,0.000000,3.140000,-2.531979,-0.000428,-0.199907,-0.608763,-0.174461,0.000000,1.483585,0.000000,0.000000,0.000000,0.000000,0.000000,0.000000
1778766132.892737,sequential_ik_elbow_then_wrist,0,0,-0.168433,0.206174,-0.138285,-0.351419,0.205241,0.099445,-0.162223,-0.247391,-0.049814,-0.359420,-0.221507,0.174782,0.031182,0.372934,0.176583,0.610683,0.000010,0.034598,0.002106,0.185992,0.000000,0.000000,0.000000,3.140000,-2.535850,-0.000325,-0.199929,-0.603439,-0.173462,0.000000,1.458519,0.000000,0.000000,0.000000,0.000000,0.000000,0.000000
1778766132.933195,sequential_ik_elbow_then_wrist,0,0,-0.168234,0.206762,-0.137647,-0.352351,0.216593,0.099005,-0.159241,-0.249587,-0.048460,-0.354496,-0.227976,0.178274,0.031101,0.365221,0.176354,0.604335,0.000004,0.033644,0.001424,0.183420,0.000000,0.000000,0.000000,3.140000,-2.539734,-0.000247,-0.199946,-0.595974,-0.171213,0.000000,1.437360,0.000000,0.000000,0.000000,0.000000,0.000000,0.000000
1778766132.973523,sequential_ik_elbow_then_wrist,0,0,-0.165693,0.207590,-0.139471,-0.352347,0.229713,0.094347,-0.154342,-0.252869,-0.047284,-0.348314,-0.235863,0.180939,0.030076,0.354158,0.173426,0.595111,0.000007,0.032704,0.001753,0.180841,0.000000,0.000000,0.000000,3.140000,-2.542239,-0.000188,-0.199959,-0.585844,-0.168429,0.000000,1.420279,0.000000,0.000000,0.000000,0.000000,0.000000,0.000000
1778766133.011447,sequential_ik_elbow_then_wrist,0,0,-0.164650,0.207513,-0.140815,-0.353136,0.235532,0.090892,-0.152511,-0.254086,-0.046695,-0.348357,-0.240851,0.180173,0.029663,0.349585,0.172229,0.591257,0.000002,0.033219,0.000951,0.182257,0.000000,0.000000,0.000000,3.140000,-2.543223,-0.000143,-0.199969,-0.575731,-0.165697,0.000000,1.404616,0.000000,0.000000,0.000000,0.000000,0.000000,0.000000
1778766133.055415,sequential_ik_elbow_then_wrist,0,0,-0.172080,0.204180,-0.136744,-0.364271,0.238995,0.090963,-0.149090,-0.256222,-0.046069,-0.344459,-0.261212,0.181540,0.032693,0.354916,0.180811,0.595748,0.000003,0.029673,0.001188,0.172214,0.000000,0.000000,0.000000,3.140000,-2.544736,-0.000109,-0.199976,-0.564981,-0.163091,0.000000,1.383253,0.000000,0.000000,0.000000,0.000000,0.000000,0.000000
1778766133.104167,sequential_ik_elbow_then_wrist,0,0,-0.175074,0.202612,-0.135269,-0.370068,0.243498,0.089021,-0.148214,-0.256525,-0.047195,-0.342303,-0.269174,0.181211,0.033969,0.354724,0.184308,0.595587,0.000001,0.028198,0.000537,0.167908,0.000000,0.000000,0.000000,3.140000,-2.546352,-0.000083,-0.199982,-0.555524,-0.161690,0.000000,1.361722,0.000000,0.000000,0.000000,0.000000,0.000000,0.000000
1778766133.143727,sequential_ik_elbow_then_wrist,0,0,-0.176007,0.201823,-0.135237,-0.372216,0.247699,0.087019,-0.145681,-0.257922,-0.047470,-0.340073,-0.276309,0.180288,0.034374,0.352625,0.185402,0.593822,0.000001,0.027464,0.000809,0.165716,0.000000,0.000000,0.000000,3.140000,-2.547432,-0.000063,-0.199986,-0.546244,-0.160931,0.000000,1.341627,0.000000,0.000000,0.000000,0.000000,0.000000,0.000000
1778766133.179940,sequential_ik_elbow_then_wrist,0,0,-0.175980,0.201732,-0.135408,-0.371701,0.253602,0.085957,-0.144433,-0.258514,-0.048059,-0.337127,-0.280639,0.180808,0.034362,0.348376,0.185369,0.590234,0.000001,0.026554,0.000541,0.162954,0.000000,0.000000,0.000000,3.140000,-2.548074,-0.000048,-0.199990,-0.537844,-0.160791,0.000000,1.325021,0.000000,0.000000,0.000000,0.000000,0.000000,0.000000
1778766133.224616,sequential_ik_elbow_then_wrist,0,0,-0.180999,0.198395,-0.133713,-0.381116,0.251847,0.083303,-0.144290,-0.258535,-0.048372,-0.335834,-0.287005,0.180757,0.036595,0.354852,0.191298,0.595695,0.000000,0.025248,0.000189,0.158892,0.000000,0.000000,0.000000,3.140000,-2.548189,-0.000036,-0.199992,-0.531057,-0.160981,0.000000,1.309476,0.000000,0.000000,0.000000,0.000000,0.000000,0.000000
1778766133.270969,sequential_ik_elbow_then_wrist,0,0,-0.182321,0.196943,-0.134061,-0.385492,0.255167,0.078851,-0.144105,-0.258557,-0.048806,-0.336737,-0.289456,0.179094,0.037199,0.354005,0.192871,0.594984,0.000000,0.025224,0.000147,0.158817,0.000000,0.000000,0.000000,3.140000,-2.547390,-0.000028,-0.199994,-0.525698,-0.161464,0.000000,1.295208,0.000000,0.000000,0.000000,0.000000,0.000000,0.000000
1778766133.307760,sequential_ik_elbow_then_wrist,0,0,-0.183124,0.196123,-0.134169,-0.388566,0.256138,0.076050,-0.144020,-0.258582,-0.048922,-0.337375,-0.290080,0.178283,0.037570,0.354457,0.193829,0.595363,0.000000,0.025368,0.000068,0.159273,0.000000,0.000000,0.000000,3.140000,-2.546126,-0.000021,-0.199995,-0.521523,-0.161981,0.000000,1.283115,0.000000,0.000000,0.000000,0.000000,0.000000,0.000000
1778766133.350687,sequential_ik_elbow_then_wrist,0,0,-0.187830,0.192705,-0.132607,-0.396319,0.252216,0.074736,-0.145876,-0.257599,-0.048608,-0.342384,-0.290453,0.175681,0.039794,0.362332,0.199485,0.601940,0.000001,0.026042,0.000492,0.161368,0.000000,0.000000,0.000000,3.140000,-2.544508,-0.000016,-0.199997,-0.519625,-0.162212,0.000000,1.270437,0.000000,0.000000,0.000000,0.000000,0.000000,0.000000
1778766133.396845,sequential_ik_elbow_then_wrist,0,0,-0.188455,0.191882,-0.132915,-0.396759,0.252486,0.074296,-0.146160,-0.257315,-0.049259,-0.342652,-0.289745,0.175105,0.040096,0.362882,0.200241,0.602396,0.000000,0.025934,0.000249,0.161042,0.000000,0.000000,0.000000,3.140000,-2.542563,-0.000012,-0.199997,-0.518724,-0.162758,0.000000,1.260112,0.000000,0.000000,0.000000,0.000000,0.000000,0.000000
1778766133.439634,sequential_ik_elbow_then_wrist,0,0,-0.188798,0.191553,-0.132902,-0.397020,0.253263,0.074065,-0.146355,-0.257073,-0.049938,-0.342810,-0.292192,0.174053,0.040263,0.362827,0.200656,0.602351,0.000000,0.025364,0.000223,0.159259,0.000000,0.000000,0.000000,3.140000,-2.540736,-0.000009,-0.199998,-0.518347,-0.163682,0.000000,1.250822,0.000000,0.000000,0.000000,0.000000,0.000000,0.000000
1778766133.477272,sequential_ik_elbow_then_wrist,0,0,-0.190319,0.191003,-0.131516,-0.400119,0.253656,0.073566,-0.147760,-0.256041,-0.051089,-0.346222,-0.292286,0.170944,0.041009,0.364285,0.202506,0.603560,0.000001,0.025677,0.000538,0.160238,0.000000,0.000000,0.000000,3.140000,-2.539825,-0.000007,-0.199998,-0.519204,-0.165222,0.000000,1.241698,0.000000,0.000000,0.000000,0.000000,0.000000,0.000000
1778766133.521779,sequential_ik_elbow_then_wrist,0,0,-0.190712,0.190140,-0.132195,-0.399331,0.253317,0.073928,-0.146339,-0.256889,-0.050920,-0.343486,-0.294916,0.171986,0.041202,0.364655,0.202984,0.603867,0.000000,0.024853,0.000291,0.157649,0.000000,0.000000,0.000000,3.140000,-2.538535,-0.000005,-0.199999,-0.519104,-0.166477,0.000000,1.234385,0.000000,0.000000,0.000000,0.000000,0.000000,0.000000
1778766133.565099,sequential_ik_elbow_then_wrist,0,0,-0.191693,0.189431,-0.131794,-0.399926,0.252975,0.074607,-0.146395,-0.256772,-0.051349,-0.343530,-0.295326,0.171477,0.041690,0.366036,0.204181,0.605009,0.000000,0.024860,0.000115,0.157669,0.000000,0.000000,0.000000,3.140000,-2.537313,-0.000004,-0.199999,-0.518915,-0.167719,0.000000,1.228667,0.000000,0.000000,0.000000,0.000000,0.000000,0.000000
1778766133.595993,sequential_ik_elbow_then_wrist,0,0,-0.190948,0.189417,-0.132891,-0.397996,0.253727,0.074463,-0.145044,-0.257450,-0.051786,-0.341820,-0.296256,0.171313,0.041319,0.364661,0.203270,0.603871,0.000000,0.024793,0.000391,0.157458,0.000000,0.000000,0.000000,3.140000,-2.535662,-0.000003,-0.199999,-0.517811,-0.169003,0.000000,1.224945,0.000000,0.000000,0.000000,0.000000,0.000000,0.000000
1778766133.640692,sequential_ik_elbow_then_wrist,0,0,-0.190967,0.188805,-0.133732,-0.397697,0.253192,0.073914,-0.144306,-0.257955,-0.051334,-0.340803,-0.297453,0.171890,0.041328,0.365213,0.203292,0.604329,0.000000,0.024742,0.000310,0.157297,0.000000,0.000000,0.000000,3.140000,-2.533440,-0.000002,-0.199999,-0.516192,-0.169774,0.000000,1.222243,0.000000,0.000000,0.000000,0.000000,0.000000,0.000000
1778766133.677539,sequential_ik_elbow_then_wrist,0,0,-0.191599,0.187806,-0.134233,-0.399870,0.251561,0.072064,-0.143523,-0.258455,-0.051010,-0.340168,-0.301011,0.171521,0.041642,0.367399,0.204063,0.606135,0.000000,0.024413,0.000307,0.156245,0.000000,0.000000,0.000000,3.140000,-2.530743,-0.000002,-0.200000,-0.514201,-0.170109,0.000000,1.218492,0.000000,0.000000,0.000000,0.000000,0.000000,0.000000
1778766133.713719,sequential_ik_elbow_then_wrist,0,0,-0.193607,0.186198,-0.133592,-0.403501,0.248543,0.071487,-0.144723,-0.257724,-0.051321,-0.347998,-0.299004,0.165417,0.042652,0.372083,0.206523,0.609986,0.000000,0.026766,0.000270,0.163594,0.000000,0.000000,0.000000,3.140000,-2.528079,-0.000001,-0.200000,-0.513377,-0.170502,0.000000,1.211732,0.000000,0.000000,0.000000,0.000000,0.000000,0.000000
1778766133.768640,sequential_ik_elbow_then_wrist,0,0,-0.193809,0.185551,-0.134197,-0.402676,0.247584,0.072022,-0.144657,-0.257677,-0.051742,-0.348249,-0.299082,0.164674,0.042754,0.373084,0.206771,0.610806,0.000000,0.026749,0.000122,0.163551,0.000000,0.000000,0.000000,3.140000,-2.525237,-0.000001,-0.200000,-0.512893,-0.171096,0.000000,1.205394,0.000000,0.000000,0.000000,0.000000,0.000000,0.000000
1778766133.806796,sequential_ik_elbow_then_wrist,0,0,-0.192765,0.186113,-0.134922,-0.400719,0.248876,0.071998,-0.144339,-0.257776,-0.052135,-0.343444,-0.299446,0.168365,0.042225,0.371210,0.205488,0.609270,0.000000,0.025281,0.000133,0.158995,0.000000,0.000000,0.000000,3.140000,-2.522634,-0.000001,-0.200000,-0.512357,-0.171861,0.000000,1.203130,0.000000,0.000000,0.000000,0.000000,0.000000,0.000000
1778766133.842423,sequential_ik_elbow_then_wrist,0,0,-0.192744,0.185826,-0.135346,-0.399909,0.249134,0.072198,-0.144083,-0.257826,-0.052591,-0.342203,-0.301672,0.168374,0.042214,0.371044,0.205462,0.609134,0.000000,0.024634,0.000152,0.156953,0.000000,0.000000,0.000000,3.140000,-2.520150,-0.000001,-0.200000,-0.511757,-0.172800,0.000000,1.201779,0.000000,0.000000,0.000000,0.000000,0.000000,0.000000
1778766133.886274,sequential_ik_elbow_then_wrist,0,0,-0.193812,0.185084,-0.134836,-0.400607,0.249029,0.072883,-0.145543,-0.256993,-0.052648,-0.344561,-0.300870,0.167504,0.042755,0.372339,0.206774,0.610196,0.000000,0.024839,0.000386,0.157603,0.000000,0.000000,0.000000,3.140000,-2.518083,-0.000000,-0.200000,-0.512295,-0.173631,0.000000,1.200041,0.000000,0.000000,0.000000,0.000000,0.000000,0.000000
1778766133.924970,sequential_ik_elbow_then_wrist,0,0,-0.193560,0.185241,-0.134983,-0.400118,0.250325,0.072618,-0.145223,-0.257061,-0.053196,-0.342999,-0.302243,0.167810,0.042627,0.371131,0.206463,0.609205,0.000000,0.024124,0.000138,0.155320,0.000000,0.000000,0.000000,3.140000,-2.516437,-0.000000,-0.200000,-0.512748,-0.174632,0.000000,1.198760,0.000000,0.000000,0.000000,0.000000,0.000000,0.000000
1778766133.967233,sequential_ik_elbow_then_wrist,0,0,-0.192635,0.185992,-0.135272,-0.398755,0.251725,0.072560,-0.146346,-0.256361,-0.053495,-0.343645,-0.303591,0.167509,0.042160,0.369138,0.205329,0.607567,0.000000,0.023559,0.000335,0.153488,0.000000,0.000000,0.000000,3.140000,-2.515312,-0.000000,-0.200000,-0.513920,-0.175666,0.000000,1.196825,0.000000,0.000000,0.000000,0.000000,0.000000,0.000000
1778766134.008368,sequential_ik_elbow_then_wrist,0,0,-0.192180,0.186093,-0.135780,-0.398153,0.253101,0.071789,-0.145872,-0.256391,-0.054635,-0.338670,-0.308152,0.169307,0.041931,0.367557,0.204771,0.606265,0.000000,0.021442,0.000289,0.146430,0.000000,0.000000,0.000000,3.140000,-2.514247,-0.000000,-0.200000,-0.514745,-0.177229,0.000000,1.195719,0.000000,0.000000,0.000000,0.000000,0.000000,0.000000
1778766134.044903,sequential_ik_elbow_then_wrist,0,0,-0.192429,0.185906,-0.135683,-0.398589,0.254110,0.071310,-0.146718,-0.255601,-0.056054,-0.338872,-0.311174,0.167527,0.042056,0.367104,0.205075,0.605891,0.000001,0.020622,0.000476,0.143602,0.000000,0.000000,0.000000,3.140000,-2.513348,-0.000000,-0.200000,-0.516054,-0.179485,0.000000,1.193695,0.000000,0.000000,0.000000,0.000000,0.000000,0.000000
1778766134.094388,sequential_ik_elbow_then_wrist,0,0,-0.192431,0.186267,-0.135185,-0.399128,0.254651,0.071213,-0.146502,-0.255511,-0.057020,-0.338453,-0.312985,0.166255,0.042057,0.366793,0.205078,0.605634,0.000000,0.020186,0.000317,0.142078,0.000000,0.000000,0.000000,3.140000,-2.513075,-0.000000,-0.200000,-0.517123,-0.182051,0.000000,1.191493,0.000000,0.000000,0.000000,0.000000,0.000000,0.000000
1778766134.133943,sequential_ik_elbow_then_wrist,0,0,-0.192505,0.186304,-0.135027,-0.399493,0.254598,0.071109,-0.147078,-0.254967,-0.057965,-0.339749,-0.316244,0.163672,0.042095,0.366812,0.205170,0.605650,0.000000,0.019745,0.000350,0.140513,0.000000,0.000000,0.000000,3.140000,-2.513105,-0.000000,-0.200000,-0.518430,-0.184790,0.000000,1.187447,0.000000,0.000000,0.000000,0.000000,0.000000,0.000000
1778766134.171253,sequential_ik_elbow_then_wrist,0,0,-0.190912,0.187066,-0.136230,-0.398483,0.255497,0.069273,-0.145682,-0.255389,-0.059609,-0.340441,-0.317742,0.159892,0.041299,0.364452,0.203222,0.603699,0.000001,0.020160,0.000539,0.141986,0.000000,0.000000,0.000000,3.140000,-2.512829,-0.000000,-0.200000,-0.518663,-0.188087,0.000000,1.182968,0.000000,0.000000,0.000000,0.000000,0.000000,0.000000
1778766134.211401,sequential_ik_elbow_then_wrist,0,0,-0.188422,0.188656,-0.137498,-0.395206,0.257531,0.068648,-0.144092,-0.256085,-0.060479,-0.337645,-0.319949,0.159655,0.040078,0.360476,0.200195,0.600397,0.000001,0.019786,0.000576,0.140662,0.000000,0.000000,0.000000,3.140000,-2.512465,-0.000000,-0.200000,-0.517588,-0.191418,0.000000,1.180082,0.000000,0.000000,0.000000,0.000000,0.000000,0.000000
1778766134.251415,sequential_ik_elbow_then_wrist,0,0,-0.184444,0.190921,-0.139748,-0.388442,0.260722,0.068849,-0.142556,-0.256799,-0.061091,-0.332069,-0.322334,0.162045,0.038181,0.354046,0.195401,0.595018,0.000001,0.018714,0.000568,0.136794,0.000000,0.000000,0.000000,3.140000,-2.511803,-0.000000,-0.200000,-0.515423,-0.194525,0.000000,1.180299,0.000000,0.000000,0.000000,0.000000,0.000000,0.000000
1778766134.286196,sequential_ik_elbow_then_wrist,0,0,-0.178029,0.194407,-0.143219,-0.382073,0.265207,0.064996,-0.140546,-0.257263,-0.063738,-0.330276,-0.322560,0.159285,0.035258,0.344619,0.187770,0.587043,0.000002,0.019099,0.000904,0.138197,0.000000,0.000000,0.000000,3.140000,-2.510671,-0.000000,-0.200000,-0.512222,-0.198687,0.000000,1.182803,0.000000,0.000000,0.000000,0.000000,0.000000,0.000000
1778766134.332006,sequential_ik_elbow_then_wrist,0,0,-0.177821,0.194356,-0.143546,-0.382394,0.265201,0.064133,-0.139660,-0.257509,-0.064687,-0.328584,-0.322901,0.158990,0.035165,0.344604,0.187524,0.587030,0.000001,0.019093,0.000524,0.138175,0.000000,0.000000,0.000000,3.140000,-2.509418,-0.000000,-0.200000,-0.508857,-0.202861,0.000000,1.186833,0.000000,0.000000,0.000000,0.000000,0.000000,0.000000
1778766134.371387,sequential_ik_elbow_then_wrist,0,0,-0.177999,0.194470,-0.143171,-0.381946,0.265701,0.064992,-0.140634,-0.257041,-0.064437,-0.330489,-0.321946,0.158593,0.035244,0.344515,0.187734,0.586954,0.000000,0.019452,0.000176,0.139470,0.000000,0.000000,0.000000,3.140000,-2.508604,-0.000000,-0.200000,-0.506742,-0.206107,0.000000,1.190202,0.000000,0.000000,0.000000,0.000000,0.000000,0.000000
1778766134.412743,sequential_ik_elbow_then_wrist,0,0,-0.178639,0.194235,-0.142692,-0.383065,0.265179,0.065100,-0.140653,-0.257066,-0.064292,-0.331631,-0.321378,0.157950,0.035529,0.345509,0.188491,0.587800,0.000000,0.019781,0.000052,0.140643,0.000000,0.000000,0.000000,3.140000,-2.508199,-0.000000,-0.200000,-0.505244,-0.208499,0.000000,1.192466,0.000000,0.000000,0.000000,0.000000,0.000000,0.000000
1778766134.449393,sequential_ik_elbow_then_wrist,0,0,-0.179188,0.193839,-0.142542,-0.384321,0.264501,0.064646,-0.140448,-0.257112,-0.064558,-0.332169,-0.321447,0.157036,0.035774,0.346493,0.189140,0.588636,0.000000,0.019980,0.000068,0.141349,0.000000,0.000000,0.000000,3.140000,-2.507875,-0.000000,-0.200000,-0.504008,-0.210469,0.000000,1.193784,0.000000,0.000000,0.000000,0.000000,0.000000,0.000000
1778766134.485240,sequential_ik_elbow_then_wrist,0,0,-0.179659,0.193681,-0.142162,-0.385622,0.263888,0.064358,-0.140954,-0.256783,-0.064766,-0.335636,-0.320746,0.154340,0.035985,0.347454,0.189698,0.589452,0.000000,0.020830,0.000150,0.144326,0.000000,0.000000,0.000000,3.140000,-2.507772,-0.000000,-0.200000,-0.503417,-0.212131,0.000000,1.193160,0.000000,0.000000,0.000000,0.000000,0.000000,0.000000
1778766134.525296,sequential_ik_elbow_then_wrist,0,0,-0.179984,0.193291,-0.142282,-0.386850,0.263410,0.063364,-0.140452,-0.256761,-0.065934,-0.335602,-0.321231,0.152607,0.036132,0.348087,0.190083,0.589989,0.000000,0.020874,0.000297,0.144479,0.000000,0.000000,0.000000,3.140000,-2.507508,-0.000000,-0.200000,-0.502787,-0.214170,0.000000,1.192251,0.000000,0.000000,0.000000,0.000000,0.000000,0.000000
1778766134.567466,sequential_ik_elbow_then_wrist,0,0,-0.179800,0.193123,-0.142742,-0.387815,0.263071,0.061799,-0.139862,-0.256635,-0.067652,-0.335269,-0.321172,0.150640,0.036048,0.348216,0.189864,0.590098,0.000001,0.020997,0.000487,0.144903,0.000000,0.000000,0.000000,3.140000,-2.506923,-0.000000,-0.200000,-0.501981,-0.216985,0.000000,1.192245,0.000000,0.000000,0.000000,0.000000,0.000000,0.000000
1778766134.603317,sequential_ik_elbow_then_wrist,0,0,-0.179112,0.193167,-0.143546,-0.387133,0.263216,0.060955,-0.139113,-0.256611,-0.069271,-0.335870,-0.321167,0.147799,0.035739,0.347504,0.189049,0.589495,0.000001,0.021455,0.000524,0.146474,0.000000,0.000000,0.000000,3.140000,-2.505930,-0.000000,-0.200000,-0.500887,-0.220440,0.000000,1.192712,0.000000,0.000000,0.000000,0.000000,0.000000,0.000000
1778766134.641225,sequential_ik_elbow_then_wrist,0,0,-0.177990,0.194227,-0.143512,-0.386070,0.263784,0.061096,-0.138128,-0.256909,-0.070133,-0.334415,-0.320936,0.147518,0.035240,0.346227,0.187724,0.588411,0.000000,0.021512,0.000431,0.146669,0.000000,0.000000,0.000000,3.140000,-2.505471,-0.000000,-0.200000,-0.499313,-0.223913,0.000000,1.194700,0.000000,0.000000,0.000000,0.000000,0.000000,0.000000
1778766134.686854,sequential_ik_elbow_then_wrist,0,0,-0.179145,0.198456,-0.136097,-0.386126,0.265851,0.070341,-0.139663,-0.256747,-0.067642,-0.335509,-0.319841,0.150678,0.035773,0.346325,0.189120,0.588494,0.000001,0.021496,0.000584,0.146616,0.000000,0.000000,0.000000,3.140000,-2.511123,-0.000000,-0.200000,-0.498818,-0.225168,0.000000,1.196416,0.000000,0.000000,0.000000,0.000000,0.000000,0.000000
1778766134.733153,sequential_ik_elbow_then_wrist,0,0,-0.178909,0.204456,-0.127237,-0.378971,0.271179,0.086124,-0.138802,-0.259298,-0.059147,-0.321818,-0.321078,0.170393,0.035691,0.340458,0.188882,0.583488,0.000010,0.018142,0.002146,0.134679,0.000000,0.000000,0.000000,3.140000,-2.524693,-0.000000,-0.200000,-0.497394,-0.220442,0.000000,1.202393,0.000000,0.000000,0.000000,0.000000,0.000000,0.000000
1778766134.786232,sequential_ik_elbow_then_wrist,0,0,-0.180007,0.206982,-0.121474,-0.377384,0.270629,0.095301,-0.138795,-0.260644,-0.052920,-0.318144,-0.319414,0.180275,0.036172,0.338925,0.190167,0.582173,0.000009,0.017770,0.001949,0.133305,0.000000,0.000000,0.000000,3.140000,-2.542142,-0.000000,-0.200000,-0.495659,-0.211640,0.000000,1.208149,0.000000,0.000000,0.000000,0.000000,0.000000,0.000000
1778766134.833239,sequential_ik_elbow_then_wrist,0,0,-0.180707,0.208359,-0.118032,-0.376274,0.266650,0.101867,-0.142407,-0.259462,-0.048986,-0.315243,-0.312957,0.190317,0.036479,0.340107,0.190984,0.583187,0.000006,0.016828,0.001590,0.129718,0.000000,0.000000,0.000000,3.140000,-2.560121,-0.000000,-0.200000,-0.496500,-0.201297,0.000000,1.215731,0.000000,0.000000,0.000000,0.000000,0.000000,0.000000
1778766134.869633,sequential_ik_elbow_then_wrist,0,0,-0.181880,0.210987,-0.111373,-0.377947,0.264199,0.109367,-0.144370,-0.259375,-0.043381,-0.312752,-0.307124,0.200274,0.037023,0.341470,0.192396,0.584355,0.000007,0.016214,0.001721,0.127328,0.000000,0.000000,0.000000,3.140000,-2.580178,-0.000000,-0.200000,-0.498741,-0.189099,0.000000,1.224136,0.000000,0.000000,0.000000,0.000000,0.000000,0.000000
1778766134.919991,sequential_ik_elbow_then_wrist,0,0,-0.189184,0.207077,-0.106435,-0.387844,0.249981,0.114231,-0.150088,-0.256977,-0.037900,-0.314743,-0.297833,0.209525,0.040469,0.357036,0.201164,0.597525,0.000012,0.015924,0.002279,0.126190,0.000000,0.000000,0.000000,3.140000,-2.599139,-0.000000,-0.200000,-0.504629,-0.175425,0.000000,1.232339,0.000000,0.000000,0.000000,0.000000,0.000000,0.000000
1778766134.959847,sequential_ik_elbow_then_wrist,0,0,-0.189565,0.208054,-0.103820,-0.386311,0.245046,0.119613,-0.154415,-0.254744,-0.035516,-0.319302,-0.286248,0.213119,0.040655,0.359398,0.201627,0.599498,0.000007,0.016770,0.001767,0.129494,0.000000,0.000000,0.000000,3.140000,-2.616679,-0.000000,-0.200000,-0.513089,-0.162543,0.000000,1.240859,0.000000,0.000000,0.000000,0.000000,0.000000,0.000000
1778766134.994905,sequential_ik_elbow_then_wrist,0,0,-0.189424,0.208103,-0.103979,-0.385463,0.240304,0.120813,-0.153914,-0.255319,-0.033508,-0.319211,-0.278427,0.215777,0.040582,0.361642,0.201449,0.601366,0.000001,0.017704,0.000698,0.133049,0.000000,0.000000,0.000000,3.140000,-2.630903,-0.000000,-0.200000,-0.520001,-0.150934,0.000000,1.250729,0.000000,0.000000,0.000000,0.000000,0.000000,0.000000
1778766135.040271,sequential_ik_elbow_then_wrist,0,0,-0.191965,0.206337,-0.102831,-0.387465,0.234017,0.123031,-0.154822,-0.254872,-0.032718,-0.317205,-0.275883,0.218658,0.041840,0.368269,0.204547,0.606851,0.000000,0.017253,0.000435,0.131346,0.000000,0.000000,0.000000,3.140000,-2.642159,-0.000000,-0.200000,-0.525989,-0.141206,0.000000,1.260659,0.000000,0.000000,0.000000,0.000000,0.000000,0.000000
1778766135.081578,sequential_ik_elbow_then_wrist,0,0,-0.191326,0.206198,-0.104292,-0.385986,0.234247,0.122248,-0.154247,-0.255250,-0.032481,-0.311842,-0.276814,0.221879,0.041520,0.367269,0.203765,0.606028,0.000000,0.015984,0.000162,0.126425,0.000000,0.000000,0.000000,3.140000,-2.649880,-0.000000,-0.200000,-0.530286,-0.133458,0.000000,1.270562,0.000000,0.000000,0.000000,0.000000,0.000000,0.000000
1778766135.118254,sequential_ik_elbow_then_wrist,0,0,-0.187225,0.194348,-0.131056,-0.388614,0.234208,0.087698,-0.145804,-0.257562,-0.049019,-0.300311,-0.281642,0.207004,0.039689,0.365390,0.199030,0.604475,0.000041,0.015288,0.004289,0.123582,0.000000,0.000000,0.000000,3.140000,-2.634773,-0.000000,-0.200000,-0.528275,-0.137789,0.000000,1.287412,0.000000,0.000000,0.000000,0.000000,0.000000,0.000000
1778766135.154770,sequential_ik_elbow_then_wrist,0,0,-0.176335,0.183051,-0.159368,-0.383628,0.244541,0.048595,-0.143058,-0.250856,-0.081276,-0.323477,-0.285280,0.155924,0.034805,0.351557,0.186213,0.592923,0.000161,0.021229,0.008444,0.145701,0.000000,0.000000,0.000000,3.140000,-2.595949,-0.000000,-0.200000,-0.526092,-0.163811,0.000000,1.300771,0.000000,0.000000,0.000000,0.000000,0.000000,0.000000
1778766135.197904,sequential_ik_elbow_then_wrist,0,0,-0.169610,0.162165,-0.186909,-0.391998,0.259173,-0.010464,-0.149789,-0.235588,-0.109825,-0.374682,-0.288387,0.081579,0.032038,0.333559,0.178493,0.577546,0.000201,0.031366,0.009505,0.176807,0.000000,0.000000,0.000000,3.140000,-2.534440,-0.000000,-0.200000,-0.532720,-0.207392,0.000000,1.286295,0.000000,0.000000,0.000000,0.000000,0.000000,0.000000
1778766135.243320,sequential_ik_elbow_then_wrist,0,0,-0.155149,0.146267,-0.211033,-0.374121,0.275488,-0.051805,-0.144106,-0.222878,-0.139853,-0.393767,-0.287908,0.013250,0.026325,0.305766,0.161821,0.552961,0.000212,0.035813,0.009722,0.189048,0.000000,0.000000,0.000000,3.140000,-2.459410,-0.000000,-0.200000,-0.541169,-0.266340,0.000000,1.254671,0.000000,0.000000,0.000000,0.000000,0.000000,0.000000
1778766135.281268,sequential_ik_elbow_then_wrist,0,0,-0.140160,0.127215,-0.232748,-0.360273,0.296470,-0.119158,-0.121549,-0.204591,-0.182670,-0.392688,-0.263736,-0.068714,0.021172,0.263156,0.145082,0.512988,0.000446,0.047251,0.014140,0.217361,0.000000,0.000000,0.000000,3.140000,-2.375788,-0.000000,-0.200000,-0.542711,-0.348448,0.000000,1.225039,0.000000,0.000000,0.000000,0.000000,0.000000,0.000000
1778766135.324779,sequential_ik_elbow_then_wrist,0,0,-0.092398,0.102734,-0.266286,-0.313031,0.297476,-0.324563,-0.103129,-0.187554,-0.210209,-0.380587,-0.263613,-0.125168,0.009104,0.127726,0.094523,0.352024,0.000325,0.047309,0.012266,0.217501,0.000000,0.000000,0.000000,3.140000,-2.280983,-0.753600,-0.051956,-0.537794,-0.441944,0.000000,1.199211,0.000000,0.000000,0.000000,0.000000,0.000000,0.000000
1778766135.364993,sequential_ik_elbow_then_wrist,0,0,-0.079526,0.091382,-0.274454,-0.277286,0.228027,-0.453951,-0.110487,-0.148774,-0.235921,-0.392976,-0.246830,-0.211739,0.006549,0.084877,0.080643,0.291221,0.000459,0.111564,0.016118,0.314607,0.000000,0.000000,0.000000,3.140000,-2.192710,-1.326336,0.040867,-0.547305,-0.544142,0.753600,0.910329,0.000000,0.000000,0.000000,0.000000,0.000000,0.000000
1778766135.406254,sequential_ik_elbow_then_wrist,0,0,-0.066137,0.087428,-0.279253,-0.250804,0.201495,-0.486344,-0.109399,-0.110194,-0.256689,-0.396176,-0.190151,-0.293640,0.004464,0.068487,0.066746,0.261493,0.000734,0.069945,0.022756,0.263747,0.000000,0.000000,0.000000,3.140000,-2.118419,-1.761615,0.086375,-0.572626,-0.652134,1.326336,0.643850,0.000000,0.000000,0.000000,0.000000,0.000000,0.000000
1778766135.443831,sequential_ik_elbow_then_wrist,0,0,-0.052539,0.073419,-0.286093,-0.218002,0.168953,-0.517384,-0.097892,-0.083631,-0.270967,-0.388698,-0.123609,-0.332881,0.002835,0.050856,0.053034,0.225349,0.000619,0.075310,0.021723,0.274426,0.000000,0.000000,0.000000,3.140000,-2.050659,-2.092428,0.100301,-0.605723,-0.759861,1.761615,0.441326,0.000000,0.000000,0.000000,0.000000,0.000000,0.000000
1778766135.480384,sequential_ik_elbow_then_wrist,0,0,-0.017164,0.067464,-0.291812,-0.192104,0.172321,-0.511814,-0.090253,-0.090609,-0.271375,-0.339530,-0.010987,-0.418077,0.000314,0.040375,0.017477,0.200901,0.000062,0.074728,0.007268,0.273358,0.000000,0.000000,0.000000,3.140000,-1.992099,-2.343845,0.119722,-0.635269,-0.847307,2.092428,0.291851,0.000000,0.000000,0.000000,0.000000,0.000000,0.000000
1778766135.513576,sequential_ik_elbow_then_wrist,0,0,-0.021798,0.067904,-0.291400,-0.191606,0.180357,-0.511672,-0.065969,-0.090355,-0.278359,-0.271464,0.016082,-0.469260,0.000481,0.039786,0.021926,0.199424,0.000125,0.058486,0.009780,0.240924,0.000000,0.000000,0.000000,3.140000,-1.946293,-2.534922,0.144231,-0.652854,-0.925915,2.343845,0.228714,0.000000,0.000000,0.000000,0.000000,0.000000,0.000000
1778766135.553819,sequential_ik_elbow_then_wrist,0,0,-0.033159,0.077449,-0.287927,-0.200293,0.182856,-0.513661,-0.040672,-0.086611,-0.284331,-0.245644,0.022685,-0.474175,0.001122,0.043028,0.033407,0.207418,0.000549,0.054269,0.022205,0.232828,0.000000,0.000000,0.000000,3.140000,-1.917416,-2.680141,0.157332,-0.656098,-1.000463,2.534922,0.199263,0.000000,0.000000,0.000000,0.000000,0.000000,0.000000
1778766135.593996,sequential_ik_elbow_then_wrist,0,0,-0.031567,0.082039,-0.286833,-0.211192,0.195847,-0.498452,-0.046718,-0.077845,-0.285933,-0.258821,0.042898,-0.460385,0.001013,0.048526,0.031783,0.220278,0.000108,0.068875,0.010029,0.262432,0.000000,0.000000,0.000000,3.140000,-1.899762,-2.790507,0.171867,-0.654431,-1.062431,2.680141,0.182247,0.000000,0.000000,0.000000,0.000000,0.000000,0.000000
1778766135.632247,sequential_ik_elbow_then_wrist,0,0,-0.032566,0.087541,-0.285090,-0.207731,0.211210,-0.494906,-0.062806,-0.078785,-0.282574,-0.273794,0.052966,-0.450280,0.001079,0.046705,0.032798,0.216103,0.000014,0.079509,0.002911,0.281953,0.000000,0.000000,0.000000,3.140000,-1.890905,-2.874385,0.187813,-0.654047,-1.103918,2.790507,0.177413,0.000000,0.000000,0.000000,0.000000,0.000000,0.000000
1778766135.671847,sequential_ik_elbow_then_wrist,0,0,-0.030032,0.089890,-0.284637,-0.211873,0.226625,-0.480180,-0.072668,-0.089049,-0.277109,-0.289504,0.059752,-0.421471,0.000915,0.049099,0.030228,0.221525,0.000044,0.094834,0.004930,0.307915,0.000000,0.000000,0.000000,3.140000,-1.886700,-2.938133,0.212132,-0.655201,-1.124799,2.874385,0.185081,0.000000,0.000000,0.000000,0.000000,0.000000,0.000000
1778766135.707587,sequential_ik_elbow_then_wrist,0,0,-0.030327,0.096634,-0.282386,-0.209707,0.235444,-0.478740,-0.077462,-0.094121,-0.274118,-0.300486,0.048760,-0.414991,0.000939,0.047873,0.030577,0.218799,0.000024,0.095771,0.003881,0.309469,0.000000,0.000000,0.000000,3.140000,-1.888486,-2.986581,0.232277,-0.657626,-1.133555,2.938133,0.191856,0.000000,0.000000,0.000000,0.000000,0.000000,0.000000
1778766135.759001,sequential_ik_elbow_then_wrist,0,0,-0.032570,0.102331,-0.280121,-0.207945,0.242417,-0.479168,-0.079473,-0.099924,-0.271476,-0.306764,0.038975,-0.409483,0.001082,0.046824,0.032834,0.216384,0.000010,0.095501,0.002162,0.309030,0.000000,0.000000,0.000000,3.140000,-1.894781,-3.023402,0.244251,-0.659845,-1.134642,2.986581,0.195019,0.000000,0.000000,0.000000,0.000000,0.000000,0.000000
1778766135.796789,sequential_ik_elbow_then_wrist,0,0,-0.034062,0.104443,-0.279162,-0.200581,0.247044,-0.483946,-0.079296,-0.103810,-0.270066,-0.309196,0.027562,-0.411088,0.001178,0.043178,0.034298,0.207786,0.000006,0.091655,0.001878,0.302742,0.000000,0.000000,0.000000,3.140000,-1.902135,-3.051385,0.249080,-0.660657,-1.132177,3.023402,0.193948,0.000000,0.000000,0.000000,0.000000,0.000000,0.000000
1778766135.835073,sequential_ik_elbow_then_wrist,0,0,-0.037877,0.100182,-0.280230,-0.207056,0.228518,-0.492146,-0.077940,-0.118075,-0.264544,-0.301262,0.024307,-0.405451,0.001454,0.046131,0.038122,0.214726,0.000092,0.090941,0.008683,0.301483,0.000000,0.000000,0.000000,3.140000,-1.905606,-3.072653,0.240966,-0.655911,-1.122199,3.051385,0.209943,0.000000,0.000000,0.000000,0.000000,0.000000,0.000000
1778766135.870187,sequential_ik_elbow_then_wrist,0,0,-0.034469,0.092254,-0.283374,-0.201802,0.216847,-0.498958,-0.075773,-0.124527,-0.262205,-0.296499,0.016135,-0.408815,0.001213,0.043772,0.034741,0.209211,0.000108,0.087266,0.009810,0.295301,0.000000,0.000000,0.000000,3.140000,-1.902477,-3.088816,0.231016,-0.645550,-1.109808,3.072653,0.241172,0.000000,0.000000,0.000000,0.000000,0.000000,0.000000
1778766135.900398,sequential_ik_elbow_then_wrist,0,0,-0.037241,0.085948,-0.285002,-0.204316,0.204830,-0.503984,-0.076215,-0.127592,-0.260598,-0.295344,0.007822,-0.414369,0.001412,0.044794,0.037504,0.211644,0.000067,0.083938,0.007708,0.289660,0.000000,0.000000,0.000000,3.140000,-1.894736,-3.101100,0.221759,-0.632135,-1.097183,3.088816,0.279125,0.000000,0.000000,0.000000,0.000000,0.000000,0.000000
1778766135.944949,sequential_ik_elbow_then_wrist,0,0,-0.034979,0.090147,-0.283990,-0.196675,0.206577,-0.508262,-0.080906,-0.128016,-0.258971,-0.299191,0.010645,-0.411039,0.001238,0.041284,0.035187,0.203179,0.000010,0.087506,0.002881,0.295767,0.000000,0.000000,0.000000,3.140000,-1.890286,-3.110436,0.211687,-0.619932,-1.084726,3.101100,0.320506,0.000000,0.000000,0.000000,0.000000,0.000000,0.000000
1778766135.986531,sequential_ik_elbow_then_wrist,0,0,-0.023423,0.086340,-0.286351,-0.181106,0.205185,-0.512209,-0.081988,-0.123445,-0.260843,-0.304074,0.008831,-0.413096,0.000558,0.035063,0.023595,0.187252,0.000001,0.088452,0.000791,0.297409,0.000000,0.000000,0.000000,3.140000,-1.884563,-3.117531,0.204773,-0.611035,-1.076900,3.110436,0.351404,0.000000,0.000000,0.000000,0.000000,0.000000,0.000000
1778766136.020326,sequential_ik_elbow_then_wrist,0,0,-0.020827,0.087837,-0.286096,-0.178167,0.211400,-0.509649,-0.083106,-0.124600,-0.259939,-0.305429,0.016924,-0.403270,0.000440,0.033964,0.020980,0.184286,0.000001,0.094188,0.000614,0.306894,0.000000,0.000000,0.000000,3.140000,-1.880608,-3.122924,0.203679,-0.604682,-1.070204,3.117531,0.380023,0.000000,0.000000,0.000000,0.000000,0.000000,0.000000
1778766136.058745,sequential_ik_elbow_then_wrist,0,0,-0.008868,0.077547,-0.289668,-0.174147,0.195607,-0.510450,-0.074843,-0.126835,-0.261364,-0.294614,0.018875,-0.404434,0.000094,0.033014,0.009322,0.181697,0.000031,0.091264,0.005246,0.302069,0.000000,0.000000,0.000000,3.140000,-1.870986,-3.127022,0.204503,-0.595997,-1.066785,3.122924,0.412022,0.000000,0.000000,0.000000,0.000000,0.000000,0.000000
1778766136.093875,sequential_ik_elbow_then_wrist,0,0,-0.008775,0.067013,-0.292288,-0.179479,0.194180,-0.503685,-0.072099,-0.132734,-0.259198,-0.285256,0.025022,-0.399473,0.000100,0.035423,0.009391,0.188112,0.000060,0.091251,0.007329,0.301935,0.000000,0.000000,0.000000,3.140000,-1.855458,-3.130137,0.219671,-0.583945,-1.061941,3.127022,0.458674,0.000000,0.000000,0.000000,0.000000,0.000000,0.000000
1778766136.135220,sequential_ik_elbow_then_wrist,0,0,0.007381,0.064229,-0.292951,-0.160402,0.193574,-0.505363,-0.060696,-0.137330,-0.259724,-0.278162,0.012707,-0.401843,0.000050,0.029177,0.006884,0.170780,0.000192,0.086551,0.013233,0.294147,0.000000,0.000000,0.000000,3.138051,-1.840050,-3.132504,0.239282,-0.564851,-1.058682,3.130137,0.507001,0.000000,0.000000,0.000000,0.000000,0.000000,0.000000
1778766136.166165,sequential_ik_elbow_then_wrist,0,0,0.012334,0.072482,-0.290851,-0.165638,0.192920,-0.500185,-0.055577,-0.129097,-0.265038,-0.277424,0.019538,-0.401755,0.000122,0.032594,0.010804,0.180526,0.000116,0.090329,0.009989,0.300526,0.000000,0.000000,0.000000,3.133379,-1.832866,-3.134303,0.249551,-0.543422,-1.062885,3.132504,0.552478,0.000000,0.000000,0.000000,0.000000,0.000000,0.000000
1778766136.211096,sequential_ik_elbow_then_wrist,0,0,0.009779,0.076280,-0.289975,-0.169966,0.201324,-0.495050,-0.050213,-0.116466,-0.271872,-0.275028,0.023795,-0.412532,0.000058,0.035104,0.007394,0.187359,0.000082,0.089902,0.007615,0.299830,0.000000,0.000000,0.000000,3.127492,-1.830872,-3.135670,0.256445,-0.522962,-1.076947,3.134303,0.582326,0.000000,0.000000,0.000000,0.000000,0.000000,0.000000
1778766136.257203,sequential_ik_elbow_then_wrist,0,0,0.009799,0.081501,-0.288551,-0.177396,0.204353,-0.488214,-0.041804,-0.119785,-0.271853,-0.271821,0.008885,-0.415158,0.000047,0.039375,0.006568,0.198425,0.000149,0.086884,0.011767,0.294729,0.000000,0.000000,0.000000,3.120824,-1.833528,-3.136709,0.258077,-0.500261,-1.090352,3.135670,0.594672,0.000000,0.000000,0.000000,0.000000,0.000000,0.000000
1778766136.290966,sequential_ik_elbow_then_wrist,0,0,0.002508,0.080754,-0.288916,-0.185008,0.200923,-0.489906,-0.039105,-0.120118,-0.272108,-0.268449,0.009141,-0.415961,0.000001,0.042169,0.000790,0.205343,0.000126,0.086174,0.010905,0.293553,0.000000,0.000000,0.000000,3.116033,-1.835828,-3.137499,0.254954,-0.476469,-1.101484,3.136709,0.604897,0.000000,0.000000,0.000000,0.000000,0.000000,0.000000
1778766136.336208,sequential_ik_elbow_then_wrist,0,0,0.001550,0.081352,-0.288755,-0.190457,0.199443,-0.486714,-0.025847,-0.122397,-0.272673,-0.255719,-0.003777,-0.424620,0.000003,0.044596,0.001583,0.211176,0.000361,0.077760,0.018431,0.278855,0.000000,0.000000,0.000000,3.112951,-1.838001,-3.138099,0.250907,-0.447530,-1.111600,3.137499,0.612365,0.000000,0.000000,0.000000,0.000000,0.000000,0.000000
1778766136.377362,sequential_ik_elbow_then_wrist,0,0,-0.000157,0.078112,-0.289652,-0.182205,0.204778,-0.491678,-0.026118,-0.122613,-0.272551,-0.252081,-0.009255,-0.434076,0.000009,0.040056,0.002931,0.200129,0.000207,0.073863,0.013989,0.271776,0.000000,0.000000,0.000000,3.111594,-1.837643,-3.138556,0.252709,-0.417318,-1.119090,3.138099,0.619942,0.000000,0.000000,0.000000,0.000000,0.000000,0.000000
1778766136.412450,sequential_ik_elbow_then_wrist,0,0,0.012037,0.082675,-0.288132,-0.172918,0.220621,-0.479866,-0.023601,-0.118455,-0.274611,-0.239615,-0.001330,-0.446714,0.000071,0.038275,0.008259,0.195595,0.000147,0.066837,0.011741,0.258503,0.000000,0.000000,0.000000,3.107655,-1.840166,-3.138902,0.264125,-0.387642,-1.127688,3.138556,0.634225,0.000000,0.000000,0.000000,0.000000,0.000000,0.000000
1778766136.454168,sequential_ik_elbow_then_wrist,0,0,0.015542,0.079185,-0.288943,-0.173078,0.222311,-0.473165,-0.017587,-0.119723,-0.274512,-0.229876,-0.000545,-0.449811,0.000115,0.040383,0.010610,0.200934,0.000204,0.062346,0.013900,0.249657,0.000000,0.000000,0.000000,3.100901,-1.840705,-3.139166,0.279993,-0.357234,-1.134893,3.138902,0.655134,0.000000,0.000000,0.000000,0.000000,0.000000,0.000000
1778766136.501324,sequential_ik_elbow_then_wrist,0,0,0.013103,0.074126,-0.290403,-0.177658,0.215687,-0.473626,-0.014770,-0.117000,-0.275849,-0.226264,-0.006851,-0.457886,0.000064,0.043268,0.007781,0.208008,0.000167,0.059438,0.012551,0.243798,0.000000,0.000000,0.000000,3.093174,-1.837535,-3.139366,0.294267,-0.327184,-1.142501,3.139166,0.670881,0.000000,0.000000,0.000000,0.000000,0.000000,0.000000
1778766136.544826,sequential_ik_elbow_then_wrist,0,0,0.008852,0.070614,-0.291437,-0.179834,0.215636,-0.474101,-0.010833,-0.124934,-0.272533,-0.224475,-0.026991,-0.458984,0.000015,0.044293,0.003574,0.210448,0.000215,0.057509,0.014153,0.239806,0.000000,0.000000,0.000000,3.086229,-1.831893,-3.139518,0.309942,-0.296331,-1.143814,3.139366,0.679629,0.000000,0.000000,0.000000,0.000000,0.000000,0.000000
1778766136.584679,sequential_ik_elbow_then_wrist,0,0,-0.000401,0.066076,-0.292633,-0.186037,0.205623,-0.482544,0.004628,-0.126344,-0.272058,-0.200881,-0.060315,-0.480400,0.000031,0.045410,0.005304,0.213096,0.000545,0.044253,0.022685,0.210241,0.000000,0.000000,0.000000,3.082464,-1.823565,-3.139634,0.320622,-0.259670,-1.143951,3.139518,0.669006,0.000000,0.000000,0.000000,0.000000,0.000000,0.000000
1778766136.622200,sequential_ik_elbow_then_wrist,0,0,0.016399,0.077011,-0.289483,-0.154286,0.220426,-0.490228,0.014580,-0.131079,-0.269454,-0.168920,-0.097324,-0.504377,0.000114,0.033449,0.010209,0.182879,0.000676,0.030230,0.025177,0.173678,0.000000,0.000000,0.000000,3.076478,-1.824087,-3.139722,0.323635,-0.216692,-1.140388,3.139634,0.641392,0.000000,0.000000,0.000000,0.000000,0.000000,0.000000
1778766136.661165,sequential_ik_elbow_then_wrist,0,0,0.006111,0.075266,-0.290341,-0.166988,0.205863,-0.497659,0.016916,-0.131742,-0.268994,-0.162423,-0.109900,-0.508495,0.000000,0.037757,0.000211,0.194232,0.000452,0.029055,0.020577,0.170439,0.000000,0.000000,0.000000,3.071997,-1.824392,-3.139788,0.312459,-0.171293,-1.135641,3.139722,0.614517,0.000000,0.000000,0.000000,0.000000,0.000000,0.000000
1778766136.710242,sequential_ik_elbow_then_wrist,1,0,0.018599,0.085170,-0.287054,-0.121254,0.223831,-0.513360,0.040205,-0.151605,-0.255733,-0.126531,-0.138486,-0.504786,0.000120,0.022151,0.010457,0.148788,0.001116,0.021233,0.031440,0.145642,0.000000,0.000000,0.000000,3.064987,-1.831698,-3.139839,0.295260,-0.115114,-1.115716,3.139788,0.605065,0.000000,0.000000,0.000000,0.000000,0.000000,0.000000
1778766136.747234,sequential_ik_elbow_then_wrist,1,0,0.032557,0.094619,-0.282820,-0.090354,0.243136,-0.512680,0.064678,-0.153850,-0.249293,-0.085701,-0.128539,-0.507645,0.000430,0.016085,0.020121,0.126804,0.001474,0.013570,0.036245,0.115774,0.000000,0.000000,0.000000,3.051608,-1.846320,-3.139878,0.276621,-0.043864,-1.090149,3.139839,0.628816,0.000000,0.000000,0.000000,0.000000,0.000000,0.000000
1778766136.785537,sequential_ik_elbow_then_wrist,1,0,0.054154,0.106484,-0.275188,-0.087003,0.256933,-0.492995,0.070836,-0.139357,-0.256051,-0.062464,-0.133012,-0.524734,0.001148,0.021202,0.032806,0.145527,0.000979,0.010114,0.029665,0.100566,0.000000,0.000000,0.000000,3.025931,-1.870672,-3.139907,0.250692,0.033781,-1.075240,3.139878,0.647449,0.000000,0.000000,0.000000,0.000000,0.000000,0.000000
1778766136.824507,sequential_ik_elbow_then_wrist,1,0,0.068333,0.100695,-0.274210,-0.073293,0.258146,-0.486698,0.094540,-0.138387,-0.248820,-0.027021,-0.142651,-0.523055,0.001520,0.023937,0.038077,0.154650,0.001308,0.007033,0.034139,0.083859,0.000000,0.000000,0.000000,2.986667,-1.892616,-3.139929,0.220223,0.120658,-1.057201,3.139907,0.664209,0.000000,0.000000,0.000000,0.000000,0.000000,0.000000
1778766136.859260,sequential_ik_elbow_then_wrist,1,0,0.084013,0.091651,-0.273023,-0.053896,0.222712,-0.504980,0.099167,-0.138236,-0.247097,0.005038,-0.139231,-0.531945,0.002076,0.021699,0.044487,0.146515,0.000652,0.003775,0.023964,0.061422,0.000000,0.000000,0.000000,2.933271,-1.910432,-3.139946,0.160499,0.207326,-1.038762,3.139929,0.680312,0.000000,0.000000,0.000000,0.000000,0.000000,0.000000
1778766136.903955,sequential_ik_elbow_then_wrist,1,0,0.113425,0.096793,-0.260319,0.061118,0.267169,-0.501640,0.108027,-0.143302,-0.240405,0.027830,-0.155450,-0.529232,0.003000,0.007086,0.052724,0.084028,0.000373,0.003408,0.017728,0.058381,0.000000,0.000000,0.000000,2.861040,-1.940361,-3.139959,0.127123,0.289357,-1.015978,3.139946,0.691901,0.000000,0.000000,0.000000,0.000000,0.000000,0.000000
1778766136.945352,sequential_ik_elbow_then_wrist,1,0,0.104078,0.111624,-0.258279,0.054735,0.260421,-0.514061,0.117512,-0.142822,-0.236205,0.053467,-0.167770,-0.528225,0.000743,0.010625,0.025785,0.102434,0.000264,0.002790,0.014846,0.052781,0.000000,0.000000,0.000000,2.788252,-1.974430,-3.139969,0.074189,0.366179,-0.992194,3.139959,0.696086,0.000000,0.000000,0.000000,0.000000,0.000000,0.000000
1778766137.874992,sequential_ik_elbow_then_wrist,0,0,-0.028954,0.088492,-0.285186,-0.196432,0.064601,-0.532936,-0.035436,-0.116692,-0.274093,-0.237479,-0.173787,-0.488380,0.005254,0.064926,0.067857,0.254584,0.007725,0.088927,0.081416,0.298150,0.000000,0.000000,0.000000,2.763397,-1.947264,-3.139976,0.008384,0.374884,-1.036129,3.139969,0.685488,0.000000,0.000000,0.000000,0.000000,0.000000,0.000000
1778766137.908597,sequential_ik_elbow_then_wrist,0,0,-0.027391,0.092044,-0.284214,-0.177582,0.053010,-0.540961,-0.025541,-0.117368,-0.274904,-0.201085,-0.173469,-0.511626,0.003586,0.048970,0.059203,0.221291,0.003464,0.063908,0.057567,0.251988,0.000000,0.000000,0.000000,2.765091,-1.920130,-3.139982,-0.041628,0.352837,-1.076201,3.139976,0.628801,0.000000,0.000000,0.000000,0.000000,0.000000,0.000000
1778766137.957810,sequential_ik_elbow_then_wrist,0,0,-0.054638,0.098461,-0.278065,-0.198846,0.049347,-0.536506,-0.025673,-0.098490,-0.282207,-0.221136,-0.162944,-0.500472,0.006345,0.055641,0.078867,0.235883,0.002112,0.069478,0.044981,0.263180,0.000000,0.000000,0.000000,2.793105,-1.901360,-3.139986,-0.079637,0.316251,-1.117423,3.139982,0.550586,0.000000,0.000000,0.000000,0.000000,0.000000,0.000000
1778766138.009501,sequential_ik_elbow_then_wrist,0,0,-0.062013,0.102868,-0.274905,-0.255697,0.028275,-0.491521,-0.045377,-0.098077,-0.279860,-0.245660,-0.163215,-0.493504,0.006034,0.091464,0.076678,0.302430,0.003186,0.076298,0.055620,0.275935,0.000000,0.000000,0.000000,2.843064,-1.895280,-3.139990,-0.108524,0.265453,-1.150334,3.139986,0.461002,0.000000,0.000000,0.000000,0.000000,0.000000,0.000000
1778766138.045825,sequential_ik_elbow_then_wrist,0,0,-0.089497,0.079803,-0.274994,-0.322998,0.035874,-0.458154,-0.066444,-0.095227,-0.276617,-0.276650,-0.152126,-0.482957,0.008456,0.126087,0.090898,0.355087,0.004489,0.084586,0.066020,0.290686,0.000000,0.000000,0.000000,2.913683,-1.883707,-3.139992,-0.130479,0.199488,-1.173748,3.139990,0.370433,0.000000,0.000000,0.000000,0.000000,0.000000,0.000000
1778766138.095772,sequential_ik_elbow_then_wrist,0,0,-0.057589,0.082630,-0.282588,-0.269074,0.085648,-0.495344,-0.068891,-0.112301,-0.269523,-0.275559,-0.138496,-0.485398,0.003364,0.081373,0.057995,0.285260,0.003263,0.073015,0.055600,0.270199,0.000000,0.000000,0.000000,2.967999,-1.876363,-3.139994,-0.147164,0.122402,-1.175317,3.139992,0.308396,0.000000,0.000000,0.000000,0.000000,0.000000,0.000000
1778766138.134799,sequential_ik_elbow_then_wrist,0,0,-0.067811,0.091135,-0.277662,-0.252795,0.128974,-0.510791,-0.057465,-0.112139,-0.272255,-0.250742,-0.107967,-0.501660,0.004692,0.069185,0.068444,0.263004,0.001237,0.055500,0.034245,0.235380,0.000000,0.000000,0.000000,3.009279,-1.877096,-3.139995,-0.150975,0.045116,-1.171758,3.139994,0.284818,0.000000,0.000000,0.000000,0.000000,0.000000,0.000000
1778766138.168872,sequential_ik_elbow_then_wrist,0,0,-0.071179,0.077088,-0.281053,-0.254954,0.132944,-0.511503,-0.070453,-0.107488,-0.271077,-0.264008,-0.097833,-0.500082,0.005176,0.070326,0.071877,0.265089,0.001463,0.055565,0.037215,0.235721,0.000000,0.000000,0.000000,3.040652,-1.870099,-3.139997,-0.136295,-0.034688,-1.166788,3.139995,0.268345,0.000000,0.000000,0.000000,0.000000,0.000000,0.000000
1778766138.212351,sequential_ik_elbow_then_wrist,0,0,-0.071079,0.059607,-0.285298,-0.255613,0.090053,-0.519862,-0.079684,-0.107523,-0.268494,-0.267162,-0.088872,-0.501955,0.005194,0.070510,0.071864,0.265528,0.001308,0.050757,0.035063,0.225293,0.000000,0.000000,0.000000,3.064496,-1.851693,-3.139997,-0.130397,-0.116115,-1.158308,3.139997,0.255770,0.000000,0.000000,0.000000,0.000000,0.000000,0.000000
1778766138.247751,sequential_ik_elbow_then_wrist,0,0,-0.049584,0.053760,-0.290949,-0.208304,0.110578,-0.539102,-0.064610,-0.118989,-0.267707,-0.245708,-0.122149,-0.506859,0.002501,0.046134,0.049920,0.214578,0.000170,0.034003,0.012472,0.184342,0.000000,0.000000,0.000000,3.082617,-1.830313,-3.139998,-0.103162,-0.185779,-1.146901,3.139997,0.235133,0.000000,0.000000,0.000000,0.000000,0.000000,0.000000
1778766138.284294,sequential_ik_elbow_then_wrist,0,0,-0.044877,0.056828,-0.291130,-0.173262,0.119931,-0.554825,-0.080658,-0.110766,-0.266880,-0.259575,-0.107171,-0.507662,0.002034,0.031173,0.045095,0.176505,0.000532,0.036021,0.022273,0.189789,0.000000,0.000000,0.000000,3.096389,-1.814198,-3.139998,-0.072097,-0.253123,-1.136845,3.139998,0.216612,0.000000,0.000000,0.000000,0.000000,0.000000,0.000000
1778766138.321571,sequential_ik_elbow_then_wrist,1,0,-0.045427,0.059472,-0.290516,-0.138815,0.113340,-0.570475,-0.069324,-0.126860,-0.262870,-0.242819,-0.154883,-0.506004,0.002085,0.019671,0.045659,0.140228,0.000027,0.022289,0.004285,0.149186,0.000000,0.000000,0.000000,3.106855,-1.803665,-3.139999,-0.054811,-0.306675,-1.122382,3.139998,0.188732,0.000000,0.000000,0.000000,0.000000,0.000000,0.000000
1778766138.363924,sequential_ik_elbow_then_wrist,1,0,-0.019429,0.055012,-0.294272,-0.076555,0.112360,-0.583146,-0.060209,-0.128066,-0.264526,-0.226195,-0.165447,-0.511612,0.000384,0.005926,0.019553,0.076982,0.000015,0.017263,0.003694,0.131383,0.000000,0.000000,0.000000,3.114810,-1.792922,-3.139999,-0.040976,-0.344803,-1.111976,3.139999,0.164170,0.000000,0.000000,0.000000,0.000000,0.000000,0.000000
1778766138.401517,sequential_ik_elbow_then_wrist,1,0,-0.012297,0.060904,-0.293495,-0.063914,0.120705,-0.582908,-0.058400,-0.127722,-0.265097,-0.226334,-0.171066,-0.509881,0.000157,0.004133,0.012448,0.064285,0.000015,0.017351,0.003681,0.131708,0.000000,0.000000,0.000000,3.120856,-1.787799,-3.139999,-0.029841,-0.371244,-1.104951,3.139999,0.140526,0.000000,0.000000,0.000000,0.000000,0.000000,0.000000
1778766138.437626,sequential_ik_elbow_then_wrist,1,0,-0.008262,0.059413,-0.293942,-0.071728,0.140287,-0.575778,-0.053101,-0.123847,-0.268034,-0.216771,-0.163240,-0.516349,0.000070,0.005288,0.008358,0.072497,0.000031,0.016842,0.005126,0.129775,0.000000,0.000000,0.000000,3.125450,-1.783649,-3.139999,-0.007856,-0.388074,-1.103792,3.139999,0.124260,0.000000,0.000000,0.000000,0.000000,0.000000,0.000000
1778766138.476722,sequential_ik_elbow_then_wrist,1,0,-0.002106,0.070718,-0.291538,-0.060056,0.159049,-0.572322,-0.049247,-0.129531,-0.266076,-0.209240,-0.166379,-0.517163,0.000021,0.003677,0.003438,0.060617,0.000066,0.016118,0.007830,0.126939,0.000000,0.000000,0.000000,3.128942,-1.787575,-3.140000,0.012934,-0.395653,-1.101309,3.139999,0.116879,0.000000,0.000000,0.000000,0.000000,0.000000,0.000000
1778766138.517027,sequential_ik_elbow_then_wrist,1,0,-0.009346,0.071469,-0.291213,-0.075430,0.179275,-0.563262,-0.047020,-0.126322,-0.268015,-0.219209,-0.169292,-0.509892,0.000091,0.005840,0.009493,0.076269,0.000043,0.019596,0.006276,0.139956,0.000000,0.000000,0.000000,3.131596,-1.792668,-3.140000,0.040256,-0.397307,-1.101626,3.140000,0.104556,0.000000,0.000000,0.000000,0.000000,0.000000,0.000000
1778766138.555096,sequential_ik_elbow_then_wrist,1,0,0.003660,0.069027,-0.291928,-0.110784,0.163369,-0.552700,-0.026811,-0.127693,-0.270140,-0.180166,-0.182278,-0.522138,0.000011,0.013023,0.003290,0.114109,0.000389,0.012031,0.018995,0.109685,0.000000,0.000000,0.000000,3.132628,-1.795473,-3.140000,0.057874,-0.386586,-1.106186,3.140000,0.094857,0.000000,0.000000,0.000000,0.000000,0.000000,0.000000
1778766138.594105,sequential_ik_elbow_then_wrist,1,0,0.012180,0.069616,-0.291557,-0.113687,0.158875,-0.548832,-0.021184,-0.132936,-0.268103,-0.165276,-0.211647,-0.519185,0.000119,0.014462,0.010839,0.120246,0.000400,0.009571,0.019315,0.097765,0.000000,0.000000,0.000000,3.130154,-1.797859,-3.140000,0.067170,-0.366224,-1.107807,3.140000,0.078738,0.000000,0.000000,0.000000,0.000000,0.000000,0.000000
1778766138.638160,sequential_ik_elbow_then_wrist,1,0,0.016555,0.067070,-0.291938,-0.108574,0.150522,-0.551511,-0.014480,-0.127540,-0.271153,-0.156706,-0.203102,-0.524258,0.000202,0.013864,0.014097,0.117720,0.000356,0.010702,0.018203,0.103445,0.000000,0.000000,0.000000,3.124106,-1.798332,-3.140000,0.068348,-0.339527,-1.112833,3.140000,0.068740,0.000000,0.000000,0.000000,0.000000,0.000000,0.000000
1778766138.675673,sequential_ik_elbow_then_wrist,1,0,0.007513,0.071754,-0.291196,-0.157040,0.135052,-0.533922,-0.008836,-0.121009,-0.274370,-0.169829,-0.192949,-0.517075,0.000022,0.029102,0.004567,0.170494,0.000316,0.016955,0.017125,0.130207,0.000000,0.000000,0.000000,3.118154,-1.801164,-3.140000,0.055347,-0.309308,-1.122218,3.140000,0.058180,0.000000,0.000000,0.000000,0.000000,0.000000,0.000000
1778766138.717180,sequential_ik_elbow_then_wrist,1,0,0.008507,0.061949,-0.293411,-0.160292,0.114769,-0.535727,0.007292,-0.116099,-0.276528,-0.157960,-0.190395,-0.515635,0.000040,0.030361,0.005849,0.174196,0.000681,0.017766,0.025342,0.133283,0.000000,0.000000,0.000000,3.112064,-1.797730,-3.140000,0.035557,-0.272566,-1.135035,3.140000,0.047488,0.000000,0.000000,0.000000,0.000000,0.000000,0.000000
1778766138.759768,sequential_ik_elbow_then_wrist,1,0,0.011294,0.066695,-0.292274,-0.158151,0.122175,-0.533542,0.009455,-0.115933,-0.276532,-0.171337,-0.184864,-0.505798,0.000057,0.030172,0.007471,0.173700,0.000503,0.025684,0.021890,0.160259,0.000000,0.000000,0.000000,3.105331,-1.796966,-3.140000,0.019168,-0.233025,-1.145617,3.140000,0.041500,0.000000,0.000000,0.000000,0.000000,0.000000,0.000000
1778766138.797926,sequential_ik_elbow_then_wrist,0,0,0.011132,0.070533,-0.291378,-0.166725,0.121045,-0.527631,0.012979,-0.111963,-0.278021,-0.168727,-0.170029,-0.509562,0.000045,0.034075,0.006574,0.184576,0.000427,0.028296,0.020167,0.168140,0.000000,0.000000,0.000000,3.098285,-1.799265,-3.140000,0.000453,-0.192530,-1.156075,3.140000,0.048930,0.000000,0.000000,0.000000,0.000000,0.000000,0.000000
1778766138.839864,sequential_ik_elbow_then_wrist,1,0,0.009631,0.083191,-0.288074,-0.160959,0.127419,-0.530856,0.016463,-0.104067,-0.280890,-0.158012,-0.153104,-0.519958,0.000038,0.031879,0.004922,0.178478,0.000388,0.026851,0.019185,0.163776,0.000000,0.000000,0.000000,3.091678,-1.809688,-3.140000,-0.025677,-0.152405,-1.169387,3.140000,0.067406,0.000000,0.000000,0.000000,0.000000,0.000000,0.000000
1778766138.884451,sequential_ik_elbow_then_wrist,1,0,0.017940,0.086054,-0.286833,-0.120413,0.144235,-0.546589,0.008510,-0.120357,-0.274667,-0.157169,-0.181552,-0.517166,0.000117,0.018874,0.010538,0.137381,0.000119,0.026917,0.009881,0.164063,0.000000,0.000000,0.000000,3.082807,-1.821924,-3.140000,-0.045707,-0.117104,-1.169624,3.140000,0.083207,0.000000,0.000000,0.000000,0.000000,0.000000,0.000000
1778766138.926956,sequential_ik_elbow_then_wrist,1,0,0.043966,0.091421,-0.282328,-0.111584,0.150916,-0.531857,0.010626,-0.116463,-0.276267,-0.148456,-0.178613,-0.522905,0.001001,0.019763,0.031068,0.140534,0.000083,0.024961,0.008900,0.157976,0.000000,0.000000,0.000000,3.063528,-1.838254,-3.140000,-0.069693,-0.085443,-1.170030,3.140000,0.100336,0.000000,0.000000,0.000000,0.000000,0.000000,0.000000
1778766138.961034,sequential_ik_elbow_then_wrist,1,0,0.059287,0.094487,-0.278491,-0.108629,0.157304,-0.519029,0.017552,-0.117479,-0.275482,-0.140852,-0.179213,-0.522661,0.001540,0.023155,0.038474,0.152071,0.000164,0.024248,0.012473,0.155704,0.000000,0.000000,0.000000,3.031740,-1.857606,-3.140000,-0.100967,-0.054566,-1.169371,3.140000,0.118528,0.000000,0.000000,0.000000,0.000000,0.000000,0.000000
1778766139.002277,sequential_ik_elbow_then_wrist,1,0,0.049140,0.092365,-0.281165,-0.119644,0.150765,-0.522207,0.012656,-0.113130,-0.277564,-0.151863,-0.158518,-0.524289,0.000602,0.027827,0.024095,0.166813,0.000043,0.028384,0.006267,0.168388,0.000000,0.000000,0.000000,2.996483,-1.871966,-3.140000,-0.124735,-0.027784,-1.171631,3.140000,0.145451,0.000000,0.000000,0.000000,0.000000,0.000000,0.000000
1778766139.036668,sequential_ik_elbow_then_wrist,0,0,0.046917,0.091962,-0.281677,-0.143231,0.138898,-0.508923,0.013233,-0.108416,-0.279412,-0.150247,-0.156394,-0.526337,0.000353,0.039128,0.018458,0.197808,0.000038,0.028304,0.005858,0.168237,0.000000,0.000000,0.000000,2.961208,-1.882647,-3.140000,-0.142798,-0.004500,-1.177034,3.140000,0.166818,0.000000,0.000000,0.000000,0.000000,0.000000,0.000000
1778766139.078389,sequential_ik_elbow_then_wrist,0,0,0.044821,0.097985,-0.279982,-0.160839,0.131713,-0.495774,0.017866,-0.108934,-0.278952,-0.137092,-0.171139,-0.528188,0.000157,0.050279,0.012223,0.224230,0.000073,0.025062,0.008351,0.158269,0.000000,0.000000,0.000000,2.928631,-1.894325,-3.140000,-0.156527,0.017421,-1.181321,3.140000,0.174424,0.000000,0.000000,0.000000,0.000000,0.000000,0.000000
1778766139.117722,sequential_ik_elbow_then_wrist,0,0,0.049471,0.095960,-0.279901,-0.136589,0.145770,-0.509902,0.014757,-0.111277,-0.278208,-0.143627,-0.175289,-0.524819,0.000208,0.040177,0.014144,0.200442,0.000018,0.027853,0.004108,0.166891,0.000000,0.000000,0.000000,2.897011,-1.903993,-3.140000,-0.166960,0.036167,-1.183222,3.140000,0.178034,0.000000,0.000000,0.000000,0.000000,0.000000,0.000000
1778766139.154359,sequential_ik_elbow_then_wrist,1,0,0.049665,0.106987,-0.275839,-0.087108,0.169345,-0.535463,-0.002314,-0.125779,-0.272350,-0.156544,-0.187168,-0.522239,0.000091,0.023386,0.008874,0.152924,0.000156,0.030723,0.011618,0.175274,0.000000,0.000000,0.000000,2.868591,-1.918590,-3.140000,-0.174890,0.044240,-1.175533,3.140000,0.184013,0.000000,0.000000,0.000000,0.000000,0.000000,0.000000
1778766139.194344,sequential_ik_elbow_then_wrist,0,0,0.042006,0.101676,-0.279101,-0.096933,0.157591,-0.539043,-0.012836,-0.124419,-0.272682,-0.170520,-0.160455,-0.525341,0.000011,0.025623,0.002859,0.160070,0.000290,0.032881,0.016560,0.181194,0.000000,0.000000,0.000000,2.845666,-1.926231,-3.140000,-0.180916,0.040781,-1.168503,3.140000,0.205446,0.000000,0.000000,0.000000,0.000000,0.000000,0.000000
1778766139.239976,sequential_ik_elbow_then_wrist,1,0,0.034387,0.102888,-0.279699,-0.103344,0.157264,-0.540608,-0.012298,-0.122426,-0.273607,-0.167435,-0.156259,-0.528141,0.000018,0.026759,0.004118,0.163582,0.000161,0.029885,0.012318,0.172867,0.000000,0.000000,0.000000,2.830288,-1.930203,-3.140000,-0.185496,0.031026,-1.163940,3.140000,0.224845,0.000000,0.000000,0.000000,0.000000,0.000000,0.000000
1778766139.273866,sequential_ik_elbow_then_wrist,1,0,0.031271,0.104827,-0.279345,-0.104723,0.155653,-0.541875,-0.013519,-0.120522,-0.274393,-0.165584,-0.151697,-0.531111,0.000041,0.026483,0.006242,0.162736,0.000117,0.027802,0.010523,0.166739,0.000000,0.000000,0.000000,2.821722,-1.933337,-3.140000,-0.188977,0.017605,-1.161732,3.140000,0.239071,0.000000,0.000000,0.000000,0.000000,0.000000,0.000000
1778766139.314395,sequential_ik_elbow_then_wrist,1,0,0.027882,0.109798,-0.277789,-0.097292,0.161044,-0.545568,-0.013156,-0.126731,-0.271599,-0.154685,-0.172406,-0.532144,0.000086,0.023537,0.009018,0.153419,0.000067,0.022826,0.007776,0.151034,0.000000,0.000000,0.000000,2.819798,-1.938210,-3.140000,-0.191623,0.002919,-1.156031,3.140000,0.240645,0.000000,0.000000,0.000000,0.000000,0.000000,0.000000
1778766139.345964,sequential_ik_elbow_then_wrist,1,0,0.023934,0.114182,-0.276387,-0.104202,0.167649,-0.542324,-0.010696,-0.128704,-0.270778,-0.151208,-0.174186,-0.531906,0.000135,0.025114,0.011295,0.158473,0.000017,0.021194,0.003918,0.145582,0.000000,0.000000,0.000000,2.824280,-1.944615,-3.140000,-0.193633,-0.010567,-1.149475,3.140000,0.240845,0.000000,0.000000,0.000000,0.000000,0.000000,0.000000
1778766139.394980,sequential_ik_elbow_then_wrist,1,0,0.022466,0.116299,-0.275626,-0.107300,0.175115,-0.539637,-0.008961,-0.132773,-0.268870,-0.147120,-0.180019,-0.530938,0.000117,0.025329,0.010510,0.159151,0.000005,0.019697,0.001840,0.140344,0.000000,0.000000,0.000000,2.833375,-1.951350,-3.140000,-0.195161,-0.021691,-1.141256,3.140000,0.241628,0.000000,0.000000,0.000000,0.000000,0.000000,0.000000
1778766139.434400,sequential_ik_elbow_then_wrist,1,0,0.023856,0.119010,-0.274349,-0.092424,0.196172,-0.539915,-0.010862,-0.135419,-0.267477,-0.150092,-0.175455,-0.530178,0.000065,0.020686,0.007782,0.143827,0.000008,0.020318,0.002501,0.142517,0.000000,0.000000,0.000000,2.844596,-1.959014,-3.140000,-0.196323,-0.031634,-1.132360,3.140000,0.248663,0.000000,0.000000,0.000000,0.000000,0.000000,0.000000
1778766139.471161,sequential_ik_elbow_then_wrist,1,0,0.023299,0.119872,-0.274022,-0.090588,0.203625,-0.538626,-0.005224,-0.147877,-0.260969,-0.143572,-0.187201,-0.524244,0.000046,0.019793,0.006595,0.140688,0.000035,0.018839,0.004434,0.137213,0.000000,0.000000,0.000000,2.856866,-1.965965,-3.140000,-0.197205,-0.037177,-1.116514,3.140000,0.262206,0.000000,0.000000,0.000000,0.000000,0.000000,0.000000
1778766139.514006,sequential_ik_elbow_then_wrist,1,0,0.027657,0.123070,-0.272193,-0.069903,0.216768,-0.539966,-0.001917,-0.150121,-0.259730,-0.143164,-0.184925,-0.522100,0.000009,0.014824,0.002656,0.121744,0.000024,0.019542,0.004516,0.139729,0.000000,0.000000,0.000000,2.867594,-1.974337,-3.140000,-0.194068,-0.038209,-1.100878,3.140000,0.282531,0.000000,0.000000,0.000000,0.000000,0.000000,0.000000
1778766139.551608,sequential_ik_elbow_then_wrist,1,0,0.023187,0.124466,-0.271975,-0.061417,0.213175,-0.545787,-0.002232,-0.138925,-0.265885,-0.136187,-0.163771,-0.533165,0.000031,0.011920,0.005391,0.109178,0.000022,0.017919,0.003612,0.133823,0.000000,0.000000,0.000000,2.878954,-1.981663,-3.140000,-0.193098,-0.037222,-1.096024,3.140000,0.305711,0.000000,0.000000,0.000000,0.000000,0.000000,0.000000
1778766139.592171,sequential_ik_elbow_then_wrist,1,0,0.013997,0.118815,-0.275113,-0.056077,0.200402,-0.555172,-0.003605,-0.132728,-0.269017,-0.128851,-0.153648,-0.540819,0.000116,0.009194,0.010300,0.095886,0.000011,0.015980,0.002276,0.126412,0.000000,0.000000,0.000000,2.893433,-1.982521,-3.140000,-0.192331,-0.036026,-1.098195,3.140000,0.323893,0.000000,0.000000,0.000000,0.000000,0.000000,0.000000
1778766139.642416,sequential_ik_elbow_then_wrist,1,0,0.013718,0.122585,-0.273468,-0.040730,0.203188,-0.557261,0.000925,-0.138240,-0.266249,-0.125376,-0.150859,-0.538074,0.000080,0.005946,0.008674,0.077105,0.000018,0.015669,0.003997,0.125146,0.000000,0.000000,0.000000,2.909400,-1.984687,-3.140000,-0.189772,-0.032533,-1.097444,3.140000,0.344075,0.000000,0.000000,0.000000,0.000000,0.000000,0.000000
1778766139.680674,sequential_ik_elbow_then_wrist,1,0,-0.000406,0.111860,-0.278365,-0.070131,0.167335,-0.564828,0.002326,-0.138301,-0.266209,-0.122940,-0.152406,-0.538440,0.000306,0.008979,0.016756,0.094742,0.000016,0.015419,0.003825,0.124169,0.000000,0.000000,0.000000,2.930425,-1.978362,-3.140000,-0.192227,-0.027314,-1.096267,3.140000,0.361820,0.000000,0.000000,0.000000,0.000000,0.000000,0.000000
1778766139.719151,sequential_ik_elbow_then_wrist,1,0,-0.003545,0.110942,-0.278710,-0.072702,0.161353,-0.566244,0.006307,-0.138740,-0.265916,-0.119638,-0.155991,-0.537652,0.000262,0.008294,0.015816,0.091071,0.000034,0.015231,0.005617,0.123415,0.000000,0.000000,0.000000,2.954502,-1.971222,-3.140000,-0.194093,-0.019558,-1.094886,3.140000,0.375521,0.000000,0.000000,0.000000,0.000000,0.000000,0.000000
1778766139.769865,sequential_ik_elbow_then_wrist,1,0,-0.006255,0.109955,-0.279053,-0.076888,0.157903,-0.566650,0.009094,-0.139093,-0.265651,-0.113826,-0.157516,-0.538692,0.000234,0.008102,0.014969,0.090008,0.000039,0.014416,0.006030,0.120067,0.000000,0.000000,0.000000,2.980335,-1.964761,-3.140000,-0.195510,-0.009575,-1.093384,3.140000,0.386981,0.000000,0.000000,0.000000,0.000000,0.000000,0.000000
1778766139.808954,sequential_ik_elbow_then_wrist,1,0,-0.004941,0.110825,-0.278736,-0.075013,0.158768,-0.566471,0.009637,-0.139185,-0.265584,-0.114287,-0.159887,-0.538007,0.000130,0.007137,0.011146,0.084483,0.000024,0.015060,0.004708,0.122721,0.000000,0.000000,0.000000,3.005590,-1.960451,-3.140000,-0.196588,0.001216,-1.092014,3.140000,0.395765,0.000000,0.000000,0.000000,0.000000,0.000000,0.000000
1778766139.848408,sequential_ik_elbow_then_wrist,1,0,-0.001652,0.107781,-0.279965,-0.068892,0.151613,-0.569028,0.007615,-0.143935,-0.263106,-0.121089,-0.162213,-0.533478,0.000042,0.005808,0.006312,0.076207,0.000007,0.017117,0.002164,0.130823,0.000000,0.000000,0.000000,3.027913,-1.955486,-3.140000,-0.197407,0.010657,-1.087639,3.140000,0.406324,0.000000,0.000000,0.000000,0.000000,0.000000,0.000000
1778766139.903527,sequential_ik_elbow_then_wrist,1,0,-0.001246,0.103590,-0.281545,-0.077135,0.138636,-0.569664,0.003283,-0.144956,-0.262634,-0.129822,-0.163937,-0.530819,0.000026,0.006959,0.004853,0.083423,0.000004,0.019309,0.001885,0.138955,0.000000,0.000000,0.000000,3.047148,-1.948609,-3.140000,-0.198029,0.016538,-1.082948,3.140000,0.415901,0.000000,0.000000,0.000000,0.000000,0.000000,0.000000
1778766139.944190,sequential_ik_elbow_then_wrist,1,0,-0.001049,0.096685,-0.283991,-0.088494,0.122905,-0.569763,-0.000640,-0.148781,-0.260507,-0.138183,-0.169361,-0.526323,0.000022,0.008847,0.004106,0.094061,0.000021,0.021274,0.004190,0.145857,0.000000,0.000000,0.000000,3.063409,-1.938179,-3.140000,-0.198502,0.018053,-1.076421,3.140000,0.423246,0.000000,0.000000,0.000000,0.000000,0.000000,0.000000
1778766152.484077,sequential_ik_elbow_then_wrist,0,0,-0.191611,0.219596,-0.071151,-0.293924,0.180873,0.208192,-0.139739,-0.264036,0.027529,-0.201886,-0.290982,0.319782,0.052003,0.456400,0.219621,0.675574,0.018712,0.031438,0.101680,0.145839,0.000000,0.000000,0.000000,3.081791,-2.077489,-2.386400,-0.198862,-0.067156,-0.869537,2.386400,0.670843,0.000000,0.000000,0.000000,0.000000,0.000000,0.000000
1778766152.531318,sequential_ik_elbow_then_wrist,0,0,-0.176452,0.241392,0.024387,-0.235931,0.193992,0.314586,-0.072753,-0.272731,0.101611,0.029075,-0.262420,0.383612,0.040721,0.326184,0.195502,0.571125,0.003442,0.010663,0.039587,0.103173,0.000000,0.000000,0.000000,3.095761,-2.303361,-1.813664,-0.199135,-0.118205,-0.609303,1.813664,0.869171,0.000000,0.000000,0.000000,0.000000,0.000000,0.000000
1778766152.575699,sequential_ik_elbow_then_wrist,0,0,-0.126074,0.254422,0.096824,-0.214069,0.172300,0.371620,-0.018830,-0.260951,0.146799,0.046782,-0.234986,0.438382,0.027708,0.322106,0.166013,0.567544,0.001415,0.006744,0.025976,0.080124,0.000000,0.000000,0.000000,3.106378,-2.504154,-1.378385,-0.199342,-0.121958,-0.356438,1.378385,0.976662,0.000000,0.000000,0.000000,0.000000,0.000000,0.000000
1778766152.624991,sequential_ik_elbow_then_wrist,0,0,-0.135058,0.242948,0.112853,-0.221784,0.128735,0.376356,-0.038175,-0.249520,0.162119,-0.002320,-0.192397,0.454440,0.034469,0.367120,0.185657,0.605904,0.000175,0.000759,0.008826,0.026995,0.000000,0.000000,0.000000,3.114448,-2.656757,-1.047572,-0.199500,-0.127695,-0.140830,1.047572,1.045130,0.000000,0.000000,0.000000,0.000000,0.000000,0.000000
1778766152.696064,sequential_ik_elbow_then_wrist,0,0,-0.134854,0.234773,0.129213,-0.220735,0.080032,0.371452,-0.044998,-0.233855,0.182447,-0.021004,-0.123684,0.460452,0.039389,0.411264,0.198466,0.641299,0.000156,0.000109,0.008608,0.008801,0.000000,0.000000,0.000000,3.120580,-2.772735,-0.796155,-0.199620,-0.138730,0.043746,0.796155,1.110706,0.000000,0.000000,0.000000,0.000000,0.000000,0.000000
1778766152.743022,sequential_ik_elbow_then_wrist,0,0,-0.132379,0.232835,0.135144,-0.148737,0.045836,0.369161,-0.023444,-0.227412,0.194252,0.060913,-0.083280,0.443471,0.040555,0.419427,0.201383,0.647632,0.000122,0.005242,0.008352,0.071792,0.000000,0.000000,0.000000,3.125241,-2.860879,-0.605078,-0.199711,-0.136959,0.198177,0.605078,1.183061,0.000000,0.000000,0.000000,0.000000,0.000000,0.000000
1778766152.788161,sequential_ik_elbow_then_wrist,0,0,-0.091736,0.219126,0.183217,-0.057934,0.040676,0.421990,-0.003007,-0.199552,0.223987,0.130077,-0.045970,0.444671,0.048788,0.441773,0.220879,0.664660,0.000421,0.017932,0.015436,0.133908,0.000000,0.000000,0.000000,3.128783,-2.927868,-0.459859,-0.199781,-0.121153,0.344596,0.459859,1.236832,0.000000,0.000000,0.000000,0.000000,0.000000,0.000000
1778766152.827457,sequential_ik_elbow_then_wrist,0,0,-0.070974,0.198550,0.213403,-0.019818,0.030043,0.456279,-0.001501,-0.195560,0.227495,0.126834,-0.015546,0.430288,0.061142,0.476711,0.247269,0.690443,0.000079,0.016735,0.007292,0.129293,0.000000,0.000000,0.000000,3.131475,-2.978780,-0.349493,-0.199833,-0.101715,0.465665,0.349493,1.287800,0.000000,0.000000,0.000000,0.000000,0.000000,0.000000
1778766152.875906,sequential_ik_elbow_then_wrist,0,0,-0.058485,0.175398,0.236252,0.008467,0.031994,0.491111,-0.013988,-0.189110,0.232469,0.078305,0.008139,0.438806,0.075043,0.503053,0.273940,0.709262,0.000029,0.006120,0.004273,0.078218,0.000000,0.000000,0.000000,3.133521,-3.017473,-0.265615,-0.199873,-0.090702,0.564642,0.265615,1.330133,0.000000,0.000000,0.000000,0.000000,0.000000,0.000000
1778766152.924362,sequential_ik_elbow_then_wrist,0,0,-0.042975,0.156036,0.252598,0.037782,0.014745,0.504621,-0.008876,-0.169158,0.247602,0.094117,0.015193,0.460692,0.086661,0.535910,0.294383,0.732059,0.000092,0.008880,0.006378,0.093849,0.000000,0.000000,0.000000,3.135076,-3.046879,-0.201867,-0.199904,-0.081999,0.657026,0.201867,1.341954,0.000000,0.000000,0.000000,0.000000,0.000000,0.000000
1778766152.957089,sequential_ik_elbow_then_wrist,0,0,-0.027415,0.147841,0.259599,0.063955,0.008695,0.509179,0.000446,-0.166691,0.249427,0.111006,0.016978,0.459289,0.091570,0.549656,0.302605,0.741388,0.000050,0.012496,0.006254,0.111714,0.000000,0.000000,0.000000,3.136258,-3.069228,-0.153419,-0.199927,-0.070111,0.733252,0.153419,1.341327,0.000000,0.000000,0.000000,0.000000,0.000000,0.000000
1778766152.996768,sequential_ik_elbow_then_wrist,0,0,-0.017843,0.121105,0.273889,0.092137,-0.014763,0.517700,0.014015,-0.161966,0.252132,0.123926,0.021456,0.462550,0.107616,0.589770,0.328049,0.767965,0.000174,0.015848,0.012299,0.125840,0.000000,0.000000,0.000000,3.137156,-3.086213,-0.116598,-0.199944,-0.050589,0.795858,0.116598,1.332410,0.000000,0.000000,0.000000,0.000000,0.000000,0.000000
1778766153.078176,sequential_ik_elbow_then_wrist,0,0,-0.018625,0.123939,0.272566,0.074943,-0.004571,0.526987,0.015095,-0.163449,0.251111,0.123223,0.019390,0.462956,0.105915,0.583234,0.325446,0.763697,0.000079,0.015907,0.008384,0.126107,0.000000,0.000000,0.000000,3.137838,-3.099122,-0.088615,-0.199958,-0.028604,0.843176,0.088615,1.320829,0.000000,0.000000,0.000000,0.000000,0.000000,0.000000
1778766153.112377,sequential_ik_elbow_then_wrist,0,0,-0.017510,0.117752,0.275369,0.080395,-0.003229,0.531842,0.023023,-0.158463,0.253692,0.144897,0.017473,0.463913,0.109629,0.587036,0.331103,0.766183,0.000129,0.022270,0.010661,0.149187,0.000000,0.000000,0.000000,3.138357,-3.108933,-0.067347,-0.199968,-0.003031,0.882121,0.067347,1.303351,0.000000,0.000000,0.000000,0.000000,0.000000,0.000000
1778766153.162642,sequential_ik_elbow_then_wrist,0,0,-0.017746,0.085934,0.286880,0.106198,-0.065586,0.514211,0.023321,-0.150492,0.258473,0.153448,0.030947,0.458840,0.128731,0.653814,0.358791,0.808588,0.000077,0.025653,0.008000,0.160164,0.000000,0.000000,0.000000,3.138752,-3.116389,-0.051184,-0.199976,0.022493,0.917950,0.051184,1.288229,0.000000,0.000000,0.000000,0.000000,0.000000,0.000000
1778766153.204670,sequential_ik_elbow_then_wrist,0,0,-0.023868,0.079763,0.288215,0.094236,-0.076838,0.515212,0.020124,-0.141489,0.263772,0.165183,0.039597,0.453945,0.132440,0.667323,0.363924,0.816898,0.000035,0.030615,0.004783,0.174965,0.000000,0.000000,0.000000,3.139051,-3.122056,-0.038900,-0.199981,0.044669,0.953147,0.038900,1.273174,0.000000,0.000000,0.000000,0.000000,0.000000,0.000000
1778766153.251257,sequential_ik_elbow_then_wrist,0,0,-0.025809,0.080362,0.287882,0.093672,-0.078306,0.512712,0.015656,-0.135919,0.266985,0.163992,0.049872,0.449954,0.132082,0.666913,0.363431,0.816648,0.000011,0.030914,0.002240,0.175823,0.000000,0.000000,0.000000,3.139279,-3.126362,-0.029564,-0.199986,0.061508,0.985936,0.029564,1.261752,0.000000,0.000000,0.000000,0.000000,0.000000,0.000000
1778766153.284365,sequential_ik_elbow_then_wrist,0,0,-0.024988,0.084613,0.286734,0.096767,-0.064819,0.516616,0.016718,-0.134875,0.267450,0.166240,0.046485,0.453868,0.129530,0.653102,0.359903,0.808147,0.000002,0.031790,0.001122,0.178281,0.000000,0.000000,0.000000,3.139452,-3.129635,-0.022469,-0.199989,0.074865,1.012871,0.022469,1.247164,0.000000,0.000000,0.000000,0.000000,0.000000,0.000000
1778766153.318496,sequential_ik_elbow_then_wrist,0,0,-0.023680,0.091467,0.284733,0.103912,-0.059776,0.510224,0.015447,-0.134283,0.267824,0.159088,0.052094,0.453918,0.125415,0.642088,0.354139,0.801304,0.000000,0.029286,0.000443,0.171130,0.000000,0.000000,0.000000,3.139583,-3.132123,-0.017076,-0.199992,0.084845,1.034311,0.017076,1.236722,0.000000,0.000000,0.000000,0.000000,0.000000,0.000000
1778766153.379470,sequential_ik_elbow_then_wrist,0,0,-0.014957,0.082191,0.288134,0.122782,-0.063897,0.511038,0.014264,-0.126385,0.271705,0.163854,0.058241,0.454834,0.130975,0.652472,0.361905,0.807758,0.000010,0.031302,0.002148,0.176918,0.000000,0.000000,0.000000,3.139683,-3.134013,-0.012978,-0.199994,0.092187,1.056303,0.012978,1.225574,0.000000,0.000000,0.000000,0.000000,0.000000,0.000000
1778766153.441752,sequential_ik_elbow_then_wrist,0,0,0.000678,0.077938,0.289698,0.153449,-0.060336,0.507738,0.016671,-0.125070,0.272176,0.172737,0.058434,0.450978,0.133513,0.652809,0.365394,0.807966,0.000004,0.035101,0.001793,0.187351,0.000000,0.000000,0.000000,3.139197,-3.135450,-0.009863,-0.199995,0.098757,1.075016,0.009863,1.215132,0.000000,0.000000,0.000000,0.000000,0.000000,0.000000
1778766153.476590,sequential_ik_elbow_then_wrist,0,0,0.008230,0.076695,0.289914,0.166118,-0.064268,0.502518,0.017417,-0.121559,0.273715,0.179913,0.062637,0.445957,0.134118,0.650603,0.366206,0.806600,0.000007,0.038586,0.002376,0.196434,0.000000,0.000000,0.000000,3.130747,-3.136542,-0.007496,-0.199996,0.105015,1.091989,0.007496,1.207372,0.000000,0.000000,0.000000,0.000000,0.000000,0.000000
1778766153.512120,sequential_ik_elbow_then_wrist,0,0,0.010983,0.076169,0.289961,0.167754,-0.065653,0.502821,0.018394,-0.110612,0.278256,0.188237,0.068258,0.449016,0.134231,0.646163,0.366360,0.803843,0.000032,0.042776,0.004591,0.206796,0.000000,0.000000,0.000000,3.116054,-3.137372,-0.005697,-0.199997,0.111720,1.112698,0.005697,1.193404,0.000000,0.000000,0.000000,0.000000,0.000000,0.000000
1778766153.559476,sequential_ik_elbow_then_wrist,0,0,0.015461,0.065990,0.292244,0.172881,-0.073753,0.505997,0.017500,-0.109950,0.278576,0.187632,0.073703,0.443885,0.139888,0.651151,0.373987,0.806940,0.000007,0.043333,0.002386,0.208165,0.000000,0.000000,0.000000,3.093745,-3.138003,-0.004330,-0.199998,0.117978,1.130731,0.004330,1.182764,0.000000,0.000000,0.000000,0.000000,0.000000,0.000000
1778766153.605420,sequential_ik_elbow_then_wrist,0,0,0.023777,0.063725,0.292188,0.179083,-0.073450,0.509128,0.016259,-0.104986,0.280559,0.187515,0.080189,0.442984,0.140097,0.639204,0.374230,0.799502,0.000007,0.043836,0.001995,0.209370,0.000000,0.000000,0.000000,3.059973,-3.138482,-0.003291,-0.199998,0.123423,1.148325,0.003291,1.174039,0.000000,0.000000,0.000000,0.000000,0.000000,0.000000
1778766153.645172,sequential_ik_elbow_then_wrist,0,0,0.024940,0.063566,0.292125,0.177898,-0.076172,0.509098,0.016616,-0.100737,0.282092,0.188437,0.082162,0.446487,0.139688,0.630244,0.373708,0.793879,0.000008,0.044520,0.002355,0.210986,0.000000,0.000000,0.000000,3.021173,-3.138846,-0.002501,-0.199999,0.128481,1.165317,0.002501,1.162126,0.000000,0.000000,0.000000,0.000000,0.000000,0.000000
1778766153.672181,sequential_ik_elbow_then_wrist,0,0,0.022796,0.064471,0.292102,0.179875,-0.074883,0.506362,0.017077,-0.099317,0.282568,0.193064,0.081379,0.444979,0.139353,0.619682,0.373289,0.787199,0.000006,0.047074,0.002264,0.216959,0.000000,0.000000,0.000000,2.984815,-3.139123,-0.001901,-0.199999,0.133330,1.179930,0.001901,1.149141,0.000000,0.000000,0.000000,0.000000,0.000000,0.000000
1778766153.717411,sequential_ik_elbow_then_wrist,0,0,0.024454,0.063740,0.292129,0.185015,-0.075029,0.504174,0.015543,-0.097505,0.283286,0.189954,0.084254,0.446210,0.139415,0.611556,0.373373,0.782021,0.000002,0.045872,0.001007,0.214175,0.000000,0.000000,0.000000,2.950477,-3.139334,-0.001444,-0.199999,0.137367,1.192744,0.001444,1.137115,0.000000,0.000000,0.000000,0.000000,0.000000,0.000000
1778766153.759592,sequential_ik_elbow_then_wrist,0,0,0.024107,0.062642,0.292395,0.185444,-0.076244,0.503774,0.014274,-0.096938,0.283548,0.188458,0.086893,0.444377,0.140057,0.608091,0.374236,0.779802,0.000000,0.045462,0.000463,0.213218,0.000000,0.000000,0.000000,2.919649,-3.139494,-0.001098,-0.199999,0.140289,1.203364,0.001098,1.128796,0.000000,0.000000,0.000000,0.000000,0.000000,0.000000
1778766153.788111,sequential_ik_elbow_then_wrist,0,0,0.026079,0.061601,0.292447,0.190950,-0.075513,0.502250,0.005610,-0.099851,0.282840,0.180506,0.085392,0.441259,0.140215,0.600077,0.374445,0.774647,0.000064,0.041897,0.007882,0.204679,0.000000,0.000000,0.000000,2.890568,-3.139615,-0.000834,-0.200000,0.139001,1.210517,0.000834,1.126614,0.000000,0.000000,0.000000,0.000000,0.000000,0.000000
1778766153.826185,sequential_ik_elbow_then_wrist,0,0,0.031687,0.056960,0.292834,0.202853,-0.076761,0.499766,0.001078,-0.100375,0.282708,0.177272,0.084129,0.440550,0.141465,0.587343,0.376089,0.766383,0.000114,0.039896,0.010482,0.199734,0.000000,0.000000,0.000000,2.857241,-3.139707,-0.000634,-0.200000,0.133318,1.215656,0.000634,1.128412,0.000000,0.000000,0.000000,0.000000,0.000000,0.000000
1778766153.860010,sequential_ik_elbow_then_wrist,0,0,0.033158,0.056072,0.292842,0.205106,-0.077087,0.499488,-0.000937,-0.100926,0.282512,0.173803,0.084624,0.440744,0.141419,0.576754,0.376035,0.759443,0.000115,0.037621,0.010558,0.193954,0.000000,0.000000,0.000000,2.822077,-3.139778,-0.000482,-0.200000,0.124237,1.219138,0.000482,1.133475,0.000000,0.000000,0.000000,0.000000,0.000000,0.000000
1778766153.893709,sequential_ik_elbow_then_wrist,0,0,0.033206,0.054959,0.293048,0.203499,-0.078262,0.501020,-0.000698,-0.102448,0.281964,0.171340,0.085059,0.440849,0.141889,0.571521,0.376669,0.755990,0.000080,0.035783,0.008774,0.189156,0.000000,0.000000,0.000000,2.787754,-3.139831,-0.000366,-0.200000,0.113329,1.220573,0.000366,1.141476,0.000000,0.000000,0.000000,0.000000,0.000000,0.000000
1778766153.933091,sequential_ik_elbow_then_wrist,0,0,0.034355,0.049207,0.293936,0.204099,-0.079306,0.505293,0.002161,-0.101963,0.282133,0.170344,0.087291,0.443060,0.144498,0.566439,0.380109,0.752622,0.000025,0.034663,0.004912,0.186179,0.000000,0.000000,0.000000,2.752310,-3.139872,-0.000278,-0.200000,0.102778,1.221522,0.000278,1.149718,0.000000,0.000000,0.000000,0.000000,0.000000,0.000000
1778766153.976061,sequential_ik_elbow_then_wrist,0,0,0.038646,0.040723,0.294700,0.209145,-0.082411,0.508635,0.002245,-0.099646,0.282959,0.171165,0.091558,0.440778,0.147266,0.555426,0.383699,0.745269,0.000017,0.034738,0.003963,0.186377,0.000000,0.000000,0.000000,2.709947,-3.139902,-0.000212,-0.200000,0.092975,1.223700,0.000212,1.158906,0.000000,0.000000,0.000000,0.000000,0.000000,0.000000
1778766154.022578,sequential_ik_elbow_then_wrist,0,0,0.044522,0.042074,0.293679,0.220578,-0.074669,0.506694,0.008273,-0.099406,0.282931,0.182780,0.096156,0.428886,0.144173,0.524579,0.379642,0.724278,0.000003,0.039879,0.001775,0.199667,0.000000,0.000000,0.000000,2.661759,-3.139926,-0.000161,-0.200000,0.086324,1.225596,0.000161,1.174391,0.000000,0.000000,0.000000,0.000000,0.000000,0.000000
1778766154.057992,sequential_ik_elbow_then_wrist,0,0,0.062248,0.030602,0.291871,0.258920,-0.085882,0.486169,0.016965,-0.098514,0.282855,0.212877,0.100784,0.391937,0.141246,0.468178,0.375561,0.684235,0.000081,0.056455,0.008856,0.237401,0.000000,0.000000,0.000000,2.591241,-3.139944,-0.000122,-0.200000,0.085247,1.227201,0.000122,1.209652,0.000000,0.000000,0.000000,0.000000,0.000000,0.000000
1778766154.107479,sequential_ik_elbow_then_wrist,0,0,0.064000,0.019357,0.292454,0.265440,-0.095809,0.482609,0.014449,-0.097936,0.283196,0.214687,0.103043,0.380727,0.142945,0.431355,0.377811,0.656776,0.000030,0.058693,0.005404,0.242189,0.000000,0.000000,0.000000,2.503356,-3.139957,-0.000093,-0.200000,0.086841,1.228928,0.000093,1.251096,0.000000,0.000000,0.000000,0.000000,0.000000,0.000000
1778766154.145205,sequential_ik_elbow_then_wrist,0,0,0.069545,0.007292,0.291737,0.279148,-0.109037,0.472109,0.008343,-0.093242,0.285020,0.211436,0.105909,0.380372,0.141710,0.382863,0.376099,0.618759,0.000004,0.057576,0.001325,0.239945,0.000000,0.000000,0.000000,2.397870,-3.139967,-0.000071,-0.200000,0.087961,1.233768,0.000071,1.286254,0.000000,0.000000,0.000000,0.000000,0.000000,0.000000
1778766154.182009,sequential_ik_elbow_then_wrist,0,0,0.075663,0.001947,0.290295,0.293646,-0.110296,0.463168,0.002892,-0.073372,0.290875,0.210973,0.123770,0.379404,0.137384,0.331073,0.370360,0.575389,0.000072,0.057947,0.006172,0.240718,0.000000,0.000000,0.000000,2.282284,-3.139975,-0.000054,-0.200000,0.087550,1.251271,0.000054,1.310187,0.000000,0.000000,0.000000,0.000000,0.000000,0.000000
1778766154.220111,sequential_ik_elbow_then_wrist,0,0,0.077961,0.010127,0.289516,0.292068,-0.110145,0.461832,-0.002065,-0.050813,0.295658,0.216626,0.133724,0.385771,0.133651,0.314250,0.365513,0.560580,0.000134,0.062358,0.008913,0.249619,0.000000,0.000000,0.000000,2.177259,-3.139981,-0.000041,-0.200000,0.085570,1.282153,0.000041,1.311780,0.000000,0.000000,0.000000,0.000000,0.000000,0.000000
1778766154.273422,sequential_ik_elbow_then_wrist,0,0,0.076229,0.019707,0.289484,0.287918,-0.100615,0.464727,-0.012609,-0.033378,0.297871,0.215777,0.142766,0.380414,0.133041,0.312426,0.364747,0.558951,0.000294,0.063805,0.015872,0.252547,0.000000,0.000000,0.000000,2.095772,-3.139986,-0.000031,-0.200000,0.081288,1.320888,0.000031,1.300943,0.000000,0.000000,0.000000,0.000000,0.000000,0.000000
1778766154.306767,sequential_ik_elbow_then_wrist,0,0,0.069138,0.020732,0.291187,0.275309,-0.105228,0.469028,-0.018635,-0.023314,0.298512,0.208929,0.154051,0.380707,0.136977,0.327256,0.370103,0.572063,0.000429,0.060182,0.020273,0.245288,0.000000,0.000000,0.000000,2.035658,-3.139989,-0.000024,-0.200000,0.075535,1.360165,0.000024,1.283320,0.000000,0.000000,0.000000,0.000000,0.000000,0.000000
1778766154.344809,sequential_ik_elbow_then_wrist,0,0,0.070479,0.022181,0.290759,0.277443,-0.103442,0.467916,-0.014949,-0.024153,0.298652,0.211394,0.154682,0.381035,0.135956,0.326144,0.368721,0.571090,0.000262,0.060769,0.016162,0.246506,0.000000,0.000000,0.000000,1.992278,-3.139992,-0.000018,-0.200000,0.069509,1.391549,0.000018,1.265280,0.000000,0.000000,0.000000,0.000000,0.000000,0.000000
1778766154.387342,sequential_ik_elbow_then_wrist,0,0,0.067020,0.027090,0.291160,0.273271,-0.093231,0.472774,-0.015022,-0.027352,0.298373,0.203965,0.159734,0.382300,0.137018,0.333454,0.370146,0.577454,0.000264,0.055312,0.016212,0.235184,0.000000,0.000000,0.000000,1.966755,-3.139994,-0.000014,-0.200000,0.063221,1.413705,0.000014,1.252882,0.000000,0.000000,0.000000,0.000000,0.000000,0.000000
1778766154.421584,sequential_ik_elbow_then_wrist,0,0,0.074663,0.028072,0.289201,0.287476,-0.092399,0.462975,-0.013352,-0.052960,0.294986,0.208912,0.137439,0.360917,0.132440,0.320068,0.363920,0.565745,0.000314,0.058286,0.016306,0.241216,0.000000,0.000000,0.000000,1.950947,-3.139995,-0.000010,-0.200000,0.055936,1.414087,0.000010,1.267637,0.000000,0.000000,0.000000,0.000000,0.000000,0.000000
1778766154.449828,sequential_ik_elbow_then_wrist,0,0,0.087973,0.030749,0.285158,0.309148,-0.092934,0.445732,-0.005542,-0.075698,0.290240,0.223254,0.110042,0.346390,0.124358,0.295820,0.352644,0.543894,0.000160,0.065427,0.010077,0.255544,0.000000,0.000000,0.000000,1.939495,-3.139996,-0.000008,-0.200000,0.048446,1.396052,0.000008,1.305615,0.000000,0.000000,0.000000,0.000000,0.000000,0.000000
1778766154.496099,sequential_ik_elbow_then_wrist,0,0,0.081729,0.032712,0.286793,0.307103,-0.096990,0.436405,-0.002283,-0.083965,0.288001,0.232781,0.094492,0.341832,0.127483,0.296116,0.357043,0.544165,0.000044,0.069949,0.005276,0.264388,0.000000,0.000000,0.000000,1.935004,-3.139997,-0.000006,-0.200000,0.041447,1.372794,0.000006,1.351172,0.000000,0.000000,0.000000,0.000000,0.000000,0.000000
1778766154.535087,sequential_ik_elbow_then_wrist,0,0,0.089939,0.040589,0.283308,0.316401,-0.086977,0.433116,0.001176,-0.091209,0.285796,0.236632,0.086800,0.339401,0.121134,0.289904,0.348030,0.538428,0.000015,0.071411,0.002610,0.267190,0.000000,0.000000,0.000000,1.938632,-3.139998,-0.000005,-0.200000,0.035934,1.348216,0.000005,1.396813,0.000000,0.000000,0.000000,0.000000,0.000000,0.000000
1778766154.572071,sequential_ik_elbow_then_wrist,0,0,0.085695,0.050462,0.283037,0.307678,-0.079919,0.437065,-0.004968,-0.097685,0.283607,0.226152,0.084041,0.343270,0.120890,0.306956,0.347640,0.554036,0.000045,0.064185,0.006177,0.253338,0.000000,0.000000,0.000000,1.956010,-3.139998,-0.000003,-0.200000,0.029329,1.323783,0.000003,1.436501,0.000000,0.000000,0.000000,0.000000,0.000000,0.000000
1778766154.609136,sequential_ik_elbow_then_wrist,0,0,0.063301,0.087316,0.279944,0.247282,-0.056717,0.468108,0.014056,-0.108130,0.279482,0.222771,0.082925,0.379163,0.118770,0.391806,0.343993,0.625944,0.000145,0.059558,0.011333,0.243904,0.000000,0.000000,0.000000,2.019500,-3.139999,-0.000003,-0.200000,0.029358,1.296765,0.000003,1.446737,0.000000,0.000000,0.000000,0.000000,0.000000,0.000000
1778766154.653767,sequential_ik_elbow_then_wrist,0,0,0.055303,0.099849,0.277438,0.230592,-0.037848,0.478220,0.014383,-0.118288,0.275320,0.212044,0.074516,0.392608,0.113974,0.432149,0.337112,0.657381,0.000103,0.053855,0.009281,0.232001,0.000000,0.000000,0.000000,2.111284,-3.139999,-0.000002,-0.200000,0.033891,1.267399,0.000002,1.441159,0.000000,0.000000,0.000000,0.000000,0.000000,0.000000
1778766154.693199,sequential_ik_elbow_then_wrist,0,0,0.046421,0.110238,0.275123,0.213937,-0.024628,0.484287,0.012855,-0.133883,0.268160,0.195438,0.060568,0.405463,0.109977,0.464558,0.331267,0.681585,0.000074,0.045260,0.006705,0.212716,0.000000,0.000000,0.000000,2.218181,-3.139999,-0.000002,-0.200000,0.040199,1.232462,0.000002,1.428625,0.000000,0.000000,0.000000,0.000000,0.000000,0.000000
1778766154.731435,sequential_ik_elbow_then_wrist,0,0,0.021226,0.131759,0.268680,0.122263,-0.001996,0.517480,0.004965,-0.140361,0.265093,0.181236,0.041058,0.426388,0.102502,0.527122,0.319485,0.726031,0.000022,0.038131,0.003635,0.195156,0.000000,0.000000,0.000000,2.349236,-3.139999,-0.000001,-0.200000,0.043335,1.198847,0.000001,1.403018,0.000000,0.000000,0.000000,0.000000,0.000000,0.000000
1778766154.781619,sequential_ik_elbow_then_wrist,0,0,-0.028075,0.144062,0.261644,0.021973,0.017289,0.528897,-0.003389,-0.145596,0.262279,0.164917,0.027302,0.440547,0.096374,0.552243,0.309043,0.743131,0.000075,0.030767,0.008062,0.175337,0.000000,0.000000,0.000000,2.519475,-3.140000,-0.000001,-0.200000,0.040243,1.168177,0.000001,1.371771,0.000000,0.000000,0.000000,0.000000,0.000000,0.000000
1778766154.826813,sequential_ik_elbow_then_wrist,0,0,-0.060011,0.144681,0.255863,-0.022584,0.025198,0.528486,-0.009958,-0.152357,0.258240,0.152504,0.011545,0.449923,0.093560,0.544960,0.305767,0.738214,0.000120,0.025782,0.010195,0.160538,0.000000,0.000000,0.000000,2.668401,-3.140000,-0.000001,-0.200000,0.030521,1.138766,0.000001,1.340696,0.000000,0.000000,0.000000,0.000000,0.000000,0.000000
1778766154.874044,sequential_ik_elbow_then_wrist,0,0,-0.069047,0.149277,0.250896,-0.034105,0.035340,0.526210,-0.014927,-0.160885,0.252771,0.145922,-0.005180,0.452480,0.090740,0.532064,0.301231,0.729427,0.000124,0.023480,0.010141,0.153230,0.000000,0.000000,0.000000,2.781585,-3.140000,-0.000001,-0.200000,0.015383,1.108557,0.000001,1.315417,0.000000,0.000000,0.000000,0.000000,0.000000,0.000000
1778766154.912980,sequential_ik_elbow_then_wrist,0,0,-0.078398,0.146801,0.249606,-0.046858,0.034201,0.525878,-0.016639,-0.165752,0.249499,0.131148,-0.008502,0.457901,0.092233,0.534086,0.303699,0.730812,0.000066,0.018565,0.007387,0.136248,0.000000,0.000000,0.000000,2.867605,-3.140000,-0.000000,-0.200000,-0.002127,1.080008,0.000000,1.298811,0.000000,0.000000,0.000000,0.000000,0.000000,0.000000
1778766154.951847,sequential_ik_elbow_then_wrist,0,0,-0.082959,0.144592,0.249421,-0.049429,0.031946,0.525440,-0.016847,-0.167848,0.248079,0.128382,-0.012174,0.459441,0.093562,0.536458,0.305880,0.732433,0.000025,0.017670,0.004564,0.132924,0.000000,0.000000,0.000000,2.932979,-3.140000,-0.000000,-0.200000,-0.019323,1.055396,0.000000,1.288251,0.000000,0.000000,0.000000,0.000000,0.000000,0.000000
1778766154.986388,sequential_ik_elbow_then_wrist,0,0,-0.079750,0.147369,0.248842,-0.044331,0.034011,0.524333,-0.017251,-0.169729,0.246768,0.125902,-0.012577,0.458453,0.091893,0.532621,0.303138,0.729809,0.000011,0.016916,0.002975,0.130053,0.000000,0.000000,0.000000,2.982664,-3.140000,-0.000000,-0.200000,-0.034963,1.034570,0.000000,1.283674,0.000000,0.000000,0.000000,0.000000,0.000000,0.000000
1778766155.036687,sequential_ik_elbow_then_wrist,0,0,-0.076007,0.152128,0.247144,-0.025016,0.030955,0.516804,-0.016109,-0.173384,0.244292,0.126085,-0.012686,0.453951,0.089032,0.527722,0.298383,0.726445,0.000004,0.016945,0.001449,0.130147,0.000000,0.000000,0.000000,3.020425,-3.140000,-0.000000,-0.200000,-0.047634,1.015580,0.000000,1.286192,0.000000,0.000000,0.000000,0.000000,0.000000,0.000000
1778766155.082399,sequential_ik_elbow_then_wrist,0,0,-0.025016,0.150597,0.258253,0.062487,0.024784,0.516157,-0.014353,-0.171684,0.245599,0.134716,-0.005307,0.445841,0.089913,0.537232,0.299855,0.732961,0.000000,0.019150,0.000515,0.138342,0.000000,0.000000,0.000000,3.049123,-3.140000,-0.000000,-0.200000,-0.056847,1.001821,0.000000,1.296434,0.000000,0.000000,0.000000,0.000000,0.000000,0.000000
1778766155.129742,sequential_ik_elbow_then_wrist,0,0,0.000747,0.135001,0.267907,0.144404,-0.015783,0.483840,-0.009290,-0.175412,0.243196,0.151321,0.006809,0.419264,0.099255,0.572999,0.315047,0.756967,0.000016,0.024352,0.003565,0.155780,0.000000,0.000000,0.000000,3.070463,-3.140000,-0.000000,-0.200000,-0.060618,0.988986,0.000000,1.326231,0.000000,0.000000,0.000000,0.000000,0.000000,0.000000
1778766155.166561,sequential_ik_elbow_then_wrist,0,0,0.010841,0.129448,0.270418,0.169425,-0.035655,0.464304,-0.007659,-0.174982,0.243562,0.158638,0.021310,0.397881,0.102399,0.581315,0.319975,0.762440,0.000010,0.026672,0.002991,0.163040,0.000000,0.000000,0.000000,3.077383,-3.140000,-0.000000,-0.200000,-0.060665,0.979068,0.000000,1.371641,0.000000,0.000000,0.000000,0.000000,0.000000,0.000000
1778766155.200441,sequential_ik_elbow_then_wrist,0,0,0.057884,0.102618,0.275897,0.252515,-0.084883,0.406135,0.048640,-0.167362,0.244180,0.251935,0.043369,0.309476,0.112414,0.567463,0.334624,0.753302,0.001477,0.075098,0.035891,0.273095,0.000000,0.000000,0.000000,3.032251,-3.140000,-0.000000,-0.200000,-0.027913,0.974883,0.000000,1.460716,0.000000,0.000000,0.000000,0.000000,0.000000,0.000000
1778766155.237596,sequential_ik_elbow_then_wrist,0,0,0.076521,0.083218,0.277884,0.288934,-0.108605,0.367799,0.065969,-0.163560,0.242686,0.278421,0.047109,0.264667,0.115511,0.505478,0.339208,0.710969,0.001201,0.099118,0.032370,0.314290,0.000000,0.000000,0.000000,2.947067,-3.140000,-0.000000,-0.200000,0.026619,0.970359,0.000000,1.572694,0.000000,0.000000,0.000000,0.000000,0.000000,0.000000
1778766155.277695,sequential_ik_elbow_then_wrist,0,0,0.077189,0.075665,0.279851,0.307469,-0.108540,0.334984,0.061384,-0.162843,0.244365,0.272160,0.050633,0.243266,0.116794,0.434368,0.341467,0.659066,0.000323,0.099242,0.016779,0.314690,0.000000,0.000000,0.000000,2.848833,-3.140000,-0.000000,-0.200000,0.083584,0.966768,0.000000,1.692735,0.000000,0.000000,0.000000,0.000000,0.000000,0.000000
1778766155.320808,sequential_ik_elbow_then_wrist,0,0,0.074853,0.075009,0.280661,0.314212,-0.103970,0.306622,0.075202,-0.158490,0.243363,0.283480,0.055247,0.212757,0.117095,0.385575,0.342108,0.620947,0.000402,0.110008,0.018690,0.331207,0.000000,0.000000,0.000000,2.756078,-3.140000,-0.000000,-0.200000,0.144267,0.963083,0.000000,1.826200,0.000000,0.000000,0.000000,0.000000,0.000000,0.000000
1778766155.363211,sequential_ik_elbow_then_wrist,0,0,0.082222,0.067292,0.280555,0.324029,-0.109291,0.299188,0.073185,-0.158457,0.243999,0.284203,0.051118,0.204630,0.117049,0.354711,0.342016,0.595576,0.000115,0.112017,0.009998,0.334453,0.000000,0.000000,0.000000,2.664938,-3.140000,-0.000000,-0.200000,0.199733,0.960207,0.000000,1.957791,0.000000,0.000000,0.000000,0.000000,0.000000,0.000000
1778766155.400834,sequential_ik_elbow_then_wrist,0,0,0.087340,0.061105,0.280424,0.331860,-0.111925,0.296877,0.069745,-0.159291,0.244462,0.288035,0.041587,0.199769,0.116789,0.324961,0.341646,0.570054,0.000017,0.115583,0.003872,0.339832,0.000000,0.000000,0.000000,2.576040,-3.140000,-0.000000,-0.200000,0.245502,0.958314,0.000000,2.081484,0.000000,0.000000,0.000000,0.000000,0.000000,0.000000
1778766155.443959,sequential_ik_elbow_then_wrist,0,0,0.090050,0.054519,0.280925,0.339402,-0.111439,0.297687,0.069725,-0.158450,0.245015,0.293028,0.038151,0.206493,0.117510,0.296524,0.342716,0.544540,0.000007,0.120485,0.002509,0.347085,0.000000,0.000000,0.000000,2.490587,-3.140000,-0.000000,-0.200000,0.282608,0.957514,0.000000,2.185355,0.000000,0.000000,0.000000,0.000000,0.000000,0.000000
1778766155.494673,sequential_ik_elbow_then_wrist,0,0,0.096995,0.055863,0.278337,0.349417,-0.105151,0.297254,0.066943,-0.158783,0.245574,0.291731,0.037237,0.213218,0.113309,0.268923,0.336569,0.518578,0.000000,0.120730,0.000295,0.347462,0.000000,0.000000,0.000000,2.412407,-3.140000,-0.000000,-0.200000,0.310702,0.957638,0.000000,2.264443,0.000000,0.000000,0.000000,0.000000,0.000000,0.000000
1778766155.530544,sequential_ik_elbow_then_wrist,0,0,0.094456,0.056794,0.279021,0.342898,-0.109492,0.304028,0.064316,-0.158654,0.246358,0.289234,0.038263,0.221154,0.114172,0.270370,0.337886,0.519971,0.000003,0.119864,0.001550,0.346198,0.000000,0.000000,0.000000,2.347542,-3.140000,-0.000000,-0.200000,0.330676,0.958749,0.000000,2.316794,0.000000,0.000000,0.000000,0.000000,0.000000,0.000000
1778766155.576587,sequential_ik_elbow_then_wrist,0,0,0.093122,0.055446,0.279739,0.336553,-0.116911,0.311900,0.063308,-0.158545,0.246689,0.283609,0.044131,0.226953,0.115255,0.277938,0.339489,0.527198,0.000003,0.115705,0.001469,0.340117,0.000000,0.000000,0.000000,2.294740,-3.140000,-0.000000,-0.200000,0.344534,0.960185,0.000000,2.344409,0.000000,0.000000,0.000000,0.000000,0.000000,0.000000
1778766155.622317,sequential_ik_elbow_then_wrist,0,0,0.085875,0.056006,0.281938,0.316761,-0.124753,0.345327,0.035107,-0.161901,0.250111,0.254780,0.042338,0.244601,0.118760,0.312656,0.344615,0.559157,0.000374,0.096141,0.018072,0.309868,0.000000,0.000000,0.000000,2.256686,-3.140000,-0.000000,-0.200000,0.339241,0.965889,0.000000,2.338781,0.000000,0.000000,0.000000,0.000000,0.000000,0.000000
1778766155.660558,sequential_ik_elbow_then_wrist,0,0,0.075205,0.056354,0.284901,0.300378,-0.123128,0.369062,0.027619,-0.160646,0.251853,0.242775,0.047229,0.274132,0.123960,0.341162,0.352067,0.584090,0.000280,0.085772,0.015722,0.292356,0.000000,0.000000,0.000000,2.234891,-3.140000,-0.000000,-0.200000,0.321833,0.973075,0.000000,2.292946,0.000000,0.000000,0.000000,0.000000,0.000000,0.000000
1778766155.700719,sequential_ik_elbow_then_wrist,0,0,0.071718,0.055620,0.285942,0.290833,-0.116802,0.396664,0.014234,-0.155714,0.256028,0.215787,0.052402,0.333902,0.125869,0.364552,0.354772,0.603782,0.000367,0.065899,0.018014,0.255144,0.000000,0.000000,0.000000,2.224094,-3.140000,-0.000000,-0.200000,0.294032,0.984216,0.000000,2.190228,0.000000,0.000000,0.000000,0.000000,0.000000,0.000000
1778766155.737213,sequential_ik_elbow_then_wrist,0,0,0.053717,0.055107,0.289962,0.264043,-0.106472,0.430158,0.007063,-0.149365,0.260077,0.184942,0.060447,0.379820,0.134473,0.406876,0.366660,0.637868,0.000294,0.045046,0.016166,0.210929,0.000000,0.000000,0.000000,2.229887,-3.140000,-0.000000,-0.200000,0.260591,0.998754,0.000000,2.055620,0.000000,0.000000,0.000000,0.000000,0.000000,0.000000
1778766155.774263,sequential_ik_elbow_then_wrist,0,0,0.040733,0.055777,0.291941,0.243775,-0.097242,0.451186,0.006161,-0.146560,0.261691,0.174138,0.061644,0.397467,0.139604,0.444291,0.373555,0.666552,0.000145,0.037480,0.011426,0.193228,0.000000,0.000000,0.000000,2.253012,-3.140000,-0.000000,-0.200000,0.226765,1.012910,0.000000,1.924643,0.000000,0.000000,0.000000,0.000000,0.000000,0.000000
1778766155.821247,sequential_ik_elbow_then_wrist,0,0,0.043182,0.056741,0.291403,0.237236,-0.089539,0.467315,0.004604,-0.147056,0.261445,0.171878,0.055390,0.406479,0.137801,0.465837,0.371182,0.682522,0.000088,0.035249,0.008970,0.187646,0.000000,0.000000,0.000000,2.282700,-3.140000,-0.000000,-0.200000,0.194492,1.023951,0.000000,1.810292,0.000000,0.000000,0.000000,0.000000,0.000000,0.000000
1778766155.852420,sequential_ik_elbow_then_wrist,0,0,0.043873,0.053788,0.291859,0.236739,-0.086822,0.473605,0.002677,-0.146232,0.261933,0.171504,0.048641,0.415302,0.138704,0.475058,0.372422,0.689245,0.000061,0.034250,0.007496,0.185010,0.000000,0.000000,0.000000,2.311072,-3.140000,-0.000000,-0.200000,0.164509,1.032965,0.000000,1.712274,0.000000,0.000000,0.000000,0.000000,0.000000,0.000000
1778766155.893022,sequential_ik_elbow_then_wrist,0,0,0.042144,0.051734,0.292485,0.232642,-0.086141,0.478768,-0.006026,-0.142566,0.263891,0.162644,0.049985,0.420335,0.140279,0.484560,0.374535,0.696103,0.000139,0.030143,0.011245,0.173603,0.000000,0.000000,0.000000,2.336616,-3.140000,-0.000000,-0.200000,0.133753,1.042640,0.000000,1.632591,0.000000,0.000000,0.000000,0.000000,0.000000,0.000000
1778766155.932129,sequential_ik_elbow_then_wrist,0,0,0.049060,0.044257,0.292634,0.241498,-0.090755,0.479019,-0.004533,-0.128897,0.270860,0.166078,0.070074,0.416813,0.140774,0.477686,0.375185,0.691148,0.000081,0.030707,0.007741,0.175232,0.000000,0.000000,0.000000,2.348239,-3.140000,-0.000000,-0.200000,0.105919,1.059946,0.000000,1.573640,0.000000,0.000000,0.000000,0.000000,0.000000,0.000000
1778766155.966301,sequential_ik_elbow_then_wrist,0,0,0.051967,0.033416,0.293569,0.249522,-0.097480,0.477521,-0.015202,-0.130050,0.269918,0.167301,0.065588,0.405633,0.143833,0.461765,0.379196,0.679533,0.000183,0.031139,0.013072,0.176445,0.000000,0.000000,0.000000,2.341290,-3.140000,-0.000000,-0.200000,0.076559,1.074362,0.000000,1.535015,0.000000,0.000000,0.000000,0.000000,0.000000,0.000000
1778766156.007296,sequential_ik_elbow_then_wrist,0,0,0.068379,0.010596,0.291911,0.273060,-0.127767,0.462092,-0.023708,-0.127436,0.270551,0.178683,0.059803,0.388787,0.142713,0.417361,0.377382,0.646034,0.000282,0.035334,0.016256,0.187915,0.000000,0.000000,0.000000,2.294735,-3.140000,-0.000000,-0.200000,0.044202,1.086758,0.000000,1.516962,0.000000,0.000000,0.000000,0.000000,0.000000,0.000000
1778766156.066323,sequential_ik_elbow_then_wrist,0,0,0.083437,0.007832,0.288057,0.295868,-0.132618,0.446635,-0.023818,-0.123178,0.272506,0.191174,0.063085,0.367819,0.132780,0.349323,0.364014,0.591036,0.000173,0.039612,0.012693,0.198887,0.000000,0.000000,0.000000,2.219648,-3.140000,-0.000000,-0.200000,0.012002,1.099080,0.000000,1.521190,0.000000,0.000000,0.000000,0.000000,0.000000,0.000000
1778766156.104884,sequential_ik_elbow_then_wrist,0,0,0.098032,0.012079,0.283273,0.320454,-0.125225,0.430502,-0.010793,-0.119117,0.275127,0.209247,0.068425,0.355191,0.122038,0.289116,0.349153,0.537695,0.000005,0.046894,0.001553,0.216480,0.000000,0.000000,0.000000,2.135258,-3.140000,-0.000000,-0.200000,-0.012492,1.112631,0.000000,1.537654,0.000000,0.000000,0.000000,0.000000,0.000000,0.000000
1778766156.153782,sequential_ik_elbow_then_wrist,0,0,0.100693,0.013866,0.282256,0.330996,-0.121142,0.419126,-0.000013,-0.115156,0.277018,0.221660,0.075660,0.343730,0.119604,0.257538,0.345777,0.507482,0.000076,0.053278,0.008330,0.230778,0.000000,0.000000,0.000000,2.055529,-3.140000,-0.000000,-0.200000,-0.026616,1.127066,0.000000,1.560783,0.000000,0.000000,0.000000,0.000000,0.000000,0.000000
1778766156.196137,sequential_ik_elbow_then_wrist,0,0,0.099164,0.017742,0.282580,0.333765,-0.115726,0.413534,0.004138,-0.113971,0.277477,0.229531,0.074293,0.338749,0.119865,0.244491,0.346208,0.494460,0.000101,0.059164,0.009808,0.243228,0.000000,0.000000,0.000000,1.989593,-3.140000,-0.000000,-0.200000,-0.032144,1.139809,0.000000,1.583006,0.000000,0.000000,0.000000,0.000000,0.000000,0.000000
1778766156.238775,sequential_ik_elbow_then_wrist,0,0,0.096248,0.017992,0.283571,0.335222,-0.112585,0.409431,0.006591,-0.111427,0.278461,0.240265,0.067529,0.336525,0.121530,0.237274,0.348610,0.487107,0.000101,0.067760,0.009791,0.260307,0.000000,0.000000,0.000000,1.937095,-3.140000,-0.000000,-0.200000,-0.031276,1.151519,0.000000,1.599422,0.000000,0.000000,0.000000,0.000000,0.000000,0.000000
1778766156.281035,sequential_ik_elbow_then_wrist,0,0,0.095803,0.018848,0.283666,0.336569,-0.112244,0.405514,0.011624,-0.111305,0.278345,0.249032,0.065531,0.326994,0.121688,0.233241,0.348838,0.482950,0.000150,0.075352,0.011956,0.274495,0.000000,0.000000,0.000000,1.896649,-3.140000,-0.000000,-0.200000,-0.024479,1.160831,0.000000,1.616833,0.000000,0.000000,0.000000,0.000000,0.000000,0.000000
1778766156.329329,sequential_ik_elbow_then_wrist,0,0,0.098470,0.017603,0.282832,0.339694,-0.114889,0.402232,0.021271,-0.111219,0.277809,0.269460,0.052042,0.319615,0.120257,0.228895,0.346780,0.478429,0.000318,0.093116,0.017447,0.305147,0.000000,0.000000,0.000000,1.863901,-3.140000,-0.000000,-0.200000,-0.010356,1.167597,0.000000,1.632752,0.000000,0.000000,0.000000,0.000000,0.000000,0.000000
1778766156.379923,sequential_ik_elbow_then_wrist,0,0,0.100159,0.018124,0.282205,0.341248,-0.115400,0.400725,0.023349,-0.110599,0.277890,0.273708,0.049601,0.318584,0.119200,0.226451,0.345253,0.475869,0.000260,0.099441,0.015767,0.315342,0.000000,0.000000,0.000000,1.837999,-3.140000,-0.000000,-0.200000,0.008492,1.172635,0.000000,1.644222,0.000000,0.000000,0.000000,0.000000,0.000000,0.000000
1778766156.420620,sequential_ik_elbow_then_wrist,0,0,0.097712,0.031062,0.281935,0.332786,-0.104766,0.409572,0.025990,-0.123080,0.272352,0.264775,0.050427,0.325990,0.118938,0.242311,0.344838,0.492251,0.000220,0.093164,0.014033,0.305222,0.000000,0.000000,0.000000,1.830322,-3.140000,-0.000000,-0.200000,0.030391,1.167625,0.000000,1.648612,0.000000,0.000000,0.000000,0.000000,0.000000,0.000000
1778766156.465413,sequential_ik_elbow_then_wrist,0,0,0.093622,0.052412,0.280157,0.319437,-0.081959,0.424904,0.027250,-0.137294,0.265345,0.254751,0.041205,0.345229,0.116842,0.272897,0.341626,0.522395,0.000149,0.085140,0.010830,0.291714,0.000000,0.000000,0.000000,1.852239,-3.140000,-0.000000,-0.200000,0.053261,1.151775,0.000000,1.636182,0.000000,0.000000,0.000000,0.000000,0.000000,0.000000
1778766156.505949,sequential_ik_elbow_then_wrist,0,0,0.083555,0.062232,0.281329,0.293634,-0.071665,0.448476,0.027557,-0.151276,0.257597,0.245017,0.032381,0.352367,0.118806,0.323717,0.344477,0.568961,0.000086,0.077161,0.007429,0.277753,0.000000,0.000000,0.000000,1.897425,-3.140000,-0.000000,-0.200000,0.074791,1.127046,0.000000,1.617460,0.000000,0.000000,0.000000,0.000000,0.000000,0.000000
1778766156.549916,sequential_ik_elbow_then_wrist,0,0,0.031304,0.131409,0.267865,0.136680,0.008364,0.520364,0.014894,-0.164960,0.250132,0.222797,-0.007442,0.398336,0.109174,0.473887,0.327844,0.688394,0.000077,0.060728,0.007079,0.245844,0.000000,0.000000,0.000000,2.030489,-3.140000,-0.000000,-0.200000,0.086577,1.096695,0.000000,1.562456,0.000000,0.000000,0.000000,0.000000,0.000000,0.000000
1778766156.588152,sequential_ik_elbow_then_wrist,0,0,0.005216,0.168527,0.248136,0.079412,0.058272,0.517095,0.014111,-0.173787,0.244129,0.212810,-0.027706,0.414949,0.084620,0.477487,0.288525,0.691005,0.000050,0.052312,0.005687,0.228489,0.000000,0.000000,0.000000,2.220547,-3.140000,-0.000000,-0.200000,0.091479,1.064421,0.000000,1.496067,0.000000,0.000000,0.000000,0.000000,0.000000,0.000000
1778766156.620620,sequential_ik_elbow_then_wrist,0,0,-0.005604,0.193628,0.229078,0.049979,0.118440,0.514134,0.025549,-0.179312,0.239153,0.217571,-0.040255,0.422976,0.065473,0.430858,0.254962,0.656398,0.000032,0.052028,0.004536,0.228014,0.000000,0.000000,0.000000,2.416839,-3.140000,-0.000000,-0.200000,0.098686,1.032588,0.000000,1.430756,0.000000,0.000000,0.000000,0.000000,0.000000,0.000000
1778766156.658002,sequential_ik_elbow_then_wrist,0,0,-0.027400,0.215465,0.206940,-0.011164,0.143265,0.497669,0.027148,-0.188470,0.231823,0.214455,-0.084194,0.441686,0.051048,0.396144,0.225710,0.629400,0.000031,0.047275,0.004030,0.217027,0.000000,0.000000,0.000000,2.590398,-3.140000,-0.000000,-0.200000,0.106496,0.999405,0.000000,1.349452,0.000000,0.000000,0.000000,0.000000,0.000000,0.000000
1778766156.695844,sequential_ik_elbow_then_wrist,0,0,-0.039189,0.221648,0.198333,-0.038956,0.171977,0.494193,0.032180,-0.192183,0.228101,0.205491,-0.105795,0.457230,0.047238,0.369484,0.217344,0.607852,0.000025,0.039671,0.004152,0.198932,0.000000,0.000000,0.000000,2.722302,-3.140000,-0.000000,-0.200000,0.116341,0.968568,0.000000,1.264083,0.000000,0.000000,0.000000,0.000000,0.000000,0.000000
1778766156.734739,sequential_ik_elbow_then_wrist,0,0,-0.043561,0.220264,0.198963,-0.039380,0.178128,0.495960,0.037891,-0.193763,0.225877,0.212195,-0.124362,0.459974,0.048074,0.365906,0.219257,0.604901,0.000030,0.039626,0.004843,0.198893,0.000000,0.000000,0.000000,2.822550,-3.140000,-0.000000,-0.200000,0.129087,0.941765,0.000000,1.179435,0.000000,0.000000,0.000000,0.000000,0.000000,0.000000
1778766156.778695,sequential_ik_elbow_then_wrist,0,0,-0.046185,0.220110,0.198541,-0.031392,0.192299,0.496882,0.042362,-0.193918,0.224947,0.225560,-0.129696,0.453670,0.048168,0.354544,0.219472,0.595436,0.000027,0.043665,0.004695,0.208906,0.000000,0.000000,0.000000,2.898738,-3.140000,-0.000000,-0.200000,0.144099,0.919754,0.000000,1.103550,0.000000,0.000000,0.000000,0.000000,0.000000,0.000000
1778766156.826646,sequential_ik_elbow_then_wrist,0,0,-0.042564,0.216281,0.203497,-0.023804,0.185603,0.501334,0.041495,-0.194154,0.224905,0.227622,-0.124703,0.449701,0.050467,0.363458,0.224649,0.602875,0.000005,0.044631,0.001931,0.211260,0.000000,0.000000,0.000000,2.956641,-3.140000,-0.000000,-0.200000,0.157723,0.902576,0.000000,1.045152,0.000000,0.000000,0.000000,0.000000,0.000000,0.000000
1778766156.862262,sequential_ik_elbow_then_wrist,0,0,-0.041662,0.208554,0.211588,-0.015795,0.170072,0.507983,0.037301,-0.193864,0.225888,0.222743,-0.096914,0.440858,0.055110,0.381987,0.234755,0.618051,0.000002,0.045952,0.001135,0.214188,0.000000,0.000000,0.000000,3.000647,-3.140000,-0.000000,-0.200000,0.166822,0.890332,0.000000,1.021576,0.000000,0.000000,0.000000,0.000000,0.000000,0.000000
1778766156.898772,sequential_ik_elbow_then_wrist,0,0,-0.040430,0.203201,0.216967,-0.008071,0.155016,0.511299,0.038111,-0.192798,0.226664,0.215347,-0.074384,0.437770,0.058326,0.397774,0.241507,0.630694,0.000000,0.044329,0.000342,0.210332,0.000000,0.000000,0.000000,3.034092,-3.140000,-0.000000,-0.200000,0.173682,0.881939,0.000000,1.026403,0.000000,0.000000,0.000000,0.000000,0.000000,0.000000
1778766156.941679,sequential_ik_elbow_then_wrist,0,0,-0.035325,0.198664,0.222001,-0.002762,0.141986,0.514793,0.036778,-0.187716,0.231106,0.204525,-0.047059,0.436232,0.061048,0.412495,0.247078,0.642258,0.000006,0.041497,0.001662,0.203498,0.000000,0.000000,0.000000,3.059510,-3.140000,-0.000000,-0.200000,0.178678,0.880009,0.000000,1.052210,0.000000,0.000000,0.000000,0.000000,0.000000,0.000000
1778766156.984045,sequential_ik_elbow_then_wrist,0,0,-0.038099,0.195787,0.224090,-0.002103,0.137814,0.516226,0.031112,-0.187221,0.232336,0.189411,-0.036350,0.437712,0.062779,0.417590,0.250557,0.646212,0.000013,0.036173,0.003160,0.190103,0.000000,0.000000,0.000000,3.078827,-3.140000,-0.000000,-0.200000,0.179177,0.880773,0.000000,1.085886,0.000000,0.000000,0.000000,0.000000,0.000000,0.000000
1778766157.021273,sequential_ik_elbow_then_wrist,0,0,-0.043698,0.194348,0.224320,-0.012988,0.117294,0.512625,0.000673,-0.188142,0.233671,0.151517,-0.027680,0.437382,0.063648,0.433640,0.252285,0.658514,0.000398,0.024507,0.018229,0.156368,0.000000,0.000000,0.000000,3.093509,-3.140000,-0.000000,-0.200000,0.160302,0.883828,0.000000,1.129460,0.000000,0.000000,0.000000,0.000000,0.000000,0.000000
1778766157.061118,sequential_ik_elbow_then_wrist,0,0,-0.047137,0.191617,0.225967,-0.014256,0.092661,0.507261,-0.009507,-0.187286,0.234166,0.143535,-0.021298,0.431717,0.065291,0.452934,0.255521,0.673004,0.000290,0.022523,0.015596,0.149931,0.000000,0.000000,0.000000,3.104667,-3.140000,-0.000000,-0.200000,0.129634,0.887024,0.000000,1.178437,0.000000,0.000000,0.000000,0.000000,0.000000,0.000000
1778766157.107484,sequential_ik_elbow_then_wrist,0,0,-0.038630,0.187265,0.231170,0.018728,0.073924,0.502949,-0.007660,-0.182822,0.237734,0.165837,-0.022893,0.422995,0.067899,0.468311,0.260574,0.684332,0.000072,0.030447,0.007737,0.174468,0.000000,0.000000,0.000000,3.113147,-3.140000,-0.000000,-0.200000,0.098502,0.892843,0.000000,1.222412,0.000000,0.000000,0.000000,0.000000,0.000000,0.000000
1778766157.142666,sequential_ik_elbow_then_wrist,0,0,-0.028974,0.178351,0.239482,0.049901,0.054455,0.501071,-0.002365,-0.180978,0.239251,0.173669,-0.017655,0.419078,0.073246,0.489359,0.270641,0.699542,0.000004,0.033296,0.001567,0.182461,0.000000,0.000000,0.000000,3.119591,-3.140000,-0.000000,-0.200000,0.073501,0.899467,0.000000,1.260885,0.000000,0.000000,0.000000,0.000000,0.000000,0.000000
1778766157.182765,sequential_ik_elbow_then_wrist,0,0,-0.031760,0.173179,0.242900,0.050326,0.044397,0.501120,0.006667,-0.178525,0.241007,0.179459,-0.009147,0.418359,0.076356,0.500401,0.276325,0.707390,0.000025,0.035234,0.004517,0.187704,0.000000,0.000000,0.000000,3.124490,-3.140000,-0.000000,-0.200000,0.058858,0.906850,0.000000,1.292603,0.000000,0.000000,0.000000,0.000000,0.000000,0.000000
1778766157.217263,sequential_ik_elbow_then_wrist,0,0,-0.022091,0.163348,0.250658,0.077281,0.027336,0.498903,0.008158,-0.175499,0.243174,0.182298,-0.003232,0.416377,0.082252,0.520883,0.286796,0.721722,0.000017,0.036541,0.003649,0.191157,0.000000,0.000000,0.000000,3.128212,-3.140000,-0.000000,-0.200000,0.051093,0.915247,0.000000,1.317669,0.000000,0.000000,0.000000,0.000000,0.000000,0.000000
1778766157.257149,sequential_ik_elbow_then_wrist,0,0,0.002298,0.129656,0.270525,0.161637,-0.016106,0.478767,0.020242,-0.173301,0.244043,0.204132,0.017846,0.384212,0.102456,0.573184,0.320087,0.757089,0.000100,0.047344,0.009307,0.217398,0.000000,0.000000,0.000000,3.129168,-3.140000,-0.000000,-0.200000,0.053952,0.923343,0.000000,1.358515,0.000000,0.000000,0.000000,0.000000,0.000000,0.000000
1778766157.308041,sequential_ik_elbow_then_wrist,0,0,0.023591,0.110215,0.278022,0.197324,-0.037649,0.472837,0.019363,-0.170479,0.246093,0.203571,0.030948,0.370570,0.113151,0.586592,0.336264,0.765893,0.000033,0.048064,0.005249,0.219122,0.000000,0.000000,0.000000,3.108771,-3.140000,-0.000000,-0.200000,0.060907,0.931955,0.000000,1.406455,0.000000,0.000000,0.000000,0.000000,0.000000,0.000000
1778766157.344289,sequential_ik_elbow_then_wrist,0,0,0.021199,0.109097,0.278655,0.194557,-0.038743,0.473823,0.017778,-0.155998,0.255634,0.200218,0.048940,0.376944,0.113696,0.578399,0.337164,0.760525,0.000050,0.046910,0.005186,0.216588,0.000000,0.000000,0.000000,3.083439,-3.140000,-0.000000,-0.200000,0.068812,0.949771,0.000000,1.443205,0.000000,0.000000,0.000000,0.000000,0.000000,0.000000
1778766157.380890,sequential_ik_elbow_then_wrist,0,0,0.021033,0.094850,0.283833,0.197540,-0.057076,0.472946,0.013075,-0.155289,0.256348,0.196403,0.047983,0.379114,0.122057,0.594098,0.349353,0.770778,0.000005,0.045752,0.001614,0.213892,0.000000,0.000000,0.000000,3.056674,-3.140000,-0.000000,-0.200000,0.074007,0.966717,0.000000,1.467570,0.000000,0.000000,0.000000,0.000000,0.000000,0.000000
1778766157.418758,sequential_ik_elbow_then_wrist,0,0,0.019462,0.082910,0.287658,0.197553,-0.069327,0.475027,0.005034,-0.154363,0.257190,0.190481,0.045431,0.382456,0.129221,0.606429,0.359467,0.778735,0.000040,0.042963,0.005957,0.207268,0.000000,0.000000,0.000000,3.031159,-3.140000,-0.000000,-0.200000,0.073271,0.981458,0.000000,1.482295,0.000000,0.000000,0.000000,0.000000,0.000000,0.000000
1778766157.452938,sequential_ik_elbow_then_wrist,0,0,0.010650,0.078403,0.289378,0.186408,-0.071142,0.481069,-0.001594,-0.148956,0.260403,0.177251,0.052980,0.391690,0.132840,0.616485,0.364467,0.785166,0.000081,0.036357,0.008404,0.190665,0.000000,0.000000,0.000000,3.016274,-3.140000,-0.000000,-0.200000,0.066423,0.997088,0.000000,1.488715,0.000000,0.000000,0.000000,0.000000,0.000000,0.000000
1778766157.491069,sequential_ik_elbow_then_wrist,0,0,0.008653,0.077038,0.289811,0.176849,-0.075491,0.485885,-0.003090,-0.143811,0.263266,0.177185,0.059980,0.389640,0.133806,0.629199,0.365789,0.793221,0.000054,0.035791,0.006833,0.189184,0.000000,0.000000,0.000000,3.009739,-3.140000,-0.000000,-0.200000,0.056390,1.013544,0.000000,1.494016,0.000000,0.000000,0.000000,0.000000,0.000000,0.000000
1778766157.530981,sequential_ik_elbow_then_wrist,0,0,0.009764,0.076193,0.289999,0.176456,-0.076799,0.486995,-0.006845,-0.139626,0.265439,0.174148,0.060604,0.396393,0.134195,0.633623,0.366325,0.796005,0.000063,0.033993,0.007445,0.184359,0.000000,0.000000,0.000000,3.006737,-3.140000,-0.000000,-0.200000,0.043659,1.029960,0.000000,1.492840,0.000000,0.000000,0.000000,0.000000,0.000000,0.000000
1778766157.578681,sequential_ik_elbow_then_wrist,0,0,0.006771,0.078855,0.289372,0.167409,-0.074476,0.491076,-0.009584,-0.138306,0.266045,0.169757,0.062115,0.398967,0.132829,0.636588,0.364452,0.797865,0.000057,0.031631,0.007236,0.177848,0.000000,0.000000,0.000000,3.009162,-3.140000,-0.000000,-0.200000,0.029066,1.044133,0.000000,1.489458,0.000000,0.000000,0.000000,0.000000,0.000000,0.000000
1778766157.620445,sequential_ik_elbow_then_wrist,0,0,-0.003632,0.089003,0.286470,0.146757,-0.065269,0.495237,-0.010529,-0.137214,0.266574,0.164799,0.065170,0.401855,0.127159,0.635588,0.356541,0.797238,0.000038,0.029050,0.005912,0.170439,0.000000,0.000000,0.000000,3.025548,-3.140000,-0.000000,-0.200000,0.014003,1.055960,0.000000,1.485780,0.000000,0.000000,0.000000,0.000000,0.000000,0.000000
1778766157.671682,sequential_ik_elbow_then_wrist,0,0,-0.000367,0.093319,0.285116,0.145177,-0.064425,0.494720,-0.002877,-0.157456,0.255342,0.172651,0.048019,0.385611,0.124337,0.638247,0.352605,0.798904,0.000063,0.032708,0.005419,0.180769,0.000000,0.000000,0.000000,3.044215,-3.140000,-0.000000,-0.200000,0.003773,1.051026,0.000000,1.496126,0.000000,0.000000,0.000000,0.000000,0.000000,0.000000
1778766157.704288,sequential_ik_elbow_then_wrist,0,0,0.009086,0.098261,0.283306,0.148287,-0.062818,0.494675,-0.000080,-0.163452,0.251562,0.177424,0.033837,0.391454,0.121099,0.633021,0.347986,0.795626,0.000027,0.034643,0.004072,0.186126,0.000000,0.000000,0.000000,3.053264,-3.140000,-0.000000,-0.200000,-0.001586,1.039744,0.000000,1.503860,0.000000,0.000000,0.000000,0.000000,0.000000,0.000000
1778766157.746785,sequential_ik_elbow_then_wrist,0,0,-0.007927,0.116248,0.276448,0.083878,-0.033016,0.519948,0.008797,-0.161763,0.252498,0.183710,0.027502,0.406068,0.110560,0.612880,0.332456,0.782866,0.000064,0.037203,0.007552,0.192811,0.000000,0.000000,0.000000,3.073886,-3.140000,-0.000000,-0.200000,0.000649,1.030618,0.000000,1.497289,0.000000,0.000000,0.000000,0.000000,0.000000,0.000000
1778766157.782636,sequential_ik_elbow_then_wrist,0,0,-0.036478,0.130181,0.267810,0.031818,-0.009290,0.524488,0.009100,-0.163278,0.251511,0.183373,0.016818,0.416418,0.102182,0.582050,0.319659,0.762922,0.000028,0.037393,0.005003,0.193280,0.000000,0.000000,0.000000,3.089753,-3.140000,-0.000000,-0.200000,0.006551,1.022362,0.000000,1.477902,0.000000,0.000000,0.000000,0.000000,0.000000,0.000000
1778766157.825699,sequential_ik_elbow_then_wrist,0,0,-0.060449,0.134266,0.261378,0.004368,0.001986,0.522722,0.006164,-0.169381,0.247532,0.175822,0.004465,0.423583,0.099748,0.565986,0.315829,0.752320,0.000009,0.034320,0.002122,0.185208,0.000000,0.000000,0.000000,3.101813,-3.140000,-0.000000,-0.200000,0.012059,1.011310,0.000000,1.453121,0.000000,0.000000,0.000000,0.000000,0.000000,0.000000
1778766157.861943,sequential_ik_elbow_then_wrist,0,0,-0.068062,0.139872,0.256522,-0.006958,0.011148,0.520523,0.000534,-0.172710,0.245298,0.162756,0.000720,0.428617,0.096387,0.553234,0.310463,0.743797,0.000013,0.029095,0.003052,0.170568,0.000000,0.000000,0.000000,3.110978,-3.140000,-0.000000,-0.200000,0.013740,0.999414,0.000000,1.431191,0.000000,0.000000,0.000000,0.000000,0.000000,0.000000
1778766157.895403,sequential_ik_elbow_then_wrist,0,0,-0.071733,0.147298,0.251312,-0.015659,0.017193,0.515752,0.000336,-0.174873,0.243761,0.159681,-0.001166,0.429328,0.091930,0.542050,0.303199,0.736241,0.000006,0.027797,0.002006,0.166725,0.000000,0.000000,0.000000,3.117943,-3.140000,-0.000000,-0.200000,0.013356,0.987927,0.000000,1.415140,0.000000,0.000000,0.000000,0.000000,0.000000,0.000000
1778766157.930955,sequential_ik_elbow_then_wrist,0,0,-0.069227,0.150861,0.249897,-0.010067,0.020085,0.513332,-0.000938,-0.178277,0.241281,0.159950,-0.007191,0.427947,0.089789,0.536361,0.299647,0.732367,0.000007,0.027923,0.002162,0.167101,0.000000,0.000000,0.000000,3.123237,-3.140000,-0.000000,-0.200000,0.011331,0.976038,0.000000,1.404110,0.000000,0.000000,0.000000,0.000000,0.000000,0.000000
1778766157.972455,sequential_ik_elbow_then_wrist,0,0,-0.057226,0.152406,0.251987,0.011573,0.021606,0.513058,-0.003002,-0.179769,0.240154,0.162252,-0.008363,0.422667,0.088852,0.534360,0.298080,0.730999,0.000007,0.028829,0.002355,0.169779,0.000000,0.000000,0.000000,3.127260,-3.140000,-0.000000,-0.200000,0.007603,0.965118,0.000000,1.400317,0.000000,0.000000,0.000000,0.000000,0.000000,0.000000
1778766158.017695,sequential_ik_elbow_then_wrist,0,0,-0.031424,0.153902,0.255591,0.062378,0.023647,0.509036,-0.003216,-0.179145,0.240618,0.164458,-0.006269,0.419500,0.087933,0.532049,0.296535,0.729417,0.000002,0.029577,0.001425,0.171971,0.000000,0.000000,0.000000,3.130317,-3.140000,-0.000000,-0.200000,0.003379,0.956859,0.000000,1.401725,0.000000,0.000000,0.000000,0.000000,0.000000,0.000000
1778766158.056832,sequential_ik_elbow_then_wrist,0,0,0.015930,0.132324,0.268769,0.176130,-0.004158,0.482564,0.008747,-0.177931,0.241379,0.187950,0.007364,0.394847,0.100467,0.556126,0.316912,0.745739,0.000044,0.039220,0.006126,0.197909,0.000000,0.000000,0.000000,3.118662,-3.140000,-0.000000,-0.200000,0.006111,0.951456,0.000000,1.420061,0.000000,0.000000,0.000000,0.000000,0.000000,0.000000
1778766158.097803,sequential_ik_elbow_then_wrist,0,0,0.037456,0.122380,0.271330,0.224311,-0.023739,0.454999,0.015913,-0.177852,0.241072,0.201623,0.026861,0.357710,0.104186,0.542800,0.322579,0.736749,0.000069,0.046682,0.007724,0.215655,0.000000,0.000000,0.000000,3.082604,-3.140000,-0.000000,-0.200000,0.015677,0.947276,0.000000,1.465728,0.000000,0.000000,0.000000,0.000000,0.000000,0.000000
1778766158.134769,sequential_ik_elbow_then_wrist,0,0,0.049999,0.115416,0.272359,0.254017,-0.039893,0.428103,0.026573,-0.176457,0.241157,0.220400,0.035171,0.328590,0.105499,0.516385,0.324616,0.718599,0.000134,0.057615,0.010736,0.239759,0.000000,0.000000,0.000000,3.028502,-3.140000,-0.000000,-0.200000,0.033342,0.944288,0.000000,1.527851,0.000000,0.000000,0.000000,0.000000,0.000000,0.000000
1778766158.171371,sequential_ik_elbow_then_wrist,0,0,0.054897,0.114467,0.271815,0.262788,-0.044764,0.418196,0.018380,-0.175086,0.242913,0.206688,0.043486,0.325172,0.104427,0.492492,0.323058,0.701778,0.000004,0.051114,0.001695,0.226015,0.000000,0.000000,0.000000,2.968786,-3.140000,-0.000000,-0.200000,0.048284,0.943658,0.000000,1.588494,0.000000,0.000000,0.000000,0.000000,0.000000,0.000000
1778766158.218882,sequential_ik_elbow_then_wrist,0,0,0.068701,0.097962,0.275107,0.280855,-0.070298,0.404255,0.013324,-0.173910,0.244086,0.202005,0.053143,0.297440,0.109265,0.477681,0.330356,0.691144,0.000005,0.049607,0.002067,0.222462,0.000000,0.000000,0.000000,2.896108,-3.140000,-0.000000,-0.200000,0.057771,0.944795,0.000000,1.660625,0.000000,0.000000,0.000000,0.000000,0.000000,0.000000
1778766158.265465,sequential_ik_elbow_then_wrist,0,0,0.074132,0.075054,0.280840,0.298613,-0.101367,0.372949,0.035697,-0.172527,0.242817,0.233424,0.052642,0.257057,0.118129,0.449733,0.343468,0.670622,0.000169,0.068169,0.012094,0.260662,0.000000,0.000000,0.000000,2.810675,-3.140000,-0.000000,-0.200000,0.076398,0.944992,0.000000,1.751398,0.000000,0.000000,0.000000,0.000000,0.000000,0.000000
1778766158.305021,sequential_ik_elbow_then_wrist,0,0,0.080790,0.067173,0.281000,0.317636,-0.103235,0.350746,0.043764,-0.171664,0.242108,0.246203,0.049556,0.251061,0.118180,0.394827,0.343584,0.628352,0.000164,0.077436,0.011894,0.278189,0.000000,0.000000,0.000000,2.718369,-3.140000,-0.000000,-0.200000,0.101865,0.944234,0.000000,1.836911,0.000000,0.000000,0.000000,0.000000,0.000000,0.000000
1778766158.340080,sequential_ik_elbow_then_wrist,0,0,0.079178,0.067080,0.281480,0.321476,-0.099390,0.341309,0.042985,-0.171834,0.242126,0.244342,0.050460,0.248498,0.118295,0.362028,0.343883,0.601687,0.000049,0.077712,0.006503,0.278747,0.000000,0.000000,0.000000,2.633165,-3.140000,-0.000000,-0.200000,0.127438,0.943260,0.000000,1.910237,0.000000,0.000000,0.000000,0.000000,0.000000,0.000000
1778766158.372616,sequential_ik_elbow_then_wrist,0,0,0.081953,0.065779,0.280993,0.326582,-0.098205,0.338140,0.043122,-0.172393,0.241704,0.245845,0.048693,0.246636,0.117385,0.340980,0.342581,0.583935,0.000017,0.079544,0.003815,0.282029,0.000000,0.000000,0.000000,2.556815,-3.140000,-0.000000,-0.200000,0.150535,0.941930,0.000000,1.970648,0.000000,0.000000,0.000000,0.000000,0.000000,0.000000
1778766158.417319,sequential_ik_elbow_then_wrist,0,0,0.081685,0.066738,0.280844,0.326198,-0.096961,0.339296,0.042645,-0.172689,0.241578,0.245024,0.048539,0.251621,0.117023,0.331951,0.342077,0.576152,0.000004,0.079441,0.001914,0.281852,0.000000,0.000000,0.000000,2.492861,-3.140000,-0.000000,-0.200000,0.169933,0.940630,0.000000,2.014349,0.000000,0.000000,0.000000,0.000000,0.000000,0.000000
1778766158.456469,sequential_ik_elbow_then_wrist,0,0,0.082920,0.072461,0.279059,0.320131,-0.093873,0.356927,0.034966,-0.162626,0.249660,0.242300,0.053631,0.265340,0.114195,0.340457,0.337928,0.583487,0.000028,0.078993,0.003767,0.281011,0.000000,0.000000,0.000000,2.444116,-3.140000,-0.000000,-0.200000,0.182858,0.948266,0.000000,2.035411,0.000000,0.000000,0.000000,0.000000,0.000000,0.000000
1778766158.496264,sequential_ik_elbow_then_wrist,0,0,0.080986,0.086640,0.275562,0.309463,-0.080321,0.375173,0.033771,-0.162491,0.249913,0.233431,0.059299,0.280656,0.109232,0.356030,0.330471,0.596682,0.000006,0.073213,0.002118,0.270484,0.000000,0.000000,0.000000,2.417987,-3.140000,-0.000000,-0.200000,0.190969,0.956324,0.000000,2.034320,0.000000,0.000000,0.000000,0.000000,0.000000,0.000000
1778766158.532995,sequential_ik_elbow_then_wrist,0,0,0.072539,0.116077,0.266953,0.291420,-0.052797,0.383456,0.037195,-0.167751,0.245919,0.231489,0.053159,0.304642,0.098910,0.376498,0.314256,0.613595,0.000005,0.070695,0.001444,0.265664,0.000000,0.000000,0.000000,2.427885,-3.140000,-0.000000,-0.200000,0.197278,0.958579,0.000000,2.007518,0.000000,0.000000,0.000000,0.000000,0.000000,0.000000
1778766158.572838,sequential_ik_elbow_then_wrist,0,0,0.049703,0.142825,0.259096,0.254124,-0.041246,0.378803,0.044045,-0.177270,0.237982,0.250626,0.032281,0.296402,0.091047,0.420805,0.301171,0.648695,0.000035,0.081595,0.004388,0.285629,0.000000,0.000000,0.000000,2.479852,-3.140000,-0.000000,-0.200000,0.204744,0.951138,0.000000,1.979188,0.000000,0.000000,0.000000,0.000000,0.000000,0.000000
1778766158.618036,sequential_ik_elbow_then_wrist,0,0,0.036321,0.182666,0.235189,0.213169,-0.013261,0.377798,0.050212,-0.192010,0.224969,0.255290,0.015879,0.293710,0.069593,0.437089,0.263171,0.661127,0.000078,0.082299,0.006181,0.286873,0.000000,0.000000,0.000000,2.563206,-3.140000,-0.000000,-0.200000,0.213525,0.930754,0.000000,1.953994,0.000000,0.000000,0.000000,0.000000,0.000000,0.000000
1778766158.658773,sequential_ik_elbow_then_wrist,0,0,-0.051573,0.253847,0.151334,0.016142,0.068187,0.377044,0.049224,-0.209943,0.208569,0.241807,-0.002140,0.307209,0.028865,0.378202,0.166991,0.614981,0.000103,0.069760,0.006788,0.264082,0.000000,0.000000,0.000000,2.701637,-3.140000,-0.000000,-0.200000,0.218801,0.897229,0.000000,1.923932,0.000000,0.000000,0.000000,0.000000,0.000000,0.000000
1778766158.696130,sequential_ik_elbow_then_wrist,0,0,-0.118147,0.273062,0.038452,-0.177944,0.144519,0.302840,-0.003344,-0.261198,0.147528,0.004101,-0.058552,0.368614,0.016313,0.293764,0.127722,0.542000,0.001614,0.000478,0.030320,0.020927,0.000000,0.000000,0.000000,2.806844,-3.140000,-0.000000,-0.200000,0.184363,0.821508,0.000000,1.885861,0.000000,0.000000,0.000000,0.000000,0.000000,0.000000
1778766158.741482,sequential_ik_elbow_then_wrist,0,0,-0.191298,0.230758,0.012492,-0.335498,0.128513,0.254880,-0.094480,-0.270011,0.090375,-0.224761,-0.092063,0.293750,0.041740,0.368483,0.204305,0.607028,0.002815,0.044529,0.038945,0.210945,0.000000,0.000000,0.000000,2.886801,-3.140000,-0.000000,-0.200000,0.087172,0.714648,0.000000,1.870326,0.000000,0.000000,0.000000,0.000000,0.000000,0.000000
1778766158.782769,sequential_ik_elbow_then_wrist,0,0,-0.206635,0.216581,-0.019864,-0.366628,0.157061,0.226834,-0.101646,-0.272397,0.073946,-0.234654,-0.129235,0.301571,0.049798,0.369781,0.223075,0.608096,0.000379,0.037108,0.013431,0.192408,0.000000,0.000000,0.000000,2.947569,-3.125666,-0.000000,-0.200000,-0.011118,0.610013,0.000000,1.836149,0.000000,0.000000,0.000000,0.000000,0.000000,0.000000
1778766158.826808,sequential_ik_elbow_then_wrist,0,0,-0.202694,0.213635,-0.057230,-0.427781,0.154903,0.132207,-0.089859,-0.275957,0.075983,-0.239412,-0.160920,0.309222,0.047960,0.412651,0.218586,0.642379,0.000006,0.035343,0.001646,0.187680,0.000000,0.000000,0.000000,2.993753,-3.082542,-0.000000,-0.200000,-0.084456,0.526307,0.000000,1.783932,0.000000,0.000000,0.000000,0.000000,0.000000,0.000000
1778766158.872654,sequential_ik_elbow_then_wrist,0,0,-0.152246,0.156000,-0.206119,-0.383442,0.237436,-0.379084,-0.127604,-0.270471,-0.023723,-0.320621,-0.233044,0.202869,0.031055,0.180143,0.168405,0.424432,0.001407,0.049520,0.025107,0.221929,0.000000,0.000000,0.000000,3.028852,-2.925177,-0.753600,-0.200000,-0.163070,0.399862,0.000000,1.705029,0.000000,0.000000,0.000000,0.000000,0.000000,0.000000
1778766158.916173,sequential_ik_elbow_then_wrist,0,0,-0.126560,0.136831,-0.235074,-0.338613,0.259771,-0.408045,-0.138877,-0.258786,-0.061177,-0.338689,-0.234960,0.161326,0.018061,0.128355,0.132173,0.358239,0.000517,0.044299,0.015171,0.210458,0.000000,0.000000,0.000000,3.055527,-2.747199,-1.326336,-0.189313,-0.237551,0.265875,0.000000,1.638944,0.000000,0.000000,0.000000,0.000000,0.000000,0.000000
1778766158.957726,sequential_ik_elbow_then_wrist,0,0,-0.115320,0.121179,-0.249032,-0.358079,0.242998,-0.376422,-0.166914,-0.225634,-0.105966,-0.375875,-0.285090,0.100917,0.014160,0.152817,0.118393,0.390365,0.000728,0.025980,0.018353,0.160270,0.000000,0.000000,0.000000,3.075801,-2.583216,-1.761615,-0.131259,-0.323121,0.126453,0.000000,1.547624,0.000000,0.000000,0.000000,0.000000,0.000000,0.000000
1778766159.003557,sequential_ik_elbow_then_wrist,0,0,-0.110119,0.127802,-0.248074,-0.348003,0.236694,-0.394884,-0.181330,-0.211664,-0.110987,-0.407762,-0.315131,0.056413,0.012616,0.140736,0.112315,0.375093,0.000188,0.015827,0.009698,0.124334,0.000000,0.000000,0.000000,3.091209,-2.455359,-2.092428,-0.071778,-0.408107,0.008578,0.000000,1.432191,0.000000,0.000000,0.000000,0.000000,0.000000,0.000000
1778766159.039461,sequential_ik_elbow_then_wrist,0,0,-0.086746,0.096900,-0.270343,-0.315044,0.140481,-0.460030,-0.117748,-0.109500,-0.253269,-0.395487,-0.183902,-0.338854,0.007917,0.114265,0.088380,0.337423,0.004648,0.057847,0.046798,0.222230,0.000000,0.000000,0.000000,3.102919,-2.333479,-2.343845,-0.075196,-0.488875,-0.198879,0.753600,1.123703,0.000000,0.000000,0.000000,0.000000,0.000000,0.000000
1778766159.080931,sequential_ik_elbow_then_wrist,0,0,-0.051754,0.090246,-0.281384,-0.275523,0.089869,-0.481202,-0.049223,-0.087886,-0.282583,-0.275376,-0.137178,-0.473436,0.002761,0.088152,0.052300,0.296685,0.001880,0.019307,0.031704,0.136075,0.000000,0.000000,0.000000,3.111818,-2.228593,-2.534922,-0.105149,-0.537502,-0.426370,1.326336,0.821776,0.000000,0.000000,0.000000,0.000000,0.000000,0.000000
1778766159.119390,sequential_ik_elbow_then_wrist,0,0,-0.007878,0.088251,-0.286618,-0.224825,0.075556,-0.493434,-0.018602,-0.071825,-0.290680,-0.215921,-0.096068,-0.515352,0.000072,0.060992,0.008231,0.246967,0.001206,0.015141,0.030989,0.122875,0.000000,0.000000,0.000000,3.118582,-2.143882,-2.680141,-0.127913,-0.562624,-0.634981,1.761615,0.576550,0.000000,0.000000,0.000000,0.000000,0.000000,0.000000
1778766159.162193,sequential_ik_elbow_then_wrist,0,0,-0.025215,0.088731,-0.285466,-0.256939,0.068769,-0.474954,-0.033000,-0.080625,-0.287072,-0.254870,-0.101640,-0.487902,0.000644,0.080751,0.025381,0.284167,0.000386,0.026880,0.019401,0.163952,0.000000,0.000000,0.000000,3.123722,-2.078836,-2.790507,-0.145214,-0.574633,-0.791342,2.092428,0.390178,0.000000,0.000000,0.000000,0.000000,0.000000,0.000000
1778766159.196910,sequential_ik_elbow_then_wrist,0,0,-0.023035,0.091407,-0.284805,-0.259880,0.069169,-0.467590,-0.027769,-0.086624,-0.285876,-0.238289,-0.107584,-0.498578,0.000539,0.084119,0.023205,0.290033,0.000584,0.022897,0.023857,0.151318,0.000000,0.000000,0.000000,3.127629,-2.030951,-2.874385,-0.158363,-0.574731,-0.907838,2.343845,0.248535,0.000000,0.000000,0.000000,0.000000,0.000000,0.000000
1778766159.240981,sequential_ik_elbow_then_wrist,0,0,-0.028742,0.090843,-0.284467,-0.243348,0.069353,-0.492991,-0.013110,-0.083378,-0.287882,-0.197942,-0.092366,-0.524010,0.000836,0.070519,0.028920,0.265553,0.000976,0.017550,0.030821,0.132373,0.000000,0.000000,0.000000,3.130598,-1.994640,-2.938133,-0.168356,-0.563699,-1.001745,2.534922,0.153486,0.000000,0.000000,0.000000,0.000000,0.000000,0.000000
1778766159.275415,sequential_ik_elbow_then_wrist,0,0,-0.032528,0.084555,-0.285994,-0.240513,0.066262,-0.501418,-0.002996,-0.084715,-0.287775,-0.184960,-0.086773,-0.526281,0.001075,0.067329,0.032745,0.259478,0.001347,0.017933,0.036317,0.133829,0.000000,0.000000,0.000000,3.132854,-1.963062,-2.986581,-0.175950,-0.542945,-1.075612,2.680141,0.092665,0.000000,0.000000,0.000000,0.000000,0.000000,0.000000
1778766159.312979,sequential_ik_elbow_then_wrist,0,0,-0.033777,0.082040,-0.286581,-0.249901,0.053064,-0.492616,-0.006543,-0.085122,-0.287596,-0.189844,-0.087364,-0.525074,0.001155,0.074439,0.033975,0.272835,0.000916,0.020981,0.029950,0.144816,0.000000,0.000000,0.000000,3.134569,-1.936547,-3.023402,-0.181722,-0.516911,-1.130184,2.790507,0.053713,0.000000,0.000000,0.000000,0.000000,0.000000,0.000000
1778766159.351272,sequential_ik_elbow_then_wrist,0,0,-0.051751,0.073942,-0.286102,-0.278708,0.027759,-0.476778,-0.009962,-0.089793,-0.286073,-0.211175,-0.096951,-0.508474,0.002720,0.094893,0.052104,0.308047,0.000671,0.028796,0.025534,0.169692,0.000000,0.000000,0.000000,3.135873,-1.911035,-3.051385,-0.186109,-0.487841,-1.166978,2.874385,0.021942,0.000000,0.000000,0.000000,0.000000,0.000000,0.000000
1778766159.398373,sequential_ik_elbow_then_wrist,0,0,-0.081208,0.065882,-0.281185,-0.306742,0.013208,-0.471867,-0.011061,-0.086620,-0.287010,-0.207777,-0.096039,-0.513315,0.006747,0.113063,0.082111,0.336248,0.000431,0.029343,0.020504,0.171285,0.000000,0.000000,0.000000,3.136863,-1.886227,-3.072653,-0.189443,-0.458090,-1.195029,2.938133,0.002954,0.000000,0.000000,0.000000,0.000000,0.000000,0.000000
1778766159.431389,sequential_ik_elbow_then_wrist,0,0,-0.102724,0.056917,-0.276058,-0.330869,-0.000745,-0.462136,-0.016559,-0.086142,-0.286889,-0.208779,-0.097337,-0.516946,0.010914,0.131180,0.104436,0.362187,0.000184,0.030278,0.013374,0.173990,0.000000,0.000000,0.000000,3.137616,-1.861220,-3.088816,-0.191977,-0.430423,-1.215198,2.986581,-0.006048,0.000000,0.000000,0.000000,0.000000,0.000000,0.000000
1778766159.480016,sequential_ik_elbow_then_wrist,0,0,-0.099913,0.054918,-0.277491,-0.324012,-0.005965,-0.467421,-0.014197,-0.091508,-0.285350,-0.201383,-0.095353,-0.519756,0.010297,0.125240,0.101469,0.353892,0.000239,0.029490,0.015189,0.171641,0.000000,0.000000,0.000000,3.138188,-1.839251,-3.101100,-0.193902,-0.403436,-1.227252,3.023402,0.000035,0.000000,0.000000,0.000000,0.000000,0.000000,0.000000
1778766159.519835,sequential_ik_elbow_then_wrist,0,0,-0.095984,0.055010,-0.278857,-0.314235,-0.007561,-0.474947,-0.016572,-0.090120,-0.285664,-0.205262,-0.092686,-0.518880,0.009479,0.117133,0.097362,0.342247,0.000120,0.032059,0.010794,0.179025,0.000000,0.000000,0.000000,3.138623,-1.821714,-3.110436,-0.195366,-0.378584,-1.235898,3.051385,0.012054,0.000000,0.000000,0.000000,0.000000,0.000000,0.000000
1778766159.556497,sequential_ik_elbow_then_wrist,0,0,-0.091847,0.055048,-0.280239,-0.308351,-0.008008,-0.478103,-0.016873,-0.092096,-0.285015,-0.204450,-0.094498,-0.519128,0.008660,0.112691,0.093061,0.335695,0.000095,0.032419,0.009587,0.180038,0.000000,0.000000,0.000000,3.138954,-1.808037,-3.117531,-0.196478,-0.355777,-1.240960,3.072653,0.026671,0.000000,0.000000,0.000000,0.000000,0.000000,0.000000
1778766159.603397,sequential_ik_elbow_then_wrist,0,0,-0.090972,0.053515,-0.280821,-0.304666,-0.010352,-0.481459,-0.016283,-0.094638,-0.284216,-0.202173,-0.097952,-0.519660,0.008492,0.109665,0.092151,0.331158,0.000090,0.032082,0.009322,0.179103,0.000000,0.000000,0.000000,3.139205,-1.796532,-3.122924,-0.197323,-0.334535,-1.242877,3.088816,0.042576,0.000000,0.000000,0.000000,0.000000,0.000000,0.000000
1778766262.087700,sequential_ik_elbow_then_wrist,0,0,-0.232487,0.020148,-0.188531,-0.385361,-0.112235,0.033064,-0.063170,-0.011256,-0.293058,-0.307240,-0.040888,-0.464964,0.066348,0.551125,0.257529,0.740510,0.003706,0.091089,0.058190,0.300592,0.000000,0.000000,0.000000,3.139396,-1.775260,-2.373422,-0.071659,-0.333240,-1.284635,3.101100,-0.010362,0.000000,0.000000,0.000000,0.000000,0.000000,0.000000
1778766262.124791,sequential_ik_elbow_then_wrist,0,0,-0.217557,0.026815,-0.204817,-0.356071,-0.114646,0.020578,-0.061359,-0.018600,-0.293068,-0.308132,-0.047910,-0.461128,0.056089,0.232235,0.236830,0.453972,0.002598,0.087659,0.050801,0.296064,0.000000,0.000000,0.000000,3.139541,-1.757762,-1.803801,0.411907,-0.341274,-1.320525,3.110436,-0.055875,0.000000,0.000000,0.000000,0.000000,0.000000,0.000000
1778766262.164258,sequential_ik_elbow_then_wrist,0,0,-0.222701,0.026483,-0.199256,-0.361067,-0.130126,0.015985,-0.062188,-0.023898,-0.292509,-0.308020,-0.048940,-0.462626,0.059423,0.140505,0.243769,0.368605,0.002321,0.083509,0.048018,0.288978,0.000000,0.000000,0.000000,3.139651,-1.744285,-1.370889,0.942810,-0.356126,-1.344385,3.117531,-0.090465,0.000000,0.000000,0.000000,0.000000,0.000000,0.000000
1778766262.773058,sequential_ik_elbow_then_wrist,0,0,-0.111590,0.075109,-0.268153,-0.330181,-0.020122,-0.450222,-0.048904,-0.086188,-0.283161,-0.245604,-0.113703,-0.507998,0.013164,0.323282,0.114243,0.567318,0.000462,0.034480,0.016104,0.185687,0.000000,0.000000,0.000000,3.139735,-1.759453,-1.795475,1.437137,-0.370556,-1.328479,3.122924,-0.115522,0.000000,0.000000,0.000000,0.000000,0.000000,0.000000
1778766262.810037,sequential_ik_elbow_then_wrist,0,0,-0.108732,0.074318,-0.269545,-0.321637,-0.013067,-0.461990,-0.045782,-0.092510,-0.281684,-0.239875,-0.116719,-0.509152,0.012277,0.317372,0.110777,0.563190,0.000051,0.031852,0.005508,0.178337,0.000000,0.000000,0.000000,3.139798,-1.776686,-2.118161,1.845824,-0.383136,-1.305600,3.127022,-0.117897,0.000000,0.000000,0.000000,0.000000,0.000000,0.000000
1778766262.846053,sequential_ik_elbow_then_wrist,0,0,-0.174352,0.063914,-0.235619,-0.391865,-0.108546,-0.121840,-0.060788,-0.068986,-0.285562,-0.280904,-0.089166,-0.488397,0.033563,0.180317,0.183202,0.424637,0.000583,0.049314,0.023621,0.222004,0.000000,0.000000,0.000000,3.139847,-1.790345,-2.363403,2.156427,-0.402516,-1.295033,3.130137,-0.132482,0.000000,0.000000,0.000000,0.000000,0.000000,0.000000
1778766262.894775,sequential_ik_elbow_then_wrist,0,0,-0.196295,0.061076,-0.218491,-0.401645,-0.108800,-0.080747,-0.069846,-0.061128,-0.285281,-0.294529,-0.073781,-0.483667,0.043931,0.179799,0.209597,0.424027,0.000973,0.053425,0.030771,0.231128,0.000000,0.000000,0.000000,3.139884,-1.802102,-2.549786,2.392484,-0.429376,-1.289417,3.132504,-0.148687,0.000000,0.000000,0.000000,0.000000,0.000000,0.000000
1778766262.935713,sequential_ik_elbow_then_wrist,0,0,-0.209360,0.052923,-0.208249,-0.407289,-0.113202,-0.055847,-0.077820,-0.053900,-0.284673,-0.311316,-0.058041,-0.472989,0.051133,0.167672,0.226123,0.408189,0.001348,0.059224,0.036253,0.243359,0.000000,0.000000,0.000000,3.139911,-1.807684,-1.937837,2.493972,-0.463806,-1.285776,3.134303,-0.161002,0.000000,0.000000,0.000000,0.000000,0.000000,0.000000
1778766262.976288,sequential_ik_elbow_then_wrist,0,0,-0.213485,0.054646,-0.203563,-0.401866,-0.113709,-0.041794,-0.081698,-0.053408,-0.283678,-0.313207,-0.058300,-0.474412,0.053591,0.161579,0.231497,0.401929,0.001234,0.053397,0.034655,0.231079,0.000000,0.000000,0.000000,3.139933,-1.812889,-1.472756,2.557629,-0.503655,-1.280693,3.135670,-0.170361,0.000000,0.000000,0.000000,0.000000,0.000000,0.000000
1778766263.009965,sequential_ik_elbow_then_wrist,0,0,-0.219552,0.055846,-0.196668,-0.421942,-0.114003,-0.054577,-0.081360,-0.059320,-0.282598,-0.302367,-0.079782,-0.484432,0.057394,0.177921,0.239569,0.421795,0.000725,0.038209,0.026468,0.195472,0.000000,0.000000,0.000000,3.139949,-1.819382,-1.119295,2.598419,-0.544989,-1.272462,3.136709,-0.177475,0.000000,0.000000,0.000000,0.000000,0.000000,0.000000
1778766263.044742,sequential_ik_elbow_then_wrist,0,0,-0.133866,0.064760,-0.260550,-0.334399,-0.028866,-0.463085,-0.051907,-0.099638,-0.278169,-0.237075,-0.111566,-0.513903,0.018952,0.328941,0.137653,0.572049,0.000368,0.016569,0.018377,0.128587,0.000000,0.000000,0.000000,3.139961,-1.819672,-1.604264,2.728398,-0.567946,-1.256169,3.137499,-0.168870,0.000000,0.000000,0.000000,0.000000,0.000000,0.000000
1778766263.076721,sequential_ik_elbow_then_wrist,0,0,-0.120718,0.072696,-0.264844,-0.307140,-0.002776,-0.487445,-0.046475,-0.104418,-0.277375,-0.232666,-0.118040,-0.512210,0.015250,0.332069,0.123483,0.576254,0.000437,0.017385,0.020422,0.131784,0.000000,0.000000,0.000000,3.139970,-1.822999,-1.972841,2.827183,-0.575108,-1.240451,3.138099,-0.152230,0.000000,0.000000,0.000000,0.000000,0.000000,0.000000
1778766263.122853,sequential_ik_elbow_then_wrist,0,0,-0.117230,0.077063,-0.265176,-0.301862,0.003802,-0.489996,-0.045282,-0.103852,-0.277785,-0.234088,-0.115669,-0.510621,0.014347,0.331356,0.119771,0.575636,0.000301,0.020498,0.016975,0.143146,0.000000,0.000000,0.000000,3.139978,-1.829002,-2.252959,2.902259,-0.571834,-1.228039,3.138556,-0.133012,0.000000,0.000000,0.000000,0.000000,0.000000,0.000000
1778766263.158490,sequential_ik_elbow_then_wrist,0,0,-0.114216,0.078308,-0.266125,-0.297169,0.003507,-0.491809,-0.041220,-0.105579,-0.277766,-0.227260,-0.113395,-0.512985,0.013587,0.330326,0.116562,0.574740,0.000310,0.021628,0.017206,0.147014,0.000000,0.000000,0.000000,3.139983,-1.835057,-2.465849,2.959317,-0.560483,-1.218492,3.138902,-0.109234,0.000000,0.000000,0.000000,0.000000,0.000000,0.000000
1778766263.194580,sequential_ik_elbow_then_wrist,0,0,-0.112468,0.079272,-0.266584,-0.297659,0.005670,-0.490832,-0.039020,-0.106120,-0.277878,-0.226457,-0.115292,-0.511936,0.013159,0.329677,0.114711,0.574175,0.000256,0.023367,0.015630,0.152851,0.000000,0.000000,0.000000,3.139987,-1.840552,-2.627645,3.002681,-0.543801,-1.211241,3.139166,-0.086704,0.000000,0.000000,0.000000,0.000000,0.000000,0.000000
1778766319.578310,sequential_ik_elbow_then_wrist,0,0,-0.074226,0.125293,-0.262283,-0.244952,0.123464,-0.508959,-0.022009,-0.062787,-0.292529,-0.197427,-0.081085,-0.535209,0.005896,0.334369,0.075840,0.578247,0.000363,0.020800,0.014380,0.144151,0.000000,0.000000,0.000000,3.139990,-1.873605,-2.750610,3.035637,-0.527552,-1.235528,3.139366,-0.080523,0.000000,0.000000,0.000000,0.000000,0.000000,0.000000
1778766319.614668,sequential_ik_elbow_then_wrist,0,0,-0.073225,0.126151,-0.262153,-0.243363,0.125359,-0.509241,-0.021156,-0.061583,-0.292848,-0.197322,-0.078035,-0.535118,0.005492,0.334365,0.074046,0.578243,0.000095,0.021718,0.009157,0.147282,0.000000,0.000000,0.000000,3.139993,-1.906158,-2.844064,3.060684,-0.512557,-1.261680,3.139518,-0.088123,0.000000,0.000000,0.000000,0.000000,0.000000,0.000000
1778766319.660908,sequential_ik_elbow_then_wrist,0,0,-0.075020,0.123619,-0.262850,-0.245470,0.119989,-0.509697,-0.022789,-0.061081,-0.292831,-0.199532,-0.077975,-0.534650,0.005749,0.334548,0.075824,0.578401,0.000044,0.022620,0.006549,0.150380,0.000000,0.000000,0.000000,3.139994,-1.931042,-2.915088,3.079720,-0.499308,-1.283103,3.139634,-0.099649,0.000000,0.000000,0.000000,0.000000,0.000000,0.000000
1778766319.695199,sequential_ik_elbow_then_wrist,0,0,-0.075677,0.123429,-0.262751,-0.246936,0.118912,-0.509023,-0.024458,-0.060608,-0.292794,-0.200916,-0.077920,-0.534792,0.005852,0.334326,0.076497,0.578210,0.000020,0.023212,0.004478,0.152354,0.000000,0.000000,0.000000,3.139996,-1.949907,-2.969067,3.094187,-0.487982,-1.299526,3.139722,-0.110023,0.000000,0.000000,0.000000,0.000000,0.000000,0.000000
1778766319.741659,sequential_ik_elbow_then_wrist,0,0,-0.077434,0.122742,-0.262561,-0.250293,0.117641,-0.507701,-0.024745,-0.060496,-0.292793,-0.212633,-0.074710,-0.526237,0.006131,0.334351,0.078299,0.578231,0.000015,0.027757,0.003875,0.166599,0.000000,0.000000,0.000000,3.139997,-1.963890,-3.010091,3.105182,-0.478288,-1.312012,3.139788,-0.121395,0.000000,0.000000,0.000000,0.000000,0.000000,0.000000
1778766319.783792,sequential_ik_elbow_then_wrist,0,0,-0.079009,0.121883,-0.262492,-0.252953,0.115766,-0.506840,-0.026129,-0.060419,-0.292689,-0.220440,-0.073954,-0.520856,0.006386,0.334378,0.079915,0.578254,0.000006,0.030738,0.002412,0.175316,0.000000,0.000000,0.000000,3.139998,-1.973959,-3.041269,3.113539,-0.470242,-1.321163,3.139839,-0.133290,0.000000,0.000000,0.000000,0.000000,0.000000,0.000000
1778766319.820130,sequential_ik_elbow_then_wrist,0,0,-0.080667,0.120001,-0.262855,-0.256650,0.112351,-0.505695,-0.033487,-0.060136,-0.291997,-0.233390,-0.074561,-0.515225,0.006662,0.334324,0.081618,0.578207,0.000018,0.034709,0.004087,0.186297,0.000000,0.000000,0.000000,3.139998,-1.980303,-3.064965,3.119889,-0.465292,-1.326185,3.139878,-0.146218,0.000000,0.000000,0.000000,0.000000,0.000000,0.000000
1778766319.861555,sequential_ik_elbow_then_wrist,0,0,-0.085370,0.118148,-0.262208,-0.265477,0.107332,-0.501884,-0.034798,-0.057090,-0.292455,-0.236134,-0.071836,-0.514370,0.007476,0.333990,0.086462,0.577919,0.000037,0.035638,0.006051,0.188777,0.000000,0.000000,0.000000,3.139999,-1.983908,-3.082973,3.124716,-0.463281,-1.330908,3.139907,-0.158864,0.000000,0.000000,0.000000,0.000000,0.000000,0.000000
1778766319.908079,sequential_ik_elbow_then_wrist,0,0,-0.085398,0.112932,-0.264487,-0.271115,0.099585,-0.499712,-0.050169,-0.058374,-0.289958,-0.258790,-0.074704,-0.504924,0.007484,0.333236,0.086494,0.577266,0.000323,0.041619,0.017710,0.204008,0.000000,0.000000,0.000000,3.139999,-1.982753,-3.096660,3.128384,-0.467157,-1.329410,3.139929,-0.168737,0.000000,0.000000,0.000000,0.000000,0.000000,0.000000
